profile_id,customer_id,normal_mean_tx_amount,normal_std_tx_amount,primary_device_id,normal_daily_frequency,normal_active_hours_start,normal_active_hours_end
BP-0,AUD-10000,5100.0,2550.0,DEV-10000,0.3333333333333333,7,23
BP-1,AUD-10001,5100.0,2550.0,DEV-10001,0.3333333333333333,7,23
BP-2,AUD-10002,4900.0,2450.0,DEV-10002,0.3333333333333333,7,23
BP-3,AUD-10003,2000.0,1000.0,DEV-10003,0.3333333333333333,7,23
BP-4,AUD-10004,1000.0,500.0,DEV-10004,0.3333333333333333,7,23
BP-5,AUD-10005,1100.0,550.0,DEV-10005,0.3333333333333333,7,23
BP-6,AUD-10006,4400.0,2200.0,DEV-10006,0.3333333333333333,7,23
BP-7,AUD-10007,3200.0,1600.0,DEV-10007,0.3333333333333333,7,23
BP-8,AUD-10008,4800.0,2400.0,DEV-10008,0.3333333333333333,7,23
BP-9,AUD-10009,1700.0,850.0,DEV-10009,0.3333333333333333,7,23
BP-10,AUD-10010,1400.0,700.0,DEV-10010,0.3333333333333333,7,23
BP-11,AUD-10011,5000.0,2500.0,DEV-10011,0.3333333333333333,7,23
BP-12,AUD-10012,3200.0,1600.0,DEV-10012,0.3333333333333333,7,23
BP-13,AUD-10013,3900.0,1950.0,DEV-10013,0.3333333333333333,7,23
BP-14,AUD-10014,2700.0,1350.0,DEV-10014,0.3333333333333333,7,23
BP-15,AUD-10015,3100.0,1550.0,DEV-10015,0.3333333333333333,7,23
BP-16,AUD-10016,5300.0,2650.0,DEV-10016,0.3333333333333333,7,23
BP-17,AUD-10017,4800.0,2400.0,DEV-10017,0.3333333333333333,7,23
BP-18,AUD-10018,1700.0,850.0,DEV-10018,0.3333333333333333,7,23
BP-19,AUD-10019,4200.0,2100.0,DEV-10019,0.3333333333333333,7,23
BP-20,AUD-10020,2000.0,1000.0,DEV-10020,0.3333333333333333,7,23
BP-21,AUD-10021,4500.0,2250.0,DEV-10021,0.3333333333333333,7,23
BP-22,AUD-10022,2200.0,1100.0,DEV-10022,0.3333333333333333,7,23
BP-23,AUD-10023,2600.0,1300.0,DEV-10023,0.3333333333333333,7,23
BP-24,AUD-10024,5900.0,2950.0,DEV-10024,0.3333333333333333,7,23
BP-25,AUD-10025,3200.0,1600.0,DEV-10025,0.3333333333333333,7,23
BP-26,AUD-10026,5400.0,2700.0,DEV-10026,0.3333333333333333,7,23
BP-27,AUD-10027,2900.0,1450.0,DEV-10027,0.3333333333333333,7,23
BP-28,AUD-10028,3800.0,1900.0,DEV-10028,0.3333333333333333,7,23
BP-29,AUD-10029,3800.0,1900.0,DEV-10029,0.3333333333333333,7,23
BP-30,AUD-10030,4800.0,2400.0,DEV-10030,0.3333333333333333,7,23
BP-31,AUD-10031,5200.0,2600.0,DEV-10031,0.3333333333333333,7,23
BP-32,AUD-10032,4400.0,2200.0,DEV-10032,0.3333333333333333,7,23
BP-33,AUD-10033,2300.0,1150.0,DEV-10033,0.3333333333333333,7,23
BP-34,AUD-10034,1000.0,500.0,DEV-10034,0.3333333333333333,7,23
BP-35,AUD-10035,3800.0,1900.0,DEV-10035,0.3333333333333333,7,23
BP-36,AUD-10036,4700.0,2350.0,DEV-10036,0.3333333333333333,7,23
BP-37,AUD-10037,2800.0,1400.0,DEV-10037,0.3333333333333333,7,23
BP-38,AUD-10038,2900.0,1450.0,DEV-10038,0.3333333333333333,7,23
BP-39,AUD-10039,2200.0,1100.0,DEV-10039,0.3333333333333333,7,23
BP-40,AUD-10040,3800.0,1900.0,DEV-10040,0.3333333333333333,7,23
BP-41,AUD-10041,1700.0,850.0,DEV-10041,0.3333333333333333,7,23
BP-42,AUD-10042,4400.0,2200.0,DEV-10042,0.3333333333333333,7,23
BP-43,AUD-10043,2800.0,1400.0,DEV-10043,0.3333333333333333,7,23
BP-44,AUD-10044,5300.0,2650.0,DEV-10044,0.3333333333333333,7,23
BP-45,AUD-10045,1800.0,900.0,DEV-10045,0.3333333333333333,7,23
BP-46,AUD-10046,4800.0,2400.0,DEV-10046,0.3333333333333333,7,23
BP-47,AUD-10047,5300.0,2650.0,DEV-10047,0.3333333333333333,7,23
BP-48,AUD-10048,4300.0,2150.0,DEV-10048,0.3333333333333333,7,23
BP-49,AUD-10049,5900.0,2950.0,DEV-10049,0.3333333333333333,7,23
BP-50,AUD-10050,5100.0,2550.0,DEV-10050,0.3333333333333333,7,23
BP-51,AUD-10051,5800.0,2900.0,DEV-10051,0.3333333333333333,7,23
BP-52,AUD-10052,4300.0,2150.0,DEV-10052,0.3333333333333333,7,23
BP-53,AUD-10053,6000.0,3000.0,DEV-10053,0.3333333333333333,7,23
BP-54,AUD-10054,3900.0,1950.0,DEV-10054,0.3333333333333333,7,23
BP-55,AUD-10055,2500.0,1250.0,DEV-10055,0.3333333333333333,7,23
BP-56,AUD-10056,1100.0,550.0,DEV-10056,0.3333333333333333,7,23
BP-57,AUD-10057,3400.0,1700.0,DEV-10057,0.3333333333333333,7,23
BP-58,AUD-10058,4200.0,2100.0,DEV-10058,0.3333333333333333,7,23
BP-59,AUD-10059,3600.0,1800.0,DEV-10059,0.3333333333333333,7,23
BP-60,AUD-10060,5800.0,2900.0,DEV-10060,0.3333333333333333,7,23
BP-61,AUD-10061,3400.0,1700.0,DEV-10061,0.3333333333333333,7,23
BP-62,AUD-10062,4000.0,2000.0,DEV-10062,0.3333333333333333,7,23
BP-63,AUD-10063,1800.0,900.0,DEV-10063,0.3333333333333333,7,23
BP-64,AUD-10064,4900.0,2450.0,DEV-10064,0.3333333333333333,7,23
BP-65,AUD-10065,2800.0,1400.0,DEV-10065,0.3333333333333333,7,23
BP-66,AUD-10066,5300.0,2650.0,DEV-10066,0.3333333333333333,7,23
BP-67,AUD-10067,4400.0,2200.0,DEV-10067,0.3333333333333333,7,23
BP-68,AUD-10068,1800.0,900.0,DEV-10068,0.3333333333333333,7,23
BP-69,AUD-10069,3500.0,1750.0,DEV-10069,0.3333333333333333,7,23
BP-70,AUD-10070,2100.0,1050.0,DEV-10070,0.3333333333333333,7,23
BP-71,AUD-10071,4700.0,2350.0,DEV-10071,0.3333333333333333,7,23
BP-72,AUD-10072,5100.0,2550.0,DEV-10072,0.3333333333333333,7,23
BP-73,AUD-10073,5400.0,2700.0,DEV-10073,0.3333333333333333,7,23
BP-74,AUD-10074,5800.0,2900.0,DEV-10074,0.3333333333333333,7,23
BP-75,AUD-10075,1300.0,650.0,DEV-10075,0.3333333333333333,7,23
BP-76,AUD-10076,3600.0,1800.0,DEV-10076,0.3333333333333333,7,23
BP-77,AUD-10077,2000.0,1000.0,DEV-10077,0.3333333333333333,7,23
BP-78,AUD-10078,5800.0,2900.0,DEV-10078,0.3333333333333333,7,23
BP-79,AUD-10079,4800.0,2400.0,DEV-10079,0.3333333333333333,7,23
BP-80,AUD-10080,3500.0,1750.0,DEV-10080,0.3333333333333333,7,23
BP-81,AUD-10081,1100.0,550.0,DEV-10081,0.3333333333333333,7,23
BP-82,AUD-10082,5700.0,2850.0,DEV-10082,0.3333333333333333,7,23
BP-83,AUD-10083,4800.0,2400.0,DEV-10083,0.3333333333333333,7,23
BP-84,AUD-10084,2200.0,1100.0,DEV-10084,0.3333333333333333,7,23
BP-85,AUD-10085,2300.0,1150.0,DEV-10085,0.3333333333333333,7,23
BP-86,AUD-10086,1700.0,850.0,DEV-10086,0.3333333333333333,7,23
BP-87,AUD-10087,3600.0,1800.0,DEV-10087,0.3333333333333333,7,23
BP-88,AUD-10088,3300.0,1650.0,DEV-10088,0.3333333333333333,7,23
BP-89,AUD-10089,3400.0,1700.0,DEV-10089,0.3333333333333333,7,23
BP-90,AUD-10090,4500.0,2250.0,DEV-10090,0.3333333333333333,7,23
BP-91,AUD-10091,1200.0,600.0,DEV-10091,0.3333333333333333,7,23
BP-92,AUD-10092,4600.0,2300.0,DEV-10092,0.3333333333333333,7,23
BP-93,AUD-10093,4300.0,2150.0,DEV-10093,0.3333333333333333,7,23
BP-94,AUD-10094,3500.0,1750.0,DEV-10094,0.3333333333333333,7,23
BP-95,AUD-10095,4200.0,2100.0,DEV-10095,0.3333333333333333,7,23
BP-96,AUD-10096,3800.0,1900.0,DEV-10096,0.3333333333333333,7,23
BP-97,AUD-10097,1500.0,750.0,DEV-10097,0.3333333333333333,7,23
BP-98,AUD-10098,4800.0,2400.0,DEV-10098,0.3333333333333333,7,23
BP-99,AUD-10099,4600.0,2300.0,DEV-10099,0.3333333333333333,7,23
BP-100,AUD-10100,1400.0,700.0,DEV-10100,0.3333333333333333,7,23
BP-101,AUD-10101,4000.0,2000.0,DEV-10101,0.3333333333333333,7,23
BP-102,AUD-10102,4700.0,2350.0,DEV-10102,0.3333333333333333,7,23
BP-103,AUD-10103,2700.0,1350.0,DEV-10103,0.3333333333333333,7,23
BP-104,AUD-10104,1200.0,600.0,DEV-10104,0.3333333333333333,7,23
BP-105,AUD-10105,4400.0,2200.0,DEV-10105,0.3333333333333333,7,23
BP-106,AUD-10106,4300.0,2150.0,DEV-10106,0.3333333333333333,7,23
BP-107,AUD-10107,2000.0,1000.0,DEV-10107,0.3333333333333333,7,23
BP-108,AUD-10108,2300.0,1150.0,DEV-10108,0.3333333333333333,7,23
BP-109,AUD-10109,5400.0,2700.0,DEV-10109,0.3333333333333333,7,23
BP-110,AUD-10110,2800.0,1400.0,DEV-10110,0.3333333333333333,7,23
BP-111,AUD-10111,2900.0,1450.0,DEV-10111,0.3333333333333333,7,23
BP-112,AUD-10112,3500.0,1750.0,DEV-10112,0.3333333333333333,7,23
BP-113,AUD-10113,3000.0,1500.0,DEV-10113,0.3333333333333333,7,23
BP-114,AUD-10114,2100.0,1050.0,DEV-10114,0.3333333333333333,7,23
BP-115,AUD-10115,1700.0,850.0,DEV-10115,0.3333333333333333,7,23
BP-116,AUD-10116,2100.0,1050.0,DEV-10116,0.3333333333333333,7,23
BP-117,AUD-10117,2700.0,1350.0,DEV-10117,0.3333333333333333,7,23
BP-118,AUD-10118,3900.0,1950.0,DEV-10118,0.3333333333333333,7,23
BP-119,AUD-10119,2000.0,1000.0,DEV-10119,0.3333333333333333,7,23
BP-120,AUD-10120,1700.0,850.0,DEV-10120,0.3333333333333333,7,23
BP-121,AUD-10121,4200.0,2100.0,DEV-10121,0.3333333333333333,7,23
BP-122,AUD-10122,3800.0,1900.0,DEV-10122,0.3333333333333333,7,23
BP-123,AUD-10123,3300.0,1650.0,DEV-10123,0.3333333333333333,7,23
BP-124,AUD-10124,3700.0,1850.0,DEV-10124,0.3333333333333333,7,23
BP-125,AUD-10125,4300.0,2150.0,DEV-10125,0.3333333333333333,7,23
BP-126,AUD-10126,4700.0,2350.0,DEV-10126,0.3333333333333333,7,23
BP-127,AUD-10127,5900.0,2950.0,DEV-10127,0.3333333333333333,7,23
BP-128,AUD-10128,2500.0,1250.0,DEV-10128,0.3333333333333333,7,23
BP-129,AUD-10129,5000.0,2500.0,DEV-10129,0.3333333333333333,7,23
BP-130,AUD-10130,2100.0,1050.0,DEV-10130,0.3333333333333333,7,23
BP-131,AUD-10131,6000.0,3000.0,DEV-10131,0.3333333333333333,7,23
BP-132,AUD-10132,4400.0,2200.0,DEV-10132,0.3333333333333333,7,23
BP-133,AUD-10133,1000.0,500.0,DEV-10133,0.3333333333333333,7,23
BP-134,AUD-10134,4500.0,2250.0,DEV-10134,0.3333333333333333,7,23
BP-135,AUD-10135,1700.0,850.0,DEV-10135,0.3333333333333333,7,23
BP-136,AUD-10136,3700.0,1850.0,DEV-10136,0.3333333333333333,7,23
BP-137,AUD-10137,5400.0,2700.0,DEV-10137,0.3333333333333333,7,23
BP-138,AUD-10138,5300.0,2650.0,DEV-10138,0.3333333333333333,7,23
BP-139,AUD-10139,1500.0,750.0,DEV-10139,0.3333333333333333,7,23
BP-140,AUD-10140,1800.0,900.0,DEV-10140,0.3333333333333333,7,23
BP-141,AUD-10141,5000.0,2500.0,DEV-10141,0.3333333333333333,7,23
BP-142,AUD-10142,4500.0,2250.0,DEV-10142,0.3333333333333333,7,23
BP-143,AUD-10143,4300.0,2150.0,DEV-10143,0.3333333333333333,7,23
BP-144,AUD-10144,2400.0,1200.0,DEV-10144,0.3333333333333333,7,23
BP-145,AUD-10145,4200.0,2100.0,DEV-10145,0.3333333333333333,7,23
BP-146,AUD-10146,1300.0,650.0,DEV-10146,0.3333333333333333,7,23
BP-147,AUD-10147,4400.0,2200.0,DEV-10147,0.3333333333333333,7,23
BP-148,AUD-10148,5100.0,2550.0,DEV-10148,0.3333333333333333,7,23
BP-149,AUD-10149,1700.0,850.0,DEV-10149,0.3333333333333333,7,23
BP-150,AUD-10150,5100.0,2550.0,DEV-10150,0.3333333333333333,7,23
BP-151,AUD-10151,4100.0,2050.0,DEV-10151,0.3333333333333333,7,23
BP-152,AUD-10152,1500.0,750.0,DEV-10152,0.3333333333333333,7,23
BP-153,AUD-10153,2700.0,1350.0,DEV-10153,0.3333333333333333,7,23
BP-154,AUD-10154,2500.0,1250.0,DEV-10154,0.3333333333333333,7,23
BP-155,AUD-10155,2000.0,1000.0,DEV-10155,0.3333333333333333,7,23
BP-156,AUD-10156,2000.0,1000.0,DEV-10156,0.3333333333333333,7,23
BP-157,AUD-10157,3600.0,1800.0,DEV-10157,0.3333333333333333,7,23
BP-158,AUD-10158,2100.0,1050.0,DEV-10158,0.3333333333333333,7,23
BP-159,AUD-10159,5400.0,2700.0,DEV-10159,0.3333333333333333,7,23
BP-160,AUD-10160,5200.0,2600.0,DEV-10160,0.3333333333333333,7,23
BP-161,AUD-10161,5600.0,2800.0,DEV-10161,0.3333333333333333,7,23
BP-162,AUD-10162,5000.0,2500.0,DEV-10162,0.3333333333333333,7,23
BP-163,AUD-10163,1300.0,650.0,DEV-10163,0.3333333333333333,7,23
BP-164,AUD-10164,1800.0,900.0,DEV-10164,0.3333333333333333,7,23
BP-165,AUD-10165,5100.0,2550.0,DEV-10165,0.3333333333333333,7,23
BP-166,AUD-10166,3900.0,1950.0,DEV-10166,0.3333333333333333,7,23
BP-167,AUD-10167,2900.0,1450.0,DEV-10167,0.3333333333333333,7,23
BP-168,AUD-10168,5200.0,2600.0,DEV-10168,0.3333333333333333,7,23
BP-169,AUD-10169,1500.0,750.0,DEV-10169,0.3333333333333333,7,23
BP-170,AUD-10170,2600.0,1300.0,DEV-10170,0.3333333333333333,7,23
BP-171,AUD-10171,1200.0,600.0,DEV-10171,0.3333333333333333,7,23
BP-172,AUD-10172,3400.0,1700.0,DEV-10172,0.3333333333333333,7,23
BP-173,AUD-10173,5700.0,2850.0,DEV-10173,0.3333333333333333,7,23
BP-174,AUD-10174,3700.0,1850.0,DEV-10174,0.3333333333333333,7,23
BP-175,AUD-10175,2300.0,1150.0,DEV-10175,0.3333333333333333,7,23
BP-176,AUD-10176,2600.0,1300.0,DEV-10176,0.3333333333333333,7,23
BP-177,AUD-10177,3000.0,1500.0,DEV-10177,0.3333333333333333,7,23
BP-178,AUD-10178,5800.0,2900.0,DEV-10178,0.3333333333333333,7,23
BP-179,AUD-10179,2100.0,1050.0,DEV-10179,0.3333333333333333,7,23
BP-180,AUD-10180,5300.0,2650.0,DEV-10180,0.3333333333333333,7,23
BP-181,AUD-10181,5500.0,2750.0,DEV-10181,0.3333333333333333,7,23
BP-182,AUD-10182,5800.0,2900.0,DEV-10182,0.3333333333333333,7,23
BP-183,AUD-10183,4400.0,2200.0,DEV-10183,0.3333333333333333,7,23
BP-184,AUD-10184,3500.0,1750.0,DEV-10184,0.3333333333333333,7,23
BP-185,AUD-10185,1700.0,850.0,DEV-10185,0.3333333333333333,7,23
BP-186,AUD-10186,1900.0,950.0,DEV-10186,0.3333333333333333,7,23
BP-187,AUD-10187,2100.0,1050.0,DEV-10187,0.3333333333333333,7,23
BP-188,AUD-10188,3700.0,1850.0,DEV-10188,0.3333333333333333,7,23
BP-189,AUD-10189,4300.0,2150.0,DEV-10189,0.3333333333333333,7,23
BP-190,AUD-10190,1000.0,500.0,DEV-10190,0.3333333333333333,7,23
BP-191,AUD-10191,1400.0,700.0,DEV-10191,0.3333333333333333,7,23
BP-192,AUD-10192,1800.0,900.0,DEV-10192,0.3333333333333333,7,23
BP-193,AUD-10193,5200.0,2600.0,DEV-10193,0.3333333333333333,7,23
BP-194,AUD-10194,4600.0,2300.0,DEV-10194,0.3333333333333333,7,23
BP-195,AUD-10195,5300.0,2650.0,DEV-10195,0.3333333333333333,7,23
BP-196,AUD-10196,2500.0,1250.0,DEV-10196,0.3333333333333333,7,23
BP-197,AUD-10197,1800.0,900.0,DEV-10197,0.3333333333333333,7,23
BP-198,AUD-10198,1900.0,950.0,DEV-10198,0.3333333333333333,7,23
BP-199,AUD-10199,3300.0,1650.0,DEV-10199,0.3333333333333333,7,23
BP-200,AUD-10200,5100.0,2550.0,DEV-10200,0.3333333333333333,7,23
BP-201,AUD-10201,1300.0,650.0,DEV-10201,0.3333333333333333,7,23
BP-202,AUD-10202,4900.0,2450.0,DEV-10202,0.3333333333333333,7,23
BP-203,AUD-10203,4900.0,2450.0,DEV-10203,0.3333333333333333,7,23
BP-204,AUD-10204,3400.0,1700.0,DEV-10204,0.3333333333333333,7,23
BP-205,AUD-10205,3800.0,1900.0,DEV-10205,0.3333333333333333,7,23
BP-206,AUD-10206,3000.0,1500.0,DEV-10206,0.3333333333333333,7,23
BP-207,AUD-10207,2000.0,1000.0,DEV-10207,0.3333333333333333,7,23
BP-208,AUD-10208,3300.0,1650.0,DEV-10208,0.3333333333333333,7,23
BP-209,AUD-10209,3800.0,1900.0,DEV-10209,0.3333333333333333,7,23
BP-210,AUD-10210,1700.0,850.0,DEV-10210,0.3333333333333333,7,23
BP-211,AUD-10211,5800.0,2900.0,DEV-10211,0.3333333333333333,7,23
BP-212,AUD-10212,4800.0,2400.0,DEV-10212,0.3333333333333333,7,23
BP-213,AUD-10213,3900.0,1950.0,DEV-10213,0.3333333333333333,7,23
BP-214,AUD-10214,5200.0,2600.0,DEV-10214,0.3333333333333333,7,23
BP-215,AUD-10215,1400.0,700.0,DEV-10215,0.3333333333333333,7,23
BP-216,AUD-10216,3400.0,1700.0,DEV-10216,0.3333333333333333,7,23
BP-217,AUD-10217,1000.0,500.0,DEV-10217,0.3333333333333333,7,23
BP-218,AUD-10218,5200.0,2600.0,DEV-10218,0.3333333333333333,7,23
BP-219,AUD-10219,3900.0,1950.0,DEV-10219,0.3333333333333333,7,23
BP-220,AUD-10220,1400.0,700.0,DEV-10220,0.3333333333333333,7,23
BP-221,AUD-10221,4800.0,2400.0,DEV-10221,0.3333333333333333,7,23
BP-222,AUD-10222,4700.0,2350.0,DEV-10222,0.3333333333333333,7,23
BP-223,AUD-10223,1700.0,850.0,DEV-10223,0.3333333333333333,7,23
BP-224,AUD-10224,1400.0,700.0,DEV-10224,0.3333333333333333,7,23
BP-225,AUD-10225,5200.0,2600.0,DEV-10225,0.3333333333333333,7,23
BP-226,AUD-10226,2000.0,1000.0,DEV-10226,0.3333333333333333,7,23
BP-227,AUD-10227,3000.0,1500.0,DEV-10227,0.3333333333333333,7,23
BP-228,AUD-10228,2700.0,1350.0,DEV-10228,0.3333333333333333,7,23
BP-229,AUD-10229,5600.0,2800.0,DEV-10229,0.3333333333333333,7,23
BP-230,AUD-10230,4100.0,2050.0,DEV-10230,0.3333333333333333,7,23
BP-231,AUD-10231,1800.0,900.0,DEV-10231,0.3333333333333333,7,23
BP-232,AUD-10232,1700.0,850.0,DEV-10232,0.3333333333333333,7,23
BP-233,AUD-10233,2500.0,1250.0,DEV-10233,0.3333333333333333,7,23
BP-234,AUD-10234,3500.0,1750.0,DEV-10234,0.3333333333333333,7,23
BP-235,AUD-10235,1500.0,750.0,DEV-10235,0.3333333333333333,7,23
BP-236,AUD-10236,4200.0,2100.0,DEV-10236,0.3333333333333333,7,23
BP-237,AUD-10237,2100.0,1050.0,DEV-10237,0.3333333333333333,7,23
BP-238,AUD-10238,4300.0,2150.0,DEV-10238,0.3333333333333333,7,23
BP-239,AUD-10239,1600.0,800.0,DEV-10239,0.3333333333333333,7,23
BP-240,AUD-10240,6000.0,3000.0,DEV-10240,0.3333333333333333,7,23
BP-241,AUD-10241,1500.0,750.0,DEV-10241,0.3333333333333333,7,23
BP-242,AUD-10242,4900.0,2450.0,DEV-10242,0.3333333333333333,7,23
BP-243,AUD-10243,3400.0,1700.0,DEV-10243,0.3333333333333333,7,23
BP-244,AUD-10244,5300.0,2650.0,DEV-10244,0.3333333333333333,7,23
BP-245,AUD-10245,4900.0,2450.0,DEV-10245,0.3333333333333333,7,23
BP-246,AUD-10246,2700.0,1350.0,DEV-10246,0.3333333333333333,7,23
BP-247,AUD-10247,1500.0,750.0,DEV-10247,0.3333333333333333,7,23
BP-248,AUD-10248,5700.0,2850.0,DEV-10248,0.3333333333333333,7,23
BP-249,AUD-10249,1100.0,550.0,DEV-10249,0.3333333333333333,7,23
BP-250,AUD-10250,5400.0,2700.0,DEV-10250,0.3333333333333333,7,23
BP-251,AUD-10251,2300.0,1150.0,DEV-10251,0.3333333333333333,7,23
BP-252,AUD-10252,2700.0,1350.0,DEV-10252,0.3333333333333333,7,23
BP-253,AUD-10253,3600.0,1800.0,DEV-10253,0.3333333333333333,7,23
BP-254,AUD-10254,2300.0,1150.0,DEV-10254,0.3333333333333333,7,23
BP-255,AUD-10255,1900.0,950.0,DEV-10255,0.3333333333333333,7,23
BP-256,AUD-10256,4900.0,2450.0,DEV-10256,0.3333333333333333,7,23
BP-257,AUD-10257,4100.0,2050.0,DEV-10257,0.3333333333333333,7,23
BP-258,AUD-10258,4400.0,2200.0,DEV-10258,0.3333333333333333,7,23
BP-259,AUD-10259,3000.0,1500.0,DEV-10259,0.3333333333333333,7,23
BP-260,AUD-10260,2600.0,1300.0,DEV-10260,0.3333333333333333,7,23
BP-261,AUD-10261,1500.0,750.0,DEV-10261,0.3333333333333333,7,23
BP-262,AUD-10262,1700.0,850.0,DEV-10262,0.3333333333333333,7,23
BP-263,AUD-10263,2200.0,1100.0,DEV-10263,0.3333333333333333,7,23
BP-264,AUD-10264,1400.0,700.0,DEV-10264,0.3333333333333333,7,23
BP-265,AUD-10265,2800.0,1400.0,DEV-10265,0.3333333333333333,7,23
BP-266,AUD-10266,3000.0,1500.0,DEV-10266,0.3333333333333333,7,23
BP-267,AUD-10267,5000.0,2500.0,DEV-10267,0.3333333333333333,7,23
BP-268,AUD-10268,5400.0,2700.0,DEV-10268,0.3333333333333333,7,23
BP-269,AUD-10269,1200.0,600.0,DEV-10269,0.3333333333333333,7,23
BP-270,AUD-10270,3500.0,1750.0,DEV-10270,0.3333333333333333,7,23
BP-271,AUD-10271,1800.0,900.0,DEV-10271,0.3333333333333333,7,23
BP-272,AUD-10272,1600.0,800.0,DEV-10272,0.3333333333333333,7,23
BP-273,AUD-10273,2900.0,1450.0,DEV-10273,0.3333333333333333,7,23
BP-274,AUD-10274,3100.0,1550.0,DEV-10274,0.3333333333333333,7,23
BP-275,AUD-10275,4600.0,2300.0,DEV-10275,0.3333333333333333,7,23
BP-276,AUD-10276,4300.0,2150.0,DEV-10276,0.3333333333333333,7,23
BP-277,AUD-10277,5300.0,2650.0,DEV-10277,0.3333333333333333,7,23
BP-278,AUD-10278,5100.0,2550.0,DEV-10278,0.3333333333333333,7,23
BP-279,AUD-10279,3800.0,1900.0,DEV-10279,0.3333333333333333,7,23
BP-280,AUD-10280,1900.0,950.0,DEV-10280,0.3333333333333333,7,23
BP-281,AUD-10281,3700.0,1850.0,DEV-10281,0.3333333333333333,7,23
BP-282,AUD-10282,1000.0,500.0,DEV-10282,0.3333333333333333,7,23
BP-283,AUD-10283,4700.0,2350.0,DEV-10283,0.3333333333333333,7,23
BP-284,AUD-10284,1600.0,800.0,DEV-10284,0.3333333333333333,7,23
BP-285,AUD-10285,2800.0,1400.0,DEV-10285,0.3333333333333333,7,23
BP-286,AUD-10286,4800.0,2400.0,DEV-10286,0.3333333333333333,7,23
BP-287,AUD-10287,1400.0,700.0,DEV-10287,0.3333333333333333,7,23
BP-288,AUD-10288,4600.0,2300.0,DEV-10288,0.3333333333333333,7,23
BP-289,AUD-10289,2300.0,1150.0,DEV-10289,0.3333333333333333,7,23
BP-290,AUD-10290,5300.0,2650.0,DEV-10290,0.3333333333333333,7,23
BP-291,AUD-10291,4800.0,2400.0,DEV-10291,0.3333333333333333,7,23
BP-292,AUD-10292,5100.0,2550.0,DEV-10292,0.3333333333333333,7,23
BP-293,AUD-10293,3500.0,1750.0,DEV-10293,0.3333333333333333,7,23
BP-294,AUD-10294,5100.0,2550.0,DEV-10294,0.3333333333333333,7,23
BP-295,AUD-10295,1100.0,550.0,DEV-10295,0.3333333333333333,7,23
BP-296,AUD-10296,1800.0,900.0,DEV-10296,0.3333333333333333,7,23
BP-297,AUD-10297,1600.0,800.0,DEV-10297,0.3333333333333333,7,23
BP-298,AUD-10298,2300.0,1150.0,DEV-10298,0.3333333333333333,7,23
BP-299,AUD-10299,4300.0,2150.0,DEV-10299,0.3333333333333333,7,23
BP-300,AUD-10300,3400.0,1700.0,DEV-10300,0.3333333333333333,7,23
BP-301,AUD-10301,2700.0,1350.0,DEV-10301,0.3333333333333333,7,23
BP-302,AUD-10302,5700.0,2850.0,DEV-10302,0.3333333333333333,7,23
BP-303,AUD-10303,2500.0,1250.0,DEV-10303,0.3333333333333333,7,23
BP-304,AUD-10304,3200.0,1600.0,DEV-10304,0.3333333333333333,7,23
BP-305,AUD-10305,4400.0,2200.0,DEV-10305,0.3333333333333333,7,23
BP-306,AUD-10306,4200.0,2100.0,DEV-10306,0.3333333333333333,7,23
BP-307,AUD-10307,1500.0,750.0,DEV-10307,0.3333333333333333,7,23
BP-308,AUD-10308,3700.0,1850.0,DEV-10308,0.3333333333333333,7,23
BP-309,AUD-10309,3300.0,1650.0,DEV-10309,0.3333333333333333,7,23
BP-310,AUD-10310,6000.0,3000.0,DEV-10310,0.3333333333333333,7,23
BP-311,AUD-10311,5100.0,2550.0,DEV-10311,0.3333333333333333,7,23
BP-312,AUD-10312,5500.0,2750.0,DEV-10312,0.3333333333333333,7,23
BP-313,AUD-10313,4700.0,2350.0,DEV-10313,0.3333333333333333,7,23
BP-314,AUD-10314,1700.0,850.0,DEV-10314,0.3333333333333333,7,23
BP-315,AUD-10315,2900.0,1450.0,DEV-10315,0.3333333333333333,7,23
BP-316,AUD-10316,5200.0,2600.0,DEV-10316,0.3333333333333333,7,23
BP-317,AUD-10317,3800.0,1900.0,DEV-10317,0.3333333333333333,7,23
BP-318,AUD-10318,3900.0,1950.0,DEV-10318,0.3333333333333333,7,23
BP-319,AUD-10319,1100.0,550.0,DEV-10319,0.3333333333333333,7,23
BP-320,AUD-10320,1000.0,500.0,DEV-10320,0.3333333333333333,7,23
BP-321,AUD-10321,4800.0,2400.0,DEV-10321,0.3333333333333333,7,23
BP-322,AUD-10322,4200.0,2100.0,DEV-10322,0.3333333333333333,7,23
BP-323,AUD-10323,2100.0,1050.0,DEV-10323,0.3333333333333333,7,23
BP-324,AUD-10324,5000.0,2500.0,DEV-10324,0.3333333333333333,7,23
BP-325,AUD-10325,2500.0,1250.0,DEV-10325,0.3333333333333333,7,23
BP-326,AUD-10326,1100.0,550.0,DEV-10326,0.3333333333333333,7,23
BP-327,AUD-10327,2100.0,1050.0,DEV-10327,0.3333333333333333,7,23
BP-328,AUD-10328,3000.0,1500.0,DEV-10328,0.3333333333333333,7,23
BP-329,AUD-10329,1300.0,650.0,DEV-10329,0.3333333333333333,7,23
BP-330,AUD-10330,3000.0,1500.0,DEV-10330,0.3333333333333333,7,23
BP-331,AUD-10331,2600.0,1300.0,DEV-10331,0.3333333333333333,7,23
BP-332,AUD-10332,5000.0,2500.0,DEV-10332,0.3333333333333333,7,23
BP-333,AUD-10333,1700.0,850.0,DEV-10333,0.3333333333333333,7,23
BP-334,AUD-10334,1700.0,850.0,DEV-10334,0.3333333333333333,7,23
BP-335,AUD-10335,4600.0,2300.0,DEV-10335,0.3333333333333333,7,23
BP-336,AUD-10336,1400.0,700.0,DEV-10336,0.3333333333333333,7,23
BP-337,AUD-10337,3000.0,1500.0,DEV-10337,0.3333333333333333,7,23
BP-338,AUD-10338,5700.0,2850.0,DEV-10338,0.3333333333333333,7,23
BP-339,AUD-10339,4400.0,2200.0,DEV-10339,0.3333333333333333,7,23
BP-340,AUD-10340,1100.0,550.0,DEV-10340,0.3333333333333333,7,23
BP-341,AUD-10341,3900.0,1950.0,DEV-10341,0.3333333333333333,7,23
BP-342,AUD-10342,2800.0,1400.0,DEV-10342,0.3333333333333333,7,23
BP-343,AUD-10343,1700.0,850.0,DEV-10343,0.3333333333333333,7,23
BP-344,AUD-10344,1200.0,600.0,DEV-10344,0.3333333333333333,7,23
BP-345,AUD-10345,2200.0,1100.0,DEV-10345,0.3333333333333333,7,23
BP-346,AUD-10346,3100.0,1550.0,DEV-10346,0.3333333333333333,7,23
BP-347,AUD-10347,1700.0,850.0,DEV-10347,0.3333333333333333,7,23
BP-348,AUD-10348,3500.0,1750.0,DEV-10348,0.3333333333333333,7,23
BP-349,AUD-10349,4800.0,2400.0,DEV-10349,0.3333333333333333,7,23
BP-350,AUD-10350,5500.0,2750.0,DEV-10350,0.3333333333333333,7,23
BP-351,AUD-10351,3000.0,1500.0,DEV-10351,0.3333333333333333,7,23
BP-352,AUD-10352,3800.0,1900.0,DEV-10352,0.3333333333333333,7,23
BP-353,AUD-10353,4600.0,2300.0,DEV-10353,0.3333333333333333,7,23
BP-354,AUD-10354,4600.0,2300.0,DEV-10354,0.3333333333333333,7,23
BP-355,AUD-10355,3000.0,1500.0,DEV-10355,0.3333333333333333,7,23
BP-356,AUD-10356,5700.0,2850.0,DEV-10356,0.3333333333333333,7,23
BP-357,AUD-10357,5500.0,2750.0,DEV-10357,0.3333333333333333,7,23
BP-358,AUD-10358,2300.0,1150.0,DEV-10358,0.3333333333333333,7,23
BP-359,AUD-10359,4200.0,2100.0,DEV-10359,0.3333333333333333,7,23
BP-360,AUD-10360,3900.0,1950.0,DEV-10360,0.3333333333333333,7,23
BP-361,AUD-10361,5500.0,2750.0,DEV-10361,0.3333333333333333,7,23
BP-362,AUD-10362,3400.0,1700.0,DEV-10362,0.3333333333333333,7,23
BP-363,AUD-10363,2000.0,1000.0,DEV-10363,0.3333333333333333,7,23
BP-364,AUD-10364,4500.0,2250.0,DEV-10364,0.3333333333333333,7,23
BP-365,AUD-10365,4700.0,2350.0,DEV-10365,0.3333333333333333,7,23
BP-366,AUD-10366,3600.0,1800.0,DEV-10366,0.3333333333333333,7,23
BP-367,AUD-10367,4500.0,2250.0,DEV-10367,0.3333333333333333,7,23
BP-368,AUD-10368,1100.0,550.0,DEV-10368,0.3333333333333333,7,23
BP-369,AUD-10369,4800.0,2400.0,DEV-10369,0.3333333333333333,7,23
BP-370,AUD-10370,3600.0,1800.0,DEV-10370,0.3333333333333333,7,23
BP-371,AUD-10371,5600.0,2800.0,DEV-10371,0.3333333333333333,7,23
BP-372,AUD-10372,3700.0,1850.0,DEV-10372,0.3333333333333333,7,23
BP-373,AUD-10373,4800.0,2400.0,DEV-10373,0.3333333333333333,7,23
BP-374,AUD-10374,2400.0,1200.0,DEV-10374,0.3333333333333333,7,23
BP-375,AUD-10375,1300.0,650.0,DEV-10375,0.3333333333333333,7,23
BP-376,AUD-10376,5400.0,2700.0,DEV-10376,0.3333333333333333,7,23
BP-377,AUD-10377,4200.0,2100.0,DEV-10377,0.3333333333333333,7,23
BP-378,AUD-10378,5600.0,2800.0,DEV-10378,0.3333333333333333,7,23
BP-379,AUD-10379,5500.0,2750.0,DEV-10379,0.3333333333333333,7,23
BP-380,AUD-10380,2800.0,1400.0,DEV-10380,0.3333333333333333,7,23
BP-381,AUD-10381,2400.0,1200.0,DEV-10381,0.3333333333333333,7,23
BP-382,AUD-10382,5700.0,2850.0,DEV-10382,0.3333333333333333,7,23
BP-383,AUD-10383,2900.0,1450.0,DEV-10383,0.3333333333333333,7,23
BP-384,AUD-10384,2000.0,1000.0,DEV-10384,0.3333333333333333,7,23
BP-385,AUD-10385,4300.0,2150.0,DEV-10385,0.3333333333333333,7,23
BP-386,AUD-10386,1900.0,950.0,DEV-10386,0.3333333333333333,7,23
BP-387,AUD-10387,3000.0,1500.0,DEV-10387,0.3333333333333333,7,23
BP-388,AUD-10388,5400.0,2700.0,DEV-10388,0.3333333333333333,7,23
BP-389,AUD-10389,1700.0,850.0,DEV-10389,0.3333333333333333,7,23
BP-390,AUD-10390,2400.0,1200.0,DEV-10390,0.3333333333333333,7,23
BP-391,AUD-10391,3900.0,1950.0,DEV-10391,0.3333333333333333,7,23
BP-392,AUD-10392,3600.0,1800.0,DEV-10392,0.3333333333333333,7,23
BP-393,AUD-10393,5100.0,2550.0,DEV-10393,0.3333333333333333,7,23
BP-394,AUD-10394,1800.0,900.0,DEV-10394,0.3333333333333333,7,23
BP-395,AUD-10395,5200.0,2600.0,DEV-10395,0.3333333333333333,7,23
BP-396,AUD-10396,3300.0,1650.0,DEV-10396,0.3333333333333333,7,23
BP-397,AUD-10397,1900.0,950.0,DEV-10397,0.3333333333333333,7,23
BP-398,AUD-10398,2700.0,1350.0,DEV-10398,0.3333333333333333,7,23
BP-399,AUD-10399,4900.0,2450.0,DEV-10399,0.3333333333333333,7,23
BP-400,AUD-10400,5000.0,2500.0,DEV-10400,0.3333333333333333,7,23
BP-401,AUD-10401,2900.0,1450.0,DEV-10401,0.3333333333333333,7,23
BP-402,AUD-10402,6000.0,3000.0,DEV-10402,0.3333333333333333,7,23
BP-403,AUD-10403,2400.0,1200.0,DEV-10403,0.3333333333333333,7,23
BP-404,AUD-10404,1800.0,900.0,DEV-10404,0.3333333333333333,7,23
BP-405,AUD-10405,5900.0,2950.0,DEV-10405,0.3333333333333333,7,23
BP-406,AUD-10406,2100.0,1050.0,DEV-10406,0.3333333333333333,7,23
BP-407,AUD-10407,1900.0,950.0,DEV-10407,0.3333333333333333,7,23
BP-408,AUD-10408,2500.0,1250.0,DEV-10408,0.3333333333333333,7,23
BP-409,AUD-10409,4700.0,2350.0,DEV-10409,0.3333333333333333,7,23
BP-410,AUD-10410,1100.0,550.0,DEV-10410,0.3333333333333333,7,23
BP-411,AUD-10411,1500.0,750.0,DEV-10411,0.3333333333333333,7,23
BP-412,AUD-10412,1200.0,600.0,DEV-10412,0.3333333333333333,7,23
BP-413,AUD-10413,5400.0,2700.0,DEV-10413,0.3333333333333333,7,23
BP-414,AUD-10414,5800.0,2900.0,DEV-10414,0.3333333333333333,7,23
BP-415,AUD-10415,4400.0,2200.0,DEV-10415,0.3333333333333333,7,23
BP-416,AUD-10416,1500.0,750.0,DEV-10416,0.3333333333333333,7,23
BP-417,AUD-10417,1600.0,800.0,DEV-10417,0.3333333333333333,7,23
BP-418,AUD-10418,3900.0,1950.0,DEV-10418,0.3333333333333333,7,23
BP-419,AUD-10419,3200.0,1600.0,DEV-10419,0.3333333333333333,7,23
BP-420,AUD-10420,1700.0,850.0,DEV-10420,0.3333333333333333,7,23
BP-421,AUD-10421,3000.0,1500.0,DEV-10421,0.3333333333333333,7,23
BP-422,AUD-10422,3000.0,1500.0,DEV-10422,0.3333333333333333,7,23
BP-423,AUD-10423,1100.0,550.0,DEV-10423,0.3333333333333333,7,23
BP-424,AUD-10424,3500.0,1750.0,DEV-10424,0.3333333333333333,7,23
BP-425,AUD-10425,1500.0,750.0,DEV-10425,0.3333333333333333,7,23
BP-426,AUD-10426,2300.0,1150.0,DEV-10426,0.3333333333333333,7,23
BP-427,AUD-10427,2100.0,1050.0,DEV-10427,0.3333333333333333,7,23
BP-428,AUD-10428,5400.0,2700.0,DEV-10428,0.3333333333333333,7,23
BP-429,AUD-10429,3600.0,1800.0,DEV-10429,0.3333333333333333,7,23
BP-430,AUD-10430,2300.0,1150.0,DEV-10430,0.3333333333333333,7,23
BP-431,AUD-10431,4700.0,2350.0,DEV-10431,0.3333333333333333,7,23
BP-432,AUD-10432,1800.0,900.0,DEV-10432,0.3333333333333333,7,23
BP-433,AUD-10433,5400.0,2700.0,DEV-10433,0.3333333333333333,7,23
BP-434,AUD-10434,3100.0,1550.0,DEV-10434,0.3333333333333333,7,23
BP-435,AUD-10435,3700.0,1850.0,DEV-10435,0.3333333333333333,7,23
BP-436,AUD-10436,3700.0,1850.0,DEV-10436,0.3333333333333333,7,23
BP-437,AUD-10437,1200.0,600.0,DEV-10437,0.3333333333333333,7,23
BP-438,AUD-10438,5900.0,2950.0,DEV-10438,0.3333333333333333,7,23
BP-439,AUD-10439,5100.0,2550.0,DEV-10439,0.3333333333333333,7,23
BP-440,AUD-10440,1300.0,650.0,DEV-10440,0.3333333333333333,7,23
BP-441,AUD-10441,4800.0,2400.0,DEV-10441,0.3333333333333333,7,23
BP-442,AUD-10442,1200.0,600.0,DEV-10442,0.3333333333333333,7,23
BP-443,AUD-10443,1700.0,850.0,DEV-10443,0.3333333333333333,7,23
BP-444,AUD-10444,5700.0,2850.0,DEV-10444,0.3333333333333333,7,23
BP-445,AUD-10445,3300.0,1650.0,DEV-10445,0.3333333333333333,7,23
BP-446,AUD-10446,4000.0,2000.0,DEV-10446,0.3333333333333333,7,23
BP-447,AUD-10447,5800.0,2900.0,DEV-10447,0.3333333333333333,7,23
BP-448,AUD-10448,5500.0,2750.0,DEV-10448,0.3333333333333333,7,23
BP-449,AUD-10449,4900.0,2450.0,DEV-10449,0.3333333333333333,7,23
BP-450,AUD-10450,5600.0,2800.0,DEV-10450,0.3333333333333333,7,23
BP-451,AUD-10451,5300.0,2650.0,DEV-10451,0.3333333333333333,7,23
BP-452,AUD-10452,5400.0,2700.0,DEV-10452,0.3333333333333333,7,23
BP-453,AUD-10453,1200.0,600.0,DEV-10453,0.3333333333333333,7,23
BP-454,AUD-10454,4000.0,2000.0,DEV-10454,0.3333333333333333,7,23
BP-455,AUD-10455,5000.0,2500.0,DEV-10455,0.3333333333333333,7,23
BP-456,AUD-10456,4900.0,2450.0,DEV-10456,0.3333333333333333,7,23
BP-457,AUD-10457,3400.0,1700.0,DEV-10457,0.3333333333333333,7,23
BP-458,AUD-10458,4600.0,2300.0,DEV-10458,0.3333333333333333,7,23
BP-459,AUD-10459,3400.0,1700.0,DEV-10459,0.3333333333333333,7,23
BP-460,AUD-10460,4800.0,2400.0,DEV-10460,0.3333333333333333,7,23
BP-461,AUD-10461,2800.0,1400.0,DEV-10461,0.3333333333333333,7,23
BP-462,AUD-10462,4400.0,2200.0,DEV-10462,0.3333333333333333,7,23
BP-463,AUD-10463,6000.0,3000.0,DEV-10463,0.3333333333333333,7,23
BP-464,AUD-10464,4900.0,2450.0,DEV-10464,0.3333333333333333,7,23
BP-465,AUD-10465,2300.0,1150.0,DEV-10465,0.3333333333333333,7,23
BP-466,AUD-10466,3100.0,1550.0,DEV-10466,0.3333333333333333,7,23
BP-467,AUD-10467,4200.0,2100.0,DEV-10467,0.3333333333333333,7,23
BP-468,AUD-10468,1100.0,550.0,DEV-10468,0.3333333333333333,7,23
BP-469,AUD-10469,2300.0,1150.0,DEV-10469,0.3333333333333333,7,23
BP-470,AUD-10470,4000.0,2000.0,DEV-10470,0.3333333333333333,7,23
BP-471,AUD-10471,5200.0,2600.0,DEV-10471,0.3333333333333333,7,23
BP-472,AUD-10472,3200.0,1600.0,DEV-10472,0.3333333333333333,7,23
BP-473,AUD-10473,2300.0,1150.0,DEV-10473,0.3333333333333333,7,23
BP-474,AUD-10474,1500.0,750.0,DEV-10474,0.3333333333333333,7,23
BP-475,AUD-10475,2500.0,1250.0,DEV-10475,0.3333333333333333,7,23
BP-476,AUD-10476,1600.0,800.0,DEV-10476,0.3333333333333333,7,23
BP-477,AUD-10477,5600.0,2800.0,DEV-10477,0.3333333333333333,7,23
BP-478,AUD-10478,1300.0,650.0,DEV-10478,0.3333333333333333,7,23
BP-479,AUD-10479,5500.0,2750.0,DEV-10479,0.3333333333333333,7,23
BP-480,AUD-10480,3600.0,1800.0,DEV-10480,0.3333333333333333,7,23
BP-481,AUD-10481,1600.0,800.0,DEV-10481,0.3333333333333333,7,23
BP-482,AUD-10482,2600.0,1300.0,DEV-10482,0.3333333333333333,7,23
BP-483,AUD-10483,1200.0,600.0,DEV-10483,0.3333333333333333,7,23
BP-484,AUD-10484,5300.0,2650.0,DEV-10484,0.3333333333333333,7,23
BP-485,AUD-10485,4300.0,2150.0,DEV-10485,0.3333333333333333,7,23
BP-486,AUD-10486,4700.0,2350.0,DEV-10486,0.3333333333333333,7,23
BP-487,AUD-10487,4800.0,2400.0,DEV-10487,0.3333333333333333,7,23
BP-488,AUD-10488,2500.0,1250.0,DEV-10488,0.3333333333333333,7,23
BP-489,AUD-10489,4700.0,2350.0,DEV-10489,0.3333333333333333,7,23
BP-490,AUD-10490,2500.0,1250.0,DEV-10490,0.3333333333333333,7,23
BP-491,AUD-10491,3100.0,1550.0,DEV-10491,0.3333333333333333,7,23
BP-492,AUD-10492,4700.0,2350.0,DEV-10492,0.3333333333333333,7,23
BP-493,AUD-10493,2700.0,1350.0,DEV-10493,0.3333333333333333,7,23
BP-494,AUD-10494,4800.0,2400.0,DEV-10494,0.3333333333333333,7,23
BP-495,AUD-10495,3700.0,1850.0,DEV-10495,0.3333333333333333,7,23
BP-496,AUD-10496,4600.0,2300.0,DEV-10496,0.3333333333333333,7,23
BP-497,AUD-10497,1600.0,800.0,DEV-10497,0.3333333333333333,7,23
BP-498,AUD-10498,3200.0,1600.0,DEV-10498,0.3333333333333333,7,23
BP-499,AUD-10499,5600.0,2800.0,DEV-10499,0.3333333333333333,7,23
BP-500,AUD-10500,2200.0,1100.0,DEV-10500,0.3333333333333333,7,23
BP-501,AUD-10501,3700.0,1850.0,DEV-10501,0.3333333333333333,7,23
BP-502,AUD-10502,1300.0,650.0,DEV-10502,0.3333333333333333,7,23
BP-503,AUD-10503,4800.0,2400.0,DEV-10503,0.3333333333333333,7,23
BP-504,AUD-10504,5000.0,2500.0,DEV-10504,0.3333333333333333,7,23
BP-505,AUD-10505,1000.0,500.0,DEV-10505,0.3333333333333333,7,23
BP-506,AUD-10506,2100.0,1050.0,DEV-10506,0.3333333333333333,7,23
BP-507,AUD-10507,4400.0,2200.0,DEV-10507,0.3333333333333333,7,23
BP-508,AUD-10508,4400.0,2200.0,DEV-10508,0.3333333333333333,7,23
BP-509,AUD-10509,5800.0,2900.0,DEV-10509,0.3333333333333333,7,23
BP-510,AUD-10510,1400.0,700.0,DEV-10510,0.3333333333333333,7,23
BP-511,AUD-10511,1900.0,950.0,DEV-10511,0.3333333333333333,7,23
BP-512,AUD-10512,4800.0,2400.0,DEV-10512,0.3333333333333333,7,23
BP-513,AUD-10513,5600.0,2800.0,DEV-10513,0.3333333333333333,7,23
BP-514,AUD-10514,4100.0,2050.0,DEV-10514,0.3333333333333333,7,23
BP-515,AUD-10515,2000.0,1000.0,DEV-10515,0.3333333333333333,7,23
BP-516,AUD-10516,4900.0,2450.0,DEV-10516,0.3333333333333333,7,23
BP-517,AUD-10517,4500.0,2250.0,DEV-10517,0.3333333333333333,7,23
BP-518,AUD-10518,4500.0,2250.0,DEV-10518,0.3333333333333333,7,23
BP-519,AUD-10519,3000.0,1500.0,DEV-10519,0.3333333333333333,7,23
BP-520,AUD-10520,4100.0,2050.0,DEV-10520,0.3333333333333333,7,23
BP-521,AUD-10521,4000.0,2000.0,DEV-10521,0.3333333333333333,7,23
BP-522,AUD-10522,3200.0,1600.0,DEV-10522,0.3333333333333333,7,23
BP-523,AUD-10523,4300.0,2150.0,DEV-10523,0.3333333333333333,7,23
BP-524,AUD-10524,3600.0,1800.0,DEV-10524,0.3333333333333333,7,23
BP-525,AUD-10525,5000.0,2500.0,DEV-10525,0.3333333333333333,7,23
BP-526,AUD-10526,1500.0,750.0,DEV-10526,0.3333333333333333,7,23
BP-527,AUD-10527,4600.0,2300.0,DEV-10527,0.3333333333333333,7,23
BP-528,AUD-10528,1400.0,700.0,DEV-10528,0.3333333333333333,7,23
BP-529,AUD-10529,1300.0,650.0,DEV-10529,0.3333333333333333,7,23
BP-530,AUD-10530,6000.0,3000.0,DEV-10530,0.3333333333333333,7,23
BP-531,AUD-10531,1100.0,550.0,DEV-10531,0.3333333333333333,7,23
BP-532,AUD-10532,3600.0,1800.0,DEV-10532,0.3333333333333333,7,23
BP-533,AUD-10533,4300.0,2150.0,DEV-10533,0.3333333333333333,7,23
BP-534,AUD-10534,1500.0,750.0,DEV-10534,0.3333333333333333,7,23
BP-535,AUD-10535,5700.0,2850.0,DEV-10535,0.3333333333333333,7,23
BP-536,AUD-10536,1000.0,500.0,DEV-10536,0.3333333333333333,7,23
BP-537,AUD-10537,4300.0,2150.0,DEV-10537,0.3333333333333333,7,23
BP-538,AUD-10538,3800.0,1900.0,DEV-10538,0.3333333333333333,7,23
BP-539,AUD-10539,3000.0,1500.0,DEV-10539,0.3333333333333333,7,23
BP-540,AUD-10540,1100.0,550.0,DEV-10540,0.3333333333333333,7,23
BP-541,AUD-10541,5300.0,2650.0,DEV-10541,0.3333333333333333,7,23
BP-542,AUD-10542,1800.0,900.0,DEV-10542,0.3333333333333333,7,23
BP-543,AUD-10543,3300.0,1650.0,DEV-10543,0.3333333333333333,7,23
BP-544,AUD-10544,2800.0,1400.0,DEV-10544,0.3333333333333333,7,23
BP-545,AUD-10545,5900.0,2950.0,DEV-10545,0.3333333333333333,7,23
BP-546,AUD-10546,3700.0,1850.0,DEV-10546,0.3333333333333333,7,23
BP-547,AUD-10547,2100.0,1050.0,DEV-10547,0.3333333333333333,7,23
BP-548,AUD-10548,3500.0,1750.0,DEV-10548,0.3333333333333333,7,23
BP-549,AUD-10549,3600.0,1800.0,DEV-10549,0.3333333333333333,7,23
BP-550,AUD-10550,5200.0,2600.0,DEV-10550,0.3333333333333333,7,23
BP-551,AUD-10551,3600.0,1800.0,DEV-10551,0.3333333333333333,7,23
BP-552,AUD-10552,2400.0,1200.0,DEV-10552,0.3333333333333333,7,23
BP-553,AUD-10553,3600.0,1800.0,DEV-10553,0.3333333333333333,7,23
BP-554,AUD-10554,1100.0,550.0,DEV-10554,0.3333333333333333,7,23
BP-555,AUD-10555,3900.0,1950.0,DEV-10555,0.3333333333333333,7,23
BP-556,AUD-10556,1300.0,650.0,DEV-10556,0.3333333333333333,7,23
BP-557,AUD-10557,1200.0,600.0,DEV-10557,0.3333333333333333,7,23
BP-558,AUD-10558,1800.0,900.0,DEV-10558,0.3333333333333333,7,23
BP-559,AUD-10559,3600.0,1800.0,DEV-10559,0.3333333333333333,7,23
BP-560,AUD-10560,3600.0,1800.0,DEV-10560,0.3333333333333333,7,23
BP-561,AUD-10561,1500.0,750.0,DEV-10561,0.3333333333333333,7,23
BP-562,AUD-10562,5300.0,2650.0,DEV-10562,0.3333333333333333,7,23
BP-563,AUD-10563,4300.0,2150.0,DEV-10563,0.3333333333333333,7,23
BP-564,AUD-10564,2300.0,1150.0,DEV-10564,0.3333333333333333,7,23
BP-565,AUD-10565,4200.0,2100.0,DEV-10565,0.3333333333333333,7,23
BP-566,AUD-10566,2000.0,1000.0,DEV-10566,0.3333333333333333,7,23
BP-567,AUD-10567,2100.0,1050.0,DEV-10567,0.3333333333333333,7,23
BP-568,AUD-10568,4400.0,2200.0,DEV-10568,0.3333333333333333,7,23
BP-569,AUD-10569,5600.0,2800.0,DEV-10569,0.3333333333333333,7,23
BP-570,AUD-10570,2000.0,1000.0,DEV-10570,0.3333333333333333,7,23
BP-571,AUD-10571,3300.0,1650.0,DEV-10571,0.3333333333333333,7,23
BP-572,AUD-10572,5100.0,2550.0,DEV-10572,0.3333333333333333,7,23
BP-573,AUD-10573,5900.0,2950.0,DEV-10573,0.3333333333333333,7,23
BP-574,AUD-10574,3800.0,1900.0,DEV-10574,0.3333333333333333,7,23
BP-575,AUD-10575,1100.0,550.0,DEV-10575,0.3333333333333333,7,23
BP-576,AUD-10576,2600.0,1300.0,DEV-10576,0.3333333333333333,7,23
BP-577,AUD-10577,5600.0,2800.0,DEV-10577,0.3333333333333333,7,23
BP-578,AUD-10578,4300.0,2150.0,DEV-10578,0.3333333333333333,7,23
BP-579,AUD-10579,1700.0,850.0,DEV-10579,0.3333333333333333,7,23
BP-580,AUD-10580,2600.0,1300.0,DEV-10580,0.3333333333333333,7,23
BP-581,AUD-10581,5700.0,2850.0,DEV-10581,0.3333333333333333,7,23
BP-582,AUD-10582,1900.0,950.0,DEV-10582,0.3333333333333333,7,23
BP-583,AUD-10583,2400.0,1200.0,DEV-10583,0.3333333333333333,7,23
BP-584,AUD-10584,3100.0,1550.0,DEV-10584,0.3333333333333333,7,23
BP-585,AUD-10585,4400.0,2200.0,DEV-10585,0.3333333333333333,7,23
BP-586,AUD-10586,4200.0,2100.0,DEV-10586,0.3333333333333333,7,23
BP-587,AUD-10587,5500.0,2750.0,DEV-10587,0.3333333333333333,7,23
BP-588,AUD-10588,6000.0,3000.0,DEV-10588,0.3333333333333333,7,23
BP-589,AUD-10589,3700.0,1850.0,DEV-10589,0.3333333333333333,7,23
BP-590,AUD-10590,2100.0,1050.0,DEV-10590,0.3333333333333333,7,23
BP-591,AUD-10591,3000.0,1500.0,DEV-10591,0.3333333333333333,7,23
BP-592,AUD-10592,2300.0,1150.0,DEV-10592,0.3333333333333333,7,23
BP-593,AUD-10593,1300.0,650.0,DEV-10593,0.3333333333333333,7,23
BP-594,AUD-10594,5600.0,2800.0,DEV-10594,0.3333333333333333,7,23
BP-595,AUD-10595,3300.0,1650.0,DEV-10595,0.3333333333333333,7,23
BP-596,AUD-10596,1000.0,500.0,DEV-10596,0.3333333333333333,7,23
BP-597,AUD-10597,5900.0,2950.0,DEV-10597,0.3333333333333333,7,23
BP-598,AUD-10598,3400.0,1700.0,DEV-10598,0.3333333333333333,7,23
BP-599,AUD-10599,2600.0,1300.0,DEV-10599,0.3333333333333333,7,23
BP-600,AUD-10600,5700.0,2850.0,DEV-10600,0.3333333333333333,7,23
BP-601,AUD-10601,4100.0,2050.0,DEV-10601,0.3333333333333333,7,23
BP-602,AUD-10602,6000.0,3000.0,DEV-10602,0.3333333333333333,7,23
BP-603,AUD-10603,5700.0,2850.0,DEV-10603,0.3333333333333333,7,23
BP-604,AUD-10604,1800.0,900.0,DEV-10604,0.3333333333333333,7,23
BP-605,AUD-10605,2900.0,1450.0,DEV-10605,0.3333333333333333,7,23
BP-606,AUD-10606,2900.0,1450.0,DEV-10606,0.3333333333333333,7,23
BP-607,AUD-10607,2800.0,1400.0,DEV-10607,0.3333333333333333,7,23
BP-608,AUD-10608,1400.0,700.0,DEV-10608,0.3333333333333333,7,23
BP-609,AUD-10609,3400.0,1700.0,DEV-10609,0.3333333333333333,7,23
BP-610,AUD-10610,1700.0,850.0,DEV-10610,0.3333333333333333,7,23
BP-611,AUD-10611,5500.0,2750.0,DEV-10611,0.3333333333333333,7,23
BP-612,AUD-10612,2000.0,1000.0,DEV-10612,0.3333333333333333,7,23
BP-613,AUD-10613,1200.0,600.0,DEV-10613,0.3333333333333333,7,23
BP-614,AUD-10614,4200.0,2100.0,DEV-10614,0.3333333333333333,7,23
BP-615,AUD-10615,6000.0,3000.0,DEV-10615,0.3333333333333333,7,23
BP-616,AUD-10616,3800.0,1900.0,DEV-10616,0.3333333333333333,7,23
BP-617,AUD-10617,1100.0,550.0,DEV-10617,0.3333333333333333,7,23
BP-618,AUD-10618,4700.0,2350.0,DEV-10618,0.3333333333333333,7,23
BP-619,AUD-10619,4900.0,2450.0,DEV-10619,0.3333333333333333,7,23
BP-620,AUD-10620,6000.0,3000.0,DEV-10620,0.3333333333333333,7,23
BP-621,AUD-10621,5200.0,2600.0,DEV-10621,0.3333333333333333,7,23
BP-622,AUD-10622,1100.0,550.0,DEV-10622,0.3333333333333333,7,23
BP-623,AUD-10623,2600.0,1300.0,DEV-10623,0.3333333333333333,7,23
BP-624,AUD-10624,4700.0,2350.0,DEV-10624,0.3333333333333333,7,23
BP-625,AUD-10625,3400.0,1700.0,DEV-10625,0.3333333333333333,7,23
BP-626,AUD-10626,4100.0,2050.0,DEV-10626,0.3333333333333333,7,23
BP-627,AUD-10627,3300.0,1650.0,DEV-10627,0.3333333333333333,7,23
BP-628,AUD-10628,5400.0,2700.0,DEV-10628,0.3333333333333333,7,23
BP-629,AUD-10629,3800.0,1900.0,DEV-10629,0.3333333333333333,7,23
BP-630,AUD-10630,2000.0,1000.0,DEV-10630,0.3333333333333333,7,23
BP-631,AUD-10631,5300.0,2650.0,DEV-10631,0.3333333333333333,7,23
BP-632,AUD-10632,4100.0,2050.0,DEV-10632,0.3333333333333333,7,23
BP-633,AUD-10633,4000.0,2000.0,DEV-10633,0.3333333333333333,7,23
BP-634,AUD-10634,2700.0,1350.0,DEV-10634,0.3333333333333333,7,23
BP-635,AUD-10635,3100.0,1550.0,DEV-10635,0.3333333333333333,7,23
BP-636,AUD-10636,1500.0,750.0,DEV-10636,0.3333333333333333,7,23
BP-637,AUD-10637,5900.0,2950.0,DEV-10637,0.3333333333333333,7,23
BP-638,AUD-10638,5800.0,2900.0,DEV-10638,0.3333333333333333,7,23
BP-639,AUD-10639,3800.0,1900.0,DEV-10639,0.3333333333333333,7,23
BP-640,AUD-10640,1300.0,650.0,DEV-10640,0.3333333333333333,7,23
BP-641,AUD-10641,2400.0,1200.0,DEV-10641,0.3333333333333333,7,23
BP-642,AUD-10642,4400.0,2200.0,DEV-10642,0.3333333333333333,7,23
BP-643,AUD-10643,2100.0,1050.0,DEV-10643,0.3333333333333333,7,23
BP-644,AUD-10644,5500.0,2750.0,DEV-10644,0.3333333333333333,7,23
BP-645,AUD-10645,5900.0,2950.0,DEV-10645,0.3333333333333333,7,23
BP-646,AUD-10646,4300.0,2150.0,DEV-10646,0.3333333333333333,7,23
BP-647,AUD-10647,3800.0,1900.0,DEV-10647,0.3333333333333333,7,23
BP-648,AUD-10648,4100.0,2050.0,DEV-10648,0.3333333333333333,7,23
BP-649,AUD-10649,1900.0,950.0,DEV-10649,0.3333333333333333,7,23
BP-650,AUD-10650,1900.0,950.0,DEV-10650,0.3333333333333333,7,23
BP-651,AUD-10651,3100.0,1550.0,DEV-10651,0.3333333333333333,7,23
BP-652,AUD-10652,5500.0,2750.0,DEV-10652,0.3333333333333333,7,23
BP-653,AUD-10653,4400.0,2200.0,DEV-10653,0.3333333333333333,7,23
BP-654,AUD-10654,2400.0,1200.0,DEV-10654,0.3333333333333333,7,23
BP-655,AUD-10655,4200.0,2100.0,DEV-10655,0.3333333333333333,7,23
BP-656,AUD-10656,1400.0,700.0,DEV-10656,0.3333333333333333,7,23
BP-657,AUD-10657,1800.0,900.0,DEV-10657,0.3333333333333333,7,23
BP-658,AUD-10658,1700.0,850.0,DEV-10658,0.3333333333333333,7,23
BP-659,AUD-10659,3000.0,1500.0,DEV-10659,0.3333333333333333,7,23
BP-660,AUD-10660,2200.0,1100.0,DEV-10660,0.3333333333333333,7,23
BP-661,AUD-10661,2800.0,1400.0,DEV-10661,0.3333333333333333,7,23
BP-662,AUD-10662,5400.0,2700.0,DEV-10662,0.3333333333333333,7,23
BP-663,AUD-10663,5400.0,2700.0,DEV-10663,0.3333333333333333,7,23
BP-664,AUD-10664,2000.0,1000.0,DEV-10664,0.3333333333333333,7,23
BP-665,AUD-10665,5600.0,2800.0,DEV-10665,0.3333333333333333,7,23
BP-666,AUD-10666,5600.0,2800.0,DEV-10666,0.3333333333333333,7,23
BP-667,AUD-10667,2300.0,1150.0,DEV-10667,0.3333333333333333,7,23
BP-668,AUD-10668,2700.0,1350.0,DEV-10668,0.3333333333333333,7,23
BP-669,AUD-10669,2700.0,1350.0,DEV-10669,0.3333333333333333,7,23
BP-670,AUD-10670,5300.0,2650.0,DEV-10670,0.3333333333333333,7,23
BP-671,AUD-10671,2200.0,1100.0,DEV-10671,0.3333333333333333,7,23
BP-672,AUD-10672,4000.0,2000.0,DEV-10672,0.3333333333333333,7,23
BP-673,AUD-10673,3000.0,1500.0,DEV-10673,0.3333333333333333,7,23
BP-674,AUD-10674,1500.0,750.0,DEV-10674,0.3333333333333333,7,23
BP-675,AUD-10675,4600.0,2300.0,DEV-10675,0.3333333333333333,7,23
BP-676,AUD-10676,1500.0,750.0,DEV-10676,0.3333333333333333,7,23
BP-677,AUD-10677,4500.0,2250.0,DEV-10677,0.3333333333333333,7,23
BP-678,AUD-10678,1300.0,650.0,DEV-10678,0.3333333333333333,7,23
BP-679,AUD-10679,4400.0,2200.0,DEV-10679,0.3333333333333333,7,23
BP-680,AUD-10680,5500.0,2750.0,DEV-10680,0.3333333333333333,7,23
BP-681,AUD-10681,4800.0,2400.0,DEV-10681,0.3333333333333333,7,23
BP-682,AUD-10682,4300.0,2150.0,DEV-10682,0.3333333333333333,7,23
BP-683,AUD-10683,3900.0,1950.0,DEV-10683,0.3333333333333333,7,23
BP-684,AUD-10684,2500.0,1250.0,DEV-10684,0.3333333333333333,7,23
BP-685,AUD-10685,5100.0,2550.0,DEV-10685,0.3333333333333333,7,23
BP-686,AUD-10686,5800.0,2900.0,DEV-10686,0.3333333333333333,7,23
BP-687,AUD-10687,5900.0,2950.0,DEV-10687,0.3333333333333333,7,23
BP-688,AUD-10688,5700.0,2850.0,DEV-10688,0.3333333333333333,7,23
BP-689,AUD-10689,2900.0,1450.0,DEV-10689,0.3333333333333333,7,23
BP-690,AUD-10690,1700.0,850.0,DEV-10690,0.3333333333333333,7,23
BP-691,AUD-10691,4900.0,2450.0,DEV-10691,0.3333333333333333,7,23
BP-692,AUD-10692,3400.0,1700.0,DEV-10692,0.3333333333333333,7,23
BP-693,AUD-10693,4900.0,2450.0,DEV-10693,0.3333333333333333,7,23
BP-694,AUD-10694,2100.0,1050.0,DEV-10694,0.3333333333333333,7,23
BP-695,AUD-10695,2300.0,1150.0,DEV-10695,0.3333333333333333,7,23
BP-696,AUD-10696,1400.0,700.0,DEV-10696,0.3333333333333333,7,23
BP-697,AUD-10697,2100.0,1050.0,DEV-10697,0.3333333333333333,7,23
BP-698,AUD-10698,1700.0,850.0,DEV-10698,0.3333333333333333,7,23
BP-699,AUD-10699,3100.0,1550.0,DEV-10699,0.3333333333333333,7,23
BP-700,AUD-10700,4700.0,2350.0,DEV-10700,0.3333333333333333,7,23
BP-701,AUD-10701,5300.0,2650.0,DEV-10701,0.3333333333333333,7,23
BP-702,AUD-10702,1200.0,600.0,DEV-10702,0.3333333333333333,7,23
BP-703,AUD-10703,1200.0,600.0,DEV-10703,0.3333333333333333,7,23
BP-704,AUD-10704,3000.0,1500.0,DEV-10704,0.3333333333333333,7,23
BP-705,AUD-10705,3300.0,1650.0,DEV-10705,0.3333333333333333,7,23
BP-706,AUD-10706,4600.0,2300.0,DEV-10706,0.3333333333333333,7,23
BP-707,AUD-10707,1200.0,600.0,DEV-10707,0.3333333333333333,7,23
BP-708,AUD-10708,4400.0,2200.0,DEV-10708,0.3333333333333333,7,23
BP-709,AUD-10709,1100.0,550.0,DEV-10709,0.3333333333333333,7,23
BP-710,AUD-10710,3400.0,1700.0,DEV-10710,0.3333333333333333,7,23
BP-711,AUD-10711,3300.0,1650.0,DEV-10711,0.3333333333333333,7,23
BP-712,AUD-10712,3500.0,1750.0,DEV-10712,0.3333333333333333,7,23
BP-713,AUD-10713,2800.0,1400.0,DEV-10713,0.3333333333333333,7,23
BP-714,AUD-10714,5100.0,2550.0,DEV-10714,0.3333333333333333,7,23
BP-715,AUD-10715,2000.0,1000.0,DEV-10715,0.3333333333333333,7,23
BP-716,AUD-10716,3000.0,1500.0,DEV-10716,0.3333333333333333,7,23
BP-717,AUD-10717,4000.0,2000.0,DEV-10717,0.3333333333333333,7,23
BP-718,AUD-10718,4500.0,2250.0,DEV-10718,0.3333333333333333,7,23
BP-719,AUD-10719,4600.0,2300.0,DEV-10719,0.3333333333333333,7,23
BP-720,AUD-10720,3300.0,1650.0,DEV-10720,0.3333333333333333,7,23
BP-721,AUD-10721,5300.0,2650.0,DEV-10721,0.3333333333333333,7,23
BP-722,AUD-10722,5000.0,2500.0,DEV-10722,0.3333333333333333,7,23
BP-723,AUD-10723,4300.0,2150.0,DEV-10723,0.3333333333333333,7,23
BP-724,AUD-10724,3400.0,1700.0,DEV-10724,0.3333333333333333,7,23
BP-725,AUD-10725,5600.0,2800.0,DEV-10725,0.3333333333333333,7,23
BP-726,AUD-10726,4100.0,2050.0,DEV-10726,0.3333333333333333,7,23
BP-727,AUD-10727,3700.0,1850.0,DEV-10727,0.3333333333333333,7,23
BP-728,AUD-10728,1000.0,500.0,DEV-10728,0.3333333333333333,7,23
BP-729,AUD-10729,5300.0,2650.0,DEV-10729,0.3333333333333333,7,23
BP-730,AUD-10730,3100.0,1550.0,DEV-10730,0.3333333333333333,7,23
BP-731,AUD-10731,2200.0,1100.0,DEV-10731,0.3333333333333333,7,23
BP-732,AUD-10732,4600.0,2300.0,DEV-10732,0.3333333333333333,7,23
BP-733,AUD-10733,2600.0,1300.0,DEV-10733,0.3333333333333333,7,23
BP-734,AUD-10734,5700.0,2850.0,DEV-10734,0.3333333333333333,7,23
BP-735,AUD-10735,1100.0,550.0,DEV-10735,0.3333333333333333,7,23
BP-736,AUD-10736,4600.0,2300.0,DEV-10736,0.3333333333333333,7,23
BP-737,AUD-10737,3100.0,1550.0,DEV-10737,0.3333333333333333,7,23
BP-738,AUD-10738,5200.0,2600.0,DEV-10738,0.3333333333333333,7,23
BP-739,AUD-10739,1500.0,750.0,DEV-10739,0.3333333333333333,7,23
BP-740,AUD-10740,1000.0,500.0,DEV-10740,0.3333333333333333,7,23
BP-741,AUD-10741,5800.0,2900.0,DEV-10741,0.3333333333333333,7,23
BP-742,AUD-10742,3900.0,1950.0,DEV-10742,0.3333333333333333,7,23
BP-743,AUD-10743,3800.0,1900.0,DEV-10743,0.3333333333333333,7,23
BP-744,AUD-10744,3400.0,1700.0,DEV-10744,0.3333333333333333,7,23
BP-745,AUD-10745,2800.0,1400.0,DEV-10745,0.3333333333333333,7,23
BP-746,AUD-10746,1300.0,650.0,DEV-10746,0.3333333333333333,7,23
BP-747,AUD-10747,4600.0,2300.0,DEV-10747,0.3333333333333333,7,23
BP-748,AUD-10748,3500.0,1750.0,DEV-10748,0.3333333333333333,7,23
BP-749,AUD-10749,5100.0,2550.0,DEV-10749,0.3333333333333333,7,23
BP-750,AUD-10750,4500.0,2250.0,DEV-10750,0.3333333333333333,7,23
BP-751,AUD-10751,4700.0,2350.0,DEV-10751,0.3333333333333333,7,23
BP-752,AUD-10752,3700.0,1850.0,DEV-10752,0.3333333333333333,7,23
BP-753,AUD-10753,1900.0,950.0,DEV-10753,0.3333333333333333,7,23
BP-754,AUD-10754,1100.0,550.0,DEV-10754,0.3333333333333333,7,23
BP-755,AUD-10755,2300.0,1150.0,DEV-10755,0.3333333333333333,7,23
BP-756,AUD-10756,1200.0,600.0,DEV-10756,0.3333333333333333,7,23
BP-757,AUD-10757,2000.0,1000.0,DEV-10757,0.3333333333333333,7,23
BP-758,AUD-10758,4500.0,2250.0,DEV-10758,0.3333333333333333,7,23
BP-759,AUD-10759,4900.0,2450.0,DEV-10759,0.3333333333333333,7,23
BP-760,AUD-10760,3800.0,1900.0,DEV-10760,0.3333333333333333,7,23
BP-761,AUD-10761,5400.0,2700.0,DEV-10761,0.3333333333333333,7,23
BP-762,AUD-10762,4700.0,2350.0,DEV-10762,0.3333333333333333,7,23
BP-763,AUD-10763,3800.0,1900.0,DEV-10763,0.3333333333333333,7,23
BP-764,AUD-10764,5300.0,2650.0,DEV-10764,0.3333333333333333,7,23
BP-765,AUD-10765,2900.0,1450.0,DEV-10765,0.3333333333333333,7,23
BP-766,AUD-10766,5400.0,2700.0,DEV-10766,0.3333333333333333,7,23
BP-767,AUD-10767,4100.0,2050.0,DEV-10767,0.3333333333333333,7,23
BP-768,AUD-10768,5000.0,2500.0,DEV-10768,0.3333333333333333,7,23
BP-769,AUD-10769,4300.0,2150.0,DEV-10769,0.3333333333333333,7,23
BP-770,AUD-10770,5900.0,2950.0,DEV-10770,0.3333333333333333,7,23
BP-771,AUD-10771,5500.0,2750.0,DEV-10771,0.3333333333333333,7,23
BP-772,AUD-10772,1200.0,600.0,DEV-10772,0.3333333333333333,7,23
BP-773,AUD-10773,1900.0,950.0,DEV-10773,0.3333333333333333,7,23
BP-774,AUD-10774,3900.0,1950.0,DEV-10774,0.3333333333333333,7,23
BP-775,AUD-10775,2900.0,1450.0,DEV-10775,0.3333333333333333,7,23
BP-776,AUD-10776,5700.0,2850.0,DEV-10776,0.3333333333333333,7,23
BP-777,AUD-10777,1400.0,700.0,DEV-10777,0.3333333333333333,7,23
BP-778,AUD-10778,1600.0,800.0,DEV-10778,0.3333333333333333,7,23
BP-779,AUD-10779,4000.0,2000.0,DEV-10779,0.3333333333333333,7,23
BP-780,AUD-10780,4700.0,2350.0,DEV-10780,0.3333333333333333,7,23
BP-781,AUD-10781,3100.0,1550.0,DEV-10781,0.3333333333333333,7,23
BP-782,AUD-10782,1400.0,700.0,DEV-10782,0.3333333333333333,7,23
BP-783,AUD-10783,5700.0,2850.0,DEV-10783,0.3333333333333333,7,23
BP-784,AUD-10784,3100.0,1550.0,DEV-10784,0.3333333333333333,7,23
BP-785,AUD-10785,4900.0,2450.0,DEV-10785,0.3333333333333333,7,23
BP-786,AUD-10786,4000.0,2000.0,DEV-10786,0.3333333333333333,7,23
BP-787,AUD-10787,2800.0,1400.0,DEV-10787,0.3333333333333333,7,23
BP-788,AUD-10788,2000.0,1000.0,DEV-10788,0.3333333333333333,7,23
BP-789,AUD-10789,2500.0,1250.0,DEV-10789,0.3333333333333333,7,23
BP-790,AUD-10790,4300.0,2150.0,DEV-10790,0.3333333333333333,7,23
BP-791,AUD-10791,1200.0,600.0,DEV-10791,0.3333333333333333,7,23
BP-792,AUD-10792,2400.0,1200.0,DEV-10792,0.3333333333333333,7,23
BP-793,AUD-10793,5600.0,2800.0,DEV-10793,0.3333333333333333,7,23
BP-794,AUD-10794,6000.0,3000.0,DEV-10794,0.3333333333333333,7,23
BP-795,AUD-10795,6000.0,3000.0,DEV-10795,0.3333333333333333,7,23
BP-796,AUD-10796,3400.0,1700.0,DEV-10796,0.3333333333333333,7,23
BP-797,AUD-10797,2300.0,1150.0,DEV-10797,0.3333333333333333,7,23
BP-798,AUD-10798,3000.0,1500.0,DEV-10798,0.3333333333333333,7,23
BP-799,AUD-10799,4100.0,2050.0,DEV-10799,0.3333333333333333,7,23
BP-800,AUD-10800,1800.0,900.0,DEV-10800,0.3333333333333333,7,23
BP-801,AUD-10801,1800.0,900.0,DEV-10801,0.3333333333333333,7,23
BP-802,AUD-10802,4000.0,2000.0,DEV-10802,0.3333333333333333,7,23
BP-803,AUD-10803,3000.0,1500.0,DEV-10803,0.3333333333333333,7,23
BP-804,AUD-10804,5800.0,2900.0,DEV-10804,0.3333333333333333,7,23
BP-805,AUD-10805,2200.0,1100.0,DEV-10805,0.3333333333333333,7,23
BP-806,AUD-10806,1500.0,750.0,DEV-10806,0.3333333333333333,7,23
BP-807,AUD-10807,1400.0,700.0,DEV-10807,0.3333333333333333,7,23
BP-808,AUD-10808,2000.0,1000.0,DEV-10808,0.3333333333333333,7,23
BP-809,AUD-10809,4600.0,2300.0,DEV-10809,0.3333333333333333,7,23
BP-810,AUD-10810,1600.0,800.0,DEV-10810,0.3333333333333333,7,23
BP-811,AUD-10811,2300.0,1150.0,DEV-10811,0.3333333333333333,7,23
BP-812,AUD-10812,3600.0,1800.0,DEV-10812,0.3333333333333333,7,23
BP-813,AUD-10813,3000.0,1500.0,DEV-10813,0.3333333333333333,7,23
BP-814,AUD-10814,5700.0,2850.0,DEV-10814,0.3333333333333333,7,23
BP-815,AUD-10815,4000.0,2000.0,DEV-10815,0.3333333333333333,7,23
BP-816,AUD-10816,2500.0,1250.0,DEV-10816,0.3333333333333333,7,23
BP-817,AUD-10817,5900.0,2950.0,DEV-10817,0.3333333333333333,7,23
BP-818,AUD-10818,2900.0,1450.0,DEV-10818,0.3333333333333333,7,23
BP-819,AUD-10819,4100.0,2050.0,DEV-10819,0.3333333333333333,7,23
BP-820,AUD-10820,3200.0,1600.0,DEV-10820,0.3333333333333333,7,23
BP-821,AUD-10821,2300.0,1150.0,DEV-10821,0.3333333333333333,7,23
BP-822,AUD-10822,1400.0,700.0,DEV-10822,0.3333333333333333,7,23
BP-823,AUD-10823,2800.0,1400.0,DEV-10823,0.3333333333333333,7,23
BP-824,AUD-10824,4300.0,2150.0,DEV-10824,0.3333333333333333,7,23
BP-825,AUD-10825,2200.0,1100.0,DEV-10825,0.3333333333333333,7,23
BP-826,AUD-10826,4900.0,2450.0,DEV-10826,0.3333333333333333,7,23
BP-827,AUD-10827,5800.0,2900.0,DEV-10827,0.3333333333333333,7,23
BP-828,AUD-10828,2800.0,1400.0,DEV-10828,0.3333333333333333,7,23
BP-829,AUD-10829,4600.0,2300.0,DEV-10829,0.3333333333333333,7,23
BP-830,AUD-10830,1200.0,600.0,DEV-10830,0.3333333333333333,7,23
BP-831,AUD-10831,6000.0,3000.0,DEV-10831,0.3333333333333333,7,23
BP-832,AUD-10832,4200.0,2100.0,DEV-10832,0.3333333333333333,7,23
BP-833,AUD-10833,1600.0,800.0,DEV-10833,0.3333333333333333,7,23
BP-834,AUD-10834,3600.0,1800.0,DEV-10834,0.3333333333333333,7,23
BP-835,AUD-10835,5600.0,2800.0,DEV-10835,0.3333333333333333,7,23
BP-836,AUD-10836,5100.0,2550.0,DEV-10836,0.3333333333333333,7,23
BP-837,AUD-10837,3100.0,1550.0,DEV-10837,0.3333333333333333,7,23
BP-838,AUD-10838,1900.0,950.0,DEV-10838,0.3333333333333333,7,23
BP-839,AUD-10839,5700.0,2850.0,DEV-10839,0.3333333333333333,7,23
BP-840,AUD-10840,5300.0,2650.0,DEV-10840,0.3333333333333333,7,23
BP-841,AUD-10841,3200.0,1600.0,DEV-10841,0.3333333333333333,7,23
BP-842,AUD-10842,4100.0,2050.0,DEV-10842,0.3333333333333333,7,23
BP-843,AUD-10843,5100.0,2550.0,DEV-10843,0.3333333333333333,7,23
BP-844,AUD-10844,5800.0,2900.0,DEV-10844,0.3333333333333333,7,23
BP-845,AUD-10845,3600.0,1800.0,DEV-10845,0.3333333333333333,7,23
BP-846,AUD-10846,1700.0,850.0,DEV-10846,0.3333333333333333,7,23
BP-847,AUD-10847,3400.0,1700.0,DEV-10847,0.3333333333333333,7,23
BP-848,AUD-10848,5700.0,2850.0,DEV-10848,0.3333333333333333,7,23
BP-849,AUD-10849,5800.0,2900.0,DEV-10849,0.3333333333333333,7,23
BP-850,AUD-10850,1000.0,500.0,DEV-10850,0.3333333333333333,7,23
BP-851,AUD-10851,1200.0,600.0,DEV-10851,0.3333333333333333,7,23
BP-852,AUD-10852,2300.0,1150.0,DEV-10852,0.3333333333333333,7,23
BP-853,AUD-10853,2000.0,1000.0,DEV-10853,0.3333333333333333,7,23
BP-854,AUD-10854,4000.0,2000.0,DEV-10854,0.3333333333333333,7,23
BP-855,AUD-10855,5700.0,2850.0,DEV-10855,0.3333333333333333,7,23
BP-856,AUD-10856,5900.0,2950.0,DEV-10856,0.3333333333333333,7,23
BP-857,AUD-10857,2100.0,1050.0,DEV-10857,0.3333333333333333,7,23
BP-858,AUD-10858,5000.0,2500.0,DEV-10858,0.3333333333333333,7,23
BP-859,AUD-10859,5100.0,2550.0,DEV-10859,0.3333333333333333,7,23
BP-860,AUD-10860,5200.0,2600.0,DEV-10860,0.3333333333333333,7,23
BP-861,AUD-10861,2900.0,1450.0,DEV-10861,0.3333333333333333,7,23
BP-862,AUD-10862,4200.0,2100.0,DEV-10862,0.3333333333333333,7,23
BP-863,AUD-10863,6000.0,3000.0,DEV-10863,0.3333333333333333,7,23
BP-864,AUD-10864,2000.0,1000.0,DEV-10864,0.3333333333333333,7,23
BP-865,AUD-10865,2400.0,1200.0,DEV-10865,0.3333333333333333,7,23
BP-866,AUD-10866,4100.0,2050.0,DEV-10866,0.3333333333333333,7,23
BP-867,AUD-10867,2400.0,1200.0,DEV-10867,0.3333333333333333,7,23
BP-868,AUD-10868,3700.0,1850.0,DEV-10868,0.3333333333333333,7,23
BP-869,AUD-10869,5100.0,2550.0,DEV-10869,0.3333333333333333,7,23
BP-870,AUD-10870,4500.0,2250.0,DEV-10870,0.3333333333333333,7,23
BP-871,AUD-10871,2200.0,1100.0,DEV-10871,0.3333333333333333,7,23
BP-872,AUD-10872,1400.0,700.0,DEV-10872,0.3333333333333333,7,23
BP-873,AUD-10873,1100.0,550.0,DEV-10873,0.3333333333333333,7,23
BP-874,AUD-10874,1700.0,850.0,DEV-10874,0.3333333333333333,7,23
BP-875,AUD-10875,4000.0,2000.0,DEV-10875,0.3333333333333333,7,23
BP-876,AUD-10876,3200.0,1600.0,DEV-10876,0.3333333333333333,7,23
BP-877,AUD-10877,3500.0,1750.0,DEV-10877,0.3333333333333333,7,23
BP-878,AUD-10878,4200.0,2100.0,DEV-10878,0.3333333333333333,7,23
BP-879,AUD-10879,3400.0,1700.0,DEV-10879,0.3333333333333333,7,23
BP-880,AUD-10880,2400.0,1200.0,DEV-10880,0.3333333333333333,7,23
BP-881,AUD-10881,5500.0,2750.0,DEV-10881,0.3333333333333333,7,23
BP-882,AUD-10882,1800.0,900.0,DEV-10882,0.3333333333333333,7,23
BP-883,AUD-10883,5600.0,2800.0,DEV-10883,0.3333333333333333,7,23
BP-884,AUD-10884,3900.0,1950.0,DEV-10884,0.3333333333333333,7,23
BP-885,AUD-10885,5500.0,2750.0,DEV-10885,0.3333333333333333,7,23
BP-886,AUD-10886,3000.0,1500.0,DEV-10886,0.3333333333333333,7,23
BP-887,AUD-10887,1600.0,800.0,DEV-10887,0.3333333333333333,7,23
BP-888,AUD-10888,5800.0,2900.0,DEV-10888,0.3333333333333333,7,23
BP-889,AUD-10889,4900.0,2450.0,DEV-10889,0.3333333333333333,7,23
BP-890,AUD-10890,4600.0,2300.0,DEV-10890,0.3333333333333333,7,23
BP-891,AUD-10891,1000.0,500.0,DEV-10891,0.3333333333333333,7,23
BP-892,AUD-10892,4500.0,2250.0,DEV-10892,0.3333333333333333,7,23
BP-893,AUD-10893,1000.0,500.0,DEV-10893,0.3333333333333333,7,23
BP-894,AUD-10894,1600.0,800.0,DEV-10894,0.3333333333333333,7,23
BP-895,AUD-10895,1500.0,750.0,DEV-10895,0.3333333333333333,7,23
BP-896,AUD-10896,1400.0,700.0,DEV-10896,0.3333333333333333,7,23
BP-897,AUD-10897,2600.0,1300.0,DEV-10897,0.3333333333333333,7,23
BP-898,AUD-10898,3200.0,1600.0,DEV-10898,0.3333333333333333,7,23
BP-899,AUD-10899,1500.0,750.0,DEV-10899,0.3333333333333333,7,23
BP-900,AUD-10900,3800.0,1900.0,DEV-10900,0.3333333333333333,7,23
BP-901,AUD-10901,4000.0,2000.0,DEV-10901,0.3333333333333333,7,23
BP-902,AUD-10902,1800.0,900.0,DEV-10902,0.3333333333333333,7,23
BP-903,AUD-10903,3500.0,1750.0,DEV-10903,0.3333333333333333,7,23
BP-904,AUD-10904,3100.0,1550.0,DEV-10904,0.3333333333333333,7,23
BP-905,AUD-10905,4000.0,2000.0,DEV-10905,0.3333333333333333,7,23
BP-906,AUD-10906,2500.0,1250.0,DEV-10906,0.3333333333333333,7,23
BP-907,AUD-10907,1900.0,950.0,DEV-10907,0.3333333333333333,7,23
BP-908,AUD-10908,1100.0,550.0,DEV-10908,0.3333333333333333,7,23
BP-909,AUD-10909,1600.0,800.0,DEV-10909,0.3333333333333333,7,23
BP-910,AUD-10910,1600.0,800.0,DEV-10910,0.3333333333333333,7,23
BP-911,AUD-10911,3200.0,1600.0,DEV-10911,0.3333333333333333,7,23
BP-912,AUD-10912,5600.0,2800.0,DEV-10912,0.3333333333333333,7,23
BP-913,AUD-10913,4800.0,2400.0,DEV-10913,0.3333333333333333,7,23
BP-914,AUD-10914,1300.0,650.0,DEV-10914,0.3333333333333333,7,23
BP-915,AUD-10915,5900.0,2950.0,DEV-10915,0.3333333333333333,7,23
BP-916,AUD-10916,4500.0,2250.0,DEV-10916,0.3333333333333333,7,23
BP-917,AUD-10917,2100.0,1050.0,DEV-10917,0.3333333333333333,7,23
BP-918,AUD-10918,3500.0,1750.0,DEV-10918,0.3333333333333333,7,23
BP-919,AUD-10919,2800.0,1400.0,DEV-10919,0.3333333333333333,7,23
BP-920,AUD-10920,3300.0,1650.0,DEV-10920,0.3333333333333333,7,23
BP-921,AUD-10921,3700.0,1850.0,DEV-10921,0.3333333333333333,7,23
BP-922,AUD-10922,5600.0,2800.0,DEV-10922,0.3333333333333333,7,23
BP-923,AUD-10923,1100.0,550.0,DEV-10923,0.3333333333333333,7,23
BP-924,AUD-10924,2900.0,1450.0,DEV-10924,0.3333333333333333,7,23
BP-925,AUD-10925,3600.0,1800.0,DEV-10925,0.3333333333333333,7,23
BP-926,AUD-10926,2400.0,1200.0,DEV-10926,0.3333333333333333,7,23
BP-927,AUD-10927,2600.0,1300.0,DEV-10927,0.3333333333333333,7,23
BP-928,AUD-10928,3000.0,1500.0,DEV-10928,0.3333333333333333,7,23
BP-929,AUD-10929,2900.0,1450.0,DEV-10929,0.3333333333333333,7,23
BP-930,AUD-10930,2500.0,1250.0,DEV-10930,0.3333333333333333,7,23
BP-931,AUD-10931,1900.0,950.0,DEV-10931,0.3333333333333333,7,23
BP-932,AUD-10932,1500.0,750.0,DEV-10932,0.3333333333333333,7,23
BP-933,AUD-10933,3300.0,1650.0,DEV-10933,0.3333333333333333,7,23
BP-934,AUD-10934,5800.0,2900.0,DEV-10934,0.3333333333333333,7,23
BP-935,AUD-10935,3400.0,1700.0,DEV-10935,0.3333333333333333,7,23
BP-936,AUD-10936,4400.0,2200.0,DEV-10936,0.3333333333333333,7,23
BP-937,AUD-10937,1800.0,900.0,DEV-10937,0.3333333333333333,7,23
BP-938,AUD-10938,5500.0,2750.0,DEV-10938,0.3333333333333333,7,23
BP-939,AUD-10939,4100.0,2050.0,DEV-10939,0.3333333333333333,7,23
BP-940,AUD-10940,2400.0,1200.0,DEV-10940,0.3333333333333333,7,23
BP-941,AUD-10941,2200.0,1100.0,DEV-10941,0.3333333333333333,7,23
BP-942,AUD-10942,2600.0,1300.0,DEV-10942,0.3333333333333333,7,23
BP-943,AUD-10943,2600.0,1300.0,DEV-10943,0.3333333333333333,7,23
BP-944,AUD-10944,1700.0,850.0,DEV-10944,0.3333333333333333,7,23
BP-945,AUD-10945,1100.0,550.0,DEV-10945,0.3333333333333333,7,23
BP-946,AUD-10946,4300.0,2150.0,DEV-10946,0.3333333333333333,7,23
BP-947,AUD-10947,3300.0,1650.0,DEV-10947,0.3333333333333333,7,23
BP-948,AUD-10948,5600.0,2800.0,DEV-10948,0.3333333333333333,7,23
BP-949,AUD-10949,1300.0,650.0,DEV-10949,0.3333333333333333,7,23
BP-950,AUD-10950,2100.0,1050.0,DEV-10950,0.3333333333333333,7,23
BP-951,AUD-10951,2300.0,1150.0,DEV-10951,0.3333333333333333,7,23
BP-952,AUD-10952,6000.0,3000.0,DEV-10952,0.3333333333333333,7,23
BP-953,AUD-10953,1400.0,700.0,DEV-10953,0.3333333333333333,7,23
BP-954,AUD-10954,3600.0,1800.0,DEV-10954,0.3333333333333333,7,23
BP-955,AUD-10955,2800.0,1400.0,DEV-10955,0.3333333333333333,7,23
BP-956,AUD-10956,1400.0,700.0,DEV-10956,0.3333333333333333,7,23
BP-957,AUD-10957,3300.0,1650.0,DEV-10957,0.3333333333333333,7,23
BP-958,AUD-10958,2800.0,1400.0,DEV-10958,0.3333333333333333,7,23
BP-959,AUD-10959,4500.0,2250.0,DEV-10959,0.3333333333333333,7,23
BP-960,AUD-10960,1300.0,650.0,DEV-10960,0.3333333333333333,7,23
BP-961,AUD-10961,2100.0,1050.0,DEV-10961,0.3333333333333333,7,23
BP-962,AUD-10962,3100.0,1550.0,DEV-10962,0.3333333333333333,7,23
BP-963,AUD-10963,2700.0,1350.0,DEV-10963,0.3333333333333333,7,23
BP-964,AUD-10964,1900.0,950.0,DEV-10964,0.3333333333333333,7,23
BP-965,AUD-10965,4500.0,2250.0,DEV-10965,0.3333333333333333,7,23
BP-966,AUD-10966,5600.0,2800.0,DEV-10966,0.3333333333333333,7,23
BP-967,AUD-10967,1700.0,850.0,DEV-10967,0.3333333333333333,7,23
BP-968,AUD-10968,4700.0,2350.0,DEV-10968,0.3333333333333333,7,23
BP-969,AUD-10969,4300.0,2150.0,DEV-10969,0.3333333333333333,7,23
BP-970,AUD-10970,4800.0,2400.0,DEV-10970,0.3333333333333333,7,23
BP-971,AUD-10971,4700.0,2350.0,DEV-10971,0.3333333333333333,7,23
BP-972,AUD-10972,1000.0,500.0,DEV-10972,0.3333333333333333,7,23
BP-973,AUD-10973,4500.0,2250.0,DEV-10973,0.3333333333333333,7,23
BP-974,AUD-10974,2900.0,1450.0,DEV-10974,0.3333333333333333,7,23
BP-975,AUD-10975,3500.0,1750.0,DEV-10975,0.3333333333333333,7,23
BP-976,AUD-10976,3100.0,1550.0,DEV-10976,0.3333333333333333,7,23
BP-977,AUD-10977,4400.0,2200.0,DEV-10977,0.3333333333333333,7,23
BP-978,AUD-10978,2600.0,1300.0,DEV-10978,0.3333333333333333,7,23
BP-979,AUD-10979,5100.0,2550.0,DEV-10979,0.3333333333333333,7,23
BP-980,AUD-10980,2200.0,1100.0,DEV-10980,0.3333333333333333,7,23
BP-981,AUD-10981,1100.0,550.0,DEV-10981,0.3333333333333333,7,23
BP-982,AUD-10982,4400.0,2200.0,DEV-10982,0.3333333333333333,7,23
BP-983,AUD-10983,1800.0,900.0,DEV-10983,0.3333333333333333,7,23
BP-984,AUD-10984,1800.0,900.0,DEV-10984,0.3333333333333333,7,23
BP-985,AUD-10985,1300.0,650.0,DEV-10985,0.3333333333333333,7,23
BP-986,AUD-10986,5100.0,2550.0,DEV-10986,0.3333333333333333,7,23
BP-987,AUD-10987,5900.0,2950.0,DEV-10987,0.3333333333333333,7,23
BP-988,AUD-10988,1800.0,900.0,DEV-10988,0.3333333333333333,7,23
BP-989,AUD-10989,1600.0,800.0,DEV-10989,0.3333333333333333,7,23
BP-990,AUD-10990,5600.0,2800.0,DEV-10990,0.3333333333333333,7,23
BP-991,AUD-10991,2900.0,1450.0,DEV-10991,0.3333333333333333,7,23
BP-992,AUD-10992,4800.0,2400.0,DEV-10992,0.3333333333333333,7,23
BP-993,AUD-10993,4700.0,2350.0,DEV-10993,0.3333333333333333,7,23
BP-994,AUD-10994,5500.0,2750.0,DEV-10994,0.3333333333333333,7,23
BP-995,AUD-10995,1500.0,750.0,DEV-10995,0.3333333333333333,7,23
BP-996,AUD-10996,4400.0,2200.0,DEV-10996,0.3333333333333333,7,23
BP-997,AUD-10997,5100.0,2550.0,DEV-10997,0.3333333333333333,7,23
BP-998,AUD-10998,5400.0,2700.0,DEV-10998,0.3333333333333333,7,23
BP-999,AUD-10999,5700.0,2850.0,DEV-10999,0.3333333333333333,7,23
BP-1000,AUD-11000,2200.0,1100.0,DEV-11000,0.3333333333333333,7,23
BP-1001,AUD-11001,5200.0,2600.0,DEV-11001,0.3333333333333333,7,23
BP-1002,AUD-11002,1200.0,600.0,DEV-11002,0.3333333333333333,7,23
BP-1003,AUD-11003,3200.0,1600.0,DEV-11003,0.3333333333333333,7,23
BP-1004,AUD-11004,5400.0,2700.0,DEV-11004,0.3333333333333333,7,23
BP-1005,AUD-11005,2100.0,1050.0,DEV-11005,0.3333333333333333,7,23
BP-1006,AUD-11006,2500.0,1250.0,DEV-11006,0.3333333333333333,7,23
BP-1007,AUD-11007,3700.0,1850.0,DEV-11007,0.3333333333333333,7,23
BP-1008,AUD-11008,5800.0,2900.0,DEV-11008,0.3333333333333333,7,23
BP-1009,AUD-11009,2700.0,1350.0,DEV-11009,0.3333333333333333,7,23
BP-1010,AUD-11010,1600.0,800.0,DEV-11010,0.3333333333333333,7,23
BP-1011,AUD-11011,5500.0,2750.0,DEV-11011,0.3333333333333333,7,23
BP-1012,AUD-11012,2700.0,1350.0,DEV-11012,0.3333333333333333,7,23
BP-1013,AUD-11013,5600.0,2800.0,DEV-11013,0.3333333333333333,7,23
BP-1014,AUD-11014,3000.0,1500.0,DEV-11014,0.3333333333333333,7,23
BP-1015,AUD-11015,1700.0,850.0,DEV-11015,0.3333333333333333,7,23
BP-1016,AUD-11016,3400.0,1700.0,DEV-11016,0.3333333333333333,7,23
BP-1017,AUD-11017,2100.0,1050.0,DEV-11017,0.3333333333333333,7,23
BP-1018,AUD-11018,2800.0,1400.0,DEV-11018,0.3333333333333333,7,23
BP-1019,AUD-11019,1700.0,850.0,DEV-11019,0.3333333333333333,7,23
BP-1020,AUD-11020,3600.0,1800.0,DEV-11020,0.3333333333333333,7,23
BP-1021,AUD-11021,2700.0,1350.0,DEV-11021,0.3333333333333333,7,23
BP-1022,AUD-11022,3000.0,1500.0,DEV-11022,0.3333333333333333,7,23
BP-1023,AUD-11023,1300.0,650.0,DEV-11023,0.3333333333333333,7,23
BP-1024,AUD-11024,5100.0,2550.0,DEV-11024,0.3333333333333333,7,23
BP-1025,AUD-11025,1700.0,850.0,DEV-11025,0.3333333333333333,7,23
BP-1026,AUD-11026,2000.0,1000.0,DEV-11026,0.3333333333333333,7,23
BP-1027,AUD-11027,1700.0,850.0,DEV-11027,0.3333333333333333,7,23
BP-1028,AUD-11028,5300.0,2650.0,DEV-11028,0.3333333333333333,7,23
BP-1029,AUD-11029,4200.0,2100.0,DEV-11029,0.3333333333333333,7,23
BP-1030,AUD-11030,3800.0,1900.0,DEV-11030,0.3333333333333333,7,23
BP-1031,AUD-11031,5900.0,2950.0,DEV-11031,0.3333333333333333,7,23
BP-1032,AUD-11032,3600.0,1800.0,DEV-11032,0.3333333333333333,7,23
BP-1033,AUD-11033,5600.0,2800.0,DEV-11033,0.3333333333333333,7,23
BP-1034,AUD-11034,1200.0,600.0,DEV-11034,0.3333333333333333,7,23
BP-1035,AUD-11035,2000.0,1000.0,DEV-11035,0.3333333333333333,7,23
BP-1036,AUD-11036,1000.0,500.0,DEV-11036,0.3333333333333333,7,23
BP-1037,AUD-11037,2800.0,1400.0,DEV-11037,0.3333333333333333,7,23
BP-1038,AUD-11038,2600.0,1300.0,DEV-11038,0.3333333333333333,7,23
BP-1039,AUD-11039,5300.0,2650.0,DEV-11039,0.3333333333333333,7,23
BP-1040,AUD-11040,2500.0,1250.0,DEV-11040,0.3333333333333333,7,23
BP-1041,AUD-11041,3800.0,1900.0,DEV-11041,0.3333333333333333,7,23
BP-1042,AUD-11042,4400.0,2200.0,DEV-11042,0.3333333333333333,7,23
BP-1043,AUD-11043,5300.0,2650.0,DEV-11043,0.3333333333333333,7,23
BP-1044,AUD-11044,4200.0,2100.0,DEV-11044,0.3333333333333333,7,23
BP-1045,AUD-11045,4400.0,2200.0,DEV-11045,0.3333333333333333,7,23
BP-1046,AUD-11046,4500.0,2250.0,DEV-11046,0.3333333333333333,7,23
BP-1047,AUD-11047,3400.0,1700.0,DEV-11047,0.3333333333333333,7,23
BP-1048,AUD-11048,1100.0,550.0,DEV-11048,0.3333333333333333,7,23
BP-1049,AUD-11049,5400.0,2700.0,DEV-11049,0.3333333333333333,7,23
BP-1050,AUD-11050,2400.0,1200.0,DEV-11050,0.3333333333333333,7,23
BP-1051,AUD-11051,2000.0,1000.0,DEV-11051,0.3333333333333333,7,23
BP-1052,AUD-11052,1900.0,950.0,DEV-11052,0.3333333333333333,7,23
BP-1053,AUD-11053,1900.0,950.0,DEV-11053,0.3333333333333333,7,23
BP-1054,AUD-11054,3400.0,1700.0,DEV-11054,0.3333333333333333,7,23
BP-1055,AUD-11055,3300.0,1650.0,DEV-11055,0.3333333333333333,7,23
BP-1056,AUD-11056,5500.0,2750.0,DEV-11056,0.3333333333333333,7,23
BP-1057,AUD-11057,2200.0,1100.0,DEV-11057,0.3333333333333333,7,23
BP-1058,AUD-11058,3900.0,1950.0,DEV-11058,0.3333333333333333,7,23
BP-1059,AUD-11059,5500.0,2750.0,DEV-11059,0.3333333333333333,7,23
BP-1060,AUD-11060,4400.0,2200.0,DEV-11060,0.3333333333333333,7,23
BP-1061,AUD-11061,2100.0,1050.0,DEV-11061,0.3333333333333333,7,23
BP-1062,AUD-11062,2300.0,1150.0,DEV-11062,0.3333333333333333,7,23
BP-1063,AUD-11063,2600.0,1300.0,DEV-11063,0.3333333333333333,7,23
BP-1064,AUD-11064,5600.0,2800.0,DEV-11064,0.3333333333333333,7,23
BP-1065,AUD-11065,3400.0,1700.0,DEV-11065,0.3333333333333333,7,23
BP-1066,AUD-11066,3200.0,1600.0,DEV-11066,0.3333333333333333,7,23
BP-1067,AUD-11067,5700.0,2850.0,DEV-11067,0.3333333333333333,7,23
BP-1068,AUD-11068,1500.0,750.0,DEV-11068,0.3333333333333333,7,23
BP-1069,AUD-11069,5700.0,2850.0,DEV-11069,0.3333333333333333,7,23
BP-1070,AUD-11070,5800.0,2900.0,DEV-11070,0.3333333333333333,7,23
BP-1071,AUD-11071,1700.0,850.0,DEV-11071,0.3333333333333333,7,23
BP-1072,AUD-11072,3100.0,1550.0,DEV-11072,0.3333333333333333,7,23
BP-1073,AUD-11073,5200.0,2600.0,DEV-11073,0.3333333333333333,7,23
BP-1074,AUD-11074,1100.0,550.0,DEV-11074,0.3333333333333333,7,23
BP-1075,AUD-11075,2400.0,1200.0,DEV-11075,0.3333333333333333,7,23
BP-1076,AUD-11076,2900.0,1450.0,DEV-11076,0.3333333333333333,7,23
BP-1077,AUD-11077,2000.0,1000.0,DEV-11077,0.3333333333333333,7,23
BP-1078,AUD-11078,3300.0,1650.0,DEV-11078,0.3333333333333333,7,23
BP-1079,AUD-11079,6000.0,3000.0,DEV-11079,0.3333333333333333,7,23
BP-1080,AUD-11080,1400.0,700.0,DEV-11080,0.3333333333333333,7,23
BP-1081,AUD-11081,2700.0,1350.0,DEV-11081,0.3333333333333333,7,23
BP-1082,AUD-11082,4200.0,2100.0,DEV-11082,0.3333333333333333,7,23
BP-1083,AUD-11083,5000.0,2500.0,DEV-11083,0.3333333333333333,7,23
BP-1084,AUD-11084,2100.0,1050.0,DEV-11084,0.3333333333333333,7,23
BP-1085,AUD-11085,1300.0,650.0,DEV-11085,0.3333333333333333,7,23
BP-1086,AUD-11086,2200.0,1100.0,DEV-11086,0.3333333333333333,7,23
BP-1087,AUD-11087,4300.0,2150.0,DEV-11087,0.3333333333333333,7,23
BP-1088,AUD-11088,5600.0,2800.0,DEV-11088,0.3333333333333333,7,23
BP-1089,AUD-11089,4600.0,2300.0,DEV-11089,0.3333333333333333,7,23
BP-1090,AUD-11090,1100.0,550.0,DEV-11090,0.3333333333333333,7,23
BP-1091,AUD-11091,1500.0,750.0,DEV-11091,0.3333333333333333,7,23
BP-1092,AUD-11092,4400.0,2200.0,DEV-11092,0.3333333333333333,7,23
BP-1093,AUD-11093,4200.0,2100.0,DEV-11093,0.3333333333333333,7,23
BP-1094,AUD-11094,1400.0,700.0,DEV-11094,0.3333333333333333,7,23
BP-1095,AUD-11095,2000.0,1000.0,DEV-11095,0.3333333333333333,7,23
BP-1096,AUD-11096,4400.0,2200.0,DEV-11096,0.3333333333333333,7,23
BP-1097,AUD-11097,3900.0,1950.0,DEV-11097,0.3333333333333333,7,23
BP-1098,AUD-11098,6000.0,3000.0,DEV-11098,0.3333333333333333,7,23
BP-1099,AUD-11099,2300.0,1150.0,DEV-11099,0.3333333333333333,7,23
BP-1100,AUD-11100,2500.0,1250.0,DEV-11100,0.3333333333333333,7,23
BP-1101,AUD-11101,3300.0,1650.0,DEV-11101,0.3333333333333333,7,23
BP-1102,AUD-11102,5000.0,2500.0,DEV-11102,0.3333333333333333,7,23
BP-1103,AUD-11103,1100.0,550.0,DEV-11103,0.3333333333333333,7,23
BP-1104,AUD-11104,1900.0,950.0,DEV-11104,0.3333333333333333,7,23
BP-1105,AUD-11105,4500.0,2250.0,DEV-11105,0.3333333333333333,7,23
BP-1106,AUD-11106,2200.0,1100.0,DEV-11106,0.3333333333333333,7,23
BP-1107,AUD-11107,4300.0,2150.0,DEV-11107,0.3333333333333333,7,23
BP-1108,AUD-11108,5500.0,2750.0,DEV-11108,0.3333333333333333,7,23
BP-1109,AUD-11109,1300.0,650.0,DEV-11109,0.3333333333333333,7,23
BP-1110,AUD-11110,5100.0,2550.0,DEV-11110,0.3333333333333333,7,23
BP-1111,AUD-11111,1500.0,750.0,DEV-11111,0.3333333333333333,7,23
BP-1112,AUD-11112,1300.0,650.0,DEV-11112,0.3333333333333333,7,23
BP-1113,AUD-11113,4800.0,2400.0,DEV-11113,0.3333333333333333,7,23
BP-1114,AUD-11114,2000.0,1000.0,DEV-11114,0.3333333333333333,7,23
BP-1115,AUD-11115,1800.0,900.0,DEV-11115,0.3333333333333333,7,23
BP-1116,AUD-11116,3900.0,1950.0,DEV-11116,0.3333333333333333,7,23
BP-1117,AUD-11117,3100.0,1550.0,DEV-11117,0.3333333333333333,7,23
BP-1118,AUD-11118,2300.0,1150.0,DEV-11118,0.3333333333333333,7,23
BP-1119,AUD-11119,5900.0,2950.0,DEV-11119,0.3333333333333333,7,23
BP-1120,AUD-11120,2600.0,1300.0,DEV-11120,0.3333333333333333,7,23
BP-1121,AUD-11121,1800.0,900.0,DEV-11121,0.3333333333333333,7,23
BP-1122,AUD-11122,2300.0,1150.0,DEV-11122,0.3333333333333333,7,23
BP-1123,AUD-11123,5300.0,2650.0,DEV-11123,0.3333333333333333,7,23
BP-1124,AUD-11124,1400.0,700.0,DEV-11124,0.3333333333333333,7,23
BP-1125,AUD-11125,1800.0,900.0,DEV-11125,0.3333333333333333,7,23
BP-1126,AUD-11126,5600.0,2800.0,DEV-11126,0.3333333333333333,7,23
BP-1127,AUD-11127,2500.0,1250.0,DEV-11127,0.3333333333333333,7,23
BP-1128,AUD-11128,3500.0,1750.0,DEV-11128,0.3333333333333333,7,23
BP-1129,AUD-11129,4200.0,2100.0,DEV-11129,0.3333333333333333,7,23
BP-1130,AUD-11130,5500.0,2750.0,DEV-11130,0.3333333333333333,7,23
BP-1131,AUD-11131,2700.0,1350.0,DEV-11131,0.3333333333333333,7,23
BP-1132,AUD-11132,4600.0,2300.0,DEV-11132,0.3333333333333333,7,23
BP-1133,AUD-11133,4600.0,2300.0,DEV-11133,0.3333333333333333,7,23
BP-1134,AUD-11134,4000.0,2000.0,DEV-11134,0.3333333333333333,7,23
BP-1135,AUD-11135,2300.0,1150.0,DEV-11135,0.3333333333333333,7,23
BP-1136,AUD-11136,4500.0,2250.0,DEV-11136,0.3333333333333333,7,23
BP-1137,AUD-11137,4500.0,2250.0,DEV-11137,0.3333333333333333,7,23
BP-1138,AUD-11138,4100.0,2050.0,DEV-11138,0.3333333333333333,7,23
BP-1139,AUD-11139,2500.0,1250.0,DEV-11139,0.3333333333333333,7,23
BP-1140,AUD-11140,5300.0,2650.0,DEV-11140,0.3333333333333333,7,23
BP-1141,AUD-11141,4400.0,2200.0,DEV-11141,0.3333333333333333,7,23
BP-1142,AUD-11142,3000.0,1500.0,DEV-11142,0.3333333333333333,7,23
BP-1143,AUD-11143,5400.0,2700.0,DEV-11143,0.3333333333333333,7,23
BP-1144,AUD-11144,3900.0,1950.0,DEV-11144,0.3333333333333333,7,23
BP-1145,AUD-11145,4700.0,2350.0,DEV-11145,0.3333333333333333,7,23
BP-1146,AUD-11146,1000.0,500.0,DEV-11146,0.3333333333333333,7,23
BP-1147,AUD-11147,5200.0,2600.0,DEV-11147,0.3333333333333333,7,23
BP-1148,AUD-11148,4300.0,2150.0,DEV-11148,0.3333333333333333,7,23
BP-1149,AUD-11149,1500.0,750.0,DEV-11149,0.3333333333333333,7,23
BP-1150,AUD-11150,3300.0,1650.0,DEV-11150,0.3333333333333333,7,23
BP-1151,AUD-11151,1300.0,650.0,DEV-11151,0.3333333333333333,7,23
BP-1152,AUD-11152,2500.0,1250.0,DEV-11152,0.3333333333333333,7,23
BP-1153,AUD-11153,5300.0,2650.0,DEV-11153,0.3333333333333333,7,23
BP-1154,AUD-11154,2400.0,1200.0,DEV-11154,0.3333333333333333,7,23
BP-1155,AUD-11155,2800.0,1400.0,DEV-11155,0.3333333333333333,7,23
BP-1156,AUD-11156,2600.0,1300.0,DEV-11156,0.3333333333333333,7,23
BP-1157,AUD-11157,4100.0,2050.0,DEV-11157,0.3333333333333333,7,23
BP-1158,AUD-11158,1800.0,900.0,DEV-11158,0.3333333333333333,7,23
BP-1159,AUD-11159,1900.0,950.0,DEV-11159,0.3333333333333333,7,23
BP-1160,AUD-11160,3800.0,1900.0,DEV-11160,0.3333333333333333,7,23
BP-1161,AUD-11161,2800.0,1400.0,DEV-11161,0.3333333333333333,7,23
BP-1162,AUD-11162,4700.0,2350.0,DEV-11162,0.3333333333333333,7,23
BP-1163,AUD-11163,2800.0,1400.0,DEV-11163,0.3333333333333333,7,23
BP-1164,AUD-11164,2900.0,1450.0,DEV-11164,0.3333333333333333,7,23
BP-1165,AUD-11165,3000.0,1500.0,DEV-11165,0.3333333333333333,7,23
BP-1166,AUD-11166,1500.0,750.0,DEV-11166,0.3333333333333333,7,23
BP-1167,AUD-11167,3000.0,1500.0,DEV-11167,0.3333333333333333,7,23
BP-1168,AUD-11168,2800.0,1400.0,DEV-11168,0.3333333333333333,7,23
BP-1169,AUD-11169,5800.0,2900.0,DEV-11169,0.3333333333333333,7,23
BP-1170,AUD-11170,5700.0,2850.0,DEV-11170,0.3333333333333333,7,23
BP-1171,AUD-11171,4600.0,2300.0,DEV-11171,0.3333333333333333,7,23
BP-1172,AUD-11172,1300.0,650.0,DEV-11172,0.3333333333333333,7,23
BP-1173,AUD-11173,2300.0,1150.0,DEV-11173,0.3333333333333333,7,23
BP-1174,AUD-11174,2100.0,1050.0,DEV-11174,0.3333333333333333,7,23
BP-1175,AUD-11175,3900.0,1950.0,DEV-11175,0.3333333333333333,7,23
BP-1176,AUD-11176,1000.0,500.0,DEV-11176,0.3333333333333333,7,23
BP-1177,AUD-11177,2500.0,1250.0,DEV-11177,0.3333333333333333,7,23
BP-1178,AUD-11178,4900.0,2450.0,DEV-11178,0.3333333333333333,7,23
BP-1179,AUD-11179,3400.0,1700.0,DEV-11179,0.3333333333333333,7,23
BP-1180,AUD-11180,2300.0,1150.0,DEV-11180,0.3333333333333333,7,23
BP-1181,AUD-11181,2400.0,1200.0,DEV-11181,0.3333333333333333,7,23
BP-1182,AUD-11182,1000.0,500.0,DEV-11182,0.3333333333333333,7,23
BP-1183,AUD-11183,2900.0,1450.0,DEV-11183,0.3333333333333333,7,23
BP-1184,AUD-11184,1900.0,950.0,DEV-11184,0.3333333333333333,7,23
BP-1185,AUD-11185,3500.0,1750.0,DEV-11185,0.3333333333333333,7,23
BP-1186,AUD-11186,1200.0,600.0,DEV-11186,0.3333333333333333,7,23
BP-1187,AUD-11187,4000.0,2000.0,DEV-11187,0.3333333333333333,7,23
BP-1188,AUD-11188,1400.0,700.0,DEV-11188,0.3333333333333333,7,23
BP-1189,AUD-11189,3900.0,1950.0,DEV-11189,0.3333333333333333,7,23
BP-1190,AUD-11190,5600.0,2800.0,DEV-11190,0.3333333333333333,7,23
BP-1191,AUD-11191,3500.0,1750.0,DEV-11191,0.3333333333333333,7,23
BP-1192,AUD-11192,2700.0,1350.0,DEV-11192,0.3333333333333333,7,23
BP-1193,AUD-11193,2100.0,1050.0,DEV-11193,0.3333333333333333,7,23
BP-1194,AUD-11194,4500.0,2250.0,DEV-11194,0.3333333333333333,7,23
BP-1195,AUD-11195,2200.0,1100.0,DEV-11195,0.3333333333333333,7,23
BP-1196,AUD-11196,5400.0,2700.0,DEV-11196,0.3333333333333333,7,23
BP-1197,AUD-11197,4100.0,2050.0,DEV-11197,0.3333333333333333,7,23
BP-1198,AUD-11198,5500.0,2750.0,DEV-11198,0.3333333333333333,7,23
BP-1199,AUD-11199,3500.0,1750.0,DEV-11199,0.3333333333333333,7,23
BP-1200,AUD-11200,3400.0,1700.0,DEV-11200,0.3333333333333333,7,23
BP-1201,AUD-11201,5500.0,2750.0,DEV-11201,0.3333333333333333,7,23
BP-1202,AUD-11202,1300.0,650.0,DEV-11202,0.3333333333333333,7,23
BP-1203,AUD-11203,4600.0,2300.0,DEV-11203,0.3333333333333333,7,23
BP-1204,AUD-11204,3200.0,1600.0,DEV-11204,0.3333333333333333,7,23
BP-1205,AUD-11205,1300.0,650.0,DEV-11205,0.3333333333333333,7,23
BP-1206,AUD-11206,2900.0,1450.0,DEV-11206,0.3333333333333333,7,23
BP-1207,AUD-11207,2200.0,1100.0,DEV-11207,0.3333333333333333,7,23
BP-1208,AUD-11208,3700.0,1850.0,DEV-11208,0.3333333333333333,7,23
BP-1209,AUD-11209,3300.0,1650.0,DEV-11209,0.3333333333333333,7,23
BP-1210,AUD-11210,4500.0,2250.0,DEV-11210,0.3333333333333333,7,23
BP-1211,AUD-11211,4100.0,2050.0,DEV-11211,0.3333333333333333,7,23
BP-1212,AUD-11212,5200.0,2600.0,DEV-11212,0.3333333333333333,7,23
BP-1213,AUD-11213,4100.0,2050.0,DEV-11213,0.3333333333333333,7,23
BP-1214,AUD-11214,4400.0,2200.0,DEV-11214,0.3333333333333333,7,23
BP-1215,AUD-11215,2000.0,1000.0,DEV-11215,0.3333333333333333,7,23
BP-1216,AUD-11216,2400.0,1200.0,DEV-11216,0.3333333333333333,7,23
BP-1217,AUD-11217,2600.0,1300.0,DEV-11217,0.3333333333333333,7,23
BP-1218,AUD-11218,2100.0,1050.0,DEV-11218,0.3333333333333333,7,23
BP-1219,AUD-11219,1100.0,550.0,DEV-11219,0.3333333333333333,7,23
BP-1220,AUD-11220,6000.0,3000.0,DEV-11220,0.3333333333333333,7,23
BP-1221,AUD-11221,5300.0,2650.0,DEV-11221,0.3333333333333333,7,23
BP-1222,AUD-11222,2400.0,1200.0,DEV-11222,0.3333333333333333,7,23
BP-1223,AUD-11223,3800.0,1900.0,DEV-11223,0.3333333333333333,7,23
BP-1224,AUD-11224,1700.0,850.0,DEV-11224,0.3333333333333333,7,23
BP-1225,AUD-11225,3600.0,1800.0,DEV-11225,0.3333333333333333,7,23
BP-1226,AUD-11226,4700.0,2350.0,DEV-11226,0.3333333333333333,7,23
BP-1227,AUD-11227,5600.0,2800.0,DEV-11227,0.3333333333333333,7,23
BP-1228,AUD-11228,4500.0,2250.0,DEV-11228,0.3333333333333333,7,23
BP-1229,AUD-11229,1400.0,700.0,DEV-11229,0.3333333333333333,7,23
BP-1230,AUD-11230,4700.0,2350.0,DEV-11230,0.3333333333333333,7,23
BP-1231,AUD-11231,1400.0,700.0,DEV-11231,0.3333333333333333,7,23
BP-1232,AUD-11232,3900.0,1950.0,DEV-11232,0.3333333333333333,7,23
BP-1233,AUD-11233,6000.0,3000.0,DEV-11233,0.3333333333333333,7,23
BP-1234,AUD-11234,4800.0,2400.0,DEV-11234,0.3333333333333333,7,23
BP-1235,AUD-11235,1200.0,600.0,DEV-11235,0.3333333333333333,7,23
BP-1236,AUD-11236,3300.0,1650.0,DEV-11236,0.3333333333333333,7,23
BP-1237,AUD-11237,5300.0,2650.0,DEV-11237,0.3333333333333333,7,23
BP-1238,AUD-11238,2100.0,1050.0,DEV-11238,0.3333333333333333,7,23
BP-1239,AUD-11239,2700.0,1350.0,DEV-11239,0.3333333333333333,7,23
BP-1240,AUD-11240,3500.0,1750.0,DEV-11240,0.3333333333333333,7,23
BP-1241,AUD-11241,5000.0,2500.0,DEV-11241,0.3333333333333333,7,23
BP-1242,AUD-11242,3100.0,1550.0,DEV-11242,0.3333333333333333,7,23
BP-1243,AUD-11243,4600.0,2300.0,DEV-11243,0.3333333333333333,7,23
BP-1244,AUD-11244,2800.0,1400.0,DEV-11244,0.3333333333333333,7,23
BP-1245,AUD-11245,2200.0,1100.0,DEV-11245,0.3333333333333333,7,23
BP-1246,AUD-11246,4700.0,2350.0,DEV-11246,0.3333333333333333,7,23
BP-1247,AUD-11247,2000.0,1000.0,DEV-11247,0.3333333333333333,7,23
BP-1248,AUD-11248,2500.0,1250.0,DEV-11248,0.3333333333333333,7,23
BP-1249,AUD-11249,5300.0,2650.0,DEV-11249,0.3333333333333333,7,23
BP-1250,AUD-11250,4300.0,2150.0,DEV-11250,0.3333333333333333,7,23
BP-1251,AUD-11251,1900.0,950.0,DEV-11251,0.3333333333333333,7,23
BP-1252,AUD-11252,1800.0,900.0,DEV-11252,0.3333333333333333,7,23
BP-1253,AUD-11253,5100.0,2550.0,DEV-11253,0.3333333333333333,7,23
BP-1254,AUD-11254,5000.0,2500.0,DEV-11254,0.3333333333333333,7,23
BP-1255,AUD-11255,5400.0,2700.0,DEV-11255,0.3333333333333333,7,23
BP-1256,AUD-11256,1700.0,850.0,DEV-11256,0.3333333333333333,7,23
BP-1257,AUD-11257,4500.0,2250.0,DEV-11257,0.3333333333333333,7,23
BP-1258,AUD-11258,4600.0,2300.0,DEV-11258,0.3333333333333333,7,23
BP-1259,AUD-11259,3500.0,1750.0,DEV-11259,0.3333333333333333,7,23
BP-1260,AUD-11260,2700.0,1350.0,DEV-11260,0.3333333333333333,7,23
BP-1261,AUD-11261,2500.0,1250.0,DEV-11261,0.3333333333333333,7,23
BP-1262,AUD-11262,5200.0,2600.0,DEV-11262,0.3333333333333333,7,23
BP-1263,AUD-11263,2700.0,1350.0,DEV-11263,0.3333333333333333,7,23
BP-1264,AUD-11264,1200.0,600.0,DEV-11264,0.3333333333333333,7,23
BP-1265,AUD-11265,3800.0,1900.0,DEV-11265,0.3333333333333333,7,23
BP-1266,AUD-11266,3300.0,1650.0,DEV-11266,0.3333333333333333,7,23
BP-1267,AUD-11267,2700.0,1350.0,DEV-11267,0.3333333333333333,7,23
BP-1268,AUD-11268,3000.0,1500.0,DEV-11268,0.3333333333333333,7,23
BP-1269,AUD-11269,2800.0,1400.0,DEV-11269,0.3333333333333333,7,23
BP-1270,AUD-11270,1000.0,500.0,DEV-11270,0.3333333333333333,7,23
BP-1271,AUD-11271,4000.0,2000.0,DEV-11271,0.3333333333333333,7,23
BP-1272,AUD-11272,3700.0,1850.0,DEV-11272,0.3333333333333333,7,23
BP-1273,AUD-11273,2200.0,1100.0,DEV-11273,0.3333333333333333,7,23
BP-1274,AUD-11274,5300.0,2650.0,DEV-11274,0.3333333333333333,7,23
BP-1275,AUD-11275,1100.0,550.0,DEV-11275,0.3333333333333333,7,23
BP-1276,AUD-11276,3300.0,1650.0,DEV-11276,0.3333333333333333,7,23
BP-1277,AUD-11277,5900.0,2950.0,DEV-11277,0.3333333333333333,7,23
BP-1278,AUD-11278,1200.0,600.0,DEV-11278,0.3333333333333333,7,23
BP-1279,AUD-11279,1800.0,900.0,DEV-11279,0.3333333333333333,7,23
BP-1280,AUD-11280,2300.0,1150.0,DEV-11280,0.3333333333333333,7,23
BP-1281,AUD-11281,3700.0,1850.0,DEV-11281,0.3333333333333333,7,23
BP-1282,AUD-11282,4200.0,2100.0,DEV-11282,0.3333333333333333,7,23
BP-1283,AUD-11283,2100.0,1050.0,DEV-11283,0.3333333333333333,7,23
BP-1284,AUD-11284,3100.0,1550.0,DEV-11284,0.3333333333333333,7,23
BP-1285,AUD-11285,3200.0,1600.0,DEV-11285,0.3333333333333333,7,23
BP-1286,AUD-11286,1100.0,550.0,DEV-11286,0.3333333333333333,7,23
BP-1287,AUD-11287,2500.0,1250.0,DEV-11287,0.3333333333333333,7,23
BP-1288,AUD-11288,5700.0,2850.0,DEV-11288,0.3333333333333333,7,23
BP-1289,AUD-11289,1500.0,750.0,DEV-11289,0.3333333333333333,7,23
BP-1290,AUD-11290,5200.0,2600.0,DEV-11290,0.3333333333333333,7,23
BP-1291,AUD-11291,3400.0,1700.0,DEV-11291,0.3333333333333333,7,23
BP-1292,AUD-11292,5800.0,2900.0,DEV-11292,0.3333333333333333,7,23
BP-1293,AUD-11293,3000.0,1500.0,DEV-11293,0.3333333333333333,7,23
BP-1294,AUD-11294,5800.0,2900.0,DEV-11294,0.3333333333333333,7,23
BP-1295,AUD-11295,4700.0,2350.0,DEV-11295,0.3333333333333333,7,23
BP-1296,AUD-11296,2200.0,1100.0,DEV-11296,0.3333333333333333,7,23
BP-1297,AUD-11297,2800.0,1400.0,DEV-11297,0.3333333333333333,7,23
BP-1298,AUD-11298,4400.0,2200.0,DEV-11298,0.3333333333333333,7,23
BP-1299,AUD-11299,5000.0,2500.0,DEV-11299,0.3333333333333333,7,23
BP-1300,AUD-11300,4200.0,2100.0,DEV-11300,0.3333333333333333,7,23
BP-1301,AUD-11301,3300.0,1650.0,DEV-11301,0.3333333333333333,7,23
BP-1302,AUD-11302,1200.0,600.0,DEV-11302,0.3333333333333333,7,23
BP-1303,AUD-11303,1600.0,800.0,DEV-11303,0.3333333333333333,7,23
BP-1304,AUD-11304,3900.0,1950.0,DEV-11304,0.3333333333333333,7,23
BP-1305,AUD-11305,3600.0,1800.0,DEV-11305,0.3333333333333333,7,23
BP-1306,AUD-11306,2700.0,1350.0,DEV-11306,0.3333333333333333,7,23
BP-1307,AUD-11307,2500.0,1250.0,DEV-11307,0.3333333333333333,7,23
BP-1308,AUD-11308,2700.0,1350.0,DEV-11308,0.3333333333333333,7,23
BP-1309,AUD-11309,4500.0,2250.0,DEV-11309,0.3333333333333333,7,23
BP-1310,AUD-11310,4300.0,2150.0,DEV-11310,0.3333333333333333,7,23
BP-1311,AUD-11311,5300.0,2650.0,DEV-11311,0.3333333333333333,7,23
BP-1312,AUD-11312,5000.0,2500.0,DEV-11312,0.3333333333333333,7,23
BP-1313,AUD-11313,2000.0,1000.0,DEV-11313,0.3333333333333333,7,23
BP-1314,AUD-11314,2700.0,1350.0,DEV-11314,0.3333333333333333,7,23
BP-1315,AUD-11315,3300.0,1650.0,DEV-11315,0.3333333333333333,7,23
BP-1316,AUD-11316,1900.0,950.0,DEV-11316,0.3333333333333333,7,23
BP-1317,AUD-11317,1800.0,900.0,DEV-11317,0.3333333333333333,7,23
BP-1318,AUD-11318,1000.0,500.0,DEV-11318,0.3333333333333333,7,23
BP-1319,AUD-11319,2400.0,1200.0,DEV-11319,0.3333333333333333,7,23
BP-1320,AUD-11320,1000.0,500.0,DEV-11320,0.3333333333333333,7,23
BP-1321,AUD-11321,3000.0,1500.0,DEV-11321,0.3333333333333333,7,23
BP-1322,AUD-11322,4300.0,2150.0,DEV-11322,0.3333333333333333,7,23
BP-1323,AUD-11323,4800.0,2400.0,DEV-11323,0.3333333333333333,7,23
BP-1324,AUD-11324,1500.0,750.0,DEV-11324,0.3333333333333333,7,23
BP-1325,AUD-11325,2500.0,1250.0,DEV-11325,0.3333333333333333,7,23
BP-1326,AUD-11326,5100.0,2550.0,DEV-11326,0.3333333333333333,7,23
BP-1327,AUD-11327,5700.0,2850.0,DEV-11327,0.3333333333333333,7,23
BP-1328,AUD-11328,2800.0,1400.0,DEV-11328,0.3333333333333333,7,23
BP-1329,AUD-11329,1100.0,550.0,DEV-11329,0.3333333333333333,7,23
BP-1330,AUD-11330,4200.0,2100.0,DEV-11330,0.3333333333333333,7,23
BP-1331,AUD-11331,1900.0,950.0,DEV-11331,0.3333333333333333,7,23
BP-1332,AUD-11332,4000.0,2000.0,DEV-11332,0.3333333333333333,7,23
BP-1333,AUD-11333,2200.0,1100.0,DEV-11333,0.3333333333333333,7,23
BP-1334,AUD-11334,3700.0,1850.0,DEV-11334,0.3333333333333333,7,23
BP-1335,AUD-11335,2400.0,1200.0,DEV-11335,0.3333333333333333,7,23
BP-1336,AUD-11336,2500.0,1250.0,DEV-11336,0.3333333333333333,7,23
BP-1337,AUD-11337,3500.0,1750.0,DEV-11337,0.3333333333333333,7,23
BP-1338,AUD-11338,6000.0,3000.0,DEV-11338,0.3333333333333333,7,23
BP-1339,AUD-11339,4300.0,2150.0,DEV-11339,0.3333333333333333,7,23
BP-1340,AUD-11340,5300.0,2650.0,DEV-11340,0.3333333333333333,7,23
BP-1341,AUD-11341,5100.0,2550.0,DEV-11341,0.3333333333333333,7,23
BP-1342,AUD-11342,1100.0,550.0,DEV-11342,0.3333333333333333,7,23
BP-1343,AUD-11343,5400.0,2700.0,DEV-11343,0.3333333333333333,7,23
BP-1344,AUD-11344,4800.0,2400.0,DEV-11344,0.3333333333333333,7,23
BP-1345,AUD-11345,3500.0,1750.0,DEV-11345,0.3333333333333333,7,23
BP-1346,AUD-11346,6000.0,3000.0,DEV-11346,0.3333333333333333,7,23
BP-1347,AUD-11347,3600.0,1800.0,DEV-11347,0.3333333333333333,7,23
BP-1348,AUD-11348,2400.0,1200.0,DEV-11348,0.3333333333333333,7,23
BP-1349,AUD-11349,3200.0,1600.0,DEV-11349,0.3333333333333333,7,23
BP-1350,AUD-11350,5100.0,2550.0,DEV-11350,0.3333333333333333,7,23
BP-1351,AUD-11351,3200.0,1600.0,DEV-11351,0.3333333333333333,7,23
BP-1352,AUD-11352,3900.0,1950.0,DEV-11352,0.3333333333333333,7,23
BP-1353,AUD-11353,5100.0,2550.0,DEV-11353,0.3333333333333333,7,23
BP-1354,AUD-11354,1100.0,550.0,DEV-11354,0.3333333333333333,7,23
BP-1355,AUD-11355,5000.0,2500.0,DEV-11355,0.3333333333333333,7,23
BP-1356,AUD-11356,5000.0,2500.0,DEV-11356,0.3333333333333333,7,23
BP-1357,AUD-11357,5300.0,2650.0,DEV-11357,0.3333333333333333,7,23
BP-1358,AUD-11358,1900.0,950.0,DEV-11358,0.3333333333333333,7,23
BP-1359,AUD-11359,2600.0,1300.0,DEV-11359,0.3333333333333333,7,23
BP-1360,AUD-11360,1400.0,700.0,DEV-11360,0.3333333333333333,7,23
BP-1361,AUD-11361,2300.0,1150.0,DEV-11361,0.3333333333333333,7,23
BP-1362,AUD-11362,5600.0,2800.0,DEV-11362,0.3333333333333333,7,23
BP-1363,AUD-11363,3200.0,1600.0,DEV-11363,0.3333333333333333,7,23
BP-1364,AUD-11364,4800.0,2400.0,DEV-11364,0.3333333333333333,7,23
BP-1365,AUD-11365,5000.0,2500.0,DEV-11365,0.3333333333333333,7,23
BP-1366,AUD-11366,3700.0,1850.0,DEV-11366,0.3333333333333333,7,23
BP-1367,AUD-11367,4400.0,2200.0,DEV-11367,0.3333333333333333,7,23
BP-1368,AUD-11368,1000.0,500.0,DEV-11368,0.3333333333333333,7,23
BP-1369,AUD-11369,2800.0,1400.0,DEV-11369,0.3333333333333333,7,23
BP-1370,AUD-11370,2700.0,1350.0,DEV-11370,0.3333333333333333,7,23
BP-1371,AUD-11371,5500.0,2750.0,DEV-11371,0.3333333333333333,7,23
BP-1372,AUD-11372,4600.0,2300.0,DEV-11372,0.3333333333333333,7,23
BP-1373,AUD-11373,1200.0,600.0,DEV-11373,0.3333333333333333,7,23
BP-1374,AUD-11374,3500.0,1750.0,DEV-11374,0.3333333333333333,7,23
BP-1375,AUD-11375,4200.0,2100.0,DEV-11375,0.3333333333333333,7,23
BP-1376,AUD-11376,1100.0,550.0,DEV-11376,0.3333333333333333,7,23
BP-1377,AUD-11377,4800.0,2400.0,DEV-11377,0.3333333333333333,7,23
BP-1378,AUD-11378,3500.0,1750.0,DEV-11378,0.3333333333333333,7,23
BP-1379,AUD-11379,5400.0,2700.0,DEV-11379,0.3333333333333333,7,23
BP-1380,AUD-11380,1800.0,900.0,DEV-11380,0.3333333333333333,7,23
BP-1381,AUD-11381,3200.0,1600.0,DEV-11381,0.3333333333333333,7,23
BP-1382,AUD-11382,5500.0,2750.0,DEV-11382,0.3333333333333333,7,23
BP-1383,AUD-11383,2400.0,1200.0,DEV-11383,0.3333333333333333,7,23
BP-1384,AUD-11384,2500.0,1250.0,DEV-11384,0.3333333333333333,7,23
BP-1385,AUD-11385,4600.0,2300.0,DEV-11385,0.3333333333333333,7,23
BP-1386,AUD-11386,3300.0,1650.0,DEV-11386,0.3333333333333333,7,23
BP-1387,AUD-11387,2000.0,1000.0,DEV-11387,0.3333333333333333,7,23
BP-1388,AUD-11388,2900.0,1450.0,DEV-11388,0.3333333333333333,7,23
BP-1389,AUD-11389,1600.0,800.0,DEV-11389,0.3333333333333333,7,23
BP-1390,AUD-11390,5400.0,2700.0,DEV-11390,0.3333333333333333,7,23
BP-1391,AUD-11391,1900.0,950.0,DEV-11391,0.3333333333333333,7,23
BP-1392,AUD-11392,1500.0,750.0,DEV-11392,0.3333333333333333,7,23
BP-1393,AUD-11393,5200.0,2600.0,DEV-11393,0.3333333333333333,7,23
BP-1394,AUD-11394,3700.0,1850.0,DEV-11394,0.3333333333333333,7,23
BP-1395,AUD-11395,2000.0,1000.0,DEV-11395,0.3333333333333333,7,23
BP-1396,AUD-11396,4500.0,2250.0,DEV-11396,0.3333333333333333,7,23
BP-1397,AUD-11397,1800.0,900.0,DEV-11397,0.3333333333333333,7,23
BP-1398,AUD-11398,4400.0,2200.0,DEV-11398,0.3333333333333333,7,23
BP-1399,AUD-11399,2900.0,1450.0,DEV-11399,0.3333333333333333,7,23
BP-1400,AUD-11400,2000.0,1000.0,DEV-11400,0.3333333333333333,7,23
BP-1401,AUD-11401,3800.0,1900.0,DEV-11401,0.3333333333333333,7,23
BP-1402,AUD-11402,5300.0,2650.0,DEV-11402,0.3333333333333333,7,23
BP-1403,AUD-11403,4600.0,2300.0,DEV-11403,0.3333333333333333,7,23
BP-1404,AUD-11404,5600.0,2800.0,DEV-11404,0.3333333333333333,7,23
BP-1405,AUD-11405,5600.0,2800.0,DEV-11405,0.3333333333333333,7,23
BP-1406,AUD-11406,1900.0,950.0,DEV-11406,0.3333333333333333,7,23
BP-1407,AUD-11407,3600.0,1800.0,DEV-11407,0.3333333333333333,7,23
BP-1408,AUD-11408,3900.0,1950.0,DEV-11408,0.3333333333333333,7,23
BP-1409,AUD-11409,1100.0,550.0,DEV-11409,0.3333333333333333,7,23
BP-1410,AUD-11410,2800.0,1400.0,DEV-11410,0.3333333333333333,7,23
BP-1411,AUD-11411,1600.0,800.0,DEV-11411,0.3333333333333333,7,23
BP-1412,AUD-11412,2000.0,1000.0,DEV-11412,0.3333333333333333,7,23
BP-1413,AUD-11413,5000.0,2500.0,DEV-11413,0.3333333333333333,7,23
BP-1414,AUD-11414,1100.0,550.0,DEV-11414,0.3333333333333333,7,23
BP-1415,AUD-11415,1400.0,700.0,DEV-11415,0.3333333333333333,7,23
BP-1416,AUD-11416,2900.0,1450.0,DEV-11416,0.3333333333333333,7,23
BP-1417,AUD-11417,4900.0,2450.0,DEV-11417,0.3333333333333333,7,23
BP-1418,AUD-11418,1500.0,750.0,DEV-11418,0.3333333333333333,7,23
BP-1419,AUD-11419,2700.0,1350.0,DEV-11419,0.3333333333333333,7,23
BP-1420,AUD-11420,4900.0,2450.0,DEV-11420,0.3333333333333333,7,23
BP-1421,AUD-11421,4600.0,2300.0,DEV-11421,0.3333333333333333,7,23
BP-1422,AUD-11422,1800.0,900.0,DEV-11422,0.3333333333333333,7,23
BP-1423,AUD-11423,2900.0,1450.0,DEV-11423,0.3333333333333333,7,23
BP-1424,AUD-11424,1300.0,650.0,DEV-11424,0.3333333333333333,7,23
BP-1425,AUD-11425,3900.0,1950.0,DEV-11425,0.3333333333333333,7,23
BP-1426,AUD-11426,4100.0,2050.0,DEV-11426,0.3333333333333333,7,23
BP-1427,AUD-11427,1900.0,950.0,DEV-11427,0.3333333333333333,7,23
BP-1428,AUD-11428,3700.0,1850.0,DEV-11428,0.3333333333333333,7,23
BP-1429,AUD-11429,1100.0,550.0,DEV-11429,0.3333333333333333,7,23
BP-1430,AUD-11430,5600.0,2800.0,DEV-11430,0.3333333333333333,7,23
BP-1431,AUD-11431,5100.0,2550.0,DEV-11431,0.3333333333333333,7,23
BP-1432,AUD-11432,3300.0,1650.0,DEV-11432,0.3333333333333333,7,23
BP-1433,AUD-11433,2200.0,1100.0,DEV-11433,0.3333333333333333,7,23
BP-1434,AUD-11434,1700.0,850.0,DEV-11434,0.3333333333333333,7,23
BP-1435,AUD-11435,3900.0,1950.0,DEV-11435,0.3333333333333333,7,23
BP-1436,AUD-11436,5200.0,2600.0,DEV-11436,0.3333333333333333,7,23
BP-1437,AUD-11437,4700.0,2350.0,DEV-11437,0.3333333333333333,7,23
BP-1438,AUD-11438,5300.0,2650.0,DEV-11438,0.3333333333333333,7,23
BP-1439,AUD-11439,4900.0,2450.0,DEV-11439,0.3333333333333333,7,23
BP-1440,AUD-11440,6000.0,3000.0,DEV-11440,0.3333333333333333,7,23
BP-1441,AUD-11441,4900.0,2450.0,DEV-11441,0.3333333333333333,7,23
BP-1442,AUD-11442,4300.0,2150.0,DEV-11442,0.3333333333333333,7,23
BP-1443,AUD-11443,2700.0,1350.0,DEV-11443,0.3333333333333333,7,23
BP-1444,AUD-11444,3400.0,1700.0,DEV-11444,0.3333333333333333,7,23
BP-1445,AUD-11445,4800.0,2400.0,DEV-11445,0.3333333333333333,7,23
BP-1446,AUD-11446,5900.0,2950.0,DEV-11446,0.3333333333333333,7,23
BP-1447,AUD-11447,1500.0,750.0,DEV-11447,0.3333333333333333,7,23
BP-1448,AUD-11448,6000.0,3000.0,DEV-11448,0.3333333333333333,7,23
BP-1449,AUD-11449,4800.0,2400.0,DEV-11449,0.3333333333333333,7,23
BP-1450,AUD-11450,4200.0,2100.0,DEV-11450,0.3333333333333333,7,23
BP-1451,AUD-11451,1300.0,650.0,DEV-11451,0.3333333333333333,7,23
BP-1452,AUD-11452,1600.0,800.0,DEV-11452,0.3333333333333333,7,23
BP-1453,AUD-11453,4800.0,2400.0,DEV-11453,0.3333333333333333,7,23
BP-1454,AUD-11454,1700.0,850.0,DEV-11454,0.3333333333333333,7,23
BP-1455,AUD-11455,4800.0,2400.0,DEV-11455,0.3333333333333333,7,23
BP-1456,AUD-11456,1400.0,700.0,DEV-11456,0.3333333333333333,7,23
BP-1457,AUD-11457,4100.0,2050.0,DEV-11457,0.3333333333333333,7,23
BP-1458,AUD-11458,2700.0,1350.0,DEV-11458,0.3333333333333333,7,23
BP-1459,AUD-11459,1200.0,600.0,DEV-11459,0.3333333333333333,7,23
BP-1460,AUD-11460,2000.0,1000.0,DEV-11460,0.3333333333333333,7,23
BP-1461,AUD-11461,5000.0,2500.0,DEV-11461,0.3333333333333333,7,23
BP-1462,AUD-11462,2600.0,1300.0,DEV-11462,0.3333333333333333,7,23
BP-1463,AUD-11463,3600.0,1800.0,DEV-11463,0.3333333333333333,7,23
BP-1464,AUD-11464,2300.0,1150.0,DEV-11464,0.3333333333333333,7,23
BP-1465,AUD-11465,4900.0,2450.0,DEV-11465,0.3333333333333333,7,23
BP-1466,AUD-11466,5100.0,2550.0,DEV-11466,0.3333333333333333,7,23
BP-1467,AUD-11467,4800.0,2400.0,DEV-11467,0.3333333333333333,7,23
BP-1468,AUD-11468,3300.0,1650.0,DEV-11468,0.3333333333333333,7,23
BP-1469,AUD-11469,2300.0,1150.0,DEV-11469,0.3333333333333333,7,23
BP-1470,AUD-11470,3000.0,1500.0,DEV-11470,0.3333333333333333,7,23
BP-1471,AUD-11471,4300.0,2150.0,DEV-11471,0.3333333333333333,7,23
BP-1472,AUD-11472,4800.0,2400.0,DEV-11472,0.3333333333333333,7,23
BP-1473,AUD-11473,5100.0,2550.0,DEV-11473,0.3333333333333333,7,23
BP-1474,AUD-11474,5500.0,2750.0,DEV-11474,0.3333333333333333,7,23
BP-1475,AUD-11475,2700.0,1350.0,DEV-11475,0.3333333333333333,7,23
BP-1476,AUD-11476,2600.0,1300.0,DEV-11476,0.3333333333333333,7,23
BP-1477,AUD-11477,1700.0,850.0,DEV-11477,0.3333333333333333,7,23
BP-1478,AUD-11478,1300.0,650.0,DEV-11478,0.3333333333333333,7,23
BP-1479,AUD-11479,2500.0,1250.0,DEV-11479,0.3333333333333333,7,23
BP-1480,AUD-11480,4800.0,2400.0,DEV-11480,0.3333333333333333,7,23
BP-1481,AUD-11481,2100.0,1050.0,DEV-11481,0.3333333333333333,7,23
BP-1482,AUD-11482,5800.0,2900.0,DEV-11482,0.3333333333333333,7,23
BP-1483,AUD-11483,1600.0,800.0,DEV-11483,0.3333333333333333,7,23
BP-1484,AUD-11484,5600.0,2800.0,DEV-11484,0.3333333333333333,7,23
BP-1485,AUD-11485,5900.0,2950.0,DEV-11485,0.3333333333333333,7,23
BP-1486,AUD-11486,1400.0,700.0,DEV-11486,0.3333333333333333,7,23
BP-1487,AUD-11487,4800.0,2400.0,DEV-11487,0.3333333333333333,7,23
BP-1488,AUD-11488,1700.0,850.0,DEV-11488,0.3333333333333333,7,23
BP-1489,AUD-11489,4000.0,2000.0,DEV-11489,0.3333333333333333,7,23
BP-1490,AUD-11490,2400.0,1200.0,DEV-11490,0.3333333333333333,7,23
BP-1491,AUD-11491,5200.0,2600.0,DEV-11491,0.3333333333333333,7,23
BP-1492,AUD-11492,5900.0,2950.0,DEV-11492,0.3333333333333333,7,23
BP-1493,AUD-11493,5600.0,2800.0,DEV-11493,0.3333333333333333,7,23
BP-1494,AUD-11494,5900.0,2950.0,DEV-11494,0.3333333333333333,7,23
BP-1495,AUD-11495,4500.0,2250.0,DEV-11495,0.3333333333333333,7,23
BP-1496,AUD-11496,4600.0,2300.0,DEV-11496,0.3333333333333333,7,23
BP-1497,AUD-11497,1300.0,650.0,DEV-11497,0.3333333333333333,7,23
BP-1498,AUD-11498,3000.0,1500.0,DEV-11498,0.3333333333333333,7,23
BP-1499,AUD-11499,4400.0,2200.0,DEV-11499,0.3333333333333333,7,23
BP-1500,AUD-11500,3800.0,1900.0,DEV-11500,0.3333333333333333,7,23
BP-1501,AUD-11501,4800.0,2400.0,DEV-11501,0.3333333333333333,7,23
BP-1502,AUD-11502,1300.0,650.0,DEV-11502,0.3333333333333333,7,23
BP-1503,AUD-11503,4300.0,2150.0,DEV-11503,0.3333333333333333,7,23
BP-1504,AUD-11504,1600.0,800.0,DEV-11504,0.3333333333333333,7,23
BP-1505,AUD-11505,3800.0,1900.0,DEV-11505,0.3333333333333333,7,23
BP-1506,AUD-11506,5200.0,2600.0,DEV-11506,0.3333333333333333,7,23
BP-1507,AUD-11507,1100.0,550.0,DEV-11507,0.3333333333333333,7,23
BP-1508,AUD-11508,4600.0,2300.0,DEV-11508,0.3333333333333333,7,23
BP-1509,AUD-11509,1900.0,950.0,DEV-11509,0.3333333333333333,7,23
BP-1510,AUD-11510,2000.0,1000.0,DEV-11510,0.3333333333333333,7,23
BP-1511,AUD-11511,5500.0,2750.0,DEV-11511,0.3333333333333333,7,23
BP-1512,AUD-11512,5000.0,2500.0,DEV-11512,0.3333333333333333,7,23
BP-1513,AUD-11513,4700.0,2350.0,DEV-11513,0.3333333333333333,7,23
BP-1514,AUD-11514,2300.0,1150.0,DEV-11514,0.3333333333333333,7,23
BP-1515,AUD-11515,4400.0,2200.0,DEV-11515,0.3333333333333333,7,23
BP-1516,AUD-11516,5600.0,2800.0,DEV-11516,0.3333333333333333,7,23
BP-1517,AUD-11517,3000.0,1500.0,DEV-11517,0.3333333333333333,7,23
BP-1518,AUD-11518,1300.0,650.0,DEV-11518,0.3333333333333333,7,23
BP-1519,AUD-11519,1800.0,900.0,DEV-11519,0.3333333333333333,7,23
BP-1520,AUD-11520,1800.0,900.0,DEV-11520,0.3333333333333333,7,23
BP-1521,AUD-11521,4700.0,2350.0,DEV-11521,0.3333333333333333,7,23
BP-1522,AUD-11522,2700.0,1350.0,DEV-11522,0.3333333333333333,7,23
BP-1523,AUD-11523,2600.0,1300.0,DEV-11523,0.3333333333333333,7,23
BP-1524,AUD-11524,4500.0,2250.0,DEV-11524,0.3333333333333333,7,23
BP-1525,AUD-11525,3600.0,1800.0,DEV-11525,0.3333333333333333,7,23
BP-1526,AUD-11526,5200.0,2600.0,DEV-11526,0.3333333333333333,7,23
BP-1527,AUD-11527,5800.0,2900.0,DEV-11527,0.3333333333333333,7,23
BP-1528,AUD-11528,3900.0,1950.0,DEV-11528,0.3333333333333333,7,23
BP-1529,AUD-11529,4100.0,2050.0,DEV-11529,0.3333333333333333,7,23
BP-1530,AUD-11530,3000.0,1500.0,DEV-11530,0.3333333333333333,7,23
BP-1531,AUD-11531,1600.0,800.0,DEV-11531,0.3333333333333333,7,23
BP-1532,AUD-11532,1400.0,700.0,DEV-11532,0.3333333333333333,7,23
BP-1533,AUD-11533,4400.0,2200.0,DEV-11533,0.3333333333333333,7,23
BP-1534,AUD-11534,1500.0,750.0,DEV-11534,0.3333333333333333,7,23
BP-1535,AUD-11535,3900.0,1950.0,DEV-11535,0.3333333333333333,7,23
BP-1536,AUD-11536,5300.0,2650.0,DEV-11536,0.3333333333333333,7,23
BP-1537,AUD-11537,1200.0,600.0,DEV-11537,0.3333333333333333,7,23
BP-1538,AUD-11538,3200.0,1600.0,DEV-11538,0.3333333333333333,7,23
BP-1539,AUD-11539,3900.0,1950.0,DEV-11539,0.3333333333333333,7,23
BP-1540,AUD-11540,2700.0,1350.0,DEV-11540,0.3333333333333333,7,23
BP-1541,AUD-11541,5700.0,2850.0,DEV-11541,0.3333333333333333,7,23
BP-1542,AUD-11542,4600.0,2300.0,DEV-11542,0.3333333333333333,7,23
BP-1543,AUD-11543,1200.0,600.0,DEV-11543,0.3333333333333333,7,23
BP-1544,AUD-11544,2700.0,1350.0,DEV-11544,0.3333333333333333,7,23
BP-1545,AUD-11545,5500.0,2750.0,DEV-11545,0.3333333333333333,7,23
BP-1546,AUD-11546,5600.0,2800.0,DEV-11546,0.3333333333333333,7,23
BP-1547,AUD-11547,3500.0,1750.0,DEV-11547,0.3333333333333333,7,23
BP-1548,AUD-11548,2300.0,1150.0,DEV-11548,0.3333333333333333,7,23
BP-1549,AUD-11549,1200.0,600.0,DEV-11549,0.3333333333333333,7,23
BP-1550,AUD-11550,3200.0,1600.0,DEV-11550,0.3333333333333333,7,23
BP-1551,AUD-11551,5500.0,2750.0,DEV-11551,0.3333333333333333,7,23
BP-1552,AUD-11552,3500.0,1750.0,DEV-11552,0.3333333333333333,7,23
BP-1553,AUD-11553,3000.0,1500.0,DEV-11553,0.3333333333333333,7,23
BP-1554,AUD-11554,1300.0,650.0,DEV-11554,0.3333333333333333,7,23
BP-1555,AUD-11555,3600.0,1800.0,DEV-11555,0.3333333333333333,7,23
BP-1556,AUD-11556,1300.0,650.0,DEV-11556,0.3333333333333333,7,23
BP-1557,AUD-11557,2200.0,1100.0,DEV-11557,0.3333333333333333,7,23
BP-1558,AUD-11558,4600.0,2300.0,DEV-11558,0.3333333333333333,7,23
BP-1559,AUD-11559,5400.0,2700.0,DEV-11559,0.3333333333333333,7,23
BP-1560,AUD-11560,4300.0,2150.0,DEV-11560,0.3333333333333333,7,23
BP-1561,AUD-11561,4900.0,2450.0,DEV-11561,0.3333333333333333,7,23
BP-1562,AUD-11562,1900.0,950.0,DEV-11562,0.3333333333333333,7,23
BP-1563,AUD-11563,1500.0,750.0,DEV-11563,0.3333333333333333,7,23
BP-1564,AUD-11564,1700.0,850.0,DEV-11564,0.3333333333333333,7,23
BP-1565,AUD-11565,1600.0,800.0,DEV-11565,0.3333333333333333,7,23
BP-1566,AUD-11566,3500.0,1750.0,DEV-11566,0.3333333333333333,7,23
BP-1567,AUD-11567,6000.0,3000.0,DEV-11567,0.3333333333333333,7,23
BP-1568,AUD-11568,3900.0,1950.0,DEV-11568,0.3333333333333333,7,23
BP-1569,AUD-11569,4100.0,2050.0,DEV-11569,0.3333333333333333,7,23
BP-1570,AUD-11570,2200.0,1100.0,DEV-11570,0.3333333333333333,7,23
BP-1571,AUD-11571,4800.0,2400.0,DEV-11571,0.3333333333333333,7,23
BP-1572,AUD-11572,1100.0,550.0,DEV-11572,0.3333333333333333,7,23
BP-1573,AUD-11573,3600.0,1800.0,DEV-11573,0.3333333333333333,7,23
BP-1574,AUD-11574,5800.0,2900.0,DEV-11574,0.3333333333333333,7,23
BP-1575,AUD-11575,5500.0,2750.0,DEV-11575,0.3333333333333333,7,23
BP-1576,AUD-11576,5800.0,2900.0,DEV-11576,0.3333333333333333,7,23
BP-1577,AUD-11577,3600.0,1800.0,DEV-11577,0.3333333333333333,7,23
BP-1578,AUD-11578,4200.0,2100.0,DEV-11578,0.3333333333333333,7,23
BP-1579,AUD-11579,1100.0,550.0,DEV-11579,0.3333333333333333,7,23
BP-1580,AUD-11580,1700.0,850.0,DEV-11580,0.3333333333333333,7,23
BP-1581,AUD-11581,2200.0,1100.0,DEV-11581,0.3333333333333333,7,23
BP-1582,AUD-11582,1700.0,850.0,DEV-11582,0.3333333333333333,7,23
BP-1583,AUD-11583,5400.0,2700.0,DEV-11583,0.3333333333333333,7,23
BP-1584,AUD-11584,3100.0,1550.0,DEV-11584,0.3333333333333333,7,23
BP-1585,AUD-11585,5600.0,2800.0,DEV-11585,0.3333333333333333,7,23
BP-1586,AUD-11586,5800.0,2900.0,DEV-11586,0.3333333333333333,7,23
BP-1587,AUD-11587,1200.0,600.0,DEV-11587,0.3333333333333333,7,23
BP-1588,AUD-11588,2600.0,1300.0,DEV-11588,0.3333333333333333,7,23
BP-1589,AUD-11589,4100.0,2050.0,DEV-11589,0.3333333333333333,7,23
BP-1590,AUD-11590,5900.0,2950.0,DEV-11590,0.3333333333333333,7,23
BP-1591,AUD-11591,2400.0,1200.0,DEV-11591,0.3333333333333333,7,23
BP-1592,AUD-11592,3800.0,1900.0,DEV-11592,0.3333333333333333,7,23
BP-1593,AUD-11593,3500.0,1750.0,DEV-11593,0.3333333333333333,7,23
BP-1594,AUD-11594,2500.0,1250.0,DEV-11594,0.3333333333333333,7,23
BP-1595,AUD-11595,5600.0,2800.0,DEV-11595,0.3333333333333333,7,23
BP-1596,AUD-11596,4900.0,2450.0,DEV-11596,0.3333333333333333,7,23
BP-1597,AUD-11597,1100.0,550.0,DEV-11597,0.3333333333333333,7,23
BP-1598,AUD-11598,3600.0,1800.0,DEV-11598,0.3333333333333333,7,23
BP-1599,AUD-11599,3500.0,1750.0,DEV-11599,0.3333333333333333,7,23
BP-1600,AUD-11600,2200.0,1100.0,DEV-11600,0.3333333333333333,7,23
BP-1601,AUD-11601,3100.0,1550.0,DEV-11601,0.3333333333333333,7,23
BP-1602,AUD-11602,1400.0,700.0,DEV-11602,0.3333333333333333,7,23
BP-1603,AUD-11603,4900.0,2450.0,DEV-11603,0.3333333333333333,7,23
BP-1604,AUD-11604,2600.0,1300.0,DEV-11604,0.3333333333333333,7,23
BP-1605,AUD-11605,3400.0,1700.0,DEV-11605,0.3333333333333333,7,23
BP-1606,AUD-11606,3300.0,1650.0,DEV-11606,0.3333333333333333,7,23
BP-1607,AUD-11607,4800.0,2400.0,DEV-11607,0.3333333333333333,7,23
BP-1608,AUD-11608,4500.0,2250.0,DEV-11608,0.3333333333333333,7,23
BP-1609,AUD-11609,4600.0,2300.0,DEV-11609,0.3333333333333333,7,23
BP-1610,AUD-11610,3600.0,1800.0,DEV-11610,0.3333333333333333,7,23
BP-1611,AUD-11611,4000.0,2000.0,DEV-11611,0.3333333333333333,7,23
BP-1612,AUD-11612,1700.0,850.0,DEV-11612,0.3333333333333333,7,23
BP-1613,AUD-11613,1600.0,800.0,DEV-11613,0.3333333333333333,7,23
BP-1614,AUD-11614,1400.0,700.0,DEV-11614,0.3333333333333333,7,23
BP-1615,AUD-11615,5100.0,2550.0,DEV-11615,0.3333333333333333,7,23
BP-1616,AUD-11616,4900.0,2450.0,DEV-11616,0.3333333333333333,7,23
BP-1617,AUD-11617,1500.0,750.0,DEV-11617,0.3333333333333333,7,23
BP-1618,AUD-11618,5800.0,2900.0,DEV-11618,0.3333333333333333,7,23
BP-1619,AUD-11619,5000.0,2500.0,DEV-11619,0.3333333333333333,7,23
BP-1620,AUD-11620,3700.0,1850.0,DEV-11620,0.3333333333333333,7,23
BP-1621,AUD-11621,2600.0,1300.0,DEV-11621,0.3333333333333333,7,23
BP-1622,AUD-11622,5000.0,2500.0,DEV-11622,0.3333333333333333,7,23
BP-1623,AUD-11623,3700.0,1850.0,DEV-11623,0.3333333333333333,7,23
BP-1624,AUD-11624,1300.0,650.0,DEV-11624,0.3333333333333333,7,23
BP-1625,AUD-11625,5800.0,2900.0,DEV-11625,0.3333333333333333,7,23
BP-1626,AUD-11626,2200.0,1100.0,DEV-11626,0.3333333333333333,7,23
BP-1627,AUD-11627,5900.0,2950.0,DEV-11627,0.3333333333333333,7,23
BP-1628,AUD-11628,4100.0,2050.0,DEV-11628,0.3333333333333333,7,23
BP-1629,AUD-11629,1900.0,950.0,DEV-11629,0.3333333333333333,7,23
BP-1630,AUD-11630,3400.0,1700.0,DEV-11630,0.3333333333333333,7,23
BP-1631,AUD-11631,5200.0,2600.0,DEV-11631,0.3333333333333333,7,23
BP-1632,AUD-11632,4300.0,2150.0,DEV-11632,0.3333333333333333,7,23
BP-1633,AUD-11633,1200.0,600.0,DEV-11633,0.3333333333333333,7,23
BP-1634,AUD-11634,2600.0,1300.0,DEV-11634,0.3333333333333333,7,23
BP-1635,AUD-11635,4200.0,2100.0,DEV-11635,0.3333333333333333,7,23
BP-1636,AUD-11636,1100.0,550.0,DEV-11636,0.3333333333333333,7,23
BP-1637,AUD-11637,4900.0,2450.0,DEV-11637,0.3333333333333333,7,23
BP-1638,AUD-11638,1200.0,600.0,DEV-11638,0.3333333333333333,7,23
BP-1639,AUD-11639,3100.0,1550.0,DEV-11639,0.3333333333333333,7,23
BP-1640,AUD-11640,4900.0,2450.0,DEV-11640,0.3333333333333333,7,23
BP-1641,AUD-11641,5000.0,2500.0,DEV-11641,0.3333333333333333,7,23
BP-1642,AUD-11642,5300.0,2650.0,DEV-11642,0.3333333333333333,7,23
BP-1643,AUD-11643,1700.0,850.0,DEV-11643,0.3333333333333333,7,23
BP-1644,AUD-11644,2900.0,1450.0,DEV-11644,0.3333333333333333,7,23
BP-1645,AUD-11645,3800.0,1900.0,DEV-11645,0.3333333333333333,7,23
BP-1646,AUD-11646,2900.0,1450.0,DEV-11646,0.3333333333333333,7,23
BP-1647,AUD-11647,5000.0,2500.0,DEV-11647,0.3333333333333333,7,23
BP-1648,AUD-11648,2800.0,1400.0,DEV-11648,0.3333333333333333,7,23
BP-1649,AUD-11649,2200.0,1100.0,DEV-11649,0.3333333333333333,7,23
BP-1650,AUD-11650,4100.0,2050.0,DEV-11650,0.3333333333333333,7,23
BP-1651,AUD-11651,5800.0,2900.0,DEV-11651,0.3333333333333333,7,23
BP-1652,AUD-11652,1600.0,800.0,DEV-11652,0.3333333333333333,7,23
BP-1653,AUD-11653,1700.0,850.0,DEV-11653,0.3333333333333333,7,23
BP-1654,AUD-11654,1700.0,850.0,DEV-11654,0.3333333333333333,7,23
BP-1655,AUD-11655,4400.0,2200.0,DEV-11655,0.3333333333333333,7,23
BP-1656,AUD-11656,2900.0,1450.0,DEV-11656,0.3333333333333333,7,23
BP-1657,AUD-11657,5600.0,2800.0,DEV-11657,0.3333333333333333,7,23
BP-1658,AUD-11658,3700.0,1850.0,DEV-11658,0.3333333333333333,7,23
BP-1659,AUD-11659,5300.0,2650.0,DEV-11659,0.3333333333333333,7,23
BP-1660,AUD-11660,4800.0,2400.0,DEV-11660,0.3333333333333333,7,23
BP-1661,AUD-11661,1700.0,850.0,DEV-11661,0.3333333333333333,7,23
BP-1662,AUD-11662,4500.0,2250.0,DEV-11662,0.3333333333333333,7,23
BP-1663,AUD-11663,3900.0,1950.0,DEV-11663,0.3333333333333333,7,23
BP-1664,AUD-11664,1300.0,650.0,DEV-11664,0.3333333333333333,7,23
BP-1665,AUD-11665,6000.0,3000.0,DEV-11665,0.3333333333333333,7,23
BP-1666,AUD-11666,1500.0,750.0,DEV-11666,0.3333333333333333,7,23
BP-1667,AUD-11667,1400.0,700.0,DEV-11667,0.3333333333333333,7,23
BP-1668,AUD-11668,3900.0,1950.0,DEV-11668,0.3333333333333333,7,23
BP-1669,AUD-11669,3000.0,1500.0,DEV-11669,0.3333333333333333,7,23
BP-1670,AUD-11670,6000.0,3000.0,DEV-11670,0.3333333333333333,7,23
BP-1671,AUD-11671,3500.0,1750.0,DEV-11671,0.3333333333333333,7,23
BP-1672,AUD-11672,4900.0,2450.0,DEV-11672,0.3333333333333333,7,23
BP-1673,AUD-11673,2300.0,1150.0,DEV-11673,0.3333333333333333,7,23
BP-1674,AUD-11674,3000.0,1500.0,DEV-11674,0.3333333333333333,7,23
BP-1675,AUD-11675,3600.0,1800.0,DEV-11675,0.3333333333333333,7,23
BP-1676,AUD-11676,1100.0,550.0,DEV-11676,0.3333333333333333,7,23
BP-1677,AUD-11677,2200.0,1100.0,DEV-11677,0.3333333333333333,7,23
BP-1678,AUD-11678,3200.0,1600.0,DEV-11678,0.3333333333333333,7,23
BP-1679,AUD-11679,3100.0,1550.0,DEV-11679,0.3333333333333333,7,23
BP-1680,AUD-11680,4000.0,2000.0,DEV-11680,0.3333333333333333,7,23
BP-1681,AUD-11681,4700.0,2350.0,DEV-11681,0.3333333333333333,7,23
BP-1682,AUD-11682,1300.0,650.0,DEV-11682,0.3333333333333333,7,23
BP-1683,AUD-11683,2300.0,1150.0,DEV-11683,0.3333333333333333,7,23
BP-1684,AUD-11684,2700.0,1350.0,DEV-11684,0.3333333333333333,7,23
BP-1685,AUD-11685,4200.0,2100.0,DEV-11685,0.3333333333333333,7,23
BP-1686,AUD-11686,3700.0,1850.0,DEV-11686,0.3333333333333333,7,23
BP-1687,AUD-11687,3500.0,1750.0,DEV-11687,0.3333333333333333,7,23
BP-1688,AUD-11688,3800.0,1900.0,DEV-11688,0.3333333333333333,7,23
BP-1689,AUD-11689,4500.0,2250.0,DEV-11689,0.3333333333333333,7,23
BP-1690,AUD-11690,3800.0,1900.0,DEV-11690,0.3333333333333333,7,23
BP-1691,AUD-11691,5500.0,2750.0,DEV-11691,0.3333333333333333,7,23
BP-1692,AUD-11692,1400.0,700.0,DEV-11692,0.3333333333333333,7,23
BP-1693,AUD-11693,2800.0,1400.0,DEV-11693,0.3333333333333333,7,23
BP-1694,AUD-11694,3400.0,1700.0,DEV-11694,0.3333333333333333,7,23
BP-1695,AUD-11695,2400.0,1200.0,DEV-11695,0.3333333333333333,7,23
BP-1696,AUD-11696,5100.0,2550.0,DEV-11696,0.3333333333333333,7,23
BP-1697,AUD-11697,1300.0,650.0,DEV-11697,0.3333333333333333,7,23
BP-1698,AUD-11698,5700.0,2850.0,DEV-11698,0.3333333333333333,7,23
BP-1699,AUD-11699,2000.0,1000.0,DEV-11699,0.3333333333333333,7,23
BP-1700,AUD-11700,1300.0,650.0,DEV-11700,0.3333333333333333,7,23
BP-1701,AUD-11701,4900.0,2450.0,DEV-11701,0.3333333333333333,7,23
BP-1702,AUD-11702,1300.0,650.0,DEV-11702,0.3333333333333333,7,23
BP-1703,AUD-11703,4900.0,2450.0,DEV-11703,0.3333333333333333,7,23
BP-1704,AUD-11704,4300.0,2150.0,DEV-11704,0.3333333333333333,7,23
BP-1705,AUD-11705,2600.0,1300.0,DEV-11705,0.3333333333333333,7,23
BP-1706,AUD-11706,1400.0,700.0,DEV-11706,0.3333333333333333,7,23
BP-1707,AUD-11707,5500.0,2750.0,DEV-11707,0.3333333333333333,7,23
BP-1708,AUD-11708,2100.0,1050.0,DEV-11708,0.3333333333333333,7,23
BP-1709,AUD-11709,2200.0,1100.0,DEV-11709,0.3333333333333333,7,23
BP-1710,AUD-11710,3500.0,1750.0,DEV-11710,0.3333333333333333,7,23
BP-1711,AUD-11711,3300.0,1650.0,DEV-11711,0.3333333333333333,7,23
BP-1712,AUD-11712,4000.0,2000.0,DEV-11712,0.3333333333333333,7,23
BP-1713,AUD-11713,6000.0,3000.0,DEV-11713,0.3333333333333333,7,23
BP-1714,AUD-11714,5700.0,2850.0,DEV-11714,0.3333333333333333,7,23
BP-1715,AUD-11715,5300.0,2650.0,DEV-11715,0.3333333333333333,7,23
BP-1716,AUD-11716,5300.0,2650.0,DEV-11716,0.3333333333333333,7,23
BP-1717,AUD-11717,5400.0,2700.0,DEV-11717,0.3333333333333333,7,23
BP-1718,AUD-11718,4700.0,2350.0,DEV-11718,0.3333333333333333,7,23
BP-1719,AUD-11719,3500.0,1750.0,DEV-11719,0.3333333333333333,7,23
BP-1720,AUD-11720,4100.0,2050.0,DEV-11720,0.3333333333333333,7,23
BP-1721,AUD-11721,4100.0,2050.0,DEV-11721,0.3333333333333333,7,23
BP-1722,AUD-11722,2100.0,1050.0,DEV-11722,0.3333333333333333,7,23
BP-1723,AUD-11723,4500.0,2250.0,DEV-11723,0.3333333333333333,7,23
BP-1724,AUD-11724,5700.0,2850.0,DEV-11724,0.3333333333333333,7,23
BP-1725,AUD-11725,1000.0,500.0,DEV-11725,0.3333333333333333,7,23
BP-1726,AUD-11726,2700.0,1350.0,DEV-11726,0.3333333333333333,7,23
BP-1727,AUD-11727,4200.0,2100.0,DEV-11727,0.3333333333333333,7,23
BP-1728,AUD-11728,2000.0,1000.0,DEV-11728,0.3333333333333333,7,23
BP-1729,AUD-11729,3600.0,1800.0,DEV-11729,0.3333333333333333,7,23
BP-1730,AUD-11730,2300.0,1150.0,DEV-11730,0.3333333333333333,7,23
BP-1731,AUD-11731,2200.0,1100.0,DEV-11731,0.3333333333333333,7,23
BP-1732,AUD-11732,5500.0,2750.0,DEV-11732,0.3333333333333333,7,23
BP-1733,AUD-11733,1500.0,750.0,DEV-11733,0.3333333333333333,7,23
BP-1734,AUD-11734,5200.0,2600.0,DEV-11734,0.3333333333333333,7,23
BP-1735,AUD-11735,5900.0,2950.0,DEV-11735,0.3333333333333333,7,23
BP-1736,AUD-11736,5400.0,2700.0,DEV-11736,0.3333333333333333,7,23
BP-1737,AUD-11737,2900.0,1450.0,DEV-11737,0.3333333333333333,7,23
BP-1738,AUD-11738,4700.0,2350.0,DEV-11738,0.3333333333333333,7,23
BP-1739,AUD-11739,2600.0,1300.0,DEV-11739,0.3333333333333333,7,23
BP-1740,AUD-11740,5900.0,2950.0,DEV-11740,0.3333333333333333,7,23
BP-1741,AUD-11741,1700.0,850.0,DEV-11741,0.3333333333333333,7,23
BP-1742,AUD-11742,1500.0,750.0,DEV-11742,0.3333333333333333,7,23
BP-1743,AUD-11743,4800.0,2400.0,DEV-11743,0.3333333333333333,7,23
BP-1744,AUD-11744,2600.0,1300.0,DEV-11744,0.3333333333333333,7,23
BP-1745,AUD-11745,4900.0,2450.0,DEV-11745,0.3333333333333333,7,23
BP-1746,AUD-11746,2000.0,1000.0,DEV-11746,0.3333333333333333,7,23
BP-1747,AUD-11747,1500.0,750.0,DEV-11747,0.3333333333333333,7,23
BP-1748,AUD-11748,4700.0,2350.0,DEV-11748,0.3333333333333333,7,23
BP-1749,AUD-11749,2800.0,1400.0,DEV-11749,0.3333333333333333,7,23
BP-1750,AUD-11750,1800.0,900.0,DEV-11750,0.3333333333333333,7,23
BP-1751,AUD-11751,2100.0,1050.0,DEV-11751,0.3333333333333333,7,23
BP-1752,AUD-11752,6000.0,3000.0,DEV-11752,0.3333333333333333,7,23
BP-1753,AUD-11753,2100.0,1050.0,DEV-11753,0.3333333333333333,7,23
BP-1754,AUD-11754,3400.0,1700.0,DEV-11754,0.3333333333333333,7,23
BP-1755,AUD-11755,3200.0,1600.0,DEV-11755,0.3333333333333333,7,23
BP-1756,AUD-11756,1000.0,500.0,DEV-11756,0.3333333333333333,7,23
BP-1757,AUD-11757,4600.0,2300.0,DEV-11757,0.3333333333333333,7,23
BP-1758,AUD-11758,1300.0,650.0,DEV-11758,0.3333333333333333,7,23
BP-1759,AUD-11759,3900.0,1950.0,DEV-11759,0.3333333333333333,7,23
BP-1760,AUD-11760,2200.0,1100.0,DEV-11760,0.3333333333333333,7,23
BP-1761,AUD-11761,4900.0,2450.0,DEV-11761,0.3333333333333333,7,23
BP-1762,AUD-11762,1600.0,800.0,DEV-11762,0.3333333333333333,7,23
BP-1763,AUD-11763,5300.0,2650.0,DEV-11763,0.3333333333333333,7,23
BP-1764,AUD-11764,1600.0,800.0,DEV-11764,0.3333333333333333,7,23
BP-1765,AUD-11765,4000.0,2000.0,DEV-11765,0.3333333333333333,7,23
BP-1766,AUD-11766,3400.0,1700.0,DEV-11766,0.3333333333333333,7,23
BP-1767,AUD-11767,1800.0,900.0,DEV-11767,0.3333333333333333,7,23
BP-1768,AUD-11768,6000.0,3000.0,DEV-11768,0.3333333333333333,7,23
BP-1769,AUD-11769,5500.0,2750.0,DEV-11769,0.3333333333333333,7,23
BP-1770,AUD-11770,6000.0,3000.0,DEV-11770,0.3333333333333333,7,23
BP-1771,AUD-11771,2000.0,1000.0,DEV-11771,0.3333333333333333,7,23
BP-1772,AUD-11772,4400.0,2200.0,DEV-11772,0.3333333333333333,7,23
BP-1773,AUD-11773,5700.0,2850.0,DEV-11773,0.3333333333333333,7,23
BP-1774,AUD-11774,4100.0,2050.0,DEV-11774,0.3333333333333333,7,23
BP-1775,AUD-11775,1800.0,900.0,DEV-11775,0.3333333333333333,7,23
BP-1776,AUD-11776,3600.0,1800.0,DEV-11776,0.3333333333333333,7,23
BP-1777,AUD-11777,5600.0,2800.0,DEV-11777,0.3333333333333333,7,23
BP-1778,AUD-11778,6000.0,3000.0,DEV-11778,0.3333333333333333,7,23
BP-1779,AUD-11779,4200.0,2100.0,DEV-11779,0.3333333333333333,7,23
BP-1780,AUD-11780,4600.0,2300.0,DEV-11780,0.3333333333333333,7,23
BP-1781,AUD-11781,2100.0,1050.0,DEV-11781,0.3333333333333333,7,23
BP-1782,AUD-11782,2900.0,1450.0,DEV-11782,0.3333333333333333,7,23
BP-1783,AUD-11783,3000.0,1500.0,DEV-11783,0.3333333333333333,7,23
BP-1784,AUD-11784,2000.0,1000.0,DEV-11784,0.3333333333333333,7,23
BP-1785,AUD-11785,4500.0,2250.0,DEV-11785,0.3333333333333333,7,23
BP-1786,AUD-11786,1500.0,750.0,DEV-11786,0.3333333333333333,7,23
BP-1787,AUD-11787,2000.0,1000.0,DEV-11787,0.3333333333333333,7,23
BP-1788,AUD-11788,2800.0,1400.0,DEV-11788,0.3333333333333333,7,23
BP-1789,AUD-11789,5800.0,2900.0,DEV-11789,0.3333333333333333,7,23
BP-1790,AUD-11790,3900.0,1950.0,DEV-11790,0.3333333333333333,7,23
BP-1791,AUD-11791,1900.0,950.0,DEV-11791,0.3333333333333333,7,23
BP-1792,AUD-11792,3200.0,1600.0,DEV-11792,0.3333333333333333,7,23
BP-1793,AUD-11793,4300.0,2150.0,DEV-11793,0.3333333333333333,7,23
BP-1794,AUD-11794,4200.0,2100.0,DEV-11794,0.3333333333333333,7,23
BP-1795,AUD-11795,2900.0,1450.0,DEV-11795,0.3333333333333333,7,23
BP-1796,AUD-11796,1600.0,800.0,DEV-11796,0.3333333333333333,7,23
BP-1797,AUD-11797,2600.0,1300.0,DEV-11797,0.3333333333333333,7,23
BP-1798,AUD-11798,1900.0,950.0,DEV-11798,0.3333333333333333,7,23
BP-1799,AUD-11799,2100.0,1050.0,DEV-11799,0.3333333333333333,7,23
BP-1800,AUD-11800,2500.0,1250.0,DEV-11800,0.3333333333333333,7,23
BP-1801,AUD-11801,1200.0,600.0,DEV-11801,0.3333333333333333,7,23
BP-1802,AUD-11802,1900.0,950.0,DEV-11802,0.3333333333333333,7,23
BP-1803,AUD-11803,3500.0,1750.0,DEV-11803,0.3333333333333333,7,23
BP-1804,AUD-11804,1600.0,800.0,DEV-11804,0.3333333333333333,7,23
BP-1805,AUD-11805,2600.0,1300.0,DEV-11805,0.3333333333333333,7,23
BP-1806,AUD-11806,2700.0,1350.0,DEV-11806,0.3333333333333333,7,23
BP-1807,AUD-11807,2300.0,1150.0,DEV-11807,0.3333333333333333,7,23
BP-1808,AUD-11808,2600.0,1300.0,DEV-11808,0.3333333333333333,7,23
BP-1809,AUD-11809,2100.0,1050.0,DEV-11809,0.3333333333333333,7,23
BP-1810,AUD-11810,5900.0,2950.0,DEV-11810,0.3333333333333333,7,23
BP-1811,AUD-11811,2100.0,1050.0,DEV-11811,0.3333333333333333,7,23
BP-1812,AUD-11812,3800.0,1900.0,DEV-11812,0.3333333333333333,7,23
BP-1813,AUD-11813,5600.0,2800.0,DEV-11813,0.3333333333333333,7,23
BP-1814,AUD-11814,5000.0,2500.0,DEV-11814,0.3333333333333333,7,23
BP-1815,AUD-11815,1400.0,700.0,DEV-11815,0.3333333333333333,7,23
BP-1816,AUD-11816,4200.0,2100.0,DEV-11816,0.3333333333333333,7,23
BP-1817,AUD-11817,1900.0,950.0,DEV-11817,0.3333333333333333,7,23
BP-1818,AUD-11818,4300.0,2150.0,DEV-11818,0.3333333333333333,7,23
BP-1819,AUD-11819,5600.0,2800.0,DEV-11819,0.3333333333333333,7,23
BP-1820,AUD-11820,3400.0,1700.0,DEV-11820,0.3333333333333333,7,23
BP-1821,AUD-11821,1200.0,600.0,DEV-11821,0.3333333333333333,7,23
BP-1822,AUD-11822,4000.0,2000.0,DEV-11822,0.3333333333333333,7,23
BP-1823,AUD-11823,5700.0,2850.0,DEV-11823,0.3333333333333333,7,23
BP-1824,AUD-11824,3000.0,1500.0,DEV-11824,0.3333333333333333,7,23
BP-1825,AUD-11825,3600.0,1800.0,DEV-11825,0.3333333333333333,7,23
BP-1826,AUD-11826,3300.0,1650.0,DEV-11826,0.3333333333333333,7,23
BP-1827,AUD-11827,3900.0,1950.0,DEV-11827,0.3333333333333333,7,23
BP-1828,AUD-11828,5900.0,2950.0,DEV-11828,0.3333333333333333,7,23
BP-1829,AUD-11829,4200.0,2100.0,DEV-11829,0.3333333333333333,7,23
BP-1830,AUD-11830,2300.0,1150.0,DEV-11830,0.3333333333333333,7,23
BP-1831,AUD-11831,2200.0,1100.0,DEV-11831,0.3333333333333333,7,23
BP-1832,AUD-11832,1600.0,800.0,DEV-11832,0.3333333333333333,7,23
BP-1833,AUD-11833,2400.0,1200.0,DEV-11833,0.3333333333333333,7,23
BP-1834,AUD-11834,5700.0,2850.0,DEV-11834,0.3333333333333333,7,23
BP-1835,AUD-11835,3300.0,1650.0,DEV-11835,0.3333333333333333,7,23
BP-1836,AUD-11836,1100.0,550.0,DEV-11836,0.3333333333333333,7,23
BP-1837,AUD-11837,5800.0,2900.0,DEV-11837,0.3333333333333333,7,23
BP-1838,AUD-11838,2300.0,1150.0,DEV-11838,0.3333333333333333,7,23
BP-1839,AUD-11839,1800.0,900.0,DEV-11839,0.3333333333333333,7,23
BP-1840,AUD-11840,3500.0,1750.0,DEV-11840,0.3333333333333333,7,23
BP-1841,AUD-11841,2900.0,1450.0,DEV-11841,0.3333333333333333,7,23
BP-1842,AUD-11842,5200.0,2600.0,DEV-11842,0.3333333333333333,7,23
BP-1843,AUD-11843,5400.0,2700.0,DEV-11843,0.3333333333333333,7,23
BP-1844,AUD-11844,4200.0,2100.0,DEV-11844,0.3333333333333333,7,23
BP-1845,AUD-11845,4000.0,2000.0,DEV-11845,0.3333333333333333,7,23
BP-1846,AUD-11846,2100.0,1050.0,DEV-11846,0.3333333333333333,7,23
BP-1847,AUD-11847,4200.0,2100.0,DEV-11847,0.3333333333333333,7,23
BP-1848,AUD-11848,5300.0,2650.0,DEV-11848,0.3333333333333333,7,23
BP-1849,AUD-11849,1700.0,850.0,DEV-11849,0.3333333333333333,7,23
BP-1850,AUD-11850,4400.0,2200.0,DEV-11850,0.3333333333333333,7,23
BP-1851,AUD-11851,4000.0,2000.0,DEV-11851,0.3333333333333333,7,23
BP-1852,AUD-11852,3100.0,1550.0,DEV-11852,0.3333333333333333,7,23
BP-1853,AUD-11853,2200.0,1100.0,DEV-11853,0.3333333333333333,7,23
BP-1854,AUD-11854,1100.0,550.0,DEV-11854,0.3333333333333333,7,23
BP-1855,AUD-11855,4400.0,2200.0,DEV-11855,0.3333333333333333,7,23
BP-1856,AUD-11856,5800.0,2900.0,DEV-11856,0.3333333333333333,7,23
BP-1857,AUD-11857,3900.0,1950.0,DEV-11857,0.3333333333333333,7,23
BP-1858,AUD-11858,5600.0,2800.0,DEV-11858,0.3333333333333333,7,23
BP-1859,AUD-11859,3800.0,1900.0,DEV-11859,0.3333333333333333,7,23
BP-1860,AUD-11860,2600.0,1300.0,DEV-11860,0.3333333333333333,7,23
BP-1861,AUD-11861,3800.0,1900.0,DEV-11861,0.3333333333333333,7,23
BP-1862,AUD-11862,3900.0,1950.0,DEV-11862,0.3333333333333333,7,23
BP-1863,AUD-11863,5500.0,2750.0,DEV-11863,0.3333333333333333,7,23
BP-1864,AUD-11864,2200.0,1100.0,DEV-11864,0.3333333333333333,7,23
BP-1865,AUD-11865,5300.0,2650.0,DEV-11865,0.3333333333333333,7,23
BP-1866,AUD-11866,1000.0,500.0,DEV-11866,0.3333333333333333,7,23
BP-1867,AUD-11867,1000.0,500.0,DEV-11867,0.3333333333333333,7,23
BP-1868,AUD-11868,1300.0,650.0,DEV-11868,0.3333333333333333,7,23
BP-1869,AUD-11869,3100.0,1550.0,DEV-11869,0.3333333333333333,7,23
BP-1870,AUD-11870,1600.0,800.0,DEV-11870,0.3333333333333333,7,23
BP-1871,AUD-11871,3700.0,1850.0,DEV-11871,0.3333333333333333,7,23
BP-1872,AUD-11872,6000.0,3000.0,DEV-11872,0.3333333333333333,7,23
BP-1873,AUD-11873,4900.0,2450.0,DEV-11873,0.3333333333333333,7,23
BP-1874,AUD-11874,4400.0,2200.0,DEV-11874,0.3333333333333333,7,23
BP-1875,AUD-11875,2500.0,1250.0,DEV-11875,0.3333333333333333,7,23
BP-1876,AUD-11876,4800.0,2400.0,DEV-11876,0.3333333333333333,7,23
BP-1877,AUD-11877,3300.0,1650.0,DEV-11877,0.3333333333333333,7,23
BP-1878,AUD-11878,1100.0,550.0,DEV-11878,0.3333333333333333,7,23
BP-1879,AUD-11879,3700.0,1850.0,DEV-11879,0.3333333333333333,7,23
BP-1880,AUD-11880,1900.0,950.0,DEV-11880,0.3333333333333333,7,23
BP-1881,AUD-11881,2500.0,1250.0,DEV-11881,0.3333333333333333,7,23
BP-1882,AUD-11882,5800.0,2900.0,DEV-11882,0.3333333333333333,7,23
BP-1883,AUD-11883,4300.0,2150.0,DEV-11883,0.3333333333333333,7,23
BP-1884,AUD-11884,1900.0,950.0,DEV-11884,0.3333333333333333,7,23
BP-1885,AUD-11885,2100.0,1050.0,DEV-11885,0.3333333333333333,7,23
BP-1886,AUD-11886,5600.0,2800.0,DEV-11886,0.3333333333333333,7,23
BP-1887,AUD-11887,5100.0,2550.0,DEV-11887,0.3333333333333333,7,23
BP-1888,AUD-11888,4700.0,2350.0,DEV-11888,0.3333333333333333,7,23
BP-1889,AUD-11889,4400.0,2200.0,DEV-11889,0.3333333333333333,7,23
BP-1890,AUD-11890,4000.0,2000.0,DEV-11890,0.3333333333333333,7,23
BP-1891,AUD-11891,5500.0,2750.0,DEV-11891,0.3333333333333333,7,23
BP-1892,AUD-11892,5600.0,2800.0,DEV-11892,0.3333333333333333,7,23
BP-1893,AUD-11893,4900.0,2450.0,DEV-11893,0.3333333333333333,7,23
BP-1894,AUD-11894,2700.0,1350.0,DEV-11894,0.3333333333333333,7,23
BP-1895,AUD-11895,4000.0,2000.0,DEV-11895,0.3333333333333333,7,23
BP-1896,AUD-11896,2500.0,1250.0,DEV-11896,0.3333333333333333,7,23
BP-1897,AUD-11897,1000.0,500.0,DEV-11897,0.3333333333333333,7,23
BP-1898,AUD-11898,3700.0,1850.0,DEV-11898,0.3333333333333333,7,23
BP-1899,AUD-11899,3500.0,1750.0,DEV-11899,0.3333333333333333,7,23
BP-1900,AUD-11900,1800.0,900.0,DEV-11900,0.3333333333333333,7,23
BP-1901,AUD-11901,1700.0,850.0,DEV-11901,0.3333333333333333,7,23
BP-1902,AUD-11902,3100.0,1550.0,DEV-11902,0.3333333333333333,7,23
BP-1903,AUD-11903,3300.0,1650.0,DEV-11903,0.3333333333333333,7,23
BP-1904,AUD-11904,3300.0,1650.0,DEV-11904,0.3333333333333333,7,23
BP-1905,AUD-11905,4000.0,2000.0,DEV-11905,0.3333333333333333,7,23
BP-1906,AUD-11906,5000.0,2500.0,DEV-11906,0.3333333333333333,7,23
BP-1907,AUD-11907,1900.0,950.0,DEV-11907,0.3333333333333333,7,23
BP-1908,AUD-11908,3500.0,1750.0,DEV-11908,0.3333333333333333,7,23
BP-1909,AUD-11909,4800.0,2400.0,DEV-11909,0.3333333333333333,7,23
BP-1910,AUD-11910,1800.0,900.0,DEV-11910,0.3333333333333333,7,23
BP-1911,AUD-11911,4100.0,2050.0,DEV-11911,0.3333333333333333,7,23
BP-1912,AUD-11912,2300.0,1150.0,DEV-11912,0.3333333333333333,7,23
BP-1913,AUD-11913,4900.0,2450.0,DEV-11913,0.3333333333333333,7,23
BP-1914,AUD-11914,5700.0,2850.0,DEV-11914,0.3333333333333333,7,23
BP-1915,AUD-11915,4100.0,2050.0,DEV-11915,0.3333333333333333,7,23
BP-1916,AUD-11916,3000.0,1500.0,DEV-11916,0.3333333333333333,7,23
BP-1917,AUD-11917,5400.0,2700.0,DEV-11917,0.3333333333333333,7,23
BP-1918,AUD-11918,6000.0,3000.0,DEV-11918,0.3333333333333333,7,23
BP-1919,AUD-11919,5600.0,2800.0,DEV-11919,0.3333333333333333,7,23
BP-1920,AUD-11920,2300.0,1150.0,DEV-11920,0.3333333333333333,7,23
BP-1921,AUD-11921,5700.0,2850.0,DEV-11921,0.3333333333333333,7,23
BP-1922,AUD-11922,3400.0,1700.0,DEV-11922,0.3333333333333333,7,23
BP-1923,AUD-11923,1100.0,550.0,DEV-11923,0.3333333333333333,7,23
BP-1924,AUD-11924,5700.0,2850.0,DEV-11924,0.3333333333333333,7,23
BP-1925,AUD-11925,5300.0,2650.0,DEV-11925,0.3333333333333333,7,23
BP-1926,AUD-11926,5600.0,2800.0,DEV-11926,0.3333333333333333,7,23
BP-1927,AUD-11927,4600.0,2300.0,DEV-11927,0.3333333333333333,7,23
BP-1928,AUD-11928,4400.0,2200.0,DEV-11928,0.3333333333333333,7,23
BP-1929,AUD-11929,3500.0,1750.0,DEV-11929,0.3333333333333333,7,23
BP-1930,AUD-11930,5500.0,2750.0,DEV-11930,0.3333333333333333,7,23
BP-1931,AUD-11931,3400.0,1700.0,DEV-11931,0.3333333333333333,7,23
BP-1932,AUD-11932,4700.0,2350.0,DEV-11932,0.3333333333333333,7,23
BP-1933,AUD-11933,3300.0,1650.0,DEV-11933,0.3333333333333333,7,23
BP-1934,AUD-11934,2400.0,1200.0,DEV-11934,0.3333333333333333,7,23
BP-1935,AUD-11935,5700.0,2850.0,DEV-11935,0.3333333333333333,7,23
BP-1936,AUD-11936,1800.0,900.0,DEV-11936,0.3333333333333333,7,23
BP-1937,AUD-11937,1200.0,600.0,DEV-11937,0.3333333333333333,7,23
BP-1938,AUD-11938,2700.0,1350.0,DEV-11938,0.3333333333333333,7,23
BP-1939,AUD-11939,5000.0,2500.0,DEV-11939,0.3333333333333333,7,23
BP-1940,AUD-11940,1000.0,500.0,DEV-11940,0.3333333333333333,7,23
BP-1941,AUD-11941,4700.0,2350.0,DEV-11941,0.3333333333333333,7,23
BP-1942,AUD-11942,4800.0,2400.0,DEV-11942,0.3333333333333333,7,23
BP-1943,AUD-11943,2300.0,1150.0,DEV-11943,0.3333333333333333,7,23
BP-1944,AUD-11944,4700.0,2350.0,DEV-11944,0.3333333333333333,7,23
BP-1945,AUD-11945,3700.0,1850.0,DEV-11945,0.3333333333333333,7,23
BP-1946,AUD-11946,5300.0,2650.0,DEV-11946,0.3333333333333333,7,23
BP-1947,AUD-11947,2400.0,1200.0,DEV-11947,0.3333333333333333,7,23
BP-1948,AUD-11948,1500.0,750.0,DEV-11948,0.3333333333333333,7,23
BP-1949,AUD-11949,3400.0,1700.0,DEV-11949,0.3333333333333333,7,23
BP-1950,AUD-11950,3700.0,1850.0,DEV-11950,0.3333333333333333,7,23
BP-1951,AUD-11951,1400.0,700.0,DEV-11951,0.3333333333333333,7,23
BP-1952,AUD-11952,4900.0,2450.0,DEV-11952,0.3333333333333333,7,23
BP-1953,AUD-11953,4200.0,2100.0,DEV-11953,0.3333333333333333,7,23
BP-1954,AUD-11954,1500.0,750.0,DEV-11954,0.3333333333333333,7,23
BP-1955,AUD-11955,3300.0,1650.0,DEV-11955,0.3333333333333333,7,23
BP-1956,AUD-11956,4200.0,2100.0,DEV-11956,0.3333333333333333,7,23
BP-1957,AUD-11957,1100.0,550.0,DEV-11957,0.3333333333333333,7,23
BP-1958,AUD-11958,5800.0,2900.0,DEV-11958,0.3333333333333333,7,23
BP-1959,AUD-11959,4900.0,2450.0,DEV-11959,0.3333333333333333,7,23
BP-1960,AUD-11960,1300.0,650.0,DEV-11960,0.3333333333333333,7,23
BP-1961,AUD-11961,4100.0,2050.0,DEV-11961,0.3333333333333333,7,23
BP-1962,AUD-11962,5300.0,2650.0,DEV-11962,0.3333333333333333,7,23
BP-1963,AUD-11963,1100.0,550.0,DEV-11963,0.3333333333333333,7,23
BP-1964,AUD-11964,5000.0,2500.0,DEV-11964,0.3333333333333333,7,23
BP-1965,AUD-11965,3600.0,1800.0,DEV-11965,0.3333333333333333,7,23
BP-1966,AUD-11966,3700.0,1850.0,DEV-11966,0.3333333333333333,7,23
BP-1967,AUD-11967,3100.0,1550.0,DEV-11967,0.3333333333333333,7,23
BP-1968,AUD-11968,2300.0,1150.0,DEV-11968,0.3333333333333333,7,23
BP-1969,AUD-11969,1000.0,500.0,DEV-11969,0.3333333333333333,7,23
BP-1970,AUD-11970,3200.0,1600.0,DEV-11970,0.3333333333333333,7,23
BP-1971,AUD-11971,5500.0,2750.0,DEV-11971,0.3333333333333333,7,23
BP-1972,AUD-11972,2200.0,1100.0,DEV-11972,0.3333333333333333,7,23
BP-1973,AUD-11973,1200.0,600.0,DEV-11973,0.3333333333333333,7,23
BP-1974,AUD-11974,3500.0,1750.0,DEV-11974,0.3333333333333333,7,23
BP-1975,AUD-11975,1600.0,800.0,DEV-11975,0.3333333333333333,7,23
BP-1976,AUD-11976,5100.0,2550.0,DEV-11976,0.3333333333333333,7,23
BP-1977,AUD-11977,3200.0,1600.0,DEV-11977,0.3333333333333333,7,23
BP-1978,AUD-11978,2700.0,1350.0,DEV-11978,0.3333333333333333,7,23
BP-1979,AUD-11979,5200.0,2600.0,DEV-11979,0.3333333333333333,7,23
BP-1980,AUD-11980,1000.0,500.0,DEV-11980,0.3333333333333333,7,23
BP-1981,AUD-11981,4800.0,2400.0,DEV-11981,0.3333333333333333,7,23
BP-1982,AUD-11982,1800.0,900.0,DEV-11982,0.3333333333333333,7,23
BP-1983,AUD-11983,4200.0,2100.0,DEV-11983,0.3333333333333333,7,23
BP-1984,AUD-11984,1400.0,700.0,DEV-11984,0.3333333333333333,7,23
BP-1985,AUD-11985,3800.0,1900.0,DEV-11985,0.3333333333333333,7,23
BP-1986,AUD-11986,4400.0,2200.0,DEV-11986,0.3333333333333333,7,23
BP-1987,AUD-11987,5900.0,2950.0,DEV-11987,0.3333333333333333,7,23
BP-1988,AUD-11988,6000.0,3000.0,DEV-11988,0.3333333333333333,7,23
BP-1989,AUD-11989,2100.0,1050.0,DEV-11989,0.3333333333333333,7,23
BP-1990,AUD-11990,2200.0,1100.0,DEV-11990,0.3333333333333333,7,23
BP-1991,AUD-11991,1200.0,600.0,DEV-11991,0.3333333333333333,7,23
BP-1992,AUD-11992,1800.0,900.0,DEV-11992,0.3333333333333333,7,23
BP-1993,AUD-11993,5500.0,2750.0,DEV-11993,0.3333333333333333,7,23
BP-1994,AUD-11994,4800.0,2400.0,DEV-11994,0.3333333333333333,7,23
BP-1995,AUD-11995,2400.0,1200.0,DEV-11995,0.3333333333333333,7,23
BP-1996,AUD-11996,1000.0,500.0,DEV-11996,0.3333333333333333,7,23
BP-1997,AUD-11997,2300.0,1150.0,DEV-11997,0.3333333333333333,7,23
BP-1998,AUD-11998,5300.0,2650.0,DEV-11998,0.3333333333333333,7,23
BP-1999,AUD-11999,4700.0,2350.0,DEV-11999,0.3333333333333333,7,23
