loan_id,customer_id,principal,interest_rate_pct,tenure_months,monthly_emi,monthly_emi_paise,due_day_of_month,loan_start_date,loan_status,outstanding_balance
LN-1-0,AUD-10001,136267.21,11.3273,24,6371.85,637185,24,2026-07-01,Active,136267.21
LN-1-1,AUD-10001,171562.29,19.4059,12,15843.85,1584385,24,2026-07-01,Active,171562.29
LN-2-0,AUD-10002,275191.19,17.8763,12,25213.33,2521333,24,2026-07-01,Active,275191.19
LN-3-0,AUD-10003,642839.73,16.4026,12,58447.96,5844796,27,2026-07-01,Active,642839.73
LN-4-0,AUD-10004,888666.18,11.9273,12,78926.69,7892669,23,2026-07-01,Active,888666.18
LN-5-0,AUD-10005,265067.97,19.7979,12,24528.8,2452880,28,2026-07-01,Active,265067.97
LN-6-0,AUD-10006,127880.77,19.1566,24,6456.03,645603,24,2026-07-01,Active,127880.77
LN-7-0,AUD-10007,304218.9,17.1831,12,27772.65,2777265,28,2026-07-01,Active,304218.9
LN-8-0,AUD-10008,430397.82,19.5655,24,21814.2,2181420,23,2026-07-01,Active,430397.82
LN-9-0,AUD-10009,396102.68,16.8014,36,14083.03,1408303,26,2026-07-01,Active,396102.68
LN-11-0,AUD-10011,230954.25,19.3039,36,8501.39,850139,28,2026-07-01,Active,230954.25
LN-11-1,AUD-10011,100770.01,17.4968,24,5006.38,500638,28,2026-07-01,Active,100770.01
LN-12-0,AUD-10012,216226.59,17.0093,36,7710.07,771007,23,2026-07-01,Active,216226.59
LN-13-0,AUD-10013,673858.2,17.1501,24,33365.7,3336570,25,2026-07-01,Active,673858.2
LN-14-0,AUD-10014,678549.72,13.6702,24,32473.5,3247350,28,2026-07-01,Active,678549.72
LN-15-0,AUD-10015,256626.07,13.8029,36,8746.33,874633,27,2026-07-01,Active,256626.07
LN-16-0,AUD-10016,817172.96,11.0106,24,38090.68,3809068,25,2026-07-01,Active,817172.96
LN-17-0,AUD-10017,764676.86,16.4721,36,27062.34,2706234,26,2026-07-01,Active,764676.86
LN-18-0,AUD-10018,450545.39,10.0217,24,20794.89,2079489,20,2026-07-01,Active,450545.39
LN-19-0,AUD-10019,529683.35,11.9083,12,47039.01,4703901,23,2026-07-01,Active,529683.35
LN-21-0,AUD-10021,376104.86,12.2511,36,12537.22,1253722,27,2026-07-01,Active,376104.86
LN-21-1,AUD-10021,625738.23,14.1178,36,21422.06,2142206,27,2026-07-01,Active,625738.23
LN-22-0,AUD-10022,138801.57,17.7338,36,4999.49,499949,26,2026-07-01,Active,138801.57
LN-23-0,AUD-10023,676592.38,17.9177,24,33751.36,3375136,21,2026-07-01,Active,676592.38
LN-24-0,AUD-10024,591309.96,15.102,24,28699.29,2869929,25,2026-07-01,Active,591309.96
LN-25-0,AUD-10025,266067.63,17.6938,12,24354.32,2435432,25,2026-07-01,Active,266067.63
LN-26-0,AUD-10026,152926.54,16.5399,12,13914.26,1391426,21,2026-07-01,Active,152926.54
LN-27-0,AUD-10027,286085.57,18.7151,36,10445.59,1044559,20,2026-07-01,Active,286085.57
LN-28-0,AUD-10028,790893.49,10.5713,24,36704.6,3670460,27,2026-07-01,Active,790893.49
LN-29-0,AUD-10029,440334.72,17.125,36,15726.53,1572653,21,2026-07-01,Active,440334.72
LN-31-0,AUD-10031,335813.89,13.3523,24,16020.83,1602083,22,2026-07-01,Active,335813.89
LN-31-1,AUD-10031,396783.15,17.7392,36,14292.8,1429280,22,2026-07-01,Active,396783.15
LN-32-0,AUD-10032,379646.12,18.6248,12,34918.95,3491895,21,2026-07-01,Active,379646.12
LN-33-0,AUD-10033,123421.24,13.13,24,5875.21,587521,21,2026-07-01,Active,123421.24
LN-34-0,AUD-10034,574128.73,15.5498,24,27987.78,2798778,25,2026-07-01,Active,574128.73
LN-35-0,AUD-10035,396932.17,11.911,24,18668.49,1866849,24,2026-07-01,Active,396932.17
LN-36-0,AUD-10036,440914.52,13.8422,12,39555.71,3955571,20,2026-07-01,Active,440914.52
LN-37-0,AUD-10037,856039.5,18.4505,12,78665.34,7866534,24,2026-07-01,Active,856039.5
LN-38-0,AUD-10038,92011.25,14.2021,24,4426.51,442651,24,2026-07-01,Active,92011.25
LN-39-0,AUD-10039,62824.42,18.5466,36,2288.52,228852,21,2026-07-01,Active,62824.42
LN-41-0,AUD-10041,497049.6,15.8502,36,17438.05,1743805,27,2026-07-01,Active,497049.6
LN-41-1,AUD-10041,835039.32,13.6122,12,74823.49,7482349,27,2026-07-01,Active,835039.32
LN-42-0,AUD-10042,166161.18,14.6157,36,5728.81,572881,24,2026-07-01,Active,166161.18
LN-43-0,AUD-10043,287772.84,10.8802,12,25417.77,2541777,23,2026-07-01,Active,287772.84
LN-44-0,AUD-10044,300000.05,18.0912,36,10859.45,1085945,26,2026-07-01,Active,300000.05
LN-45-0,AUD-10045,286061.42,11.8184,36,9476.53,947653,24,2026-07-01,Active,286061.42
LN-46-0,AUD-10046,263737.92,18.4782,36,9598.15,959815,23,2026-07-01,Active,263737.92
LN-47-0,AUD-10047,121260.85,11.4013,36,3993.01,399301,20,2026-07-01,Active,121260.85
LN-48-0,AUD-10048,638717.02,13.0154,12,57053.08,5705308,23,2026-07-01,Active,638717.02
LN-49-0,AUD-10049,466948.05,12.8252,36,15694.05,1569405,28,2026-07-01,Active,466948.05
LN-51-0,AUD-10051,643789.5,11.6691,12,57100.3,5710030,22,2026-07-01,Active,643789.5
LN-51-1,AUD-10051,638643.24,18.7862,12,58790.03,5879003,22,2026-07-01,Active,638643.24
LN-52-0,AUD-10052,468556.51,14.4088,12,42160.51,4216051,28,2026-07-01,Active,468556.51
LN-53-0,AUD-10053,269351.89,13.1029,24,12818.5,1281850,23,2026-07-01,Active,269351.89
LN-54-0,AUD-10054,223780.15,12.69,36,7506.66,750666,28,2026-07-01,Active,223780.15
LN-55-0,AUD-10055,439498.32,13.735,36,14964.51,1496451,21,2026-07-01,Active,439498.32
LN-56-0,AUD-10056,619052.41,13.3205,36,20954.0,2095400,26,2026-07-01,Active,619052.41
LN-57-0,AUD-10057,550670.94,15.672,36,19270.9,1927090,23,2026-07-01,Active,550670.94
LN-58-0,AUD-10058,425769.25,11.4247,36,14024.92,1402492,25,2026-07-01,Active,425769.25
LN-59-0,AUD-10059,516135.1,18.4675,24,25884.31,2588431,24,2026-07-01,Active,516135.1
LN-61-0,AUD-10061,457505.37,15.8205,24,22361.68,2236168,28,2026-07-01,Active,457505.37
LN-61-1,AUD-10061,485681.33,11.6427,36,16048.82,1604882,28,2026-07-01,Active,485681.33
LN-62-0,AUD-10062,182533.7,17.168,24,9039.62,903962,27,2026-07-01,Active,182533.7
LN-63-0,AUD-10063,179778.45,18.695,12,16541.61,1654161,21,2026-07-01,Active,179778.45
LN-64-0,AUD-10064,140438.68,14.195,24,6755.81,675581,26,2026-07-01,Active,140438.68
LN-65-0,AUD-10065,119603.9,19.1777,36,4394.96,439496,22,2026-07-01,Active,119603.9
LN-66-0,AUD-10066,174039.53,19.1869,12,16054.42,1605442,23,2026-07-01,Active,174039.53
LN-67-0,AUD-10067,898567.04,16.5715,24,44242.4,4424240,20,2026-07-01,Active,898567.04
LN-68-0,AUD-10068,180823.18,18.0449,24,9031.35,903135,28,2026-07-01,Active,180823.18
LN-69-0,AUD-10069,521874.86,12.4599,36,17448.58,1744858,26,2026-07-01,Active,521874.86
LN-71-0,AUD-10071,66400.0,14.4274,24,3201.48,320148,20,2026-07-01,Active,66400.0
LN-71-1,AUD-10071,233511.68,16.1943,36,8232.0,823200,20,2026-07-01,Active,233511.68
LN-72-0,AUD-10072,363908.5,10.3398,36,11800.44,1180044,26,2026-07-01,Active,363908.5
LN-73-0,AUD-10073,533480.92,19.3634,24,26986.33,2698633,26,2026-07-01,Active,533480.92
LN-74-0,AUD-10074,383478.31,18.3247,24,19205.03,1920503,20,2026-07-01,Active,383478.31
LN-75-0,AUD-10075,200692.1,19.9637,36,7454.73,745473,22,2026-07-01,Active,200692.1
LN-76-0,AUD-10076,110425.34,11.6894,24,5182.1,518210,26,2026-07-01,Active,110425.34
LN-77-0,AUD-10077,273003.69,19.4882,12,25222.74,2522274,20,2026-07-01,Active,273003.69
LN-78-0,AUD-10078,329109.66,13.2993,24,15692.78,1569278,20,2026-07-01,Active,329109.66
LN-79-0,AUD-10079,415532.17,12.4193,12,37001.09,3700109,27,2026-07-01,Active,415532.17
LN-81-0,AUD-10081,204557.4,13.6138,12,18329.47,1832947,20,2026-07-01,Active,204557.4
LN-81-1,AUD-10081,72310.36,19.1834,36,2657.32,265732,20,2026-07-01,Active,72310.36
LN-82-0,AUD-10082,276652.76,17.7793,24,13782.15,1378215,24,2026-07-01,Active,276652.76
LN-83-0,AUD-10083,329322.74,18.3545,12,30247.9,3024790,27,2026-07-01,Active,329322.74
LN-84-0,AUD-10084,532576.25,14.9351,24,25806.42,2580642,23,2026-07-01,Active,532576.25
LN-85-0,AUD-10085,194071.41,18.5689,12,17845.05,1784505,24,2026-07-01,Active,194071.41
LN-86-0,AUD-10086,113356.63,12.2868,12,10086.82,1008682,20,2026-07-01,Active,113356.63
LN-87-0,AUD-10087,395173.32,17.4715,24,19627.92,1962792,20,2026-07-01,Active,395173.32
LN-88-0,AUD-10088,271917.41,10.4065,36,8826.0,882600,23,2026-07-01,Active,271917.41
LN-89-0,AUD-10089,163968.01,17.6977,24,8162.03,816203,23,2026-07-01,Active,163968.01
LN-91-0,AUD-10091,216545.53,11.1543,12,19154.25,1915425,28,2026-07-01,Active,216545.53
LN-91-1,AUD-10091,221497.54,11.6544,24,10390.94,1039094,28,2026-07-01,Active,221497.54
LN-92-0,AUD-10092,464155.67,19.1747,12,42813.72,4281372,27,2026-07-01,Active,464155.67
LN-93-0,AUD-10093,519844.05,18.6434,24,26114.64,2611464,24,2026-07-01,Active,519844.05
LN-94-0,AUD-10094,246002.83,12.9739,36,8285.71,828571,21,2026-07-01,Active,246002.83
LN-95-0,AUD-10095,690511.85,11.4741,24,32335.47,3233547,21,2026-07-01,Active,690511.85
LN-96-0,AUD-10096,219142.83,10.0652,36,7077.83,707783,22,2026-07-01,Active,219142.83
LN-97-0,AUD-10097,604228.43,13.0552,36,20374.91,2037491,24,2026-07-01,Active,604228.43
LN-98-0,AUD-10098,791606.38,18.2412,36,28714.33,2871433,22,2026-07-01,Active,791606.38
LN-99-0,AUD-10099,412992.28,15.1539,24,20054.82,2005482,22,2026-07-01,Active,412992.28
LN-101-0,AUD-10101,532573.56,18.3186,36,19339.02,1933902,21,2026-07-01,Active,532573.56
LN-101-1,AUD-10101,678865.51,17.8032,36,24475.63,2447563,21,2026-07-01,Active,678865.51
LN-102-0,AUD-10102,166152.9,16.5715,36,5888.43,588843,25,2026-07-01,Active,166152.9
LN-103-0,AUD-10103,910532.05,13.5394,36,30916.5,3091650,27,2026-07-01,Active,910532.05
LN-104-0,AUD-10104,272780.32,11.9488,36,9053.54,905354,22,2026-07-01,Active,272780.32
LN-105-0,AUD-10105,461332.71,15.562,36,16119.51,1611951,26,2026-07-01,Active,461332.71
LN-106-0,AUD-10106,470506.42,16.0719,24,23053.62,2305362,28,2026-07-01,Active,470506.42
LN-107-0,AUD-10107,611040.27,10.7544,36,19933.68,1993368,25,2026-07-01,Active,611040.27
LN-108-0,AUD-10108,797947.99,13.1853,36,26957.28,2695728,26,2026-07-01,Active,797947.99
LN-109-0,AUD-10109,518421.94,13.3182,36,17547.24,1754724,21,2026-07-01,Active,518421.94
LN-111-0,AUD-10111,172534.45,11.3105,12,15273.88,1527388,22,2026-07-01,Active,172534.45
LN-111-1,AUD-10111,195505.46,17.5926,36,7028.1,702810,22,2026-07-01,Active,195505.46
LN-112-0,AUD-10112,481898.44,17.9464,24,24045.87,2404587,28,2026-07-01,Active,481898.44
LN-113-0,AUD-10113,674974.37,18.5407,36,24585.4,2458540,23,2026-07-01,Active,674974.37
LN-114-0,AUD-10114,543897.3,11.843,12,48284.67,4828467,24,2026-07-01,Active,543897.3
LN-115-0,AUD-10115,365757.52,11.0073,24,17048.41,1704841,25,2026-07-01,Active,365757.52
LN-116-0,AUD-10116,305391.44,14.3584,24,14714.48,1471448,27,2026-07-01,Active,305391.44
LN-117-0,AUD-10117,453068.71,12.8932,36,15242.38,1524238,24,2026-07-01,Active,453068.71
LN-118-0,AUD-10118,126493.1,16.622,24,6231.16,623116,20,2026-07-01,Active,126493.1
LN-119-0,AUD-10119,239515.75,16.9196,24,11832.95,1183295,21,2026-07-01,Active,239515.75
LN-121-0,AUD-10121,663127.76,13.2314,36,22417.36,2241736,27,2026-07-01,Active,663127.76
LN-121-1,AUD-10121,990699.96,19.719,36,36676.28,3667628,27,2026-07-01,Active,990699.96
LN-122-0,AUD-10122,233652.06,10.2387,12,20567.67,2056767,24,2026-07-01,Active,233652.06
LN-123-0,AUD-10123,298223.25,14.7175,12,26877.39,2687739,21,2026-07-01,Active,298223.25
LN-124-0,AUD-10124,282657.22,16.9272,12,25769.91,2576991,25,2026-07-01,Active,282657.22
LN-125-0,AUD-10125,502585.62,14.867,36,17389.59,1738959,20,2026-07-01,Active,502585.62
LN-126-0,AUD-10126,640927.1,15.8674,36,22491.15,2249115,20,2026-07-01,Active,640927.1
LN-127-0,AUD-10127,938824.48,18.142,36,34007.66,3400766,24,2026-07-01,Active,938824.48
LN-128-0,AUD-10128,201379.69,14.5662,12,18135.0,1813500,20,2026-07-01,Active,201379.69
LN-129-0,AUD-10129,95272.04,13.602,36,3237.78,323778,22,2026-07-01,Active,95272.04
LN-131-0,AUD-10131,240252.73,16.1238,12,21812.42,2181242,26,2026-07-01,Active,240252.73
LN-131-1,AUD-10131,672737.25,17.0986,36,24017.95,2401795,26,2026-07-01,Active,672737.25
LN-132-0,AUD-10132,196798.73,12.7795,36,6610.04,661004,25,2026-07-01,Active,196798.73
LN-133-0,AUD-10133,350129.58,16.3544,12,31826.3,3182630,22,2026-07-01,Active,350129.58
LN-134-0,AUD-10134,319129.85,15.0312,36,11067.61,1106761,21,2026-07-01,Active,319129.85
LN-135-0,AUD-10135,80817.51,12.2698,24,3814.55,381455,25,2026-07-01,Active,80817.51
LN-136-0,AUD-10136,486116.68,16.684,12,44263.28,4426328,26,2026-07-01,Active,486116.68
LN-137-0,AUD-10137,162483.31,18.9009,24,8182.74,818274,22,2026-07-01,Active,162483.31
LN-138-0,AUD-10138,306620.72,10.9855,24,14288.86,1428886,26,2026-07-01,Active,306620.72
LN-139-0,AUD-10139,348042.5,12.6804,24,16494.38,1649438,24,2026-07-01,Active,348042.5
LN-141-0,AUD-10141,703330.82,17.363,36,25202.9,2520290,24,2026-07-01,Active,703330.82
LN-141-1,AUD-10141,547791.16,17.4059,24,27190.99,2719099,24,2026-07-01,Active,547791.16
LN-142-0,AUD-10142,524226.35,13.8512,36,17878.94,1787894,21,2026-07-01,Active,524226.35
LN-143-0,AUD-10143,363034.73,15.9649,36,12756.94,1275694,27,2026-07-01,Active,363034.73
LN-144-0,AUD-10144,145054.06,12.2761,24,6846.92,684692,21,2026-07-01,Active,145054.06
LN-145-0,AUD-10145,935109.93,16.1851,36,32961.23,3296123,27,2026-07-01,Active,935109.93
LN-146-0,AUD-10146,391584.11,18.7941,24,19700.06,1970006,28,2026-07-01,Active,391584.11
LN-147-0,AUD-10147,298423.06,14.7278,24,14430.97,1443097,24,2026-07-01,Active,298423.06
LN-148-0,AUD-10148,414302.89,11.9583,12,36802.23,3680223,22,2026-07-01,Active,414302.89
LN-149-0,AUD-10149,349156.64,16.7139,12,31797.36,3179736,28,2026-07-01,Active,349156.64
LN-151-0,AUD-10151,572360.85,19.5382,36,21136.54,2113654,26,2026-07-01,Active,572360.85
LN-151-1,AUD-10151,473356.12,16.8206,36,16834.21,1683421,26,2026-07-01,Active,473356.12
LN-152-0,AUD-10152,168277.65,10.5959,12,14840.95,1484095,25,2026-07-01,Active,168277.65
LN-153-0,AUD-10153,162193.34,13.9458,12,14558.74,1455874,27,2026-07-01,Active,162193.34
LN-154-0,AUD-10154,417561.14,11.4388,36,13757.35,1375735,20,2026-07-01,Active,417561.14
LN-155-0,AUD-10155,66795.78,11.952,12,5933.23,593323,23,2026-07-01,Active,66795.78
LN-156-0,AUD-10156,497208.29,19.8507,12,46023.12,4602312,21,2026-07-01,Active,497208.29
LN-157-0,AUD-10157,539490.28,12.6374,36,18083.47,1808347,23,2026-07-01,Active,539490.28
LN-158-0,AUD-10158,340590.59,19.1698,12,31415.27,3141527,25,2026-07-01,Active,340590.59
LN-159-0,AUD-10159,294748.74,12.059,36,9798.18,979818,26,2026-07-01,Active,294748.74
LN-161-0,AUD-10161,932663.44,10.4992,24,43252.89,4325289,21,2026-07-01,Active,932663.44
LN-161-1,AUD-10161,312979.23,15.1652,24,15199.9,1519990,21,2026-07-01,Active,312979.23
LN-162-0,AUD-10162,264453.29,16.9286,24,13066.1,1306610,21,2026-07-01,Active,264453.29
LN-163-0,AUD-10163,514044.92,13.1727,36,17362.99,1736299,22,2026-07-01,Active,514044.92
LN-164-0,AUD-10164,391392.16,12.745,36,13139.53,1313953,21,2026-07-01,Active,391392.16
LN-165-0,AUD-10165,102068.89,10.5268,24,4734.82,473482,26,2026-07-01,Active,102068.89
LN-166-0,AUD-10166,212836.19,13.4829,36,7220.9,722090,24,2026-07-01,Active,212836.19
LN-167-0,AUD-10167,816330.21,11.3613,24,38184.47,3818447,20,2026-07-01,Active,816330.21
LN-168-0,AUD-10168,237995.95,18.7487,36,8693.78,869378,27,2026-07-01,Active,237995.95
LN-169-0,AUD-10169,358656.36,10.3289,24,16604.67,1660467,26,2026-07-01,Active,358656.36
LN-171-0,AUD-10171,696596.04,15.6545,24,33992.61,3399261,28,2026-07-01,Active,696596.04
LN-171-1,AUD-10171,353088.23,14.3803,24,17016.29,1701629,28,2026-07-01,Active,353088.23
LN-172-0,AUD-10172,153197.36,17.7272,12,14025.25,1402525,28,2026-07-01,Active,153197.36
LN-173-0,AUD-10173,161156.39,19.7433,36,5968.09,596809,24,2026-07-01,Active,161156.39
LN-174-0,AUD-10174,880101.59,19.8205,12,81452.2,8145220,27,2026-07-01,Active,880101.59
LN-175-0,AUD-10175,529644.93,11.8869,12,47030.29,4703029,25,2026-07-01,Active,529644.93
LN-176-0,AUD-10176,206812.25,15.3925,24,10066.25,1006625,24,2026-07-01,Active,206812.25
LN-177-0,AUD-10177,124914.39,18.3283,24,6256.07,625607,23,2026-07-01,Active,124914.39
LN-178-0,AUD-10178,410802.94,11.3842,24,19220.0,1922000,23,2026-07-01,Active,410802.94
LN-179-0,AUD-10179,602078.09,17.6406,24,29953.77,2995377,28,2026-07-01,Active,602078.09
LN-181-0,AUD-10181,278405.28,17.8031,36,10037.54,1003754,22,2026-07-01,Active,278405.28
LN-181-1,AUD-10181,296801.0,13.6781,12,26603.97,2660397,22,2026-07-01,Active,296801.0
LN-182-0,AUD-10182,383170.92,19.5552,12,35413.33,3541333,28,2026-07-01,Active,383170.92
LN-183-0,AUD-10183,98366.28,19.7108,36,3641.16,364116,22,2026-07-01,Active,98366.28
LN-184-0,AUD-10184,310657.41,17.8442,36,11206.74,1120674,26,2026-07-01,Active,310657.41
LN-185-0,AUD-10185,338940.98,16.9837,36,12081.42,1208142,21,2026-07-01,Active,338940.98
LN-186-0,AUD-10186,687324.2,11.0099,24,32037.85,3203785,23,2026-07-01,Active,687324.2
LN-187-0,AUD-10187,403925.29,17.0427,24,19979.27,1997927,26,2026-07-01,Active,403925.29
LN-188-0,AUD-10188,746757.55,17.3945,36,26770.79,2677079,22,2026-07-01,Active,746757.55
LN-189-0,AUD-10189,575813.5,16.1449,36,20285.12,2028512,21,2026-07-01,Active,575813.5
LN-191-0,AUD-10191,171690.44,14.4695,36,5907.2,590720,24,2026-07-01,Active,171690.44
LN-191-1,AUD-10191,153138.17,17.7694,36,5518.61,551861,24,2026-07-01,Active,153138.17
LN-192-0,AUD-10192,151639.08,12.2576,36,5055.26,505526,20,2026-07-01,Active,151639.08
LN-193-0,AUD-10193,403816.86,11.499,12,35784.07,3578407,20,2026-07-01,Active,403816.86
LN-194-0,AUD-10194,399654.44,10.196,12,35172.41,3517241,20,2026-07-01,Active,399654.44
LN-195-0,AUD-10195,773811.82,17.0426,24,38274.85,3827485,21,2026-07-01,Active,773811.82
LN-196-0,AUD-10196,296930.36,14.6952,36,10248.93,1024893,27,2026-07-01,Active,296930.36
LN-197-0,AUD-10197,116987.15,10.5664,24,5429.0,542900,26,2026-07-01,Active,116987.15
LN-198-0,AUD-10198,333407.59,11.518,12,29547.73,2954773,20,2026-07-01,Active,333407.59
LN-199-0,AUD-10199,250405.56,17.4039,12,22886.2,2288620,24,2026-07-01,Active,250405.56
LN-201-0,AUD-10201,642640.73,19.565,24,32571.32,3257132,27,2026-07-01,Active,642640.73
LN-201-1,AUD-10201,743577.29,17.4084,24,36910.24,3691024,27,2026-07-01,Active,743577.29
LN-202-0,AUD-10202,257078.56,16.976,12,23443.85,2344385,21,2026-07-01,Active,257078.56
LN-203-0,AUD-10203,307678.84,15.247,24,14954.45,1495445,20,2026-07-01,Active,307678.84
LN-204-0,AUD-10204,236525.42,10.438,12,20842.56,2084256,24,2026-07-01,Active,236525.42
LN-205-0,AUD-10205,307537.79,19.3934,12,28399.41,2839941,24,2026-07-01,Active,307537.79
LN-206-0,AUD-10206,684440.87,19.5645,36,25284.67,2528467,26,2026-07-01,Active,684440.87
LN-207-0,AUD-10207,718750.46,19.2279,12,66315.8,6631580,24,2026-07-01,Active,718750.46
LN-208-0,AUD-10208,483499.12,10.8602,24,22503.47,2250347,24,2026-07-01,Active,483499.12
LN-209-0,AUD-10209,314616.43,11.5364,24,14742.06,1474206,27,2026-07-01,Active,314616.43
LN-211-0,AUD-10211,497434.33,19.0629,36,18249.8,1824980,23,2026-07-01,Active,497434.33
LN-211-1,AUD-10211,693609.51,13.8183,24,33242.69,3324269,23,2026-07-01,Active,693609.51
LN-212-0,AUD-10212,226660.63,15.9355,36,7961.49,796149,24,2026-07-01,Active,226660.63
LN-213-0,AUD-10213,459290.5,19.3239,36,16911.07,1691107,21,2026-07-01,Active,459290.5
LN-214-0,AUD-10214,268896.34,15.0214,24,13040.62,1304062,28,2026-07-01,Active,268896.34
LN-215-0,AUD-10215,184482.65,18.917,36,6754.66,675466,25,2026-07-01,Active,184482.65
LN-216-0,AUD-10216,854274.33,16.8793,12,77864.95,7786495,25,2026-07-01,Active,854274.33
LN-217-0,AUD-10217,165076.86,12.9042,12,14736.8,1473680,25,2026-07-01,Active,165076.86
LN-218-0,AUD-10218,553933.83,17.641,36,19926.41,1992641,23,2026-07-01,Active,553933.83
LN-219-0,AUD-10219,380044.74,14.8461,36,13145.75,1314575,25,2026-07-01,Active,380044.74
LN-221-0,AUD-10221,566772.65,14.6035,12,51049.95,5104995,25,2026-07-01,Active,566772.65
LN-221-1,AUD-10221,918624.33,12.7655,12,81948.0,8194800,25,2026-07-01,Active,918624.33
LN-222-0,AUD-10222,395967.3,14.256,12,35600.48,3560048,25,2026-07-01,Active,395967.3
LN-223-0,AUD-10223,186114.05,15.1872,24,9040.61,904061,22,2026-07-01,Active,186114.05
LN-224-0,AUD-10224,472944.93,12.7988,24,22439.98,2243998,20,2026-07-01,Active,472944.93
LN-225-0,AUD-10225,397674.83,12.7971,12,35481.39,3548139,27,2026-07-01,Active,397674.83
LN-226-0,AUD-10226,478908.05,15.9285,12,43435.53,4343553,24,2026-07-01,Active,478908.05
LN-227-0,AUD-10227,137534.88,13.0871,24,6544.29,654429,21,2026-07-01,Active,137534.88
LN-228-0,AUD-10228,373038.38,18.3552,36,13552.8,1355280,25,2026-07-01,Active,373038.38
LN-229-0,AUD-10229,249445.71,17.4668,36,8951.48,895148,24,2026-07-01,Active,249445.71
LN-231-0,AUD-10231,440653.38,12.1201,24,20767.81,2076781,21,2026-07-01,Active,440653.38
LN-231-1,AUD-10231,205966.28,13.9354,24,9882.75,988275,21,2026-07-01,Active,205966.28
LN-232-0,AUD-10232,113981.66,16.9537,12,10393.16,1039316,21,2026-07-01,Active,113981.66
LN-233-0,AUD-10233,79492.3,19.4261,24,4023.57,402357,26,2026-07-01,Active,79492.3
LN-234-0,AUD-10234,188216.82,18.0182,24,9398.21,939821,27,2026-07-01,Active,188216.82
LN-235-0,AUD-10235,800464.64,13.6214,24,38289.6,3828960,27,2026-07-01,Active,800464.64
LN-236-0,AUD-10236,337320.56,16.7184,12,30720.18,3072018,26,2026-07-01,Active,337320.56
LN-237-0,AUD-10237,343058.04,12.6107,36,11494.76,1149476,23,2026-07-01,Active,343058.04
LN-238-0,AUD-10238,377916.14,12.9017,12,33737.02,3373702,21,2026-07-01,Active,377916.14
LN-239-0,AUD-10239,221365.98,17.9431,36,7996.59,799659,22,2026-07-01,Active,221365.98
LN-241-0,AUD-10241,271310.19,16.1242,24,13300.3,1330030,28,2026-07-01,Active,271310.19
LN-241-1,AUD-10241,270518.42,11.3812,36,8905.34,890534,28,2026-07-01,Active,270518.42
LN-242-0,AUD-10242,567628.94,16.8081,12,51718.77,5171877,28,2026-07-01,Active,567628.94
LN-243-0,AUD-10243,340781.27,19.6103,36,12597.09,1259709,21,2026-07-01,Active,340781.27
LN-244-0,AUD-10244,485447.92,11.248,36,15950.02,1595002,25,2026-07-01,Active,485447.92
LN-245-0,AUD-10245,710572.2,10.1186,24,32828.22,3282822,22,2026-07-01,Active,710572.2
LN-246-0,AUD-10246,239542.26,11.0292,12,21174.41,2117441,26,2026-07-01,Active,239542.26
LN-247-0,AUD-10247,392562.28,19.3773,36,14464.77,1446477,21,2026-07-01,Active,392562.28
LN-248-0,AUD-10248,185198.77,11.1044,24,8640.69,864069,24,2026-07-01,Active,185198.77
LN-249-0,AUD-10249,136361.34,15.4714,36,4758.55,475855,22,2026-07-01,Active,136361.34
LN-251-0,AUD-10251,277134.83,12.8492,36,9317.64,931764,28,2026-07-01,Active,277134.83
LN-251-1,AUD-10251,259601.68,13.6063,36,8823.01,882301,28,2026-07-01,Active,259601.68
LN-252-0,AUD-10252,350847.86,16.4281,24,17250.46,1725046,24,2026-07-01,Active,350847.86
LN-253-0,AUD-10253,721750.01,19.0787,24,36410.02,3641002,24,2026-07-01,Active,721750.01
LN-254-0,AUD-10254,580419.08,13.3324,24,27684.89,2768489,26,2026-07-01,Active,580419.08
LN-255-0,AUD-10255,416585.1,18.5223,36,15169.93,1516993,26,2026-07-01,Active,416585.1
LN-256-0,AUD-10256,221711.22,11.5861,12,19655.87,1965587,20,2026-07-01,Active,221711.22
LN-257-0,AUD-10257,323921.97,10.8231,12,28602.04,2860204,20,2026-07-01,Active,323921.97
LN-258-0,AUD-10258,487326.32,17.9502,12,44666.53,4466653,20,2026-07-01,Active,487326.32
LN-259-0,AUD-10259,143438.96,19.4264,36,5288.87,528887,21,2026-07-01,Active,143438.96
LN-261-0,AUD-10261,176676.85,15.8231,12,16015.26,1601526,26,2026-07-01,Active,176676.85
LN-261-1,AUD-10261,446706.96,13.5049,24,21343.35,2134335,26,2026-07-01,Active,446706.96
LN-262-0,AUD-10262,74881.98,18.6875,24,3763.34,376334,21,2026-07-01,Active,74881.98
LN-263-0,AUD-10263,596152.85,11.5861,36,19683.15,1968315,24,2026-07-01,Active,596152.85
LN-264-0,AUD-10264,520701.23,17.0675,24,25761.55,2576155,22,2026-07-01,Active,520701.23
LN-265-0,AUD-10265,408283.89,17.6221,36,14683.15,1468315,23,2026-07-01,Active,408283.89
LN-266-0,AUD-10266,256602.91,17.9154,24,12800.18,1280018,26,2026-07-01,Active,256602.91
LN-267-0,AUD-10267,536455.08,11.7623,12,47603.76,4760376,21,2026-07-01,Active,536455.08
LN-268-0,AUD-10268,340609.04,11.0007,36,11151.21,1115121,27,2026-07-01,Active,340609.04
LN-269-0,AUD-10269,568273.15,18.6568,36,20732.15,2073215,23,2026-07-01,Active,568273.15
LN-271-0,AUD-10271,671465.99,11.0806,36,22008.58,2200858,25,2026-07-01,Active,671465.99
LN-271-1,AUD-10271,707163.04,16.9784,12,64489.38,6448938,25,2026-07-01,Active,707163.04
LN-272-0,AUD-10272,373193.17,18.4937,24,18720.48,1872048,22,2026-07-01,Active,373193.17
LN-273-0,AUD-10273,470561.28,14.813,36,16269.09,1626909,20,2026-07-01,Active,470561.28
LN-274-0,AUD-10274,73046.34,16.0431,12,6629.05,662905,26,2026-07-01,Active,73046.34
LN-275-0,AUD-10275,135114.27,10.5132,24,6266.89,626689,24,2026-07-01,Active,135114.27
LN-276-0,AUD-10276,513323.67,16.0047,24,25135.07,2513507,21,2026-07-01,Active,513323.67
LN-277-0,AUD-10277,146759.91,10.5646,36,4774.53,477453,25,2026-07-01,Active,146759.91
LN-278-0,AUD-10278,429745.43,15.0412,12,38796.45,3879645,22,2026-07-01,Active,429745.43
LN-279-0,AUD-10279,379929.26,15.2224,36,13211.79,1321179,23,2026-07-01,Active,379929.26
LN-281-0,AUD-10281,634441.3,19.0444,24,31995.0,3199500,23,2026-07-01,Active,634441.3
LN-281-1,AUD-10281,186294.29,16.3265,24,9150.64,915064,23,2026-07-01,Active,186294.29
LN-282-0,AUD-10282,839747.26,13.4777,36,28488.03,2848803,25,2026-07-01,Active,839747.26
LN-283-0,AUD-10283,537553.47,19.479,24,27222.6,2722260,24,2026-07-01,Active,537553.47
LN-284-0,AUD-10284,850437.04,11.6772,24,39904.96,3990496,26,2026-07-01,Active,850437.04
LN-285-0,AUD-10285,242651.24,16.888,24,11984.17,1198417,25,2026-07-01,Active,242651.24
LN-286-0,AUD-10286,393580.59,14.0846,24,18912.68,1891268,21,2026-07-01,Active,393580.59
LN-287-0,AUD-10287,346625.05,18.3672,36,12595.26,1259526,27,2026-07-01,Active,346625.05
LN-288-0,AUD-10288,376544.18,15.3066,36,13109.63,1310963,28,2026-07-01,Active,376544.18
LN-289-0,AUD-10289,274330.52,15.49,36,9575.72,957572,20,2026-07-01,Active,274330.52
LN-291-0,AUD-10291,472495.78,17.1687,24,23399.57,2339957,26,2026-07-01,Active,472495.78
LN-291-1,AUD-10291,446615.63,14.3778,36,15346.34,1534634,26,2026-07-01,Active,446615.63
LN-292-0,AUD-10292,665629.6,15.7844,12,60325.25,6032525,28,2026-07-01,Active,665629.6
LN-293-0,AUD-10293,265929.95,13.77,36,9059.17,905917,20,2026-07-01,Active,265929.95
LN-294-0,AUD-10294,51422.05,18.6753,12,4730.92,473092,23,2026-07-01,Active,51422.05
LN-295-0,AUD-10295,169642.41,12.5803,12,15118.61,1511861,21,2026-07-01,Active,169642.41
LN-296-0,AUD-10296,714644.39,10.0628,12,62849.47,6284947,26,2026-07-01,Active,714644.39
LN-297-0,AUD-10297,339017.34,19.6579,24,17197.96,1719796,22,2026-07-01,Active,339017.34
LN-298-0,AUD-10298,633823.93,16.7159,36,22508.02,2250802,20,2026-07-01,Active,633823.93
LN-299-0,AUD-10299,370443.66,17.9436,36,13381.94,1338194,26,2026-07-01,Active,370443.66
LN-301-0,AUD-10301,525722.11,16.602,24,25892.47,2589247,20,2026-07-01,Active,525722.11
LN-301-1,AUD-10301,326460.05,14.5364,12,29394.37,2939437,20,2026-07-01,Active,326460.05
LN-302-0,AUD-10302,556321.6,10.1134,36,17980.56,1798056,21,2026-07-01,Active,556321.6
LN-303-0,AUD-10303,493644.1,19.4446,36,18206.18,1820618,23,2026-07-01,Active,493644.1
LN-304-0,AUD-10304,256257.39,16.7806,24,12642.95,1264295,26,2026-07-01,Active,256257.39
LN-305-0,AUD-10305,317792.14,19.4736,24,16092.68,1609268,28,2026-07-01,Active,317792.14
LN-306-0,AUD-10306,262471.46,10.0017,12,23075.61,2307561,20,2026-07-01,Active,262471.46
LN-307-0,AUD-10307,408970.5,13.8876,12,36698.66,3669866,25,2026-07-01,Active,408970.5
LN-308-0,AUD-10308,591705.62,13.9543,12,53114.83,5311483,24,2026-07-01,Active,591705.62
LN-309-0,AUD-10309,186234.83,17.9645,36,6729.52,672952,27,2026-07-01,Active,186234.83
LN-311-0,AUD-10311,827996.8,19.5253,12,76513.1,7651310,22,2026-07-01,Active,827996.8
LN-311-1,AUD-10311,550189.2,18.225,36,19952.81,1995281,22,2026-07-01,Active,550189.2
LN-312-0,AUD-10312,244485.41,15.2108,36,8500.43,850043,20,2026-07-01,Active,244485.41
LN-313-0,AUD-10313,73286.91,13.5438,12,6564.5,656450,28,2026-07-01,Active,73286.91
LN-314-0,AUD-10314,478462.29,13.5039,36,16237.67,1623767,22,2026-07-01,Active,478462.29
LN-315-0,AUD-10315,281668.89,12.8591,12,25139.28,2513928,27,2026-07-01,Active,281668.89
LN-316-0,AUD-10316,314388.66,13.1134,36,10610.17,1061017,26,2026-07-01,Active,314388.66
LN-317-0,AUD-10317,231056.96,19.6046,24,11715.24,1171524,26,2026-07-01,Active,231056.96
LN-318-0,AUD-10318,527160.64,11.4985,12,46713.99,4671399,26,2026-07-01,Active,527160.64
LN-319-0,AUD-10319,552590.0,19.8644,24,28087.91,2808791,22,2026-07-01,Active,552590.0
LN-321-0,AUD-10321,892905.92,19.6237,24,45281.17,4528117,26,2026-07-01,Active,892905.92
LN-321-1,AUD-10321,412631.58,16.3655,24,20275.87,2027587,26,2026-07-01,Active,412631.58
LN-322-0,AUD-10322,116555.97,15.5949,36,4074.49,407449,25,2026-07-01,Active,116555.97
LN-323-0,AUD-10323,816953.06,14.35,36,28060.6,2806060,23,2026-07-01,Active,816953.06
LN-324-0,AUD-10324,154940.42,19.3554,36,5707.38,570738,23,2026-07-01,Active,154940.42
LN-325-0,AUD-10325,79528.88,11.2371,36,2612.61,261261,24,2026-07-01,Active,79528.88
LN-326-0,AUD-10326,232239.26,18.7989,12,21380.09,2138009,26,2026-07-01,Active,232239.26
LN-327-0,AUD-10327,641864.36,14.2358,24,30889.31,3088931,26,2026-07-01,Active,641864.36
LN-328-0,AUD-10328,676750.09,16.843,24,33409.04,3340904,22,2026-07-01,Active,676750.09
LN-329-0,AUD-10329,306748.74,14.603,36,10574.01,1057401,25,2026-07-01,Active,306748.74
LN-331-0,AUD-10331,424179.12,12.4674,36,14183.71,1418371,27,2026-07-01,Active,424179.12
LN-331-1,AUD-10331,314832.46,14.9804,36,10910.75,1091075,27,2026-07-01,Active,314832.46
LN-332-0,AUD-10332,156091.52,10.7115,24,7254.2,725420,28,2026-07-01,Active,156091.52
LN-333-0,AUD-10333,399181.93,17.9732,24,19923.62,1992362,20,2026-07-01,Active,399181.93
LN-334-0,AUD-10334,448983.17,18.9414,24,22619.85,2261985,27,2026-07-01,Active,448983.17
LN-335-0,AUD-10335,652623.63,17.4791,12,59670.87,5967087,20,2026-07-01,Active,652623.63
LN-336-0,AUD-10336,462049.95,12.5174,12,41164.49,4116449,24,2026-07-01,Active,462049.95
LN-337-0,AUD-10337,408787.23,10.5271,12,36039.19,3603919,20,2026-07-01,Active,408787.23
LN-338-0,AUD-10338,160063.94,11.5035,36,5278.54,527854,20,2026-07-01,Active,160063.94
LN-339-0,AUD-10339,164002.43,19.3118,36,6037.56,603756,23,2026-07-01,Active,164002.43
LN-341-0,AUD-10341,125908.37,16.2875,24,6182.17,618217,28,2026-07-01,Active,125908.37
LN-341-1,AUD-10341,108663.44,17.5704,12,9940.06,994006,28,2026-07-01,Active,108663.44
LN-342-0,AUD-10342,826992.02,16.0885,12,75068.34,7506834,26,2026-07-01,Active,826992.02
LN-343-0,AUD-10343,574677.39,14.5973,12,51760.27,5176027,27,2026-07-01,Active,574677.39
LN-344-0,AUD-10344,342192.14,16.0833,24,16768.41,1676841,22,2026-07-01,Active,342192.14
LN-345-0,AUD-10345,476175.23,10.4834,24,22079.47,2207947,24,2026-07-01,Active,476175.23
LN-346-0,AUD-10346,219897.55,12.5814,24,10411.15,1041115,22,2026-07-01,Active,219897.55
LN-347-0,AUD-10347,712797.37,11.693,36,23570.71,2357071,23,2026-07-01,Active,712797.37
LN-348-0,AUD-10348,403032.12,14.866,12,36351.52,3635152,26,2026-07-01,Active,403032.12
LN-349-0,AUD-10349,562776.15,10.7515,36,18358.4,1835840,27,2026-07-01,Active,562776.15
LN-351-0,AUD-10351,309475.2,10.3241,24,14327.04,1432704,27,2026-07-01,Active,309475.2
LN-351-1,AUD-10351,238446.69,17.0192,12,21749.65,2174965,27,2026-07-01,Active,238446.69
LN-352-0,AUD-10352,69460.12,16.1877,36,2448.45,244845,20,2026-07-01,Active,69460.12
LN-353-0,AUD-10353,187718.11,19.6632,24,9523.21,952321,28,2026-07-01,Active,187718.11
LN-354-0,AUD-10354,109457.69,17.985,12,10034.3,1003430,22,2026-07-01,Active,109457.69
LN-355-0,AUD-10355,198547.34,18.4601,24,9956.49,995649,28,2026-07-01,Active,198547.34
LN-356-0,AUD-10356,335968.54,10.7849,36,10964.99,1096499,20,2026-07-01,Active,335968.54
LN-357-0,AUD-10357,777230.31,11.936,12,69032.7,6903270,21,2026-07-01,Active,777230.31
LN-358-0,AUD-10358,594560.44,16.5135,36,21054.02,2105402,28,2026-07-01,Active,594560.44
LN-359-0,AUD-10359,305842.11,12.9636,24,14535.07,1453507,20,2026-07-01,Active,305842.11
LN-361-0,AUD-10361,543292.73,14.0248,12,48787.02,4878702,25,2026-07-01,Active,543292.73
LN-361-1,AUD-10361,299676.97,17.4347,12,27393.82,2739382,25,2026-07-01,Active,299676.97
LN-362-0,AUD-10362,397056.55,16.3077,36,14019.72,1401972,23,2026-07-01,Active,397056.55
LN-363-0,AUD-10363,247527.03,12.4439,12,22043.91,2204391,27,2026-07-01,Active,247527.03
LN-364-0,AUD-10364,316011.35,19.5121,36,11665.7,1166570,27,2026-07-01,Active,316011.35
LN-365-0,AUD-10365,398220.19,19.116,36,14620.53,1462053,25,2026-07-01,Active,398220.19
LN-366-0,AUD-10366,135213.3,19.3719,24,6840.37,684037,22,2026-07-01,Active,135213.3
LN-367-0,AUD-10367,497968.28,10.2228,12,43830.94,4383094,22,2026-07-01,Active,497968.28
LN-368-0,AUD-10368,842383.54,11.7198,24,39543.78,3954378,24,2026-07-01,Active,842383.54
LN-369-0,AUD-10369,343329.46,12.3288,24,16214.48,1621448,23,2026-07-01,Active,343329.46
LN-371-0,AUD-10371,242761.09,10.6932,12,21420.91,2142091,25,2026-07-01,Active,242761.09
LN-371-1,AUD-10371,115852.15,18.9751,12,10675.16,1067516,25,2026-07-01,Active,115852.15
LN-372-0,AUD-10372,191644.84,16.6846,12,17450.25,1745025,21,2026-07-01,Active,191644.84
LN-373-0,AUD-10373,324127.07,14.7822,36,11201.44,1120144,24,2026-07-01,Active,324127.07
LN-374-0,AUD-10374,687125.41,13.4771,12,61526.09,6152609,21,2026-07-01,Active,687125.41
LN-375-0,AUD-10375,108178.03,16.5005,36,3830.0,383000,21,2026-07-01,Active,108178.03
LN-376-0,AUD-10376,347863.99,18.7928,24,17500.34,1750034,26,2026-07-01,Active,347863.99
LN-377-0,AUD-10377,890797.24,14.887,24,43143.98,4314398,23,2026-07-01,Active,890797.24
LN-378-0,AUD-10378,252262.65,11.3773,12,22339.81,2233981,28,2026-07-01,Active,252262.65
LN-379-0,AUD-10379,392644.69,12.0246,36,13046.04,1304604,27,2026-07-01,Active,392644.69
LN-381-0,AUD-10381,677603.59,16.4728,36,23981.01,2398101,24,2026-07-01,Active,677603.59
LN-381-1,AUD-10381,619564.32,19.778,36,22955.22,2295522,24,2026-07-01,Active,619564.32
LN-382-0,AUD-10382,212024.79,18.8373,12,19523.02,1952302,23,2026-07-01,Active,212024.79
LN-383-0,AUD-10383,697170.7,16.0003,24,34135.75,3413575,20,2026-07-01,Active,697170.7
LN-384-0,AUD-10384,300938.95,11.988,12,26736.37,2673637,23,2026-07-01,Active,300938.95
LN-385-0,AUD-10385,169956.59,13.305,12,15204.39,1520439,23,2026-07-01,Active,169956.59
LN-386-0,AUD-10386,177010.5,18.6848,36,6460.33,646033,25,2026-07-01,Active,177010.5
LN-387-0,AUD-10387,341271.69,13.1065,24,16241.76,1624176,23,2026-07-01,Active,341271.69
LN-388-0,AUD-10388,694975.91,10.6374,36,22633.48,2263348,24,2026-07-01,Active,694975.91
LN-389-0,AUD-10389,352293.64,14.5808,12,31727.78,3172778,23,2026-07-01,Active,352293.64
LN-391-0,AUD-10391,667463.08,17.1872,12,60935.11,6093511,27,2026-07-01,Active,667463.08
LN-391-1,AUD-10391,253127.6,15.7468,12,22936.17,2293617,27,2026-07-01,Active,253127.6
LN-392-0,AUD-10392,278863.19,12.796,24,13230.96,1323096,24,2026-07-01,Active,278863.19
LN-393-0,AUD-10393,244394.64,16.4973,24,12024.48,1202448,28,2026-07-01,Active,244394.64
LN-394-0,AUD-10394,113555.57,17.3354,12,10374.89,1037489,28,2026-07-01,Active,113555.57
LN-395-0,AUD-10395,421102.09,17.1837,36,15051.96,1505196,20,2026-07-01,Active,421102.09
LN-396-0,AUD-10396,385227.66,16.5584,36,13649.9,1364990,20,2026-07-01,Active,385227.66
LN-397-0,AUD-10397,532610.52,13.958,24,25561.61,2556161,28,2026-07-01,Active,532610.52
LN-398-0,AUD-10398,240791.87,11.612,36,7953.18,795318,28,2026-07-01,Active,240791.87
LN-399-0,AUD-10399,306682.71,13.2806,36,10374.85,1037485,20,2026-07-01,Active,306682.71
LN-401-0,AUD-10401,523593.22,18.2928,36,19006.15,1900615,28,2026-07-01,Active,523593.22
LN-401-1,AUD-10401,425035.44,15.7474,12,38513.05,3851305,28,2026-07-01,Active,425035.44
LN-402-0,AUD-10402,92499.59,11.0635,36,3031.1,303110,25,2026-07-01,Active,92499.59
LN-403-0,AUD-10403,217433.65,12.1906,12,19338.11,1933811,24,2026-07-01,Active,217433.65
LN-404-0,AUD-10404,404748.71,15.382,36,14106.57,1410657,20,2026-07-01,Active,404748.71
LN-405-0,AUD-10405,637342.34,16.4433,12,57960.39,5796039,27,2026-07-01,Active,637342.34
LN-406-0,AUD-10406,663030.05,10.9983,24,30901.88,3090188,23,2026-07-01,Active,663030.05
LN-407-0,AUD-10407,567684.5,17.0194,24,28072.89,2807289,23,2026-07-01,Active,567684.5
LN-408-0,AUD-10408,780079.82,10.6596,12,68820.96,6882096,22,2026-07-01,Active,780079.82
LN-409-0,AUD-10409,354374.45,15.4314,12,32057.42,3205742,28,2026-07-01,Active,354374.45
LN-411-0,AUD-10411,322248.19,12.3762,12,28688.1,2868810,23,2026-07-01,Active,322248.19
LN-411-1,AUD-10411,536646.23,19.9089,12,49688.56,4968856,23,2026-07-01,Active,536646.23
LN-412-0,AUD-10412,365222.24,19.1805,36,13420.95,1342095,28,2026-07-01,Active,365222.24
LN-413-0,AUD-10413,121915.55,18.4083,12,11200.92,1120092,20,2026-07-01,Active,121915.55
LN-414-0,AUD-10414,484695.59,14.8963,12,43724.1,4372410,24,2026-07-01,Active,484695.59
LN-415-0,AUD-10415,251981.46,14.4986,24,12157.8,1215780,26,2026-07-01,Active,251981.46
LN-416-0,AUD-10416,291100.5,17.5573,36,10459.44,1045944,24,2026-07-01,Active,291100.5
LN-417-0,AUD-10417,673039.17,19.6847,24,34151.3,3415130,21,2026-07-01,Active,673039.17
LN-418-0,AUD-10418,155825.61,19.125,12,14369.65,1436965,24,2026-07-01,Active,155825.61
LN-419-0,AUD-10419,157290.7,19.6418,12,14543.6,1454360,28,2026-07-01,Active,157290.7
LN-421-0,AUD-10421,427718.79,15.782,24,20897.93,2089793,25,2026-07-01,Active,427718.79
LN-421-1,AUD-10421,439818.71,11.7573,36,14557.34,1455734,25,2026-07-01,Active,439818.71
LN-422-0,AUD-10422,321001.19,19.1099,12,29599.22,2959922,23,2026-07-01,Active,321001.19
LN-423-0,AUD-10423,398727.18,16.7618,24,19668.37,1966837,24,2026-07-01,Active,398727.18
LN-424-0,AUD-10424,184917.13,15.8133,36,6484.1,648410,20,2026-07-01,Active,184917.13
LN-425-0,AUD-10425,352026.81,18.2656,24,17619.83,1761983,26,2026-07-01,Active,352026.81
LN-426-0,AUD-10426,161857.78,19.9742,36,6013.09,601309,26,2026-07-01,Active,161857.78
LN-427-0,AUD-10427,411785.27,16.2207,36,14522.05,1452205,22,2026-07-01,Active,411785.27
LN-428-0,AUD-10428,364459.79,10.8186,24,16956.0,1695600,25,2026-07-01,Active,364459.79
LN-429-0,AUD-10429,328434.82,10.5365,36,10680.58,1068058,26,2026-07-01,Active,328434.82
LN-431-0,AUD-10431,607040.04,13.9147,12,54480.02,5448002,28,2026-07-01,Active,607040.04
LN-431-1,AUD-10431,775345.4,16.3289,12,70468.49,7046849,28,2026-07-01,Active,775345.4
LN-432-0,AUD-10432,588839.6,13.9709,36,20116.83,2011683,28,2026-07-01,Active,588839.6
LN-433-0,AUD-10433,372505.38,11.7582,36,12329.54,1232954,20,2026-07-01,Active,372505.38
LN-434-0,AUD-10434,73766.88,19.7984,36,2733.87,273387,28,2026-07-01,Active,73766.88
LN-435-0,AUD-10435,821714.15,13.5536,12,73606.85,7360685,20,2026-07-01,Active,821714.15
LN-436-0,AUD-10436,284519.92,10.0538,36,9187.84,918784,25,2026-07-01,Active,284519.92
LN-437-0,AUD-10437,356268.26,11.1311,24,16626.59,1662659,20,2026-07-01,Active,356268.26
LN-438-0,AUD-10438,308376.41,16.9943,36,10993.58,1099358,22,2026-07-01,Active,308376.41
LN-439-0,AUD-10439,232675.09,10.9408,36,7610.96,761096,21,2026-07-01,Active,232675.09
LN-441-0,AUD-10441,578071.97,17.2824,12,52800.4,5280040,20,2026-07-01,Active,578071.97
LN-441-1,AUD-10441,816281.77,16.5824,36,28933.29,2893329,20,2026-07-01,Active,816281.77
LN-442-0,AUD-10442,269675.47,16.63,36,9565.07,956507,21,2026-07-01,Active,269675.47
LN-443-0,AUD-10443,136937.37,19.5902,36,5060.54,506054,22,2026-07-01,Active,136937.37
LN-444-0,AUD-10444,286088.87,12.8133,12,25527.63,2552763,25,2026-07-01,Active,286088.87
LN-445-0,AUD-10445,902154.54,19.3289,12,83281.16,8328116,21,2026-07-01,Active,902154.54
LN-446-0,AUD-10446,206578.87,13.6579,24,9885.1,988510,25,2026-07-01,Active,206578.87
LN-447-0,AUD-10447,513141.64,15.9226,36,18020.93,1802093,24,2026-07-01,Active,513141.64
LN-448-0,AUD-10448,270580.04,11.5,24,12674.05,1267405,21,2026-07-01,Active,270580.04
LN-449-0,AUD-10449,340872.08,11.902,36,11305.89,1130589,26,2026-07-01,Active,340872.08
LN-451-0,AUD-10451,88034.29,10.389,36,2856.73,285673,27,2026-07-01,Active,88034.29
LN-451-1,AUD-10451,203063.15,19.1079,12,18724.07,1872407,27,2026-07-01,Active,203063.15
LN-452-0,AUD-10452,456210.16,10.2935,36,14783.56,1478356,25,2026-07-01,Active,456210.16
LN-453-0,AUD-10453,610775.37,15.1668,24,29662.87,2966287,24,2026-07-01,Active,610775.37
LN-454-0,AUD-10454,134758.89,17.8005,12,12341.91,1234191,26,2026-07-01,Active,134758.89
LN-455-0,AUD-10455,475796.72,16.9819,12,43390.84,4339084,26,2026-07-01,Active,475796.72
LN-456-0,AUD-10456,590041.1,11.9091,24,27750.24,2775024,21,2026-07-01,Active,590041.1
LN-457-0,AUD-10457,443372.09,15.018,12,40021.79,4002179,22,2026-07-01,Active,443372.09
LN-458-0,AUD-10458,783492.86,12.231,24,36966.3,3696630,23,2026-07-01,Active,783492.86
LN-459-0,AUD-10459,421569.62,11.0115,12,37261.27,3726127,22,2026-07-01,Active,421569.62
LN-461-0,AUD-10461,669214.83,17.7438,12,61272.06,6127206,23,2026-07-01,Active,669214.83
LN-461-1,AUD-10461,336911.12,16.8426,36,11985.43,1198543,23,2026-07-01,Active,336911.12
LN-462-0,AUD-10462,460213.35,10.0448,12,40469.66,4046966,21,2026-07-01,Active,460213.35
LN-463-0,AUD-10463,973829.32,19.6191,24,49382.81,4938281,20,2026-07-01,Active,973829.32
LN-464-0,AUD-10464,735323.4,14.271,36,25228.51,2522851,21,2026-07-01,Active,735323.4
LN-465-0,AUD-10465,197041.45,10.9008,36,6441.63,644163,20,2026-07-01,Active,197041.45
LN-466-0,AUD-10466,485042.28,15.1217,12,43806.97,4380697,22,2026-07-01,Active,485042.28
LN-467-0,AUD-10467,200518.58,12.6703,12,17878.77,1787877,21,2026-07-01,Active,200518.58
LN-468-0,AUD-10468,748564.7,13.2699,36,25319.54,2531954,28,2026-07-01,Active,748564.7
LN-469-0,AUD-10469,719977.27,19.7282,36,26657.34,2665734,27,2026-07-01,Active,719977.27
LN-471-0,AUD-10471,304637.93,16.0073,12,27641.11,2764111,25,2026-07-01,Active,304637.93
LN-471-1,AUD-10471,370018.07,17.9688,36,13371.25,1337125,25,2026-07-01,Active,370018.07
LN-472-0,AUD-10472,323649.93,12.6309,12,28851.51,2885151,26,2026-07-01,Active,323649.93
LN-473-0,AUD-10473,806951.94,12.4365,36,26970.89,2697089,21,2026-07-01,Active,806951.94
LN-474-0,AUD-10474,101442.94,16.9461,24,5012.94,501294,23,2026-07-01,Active,101442.94
LN-475-0,AUD-10475,84188.08,13.6926,12,7546.84,754684,28,2026-07-01,Active,84188.08
LN-476-0,AUD-10476,290146.65,10.4863,12,25574.17,2557417,22,2026-07-01,Active,290146.65
LN-477-0,AUD-10477,323536.48,11.5379,36,10674.78,1067478,26,2026-07-01,Active,323536.48
LN-478-0,AUD-10478,221885.99,10.47,36,7208.7,720870,21,2026-07-01,Active,221885.99
LN-479-0,AUD-10479,805107.1,12.3184,36,26863.69,2686369,22,2026-07-01,Active,805107.1
LN-481-0,AUD-10481,423984.88,14.7769,24,20512.68,2051268,20,2026-07-01,Active,423984.88
LN-481-1,AUD-10481,753824.52,17.4468,36,27043.82,2704382,20,2026-07-01,Active,753824.52
LN-482-0,AUD-10482,558307.13,13.5622,36,18963.11,1896311,27,2026-07-01,Active,558307.13
LN-483-0,AUD-10483,526796.5,11.9031,12,46781.34,4678134,25,2026-07-01,Active,526796.5
LN-484-0,AUD-10484,295928.96,11.5422,12,26229.6,2622960,25,2026-07-01,Active,295928.96
LN-485-0,AUD-10485,283625.5,18.7268,24,14259.55,1425955,24,2026-07-01,Active,283625.5
LN-486-0,AUD-10486,208015.49,13.5334,24,9941.64,994164,22,2026-07-01,Active,208015.49
LN-487-0,AUD-10487,588878.21,15.5974,36,20586.34,2058634,27,2026-07-01,Active,588878.21
LN-488-0,AUD-10488,216271.76,11.0071,36,7081.19,708119,24,2026-07-01,Active,216271.76
LN-489-0,AUD-10489,517728.95,17.238,24,25656.94,2565694,25,2026-07-01,Active,517728.95
LN-491-0,AUD-10491,768685.44,14.0914,36,26306.0,2630600,21,2026-07-01,Active,768685.44
LN-491-1,AUD-10491,556571.78,19.536,12,51434.22,5143422,21,2026-07-01,Active,556571.78
LN-492-0,AUD-10492,111965.93,18.9578,24,5641.75,564175,26,2026-07-01,Active,111965.93
LN-493-0,AUD-10493,421305.01,16.4968,12,38324.48,3832448,28,2026-07-01,Active,421305.01
LN-494-0,AUD-10494,79969.32,15.4223,24,3893.51,389351,20,2026-07-01,Active,79969.32
LN-495-0,AUD-10495,112811.89,19.8299,12,10441.09,1044109,20,2026-07-01,Active,112811.89
LN-496-0,AUD-10496,545480.78,19.488,24,27626.44,2762644,20,2026-07-01,Active,545480.78
LN-497-0,AUD-10497,167851.05,17.5501,12,15352.67,1535267,28,2026-07-01,Active,167851.05
LN-498-0,AUD-10498,468875.11,17.7699,24,23356.07,2335607,21,2026-07-01,Active,468875.11
LN-499-0,AUD-10499,431618.31,17.7911,24,21504.62,2150462,23,2026-07-01,Active,431618.31
LN-501-0,AUD-10501,825410.24,14.6539,36,28473.4,2847340,27,2026-07-01,Active,825410.24
LN-501-1,AUD-10501,417380.68,13.987,36,14262.45,1426245,27,2026-07-01,Active,417380.68
LN-502-0,AUD-10502,586068.23,17.9356,12,53712.78,5371278,28,2026-07-01,Active,586068.23
LN-503-0,AUD-10503,397981.27,11.1748,36,13062.37,1306237,23,2026-07-01,Active,397981.27
LN-504-0,AUD-10504,331628.08,15.4281,36,11565.64,1156564,25,2026-07-01,Active,331628.08
LN-505-0,AUD-10505,156032.8,18.1938,12,14319.48,1431948,23,2026-07-01,Active,156032.8
LN-506-0,AUD-10506,651754.57,14.5171,24,31452.07,3145207,23,2026-07-01,Active,651754.57
LN-507-0,AUD-10507,426844.68,13.8583,12,38296.71,3829671,23,2026-07-01,Active,426844.68
LN-508-0,AUD-10508,344112.5,16.7563,12,31344.91,3134491,23,2026-07-01,Active,344112.5
LN-509-0,AUD-10509,327714.52,13.3879,24,15639.92,1563992,22,2026-07-01,Active,327714.52
LN-511-0,AUD-10511,664677.73,18.4887,12,61092.34,6109234,27,2026-07-01,Active,664677.73
LN-511-1,AUD-10511,744767.79,19.3745,12,68768.45,6876845,27,2026-07-01,Active,744767.79
LN-512-0,AUD-10512,354034.62,18.1301,36,12822.32,1282232,26,2026-07-01,Active,354034.62
LN-513-0,AUD-10513,708893.26,18.4532,12,65144.33,6514433,20,2026-07-01,Active,708893.26
LN-514-0,AUD-10514,344137.91,12.9293,12,30726.04,3072604,27,2026-07-01,Active,344137.91
LN-515-0,AUD-10515,248138.35,16.5597,36,8792.53,879253,28,2026-07-01,Active,248138.35
LN-516-0,AUD-10516,211463.8,17.8658,12,19373.5,1937350,26,2026-07-01,Active,211463.8
LN-517-0,AUD-10517,450016.23,18.5732,12,41380.35,4138035,28,2026-07-01,Active,450016.23
LN-518-0,AUD-10518,459115.23,19.0567,36,16842.5,1684250,26,2026-07-01,Active,459115.23
LN-519-0,AUD-10519,676846.26,17.7926,12,61986.48,6198648,20,2026-07-01,Active,676846.26
LN-521-0,AUD-10521,609445.9,15.5723,12,55172.26,5517226,26,2026-07-01,Active,609445.9
LN-521-1,AUD-10521,471266.41,15.2472,12,42590.7,4259070,26,2026-07-01,Active,471266.41
LN-522-0,AUD-10522,356206.21,15.2121,24,17307.16,1730716,28,2026-07-01,Active,356206.21
LN-523-0,AUD-10523,887391.25,10.9728,12,78417.86,7841786,25,2026-07-01,Active,887391.25
LN-524-0,AUD-10524,267389.95,16.0466,12,24266.42,2426642,23,2026-07-01,Active,267389.95
LN-525-0,AUD-10525,136891.39,17.8917,12,12543.15,1254315,27,2026-07-01,Active,136891.39
LN-526-0,AUD-10526,784322.28,11.7856,12,69607.44,6960744,22,2026-07-01,Active,784322.28
LN-527-0,AUD-10527,693681.31,17.594,12,63462.73,6346273,28,2026-07-01,Active,693681.31
LN-528-0,AUD-10528,129884.99,11.9208,24,6109.34,610934,21,2026-07-01,Active,129884.99
LN-529-0,AUD-10529,824309.06,19.6093,12,76205.42,7620542,27,2026-07-01,Active,824309.06
LN-531-0,AUD-10531,475689.55,16.8753,36,16930.13,1693013,21,2026-07-01,Active,475689.55
LN-531-1,AUD-10531,243029.79,11.7926,12,21569.33,2156933,21,2026-07-01,Active,243029.79
LN-532-0,AUD-10532,266884.09,10.2788,36,8646.57,864657,21,2026-07-01,Active,266884.09
LN-533-0,AUD-10533,469489.68,15.9673,36,16498.28,1649828,22,2026-07-01,Active,469489.68
LN-534-0,AUD-10534,134497.22,14.3903,36,4622.33,462233,21,2026-07-01,Active,134497.22
LN-535-0,AUD-10535,448263.77,12.6405,12,39962.13,3996213,25,2026-07-01,Active,448263.77
LN-536-0,AUD-10536,359605.07,10.2996,12,31665.13,3166513,27,2026-07-01,Active,359605.07
LN-537-0,AUD-10537,139587.81,19.645,24,7080.25,708025,25,2026-07-01,Active,139587.81
LN-538-0,AUD-10538,223776.57,19.9197,36,8307.19,830719,27,2026-07-01,Active,223776.57
LN-539-0,AUD-10539,272356.29,17.9504,12,24963.2,2496320,28,2026-07-01,Active,272356.29
LN-541-0,AUD-10541,574251.15,14.9537,36,19893.6,1989360,20,2026-07-01,Active,574251.15
LN-541-1,AUD-10541,509976.57,18.8952,36,18666.69,1866669,20,2026-07-01,Active,509976.57
LN-542-0,AUD-10542,240085.11,12.6892,12,21408.75,2140875,24,2026-07-01,Active,240085.11
LN-543-0,AUD-10543,338973.24,15.1047,24,16452.54,1645254,25,2026-07-01,Active,338973.24
LN-544-0,AUD-10544,432707.0,17.2852,12,39523.53,3952353,22,2026-07-01,Active,432707.0
LN-545-0,AUD-10545,143662.39,13.4761,36,4873.57,487357,23,2026-07-01,Active,143662.39
LN-546-0,AUD-10546,648429.77,14.1074,24,31165.9,3116590,22,2026-07-01,Active,648429.77
LN-547-0,AUD-10547,286097.92,14.4062,24,13791.34,1379134,20,2026-07-01,Active,286097.92
LN-548-0,AUD-10548,249604.48,10.0335,36,8057.96,805796,22,2026-07-01,Active,249604.48
LN-549-0,AUD-10549,412427.68,15.4911,12,37320.67,3732067,27,2026-07-01,Active,412427.68
LN-551-0,AUD-10551,304747.36,10.3793,24,14115.95,1411595,25,2026-07-01,Active,304747.36
LN-551-1,AUD-10551,887662.18,11.0928,24,41410.26,4141026,25,2026-07-01,Active,887662.18
LN-552-0,AUD-10552,697674.87,18.7379,12,64208.09,6420809,24,2026-07-01,Active,697674.87
LN-553-0,AUD-10553,841553.38,18.0461,24,42032.55,4203255,28,2026-07-01,Active,841553.38
LN-554-0,AUD-10554,156871.74,12.8824,36,5276.75,527675,26,2026-07-01,Active,156871.74
LN-555-0,AUD-10555,431824.41,15.4609,12,39069.71,3906971,23,2026-07-01,Active,431824.41
LN-556-0,AUD-10556,655462.23,12.3943,12,58358.0,5835800,23,2026-07-01,Active,655462.23
LN-557-0,AUD-10557,181809.28,19.9622,24,9249.97,924997,25,2026-07-01,Active,181809.28
LN-558-0,AUD-10558,593583.02,10.4175,36,19269.81,1926981,27,2026-07-01,Active,593583.02
LN-559-0,AUD-10559,636571.33,14.5693,12,57326.56,5732656,26,2026-07-01,Active,636571.33
LN-561-0,AUD-10561,238758.62,18.1582,36,8650.65,865065,22,2026-07-01,Active,238758.62
LN-561-1,AUD-10561,750398.26,18.5993,24,37680.6,3768060,22,2026-07-01,Active,750398.26
LN-562-0,AUD-10562,720650.33,18.7913,36,26340.19,2634019,24,2026-07-01,Active,720650.33
LN-563-0,AUD-10563,803039.06,11.0366,24,37441.57,3744157,27,2026-07-01,Active,803039.06
LN-564-0,AUD-10564,143138.5,14.4339,12,12881.23,1288123,27,2026-07-01,Active,143138.5
LN-565-0,AUD-10565,507920.93,14.9188,36,17587.05,1758705,23,2026-07-01,Active,507920.93
LN-566-0,AUD-10566,117479.36,19.7346,12,10867.73,1086773,21,2026-07-01,Active,117479.36
LN-567-0,AUD-10567,437774.95,17.9966,36,15825.87,1582587,23,2026-07-01,Active,437774.95
LN-568-0,AUD-10568,377443.17,19.616,36,13953.39,1395339,27,2026-07-01,Active,377443.17
LN-569-0,AUD-10569,371373.5,17.3237,36,13300.39,1330039,28,2026-07-01,Active,371373.5
LN-571-0,AUD-10571,293004.94,18.0004,24,14628.07,1462807,28,2026-07-01,Active,293004.94
LN-571-1,AUD-10571,392683.82,13.2572,36,13279.77,1327977,28,2026-07-01,Active,392683.82
LN-572-0,AUD-10572,68117.29,14.0961,12,6119.14,611914,22,2026-07-01,Active,68117.29
LN-573-0,AUD-10573,120199.25,17.3003,36,4303.42,430342,23,2026-07-01,Active,120199.25
LN-574-0,AUD-10574,376897.71,14.6073,24,18204.27,1820427,22,2026-07-01,Active,376897.71
LN-575-0,AUD-10575,507238.0,10.3173,12,44669.17,4466917,27,2026-07-01,Active,507238.0
LN-576-0,AUD-10576,560411.51,18.3429,12,51470.03,5147003,28,2026-07-01,Active,560411.51
LN-577-0,AUD-10577,201345.47,13.5193,12,18032.72,1803272,24,2026-07-01,Active,201345.47
LN-578-0,AUD-10578,115791.24,14.4805,24,5585.79,558579,23,2026-07-01,Active,115791.24
LN-579-0,AUD-10579,300276.84,11.2323,36,9863.74,986374,25,2026-07-01,Active,300276.84
LN-581-0,AUD-10581,392956.2,19.301,24,19865.89,1986589,25,2026-07-01,Active,392956.2
LN-581-1,AUD-10581,288116.22,10.8863,36,9417.06,941706,25,2026-07-01,Active,288116.22
LN-582-0,AUD-10582,644937.81,19.6652,36,23858.32,2385832,26,2026-07-01,Active,644937.81
LN-583-0,AUD-10583,159000.49,18.6826,12,14628.87,1462887,22,2026-07-01,Active,159000.49
LN-584-0,AUD-10584,494456.33,19.3608,12,45652.58,4565258,20,2026-07-01,Active,494456.33
LN-585-0,AUD-10585,138258.81,18.4727,36,5031.24,503124,27,2026-07-01,Active,138258.81
LN-586-0,AUD-10586,806775.76,10.2173,24,37309.56,3730956,28,2026-07-01,Active,806775.76
LN-587-0,AUD-10587,704659.09,13.3191,36,23851.19,2385119,26,2026-07-01,Active,704659.09
LN-588-0,AUD-10588,308214.36,10.283,12,27137.53,2713753,25,2026-07-01,Active,308214.36
LN-589-0,AUD-10589,624247.05,12.0074,24,29387.63,2938763,26,2026-07-01,Active,624247.05
LN-591-0,AUD-10591,488727.74,16.1884,12,44386.28,4438628,26,2026-07-01,Active,488727.74
LN-591-1,AUD-10591,235905.39,14.2165,12,21205.31,2120531,26,2026-07-01,Active,235905.39
LN-592-0,AUD-10592,540041.73,11.4897,36,17805.79,1780579,24,2026-07-01,Active,540041.73
LN-593-0,AUD-10593,318304.52,15.9957,24,15584.52,1558452,22,2026-07-01,Active,318304.52
LN-594-0,AUD-10594,386869.17,10.5142,24,17944.0,1794400,20,2026-07-01,Active,386869.17
LN-595-0,AUD-10595,511862.1,15.1058,24,24844.2,2484420,28,2026-07-01,Active,511862.1
LN-596-0,AUD-10596,419915.19,14.051,24,20171.45,2017145,27,2026-07-01,Active,419915.19
LN-597-0,AUD-10597,389609.22,11.2454,12,34478.91,3447891,25,2026-07-01,Active,389609.22
LN-598-0,AUD-10598,321196.02,15.154,36,11158.6,1115860,20,2026-07-01,Active,321196.02
LN-599-0,AUD-10599,241103.27,15.3495,12,21801.36,2180136,26,2026-07-01,Active,241103.27
LN-601-0,AUD-10601,187908.16,17.804,36,6774.87,677487,23,2026-07-01,Active,187908.16
LN-601-1,AUD-10601,191411.06,14.8066,12,17258.97,1725897,23,2026-07-01,Active,191411.06
LN-602-0,AUD-10602,290581.05,19.8839,12,26901.68,2690168,22,2026-07-01,Active,290581.05
LN-603-0,AUD-10603,284022.16,11.8758,24,13353.45,1335345,21,2026-07-01,Active,284022.16
LN-604-0,AUD-10604,504572.85,13.1888,36,17046.97,1704697,21,2026-07-01,Active,504572.85
LN-605-0,AUD-10605,443076.35,12.555,36,14834.2,1483420,28,2026-07-01,Active,443076.35
LN-606-0,AUD-10606,479131.21,19.8586,36,17771.73,1777173,22,2026-07-01,Active,479131.21
LN-607-0,AUD-10607,433044.82,15.4307,12,39173.97,3917397,27,2026-07-01,Active,433044.82
LN-608-0,AUD-10608,375587.35,16.4453,24,18469.94,1846994,20,2026-07-01,Active,375587.35
LN-609-0,AUD-10609,603082.82,12.4021,36,20147.0,2014700,23,2026-07-01,Active,603082.82
LN-611-0,AUD-10611,149916.21,19.1349,36,5505.56,550556,21,2026-07-01,Active,149916.21
LN-611-1,AUD-10611,332475.04,18.4314,36,12091.84,1209184,21,2026-07-01,Active,332475.04
LN-612-0,AUD-10612,595937.88,18.7846,36,21779.87,2177987,22,2026-07-01,Active,595937.88
LN-613-0,AUD-10613,991481.07,19.0445,12,91392.57,9139257,21,2026-07-01,Active,991481.07
LN-614-0,AUD-10614,661165.71,13.5886,12,59236.26,5923626,27,2026-07-01,Active,661165.71
LN-615-0,AUD-10615,319012.01,17.4916,36,11451.86,1145186,28,2026-07-01,Active,319012.01
LN-616-0,AUD-10616,540947.71,14.4704,12,48689.94,4868994,24,2026-07-01,Active,540947.71
LN-617-0,AUD-10617,164201.53,13.0131,24,7807.45,780745,21,2026-07-01,Active,164201.53
LN-618-0,AUD-10618,345609.0,10.7988,12,30513.07,3051307,27,2026-07-01,Active,345609.0
LN-619-0,AUD-10619,355637.64,15.3784,12,32162.79,3216279,24,2026-07-01,Active,355637.64
LN-621-0,AUD-10621,523195.51,10.9961,24,24384.07,2438407,23,2026-07-01,Active,523195.51
LN-621-1,AUD-10621,627083.61,12.4545,36,20964.52,2096452,23,2026-07-01,Active,627083.61
LN-622-0,AUD-10622,695069.23,17.7765,24,34625.69,3462569,21,2026-07-01,Active,695069.23
LN-623-0,AUD-10623,840020.42,11.6816,36,27773.12,2777312,24,2026-07-01,Active,840020.42
LN-624-0,AUD-10624,435137.48,17.7019,36,15666.28,1566628,22,2026-07-01,Active,435137.48
LN-625-0,AUD-10625,469153.19,10.2853,36,15201.17,1520117,27,2026-07-01,Active,469153.19
LN-626-0,AUD-10626,428634.18,16.9489,12,39083.09,3908309,23,2026-07-01,Active,428634.18
LN-627-0,AUD-10627,188324.93,10.0564,36,6081.71,608171,20,2026-07-01,Active,188324.93
LN-628-0,AUD-10628,308401.45,13.532,24,14739.16,1473916,28,2026-07-01,Active,308401.45
LN-629-0,AUD-10629,387414.84,14.2827,12,34836.42,3483642,23,2026-07-01,Active,387414.84
LN-631-0,AUD-10631,679967.19,19.6812,12,62884.71,6288471,20,2026-07-01,Active,679967.19
LN-631-1,AUD-10631,327943.48,16.9162,36,11678.41,1167841,20,2026-07-01,Active,327943.48
LN-632-0,AUD-10632,54848.92,18.2812,24,2745.74,274574,21,2026-07-01,Active,54848.92
LN-633-0,AUD-10633,828972.04,17.6952,12,75879.95,7587995,23,2026-07-01,Active,828972.04
LN-634-0,AUD-10634,108213.28,13.5809,36,3676.48,367648,26,2026-07-01,Active,108213.28
LN-635-0,AUD-10635,81252.15,15.5512,12,7354.83,735483,20,2026-07-01,Active,81252.15
LN-636-0,AUD-10636,266854.06,16.1185,24,13081.12,1308112,28,2026-07-01,Active,266854.06
LN-637-0,AUD-10637,312734.19,16.7792,24,15429.12,1542912,20,2026-07-01,Active,312734.19
LN-638-0,AUD-10638,819101.73,16.6535,12,74571.34,7457134,23,2026-07-01,Active,819101.73
LN-639-0,AUD-10639,673540.65,15.7818,36,23607.2,2360720,25,2026-07-01,Active,673540.65
LN-641-0,AUD-10641,351740.68,19.4271,24,17803.84,1780384,25,2026-07-01,Active,351740.68
LN-641-1,AUD-10641,173686.39,12.9056,24,8249.67,824967,25,2026-07-01,Active,173686.39
LN-642-0,AUD-10642,459020.51,19.2465,36,16883.12,1688312,27,2026-07-01,Active,459020.51
LN-643-0,AUD-10643,315823.16,17.5902,24,15704.72,1570472,28,2026-07-01,Active,315823.16
LN-644-0,AUD-10644,628235.49,17.912,24,31337.4,3133740,23,2026-07-01,Active,628235.49
LN-645-0,AUD-10645,339028.78,15.7716,24,16562.93,1656293,27,2026-07-01,Active,339028.78
LN-646-0,AUD-10646,501306.15,17.2635,12,45784.21,4578421,21,2026-07-01,Active,501306.15
LN-647-0,AUD-10647,498377.92,15.0755,12,45000.51,4500051,28,2026-07-01,Active,498377.92
LN-648-0,AUD-10648,394966.44,11.6393,24,18525.98,1852598,27,2026-07-01,Active,394966.44
LN-649-0,AUD-10649,224411.32,19.5244,36,8285.65,828565,25,2026-07-01,Active,224411.32
LN-651-0,AUD-10651,195672.37,18.8658,36,7159.3,715930,26,2026-07-01,Active,195672.37
LN-651-1,AUD-10651,164790.52,12.4043,12,14672.63,1467263,26,2026-07-01,Active,164790.52
LN-652-0,AUD-10652,230944.83,19.6618,24,11716.0,1171600,28,2026-07-01,Active,230944.83
LN-653-0,AUD-10653,177707.34,19.7677,12,16442.08,1644208,25,2026-07-01,Active,177707.34
LN-654-0,AUD-10654,705659.91,13.8635,36,24071.02,2407102,22,2026-07-01,Active,705659.91
LN-655-0,AUD-10655,285882.62,18.5831,36,10419.16,1041916,21,2026-07-01,Active,285882.62
LN-656-0,AUD-10656,108800.88,18.0238,12,9976.09,997609,23,2026-07-01,Active,108800.88
LN-657-0,AUD-10657,591350.49,11.1727,12,52312.18,5231218,21,2026-07-01,Active,591350.49
LN-658-0,AUD-10658,852383.8,17.3092,36,30521.16,3052116,23,2026-07-01,Active,852383.8
LN-659-0,AUD-10659,108767.02,17.8607,12,9964.55,996455,21,2026-07-01,Active,108767.02
LN-661-0,AUD-10661,358569.62,19.4768,36,13230.33,1323033,22,2026-07-01,Active,358569.62
LN-661-1,AUD-10661,163644.77,19.5266,12,15122.1,1512210,22,2026-07-01,Active,163644.77
LN-662-0,AUD-10662,365396.31,16.8987,12,33308.31,3330831,24,2026-07-01,Active,365396.31
LN-663-0,AUD-10663,675974.08,14.7835,36,23361.25,2336125,20,2026-07-01,Active,675974.08
LN-664-0,AUD-10664,732333.79,19.6965,24,37164.23,3716423,20,2026-07-01,Active,732333.79
LN-665-0,AUD-10665,380286.46,13.5693,24,18181.36,1818136,23,2026-07-01,Active,380286.46
LN-666-0,AUD-10666,591380.64,18.5148,36,21532.86,2153286,28,2026-07-01,Active,591380.64
LN-667-0,AUD-10667,530079.24,17.4342,12,48455.05,4845505,20,2026-07-01,Active,530079.24
LN-668-0,AUD-10668,244082.37,11.7607,12,21659.11,2165911,20,2026-07-01,Active,244082.37
LN-669-0,AUD-10669,216499.33,15.7573,12,19618.32,1961832,23,2026-07-01,Active,216499.33
LN-671-0,AUD-10671,201284.71,16.2113,24,9875.86,987586,21,2026-07-01,Active,201284.71
LN-671-1,AUD-10671,706110.82,13.1854,12,63129.34,6312934,21,2026-07-01,Active,706110.82
LN-672-0,AUD-10672,561212.92,11.4904,12,49729.39,4972939,25,2026-07-01,Active,561212.92
LN-673-0,AUD-10673,169070.72,15.1573,12,15272.59,1527259,28,2026-07-01,Active,169070.72
LN-674-0,AUD-10674,858276.79,19.3993,24,43431.24,4343124,23,2026-07-01,Active,858276.79
LN-675-0,AUD-10675,832081.88,11.8628,12,73876.09,7387609,24,2026-07-01,Active,832081.88
LN-676-0,AUD-10676,218677.94,11.661,24,10259.34,1025934,26,2026-07-01,Active,218677.94
LN-677-0,AUD-10677,87606.79,11.0587,12,7745.23,774523,22,2026-07-01,Active,87606.79
LN-678-0,AUD-10678,541810.75,14.4243,36,18629.67,1862967,20,2026-07-01,Active,541810.75
LN-679-0,AUD-10679,721748.92,10.2283,36,23366.24,2336624,22,2026-07-01,Active,721748.92
LN-681-0,AUD-10681,404422.73,18.0754,12,37091.98,3709198,24,2026-07-01,Active,404422.73
LN-681-1,AUD-10681,365811.26,15.9565,12,33182.85,3318285,24,2026-07-01,Active,365811.26
LN-682-0,AUD-10682,831517.36,11.9239,24,39112.86,3911286,23,2026-07-01,Active,831517.36
LN-683-0,AUD-10683,237908.66,16.3411,24,11687.56,1168756,28,2026-07-01,Active,237908.66
LN-684-0,AUD-10684,812989.22,16.7682,24,40105.52,4010552,27,2026-07-01,Active,812989.22
LN-685-0,AUD-10685,359812.03,13.5369,36,12216.76,1221676,24,2026-07-01,Active,359812.03
LN-686-0,AUD-10686,788588.51,14.582,12,71021.21,7102121,24,2026-07-01,Active,788588.51
LN-687-0,AUD-10687,577011.77,17.7418,12,52829.56,5282956,23,2026-07-01,Active,577011.77
LN-688-0,AUD-10688,657626.03,19.9711,36,24430.05,2443005,28,2026-07-01,Active,657626.03
LN-689-0,AUD-10689,778844.93,10.8842,24,36258.41,3625841,22,2026-07-01,Active,778844.93
LN-691-0,AUD-10691,631874.95,17.5828,24,31418.55,3141855,22,2026-07-01,Active,631874.95
LN-691-1,AUD-10691,438271.84,15.1667,36,15228.64,1522864,22,2026-07-01,Active,438271.84
LN-692-0,AUD-10692,729732.48,14.8292,24,35323.11,3532311,26,2026-07-01,Active,729732.48
LN-693-0,AUD-10693,292863.5,13.9223,36,9998.33,999833,25,2026-07-01,Active,292863.5
LN-694-0,AUD-10694,246305.71,15.0189,12,22233.34,2223334,21,2026-07-01,Active,246305.71
LN-695-0,AUD-10695,719625.18,15.5868,36,25153.34,2515334,20,2026-07-01,Active,719625.18
LN-696-0,AUD-10696,451615.76,12.585,36,15126.6,1512660,21,2026-07-01,Active,451615.76
LN-697-0,AUD-10697,148444.15,15.4236,24,7227.47,722747,20,2026-07-01,Active,148444.15
LN-698-0,AUD-10698,581920.77,12.0588,24,27409.02,2740902,27,2026-07-01,Active,581920.77
LN-699-0,AUD-10699,138939.9,19.3981,36,5120.99,512099,23,2026-07-01,Active,138939.9
LN-701-0,AUD-10701,522242.05,13.0158,12,46649.1,4664910,23,2026-07-01,Active,522242.05
LN-701-1,AUD-10701,162585.3,19.3659,12,15011.71,1501171,23,2026-07-01,Active,162585.3
LN-702-0,AUD-10702,523452.67,14.4898,24,25253.76,2525376,23,2026-07-01,Active,523452.67
LN-703-0,AUD-10703,236599.1,17.5244,12,21637.89,2163789,28,2026-07-01,Active,236599.1
LN-704-0,AUD-10704,331712.99,11.2448,24,15498.15,1549815,28,2026-07-01,Active,331712.99
LN-705-0,AUD-10705,235195.92,16.5953,12,21405.84,2140584,26,2026-07-01,Active,235195.92
LN-706-0,AUD-10706,881833.94,18.4141,12,81020.44,8102044,21,2026-07-01,Active,881833.94
LN-707-0,AUD-10707,249802.78,17.6944,36,8992.72,899272,28,2026-07-01,Active,249802.78
LN-708-0,AUD-10708,492532.28,12.9493,36,16583.33,1658333,28,2026-07-01,Active,492532.28
LN-709-0,AUD-10709,424109.52,11.0294,12,37489.31,3748931,24,2026-07-01,Active,424109.52
LN-711-0,AUD-10711,690580.94,18.5004,12,63477.04,6347704,24,2026-07-01,Active,690580.94
LN-711-1,AUD-10711,380887.5,18.2267,12,34960.86,3496086,24,2026-07-01,Active,380887.5
LN-712-0,AUD-10712,155647.05,16.7523,24,7677.03,767703,28,2026-07-01,Active,155647.05
LN-713-0,AUD-10713,647540.23,15.207,12,58509.17,5850917,23,2026-07-01,Active,647540.23
LN-714-0,AUD-10714,452611.12,18.0498,36,16374.28,1637428,25,2026-07-01,Active,452611.12
LN-715-0,AUD-10715,396555.01,18.4931,12,36449.29,3644929,21,2026-07-01,Active,396555.01
LN-716-0,AUD-10716,228326.83,13.4498,24,10903.38,1090338,26,2026-07-01,Active,228326.83
LN-717-0,AUD-10717,177639.83,15.4451,24,8650.78,865078,21,2026-07-01,Active,177639.83
LN-718-0,AUD-10718,584685.57,17.3085,36,20935.52,2093552,27,2026-07-01,Active,584685.57
LN-719-0,AUD-10719,521686.21,16.6075,12,47483.13,4748313,28,2026-07-01,Active,521686.21
LN-721-0,AUD-10721,760305.29,15.5024,12,68804.24,6880424,22,2026-07-01,Active,760305.29
LN-721-1,AUD-10721,646854.95,11.1498,36,21223.13,2122313,22,2026-07-01,Active,646854.95
LN-722-0,AUD-10722,496520.33,19.5412,36,18336.61,1833661,23,2026-07-01,Active,496520.33
LN-723-0,AUD-10723,590133.26,19.3787,24,29856.5,2985650,27,2026-07-01,Active,590133.26
LN-724-0,AUD-10724,471513.61,19.5889,24,23903.47,2390347,21,2026-07-01,Active,471513.61
LN-725-0,AUD-10725,439824.04,13.303,12,39346.44,3934644,21,2026-07-01,Active,439824.04
LN-726-0,AUD-10726,455322.99,14.3528,12,40957.76,4095776,28,2026-07-01,Active,455322.99
LN-727-0,AUD-10727,222775.68,17.6247,24,11081.52,1108152,20,2026-07-01,Active,222775.68
LN-728-0,AUD-10728,173020.84,18.2027,36,6272.73,627273,26,2026-07-01,Active,173020.84
LN-729-0,AUD-10729,602265.06,15.3825,12,54468.19,5446819,23,2026-07-01,Active,602265.06
LN-731-0,AUD-10731,84482.25,11.2949,24,3949.11,394911,20,2026-07-01,Active,84482.25
LN-731-1,AUD-10731,242467.1,14.2483,36,8316.22,831622,20,2026-07-01,Active,242467.1
LN-732-0,AUD-10732,549790.87,11.4461,12,48705.91,4870591,24,2026-07-01,Active,549790.87
LN-733-0,AUD-10733,165901.51,17.1676,36,5928.69,592869,20,2026-07-01,Active,165901.51
LN-734-0,AUD-10734,131298.69,14.4808,36,4518.2,451820,27,2026-07-01,Active,131298.69
LN-735-0,AUD-10735,132620.17,11.0736,36,4346.44,434644,22,2026-07-01,Active,132620.17
LN-736-0,AUD-10736,366929.81,14.0551,24,17626.9,1762690,27,2026-07-01,Active,366929.81
LN-737-0,AUD-10737,556226.47,17.2112,36,19889.49,1988949,28,2026-07-01,Active,556226.47
LN-738-0,AUD-10738,712821.55,12.2287,24,33631.17,3363117,22,2026-07-01,Active,712821.55
LN-739-0,AUD-10739,346607.22,10.9037,24,16139.13,1613913,23,2026-07-01,Active,346607.22
LN-741-0,AUD-10741,385246.69,17.8513,12,35292.15,3529215,22,2026-07-01,Active,385246.69
LN-741-1,AUD-10741,882238.34,16.6121,12,80302.0,8030200,22,2026-07-01,Active,882238.34
LN-742-0,AUD-10742,88892.83,14.115,12,7986.24,798624,24,2026-07-01,Active,88892.83
LN-743-0,AUD-10743,747533.73,14.4456,24,36048.81,3604881,27,2026-07-01,Active,747533.73
LN-744-0,AUD-10744,491217.13,18.5389,12,45160.87,4516087,26,2026-07-01,Active,491217.13
LN-745-0,AUD-10745,270000.72,14.0546,36,9235.14,923514,20,2026-07-01,Active,270000.72
LN-746-0,AUD-10746,440398.24,19.8989,24,22392.67,2239267,26,2026-07-01,Active,440398.24
LN-747-0,AUD-10747,114579.65,12.1712,24,5402.83,540283,20,2026-07-01,Active,114579.65
LN-748-0,AUD-10748,260065.98,10.3307,12,22903.95,2290395,20,2026-07-01,Active,260065.98
LN-749-0,AUD-10749,274490.87,17.5008,36,9854.89,985489,27,2026-07-01,Active,274490.87
LN-751-0,AUD-10751,380420.96,19.0579,12,35068.82,3506882,20,2026-07-01,Active,380420.96
LN-751-1,AUD-10751,329003.27,14.0655,24,15806.58,1580658,20,2026-07-01,Active,329003.27
LN-752-0,AUD-10752,742541.45,12.2933,12,66075.85,6607585,26,2026-07-01,Active,742541.45
LN-753-0,AUD-10753,313380.34,17.3153,12,28628.68,2862868,21,2026-07-01,Active,313380.34
LN-754-0,AUD-10754,473406.95,15.661,24,23102.86,2310286,22,2026-07-01,Active,473406.95
LN-755-0,AUD-10755,209579.84,15.5832,12,18974.05,1897405,20,2026-07-01,Active,209579.84
LN-756-0,AUD-10756,190137.4,15.5536,36,6642.84,664284,27,2026-07-01,Active,190137.4
LN-757-0,AUD-10757,238578.08,19.3302,24,12064.69,1206469,24,2026-07-01,Active,238578.08
LN-758-0,AUD-10758,487010.05,17.5131,12,44536.32,4453632,25,2026-07-01,Active,487010.05
LN-759-0,AUD-10759,570059.91,15.5778,36,19923.01,1992301,27,2026-07-01,Active,570059.91
LN-761-0,AUD-10761,193675.95,17.728,12,17731.14,1773114,24,2026-07-01,Active,193675.95
LN-761-1,AUD-10761,117071.5,10.5775,24,5433.51,543351,24,2026-07-01,Active,117071.5
LN-762-0,AUD-10762,475627.72,17.9022,12,43583.42,4358342,28,2026-07-01,Active,475627.72
LN-763-0,AUD-10763,353721.84,14.6576,24,17093.31,1709331,26,2026-07-01,Active,353721.84
LN-764-0,AUD-10764,277653.67,17.205,24,13755.2,1375520,22,2026-07-01,Active,277653.67
LN-765-0,AUD-10765,173208.73,10.8142,24,8057.95,805795,22,2026-07-01,Active,173208.73
LN-766-0,AUD-10766,283041.01,16.4811,36,10018.24,1001824,21,2026-07-01,Active,283041.01
LN-767-0,AUD-10767,405307.13,11.1047,12,35841.51,3584151,24,2026-07-01,Active,405307.13
LN-768-0,AUD-10768,797045.61,11.3996,12,70592.87,7059287,20,2026-07-01,Active,797045.61
LN-769-0,AUD-10769,591878.43,17.1217,12,54016.31,5401631,27,2026-07-01,Active,591878.43
LN-771-0,AUD-10771,444642.77,15.6563,12,40270.53,4027053,21,2026-07-01,Active,444642.77
LN-771-1,AUD-10771,406058.65,11.7005,24,19057.85,1905785,21,2026-07-01,Active,406058.65
LN-772-0,AUD-10772,407937.06,18.6161,12,37519.39,3751939,26,2026-07-01,Active,407937.06
LN-773-0,AUD-10773,641340.12,14.5516,36,22091.7,2209170,24,2026-07-01,Active,641340.12
LN-774-0,AUD-10774,357559.91,16.7153,24,17629.69,1762969,28,2026-07-01,Active,357559.91
LN-775-0,AUD-10775,306821.65,19.3628,36,11303.22,1130322,22,2026-07-01,Active,306821.65
LN-776-0,AUD-10776,638334.42,18.9562,24,32163.98,3216398,25,2026-07-01,Active,638334.42
LN-777-0,AUD-10777,760078.69,17.752,36,27384.2,2738420,22,2026-07-01,Active,760078.69
LN-778-0,AUD-10778,289026.51,14.6217,12,26035.47,2603547,28,2026-07-01,Active,289026.51
LN-779-0,AUD-10779,350824.57,11.3092,12,31057.08,3105708,26,2026-07-01,Active,350824.57
LN-781-0,AUD-10781,158383.76,11.9458,36,5256.51,525651,27,2026-07-01,Active,158383.76
LN-781-1,AUD-10781,238888.68,15.0184,24,11585.0,1158500,27,2026-07-01,Active,238888.68
LN-782-0,AUD-10782,601214.22,12.2357,12,53483.46,5348346,28,2026-07-01,Active,601214.22
LN-783-0,AUD-10783,94836.75,18.6142,36,3457.87,345787,27,2026-07-01,Active,94836.75
LN-784-0,AUD-10784,368630.37,18.0814,24,18418.04,1841804,28,2026-07-01,Active,368630.37
LN-785-0,AUD-10785,366293.64,19.0614,12,33767.1,3376710,23,2026-07-01,Active,366293.64
LN-786-0,AUD-10786,426471.92,19.6218,24,21626.92,2162692,23,2026-07-01,Active,426471.92
LN-787-0,AUD-10787,78859.5,18.6,24,3959.89,395989,21,2026-07-01,Active,78859.5
LN-788-0,AUD-10788,179042.39,12.9796,36,6030.89,603089,27,2026-07-01,Active,179042.39
LN-789-0,AUD-10789,184283.98,11.8956,36,6111.68,611168,28,2026-07-01,Active,184283.98
LN-791-0,AUD-10791,802333.51,14.2099,24,38601.94,3860194,25,2026-07-01,Active,802333.51
LN-791-1,AUD-10791,885528.06,15.5398,12,80152.01,8015201,25,2026-07-01,Active,885528.06
LN-792-0,AUD-10792,207134.93,12.9679,36,6975.99,697599,20,2026-07-01,Active,207134.93
LN-793-0,AUD-10793,385741.76,17.9842,36,13942.43,1394243,25,2026-07-01,Active,385741.76
LN-794-0,AUD-10794,588326.43,17.5424,36,21134.59,2113459,20,2026-07-01,Active,588326.43
LN-795-0,AUD-10795,484171.37,12.3171,24,22863.4,2286340,21,2026-07-01,Active,484171.37
LN-796-0,AUD-10796,825007.29,11.2405,24,38544.0,3854400,27,2026-07-01,Active,825007.29
LN-797-0,AUD-10797,526966.1,13.779,12,47259.98,4725998,27,2026-07-01,Active,526966.1
LN-798-0,AUD-10798,388354.33,19.2979,24,19632.67,1963267,20,2026-07-01,Active,388354.33
LN-799-0,AUD-10799,212028.67,16.2727,36,7482.88,748288,27,2026-07-01,Active,212028.67
LN-801-0,AUD-10801,284371.04,13.0943,24,13532.12,1353212,25,2026-07-01,Active,284371.04
LN-801-1,AUD-10801,257237.28,19.6641,24,13050.12,1305012,25,2026-07-01,Active,257237.28
LN-802-0,AUD-10802,131135.31,13.1296,12,11720.62,1172062,20,2026-07-01,Active,131135.31
LN-803-0,AUD-10803,143540.74,17.0453,24,7100.11,710011,20,2026-07-01,Active,143540.74
LN-804-0,AUD-10804,317349.34,11.7393,36,10501.07,1050107,25,2026-07-01,Active,317349.34
LN-805-0,AUD-10805,149315.08,10.4152,24,6918.78,691878,20,2026-07-01,Active,149315.08
LN-806-0,AUD-10806,153333.48,19.1229,36,5630.12,563012,25,2026-07-01,Active,153333.48
LN-807-0,AUD-10807,332802.09,14.9741,12,30034.09,3003409,28,2026-07-01,Active,332802.09
LN-808-0,AUD-10808,441868.9,13.8868,24,21191.78,2119178,24,2026-07-01,Active,441868.9
LN-809-0,AUD-10809,394366.29,15.7719,36,13820.37,1382037,24,2026-07-01,Active,394366.29
LN-811-0,AUD-10811,457385.3,12.183,36,15231.74,1523174,28,2026-07-01,Active,457385.3
LN-811-1,AUD-10811,162626.22,11.9314,12,14443.92,1444392,28,2026-07-01,Active,162626.22
LN-812-0,AUD-10812,357371.48,14.8795,36,12367.32,1236732,26,2026-07-01,Active,357371.48
LN-813-0,AUD-10813,564027.99,17.8377,12,51666.53,5166653,23,2026-07-01,Active,564027.99
LN-814-0,AUD-10814,474017.71,10.1722,12,41711.66,4171166,25,2026-07-01,Active,474017.71
LN-815-0,AUD-10815,219836.01,14.309,24,10587.08,1058708,26,2026-07-01,Active,219836.01
LN-816-0,AUD-10816,226999.47,12.9878,12,20273.67,2027367,26,2026-07-01,Active,226999.47
LN-817-0,AUD-10817,308001.72,10.3182,36,9984.43,998443,26,2026-07-01,Active,308001.72
LN-818-0,AUD-10818,1012359.81,15.4476,24,49301.52,4930152,26,2026-07-01,Active,1012359.81
LN-819-0,AUD-10819,314133.44,16.3452,24,15432.81,1543281,23,2026-07-01,Active,314133.44
LN-821-0,AUD-10821,353388.48,19.7276,24,17938.99,1793899,25,2026-07-01,Active,353388.48
LN-821-1,AUD-10821,717648.94,11.004,24,33449.39,3344939,25,2026-07-01,Active,717648.94
LN-822-0,AUD-10822,367640.25,18.2129,36,13330.38,1333038,28,2026-07-01,Active,367640.25
LN-823-0,AUD-10823,265828.66,15.1547,12,24012.66,2401266,23,2026-07-01,Active,265828.66
LN-824-0,AUD-10824,470620.55,13.8699,24,22566.94,2256694,27,2026-07-01,Active,470620.55
LN-825-0,AUD-10825,772179.48,12.0708,12,68632.81,6863281,24,2026-07-01,Active,772179.48
LN-826-0,AUD-10826,390800.67,10.5238,24,18128.1,1812810,25,2026-07-01,Active,390800.67
LN-827-0,AUD-10827,226539.47,14.6414,36,7813.34,781334,25,2026-07-01,Active,226539.47
LN-828-0,AUD-10828,586123.75,14.0519,36,20047.11,2004711,23,2026-07-01,Active,586123.75
LN-829-0,AUD-10829,134685.45,15.6645,24,6573.05,657305,28,2026-07-01,Active,134685.45
LN-831-0,AUD-10831,625827.25,11.9623,24,29448.83,2944883,24,2026-07-01,Active,625827.25
LN-831-1,AUD-10831,172608.03,19.4499,36,6366.46,636646,24,2026-07-01,Active,172608.03
LN-832-0,AUD-10832,246163.09,18.4362,36,8953.34,895334,20,2026-07-01,Active,246163.09
LN-833-0,AUD-10833,506291.47,14.0972,36,17327.75,1732775,24,2026-07-01,Active,506291.47
LN-834-0,AUD-10834,180704.02,15.9558,36,6349.08,634908,20,2026-07-01,Active,180704.02
LN-835-0,AUD-10835,843596.26,16.0068,24,41307.84,4130784,25,2026-07-01,Active,843596.26
LN-836-0,AUD-10836,742578.25,11.616,12,65843.84,6584384,23,2026-07-01,Active,742578.25
LN-837-0,AUD-10837,378255.55,15.9546,36,13289.86,1328986,26,2026-07-01,Active,378255.55
LN-838-0,AUD-10838,152014.78,15.7675,24,7426.24,742624,24,2026-07-01,Active,152014.78
LN-839-0,AUD-10839,226004.95,15.0324,24,10961.71,1096171,21,2026-07-01,Active,226004.95
LN-841-0,AUD-10841,873363.75,12.6219,24,41366.37,4136637,23,2026-07-01,Active,873363.75
LN-841-1,AUD-10841,411918.6,15.2889,12,37235.25,3723525,23,2026-07-01,Active,411918.6
LN-842-0,AUD-10842,311495.1,18.413,12,28619.12,2861912,22,2026-07-01,Active,311495.1
LN-843-0,AUD-10843,745665.38,14.7435,24,36064.01,3606401,23,2026-07-01,Active,745665.38
LN-844-0,AUD-10844,858663.19,10.0356,24,39637.05,3963705,20,2026-07-01,Active,858663.19
LN-845-0,AUD-10845,307346.62,19.3719,12,28378.59,2837859,24,2026-07-01,Active,307346.62
LN-846-0,AUD-10846,511905.5,12.1546,12,45519.23,4551923,20,2026-07-01,Active,511905.5
LN-847-0,AUD-10847,209322.09,19.3426,24,10586.52,1058652,22,2026-07-01,Active,209322.09
LN-848-0,AUD-10848,161644.31,16.657,36,5735.5,573550,24,2026-07-01,Active,161644.31
LN-849-0,AUD-10849,540263.81,10.5753,24,25074.13,2507413,21,2026-07-01,Active,540263.81
LN-851-0,AUD-10851,311776.97,19.7397,24,15828.52,1582852,21,2026-07-01,Active,311776.97
LN-851-1,AUD-10851,287877.09,18.9409,24,14503.23,1450323,21,2026-07-01,Active,287877.09
LN-852-0,AUD-10852,246898.68,14.5279,24,11915.99,1191599,23,2026-07-01,Active,246898.68
LN-853-0,AUD-10853,125945.46,19.8113,24,6398.49,639849,20,2026-07-01,Active,125945.46
LN-854-0,AUD-10854,305261.91,13.3493,24,14562.84,1456284,28,2026-07-01,Active,305261.91
LN-855-0,AUD-10855,207866.77,11.3273,36,6837.55,683755,20,2026-07-01,Active,207866.77
LN-856-0,AUD-10856,166016.53,13.0218,24,7894.43,789443,26,2026-07-01,Active,166016.53
LN-857-0,AUD-10857,320415.12,18.1875,36,11613.93,1161393,26,2026-07-01,Active,320415.12
LN-858-0,AUD-10858,445907.69,19.6502,36,16492.16,1649216,21,2026-07-01,Active,445907.69
LN-859-0,AUD-10859,135109.28,16.3365,36,4772.52,477252,27,2026-07-01,Active,135109.28
LN-861-0,AUD-10861,242127.76,10.6746,12,21362.92,2136292,21,2026-07-01,Active,242127.76
LN-861-1,AUD-10861,346863.21,12.7863,12,30946.11,3094611,21,2026-07-01,Active,346863.21
LN-862-0,AUD-10862,240014.52,12.9363,24,11403.55,1140355,24,2026-07-01,Active,240014.52
LN-863-0,AUD-10863,320189.02,19.4863,12,29581.88,2958188,23,2026-07-01,Active,320189.02
LN-864-0,AUD-10864,313891.13,17.9009,24,15655.7,1565570,22,2026-07-01,Active,313891.13
LN-865-0,AUD-10865,436939.33,15.1193,24,21210.5,2121050,25,2026-07-01,Active,436939.33
LN-866-0,AUD-10866,217808.59,15.4734,12,19707.73,1970773,25,2026-07-01,Active,217808.59
LN-867-0,AUD-10867,530005.55,18.2973,24,26536.25,2653625,28,2026-07-01,Active,530005.55
LN-868-0,AUD-10868,368739.51,15.2246,36,12823.06,1282306,26,2026-07-01,Active,368739.51
LN-869-0,AUD-10869,841362.88,19.8637,24,42765.84,4276584,22,2026-07-01,Active,841362.88
LN-871-0,AUD-10871,128222.73,18.7129,36,4681.54,468154,28,2026-07-01,Active,128222.73
LN-871-1,AUD-10871,277144.03,18.8914,36,10143.79,1014379,28,2026-07-01,Active,277144.03
LN-872-0,AUD-10872,314487.02,11.4034,12,27854.09,2785409,22,2026-07-01,Active,314487.02
LN-873-0,AUD-10873,157250.81,19.8179,24,7989.42,798942,24,2026-07-01,Active,157250.81
LN-874-0,AUD-10874,144057.65,19.7216,12,13325.52,1332552,25,2026-07-01,Active,144057.65
LN-875-0,AUD-10875,460544.84,19.8573,12,42630.9,4263090,20,2026-07-01,Active,460544.84
LN-876-0,AUD-10876,521702.63,14.3844,12,46936.58,4693658,21,2026-07-01,Active,521702.63
LN-877-0,AUD-10877,309382.95,18.9327,24,15585.45,1558545,26,2026-07-01,Active,309382.95
LN-878-0,AUD-10878,328989.49,10.8543,36,10748.01,1074801,28,2026-07-01,Active,328989.49
LN-879-0,AUD-10879,340947.9,15.7987,12,30902.03,3090203,26,2026-07-01,Active,340947.9
LN-881-0,AUD-10881,748200.96,17.234,24,37076.92,3707692,22,2026-07-01,Active,748200.96
LN-881-1,AUD-10881,529988.79,10.5725,12,46735.68,4673568,22,2026-07-01,Active,529988.79
LN-882-0,AUD-10882,375843.45,18.1468,36,13615.34,1361534,22,2026-07-01,Active,375843.45
LN-883-0,AUD-10883,587345.59,19.1192,12,54161.18,5416118,24,2026-07-01,Active,587345.59
LN-884-0,AUD-10884,219420.9,10.5467,36,7136.55,713655,27,2026-07-01,Active,219420.9
LN-885-0,AUD-10885,291767.79,15.9259,24,14275.53,1427553,28,2026-07-01,Active,291767.79
LN-886-0,AUD-10886,482311.59,19.9743,36,17918.1,1791810,20,2026-07-01,Active,482311.59
LN-887-0,AUD-10887,127359.33,18.8248,12,11726.35,1172635,25,2026-07-01,Active,127359.33
LN-888-0,AUD-10888,311499.87,18.2015,12,28588.19,2858819,24,2026-07-01,Active,311499.87
LN-889-0,AUD-10889,198799.09,13.7018,36,6765.72,676572,22,2026-07-01,Active,198799.09
LN-891-0,AUD-10891,109307.76,11.9912,12,9711.41,971141,21,2026-07-01,Active,109307.76
LN-891-1,AUD-10891,219372.92,18.8256,12,20198.4,2019840,21,2026-07-01,Active,219372.92
LN-892-0,AUD-10892,195251.56,14.9061,36,6759.48,675948,26,2026-07-01,Active,195251.56
LN-893-0,AUD-10893,565624.69,10.3641,24,26195.86,2619586,22,2026-07-01,Active,565624.69
LN-894-0,AUD-10894,684985.15,10.5838,12,60407.23,6040723,24,2026-07-01,Active,684985.15
LN-895-0,AUD-10895,598273.86,19.0206,24,30164.14,3016414,28,2026-07-01,Active,598273.86
LN-896-0,AUD-10896,180450.54,14.5483,36,6215.53,621553,21,2026-07-01,Active,180450.54
LN-897-0,AUD-10897,223943.44,12.703,12,19970.83,1997083,24,2026-07-01,Active,223943.44
LN-898-0,AUD-10898,171832.21,17.4753,36,6167.01,616701,25,2026-07-01,Active,171832.21
LN-899-0,AUD-10899,285873.55,11.7456,12,25365.51,2536551,25,2026-07-01,Active,285873.55
LN-901-0,AUD-10901,233769.46,10.3894,36,7585.89,758589,20,2026-07-01,Active,233769.46
LN-901-1,AUD-10901,160079.62,12.6515,36,5366.89,536689,20,2026-07-01,Active,160079.62
LN-902-0,AUD-10902,277958.22,18.4176,24,13932.96,1393296,26,2026-07-01,Active,277958.22
LN-903-0,AUD-10903,320151.12,14.238,12,28781.3,2878130,23,2026-07-01,Active,320151.12
LN-904-0,AUD-10904,209306.09,18.8832,36,7659.97,765997,25,2026-07-01,Active,209306.09
LN-905-0,AUD-10905,306075.65,13.277,36,10353.78,1035378,23,2026-07-01,Active,306075.65
LN-906-0,AUD-10906,417611.23,15.8931,36,14659.95,1465995,24,2026-07-01,Active,417611.23
LN-907-0,AUD-10907,276748.78,17.7542,12,25339.97,2533997,24,2026-07-01,Active,276748.78
LN-908-0,AUD-10908,326204.44,14.3432,36,11203.35,1120335,20,2026-07-01,Active,326204.44
LN-909-0,AUD-10909,482674.08,19.225,36,17747.86,1774786,21,2026-07-01,Active,482674.08
LN-911-0,AUD-10911,430307.06,16.3904,12,39121.67,3912167,22,2026-07-01,Active,430307.06
LN-911-1,AUD-10911,291283.29,12.3652,24,13761.44,1376144,22,2026-07-01,Active,291283.29
LN-912-0,AUD-10912,530387.31,12.976,36,17864.72,1786472,28,2026-07-01,Active,530387.31
LN-913-0,AUD-10913,783340.84,18.7778,12,72106.97,7210697,20,2026-07-01,Active,783340.84
LN-914-0,AUD-10914,320350.13,19.0219,36,11746.3,1174630,21,2026-07-01,Active,320350.13
LN-915-0,AUD-10915,372307.66,18.3022,24,18641.53,1864153,25,2026-07-01,Active,372307.66
LN-916-0,AUD-10916,362706.29,10.0376,36,11709.92,1170992,23,2026-07-01,Active,362706.29
LN-917-0,AUD-10917,386621.62,13.2281,36,13069.33,1306933,25,2026-07-01,Active,386621.62
LN-918-0,AUD-10918,597446.87,13.4355,12,53484.49,5348449,28,2026-07-01,Active,597446.87
LN-919-0,AUD-10919,174366.02,15.6777,24,8510.67,851067,27,2026-07-01,Active,174366.02
LN-921-0,AUD-10921,136578.35,19.5897,24,6923.92,692392,22,2026-07-01,Active,136578.35
LN-921-1,AUD-10921,102394.39,19.5409,24,5188.51,518851,22,2026-07-01,Active,102394.39
LN-922-0,AUD-10922,605697.65,10.0094,12,53253.08,5325308,25,2026-07-01,Active,605697.65
LN-923-0,AUD-10923,294806.07,10.2427,36,9546.19,954619,26,2026-07-01,Active,294806.07
LN-924-0,AUD-10924,540730.17,12.0434,36,17971.18,1797118,20,2026-07-01,Active,540730.17
LN-925-0,AUD-10925,289579.86,11.81,12,25703.09,2570309,26,2026-07-01,Active,289579.86
LN-926-0,AUD-10926,224512.59,15.4417,24,10933.04,1093304,22,2026-07-01,Active,224512.59
LN-927-0,AUD-10927,264099.53,16.7696,24,13028.46,1302846,21,2026-07-01,Active,264099.53
LN-928-0,AUD-10928,717874.22,18.2476,12,65899.31,6589931,27,2026-07-01,Active,717874.22
LN-929-0,AUD-10929,165083.41,19.0748,24,8327.62,832762,23,2026-07-01,Active,165083.41
LN-931-0,AUD-10931,484501.62,12.1597,12,43083.58,4308358,24,2026-07-01,Active,484501.62
LN-931-1,AUD-10931,249990.65,16.7619,36,8883.25,888325,24,2026-07-01,Active,249990.65
LN-932-0,AUD-10932,163239.24,18.9152,24,8221.94,822194,20,2026-07-01,Active,163239.24
LN-933-0,AUD-10933,448846.98,13.3701,24,21417.12,2141712,24,2026-07-01,Active,448846.98
LN-934-0,AUD-10934,573706.62,15.9516,24,28077.2,2807720,20,2026-07-01,Active,573706.62
LN-935-0,AUD-10935,491978.07,12.2031,24,23205.81,2320581,22,2026-07-01,Active,491978.07
LN-936-0,AUD-10936,493484.9,17.0667,24,24414.84,2441484,25,2026-07-01,Active,493484.9
LN-937-0,AUD-10937,355699.61,10.074,12,31283.89,3128389,22,2026-07-01,Active,355699.61
LN-938-0,AUD-10938,189225.38,18.5811,36,6896.23,689623,21,2026-07-01,Active,189225.38
LN-939-0,AUD-10939,293539.85,12.9485,36,9883.24,988324,26,2026-07-01,Active,293539.85
LN-941-0,AUD-10941,201096.8,10.1392,24,9292.52,929252,23,2026-07-01,Active,201096.8
LN-941-1,AUD-10941,656309.16,18.078,12,60194.78,6019478,23,2026-07-01,Active,656309.16
LN-942-0,AUD-10942,278039.82,11.9529,36,9228.64,922864,20,2026-07-01,Active,278039.82
LN-943-0,AUD-10943,393546.65,14.0334,24,18901.53,1890153,26,2026-07-01,Active,393546.65
LN-944-0,AUD-10944,406118.6,16.1066,36,14299.3,1429930,21,2026-07-01,Active,406118.6
LN-945-0,AUD-10945,149119.45,19.9623,36,5538.95,553895,27,2026-07-01,Active,149119.45
LN-946-0,AUD-10946,667694.5,12.7118,24,31653.11,3165311,22,2026-07-01,Active,667694.5
LN-947-0,AUD-10947,232629.32,18.2131,24,11637.78,1163778,25,2026-07-01,Active,232629.32
LN-948-0,AUD-10948,467834.73,17.0125,12,42671.53,4267153,22,2026-07-01,Active,467834.73
LN-949-0,AUD-10949,525217.93,12.5974,24,24870.6,2487060,26,2026-07-01,Active,525217.93
LN-951-0,AUD-10951,862476.07,13.2758,24,41115.51,4111551,24,2026-07-01,Active,862476.07
LN-951-1,AUD-10951,593304.91,16.6317,12,54008.58,5400858,24,2026-07-01,Active,593304.91
LN-952-0,AUD-10952,309224.93,16.274,24,15181.13,1518113,26,2026-07-01,Active,309224.93
LN-953-0,AUD-10953,152080.73,18.6695,12,13991.26,1399126,23,2026-07-01,Active,152080.73
LN-954-0,AUD-10954,261144.45,15.2293,24,12690.48,1269048,21,2026-07-01,Active,261144.45
LN-955-0,AUD-10955,118913.77,11.9485,24,5594.83,559483,26,2026-07-01,Active,118913.77
LN-956-0,AUD-10956,421273.05,15.7293,36,14754.47,1475447,28,2026-07-01,Active,421273.05
LN-957-0,AUD-10957,508680.08,10.4189,12,44820.23,4482023,26,2026-07-01,Active,508680.08
LN-958-0,AUD-10958,62330.86,15.7379,24,3044.11,304411,26,2026-07-01,Active,62330.86
LN-959-0,AUD-10959,547672.89,13.2667,12,48985.21,4898521,25,2026-07-01,Active,547672.89
LN-961-0,AUD-10961,160567.53,11.9665,36,5330.57,533057,27,2026-07-01,Active,160567.53
LN-961-1,AUD-10961,275854.36,10.3302,24,12771.36,1277136,27,2026-07-01,Active,275854.36
LN-962-0,AUD-10962,474700.92,17.1842,12,43336.5,4333650,20,2026-07-01,Active,474700.92
LN-963-0,AUD-10963,266312.09,16.628,24,13119.52,1311952,25,2026-07-01,Active,266312.09
LN-964-0,AUD-10964,730171.67,18.5327,24,36641.38,3664138,22,2026-07-01,Active,730171.67
LN-965-0,AUD-10965,424154.53,19.8377,24,21554.07,2155407,24,2026-07-01,Active,424154.53
LN-966-0,AUD-10966,540535.89,11.7991,36,17901.7,1790170,26,2026-07-01,Active,540535.89
LN-967-0,AUD-10967,351287.48,11.1777,24,16401.74,1640174,20,2026-07-01,Active,351287.48
LN-968-0,AUD-10968,545794.68,15.6905,36,19105.22,1910522,26,2026-07-01,Active,545794.68
LN-969-0,AUD-10969,245254.22,16.1193,36,8636.87,863687,20,2026-07-01,Active,245254.22
LN-971-0,AUD-10971,247777.16,17.9204,36,8947.84,894784,22,2026-07-01,Active,247777.16
LN-971-1,AUD-10971,339627.29,19.5946,36,12551.72,1255172,22,2026-07-01,Active,339627.29
LN-972-0,AUD-10972,393699.21,10.1317,12,34636.54,3463654,28,2026-07-01,Active,393699.21
LN-973-0,AUD-10973,200810.7,16.8159,24,9910.78,991078,27,2026-07-01,Active,200810.7
LN-974-0,AUD-10974,701009.27,14.2916,36,24058.24,2405824,26,2026-07-01,Active,701009.27
LN-975-0,AUD-10975,292172.98,16.5008,36,10344.32,1034432,27,2026-07-01,Active,292172.98
LN-976-0,AUD-10976,103163.1,13.4834,24,4928.02,492802,28,2026-07-01,Active,103163.1
LN-977-0,AUD-10977,898442.35,14.3952,24,43304.75,4330475,24,2026-07-01,Active,898442.35
LN-978-0,AUD-10978,276919.88,17.0863,36,9884.85,988485,23,2026-07-01,Active,276919.88
LN-979-0,AUD-10979,172379.49,14.4915,36,5932.76,593276,22,2026-07-01,Active,172379.49
LN-981-0,AUD-10981,238037.87,11.7259,12,21118.87,2111887,27,2026-07-01,Active,238037.87
LN-981-1,AUD-10981,137335.16,13.3731,36,4652.08,465208,27,2026-07-01,Active,137335.16
LN-982-0,AUD-10982,360064.02,19.9766,12,33350.32,3335032,24,2026-07-01,Active,360064.02
LN-983-0,AUD-10983,754181.63,16.8029,36,26814.71,2681471,25,2026-07-01,Active,754181.63
LN-984-0,AUD-10984,504664.7,10.2112,24,23336.95,2333695,20,2026-07-01,Active,504664.7
LN-985-0,AUD-10985,399585.47,19.1675,36,14681.08,1468108,27,2026-07-01,Active,399585.47
LN-986-0,AUD-10986,214225.43,18.0621,36,7751.44,775144,25,2026-07-01,Active,214225.43
LN-987-0,AUD-10987,594794.16,19.4899,24,30124.51,3012451,20,2026-07-01,Active,594794.16
LN-988-0,AUD-10988,472880.37,11.1666,12,41830.7,4183070,22,2026-07-01,Active,472880.37
LN-989-0,AUD-10989,322686.07,17.7344,24,16068.43,1606843,26,2026-07-01,Active,322686.07
LN-991-0,AUD-10991,261366.04,13.0552,36,8813.4,881340,23,2026-07-01,Active,261366.04
LN-991-1,AUD-10991,290415.42,10.1199,12,25548.33,2554833,23,2026-07-01,Active,290415.42
LN-992-0,AUD-10992,487441.58,10.4666,24,22598.08,2259808,28,2026-07-01,Active,487441.58
LN-993-0,AUD-10993,869148.67,13.5548,24,41547.78,4154778,23,2026-07-01,Active,869148.67
LN-994-0,AUD-10994,319277.84,12.7695,36,10722.32,1072232,25,2026-07-01,Active,319277.84
LN-995-0,AUD-10995,742239.84,18.5851,24,37265.85,3726585,25,2026-07-01,Active,742239.84
LN-996-0,AUD-10996,660643.99,15.8401,12,59890.83,5989083,23,2026-07-01,Active,660643.99
LN-997-0,AUD-10997,467120.22,17.9079,24,23299.77,2329977,26,2026-07-01,Active,467120.22
LN-998-0,AUD-10998,402679.98,19.7799,36,14919.91,1491991,22,2026-07-01,Active,402679.98
LN-999-0,AUD-10999,394059.76,18.4485,24,19758.58,1975858,24,2026-07-01,Active,394059.76
LN-1001-0,AUD-11001,543773.86,13.5005,12,48696.19,4869619,23,2026-07-01,Active,543773.86
LN-1001-1,AUD-11001,692122.25,14.7921,36,23922.24,2392224,23,2026-07-01,Active,692122.25
LN-1002-0,AUD-11002,839169.12,10.0849,12,73809.45,7380945,22,2026-07-01,Active,839169.12
LN-1003-0,AUD-11003,535446.99,15.3533,12,48417.84,4841784,20,2026-07-01,Active,535446.99
LN-1004-0,AUD-11004,257734.49,14.3261,36,8849.63,884963,23,2026-07-01,Active,257734.49
LN-1005-0,AUD-11005,326079.14,12.9832,24,15499.82,1549982,21,2026-07-01,Active,326079.14
LN-1006-0,AUD-11006,239149.06,11.083,12,21145.65,2114565,26,2026-07-01,Active,239149.06
LN-1007-0,AUD-11007,608109.41,19.9367,12,56313.51,5631351,25,2026-07-01,Active,608109.41
LN-1008-0,AUD-11008,341564.73,12.7419,12,30466.28,3046628,22,2026-07-01,Active,341564.73
LN-1009-0,AUD-11009,510057.18,16.6575,12,46436.77,4643677,22,2026-07-01,Active,510057.18
LN-1011-0,AUD-11011,274940.33,13.9354,24,13192.29,1319229,21,2026-07-01,Active,274940.33
LN-1011-1,AUD-11011,364737.51,15.3729,24,17749.59,1774959,21,2026-07-01,Active,364737.51
LN-1012-0,AUD-11012,258405.45,13.9712,36,8828.07,882807,28,2026-07-01,Active,258405.45
LN-1013-0,AUD-11013,445473.57,11.0359,36,14591.81,1459181,24,2026-07-01,Active,445473.57
LN-1014-0,AUD-11014,253240.94,18.5498,12,23283.45,2328345,25,2026-07-01,Active,253240.94
LN-1015-0,AUD-11015,287799.81,16.2432,36,10152.78,1015278,20,2026-07-01,Active,287799.81
LN-1016-0,AUD-11016,746078.02,12.95,24,35452.38,3545238,26,2026-07-01,Active,746078.02
LN-1017-0,AUD-11017,637048.5,13.8897,36,21738.7,2173870,20,2026-07-01,Active,637048.5
LN-1018-0,AUD-11018,182605.3,11.3144,36,6005.49,600549,26,2026-07-01,Active,182605.3
LN-1019-0,AUD-11019,424794.86,16.4476,36,15028.57,1502857,26,2026-07-01,Active,424794.86
LN-1021-0,AUD-11021,925067.63,12.4412,12,82382.19,8238219,25,2026-07-01,Active,925067.63
LN-1021-1,AUD-11021,387433.1,14.4098,24,18676.86,1867686,25,2026-07-01,Active,387433.1
LN-1022-0,AUD-11022,250965.14,14.9393,12,22644.5,2264450,25,2026-07-01,Active,250965.14
LN-1023-0,AUD-11023,75022.6,19.7284,12,6939.93,693993,21,2026-07-01,Active,75022.6
LN-1024-0,AUD-11024,711656.05,13.8555,36,24272.82,2427282,24,2026-07-01,Active,711656.05
LN-1025-0,AUD-11025,108819.18,12.2573,36,3627.74,362774,28,2026-07-01,Active,108819.18
LN-1026-0,AUD-11026,305359.78,17.7793,36,11005.7,1100570,23,2026-07-01,Active,305359.78
LN-1027-0,AUD-11027,612642.59,13.6169,36,20824.87,2082487,23,2026-07-01,Active,612642.59
LN-1028-0,AUD-11028,331286.6,12.8316,24,15723.78,1572378,24,2026-07-01,Active,331286.6
LN-1029-0,AUD-11029,299469.98,19.5101,12,27671.09,2767109,20,2026-07-01,Active,299469.98
LN-1031-0,AUD-11031,157352.04,19.9884,36,5846.84,584684,20,2026-07-01,Active,157352.04
LN-1031-1,AUD-11031,223844.91,12.2765,12,19917.32,1991732,20,2026-07-01,Active,223844.91
LN-1032-0,AUD-11032,400935.95,19.9658,12,37133.93,3713393,20,2026-07-01,Active,400935.95
LN-1033-0,AUD-11033,622307.05,19.1007,12,57379.59,5737959,24,2026-07-01,Active,622307.05
LN-1034-0,AUD-11034,410326.13,15.9128,24,20073.75,2007375,21,2026-07-01,Active,410326.13
LN-1035-0,AUD-11035,272521.84,13.5848,36,9259.28,925928,20,2026-07-01,Active,272521.84
LN-1036-0,AUD-11036,546902.8,17.257,36,19568.61,1956861,23,2026-07-01,Active,546902.8
LN-1037-0,AUD-11037,377034.7,13.6116,36,12815.15,1281515,26,2026-07-01,Active,377034.7
LN-1038-0,AUD-11038,402152.95,16.3251,24,19753.18,1975318,22,2026-07-01,Active,402152.95
LN-1039-0,AUD-11039,194770.19,16.7968,12,17745.19,1774519,24,2026-07-01,Active,194770.19
LN-1041-0,AUD-11041,503485.04,14.111,24,24200.18,2420018,23,2026-07-01,Active,503485.04
LN-1041-1,AUD-11041,255305.54,15.4273,36,8903.77,890377,23,2026-07-01,Active,255305.54
LN-1042-0,AUD-11042,611597.81,14.6893,12,55112.15,5511215,22,2026-07-01,Active,611597.81
LN-1043-0,AUD-11043,112117.9,18.8257,36,4099.92,409992,21,2026-07-01,Active,112117.9
LN-1044-0,AUD-11044,407704.27,18.2892,12,37434.45,3743445,22,2026-07-01,Active,407704.27
LN-1045-0,AUD-11045,183969.13,16.5306,36,6516.1,651610,24,2026-07-01,Active,183969.13
LN-1046-0,AUD-11046,425806.16,12.1719,24,20078.37,2007837,23,2026-07-01,Active,425806.16
LN-1047-0,AUD-11047,310458.44,13.5179,12,27804.79,2780479,28,2026-07-01,Active,310458.44
LN-1048-0,AUD-11048,106036.55,12.2725,36,3535.75,353575,25,2026-07-01,Active,106036.55
LN-1049-0,AUD-11049,84951.49,19.7881,24,4314.88,431488,20,2026-07-01,Active,84951.49
LN-1051-0,AUD-11051,578077.92,16.0125,24,28307.95,2830795,25,2026-07-01,Active,578077.92
LN-1051-1,AUD-11051,853848.4,17.8573,24,42568.75,4256875,25,2026-07-01,Active,853848.4
LN-1052-0,AUD-11052,241318.67,18.9447,36,8839.04,883904,23,2026-07-01,Active,241318.67
LN-1053-0,AUD-11053,376179.16,18.8505,12,34640.54,3464054,27,2026-07-01,Active,376179.16
LN-1054-0,AUD-11054,740193.13,15.4928,12,66980.83,6698083,28,2026-07-01,Active,740193.13
LN-1055-0,AUD-11055,257315.31,14.5539,12,23170.72,2317072,22,2026-07-01,Active,257315.31
LN-1056-0,AUD-11056,852718.85,12.0073,36,28325.44,2832544,28,2026-07-01,Active,852718.85
LN-1057-0,AUD-11057,317862.78,13.1101,36,10726.91,1072691,20,2026-07-01,Active,317862.78
LN-1058-0,AUD-11058,59919.83,15.967,36,2105.63,210563,24,2026-07-01,Active,59919.83
LN-1059-0,AUD-11059,356082.88,15.9615,24,17428.38,1742838,25,2026-07-01,Active,356082.88
LN-1061-0,AUD-11061,72178.32,19.494,24,3655.76,365576,20,2026-07-01,Active,72178.32
LN-1061-1,AUD-11061,213549.57,18.0796,12,19586.32,1958632,20,2026-07-01,Active,213549.57
LN-1062-0,AUD-11062,279257.33,19.5771,12,25812.38,2581238,22,2026-07-01,Active,279257.33
LN-1063-0,AUD-11063,272716.97,16.7041,24,13445.0,1344500,27,2026-07-01,Active,272716.97
LN-1064-0,AUD-11064,610852.54,12.2116,24,28815.34,2881534,22,2026-07-01,Active,610852.54
LN-1065-0,AUD-11065,846542.4,15.6306,12,76659.62,7665962,23,2026-07-01,Active,846542.4
LN-1066-0,AUD-11066,740394.52,17.2622,36,26493.82,2649382,22,2026-07-01,Active,740394.52
LN-1067-0,AUD-11067,420253.85,14.7156,24,20319.95,2031995,22,2026-07-01,Active,420253.85
LN-1068-0,AUD-11068,478832.79,11.3991,24,22406.19,2240619,27,2026-07-01,Active,478832.79
LN-1069-0,AUD-11069,65927.23,16.2918,12,5990.74,599074,22,2026-07-01,Active,65927.23
LN-1071-0,AUD-11071,159752.99,11.0978,36,5237.51,523751,21,2026-07-01,Active,159752.99
LN-1071-1,AUD-11071,138175.25,11.403,24,6465.93,646593,21,2026-07-01,Active,138175.25
LN-1072-0,AUD-11072,193524.92,11.9696,36,6424.99,642499,27,2026-07-01,Active,193524.92
LN-1073-0,AUD-11073,221562.42,17.2301,12,20231.74,2023174,28,2026-07-01,Active,221562.42
LN-1074-0,AUD-11074,368955.16,13.7824,12,33089.66,3308966,20,2026-07-01,Active,368955.16
LN-1075-0,AUD-11075,378537.25,10.5957,24,17571.84,1757184,25,2026-07-01,Active,378537.25
LN-1076-0,AUD-11076,373957.59,16.9952,12,34105.86,3410586,26,2026-07-01,Active,373957.59
LN-1077-0,AUD-11077,119050.34,19.8252,12,11018.21,1101821,20,2026-07-01,Active,119050.34
LN-1078-0,AUD-11078,372094.94,14.0913,12,33425.32,3342532,20,2026-07-01,Active,372094.94
LN-1079-0,AUD-11079,270547.13,17.2035,36,9673.17,967317,22,2026-07-01,Active,270547.13
LN-1081-0,AUD-11081,110443.99,10.6257,12,9741.95,974195,25,2026-07-01,Active,110443.99
LN-1081-1,AUD-11081,245962.53,13.8979,12,22072.46,2207246,25,2026-07-01,Active,245962.53
LN-1082-0,AUD-11082,519836.96,14.6962,36,17943.08,1794308,22,2026-07-01,Active,519836.96
LN-1083-0,AUD-11083,186347.94,14.9588,36,6456.06,645606,25,2026-07-01,Active,186347.94
LN-1084-0,AUD-11084,780109.04,10.1478,36,25226.11,2522611,24,2026-07-01,Active,780109.04
LN-1085-0,AUD-11085,499759.73,18.6838,36,18239.4,1823940,21,2026-07-01,Active,499759.73
LN-1086-0,AUD-11086,930377.8,15.4918,12,84190.4,8419040,27,2026-07-01,Active,930377.8
LN-1087-0,AUD-11087,361854.63,18.9957,12,33346.55,3334655,20,2026-07-01,Active,361854.63
LN-1088-0,AUD-11088,566916.18,18.775,24,28515.54,2851554,27,2026-07-01,Active,566916.18
LN-1089-0,AUD-11089,908137.27,14.9261,24,44000.65,4400065,24,2026-07-01,Active,908137.27
LN-1091-0,AUD-11091,269719.17,14.164,12,24238.12,2423812,25,2026-07-01,Active,269719.17
LN-1091-1,AUD-11091,200332.23,16.9367,36,7136.09,713609,25,2026-07-01,Active,200332.23
LN-1092-0,AUD-11092,371306.26,16.2296,24,18221.06,1822106,21,2026-07-01,Active,371306.26
LN-1093-0,AUD-11093,119006.0,18.3715,24,5962.65,596265,20,2026-07-01,Active,119006.0
LN-1094-0,AUD-11094,334325.57,12.2898,12,29749.77,2974977,27,2026-07-01,Active,334325.57
LN-1095-0,AUD-11095,308797.26,15.557,24,15054.39,1505439,27,2026-07-01,Active,308797.26
LN-1096-0,AUD-11096,574298.47,18.1708,24,28718.75,2871875,25,2026-07-01,Active,574298.47
LN-1097-0,AUD-11097,379101.56,19.0476,12,34945.31,3494531,24,2026-07-01,Active,379101.56
LN-1098-0,AUD-11098,659703.82,14.0884,12,59260.36,5926036,20,2026-07-01,Active,659703.82
LN-1099-0,AUD-11099,287762.59,11.519,24,13481.44,1348144,26,2026-07-01,Active,287762.59
LN-1101-0,AUD-11101,119530.06,16.3418,36,4222.52,422252,27,2026-07-01,Active,119530.06
LN-1101-1,AUD-11101,104891.05,14.0523,12,9420.45,942045,27,2026-07-01,Active,104891.05
LN-1102-0,AUD-11102,178566.76,13.8026,24,8556.86,855686,26,2026-07-01,Active,178566.76
LN-1103-0,AUD-11103,405745.18,19.0727,12,37406.16,3740616,27,2026-07-01,Active,405745.18
LN-1104-0,AUD-11104,870115.63,12.5658,12,77539.22,7753922,23,2026-07-01,Active,870115.63
LN-1105-0,AUD-11105,708767.66,17.2793,24,35138.28,3513828,28,2026-07-01,Active,708767.66
LN-1106-0,AUD-11106,293749.99,19.3044,12,27113.69,2711369,28,2026-07-01,Active,293749.99
LN-1107-0,AUD-11107,311822.55,12.4145,36,10418.81,1041881,28,2026-07-01,Active,311822.55
LN-1108-0,AUD-11108,315568.53,10.3859,24,14618.16,1461816,24,2026-07-01,Active,315568.53
LN-1109-0,AUD-11109,404493.04,13.1971,36,13667.41,1366741,21,2026-07-01,Active,404493.04
LN-1111-0,AUD-11111,935823.63,15.2887,36,32573.11,3257311,25,2026-07-01,Active,935823.63
LN-1111-1,AUD-11111,525750.0,12.153,36,17500.86,1750086,25,2026-07-01,Active,525750.0
LN-1112-0,AUD-11112,328398.37,17.1671,36,11735.62,1173562,25,2026-07-01,Active,328398.37
LN-1113-0,AUD-11113,267920.87,19.8579,12,24800.5,2480050,26,2026-07-01,Active,267920.87
LN-1114-0,AUD-11114,874146.33,10.8939,24,40699.02,4069902,24,2026-07-01,Active,874146.33
LN-1115-0,AUD-11115,613537.79,10.3797,36,19906.7,1990670,26,2026-07-01,Active,613537.79
LN-1116-0,AUD-11116,279055.52,12.357,24,13182.68,1318268,22,2026-07-01,Active,279055.52
LN-1117-0,AUD-11117,470419.4,15.1326,12,42488.7,4248870,27,2026-07-01,Active,470419.4
LN-1118-0,AUD-11118,275999.03,17.1614,24,13667.43,1366743,26,2026-07-01,Active,275999.03
LN-1119-0,AUD-11119,221775.3,18.3719,24,11111.83,1111183,22,2026-07-01,Active,221775.3
LN-1121-0,AUD-11121,368670.76,14.9154,36,12764.83,1276483,27,2026-07-01,Active,368670.76
LN-1121-1,AUD-11121,146552.93,14.729,36,5060.88,506088,27,2026-07-01,Active,146552.93
LN-1122-0,AUD-11122,156458.9,11.2812,12,13848.63,1384863,24,2026-07-01,Active,156458.9
LN-1123-0,AUD-11123,253614.64,16.4281,24,12469.7,1246970,23,2026-07-01,Active,253614.64
LN-1124-0,AUD-11124,513004.92,15.1371,24,24907.32,2490732,21,2026-07-01,Active,513004.92
LN-1125-0,AUD-11125,112172.72,14.2919,24,5401.22,540122,28,2026-07-01,Active,112172.72
LN-1126-0,AUD-11126,375296.29,13.1911,24,17875.97,1787597,22,2026-07-01,Active,375296.29
LN-1127-0,AUD-11127,404725.66,13.2917,36,13693.75,1369375,28,2026-07-01,Active,404725.66
LN-1128-0,AUD-11128,596883.5,11.5105,24,27961.13,2796113,22,2026-07-01,Active,596883.5
LN-1129-0,AUD-11129,719547.39,11.2139,24,33608.05,3360805,23,2026-07-01,Active,719547.39
LN-1131-0,AUD-11131,386017.03,10.1929,24,17847.11,1784711,22,2026-07-01,Active,386017.03
LN-1131-1,AUD-11131,702400.03,18.304,36,25500.68,2550068,22,2026-07-01,Active,702400.03
LN-1132-0,AUD-11132,827625.47,16.0251,12,75100.98,7510098,20,2026-07-01,Active,827625.47
LN-1133-0,AUD-11133,56719.82,19.8048,12,5248.91,524891,21,2026-07-01,Active,56719.82
LN-1134-0,AUD-11134,447020.35,16.8745,36,15909.59,1590959,26,2026-07-01,Active,447020.35
LN-1135-0,AUD-11135,550718.6,16.666,24,27140.47,2714047,28,2026-07-01,Active,550718.6
LN-1136-0,AUD-11136,369377.6,12.2472,24,17430.56,1743056,20,2026-07-01,Active,369377.6
LN-1137-0,AUD-11137,582492.76,17.1106,12,53156.7,5315670,21,2026-07-01,Active,582492.76
LN-1138-0,AUD-11138,622150.8,10.692,36,20277.8,2027780,21,2026-07-01,Active,622150.8
LN-1139-0,AUD-11139,528091.56,12.7266,36,17724.02,1772402,21,2026-07-01,Active,528091.56
LN-1141-0,AUD-11141,510985.36,12.5674,24,24189.48,2418948,25,2026-07-01,Active,510985.36
LN-1141-1,AUD-11141,376872.72,16.2223,12,34233.64,3423364,25,2026-07-01,Active,376872.72
LN-1142-0,AUD-11142,387885.91,17.6704,24,19303.13,1930313,21,2026-07-01,Active,387885.91
LN-1143-0,AUD-11143,362129.66,18.656,36,13211.33,1321133,27,2026-07-01,Active,362129.66
LN-1144-0,AUD-11144,200658.48,18.3835,24,10054.92,1005492,23,2026-07-01,Active,200658.48
LN-1145-0,AUD-11145,258810.55,12.1514,36,8614.95,861495,25,2026-07-01,Active,258810.55
LN-1146-0,AUD-11146,205477.76,18.0709,36,7435.82,743582,26,2026-07-01,Active,205477.76
LN-1147-0,AUD-11147,436703.13,13.1673,36,14749.48,1474948,21,2026-07-01,Active,436703.13
LN-1148-0,AUD-11148,503423.79,12.2052,36,16770.26,1677026,20,2026-07-01,Active,503423.79
LN-1149-0,AUD-11149,287400.65,13.2547,36,9718.96,971896,20,2026-07-01,Active,287400.65
LN-1151-0,AUD-11151,400363.56,14.8257,24,19379.14,1937914,27,2026-07-01,Active,400363.56
LN-1151-1,AUD-11151,370010.81,16.5453,12,33666.95,3366695,27,2026-07-01,Active,370010.81
LN-1152-0,AUD-11152,316285.05,10.047,12,27813.39,2781339,20,2026-07-01,Active,316285.05
LN-1153-0,AUD-11153,360456.21,13.8664,12,32341.68,3234168,28,2026-07-01,Active,360456.21
LN-1154-0,AUD-11154,251368.32,18.3759,36,9135.04,913504,20,2026-07-01,Active,251368.32
LN-1155-0,AUD-11155,486162.47,12.5117,36,16266.63,1626663,27,2026-07-01,Active,486162.47
LN-1156-0,AUD-11156,139974.31,11.3564,24,6547.08,654708,25,2026-07-01,Active,139974.31
LN-1157-0,AUD-11157,131299.06,18.5053,36,4780.12,478012,21,2026-07-01,Active,131299.06
LN-1158-0,AUD-11158,244097.73,17.3174,24,12106.01,1210601,23,2026-07-01,Active,244097.73
LN-1159-0,AUD-11159,279017.64,11.4157,12,24714.17,2471417,28,2026-07-01,Active,279017.64
LN-1161-0,AUD-11161,292209.24,13.7028,36,9944.89,994489,26,2026-07-01,Active,292209.24
LN-1161-1,AUD-11161,424873.44,14.873,24,20575.06,2057506,26,2026-07-01,Active,424873.44
LN-1162-0,AUD-11162,255634.08,14.2379,24,12302.47,1230247,26,2026-07-01,Active,255634.08
LN-1163-0,AUD-11163,643835.67,10.3106,24,29802.14,2980214,21,2026-07-01,Active,643835.67
LN-1164-0,AUD-11164,739181.3,17.3908,12,67554.02,6755402,23,2026-07-01,Active,739181.3
LN-1165-0,AUD-11165,409469.12,11.7177,24,19221.19,1922119,25,2026-07-01,Active,409469.12
LN-1166-0,AUD-11166,290595.82,19.1536,12,26801.63,2680163,28,2026-07-01,Active,290595.82
LN-1167-0,AUD-11167,94627.12,19.8496,24,4809.17,480917,28,2026-07-01,Active,94627.12
LN-1168-0,AUD-11168,402904.03,10.9312,12,35596.4,3559640,28,2026-07-01,Active,402904.03
LN-1169-0,AUD-11169,520856.44,13.0616,12,46536.54,4653654,20,2026-07-01,Active,520856.44
LN-1171-0,AUD-11171,593545.87,17.6041,12,54304.52,5430452,21,2026-07-01,Active,593545.87
LN-1171-1,AUD-11171,383357.09,17.9229,24,19124.48,1912448,21,2026-07-01,Active,383357.09
LN-1172-0,AUD-11172,611521.49,18.7217,36,22329.98,2232998,25,2026-07-01,Active,611521.49
LN-1173-0,AUD-11173,363061.85,12.1987,12,32291.36,3229136,28,2026-07-01,Active,363061.85
LN-1174-0,AUD-11174,420482.22,10.9363,24,19585.34,1958534,27,2026-07-01,Active,420482.22
LN-1175-0,AUD-11175,556180.02,13.7204,36,18933.46,1893346,22,2026-07-01,Active,556180.02
LN-1176-0,AUD-11176,304529.45,15.0406,36,10562.67,1056267,26,2026-07-01,Active,304529.45
LN-1177-0,AUD-11177,171640.44,16.2814,12,15595.95,1559595,24,2026-07-01,Active,171640.44
LN-1178-0,AUD-11178,68824.85,15.9442,12,6242.72,624272,20,2026-07-01,Active,68824.85
LN-1179-0,AUD-11179,574236.48,13.7092,24,27491.91,2749191,23,2026-07-01,Active,574236.48
LN-1181-0,AUD-11181,912844.41,12.3445,36,30469.91,3046991,26,2026-07-01,Active,912844.41
LN-1181-1,AUD-11181,925364.72,10.9274,12,81753.91,8175391,26,2026-07-01,Active,925364.72
LN-1182-0,AUD-11182,395491.62,12.7526,24,18756.46,1875646,24,2026-07-01,Active,395491.62
LN-1183-0,AUD-11183,325523.21,11.4147,12,28833.29,2883329,23,2026-07-01,Active,325523.21
LN-1184-0,AUD-11184,126367.06,18.5944,24,6345.11,634511,27,2026-07-01,Active,126367.06
LN-1185-0,AUD-11185,289479.45,11.8707,24,13609.33,1360933,24,2026-07-01,Active,289479.45
LN-1186-0,AUD-11186,590666.62,15.1958,36,20532.33,2053233,28,2026-07-01,Active,590666.62
LN-1187-0,AUD-11187,302909.76,11.4795,12,26839.46,2683946,20,2026-07-01,Active,302909.76
LN-1188-0,AUD-11188,300559.8,17.0391,24,14866.0,1486600,25,2026-07-01,Active,300559.8
LN-1189-0,AUD-11189,521094.75,19.0038,36,19102.27,1910227,22,2026-07-01,Active,521094.75
LN-1191-0,AUD-11191,359871.66,12.1762,36,11983.2,1198320,26,2026-07-01,Active,359871.66
LN-1191-1,AUD-11191,121788.02,15.8601,24,5954.99,595499,26,2026-07-01,Active,121788.02
LN-1192-0,AUD-11192,361468.52,15.3149,36,12586.24,1258624,28,2026-07-01,Active,361468.52
LN-1193-0,AUD-11193,275429.26,15.8001,12,24963.89,2496389,25,2026-07-01,Active,275429.26
LN-1194-0,AUD-11194,514142.81,13.3879,24,24537.06,2453706,20,2026-07-01,Active,514142.81
LN-1195-0,AUD-11195,349471.98,13.1349,24,16636.68,1663668,24,2026-07-01,Active,349471.98
LN-1196-0,AUD-11196,247421.39,18.118,36,8959.53,895953,22,2026-07-01,Active,247421.39
LN-1197-0,AUD-11197,455618.55,14.3035,12,40973.78,4097378,24,2026-07-01,Active,455618.55
LN-1198-0,AUD-11198,663424.99,15.8058,36,23260.5,2326050,21,2026-07-01,Active,663424.99
LN-1199-0,AUD-11199,84603.04,18.8674,12,7791.37,779137,24,2026-07-01,Active,84603.04
LN-1201-0,AUD-11201,141377.04,16.888,12,12886.74,1288674,21,2026-07-01,Active,141377.04
LN-1201-1,AUD-11201,132503.17,15.9193,12,12017.07,1201707,21,2026-07-01,Active,132503.17
LN-1202-0,AUD-11202,621044.68,14.0988,24,29847.13,2984713,28,2026-07-01,Active,621044.68
LN-1203-0,AUD-11203,235118.94,11.888,24,11055.57,1105557,25,2026-07-01,Active,235118.94
LN-1204-0,AUD-11204,158417.73,16.3488,36,5596.82,559682,23,2026-07-01,Active,158417.73
LN-1205-0,AUD-11205,727230.74,12.5502,36,24346.02,2434602,25,2026-07-01,Active,727230.74
LN-1206-0,AUD-11206,253686.43,17.844,12,23239.14,2323914,23,2026-07-01,Active,253686.43
LN-1207-0,AUD-11207,710987.56,14.3617,24,34258.18,3425818,26,2026-07-01,Active,710987.56
LN-1208-0,AUD-11208,916600.72,14.4306,36,31519.29,3151929,22,2026-07-01,Active,916600.72
LN-1209-0,AUD-11209,185053.99,14.9802,36,6413.16,641316,22,2026-07-01,Active,185053.99
LN-1211-0,AUD-11211,459869.87,16.1237,24,22543.85,2254385,28,2026-07-01,Active,459869.87
LN-1211-1,AUD-11211,457953.21,19.3359,24,23159.59,2315959,28,2026-07-01,Active,457953.21
LN-1212-0,AUD-11212,274729.85,13.6169,24,13140.91,1314091,24,2026-07-01,Active,274729.85
LN-1213-0,AUD-11213,199266.24,13.748,12,17867.92,1786792,28,2026-07-01,Active,199266.24
LN-1214-0,AUD-11214,429412.87,15.8585,36,15066.9,1506690,27,2026-07-01,Active,429412.87
LN-1215-0,AUD-11215,652665.01,17.9493,36,23578.81,2357881,27,2026-07-01,Active,652665.01
LN-1216-0,AUD-11216,979634.71,13.486,12,87721.84,8772184,21,2026-07-01,Active,979634.71
LN-1217-0,AUD-11217,389957.91,11.9781,36,12948.1,1294810,23,2026-07-01,Active,389957.91
LN-1218-0,AUD-11218,870660.15,15.2086,12,78670.05,7867005,25,2026-07-01,Active,870660.15
LN-1219-0,AUD-11219,349968.74,19.9824,12,32416.24,3241624,23,2026-07-01,Active,349968.74
LN-1221-0,AUD-11221,249614.79,15.2631,24,12134.22,1213422,20,2026-07-01,Active,249614.79
LN-1221-1,AUD-11221,283826.34,13.2168,12,25379.47,2537947,20,2026-07-01,Active,283826.34
LN-1222-0,AUD-11222,591376.64,11.5404,12,52416.02,5241602,25,2026-07-01,Active,591376.64
LN-1223-0,AUD-11223,476251.34,19.6051,12,44027.35,4402735,20,2026-07-01,Active,476251.34
LN-1224-0,AUD-11224,338327.6,10.3334,12,29796.85,2979685,26,2026-07-01,Active,338327.6
LN-1225-0,AUD-11225,398564.77,18.5697,36,14523.24,1452324,20,2026-07-01,Active,398564.77
LN-1226-0,AUD-11226,486359.16,19.4201,24,24616.07,2461607,21,2026-07-01,Active,486359.16
LN-1227-0,AUD-11227,281691.35,14.3484,12,25338.46,2533846,24,2026-07-01,Active,281691.35
LN-1228-0,AUD-11228,126435.4,10.5107,24,5864.2,586420,21,2026-07-01,Active,126435.4
LN-1229-0,AUD-11229,268501.95,18.7668,12,24714.34,2471434,20,2026-07-01,Active,268501.95
LN-1231-0,AUD-11231,297553.4,19.0112,36,10908.8,1090880,25,2026-07-01,Active,297553.4
LN-1231-1,AUD-11231,679941.63,15.104,12,61403.75,6140375,25,2026-07-01,Active,679941.63
LN-1232-0,AUD-11232,105659.86,12.5262,12,9413.78,941378,22,2026-07-01,Active,105659.86
LN-1233-0,AUD-11233,898596.5,10.1908,36,29075.75,2907575,22,2026-07-01,Active,898596.5
LN-1234-0,AUD-11234,288081.0,12.8281,36,9682.76,968276,27,2026-07-01,Active,288081.0
LN-1235-0,AUD-11235,481192.7,11.092,12,42549.25,4254925,28,2026-07-01,Active,481192.7
LN-1236-0,AUD-11236,688076.05,13.2929,12,61551.66,6155166,27,2026-07-01,Active,688076.05
LN-1237-0,AUD-11237,418657.4,10.4355,24,19403.17,1940317,24,2026-07-01,Active,418657.4
LN-1238-0,AUD-11238,314535.44,18.1821,12,28863.87,2886387,21,2026-07-01,Active,314535.44
LN-1239-0,AUD-11239,214545.31,15.2553,24,10428.63,1042863,23,2026-07-01,Active,214545.31
LN-1241-0,AUD-11241,975895.22,18.7615,36,35654.88,3565488,23,2026-07-01,Active,975895.22
LN-1241-1,AUD-11241,416469.29,19.9838,36,15474.05,1547405,23,2026-07-01,Active,416469.29
LN-1242-0,AUD-11242,782875.06,10.5009,36,25445.7,2544570,26,2026-07-01,Active,782875.06
LN-1243-0,AUD-11243,552213.07,13.0881,12,49345.01,4934501,23,2026-07-01,Active,552213.07
LN-1244-0,AUD-11244,272476.26,12.8138,24,12930.2,1293020,28,2026-07-01,Active,272476.26
LN-1245-0,AUD-11245,97525.53,19.4358,24,4936.8,493680,25,2026-07-01,Active,97525.53
LN-1246-0,AUD-11246,693700.93,14.0642,36,23730.69,2373069,27,2026-07-01,Active,693700.93
LN-1247-0,AUD-11247,222508.57,17.2494,24,11028.01,1102801,26,2026-07-01,Active,222508.57
LN-1248-0,AUD-11248,306447.41,17.0342,36,10930.91,1093091,21,2026-07-01,Active,306447.41
LN-1249-0,AUD-11249,343417.02,16.7357,24,16935.73,1693573,26,2026-07-01,Active,343417.02
LN-1251-0,AUD-11251,184453.13,11.1276,12,16313.25,1631325,23,2026-07-01,Active,184453.13
LN-1251-1,AUD-11251,615525.01,19.7279,36,22789.87,2278987,23,2026-07-01,Active,615525.01
LN-1252-0,AUD-11252,207820.85,16.6177,12,18916.56,1891656,27,2026-07-01,Active,207820.85
LN-1253-0,AUD-11253,80829.68,11.0346,24,3768.6,376860,21,2026-07-01,Active,80829.68
LN-1254-0,AUD-11254,387432.04,13.6475,24,18537.28,1853728,21,2026-07-01,Active,387432.04
LN-1255-0,AUD-11255,733982.03,16.055,36,25824.56,2582456,26,2026-07-01,Active,733982.03
LN-1256-0,AUD-11256,611331.25,11.6726,24,28684.1,2868410,24,2026-07-01,Active,611331.25
LN-1257-0,AUD-11257,132525.44,15.5793,24,6462.25,646225,24,2026-07-01,Active,132525.44
LN-1258-0,AUD-11258,277627.04,12.4968,24,13133.37,1313337,21,2026-07-01,Active,277627.04
LN-1259-0,AUD-11259,853983.36,18.4327,24,42813.13,4281313,24,2026-07-01,Active,853983.36
LN-1261-0,AUD-11261,304014.97,14.0043,12,27297.24,2729724,27,2026-07-01,Active,304014.97
LN-1261-1,AUD-11261,291634.16,15.4729,36,10177.27,1017727,27,2026-07-01,Active,291634.16
LN-1262-0,AUD-11262,728912.9,10.7446,36,23775.62,2377562,22,2026-07-01,Active,728912.9
LN-1263-0,AUD-11263,865356.09,16.0335,36,30437.67,3043767,24,2026-07-01,Active,865356.09
LN-1264-0,AUD-11264,273261.25,14.0141,24,13121.88,1312188,26,2026-07-01,Active,273261.25
LN-1265-0,AUD-11265,568104.09,17.8572,24,28322.89,2832289,21,2026-07-01,Active,568104.09
LN-1266-0,AUD-11266,449728.58,13.7267,36,15311.03,1531103,26,2026-07-01,Active,449728.58
LN-1267-0,AUD-11267,866211.11,18.9781,36,31742.24,3174224,26,2026-07-01,Active,866211.11
LN-1268-0,AUD-11268,291870.53,16.8668,36,10386.64,1038664,28,2026-07-01,Active,291870.53
LN-1269-0,AUD-11269,776735.81,19.8282,36,28798.35,2879835,21,2026-07-01,Active,776735.81
LN-1271-0,AUD-11271,421133.38,12.1967,24,19862.91,1986291,20,2026-07-01,Active,421133.38
LN-1271-1,AUD-11271,243398.44,18.718,12,22398.02,2239802,20,2026-07-01,Active,243398.44
LN-1272-0,AUD-11272,341805.01,18.5517,24,17155.55,1715555,25,2026-07-01,Active,341805.01
LN-1273-0,AUD-11273,256090.58,10.5391,12,22578.7,2257870,22,2026-07-01,Active,256090.58
LN-1274-0,AUD-11274,316957.49,16.4161,12,28820.28,2882028,25,2026-07-01,Active,316957.49
LN-1275-0,AUD-11275,606680.78,12.2759,12,53981.19,5398119,28,2026-07-01,Active,606680.78
LN-1276-0,AUD-11276,355947.61,12.7756,24,16884.91,1688491,27,2026-07-01,Active,355947.61
LN-1277-0,AUD-11277,358463.0,17.7815,36,12920.05,1292005,27,2026-07-01,Active,358463.0
LN-1278-0,AUD-11278,599926.88,13.2102,12,53643.03,5364303,26,2026-07-01,Active,599926.88
LN-1279-0,AUD-11279,343830.81,18.5356,36,12522.89,1252289,27,2026-07-01,Active,343830.81
LN-1281-0,AUD-11281,670875.49,14.7202,36,23164.31,2316431,20,2026-07-01,Active,670875.49
LN-1281-1,AUD-11281,365006.3,15.5373,24,17791.24,1779124,20,2026-07-01,Active,365006.3
LN-1282-0,AUD-11282,508525.07,19.8088,24,25834.32,2583432,24,2026-07-01,Active,508525.07
LN-1283-0,AUD-11283,135132.66,10.8842,24,6290.98,629098,22,2026-07-01,Active,135132.66
LN-1284-0,AUD-11284,251374.46,10.774,12,22190.4,2219040,25,2026-07-01,Active,251374.46
LN-1285-0,AUD-11285,180638.15,15.7269,12,16366.12,1636612,24,2026-07-01,Active,180638.15
LN-1286-0,AUD-11286,248076.9,15.2049,24,12052.58,1205258,20,2026-07-01,Active,248076.9
LN-1287-0,AUD-11287,156674.36,13.2054,24,7463.71,746371,21,2026-07-01,Active,156674.36
LN-1288-0,AUD-11288,282850.29,13.3929,12,25315.59,2531559,20,2026-07-01,Active,282850.29
LN-1289-0,AUD-11289,735938.83,18.8424,36,26918.0,2691800,26,2026-07-01,Active,735938.83
LN-1291-0,AUD-11291,85477.35,19.6398,12,7903.43,790343,26,2026-07-01,Active,85477.35
LN-1291-1,AUD-11291,259342.64,17.8478,12,23757.75,2375775,26,2026-07-01,Active,259342.64
LN-1292-0,AUD-11292,375194.95,13.8877,12,33667.85,3366785,24,2026-07-01,Active,375194.95
LN-1293-0,AUD-11293,198281.76,19.667,12,18336.15,1833615,21,2026-07-01,Active,198281.76
LN-1294-0,AUD-11294,132393.39,10.1435,24,6118.06,611806,21,2026-07-01,Active,132393.39
LN-1295-0,AUD-11295,366841.97,13.9376,36,12526.67,1252667,27,2026-07-01,Active,366841.97
LN-1296-0,AUD-11296,411111.71,19.3226,12,37949.98,3794998,22,2026-07-01,Active,411111.71
LN-1297-0,AUD-11297,666779.87,18.7177,36,24346.44,2434644,27,2026-07-01,Active,666779.87
LN-1298-0,AUD-11298,530707.96,10.5501,24,24624.45,2462445,22,2026-07-01,Active,530707.96
LN-1299-0,AUD-11299,247029.07,19.6023,36,9130.5,913050,21,2026-07-01,Active,247029.07
LN-1301-0,AUD-11301,417718.29,19.0789,24,21072.62,2107262,28,2026-07-01,Active,417718.29
LN-1301-1,AUD-11301,411863.3,12.689,24,19520.62,1952062,28,2026-07-01,Active,411863.3
LN-1302-0,AUD-11302,675855.23,19.417,36,24916.88,2491688,25,2026-07-01,Active,675855.23
LN-1303-0,AUD-11303,265239.44,10.6848,24,12323.45,1232345,25,2026-07-01,Active,265239.44
LN-1304-0,AUD-11304,402478.4,16.6543,36,14280.31,1428031,20,2026-07-01,Active,402478.4
LN-1305-0,AUD-11305,60301.03,16.6487,12,5489.69,548969,27,2026-07-01,Active,60301.03
LN-1306-0,AUD-11306,363052.03,18.6331,24,18236.3,1823630,21,2026-07-01,Active,363052.03
LN-1307-0,AUD-11307,294179.75,14.1331,12,26431.98,2643198,21,2026-07-01,Active,294179.75
LN-1308-0,AUD-11308,143243.87,19.8302,36,5311.07,531107,21,2026-07-01,Active,143243.87
LN-1309-0,AUD-11309,178361.4,19.8352,24,9063.49,906349,26,2026-07-01,Active,178361.4
LN-1311-0,AUD-11311,328564.6,15.2912,12,29700.85,2970085,20,2026-07-01,Active,328564.6
LN-1311-1,AUD-11311,608346.36,19.355,24,30770.93,3077093,20,2026-07-01,Active,608346.36
LN-1312-0,AUD-11312,327335.12,12.3354,12,29134.72,2913472,20,2026-07-01,Active,327335.12
LN-1313-0,AUD-11313,838259.49,10.4219,24,38844.87,3884487,23,2026-07-01,Active,838259.49
LN-1314-0,AUD-11314,582585.62,13.0585,12,52050.96,5205096,22,2026-07-01,Active,582585.62
LN-1315-0,AUD-11315,272255.72,17.7825,12,24932.24,2493224,27,2026-07-01,Active,272255.72
LN-1316-0,AUD-11316,563890.39,11.1235,12,49870.05,4987005,20,2026-07-01,Active,563890.39
LN-1317-0,AUD-11317,207816.06,18.3315,12,19085.37,1908537,22,2026-07-01,Active,207816.06
LN-1318-0,AUD-11318,651492.32,18.2388,12,59802.88,5980288,28,2026-07-01,Active,651492.32
LN-1319-0,AUD-11319,875115.88,19.4335,12,80828.85,8082885,22,2026-07-01,Active,875115.88
LN-1321-0,AUD-11321,470809.15,15.8355,24,23015.3,2301530,27,2026-07-01,Active,470809.15
LN-1321-1,AUD-11321,265072.0,15.8264,12,24028.44,2402844,27,2026-07-01,Active,265072.0
LN-1322-0,AUD-11322,445874.97,12.6666,36,14951.79,1495179,28,2026-07-01,Active,445874.97
LN-1323-0,AUD-11323,157400.03,12.3238,36,5252.31,525231,22,2026-07-01,Active,157400.03
LN-1324-0,AUD-11324,210080.57,12.0842,12,18673.68,1867368,21,2026-07-01,Active,210080.57
LN-1325-0,AUD-11325,253478.02,10.4136,12,22333.53,2233353,25,2026-07-01,Active,253478.02
LN-1326-0,AUD-11326,257536.2,18.413,12,23661.57,2366157,28,2026-07-01,Active,257536.2
LN-1327-0,AUD-11327,406200.52,10.3981,36,13183.0,1318300,28,2026-07-01,Active,406200.52
LN-1328-0,AUD-11328,686477.13,14.5477,36,23645.19,2364519,25,2026-07-01,Active,686477.13
LN-1329-0,AUD-11329,458976.27,19.3403,36,16903.32,1690332,24,2026-07-01,Active,458976.27
LN-1331-0,AUD-11331,334251.65,11.9634,12,29692.13,2969213,25,2026-07-01,Active,334251.65
LN-1331-1,AUD-11331,567234.3,18.0265,24,28325.93,2832593,25,2026-07-01,Active,567234.3
LN-1332-0,AUD-11332,761222.81,14.3821,36,26158.27,2615827,24,2026-07-01,Active,761222.81
LN-1333-0,AUD-11333,231482.78,12.9144,24,10995.81,1099581,21,2026-07-01,Active,231482.78
LN-1334-0,AUD-11334,201030.48,10.3057,36,6515.58,651558,23,2026-07-01,Active,201030.48
LN-1335-0,AUD-11335,522759.91,11.0177,24,24369.0,2436900,24,2026-07-01,Active,522759.91
LN-1336-0,AUD-11336,76471.89,16.4941,12,6956.25,695625,21,2026-07-01,Active,76471.89
LN-1337-0,AUD-11337,773407.38,12.1661,12,68776.41,6877641,21,2026-07-01,Active,773407.38
LN-1338-0,AUD-11338,592493.73,15.111,12,53508.52,5350852,22,2026-07-01,Active,592493.73
LN-1339-0,AUD-11339,198387.62,15.3096,36,6907.28,690728,20,2026-07-01,Active,198387.62
LN-1341-0,AUD-11341,268171.66,12.0097,36,8908.38,890838,24,2026-07-01,Active,268171.66
LN-1341-1,AUD-11341,81651.24,15.3842,24,3973.91,397391,24,2026-07-01,Active,81651.24
LN-1342-0,AUD-11342,201785.95,19.2036,12,18615.51,1861551,23,2026-07-01,Active,201785.95
LN-1343-0,AUD-11343,86130.83,17.7057,24,4287.77,428777,21,2026-07-01,Active,86130.83
LN-1344-0,AUD-11344,504160.63,18.7282,12,46396.34,4639634,26,2026-07-01,Active,504160.63
LN-1345-0,AUD-11345,295060.71,18.3248,36,10715.29,1071529,22,2026-07-01,Active,295060.71
LN-1346-0,AUD-11346,353889.21,14.4745,12,31853.76,3185376,21,2026-07-01,Active,353889.21
LN-1347-0,AUD-11347,453017.38,19.0106,24,22838.31,2283831,26,2026-07-01,Active,453017.38
LN-1348-0,AUD-11348,149707.81,13.6903,36,5094.17,509417,26,2026-07-01,Active,149707.81
LN-1349-0,AUD-11349,154273.81,13.6259,24,7379.9,737990,26,2026-07-01,Active,154273.81
LN-1351-0,AUD-11351,498751.91,10.5366,24,23138.58,2313858,24,2026-07-01,Active,498751.91
LN-1351-1,AUD-11351,447333.22,15.1517,36,15540.21,1554021,24,2026-07-01,Active,447333.22
LN-1352-0,AUD-11352,132524.5,15.7644,36,4643.77,464377,20,2026-07-01,Active,132524.5
LN-1353-0,AUD-11353,376319.92,11.1093,24,17558.56,1755856,26,2026-07-01,Active,376319.92
LN-1354-0,AUD-11354,316964.81,19.6585,24,16079.35,1607935,21,2026-07-01,Active,316964.81
LN-1355-0,AUD-11355,546892.49,15.7437,36,19157.98,1915798,23,2026-07-01,Active,546892.49
LN-1356-0,AUD-11356,592334.45,18.7573,12,54518.94,5451894,26,2026-07-01,Active,592334.45
LN-1357-0,AUD-11357,222242.75,17.3167,36,7958.64,795864,25,2026-07-01,Active,222242.75
LN-1358-0,AUD-11358,899317.91,18.32,24,45036.82,4503682,20,2026-07-01,Active,899317.91
LN-1359-0,AUD-11359,225640.44,16.3737,24,11088.39,1108839,28,2026-07-01,Active,225640.44
LN-1361-0,AUD-11361,573584.97,18.9313,36,21005.42,2100542,21,2026-07-01,Active,573584.97
LN-1361-1,AUD-11361,618996.89,15.4382,36,21590.8,2159080,21,2026-07-01,Active,618996.89
LN-1362-0,AUD-11362,434663.54,14.767,36,15018.2,1501820,21,2026-07-01,Active,434663.54
LN-1363-0,AUD-11363,312986.47,15.3485,12,28301.13,2830113,21,2026-07-01,Active,312986.47
LN-1364-0,AUD-11364,471922.78,15.2579,24,22939.81,2293981,26,2026-07-01,Active,471922.78
LN-1365-0,AUD-11365,518715.07,17.7431,12,47492.39,4749239,20,2026-07-01,Active,518715.07
LN-1366-0,AUD-11366,290822.18,14.4329,36,10000.87,1000087,28,2026-07-01,Active,290822.18
LN-1367-0,AUD-11367,790245.15,17.7314,36,28462.87,2846287,28,2026-07-01,Active,790245.15
LN-1368-0,AUD-11368,269190.78,10.7091,12,23755.02,2375502,26,2026-07-01,Active,269190.78
LN-1369-0,AUD-11369,181579.37,11.3856,12,16080.96,1608096,23,2026-07-01,Active,181579.37
LN-1371-0,AUD-11371,784363.54,12.9977,36,26427.45,2642745,27,2026-07-01,Active,784363.54
LN-1371-1,AUD-11371,765805.0,13.526,36,25997.44,2599744,27,2026-07-01,Active,765805.0
LN-1372-0,AUD-11372,256141.95,16.6551,36,9088.25,908825,24,2026-07-01,Active,256141.95
LN-1373-0,AUD-11373,553583.28,14.5573,24,26725.1,2672510,21,2026-07-01,Active,553583.28
LN-1374-0,AUD-11374,246953.5,19.936,24,12561.17,1256117,23,2026-07-01,Active,246953.5
LN-1375-0,AUD-11375,412453.84,17.4288,36,14793.27,1479327,26,2026-07-01,Active,412453.84
LN-1376-0,AUD-11376,615960.93,16.9801,36,21954.6,2195460,28,2026-07-01,Active,615960.93
LN-1377-0,AUD-11377,433738.19,12.3275,12,38603.59,3860359,24,2026-07-01,Active,433738.19
LN-1378-0,AUD-11378,181917.87,11.966,12,16160.29,1616029,24,2026-07-01,Active,181917.87
LN-1379-0,AUD-11379,320355.05,18.6103,24,16088.06,1608806,27,2026-07-01,Active,320355.05
LN-1381-0,AUD-11381,209950.06,16.0412,12,19053.04,1905304,25,2026-07-01,Active,209950.06
LN-1381-1,AUD-11381,514913.53,12.6904,36,17272.78,1727278,25,2026-07-01,Active,514913.53
LN-1382-0,AUD-11382,268682.43,18.904,24,13531.38,1353138,23,2026-07-01,Active,268682.43
LN-1383-0,AUD-11383,342097.14,10.1918,24,15816.35,1581635,26,2026-07-01,Active,342097.14
LN-1384-0,AUD-11384,314227.53,15.5847,24,15323.28,1532328,24,2026-07-01,Active,314227.53
LN-1385-0,AUD-11385,139146.37,19.542,12,12859.27,1285927,26,2026-07-01,Active,139146.37
LN-1386-0,AUD-11386,116166.93,13.9029,36,3964.84,396484,21,2026-07-01,Active,116166.93
LN-1387-0,AUD-11387,344565.02,17.2122,36,12321.11,1232111,21,2026-07-01,Active,344565.02
LN-1388-0,AUD-11388,90718.43,11.6998,36,3000.16,300016,26,2026-07-01,Active,90718.43
LN-1389-0,AUD-11389,591203.8,10.6029,12,52142.12,5214212,25,2026-07-01,Active,591203.8
LN-1391-0,AUD-11391,399167.36,13.008,24,18978.64,1897864,28,2026-07-01,Active,399167.36
LN-1391-1,AUD-11391,268770.44,12.4791,36,8988.65,898865,28,2026-07-01,Active,268770.44
LN-1392-0,AUD-11392,232416.69,11.7445,36,7691.23,769123,25,2026-07-01,Active,232416.69
LN-1393-0,AUD-11393,178288.96,14.4993,24,8602.28,860228,23,2026-07-01,Active,178288.96
LN-1394-0,AUD-11394,563011.96,12.3825,36,18803.08,1880308,20,2026-07-01,Active,563011.96
LN-1395-0,AUD-11395,445848.27,12.1525,36,14841.04,1484104,21,2026-07-01,Active,445848.27
LN-1396-0,AUD-11396,224128.02,15.4931,24,10919.79,1091979,22,2026-07-01,Active,224128.02
LN-1397-0,AUD-11397,161052.78,18.0944,36,5830.07,583007,21,2026-07-01,Active,161052.78
LN-1398-0,AUD-11398,355616.21,13.8056,12,31897.23,3189723,21,2026-07-01,Active,355616.21
LN-1399-0,AUD-11399,564170.21,18.5846,12,51880.21,5188021,25,2026-07-01,Active,564170.21
LN-1401-0,AUD-11401,743095.14,10.9125,36,24297.21,2429721,28,2026-07-01,Active,743095.14
LN-1401-1,AUD-11401,745568.18,10.7855,24,34675.12,3467512,28,2026-07-01,Active,745568.18
LN-1402-0,AUD-11402,229536.36,11.0837,36,7523.83,752383,23,2026-07-01,Active,229536.36
LN-1403-0,AUD-11403,529518.36,10.4318,24,24540.25,2454025,28,2026-07-01,Active,529518.36
LN-1404-0,AUD-11404,281345.62,18.2614,36,10208.25,1020825,20,2026-07-01,Active,281345.62
LN-1405-0,AUD-11405,309261.8,15.1085,24,15011.01,1501101,24,2026-07-01,Active,309261.8
LN-1406-0,AUD-11406,374485.87,11.1345,36,12284.06,1228406,22,2026-07-01,Active,374485.87
LN-1407-0,AUD-11407,95211.88,13.143,36,3214.62,321462,27,2026-07-01,Active,95211.88
LN-1408-0,AUD-11408,275764.28,19.8677,24,14017.43,1401743,24,2026-07-01,Active,275764.28
LN-1409-0,AUD-11409,366249.38,18.8868,24,18441.99,1844199,20,2026-07-01,Active,366249.38
LN-1411-0,AUD-11411,476722.72,14.0036,24,22889.63,2288963,26,2026-07-01,Active,476722.72
LN-1411-1,AUD-11411,217553.71,13.7452,36,7408.58,740858,26,2026-07-01,Active,217553.71
LN-1412-0,AUD-11412,309749.86,12.4933,24,14652.46,1465246,27,2026-07-01,Active,309749.86
LN-1413-0,AUD-11413,421159.25,16.2753,24,20676.71,2067671,26,2026-07-01,Active,421159.25
LN-1414-0,AUD-11414,412413.24,18.105,36,14931.45,1493145,27,2026-07-01,Active,412413.24
LN-1415-0,AUD-11415,427415.03,17.4543,12,39074.5,3907450,28,2026-07-01,Active,427415.03
LN-1416-0,AUD-11416,869120.36,10.1122,24,40150.51,4015051,23,2026-07-01,Active,869120.36
LN-1417-0,AUD-11417,619748.74,16.2892,12,56315.18,5631518,21,2026-07-01,Active,619748.74
LN-1418-0,AUD-11418,537100.34,16.4369,12,48842.7,4884270,23,2026-07-01,Active,537100.34
LN-1419-0,AUD-11419,189346.89,15.0021,36,6563.97,656397,22,2026-07-01,Active,189346.89
LN-1421-0,AUD-11421,113679.73,15.8737,24,5559.25,555925,24,2026-07-01,Active,113679.73
LN-1421-1,AUD-11421,114561.29,12.3331,24,5410.64,541064,24,2026-07-01,Active,114561.29
LN-1422-0,AUD-11422,95384.18,13.869,12,8558.39,855839,28,2026-07-01,Active,95384.18
LN-1423-0,AUD-11423,297378.71,19.6434,36,10997.71,1099771,28,2026-07-01,Active,297378.71
LN-1424-0,AUD-11424,200911.71,18.4671,12,18464.28,1846428,23,2026-07-01,Active,200911.71
LN-1425-0,AUD-11425,134035.53,13.904,24,6429.36,642936,24,2026-07-01,Active,134035.53
LN-1426-0,AUD-11426,105345.11,10.9908,36,3448.41,344841,20,2026-07-01,Active,105345.11
LN-1427-0,AUD-11427,838535.53,11.6811,24,39348.0,3934800,21,2026-07-01,Active,838535.53
LN-1428-0,AUD-11428,169639.88,10.9288,24,7900.94,790094,26,2026-07-01,Active,169639.88
LN-1429-0,AUD-11429,346005.18,13.9258,12,31054.73,3105473,21,2026-07-01,Active,346005.18
LN-1431-0,AUD-11431,153288.59,17.9245,24,7647.2,764720,21,2026-07-01,Active,153288.59
LN-1431-1,AUD-11431,304706.66,19.5999,36,11261.96,1126196,21,2026-07-01,Active,304706.66
LN-1432-0,AUD-11432,476843.12,17.4798,24,23686.29,2368629,24,2026-07-01,Active,476843.12
LN-1433-0,AUD-11433,315466.33,17.7645,36,11367.63,1136763,22,2026-07-01,Active,315466.33
LN-1434-0,AUD-11434,163353.97,15.1985,24,7935.9,793590,28,2026-07-01,Active,163353.97
LN-1435-0,AUD-11435,278411.39,15.2589,12,25162.97,2516297,24,2026-07-01,Active,278411.39
LN-1436-0,AUD-11436,229493.71,18.6674,36,8373.78,837378,24,2026-07-01,Active,229493.71
LN-1437-0,AUD-11437,262976.46,15.6933,12,23821.93,2382193,21,2026-07-01,Active,262976.46
LN-1438-0,AUD-11438,504603.89,10.6645,24,23439.98,2343998,24,2026-07-01,Active,504603.89
LN-1439-0,AUD-11439,236685.32,11.6864,24,11106.97,1110697,20,2026-07-01,Active,236685.32
LN-1441-0,AUD-11441,169159.74,14.4991,36,5822.57,582257,28,2026-07-01,Active,169159.74
LN-1441-1,AUD-11441,270286.6,12.938,36,9098.95,909895,28,2026-07-01,Active,270286.6
LN-1442-0,AUD-11442,226977.57,12.8978,36,7636.61,763661,26,2026-07-01,Active,226977.57
LN-1443-0,AUD-11443,888255.37,18.0443,36,32132.28,3213228,25,2026-07-01,Active,888255.37
LN-1444-0,AUD-11444,125258.12,13.2115,24,5967.45,596745,22,2026-07-01,Active,125258.12
LN-1445-0,AUD-11445,184807.75,16.7939,12,16837.27,1683727,20,2026-07-01,Active,184807.75
LN-1446-0,AUD-11446,86008.76,19.9247,12,7964.28,796428,27,2026-07-01,Active,86008.76
LN-1447-0,AUD-11447,426934.09,17.8065,24,21274.4,2127440,25,2026-07-01,Active,426934.09
LN-1448-0,AUD-11448,233123.18,18.2009,24,11661.11,1166111,22,2026-07-01,Active,233123.18
LN-1449-0,AUD-11449,427282.64,11.4023,36,14070.24,1407024,20,2026-07-01,Active,427282.64
LN-1451-0,AUD-11451,691788.05,18.7737,12,63678.12,6367812,22,2026-07-01,Active,691788.05
LN-1451-1,AUD-11451,597816.93,19.8455,36,22169.97,2216997,22,2026-07-01,Active,597816.93
LN-1452-0,AUD-11452,246085.36,19.8397,36,9125.32,912532,25,2026-07-01,Active,246085.36
LN-1453-0,AUD-11453,189723.62,15.8686,36,6657.82,665782,22,2026-07-01,Active,189723.62
LN-1454-0,AUD-11454,311753.11,17.4353,12,28497.81,2849781,23,2026-07-01,Active,311753.11
LN-1455-0,AUD-11455,140703.91,14.6606,24,6799.6,679960,28,2026-07-01,Active,140703.91
LN-1456-0,AUD-11456,317873.25,13.0238,24,15115.83,1511583,26,2026-07-01,Active,317873.25
LN-1457-0,AUD-11457,565280.74,14.8268,36,19547.74,1954774,28,2026-07-01,Active,565280.74
LN-1458-0,AUD-11458,396240.47,11.2988,36,13028.54,1302854,26,2026-07-01,Active,396240.47
LN-1459-0,AUD-11459,165809.72,11.857,12,14720.9,1472090,24,2026-07-01,Active,165809.72
LN-1461-0,AUD-11461,441189.95,15.4188,12,39908.3,3990830,28,2026-07-01,Active,441189.95
LN-1461-1,AUD-11461,534318.99,12.612,36,17903.62,1790362,28,2026-07-01,Active,534318.99
LN-1462-0,AUD-11462,638633.2,12.8699,36,21478.07,2147807,26,2026-07-01,Active,638633.2
LN-1463-0,AUD-11463,377422.93,14.9099,12,34049.51,3404951,25,2026-07-01,Active,377422.93
LN-1464-0,AUD-11464,231233.45,15.6071,36,8084.7,808470,24,2026-07-01,Active,231233.45
LN-1465-0,AUD-11465,356489.41,10.7303,12,31462.3,3146230,28,2026-07-01,Active,356489.41
LN-1466-0,AUD-11466,103374.57,15.2936,12,9344.74,934474,20,2026-07-01,Active,103374.57
LN-1467-0,AUD-11467,862742.9,13.8458,24,41359.94,4135994,26,2026-07-01,Active,862742.9
LN-1468-0,AUD-11468,139232.13,18.6261,36,5077.41,507741,26,2026-07-01,Active,139232.13
LN-1469-0,AUD-11469,746821.64,17.3461,24,37048.87,3704887,23,2026-07-01,Active,746821.64
LN-1471-0,AUD-11471,292526.91,19.9758,24,14884.93,1488493,24,2026-07-01,Active,292526.91
LN-1471-1,AUD-11471,322381.11,15.55,12,29181.31,2918131,24,2026-07-01,Active,322381.11
LN-1472-0,AUD-11472,253530.79,16.6046,24,12487.03,1248703,25,2026-07-01,Active,253530.79
LN-1473-0,AUD-11473,372557.56,17.181,12,34011.03,3401103,28,2026-07-01,Active,372557.56
LN-1474-0,AUD-11474,316280.09,12.5626,24,14971.63,1497163,28,2026-07-01,Active,316280.09
LN-1475-0,AUD-11475,145503.71,10.9404,24,6777.59,677759,23,2026-07-01,Active,145503.71
LN-1476-0,AUD-11476,507756.48,10.4471,24,23535.31,2353531,20,2026-07-01,Active,507756.48
LN-1477-0,AUD-11477,272207.62,10.9888,24,12685.59,1268559,27,2026-07-01,Active,272207.62
LN-1478-0,AUD-11478,425596.65,15.8843,24,20815.02,2081502,20,2026-07-01,Active,425596.65
LN-1479-0,AUD-11479,483542.97,18.1524,24,24176.07,2417607,26,2026-07-01,Active,483542.97
LN-1481-0,AUD-11481,148963.78,19.289,36,5482.21,548221,22,2026-07-01,Active,148963.78
LN-1481-1,AUD-11481,170593.07,17.6926,24,8491.39,849139,22,2026-07-01,Active,170593.07
LN-1482-0,AUD-11482,281458.15,13.5409,36,9556.93,955693,25,2026-07-01,Active,281458.15
LN-1483-0,AUD-11483,622867.4,15.8893,12,56480.67,5648067,25,2026-07-01,Active,622867.4
LN-1484-0,AUD-11484,516258.93,14.4291,36,17752.29,1775229,20,2026-07-01,Active,516258.93
LN-1485-0,AUD-11485,295443.12,10.6514,36,9623.72,962372,21,2026-07-01,Active,295443.12
LN-1486-0,AUD-11486,530677.64,11.3869,12,46998.0,4699800,21,2026-07-01,Active,530677.64
LN-1487-0,AUD-11487,613331.05,17.4315,24,30451.79,3045179,23,2026-07-01,Active,613331.05
LN-1488-0,AUD-11488,228094.65,18.1869,24,11408.03,1140803,28,2026-07-01,Active,228094.65
LN-1489-0,AUD-11489,506537.62,13.3578,12,45327.63,4532763,21,2026-07-01,Active,506537.62
LN-1491-0,AUD-11491,134701.94,10.2648,24,6232.29,623229,24,2026-07-01,Active,134701.94
LN-1491-1,AUD-11491,177428.4,16.6336,36,6293.5,629350,24,2026-07-01,Active,177428.4
LN-1492-0,AUD-11492,517379.56,15.9045,24,25308.91,2530891,25,2026-07-01,Active,517379.56
LN-1493-0,AUD-11493,481274.63,11.9349,12,42746.01,4274601,23,2026-07-01,Active,481274.63
LN-1494-0,AUD-11494,209392.04,18.2239,12,19219.38,1921938,20,2026-07-01,Active,209392.04
LN-1495-0,AUD-11495,885518.86,13.7353,12,79397.94,7939794,27,2026-07-01,Active,885518.86
LN-1496-0,AUD-11496,425897.92,10.3657,24,19724.99,1972499,22,2026-07-01,Active,425897.92
LN-1497-0,AUD-11497,361996.77,14.3715,24,17444.1,1744410,22,2026-07-01,Active,361996.77
LN-1498-0,AUD-11498,252108.07,17.7244,24,12552.72,1255272,28,2026-07-01,Active,252108.07
LN-1499-0,AUD-11499,776580.04,15.5672,24,37863.38,3786338,28,2026-07-01,Active,776580.04
LN-1501-0,AUD-11501,99493.57,19.1333,36,3653.75,365375,24,2026-07-01,Active,99493.57
LN-1501-1,AUD-11501,79879.35,10.164,36,2583.64,258364,24,2026-07-01,Active,79879.35
LN-1502-0,AUD-11502,663673.49,12.4163,24,31370.6,3137060,24,2026-07-01,Active,663673.49
LN-1503-0,AUD-11503,322194.83,13.3621,12,28832.33,2883233,24,2026-07-01,Active,322194.83
LN-1504-0,AUD-11504,300191.32,17.2142,12,27409.4,2740940,23,2026-07-01,Active,300191.32
LN-1505-0,AUD-11505,378053.59,11.5343,36,12472.86,1247286,25,2026-07-01,Active,378053.59
LN-1506-0,AUD-11506,762254.41,13.9711,24,36587.62,3658762,23,2026-07-01,Active,762254.41
LN-1507-0,AUD-11507,402805.5,11.5264,36,13287.97,1328797,28,2026-07-01,Active,402805.5
LN-1508-0,AUD-11508,479273.7,13.7109,24,22945.9,2294590,21,2026-07-01,Active,479273.7
LN-1509-0,AUD-11509,423179.2,15.1705,24,20552.84,2055284,24,2026-07-01,Active,423179.2
LN-1511-0,AUD-11511,252585.13,13.5989,12,22631.25,2263125,27,2026-07-01,Active,252585.13
LN-1511-1,AUD-11511,661004.46,17.3955,12,60410.87,6041087,27,2026-07-01,Active,661004.46
LN-1512-0,AUD-11512,326875.42,15.8237,36,11463.53,1146353,25,2026-07-01,Active,326875.42
LN-1513-0,AUD-11513,321372.04,10.1325,36,10389.77,1038977,21,2026-07-01,Active,321372.04
LN-1514-0,AUD-11514,298965.46,18.115,36,10825.58,1082558,26,2026-07-01,Active,298965.46
LN-1515-0,AUD-11515,238015.57,17.4711,12,21761.4,2176140,28,2026-07-01,Active,238015.57
LN-1516-0,AUD-11516,238607.36,11.8747,24,11218.12,1121812,22,2026-07-01,Active,238607.36
LN-1517-0,AUD-11517,321613.75,16.0304,36,11311.81,1131181,23,2026-07-01,Active,321613.75
LN-1518-0,AUD-11518,379881.18,18.0775,36,13748.38,1374838,21,2026-07-01,Active,379881.18
LN-1519-0,AUD-11519,382289.84,11.0589,12,33797.91,3379791,24,2026-07-01,Active,382289.84
LN-1521-0,AUD-11521,597754.08,14.0524,36,20445.04,2044504,21,2026-07-01,Active,597754.08
LN-1521-1,AUD-11521,202676.14,16.9992,12,18484.95,1848495,21,2026-07-01,Active,202676.14
LN-1522-0,AUD-11522,704433.35,11.8224,36,23337.54,2333754,21,2026-07-01,Active,704433.35
LN-1523-0,AUD-11523,468812.11,16.6084,12,42670.82,4267082,24,2026-07-01,Active,468812.11
LN-1524-0,AUD-11524,293977.46,12.6728,12,26212.16,2621216,26,2026-07-01,Active,293977.46
LN-1525-0,AUD-11525,227507.57,10.8371,36,7430.77,743077,21,2026-07-01,Active,227507.57
LN-1526-0,AUD-11526,255210.43,13.9349,12,22906.79,2290679,24,2026-07-01,Active,255210.43
LN-1527-0,AUD-11527,316346.25,12.5883,24,14978.58,1497858,24,2026-07-01,Active,316346.25
LN-1528-0,AUD-11528,247347.68,14.2912,12,22242.54,2224254,20,2026-07-01,Active,247347.68
LN-1529-0,AUD-11529,339672.58,12.5703,12,30270.19,3027019,27,2026-07-01,Active,339672.58
LN-1531-0,AUD-11531,281138.79,17.5267,12,25711.52,2571152,22,2026-07-01,Active,281138.79
LN-1531-1,AUD-11531,176395.58,14.4256,12,15873.4,1587340,22,2026-07-01,Active,176395.58
LN-1532-0,AUD-11532,103689.61,16.7668,36,3684.8,368480,20,2026-07-01,Active,103689.61
LN-1533-0,AUD-11533,555463.6,15.0489,24,26945.47,2694547,28,2026-07-01,Active,555463.6
LN-1534-0,AUD-11534,125181.63,13.8346,24,6000.56,600056,23,2026-07-01,Active,125181.63
LN-1535-0,AUD-11535,190468.1,17.321,24,9446.58,944658,28,2026-07-01,Active,190468.1
LN-1536-0,AUD-11536,179865.97,19.5187,36,6640.43,664043,24,2026-07-01,Active,179865.97
LN-1537-0,AUD-11537,785437.69,10.5992,12,69271.55,6927155,26,2026-07-01,Active,785437.69
LN-1538-0,AUD-11538,406291.69,12.9665,12,36282.47,3628247,22,2026-07-01,Active,406291.69
LN-1539-0,AUD-11539,449185.26,17.2002,36,16059.47,1605947,25,2026-07-01,Active,449185.26
LN-1541-0,AUD-11541,326821.31,14.9419,24,15837.45,1583745,26,2026-07-01,Active,326821.31
LN-1541-1,AUD-11541,308697.08,14.8635,12,27842.59,2784259,26,2026-07-01,Active,308697.08
LN-1542-0,AUD-11542,348177.29,14.7539,24,16841.27,1684127,21,2026-07-01,Active,348177.29
LN-1543-0,AUD-11543,66891.43,13.1222,36,2257.77,225777,21,2026-07-01,Active,66891.43
LN-1544-0,AUD-11544,150119.19,11.9259,12,13332.71,1333271,24,2026-07-01,Active,150119.19
LN-1545-0,AUD-11545,106576.73,15.6015,36,3725.99,372599,25,2026-07-01,Active,106576.73
LN-1546-0,AUD-11546,551781.97,17.5471,24,27426.64,2742664,27,2026-07-01,Active,551781.97
LN-1547-0,AUD-11547,636971.98,14.8171,12,57437.06,5743706,27,2026-07-01,Active,636971.98
LN-1548-0,AUD-11548,220545.19,19.3951,36,8128.43,812843,28,2026-07-01,Active,220545.19
LN-1549-0,AUD-11549,603932.26,16.0916,24,29596.85,2959685,20,2026-07-01,Active,603932.26
LN-1551-0,AUD-11551,694477.78,16.3086,24,34106.28,3410628,27,2026-07-01,Active,694477.78
LN-1551-1,AUD-11551,970765.23,12.3108,24,45838.31,4583831,27,2026-07-01,Active,970765.23
LN-1552-0,AUD-11552,320297.25,10.6401,36,10431.62,1043162,27,2026-07-01,Active,320297.25
LN-1553-0,AUD-11553,437309.91,15.1343,12,39498.58,3949858,23,2026-07-01,Active,437309.91
LN-1554-0,AUD-11554,285731.78,18.8475,36,10451.78,1045178,21,2026-07-01,Active,285731.78
LN-1555-0,AUD-11555,464270.23,12.8237,12,41428.95,4142895,22,2026-07-01,Active,464270.23
LN-1556-0,AUD-11556,257130.05,14.8984,24,12454.97,1245497,22,2026-07-01,Active,257130.05
LN-1557-0,AUD-11557,544190.14,11.0073,36,17817.96,1781796,20,2026-07-01,Active,544190.14
LN-1558-0,AUD-11558,225632.58,14.0871,36,7721.13,772113,26,2026-07-01,Active,225632.58
LN-1559-0,AUD-11559,486885.83,17.326,36,17437.92,1743792,26,2026-07-01,Active,486885.83
LN-1561-0,AUD-11561,310007.77,15.2034,12,28010.54,2801054,22,2026-07-01,Active,310007.77
LN-1561-1,AUD-11561,384488.33,11.9368,12,34149.96,3414996,22,2026-07-01,Active,384488.33
LN-1562-0,AUD-11562,297602.23,16.2289,12,27033.96,2703396,23,2026-07-01,Active,297602.23
LN-1563-0,AUD-11563,64930.61,14.8685,12,5856.5,585650,21,2026-07-01,Active,64930.61
LN-1564-0,AUD-11564,647905.66,14.1399,24,31150.66,3115066,24,2026-07-01,Active,647905.66
LN-1565-0,AUD-11565,323275.14,19.849,12,29923.08,2992308,27,2026-07-01,Active,323275.14
LN-1566-0,AUD-11566,313581.4,11.3406,24,14664.99,1466499,25,2026-07-01,Active,313581.4
LN-1567-0,AUD-11567,370439.7,18.7379,24,18626.21,1862621,28,2026-07-01,Active,370439.7
LN-1568-0,AUD-11568,633286.25,13.0067,24,30109.57,3010957,26,2026-07-01,Active,633286.25
LN-1569-0,AUD-11569,411597.59,19.1291,12,37956.79,3795679,26,2026-07-01,Active,411597.59
LN-1571-0,AUD-11571,693719.17,16.2553,12,63025.59,6302559,28,2026-07-01,Active,693719.17
LN-1571-1,AUD-11571,653773.48,10.3258,24,30266.73,3026673,28,2026-07-01,Active,653773.48
LN-1572-0,AUD-11572,71215.64,15.4047,24,3466.72,346672,24,2026-07-01,Active,71215.64
LN-1573-0,AUD-11573,695926.61,11.5839,36,22976.67,2297667,24,2026-07-01,Active,695926.61
LN-1574-0,AUD-11574,239735.31,13.5437,12,21473.7,2147370,26,2026-07-01,Active,239735.31
LN-1575-0,AUD-11575,717722.32,18.2184,12,65875.39,6587539,21,2026-07-01,Active,717722.32
LN-1576-0,AUD-11576,317431.92,15.0183,24,15393.97,1539397,24,2026-07-01,Active,317431.92
LN-1577-0,AUD-11577,625981.99,16.3605,12,56902.73,5690273,23,2026-07-01,Active,625981.99
LN-1578-0,AUD-11578,692446.17,14.8632,12,62454.35,6245435,21,2026-07-01,Active,692446.17
LN-1579-0,AUD-11579,231465.89,18.1188,24,11569.02,1156902,25,2026-07-01,Active,231465.89
LN-1581-0,AUD-11581,429247.74,17.3837,24,21302.19,2130219,27,2026-07-01,Active,429247.74
LN-1581-1,AUD-11581,253250.79,14.0521,36,8661.92,866192,27,2026-07-01,Active,253250.79
LN-1582-0,AUD-11582,223639.29,11.8834,36,7415.58,741558,24,2026-07-01,Active,223639.29
LN-1583-0,AUD-11583,205795.52,15.3082,24,10008.49,1000849,21,2026-07-01,Active,205795.52
LN-1584-0,AUD-11584,919946.08,19.9261,24,46788.18,4678818,24,2026-07-01,Active,919946.08
LN-1585-0,AUD-11585,239379.04,18.9377,12,22053.24,2205324,23,2026-07-01,Active,239379.04
LN-1586-0,AUD-11586,408748.31,19.0702,12,37682.55,3768255,20,2026-07-01,Active,408748.31
LN-1587-0,AUD-11587,549090.72,18.0353,12,50349.86,5034986,24,2026-07-01,Active,549090.72
LN-1588-0,AUD-11588,504708.68,17.1041,36,18020.41,1802041,21,2026-07-01,Active,504708.68
LN-1589-0,AUD-11589,371711.38,15.2647,12,33596.49,3359649,21,2026-07-01,Active,371711.38
LN-1591-0,AUD-11591,141653.69,17.0924,36,5056.86,505686,26,2026-07-01,Active,141653.69
LN-1591-1,AUD-11591,330034.71,18.8526,24,16612.97,1661297,26,2026-07-01,Active,330034.71
LN-1592-0,AUD-11592,565378.38,14.6222,24,27311.93,2731193,23,2026-07-01,Active,565378.38
LN-1593-0,AUD-11593,130817.68,14.4754,36,4501.3,450130,28,2026-07-01,Active,130817.68
LN-1594-0,AUD-11594,497346.25,16.5798,12,45261.22,4526122,24,2026-07-01,Active,497346.25
LN-1595-0,AUD-11595,625687.55,18.0827,12,57387.65,5738765,26,2026-07-01,Active,625687.55
LN-1596-0,AUD-11596,252473.2,17.5391,36,9069.24,906924,21,2026-07-01,Active,252473.2
LN-1597-0,AUD-11597,662299.42,17.0955,24,32775.99,3277599,23,2026-07-01,Active,662299.42
LN-1598-0,AUD-11598,493201.75,17.198,24,24431.97,2443197,28,2026-07-01,Active,493201.75
LN-1599-0,AUD-11599,325839.59,14.4786,36,11212.31,1121231,22,2026-07-01,Active,325839.59
LN-1601-0,AUD-11601,228792.92,16.6144,36,8113.25,811325,22,2026-07-01,Active,228792.92
LN-1601-1,AUD-11601,121283.18,16.8719,36,4316.35,431635,22,2026-07-01,Active,121283.18
LN-1602-0,AUD-11602,245556.88,17.0893,12,22406.36,2240636,28,2026-07-01,Active,245556.88
LN-1603-0,AUD-11603,539721.54,16.2665,24,26495.23,2649523,20,2026-07-01,Active,539721.54
LN-1604-0,AUD-11604,497199.28,15.8635,12,45079.22,4507922,23,2026-07-01,Active,497199.28
LN-1605-0,AUD-11605,197887.96,11.8931,12,17572.22,1757222,26,2026-07-01,Active,197887.96
LN-1606-0,AUD-11606,555601.01,10.1749,12,48891.36,4889136,21,2026-07-01,Active,555601.01
LN-1607-0,AUD-11607,775666.7,17.0969,12,70780.15,7078015,22,2026-07-01,Active,775666.7
LN-1608-0,AUD-11608,404376.74,19.995,24,20580.1,2058010,27,2026-07-01,Active,404376.74
LN-1609-0,AUD-11609,751790.44,15.3118,24,36563.28,3656328,28,2026-07-01,Active,751790.44
LN-1611-0,AUD-11611,317422.44,18.5395,24,15929.9,1592990,27,2026-07-01,Active,317422.44
LN-1611-1,AUD-11611,532357.47,13.5546,12,47687.34,4768734,27,2026-07-01,Active,532357.47
LN-1612-0,AUD-11612,302811.96,15.5686,36,10581.59,1058159,24,2026-07-01,Active,302811.96
LN-1613-0,AUD-11613,357131.08,15.8015,36,12520.7,1252070,21,2026-07-01,Active,357131.08
LN-1614-0,AUD-11614,182073.97,17.7327,12,16669.38,1666938,22,2026-07-01,Active,182073.97
LN-1615-0,AUD-11615,284678.21,13.5464,12,25499.72,2549972,24,2026-07-01,Active,284678.21
LN-1616-0,AUD-11616,125883.12,12.3338,36,4201.22,420122,23,2026-07-01,Active,125883.12
LN-1617-0,AUD-11617,458538.76,16.9957,36,16347.17,1634717,20,2026-07-01,Active,458538.76
LN-1618-0,AUD-11618,480074.87,13.341,36,16254.58,1625458,23,2026-07-01,Active,480074.87
LN-1619-0,AUD-11619,457213.32,10.506,12,40303.98,4030398,25,2026-07-01,Active,457213.32
LN-1621-0,AUD-11621,173569.14,12.7727,24,8233.27,823327,26,2026-07-01,Active,173569.14
LN-1621-1,AUD-11621,195501.12,16.7204,12,17804.7,1780470,26,2026-07-01,Active,195501.12
LN-1622-0,AUD-11622,255332.04,15.0568,36,8858.27,885827,28,2026-07-01,Active,255332.04
LN-1623-0,AUD-11623,321541.01,14.5077,24,15515.34,1551534,23,2026-07-01,Active,321541.01
LN-1624-0,AUD-11624,203676.75,14.626,36,7023.28,702328,26,2026-07-01,Active,203676.75
LN-1625-0,AUD-11625,425699.08,11.9531,24,20029.81,2002981,23,2026-07-01,Active,425699.08
LN-1626-0,AUD-11626,261119.73,12.1578,36,8692.61,869261,20,2026-07-01,Active,261119.73
LN-1627-0,AUD-11627,452507.37,15.8821,36,15882.48,1588248,24,2026-07-01,Active,452507.37
LN-1628-0,AUD-11628,568276.43,15.8143,24,27774.19,2777419,27,2026-07-01,Active,568276.43
LN-1629-0,AUD-11629,374596.64,13.6504,24,17923.66,1792366,23,2026-07-01,Active,374596.64
LN-1631-0,AUD-11631,216907.33,13.2497,12,19398.99,1939899,20,2026-07-01,Active,216907.33
LN-1631-1,AUD-11631,140880.16,14.8844,24,6823.07,682307,20,2026-07-01,Active,140880.16
LN-1632-0,AUD-11632,302378.92,13.5116,12,27080.29,2708029,28,2026-07-01,Active,302378.92
LN-1633-0,AUD-11633,192434.67,12.3589,24,9090.85,909085,27,2026-07-01,Active,192434.67
LN-1634-0,AUD-11634,138239.53,10.4893,24,6410.32,641032,23,2026-07-01,Active,138239.53
LN-1635-0,AUD-11635,90094.68,18.7932,12,8293.93,829393,27,2026-07-01,Active,90094.68
LN-1636-0,AUD-11636,343270.18,19.0245,12,31638.62,3163862,21,2026-07-01,Active,343270.18
LN-1637-0,AUD-11637,211590.41,19.4927,12,19549.23,1954923,28,2026-07-01,Active,211590.41
LN-1638-0,AUD-11638,255549.22,17.688,24,12719.58,1271958,25,2026-07-01,Active,255549.22
LN-1639-0,AUD-11639,546302.88,10.2193,36,17683.97,1768397,22,2026-07-01,Active,546302.88
LN-1641-0,AUD-11641,252756.25,16.6171,24,12450.39,1245039,27,2026-07-01,Active,252756.25
LN-1641-1,AUD-11641,480823.14,17.9301,36,17366.04,1736604,27,2026-07-01,Active,480823.14
LN-1642-0,AUD-11642,275444.62,19.5898,36,10179.03,1017903,26,2026-07-01,Active,275444.62
LN-1643-0,AUD-11643,119094.68,19.7724,12,11019.31,1101931,24,2026-07-01,Active,119094.68
LN-1644-0,AUD-11644,285341.76,15.3128,24,13877.71,1387771,28,2026-07-01,Active,285341.76
LN-1645-0,AUD-11645,351544.34,11.7325,36,11631.43,1163143,23,2026-07-01,Active,351544.34
LN-1646-0,AUD-11646,115039.96,15.9565,24,5630.33,563033,22,2026-07-01,Active,115039.96
LN-1647-0,AUD-11647,487094.18,17.2909,24,24151.18,2415118,28,2026-07-01,Active,487094.18
LN-1648-0,AUD-11648,141277.13,11.0807,24,6589.91,658991,20,2026-07-01,Active,141277.13
LN-1649-0,AUD-11649,356515.1,10.1519,12,31368.53,3136853,23,2026-07-01,Active,356515.1
LN-1651-0,AUD-11651,271580.04,13.9336,12,24375.91,2437591,26,2026-07-01,Active,271580.04
LN-1651-1,AUD-11651,325383.34,19.979,36,12088.93,1208893,26,2026-07-01,Active,325383.34
LN-1652-0,AUD-11652,190590.98,13.2572,24,9084.08,908408,24,2026-07-01,Active,190590.98
LN-1653-0,AUD-11653,791376.02,17.4768,36,28402.84,2840284,28,2026-07-01,Active,791376.02
LN-1654-0,AUD-11654,440266.16,11.1742,24,20555.48,2055548,24,2026-07-01,Active,440266.16
LN-1655-0,AUD-11655,100132.07,19.5938,24,5076.46,507646,25,2026-07-01,Active,100132.07
LN-1656-0,AUD-11656,325869.01,12.4907,36,10900.04,1090004,23,2026-07-01,Active,325869.01
LN-1657-0,AUD-11657,667491.87,16.4594,12,60707.32,6070732,24,2026-07-01,Active,667491.87
LN-1658-0,AUD-11658,185686.43,10.3775,24,8600.88,860088,24,2026-07-01,Active,185686.43
LN-1659-0,AUD-11659,498928.3,15.1389,36,17329.47,1732947,28,2026-07-01,Active,498928.3
LN-1661-0,AUD-11661,115513.55,14.1145,24,5552.39,555239,24,2026-07-01,Active,115513.55
LN-1661-1,AUD-11661,204252.06,13.0069,36,6882.74,688274,24,2026-07-01,Active,204252.06
LN-1662-0,AUD-11662,181312.14,18.9088,24,9131.66,913166,22,2026-07-01,Active,181312.14
LN-1663-0,AUD-11663,451680.54,12.0334,24,21269.22,2126922,23,2026-07-01,Active,451680.54
LN-1664-0,AUD-11664,92316.7,11.0743,24,4305.87,430587,20,2026-07-01,Active,92316.7
LN-1665-0,AUD-11665,951528.32,11.6997,36,31468.06,3146806,25,2026-07-01,Active,951528.32
LN-1666-0,AUD-11666,378476.75,17.2288,12,34559.99,3455999,26,2026-07-01,Active,378476.75
LN-1667-0,AUD-11667,233811.44,18.2854,24,11705.1,1170510,26,2026-07-01,Active,233811.44
LN-1668-0,AUD-11668,587489.48,15.8119,24,28712.54,2871254,25,2026-07-01,Active,587489.48
LN-1669-0,AUD-11669,54420.75,16.9216,12,4961.41,496141,28,2026-07-01,Active,54420.75
LN-1671-0,AUD-11671,381962.73,16.3201,36,13489.11,1348911,28,2026-07-01,Active,381962.73
LN-1671-1,AUD-11671,244084.86,11.3021,12,21607.03,2160703,28,2026-07-01,Active,244084.86
LN-1672-0,AUD-11672,334985.74,12.3786,24,15828.24,1582824,27,2026-07-01,Active,334985.74
LN-1673-0,AUD-11673,370150.05,11.2908,12,32764.7,3276470,26,2026-07-01,Active,370150.05
LN-1674-0,AUD-11674,311363.71,11.8113,12,27636.81,2763681,20,2026-07-01,Active,311363.71
LN-1675-0,AUD-11675,403421.5,18.7286,24,20282.76,2028276,21,2026-07-01,Active,403421.5
LN-1676-0,AUD-11676,263907.24,10.7566,36,8609.6,860960,24,2026-07-01,Active,263907.24
LN-1677-0,AUD-11677,168576.38,18.0018,36,6094.59,609459,24,2026-07-01,Active,168576.38
LN-1678-0,AUD-11678,448339.75,18.8301,24,22563.2,2256320,28,2026-07-01,Active,448339.75
LN-1679-0,AUD-11679,669183.54,10.812,24,31130.83,3113083,24,2026-07-01,Active,669183.54
LN-1681-0,AUD-11681,332181.17,19.7835,24,16871.52,1687152,28,2026-07-01,Active,332181.17
LN-1681-1,AUD-11681,688585.83,14.9205,36,23843.25,2384325,28,2026-07-01,Active,688585.83
LN-1682-0,AUD-11682,660440.83,11.2355,24,30853.99,3085399,26,2026-07-01,Active,660440.83
LN-1683-0,AUD-11683,439617.92,18.2212,36,15942.07,1594207,24,2026-07-01,Active,439617.92
LN-1684-0,AUD-11684,295281.65,15.1003,36,10250.55,1025055,28,2026-07-01,Active,295281.65
LN-1685-0,AUD-11685,349026.04,10.0923,24,16120.65,1612065,25,2026-07-01,Active,349026.04
LN-1686-0,AUD-11686,190998.79,14.0697,24,9176.69,917669,25,2026-07-01,Active,190998.79
LN-1687-0,AUD-11687,192615.12,19.9874,12,17841.65,1784165,22,2026-07-01,Active,192615.12
LN-1688-0,AUD-11688,226768.34,13.5048,24,10834.83,1083483,20,2026-07-01,Active,226768.34
LN-1689-0,AUD-11689,354738.14,19.6967,36,13128.59,1312859,20,2026-07-01,Active,354738.14
LN-1691-0,AUD-11691,479318.12,10.0344,12,42147.36,4214736,23,2026-07-01,Active,479318.12
LN-1691-1,AUD-11691,308450.88,19.5038,36,11385.31,1138531,23,2026-07-01,Active,308450.88
LN-1692-0,AUD-11692,410068.41,14.0169,36,14018.53,1401853,20,2026-07-01,Active,410068.41
LN-1693-0,AUD-11693,628255.32,19.7508,24,31899.14,3189914,25,2026-07-01,Active,628255.32
LN-1694-0,AUD-11694,144426.02,14.4854,24,6967.47,696747,21,2026-07-01,Active,144426.02
LN-1695-0,AUD-11695,214230.4,12.2641,36,7142.57,714257,20,2026-07-01,Active,214230.4
LN-1696-0,AUD-11696,119882.32,17.8363,24,5975.54,597554,22,2026-07-01,Active,119882.32
LN-1697-0,AUD-11697,144172.84,18.5082,12,13252.66,1325266,22,2026-07-01,Active,144172.84
LN-1698-0,AUD-11698,260247.13,19.002,24,13118.95,1311895,26,2026-07-01,Active,260247.13
LN-1699-0,AUD-11699,267511.46,14.7269,12,24110.67,2411067,24,2026-07-01,Active,267511.46
LN-1701-0,AUD-11701,536635.17,19.9752,24,27305.98,2730598,24,2026-07-01,Active,536635.17
LN-1701-1,AUD-11701,504377.27,17.7865,12,46190.08,4619008,24,2026-07-01,Active,504377.27
LN-1702-0,AUD-11702,493875.53,10.7594,36,16112.65,1611265,26,2026-07-01,Active,493875.53
LN-1703-0,AUD-11703,96740.02,14.7353,36,3341.0,334100,24,2026-07-01,Active,96740.02
LN-1704-0,AUD-11704,226497.99,16.6258,36,8033.15,803315,20,2026-07-01,Active,226497.99
LN-1705-0,AUD-11705,432693.85,15.5528,36,15116.88,1511688,28,2026-07-01,Active,432693.85
LN-1706-0,AUD-11706,909159.0,16.489,24,44727.97,4472797,28,2026-07-01,Active,909159.0
LN-1707-0,AUD-11707,501044.81,15.2782,12,45289.27,4528927,27,2026-07-01,Active,501044.81
LN-1708-0,AUD-11708,703656.23,10.2842,12,61955.61,6195561,20,2026-07-01,Active,703656.23
LN-1709-0,AUD-11709,387076.8,11.1111,36,12692.78,1269278,26,2026-07-01,Active,387076.8
LN-1711-0,AUD-11711,147807.83,16.2536,24,7255.05,725505,21,2026-07-01,Active,147807.83
LN-1711-1,AUD-11711,74701.72,18.2318,12,6856.9,685690,21,2026-07-01,Active,74701.72
LN-1712-0,AUD-11712,810237.23,17.2576,12,73996.59,7399659,23,2026-07-01,Active,810237.23
LN-1713-0,AUD-11713,242138.0,18.3716,36,8799.08,879908,27,2026-07-01,Active,242138.0
LN-1714-0,AUD-11714,370442.83,17.5212,12,33877.84,3387784,24,2026-07-01,Active,370442.83
LN-1715-0,AUD-11715,160303.26,11.8001,24,7531.08,753108,25,2026-07-01,Active,160303.26
LN-1716-0,AUD-11716,278769.69,15.649,12,25246.73,2524673,26,2026-07-01,Active,278769.69
LN-1717-0,AUD-11717,900759.97,18.2426,12,82685.68,8268568,22,2026-07-01,Active,900759.97
LN-1718-0,AUD-11718,427746.13,10.8218,24,19900.96,1990096,22,2026-07-01,Active,427746.13
LN-1719-0,AUD-11719,580276.07,11.1405,12,51323.79,5132379,27,2026-07-01,Active,580276.07
LN-1721-0,AUD-11721,455219.13,16.6471,12,41441.95,4144195,22,2026-07-01,Active,455219.13
LN-1721-1,AUD-11721,416404.45,16.413,36,14724.59,1472459,22,2026-07-01,Active,416404.45
LN-1722-0,AUD-11722,326021.08,14.1622,36,11168.33,1116833,26,2026-07-01,Active,326021.08
LN-1723-0,AUD-11723,310347.69,11.45,24,14529.56,1452956,23,2026-07-01,Active,310347.69
LN-1724-0,AUD-11724,390901.68,18.3826,24,19587.76,1958776,23,2026-07-01,Active,390901.68
LN-1725-0,AUD-11725,244791.52,17.958,12,22437.6,2243760,20,2026-07-01,Active,244791.52
LN-1726-0,AUD-11726,674970.28,14.512,36,23237.09,2323709,27,2026-07-01,Active,674970.28
LN-1727-0,AUD-11727,441080.3,18.1431,36,15977.78,1597778,25,2026-07-01,Active,441080.3
LN-1728-0,AUD-11728,574800.69,10.5273,36,18689.83,1868983,27,2026-07-01,Active,574800.69
LN-1729-0,AUD-11729,741404.48,17.9135,12,67941.43,6794143,26,2026-07-01,Active,741404.48
LN-1731-0,AUD-11731,475435.38,14.797,24,23006.45,2300645,27,2026-07-01,Active,475435.38
LN-1731-1,AUD-11731,411525.22,19.8021,36,15252.28,1525228,27,2026-07-01,Active,411525.22
LN-1732-0,AUD-11732,565849.0,18.1373,24,28287.06,2828706,20,2026-07-01,Active,565849.0
LN-1733-0,AUD-11733,723626.0,10.0212,12,63625.37,6362537,24,2026-07-01,Active,723626.0
LN-1734-0,AUD-11734,139779.07,15.737,36,4896.09,489609,25,2026-07-01,Active,139779.07
LN-1735-0,AUD-11735,314275.04,11.7481,24,14757.07,1475707,21,2026-07-01,Active,314275.04
LN-1736-0,AUD-11736,305718.63,13.4154,24,14594.14,1459414,28,2026-07-01,Active,305718.63
LN-1737-0,AUD-11737,326599.01,17.0687,12,29798.04,2979804,24,2026-07-01,Active,326599.01
LN-1738-0,AUD-11738,89261.89,18.9114,36,3267.99,326799,21,2026-07-01,Active,89261.89
LN-1739-0,AUD-11739,597921.58,12.2044,24,28203.36,2820336,21,2026-07-01,Active,597921.58
LN-1741-0,AUD-11741,552674.01,19.8499,24,28088.29,2808829,24,2026-07-01,Active,552674.01
LN-1741-1,AUD-11741,252293.13,16.5641,36,8940.3,894030,24,2026-07-01,Active,252293.13
LN-1742-0,AUD-11742,479475.81,12.0331,24,22578.01,2257801,28,2026-07-01,Active,479475.81
LN-1743-0,AUD-11743,156241.91,11.5033,12,13845.63,1384563,25,2026-07-01,Active,156241.91
LN-1744-0,AUD-11744,207220.29,17.8546,24,10330.74,1033074,25,2026-07-01,Active,207220.29
LN-1745-0,AUD-11745,451512.13,18.857,24,22728.74,2272874,28,2026-07-01,Active,451512.13
LN-1746-0,AUD-11746,263579.95,16.7965,36,9370.67,937067,27,2026-07-01,Active,263579.95
LN-1747-0,AUD-11747,150976.71,12.4208,36,5044.98,504498,26,2026-07-01,Active,150976.71
LN-1748-0,AUD-11748,322187.01,11.0356,36,10553.43,1055343,23,2026-07-01,Active,322187.01
LN-1749-0,AUD-11749,972105.1,14.6747,36,33543.69,3354369,25,2026-07-01,Active,972105.1
LN-1751-0,AUD-11751,368724.73,18.7003,12,33927.69,3392769,23,2026-07-01,Active,368724.73
LN-1751-1,AUD-11751,303667.89,11.266,12,26876.37,2687637,23,2026-07-01,Active,303667.89
LN-1752-0,AUD-11752,364559.53,16.7842,12,33212.23,3321223,21,2026-07-01,Active,364559.53
LN-1753-0,AUD-11753,193863.13,16.1871,36,6833.58,683358,21,2026-07-01,Active,193863.13
LN-1754-0,AUD-11754,179696.97,17.4049,24,8919.62,891962,20,2026-07-01,Active,179696.97
LN-1755-0,AUD-11755,208816.76,13.202,12,18670.74,1867074,28,2026-07-01,Active,208816.76
LN-1756-0,AUD-11756,81159.61,17.9254,24,4048.89,404889,25,2026-07-01,Active,81159.61
LN-1757-0,AUD-11757,482356.12,14.6883,36,16647.5,1664750,28,2026-07-01,Active,482356.12
LN-1758-0,AUD-11758,284229.93,12.5406,24,13451.56,1345156,23,2026-07-01,Active,284229.93
LN-1759-0,AUD-11759,600033.13,10.681,12,52942.69,5294269,26,2026-07-01,Active,600033.13
LN-1761-0,AUD-11761,675101.46,14.9922,12,60931.04,6093104,28,2026-07-01,Active,675101.46
LN-1761-1,AUD-11761,611043.85,19.1034,36,22430.39,2243039,28,2026-07-01,Active,611043.85
LN-1762-0,AUD-11762,180970.58,13.0216,36,6099.49,609949,28,2026-07-01,Active,180970.58
LN-1763-0,AUD-11763,415068.81,17.9183,12,38037.37,3803737,20,2026-07-01,Active,415068.81
LN-1764-0,AUD-11764,192050.23,14.4975,24,9266.09,926609,26,2026-07-01,Active,192050.23
LN-1765-0,AUD-11765,184825.05,14.4786,12,16636.56,1663656,27,2026-07-01,Active,184825.05
LN-1766-0,AUD-11766,401606.59,11.3543,24,18784.15,1878415,22,2026-07-01,Active,401606.59
LN-1767-0,AUD-11767,163219.48,14.097,24,7844.12,784412,22,2026-07-01,Active,163219.48
LN-1768-0,AUD-11768,280415.81,11.5517,36,9253.89,925389,25,2026-07-01,Active,280415.81
LN-1769-0,AUD-11769,90891.0,10.234,12,8000.66,800066,20,2026-07-01,Active,90891.0
LN-1771-0,AUD-11771,182045.43,12.7844,12,16241.39,1624139,26,2026-07-01,Active,182045.43
LN-1771-1,AUD-11771,212399.99,19.5231,24,10760.85,1076085,26,2026-07-01,Active,212399.99
LN-1772-0,AUD-11772,368529.78,16.5037,24,18133.18,1813318,26,2026-07-01,Active,368529.78
LN-1773-0,AUD-11773,229666.81,17.8696,24,11451.44,1145144,21,2026-07-01,Active,229666.81
LN-1774-0,AUD-11774,243428.44,16.2001,36,8582.29,858229,25,2026-07-01,Active,243428.44
LN-1775-0,AUD-11775,373195.1,13.5148,36,12667.16,1266716,26,2026-07-01,Active,373195.1
LN-1776-0,AUD-11776,257907.07,15.2029,24,12529.92,1252992,21,2026-07-01,Active,257907.07
LN-1777-0,AUD-11777,216739.82,15.8888,36,7608.03,760803,28,2026-07-01,Active,216739.82
LN-1778-0,AUD-11778,973202.54,10.0342,24,44923.72,4492372,21,2026-07-01,Active,973202.54
LN-1779-0,AUD-11779,345959.81,13.0649,36,11667.57,1166757,27,2026-07-01,Active,345959.81
LN-1781-0,AUD-11781,625475.25,18.936,36,22907.19,2290719,24,2026-07-01,Active,625475.25
LN-1781-1,AUD-11781,754287.66,11.5067,24,35333.43,3533343,24,2026-07-01,Active,754287.66
LN-1782-0,AUD-11782,242905.64,10.6128,24,11277.69,1127769,23,2026-07-01,Active,242905.64
LN-1783-0,AUD-11783,321710.68,10.9848,24,14991.97,1499197,20,2026-07-01,Active,321710.68
LN-1784-0,AUD-11784,666202.76,12.1532,12,59239.06,5923906,22,2026-07-01,Active,666202.76
LN-1785-0,AUD-11785,672168.78,14.2089,24,32339.15,3233915,25,2026-07-01,Active,672168.78
LN-1786-0,AUD-11786,250459.49,10.3099,24,11593.29,1159329,25,2026-07-01,Active,250459.49
LN-1787-0,AUD-11787,81241.63,19.9085,36,3015.44,301544,23,2026-07-01,Active,81241.63
LN-1788-0,AUD-11788,221087.58,18.4042,12,20311.86,2031186,20,2026-07-01,Active,221087.58
LN-1789-0,AUD-11789,309670.55,17.9921,12,28389.43,2838943,24,2026-07-01,Active,309670.55
LN-1791-0,AUD-11791,464826.43,16.4092,12,42264.16,4226416,23,2026-07-01,Active,464826.43
LN-1791-1,AUD-11791,356344.31,12.3867,36,11901.66,1190166,23,2026-07-01,Active,356344.31
LN-1792-0,AUD-11792,584190.0,15.6277,36,20431.18,2043118,22,2026-07-01,Active,584190.0
LN-1793-0,AUD-11793,937318.34,17.7845,12,85837.25,8583725,25,2026-07-01,Active,937318.34
LN-1794-0,AUD-11794,381854.22,14.8045,36,13200.57,1320057,26,2026-07-01,Active,381854.22
LN-1795-0,AUD-11795,631809.73,19.9013,12,58497.54,5849754,23,2026-07-01,Active,631809.73
LN-1796-0,AUD-11796,606089.55,15.1642,36,21059.07,2105907,28,2026-07-01,Active,606089.55
LN-1797-0,AUD-11797,88075.69,11.9331,36,2922.56,292256,25,2026-07-01,Active,88075.69
LN-1798-0,AUD-11798,444773.45,14.9048,36,15397.49,1539749,24,2026-07-01,Active,444773.45
LN-1799-0,AUD-11799,440280.88,16.8881,36,15672.71,1567271,23,2026-07-01,Active,440280.88
LN-1801-0,AUD-11801,340860.76,12.5744,24,16137.09,1613709,21,2026-07-01,Active,340860.76
LN-1801-1,AUD-11801,747911.55,15.4281,12,67656.4,6765640,21,2026-07-01,Active,747911.55
LN-1802-0,AUD-11802,322460.75,11.0867,12,28512.66,2851266,21,2026-07-01,Active,322460.75
LN-1803-0,AUD-11803,668814.72,18.7863,24,33644.63,3364463,28,2026-07-01,Active,668814.72
LN-1804-0,AUD-11804,354840.92,19.9018,12,32853.84,3285384,22,2026-07-01,Active,354840.92
LN-1805-0,AUD-11805,518903.31,14.7394,24,25095.69,2509569,27,2026-07-01,Active,518903.31
LN-1806-0,AUD-11806,232442.54,16.8166,12,21179.64,2117964,24,2026-07-01,Active,232442.54
LN-1807-0,AUD-11807,464850.26,14.5293,36,16007.24,1600724,20,2026-07-01,Active,464850.26
LN-1808-0,AUD-11808,484347.04,17.8648,12,44373.79,4437379,20,2026-07-01,Active,484347.04
LN-1809-0,AUD-11809,425963.47,10.8699,36,13919.27,1391927,23,2026-07-01,Active,425963.47
LN-1811-0,AUD-11811,158327.84,14.4754,12,14251.24,1425124,28,2026-07-01,Active,158327.84
LN-1811-1,AUD-11811,271159.76,16.4311,24,13332.74,1333274,28,2026-07-01,Active,271159.76
LN-1812-0,AUD-11812,600213.98,10.1822,36,19418.59,1941859,23,2026-07-01,Active,600213.98
LN-1813-0,AUD-11813,227553.89,14.3996,36,7821.49,782149,26,2026-07-01,Active,227553.89
LN-1814-0,AUD-11814,310535.62,12.1652,36,10338.75,1033875,27,2026-07-01,Active,310535.62
LN-1815-0,AUD-11815,376085.92,17.461,36,13494.94,1349494,26,2026-07-01,Active,376085.92
LN-1816-0,AUD-11816,302837.44,13.7108,24,14498.76,1449876,24,2026-07-01,Active,302837.44
LN-1817-0,AUD-11817,568664.17,13.5377,12,50935.12,5093512,27,2026-07-01,Active,568664.17
LN-1818-0,AUD-11818,383208.65,11.2408,24,17903.39,1790339,21,2026-07-01,Active,383208.65
LN-1819-0,AUD-11819,202167.43,12.4263,12,18002.67,1800267,20,2026-07-01,Active,202167.43
LN-1821-0,AUD-11821,233913.5,14.0504,24,11236.44,1123644,21,2026-07-01,Active,233913.5
LN-1821-1,AUD-11821,276658.67,15.7422,24,13512.02,1351202,21,2026-07-01,Active,276658.67
LN-1822-0,AUD-11822,502921.59,10.8931,36,16439.55,1643955,23,2026-07-01,Active,502921.59
LN-1823-0,AUD-11823,308135.85,18.9283,12,28386.21,2838621,20,2026-07-01,Active,308135.85
LN-1824-0,AUD-11824,332848.93,11.7221,36,11011.22,1101122,27,2026-07-01,Active,332848.93
LN-1825-0,AUD-11825,634648.36,16.6771,36,22525.09,2252509,25,2026-07-01,Active,634648.36
LN-1826-0,AUD-11826,958294.82,11.887,12,85092.67,8509267,21,2026-07-01,Active,958294.82
LN-1827-0,AUD-11827,99285.99,16.9434,36,3537.02,353702,25,2026-07-01,Active,99285.99
LN-1828-0,AUD-11828,131243.64,17.2473,24,6504.59,650459,20,2026-07-01,Active,131243.64
LN-1829-0,AUD-11829,159758.85,11.8937,12,14186.43,1418643,26,2026-07-01,Active,159758.85
LN-1831-0,AUD-11831,93464.07,17.0141,12,8524.99,852499,21,2026-07-01,Active,93464.07
LN-1831-1,AUD-11831,237381.01,11.647,36,7844.48,784448,21,2026-07-01,Active,237381.01
LN-1832-0,AUD-11832,231059.49,11.5807,24,10831.59,1083159,28,2026-07-01,Active,231059.49
LN-1833-0,AUD-11833,379575.35,17.6972,36,13664.97,1366497,23,2026-07-01,Active,379575.35
LN-1834-0,AUD-11834,224093.63,17.9993,24,11187.6,1118760,23,2026-07-01,Active,224093.63
LN-1835-0,AUD-11835,380895.59,10.9658,36,12463.87,1246387,24,2026-07-01,Active,380895.59
LN-1836-0,AUD-11836,572333.73,18.9907,12,52741.79,5274179,25,2026-07-01,Active,572333.73
LN-1837-0,AUD-11837,379138.08,13.7786,24,18163.88,1816388,23,2026-07-01,Active,379138.08
LN-1838-0,AUD-11838,364964.71,14.4271,24,17596.73,1759673,28,2026-07-01,Active,364964.71
LN-1839-0,AUD-11839,174093.45,11.113,36,5708.92,570892,25,2026-07-01,Active,174093.45
LN-1841-0,AUD-11841,809909.98,15.2238,24,39356.0,3935600,26,2026-07-01,Active,809909.98
LN-1841-1,AUD-11841,574181.87,12.3262,12,51103.02,5110302,26,2026-07-01,Active,574181.87
LN-1842-0,AUD-11842,190466.91,18.7385,36,6956.6,695660,22,2026-07-01,Active,190466.91
LN-1843-0,AUD-11843,233395.68,15.0716,12,21073.79,2107379,27,2026-07-01,Active,233395.68
LN-1844-0,AUD-11844,772517.37,12.6438,12,68870.11,6887011,24,2026-07-01,Active,772517.37
LN-1845-0,AUD-11845,661459.14,12.0662,12,58790.32,5879032,24,2026-07-01,Active,661459.14
LN-1846-0,AUD-11846,110179.59,12.9431,36,3709.37,370937,23,2026-07-01,Active,110179.59
LN-1847-0,AUD-11847,829784.4,11.1565,24,38734.79,3873479,27,2026-07-01,Active,829784.4
LN-1848-0,AUD-11848,161025.34,13.6636,12,14432.53,1443253,23,2026-07-01,Active,161025.34
LN-1849-0,AUD-11849,311707.03,13.2992,12,27884.6,2788460,26,2026-07-01,Active,311707.03
LN-1851-0,AUD-11851,404030.71,14.3566,12,36344.58,3634458,27,2026-07-01,Active,404030.71
LN-1851-1,AUD-11851,245861.57,11.0248,12,21732.5,2173250,27,2026-07-01,Active,245861.57
LN-1852-0,AUD-11852,591913.27,13.0581,24,28156.79,2815679,23,2026-07-01,Active,591913.27
LN-1853-0,AUD-11853,411100.12,13.7037,12,36854.21,3685421,20,2026-07-01,Active,411100.12
LN-1854-0,AUD-11854,230078.5,10.61,24,10681.85,1068185,23,2026-07-01,Active,230078.5
LN-1855-0,AUD-11855,166318.58,17.4808,36,5969.59,596959,23,2026-07-01,Active,166318.58
LN-1856-0,AUD-11856,350012.26,13.0042,24,16640.92,1664092,25,2026-07-01,Active,350012.26
LN-1857-0,AUD-11857,320314.31,10.6595,36,10435.11,1043511,26,2026-07-01,Active,320314.31
LN-1858-0,AUD-11858,439607.74,12.1637,24,20727.49,2072749,22,2026-07-01,Active,439607.74
LN-1859-0,AUD-11859,112330.01,14.7033,36,3877.66,387766,23,2026-07-01,Active,112330.01
LN-1861-0,AUD-11861,545385.44,10.9808,24,25414.38,2541438,21,2026-07-01,Active,545385.44
LN-1861-1,AUD-11861,611838.34,17.7848,24,30481.91,3048191,21,2026-07-01,Active,611838.34
LN-1862-0,AUD-11862,298350.91,16.5255,12,27143.88,2714388,24,2026-07-01,Active,298350.91
LN-1863-0,AUD-11863,395543.21,16.9869,24,19554.06,1955406,21,2026-07-01,Active,395543.21
LN-1864-0,AUD-11864,164284.35,19.2738,12,15161.36,1516136,23,2026-07-01,Active,164284.35
LN-1865-0,AUD-11865,208476.62,11.4732,12,18471.56,1847156,24,2026-07-01,Active,208476.62
LN-1866-0,AUD-11866,599509.64,13.8903,12,53797.31,5379731,26,2026-07-01,Active,599509.64
LN-1867-0,AUD-11867,534048.63,11.9406,24,25124.71,2512471,24,2026-07-01,Active,534048.63
LN-1868-0,AUD-11868,251544.36,11.1935,36,8258.31,825831,26,2026-07-01,Active,251544.36
LN-1869-0,AUD-11869,239581.37,19.8578,36,8886.36,888636,23,2026-07-01,Active,239581.37
LN-1871-0,AUD-11871,322246.44,15.9685,24,15773.33,1577333,26,2026-07-01,Active,322246.44
LN-1871-1,AUD-11871,370686.64,16.9505,12,33799.68,3379968,26,2026-07-01,Active,370686.64
LN-1872-0,AUD-11872,281689.45,18.8309,24,14176.45,1417645,23,2026-07-01,Active,281689.45
LN-1873-0,AUD-11873,497310.17,11.5935,24,23315.82,2331582,27,2026-07-01,Active,497310.17
LN-1874-0,AUD-11874,460926.64,19.1129,12,42502.26,4250226,25,2026-07-01,Active,460926.64
LN-1875-0,AUD-11875,368479.36,17.6159,12,33714.87,3371487,20,2026-07-01,Active,368479.36
LN-1876-0,AUD-11876,514557.7,15.2816,36,17908.35,1790835,28,2026-07-01,Active,514557.7
LN-1877-0,AUD-11877,459822.1,15.221,36,15989.7,1598970,22,2026-07-01,Active,459822.1
LN-1878-0,AUD-11878,387824.34,10.6051,36,12624.47,1262447,23,2026-07-01,Active,387824.34
LN-1879-0,AUD-11879,414217.47,13.3876,24,19768.15,1976815,20,2026-07-01,Active,414217.47
LN-1881-0,AUD-11881,157791.05,17.1481,36,5637.32,563732,23,2026-07-01,Active,157791.05
LN-1881-1,AUD-11881,198528.35,17.0401,36,7082.04,708204,23,2026-07-01,Active,198528.35
LN-1882-0,AUD-11882,95954.82,10.2845,36,3109.02,310902,22,2026-07-01,Active,95954.82
LN-1883-0,AUD-11883,104919.17,19.0193,24,5289.81,528981,26,2026-07-01,Active,104919.17
LN-1884-0,AUD-11884,289786.86,12.4335,24,13700.01,1370001,24,2026-07-01,Active,289786.86
LN-1885-0,AUD-11885,475384.89,18.0592,24,23746.75,2374675,25,2026-07-01,Active,475384.89
LN-1886-0,AUD-11886,172788.92,12.2529,24,8154.19,815419,24,2026-07-01,Active,172788.92
LN-1887-0,AUD-11887,243063.69,15.8501,24,11883.75,1188375,23,2026-07-01,Active,243063.69
LN-1888-0,AUD-11888,135663.43,18.298,24,6792.43,679243,26,2026-07-01,Active,135663.43
LN-1889-0,AUD-11889,423843.32,18.3255,24,21226.72,2122672,24,2026-07-01,Active,423843.32
LN-1891-0,AUD-11891,634328.71,15.8971,36,22268.9,2226890,23,2026-07-01,Active,634328.71
LN-1891-1,AUD-11891,524643.76,15.9866,24,25684.84,2568484,23,2026-07-01,Active,524643.76
LN-1892-0,AUD-11892,122613.27,10.9661,12,10834.83,1083483,20,2026-07-01,Active,122613.27
LN-1893-0,AUD-11893,294052.91,19.2955,12,27140.4,2714040,24,2026-07-01,Active,294052.91
LN-1894-0,AUD-11894,138863.79,14.7177,24,6714.43,671443,24,2026-07-01,Active,138863.79
LN-1895-0,AUD-11895,425663.25,19.2446,36,15655.81,1565581,23,2026-07-01,Active,425663.25
LN-1896-0,AUD-11896,174963.74,17.8688,24,8723.82,872382,28,2026-07-01,Active,174963.74
LN-1897-0,AUD-11897,189138.7,17.9945,24,9442.07,944207,26,2026-07-01,Active,189138.7
LN-1898-0,AUD-11898,614673.98,11.0982,24,28676.66,2867666,21,2026-07-01,Active,614673.98
LN-1899-0,AUD-11899,226127.62,14.6106,24,10922.38,1092238,22,2026-07-01,Active,226127.62
LN-1901-0,AUD-11901,541402.2,17.6872,24,26947.25,2694725,21,2026-07-01,Active,541402.2
LN-1901-1,AUD-11901,666366.09,11.2018,24,31120.35,3112035,21,2026-07-01,Active,666366.09
LN-1902-0,AUD-11902,526570.18,16.4729,12,47894.08,4789408,24,2026-07-01,Active,526570.18
LN-1903-0,AUD-11903,572371.37,11.7233,36,18935.37,1893537,24,2026-07-01,Active,572371.37
LN-1904-0,AUD-11904,332369.11,10.6971,36,10833.73,1083373,26,2026-07-01,Active,332369.11
LN-1905-0,AUD-11905,265095.62,19.9822,12,24554.74,2455474,28,2026-07-01,Active,265095.62
LN-1906-0,AUD-11906,665402.07,18.439,36,24202.66,2420266,22,2026-07-01,Active,665402.07
LN-1907-0,AUD-11907,532297.34,12.5884,12,47440.62,4744062,22,2026-07-01,Active,532297.34
LN-1908-0,AUD-11908,420036.08,10.3121,24,19443.1,1944310,21,2026-07-01,Active,420036.08
LN-1909-0,AUD-11909,268959.82,11.0823,24,12545.91,1254591,25,2026-07-01,Active,268959.82
LN-1911-0,AUD-11911,188725.37,10.3882,36,6124.1,612410,22,2026-07-01,Active,188725.37
LN-1911-1,AUD-11911,228314.69,15.4742,12,20658.42,2065842,22,2026-07-01,Active,228314.69
LN-1912-0,AUD-11912,389351.25,13.1514,12,34803.46,3480346,28,2026-07-01,Active,389351.25
LN-1913-0,AUD-11913,399535.86,11.2867,36,13134.61,1313461,28,2026-07-01,Active,399535.86
LN-1914-0,AUD-11914,216363.0,13.4501,24,10332.09,1033209,24,2026-07-01,Active,216363.0
LN-1915-0,AUD-11915,378495.53,12.9529,36,12744.42,1274442,27,2026-07-01,Active,378495.53
LN-1916-0,AUD-11916,722155.17,19.3023,36,26581.83,2658183,28,2026-07-01,Active,722155.17
LN-1917-0,AUD-11917,176341.44,10.8447,36,5760.23,576023,20,2026-07-01,Active,176341.44
LN-1918-0,AUD-11918,404678.5,11.7273,12,35903.6,3590360,24,2026-07-01,Active,404678.5
LN-1919-0,AUD-11919,302725.9,18.749,36,11058.35,1105835,25,2026-07-01,Active,302725.9
LN-1921-0,AUD-11921,419762.56,15.6971,24,20492.17,2049217,21,2026-07-01,Active,419762.56
LN-1921-1,AUD-11921,296686.76,14.2203,36,10171.82,1017182,21,2026-07-01,Active,296686.76
LN-1922-0,AUD-11922,554919.1,13.9653,36,18956.48,1895648,23,2026-07-01,Active,554919.1
LN-1923-0,AUD-11923,434666.35,19.0854,24,21928.96,2192896,25,2026-07-01,Active,434666.35
LN-1924-0,AUD-11924,551584.65,11.9941,36,18318.94,1831894,28,2026-07-01,Active,551584.65
LN-1925-0,AUD-11925,475920.52,11.6191,36,15720.92,1572092,22,2026-07-01,Active,475920.52
LN-1926-0,AUD-11926,296631.28,15.1886,12,26799.84,2679984,28,2026-07-01,Active,296631.28
LN-1927-0,AUD-11927,250339.7,13.2179,36,8461.23,846123,22,2026-07-01,Active,250339.7
LN-1928-0,AUD-11928,441647.02,19.0395,12,40709.0,4070900,20,2026-07-01,Active,441647.02
LN-1929-0,AUD-11929,658138.46,17.6362,24,32741.39,3274139,27,2026-07-01,Active,658138.46
LN-1931-0,AUD-11931,573198.5,10.4872,12,50523.22,5052322,25,2026-07-01,Active,573198.5
LN-1931-1,AUD-11931,586838.82,10.7573,12,51799.38,5179938,25,2026-07-01,Active,586838.82
LN-1932-0,AUD-11932,939212.71,14.4414,36,32301.77,3230177,21,2026-07-01,Active,939212.71
LN-1933-0,AUD-11933,657764.3,15.3021,36,22899.06,2289906,20,2026-07-01,Active,657764.3
LN-1934-0,AUD-11934,76755.49,19.7837,12,7102.26,710226,23,2026-07-01,Active,76755.49
LN-1935-0,AUD-11935,126150.33,14.9335,24,6112.62,611262,24,2026-07-01,Active,126150.33
LN-1936-0,AUD-11936,169241.73,19.5054,12,15637.59,1563759,22,2026-07-01,Active,169241.73
LN-1937-0,AUD-11937,117356.67,13.7935,12,10525.72,1052572,23,2026-07-01,Active,117356.67
LN-1938-0,AUD-11938,407375.32,12.2602,36,13581.37,1358137,25,2026-07-01,Active,407375.32
LN-1939-0,AUD-11939,151179.54,18.3762,36,5494.08,549408,27,2026-07-01,Active,151179.54
LN-1941-0,AUD-11941,367426.56,12.6653,12,32759.87,3275987,23,2026-07-01,Active,367426.56
LN-1941-1,AUD-11941,431759.42,10.2269,12,38004.09,3800409,23,2026-07-01,Active,431759.42
LN-1942-0,AUD-11942,430138.65,19.268,24,21738.74,2173874,25,2026-07-01,Active,430138.65
LN-1943-0,AUD-11943,320358.44,13.4523,24,15298.57,1529857,21,2026-07-01,Active,320358.44
LN-1944-0,AUD-11944,537446.87,12.6641,12,47918.63,4791863,24,2026-07-01,Active,537446.87
LN-1945-0,AUD-11945,96691.42,15.8209,36,3390.84,339084,23,2026-07-01,Active,96691.42
LN-1946-0,AUD-11946,223815.12,14.3331,24,10781.26,1078126,20,2026-07-01,Active,223815.12
LN-1947-0,AUD-11947,346625.39,16.2214,12,31485.95,3148595,23,2026-07-01,Active,346625.39
LN-1948-0,AUD-11948,173013.67,12.4219,24,8178.48,817848,21,2026-07-01,Active,173013.67
LN-1949-0,AUD-11949,253718.93,17.0121,36,9047.29,904729,25,2026-07-01,Active,253718.93
LN-1951-0,AUD-11951,520788.91,13.3589,24,24847.13,2484713,25,2026-07-01,Active,520788.91
LN-1951-1,AUD-11951,485755.69,16.7661,24,23962.31,2396231,25,2026-07-01,Active,485755.69
LN-1952-0,AUD-11952,356032.89,12.2806,24,16806.39,1680639,23,2026-07-01,Active,356032.89
LN-1953-0,AUD-11953,182246.33,12.3849,24,8611.76,861176,27,2026-07-01,Active,182246.33
LN-1954-0,AUD-11954,426393.01,16.5396,12,38795.96,3879596,28,2026-07-01,Active,426393.01
LN-1955-0,AUD-11955,346279.68,15.4027,12,31320.45,3132045,20,2026-07-01,Active,346279.68
LN-1956-0,AUD-11956,477617.36,17.7069,12,43721.35,4372135,26,2026-07-01,Active,477617.36
LN-1957-0,AUD-11957,973755.56,13.5672,24,46553.97,4655397,26,2026-07-01,Active,973755.56
LN-1958-0,AUD-11958,230098.85,13.6086,24,11005.21,1100521,26,2026-07-01,Active,230098.85
LN-1959-0,AUD-11959,374492.43,11.9459,24,17619.2,1761920,23,2026-07-01,Active,374492.43
LN-1961-0,AUD-11961,567249.68,13.8128,36,19335.72,1933572,24,2026-07-01,Active,567249.68
LN-1961-1,AUD-11961,519496.34,16.4771,36,18386.54,1838654,24,2026-07-01,Active,519496.34
LN-1962-0,AUD-11962,93370.03,17.0894,12,8519.75,851975,22,2026-07-01,Active,93370.03
LN-1963-0,AUD-11963,172881.74,18.8274,12,15917.95,1591795,20,2026-07-01,Active,172881.74
LN-1964-0,AUD-11964,412854.02,19.1827,24,20848.07,2084807,23,2026-07-01,Active,412854.02
LN-1965-0,AUD-11965,808774.6,18.4878,24,40568.23,4056823,24,2026-07-01,Active,808774.6
LN-1966-0,AUD-11966,409937.1,11.5505,24,19211.22,1921122,22,2026-07-01,Active,409937.1
LN-1967-0,AUD-11967,256021.59,17.1461,36,9146.5,914650,28,2026-07-01,Active,256021.59
LN-1968-0,AUD-11968,233825.55,15.6346,24,11408.05,1140805,22,2026-07-01,Active,233825.55
LN-1969-0,AUD-11969,192510.97,15.983,24,9424.37,942437,24,2026-07-01,Active,192510.97
LN-1971-0,AUD-11971,303890.58,16.5386,12,27649.77,2764977,27,2026-07-01,Active,303890.58
LN-1971-1,AUD-11971,313715.81,14.2117,24,15093.79,1509379,27,2026-07-01,Active,313715.81
LN-1972-0,AUD-11972,820242.99,13.853,12,73590.52,7359052,22,2026-07-01,Active,820242.99
LN-1973-0,AUD-11973,110320.38,11.1229,36,3618.17,361817,27,2026-07-01,Active,110320.38
LN-1974-0,AUD-11974,276429.08,14.8499,12,24930.45,2493045,23,2026-07-01,Active,276429.08
LN-1975-0,AUD-11975,620045.67,12.6925,36,20800.08,2080008,21,2026-07-01,Active,620045.67
LN-1976-0,AUD-11976,250013.16,18.5646,36,9109.54,910954,22,2026-07-01,Active,250013.16
LN-1977-0,AUD-11977,489611.14,11.7957,12,43454.58,4345458,22,2026-07-01,Active,489611.14
LN-1978-0,AUD-11978,403675.25,16.6904,24,19898.62,1989862,20,2026-07-01,Active,403675.25
LN-1979-0,AUD-11979,980743.76,13.8668,36,33456.07,3345607,28,2026-07-01,Active,980743.76
LN-1981-0,AUD-11981,371072.7,11.9584,36,12317.55,1231755,27,2026-07-01,Active,371072.7
LN-1981-1,AUD-11981,544437.92,10.5597,12,48006.58,4800658,27,2026-07-01,Active,544437.92
LN-1982-0,AUD-11982,119243.79,11.0827,12,10543.56,1054356,23,2026-07-01,Active,119243.79
LN-1983-0,AUD-11983,180875.49,11.5267,12,16030.54,1603054,22,2026-07-01,Active,180875.49
LN-1984-0,AUD-11984,336980.59,14.7227,24,16294.69,1629469,27,2026-07-01,Active,336980.59
LN-1985-0,AUD-11985,126828.48,18.7433,24,6377.44,637744,26,2026-07-01,Active,126828.48
LN-1986-0,AUD-11986,249837.94,17.6893,12,22868.21,2286821,28,2026-07-01,Active,249837.94
LN-1987-0,AUD-11987,205880.08,18.2677,24,10305.03,1030503,27,2026-07-01,Active,205880.08
LN-1988-0,AUD-11988,594246.33,13.1036,12,53105.35,5310535,25,2026-07-01,Active,594246.33
LN-1989-0,AUD-11989,372248.07,13.5607,36,12643.28,1264328,23,2026-07-01,Active,372248.07
LN-1991-0,AUD-11991,663886.53,12.5756,12,59164.43,5916443,23,2026-07-01,Active,663886.53
LN-1991-1,AUD-11991,570867.65,13.4158,24,27251.72,2725172,23,2026-07-01,Active,570867.65
LN-1992-0,AUD-11992,241804.6,13.6608,24,11571.02,1157102,23,2026-07-01,Active,241804.6
LN-1993-0,AUD-11993,501930.7,15.3374,24,24417.47,2441747,20,2026-07-01,Active,501930.7
LN-1994-0,AUD-11994,264572.72,17.518,24,13147.02,1314702,25,2026-07-01,Active,264572.72
LN-1995-0,AUD-11995,361505.68,18.5764,24,18148.69,1814869,25,2026-07-01,Active,361505.68
LN-1996-0,AUD-11996,616874.37,15.5463,24,30070.55,3007055,22,2026-07-01,Active,616874.37
LN-1997-0,AUD-11997,495365.97,14.8153,24,23975.18,2397518,25,2026-07-01,Active,495365.97
LN-1998-0,AUD-11998,341325.27,11.7748,36,11300.21,1130021,23,2026-07-01,Active,341325.27
LN-1999-0,AUD-11999,97967.98,17.2818,36,3506.58,350658,22,2026-07-01,Active,97967.98
