event_id,customer_id,timestamp,kind,title,detail,transaction_ids
EV-TX-100003,SYN-10000,2026-08-09T12:00:00+05:30,transfer,Payment observed,Review payment evidence,TX-100003
EV-TX-100004,SYN-10000,2026-08-10T12:00:00+05:30,transfer,Payment observed,Review payment evidence,TX-100004
EV-TX-100005,SYN-10000,2026-08-12T12:00:00+05:30,transfer,Payment observed,Review payment evidence,TX-100005
EV-TX-100008,SYN-10000,2026-08-22T12:00:00+05:30,transfer,Payment observed,Review payment evidence,TX-100008
EV-TX-100013,SYN-10000,2026-09-09T12:00:00+05:30,transfer,Payment observed,Review payment evidence,TX-100013
EV-TX-100014,SYN-10000,2026-09-10T12:00:00+05:30,transfer,Payment observed,Review payment evidence,TX-100014
EV-TX-100015,SYN-10000,2026-09-10T16:24:00+05:30,transfer,Payment observed,Review payment evidence,TX-100015
EV-TX-100016,SYN-10000,2026-09-10T16:31:00+05:30,transfer,Payment observed,Review payment evidence,TX-100016
EV-TX-100017,SYN-10000,2026-09-12T12:00:00+05:30,transfer,Payment observed,Review payment evidence,TX-100017
EV-TX-100019,SYN-10000,2026-09-16T16:23:00+05:30,transfer,Payment observed,Review payment evidence,TX-100019
EV-TX-100020,SYN-10000,2026-09-16T16:30:00+05:30,transfer,Payment observed,Review payment evidence,TX-100020
EV-TX-100022,SYN-10000,2026-09-22T12:00:00+05:30,transfer,Payment observed,Review payment evidence,TX-100022
EV-TX-100027,SYN-10000,2026-10-09T12:00:00+05:30,transfer,Payment observed,Review payment evidence,TX-100027
EV-TX-100028,SYN-10000,2026-10-10T12:00:00+05:30,transfer,Payment observed,Review payment evidence,TX-100028
EV-TX-100029,SYN-10000,2026-10-12T12:00:00+05:30,transfer,Payment observed,Review payment evidence,TX-100029
EV-TX-100032,SYN-10000,2026-10-22T12:00:00+05:30,transfer,Payment observed,Review payment evidence,TX-100032
EV-TX-100038,SYN-10001,2026-08-07T12:00:00+05:30,transfer,Payment observed,Review payment evidence,TX-100038
EV-TX-100041,SYN-10001,2026-08-16T12:00:00+05:30,transfer,Payment observed,Review payment evidence,TX-100041
EV-TX-100043,SYN-10001,2026-08-25T12:00:00+05:30,transfer,Payment observed,Review payment evidence,TX-100043
EV-TX-100049,SYN-10001,2026-09-07T12:00:00+05:30,transfer,Payment observed,Review payment evidence,TX-100049
EV-TX-100051,SYN-10001,2026-09-14T13:59:00+05:30,transfer,Payment observed,Review payment evidence,TX-100051
EV-TX-100052,SYN-10001,2026-09-14T14:03:00+05:30,transfer,Payment observed,Review payment evidence,TX-100052
EV-TX-100053,SYN-10001,2026-09-14T14:15:00+05:30,transfer,Payment observed,Review payment evidence,TX-100053
EV-TX-100055,SYN-10001,2026-09-16T12:00:00+05:30,transfer,Payment observed,Review payment evidence,TX-100055
EV-TX-100056,SYN-10001,2026-09-17T10:00:00+05:30,transfer,Payment observed,Review payment evidence,TX-100056
EV-TX-100058,SYN-10001,2026-09-25T12:00:00+05:30,transfer,Payment observed,Review payment evidence,TX-100058
EV-TX-100065,SYN-10001,2026-10-07T12:00:00+05:30,transfer,Payment observed,Review payment evidence,TX-100065
EV-TX-100068,SYN-10001,2026-10-16T12:00:00+05:30,transfer,Payment observed,Review payment evidence,TX-100068
EV-TX-100070,SYN-10001,2026-10-25T12:00:00+05:30,transfer,Payment observed,Review payment evidence,TX-100070
EV-TX-100078,SYN-10002,2026-08-04T12:00:00+05:30,transfer,Payment observed,Review payment evidence,TX-100078
EV-TX-100081,SYN-10002,2026-08-20T12:00:00+05:30,transfer,Payment observed,Review payment evidence,TX-100081
EV-TX-100088,SYN-10002,2026-09-04T12:00:00+05:30,transfer,Payment observed,Review payment evidence,TX-100088
EV-TX-100090,SYN-10002,2026-09-11T17:18:00+05:30,transfer,Payment observed,Review payment evidence,TX-100090
EV-TX-100092,SYN-10002,2026-09-20T12:00:00+05:30,transfer,Payment observed,Review payment evidence,TX-100092
EV-TX-100098,SYN-10002,2026-10-04T12:00:00+05:30,transfer,Payment observed,Review payment evidence,TX-100098
EV-TX-100101,SYN-10002,2026-10-20T12:00:00+05:30,transfer,Payment observed,Review payment evidence,TX-100101
EV-TX-100108,SYN-10002,2026-11-04T12:00:00+05:30,transfer,Payment observed,Review payment evidence,TX-100108
EV-TX-100112,SYN-10003,2026-08-08T12:00:00+05:30,transfer,Payment observed,Review payment evidence,TX-100112
EV-TX-100115,SYN-10003,2026-08-17T12:00:00+05:30,transfer,Payment observed,Review payment evidence,TX-100115
EV-TX-100116,SYN-10003,2026-08-20T12:00:00+05:30,transfer,Payment observed,Review payment evidence,TX-100116
EV-TX-100118,SYN-10003,2026-08-25T12:00:00+05:30,transfer,Payment observed,Review payment evidence,TX-100118
EV-TX-100123,SYN-10003,2026-09-08T12:00:00+05:30,transfer,Payment observed,Review payment evidence,TX-100123
EV-TX-100126,SYN-10003,2026-09-17T12:00:00+05:30,transfer,Payment observed,Review payment evidence,TX-100126
EV-TX-100127,SYN-10003,2026-09-18T16:03:00+05:30,transfer,Payment observed,Review payment evidence,TX-100127
EV-TX-100128,SYN-10003,2026-09-18T16:13:00+05:30,transfer,Payment observed,Review payment evidence,TX-100128
EV-TX-100129,SYN-10003,2026-09-20T12:00:00+05:30,transfer,Payment observed,Review payment evidence,TX-100129
EV-TX-100131,SYN-10003,2026-09-25T12:00:00+05:30,transfer,Payment observed,Review payment evidence,TX-100131
EV-TX-100136,SYN-10003,2026-10-08T12:00:00+05:30,transfer,Payment observed,Review payment evidence,TX-100136
EV-TX-100139,SYN-10003,2026-10-17T12:00:00+05:30,transfer,Payment observed,Review payment evidence,TX-100139
EV-TX-100140,SYN-10003,2026-10-20T12:00:00+05:30,transfer,Payment observed,Review payment evidence,TX-100140
EV-TX-100142,SYN-10003,2026-10-25T12:00:00+05:30,transfer,Payment observed,Review payment evidence,TX-100142
EV-TX-100150,SYN-10004,2026-08-05T12:00:00+05:30,transfer,Payment observed,Review payment evidence,TX-100150
EV-TX-100152,SYN-10004,2026-08-14T12:00:00+05:30,transfer,Payment observed,Review payment evidence,TX-100152
EV-TX-100159,SYN-10004,2026-09-05T12:00:00+05:30,transfer,Payment observed,Review payment evidence,TX-100159
EV-TX-100161,SYN-10004,2026-09-14T12:00:00+05:30,transfer,Payment observed,Review payment evidence,TX-100161
EV-TX-100168,SYN-10004,2026-10-05T12:00:00+05:30,transfer,Payment observed,Review payment evidence,TX-100168
EV-TX-100170,SYN-10004,2026-10-14T12:00:00+05:30,transfer,Payment observed,Review payment evidence,TX-100170
EV-TX-100177,SYN-10004,2026-11-05T12:00:00+05:30,transfer,Payment observed,Review payment evidence,TX-100177
EV-TX-100184,SYN-10005,2026-08-23T12:00:00+05:30,transfer,Payment observed,Review payment evidence,TX-100184
EV-TX-100186,SYN-10005,2026-08-26T12:00:00+05:30,transfer,Payment observed,Review payment evidence,TX-100186
EV-TX-100193,SYN-10005,2026-09-23T12:00:00+05:30,transfer,Payment observed,Review payment evidence,TX-100193
EV-TX-100195,SYN-10005,2026-09-26T12:00:00+05:30,transfer,Payment observed,Review payment evidence,TX-100195
EV-TX-100202,SYN-10005,2026-10-23T12:00:00+05:30,transfer,Payment observed,Review payment evidence,TX-100202
EV-TX-100204,SYN-10005,2026-10-26T12:00:00+05:30,transfer,Payment observed,Review payment evidence,TX-100204
EV-TX-100210,SYN-10006,2026-08-02T12:00:00+05:30,transfer,Payment observed,Review payment evidence,TX-100210
EV-TX-100215,SYN-10006,2026-08-21T12:00:00+05:30,transfer,Payment observed,Review payment evidence,TX-100215
EV-TX-100216,SYN-10006,2026-08-22T12:00:00+05:30,transfer,Payment observed,Review payment evidence,TX-100216
EV-TX-100220,SYN-10006,2026-09-02T12:00:00+05:30,transfer,Payment observed,Review payment evidence,TX-100220
EV-TX-100223,SYN-10006,2026-09-11T13:13:00+05:30,transfer,Payment observed,Review payment evidence,TX-100223
EV-TX-100224,SYN-10006,2026-09-11T13:20:00+05:30,transfer,Payment observed,Review payment evidence,TX-100224
EV-TX-100225,SYN-10006,2026-09-11T13:19:00+05:30,transfer,Payment observed,Review payment evidence,TX-100225
EV-TX-100227,SYN-10006,2026-09-20T17:12:00+05:30,transfer,Payment observed,Review payment evidence,TX-100227
EV-TX-100228,SYN-10006,2026-09-20T17:22:00+05:30,transfer,Payment observed,Review payment evidence,TX-100228
EV-TX-100230,SYN-10006,2026-09-21T12:00:00+05:30,transfer,Payment observed,Review payment evidence,TX-100230
EV-TX-100231,SYN-10006,2026-09-22T12:00:00+05:30,transfer,Payment observed,Review payment evidence,TX-100231
EV-TX-100235,SYN-10006,2026-10-02T12:00:00+05:30,transfer,Payment observed,Review payment evidence,TX-100235
EV-TX-100240,SYN-10006,2026-10-21T12:00:00+05:30,transfer,Payment observed,Review payment evidence,TX-100240
EV-TX-100241,SYN-10006,2026-10-22T12:00:00+05:30,transfer,Payment observed,Review payment evidence,TX-100241
EV-TX-100245,SYN-10006,2026-11-02T12:00:00+05:30,transfer,Payment observed,Review payment evidence,TX-100245
EV-TX-100249,SYN-10007,2026-08-02T12:00:00+05:30,transfer,Payment observed,Review payment evidence,TX-100249
EV-TX-100252,SYN-10007,2026-08-13T12:00:00+05:30,transfer,Payment observed,Review payment evidence,TX-100252
EV-TX-100257,SYN-10007,2026-09-02T12:00:00+05:30,transfer,Payment observed,Review payment evidence,TX-100257
EV-TX-100269,SYN-10007,2026-10-02T12:00:00+05:30,transfer,Payment observed,Review payment evidence,TX-100269
EV-TX-100283,SYN-10007,2026-11-02T12:00:00+05:30,transfer,Payment observed,Review payment evidence,TX-100283
EV-TX-100291,SYN-10008,2026-08-25T12:00:00+05:30,transfer,Payment observed,Review payment evidence,TX-100291
EV-TX-100293,SYN-10008,2026-08-26T12:00:00+05:30,transfer,Payment observed,Review payment evidence,TX-100293
EV-TX-100297,SYN-10008,2026-09-14T14:40:00+05:30,transfer,Payment observed,Review payment evidence,TX-100297
EV-TX-100298,SYN-10008,2026-09-14T14:48:00+05:30,transfer,Payment observed,Review payment evidence,TX-100298
EV-TX-100302,SYN-10008,2026-09-25T12:00:00+05:30,transfer,Payment observed,Review payment evidence,TX-100302
EV-TX-100304,SYN-10008,2026-09-26T12:00:00+05:30,transfer,Payment observed,Review payment evidence,TX-100304
EV-TX-100312,SYN-10008,2026-10-25T12:00:00+05:30,transfer,Payment observed,Review payment evidence,TX-100312
EV-TX-100321,SYN-10009,2026-08-07T12:00:00+05:30,transfer,Payment observed,Review payment evidence,TX-100321
EV-TX-100322,SYN-10009,2026-08-08T12:00:00+05:30,transfer,Payment observed,Review payment evidence,TX-100322
EV-TX-100324,SYN-10009,2026-08-13T12:00:00+05:30,transfer,Payment observed,Review payment evidence,TX-100324
EV-TX-100331,SYN-10009,2026-09-07T12:00:00+05:30,transfer,Payment observed,Review payment evidence,TX-100331
EV-TX-100332,SYN-10009,2026-09-08T12:00:00+05:30,transfer,Payment observed,Review payment evidence,TX-100332
EV-TX-100333,SYN-10009,2026-09-08T14:00:00+05:30,transfer,Payment observed,Review payment evidence,TX-100333
EV-TX-100334,SYN-10009,2026-09-08T14:03:00+05:30,transfer,Payment observed,Review payment evidence,TX-100334
EV-TX-100335,SYN-10009,2026-09-08T14:06:00+05:30,transfer,Payment observed,Review payment evidence,TX-100335
EV-TX-100336,SYN-10009,2026-09-08T14:14:00+05:30,transfer,Payment observed,Review payment evidence,TX-100336
EV-TX-100338,SYN-10009,2026-09-13T12:00:00+05:30,transfer,Payment observed,Review payment evidence,TX-100338
EV-TX-100345,SYN-10009,2026-10-07T12:00:00+05:30,transfer,Payment observed,Review payment evidence,TX-100345
EV-TX-100346,SYN-10009,2026-10-08T12:00:00+05:30,transfer,Payment observed,Review payment evidence,TX-100346
EV-TX-100348,SYN-10009,2026-10-13T12:00:00+05:30,transfer,Payment observed,Review payment evidence,TX-100348
EV-TX-100358,SYN-10010,2026-08-04T12:00:00+05:30,transfer,Payment observed,Review payment evidence,TX-100358
EV-TX-100361,SYN-10010,2026-08-16T12:00:00+05:30,transfer,Payment observed,Review payment evidence,TX-100361
EV-TX-100362,SYN-10010,2026-08-20T12:00:00+05:30,transfer,Payment observed,Review payment evidence,TX-100362
EV-TX-100367,SYN-10010,2026-09-04T12:00:00+05:30,transfer,Payment observed,Review payment evidence,TX-100367
EV-TX-100369,SYN-10010,2026-09-11T14:00:00+05:30,transfer,Payment observed,Review payment evidence,TX-100369
EV-TX-100370,SYN-10010,2026-09-11T14:03:00+05:30,transfer,Payment observed,Review payment evidence,TX-100370
EV-TX-100371,SYN-10010,2026-09-11T14:06:00+05:30,transfer,Payment observed,Review payment evidence,TX-100371
EV-TX-100372,SYN-10010,2026-09-11T14:14:00+05:30,transfer,Payment observed,Review payment evidence,TX-100372
EV-TX-100374,SYN-10010,2026-09-16T12:00:00+05:30,transfer,Payment observed,Review payment evidence,TX-100374
EV-TX-100375,SYN-10010,2026-09-18T15:57:00+05:30,transfer,Payment observed,Review payment evidence,TX-100375
EV-TX-100376,SYN-10010,2026-09-18T16:03:00+05:30,transfer,Payment observed,Review payment evidence,TX-100376
EV-TX-100377,SYN-10010,2026-09-20T12:00:00+05:30,transfer,Payment observed,Review payment evidence,TX-100377
EV-TX-100382,SYN-10010,2026-10-04T12:00:00+05:30,transfer,Payment observed,Review payment evidence,TX-100382
EV-TX-100385,SYN-10010,2026-10-16T12:00:00+05:30,transfer,Payment observed,Review payment evidence,TX-100385
EV-TX-100386,SYN-10010,2026-10-20T12:00:00+05:30,transfer,Payment observed,Review payment evidence,TX-100386
EV-TX-100391,SYN-10010,2026-11-04T12:00:00+05:30,transfer,Payment observed,Review payment evidence,TX-100391
EV-TX-100399,SYN-10011,2026-08-24T12:00:00+05:30,transfer,Payment observed,Review payment evidence,TX-100399
EV-TX-100400,SYN-10011,2026-08-25T12:00:00+05:30,transfer,Payment observed,Review payment evidence,TX-100400
EV-TX-100402,SYN-10011,2026-08-28T12:00:00+05:30,transfer,Payment observed,Review payment evidence,TX-100402
EV-TX-100405,SYN-10011,2026-09-08T17:16:00+05:30,transfer,Payment observed,Review payment evidence,TX-100405
EV-TX-100407,SYN-10011,2026-09-14T14:20:00+05:30,transfer,Payment observed,Review payment evidence,TX-100407
EV-TX-100408,SYN-10011,2026-09-14T14:24:00+05:30,transfer,Payment observed,Review payment evidence,TX-100408
EV-TX-100433,SYN-10012,2026-08-09T12:00:00+05:30,transfer,Payment observed,Review payment evidence,TX-100433
EV-TX-100434,SYN-10012,2026-08-10T12:00:00+05:30,transfer,Payment observed,Review payment evidence,TX-100434
EV-TX-100435,SYN-10012,2026-08-12T12:00:00+05:30,transfer,Payment observed,Review payment evidence,TX-100435
EV-TX-100443,SYN-10012,2026-09-09T12:00:00+05:30,transfer,Payment observed,Review payment evidence,TX-100443
EV-TX-100444,SYN-10012,2026-09-10T12:00:00+05:30,transfer,Payment observed,Review payment evidence,TX-100444
EV-TX-100445,SYN-10012,2026-09-10T13:01:00+05:30,transfer,Payment observed,Review payment evidence,TX-100445
EV-TX-100446,SYN-10012,2026-09-10T13:06:00+05:30,transfer,Payment observed,Review payment evidence,TX-100446
EV-TX-100447,SYN-10012,2026-09-10T13:21:00+05:30,transfer,Payment observed,Review payment evidence,TX-100447
EV-TX-100448,SYN-10012,2026-09-12T12:00:00+05:30,transfer,Payment observed,Review payment evidence,TX-100448
EV-TX-100450,SYN-10012,2026-09-19T13:07:00+05:30,transfer,Payment observed,Review payment evidence,TX-100450
EV-TX-100451,SYN-10012,2026-09-19T13:12:00+05:30,transfer,Payment observed,Review payment evidence,TX-100451
EV-TX-100458,SYN-10012,2026-10-09T12:00:00+05:30,transfer,Payment observed,Review payment evidence,TX-100458
EV-TX-100459,SYN-10012,2026-10-10T12:00:00+05:30,transfer,Payment observed,Review payment evidence,TX-100459
EV-TX-100460,SYN-10012,2026-10-12T12:00:00+05:30,transfer,Payment observed,Review payment evidence,TX-100460
EV-TX-100470,SYN-10013,2026-08-05T12:00:00+05:30,transfer,Payment observed,Review payment evidence,TX-100470
EV-TX-100472,SYN-10013,2026-08-13T12:00:00+05:30,transfer,Payment observed,Review payment evidence,TX-100472
EV-TX-100475,SYN-10013,2026-08-21T12:00:00+05:30,transfer,Payment observed,Review payment evidence,TX-100475
EV-TX-100476,SYN-10013,2026-08-25T12:00:00+05:30,transfer,Payment observed,Review payment evidence,TX-100476
EV-TX-100481,SYN-10013,2026-09-05T12:00:00+05:30,transfer,Payment observed,Review payment evidence,TX-100481
EV-TX-100483,SYN-10013,2026-09-13T12:00:00+05:30,transfer,Payment observed,Review payment evidence,TX-100483
EV-TX-100485,SYN-10013,2026-09-15T14:11:00+05:30,transfer,Payment observed,Review payment evidence,TX-100485
EV-TX-100486,SYN-10013,2026-09-15T14:15:00+05:30,transfer,Payment observed,Review payment evidence,TX-100486
EV-TX-100487,SYN-10013,2026-09-15T14:17:00+05:30,transfer,Payment observed,Review payment evidence,TX-100487
EV-TX-100488,SYN-10013,2026-09-17T17:43:00+05:30,transfer,Payment observed,Review payment evidence,TX-100488
EV-TX-100489,SYN-10013,2026-09-17T17:52:00+05:30,transfer,Payment observed,Review payment evidence,TX-100489
EV-TX-100490,SYN-10013,2026-09-20T10:00:00+05:30,transfer,Payment observed,Review payment evidence,TX-100490
EV-TX-100492,SYN-10013,2026-09-21T12:00:00+05:30,transfer,Payment observed,Review payment evidence,TX-100492
EV-TX-100493,SYN-10013,2026-09-25T12:00:00+05:30,transfer,Payment observed,Review payment evidence,TX-100493
EV-TX-100499,SYN-10013,2026-10-05T12:00:00+05:30,transfer,Payment observed,Review payment evidence,TX-100499
EV-TX-100501,SYN-10013,2026-10-13T12:00:00+05:30,transfer,Payment observed,Review payment evidence,TX-100501
EV-TX-100504,SYN-10013,2026-10-21T12:00:00+05:30,transfer,Payment observed,Review payment evidence,TX-100504
EV-TX-100505,SYN-10013,2026-10-25T12:00:00+05:30,transfer,Payment observed,Review payment evidence,TX-100505
EV-TX-100510,SYN-10013,2026-11-05T12:00:00+05:30,transfer,Payment observed,Review payment evidence,TX-100510
EV-TX-100513,SYN-10014,2026-08-02T12:00:00+05:30,transfer,Payment observed,Review payment evidence,TX-100513
EV-TX-100517,SYN-10014,2026-08-16T12:00:00+05:30,transfer,Payment observed,Review payment evidence,TX-100517
EV-TX-100522,SYN-10014,2026-09-02T12:00:00+05:30,transfer,Payment observed,Review payment evidence,TX-100522
EV-TX-100526,SYN-10014,2026-09-16T12:00:00+05:30,transfer,Payment observed,Review payment evidence,TX-100526
EV-TX-100527,SYN-10014,2026-09-18T13:40:00+05:30,transfer,Payment observed,Review payment evidence,TX-100527
EV-TX-100528,SYN-10014,2026-09-18T13:47:00+05:30,transfer,Payment observed,Review payment evidence,TX-100528
EV-TX-100534,SYN-10014,2026-10-02T12:00:00+05:30,transfer,Payment observed,Review payment evidence,TX-100534
EV-TX-100539,SYN-10014,2026-10-16T12:00:00+05:30,transfer,Payment observed,Review payment evidence,TX-100539
EV-TX-100544,SYN-10014,2026-11-02T12:00:00+05:30,transfer,Payment observed,Review payment evidence,TX-100544
EV-TX-100549,SYN-10015,2026-08-07T12:00:00+05:30,transfer,Payment observed,Review payment evidence,TX-100549
EV-TX-100551,SYN-10015,2026-08-12T12:00:00+05:30,transfer,Payment observed,Review payment evidence,TX-100551
EV-TX-100556,SYN-10015,2026-08-27T12:00:00+05:30,transfer,Payment observed,Review payment evidence,TX-100556
EV-TX-100557,SYN-10015,2026-08-28T12:00:00+05:30,transfer,Payment observed,Review payment evidence,TX-100557
EV-TX-100560,SYN-10015,2026-09-07T12:00:00+05:30,transfer,Payment observed,Review payment evidence,TX-100560
EV-TX-100562,SYN-10015,2026-09-12T12:00:00+05:30,transfer,Payment observed,Review payment evidence,TX-100562
EV-TX-100564,SYN-10015,2026-09-16T15:12:00+05:30,transfer,Payment observed,Review payment evidence,TX-100564
EV-TX-100565,SYN-10015,2026-09-16T15:20:00+05:30,transfer,Payment observed,Review payment evidence,TX-100565
EV-TX-100569,SYN-10015,2026-09-27T12:00:00+05:30,transfer,Payment observed,Review payment evidence,TX-100569
EV-TX-100570,SYN-10015,2026-09-28T12:00:00+05:30,transfer,Payment observed,Review payment evidence,TX-100570
EV-TX-100573,SYN-10015,2026-10-07T12:00:00+05:30,transfer,Payment observed,Review payment evidence,TX-100573
EV-TX-100575,SYN-10015,2026-10-12T12:00:00+05:30,transfer,Payment observed,Review payment evidence,TX-100575
EV-TX-100580,SYN-10015,2026-10-27T12:00:00+05:30,transfer,Payment observed,Review payment evidence,TX-100580
EV-TX-100581,SYN-10015,2026-10-28T12:00:00+05:30,transfer,Payment observed,Review payment evidence,TX-100581
EV-TX-100587,SYN-10016,2026-08-08T12:00:00+05:30,transfer,Payment observed,Review payment evidence,TX-100587
EV-TX-100589,SYN-10016,2026-08-13T12:00:00+05:30,transfer,Payment observed,Review payment evidence,TX-100589
EV-TX-100596,SYN-10016,2026-09-08T12:00:00+05:30,transfer,Payment observed,Review payment evidence,TX-100596
EV-TX-100598,SYN-10016,2026-09-13T12:00:00+05:30,transfer,Payment observed,Review payment evidence,TX-100598
EV-TX-100605,SYN-10016,2026-10-08T12:00:00+05:30,transfer,Payment observed,Review payment evidence,TX-100605
EV-TX-100607,SYN-10016,2026-10-13T12:00:00+05:30,transfer,Payment observed,Review payment evidence,TX-100607
EV-TX-100617,SYN-10017,2026-08-05T12:00:00+05:30,transfer,Payment observed,Review payment evidence,TX-100617
EV-TX-100620,SYN-10017,2026-08-18T12:00:00+05:30,transfer,Payment observed,Review payment evidence,TX-100620
EV-TX-100624,SYN-10017,2026-08-28T12:00:00+05:30,transfer,Payment observed,Review payment evidence,TX-100624
EV-TX-100627,SYN-10017,2026-09-05T12:00:00+05:30,transfer,Payment observed,Review payment evidence,TX-100627
EV-TX-100630,SYN-10017,2026-09-18T12:00:00+05:30,transfer,Payment observed,Review payment evidence,TX-100630
EV-TX-100631,SYN-10017,2026-09-18T17:55:00+05:30,transfer,Payment observed,Review payment evidence,TX-100631
EV-TX-100632,SYN-10017,2026-09-18T18:01:00+05:30,transfer,Payment observed,Review payment evidence,TX-100632
EV-TX-100636,SYN-10017,2026-09-28T12:00:00+05:30,transfer,Payment observed,Review payment evidence,TX-100636
EV-TX-100639,SYN-10017,2026-10-05T12:00:00+05:30,transfer,Payment observed,Review payment evidence,TX-100639
EV-TX-100642,SYN-10017,2026-10-18T12:00:00+05:30,transfer,Payment observed,Review payment evidence,TX-100642
EV-TX-100646,SYN-10017,2026-10-28T12:00:00+05:30,transfer,Payment observed,Review payment evidence,TX-100646
EV-TX-100649,SYN-10017,2026-11-05T12:00:00+05:30,transfer,Payment observed,Review payment evidence,TX-100649
EV-TX-100653,SYN-10018,2026-08-08T12:00:00+05:30,transfer,Payment observed,Review payment evidence,TX-100653
EV-TX-100658,SYN-10018,2026-08-26T12:00:00+05:30,transfer,Payment observed,Review payment evidence,TX-100658
EV-TX-100662,SYN-10018,2026-09-08T12:00:00+05:30,transfer,Payment observed,Review payment evidence,TX-100662
EV-TX-100665,SYN-10018,2026-09-16T14:04:00+05:30,transfer,Payment observed,Review payment evidence,TX-100665
EV-TX-100666,SYN-10018,2026-09-16T14:12:00+05:30,transfer,Payment observed,Review payment evidence,TX-100666
EV-TX-100667,SYN-10018,2026-09-16T14:24:00+05:30,transfer,Payment observed,Review payment evidence,TX-100667
EV-TX-100670,SYN-10018,2026-09-26T12:00:00+05:30,transfer,Payment observed,Review payment evidence,TX-100670
EV-TX-100689,SYN-10019,2026-08-09T12:00:00+05:30,transfer,Payment observed,Review payment evidence,TX-100689
EV-TX-100690,SYN-10019,2026-08-11T12:00:00+05:30,transfer,Payment observed,Review payment evidence,TX-100690
EV-TX-100692,SYN-10019,2026-08-16T12:00:00+05:30,transfer,Payment observed,Review payment evidence,TX-100692
EV-TX-100694,SYN-10019,2026-08-25T12:00:00+05:30,transfer,Payment observed,Review payment evidence,TX-100694
EV-TX-100699,SYN-10019,2026-09-09T12:00:00+05:30,transfer,Payment observed,Review payment evidence,TX-100699
EV-TX-100700,SYN-10019,2026-09-11T12:00:00+05:30,transfer,Payment observed,Review payment evidence,TX-100700
EV-TX-100702,SYN-10019,2026-09-16T12:00:00+05:30,transfer,Payment observed,Review payment evidence,TX-100702
EV-TX-100703,SYN-10019,2026-09-16T15:43:00+05:30,transfer,Payment observed,Review payment evidence,TX-100703
EV-TX-100704,SYN-10019,2026-09-16T15:52:00+05:30,transfer,Payment observed,Review payment evidence,TX-100704
EV-TX-100705,SYN-10019,2026-09-16T16:01:00+05:30,transfer,Payment observed,Review payment evidence,TX-100705
EV-TX-100707,SYN-10019,2026-09-25T12:00:00+05:30,transfer,Payment observed,Review payment evidence,TX-100707
EV-TX-100713,SYN-10019,2026-10-09T12:00:00+05:30,transfer,Payment observed,Review payment evidence,TX-100713
EV-TX-100714,SYN-10019,2026-10-11T12:00:00+05:30,transfer,Payment observed,Review payment evidence,TX-100714
EV-TX-100716,SYN-10019,2026-10-16T12:00:00+05:30,transfer,Payment observed,Review payment evidence,TX-100716
EV-TX-100718,SYN-10019,2026-10-25T12:00:00+05:30,transfer,Payment observed,Review payment evidence,TX-100718
EV-TX-100728,SYN-10020,2026-08-09T12:00:00+05:30,transfer,Payment observed,Review payment evidence,TX-100728
EV-TX-100730,SYN-10020,2026-08-17T12:00:00+05:30,transfer,Payment observed,Review payment evidence,TX-100730
EV-TX-100732,SYN-10020,2026-08-23T12:00:00+05:30,transfer,Payment observed,Review payment evidence,TX-100732
EV-TX-100737,SYN-10020,2026-09-09T12:00:00+05:30,transfer,Payment observed,Review payment evidence,TX-100737
EV-TX-100739,SYN-10020,2026-09-17T12:00:00+05:30,transfer,Payment observed,Review payment evidence,TX-100739
EV-TX-100740,SYN-10020,2026-09-18T13:54:00+05:30,transfer,Payment observed,Review payment evidence,TX-100740
EV-TX-100741,SYN-10020,2026-09-18T14:02:00+05:30,transfer,Payment observed,Review payment evidence,TX-100741
EV-TX-100743,SYN-10020,2026-09-23T12:00:00+05:30,transfer,Payment observed,Review payment evidence,TX-100743
EV-TX-100748,SYN-10020,2026-10-09T12:00:00+05:30,transfer,Payment observed,Review payment evidence,TX-100748
EV-TX-100750,SYN-10020,2026-10-17T12:00:00+05:30,transfer,Payment observed,Review payment evidence,TX-100750
EV-TX-100759,SYN-10021,2026-08-04T12:00:00+05:30,transfer,Payment observed,Review payment evidence,TX-100759
EV-TX-100760,SYN-10021,2026-08-08T12:00:00+05:30,transfer,Payment observed,Review payment evidence,TX-100760
EV-TX-100762,SYN-10021,2026-08-11T12:00:00+05:30,transfer,Payment observed,Review payment evidence,TX-100762
EV-TX-100764,SYN-10021,2026-08-18T12:00:00+05:30,transfer,Payment observed,Review payment evidence,TX-100764
EV-TX-100771,SYN-10021,2026-09-04T12:00:00+05:30,transfer,Payment observed,Review payment evidence,TX-100771
EV-TX-100772,SYN-10021,2026-09-08T12:00:00+05:30,transfer,Payment observed,Review payment evidence,TX-100772
EV-TX-100774,SYN-10021,2026-09-11T12:00:00+05:30,transfer,Payment observed,Review payment evidence,TX-100774
EV-TX-100776,SYN-10021,2026-09-18T12:00:00+05:30,transfer,Payment observed,Review payment evidence,TX-100776
EV-TX-100777,SYN-10021,2026-09-18T14:00:00+05:30,transfer,Payment observed,Review payment evidence,TX-100777
EV-TX-100778,SYN-10021,2026-09-18T14:03:00+05:30,transfer,Payment observed,Review payment evidence,TX-100778
EV-TX-100779,SYN-10021,2026-09-18T14:06:00+05:30,transfer,Payment observed,Review payment evidence,TX-100779
EV-TX-100780,SYN-10021,2026-09-18T14:14:00+05:30,transfer,Payment observed,Review payment evidence,TX-100780
EV-TX-100787,SYN-10021,2026-10-04T12:00:00+05:30,transfer,Payment observed,Review payment evidence,TX-100787
EV-TX-100788,SYN-10021,2026-10-08T12:00:00+05:30,transfer,Payment observed,Review payment evidence,TX-100788
EV-TX-100790,SYN-10021,2026-10-11T12:00:00+05:30,transfer,Payment observed,Review payment evidence,TX-100790
EV-TX-100792,SYN-10021,2026-10-18T12:00:00+05:30,transfer,Payment observed,Review payment evidence,TX-100792
EV-TX-100800,SYN-10021,2026-11-04T12:00:00+05:30,transfer,Payment observed,Review payment evidence,TX-100800
EV-TX-100804,SYN-10022,2026-08-06T12:00:00+05:30,transfer,Payment observed,Review payment evidence,TX-100804
EV-TX-100807,SYN-10022,2026-08-19T12:00:00+05:30,transfer,Payment observed,Review payment evidence,TX-100807
EV-TX-100813,SYN-10022,2026-09-06T12:00:00+05:30,transfer,Payment observed,Review payment evidence,TX-100813
EV-TX-100814,SYN-10022,2026-09-08T14:00:00+05:30,transfer,Payment observed,Review payment evidence,TX-100814
EV-TX-100815,SYN-10022,2026-09-08T14:03:00+05:30,transfer,Payment observed,Review payment evidence,TX-100815
EV-TX-100816,SYN-10022,2026-09-08T14:06:00+05:30,transfer,Payment observed,Review payment evidence,TX-100816
EV-TX-100817,SYN-10022,2026-09-08T14:14:00+05:30,transfer,Payment observed,Review payment evidence,TX-100817
EV-TX-100820,SYN-10022,2026-09-19T12:00:00+05:30,transfer,Payment observed,Review payment evidence,TX-100820
EV-TX-100826,SYN-10022,2026-10-06T12:00:00+05:30,transfer,Payment observed,Review payment evidence,TX-100826
EV-TX-100829,SYN-10022,2026-10-19T12:00:00+05:30,transfer,Payment observed,Review payment evidence,TX-100829
EV-TX-100838,SYN-10023,2026-08-04T12:00:00+05:30,transfer,Payment observed,Review payment evidence,TX-100838
EV-TX-100841,SYN-10023,2026-08-18T12:00:00+05:30,transfer,Payment observed,Review payment evidence,TX-100841
EV-TX-100847,SYN-10023,2026-09-04T12:00:00+05:30,transfer,Payment observed,Review payment evidence,TX-100847
EV-TX-100849,SYN-10023,2026-09-11T14:54:00+05:30,transfer,Payment observed,Review payment evidence,TX-100849
EV-TX-100850,SYN-10023,2026-09-11T15:04:00+05:30,transfer,Payment observed,Review payment evidence,TX-100850
EV-TX-100852,SYN-10023,2026-09-17T16:14:00+05:30,transfer,Payment observed,Review payment evidence,TX-100852
EV-TX-100853,SYN-10023,2026-09-18T12:00:00+05:30,transfer,Payment observed,Review payment evidence,TX-100853
EV-TX-100861,SYN-10023,2026-10-04T12:00:00+05:30,transfer,Payment observed,Review payment evidence,TX-100861
EV-TX-100864,SYN-10023,2026-10-18T12:00:00+05:30,transfer,Payment observed,Review payment evidence,TX-100864
EV-TX-100870,SYN-10023,2026-11-04T12:00:00+05:30,transfer,Payment observed,Review payment evidence,TX-100870
EV-TX-100873,SYN-10024,2026-08-05T12:00:00+05:30,transfer,Payment observed,Review payment evidence,TX-100873
EV-TX-100875,SYN-10024,2026-08-11T12:00:00+05:30,transfer,Payment observed,Review payment evidence,TX-100875
EV-TX-100878,SYN-10024,2026-08-21T12:00:00+05:30,transfer,Payment observed,Review payment evidence,TX-100878
EV-TX-100879,SYN-10024,2026-08-25T12:00:00+05:30,transfer,Payment observed,Review payment evidence,TX-100879
EV-TX-100884,SYN-10024,2026-09-05T12:00:00+05:30,transfer,Payment observed,Review payment evidence,TX-100884
EV-TX-100886,SYN-10024,2026-09-11T12:00:00+05:30,transfer,Payment observed,Review payment evidence,TX-100886
EV-TX-100887,SYN-10024,2026-09-12T17:06:00+05:30,transfer,Payment observed,Review payment evidence,TX-100887
EV-TX-100888,SYN-10024,2026-09-12T17:11:00+05:30,transfer,Payment observed,Review payment evidence,TX-100888
EV-TX-100891,SYN-10024,2026-09-21T12:00:00+05:30,transfer,Payment observed,Review payment evidence,TX-100891
EV-TX-100892,SYN-10024,2026-09-25T12:00:00+05:30,transfer,Payment observed,Review payment evidence,TX-100892
EV-TX-100897,SYN-10024,2026-10-05T12:00:00+05:30,transfer,Payment observed,Review payment evidence,TX-100897
EV-TX-100899,SYN-10024,2026-10-11T12:00:00+05:30,transfer,Payment observed,Review payment evidence,TX-100899
EV-TX-100902,SYN-10024,2026-10-21T12:00:00+05:30,transfer,Payment observed,Review payment evidence,TX-100902
EV-TX-100903,SYN-10024,2026-10-25T12:00:00+05:30,transfer,Payment observed,Review payment evidence,TX-100903
EV-TX-100908,SYN-10024,2026-11-05T12:00:00+05:30,transfer,Payment observed,Review payment evidence,TX-100908
EV-TX-100912,SYN-10025,2026-08-03T12:00:00+05:30,transfer,Payment observed,Review payment evidence,TX-100912
EV-TX-100914,SYN-10025,2026-08-10T12:00:00+05:30,transfer,Payment observed,Review payment evidence,TX-100914
EV-TX-100915,SYN-10025,2026-08-13T12:00:00+05:30,transfer,Payment observed,Review payment evidence,TX-100915
EV-TX-100920,SYN-10025,2026-08-27T12:00:00+05:30,transfer,Payment observed,Review payment evidence,TX-100920
EV-TX-100923,SYN-10025,2026-09-03T12:00:00+05:30,transfer,Payment observed,Review payment evidence,TX-100923
EV-TX-100925,SYN-10025,2026-09-10T12:00:00+05:30,transfer,Payment observed,Review payment evidence,TX-100925
EV-TX-100926,SYN-10025,2026-09-13T12:00:00+05:30,transfer,Payment observed,Review payment evidence,TX-100926
EV-TX-100928,SYN-10025,2026-09-17T15:03:00+05:30,transfer,Payment observed,Review payment evidence,TX-100928
EV-TX-100929,SYN-10025,2026-09-17T15:09:00+05:30,transfer,Payment observed,Review payment evidence,TX-100929
EV-TX-100930,SYN-10025,2026-09-17T15:15:00+05:30,transfer,Payment observed,Review payment evidence,TX-100930
EV-TX-100931,SYN-10025,2026-09-20T10:00:00+05:30,transfer,Payment observed,Review payment evidence,TX-100931
EV-TX-100935,SYN-10025,2026-09-27T12:00:00+05:30,transfer,Payment observed,Review payment evidence,TX-100935
EV-TX-100938,SYN-10025,2026-10-03T12:00:00+05:30,transfer,Payment observed,Review payment evidence,TX-100938
EV-TX-100940,SYN-10025,2026-10-10T12:00:00+05:30,transfer,Payment observed,Review payment evidence,TX-100940
EV-TX-100941,SYN-10025,2026-10-13T12:00:00+05:30,transfer,Payment observed,Review payment evidence,TX-100941
EV-TX-100946,SYN-10025,2026-10-27T12:00:00+05:30,transfer,Payment observed,Review payment evidence,TX-100946
EV-TX-100949,SYN-10025,2026-11-03T12:00:00+05:30,transfer,Payment observed,Review payment evidence,TX-100949
EV-TX-100952,SYN-10026,2026-08-08T12:00:00+05:30,transfer,Payment observed,Review payment evidence,TX-100952
EV-TX-100955,SYN-10026,2026-08-16T12:00:00+05:30,transfer,Payment observed,Review payment evidence,TX-100955
EV-TX-100957,SYN-10026,2026-08-21T12:00:00+05:30,transfer,Payment observed,Review payment evidence,TX-100957
EV-TX-100959,SYN-10026,2026-08-23T12:00:00+05:30,transfer,Payment observed,Review payment evidence,TX-100959
EV-TX-100963,SYN-10026,2026-09-08T12:00:00+05:30,transfer,Payment observed,Review payment evidence,TX-100963
EV-TX-100964,SYN-10026,2026-09-08T15:01:00+05:30,transfer,Payment observed,Review payment evidence,TX-100964
EV-TX-100967,SYN-10026,2026-09-16T12:00:00+05:30,transfer,Payment observed,Review payment evidence,TX-100967
EV-TX-100969,SYN-10026,2026-09-21T12:00:00+05:30,transfer,Payment observed,Review payment evidence,TX-100969
EV-TX-100971,SYN-10026,2026-09-23T12:00:00+05:30,transfer,Payment observed,Review payment evidence,TX-100971
EV-TX-100976,SYN-10026,2026-10-08T12:00:00+05:30,transfer,Payment observed,Review payment evidence,TX-100976
EV-TX-100979,SYN-10026,2026-10-16T12:00:00+05:30,transfer,Payment observed,Review payment evidence,TX-100979
EV-TX-100981,SYN-10026,2026-10-21T12:00:00+05:30,transfer,Payment observed,Review payment evidence,TX-100981
EV-TX-100983,SYN-10026,2026-10-23T12:00:00+05:30,transfer,Payment observed,Review payment evidence,TX-100983
EV-TX-100990,SYN-10027,2026-08-10T12:00:00+05:30,transfer,Payment observed,Review payment evidence,TX-100990
EV-TX-100992,SYN-10027,2026-08-15T12:00:00+05:30,transfer,Payment observed,Review payment evidence,TX-100992
EV-TX-100993,SYN-10027,2026-08-16T12:00:00+05:30,transfer,Payment observed,Review payment evidence,TX-100993
EV-TX-101001,SYN-10027,2026-09-10T12:00:00+05:30,transfer,Payment observed,Review payment evidence,TX-101001
EV-TX-101003,SYN-10027,2026-09-15T12:00:00+05:30,transfer,Payment observed,Review payment evidence,TX-101003
EV-TX-101004,SYN-10027,2026-09-16T12:00:00+05:30,transfer,Payment observed,Review payment evidence,TX-101004
EV-TX-101005,SYN-10027,2026-09-16T14:33:00+05:30,transfer,Payment observed,Review payment evidence,TX-101005
EV-TX-101006,SYN-10027,2026-09-16T14:42:00+05:30,transfer,Payment observed,Review payment evidence,TX-101006
EV-TX-101007,SYN-10027,2026-09-16T14:47:00+05:30,transfer,Payment observed,Review payment evidence,TX-101007
EV-TX-101008,SYN-10027,2026-09-16T13:10:00+05:30,transfer,Payment observed,Review payment evidence,TX-101008
EV-TX-101009,SYN-10027,2026-09-16T13:18:00+05:30,transfer,Payment observed,Review payment evidence,TX-101009
EV-TX-101030,SYN-10028,2026-08-02T12:00:00+05:30,transfer,Payment observed,Review payment evidence,TX-101030
EV-TX-101035,SYN-10028,2026-08-11T12:00:00+05:30,transfer,Payment observed,Review payment evidence,TX-101035
EV-TX-101037,SYN-10028,2026-08-19T12:00:00+05:30,transfer,Payment observed,Review payment evidence,TX-101037
EV-TX-101039,SYN-10028,2026-08-24T12:00:00+05:30,transfer,Payment observed,Review payment evidence,TX-101039
EV-TX-101041,SYN-10028,2026-09-02T12:00:00+05:30,transfer,Payment observed,Review payment evidence,TX-101041
EV-TX-101047,SYN-10028,2026-09-11T12:00:00+05:30,transfer,Payment observed,Review payment evidence,TX-101047
EV-TX-101049,SYN-10028,2026-09-17T16:47:00+05:30,transfer,Payment observed,Review payment evidence,TX-101049
EV-TX-101050,SYN-10028,2026-09-17T16:52:00+05:30,transfer,Payment observed,Review payment evidence,TX-101050
EV-TX-101051,SYN-10028,2026-09-19T12:00:00+05:30,transfer,Payment observed,Review payment evidence,TX-101051
EV-TX-101061,SYN-10028,2026-10-11T12:00:00+05:30,transfer,Payment observed,Review payment evidence,TX-101061
EV-TX-101063,SYN-10028,2026-10-19T12:00:00+05:30,transfer,Payment observed,Review payment evidence,TX-101063
EV-TX-101065,SYN-10028,2026-10-24T12:00:00+05:30,transfer,Payment observed,Review payment evidence,TX-101065
EV-TX-101068,SYN-10028,2026-11-02T12:00:00+05:30,transfer,Payment observed,Review payment evidence,TX-101068
EV-TX-101078,SYN-10029,2026-08-18T12:00:00+05:30,transfer,Payment observed,Review payment evidence,TX-101078
EV-TX-101079,SYN-10029,2026-08-19T12:00:00+05:30,transfer,Payment observed,Review payment evidence,TX-101079
EV-TX-101080,SYN-10029,2026-08-20T12:00:00+05:30,transfer,Payment observed,Review payment evidence,TX-101080
EV-TX-101089,SYN-10029,2026-09-18T12:00:00+05:30,transfer,Payment observed,Review payment evidence,TX-101089
EV-TX-101090,SYN-10029,2026-09-19T12:00:00+05:30,transfer,Payment observed,Review payment evidence,TX-101090
EV-TX-101091,SYN-10029,2026-09-20T12:00:00+05:30,transfer,Payment observed,Review payment evidence,TX-101091
EV-TX-101099,SYN-10029,2026-10-18T12:00:00+05:30,transfer,Payment observed,Review payment evidence,TX-101099
EV-TX-101100,SYN-10029,2026-10-19T12:00:00+05:30,transfer,Payment observed,Review payment evidence,TX-101100
EV-TX-101101,SYN-10029,2026-10-20T12:00:00+05:30,transfer,Payment observed,Review payment evidence,TX-101101
EV-TX-101112,SYN-10030,2026-08-03T12:00:00+05:30,transfer,Payment observed,Review payment evidence,TX-101112
EV-TX-101114,SYN-10030,2026-08-10T12:00:00+05:30,transfer,Payment observed,Review payment evidence,TX-101114
EV-TX-101116,SYN-10030,2026-08-15T12:00:00+05:30,transfer,Payment observed,Review payment evidence,TX-101116
EV-TX-101118,SYN-10030,2026-08-22T12:00:00+05:30,transfer,Payment observed,Review payment evidence,TX-101118
EV-TX-101123,SYN-10030,2026-09-03T12:00:00+05:30,transfer,Payment observed,Review payment evidence,TX-101123
EV-TX-101125,SYN-10030,2026-09-10T12:00:00+05:30,transfer,Payment observed,Review payment evidence,TX-101125
EV-TX-101126,SYN-10030,2026-09-13T15:38:00+05:30,transfer,Payment observed,Review payment evidence,TX-101126
EV-TX-101127,SYN-10030,2026-09-13T15:41:00+05:30,transfer,Payment observed,Review payment evidence,TX-101127
EV-TX-101128,SYN-10030,2026-09-13T17:06:00+05:30,transfer,Payment observed,Review payment evidence,TX-101128
EV-TX-101137,SYN-10030,2026-10-03T12:00:00+05:30,transfer,Payment observed,Review payment evidence,TX-101137
EV-TX-101139,SYN-10030,2026-10-10T12:00:00+05:30,transfer,Payment observed,Review payment evidence,TX-101139
EV-TX-101141,SYN-10030,2026-10-15T12:00:00+05:30,transfer,Payment observed,Review payment evidence,TX-101141
EV-TX-101148,SYN-10030,2026-11-03T12:00:00+05:30,transfer,Payment observed,Review payment evidence,TX-101148
EV-TX-101151,SYN-10031,2026-08-05T12:00:00+05:30,transfer,Payment observed,Review payment evidence,TX-101151
EV-TX-101152,SYN-10031,2026-08-08T12:00:00+05:30,transfer,Payment observed,Review payment evidence,TX-101152
EV-TX-101158,SYN-10031,2026-08-24T12:00:00+05:30,transfer,Payment observed,Review payment evidence,TX-101158
EV-TX-101160,SYN-10031,2026-08-26T12:00:00+05:30,transfer,Payment observed,Review payment evidence,TX-101160
EV-TX-101174,SYN-10031,2026-10-05T12:00:00+05:30,transfer,Payment observed,Review payment evidence,TX-101174
EV-TX-101177,SYN-10031,2026-10-08T12:00:00+05:30,transfer,Payment observed,Review payment evidence,TX-101177
EV-TX-101181,SYN-10031,2026-11-05T12:00:00+05:30,transfer,Payment observed,Review payment evidence,TX-101181
EV-TX-101185,SYN-10032,2026-08-06T12:00:00+05:30,transfer,Payment observed,Review payment evidence,TX-101185
EV-TX-101188,SYN-10032,2026-08-19T12:00:00+05:30,transfer,Payment observed,Review payment evidence,TX-101188
EV-TX-101190,SYN-10032,2026-08-24T12:00:00+05:30,transfer,Payment observed,Review payment evidence,TX-101190
EV-TX-101193,SYN-10032,2026-08-26T12:00:00+05:30,transfer,Payment observed,Review payment evidence,TX-101193
EV-TX-101196,SYN-10032,2026-09-06T12:00:00+05:30,transfer,Payment observed,Review payment evidence,TX-101196
EV-TX-101198,SYN-10032,2026-09-14T14:05:00+05:30,transfer,Payment observed,Review payment evidence,TX-101198
EV-TX-101199,SYN-10032,2026-09-14T14:13:00+05:30,transfer,Payment observed,Review payment evidence,TX-101199
EV-TX-101200,SYN-10032,2026-09-14T14:21:00+05:30,transfer,Payment observed,Review payment evidence,TX-101200
EV-TX-101202,SYN-10032,2026-09-19T12:00:00+05:30,transfer,Payment observed,Review payment evidence,TX-101202
EV-TX-101210,SYN-10032,2026-10-06T12:00:00+05:30,transfer,Payment observed,Review payment evidence,TX-101210
EV-TX-101213,SYN-10032,2026-10-19T12:00:00+05:30,transfer,Payment observed,Review payment evidence,TX-101213
EV-TX-101215,SYN-10032,2026-10-24T12:00:00+05:30,transfer,Payment observed,Review payment evidence,TX-101215
EV-TX-101225,SYN-10033,2026-08-12T12:00:00+05:30,transfer,Payment observed,Review payment evidence,TX-101225
EV-TX-101227,SYN-10033,2026-08-19T12:00:00+05:30,transfer,Payment observed,Review payment evidence,TX-101227
EV-TX-101234,SYN-10033,2026-09-12T12:00:00+05:30,transfer,Payment observed,Review payment evidence,TX-101234
EV-TX-101236,SYN-10033,2026-09-19T12:00:00+05:30,transfer,Payment observed,Review payment evidence,TX-101236
EV-TX-101237,SYN-10033,2026-09-20T14:00:00+05:30,transfer,Payment observed,Review payment evidence,TX-101237
EV-TX-101238,SYN-10033,2026-09-20T14:03:00+05:30,transfer,Payment observed,Review payment evidence,TX-101238
EV-TX-101239,SYN-10033,2026-09-20T14:06:00+05:30,transfer,Payment observed,Review payment evidence,TX-101239
EV-TX-101240,SYN-10033,2026-09-20T14:14:00+05:30,transfer,Payment observed,Review payment evidence,TX-101240
EV-TX-101247,SYN-10033,2026-10-12T12:00:00+05:30,transfer,Payment observed,Review payment evidence,TX-101247
EV-TX-101249,SYN-10033,2026-10-19T12:00:00+05:30,transfer,Payment observed,Review payment evidence,TX-101249
EV-TX-101258,SYN-10034,2026-08-06T12:00:00+05:30,transfer,Payment observed,Review payment evidence,TX-101258
EV-TX-101260,SYN-10034,2026-08-10T12:00:00+05:30,transfer,Payment observed,Review payment evidence,TX-101260
EV-TX-101261,SYN-10034,2026-08-11T12:00:00+05:30,transfer,Payment observed,Review payment evidence,TX-101261
EV-TX-101265,SYN-10034,2026-08-26T12:00:00+05:30,transfer,Payment observed,Review payment evidence,TX-101265
EV-TX-101269,SYN-10034,2026-09-06T12:00:00+05:30,transfer,Payment observed,Review payment evidence,TX-101269
EV-TX-101271,SYN-10034,2026-09-10T12:00:00+05:30,transfer,Payment observed,Review payment evidence,TX-101271
EV-TX-101272,SYN-10034,2026-09-11T12:00:00+05:30,transfer,Payment observed,Review payment evidence,TX-101272
EV-TX-101274,SYN-10034,2026-09-16T14:00:00+05:30,transfer,Payment observed,Review payment evidence,TX-101274
EV-TX-101275,SYN-10034,2026-09-16T14:03:00+05:30,transfer,Payment observed,Review payment evidence,TX-101275
EV-TX-101276,SYN-10034,2026-09-16T14:06:00+05:30,transfer,Payment observed,Review payment evidence,TX-101276
EV-TX-101277,SYN-10034,2026-09-16T14:14:00+05:30,transfer,Payment observed,Review payment evidence,TX-101277
EV-TX-101280,SYN-10034,2026-09-26T12:00:00+05:30,transfer,Payment observed,Review payment evidence,TX-101280
EV-TX-101284,SYN-10034,2026-10-06T12:00:00+05:30,transfer,Payment observed,Review payment evidence,TX-101284
EV-TX-101286,SYN-10034,2026-10-10T12:00:00+05:30,transfer,Payment observed,Review payment evidence,TX-101286
EV-TX-101287,SYN-10034,2026-10-11T12:00:00+05:30,transfer,Payment observed,Review payment evidence,TX-101287
EV-TX-101291,SYN-10034,2026-10-26T12:00:00+05:30,transfer,Payment observed,Review payment evidence,TX-101291
EV-TX-101297,SYN-10035,2026-08-02T12:00:00+05:30,transfer,Payment observed,Review payment evidence,TX-101297
EV-TX-101302,SYN-10035,2026-08-22T12:00:00+05:30,transfer,Payment observed,Review payment evidence,TX-101302
EV-TX-101303,SYN-10035,2026-08-25T12:00:00+05:30,transfer,Payment observed,Review payment evidence,TX-101303
EV-TX-101307,SYN-10035,2026-09-02T12:00:00+05:30,transfer,Payment observed,Review payment evidence,TX-101307
EV-TX-101310,SYN-10035,2026-09-11T16:45:00+05:30,transfer,Payment observed,Review payment evidence,TX-101310
EV-TX-101311,SYN-10035,2026-09-11T16:52:00+05:30,transfer,Payment observed,Review payment evidence,TX-101311
EV-TX-101312,SYN-10035,2026-09-11T16:53:00+05:30,transfer,Payment observed,Review payment evidence,TX-101312
EV-TX-101314,SYN-10035,2026-09-16T14:29:00+05:30,transfer,Payment observed,Review payment evidence,TX-101314
EV-TX-101315,SYN-10035,2026-09-16T14:36:00+05:30,transfer,Payment observed,Review payment evidence,TX-101315
EV-TX-101317,SYN-10035,2026-09-22T12:00:00+05:30,transfer,Payment observed,Review payment evidence,TX-101317
EV-TX-101318,SYN-10035,2026-09-22T15:30:00+05:30,transfer,Payment observed,Review payment evidence,TX-101318
EV-TX-101319,SYN-10035,2026-09-22T15:36:00+05:30,transfer,Payment observed,Review payment evidence,TX-101319
EV-TX-101320,SYN-10035,2026-09-22T15:50:00+05:30,transfer,Payment observed,Review payment evidence,TX-101320
EV-TX-101321,SYN-10035,2026-09-25T12:00:00+05:30,transfer,Payment observed,Review payment evidence,TX-101321
EV-TX-101325,SYN-10035,2026-10-02T12:00:00+05:30,transfer,Payment observed,Review payment evidence,TX-101325
EV-TX-101331,SYN-10035,2026-10-22T12:00:00+05:30,transfer,Payment observed,Review payment evidence,TX-101331
EV-TX-101332,SYN-10035,2026-10-25T12:00:00+05:30,transfer,Payment observed,Review payment evidence,TX-101332
EV-TX-101336,SYN-10035,2026-11-02T12:00:00+05:30,transfer,Payment observed,Review payment evidence,TX-101336
EV-TX-101341,SYN-10036,2026-08-03T12:00:00+05:30,transfer,Payment observed,Review payment evidence,TX-101341
EV-TX-101343,SYN-10036,2026-08-08T12:00:00+05:30,transfer,Payment observed,Review payment evidence,TX-101343
EV-TX-101348,SYN-10036,2026-08-25T12:00:00+05:30,transfer,Payment observed,Review payment evidence,TX-101348
EV-TX-101350,SYN-10036,2026-08-26T12:00:00+05:30,transfer,Payment observed,Review payment evidence,TX-101350
EV-TX-101352,SYN-10036,2026-09-03T12:00:00+05:30,transfer,Payment observed,Review payment evidence,TX-101352
EV-TX-101354,SYN-10036,2026-09-08T12:00:00+05:30,transfer,Payment observed,Review payment evidence,TX-101354
EV-TX-101357,SYN-10036,2026-09-16T15:48:00+05:30,transfer,Payment observed,Review payment evidence,TX-101357
EV-TX-101358,SYN-10036,2026-09-16T15:53:00+05:30,transfer,Payment observed,Review payment evidence,TX-101358
EV-TX-101359,SYN-10036,2026-09-18T16:25:00+05:30,transfer,Payment observed,Review payment evidence,TX-101359
EV-TX-101360,SYN-10036,2026-09-18T16:28:00+05:30,transfer,Payment observed,Review payment evidence,TX-101360
EV-TX-101363,SYN-10036,2026-09-25T12:00:00+05:30,transfer,Payment observed,Review payment evidence,TX-101363
EV-TX-101365,SYN-10036,2026-09-26T12:00:00+05:30,transfer,Payment observed,Review payment evidence,TX-101365
EV-TX-101367,SYN-10036,2026-10-03T12:00:00+05:30,transfer,Payment observed,Review payment evidence,TX-101367
EV-TX-101369,SYN-10036,2026-10-08T12:00:00+05:30,transfer,Payment observed,Review payment evidence,TX-101369
EV-TX-101374,SYN-10036,2026-10-25T12:00:00+05:30,transfer,Payment observed,Review payment evidence,TX-101374
EV-TX-101376,SYN-10036,2026-10-26T12:00:00+05:30,transfer,Payment observed,Review payment evidence,TX-101376
EV-TX-101378,SYN-10036,2026-11-03T12:00:00+05:30,transfer,Payment observed,Review payment evidence,TX-101378
EV-TX-101384,SYN-10037,2026-08-13T12:00:00+05:30,transfer,Payment observed,Review payment evidence,TX-101384
EV-TX-101386,SYN-10037,2026-08-15T12:00:00+05:30,transfer,Payment observed,Review payment evidence,TX-101386
EV-TX-101392,SYN-10037,2026-09-08T15:59:00+05:30,transfer,Payment observed,Review payment evidence,TX-101392
EV-TX-101393,SYN-10037,2026-09-08T16:07:00+05:30,transfer,Payment observed,Review payment evidence,TX-101393
EV-TX-101395,SYN-10037,2026-09-11T10:00:00+05:30,transfer,Payment observed,Review payment evidence,TX-101395
EV-TX-101396,SYN-10037,2026-09-13T12:00:00+05:30,transfer,Payment observed,Review payment evidence,TX-101396
EV-TX-101398,SYN-10037,2026-09-15T12:00:00+05:30,transfer,Payment observed,Review payment evidence,TX-101398
EV-TX-101405,SYN-10037,2026-10-13T12:00:00+05:30,transfer,Payment observed,Review payment evidence,TX-101405
EV-TX-101407,SYN-10037,2026-10-15T12:00:00+05:30,transfer,Payment observed,Review payment evidence,TX-101407
EV-TX-101415,SYN-10038,2026-08-07T12:00:00+05:30,transfer,Payment observed,Review payment evidence,TX-101415
EV-TX-101418,SYN-10038,2026-08-15T12:00:00+05:30,transfer,Payment observed,Review payment evidence,TX-101418
EV-TX-101419,SYN-10038,2026-08-20T12:00:00+05:30,transfer,Payment observed,Review payment evidence,TX-101419
EV-TX-101425,SYN-10038,2026-09-07T12:00:00+05:30,transfer,Payment observed,Review payment evidence,TX-101425
EV-TX-101427,SYN-10038,2026-09-13T16:16:00+05:30,transfer,Payment observed,Review payment evidence,TX-101427
EV-TX-101428,SYN-10038,2026-09-13T16:19:00+05:30,transfer,Payment observed,Review payment evidence,TX-101428
EV-TX-101429,SYN-10038,2026-09-13T16:28:00+05:30,transfer,Payment observed,Review payment evidence,TX-101429
EV-TX-101431,SYN-10038,2026-09-15T12:00:00+05:30,transfer,Payment observed,Review payment evidence,TX-101431
EV-TX-101432,SYN-10038,2026-09-19T13:10:00+05:30,transfer,Payment observed,Review payment evidence,TX-101432
EV-TX-101433,SYN-10038,2026-09-19T13:19:00+05:30,transfer,Payment observed,Review payment evidence,TX-101433
EV-TX-101434,SYN-10038,2026-09-20T12:00:00+05:30,transfer,Payment observed,Review payment evidence,TX-101434
EV-TX-101442,SYN-10038,2026-10-07T12:00:00+05:30,transfer,Payment observed,Review payment evidence,TX-101442
EV-TX-101445,SYN-10038,2026-10-15T12:00:00+05:30,transfer,Payment observed,Review payment evidence,TX-101445
EV-TX-101446,SYN-10038,2026-10-20T12:00:00+05:30,transfer,Payment observed,Review payment evidence,TX-101446
EV-TX-101456,SYN-10039,2026-08-08T12:00:00+05:30,transfer,Payment observed,Review payment evidence,TX-101456
EV-TX-101460,SYN-10039,2026-08-21T12:00:00+05:30,transfer,Payment observed,Review payment evidence,TX-101460
EV-TX-101465,SYN-10039,2026-09-08T12:00:00+05:30,transfer,Payment observed,Review payment evidence,TX-101465
EV-TX-101467,SYN-10039,2026-09-09T15:00:00+05:30,transfer,Payment observed,Review payment evidence,TX-101467
EV-TX-101468,SYN-10039,2026-09-09T15:09:00+05:30,transfer,Payment observed,Review payment evidence,TX-101468
EV-TX-101471,SYN-10039,2026-09-21T12:00:00+05:30,transfer,Payment observed,Review payment evidence,TX-101471
EV-TX-101476,SYN-10039,2026-10-08T12:00:00+05:30,transfer,Payment observed,Review payment evidence,TX-101476
EV-TX-101480,SYN-10039,2026-10-21T12:00:00+05:30,transfer,Payment observed,Review payment evidence,TX-101480
EV-TX-101490,SYN-10040,2026-08-17T12:00:00+05:30,transfer,Payment observed,Review payment evidence,TX-101490
EV-TX-101492,SYN-10040,2026-08-25T12:00:00+05:30,transfer,Payment observed,Review payment evidence,TX-101492
EV-TX-101498,SYN-10040,2026-09-17T12:00:00+05:30,transfer,Payment observed,Review payment evidence,TX-101498
EV-TX-101500,SYN-10040,2026-09-25T12:00:00+05:30,transfer,Payment observed,Review payment evidence,TX-101500
EV-TX-101506,SYN-10040,2026-10-17T12:00:00+05:30,transfer,Payment observed,Review payment evidence,TX-101506
EV-TX-101508,SYN-10040,2026-10-25T12:00:00+05:30,transfer,Payment observed,Review payment evidence,TX-101508
EV-TX-101513,SYN-10041,2026-08-02T12:00:00+05:30,transfer,Payment observed,Review payment evidence,TX-101513
EV-TX-101516,SYN-10041,2026-08-10T12:00:00+05:30,transfer,Payment observed,Review payment evidence,TX-101516
EV-TX-101518,SYN-10041,2026-08-17T12:00:00+05:30,transfer,Payment observed,Review payment evidence,TX-101518
EV-TX-101519,SYN-10041,2026-08-18T12:00:00+05:30,transfer,Payment observed,Review payment evidence,TX-101519
EV-TX-101525,SYN-10041,2026-09-02T12:00:00+05:30,transfer,Payment observed,Review payment evidence,TX-101525
EV-TX-101528,SYN-10041,2026-09-10T12:00:00+05:30,transfer,Payment observed,Review payment evidence,TX-101528
EV-TX-101530,SYN-10041,2026-09-17T12:00:00+05:30,transfer,Payment observed,Review payment evidence,TX-101530
EV-TX-101531,SYN-10041,2026-09-18T12:00:00+05:30,transfer,Payment observed,Review payment evidence,TX-101531
EV-TX-101537,SYN-10041,2026-10-02T12:00:00+05:30,transfer,Payment observed,Review payment evidence,TX-101537
EV-TX-101540,SYN-10041,2026-10-10T12:00:00+05:30,transfer,Payment observed,Review payment evidence,TX-101540
EV-TX-101542,SYN-10041,2026-10-17T12:00:00+05:30,transfer,Payment observed,Review payment evidence,TX-101542
EV-TX-101543,SYN-10041,2026-10-18T12:00:00+05:30,transfer,Payment observed,Review payment evidence,TX-101543
EV-TX-101549,SYN-10041,2026-11-02T12:00:00+05:30,transfer,Payment observed,Review payment evidence,TX-101549
EV-TX-101553,SYN-10042,2026-08-03T12:00:00+05:30,transfer,Payment observed,Review payment evidence,TX-101553
EV-TX-101554,SYN-10042,2026-08-04T12:00:00+05:30,transfer,Payment observed,Review payment evidence,TX-101554
EV-TX-101556,SYN-10042,2026-08-07T12:00:00+05:30,transfer,Payment observed,Review payment evidence,TX-101556
EV-TX-101561,SYN-10042,2026-08-24T12:00:00+05:30,transfer,Payment observed,Review payment evidence,TX-101561
EV-TX-101564,SYN-10042,2026-09-03T12:00:00+05:30,transfer,Payment observed,Review payment evidence,TX-101564
EV-TX-101565,SYN-10042,2026-09-04T12:00:00+05:30,transfer,Payment observed,Review payment evidence,TX-101565
EV-TX-101567,SYN-10042,2026-09-07T12:00:00+05:30,transfer,Payment observed,Review payment evidence,TX-101567
EV-TX-101570,SYN-10042,2026-09-16T17:16:00+05:30,transfer,Payment observed,Review payment evidence,TX-101570
EV-TX-101571,SYN-10042,2026-09-16T17:19:00+05:30,transfer,Payment observed,Review payment evidence,TX-101571
EV-TX-101572,SYN-10042,2026-09-16T17:36:00+05:30,transfer,Payment observed,Review payment evidence,TX-101572
EV-TX-101573,SYN-10042,2026-09-19T15:56:00+05:30,transfer,Payment observed,Review payment evidence,TX-101573
EV-TX-101574,SYN-10042,2026-09-19T16:04:00+05:30,transfer,Payment observed,Review payment evidence,TX-101574
EV-TX-101577,SYN-10042,2026-09-24T12:00:00+05:30,transfer,Payment observed,Review payment evidence,TX-101577
EV-TX-101583,SYN-10042,2026-10-07T12:00:00+05:30,transfer,Payment observed,Review payment evidence,TX-101583
EV-TX-101598,SYN-10043,2026-08-10T12:00:00+05:30,transfer,Payment observed,Review payment evidence,TX-101598
EV-TX-101600,SYN-10043,2026-08-19T12:00:00+05:30,transfer,Payment observed,Review payment evidence,TX-101600
EV-TX-101604,SYN-10043,2026-08-26T12:00:00+05:30,transfer,Payment observed,Review payment evidence,TX-101604
EV-TX-101607,SYN-10043,2026-09-10T12:00:00+05:30,transfer,Payment observed,Review payment evidence,TX-101607
EV-TX-101609,SYN-10043,2026-09-19T12:00:00+05:30,transfer,Payment observed,Review payment evidence,TX-101609
EV-TX-101610,SYN-10043,2026-09-19T13:00:00+05:30,transfer,Payment observed,Review payment evidence,TX-101610
EV-TX-101611,SYN-10043,2026-09-19T13:03:00+05:30,transfer,Payment observed,Review payment evidence,TX-101611
EV-TX-101621,SYN-10043,2026-10-10T12:00:00+05:30,transfer,Payment observed,Review payment evidence,TX-101621
EV-TX-101635,SYN-10044,2026-08-13T12:00:00+05:30,transfer,Payment observed,Review payment evidence,TX-101635
EV-TX-101637,SYN-10044,2026-08-19T12:00:00+05:30,transfer,Payment observed,Review payment evidence,TX-101637
EV-TX-101638,SYN-10044,2026-08-20T12:00:00+05:30,transfer,Payment observed,Review payment evidence,TX-101638
EV-TX-101640,SYN-10044,2026-08-23T12:00:00+05:30,transfer,Payment observed,Review payment evidence,TX-101640
EV-TX-101646,SYN-10044,2026-09-13T12:00:00+05:30,transfer,Payment observed,Review payment evidence,TX-101646
EV-TX-101647,SYN-10044,2026-09-14T17:57:00+05:30,transfer,Payment observed,Review payment evidence,TX-101647
EV-TX-101671,SYN-10045,2026-08-09T12:00:00+05:30,transfer,Payment observed,Review payment evidence,TX-101671
EV-TX-101674,SYN-10045,2026-08-22T12:00:00+05:30,transfer,Payment observed,Review payment evidence,TX-101674
EV-TX-101680,SYN-10045,2026-09-09T12:00:00+05:30,transfer,Payment observed,Review payment evidence,TX-101680
EV-TX-101681,SYN-10045,2026-09-13T14:00:00+05:30,transfer,Payment observed,Review payment evidence,TX-101681
EV-TX-101682,SYN-10045,2026-09-13T14:03:00+05:30,transfer,Payment observed,Review payment evidence,TX-101682
EV-TX-101683,SYN-10045,2026-09-13T14:06:00+05:30,transfer,Payment observed,Review payment evidence,TX-101683
EV-TX-101684,SYN-10045,2026-09-13T14:14:00+05:30,transfer,Payment observed,Review payment evidence,TX-101684
EV-TX-101687,SYN-10045,2026-09-22T12:00:00+05:30,transfer,Payment observed,Review payment evidence,TX-101687
EV-TX-101693,SYN-10045,2026-10-09T12:00:00+05:30,transfer,Payment observed,Review payment evidence,TX-101693
EV-TX-101696,SYN-10045,2026-10-22T12:00:00+05:30,transfer,Payment observed,Review payment evidence,TX-101696
EV-TX-101702,SYN-10046,2026-08-02T12:00:00+05:30,transfer,Payment observed,Review payment evidence,TX-101702
EV-TX-101706,SYN-10046,2026-08-19T12:00:00+05:30,transfer,Payment observed,Review payment evidence,TX-101706
EV-TX-101708,SYN-10046,2026-08-23T12:00:00+05:30,transfer,Payment observed,Review payment evidence,TX-101708
EV-TX-101711,SYN-10046,2026-08-26T12:00:00+05:30,transfer,Payment observed,Review payment evidence,TX-101711
EV-TX-101713,SYN-10046,2026-09-02T12:00:00+05:30,transfer,Payment observed,Review payment evidence,TX-101713
EV-TX-101715,SYN-10046,2026-09-08T15:00:00+05:30,transfer,Payment observed,Review payment evidence,TX-101715
EV-TX-101716,SYN-10046,2026-09-08T15:05:00+05:30,transfer,Payment observed,Review payment evidence,TX-101716
EV-TX-101719,SYN-10046,2026-09-19T12:00:00+05:30,transfer,Payment observed,Review payment evidence,TX-101719
EV-TX-101720,SYN-10046,2026-09-19T14:00:00+05:30,transfer,Payment observed,Review payment evidence,TX-101720
EV-TX-101721,SYN-10046,2026-09-19T14:03:00+05:30,transfer,Payment observed,Review payment evidence,TX-101721
EV-TX-101722,SYN-10046,2026-09-19T14:06:00+05:30,transfer,Payment observed,Review payment evidence,TX-101722
EV-TX-101723,SYN-10046,2026-09-19T14:14:00+05:30,transfer,Payment observed,Review payment evidence,TX-101723
EV-TX-101725,SYN-10046,2026-09-23T12:00:00+05:30,transfer,Payment observed,Review payment evidence,TX-101725
EV-TX-101728,SYN-10046,2026-09-26T12:00:00+05:30,transfer,Payment observed,Review payment evidence,TX-101728
EV-TX-101730,SYN-10046,2026-10-02T12:00:00+05:30,transfer,Payment observed,Review payment evidence,TX-101730
EV-TX-101734,SYN-10046,2026-10-19T12:00:00+05:30,transfer,Payment observed,Review payment evidence,TX-101734
EV-TX-101736,SYN-10046,2026-10-23T12:00:00+05:30,transfer,Payment observed,Review payment evidence,TX-101736
EV-TX-101739,SYN-10046,2026-10-26T12:00:00+05:30,transfer,Payment observed,Review payment evidence,TX-101739
EV-TX-101741,SYN-10046,2026-11-02T12:00:00+05:30,transfer,Payment observed,Review payment evidence,TX-101741
EV-TX-101745,SYN-10047,2026-08-03T12:00:00+05:30,transfer,Payment observed,Review payment evidence,TX-101745
EV-TX-101749,SYN-10047,2026-08-16T12:00:00+05:30,transfer,Payment observed,Review payment evidence,TX-101749
EV-TX-101751,SYN-10047,2026-08-21T12:00:00+05:30,transfer,Payment observed,Review payment evidence,TX-101751
EV-TX-101752,SYN-10047,2026-08-23T12:00:00+05:30,transfer,Payment observed,Review payment evidence,TX-101752
EV-TX-101756,SYN-10047,2026-09-03T12:00:00+05:30,transfer,Payment observed,Review payment evidence,TX-101756
EV-TX-101760,SYN-10047,2026-09-16T12:00:00+05:30,transfer,Payment observed,Review payment evidence,TX-101760
EV-TX-101761,SYN-10047,2026-09-18T13:38:00+05:30,transfer,Payment observed,Review payment evidence,TX-101761
EV-TX-101762,SYN-10047,2026-09-18T13:45:00+05:30,transfer,Payment observed,Review payment evidence,TX-101762
EV-TX-101764,SYN-10047,2026-09-21T12:00:00+05:30,transfer,Payment observed,Review payment evidence,TX-101764
EV-TX-101765,SYN-10047,2026-09-23T12:00:00+05:30,transfer,Payment observed,Review payment evidence,TX-101765
EV-TX-101766,SYN-10047,2026-09-24T13:48:00+05:30,transfer,Payment observed,Review payment evidence,TX-101766
EV-TX-101767,SYN-10047,2026-09-24T13:58:00+05:30,transfer,Payment observed,Review payment evidence,TX-101767
EV-TX-101775,SYN-10047,2026-10-16T12:00:00+05:30,transfer,Payment observed,Review payment evidence,TX-101775
EV-TX-101777,SYN-10047,2026-10-21T12:00:00+05:30,transfer,Payment observed,Review payment evidence,TX-101777
EV-TX-101786,SYN-10048,2026-08-03T12:00:00+05:30,transfer,Payment observed,Review payment evidence,TX-101786
EV-TX-101788,SYN-10048,2026-08-13T12:00:00+05:30,transfer,Payment observed,Review payment evidence,TX-101788
EV-TX-101792,SYN-10048,2026-08-24T12:00:00+05:30,transfer,Payment observed,Review payment evidence,TX-101792
EV-TX-101796,SYN-10048,2026-09-03T12:00:00+05:30,transfer,Payment observed,Review payment evidence,TX-101796
EV-TX-101798,SYN-10048,2026-09-13T12:00:00+05:30,transfer,Payment observed,Review payment evidence,TX-101798
EV-TX-101800,SYN-10048,2026-09-15T13:05:00+05:30,transfer,Payment observed,Review payment evidence,TX-101800
EV-TX-101801,SYN-10048,2026-09-15T13:15:00+05:30,transfer,Payment observed,Review payment evidence,TX-101801
EV-TX-101804,SYN-10048,2026-09-24T12:00:00+05:30,transfer,Payment observed,Review payment evidence,TX-101804
EV-TX-101808,SYN-10048,2026-10-03T12:00:00+05:30,transfer,Payment observed,Review payment evidence,TX-101808
EV-TX-101810,SYN-10048,2026-10-13T12:00:00+05:30,transfer,Payment observed,Review payment evidence,TX-101810
EV-TX-101814,SYN-10048,2026-10-24T12:00:00+05:30,transfer,Payment observed,Review payment evidence,TX-101814
EV-TX-101818,SYN-10048,2026-11-03T12:00:00+05:30,transfer,Payment observed,Review payment evidence,TX-101818
EV-TX-101823,SYN-10049,2026-08-09T12:00:00+05:30,transfer,Payment observed,Review payment evidence,TX-101823
EV-TX-101826,SYN-10049,2026-08-25T12:00:00+05:30,transfer,Payment observed,Review payment evidence,TX-101826
EV-TX-101832,SYN-10049,2026-09-09T12:00:00+05:30,transfer,Payment observed,Review payment evidence,TX-101832
EV-TX-101833,SYN-10049,2026-09-10T13:28:00+05:30,transfer,Payment observed,Review payment evidence,TX-101833
EV-TX-101834,SYN-10049,2026-09-10T13:34:00+05:30,transfer,Payment observed,Review payment evidence,TX-101834
EV-TX-101835,SYN-10049,2026-09-10T13:34:00+05:30,transfer,Payment observed,Review payment evidence,TX-101835
EV-TX-101836,SYN-10049,2026-09-11T16:36:00+05:30,transfer,Payment observed,Review payment evidence,TX-101836
EV-TX-101837,SYN-10049,2026-09-11T16:42:00+05:30,transfer,Payment observed,Review payment evidence,TX-101837
EV-TX-101838,SYN-10049,2026-09-13T10:00:00+05:30,transfer,Payment observed,Review payment evidence,TX-101838
EV-TX-101841,SYN-10049,2026-09-25T12:00:00+05:30,transfer,Payment observed,Review payment evidence,TX-101841
EV-TX-101847,SYN-10049,2026-10-09T12:00:00+05:30,transfer,Payment observed,Review payment evidence,TX-101847
EV-TX-101850,SYN-10049,2026-10-25T12:00:00+05:30,transfer,Payment observed,Review payment evidence,TX-101850
EV-TX-101868,SYN-10050,2026-09-10T12:00:00+05:30,transfer,Payment observed,Review payment evidence,TX-101868
EV-TX-101869,SYN-10050,2026-09-10T16:58:00+05:30,transfer,Payment observed,Review payment evidence,TX-101869
EV-TX-101870,SYN-10050,2026-09-10T17:01:00+05:30,transfer,Payment observed,Review payment evidence,TX-101870
EV-TX-101871,SYN-10050,2026-09-10T17:16:00+05:30,transfer,Payment observed,Review payment evidence,TX-101871
EV-TX-101881,SYN-10050,2026-10-10T12:00:00+05:30,transfer,Payment observed,Review payment evidence,TX-101881
EV-TX-101884,SYN-10050,2026-10-22T12:00:00+05:30,transfer,Payment observed,Review payment evidence,TX-101884
EV-TX-101891,SYN-10051,2026-08-06T12:00:00+05:30,transfer,Payment observed,Review payment evidence,TX-101891
EV-TX-101894,SYN-10051,2026-08-16T12:00:00+05:30,transfer,Payment observed,Review payment evidence,TX-101894
EV-TX-101896,SYN-10051,2026-08-24T12:00:00+05:30,transfer,Payment observed,Review payment evidence,TX-101896
EV-TX-101898,SYN-10051,2026-08-28T12:00:00+05:30,transfer,Payment observed,Review payment evidence,TX-101898
EV-TX-101904,SYN-10051,2026-09-06T12:00:00+05:30,transfer,Payment observed,Review payment evidence,TX-101904
EV-TX-101906,SYN-10051,2026-09-11T17:00:00+05:30,transfer,Payment observed,Review payment evidence,TX-101906
EV-TX-101907,SYN-10051,2026-09-11T17:10:00+05:30,transfer,Payment observed,Review payment evidence,TX-101907
EV-TX-101909,SYN-10051,2026-09-16T12:00:00+05:30,transfer,Payment observed,Review payment evidence,TX-101909
EV-TX-101911,SYN-10051,2026-09-24T12:00:00+05:30,transfer,Payment observed,Review payment evidence,TX-101911
EV-TX-101918,SYN-10051,2026-10-06T12:00:00+05:30,transfer,Payment observed,Review payment evidence,TX-101918
EV-TX-101921,SYN-10051,2026-10-16T12:00:00+05:30,transfer,Payment observed,Review payment evidence,TX-101921
EV-TX-101936,SYN-10052,2026-08-24T12:00:00+05:30,transfer,Payment observed,Review payment evidence,TX-101936
EV-TX-101938,SYN-10052,2026-08-26T12:00:00+05:30,transfer,Payment observed,Review payment evidence,TX-101938
EV-TX-101944,SYN-10052,2026-09-18T13:08:00+05:30,transfer,Payment observed,Review payment evidence,TX-101944
EV-TX-101945,SYN-10052,2026-09-18T13:17:00+05:30,transfer,Payment observed,Review payment evidence,TX-101945
EV-TX-101947,SYN-10052,2026-09-24T12:00:00+05:30,transfer,Payment observed,Review payment evidence,TX-101947
EV-TX-101949,SYN-10052,2026-09-26T12:00:00+05:30,transfer,Payment observed,Review payment evidence,TX-101949
EV-TX-101956,SYN-10052,2026-10-24T12:00:00+05:30,transfer,Payment observed,Review payment evidence,TX-101956
EV-TX-101958,SYN-10052,2026-10-26T12:00:00+05:30,transfer,Payment observed,Review payment evidence,TX-101958
EV-TX-101964,SYN-10053,2026-08-02T12:00:00+05:30,transfer,Payment observed,Review payment evidence,TX-101964
EV-TX-101966,SYN-10053,2026-08-04T12:00:00+05:30,transfer,Payment observed,Review payment evidence,TX-101966
EV-TX-101968,SYN-10053,2026-08-14T12:00:00+05:30,transfer,Payment observed,Review payment evidence,TX-101968
EV-TX-101971,SYN-10053,2026-08-22T12:00:00+05:30,transfer,Payment observed,Review payment evidence,TX-101971
EV-TX-101975,SYN-10053,2026-09-02T12:00:00+05:30,transfer,Payment observed,Review payment evidence,TX-101975
EV-TX-101977,SYN-10053,2026-09-04T12:00:00+05:30,transfer,Payment observed,Review payment evidence,TX-101977
EV-TX-101979,SYN-10053,2026-09-13T16:04:00+05:30,transfer,Payment observed,Review payment evidence,TX-101979
EV-TX-101980,SYN-10053,2026-09-13T16:14:00+05:30,transfer,Payment observed,Review payment evidence,TX-101980
EV-TX-101981,SYN-10053,2026-09-14T12:00:00+05:30,transfer,Payment observed,Review payment evidence,TX-101981
EV-TX-101984,SYN-10053,2026-09-22T12:00:00+05:30,transfer,Payment observed,Review payment evidence,TX-101984
EV-TX-101988,SYN-10053,2026-10-02T12:00:00+05:30,transfer,Payment observed,Review payment evidence,TX-101988
EV-TX-101990,SYN-10053,2026-10-04T12:00:00+05:30,transfer,Payment observed,Review payment evidence,TX-101990
EV-TX-101992,SYN-10053,2026-10-14T12:00:00+05:30,transfer,Payment observed,Review payment evidence,TX-101992
EV-TX-101995,SYN-10053,2026-10-22T12:00:00+05:30,transfer,Payment observed,Review payment evidence,TX-101995
EV-TX-102000,SYN-10053,2026-11-02T12:00:00+05:30,transfer,Payment observed,Review payment evidence,TX-102000
EV-TX-102003,SYN-10053,2026-11-04T12:00:00+05:30,transfer,Payment observed,Review payment evidence,TX-102003
EV-TX-102007,SYN-10054,2026-08-06T12:00:00+05:30,transfer,Payment observed,Review payment evidence,TX-102007
EV-TX-102009,SYN-10054,2026-08-12T12:00:00+05:30,transfer,Payment observed,Review payment evidence,TX-102009
EV-TX-102013,SYN-10054,2026-08-24T12:00:00+05:30,transfer,Payment observed,Review payment evidence,TX-102013
EV-TX-102015,SYN-10054,2026-08-28T12:00:00+05:30,transfer,Payment observed,Review payment evidence,TX-102015
EV-TX-102018,SYN-10054,2026-09-06T12:00:00+05:30,transfer,Payment observed,Review payment evidence,TX-102018
EV-TX-102020,SYN-10054,2026-09-12T12:00:00+05:30,transfer,Payment observed,Review payment evidence,TX-102020
EV-TX-102022,SYN-10054,2026-09-17T14:10:00+05:30,transfer,Payment observed,Review payment evidence,TX-102022
EV-TX-102023,SYN-10054,2026-09-17T14:19:00+05:30,transfer,Payment observed,Review payment evidence,TX-102023
EV-TX-102026,SYN-10054,2026-09-24T12:00:00+05:30,transfer,Payment observed,Review payment evidence,TX-102026
EV-TX-102048,SYN-10055,2026-08-14T12:00:00+05:30,transfer,Payment observed,Review payment evidence,TX-102048
EV-TX-102051,SYN-10055,2026-08-22T12:00:00+05:30,transfer,Payment observed,Review payment evidence,TX-102051
EV-TX-102056,SYN-10055,2026-09-14T12:00:00+05:30,transfer,Payment observed,Review payment evidence,TX-102056
EV-TX-102059,SYN-10055,2026-09-22T12:00:00+05:30,transfer,Payment observed,Review payment evidence,TX-102059
EV-TX-102079,SYN-10056,2026-08-04T12:00:00+05:30,transfer,Payment observed,Review payment evidence,TX-102079
EV-TX-102081,SYN-10056,2026-08-13T12:00:00+05:30,transfer,Payment observed,Review payment evidence,TX-102081
EV-TX-102088,SYN-10056,2026-09-04T12:00:00+05:30,transfer,Payment observed,Review payment evidence,TX-102088
EV-TX-102090,SYN-10056,2026-09-11T17:53:00+05:30,transfer,Payment observed,Review payment evidence,TX-102090
EV-TX-102091,SYN-10056,2026-09-11T18:01:00+05:30,transfer,Payment observed,Review payment evidence,TX-102091
EV-TX-102092,SYN-10056,2026-09-13T12:00:00+05:30,transfer,Payment observed,Review payment evidence,TX-102092
EV-TX-102094,SYN-10056,2026-09-18T14:56:00+05:30,transfer,Payment observed,Review payment evidence,TX-102094
EV-TX-102095,SYN-10056,2026-09-18T15:00:00+05:30,transfer,Payment observed,Review payment evidence,TX-102095
EV-TX-102096,SYN-10056,2026-09-18T15:08:00+05:30,transfer,Payment observed,Review payment evidence,TX-102096
EV-TX-102103,SYN-10056,2026-10-04T12:00:00+05:30,transfer,Payment observed,Review payment evidence,TX-102103
EV-TX-102105,SYN-10056,2026-10-13T12:00:00+05:30,transfer,Payment observed,Review payment evidence,TX-102105
EV-TX-102113,SYN-10056,2026-11-04T12:00:00+05:30,transfer,Payment observed,Review payment evidence,TX-102113
EV-TX-102118,SYN-10057,2026-08-14T12:00:00+05:30,transfer,Payment observed,Review payment evidence,TX-102118
EV-TX-102120,SYN-10057,2026-08-15T12:00:00+05:30,transfer,Payment observed,Review payment evidence,TX-102120
EV-TX-102123,SYN-10057,2026-08-27T12:00:00+05:30,transfer,Payment observed,Review payment evidence,TX-102123
EV-TX-102128,SYN-10057,2026-09-13T14:00:00+05:30,transfer,Payment observed,Review payment evidence,TX-102128
EV-TX-102129,SYN-10057,2026-09-13T14:03:00+05:30,transfer,Payment observed,Review payment evidence,TX-102129
EV-TX-102130,SYN-10057,2026-09-13T14:06:00+05:30,transfer,Payment observed,Review payment evidence,TX-102130
EV-TX-102131,SYN-10057,2026-09-13T14:14:00+05:30,transfer,Payment observed,Review payment evidence,TX-102131
EV-TX-102132,SYN-10057,2026-09-14T12:00:00+05:30,transfer,Payment observed,Review payment evidence,TX-102132
EV-TX-102134,SYN-10057,2026-09-15T12:00:00+05:30,transfer,Payment observed,Review payment evidence,TX-102134
EV-TX-102137,SYN-10057,2026-09-27T12:00:00+05:30,transfer,Payment observed,Review payment evidence,TX-102137
EV-TX-102142,SYN-10057,2026-10-14T12:00:00+05:30,transfer,Payment observed,Review payment evidence,TX-102142
EV-TX-102144,SYN-10057,2026-10-15T12:00:00+05:30,transfer,Payment observed,Review payment evidence,TX-102144
EV-TX-102147,SYN-10057,2026-10-27T12:00:00+05:30,transfer,Payment observed,Review payment evidence,TX-102147
EV-TX-102153,SYN-10058,2026-08-02T12:00:00+05:30,transfer,Payment observed,Review payment evidence,TX-102153
EV-TX-102155,SYN-10058,2026-08-08T12:00:00+05:30,transfer,Payment observed,Review payment evidence,TX-102155
EV-TX-102159,SYN-10058,2026-08-21T12:00:00+05:30,transfer,Payment observed,Review payment evidence,TX-102159
EV-TX-102163,SYN-10058,2026-09-02T12:00:00+05:30,transfer,Payment observed,Review payment evidence,TX-102163
EV-TX-102165,SYN-10058,2026-09-08T12:00:00+05:30,transfer,Payment observed,Review payment evidence,TX-102165
EV-TX-102168,SYN-10058,2026-09-20T14:00:00+05:30,transfer,Payment observed,Review payment evidence,TX-102168
EV-TX-102169,SYN-10058,2026-09-20T14:03:00+05:30,transfer,Payment observed,Review payment evidence,TX-102169
EV-TX-102170,SYN-10058,2026-09-20T14:06:00+05:30,transfer,Payment observed,Review payment evidence,TX-102170
EV-TX-102171,SYN-10058,2026-09-20T14:14:00+05:30,transfer,Payment observed,Review payment evidence,TX-102171
EV-TX-102173,SYN-10058,2026-09-21T12:00:00+05:30,transfer,Payment observed,Review payment evidence,TX-102173
EV-TX-102177,SYN-10058,2026-10-02T12:00:00+05:30,transfer,Payment observed,Review payment evidence,TX-102177
EV-TX-102179,SYN-10058,2026-10-08T12:00:00+05:30,transfer,Payment observed,Review payment evidence,TX-102179
EV-TX-102183,SYN-10058,2026-10-21T12:00:00+05:30,transfer,Payment observed,Review payment evidence,TX-102183
EV-TX-102187,SYN-10058,2026-11-02T12:00:00+05:30,transfer,Payment observed,Review payment evidence,TX-102187
EV-TX-102192,SYN-10059,2026-08-03T12:00:00+05:30,transfer,Payment observed,Review payment evidence,TX-102192
EV-TX-102196,SYN-10059,2026-08-21T12:00:00+05:30,transfer,Payment observed,Review payment evidence,TX-102196
EV-TX-102201,SYN-10059,2026-09-03T12:00:00+05:30,transfer,Payment observed,Review payment evidence,TX-102201
EV-TX-102204,SYN-10059,2026-09-19T13:05:00+05:30,transfer,Payment observed,Review payment evidence,TX-102204
EV-TX-102205,SYN-10059,2026-09-19T13:12:00+05:30,transfer,Payment observed,Review payment evidence,TX-102205
EV-TX-102207,SYN-10059,2026-09-21T12:00:00+05:30,transfer,Payment observed,Review payment evidence,TX-102207
EV-TX-102209,SYN-10059,2026-09-25T17:05:00+05:30,transfer,Payment observed,Review payment evidence,TX-102209
EV-TX-102210,SYN-10059,2026-09-25T17:10:00+05:30,transfer,Payment observed,Review payment evidence,TX-102210
EV-TX-102216,SYN-10059,2026-10-03T12:00:00+05:30,transfer,Payment observed,Review payment evidence,TX-102216
EV-TX-102220,SYN-10059,2026-10-21T12:00:00+05:30,transfer,Payment observed,Review payment evidence,TX-102220
EV-TX-102225,SYN-10059,2026-11-03T12:00:00+05:30,transfer,Payment observed,Review payment evidence,TX-102225
EV-TX-102230,SYN-10060,2026-08-11T12:00:00+05:30,transfer,Payment observed,Review payment evidence,TX-102230
EV-TX-102232,SYN-10060,2026-08-18T12:00:00+05:30,transfer,Payment observed,Review payment evidence,TX-102232
EV-TX-102235,SYN-10060,2026-08-28T12:00:00+05:30,transfer,Payment observed,Review payment evidence,TX-102235
EV-TX-102239,SYN-10060,2026-09-10T16:52:00+05:30,transfer,Payment observed,Review payment evidence,TX-102239
EV-TX-102240,SYN-10060,2026-09-10T17:00:00+05:30,transfer,Payment observed,Review payment evidence,TX-102240
EV-TX-102241,SYN-10060,2026-09-11T12:00:00+05:30,transfer,Payment observed,Review payment evidence,TX-102241
EV-TX-102243,SYN-10060,2026-09-16T16:14:00+05:30,transfer,Payment observed,Review payment evidence,TX-102243
EV-TX-102244,SYN-10060,2026-09-16T16:20:00+05:30,transfer,Payment observed,Review payment evidence,TX-102244
EV-TX-102245,SYN-10060,2026-09-18T12:00:00+05:30,transfer,Payment observed,Review payment evidence,TX-102245
EV-TX-102248,SYN-10060,2026-09-28T12:00:00+05:30,transfer,Payment observed,Review payment evidence,TX-102248
EV-TX-102252,SYN-10060,2026-10-11T12:00:00+05:30,transfer,Payment observed,Review payment evidence,TX-102252
EV-TX-102254,SYN-10060,2026-10-18T12:00:00+05:30,transfer,Payment observed,Review payment evidence,TX-102254
EV-TX-102257,SYN-10060,2026-10-28T12:00:00+05:30,transfer,Payment observed,Review payment evidence,TX-102257
EV-TX-102262,SYN-10061,2026-08-03T12:00:00+05:30,transfer,Payment observed,Review payment evidence,TX-102262
EV-TX-102263,SYN-10061,2026-08-07T12:00:00+05:30,transfer,Payment observed,Review payment evidence,TX-102263
EV-TX-102268,SYN-10061,2026-08-26T12:00:00+05:30,transfer,Payment observed,Review payment evidence,TX-102268
EV-TX-102275,SYN-10061,2026-09-03T12:00:00+05:30,transfer,Payment observed,Review payment evidence,TX-102275
EV-TX-102276,SYN-10061,2026-09-07T12:00:00+05:30,transfer,Payment observed,Review payment evidence,TX-102276
EV-TX-102278,SYN-10061,2026-09-11T17:36:00+05:30,transfer,Payment observed,Review payment evidence,TX-102278
EV-TX-102279,SYN-10061,2026-09-11T17:43:00+05:30,transfer,Payment observed,Review payment evidence,TX-102279
EV-TX-102280,SYN-10061,2026-09-11T17:48:00+05:30,transfer,Payment observed,Review payment evidence,TX-102280
EV-TX-102281,SYN-10061,2026-09-14T10:00:00+05:30,transfer,Payment observed,Review payment evidence,TX-102281
EV-TX-102283,SYN-10061,2026-09-16T13:02:00+05:30,transfer,Payment observed,Review payment evidence,TX-102283
EV-TX-102284,SYN-10061,2026-09-16T13:05:00+05:30,transfer,Payment observed,Review payment evidence,TX-102284
EV-TX-102287,SYN-10061,2026-09-26T12:00:00+05:30,transfer,Payment observed,Review payment evidence,TX-102287
EV-TX-102290,SYN-10061,2026-10-03T12:00:00+05:30,transfer,Payment observed,Review payment evidence,TX-102290
EV-TX-102293,SYN-10061,2026-10-07T12:00:00+05:30,transfer,Payment observed,Review payment evidence,TX-102293
EV-TX-102305,SYN-10061,2026-11-03T12:00:00+05:30,transfer,Payment observed,Review payment evidence,TX-102305
EV-TX-102310,SYN-10062,2026-08-04T12:00:00+05:30,transfer,Payment observed,Review payment evidence,TX-102310
EV-TX-102311,SYN-10062,2026-08-06T12:00:00+05:30,transfer,Payment observed,Review payment evidence,TX-102311
EV-TX-102313,SYN-10062,2026-08-13T12:00:00+05:30,transfer,Payment observed,Review payment evidence,TX-102313
EV-TX-102317,SYN-10062,2026-08-24T12:00:00+05:30,transfer,Payment observed,Review payment evidence,TX-102317
EV-TX-102321,SYN-10062,2026-09-04T12:00:00+05:30,transfer,Payment observed,Review payment evidence,TX-102321
EV-TX-102322,SYN-10062,2026-09-06T12:00:00+05:30,transfer,Payment observed,Review payment evidence,TX-102322
EV-TX-102324,SYN-10062,2026-09-13T12:00:00+05:30,transfer,Payment observed,Review payment evidence,TX-102324
EV-TX-102326,SYN-10062,2026-09-19T17:40:00+05:30,transfer,Payment observed,Review payment evidence,TX-102326
EV-TX-102327,SYN-10062,2026-09-19T17:47:00+05:30,transfer,Payment observed,Review payment evidence,TX-102327
EV-TX-102330,SYN-10062,2026-09-24T12:00:00+05:30,transfer,Payment observed,Review payment evidence,TX-102330
EV-TX-102336,SYN-10062,2026-10-04T12:00:00+05:30,transfer,Payment observed,Review payment evidence,TX-102336
EV-TX-102337,SYN-10062,2026-10-06T12:00:00+05:30,transfer,Payment observed,Review payment evidence,TX-102337
EV-TX-102339,SYN-10062,2026-10-13T12:00:00+05:30,transfer,Payment observed,Review payment evidence,TX-102339
EV-TX-102342,SYN-10062,2026-10-24T12:00:00+05:30,transfer,Payment observed,Review payment evidence,TX-102342
EV-TX-102348,SYN-10062,2026-11-04T12:00:00+05:30,transfer,Payment observed,Review payment evidence,TX-102348
EV-TX-102350,SYN-10063,2026-08-02T12:00:00+05:30,transfer,Payment observed,Review payment evidence,TX-102350
EV-TX-102353,SYN-10063,2026-08-05T12:00:00+05:30,transfer,Payment observed,Review payment evidence,TX-102353
EV-TX-102356,SYN-10063,2026-08-16T12:00:00+05:30,transfer,Payment observed,Review payment evidence,TX-102356
EV-TX-102359,SYN-10063,2026-08-23T12:00:00+05:30,transfer,Payment observed,Review payment evidence,TX-102359
EV-TX-102361,SYN-10063,2026-09-02T12:00:00+05:30,transfer,Payment observed,Review payment evidence,TX-102361
EV-TX-102364,SYN-10063,2026-09-05T12:00:00+05:30,transfer,Payment observed,Review payment evidence,TX-102364
EV-TX-102366,SYN-10063,2026-09-13T16:45:00+05:30,transfer,Payment observed,Review payment evidence,TX-102366
EV-TX-102368,SYN-10063,2026-09-16T12:00:00+05:30,transfer,Payment observed,Review payment evidence,TX-102368
EV-TX-102369,SYN-10063,2026-09-16T17:12:00+05:30,transfer,Payment observed,Review payment evidence,TX-102369
EV-TX-102370,SYN-10063,2026-09-16T17:20:00+05:30,transfer,Payment observed,Review payment evidence,TX-102370
EV-TX-102373,SYN-10063,2026-09-23T12:00:00+05:30,transfer,Payment observed,Review payment evidence,TX-102373
EV-TX-102379,SYN-10063,2026-10-05T12:00:00+05:30,transfer,Payment observed,Review payment evidence,TX-102379
EV-TX-102383,SYN-10063,2026-10-16T12:00:00+05:30,transfer,Payment observed,Review payment evidence,TX-102383
EV-TX-102386,SYN-10063,2026-10-23T12:00:00+05:30,transfer,Payment observed,Review payment evidence,TX-102386
EV-TX-102388,SYN-10063,2026-11-02T12:00:00+05:30,transfer,Payment observed,Review payment evidence,TX-102388
EV-TX-102392,SYN-10063,2026-11-05T12:00:00+05:30,transfer,Payment observed,Review payment evidence,TX-102392
EV-TX-102396,SYN-10064,2026-08-05T12:00:00+05:30,transfer,Payment observed,Review payment evidence,TX-102396
EV-TX-102398,SYN-10064,2026-08-11T12:00:00+05:30,transfer,Payment observed,Review payment evidence,TX-102398
EV-TX-102400,SYN-10064,2026-08-15T12:00:00+05:30,transfer,Payment observed,Review payment evidence,TX-102400
EV-TX-102403,SYN-10064,2026-08-24T12:00:00+05:30,transfer,Payment observed,Review payment evidence,TX-102403
EV-TX-102407,SYN-10064,2026-09-05T12:00:00+05:30,transfer,Payment observed,Review payment evidence,TX-102407
EV-TX-102409,SYN-10064,2026-09-11T12:00:00+05:30,transfer,Payment observed,Review payment evidence,TX-102409
EV-TX-102410,SYN-10064,2026-09-13T17:35:00+05:30,transfer,Payment observed,Review payment evidence,TX-102410
EV-TX-102411,SYN-10064,2026-09-13T17:45:00+05:30,transfer,Payment observed,Review payment evidence,TX-102411
EV-TX-102413,SYN-10064,2026-09-15T12:00:00+05:30,transfer,Payment observed,Review payment evidence,TX-102413
EV-TX-102421,SYN-10064,2026-10-05T12:00:00+05:30,transfer,Payment observed,Review payment evidence,TX-102421
EV-TX-102424,SYN-10064,2026-10-11T12:00:00+05:30,transfer,Payment observed,Review payment evidence,TX-102424
EV-TX-102426,SYN-10064,2026-10-15T12:00:00+05:30,transfer,Payment observed,Review payment evidence,TX-102426
EV-TX-102434,SYN-10064,2026-11-05T12:00:00+05:30,transfer,Payment observed,Review payment evidence,TX-102434
EV-TX-102440,SYN-10065,2026-08-11T12:00:00+05:30,transfer,Payment observed,Review payment evidence,TX-102440
EV-TX-102442,SYN-10065,2026-08-17T12:00:00+05:30,transfer,Payment observed,Review payment evidence,TX-102442
EV-TX-102444,SYN-10065,2026-08-23T12:00:00+05:30,transfer,Payment observed,Review payment evidence,TX-102444
EV-TX-102450,SYN-10065,2026-09-11T12:00:00+05:30,transfer,Payment observed,Review payment evidence,TX-102450
EV-TX-102452,SYN-10065,2026-09-17T12:00:00+05:30,transfer,Payment observed,Review payment evidence,TX-102452
EV-TX-102454,SYN-10065,2026-09-23T12:00:00+05:30,transfer,Payment observed,Review payment evidence,TX-102454
EV-TX-102460,SYN-10065,2026-10-11T12:00:00+05:30,transfer,Payment observed,Review payment evidence,TX-102460
EV-TX-102462,SYN-10065,2026-10-17T12:00:00+05:30,transfer,Payment observed,Review payment evidence,TX-102462
EV-TX-102464,SYN-10065,2026-10-23T12:00:00+05:30,transfer,Payment observed,Review payment evidence,TX-102464
EV-TX-102475,SYN-10066,2026-08-06T12:00:00+05:30,transfer,Payment observed,Review payment evidence,TX-102475
EV-TX-102477,SYN-10066,2026-08-09T12:00:00+05:30,transfer,Payment observed,Review payment evidence,TX-102477
EV-TX-102479,SYN-10066,2026-08-15T12:00:00+05:30,transfer,Payment observed,Review payment evidence,TX-102479
EV-TX-102485,SYN-10066,2026-09-06T12:00:00+05:30,transfer,Payment observed,Review payment evidence,TX-102485
EV-TX-102487,SYN-10066,2026-09-09T12:00:00+05:30,transfer,Payment observed,Review payment evidence,TX-102487
EV-TX-102488,SYN-10066,2026-09-13T14:02:00+05:30,transfer,Payment observed,Review payment evidence,TX-102488
EV-TX-102489,SYN-10066,2026-09-13T14:05:00+05:30,transfer,Payment observed,Review payment evidence,TX-102489
EV-TX-102491,SYN-10066,2026-09-15T12:00:00+05:30,transfer,Payment observed,Review payment evidence,TX-102491
EV-TX-102492,SYN-10066,2026-09-15T17:25:00+05:30,transfer,Payment observed,Review payment evidence,TX-102492
EV-TX-102493,SYN-10066,2026-09-15T17:30:00+05:30,transfer,Payment observed,Review payment evidence,TX-102493
EV-TX-102501,SYN-10066,2026-10-06T12:00:00+05:30,transfer,Payment observed,Review payment evidence,TX-102501
EV-TX-102504,SYN-10066,2026-10-09T12:00:00+05:30,transfer,Payment observed,Review payment evidence,TX-102504
EV-TX-102506,SYN-10066,2026-10-15T12:00:00+05:30,transfer,Payment observed,Review payment evidence,TX-102506
EV-TX-102518,SYN-10067,2026-08-17T12:00:00+05:30,transfer,Payment observed,Review payment evidence,TX-102518
EV-TX-102522,SYN-10067,2026-08-27T12:00:00+05:30,transfer,Payment observed,Review payment evidence,TX-102522
EV-TX-102526,SYN-10067,2026-09-17T12:00:00+05:30,transfer,Payment observed,Review payment evidence,TX-102526
EV-TX-102530,SYN-10067,2026-09-27T12:00:00+05:30,transfer,Payment observed,Review payment evidence,TX-102530
EV-TX-102535,SYN-10067,2026-10-17T12:00:00+05:30,transfer,Payment observed,Review payment evidence,TX-102535
EV-TX-102539,SYN-10067,2026-10-27T12:00:00+05:30,transfer,Payment observed,Review payment evidence,TX-102539
EV-TX-102545,SYN-10068,2026-08-06T12:00:00+05:30,transfer,Payment observed,Review payment evidence,TX-102545
EV-TX-102548,SYN-10068,2026-08-15T12:00:00+05:30,transfer,Payment observed,Review payment evidence,TX-102548
EV-TX-102554,SYN-10068,2026-09-06T12:00:00+05:30,transfer,Payment observed,Review payment evidence,TX-102554
EV-TX-102557,SYN-10068,2026-09-15T12:00:00+05:30,transfer,Payment observed,Review payment evidence,TX-102557
EV-TX-102558,SYN-10068,2026-09-19T15:22:00+05:30,transfer,Payment observed,Review payment evidence,TX-102558
EV-TX-102559,SYN-10068,2026-09-19T15:31:00+05:30,transfer,Payment observed,Review payment evidence,TX-102559
EV-TX-102567,SYN-10068,2026-10-06T12:00:00+05:30,transfer,Payment observed,Review payment evidence,TX-102567
EV-TX-102581,SYN-10069,2026-08-06T12:00:00+05:30,transfer,Payment observed,Review payment evidence,TX-102581
EV-TX-102583,SYN-10069,2026-08-12T12:00:00+05:30,transfer,Payment observed,Review payment evidence,TX-102583
EV-TX-102584,SYN-10069,2026-08-13T12:00:00+05:30,transfer,Payment observed,Review payment evidence,TX-102584
EV-TX-102586,SYN-10069,2026-08-18T12:00:00+05:30,transfer,Payment observed,Review payment evidence,TX-102586
EV-TX-102592,SYN-10069,2026-09-06T12:00:00+05:30,transfer,Payment observed,Review payment evidence,TX-102592
EV-TX-102594,SYN-10069,2026-09-10T13:16:00+05:30,transfer,Payment observed,Review payment evidence,TX-102594
EV-TX-102595,SYN-10069,2026-09-10T13:22:00+05:30,transfer,Payment observed,Review payment evidence,TX-102595
EV-TX-102596,SYN-10069,2026-09-12T12:00:00+05:30,transfer,Payment observed,Review payment evidence,TX-102596
EV-TX-102597,SYN-10069,2026-09-13T12:00:00+05:30,transfer,Payment observed,Review payment evidence,TX-102597
EV-TX-102599,SYN-10069,2026-09-18T12:00:00+05:30,transfer,Payment observed,Review payment evidence,TX-102599
EV-TX-102600,SYN-10069,2026-09-19T14:00:00+05:30,transfer,Payment observed,Review payment evidence,TX-102600
EV-TX-102601,SYN-10069,2026-09-19T14:03:00+05:30,transfer,Payment observed,Review payment evidence,TX-102601
EV-TX-102602,SYN-10069,2026-09-19T14:06:00+05:30,transfer,Payment observed,Review payment evidence,TX-102602
EV-TX-102603,SYN-10069,2026-09-19T14:14:00+05:30,transfer,Payment observed,Review payment evidence,TX-102603
EV-TX-102609,SYN-10069,2026-10-06T12:00:00+05:30,transfer,Payment observed,Review payment evidence,TX-102609
EV-TX-102611,SYN-10069,2026-10-12T12:00:00+05:30,transfer,Payment observed,Review payment evidence,TX-102611
EV-TX-102612,SYN-10069,2026-10-13T12:00:00+05:30,transfer,Payment observed,Review payment evidence,TX-102612
EV-TX-102614,SYN-10069,2026-10-18T12:00:00+05:30,transfer,Payment observed,Review payment evidence,TX-102614
EV-TX-102623,SYN-10070,2026-08-03T12:00:00+05:30,transfer,Payment observed,Review payment evidence,TX-102623
EV-TX-102625,SYN-10070,2026-08-14T12:00:00+05:30,transfer,Payment observed,Review payment evidence,TX-102625
EV-TX-102631,SYN-10070,2026-09-03T12:00:00+05:30,transfer,Payment observed,Review payment evidence,TX-102631
EV-TX-102633,SYN-10070,2026-09-09T14:47:00+05:30,transfer,Payment observed,Review payment evidence,TX-102633
EV-TX-102634,SYN-10070,2026-09-09T14:56:00+05:30,transfer,Payment observed,Review payment evidence,TX-102634
EV-TX-102635,SYN-10070,2026-09-11T14:00:00+05:30,transfer,Payment observed,Review payment evidence,TX-102635
EV-TX-102636,SYN-10070,2026-09-11T14:03:00+05:30,transfer,Payment observed,Review payment evidence,TX-102636
EV-TX-102637,SYN-10070,2026-09-11T14:06:00+05:30,transfer,Payment observed,Review payment evidence,TX-102637
EV-TX-102638,SYN-10070,2026-09-11T14:14:00+05:30,transfer,Payment observed,Review payment evidence,TX-102638
EV-TX-102639,SYN-10070,2026-09-14T12:00:00+05:30,transfer,Payment observed,Review payment evidence,TX-102639
EV-TX-102645,SYN-10070,2026-10-03T12:00:00+05:30,transfer,Payment observed,Review payment evidence,TX-102645
EV-TX-102647,SYN-10070,2026-10-14T12:00:00+05:30,transfer,Payment observed,Review payment evidence,TX-102647
EV-TX-102653,SYN-10070,2026-11-03T12:00:00+05:30,transfer,Payment observed,Review payment evidence,TX-102653
EV-TX-102656,SYN-10071,2026-08-12T12:00:00+05:30,transfer,Payment observed,Review payment evidence,TX-102656
EV-TX-102659,SYN-10071,2026-08-22T12:00:00+05:30,transfer,Payment observed,Review payment evidence,TX-102659
EV-TX-102660,SYN-10071,2026-08-23T12:00:00+05:30,transfer,Payment observed,Review payment evidence,TX-102660
EV-TX-102668,SYN-10071,2026-09-12T12:00:00+05:30,transfer,Payment observed,Review payment evidence,TX-102668
EV-TX-102669,SYN-10071,2026-09-13T15:52:00+05:30,transfer,Payment observed,Review payment evidence,TX-102669
EV-TX-102670,SYN-10071,2026-09-13T15:59:00+05:30,transfer,Payment observed,Review payment evidence,TX-102670
EV-TX-102671,SYN-10071,2026-09-13T16:08:00+05:30,transfer,Payment observed,Review payment evidence,TX-102671
EV-TX-102672,SYN-10071,2026-09-14T15:45:00+05:30,transfer,Payment observed,Review payment evidence,TX-102672
EV-TX-102673,SYN-10071,2026-09-14T15:55:00+05:30,transfer,Payment observed,Review payment evidence,TX-102673
EV-TX-102675,SYN-10071,2026-09-20T17:54:00+05:30,transfer,Payment observed,Review payment evidence,TX-102675
EV-TX-102676,SYN-10071,2026-09-20T18:00:00+05:30,transfer,Payment observed,Review payment evidence,TX-102676
EV-TX-102686,SYN-10071,2026-10-12T12:00:00+05:30,transfer,Payment observed,Review payment evidence,TX-102686
EV-TX-102689,SYN-10071,2026-10-22T12:00:00+05:30,transfer,Payment observed,Review payment evidence,TX-102689
EV-TX-102690,SYN-10071,2026-10-23T12:00:00+05:30,transfer,Payment observed,Review payment evidence,TX-102690
EV-TX-102699,SYN-10072,2026-08-06T12:00:00+05:30,transfer,Payment observed,Review payment evidence,TX-102699
EV-TX-102702,SYN-10072,2026-08-15T12:00:00+05:30,transfer,Payment observed,Review payment evidence,TX-102702
EV-TX-102703,SYN-10072,2026-08-16T12:00:00+05:30,transfer,Payment observed,Review payment evidence,TX-102703
EV-TX-102704,SYN-10072,2026-08-20T12:00:00+05:30,transfer,Payment observed,Review payment evidence,TX-102704
EV-TX-102711,SYN-10072,2026-09-06T12:00:00+05:30,transfer,Payment observed,Review payment evidence,TX-102711
EV-TX-102713,SYN-10072,2026-09-12T13:39:00+05:30,transfer,Payment observed,Review payment evidence,TX-102713
EV-TX-102714,SYN-10072,2026-09-12T13:45:00+05:30,transfer,Payment observed,Review payment evidence,TX-102714
EV-TX-102716,SYN-10072,2026-09-15T12:00:00+05:30,transfer,Payment observed,Review payment evidence,TX-102716
EV-TX-102724,SYN-10072,2026-10-06T12:00:00+05:30,transfer,Payment observed,Review payment evidence,TX-102724
EV-TX-102738,SYN-10073,2026-08-09T12:00:00+05:30,transfer,Payment observed,Review payment evidence,TX-102738
EV-TX-102739,SYN-10073,2026-08-10T12:00:00+05:30,transfer,Payment observed,Review payment evidence,TX-102739
EV-TX-102741,SYN-10073,2026-08-15T12:00:00+05:30,transfer,Payment observed,Review payment evidence,TX-102741
EV-TX-102744,SYN-10073,2026-08-21T12:00:00+05:30,transfer,Payment observed,Review payment evidence,TX-102744
EV-TX-102751,SYN-10073,2026-09-09T12:00:00+05:30,transfer,Payment observed,Review payment evidence,TX-102751
EV-TX-102752,SYN-10073,2026-09-10T12:00:00+05:30,transfer,Payment observed,Review payment evidence,TX-102752
EV-TX-102754,SYN-10073,2026-09-15T12:00:00+05:30,transfer,Payment observed,Review payment evidence,TX-102754
EV-TX-102755,SYN-10073,2026-09-20T15:31:00+05:30,transfer,Payment observed,Review payment evidence,TX-102755
EV-TX-102758,SYN-10073,2026-09-21T12:00:00+05:30,transfer,Payment observed,Review payment evidence,TX-102758
EV-TX-102759,SYN-10073,2026-09-23T10:00:00+05:30,transfer,Payment observed,Review payment evidence,TX-102759
EV-TX-102767,SYN-10073,2026-10-09T12:00:00+05:30,transfer,Payment observed,Review payment evidence,TX-102767
EV-TX-102768,SYN-10073,2026-10-10T12:00:00+05:30,transfer,Payment observed,Review payment evidence,TX-102768
EV-TX-102770,SYN-10073,2026-10-15T12:00:00+05:30,transfer,Payment observed,Review payment evidence,TX-102770
EV-TX-102782,SYN-10074,2026-08-13T12:00:00+05:30,transfer,Payment observed,Review payment evidence,TX-102782
EV-TX-102783,SYN-10074,2026-08-14T12:00:00+05:30,transfer,Payment observed,Review payment evidence,TX-102783
EV-TX-102785,SYN-10074,2026-08-17T12:00:00+05:30,transfer,Payment observed,Review payment evidence,TX-102785
EV-TX-102788,SYN-10074,2026-08-22T12:00:00+05:30,transfer,Payment observed,Review payment evidence,TX-102788
EV-TX-102793,SYN-10074,2026-09-13T12:00:00+05:30,transfer,Payment observed,Review payment evidence,TX-102793
EV-TX-102794,SYN-10074,2026-09-13T17:21:00+05:30,transfer,Payment observed,Review payment evidence,TX-102794
EV-TX-102795,SYN-10074,2026-09-14T12:00:00+05:30,transfer,Payment observed,Review payment evidence,TX-102795
EV-TX-102797,SYN-10074,2026-09-17T12:00:00+05:30,transfer,Payment observed,Review payment evidence,TX-102797
EV-TX-102806,SYN-10074,2026-10-13T12:00:00+05:30,transfer,Payment observed,Review payment evidence,TX-102806
EV-TX-102807,SYN-10074,2026-10-14T12:00:00+05:30,transfer,Payment observed,Review payment evidence,TX-102807
EV-TX-102809,SYN-10074,2026-10-17T12:00:00+05:30,transfer,Payment observed,Review payment evidence,TX-102809
EV-TX-102812,SYN-10074,2026-10-22T12:00:00+05:30,transfer,Payment observed,Review payment evidence,TX-102812
EV-TX-102823,SYN-10075,2026-08-18T12:00:00+05:30,transfer,Payment observed,Review payment evidence,TX-102823
EV-TX-102824,SYN-10075,2026-08-20T12:00:00+05:30,transfer,Payment observed,Review payment evidence,TX-102824
EV-TX-102826,SYN-10075,2026-08-21T12:00:00+05:30,transfer,Payment observed,Review payment evidence,TX-102826
EV-TX-102835,SYN-10075,2026-09-12T15:24:00+05:30,transfer,Payment observed,Review payment evidence,TX-102835
EV-TX-102836,SYN-10075,2026-09-12T15:27:00+05:30,transfer,Payment observed,Review payment evidence,TX-102836
EV-TX-102838,SYN-10075,2026-09-17T17:24:00+05:30,transfer,Payment observed,Review payment evidence,TX-102838
EV-TX-102839,SYN-10075,2026-09-18T12:00:00+05:30,transfer,Payment observed,Review payment evidence,TX-102839
EV-TX-102840,SYN-10075,2026-09-20T12:00:00+05:30,transfer,Payment observed,Review payment evidence,TX-102840
EV-TX-102842,SYN-10075,2026-09-21T12:00:00+05:30,transfer,Payment observed,Review payment evidence,TX-102842
EV-TX-102850,SYN-10075,2026-10-18T12:00:00+05:30,transfer,Payment observed,Review payment evidence,TX-102850
EV-TX-102851,SYN-10075,2026-10-20T12:00:00+05:30,transfer,Payment observed,Review payment evidence,TX-102851
EV-TX-102853,SYN-10075,2026-10-21T12:00:00+05:30,transfer,Payment observed,Review payment evidence,TX-102853
EV-TX-102863,SYN-10076,2026-08-09T12:00:00+05:30,transfer,Payment observed,Review payment evidence,TX-102863
EV-TX-102864,SYN-10076,2026-08-14T12:00:00+05:30,transfer,Payment observed,Review payment evidence,TX-102864
EV-TX-102867,SYN-10076,2026-08-22T12:00:00+05:30,transfer,Payment observed,Review payment evidence,TX-102867
EV-TX-102873,SYN-10076,2026-09-09T12:00:00+05:30,transfer,Payment observed,Review payment evidence,TX-102873
EV-TX-102874,SYN-10076,2026-09-12T13:14:00+05:30,transfer,Payment observed,Review payment evidence,TX-102874
EV-TX-102875,SYN-10076,2026-09-12T13:22:00+05:30,transfer,Payment observed,Review payment evidence,TX-102875
EV-TX-102876,SYN-10076,2026-09-14T12:00:00+05:30,transfer,Payment observed,Review payment evidence,TX-102876
EV-TX-102886,SYN-10076,2026-10-09T12:00:00+05:30,transfer,Payment observed,Review payment evidence,TX-102886
EV-TX-102887,SYN-10076,2026-10-14T12:00:00+05:30,transfer,Payment observed,Review payment evidence,TX-102887
EV-TX-102890,SYN-10076,2026-10-22T12:00:00+05:30,transfer,Payment observed,Review payment evidence,TX-102890
EV-TX-102900,SYN-10077,2026-08-13T12:00:00+05:30,transfer,Payment observed,Review payment evidence,TX-102900
EV-TX-102901,SYN-10077,2026-08-14T12:00:00+05:30,transfer,Payment observed,Review payment evidence,TX-102901
EV-TX-102904,SYN-10077,2026-08-25T12:00:00+05:30,transfer,Payment observed,Review payment evidence,TX-102904
EV-TX-102911,SYN-10077,2026-09-13T12:00:00+05:30,transfer,Payment observed,Review payment evidence,TX-102911
EV-TX-102912,SYN-10077,2026-09-14T12:00:00+05:30,transfer,Payment observed,Review payment evidence,TX-102912
EV-TX-102914,SYN-10077,2026-09-20T17:52:00+05:30,transfer,Payment observed,Review payment evidence,TX-102914
EV-TX-102915,SYN-10077,2026-09-20T18:02:00+05:30,transfer,Payment observed,Review payment evidence,TX-102915
EV-TX-102916,SYN-10077,2026-09-20T18:10:00+05:30,transfer,Payment observed,Review payment evidence,TX-102916
EV-TX-102918,SYN-10077,2026-09-25T12:00:00+05:30,transfer,Payment observed,Review payment evidence,TX-102918
EV-TX-102920,SYN-10077,2026-09-26T12:00:00+05:30,transfer,Payment observed,Review payment evidence,TX-102920
EV-TX-102925,SYN-10077,2026-10-13T12:00:00+05:30,transfer,Payment observed,Review payment evidence,TX-102925
EV-TX-102926,SYN-10077,2026-10-14T12:00:00+05:30,transfer,Payment observed,Review payment evidence,TX-102926
EV-TX-102929,SYN-10077,2026-10-25T12:00:00+05:30,transfer,Payment observed,Review payment evidence,TX-102929
EV-TX-102931,SYN-10077,2026-10-26T12:00:00+05:30,transfer,Payment observed,Review payment evidence,TX-102931
EV-TX-102939,SYN-10078,2026-08-14T12:00:00+05:30,transfer,Payment observed,Review payment evidence,TX-102939
EV-TX-102950,SYN-10078,2026-09-09T16:24:00+05:30,transfer,Payment observed,Review payment evidence,TX-102950
EV-TX-102951,SYN-10078,2026-09-14T12:00:00+05:30,transfer,Payment observed,Review payment evidence,TX-102951
EV-TX-102978,SYN-10079,2026-08-03T12:00:00+05:30,transfer,Payment observed,Review payment evidence,TX-102978
EV-TX-102982,SYN-10079,2026-08-24T12:00:00+05:30,transfer,Payment observed,Review payment evidence,TX-102982
EV-TX-102986,SYN-10079,2026-09-03T12:00:00+05:30,transfer,Payment observed,Review payment evidence,TX-102986
EV-TX-102989,SYN-10079,2026-09-15T13:46:00+05:30,transfer,Payment observed,Review payment evidence,TX-102989
EV-TX-102990,SYN-10079,2026-09-15T13:51:00+05:30,transfer,Payment observed,Review payment evidence,TX-102990
EV-TX-102991,SYN-10079,2026-09-15T14:00:00+05:30,transfer,Payment observed,Review payment evidence,TX-102991
EV-TX-102993,SYN-10079,2026-09-24T12:00:00+05:30,transfer,Payment observed,Review payment evidence,TX-102993
EV-TX-102999,SYN-10079,2026-10-03T12:00:00+05:30,transfer,Payment observed,Review payment evidence,TX-102999
EV-TX-103010,SYN-10079,2026-11-03T12:00:00+05:30,transfer,Payment observed,Review payment evidence,TX-103010
EV-TX-103017,SYN-10080,2026-08-19T12:00:00+05:30,transfer,Payment observed,Review payment evidence,TX-103017
EV-TX-103018,SYN-10080,2026-08-20T12:00:00+05:30,transfer,Payment observed,Review payment evidence,TX-103018
EV-TX-103024,SYN-10080,2026-09-13T16:13:00+05:30,transfer,Payment observed,Review payment evidence,TX-103024
EV-TX-103025,SYN-10080,2026-09-13T16:20:00+05:30,transfer,Payment observed,Review payment evidence,TX-103025
EV-TX-103027,SYN-10080,2026-09-15T17:38:00+05:30,transfer,Payment observed,Review payment evidence,TX-103027
EV-TX-103028,SYN-10080,2026-09-15T17:48:00+05:30,transfer,Payment observed,Review payment evidence,TX-103028
EV-TX-103029,SYN-10080,2026-09-15T17:56:00+05:30,transfer,Payment observed,Review payment evidence,TX-103029
EV-TX-103030,SYN-10080,2026-09-19T12:00:00+05:30,transfer,Payment observed,Review payment evidence,TX-103030
EV-TX-103031,SYN-10080,2026-09-20T12:00:00+05:30,transfer,Payment observed,Review payment evidence,TX-103031
EV-TX-103047,SYN-10081,2026-08-08T12:00:00+05:30,transfer,Payment observed,Review payment evidence,TX-103047
EV-TX-103051,SYN-10081,2026-08-22T12:00:00+05:30,transfer,Payment observed,Review payment evidence,TX-103051
EV-TX-103054,SYN-10081,2026-08-26T12:00:00+05:30,transfer,Payment observed,Review payment evidence,TX-103054
EV-TX-103059,SYN-10081,2026-09-08T12:00:00+05:30,transfer,Payment observed,Review payment evidence,TX-103059
EV-TX-103060,SYN-10081,2026-09-08T14:00:00+05:30,transfer,Payment observed,Review payment evidence,TX-103060
EV-TX-103061,SYN-10081,2026-09-08T14:03:00+05:30,transfer,Payment observed,Review payment evidence,TX-103061
EV-TX-103062,SYN-10081,2026-09-08T14:06:00+05:30,transfer,Payment observed,Review payment evidence,TX-103062
EV-TX-103063,SYN-10081,2026-09-08T14:14:00+05:30,transfer,Payment observed,Review payment evidence,TX-103063
EV-TX-103067,SYN-10081,2026-09-22T12:00:00+05:30,transfer,Payment observed,Review payment evidence,TX-103067
EV-TX-103070,SYN-10081,2026-09-26T12:00:00+05:30,transfer,Payment observed,Review payment evidence,TX-103070
EV-TX-103074,SYN-10081,2026-10-08T12:00:00+05:30,transfer,Payment observed,Review payment evidence,TX-103074
EV-TX-103078,SYN-10081,2026-10-22T12:00:00+05:30,transfer,Payment observed,Review payment evidence,TX-103078
EV-TX-103082,SYN-10081,2026-10-26T12:00:00+05:30,transfer,Payment observed,Review payment evidence,TX-103082
EV-TX-103088,SYN-10082,2026-08-03T12:00:00+05:30,transfer,Payment observed,Review payment evidence,TX-103088
EV-TX-103092,SYN-10082,2026-08-15T12:00:00+05:30,transfer,Payment observed,Review payment evidence,TX-103092
EV-TX-103097,SYN-10082,2026-09-03T12:00:00+05:30,transfer,Payment observed,Review payment evidence,TX-103097
EV-TX-103101,SYN-10082,2026-09-15T12:00:00+05:30,transfer,Payment observed,Review payment evidence,TX-103101
EV-TX-103102,SYN-10082,2026-09-15T14:00:00+05:30,transfer,Payment observed,Review payment evidence,TX-103102
EV-TX-103103,SYN-10082,2026-09-15T14:03:00+05:30,transfer,Payment observed,Review payment evidence,TX-103103
EV-TX-103104,SYN-10082,2026-09-15T14:06:00+05:30,transfer,Payment observed,Review payment evidence,TX-103104
EV-TX-103105,SYN-10082,2026-09-15T14:14:00+05:30,transfer,Payment observed,Review payment evidence,TX-103105
EV-TX-103110,SYN-10082,2026-10-03T12:00:00+05:30,transfer,Payment observed,Review payment evidence,TX-103110
EV-TX-103114,SYN-10082,2026-10-15T12:00:00+05:30,transfer,Payment observed,Review payment evidence,TX-103114
EV-TX-103119,SYN-10082,2026-11-03T12:00:00+05:30,transfer,Payment observed,Review payment evidence,TX-103119
EV-TX-103124,SYN-10083,2026-08-06T12:00:00+05:30,transfer,Payment observed,Review payment evidence,TX-103124
EV-TX-103127,SYN-10083,2026-08-17T12:00:00+05:30,transfer,Payment observed,Review payment evidence,TX-103127
EV-TX-103129,SYN-10083,2026-08-21T12:00:00+05:30,transfer,Payment observed,Review payment evidence,TX-103129
EV-TX-103130,SYN-10083,2026-08-22T12:00:00+05:30,transfer,Payment observed,Review payment evidence,TX-103130
EV-TX-103135,SYN-10083,2026-09-06T12:00:00+05:30,transfer,Payment observed,Review payment evidence,TX-103135
EV-TX-103138,SYN-10083,2026-09-17T12:00:00+05:30,transfer,Payment observed,Review payment evidence,TX-103138
EV-TX-103139,SYN-10083,2026-09-20T14:07:00+05:30,transfer,Payment observed,Review payment evidence,TX-103139
EV-TX-103140,SYN-10083,2026-09-20T14:13:00+05:30,transfer,Payment observed,Review payment evidence,TX-103140
EV-TX-103142,SYN-10083,2026-09-21T12:00:00+05:30,transfer,Payment observed,Review payment evidence,TX-103142
EV-TX-103143,SYN-10083,2026-09-22T12:00:00+05:30,transfer,Payment observed,Review payment evidence,TX-103143
EV-TX-103146,SYN-10083,2026-09-26T14:20:00+05:30,transfer,Payment observed,Review payment evidence,TX-103146
EV-TX-103147,SYN-10083,2026-09-26T14:23:00+05:30,transfer,Payment observed,Review payment evidence,TX-103147
EV-TX-103151,SYN-10083,2026-10-06T12:00:00+05:30,transfer,Payment observed,Review payment evidence,TX-103151
EV-TX-103154,SYN-10083,2026-10-17T12:00:00+05:30,transfer,Payment observed,Review payment evidence,TX-103154
EV-TX-103156,SYN-10083,2026-10-21T12:00:00+05:30,transfer,Payment observed,Review payment evidence,TX-103156
EV-TX-103157,SYN-10083,2026-10-22T12:00:00+05:30,transfer,Payment observed,Review payment evidence,TX-103157
EV-TX-103166,SYN-10084,2026-08-05T12:00:00+05:30,transfer,Payment observed,Review payment evidence,TX-103166
EV-TX-103168,SYN-10084,2026-08-14T12:00:00+05:30,transfer,Payment observed,Review payment evidence,TX-103168
EV-TX-103173,SYN-10084,2026-08-28T12:00:00+05:30,transfer,Payment observed,Review payment evidence,TX-103173
EV-TX-103176,SYN-10084,2026-09-05T12:00:00+05:30,transfer,Payment observed,Review payment evidence,TX-103176
EV-TX-103178,SYN-10084,2026-09-14T12:00:00+05:30,transfer,Payment observed,Review payment evidence,TX-103178
EV-TX-103180,SYN-10084,2026-09-19T17:22:00+05:30,transfer,Payment observed,Review payment evidence,TX-103180
EV-TX-103181,SYN-10084,2026-09-19T17:32:00+05:30,transfer,Payment observed,Review payment evidence,TX-103181
EV-TX-103185,SYN-10084,2026-09-28T12:00:00+05:30,transfer,Payment observed,Review payment evidence,TX-103185
EV-TX-103188,SYN-10084,2026-10-05T12:00:00+05:30,transfer,Payment observed,Review payment evidence,TX-103188
EV-TX-103190,SYN-10084,2026-10-14T12:00:00+05:30,transfer,Payment observed,Review payment evidence,TX-103190
EV-TX-103195,SYN-10084,2026-10-28T12:00:00+05:30,transfer,Payment observed,Review payment evidence,TX-103195
EV-TX-103198,SYN-10084,2026-11-05T12:00:00+05:30,transfer,Payment observed,Review payment evidence,TX-103198
EV-TX-103202,SYN-10085,2026-08-03T12:00:00+05:30,transfer,Payment observed,Review payment evidence,TX-103202
EV-TX-103204,SYN-10085,2026-08-11T12:00:00+05:30,transfer,Payment observed,Review payment evidence,TX-103204
EV-TX-103213,SYN-10085,2026-09-03T12:00:00+05:30,transfer,Payment observed,Review payment evidence,TX-103213
EV-TX-103215,SYN-10085,2026-09-10T13:50:00+05:30,transfer,Payment observed,Review payment evidence,TX-103215
EV-TX-103216,SYN-10085,2026-09-10T14:00:00+05:30,transfer,Payment observed,Review payment evidence,TX-103216
EV-TX-103217,SYN-10085,2026-09-11T12:00:00+05:30,transfer,Payment observed,Review payment evidence,TX-103217
EV-TX-103219,SYN-10085,2026-09-16T14:51:00+05:30,transfer,Payment observed,Review payment evidence,TX-103219
EV-TX-103220,SYN-10085,2026-09-19T10:00:00+05:30,transfer,Payment observed,Review payment evidence,TX-103220
EV-TX-103227,SYN-10085,2026-10-03T12:00:00+05:30,transfer,Payment observed,Review payment evidence,TX-103227
EV-TX-103229,SYN-10085,2026-10-11T12:00:00+05:30,transfer,Payment observed,Review payment evidence,TX-103229
EV-TX-103237,SYN-10085,2026-11-03T12:00:00+05:30,transfer,Payment observed,Review payment evidence,TX-103237
EV-TX-103245,SYN-10086,2026-08-22T12:00:00+05:30,transfer,Payment observed,Review payment evidence,TX-103245
EV-TX-103247,SYN-10086,2026-08-27T12:00:00+05:30,transfer,Payment observed,Review payment evidence,TX-103247
EV-TX-103251,SYN-10086,2026-09-14T14:38:00+05:30,transfer,Payment observed,Review payment evidence,TX-103251
EV-TX-103255,SYN-10086,2026-09-22T12:00:00+05:30,transfer,Payment observed,Review payment evidence,TX-103255
EV-TX-103257,SYN-10086,2026-09-27T12:00:00+05:30,transfer,Payment observed,Review payment evidence,TX-103257
EV-TX-103264,SYN-10086,2026-10-22T12:00:00+05:30,transfer,Payment observed,Review payment evidence,TX-103264
EV-TX-103266,SYN-10086,2026-10-27T12:00:00+05:30,transfer,Payment observed,Review payment evidence,TX-103266
EV-TX-103273,SYN-10087,2026-08-10T12:00:00+05:30,transfer,Payment observed,Review payment evidence,TX-103273
EV-TX-103275,SYN-10087,2026-08-16T12:00:00+05:30,transfer,Payment observed,Review payment evidence,TX-103275
EV-TX-103282,SYN-10087,2026-09-10T12:00:00+05:30,transfer,Payment observed,Review payment evidence,TX-103282
EV-TX-103284,SYN-10087,2026-09-16T12:00:00+05:30,transfer,Payment observed,Review payment evidence,TX-103284
EV-TX-103285,SYN-10087,2026-09-16T16:06:00+05:30,transfer,Payment observed,Review payment evidence,TX-103285
EV-TX-103286,SYN-10087,2026-09-16T16:14:00+05:30,transfer,Payment observed,Review payment evidence,TX-103286
EV-TX-103287,SYN-10087,2026-09-16T16:14:00+05:30,transfer,Payment observed,Review payment evidence,TX-103287
EV-TX-103294,SYN-10087,2026-10-10T12:00:00+05:30,transfer,Payment observed,Review payment evidence,TX-103294
EV-TX-103296,SYN-10087,2026-10-16T12:00:00+05:30,transfer,Payment observed,Review payment evidence,TX-103296
EV-TX-103306,SYN-10088,2026-08-12T12:00:00+05:30,transfer,Payment observed,Review payment evidence,TX-103306
EV-TX-103308,SYN-10088,2026-08-18T12:00:00+05:30,transfer,Payment observed,Review payment evidence,TX-103308
EV-TX-103309,SYN-10088,2026-08-20T12:00:00+05:30,transfer,Payment observed,Review payment evidence,TX-103309
EV-TX-103316,SYN-10088,2026-09-12T12:00:00+05:30,transfer,Payment observed,Review payment evidence,TX-103316
EV-TX-103318,SYN-10088,2026-09-17T17:28:00+05:30,transfer,Payment observed,Review payment evidence,TX-103318
EV-TX-103319,SYN-10088,2026-09-17T17:33:00+05:30,transfer,Payment observed,Review payment evidence,TX-103319
EV-TX-103320,SYN-10088,2026-09-17T17:42:00+05:30,transfer,Payment observed,Review payment evidence,TX-103320
EV-TX-103321,SYN-10088,2026-09-18T12:00:00+05:30,transfer,Payment observed,Review payment evidence,TX-103321
EV-TX-103322,SYN-10088,2026-09-20T12:00:00+05:30,transfer,Payment observed,Review payment evidence,TX-103322
EV-TX-103329,SYN-10088,2026-10-12T12:00:00+05:30,transfer,Payment observed,Review payment evidence,TX-103329
EV-TX-103331,SYN-10088,2026-10-18T12:00:00+05:30,transfer,Payment observed,Review payment evidence,TX-103331
EV-TX-103332,SYN-10088,2026-10-20T12:00:00+05:30,transfer,Payment observed,Review payment evidence,TX-103332
EV-TX-103343,SYN-10089,2026-08-17T12:00:00+05:30,transfer,Payment observed,Review payment evidence,TX-103343
EV-TX-103347,SYN-10089,2026-08-27T12:00:00+05:30,transfer,Payment observed,Review payment evidence,TX-103347
EV-TX-103352,SYN-10089,2026-09-17T12:00:00+05:30,transfer,Payment observed,Review payment evidence,TX-103352
EV-TX-103356,SYN-10089,2026-09-27T12:00:00+05:30,transfer,Payment observed,Review payment evidence,TX-103356
EV-TX-103361,SYN-10089,2026-10-17T12:00:00+05:30,transfer,Payment observed,Review payment evidence,TX-103361
EV-TX-103365,SYN-10089,2026-10-27T12:00:00+05:30,transfer,Payment observed,Review payment evidence,TX-103365
EV-TX-103370,SYN-10090,2026-08-02T12:00:00+05:30,transfer,Payment observed,Review payment evidence,TX-103370
EV-TX-103373,SYN-10090,2026-08-11T12:00:00+05:30,transfer,Payment observed,Review payment evidence,TX-103373
EV-TX-103375,SYN-10090,2026-08-16T12:00:00+05:30,transfer,Payment observed,Review payment evidence,TX-103375
EV-TX-103379,SYN-10090,2026-09-02T12:00:00+05:30,transfer,Payment observed,Review payment evidence,TX-103379
EV-TX-103382,SYN-10090,2026-09-10T15:11:00+05:30,transfer,Payment observed,Review payment evidence,TX-103382
EV-TX-103383,SYN-10090,2026-09-10T15:21:00+05:30,transfer,Payment observed,Review payment evidence,TX-103383
EV-TX-103384,SYN-10090,2026-09-10T15:23:00+05:30,transfer,Payment observed,Review payment evidence,TX-103384
EV-TX-103385,SYN-10090,2026-09-11T12:00:00+05:30,transfer,Payment observed,Review payment evidence,TX-103385
EV-TX-103386,SYN-10090,2026-09-12T15:02:00+05:30,transfer,Payment observed,Review payment evidence,TX-103386
EV-TX-103388,SYN-10090,2026-09-16T12:00:00+05:30,transfer,Payment observed,Review payment evidence,TX-103388
EV-TX-103392,SYN-10090,2026-10-02T12:00:00+05:30,transfer,Payment observed,Review payment evidence,TX-103392
EV-TX-103395,SYN-10090,2026-10-11T12:00:00+05:30,transfer,Payment observed,Review payment evidence,TX-103395
EV-TX-103403,SYN-10090,2026-11-02T12:00:00+05:30,transfer,Payment observed,Review payment evidence,TX-103403
EV-TX-103405,SYN-10091,2026-08-02T12:00:00+05:30,transfer,Payment observed,Review payment evidence,TX-103405
EV-TX-103408,SYN-10091,2026-08-09T12:00:00+05:30,transfer,Payment observed,Review payment evidence,TX-103408
EV-TX-103418,SYN-10091,2026-09-02T12:00:00+05:30,transfer,Payment observed,Review payment evidence,TX-103418
EV-TX-103421,SYN-10091,2026-09-09T12:00:00+05:30,transfer,Payment observed,Review payment evidence,TX-103421
EV-TX-103436,SYN-10091,2026-11-02T12:00:00+05:30,transfer,Payment observed,Review payment evidence,TX-103436
EV-TX-103440,SYN-10092,2026-08-07T12:00:00+05:30,transfer,Payment observed,Review payment evidence,TX-103440
EV-TX-103444,SYN-10092,2026-08-21T12:00:00+05:30,transfer,Payment observed,Review payment evidence,TX-103444
EV-TX-103449,SYN-10092,2026-09-07T12:00:00+05:30,transfer,Payment observed,Review payment evidence,TX-103449
EV-TX-103451,SYN-10092,2026-09-09T17:16:00+05:30,transfer,Payment observed,Review payment evidence,TX-103451
EV-TX-103452,SYN-10092,2026-09-09T17:23:00+05:30,transfer,Payment observed,Review payment evidence,TX-103452
EV-TX-103453,SYN-10092,2026-09-09T17:30:00+05:30,transfer,Payment observed,Review payment evidence,TX-103453
EV-TX-103455,SYN-10092,2026-09-20T15:25:00+05:30,transfer,Payment observed,Review payment evidence,TX-103455
EV-TX-103456,SYN-10092,2026-09-20T15:34:00+05:30,transfer,Payment observed,Review payment evidence,TX-103456
EV-TX-103457,SYN-10092,2026-09-20T15:33:00+05:30,transfer,Payment observed,Review payment evidence,TX-103457
EV-TX-103459,SYN-10092,2026-09-21T12:00:00+05:30,transfer,Payment observed,Review payment evidence,TX-103459
EV-TX-103464,SYN-10092,2026-10-07T12:00:00+05:30,transfer,Payment observed,Review payment evidence,TX-103464
EV-TX-103468,SYN-10092,2026-10-21T12:00:00+05:30,transfer,Payment observed,Review payment evidence,TX-103468
EV-TX-103478,SYN-10093,2026-08-11T12:00:00+05:30,transfer,Payment observed,Review payment evidence,TX-103478
EV-TX-103483,SYN-10093,2026-08-27T12:00:00+05:30,transfer,Payment observed,Review payment evidence,TX-103483
EV-TX-103487,SYN-10093,2026-09-11T12:00:00+05:30,transfer,Payment observed,Review payment evidence,TX-103487
EV-TX-103488,SYN-10093,2026-09-12T14:00:00+05:30,transfer,Payment observed,Review payment evidence,TX-103488
EV-TX-103489,SYN-10093,2026-09-12T14:03:00+05:30,transfer,Payment observed,Review payment evidence,TX-103489
EV-TX-103490,SYN-10093,2026-09-12T14:06:00+05:30,transfer,Payment observed,Review payment evidence,TX-103490
EV-TX-103491,SYN-10093,2026-09-12T14:14:00+05:30,transfer,Payment observed,Review payment evidence,TX-103491
EV-TX-103496,SYN-10093,2026-09-27T12:00:00+05:30,transfer,Payment observed,Review payment evidence,TX-103496
EV-TX-103500,SYN-10093,2026-10-11T12:00:00+05:30,transfer,Payment observed,Review payment evidence,TX-103500
EV-TX-103505,SYN-10093,2026-10-27T12:00:00+05:30,transfer,Payment observed,Review payment evidence,TX-103505
EV-TX-103511,SYN-10094,2026-08-05T12:00:00+05:30,transfer,Payment observed,Review payment evidence,TX-103511
EV-TX-103513,SYN-10094,2026-08-09T12:00:00+05:30,transfer,Payment observed,Review payment evidence,TX-103513
EV-TX-103520,SYN-10094,2026-09-05T12:00:00+05:30,transfer,Payment observed,Review payment evidence,TX-103520
EV-TX-103522,SYN-10094,2026-09-09T12:00:00+05:30,transfer,Payment observed,Review payment evidence,TX-103522
EV-TX-103523,SYN-10094,2026-09-11T17:17:00+05:30,transfer,Payment observed,Review payment evidence,TX-103523
EV-TX-103524,SYN-10094,2026-09-11T17:21:00+05:30,transfer,Payment observed,Review payment evidence,TX-103524
EV-TX-103526,SYN-10094,2026-09-20T14:00:00+05:30,transfer,Payment observed,Review payment evidence,TX-103526
EV-TX-103527,SYN-10094,2026-09-20T14:03:00+05:30,transfer,Payment observed,Review payment evidence,TX-103527
EV-TX-103528,SYN-10094,2026-09-20T14:06:00+05:30,transfer,Payment observed,Review payment evidence,TX-103528
EV-TX-103529,SYN-10094,2026-09-20T14:14:00+05:30,transfer,Payment observed,Review payment evidence,TX-103529
EV-TX-103535,SYN-10094,2026-10-05T12:00:00+05:30,transfer,Payment observed,Review payment evidence,TX-103535
EV-TX-103537,SYN-10094,2026-10-09T12:00:00+05:30,transfer,Payment observed,Review payment evidence,TX-103537
EV-TX-103544,SYN-10094,2026-11-05T12:00:00+05:30,transfer,Payment observed,Review payment evidence,TX-103544
EV-TX-103547,SYN-10095,2026-08-07T12:00:00+05:30,transfer,Payment observed,Review payment evidence,TX-103547
EV-TX-103549,SYN-10095,2026-08-12T12:00:00+05:30,transfer,Payment observed,Review payment evidence,TX-103549
EV-TX-103550,SYN-10095,2026-08-14T12:00:00+05:30,transfer,Payment observed,Review payment evidence,TX-103550
EV-TX-103552,SYN-10095,2026-08-16T12:00:00+05:30,transfer,Payment observed,Review payment evidence,TX-103552
EV-TX-103559,SYN-10095,2026-09-07T12:00:00+05:30,transfer,Payment observed,Review payment evidence,TX-103559
EV-TX-103561,SYN-10095,2026-09-12T12:00:00+05:30,transfer,Payment observed,Review payment evidence,TX-103561
EV-TX-103562,SYN-10095,2026-09-14T12:00:00+05:30,transfer,Payment observed,Review payment evidence,TX-103562
EV-TX-103564,SYN-10095,2026-09-16T12:00:00+05:30,transfer,Payment observed,Review payment evidence,TX-103564
EV-TX-103565,SYN-10095,2026-09-20T17:05:00+05:30,transfer,Payment observed,Review payment evidence,TX-103565
EV-TX-103566,SYN-10095,2026-09-20T17:15:00+05:30,transfer,Payment observed,Review payment evidence,TX-103566
EV-TX-103573,SYN-10095,2026-10-07T12:00:00+05:30,transfer,Payment observed,Review payment evidence,TX-103573
EV-TX-103575,SYN-10095,2026-10-12T12:00:00+05:30,transfer,Payment observed,Review payment evidence,TX-103575
EV-TX-103576,SYN-10095,2026-10-14T12:00:00+05:30,transfer,Payment observed,Review payment evidence,TX-103576
EV-TX-103588,SYN-10096,2026-08-04T12:00:00+05:30,transfer,Payment observed,Review payment evidence,TX-103588
EV-TX-103591,SYN-10096,2026-08-14T12:00:00+05:30,transfer,Payment observed,Review payment evidence,TX-103591
EV-TX-103593,SYN-10096,2026-08-17T12:00:00+05:30,transfer,Payment observed,Review payment evidence,TX-103593
EV-TX-103598,SYN-10096,2026-09-04T12:00:00+05:30,transfer,Payment observed,Review payment evidence,TX-103598
EV-TX-103601,SYN-10096,2026-09-09T17:40:00+05:30,transfer,Payment observed,Review payment evidence,TX-103601
EV-TX-103602,SYN-10096,2026-09-09T17:48:00+05:30,transfer,Payment observed,Review payment evidence,TX-103602
EV-TX-103603,SYN-10096,2026-09-09T17:56:00+05:30,transfer,Payment observed,Review payment evidence,TX-103603
EV-TX-103604,SYN-10096,2026-09-14T12:00:00+05:30,transfer,Payment observed,Review payment evidence,TX-103604
EV-TX-103606,SYN-10096,2026-09-17T12:00:00+05:30,transfer,Payment observed,Review payment evidence,TX-103606
EV-TX-103611,SYN-10096,2026-10-04T12:00:00+05:30,transfer,Payment observed,Review payment evidence,TX-103611
EV-TX-103614,SYN-10096,2026-10-14T12:00:00+05:30,transfer,Payment observed,Review payment evidence,TX-103614
EV-TX-103616,SYN-10096,2026-10-17T12:00:00+05:30,transfer,Payment observed,Review payment evidence,TX-103616
EV-TX-103621,SYN-10096,2026-11-04T12:00:00+05:30,transfer,Payment observed,Review payment evidence,TX-103621
EV-TX-103627,SYN-10097,2026-08-13T12:00:00+05:30,transfer,Payment observed,Review payment evidence,TX-103627
EV-TX-103629,SYN-10097,2026-08-17T12:00:00+05:30,transfer,Payment observed,Review payment evidence,TX-103629
EV-TX-103632,SYN-10097,2026-08-25T12:00:00+05:30,transfer,Payment observed,Review payment evidence,TX-103632
EV-TX-103634,SYN-10097,2026-08-28T12:00:00+05:30,transfer,Payment observed,Review payment evidence,TX-103634
EV-TX-103638,SYN-10097,2026-09-09T17:10:00+05:30,transfer,Payment observed,Review payment evidence,TX-103638
EV-TX-103639,SYN-10097,2026-09-12T10:00:00+05:30,transfer,Payment observed,Review payment evidence,TX-103639
EV-TX-103640,SYN-10097,2026-09-13T12:00:00+05:30,transfer,Payment observed,Review payment evidence,TX-103640
EV-TX-103642,SYN-10097,2026-09-17T12:00:00+05:30,transfer,Payment observed,Review payment evidence,TX-103642
EV-TX-103645,SYN-10097,2026-09-25T12:00:00+05:30,transfer,Payment observed,Review payment evidence,TX-103645
EV-TX-103647,SYN-10097,2026-09-28T12:00:00+05:30,transfer,Payment observed,Review payment evidence,TX-103647
EV-TX-103651,SYN-10097,2026-10-13T12:00:00+05:30,transfer,Payment observed,Review payment evidence,TX-103651
EV-TX-103653,SYN-10097,2026-10-17T12:00:00+05:30,transfer,Payment observed,Review payment evidence,TX-103653
EV-TX-103656,SYN-10097,2026-10-25T12:00:00+05:30,transfer,Payment observed,Review payment evidence,TX-103656
EV-TX-103658,SYN-10097,2026-10-28T12:00:00+05:30,transfer,Payment observed,Review payment evidence,TX-103658
EV-TX-103664,SYN-10098,2026-08-05T12:00:00+05:30,transfer,Payment observed,Review payment evidence,TX-103664
EV-TX-103665,SYN-10098,2026-08-07T12:00:00+05:30,transfer,Payment observed,Review payment evidence,TX-103665
EV-TX-103667,SYN-10098,2026-08-14T12:00:00+05:30,transfer,Payment observed,Review payment evidence,TX-103667
EV-TX-103669,SYN-10098,2026-08-16T12:00:00+05:30,transfer,Payment observed,Review payment evidence,TX-103669
EV-TX-103675,SYN-10098,2026-09-05T12:00:00+05:30,transfer,Payment observed,Review payment evidence,TX-103675
EV-TX-103676,SYN-10098,2026-09-07T12:00:00+05:30,transfer,Payment observed,Review payment evidence,TX-103676
EV-TX-103678,SYN-10098,2026-09-10T17:34:00+05:30,transfer,Payment observed,Review payment evidence,TX-103678
EV-TX-103679,SYN-10098,2026-09-10T17:37:00+05:30,transfer,Payment observed,Review payment evidence,TX-103679
EV-TX-103680,SYN-10098,2026-09-14T12:00:00+05:30,transfer,Payment observed,Review payment evidence,TX-103680
EV-TX-103690,SYN-10098,2026-10-05T12:00:00+05:30,transfer,Payment observed,Review payment evidence,TX-103690
EV-TX-103691,SYN-10098,2026-10-07T12:00:00+05:30,transfer,Payment observed,Review payment evidence,TX-103691
EV-TX-103693,SYN-10098,2026-10-14T12:00:00+05:30,transfer,Payment observed,Review payment evidence,TX-103693
EV-TX-103695,SYN-10098,2026-10-16T12:00:00+05:30,transfer,Payment observed,Review payment evidence,TX-103695
EV-TX-103703,SYN-10098,2026-11-05T12:00:00+05:30,transfer,Payment observed,Review payment evidence,TX-103703
EV-TX-103708,SYN-10099,2026-08-12T12:00:00+05:30,transfer,Payment observed,Review payment evidence,TX-103708
EV-TX-103710,SYN-10099,2026-08-20T12:00:00+05:30,transfer,Payment observed,Review payment evidence,TX-103710
EV-TX-103717,SYN-10099,2026-09-12T12:00:00+05:30,transfer,Payment observed,Review payment evidence,TX-103717
EV-TX-103719,SYN-10099,2026-09-15T17:37:00+05:30,transfer,Payment observed,Review payment evidence,TX-103719
EV-TX-103720,SYN-10099,2026-09-15T17:40:00+05:30,transfer,Payment observed,Review payment evidence,TX-103720
EV-TX-103721,SYN-10099,2026-09-15T17:49:00+05:30,transfer,Payment observed,Review payment evidence,TX-103721
EV-TX-103722,SYN-10099,2026-09-20T12:00:00+05:30,transfer,Payment observed,Review payment evidence,TX-103722
EV-TX-103729,SYN-10099,2026-10-12T12:00:00+05:30,transfer,Payment observed,Review payment evidence,TX-103729
EV-TX-103731,SYN-10099,2026-10-20T12:00:00+05:30,transfer,Payment observed,Review payment evidence,TX-103731
EV-TX-103744,SYN-10100,2026-08-11T12:00:00+05:30,transfer,Payment observed,Review payment evidence,TX-103744
EV-TX-103745,SYN-10100,2026-08-14T12:00:00+05:30,transfer,Payment observed,Review payment evidence,TX-103745
EV-TX-103747,SYN-10100,2026-08-20T12:00:00+05:30,transfer,Payment observed,Review payment evidence,TX-103747
EV-TX-103753,SYN-10100,2026-09-11T12:00:00+05:30,transfer,Payment observed,Review payment evidence,TX-103753
EV-TX-103754,SYN-10100,2026-09-14T12:00:00+05:30,transfer,Payment observed,Review payment evidence,TX-103754
EV-TX-103756,SYN-10100,2026-09-20T12:00:00+05:30,transfer,Payment observed,Review payment evidence,TX-103756
EV-TX-103762,SYN-10100,2026-10-11T12:00:00+05:30,transfer,Payment observed,Review payment evidence,TX-103762
EV-TX-103763,SYN-10100,2026-10-14T12:00:00+05:30,transfer,Payment observed,Review payment evidence,TX-103763
EV-TX-103765,SYN-10100,2026-10-20T12:00:00+05:30,transfer,Payment observed,Review payment evidence,TX-103765
EV-TX-103772,SYN-10101,2026-08-03T12:00:00+05:30,transfer,Payment observed,Review payment evidence,TX-103772
EV-TX-103775,SYN-10101,2026-08-17T12:00:00+05:30,transfer,Payment observed,Review payment evidence,TX-103775
EV-TX-103777,SYN-10101,2026-08-22T12:00:00+05:30,transfer,Payment observed,Review payment evidence,TX-103777
EV-TX-103779,SYN-10101,2026-08-24T12:00:00+05:30,transfer,Payment observed,Review payment evidence,TX-103779
EV-TX-103784,SYN-10101,2026-09-03T12:00:00+05:30,transfer,Payment observed,Review payment evidence,TX-103784
EV-TX-103787,SYN-10101,2026-09-17T12:00:00+05:30,transfer,Payment observed,Review payment evidence,TX-103787
EV-TX-103789,SYN-10101,2026-09-22T12:00:00+05:30,transfer,Payment observed,Review payment evidence,TX-103789
EV-TX-103791,SYN-10101,2026-09-24T12:00:00+05:30,transfer,Payment observed,Review payment evidence,TX-103791
EV-TX-103797,SYN-10101,2026-10-03T12:00:00+05:30,transfer,Payment observed,Review payment evidence,TX-103797
EV-TX-103810,SYN-10101,2026-11-03T12:00:00+05:30,transfer,Payment observed,Review payment evidence,TX-103810
EV-TX-103816,SYN-10102,2026-08-04T12:00:00+05:30,transfer,Payment observed,Review payment evidence,TX-103816
EV-TX-103820,SYN-10102,2026-08-23T12:00:00+05:30,transfer,Payment observed,Review payment evidence,TX-103820
EV-TX-103825,SYN-10102,2026-09-04T12:00:00+05:30,transfer,Payment observed,Review payment evidence,TX-103825
EV-TX-103827,SYN-10102,2026-09-12T16:03:00+05:30,transfer,Payment observed,Review payment evidence,TX-103827
EV-TX-103828,SYN-10102,2026-09-12T16:10:00+05:30,transfer,Payment observed,Review payment evidence,TX-103828
EV-TX-103829,SYN-10102,2026-09-12T16:13:00+05:30,transfer,Payment observed,Review payment evidence,TX-103829
EV-TX-103831,SYN-10102,2026-09-19T16:24:00+05:30,transfer,Payment observed,Review payment evidence,TX-103831
EV-TX-103832,SYN-10102,2026-09-19T16:30:00+05:30,transfer,Payment observed,Review payment evidence,TX-103832
EV-TX-103833,SYN-10102,2026-09-19T16:30:00+05:30,transfer,Payment observed,Review payment evidence,TX-103833
EV-TX-103835,SYN-10102,2026-09-23T12:00:00+05:30,transfer,Payment observed,Review payment evidence,TX-103835
EV-TX-103858,SYN-10103,2026-08-05T12:00:00+05:30,transfer,Payment observed,Review payment evidence,TX-103858
EV-TX-103861,SYN-10103,2026-08-17T12:00:00+05:30,transfer,Payment observed,Review payment evidence,TX-103861
EV-TX-103867,SYN-10103,2026-09-05T12:00:00+05:30,transfer,Payment observed,Review payment evidence,TX-103867
EV-TX-103870,SYN-10103,2026-09-17T12:00:00+05:30,transfer,Payment observed,Review payment evidence,TX-103870
EV-TX-103875,SYN-10103,2026-10-05T12:00:00+05:30,transfer,Payment observed,Review payment evidence,TX-103875
EV-TX-103878,SYN-10103,2026-10-17T12:00:00+05:30,transfer,Payment observed,Review payment evidence,TX-103878
EV-TX-103886,SYN-10103,2026-11-05T12:00:00+05:30,transfer,Payment observed,Review payment evidence,TX-103886
EV-TX-103888,SYN-10104,2026-08-02T12:00:00+05:30,transfer,Payment observed,Review payment evidence,TX-103888
EV-TX-103894,SYN-10104,2026-08-23T12:00:00+05:30,transfer,Payment observed,Review payment evidence,TX-103894
EV-TX-103898,SYN-10104,2026-09-02T12:00:00+05:30,transfer,Payment observed,Review payment evidence,TX-103898
EV-TX-103902,SYN-10104,2026-09-15T16:01:00+05:30,transfer,Payment observed,Review payment evidence,TX-103902
EV-TX-103903,SYN-10104,2026-09-15T16:09:00+05:30,transfer,Payment observed,Review payment evidence,TX-103903
EV-TX-103906,SYN-10104,2026-09-23T12:00:00+05:30,transfer,Payment observed,Review payment evidence,TX-103906
EV-TX-103910,SYN-10104,2026-10-02T12:00:00+05:30,transfer,Payment observed,Review payment evidence,TX-103910
EV-TX-103925,SYN-10104,2026-11-02T12:00:00+05:30,transfer,Payment observed,Review payment evidence,TX-103925
EV-TX-103931,SYN-10105,2026-08-04T12:00:00+05:30,transfer,Payment observed,Review payment evidence,TX-103931
EV-TX-103933,SYN-10105,2026-08-09T12:00:00+05:30,transfer,Payment observed,Review payment evidence,TX-103933
EV-TX-103936,SYN-10105,2026-08-21T12:00:00+05:30,transfer,Payment observed,Review payment evidence,TX-103936
EV-TX-103938,SYN-10105,2026-08-25T12:00:00+05:30,transfer,Payment observed,Review payment evidence,TX-103938
EV-TX-103942,SYN-10105,2026-09-04T12:00:00+05:30,transfer,Payment observed,Review payment evidence,TX-103942
EV-TX-103944,SYN-10105,2026-09-09T12:00:00+05:30,transfer,Payment observed,Review payment evidence,TX-103944
EV-TX-103945,SYN-10105,2026-09-12T16:13:00+05:30,transfer,Payment observed,Review payment evidence,TX-103945
EV-TX-103946,SYN-10105,2026-09-12T16:17:00+05:30,transfer,Payment observed,Review payment evidence,TX-103946
EV-TX-103947,SYN-10105,2026-09-12T16:25:00+05:30,transfer,Payment observed,Review payment evidence,TX-103947
EV-TX-103948,SYN-10105,2026-09-12T14:00:00+05:30,transfer,Payment observed,Review payment evidence,TX-103948
EV-TX-103949,SYN-10105,2026-09-12T14:03:00+05:30,transfer,Payment observed,Review payment evidence,TX-103949
EV-TX-103950,SYN-10105,2026-09-12T14:06:00+05:30,transfer,Payment observed,Review payment evidence,TX-103950
EV-TX-103951,SYN-10105,2026-09-12T14:14:00+05:30,transfer,Payment observed,Review payment evidence,TX-103951
EV-TX-103954,SYN-10105,2026-09-21T12:00:00+05:30,transfer,Payment observed,Review payment evidence,TX-103954
EV-TX-103956,SYN-10105,2026-09-25T12:00:00+05:30,transfer,Payment observed,Review payment evidence,TX-103956
EV-TX-103962,SYN-10105,2026-10-04T12:00:00+05:30,transfer,Payment observed,Review payment evidence,TX-103962
EV-TX-103964,SYN-10105,2026-10-09T12:00:00+05:30,transfer,Payment observed,Review payment evidence,TX-103964
EV-TX-103967,SYN-10105,2026-10-21T12:00:00+05:30,transfer,Payment observed,Review payment evidence,TX-103967
EV-TX-103969,SYN-10105,2026-10-25T12:00:00+05:30,transfer,Payment observed,Review payment evidence,TX-103969
EV-TX-103974,SYN-10105,2026-11-04T12:00:00+05:30,transfer,Payment observed,Review payment evidence,TX-103974
EV-TX-103979,SYN-10106,2026-08-10T12:00:00+05:30,transfer,Payment observed,Review payment evidence,TX-103979
EV-TX-103981,SYN-10106,2026-08-20T12:00:00+05:30,transfer,Payment observed,Review payment evidence,TX-103981
EV-TX-103983,SYN-10106,2026-08-24T12:00:00+05:30,transfer,Payment observed,Review payment evidence,TX-103983
EV-TX-103986,SYN-10106,2026-08-27T12:00:00+05:30,transfer,Payment observed,Review payment evidence,TX-103986
EV-TX-103990,SYN-10106,2026-09-10T12:00:00+05:30,transfer,Payment observed,Review payment evidence,TX-103990
EV-TX-103991,SYN-10106,2026-09-10T14:00:00+05:30,transfer,Payment observed,Review payment evidence,TX-103991
EV-TX-103992,SYN-10106,2026-09-10T14:03:00+05:30,transfer,Payment observed,Review payment evidence,TX-103992
EV-TX-103993,SYN-10106,2026-09-10T14:06:00+05:30,transfer,Payment observed,Review payment evidence,TX-103993
EV-TX-103994,SYN-10106,2026-09-10T14:14:00+05:30,transfer,Payment observed,Review payment evidence,TX-103994
EV-TX-103996,SYN-10106,2026-09-20T12:00:00+05:30,transfer,Payment observed,Review payment evidence,TX-103996
EV-TX-103998,SYN-10106,2026-09-24T12:00:00+05:30,transfer,Payment observed,Review payment evidence,TX-103998
EV-TX-104001,SYN-10106,2026-09-27T12:00:00+05:30,transfer,Payment observed,Review payment evidence,TX-104001
EV-TX-104005,SYN-10106,2026-10-10T12:00:00+05:30,transfer,Payment observed,Review payment evidence,TX-104005
EV-TX-104007,SYN-10106,2026-10-20T12:00:00+05:30,transfer,Payment observed,Review payment evidence,TX-104007
EV-TX-104009,SYN-10106,2026-10-24T12:00:00+05:30,transfer,Payment observed,Review payment evidence,TX-104009
EV-TX-104012,SYN-10106,2026-10-27T12:00:00+05:30,transfer,Payment observed,Review payment evidence,TX-104012
EV-TX-104019,SYN-10107,2026-08-10T12:00:00+05:30,transfer,Payment observed,Review payment evidence,TX-104019
EV-TX-104020,SYN-10107,2026-08-13T12:00:00+05:30,transfer,Payment observed,Review payment evidence,TX-104020
EV-TX-104022,SYN-10107,2026-08-15T12:00:00+05:30,transfer,Payment observed,Review payment evidence,TX-104022
EV-TX-104024,SYN-10107,2026-08-22T12:00:00+05:30,transfer,Payment observed,Review payment evidence,TX-104024
EV-TX-104030,SYN-10107,2026-09-10T12:00:00+05:30,transfer,Payment observed,Review payment evidence,TX-104030
EV-TX-104031,SYN-10107,2026-09-13T12:00:00+05:30,transfer,Payment observed,Review payment evidence,TX-104031
EV-TX-104033,SYN-10107,2026-09-15T12:00:00+05:30,transfer,Payment observed,Review payment evidence,TX-104033
EV-TX-104034,SYN-10107,2026-09-20T14:52:00+05:30,transfer,Payment observed,Review payment evidence,TX-104034
EV-TX-104035,SYN-10107,2026-09-20T14:56:00+05:30,transfer,Payment observed,Review payment evidence,TX-104035
EV-TX-104037,SYN-10107,2026-09-22T12:00:00+05:30,transfer,Payment observed,Review payment evidence,TX-104037
EV-TX-104040,SYN-10107,2026-09-26T13:14:00+05:30,transfer,Payment observed,Review payment evidence,TX-104040
EV-TX-104044,SYN-10107,2026-10-10T12:00:00+05:30,transfer,Payment observed,Review payment evidence,TX-104044
EV-TX-104045,SYN-10107,2026-10-13T12:00:00+05:30,transfer,Payment observed,Review payment evidence,TX-104045
EV-TX-104047,SYN-10107,2026-10-15T12:00:00+05:30,transfer,Payment observed,Review payment evidence,TX-104047
EV-TX-104049,SYN-10107,2026-10-22T12:00:00+05:30,transfer,Payment observed,Review payment evidence,TX-104049
EV-TX-104058,SYN-10108,2026-08-05T12:00:00+05:30,transfer,Payment observed,Review payment evidence,TX-104058
EV-TX-104062,SYN-10108,2026-08-21T12:00:00+05:30,transfer,Payment observed,Review payment evidence,TX-104062
EV-TX-104067,SYN-10108,2026-09-05T12:00:00+05:30,transfer,Payment observed,Review payment evidence,TX-104067
EV-TX-104069,SYN-10108,2026-09-12T14:19:00+05:30,transfer,Payment observed,Review payment evidence,TX-104069
EV-TX-104070,SYN-10108,2026-09-12T14:27:00+05:30,transfer,Payment observed,Review payment evidence,TX-104070
EV-TX-104071,SYN-10108,2026-09-14T14:00:00+05:30,transfer,Payment observed,Review payment evidence,TX-104071
EV-TX-104074,SYN-10108,2026-09-21T12:00:00+05:30,transfer,Payment observed,Review payment evidence,TX-104074
EV-TX-104079,SYN-10108,2026-10-05T12:00:00+05:30,transfer,Payment observed,Review payment evidence,TX-104079
EV-TX-104083,SYN-10108,2026-10-21T12:00:00+05:30,transfer,Payment observed,Review payment evidence,TX-104083
EV-TX-104088,SYN-10108,2026-11-05T12:00:00+05:30,transfer,Payment observed,Review payment evidence,TX-104088
EV-TX-104093,SYN-10109,2026-08-14T12:00:00+05:30,transfer,Payment observed,Review payment evidence,TX-104093
EV-TX-104095,SYN-10109,2026-08-19T12:00:00+05:30,transfer,Payment observed,Review payment evidence,TX-104095
EV-TX-104099,SYN-10109,2026-08-27T12:00:00+05:30,transfer,Payment observed,Review payment evidence,TX-104099
EV-TX-104103,SYN-10109,2026-09-14T12:00:00+05:30,transfer,Payment observed,Review payment evidence,TX-104103
EV-TX-104105,SYN-10109,2026-09-18T13:35:00+05:30,transfer,Payment observed,Review payment evidence,TX-104105
EV-TX-104106,SYN-10109,2026-09-18T13:43:00+05:30,transfer,Payment observed,Review payment evidence,TX-104106
EV-TX-104107,SYN-10109,2026-09-19T12:00:00+05:30,transfer,Payment observed,Review payment evidence,TX-104107
EV-TX-104109,SYN-10109,2026-09-21T10:00:00+05:30,transfer,Payment observed,Review payment evidence,TX-104109
EV-TX-104112,SYN-10109,2026-09-27T12:00:00+05:30,transfer,Payment observed,Review payment evidence,TX-104112
EV-TX-104116,SYN-10109,2026-10-14T12:00:00+05:30,transfer,Payment observed,Review payment evidence,TX-104116
EV-TX-104118,SYN-10109,2026-10-19T12:00:00+05:30,transfer,Payment observed,Review payment evidence,TX-104118
EV-TX-104122,SYN-10109,2026-10-27T12:00:00+05:30,transfer,Payment observed,Review payment evidence,TX-104122
EV-TX-104127,SYN-10110,2026-08-02T12:00:00+05:30,transfer,Payment observed,Review payment evidence,TX-104127
EV-TX-104130,SYN-10110,2026-08-10T12:00:00+05:30,transfer,Payment observed,Review payment evidence,TX-104130
EV-TX-104133,SYN-10110,2026-08-22T12:00:00+05:30,transfer,Payment observed,Review payment evidence,TX-104133
EV-TX-104136,SYN-10110,2026-09-02T12:00:00+05:30,transfer,Payment observed,Review payment evidence,TX-104136
EV-TX-104139,SYN-10110,2026-09-10T12:00:00+05:30,transfer,Payment observed,Review payment evidence,TX-104139
EV-TX-104141,SYN-10110,2026-09-15T17:54:00+05:30,transfer,Payment observed,Review payment evidence,TX-104141
EV-TX-104142,SYN-10110,2026-09-15T18:03:00+05:30,transfer,Payment observed,Review payment evidence,TX-104142
EV-TX-104143,SYN-10110,2026-09-19T16:15:00+05:30,transfer,Payment observed,Review payment evidence,TX-104143
EV-TX-104144,SYN-10110,2026-09-19T16:24:00+05:30,transfer,Payment observed,Review payment evidence,TX-104144
EV-TX-104146,SYN-10110,2026-09-22T12:00:00+05:30,transfer,Payment observed,Review payment evidence,TX-104146
EV-TX-104149,SYN-10110,2026-10-02T12:00:00+05:30,transfer,Payment observed,Review payment evidence,TX-104149
EV-TX-104152,SYN-10110,2026-10-10T12:00:00+05:30,transfer,Payment observed,Review payment evidence,TX-104152
EV-TX-104155,SYN-10110,2026-10-22T12:00:00+05:30,transfer,Payment observed,Review payment evidence,TX-104155
EV-TX-104158,SYN-10110,2026-11-02T12:00:00+05:30,transfer,Payment observed,Review payment evidence,TX-104158
EV-TX-104161,SYN-10111,2026-08-04T12:00:00+05:30,transfer,Payment observed,Review payment evidence,TX-104161
EV-TX-104163,SYN-10111,2026-08-14T12:00:00+05:30,transfer,Payment observed,Review payment evidence,TX-104163
EV-TX-104171,SYN-10111,2026-09-04T12:00:00+05:30,transfer,Payment observed,Review payment evidence,TX-104171
EV-TX-104173,SYN-10111,2026-09-14T12:00:00+05:30,transfer,Payment observed,Review payment evidence,TX-104173
EV-TX-104175,SYN-10111,2026-09-15T13:16:00+05:30,transfer,Payment observed,Review payment evidence,TX-104175
EV-TX-104176,SYN-10111,2026-09-15T13:19:00+05:30,transfer,Payment observed,Review payment evidence,TX-104176
EV-TX-104177,SYN-10111,2026-09-15T13:24:00+05:30,transfer,Payment observed,Review payment evidence,TX-104177
EV-TX-104178,SYN-10111,2026-09-19T16:45:00+05:30,transfer,Payment observed,Review payment evidence,TX-104178
EV-TX-104179,SYN-10111,2026-09-19T16:51:00+05:30,transfer,Payment observed,Review payment evidence,TX-104179
EV-TX-104187,SYN-10111,2026-10-04T12:00:00+05:30,transfer,Payment observed,Review payment evidence,TX-104187
EV-TX-104189,SYN-10111,2026-10-14T12:00:00+05:30,transfer,Payment observed,Review payment evidence,TX-104189
EV-TX-104199,SYN-10111,2026-11-04T12:00:00+05:30,transfer,Payment observed,Review payment evidence,TX-104199
EV-TX-104203,SYN-10112,2026-08-07T12:00:00+05:30,transfer,Payment observed,Review payment evidence,TX-104203
EV-TX-104207,SYN-10112,2026-08-21T12:00:00+05:30,transfer,Payment observed,Review payment evidence,TX-104207
EV-TX-104209,SYN-10112,2026-08-22T12:00:00+05:30,transfer,Payment observed,Review payment evidence,TX-104209
EV-TX-104210,SYN-10112,2026-08-24T12:00:00+05:30,transfer,Payment observed,Review payment evidence,TX-104210
EV-TX-104214,SYN-10112,2026-09-07T12:00:00+05:30,transfer,Payment observed,Review payment evidence,TX-104214
EV-TX-104218,SYN-10112,2026-09-21T12:00:00+05:30,transfer,Payment observed,Review payment evidence,TX-104218
EV-TX-104219,SYN-10112,2026-09-22T12:00:00+05:30,transfer,Payment observed,Review payment evidence,TX-104219
EV-TX-104225,SYN-10112,2026-10-07T12:00:00+05:30,transfer,Payment observed,Review payment evidence,TX-104225
EV-TX-104239,SYN-10113,2026-08-10T12:00:00+05:30,transfer,Payment observed,Review payment evidence,TX-104239
EV-TX-104244,SYN-10113,2026-08-28T12:00:00+05:30,transfer,Payment observed,Review payment evidence,TX-104244
EV-TX-104248,SYN-10113,2026-09-10T12:00:00+05:30,transfer,Payment observed,Review payment evidence,TX-104248
EV-TX-104253,SYN-10113,2026-09-28T12:00:00+05:30,transfer,Payment observed,Review payment evidence,TX-104253
EV-TX-104257,SYN-10113,2026-10-10T12:00:00+05:30,transfer,Payment observed,Review payment evidence,TX-104257
EV-TX-104262,SYN-10113,2026-10-28T12:00:00+05:30,transfer,Payment observed,Review payment evidence,TX-104262
EV-TX-104267,SYN-10114,2026-08-04T12:00:00+05:30,transfer,Payment observed,Review payment evidence,TX-104267
EV-TX-104273,SYN-10114,2026-08-26T12:00:00+05:30,transfer,Payment observed,Review payment evidence,TX-104273
EV-TX-104276,SYN-10114,2026-09-04T12:00:00+05:30,transfer,Payment observed,Review payment evidence,TX-104276
EV-TX-104279,SYN-10114,2026-09-09T17:16:00+05:30,transfer,Payment observed,Review payment evidence,TX-104279
EV-TX-104280,SYN-10114,2026-09-09T17:26:00+05:30,transfer,Payment observed,Review payment evidence,TX-104280
EV-TX-104284,SYN-10114,2026-09-26T12:00:00+05:30,transfer,Payment observed,Review payment evidence,TX-104284
EV-TX-104294,SYN-10114,2026-10-26T12:00:00+05:30,transfer,Payment observed,Review payment evidence,TX-104294
EV-TX-104303,SYN-10115,2026-08-19T12:00:00+05:30,transfer,Payment observed,Review payment evidence,TX-104303
EV-TX-104305,SYN-10115,2026-08-23T12:00:00+05:30,transfer,Payment observed,Review payment evidence,TX-104305
EV-TX-104311,SYN-10115,2026-09-19T12:00:00+05:30,transfer,Payment observed,Review payment evidence,TX-104311
EV-TX-104312,SYN-10115,2026-09-19T13:06:00+05:30,transfer,Payment observed,Review payment evidence,TX-104312
EV-TX-104313,SYN-10115,2026-09-19T13:13:00+05:30,transfer,Payment observed,Review payment evidence,TX-104313
EV-TX-104314,SYN-10115,2026-09-19T13:26:00+05:30,transfer,Payment observed,Review payment evidence,TX-104314
EV-TX-104316,SYN-10115,2026-09-23T12:00:00+05:30,transfer,Payment observed,Review payment evidence,TX-104316
EV-TX-104323,SYN-10115,2026-10-19T12:00:00+05:30,transfer,Payment observed,Review payment evidence,TX-104323
EV-TX-104325,SYN-10115,2026-10-23T12:00:00+05:30,transfer,Payment observed,Review payment evidence,TX-104325
EV-TX-104334,SYN-10116,2026-08-10T12:00:00+05:30,transfer,Payment observed,Review payment evidence,TX-104334
EV-TX-104337,SYN-10116,2026-08-22T12:00:00+05:30,transfer,Payment observed,Review payment evidence,TX-104337
EV-TX-104343,SYN-10116,2026-09-09T16:26:00+05:30,transfer,Payment observed,Review payment evidence,TX-104343
EV-TX-104344,SYN-10116,2026-09-09T16:32:00+05:30,transfer,Payment observed,Review payment evidence,TX-104344
EV-TX-104345,SYN-10116,2026-09-10T12:00:00+05:30,transfer,Payment observed,Review payment evidence,TX-104345
EV-TX-104348,SYN-10116,2026-09-22T12:00:00+05:30,transfer,Payment observed,Review payment evidence,TX-104348
EV-TX-104357,SYN-10116,2026-10-10T12:00:00+05:30,transfer,Payment observed,Review payment evidence,TX-104357
EV-TX-104369,SYN-10117,2026-08-02T12:00:00+05:30,transfer,Payment observed,Review payment evidence,TX-104369
EV-TX-104371,SYN-10117,2026-08-08T12:00:00+05:30,transfer,Payment observed,Review payment evidence,TX-104371
EV-TX-104373,SYN-10117,2026-08-13T12:00:00+05:30,transfer,Payment observed,Review payment evidence,TX-104373
EV-TX-104376,SYN-10117,2026-08-22T12:00:00+05:30,transfer,Payment observed,Review payment evidence,TX-104376
EV-TX-104380,SYN-10117,2026-09-02T12:00:00+05:30,transfer,Payment observed,Review payment evidence,TX-104380
EV-TX-104382,SYN-10117,2026-09-08T12:00:00+05:30,transfer,Payment observed,Review payment evidence,TX-104382
EV-TX-104384,SYN-10117,2026-09-13T12:00:00+05:30,transfer,Payment observed,Review payment evidence,TX-104384
EV-TX-104386,SYN-10117,2026-09-15T14:00:00+05:30,transfer,Payment observed,Review payment evidence,TX-104386
EV-TX-104387,SYN-10117,2026-09-15T14:03:00+05:30,transfer,Payment observed,Review payment evidence,TX-104387
EV-TX-104388,SYN-10117,2026-09-15T14:06:00+05:30,transfer,Payment observed,Review payment evidence,TX-104388
EV-TX-104389,SYN-10117,2026-09-15T14:14:00+05:30,transfer,Payment observed,Review payment evidence,TX-104389
EV-TX-104390,SYN-10117,2026-09-16T16:31:00+05:30,transfer,Payment observed,Review payment evidence,TX-104390
EV-TX-104391,SYN-10117,2026-09-16T16:39:00+05:30,transfer,Payment observed,Review payment evidence,TX-104391
EV-TX-104393,SYN-10117,2026-09-22T12:00:00+05:30,transfer,Payment observed,Review payment evidence,TX-104393
EV-TX-104397,SYN-10117,2026-10-02T12:00:00+05:30,transfer,Payment observed,Review payment evidence,TX-104397
EV-TX-104399,SYN-10117,2026-10-08T12:00:00+05:30,transfer,Payment observed,Review payment evidence,TX-104399
EV-TX-104401,SYN-10117,2026-10-13T12:00:00+05:30,transfer,Payment observed,Review payment evidence,TX-104401
EV-TX-104404,SYN-10117,2026-10-22T12:00:00+05:30,transfer,Payment observed,Review payment evidence,TX-104404
EV-TX-104408,SYN-10117,2026-11-02T12:00:00+05:30,transfer,Payment observed,Review payment evidence,TX-104408
EV-TX-104414,SYN-10118,2026-08-09T12:00:00+05:30,transfer,Payment observed,Review payment evidence,TX-104414
EV-TX-104416,SYN-10118,2026-08-20T12:00:00+05:30,transfer,Payment observed,Review payment evidence,TX-104416
EV-TX-104418,SYN-10118,2026-08-23T12:00:00+05:30,transfer,Payment observed,Review payment evidence,TX-104418
EV-TX-104424,SYN-10118,2026-09-09T12:00:00+05:30,transfer,Payment observed,Review payment evidence,TX-104424
EV-TX-104425,SYN-10118,2026-09-12T14:00:00+05:30,transfer,Payment observed,Review payment evidence,TX-104425
EV-TX-104426,SYN-10118,2026-09-12T14:03:00+05:30,transfer,Payment observed,Review payment evidence,TX-104426
EV-TX-104427,SYN-10118,2026-09-12T14:06:00+05:30,transfer,Payment observed,Review payment evidence,TX-104427
EV-TX-104428,SYN-10118,2026-09-12T14:14:00+05:30,transfer,Payment observed,Review payment evidence,TX-104428
EV-TX-104430,SYN-10118,2026-09-20T12:00:00+05:30,transfer,Payment observed,Review payment evidence,TX-104430
EV-TX-104432,SYN-10118,2026-09-23T12:00:00+05:30,transfer,Payment observed,Review payment evidence,TX-104432
EV-TX-104438,SYN-10118,2026-10-09T12:00:00+05:30,transfer,Payment observed,Review payment evidence,TX-104438
EV-TX-104440,SYN-10118,2026-10-20T12:00:00+05:30,transfer,Payment observed,Review payment evidence,TX-104440
EV-TX-104442,SYN-10118,2026-10-23T12:00:00+05:30,transfer,Payment observed,Review payment evidence,TX-104442
EV-TX-104450,SYN-10119,2026-08-09T12:00:00+05:30,transfer,Payment observed,Review payment evidence,TX-104450
EV-TX-104452,SYN-10119,2026-08-20T12:00:00+05:30,transfer,Payment observed,Review payment evidence,TX-104452
EV-TX-104454,SYN-10119,2026-08-22T12:00:00+05:30,transfer,Payment observed,Review payment evidence,TX-104454
EV-TX-104457,SYN-10119,2026-08-27T12:00:00+05:30,transfer,Payment observed,Review payment evidence,TX-104457
EV-TX-104462,SYN-10119,2026-09-09T12:00:00+05:30,transfer,Payment observed,Review payment evidence,TX-104462
EV-TX-104464,SYN-10119,2026-09-15T17:49:00+05:30,transfer,Payment observed,Review payment evidence,TX-104464
EV-TX-104465,SYN-10119,2026-09-15T17:58:00+05:30,transfer,Payment observed,Review payment evidence,TX-104465
EV-TX-104466,SYN-10119,2026-09-20T12:00:00+05:30,transfer,Payment observed,Review payment evidence,TX-104466
EV-TX-104468,SYN-10119,2026-09-21T16:50:00+05:30,transfer,Payment observed,Review payment evidence,TX-104468
EV-TX-104469,SYN-10119,2026-09-21T16:54:00+05:30,transfer,Payment observed,Review payment evidence,TX-104469
EV-TX-104470,SYN-10119,2026-09-22T12:00:00+05:30,transfer,Payment observed,Review payment evidence,TX-104470
EV-TX-104477,SYN-10119,2026-10-09T12:00:00+05:30,transfer,Payment observed,Review payment evidence,TX-104477
EV-TX-104479,SYN-10119,2026-10-20T12:00:00+05:30,transfer,Payment observed,Review payment evidence,TX-104479
EV-TX-104481,SYN-10119,2026-10-22T12:00:00+05:30,transfer,Payment observed,Review payment evidence,TX-104481
EV-TX-104484,SYN-10119,2026-10-27T12:00:00+05:30,transfer,Payment observed,Review payment evidence,TX-104484
EV-TX-104491,SYN-10120,2026-08-04T12:00:00+05:30,transfer,Payment observed,Review payment evidence,TX-104491
EV-TX-104493,SYN-10120,2026-08-11T12:00:00+05:30,transfer,Payment observed,Review payment evidence,TX-104493
EV-TX-104499,SYN-10120,2026-09-04T12:00:00+05:30,transfer,Payment observed,Review payment evidence,TX-104499
EV-TX-104501,SYN-10120,2026-09-09T14:29:00+05:30,transfer,Payment observed,Review payment evidence,TX-104501
EV-TX-104502,SYN-10120,2026-09-11T12:00:00+05:30,transfer,Payment observed,Review payment evidence,TX-104502
EV-TX-104508,SYN-10120,2026-10-04T12:00:00+05:30,transfer,Payment observed,Review payment evidence,TX-104508
EV-TX-104510,SYN-10120,2026-10-11T12:00:00+05:30,transfer,Payment observed,Review payment evidence,TX-104510
EV-TX-104516,SYN-10120,2026-11-04T12:00:00+05:30,transfer,Payment observed,Review payment evidence,TX-104516
EV-TX-104517,SYN-10121,2026-08-02T12:00:00+05:30,transfer,Payment observed,Review payment evidence,TX-104517
EV-TX-104519,SYN-10121,2026-08-04T12:00:00+05:30,transfer,Payment observed,Review payment evidence,TX-104519
EV-TX-104523,SYN-10121,2026-08-15T12:00:00+05:30,transfer,Payment observed,Review payment evidence,TX-104523
EV-TX-104524,SYN-10121,2026-08-20T12:00:00+05:30,transfer,Payment observed,Review payment evidence,TX-104524
EV-TX-104529,SYN-10121,2026-09-02T12:00:00+05:30,transfer,Payment observed,Review payment evidence,TX-104529
EV-TX-104531,SYN-10121,2026-09-04T12:00:00+05:30,transfer,Payment observed,Review payment evidence,TX-104531
EV-TX-104535,SYN-10121,2026-09-15T12:00:00+05:30,transfer,Payment observed,Review payment evidence,TX-104535
EV-TX-104536,SYN-10121,2026-09-16T14:35:00+05:30,transfer,Payment observed,Review payment evidence,TX-104536
EV-TX-104537,SYN-10121,2026-09-16T14:45:00+05:30,transfer,Payment observed,Review payment evidence,TX-104537
EV-TX-104538,SYN-10121,2026-09-19T10:00:00+05:30,transfer,Payment observed,Review payment evidence,TX-104538
EV-TX-104539,SYN-10121,2026-09-20T12:00:00+05:30,transfer,Payment observed,Review payment evidence,TX-104539
EV-TX-104544,SYN-10121,2026-10-02T12:00:00+05:30,transfer,Payment observed,Review payment evidence,TX-104544
EV-TX-104546,SYN-10121,2026-10-04T12:00:00+05:30,transfer,Payment observed,Review payment evidence,TX-104546
EV-TX-104550,SYN-10121,2026-10-15T12:00:00+05:30,transfer,Payment observed,Review payment evidence,TX-104550
EV-TX-104551,SYN-10121,2026-10-20T12:00:00+05:30,transfer,Payment observed,Review payment evidence,TX-104551
EV-TX-104556,SYN-10121,2026-11-02T12:00:00+05:30,transfer,Payment observed,Review payment evidence,TX-104556
EV-TX-104558,SYN-10121,2026-11-04T12:00:00+05:30,transfer,Payment observed,Review payment evidence,TX-104558
EV-TX-104564,SYN-10122,2026-08-20T12:00:00+05:30,transfer,Payment observed,Review payment evidence,TX-104564
EV-TX-104566,SYN-10122,2026-08-21T12:00:00+05:30,transfer,Payment observed,Review payment evidence,TX-104566
EV-TX-104567,SYN-10122,2026-08-23T12:00:00+05:30,transfer,Payment observed,Review payment evidence,TX-104567
EV-TX-104573,SYN-10122,2026-09-14T14:58:00+05:30,transfer,Payment observed,Review payment evidence,TX-104573
EV-TX-104574,SYN-10122,2026-09-14T15:02:00+05:30,transfer,Payment observed,Review payment evidence,TX-104574
EV-TX-104576,SYN-10122,2026-09-20T12:00:00+05:30,transfer,Payment observed,Review payment evidence,TX-104576
EV-TX-104586,SYN-10122,2026-10-20T12:00:00+05:30,transfer,Payment observed,Review payment evidence,TX-104586
EV-TX-104588,SYN-10122,2026-10-21T12:00:00+05:30,transfer,Payment observed,Review payment evidence,TX-104588
EV-TX-104595,SYN-10123,2026-08-02T12:00:00+05:30,transfer,Payment observed,Review payment evidence,TX-104595
EV-TX-104597,SYN-10123,2026-08-04T12:00:00+05:30,transfer,Payment observed,Review payment evidence,TX-104597
EV-TX-104599,SYN-10123,2026-08-13T12:00:00+05:30,transfer,Payment observed,Review payment evidence,TX-104599
EV-TX-104608,SYN-10123,2026-09-02T12:00:00+05:30,transfer,Payment observed,Review payment evidence,TX-104608
EV-TX-104610,SYN-10123,2026-09-04T12:00:00+05:30,transfer,Payment observed,Review payment evidence,TX-104610
EV-TX-104612,SYN-10123,2026-09-09T14:26:00+05:30,transfer,Payment observed,Review payment evidence,TX-104612
EV-TX-104613,SYN-10123,2026-09-09T14:30:00+05:30,transfer,Payment observed,Review payment evidence,TX-104613
EV-TX-104614,SYN-10123,2026-09-09T14:44:00+05:30,transfer,Payment observed,Review payment evidence,TX-104614
EV-TX-104615,SYN-10123,2026-09-13T12:00:00+05:30,transfer,Payment observed,Review payment evidence,TX-104615
EV-TX-104624,SYN-10123,2026-10-02T12:00:00+05:30,transfer,Payment observed,Review payment evidence,TX-104624
EV-TX-104626,SYN-10123,2026-10-04T12:00:00+05:30,transfer,Payment observed,Review payment evidence,TX-104626
EV-TX-104628,SYN-10123,2026-10-13T12:00:00+05:30,transfer,Payment observed,Review payment evidence,TX-104628
EV-TX-104634,SYN-10123,2026-11-02T12:00:00+05:30,transfer,Payment observed,Review payment evidence,TX-104634
EV-TX-104636,SYN-10123,2026-11-04T12:00:00+05:30,transfer,Payment observed,Review payment evidence,TX-104636
EV-TX-104640,SYN-10124,2026-08-03T12:00:00+05:30,transfer,Payment observed,Review payment evidence,TX-104640
EV-TX-104641,SYN-10124,2026-08-07T12:00:00+05:30,transfer,Payment observed,Review payment evidence,TX-104641
EV-TX-104644,SYN-10124,2026-08-17T12:00:00+05:30,transfer,Payment observed,Review payment evidence,TX-104644
EV-TX-104646,SYN-10124,2026-08-22T12:00:00+05:30,transfer,Payment observed,Review payment evidence,TX-104646
EV-TX-104651,SYN-10124,2026-09-03T12:00:00+05:30,transfer,Payment observed,Review payment evidence,TX-104651
EV-TX-104652,SYN-10124,2026-09-07T12:00:00+05:30,transfer,Payment observed,Review payment evidence,TX-104652
EV-TX-104654,SYN-10124,2026-09-09T14:36:00+05:30,transfer,Payment observed,Review payment evidence,TX-104654
EV-TX-104655,SYN-10124,2026-09-09T14:42:00+05:30,transfer,Payment observed,Review payment evidence,TX-104655
EV-TX-104657,SYN-10124,2026-09-17T12:00:00+05:30,transfer,Payment observed,Review payment evidence,TX-104657
EV-TX-104665,SYN-10124,2026-10-03T12:00:00+05:30,transfer,Payment observed,Review payment evidence,TX-104665
EV-TX-104666,SYN-10124,2026-10-07T12:00:00+05:30,transfer,Payment observed,Review payment evidence,TX-104666
EV-TX-104676,SYN-10124,2026-11-03T12:00:00+05:30,transfer,Payment observed,Review payment evidence,TX-104676
EV-TX-104680,SYN-10125,2026-08-02T12:00:00+05:30,transfer,Payment observed,Review payment evidence,TX-104680
EV-TX-104684,SYN-10125,2026-08-15T12:00:00+05:30,transfer,Payment observed,Review payment evidence,TX-104684
EV-TX-104686,SYN-10125,2026-08-23T12:00:00+05:30,transfer,Payment observed,Review payment evidence,TX-104686
EV-TX-104689,SYN-10125,2026-08-28T12:00:00+05:30,transfer,Payment observed,Review payment evidence,TX-104689
EV-TX-104691,SYN-10125,2026-09-02T12:00:00+05:30,transfer,Payment observed,Review payment evidence,TX-104691
EV-TX-104695,SYN-10125,2026-09-15T12:00:00+05:30,transfer,Payment observed,Review payment evidence,TX-104695
EV-TX-104697,SYN-10125,2026-09-23T12:00:00+05:30,transfer,Payment observed,Review payment evidence,TX-104697
EV-TX-104700,SYN-10125,2026-09-28T12:00:00+05:30,transfer,Payment observed,Review payment evidence,TX-104700
EV-TX-104702,SYN-10125,2026-10-02T12:00:00+05:30,transfer,Payment observed,Review payment evidence,TX-104702
EV-TX-104706,SYN-10125,2026-10-15T12:00:00+05:30,transfer,Payment observed,Review payment evidence,TX-104706
EV-TX-104708,SYN-10125,2026-10-23T12:00:00+05:30,transfer,Payment observed,Review payment evidence,TX-104708
EV-TX-104711,SYN-10125,2026-10-28T12:00:00+05:30,transfer,Payment observed,Review payment evidence,TX-104711
EV-TX-104713,SYN-10125,2026-11-02T12:00:00+05:30,transfer,Payment observed,Review payment evidence,TX-104713
EV-TX-104719,SYN-10126,2026-08-10T12:00:00+05:30,transfer,Payment observed,Review payment evidence,TX-104719
EV-TX-104720,SYN-10126,2026-08-12T12:00:00+05:30,transfer,Payment observed,Review payment evidence,TX-104720
EV-TX-104724,SYN-10126,2026-08-25T12:00:00+05:30,transfer,Payment observed,Review payment evidence,TX-104724
EV-TX-104728,SYN-10126,2026-09-08T15:31:00+05:30,transfer,Payment observed,Review payment evidence,TX-104728
EV-TX-104729,SYN-10126,2026-09-08T15:41:00+05:30,transfer,Payment observed,Review payment evidence,TX-104729
EV-TX-104731,SYN-10126,2026-09-10T12:00:00+05:30,transfer,Payment observed,Review payment evidence,TX-104731
EV-TX-104732,SYN-10126,2026-09-10T16:56:00+05:30,transfer,Payment observed,Review payment evidence,TX-104732
EV-TX-104733,SYN-10126,2026-09-10T17:01:00+05:30,transfer,Payment observed,Review payment evidence,TX-104733
EV-TX-104734,SYN-10126,2026-09-12T12:00:00+05:30,transfer,Payment observed,Review payment evidence,TX-104734
EV-TX-104756,SYN-10127,2026-08-02T12:00:00+05:30,transfer,Payment observed,Review payment evidence,TX-104756
EV-TX-104760,SYN-10127,2026-08-20T12:00:00+05:30,transfer,Payment observed,Review payment evidence,TX-104760
EV-TX-104765,SYN-10127,2026-08-28T12:00:00+05:30,transfer,Payment observed,Review payment evidence,TX-104765
EV-TX-104767,SYN-10127,2026-09-02T12:00:00+05:30,transfer,Payment observed,Review payment evidence,TX-104767
EV-TX-104771,SYN-10127,2026-09-17T16:04:00+05:30,transfer,Payment observed,Review payment evidence,TX-104771
EV-TX-104772,SYN-10127,2026-09-17T16:12:00+05:30,transfer,Payment observed,Review payment evidence,TX-104772
EV-TX-104773,SYN-10127,2026-09-20T12:00:00+05:30,transfer,Payment observed,Review payment evidence,TX-104773
EV-TX-104777,SYN-10127,2026-09-28T12:00:00+05:30,transfer,Payment observed,Review payment evidence,TX-104777
EV-TX-104778,SYN-10127,2026-10-02T12:00:00+05:30,transfer,Payment observed,Review payment evidence,TX-104778
EV-TX-104790,SYN-10127,2026-10-28T12:00:00+05:30,transfer,Payment observed,Review payment evidence,TX-104790
EV-TX-104792,SYN-10127,2026-11-02T12:00:00+05:30,transfer,Payment observed,Review payment evidence,TX-104792
