transaction_id,customer_id,timestamp,amount,amount_paise,direction,category,status,known_at,channel,counterparty,account,merchant_id,device_id,location,is_new_device,is_new_beneficiary,is_unusual_time,is_new_location,is_fraud,scam_type,loan_id,installment_num,observed_signals
TX-100000,SYN-10000,2026-08-01T09:00:00+05:30,98416.22,9841622,in,salary,Completed,,UPI,Payment counterparty,employer,MCH-10000,DEV-10000,Delhi,0,0,0,0,0,0,,0,
TX-100001,SYN-10000,2026-08-03T10:00:00+05:30,10667.33,1066733,out,essential,Completed,,Card,Payment counterparty,party-3,MCH-10000,DEV-10000,Delhi,0,0,0,0,0,0,,0,
TX-100002,SYN-10000,2026-08-09T10:00:00+05:30,11390.52,1139052,out,essential,Completed,,Card,Payment counterparty,party-3,MCH-10000,DEV-10000,Delhi,0,0,0,0,0,0,,0,
TX-100003,SYN-10000,2026-08-09T12:00:00+05:30,7736.54,773654,out,transfer,Completed,,UPI,Payment counterparty,party-2,,DEV-10000,Delhi,0,1,0,0,0,0,,0,
TX-100004,SYN-10000,2026-08-10T12:00:00+05:30,8375.63,837563,out,transfer,Completed,,Wallet,Payment counterparty,party-3,,DEV-10000,Delhi,0,0,0,0,0,0,,0,
TX-100005,SYN-10000,2026-08-12T12:00:00+05:30,12904.72,1290472,out,transfer,Completed,,UPI,Payment counterparty,party-2,,DEV-10000,Delhi,0,0,0,0,0,0,,0,
TX-100006,SYN-10000,2026-08-15T10:00:00+05:30,11441.92,1144192,out,essential,Completed,,UPI,Payment counterparty,party-1,MCH-10000,DEV-10000,Delhi,0,0,0,0,0,0,,0,
TX-100007,SYN-10000,2026-08-21T10:00:00+05:30,11057.54,1105754,out,essential,Completed,,Card,Payment counterparty,party-1,MCH-10000,DEV-10000,Delhi,0,0,0,0,0,0,,0,
TX-100008,SYN-10000,2026-08-22T12:00:00+05:30,340151.12,34015112,out,transfer,Completed,,Digital banking,Payment counterparty,party-5,,DEV-10000,Delhi,0,0,0,0,0,0,,0,
TX-100009,SYN-10000,2026-08-26T10:00:00+05:30,11961.04,1196104,out,essential,Completed,,UPI,Payment counterparty,party-4,MCH-10000,DEV-10000,Delhi,0,0,0,0,0,0,,0,
TX-100010,SYN-10000,2026-09-01T09:00:00+05:30,101383.84,10138384,in,salary,Completed,,UPI,Payment counterparty,employer,MCH-10000,DEV-10000,Delhi,0,0,0,0,0,0,,0,
TX-100011,SYN-10000,2026-09-03T10:00:00+05:30,13267.95,1326795,out,essential,Completed,,UPI,Payment counterparty,party-2,MCH-10000,DEV-10000,Delhi,0,0,0,0,0,0,,0,
TX-100012,SYN-10000,2026-09-09T10:00:00+05:30,12097.62,1209762,out,essential,Completed,,Card,Payment counterparty,party-1,MCH-10000,DEV-10000,Delhi,0,0,0,0,0,0,,0,
TX-100013,SYN-10000,2026-09-09T12:00:00+05:30,12141.23,1214123,out,transfer,Completed,,UPI,Payment counterparty,party-3,,DEV-10000,Delhi,0,0,0,0,0,0,,0,
TX-100014,SYN-10000,2026-09-10T12:00:00+05:30,3910.34,391034,out,transfer,Completed,,UPI,Payment counterparty,party-3,,DEV-10000,Delhi,0,1,0,0,0,0,,0,
TX-100015,SYN-10000,2026-09-10T16:24:00+05:30,21661.11,2166111,out,transfer,Completed,,UPI,Payment counterparty,party-17,,DEV-10000,Delhi,0,0,0,0,0,0,,0,
TX-100016,SYN-10000,2026-09-10T16:31:00+05:30,21661.11,2166111,out,transfer,Completed,,UPI,Payment counterparty,party-17,,DEV-10000,Delhi,0,0,0,0,0,0,,0,
TX-100017,SYN-10000,2026-09-12T12:00:00+05:30,9321.88,932188,out,transfer,Completed,,UPI,Payment counterparty,party-3,,DEV-10128,Delhi,1,0,0,0,0,0,,0,
TX-100018,SYN-10000,2026-09-15T10:00:00+05:30,13179.72,1317972,out,essential,Completed,,Card,Payment counterparty,party-1,MCH-10000,DEV-10000,Delhi,0,0,0,0,0,0,,0,
TX-100019,SYN-10000,2026-09-16T16:23:00+05:30,6519.18,651918,out,transfer,Completed,,UPI,Payment counterparty,party-14,,DEV-10128,Delhi,1,1,0,1,1,2,,0,
TX-100020,SYN-10000,2026-09-16T16:30:00+05:30,6519.18,651918,out,transfer,Completed,,UPI,Payment counterparty,party-14,,DEV-10128,Delhi,1,1,0,0,1,4,,0,
TX-100021,SYN-10000,2026-09-21T10:00:00+05:30,13943.66,1394366,out,essential,Completed,,Digital banking,Payment counterparty,party-6,MCH-10000,DEV-10000,Delhi,0,0,0,0,0,0,,0,
TX-100022,SYN-10000,2026-09-22T12:00:00+05:30,3724.34,372434,out,transfer,Completed,,UPI,Payment counterparty,party-3,,DEV-10000,Delhi,0,0,0,0,0,0,,0,
TX-100023,SYN-10000,2026-09-26T10:00:00+05:30,12473.1,1247310,out,essential,Completed,,UPI,Payment counterparty,party-5,MCH-10000,DEV-10000,Delhi,0,0,0,0,0,0,,0,
TX-100024,SYN-10000,2026-10-01T09:00:00+05:30,98252.61,9825261,in,salary,Completed,,UPI,Payment counterparty,employer,MCH-10000,DEV-10000,Delhi,0,0,0,0,0,0,,0,
TX-100025,SYN-10000,2026-10-03T10:00:00+05:30,10548.3,1054830,out,essential,Completed,,UPI,Payment counterparty,party-5,MCH-10000,DEV-10000,Delhi,0,0,0,0,0,0,,0,
TX-100026,SYN-10000,2026-10-09T10:00:00+05:30,11683.69,1168369,out,essential,Completed,,Digital banking,Payment counterparty,party-3,MCH-10000,DEV-10000,Delhi,0,0,0,0,0,0,,0,
TX-100027,SYN-10000,2026-10-09T12:00:00+05:30,10193.84,1019384,out,transfer,Completed,,UPI,Payment counterparty,party-2,,DEV-10128,Delhi,1,0,0,1,0,0,,0,
TX-100028,SYN-10000,2026-10-10T12:00:00+05:30,2660.82,266082,out,transfer,Completed,,UPI,Payment counterparty,party-1,,DEV-10128,Delhi,1,1,0,1,0,0,,0,
TX-100029,SYN-10000,2026-10-12T12:00:00+05:30,9442.88,944288,out,transfer,Completed,,Card,Payment counterparty,party-2,,DEV-10000,Delhi,0,0,0,0,0,0,,0,
TX-100030,SYN-10000,2026-10-15T10:00:00+05:30,13231.33,1323133,out,essential,Completed,,UPI,Payment counterparty,party-6,MCH-10000,DEV-10000,Delhi,0,0,0,0,0,0,,0,
TX-100031,SYN-10000,2026-10-21T10:00:00+05:30,12180.59,1218059,out,essential,Completed,,Card,Payment counterparty,party-1,MCH-10000,DEV-10000,Delhi,0,0,0,0,0,0,,0,
TX-100032,SYN-10000,2026-10-22T12:00:00+05:30,11099.66,1109966,out,transfer,Completed,,UPI,Payment counterparty,party-1,,DEV-10000,Delhi,0,0,0,0,0,0,,0,
TX-100033,SYN-10000,2026-10-26T10:00:00+05:30,12018.63,1201863,out,essential,Completed,,Card,Payment counterparty,party-2,MCH-10000,DEV-10000,Delhi,0,0,0,0,0,0,,0,
TX-100034,SYN-10000,2026-11-01T09:00:00+05:30,108664.53,10866453,in,salary,Completed,,Wallet,Payment counterparty,employer,MCH-10000,DEV-10000,Delhi,0,0,0,0,0,0,,0,
TX-100035,SYN-10000,2026-11-03T10:00:00+05:30,10448.04,1044804,out,essential,Completed,,UPI,Payment counterparty,party-6,MCH-10000,DEV-10000,Delhi,0,0,0,0,0,0,,0,
TX-100036,SYN-10001,2026-08-01T09:00:00+05:30,66935.74,6693574,in,salary,Completed,,Card,Payment counterparty,employer,MCH-10001,DEV-10001,Mumbai,0,0,0,0,0,0,,0,
TX-100037,SYN-10001,2026-08-03T10:00:00+05:30,7725.14,772514,out,essential,Completed,,Digital banking,Payment counterparty,party-3,MCH-10001,DEV-10001,Mumbai,0,0,0,0,0,0,,0,
TX-100038,SYN-10001,2026-08-07T12:00:00+05:30,3215.7,321570,out,transfer,Completed,,Card,Payment counterparty,party-6,,DEV-10128,Mumbai,1,0,0,0,0,0,,0,
TX-100039,SYN-10001,2026-08-09T10:00:00+05:30,8997.79,899779,out,essential,Completed,,UPI,Payment counterparty,party-1,MCH-10001,DEV-10001,Mumbai,0,0,0,0,0,0,,0,
TX-100040,SYN-10001,2026-08-15T10:00:00+05:30,7134.39,713439,out,essential,Completed,,UPI,Payment counterparty,party-2,MCH-10001,DEV-10001,Mumbai,0,0,0,0,0,0,,0,
TX-100041,SYN-10001,2026-08-16T12:00:00+05:30,2101.97,210197,out,transfer,Completed,,Card,Payment counterparty,party-5,,DEV-10001,Mumbai,0,1,0,0,0,0,,0,
TX-100042,SYN-10001,2026-08-21T10:00:00+05:30,9134.01,913401,out,essential,Completed,,UPI,Payment counterparty,party-4,MCH-10001,DEV-10001,Mumbai,0,0,0,0,0,0,,0,
TX-100043,SYN-10001,2026-08-25T12:00:00+05:30,3743.12,374312,out,transfer,Completed,,UPI,Payment counterparty,party-1,,DEV-10001,Mumbai,0,0,0,0,0,0,,0,
TX-100044,SYN-10001,2026-08-26T10:00:00+05:30,8959.83,895983,out,essential,Completed,,UPI,Payment counterparty,party-1,MCH-10001,DEV-10001,Mumbai,0,0,0,0,0,0,,0,
TX-100045,SYN-10001,2026-08-27T22:30:00+05:30,16861.32,1686132,out,emi,Completed,,UPI,Payment counterparty,lender,MCH-10001,DEV-10001,Mumbai,0,0,0,0,0,0,LN-1-0,2,
TX-100046,SYN-10001,2026-08-27T22:30:00+05:30,9220.74,922074,out,emi,Completed,,Card,Payment counterparty,lender,MCH-10001,DEV-10001,Mumbai,0,0,0,0,0,0,LN-1-1,2,
TX-100047,SYN-10001,2026-09-01T09:00:00+05:30,62216.12,6221612,in,salary,Completed,,UPI,Payment counterparty,employer,MCH-10001,DEV-10001,Mumbai,0,0,0,0,0,0,,0,
TX-100048,SYN-10001,2026-09-03T10:00:00+05:30,9560.51,956051,out,essential,Completed,,UPI,Payment counterparty,party-5,MCH-10001,DEV-10001,Mumbai,0,0,0,0,0,0,,0,
TX-100049,SYN-10001,2026-09-07T12:00:00+05:30,26781.64,2678164,out,transfer,Completed,,Card,Payment counterparty,party-1,,DEV-10001,Mumbai,0,0,0,0,0,0,,0,
TX-100050,SYN-10001,2026-09-09T10:00:00+05:30,7132.22,713222,out,essential,Completed,,UPI,Payment counterparty,party-3,MCH-10001,DEV-10001,Mumbai,0,0,0,0,0,0,,0,
TX-100051,SYN-10001,2026-09-14T13:59:00+05:30,8871.42,887142,out,transfer,Completed,,Wallet,Payment counterparty,party-18,,DEV-10128,Mumbai,1,0,0,1,1,2,,0,
TX-100052,SYN-10001,2026-09-14T14:03:00+05:30,8871.42,887142,out,transfer,Completed,,UPI,Payment counterparty,party-18,,DEV-10128,Mumbai,1,0,0,0,1,3,,0,
TX-100053,SYN-10001,2026-09-14T14:15:00+05:30,8871.42,887142,out,transfer,Completed,,Card,Payment counterparty,party-18,,DEV-10128,Mumbai,1,0,0,0,1,4,,0,
TX-100054,SYN-10001,2026-09-15T10:00:00+05:30,7778.54,777854,out,essential,Completed,,UPI,Payment counterparty,party-5,MCH-10001,DEV-10001,Mumbai,0,0,0,0,0,0,,0,
TX-100055,SYN-10001,2026-09-16T12:00:00+05:30,2214.49,221449,out,transfer,Completed,,Card,Payment counterparty,party-1,,DEV-10001,Mumbai,0,1,0,0,0,0,,0,
TX-100056,SYN-10001,2026-09-17T10:00:00+05:30,25283.54,2528354,in,transfer,Completed,,UPI,Payment counterparty,recovery,,DEV-10001,Mumbai,0,0,0,0,0,0,,0,
TX-100057,SYN-10001,2026-09-21T10:00:00+05:30,7489.66,748966,out,essential,Completed,,UPI,Payment counterparty,party-4,MCH-10001,DEV-10001,Mumbai,0,0,0,0,0,0,,0,
TX-100058,SYN-10001,2026-09-25T12:00:00+05:30,4281.22,428122,out,transfer,Completed,,Wallet,Payment counterparty,party-5,,DEV-10001,Mumbai,0,1,0,0,0,0,,0,
TX-100059,SYN-10001,2026-09-26T10:00:00+05:30,8140.22,814022,out,essential,Completed,,Digital banking,Payment counterparty,party-2,MCH-10001,DEV-10001,Mumbai,0,0,0,0,0,0,,0,
TX-100060,SYN-10001,2026-09-27T22:30:00+05:30,4211.77,421177,out,emi,Completed,,UPI,Payment counterparty,lender,MCH-10001,DEV-10001,Mumbai,0,0,0,0,0,0,LN-1-0,3,
TX-100061,SYN-10001,2026-10-01T09:00:00+05:30,67348.77,6734877,in,salary,Completed,,Card,Payment counterparty,employer,MCH-10001,DEV-10001,Mumbai,0,0,0,0,0,0,,0,
TX-100076,SYN-10001,2026-10-01T12:00:00+05:30,6243.14,624314,out,essential,Pending,2026-09-27T00:00:00+05:30,UPI,Payment counterparty,party-3,MCH-10001,DEV-10001,Mumbai,0,0,0,0,0,0,,0,
TX-100062,SYN-10001,2026-10-03T10:00:00+05:30,7802.56,780256,out,essential,Completed,,Card,Payment counterparty,party-1,MCH-10001,DEV-10001,Mumbai,0,0,0,0,0,0,,0,
TX-100063,SYN-10001,2026-10-03T22:30:00+05:30,12649.55,1264955,out,emi,Completed,,UPI,Payment counterparty,lender,MCH-10001,DEV-10001,Mumbai,0,0,0,0,0,0,LN-1-0,3,
TX-100064,SYN-10001,2026-10-03T22:30:00+05:30,9220.74,922074,out,emi,Completed,,UPI,Payment counterparty,lender,MCH-10001,DEV-10001,Mumbai,0,0,0,0,0,0,LN-1-1,3,
TX-100065,SYN-10001,2026-10-07T12:00:00+05:30,2352.52,235252,out,transfer,Completed,,Digital banking,Payment counterparty,party-6,,DEV-10001,Mumbai,0,1,0,0,0,0,,0,
TX-100066,SYN-10001,2026-10-09T10:00:00+05:30,7496.33,749633,out,essential,Completed,,Card,Payment counterparty,party-3,MCH-10001,DEV-10001,Mumbai,0,0,0,0,0,0,,0,
TX-100067,SYN-10001,2026-10-15T10:00:00+05:30,7452.55,745255,out,essential,Completed,,UPI,Payment counterparty,party-2,MCH-10001,DEV-10001,Mumbai,0,0,0,0,0,0,,0,
TX-100068,SYN-10001,2026-10-16T12:00:00+05:30,2854.24,285424,out,transfer,Completed,,Digital banking,Payment counterparty,party-6,,DEV-10001,Mumbai,0,1,0,0,0,0,,0,
TX-100069,SYN-10001,2026-10-21T10:00:00+05:30,7507.37,750737,out,essential,Completed,,UPI,Payment counterparty,party-3,MCH-10001,DEV-10001,Mumbai,0,0,0,0,0,0,,0,
TX-100070,SYN-10001,2026-10-25T12:00:00+05:30,1144.75,114475,out,transfer,Completed,,UPI,Payment counterparty,party-4,,DEV-10128,Mumbai,1,0,0,1,0,0,,0,
TX-100071,SYN-10001,2026-10-26T10:00:00+05:30,9374.77,937477,out,essential,Completed,,UPI,Payment counterparty,party-2,MCH-10001,DEV-10001,Mumbai,0,0,0,0,0,0,,0,
TX-100072,SYN-10001,2026-11-01T09:00:00+05:30,61529.25,6152925,in,salary,Completed,,UPI,Payment counterparty,employer,MCH-10001,DEV-10001,Mumbai,0,0,0,0,0,0,,0,
TX-100073,SYN-10001,2026-11-02T22:30:00+05:30,16861.32,1686132,out,emi,Completed,,UPI,Payment counterparty,lender,MCH-10001,DEV-10001,Mumbai,0,0,0,0,0,0,LN-1-0,4,
TX-100074,SYN-10001,2026-11-02T22:30:00+05:30,9220.74,922074,out,emi,Completed,,UPI,Payment counterparty,lender,MCH-10001,DEV-10001,Mumbai,0,0,0,0,0,0,LN-1-1,4,
TX-100075,SYN-10001,2026-11-03T10:00:00+05:30,8521.86,852186,out,essential,Completed,,UPI,Payment counterparty,party-4,MCH-10001,DEV-10001,Mumbai,0,0,0,0,0,0,,0,
TX-100077,SYN-10002,2026-08-03T10:00:00+05:30,6308.15,630815,out,essential,Completed,,UPI,Payment counterparty,party-4,MCH-10002,DEV-10002,Bengaluru,0,0,0,0,0,0,,0,
TX-100078,SYN-10002,2026-08-04T12:00:00+05:30,5034.37,503437,out,transfer,Completed,,UPI,Payment counterparty,party-4,,DEV-10002,Bengaluru,0,0,0,0,0,0,,0,
TX-100079,SYN-10002,2026-08-09T10:00:00+05:30,5176.78,517678,out,essential,Completed,,UPI,Payment counterparty,party-5,MCH-10002,DEV-10002,Bengaluru,0,0,0,0,0,0,,0,
TX-100080,SYN-10002,2026-08-15T10:00:00+05:30,5206.37,520637,out,essential,Completed,,Wallet,Payment counterparty,party-6,MCH-10002,DEV-10002,Bengaluru,0,0,0,0,0,0,,0,
TX-100081,SYN-10002,2026-08-20T12:00:00+05:30,4189.24,418924,out,transfer,Completed,,Card,Payment counterparty,party-5,,DEV-10002,Bengaluru,0,0,0,0,0,0,,0,
TX-100082,SYN-10002,2026-08-21T10:00:00+05:30,5388.75,538875,out,essential,Completed,,Card,Payment counterparty,party-2,MCH-10002,DEV-10002,Bengaluru,0,0,0,0,0,0,,0,
TX-100083,SYN-10002,2026-08-26T09:10:00+05:30,1840.01,184001,in,credit,Completed,,UPI,Payment counterparty,credit-line,MCH-10002,DEV-10002,Bengaluru,0,0,0,0,0,0,,0,
TX-100084,SYN-10002,2026-08-26T10:00:00+05:30,6255.97,625597,out,essential,Completed,,UPI,Payment counterparty,party-3,MCH-10002,DEV-10002,Bengaluru,0,0,0,0,0,0,,0,
TX-100085,SYN-10002,2026-08-28T09:00:00+05:30,75309.6,7530960,in,salary,Completed,,Digital banking,Payment counterparty,employer,MCH-10002,DEV-10002,Bengaluru,0,0,0,0,0,0,,0,
TX-100086,SYN-10002,2026-08-29T22:30:00+05:30,13592.15,1359215,out,emi,Completed,,Card,Payment counterparty,lender,MCH-10002,DEV-10002,Bengaluru,0,0,0,0,0,0,LN-2-0,2,
TX-100087,SYN-10002,2026-09-03T10:00:00+05:30,6476.44,647644,out,essential,Completed,,UPI,Payment counterparty,party-4,MCH-10002,DEV-10002,Bengaluru,0,0,0,0,0,0,,0,
TX-100088,SYN-10002,2026-09-04T12:00:00+05:30,4252.12,425212,out,transfer,Completed,,UPI,Payment counterparty,party-2,,DEV-10002,Bengaluru,0,0,0,0,0,0,,0,
TX-100089,SYN-10002,2026-09-09T10:00:00+05:30,5868.49,586849,out,essential,Completed,,Wallet,Payment counterparty,party-6,MCH-10002,DEV-10002,Bengaluru,0,0,0,0,0,0,,0,
TX-100090,SYN-10002,2026-09-11T17:18:00+05:30,18821.44,1882144,out,transfer,Completed,,UPI,Payment counterparty,party-14,,DEV-10002,Bengaluru,0,0,0,0,1,2,,0,
TX-100091,SYN-10002,2026-09-15T10:00:00+05:30,4920.24,492024,out,essential,Completed,,UPI,Payment counterparty,party-1,MCH-10002,DEV-10002,Bengaluru,0,0,0,0,0,0,,0,
TX-100092,SYN-10002,2026-09-20T12:00:00+05:30,5029.13,502913,out,transfer,Completed,,UPI,Payment counterparty,party-6,,DEV-10002,Bengaluru,0,0,0,0,0,0,,0,
TX-100093,SYN-10002,2026-09-21T10:00:00+05:30,5568.61,556861,out,essential,Completed,,UPI,Payment counterparty,party-1,MCH-10002,DEV-10002,Bengaluru,0,0,0,0,0,0,,0,
TX-100094,SYN-10002,2026-09-26T10:00:00+05:30,5358.59,535859,out,essential,Completed,,UPI,Payment counterparty,party-6,MCH-10002,DEV-10002,Bengaluru,0,0,0,0,0,0,,0,
TX-100095,SYN-10002,2026-09-28T09:00:00+05:30,77250.52,7725052,in,salary,Completed,,Digital banking,Payment counterparty,employer,MCH-10002,DEV-10002,Bengaluru,0,0,0,0,0,0,,0,
TX-100096,SYN-10002,2026-09-29T22:30:00+05:30,13592.15,1359215,out,emi,Completed,,UPI,Payment counterparty,lender,MCH-10002,DEV-10002,Bengaluru,0,0,0,0,0,0,LN-2-0,3,
TX-100109,SYN-10002,2026-10-01T12:00:00+05:30,4234.97,423497,out,essential,Pending,2026-09-27T00:00:00+05:30,UPI,Payment counterparty,party-5,MCH-10002,DEV-10002,Bengaluru,0,0,0,0,0,0,,0,
TX-100097,SYN-10002,2026-10-03T10:00:00+05:30,5126.61,512661,out,essential,Completed,,Card,Payment counterparty,party-6,MCH-10002,DEV-10002,Bengaluru,0,0,0,0,0,0,,0,
TX-100098,SYN-10002,2026-10-04T12:00:00+05:30,39048.94,3904894,out,transfer,Completed,,UPI,Payment counterparty,party-2,,DEV-10002,Bengaluru,0,1,0,0,0,0,,0,
TX-100099,SYN-10002,2026-10-09T10:00:00+05:30,6107.88,610788,out,essential,Completed,,UPI,Payment counterparty,party-2,MCH-10002,DEV-10002,Bengaluru,0,0,0,0,0,0,,0,
TX-100100,SYN-10002,2026-10-15T10:00:00+05:30,6439.73,643973,out,essential,Completed,,UPI,Payment counterparty,party-3,MCH-10002,DEV-10002,Bengaluru,0,0,0,0,0,0,,0,
TX-100101,SYN-10002,2026-10-20T12:00:00+05:30,1784.51,178451,out,transfer,Completed,,UPI,Payment counterparty,party-3,,DEV-10002,Bengaluru,0,1,0,0,0,0,,0,
TX-100102,SYN-10002,2026-10-21T10:00:00+05:30,6420.32,642032,out,essential,Completed,,UPI,Payment counterparty,party-6,MCH-10002,DEV-10002,Bengaluru,0,0,0,0,0,0,,0,
TX-100103,SYN-10002,2026-10-26T09:10:00+05:30,2104.21,210421,in,credit,Completed,,UPI,Payment counterparty,credit-line,MCH-10002,DEV-10002,Bengaluru,0,0,0,0,0,0,,0,
TX-100104,SYN-10002,2026-10-26T10:00:00+05:30,6256.98,625698,out,essential,Completed,,UPI,Payment counterparty,party-1,MCH-10002,DEV-10002,Bengaluru,0,0,0,0,0,0,,0,
TX-100105,SYN-10002,2026-10-28T09:00:00+05:30,67274.57,6727457,in,salary,Completed,,UPI,Payment counterparty,employer,MCH-10002,DEV-10002,Bengaluru,0,0,0,0,0,0,,0,
TX-100106,SYN-10002,2026-10-29T22:30:00+05:30,13592.15,1359215,out,emi,Completed,,UPI,Payment counterparty,lender,MCH-10002,DEV-10002,Bengaluru,0,0,0,0,0,0,LN-2-0,4,
TX-100107,SYN-10002,2026-11-03T10:00:00+05:30,5808.71,580871,out,essential,Completed,,UPI,Payment counterparty,party-3,MCH-10002,DEV-10002,Bengaluru,0,0,0,0,0,0,,0,
TX-100108,SYN-10002,2026-11-04T12:00:00+05:30,40147.13,4014713,out,transfer,Completed,,Card,Payment counterparty,party-5,,DEV-10002,Bengaluru,0,0,0,0,0,0,,0,
TX-100110,SYN-10003,2026-08-01T09:00:00+05:30,101260.38,10126038,in,salary,Completed,,UPI,Payment counterparty,employer,MCH-10003,DEV-10003,Jaipur,0,0,0,0,0,0,,0,
TX-100111,SYN-10003,2026-08-03T10:00:00+05:30,6620.81,662081,out,essential,Completed,,UPI,Payment counterparty,party-1,MCH-10003,DEV-10003,Jaipur,0,0,0,0,0,0,,0,
TX-100112,SYN-10003,2026-08-08T12:00:00+05:30,4366.49,436649,out,transfer,Completed,,Digital banking,Payment counterparty,party-4,,DEV-10003,Jaipur,0,1,0,0,0,0,,0,
TX-100113,SYN-10003,2026-08-09T10:00:00+05:30,8097.88,809788,out,essential,Completed,,UPI,Payment counterparty,party-2,MCH-10003,DEV-10003,Jaipur,0,0,0,0,0,0,,0,
TX-100114,SYN-10003,2026-08-15T10:00:00+05:30,7969.23,796923,out,essential,Completed,,UPI,Payment counterparty,party-3,MCH-10003,DEV-10003,Jaipur,0,0,0,0,0,0,,0,
TX-100115,SYN-10003,2026-08-17T12:00:00+05:30,1767.41,176741,out,transfer,Completed,,Digital banking,Payment counterparty,party-1,,DEV-10003,Jaipur,0,0,0,0,0,0,,0,
TX-100116,SYN-10003,2026-08-20T12:00:00+05:30,5760.51,576051,out,transfer,Completed,,Wallet,Payment counterparty,party-2,,DEV-10003,Jaipur,0,0,0,0,0,0,,0,
TX-100117,SYN-10003,2026-08-21T10:00:00+05:30,8028.49,802849,out,essential,Completed,,UPI,Payment counterparty,party-6,MCH-10003,DEV-10003,Jaipur,0,0,0,0,0,0,,0,
TX-100118,SYN-10003,2026-08-25T12:00:00+05:30,5234.01,523401,out,transfer,Completed,,UPI,Payment counterparty,party-3,,DEV-10003,Jaipur,0,0,0,0,0,0,,0,
TX-100119,SYN-10003,2026-08-26T10:00:00+05:30,6873.45,687345,out,essential,Completed,,UPI,Payment counterparty,party-2,MCH-10003,DEV-10003,Jaipur,0,0,0,0,0,0,,0,
TX-100120,SYN-10003,2026-08-26T22:30:00+05:30,20458.12,2045812,out,emi,Completed,,Card,Payment counterparty,lender,MCH-10003,DEV-10003,Jaipur,0,0,0,0,0,0,LN-3-0,2,
TX-100121,SYN-10003,2026-09-01T09:00:00+05:30,88648.48,8864848,in,salary,Completed,,UPI,Payment counterparty,employer,MCH-10003,DEV-10003,Jaipur,0,0,0,0,0,0,,0,
TX-100122,SYN-10003,2026-09-03T10:00:00+05:30,7341.67,734167,out,essential,Completed,,UPI,Payment counterparty,party-5,MCH-10003,DEV-10003,Jaipur,0,0,0,0,0,0,,0,
TX-100123,SYN-10003,2026-09-08T12:00:00+05:30,2358.2,235820,out,transfer,Completed,,UPI,Payment counterparty,party-2,,DEV-10003,Jaipur,0,1,0,0,0,0,,0,
TX-100124,SYN-10003,2026-09-09T10:00:00+05:30,8246.92,824692,out,essential,Completed,,UPI,Payment counterparty,party-4,MCH-10003,DEV-10003,Jaipur,0,0,0,0,0,0,,0,
TX-100125,SYN-10003,2026-09-15T10:00:00+05:30,8303.51,830351,out,essential,Completed,,Digital banking,Payment counterparty,party-1,MCH-10003,DEV-10003,Jaipur,0,0,0,0,0,0,,0,
TX-100126,SYN-10003,2026-09-17T12:00:00+05:30,6157.43,615743,out,transfer,Completed,,Digital banking,Payment counterparty,party-5,,DEV-10128,Jaipur,1,0,0,0,0,0,,0,
TX-100127,SYN-10003,2026-09-18T16:03:00+05:30,18851.62,1885162,out,transfer,Completed,,UPI,Payment counterparty,party-12,,DEV-10128,Jaipur,1,1,0,0,1,3,,0,
TX-100128,SYN-10003,2026-09-18T16:13:00+05:30,18851.62,1885162,out,transfer,Completed,,UPI,Payment counterparty,party-12,,DEV-10128,Jaipur,1,1,0,0,1,3,,0,
TX-100129,SYN-10003,2026-09-20T12:00:00+05:30,5412.17,541217,out,transfer,Completed,,UPI,Payment counterparty,party-5,,DEV-10128,Jaipur,1,0,0,0,0,0,,0,
TX-100130,SYN-10003,2026-09-21T10:00:00+05:30,8567.99,856799,out,essential,Completed,,UPI,Payment counterparty,party-3,MCH-10003,DEV-10003,Jaipur,0,0,0,0,0,0,,0,
TX-100131,SYN-10003,2026-09-25T12:00:00+05:30,3729.21,372921,out,transfer,Completed,,Card,Payment counterparty,party-3,,DEV-10003,Jaipur,0,0,0,0,0,0,,0,
TX-100132,SYN-10003,2026-09-26T10:00:00+05:30,7584.69,758469,out,essential,Completed,,UPI,Payment counterparty,party-2,MCH-10003,DEV-10003,Jaipur,0,0,0,0,0,0,,0,
TX-100133,SYN-10003,2026-09-26T22:30:00+05:30,20458.12,2045812,out,emi,Completed,,Card,Payment counterparty,lender,MCH-10003,DEV-10003,Jaipur,0,0,0,0,0,0,LN-3-0,3,
TX-100134,SYN-10003,2026-10-01T09:00:00+05:30,96477.84,9647784,in,salary,Completed,,UPI,Payment counterparty,employer,MCH-10003,DEV-10003,Jaipur,0,0,0,0,0,0,,0,
TX-100147,SYN-10003,2026-10-01T12:00:00+05:30,5598.91,559891,out,essential,Pending,2026-09-27T00:00:00+05:30,Card,Payment counterparty,party-4,MCH-10003,DEV-10003,Jaipur,0,0,0,0,0,0,,0,
TX-100135,SYN-10003,2026-10-03T10:00:00+05:30,8401.02,840102,out,essential,Completed,,UPI,Payment counterparty,party-1,MCH-10003,DEV-10003,Jaipur,0,0,0,0,0,0,,0,
TX-100136,SYN-10003,2026-10-08T12:00:00+05:30,7798.08,779808,out,transfer,Completed,,Digital banking,Payment counterparty,party-2,,DEV-10003,Jaipur,0,0,0,0,0,0,,0,
TX-100137,SYN-10003,2026-10-09T10:00:00+05:30,6492.52,649252,out,essential,Completed,,UPI,Payment counterparty,party-1,MCH-10003,DEV-10003,Jaipur,0,0,0,0,0,0,,0,
TX-100138,SYN-10003,2026-10-15T10:00:00+05:30,7095.79,709579,out,essential,Completed,,UPI,Payment counterparty,party-3,MCH-10003,DEV-10003,Jaipur,0,0,0,0,0,0,,0,
TX-100139,SYN-10003,2026-10-17T12:00:00+05:30,8412.97,841297,out,transfer,Completed,,Digital banking,Payment counterparty,party-6,,DEV-10003,Jaipur,0,0,0,0,0,0,,0,
TX-100140,SYN-10003,2026-10-20T12:00:00+05:30,8916.09,891609,out,transfer,Completed,,UPI,Payment counterparty,party-1,,DEV-10003,Jaipur,0,0,0,0,0,0,,0,
TX-100141,SYN-10003,2026-10-21T10:00:00+05:30,8199.72,819972,out,essential,Completed,,UPI,Payment counterparty,party-3,MCH-10003,DEV-10003,Jaipur,0,0,0,0,0,0,,0,
TX-100142,SYN-10003,2026-10-25T12:00:00+05:30,8098.04,809804,out,transfer,Completed,,Digital banking,Payment counterparty,party-2,,DEV-10003,Jaipur,0,0,0,0,0,0,,0,
TX-100143,SYN-10003,2026-10-26T10:00:00+05:30,6676.81,667681,out,essential,Completed,,UPI,Payment counterparty,party-5,MCH-10003,DEV-10003,Jaipur,0,0,0,0,0,0,,0,
TX-100144,SYN-10003,2026-10-26T22:30:00+05:30,20458.12,2045812,out,emi,Completed,,Wallet,Payment counterparty,lender,MCH-10003,DEV-10003,Jaipur,0,0,0,0,0,0,LN-3-0,4,
TX-100145,SYN-10003,2026-11-01T09:00:00+05:30,90556.16,9055616,in,salary,Completed,,Wallet,Payment counterparty,employer,MCH-10003,DEV-10003,Jaipur,0,0,0,0,0,0,,0,
TX-100146,SYN-10003,2026-11-03T10:00:00+05:30,6926.27,692627,out,essential,Completed,,Digital banking,Payment counterparty,party-6,MCH-10003,DEV-10003,Jaipur,0,0,0,0,0,0,,0,
TX-100148,SYN-10004,2026-08-01T09:00:00+05:30,111638.5,11163850,in,salary,Completed,,UPI,Payment counterparty,employer,MCH-10004,DEV-10004,Delhi,0,0,0,0,0,0,,0,
TX-100149,SYN-10004,2026-08-03T10:00:00+05:30,9735.35,973535,out,essential,Completed,,UPI,Payment counterparty,party-5,MCH-10004,DEV-10004,Delhi,0,0,0,0,0,0,,0,
TX-100150,SYN-10004,2026-08-05T12:00:00+05:30,1499.3,149930,out,transfer,Completed,,UPI,Payment counterparty,party-3,,DEV-10004,Delhi,0,1,0,0,0,0,,0,
TX-100151,SYN-10004,2026-08-09T10:00:00+05:30,9450.19,945019,out,essential,Completed,,UPI,Payment counterparty,party-2,MCH-10004,DEV-10004,Delhi,0,0,0,0,0,0,,0,
TX-100152,SYN-10004,2026-08-14T12:00:00+05:30,7888.6,788860,out,transfer,Completed,,UPI,Payment counterparty,party-4,,DEV-10004,Delhi,0,0,0,0,0,0,,0,
TX-100153,SYN-10004,2026-08-15T10:00:00+05:30,8479.69,847969,out,essential,Completed,,UPI,Payment counterparty,party-5,MCH-10004,DEV-10004,Delhi,0,0,0,0,0,0,,0,
TX-100154,SYN-10004,2026-08-21T10:00:00+05:30,8364.98,836498,out,essential,Completed,,UPI,Payment counterparty,party-2,MCH-10004,DEV-10004,Delhi,0,0,0,0,0,0,,0,
TX-100155,SYN-10004,2026-08-23T22:30:00+05:30,17715.15,1771515,out,emi,Completed,,UPI,Payment counterparty,lender,MCH-10004,DEV-10004,Delhi,0,0,0,0,0,0,LN-4-0,2,
TX-100156,SYN-10004,2026-08-26T10:00:00+05:30,8655.12,865512,out,essential,Completed,,UPI,Payment counterparty,party-4,MCH-10004,DEV-10004,Delhi,0,0,0,0,0,0,,0,
TX-100157,SYN-10004,2026-09-01T09:00:00+05:30,115773.62,11577362,in,salary,Completed,,Card,Payment counterparty,employer,MCH-10004,DEV-10004,Delhi,0,0,0,0,0,0,,0,
TX-100158,SYN-10004,2026-09-03T10:00:00+05:30,8645.26,864526,out,essential,Completed,,Card,Payment counterparty,party-6,MCH-10004,DEV-10004,Delhi,0,0,0,0,0,0,,0,
TX-100159,SYN-10004,2026-09-05T12:00:00+05:30,4345.91,434591,out,transfer,Completed,,UPI,Payment counterparty,party-3,,DEV-10004,Delhi,0,1,0,0,0,0,,0,
TX-100160,SYN-10004,2026-09-09T10:00:00+05:30,8730.87,873087,out,essential,Completed,,Digital banking,Payment counterparty,party-5,MCH-10004,DEV-10004,Delhi,0,0,0,0,0,0,,0,
TX-100161,SYN-10004,2026-09-14T12:00:00+05:30,7261.93,726193,out,transfer,Completed,,UPI,Payment counterparty,party-1,,DEV-10004,Delhi,0,1,0,0,0,0,,0,
TX-100162,SYN-10004,2026-09-15T10:00:00+05:30,9299.74,929974,out,essential,Completed,,UPI,Payment counterparty,party-5,MCH-10004,DEV-10004,Delhi,0,0,0,0,0,0,,0,
TX-100163,SYN-10004,2026-09-21T10:00:00+05:30,9616.76,961676,out,essential,Completed,,UPI,Payment counterparty,party-1,MCH-10004,DEV-10004,Delhi,0,0,0,0,0,0,,0,
TX-100164,SYN-10004,2026-09-23T22:30:00+05:30,17715.15,1771515,out,emi,Completed,,UPI,Payment counterparty,lender,MCH-10004,DEV-10004,Delhi,0,0,0,0,0,0,LN-4-0,3,
TX-100165,SYN-10004,2026-09-26T10:00:00+05:30,9469.28,946928,out,essential,Completed,,UPI,Payment counterparty,party-5,MCH-10004,DEV-10004,Delhi,0,0,0,0,0,0,,0,
TX-100166,SYN-10004,2026-10-01T09:00:00+05:30,119944.37,11994437,in,salary,Completed,,UPI,Payment counterparty,employer,MCH-10004,DEV-10004,Delhi,0,0,0,0,0,0,,0,
TX-100178,SYN-10004,2026-10-01T12:00:00+05:30,6659.87,665987,out,essential,Pending,2026-09-27T00:00:00+05:30,UPI,Payment counterparty,party-4,MCH-10004,DEV-10004,Delhi,0,0,0,0,0,0,,0,
TX-100167,SYN-10004,2026-10-03T10:00:00+05:30,9386.63,938663,out,essential,Completed,,UPI,Payment counterparty,party-3,MCH-10004,DEV-10004,Delhi,0,0,0,0,0,0,,0,
TX-100168,SYN-10004,2026-10-05T12:00:00+05:30,4212.49,421249,out,transfer,Completed,,UPI,Payment counterparty,party-6,,DEV-10004,Delhi,0,0,0,0,0,0,,0,
TX-100169,SYN-10004,2026-10-09T10:00:00+05:30,8621.55,862155,out,essential,Completed,,UPI,Payment counterparty,party-6,MCH-10004,DEV-10004,Delhi,0,0,0,0,0,0,,0,
TX-100170,SYN-10004,2026-10-14T12:00:00+05:30,287957.62,28795762,out,transfer,Completed,,UPI,Payment counterparty,party-5,,DEV-10004,Delhi,0,0,0,0,0,0,,0,
TX-100171,SYN-10004,2026-10-15T10:00:00+05:30,7622.96,762296,out,essential,Completed,,UPI,Payment counterparty,party-5,MCH-10004,DEV-10004,Delhi,0,0,0,0,0,0,,0,
TX-100172,SYN-10004,2026-10-21T10:00:00+05:30,7975.13,797513,out,essential,Completed,,Card,Payment counterparty,party-5,MCH-10004,DEV-10004,Delhi,0,0,0,0,0,0,,0,
TX-100173,SYN-10004,2026-10-23T22:30:00+05:30,17715.15,1771515,out,emi,Completed,,UPI,Payment counterparty,lender,MCH-10004,DEV-10004,Delhi,0,0,0,0,0,0,LN-4-0,4,
TX-100174,SYN-10004,2026-10-26T10:00:00+05:30,9774.34,977434,out,essential,Completed,,UPI,Payment counterparty,party-4,MCH-10004,DEV-10004,Delhi,0,0,0,0,0,0,,0,
TX-100175,SYN-10004,2026-11-01T09:00:00+05:30,116192.49,11619249,in,salary,Completed,,UPI,Payment counterparty,employer,MCH-10004,DEV-10004,Delhi,0,0,0,0,0,0,,0,
TX-100176,SYN-10004,2026-11-03T10:00:00+05:30,9418.09,941809,out,essential,Completed,,UPI,Payment counterparty,party-1,MCH-10004,DEV-10004,Delhi,0,0,0,0,0,0,,0,
TX-100177,SYN-10004,2026-11-05T12:00:00+05:30,5226.55,522655,out,transfer,Completed,,Wallet,Payment counterparty,party-3,,DEV-10004,Delhi,0,0,0,0,0,0,,0,
TX-100179,SYN-10005,2026-08-01T09:00:00+05:30,44158.01,4415801,in,salary,Completed,,UPI,Payment counterparty,employer,MCH-10005,DEV-10005,Mumbai,0,0,0,0,0,0,,0,
TX-100180,SYN-10005,2026-08-03T10:00:00+05:30,4649.07,464907,out,essential,Completed,,UPI,Payment counterparty,party-2,MCH-10005,DEV-10005,Mumbai,0,0,0,0,0,0,,0,
TX-100181,SYN-10005,2026-08-09T10:00:00+05:30,4560.95,456095,out,essential,Completed,,Digital banking,Payment counterparty,party-4,MCH-10005,DEV-10005,Mumbai,0,0,0,0,0,0,,0,
TX-100182,SYN-10005,2026-08-15T10:00:00+05:30,4269.94,426994,out,essential,Completed,,Digital banking,Payment counterparty,party-2,MCH-10005,DEV-10005,Mumbai,0,0,0,0,0,0,,0,
TX-100183,SYN-10005,2026-08-21T10:00:00+05:30,4479.6,447960,out,essential,Completed,,UPI,Payment counterparty,party-2,MCH-10005,DEV-10005,Mumbai,0,0,0,0,0,0,,0,
TX-100184,SYN-10005,2026-08-23T12:00:00+05:30,3478.62,347862,out,transfer,Completed,,Digital banking,Payment counterparty,party-1,,DEV-10129,Mumbai,1,1,0,1,0,0,,0,
TX-100185,SYN-10005,2026-08-26T10:00:00+05:30,3663.57,366357,out,essential,Completed,,UPI,Payment counterparty,party-3,MCH-10005,DEV-10005,Mumbai,0,0,0,0,0,0,,0,
TX-100186,SYN-10005,2026-08-26T12:00:00+05:30,1658.72,165872,out,transfer,Completed,,UPI,Payment counterparty,party-2,,DEV-10129,Mumbai,1,1,0,1,0,0,,0,
TX-100187,SYN-10005,2026-08-27T22:30:00+05:30,6058.74,605874,out,emi,Completed,,UPI,Payment counterparty,lender,MCH-10005,DEV-10005,Mumbai,0,0,0,0,0,0,LN-5-0,2,
TX-100188,SYN-10005,2026-09-01T09:00:00+05:30,46110.2,4611020,in,salary,Completed,,Digital banking,Payment counterparty,employer,MCH-10005,DEV-10005,Mumbai,0,0,0,0,0,0,,0,
TX-100189,SYN-10005,2026-09-03T10:00:00+05:30,4051.6,405160,out,essential,Completed,,UPI,Payment counterparty,party-4,MCH-10005,DEV-10005,Mumbai,0,0,0,0,0,0,,0,
TX-100190,SYN-10005,2026-09-09T10:00:00+05:30,4052.74,405274,out,essential,Completed,,UPI,Payment counterparty,party-6,MCH-10005,DEV-10005,Mumbai,0,0,0,0,0,0,,0,
TX-100191,SYN-10005,2026-09-15T10:00:00+05:30,4077.61,407761,out,essential,Completed,,Card,Payment counterparty,party-2,MCH-10005,DEV-10005,Mumbai,0,0,0,0,0,0,,0,
TX-100192,SYN-10005,2026-09-21T10:00:00+05:30,3728.98,372898,out,essential,Completed,,UPI,Payment counterparty,party-4,MCH-10005,DEV-10005,Mumbai,0,0,0,0,0,0,,0,
TX-100193,SYN-10005,2026-09-23T12:00:00+05:30,3518.55,351855,out,transfer,Completed,,UPI,Payment counterparty,party-6,,DEV-10129,Mumbai,1,0,0,0,0,0,,0,
TX-100194,SYN-10005,2026-09-26T10:00:00+05:30,4778.07,477807,out,essential,Completed,,UPI,Payment counterparty,party-4,MCH-10005,DEV-10005,Mumbai,0,0,0,0,0,0,,0,
TX-100195,SYN-10005,2026-09-26T12:00:00+05:30,1802.29,180229,out,transfer,Completed,,UPI,Payment counterparty,party-4,,DEV-10129,Mumbai,1,0,0,0,0,0,,0,
TX-100196,SYN-10005,2026-09-27T22:30:00+05:30,6058.74,605874,out,emi,Completed,,UPI,Payment counterparty,lender,MCH-10005,DEV-10005,Mumbai,0,0,0,0,0,0,LN-5-0,3,
TX-100197,SYN-10005,2026-10-01T09:00:00+05:30,40770.04,4077004,in,salary,Completed,,UPI,Payment counterparty,employer,MCH-10005,DEV-10005,Mumbai,0,0,0,0,0,0,,0,
TX-100208,SYN-10005,2026-10-01T12:00:00+05:30,3193.91,319391,out,essential,Pending,2026-09-27T00:00:00+05:30,UPI,Payment counterparty,party-5,MCH-10005,DEV-10005,Mumbai,0,0,0,0,0,0,,0,
TX-100198,SYN-10005,2026-10-03T10:00:00+05:30,4297.49,429749,out,essential,Completed,,UPI,Payment counterparty,party-5,MCH-10005,DEV-10005,Mumbai,0,0,0,0,0,0,,0,
TX-100199,SYN-10005,2026-10-09T10:00:00+05:30,4139.57,413957,out,essential,Completed,,UPI,Payment counterparty,party-5,MCH-10005,DEV-10005,Mumbai,0,0,0,0,0,0,,0,
TX-100200,SYN-10005,2026-10-15T10:00:00+05:30,4417.5,441750,out,essential,Completed,,UPI,Payment counterparty,party-2,MCH-10005,DEV-10005,Mumbai,0,0,0,0,0,0,,0,
TX-100201,SYN-10005,2026-10-21T10:00:00+05:30,3755.13,375513,out,essential,Completed,,Card,Payment counterparty,party-4,MCH-10005,DEV-10005,Mumbai,0,0,0,0,0,0,,0,
TX-100202,SYN-10005,2026-10-23T12:00:00+05:30,1047.66,104766,out,transfer,Completed,,UPI,Payment counterparty,party-3,,DEV-10129,Mumbai,1,0,0,0,0,0,,0,
TX-100203,SYN-10005,2026-10-26T10:00:00+05:30,4004.54,400454,out,essential,Completed,,UPI,Payment counterparty,party-5,MCH-10005,DEV-10005,Mumbai,0,0,0,0,0,0,,0,
TX-100204,SYN-10005,2026-10-26T12:00:00+05:30,2557.45,255745,out,transfer,Completed,,UPI,Payment counterparty,party-1,,DEV-10129,Mumbai,1,0,0,1,0,0,,0,
TX-100205,SYN-10005,2026-10-27T22:30:00+05:30,6058.74,605874,out,emi,Completed,,Card,Payment counterparty,lender,MCH-10005,DEV-10005,Mumbai,0,0,0,0,0,0,LN-5-0,4,
TX-100206,SYN-10005,2026-11-01T09:00:00+05:30,43925.67,4392567,in,salary,Completed,,UPI,Payment counterparty,employer,MCH-10005,DEV-10005,Mumbai,0,0,0,0,0,0,,0,
TX-100207,SYN-10005,2026-11-03T10:00:00+05:30,4222.23,422223,out,essential,Completed,,Digital banking,Payment counterparty,party-3,MCH-10005,DEV-10005,Mumbai,0,0,0,0,0,0,,0,
TX-100209,SYN-10006,2026-08-01T09:00:00+05:30,65414.87,6541487,in,salary,Completed,,UPI,Payment counterparty,employer,MCH-10006,DEV-10006,Bengaluru,0,0,0,0,0,0,,0,
TX-100210,SYN-10006,2026-08-02T12:00:00+05:30,2973.65,297365,out,transfer,Completed,,UPI,Payment counterparty,party-4,,DEV-10006,Bengaluru,0,0,0,0,0,0,,0,
TX-100211,SYN-10006,2026-08-03T10:00:00+05:30,5519.87,551987,out,essential,Completed,,Card,Payment counterparty,party-5,MCH-10006,DEV-10006,Bengaluru,0,0,0,0,0,0,,0,
TX-100212,SYN-10006,2026-08-09T10:00:00+05:30,4795.34,479534,out,essential,Completed,,Card,Payment counterparty,party-2,MCH-10006,DEV-10006,Bengaluru,0,0,0,0,0,0,,0,
TX-100213,SYN-10006,2026-08-15T10:00:00+05:30,5252.15,525215,out,essential,Completed,,UPI,Payment counterparty,party-4,MCH-10006,DEV-10006,Bengaluru,0,0,0,0,0,0,,0,
TX-100214,SYN-10006,2026-08-21T10:00:00+05:30,5220.79,522079,out,essential,Completed,,Card,Payment counterparty,party-3,MCH-10006,DEV-10006,Bengaluru,0,0,0,0,0,0,,0,
TX-100215,SYN-10006,2026-08-21T12:00:00+05:30,2577.04,257704,out,transfer,Completed,,UPI,Payment counterparty,party-4,,DEV-10006,Bengaluru,0,0,0,0,0,0,,0,
TX-100216,SYN-10006,2026-08-22T12:00:00+05:30,1690.7,169070,out,transfer,Completed,,Wallet,Payment counterparty,party-4,,DEV-10006,Bengaluru,0,0,0,0,0,0,,0,
TX-100217,SYN-10006,2026-08-24T22:30:00+05:30,9449.25,944925,out,emi,Completed,,Card,Payment counterparty,lender,MCH-10006,DEV-10006,Bengaluru,0,0,0,0,0,0,LN-6-0,2,
TX-100218,SYN-10006,2026-08-26T10:00:00+05:30,4468.1,446810,out,essential,Completed,,Digital banking,Payment counterparty,party-1,MCH-10006,DEV-10006,Bengaluru,0,0,0,0,0,0,,0,
TX-100219,SYN-10006,2026-09-01T09:00:00+05:30,42362.41,4236241,in,salary,Completed,,UPI,Payment counterparty,employer,MCH-10006,DEV-10006,Bengaluru,0,0,0,0,0,0,,0,
TX-100220,SYN-10006,2026-09-02T12:00:00+05:30,1512.2,151220,out,transfer,Completed,,Card,Payment counterparty,party-2,,DEV-10006,Bengaluru,0,1,0,0,0,0,,0,
TX-100221,SYN-10006,2026-09-03T10:00:00+05:30,4483.94,448394,out,essential,Completed,,Card,Payment counterparty,party-2,MCH-10006,DEV-10006,Bengaluru,0,0,0,0,0,0,,0,
TX-100222,SYN-10006,2026-09-09T10:00:00+05:30,4718.1,471810,out,essential,Completed,,Digital banking,Payment counterparty,party-3,MCH-10006,DEV-10006,Bengaluru,0,0,0,0,0,0,,0,
TX-100223,SYN-10006,2026-09-11T13:13:00+05:30,4973.44,497344,out,transfer,Completed,,UPI,Payment counterparty,party-21,,DEV-10006,Bengaluru,0,1,0,0,0,0,,0,
TX-100225,SYN-10006,2026-09-11T13:19:00+05:30,4973.44,497344,out,transfer,Completed,,UPI,Payment counterparty,party-21,,DEV-10006,Bengaluru,0,1,0,0,0,0,,0,
TX-100224,SYN-10006,2026-09-11T13:20:00+05:30,4973.44,497344,out,transfer,Completed,,UPI,Payment counterparty,party-21,,DEV-10006,Bengaluru,0,1,0,0,0,0,,0,
TX-100226,SYN-10006,2026-09-15T10:00:00+05:30,4573.5,457350,out,essential,Completed,,UPI,Payment counterparty,party-1,MCH-10006,DEV-10006,Bengaluru,0,0,0,0,0,0,,0,
TX-100227,SYN-10006,2026-09-20T17:12:00+05:30,25734.05,2573405,out,transfer,Completed,,UPI,Payment counterparty,party-7,,DEV-10129,Bengaluru,1,1,0,1,1,2,,0,
TX-100228,SYN-10006,2026-09-20T17:22:00+05:30,25734.05,2573405,out,transfer,Completed,,Card,Payment counterparty,party-7,,DEV-10129,Bengaluru,1,1,0,1,1,2,,0,
TX-100229,SYN-10006,2026-09-21T10:00:00+05:30,5150.19,515019,out,essential,Completed,,Wallet,Payment counterparty,party-4,MCH-10006,DEV-10006,Bengaluru,0,0,0,0,0,0,,0,
TX-100230,SYN-10006,2026-09-21T12:00:00+05:30,984.32,98432,out,transfer,Completed,,Card,Payment counterparty,party-6,,DEV-10006,Bengaluru,0,0,0,0,0,0,,0,
TX-100231,SYN-10006,2026-09-22T12:00:00+05:30,971.99,97199,out,transfer,Completed,,Digital banking,Payment counterparty,party-4,,DEV-10006,Bengaluru,0,0,0,0,0,0,,0,
TX-100232,SYN-10006,2026-09-24T22:30:00+05:30,9449.25,944925,out,emi,Completed,,Digital banking,Payment counterparty,lender,MCH-10006,DEV-10006,Bengaluru,0,0,0,0,0,0,LN-6-0,3,
TX-100233,SYN-10006,2026-09-26T10:00:00+05:30,5541.37,554137,out,essential,Completed,,UPI,Payment counterparty,party-1,MCH-10006,DEV-10006,Bengaluru,0,0,0,0,0,0,,0,
TX-100234,SYN-10006,2026-10-01T09:00:00+05:30,33152.68,3315268,in,salary,Completed,,UPI,Payment counterparty,employer,MCH-10006,DEV-10006,Bengaluru,0,0,0,0,0,0,,0,
TX-100247,SYN-10006,2026-10-01T12:00:00+05:30,3663.9,366390,out,essential,Pending,2026-09-27T00:00:00+05:30,UPI,Payment counterparty,party-1,MCH-10006,DEV-10006,Bengaluru,0,0,0,0,0,0,,0,
TX-100235,SYN-10006,2026-10-02T12:00:00+05:30,1574.92,157492,out,transfer,Completed,,UPI,Payment counterparty,party-3,,DEV-10006,Bengaluru,0,0,0,0,0,0,,0,
TX-100236,SYN-10006,2026-10-03T10:00:00+05:30,5617.27,561727,out,essential,Completed,,UPI,Payment counterparty,party-4,MCH-10006,DEV-10006,Bengaluru,0,0,0,0,0,0,,0,
TX-100237,SYN-10006,2026-10-09T10:00:00+05:30,5105.73,510573,out,essential,Completed,,Digital banking,Payment counterparty,party-6,MCH-10006,DEV-10006,Bengaluru,0,0,0,0,0,0,,0,
TX-100238,SYN-10006,2026-10-15T10:00:00+05:30,4279.47,427947,out,essential,Completed,,Card,Payment counterparty,party-4,MCH-10006,DEV-10006,Bengaluru,0,0,0,0,0,0,,0,
TX-100239,SYN-10006,2026-10-21T10:00:00+05:30,5149.43,514943,out,essential,Completed,,Card,Payment counterparty,party-5,MCH-10006,DEV-10006,Bengaluru,0,0,0,0,0,0,,0,
TX-100240,SYN-10006,2026-10-21T12:00:00+05:30,3368.68,336868,out,transfer,Completed,,UPI,Payment counterparty,party-4,,DEV-10006,Bengaluru,0,0,0,0,0,0,,0,
TX-100241,SYN-10006,2026-10-22T12:00:00+05:30,614.57,61457,out,transfer,Completed,,UPI,Payment counterparty,party-1,,DEV-10006,Bengaluru,0,0,0,0,0,0,,0,
TX-100242,SYN-10006,2026-10-24T22:30:00+05:30,9449.25,944925,out,emi,Completed,,UPI,Payment counterparty,lender,MCH-10006,DEV-10006,Bengaluru,0,0,0,0,0,0,LN-6-0,4,
TX-100243,SYN-10006,2026-10-26T10:00:00+05:30,5383.58,538358,out,essential,Completed,,UPI,Payment counterparty,party-6,MCH-10006,DEV-10006,Bengaluru,0,0,0,0,0,0,,0,
TX-100244,SYN-10006,2026-11-01T09:00:00+05:30,18033.75,1803375,in,salary,Completed,,UPI,Payment counterparty,employer,MCH-10006,DEV-10006,Bengaluru,0,0,0,0,0,0,,0,
TX-100245,SYN-10006,2026-11-02T12:00:00+05:30,572.9,57290,out,transfer,Completed,,Card,Payment counterparty,party-4,,DEV-10129,Bengaluru,1,0,0,0,0,0,,0,
TX-100246,SYN-10006,2026-11-03T10:00:00+05:30,4568.4,456840,out,essential,Completed,,Card,Payment counterparty,party-5,MCH-10006,DEV-10006,Bengaluru,0,0,0,0,0,0,,0,
TX-100248,SYN-10007,2026-08-01T09:00:00+05:30,36433.18,3643318,in,salary,Completed,,Card,Payment counterparty,employer,MCH-10007,DEV-10007,Jaipur,0,0,0,0,0,0,,0,
TX-100249,SYN-10007,2026-08-02T12:00:00+05:30,3836.7,383670,out,transfer,Completed,,UPI,Payment counterparty,party-2,,DEV-10129,Jaipur,1,1,0,0,0,0,,0,
TX-100250,SYN-10007,2026-08-03T10:00:00+05:30,3544.53,354453,out,essential,Completed,,UPI,Payment counterparty,party-2,MCH-10007,DEV-10007,Jaipur,0,0,0,0,0,0,,0,
TX-100251,SYN-10007,2026-08-09T10:00:00+05:30,3218.28,321828,out,essential,Completed,,UPI,Payment counterparty,party-6,MCH-10007,DEV-10007,Jaipur,0,0,0,0,0,0,,0,
TX-100252,SYN-10007,2026-08-13T12:00:00+05:30,24178.83,2417883,out,transfer,Completed,,UPI,Payment counterparty,party-6,,DEV-10007,Jaipur,0,1,0,0,0,0,,0,
TX-100253,SYN-10007,2026-08-15T10:00:00+05:30,3743.67,374367,out,essential,Completed,,UPI,Payment counterparty,party-4,MCH-10007,DEV-10007,Jaipur,0,0,0,0,0,0,,0,
TX-100254,SYN-10007,2026-08-20T22:30:00+05:30,5440.81,544081,out,emi,Completed,,UPI,Payment counterparty,lender,MCH-10007,DEV-10007,Jaipur,0,0,0,0,0,0,LN-7-0,2,
TX-100255,SYN-10007,2026-08-21T10:00:00+05:30,3645.32,364532,out,essential,Completed,,UPI,Payment counterparty,party-3,MCH-10007,DEV-10007,Jaipur,0,0,0,0,0,0,,0,
TX-100256,SYN-10007,2026-08-26T10:00:00+05:30,3549.8,354980,out,essential,Completed,,Card,Payment counterparty,party-2,MCH-10007,DEV-10007,Jaipur,0,0,0,0,0,0,,0,
TX-100257,SYN-10007,2026-09-02T12:00:00+05:30,376.66,37666,out,transfer,Completed,,Digital banking,Payment counterparty,party-6,,DEV-10007,Jaipur,0,0,0,0,0,0,,0,
TX-100258,SYN-10007,2026-09-03T09:10:00+05:30,2929.07,292907,in,credit,Completed,,UPI,Payment counterparty,credit-line,MCH-10007,DEV-10007,Jaipur,0,0,0,0,0,0,,0,
TX-100259,SYN-10007,2026-09-03T10:00:00+05:30,2929.07,292907,out,essential,Completed,,UPI,Payment counterparty,party-5,MCH-10007,DEV-10007,Jaipur,0,0,0,0,0,0,,0,
TX-100260,SYN-10007,2026-09-09T09:10:00+05:30,3855.49,385549,in,credit,Completed,,Digital banking,Payment counterparty,credit-line,MCH-10007,DEV-10007,Jaipur,0,0,0,0,0,0,,0,
TX-100261,SYN-10007,2026-09-09T10:00:00+05:30,3855.49,385549,out,essential,Completed,,UPI,Payment counterparty,party-2,MCH-10007,DEV-10007,Jaipur,0,0,0,0,0,0,,0,
TX-100262,SYN-10007,2026-09-15T09:10:00+05:30,3766.76,376676,in,credit,Completed,,UPI,Payment counterparty,credit-line,MCH-10007,DEV-10007,Jaipur,0,0,0,0,0,0,,0,
TX-100263,SYN-10007,2026-09-15T10:00:00+05:30,3766.76,376676,out,essential,Completed,,UPI,Payment counterparty,party-4,MCH-10007,DEV-10007,Jaipur,0,0,0,0,0,0,,0,
TX-100264,SYN-10007,2026-09-21T09:10:00+05:30,3139.34,313934,in,credit,Completed,,Card,Payment counterparty,credit-line,MCH-10007,DEV-10007,Jaipur,0,0,0,0,0,0,,0,
TX-100265,SYN-10007,2026-09-21T10:00:00+05:30,3139.34,313934,out,essential,Completed,,UPI,Payment counterparty,party-6,MCH-10007,DEV-10007,Jaipur,0,0,0,0,0,0,,0,
TX-100266,SYN-10007,2026-09-26T09:10:00+05:30,3069.4,306940,in,credit,Completed,,UPI,Payment counterparty,credit-line,MCH-10007,DEV-10007,Jaipur,0,0,0,0,0,0,,0,
TX-100267,SYN-10007,2026-09-26T10:00:00+05:30,3069.4,306940,out,essential,Completed,,UPI,Payment counterparty,party-1,MCH-10007,DEV-10007,Jaipur,0,0,0,0,0,0,,0,
TX-100268,SYN-10007,2026-10-01T09:00:00+05:30,7267.88,726788,in,salary,Completed,,UPI,Payment counterparty,employer,MCH-10007,DEV-10007,Jaipur,0,0,0,0,0,0,,0,
TX-100284,SYN-10007,2026-10-01T12:00:00+05:30,2539.57,253957,out,essential,Pending,2026-09-27T00:00:00+05:30,UPI,Payment counterparty,party-5,MCH-10007,DEV-10007,Jaipur,0,0,0,0,0,0,,0,
TX-100269,SYN-10007,2026-10-02T12:00:00+05:30,4607.3,460730,out,transfer,Completed,,UPI,Payment counterparty,party-6,,DEV-10007,Jaipur,0,1,0,0,0,0,,0,
TX-100270,SYN-10007,2026-10-02T22:30:00+05:30,27.91,2791,out,emi,Completed,,UPI,Payment counterparty,lender,MCH-10007,DEV-10007,Jaipur,0,0,0,0,0,0,LN-7-0,3,
TX-100271,SYN-10007,2026-10-03T09:10:00+05:30,813.75,81375,in,credit,Completed,,Digital banking,Payment counterparty,credit-line,MCH-10007,DEV-10007,Jaipur,0,0,0,0,0,0,,0,
TX-100272,SYN-10007,2026-10-03T10:00:00+05:30,3446.42,344642,out,essential,Completed,,Card,Payment counterparty,party-6,MCH-10007,DEV-10007,Jaipur,0,0,0,0,0,0,,0,
TX-100273,SYN-10007,2026-10-09T09:10:00+05:30,3874.72,387472,in,credit,Completed,,Card,Payment counterparty,credit-line,MCH-10007,DEV-10007,Jaipur,0,0,0,0,0,0,,0,
TX-100274,SYN-10007,2026-10-09T10:00:00+05:30,3874.72,387472,out,essential,Completed,,Digital banking,Payment counterparty,party-3,MCH-10007,DEV-10007,Jaipur,0,0,0,0,0,0,,0,
TX-100275,SYN-10007,2026-10-15T09:10:00+05:30,3110.04,311004,in,credit,Completed,,UPI,Payment counterparty,credit-line,MCH-10007,DEV-10007,Jaipur,0,0,0,0,0,0,,0,
TX-100276,SYN-10007,2026-10-15T10:00:00+05:30,3110.04,311004,out,essential,Completed,,UPI,Payment counterparty,party-6,MCH-10007,DEV-10007,Jaipur,0,0,0,0,0,0,,0,
TX-100277,SYN-10007,2026-10-21T09:10:00+05:30,3018.22,301822,in,credit,Completed,,UPI,Payment counterparty,credit-line,MCH-10007,DEV-10007,Jaipur,0,0,0,0,0,0,,0,
TX-100278,SYN-10007,2026-10-21T10:00:00+05:30,3018.22,301822,out,essential,Completed,,UPI,Payment counterparty,party-3,MCH-10007,DEV-10007,Jaipur,0,0,0,0,0,0,,0,
TX-100279,SYN-10007,2026-10-26T09:10:00+05:30,2035.42,203542,in,credit,Completed,,UPI,Payment counterparty,credit-line,MCH-10007,DEV-10007,Jaipur,0,0,0,0,0,0,,0,
TX-100280,SYN-10007,2026-10-26T10:00:00+05:30,2035.42,203542,out,essential,Completed,,UPI,Payment counterparty,party-1,MCH-10007,DEV-10007,Jaipur,0,0,0,0,0,0,,0,
TX-100281,SYN-10007,2026-11-01T09:00:00+05:30,4369.8,436980,in,salary,Completed,,UPI,Payment counterparty,employer,MCH-10007,DEV-10007,Jaipur,0,0,0,0,0,0,,0,
TX-100282,SYN-10007,2026-11-01T22:30:00+05:30,1591.07,159107,out,emi,Completed,,UPI,Payment counterparty,lender,MCH-10007,DEV-10007,Jaipur,0,0,0,0,0,0,LN-7-0,4,
TX-100283,SYN-10007,2026-11-02T12:00:00+05:30,2778.73,277873,out,transfer,Completed,,Wallet,Payment counterparty,party-3,,DEV-10007,Jaipur,0,0,0,0,0,0,,0,
TX-100285,SYN-10008,2026-08-03T10:00:00+05:30,8163.08,816308,out,essential,Completed,,Card,Payment counterparty,party-1,MCH-10008,DEV-10008,Delhi,0,0,0,0,0,0,,0,
TX-100286,SYN-10008,2026-08-05T09:00:00+05:30,97136.17,9713617,in,salary,Completed,,Card,Payment counterparty,employer,MCH-10008,DEV-10008,Delhi,0,0,0,0,0,0,,0,
TX-100287,SYN-10008,2026-08-09T10:00:00+05:30,8904.55,890455,out,essential,Completed,,UPI,Payment counterparty,party-2,MCH-10008,DEV-10008,Delhi,0,0,0,0,0,0,,0,
TX-100288,SYN-10008,2026-08-15T10:00:00+05:30,7714.13,771413,out,essential,Completed,,UPI,Payment counterparty,party-2,MCH-10008,DEV-10008,Delhi,0,0,0,0,0,0,,0,
TX-100289,SYN-10008,2026-08-21T10:00:00+05:30,8218.56,821856,out,essential,Completed,,Digital banking,Payment counterparty,party-3,MCH-10008,DEV-10008,Delhi,0,0,0,0,0,0,,0,
TX-100290,SYN-10008,2026-08-23T22:30:00+05:30,10397.65,1039765,out,emi,Completed,,UPI,Payment counterparty,lender,MCH-10008,DEV-10008,Delhi,0,0,0,0,0,0,LN-8-0,2,
TX-100291,SYN-10008,2026-08-25T12:00:00+05:30,13578.35,1357835,out,transfer,Completed,,UPI,Payment counterparty,party-3,,DEV-10008,Delhi,0,0,0,0,0,0,,0,
TX-100292,SYN-10008,2026-08-26T10:00:00+05:30,7598.02,759802,out,essential,Completed,,Card,Payment counterparty,party-3,MCH-10008,DEV-10008,Delhi,0,0,0,0,0,0,,0,
TX-100293,SYN-10008,2026-08-26T12:00:00+05:30,16716.67,1671667,out,transfer,Completed,,Digital banking,Payment counterparty,party-1,,DEV-10008,Delhi,0,0,0,0,0,0,,0,
TX-100294,SYN-10008,2026-09-03T10:00:00+05:30,8234.76,823476,out,essential,Completed,,Card,Payment counterparty,party-5,MCH-10008,DEV-10008,Delhi,0,0,0,0,0,0,,0,
TX-100295,SYN-10008,2026-09-05T09:00:00+05:30,17805.02,1780502,in,salary,Completed,,UPI,Payment counterparty,employer,MCH-10008,DEV-10008,Delhi,0,0,0,0,0,0,,0,
TX-100296,SYN-10008,2026-09-09T10:00:00+05:30,8622.68,862268,out,essential,Completed,,UPI,Payment counterparty,party-6,MCH-10008,DEV-10008,Delhi,0,0,0,0,0,0,,0,
TX-100297,SYN-10008,2026-09-14T14:40:00+05:30,20203.64,2020364,out,transfer,Completed,,UPI,Payment counterparty,party-27,,DEV-10129,Delhi,1,1,0,0,1,3,,0,
TX-100298,SYN-10008,2026-09-14T14:48:00+05:30,20203.64,2020364,out,transfer,Completed,,Card,Payment counterparty,party-27,,DEV-10129,Delhi,1,1,0,0,1,1,,0,
TX-100299,SYN-10008,2026-09-15T10:00:00+05:30,6757.22,675722,out,essential,Completed,,UPI,Payment counterparty,party-4,MCH-10008,DEV-10008,Delhi,0,0,0,0,0,0,,0,
TX-100300,SYN-10008,2026-09-21T10:00:00+05:30,7937.1,793710,out,essential,Completed,,UPI,Payment counterparty,party-1,MCH-10008,DEV-10008,Delhi,0,0,0,0,0,0,,0,
TX-100301,SYN-10008,2026-09-23T22:30:00+05:30,10397.65,1039765,out,emi,Completed,,Card,Payment counterparty,lender,MCH-10008,DEV-10008,Delhi,0,0,0,0,0,0,LN-8-0,3,
TX-100302,SYN-10008,2026-09-25T12:00:00+05:30,5143.4,514340,out,transfer,Completed,,Digital banking,Payment counterparty,party-6,,DEV-10008,Delhi,0,0,0,0,0,0,,0,
TX-100303,SYN-10008,2026-09-26T10:00:00+05:30,8777.65,877765,out,essential,Completed,,UPI,Payment counterparty,party-5,MCH-10008,DEV-10008,Delhi,0,0,0,0,0,0,,0,
TX-100304,SYN-10008,2026-09-26T12:00:00+05:30,5590.82,559082,out,transfer,Completed,,UPI,Payment counterparty,party-3,,DEV-10008,Delhi,0,1,0,0,0,0,,0,
TX-100318,SYN-10008,2026-10-01T12:00:00+05:30,5878.15,587815,out,essential,Pending,2026-09-27T00:00:00+05:30,UPI,Payment counterparty,party-1,MCH-10008,DEV-10008,Delhi,0,0,0,0,0,0,,0,
TX-100305,SYN-10008,2026-10-03T09:10:00+05:30,8464.05,846405,in,credit,Completed,,UPI,Payment counterparty,credit-line,MCH-10008,DEV-10008,Delhi,0,0,0,0,0,0,,0,
TX-100306,SYN-10008,2026-10-03T10:00:00+05:30,8464.05,846405,out,essential,Completed,,UPI,Payment counterparty,party-2,MCH-10008,DEV-10008,Delhi,0,0,0,0,0,0,,0,
TX-100307,SYN-10008,2026-10-05T09:00:00+05:30,38572.96,3857296,in,salary,Completed,,Digital banking,Payment counterparty,employer,MCH-10008,DEV-10008,Delhi,0,0,0,0,0,0,,0,
TX-100308,SYN-10008,2026-10-09T10:00:00+05:30,7022.89,702289,out,essential,Completed,,Card,Payment counterparty,party-4,MCH-10008,DEV-10008,Delhi,0,0,0,0,0,0,,0,
TX-100309,SYN-10008,2026-10-15T10:00:00+05:30,8359.22,835922,out,essential,Completed,,UPI,Payment counterparty,party-1,MCH-10008,DEV-10008,Delhi,0,0,0,0,0,0,,0,
TX-100310,SYN-10008,2026-10-21T10:00:00+05:30,7209.54,720954,out,essential,Completed,,Card,Payment counterparty,party-2,MCH-10008,DEV-10008,Delhi,0,0,0,0,0,0,,0,
TX-100311,SYN-10008,2026-10-23T22:30:00+05:30,5099.06,509906,out,emi,Completed,,Digital banking,Payment counterparty,lender,MCH-10008,DEV-10008,Delhi,0,0,0,0,0,0,LN-8-0,4,
TX-100312,SYN-10008,2026-10-25T12:00:00+05:30,10882.25,1088225,out,transfer,Completed,,UPI,Payment counterparty,party-1,,DEV-10008,Delhi,0,1,0,0,0,0,,0,
TX-100313,SYN-10008,2026-10-26T09:10:00+05:30,8855.03,885503,in,credit,Completed,,UPI,Payment counterparty,credit-line,MCH-10008,DEV-10008,Delhi,0,0,0,0,0,0,,0,
TX-100314,SYN-10008,2026-10-26T10:00:00+05:30,8855.03,885503,out,essential,Completed,,UPI,Payment counterparty,party-5,MCH-10008,DEV-10008,Delhi,0,0,0,0,0,0,,0,
TX-100315,SYN-10008,2026-11-03T09:10:00+05:30,7585.47,758547,in,credit,Completed,,Digital banking,Payment counterparty,credit-line,MCH-10008,DEV-10008,Delhi,0,0,0,0,0,0,,0,
TX-100316,SYN-10008,2026-11-03T10:00:00+05:30,7585.47,758547,out,essential,Completed,,UPI,Payment counterparty,party-3,MCH-10008,DEV-10008,Delhi,0,0,0,0,0,0,,0,
TX-100317,SYN-10008,2026-11-05T09:00:00+05:30,11512.33,1151233,in,salary,Completed,,UPI,Payment counterparty,employer,MCH-10008,DEV-10008,Delhi,0,0,0,0,0,0,,0,
TX-100319,SYN-10009,2026-08-03T10:00:00+05:30,10463.85,1046385,out,essential,Completed,,UPI,Payment counterparty,party-4,MCH-10009,DEV-10009,Mumbai,0,0,0,0,0,0,,0,
TX-100320,SYN-10009,2026-08-05T09:00:00+05:30,81903.23,8190323,in,salary,Completed,,UPI,Payment counterparty,employer,MCH-10009,DEV-10009,Mumbai,0,0,0,0,0,0,,0,
TX-100321,SYN-10009,2026-08-07T12:00:00+05:30,3310.56,331056,out,transfer,Completed,,Digital banking,Payment counterparty,party-1,,DEV-10009,Mumbai,0,0,0,0,0,0,,0,
TX-100322,SYN-10009,2026-08-08T12:00:00+05:30,10586.56,1058656,out,transfer,Completed,,Digital banking,Payment counterparty,party-5,,DEV-10009,Mumbai,0,1,0,0,0,0,,0,
TX-100323,SYN-10009,2026-08-09T10:00:00+05:30,10139.04,1013904,out,essential,Completed,,Digital banking,Payment counterparty,party-3,MCH-10009,DEV-10009,Mumbai,0,0,0,0,0,0,,0,
TX-100324,SYN-10009,2026-08-13T12:00:00+05:30,4778.41,477841,out,transfer,Completed,,Card,Payment counterparty,party-1,,DEV-10009,Mumbai,0,0,0,0,0,0,,0,
TX-100325,SYN-10009,2026-08-15T10:00:00+05:30,11878.52,1187852,out,essential,Completed,,Wallet,Payment counterparty,party-1,MCH-10009,DEV-10009,Mumbai,0,0,0,0,0,0,,0,
TX-100326,SYN-10009,2026-08-21T10:00:00+05:30,10136.01,1013601,out,essential,Completed,,UPI,Payment counterparty,party-4,MCH-10009,DEV-10009,Mumbai,0,0,0,0,0,0,,0,
TX-100327,SYN-10009,2026-08-23T22:30:00+05:30,26053.37,2605337,out,emi,Completed,,UPI,Payment counterparty,lender,MCH-10009,DEV-10009,Mumbai,0,0,0,0,0,0,LN-9-0,2,
TX-100328,SYN-10009,2026-08-26T10:00:00+05:30,9940.4,994040,out,essential,Completed,,UPI,Payment counterparty,party-5,MCH-10009,DEV-10009,Mumbai,0,0,0,0,0,0,,0,
TX-100329,SYN-10009,2026-09-03T10:00:00+05:30,11811.7,1181170,out,essential,Completed,,UPI,Payment counterparty,party-1,MCH-10009,DEV-10009,Mumbai,0,0,0,0,0,0,,0,
TX-100330,SYN-10009,2026-09-05T09:00:00+05:30,88022.69,8802269,in,salary,Completed,,UPI,Payment counterparty,employer,MCH-10009,DEV-10009,Mumbai,0,0,0,0,0,0,,0,
TX-100331,SYN-10009,2026-09-07T12:00:00+05:30,6051.43,605143,out,transfer,Completed,,UPI,Payment counterparty,party-2,,DEV-10009,Mumbai,0,0,0,0,0,0,,0,
TX-100332,SYN-10009,2026-09-08T12:00:00+05:30,11365.51,1136551,out,transfer,Completed,,UPI,Payment counterparty,party-2,,DEV-10009,Mumbai,0,0,0,0,0,0,,0,
TX-100333,SYN-10009,2026-09-08T14:00:00+05:30,29700.0,2970000,in,transfer,Completed,,Digital banking,Payment counterparty,sender-1,,DEV-10009,Mumbai,0,1,0,0,0,0,,0,
TX-100334,SYN-10009,2026-09-08T14:03:00+05:30,20900.0,2090000,in,transfer,Completed,,UPI,Payment counterparty,sender-1,,DEV-10009,Mumbai,0,1,0,0,0,0,,0,
TX-100335,SYN-10009,2026-09-08T14:06:00+05:30,22600.0,2260000,in,transfer,Completed,,Digital banking,Payment counterparty,sender-1,,DEV-10009,Mumbai,0,1,0,0,0,0,,0,
TX-100336,SYN-10009,2026-09-08T14:14:00+05:30,65880.0,6588000,out,transfer,Completed,,Digital banking,Payment counterparty,party-21,,DEV-10009,Mumbai,0,1,0,0,0,0,,0,
TX-100337,SYN-10009,2026-09-09T10:00:00+05:30,11216.31,1121631,out,essential,Completed,,UPI,Payment counterparty,party-6,MCH-10009,DEV-10009,Mumbai,0,0,0,0,0,0,,0,
TX-100338,SYN-10009,2026-09-13T12:00:00+05:30,9819.26,981926,out,transfer,Completed,,Wallet,Payment counterparty,party-2,,DEV-10009,Mumbai,0,0,0,0,0,0,,0,
TX-100339,SYN-10009,2026-09-15T10:00:00+05:30,10784.97,1078497,out,essential,Completed,,Card,Payment counterparty,party-6,MCH-10009,DEV-10009,Mumbai,0,0,0,0,0,0,,0,
TX-100340,SYN-10009,2026-09-21T10:00:00+05:30,10656.65,1065665,out,essential,Completed,,UPI,Payment counterparty,party-5,MCH-10009,DEV-10009,Mumbai,0,0,0,0,0,0,,0,
TX-100341,SYN-10009,2026-09-23T22:30:00+05:30,26053.37,2605337,out,emi,Completed,,UPI,Payment counterparty,lender,MCH-10009,DEV-10009,Mumbai,0,0,0,0,0,0,LN-9-0,3,
TX-100342,SYN-10009,2026-09-26T10:00:00+05:30,12108.12,1210812,out,essential,Completed,,UPI,Payment counterparty,party-1,MCH-10009,DEV-10009,Mumbai,0,0,0,0,0,0,,0,
TX-100355,SYN-10009,2026-10-01T12:00:00+05:30,8008.74,800874,out,essential,Pending,2026-09-27T00:00:00+05:30,UPI,Payment counterparty,party-4,MCH-10009,DEV-10009,Mumbai,0,0,0,0,0,0,,0,
TX-100343,SYN-10009,2026-10-03T10:00:00+05:30,10016.91,1001691,out,essential,Completed,,Digital banking,Payment counterparty,party-6,MCH-10009,DEV-10009,Mumbai,0,0,0,0,0,0,,0,
TX-100344,SYN-10009,2026-10-05T09:00:00+05:30,87657.79,8765779,in,salary,Completed,,UPI,Payment counterparty,employer,MCH-10009,DEV-10009,Mumbai,0,0,0,0,0,0,,0,
TX-100345,SYN-10009,2026-10-07T12:00:00+05:30,1648.9,164890,out,transfer,Completed,,Card,Payment counterparty,party-5,,DEV-10009,Mumbai,0,0,0,0,0,0,,0,
TX-100346,SYN-10009,2026-10-08T12:00:00+05:30,9025.52,902552,out,transfer,Completed,,UPI,Payment counterparty,party-6,,DEV-10009,Mumbai,0,0,0,0,0,0,,0,
TX-100347,SYN-10009,2026-10-09T10:00:00+05:30,9839.18,983918,out,essential,Completed,,UPI,Payment counterparty,party-6,MCH-10009,DEV-10009,Mumbai,0,0,0,0,0,0,,0,
TX-100348,SYN-10009,2026-10-13T12:00:00+05:30,10008.81,1000881,out,transfer,Completed,,UPI,Payment counterparty,party-4,,DEV-10129,Mumbai,1,0,0,0,0,0,,0,
TX-100349,SYN-10009,2026-10-15T10:00:00+05:30,9175.72,917572,out,essential,Completed,,UPI,Payment counterparty,party-5,MCH-10009,DEV-10009,Mumbai,0,0,0,0,0,0,,0,
TX-100350,SYN-10009,2026-10-21T10:00:00+05:30,11075.75,1107575,out,essential,Completed,,UPI,Payment counterparty,party-1,MCH-10009,DEV-10009,Mumbai,0,0,0,0,0,0,,0,
TX-100351,SYN-10009,2026-10-23T22:30:00+05:30,26053.37,2605337,out,emi,Completed,,UPI,Payment counterparty,lender,MCH-10009,DEV-10009,Mumbai,0,0,0,0,0,0,LN-9-0,4,
TX-100352,SYN-10009,2026-10-26T10:00:00+05:30,9653.96,965396,out,essential,Completed,,UPI,Payment counterparty,party-5,MCH-10009,DEV-10009,Mumbai,0,0,0,0,0,0,,0,
TX-100353,SYN-10009,2026-11-03T10:00:00+05:30,11768.49,1176849,out,essential,Completed,,UPI,Payment counterparty,party-6,MCH-10009,DEV-10009,Mumbai,0,0,0,0,0,0,,0,
TX-100354,SYN-10009,2026-11-05T09:00:00+05:30,81741.34,8174134,in,salary,Completed,,Digital banking,Payment counterparty,employer,MCH-10009,DEV-10009,Mumbai,0,0,0,0,0,0,,0,
TX-100356,SYN-10010,2026-08-01T09:00:00+05:30,58335.75,5833575,in,salary,Completed,,UPI,Payment counterparty,employer,MCH-10010,DEV-10010,Bengaluru,0,0,0,0,0,0,,0,
TX-100357,SYN-10010,2026-08-03T10:00:00+05:30,4483.87,448387,out,essential,Completed,,Wallet,Payment counterparty,party-6,MCH-10010,DEV-10010,Bengaluru,0,0,0,0,0,0,,0,
TX-100358,SYN-10010,2026-08-04T12:00:00+05:30,4237.24,423724,out,transfer,Completed,,UPI,Payment counterparty,party-6,,DEV-10010,Bengaluru,0,0,0,0,0,0,,0,
TX-100359,SYN-10010,2026-08-09T10:00:00+05:30,5394.54,539454,out,essential,Completed,,Digital banking,Payment counterparty,party-2,MCH-10010,DEV-10010,Bengaluru,0,0,0,0,0,0,,0,
TX-100360,SYN-10010,2026-08-15T10:00:00+05:30,5745.05,574505,out,essential,Completed,,Card,Payment counterparty,party-1,MCH-10010,DEV-10010,Bengaluru,0,0,0,0,0,0,,0,
TX-100361,SYN-10010,2026-08-16T12:00:00+05:30,3848.04,384804,out,transfer,Completed,,UPI,Payment counterparty,party-5,,DEV-10010,Bengaluru,0,1,0,0,0,0,,0,
TX-100362,SYN-10010,2026-08-20T12:00:00+05:30,1441.53,144153,out,transfer,Completed,,Card,Payment counterparty,party-4,,DEV-10010,Bengaluru,0,0,0,0,0,0,,0,
TX-100363,SYN-10010,2026-08-21T10:00:00+05:30,4831.38,483138,out,essential,Completed,,UPI,Payment counterparty,party-3,MCH-10010,DEV-10010,Bengaluru,0,0,0,0,0,0,,0,
TX-100364,SYN-10010,2026-08-26T10:00:00+05:30,5656.82,565682,out,essential,Completed,,Card,Payment counterparty,party-2,MCH-10010,DEV-10010,Bengaluru,0,0,0,0,0,0,,0,
TX-100365,SYN-10010,2026-09-01T09:00:00+05:30,62023.38,6202338,in,salary,Completed,,Digital banking,Payment counterparty,employer,MCH-10010,DEV-10010,Bengaluru,0,0,0,0,0,0,,0,
TX-100366,SYN-10010,2026-09-03T10:00:00+05:30,5819.17,581917,out,essential,Completed,,Digital banking,Payment counterparty,party-2,MCH-10010,DEV-10010,Bengaluru,0,0,0,0,0,0,,0,
TX-100367,SYN-10010,2026-09-04T12:00:00+05:30,4994.39,499439,out,transfer,Completed,,UPI,Payment counterparty,party-2,,DEV-10010,Bengaluru,0,0,0,0,0,0,,0,
TX-100368,SYN-10010,2026-09-09T10:00:00+05:30,5650.78,565078,out,essential,Completed,,UPI,Payment counterparty,party-4,MCH-10010,DEV-10010,Bengaluru,0,0,0,0,0,0,,0,
TX-100369,SYN-10010,2026-09-11T14:00:00+05:30,22500.0,2250000,in,transfer,Completed,,UPI,Payment counterparty,sender-0,,DEV-10010,Bengaluru,0,1,0,0,0,0,,0,
TX-100370,SYN-10010,2026-09-11T14:03:00+05:30,16500.0,1650000,in,transfer,Completed,,UPI,Payment counterparty,sender-1,,DEV-10010,Bengaluru,0,1,0,0,0,0,,0,
TX-100371,SYN-10010,2026-09-11T14:06:00+05:30,20800.0,2080000,in,transfer,Completed,,UPI,Payment counterparty,sender-2,,DEV-10010,Bengaluru,0,1,0,0,0,0,,0,
TX-100372,SYN-10010,2026-09-11T14:14:00+05:30,53820.0,5382000,out,transfer,Completed,,UPI,Payment counterparty,party-21,,DEV-10010,Bengaluru,0,1,0,0,0,0,,0,
TX-100373,SYN-10010,2026-09-15T10:00:00+05:30,5090.03,509003,out,essential,Completed,,UPI,Payment counterparty,party-1,MCH-10010,DEV-10010,Bengaluru,0,0,0,0,0,0,,0,
TX-100374,SYN-10010,2026-09-16T12:00:00+05:30,5056.9,505690,out,transfer,Completed,,UPI,Payment counterparty,party-4,,DEV-10010,Bengaluru,0,0,0,0,0,0,,0,
TX-100375,SYN-10010,2026-09-18T15:57:00+05:30,11998.28,1199828,out,transfer,Completed,,UPI,Payment counterparty,party-26,,DEV-10010,Bengaluru,0,0,0,0,0,0,,0,
TX-100376,SYN-10010,2026-09-18T16:03:00+05:30,11998.28,1199828,out,transfer,Completed,,UPI,Payment counterparty,party-26,,DEV-10010,Bengaluru,0,0,0,0,0,0,,0,
TX-100377,SYN-10010,2026-09-20T12:00:00+05:30,3061.55,306155,out,transfer,Completed,,Digital banking,Payment counterparty,party-2,,DEV-10010,Bengaluru,0,0,0,0,0,0,,0,
TX-100378,SYN-10010,2026-09-21T10:00:00+05:30,4434.27,443427,out,essential,Completed,,UPI,Payment counterparty,party-2,MCH-10010,DEV-10010,Bengaluru,0,0,0,0,0,0,,0,
TX-100379,SYN-10010,2026-09-26T10:00:00+05:30,5056.06,505606,out,essential,Completed,,UPI,Payment counterparty,party-1,MCH-10010,DEV-10010,Bengaluru,0,0,0,0,0,0,,0,
TX-100380,SYN-10010,2026-10-01T09:00:00+05:30,63234.81,6323481,in,salary,Completed,,Digital banking,Payment counterparty,employer,MCH-10010,DEV-10010,Bengaluru,0,0,0,0,0,0,,0,
TX-100381,SYN-10010,2026-10-03T10:00:00+05:30,5367.29,536729,out,essential,Completed,,UPI,Payment counterparty,party-3,MCH-10010,DEV-10010,Bengaluru,0,0,0,0,0,0,,0,
TX-100382,SYN-10010,2026-10-04T12:00:00+05:30,3545.41,354541,out,transfer,Completed,,UPI,Payment counterparty,party-1,,DEV-10130,Bengaluru,1,0,0,1,0,0,,0,
TX-100383,SYN-10010,2026-10-09T10:00:00+05:30,4499.51,449951,out,essential,Completed,,UPI,Payment counterparty,party-6,MCH-10010,DEV-10010,Bengaluru,0,0,0,0,0,0,,0,
TX-100384,SYN-10010,2026-10-15T10:00:00+05:30,4616.3,461630,out,essential,Completed,,UPI,Payment counterparty,party-2,MCH-10010,DEV-10010,Bengaluru,0,0,0,0,0,0,,0,
TX-100385,SYN-10010,2026-10-16T12:00:00+05:30,7796.44,779644,out,transfer,Completed,,Wallet,Payment counterparty,party-2,,DEV-10010,Bengaluru,0,1,0,0,0,0,,0,
TX-100386,SYN-10010,2026-10-20T12:00:00+05:30,7510.37,751037,out,transfer,Completed,,UPI,Payment counterparty,party-2,,DEV-10010,Bengaluru,0,0,0,0,0,0,,0,
TX-100387,SYN-10010,2026-10-21T10:00:00+05:30,5730.76,573076,out,essential,Completed,,Card,Payment counterparty,party-3,MCH-10010,DEV-10010,Bengaluru,0,0,0,0,0,0,,0,
TX-100388,SYN-10010,2026-10-26T10:00:00+05:30,4951.48,495148,out,essential,Completed,,UPI,Payment counterparty,party-4,MCH-10010,DEV-10010,Bengaluru,0,0,0,0,0,0,,0,
TX-100389,SYN-10010,2026-11-01T09:00:00+05:30,59645.34,5964534,in,salary,Completed,,UPI,Payment counterparty,employer,MCH-10010,DEV-10010,Bengaluru,0,0,0,0,0,0,,0,
TX-100390,SYN-10010,2026-11-03T10:00:00+05:30,4586.89,458689,out,essential,Completed,,UPI,Payment counterparty,party-3,MCH-10010,DEV-10010,Bengaluru,0,0,0,0,0,0,,0,
TX-100391,SYN-10010,2026-11-04T12:00:00+05:30,5819.09,581909,out,transfer,Completed,,UPI,Payment counterparty,party-2,,DEV-10130,Bengaluru,1,1,0,0,0,0,,0,
TX-100392,SYN-10011,2026-08-01T09:00:00+05:30,75290.54,7529054,in,salary,Completed,,UPI,Payment counterparty,employer,MCH-10011,DEV-10011,Jaipur,0,0,0,0,0,0,,0,
TX-100393,SYN-10011,2026-08-03T10:00:00+05:30,10491.91,1049191,out,essential,Completed,,Card,Payment counterparty,party-5,MCH-10011,DEV-10011,Jaipur,0,0,0,0,0,0,,0,
TX-100394,SYN-10011,2026-08-09T10:00:00+05:30,9600.12,960012,out,essential,Completed,,UPI,Payment counterparty,party-4,MCH-10011,DEV-10011,Jaipur,0,0,0,0,0,0,,0,
TX-100395,SYN-10011,2026-08-15T10:00:00+05:30,11308.35,1130835,out,essential,Completed,,UPI,Payment counterparty,party-4,MCH-10011,DEV-10011,Jaipur,0,0,0,0,0,0,,0,
TX-100396,SYN-10011,2026-08-21T10:00:00+05:30,9304.4,930440,out,essential,Completed,,UPI,Payment counterparty,party-5,MCH-10011,DEV-10011,Jaipur,0,0,0,0,0,0,,0,
TX-100397,SYN-10011,2026-08-21T22:30:00+05:30,27941.86,2794186,out,emi,Completed,,UPI,Payment counterparty,lender,MCH-10011,DEV-10011,Jaipur,0,0,0,0,0,0,LN-11-0,2,
TX-100398,SYN-10011,2026-08-21T22:30:00+05:30,15425.76,1542576,out,emi,Completed,,UPI,Payment counterparty,lender,MCH-10011,DEV-10011,Jaipur,0,0,0,0,0,0,LN-11-1,2,
TX-100399,SYN-10011,2026-08-24T12:00:00+05:30,7848.52,784852,out,transfer,Completed,,UPI,Payment counterparty,party-5,,DEV-10011,Jaipur,0,0,0,0,0,0,,0,
TX-100400,SYN-10011,2026-08-25T12:00:00+05:30,10486.31,1048631,out,transfer,Completed,,UPI,Payment counterparty,party-3,,DEV-10011,Jaipur,0,1,0,0,0,0,,0,
TX-100401,SYN-10011,2026-08-26T10:00:00+05:30,10466.84,1046684,out,essential,Completed,,UPI,Payment counterparty,party-4,MCH-10011,DEV-10011,Jaipur,0,0,0,0,0,0,,0,
TX-100402,SYN-10011,2026-08-28T12:00:00+05:30,26093.67,2609367,out,transfer,Completed,,Wallet,Payment counterparty,party-6,,DEV-10011,Jaipur,0,0,0,0,0,0,,0,
TX-100403,SYN-10011,2026-09-01T09:00:00+05:30,82654.06,8265406,in,salary,Completed,,Card,Payment counterparty,employer,MCH-10011,DEV-10011,Jaipur,0,0,0,0,0,0,,0,
TX-100404,SYN-10011,2026-09-03T10:00:00+05:30,11181.44,1118144,out,essential,Completed,,UPI,Payment counterparty,party-6,MCH-10011,DEV-10011,Jaipur,0,0,0,0,0,0,,0,
TX-100405,SYN-10011,2026-09-08T17:16:00+05:30,87512.14,8751214,out,transfer,Completed,,Card,Payment counterparty,party-28,,DEV-10130,Jaipur,1,1,0,0,1,4,,0,
TX-100406,SYN-10011,2026-09-09T10:00:00+05:30,9425.26,942526,out,essential,Completed,,UPI,Payment counterparty,party-5,MCH-10011,DEV-10011,Jaipur,0,0,0,0,0,0,,0,
TX-100407,SYN-10011,2026-09-14T14:20:00+05:30,918.15,91815,out,transfer,Completed,,Wallet,Payment counterparty,party-29,,DEV-10130,Jaipur,1,1,0,0,1,3,,0,
TX-100408,SYN-10011,2026-09-14T14:24:00+05:30,918.15,91815,out,transfer,Completed,,UPI,Payment counterparty,party-29,,DEV-10130,Jaipur,1,1,0,0,1,4,,0,
TX-100409,SYN-10011,2026-09-15T09:10:00+05:30,9907.81,990781,in,credit,Completed,,UPI,Payment counterparty,credit-line,MCH-10011,DEV-10011,Jaipur,0,0,0,0,0,0,,0,
TX-100410,SYN-10011,2026-09-15T10:00:00+05:30,11868.65,1186865,out,essential,Completed,,Digital banking,Payment counterparty,party-2,MCH-10011,DEV-10011,Jaipur,0,0,0,0,0,0,,0,
TX-100411,SYN-10011,2026-09-21T09:10:00+05:30,11633.44,1163344,in,credit,Completed,,Wallet,Payment counterparty,credit-line,MCH-10011,DEV-10011,Jaipur,0,0,0,0,0,0,,0,
TX-100412,SYN-10011,2026-09-21T10:00:00+05:30,11633.44,1163344,out,essential,Completed,,Card,Payment counterparty,party-3,MCH-10011,DEV-10011,Jaipur,0,0,0,0,0,0,,0,
TX-100413,SYN-10011,2026-09-26T09:10:00+05:30,10455.83,1045583,in,credit,Completed,,Digital banking,Payment counterparty,credit-line,MCH-10011,DEV-10011,Jaipur,0,0,0,0,0,0,,0,
TX-100414,SYN-10011,2026-09-26T10:00:00+05:30,10455.83,1045583,out,essential,Completed,,UPI,Payment counterparty,party-2,MCH-10011,DEV-10011,Jaipur,0,0,0,0,0,0,,0,
TX-100415,SYN-10011,2026-10-01T09:00:00+05:30,76031.47,7603147,in,salary,Completed,,Digital banking,Payment counterparty,employer,MCH-10011,DEV-10011,Jaipur,0,0,0,0,0,0,,0,
TX-100429,SYN-10011,2026-10-01T12:00:00+05:30,7760.61,776061,out,essential,Pending,2026-09-27T00:00:00+05:30,UPI,Payment counterparty,party-2,MCH-10011,DEV-10011,Jaipur,0,0,0,0,0,0,,0,
TX-100416,SYN-10011,2026-10-03T10:00:00+05:30,9886.65,988665,out,essential,Completed,,UPI,Payment counterparty,party-3,MCH-10011,DEV-10011,Jaipur,0,0,0,0,0,0,,0,
TX-100417,SYN-10011,2026-10-03T22:30:00+05:30,27941.86,2794186,out,emi,Completed,,Card,Payment counterparty,lender,MCH-10011,DEV-10011,Jaipur,0,0,0,0,0,0,LN-11-0,3,
TX-100418,SYN-10011,2026-10-03T22:30:00+05:30,15425.76,1542576,out,emi,Completed,,UPI,Payment counterparty,lender,MCH-10011,DEV-10011,Jaipur,0,0,0,0,0,0,LN-11-1,3,
TX-100419,SYN-10011,2026-10-09T10:00:00+05:30,9723.76,972376,out,essential,Completed,,Digital banking,Payment counterparty,party-5,MCH-10011,DEV-10011,Jaipur,0,0,0,0,0,0,,0,
TX-100420,SYN-10011,2026-10-15T10:00:00+05:30,11239.13,1123913,out,essential,Completed,,Card,Payment counterparty,party-1,MCH-10011,DEV-10011,Jaipur,0,0,0,0,0,0,,0,
TX-100421,SYN-10011,2026-10-21T09:10:00+05:30,8988.61,898861,in,credit,Completed,,Digital banking,Payment counterparty,credit-line,MCH-10011,DEV-10011,Jaipur,0,0,0,0,0,0,,0,
TX-100422,SYN-10011,2026-10-21T10:00:00+05:30,10802.92,1080292,out,essential,Completed,,Digital banking,Payment counterparty,party-3,MCH-10011,DEV-10011,Jaipur,0,0,0,0,0,0,,0,
TX-100423,SYN-10011,2026-10-26T09:10:00+05:30,11034.33,1103433,in,credit,Completed,,Digital banking,Payment counterparty,credit-line,MCH-10011,DEV-10011,Jaipur,0,0,0,0,0,0,,0,
TX-100424,SYN-10011,2026-10-26T10:00:00+05:30,11034.33,1103433,out,essential,Completed,,UPI,Payment counterparty,party-3,MCH-10011,DEV-10011,Jaipur,0,0,0,0,0,0,,0,
TX-100425,SYN-10011,2026-11-01T09:00:00+05:30,86092.8,8609280,in,salary,Completed,,UPI,Payment counterparty,employer,MCH-10011,DEV-10011,Jaipur,0,0,0,0,0,0,,0,
TX-100426,SYN-10011,2026-11-02T22:30:00+05:30,27941.86,2794186,out,emi,Completed,,UPI,Payment counterparty,lender,MCH-10011,DEV-10011,Jaipur,0,0,0,0,0,0,LN-11-0,4,
TX-100427,SYN-10011,2026-11-02T22:30:00+05:30,15425.76,1542576,out,emi,Completed,,UPI,Payment counterparty,lender,MCH-10011,DEV-10011,Jaipur,0,0,0,0,0,0,LN-11-1,4,
TX-100428,SYN-10011,2026-11-03T10:00:00+05:30,9673.65,967365,out,essential,Completed,,Card,Payment counterparty,party-5,MCH-10011,DEV-10011,Jaipur,0,0,0,0,0,0,,0,
TX-100430,SYN-10012,2026-08-01T09:00:00+05:30,129214.85,12921485,in,salary,Completed,,UPI,Payment counterparty,employer,MCH-10012,DEV-10012,Delhi,0,0,0,0,0,0,,0,
TX-100431,SYN-10012,2026-08-03T10:00:00+05:30,12108.12,1210812,out,essential,Completed,,Card,Payment counterparty,party-1,MCH-10012,DEV-10012,Delhi,0,0,0,0,0,0,,0,
TX-100432,SYN-10012,2026-08-09T10:00:00+05:30,12465.08,1246508,out,essential,Completed,,Card,Payment counterparty,party-2,MCH-10012,DEV-10012,Delhi,0,0,0,0,0,0,,0,
TX-100433,SYN-10012,2026-08-09T12:00:00+05:30,5438.94,543894,out,transfer,Completed,,UPI,Payment counterparty,party-6,,DEV-10012,Delhi,0,0,0,0,0,0,,0,
TX-100434,SYN-10012,2026-08-10T12:00:00+05:30,1911.92,191192,out,transfer,Completed,,Wallet,Payment counterparty,party-4,,DEV-10012,Delhi,0,0,0,0,0,0,,0,
TX-100435,SYN-10012,2026-08-12T12:00:00+05:30,7145.07,714507,out,transfer,Completed,,UPI,Payment counterparty,party-2,,DEV-10012,Delhi,0,0,0,0,0,0,,0,
TX-100436,SYN-10012,2026-08-15T10:00:00+05:30,13944.65,1394465,out,essential,Completed,,UPI,Payment counterparty,party-2,MCH-10012,DEV-10012,Delhi,0,0,0,0,0,0,,0,
TX-100437,SYN-10012,2026-08-21T10:00:00+05:30,11819.49,1181949,out,essential,Completed,,Wallet,Payment counterparty,party-3,MCH-10012,DEV-10012,Delhi,0,0,0,0,0,0,,0,
TX-100438,SYN-10012,2026-08-25T22:30:00+05:30,13356.45,1335645,out,emi,Completed,,Card,Payment counterparty,lender,MCH-10012,DEV-10012,Delhi,0,0,0,0,0,0,LN-12-0,2,
TX-100439,SYN-10012,2026-08-26T10:00:00+05:30,13978.97,1397897,out,essential,Completed,,Digital banking,Payment counterparty,party-3,MCH-10012,DEV-10012,Delhi,0,0,0,0,0,0,,0,
TX-100440,SYN-10012,2026-09-01T09:00:00+05:30,116752.1,11675210,in,salary,Completed,,UPI,Payment counterparty,employer,MCH-10012,DEV-10012,Delhi,0,0,0,0,0,0,,0,
TX-100441,SYN-10012,2026-09-03T10:00:00+05:30,10413.09,1041309,out,essential,Completed,,Digital banking,Payment counterparty,party-4,MCH-10012,DEV-10012,Delhi,0,0,0,0,0,0,,0,
TX-100442,SYN-10012,2026-09-09T10:00:00+05:30,12459.86,1245986,out,essential,Completed,,UPI,Payment counterparty,party-3,MCH-10012,DEV-10012,Delhi,0,0,0,0,0,0,,0,
TX-100443,SYN-10012,2026-09-09T12:00:00+05:30,6812.39,681239,out,transfer,Completed,,UPI,Payment counterparty,party-3,,DEV-10130,Delhi,1,0,0,0,0,0,,0,
TX-100444,SYN-10012,2026-09-10T12:00:00+05:30,3442.43,344243,out,transfer,Completed,,UPI,Payment counterparty,party-3,,DEV-10012,Delhi,0,0,0,0,0,0,,0,
TX-100445,SYN-10012,2026-09-10T13:01:00+05:30,94556.12,9455612,out,transfer,Completed,,UPI,Payment counterparty,party-10,,DEV-10012,Delhi,0,0,0,0,0,0,,0,
TX-100446,SYN-10012,2026-09-10T13:06:00+05:30,94556.12,9455612,out,transfer,Completed,,UPI,Payment counterparty,party-10,,DEV-10012,Delhi,0,0,0,0,0,0,,0,
TX-100447,SYN-10012,2026-09-10T13:21:00+05:30,94556.12,9455612,out,transfer,Completed,,UPI,Payment counterparty,party-10,,DEV-10012,Delhi,0,0,0,0,0,0,,0,
TX-100448,SYN-10012,2026-09-12T12:00:00+05:30,4205.53,420553,out,transfer,Completed,,UPI,Payment counterparty,party-2,,DEV-10012,Delhi,0,0,0,0,0,0,,0,
TX-100449,SYN-10012,2026-09-15T10:00:00+05:30,13723.39,1372339,out,essential,Completed,,UPI,Payment counterparty,party-5,MCH-10012,DEV-10012,Delhi,0,0,0,0,0,0,,0,
TX-100450,SYN-10012,2026-09-19T13:07:00+05:30,21389.33,2138933,out,transfer,Completed,,Card,Payment counterparty,party-12,,DEV-10130,Delhi,1,1,0,1,1,1,,0,
TX-100451,SYN-10012,2026-09-19T13:12:00+05:30,21389.33,2138933,out,transfer,Completed,,UPI,Payment counterparty,party-12,,DEV-10130,Delhi,1,1,0,1,1,2,,0,
TX-100452,SYN-10012,2026-09-21T10:00:00+05:30,10759.93,1075993,out,essential,Completed,,Digital banking,Payment counterparty,party-3,MCH-10012,DEV-10012,Delhi,0,0,0,0,0,0,,0,
TX-100453,SYN-10012,2026-09-25T22:30:00+05:30,13356.45,1335645,out,emi,Completed,,Digital banking,Payment counterparty,lender,MCH-10012,DEV-10012,Delhi,0,0,0,0,0,0,LN-12-0,3,
TX-100454,SYN-10012,2026-09-26T10:00:00+05:30,10409.35,1040935,out,essential,Completed,,Card,Payment counterparty,party-5,MCH-10012,DEV-10012,Delhi,0,0,0,0,0,0,,0,
TX-100455,SYN-10012,2026-10-01T09:00:00+05:30,112839.48,11283948,in,salary,Completed,,UPI,Payment counterparty,employer,MCH-10012,DEV-10012,Delhi,0,0,0,0,0,0,,0,
TX-100467,SYN-10012,2026-10-01T12:00:00+05:30,9128.48,912848,out,essential,Pending,2026-09-27T00:00:00+05:30,UPI,Payment counterparty,party-6,MCH-10012,DEV-10012,Delhi,0,0,0,0,0,0,,0,
TX-100456,SYN-10012,2026-10-03T10:00:00+05:30,11898.75,1189875,out,essential,Completed,,UPI,Payment counterparty,party-5,MCH-10012,DEV-10012,Delhi,0,0,0,0,0,0,,0,
TX-100457,SYN-10012,2026-10-09T10:00:00+05:30,13003.12,1300312,out,essential,Completed,,UPI,Payment counterparty,party-6,MCH-10012,DEV-10012,Delhi,0,0,0,0,0,0,,0,
TX-100458,SYN-10012,2026-10-09T12:00:00+05:30,3342.71,334271,out,transfer,Completed,,UPI,Payment counterparty,party-3,,DEV-10012,Delhi,0,1,0,0,0,0,,0,
TX-100459,SYN-10012,2026-10-10T12:00:00+05:30,2678.87,267887,out,transfer,Completed,,UPI,Payment counterparty,party-1,,DEV-10012,Delhi,0,1,0,0,0,0,,0,
TX-100460,SYN-10012,2026-10-12T12:00:00+05:30,127589.72,12758972,out,transfer,Completed,,Card,Payment counterparty,party-4,,DEV-10012,Delhi,0,0,0,0,0,0,,0,
TX-100461,SYN-10012,2026-10-15T10:00:00+05:30,12121.83,1212183,out,essential,Completed,,UPI,Payment counterparty,party-6,MCH-10012,DEV-10012,Delhi,0,0,0,0,0,0,,0,
TX-100462,SYN-10012,2026-10-21T10:00:00+05:30,10919.47,1091947,out,essential,Completed,,Wallet,Payment counterparty,party-2,MCH-10012,DEV-10012,Delhi,0,0,0,0,0,0,,0,
TX-100463,SYN-10012,2026-10-25T22:30:00+05:30,13356.45,1335645,out,emi,Completed,,UPI,Payment counterparty,lender,MCH-10012,DEV-10012,Delhi,0,0,0,0,0,0,LN-12-0,4,
TX-100464,SYN-10012,2026-10-26T10:00:00+05:30,12934.76,1293476,out,essential,Completed,,UPI,Payment counterparty,party-2,MCH-10012,DEV-10012,Delhi,0,0,0,0,0,0,,0,
TX-100465,SYN-10012,2026-11-01T09:00:00+05:30,117802.22,11780222,in,salary,Completed,,UPI,Payment counterparty,employer,MCH-10012,DEV-10012,Delhi,0,0,0,0,0,0,,0,
TX-100466,SYN-10012,2026-11-03T10:00:00+05:30,11434.68,1143468,out,essential,Completed,,UPI,Payment counterparty,party-3,MCH-10012,DEV-10012,Delhi,0,0,0,0,0,0,,0,
TX-100468,SYN-10013,2026-08-01T09:00:00+05:30,116972.45,11697245,in,salary,Completed,,Digital banking,Payment counterparty,employer,MCH-10013,DEV-10013,Mumbai,0,0,0,0,0,0,,0,
TX-100469,SYN-10013,2026-08-03T10:00:00+05:30,14394.39,1439439,out,essential,Completed,,Digital banking,Payment counterparty,party-5,MCH-10013,DEV-10013,Mumbai,0,0,0,0,0,0,,0,
TX-100470,SYN-10013,2026-08-05T12:00:00+05:30,2297.22,229722,out,transfer,Completed,,UPI,Payment counterparty,party-5,,DEV-10130,Mumbai,1,0,0,1,0,0,,0,
TX-100471,SYN-10013,2026-08-09T10:00:00+05:30,14059.79,1405979,out,essential,Completed,,UPI,Payment counterparty,party-1,MCH-10013,DEV-10013,Mumbai,0,0,0,0,0,0,,0,
TX-100472,SYN-10013,2026-08-13T12:00:00+05:30,3400.16,340016,out,transfer,Completed,,UPI,Payment counterparty,party-1,,DEV-10013,Mumbai,0,1,0,0,0,0,,0,
TX-100473,SYN-10013,2026-08-15T10:00:00+05:30,11342.61,1134261,out,essential,Completed,,Card,Payment counterparty,party-2,MCH-10013,DEV-10013,Mumbai,0,0,0,0,0,0,,0,
TX-100474,SYN-10013,2026-08-21T10:00:00+05:30,13789.53,1378953,out,essential,Completed,,UPI,Payment counterparty,party-6,MCH-10013,DEV-10013,Mumbai,0,0,0,0,0,0,,0,
TX-100475,SYN-10013,2026-08-21T12:00:00+05:30,2245.28,224528,out,transfer,Completed,,Wallet,Payment counterparty,party-1,,DEV-10013,Mumbai,0,0,0,0,0,0,,0,
TX-100476,SYN-10013,2026-08-25T12:00:00+05:30,2651.22,265122,out,transfer,Completed,,Card,Payment counterparty,party-6,,DEV-10013,Mumbai,0,0,0,0,0,0,,0,
TX-100477,SYN-10013,2026-08-26T10:00:00+05:30,11168.48,1116848,out,essential,Completed,,UPI,Payment counterparty,party-1,MCH-10013,DEV-10013,Mumbai,0,0,0,0,0,0,,0,
TX-100478,SYN-10013,2026-08-28T22:30:00+05:30,30143.67,3014367,out,emi,Completed,,UPI,Payment counterparty,lender,MCH-10013,DEV-10013,Mumbai,0,0,0,0,0,0,LN-13-0,2,
TX-100479,SYN-10013,2026-09-01T09:00:00+05:30,112201.32,11220132,in,salary,Completed,,UPI,Payment counterparty,employer,MCH-10013,DEV-10013,Mumbai,0,0,0,0,0,0,,0,
TX-100480,SYN-10013,2026-09-03T10:00:00+05:30,10938.54,1093854,out,essential,Completed,,Card,Payment counterparty,party-6,MCH-10013,DEV-10013,Mumbai,0,0,0,0,0,0,,0,
TX-100481,SYN-10013,2026-09-05T12:00:00+05:30,844.66,84466,out,transfer,Completed,,UPI,Payment counterparty,party-1,,DEV-10013,Mumbai,0,0,0,0,0,0,,0,
TX-100482,SYN-10013,2026-09-09T10:00:00+05:30,13981.56,1398156,out,essential,Completed,,UPI,Payment counterparty,party-1,MCH-10013,DEV-10013,Mumbai,0,0,0,0,0,0,,0,
TX-100483,SYN-10013,2026-09-13T12:00:00+05:30,1963.91,196391,out,transfer,Completed,,UPI,Payment counterparty,party-4,,DEV-10013,Mumbai,0,1,0,0,0,0,,0,
TX-100484,SYN-10013,2026-09-15T10:00:00+05:30,14487.9,1448790,out,essential,Completed,,UPI,Payment counterparty,party-5,MCH-10013,DEV-10013,Mumbai,0,0,0,0,0,0,,0,
TX-100485,SYN-10013,2026-09-15T14:11:00+05:30,24705.67,2470567,out,transfer,Completed,,UPI,Payment counterparty,party-18,,DEV-10013,Mumbai,0,0,0,0,0,0,,0,
TX-100486,SYN-10013,2026-09-15T14:15:00+05:30,24705.67,2470567,out,transfer,Completed,,UPI,Payment counterparty,party-18,,DEV-10013,Mumbai,0,0,0,0,0,0,,0,
TX-100487,SYN-10013,2026-09-15T14:17:00+05:30,24705.67,2470567,out,transfer,Completed,,UPI,Payment counterparty,party-18,,DEV-10013,Mumbai,0,0,0,0,0,0,,0,
TX-100488,SYN-10013,2026-09-17T17:43:00+05:30,32326.69,3232669,out,transfer,Completed,,Digital banking,Payment counterparty,party-22,,DEV-10130,Mumbai,1,1,0,0,1,4,,0,
TX-100489,SYN-10013,2026-09-17T17:52:00+05:30,32326.69,3232669,out,transfer,Completed,,UPI,Payment counterparty,party-22,,DEV-10130,Mumbai,1,1,0,1,1,1,,0,
TX-100490,SYN-10013,2026-09-20T10:00:00+05:30,61420.71,6142071,in,transfer,Completed,,UPI,Payment counterparty,recovery,,DEV-10013,Mumbai,0,0,0,0,0,0,,0,
TX-100491,SYN-10013,2026-09-21T10:00:00+05:30,11742.65,1174265,out,essential,Completed,,Digital banking,Payment counterparty,party-1,MCH-10013,DEV-10013,Mumbai,0,0,0,0,0,0,,0,
TX-100492,SYN-10013,2026-09-21T12:00:00+05:30,1510.72,151072,out,transfer,Completed,,UPI,Payment counterparty,party-2,,DEV-10013,Mumbai,0,0,0,0,0,0,,0,
TX-100493,SYN-10013,2026-09-25T12:00:00+05:30,2448.65,244865,out,transfer,Completed,,UPI,Payment counterparty,party-6,,DEV-10013,Mumbai,0,0,0,0,0,0,,0,
TX-100494,SYN-10013,2026-09-26T10:00:00+05:30,13211.1,1321110,out,essential,Completed,,UPI,Payment counterparty,party-5,MCH-10013,DEV-10013,Mumbai,0,0,0,0,0,0,,0,
TX-100495,SYN-10013,2026-09-28T22:30:00+05:30,21791.57,2179157,out,emi,Completed,,UPI,Payment counterparty,lender,MCH-10013,DEV-10013,Mumbai,0,0,0,0,0,0,LN-13-0,3,
TX-100496,SYN-10013,2026-10-01T09:00:00+05:30,120127.36,12012736,in,salary,Completed,,Digital banking,Payment counterparty,employer,MCH-10013,DEV-10013,Mumbai,0,0,0,0,0,0,,0,
TX-100511,SYN-10013,2026-10-01T12:00:00+05:30,9564.01,956401,out,essential,Pending,2026-09-27T00:00:00+05:30,Card,Payment counterparty,party-4,MCH-10013,DEV-10013,Mumbai,0,0,0,0,0,0,,0,
TX-100497,SYN-10013,2026-10-01T22:30:00+05:30,8352.1,835210,out,emi,Completed,,Digital banking,Payment counterparty,lender,MCH-10013,DEV-10013,Mumbai,0,0,0,0,0,0,LN-13-0,3,
TX-100498,SYN-10013,2026-10-03T10:00:00+05:30,14200.32,1420032,out,essential,Completed,,UPI,Payment counterparty,party-1,MCH-10013,DEV-10013,Mumbai,0,0,0,0,0,0,,0,
TX-100499,SYN-10013,2026-10-05T12:00:00+05:30,1976.05,197605,out,transfer,Completed,,Card,Payment counterparty,party-4,,DEV-10013,Mumbai,0,0,0,0,0,0,,0,
TX-100500,SYN-10013,2026-10-09T10:00:00+05:30,14198.52,1419852,out,essential,Completed,,UPI,Payment counterparty,party-5,MCH-10013,DEV-10013,Mumbai,0,0,0,0,0,0,,0,
TX-100501,SYN-10013,2026-10-13T12:00:00+05:30,1594.96,159496,out,transfer,Completed,,UPI,Payment counterparty,party-4,,DEV-10013,Mumbai,0,0,0,0,0,0,,0,
TX-100502,SYN-10013,2026-10-15T10:00:00+05:30,13963.78,1396378,out,essential,Completed,,UPI,Payment counterparty,party-6,MCH-10013,DEV-10013,Mumbai,0,0,0,0,0,0,,0,
TX-100503,SYN-10013,2026-10-21T10:00:00+05:30,13619.34,1361934,out,essential,Completed,,Card,Payment counterparty,party-4,MCH-10013,DEV-10013,Mumbai,0,0,0,0,0,0,,0,
TX-100504,SYN-10013,2026-10-21T12:00:00+05:30,2682.22,268222,out,transfer,Completed,,Card,Payment counterparty,party-6,,DEV-10013,Mumbai,0,0,0,0,0,0,,0,
TX-100505,SYN-10013,2026-10-25T12:00:00+05:30,1891.65,189165,out,transfer,Completed,,UPI,Payment counterparty,party-3,,DEV-10013,Mumbai,0,0,0,0,0,0,,0,
TX-100506,SYN-10013,2026-10-26T10:00:00+05:30,11795.15,1179515,out,essential,Completed,,UPI,Payment counterparty,party-4,MCH-10013,DEV-10013,Mumbai,0,0,0,0,0,0,,0,
TX-100507,SYN-10013,2026-10-28T22:30:00+05:30,30143.67,3014367,out,emi,Completed,,UPI,Payment counterparty,lender,MCH-10013,DEV-10013,Mumbai,0,0,0,0,0,0,LN-13-0,4,
TX-100508,SYN-10013,2026-11-01T09:00:00+05:30,105839.49,10583949,in,salary,Completed,,Digital banking,Payment counterparty,employer,MCH-10013,DEV-10013,Mumbai,0,0,0,0,0,0,,0,
TX-100509,SYN-10013,2026-11-03T10:00:00+05:30,12823.14,1282314,out,essential,Completed,,UPI,Payment counterparty,party-4,MCH-10013,DEV-10013,Mumbai,0,0,0,0,0,0,,0,
TX-100510,SYN-10013,2026-11-05T12:00:00+05:30,3334.9,333490,out,transfer,Completed,,UPI,Payment counterparty,party-5,,DEV-10013,Mumbai,0,1,0,0,0,0,,0,
TX-100512,SYN-10014,2026-08-01T09:00:00+05:30,59684.71,5968471,in,salary,Completed,,UPI,Payment counterparty,employer,MCH-10014,DEV-10014,Bengaluru,0,0,0,0,0,0,,0,
TX-100513,SYN-10014,2026-08-02T12:00:00+05:30,4130.19,413019,out,transfer,Completed,,UPI,Payment counterparty,party-3,,DEV-10014,Bengaluru,0,1,0,0,0,0,,0,
TX-100514,SYN-10014,2026-08-03T10:00:00+05:30,5234.82,523482,out,essential,Completed,,Card,Payment counterparty,party-4,MCH-10014,DEV-10014,Bengaluru,0,0,0,0,0,0,,0,
TX-100515,SYN-10014,2026-08-09T10:00:00+05:30,5185.16,518516,out,essential,Completed,,UPI,Payment counterparty,party-3,MCH-10014,DEV-10014,Bengaluru,0,0,0,0,0,0,,0,
TX-100516,SYN-10014,2026-08-15T10:00:00+05:30,5207.48,520748,out,essential,Completed,,UPI,Payment counterparty,party-6,MCH-10014,DEV-10014,Bengaluru,0,0,0,0,0,0,,0,
TX-100517,SYN-10014,2026-08-16T12:00:00+05:30,6548.94,654894,out,transfer,Completed,,UPI,Payment counterparty,party-4,,DEV-10014,Bengaluru,0,0,0,0,0,0,,0,
TX-100518,SYN-10014,2026-08-21T10:00:00+05:30,4904.58,490458,out,essential,Completed,,UPI,Payment counterparty,party-3,MCH-10014,DEV-10014,Bengaluru,0,0,0,0,0,0,,0,
TX-100519,SYN-10014,2026-08-24T22:30:00+05:30,19567.19,1956719,out,emi,Completed,,UPI,Payment counterparty,lender,MCH-10014,DEV-10014,Bengaluru,0,0,0,0,0,0,LN-14-0,2,
TX-100520,SYN-10014,2026-08-26T10:00:00+05:30,4719.63,471963,out,essential,Completed,,UPI,Payment counterparty,party-4,MCH-10014,DEV-10014,Bengaluru,0,0,0,0,0,0,,0,
TX-100521,SYN-10014,2026-09-01T09:00:00+05:30,56970.58,5697058,in,salary,Completed,,Card,Payment counterparty,employer,MCH-10014,DEV-10014,Bengaluru,0,0,0,0,0,0,,0,
TX-100522,SYN-10014,2026-09-02T12:00:00+05:30,4051.47,405147,out,transfer,Completed,,Digital banking,Payment counterparty,party-5,,DEV-10014,Bengaluru,0,0,0,0,0,0,,0,
TX-100523,SYN-10014,2026-09-03T10:00:00+05:30,5030.37,503037,out,essential,Completed,,Wallet,Payment counterparty,party-2,MCH-10014,DEV-10014,Bengaluru,0,0,0,0,0,0,,0,
TX-100524,SYN-10014,2026-09-09T10:00:00+05:30,4489.99,448999,out,essential,Completed,,UPI,Payment counterparty,party-1,MCH-10014,DEV-10014,Bengaluru,0,0,0,0,0,0,,0,
TX-100525,SYN-10014,2026-09-15T10:00:00+05:30,4689.66,468966,out,essential,Completed,,Card,Payment counterparty,party-6,MCH-10014,DEV-10014,Bengaluru,0,0,0,0,0,0,,0,
TX-100526,SYN-10014,2026-09-16T12:00:00+05:30,7536.08,753608,out,transfer,Completed,,UPI,Payment counterparty,party-2,,DEV-10014,Bengaluru,0,0,0,0,0,0,,0,
TX-100527,SYN-10014,2026-09-18T13:40:00+05:30,60086.65,6008665,out,transfer,Completed,,UPI,Payment counterparty,party-17,,DEV-10014,Bengaluru,0,1,0,0,1,2,,0,
TX-100528,SYN-10014,2026-09-18T13:47:00+05:30,60086.65,6008665,out,transfer,Completed,,UPI,Payment counterparty,party-17,,DEV-10014,Bengaluru,0,1,0,0,1,4,,0,
TX-100529,SYN-10014,2026-09-21T10:00:00+05:30,5354.76,535476,out,essential,Completed,,Card,Payment counterparty,party-6,MCH-10014,DEV-10014,Bengaluru,0,0,0,0,0,0,,0,
TX-100530,SYN-10014,2026-09-24T22:30:00+05:30,15876.88,1587688,out,emi,Completed,,UPI,Payment counterparty,lender,MCH-10014,DEV-10014,Bengaluru,0,0,0,0,0,0,LN-14-0,3,
TX-100531,SYN-10014,2026-09-26T09:10:00+05:30,1026.55,102655,in,credit,Completed,,UPI,Payment counterparty,credit-line,MCH-10014,DEV-10014,Bengaluru,0,0,0,0,0,0,,0,
TX-100532,SYN-10014,2026-09-26T10:00:00+05:30,5092.1,509210,out,essential,Completed,,UPI,Payment counterparty,party-5,MCH-10014,DEV-10014,Bengaluru,0,0,0,0,0,0,,0,
TX-100533,SYN-10014,2026-10-01T09:00:00+05:30,60541.71,6054171,in,salary,Completed,,UPI,Payment counterparty,employer,MCH-10014,DEV-10014,Bengaluru,0,0,0,0,0,0,,0,
TX-100546,SYN-10014,2026-10-01T12:00:00+05:30,3507.06,350706,out,essential,Pending,2026-09-27T00:00:00+05:30,UPI,Payment counterparty,party-2,MCH-10014,DEV-10014,Bengaluru,0,0,0,0,0,0,,0,
TX-100534,SYN-10014,2026-10-02T12:00:00+05:30,5481.27,548127,out,transfer,Completed,,UPI,Payment counterparty,party-4,,DEV-10014,Bengaluru,0,0,0,0,0,0,,0,
TX-100535,SYN-10014,2026-10-03T10:00:00+05:30,5276.85,527685,out,essential,Completed,,UPI,Payment counterparty,party-3,MCH-10014,DEV-10014,Bengaluru,0,0,0,0,0,0,,0,
TX-100536,SYN-10014,2026-10-03T22:30:00+05:30,3690.31,369031,out,emi,Completed,,UPI,Payment counterparty,lender,MCH-10014,DEV-10014,Bengaluru,0,0,0,0,0,0,LN-14-0,3,
TX-100537,SYN-10014,2026-10-09T10:00:00+05:30,4011.29,401129,out,essential,Completed,,UPI,Payment counterparty,party-5,MCH-10014,DEV-10014,Bengaluru,0,0,0,0,0,0,,0,
TX-100538,SYN-10014,2026-10-15T10:00:00+05:30,4243.11,424311,out,essential,Completed,,UPI,Payment counterparty,party-6,MCH-10014,DEV-10014,Bengaluru,0,0,0,0,0,0,,0,
TX-100539,SYN-10014,2026-10-16T12:00:00+05:30,4800.07,480007,out,transfer,Completed,,Digital banking,Payment counterparty,party-3,,DEV-10014,Bengaluru,0,0,0,0,0,0,,0,
TX-100540,SYN-10014,2026-10-21T10:00:00+05:30,4042.44,404244,out,essential,Completed,,UPI,Payment counterparty,party-2,MCH-10014,DEV-10014,Bengaluru,0,0,0,0,0,0,,0,
TX-100541,SYN-10014,2026-10-24T22:30:00+05:30,19567.19,1956719,out,emi,Completed,,Digital banking,Payment counterparty,lender,MCH-10014,DEV-10014,Bengaluru,0,0,0,0,0,0,LN-14-0,4,
TX-100542,SYN-10014,2026-10-26T10:00:00+05:30,5238.89,523889,out,essential,Completed,,Digital banking,Payment counterparty,party-1,MCH-10014,DEV-10014,Bengaluru,0,0,0,0,0,0,,0,
TX-100543,SYN-10014,2026-11-01T09:00:00+05:30,57853.63,5785363,in,salary,Completed,,UPI,Payment counterparty,employer,MCH-10014,DEV-10014,Bengaluru,0,0,0,0,0,0,,0,
TX-100544,SYN-10014,2026-11-02T12:00:00+05:30,5546.99,554699,out,transfer,Completed,,UPI,Payment counterparty,party-6,,DEV-10014,Bengaluru,0,0,0,0,0,0,,0,
TX-100545,SYN-10014,2026-11-03T10:00:00+05:30,4001.41,400141,out,essential,Completed,,UPI,Payment counterparty,party-6,MCH-10014,DEV-10014,Bengaluru,0,0,0,0,0,0,,0,
TX-100547,SYN-10015,2026-08-03T10:00:00+05:30,11233.81,1123381,out,essential,Completed,,Digital banking,Payment counterparty,party-5,MCH-10015,DEV-10015,Jaipur,0,0,0,0,0,0,,0,
TX-100548,SYN-10015,2026-08-05T09:00:00+05:30,127341.0,12734100,in,salary,Completed,,Digital banking,Payment counterparty,employer,MCH-10015,DEV-10015,Jaipur,0,0,0,0,0,0,,0,
TX-100549,SYN-10015,2026-08-07T12:00:00+05:30,2688.69,268869,out,transfer,Completed,,UPI,Payment counterparty,party-3,,DEV-10015,Jaipur,0,1,0,0,0,0,,0,
TX-100550,SYN-10015,2026-08-09T10:00:00+05:30,8859.87,885987,out,essential,Completed,,UPI,Payment counterparty,party-3,MCH-10015,DEV-10015,Jaipur,0,0,0,0,0,0,,0,
TX-100551,SYN-10015,2026-08-12T12:00:00+05:30,4417.38,441738,out,transfer,Completed,,Wallet,Payment counterparty,party-3,,DEV-10015,Jaipur,0,0,0,0,0,0,,0,
TX-100552,SYN-10015,2026-08-15T10:00:00+05:30,11501.98,1150198,out,essential,Completed,,UPI,Payment counterparty,party-6,MCH-10015,DEV-10015,Jaipur,0,0,0,0,0,0,,0,
TX-100553,SYN-10015,2026-08-21T10:00:00+05:30,9774.49,977449,out,essential,Completed,,UPI,Payment counterparty,party-6,MCH-10015,DEV-10015,Jaipur,0,0,0,0,0,0,,0,
TX-100554,SYN-10015,2026-08-25T22:30:00+05:30,25186.85,2518685,out,emi,Completed,,UPI,Payment counterparty,lender,MCH-10015,DEV-10015,Jaipur,0,0,0,0,0,0,LN-15-0,2,
TX-100555,SYN-10015,2026-08-26T10:00:00+05:30,10811.24,1081124,out,essential,Completed,,UPI,Payment counterparty,party-3,MCH-10015,DEV-10015,Jaipur,0,0,0,0,0,0,,0,
TX-100556,SYN-10015,2026-08-27T12:00:00+05:30,13559.92,1355992,out,transfer,Completed,,UPI,Payment counterparty,party-3,,DEV-10015,Jaipur,0,1,0,0,0,0,,0,
TX-100557,SYN-10015,2026-08-28T12:00:00+05:30,6571.63,657163,out,transfer,Completed,,Card,Payment counterparty,party-6,,DEV-10131,Jaipur,1,0,0,0,0,0,,0,
TX-100558,SYN-10015,2026-09-03T10:00:00+05:30,8702.98,870298,out,essential,Completed,,UPI,Payment counterparty,party-5,MCH-10015,DEV-10015,Jaipur,0,0,0,0,0,0,,0,
TX-100559,SYN-10015,2026-09-05T09:00:00+05:30,121921.36,12192136,in,salary,Completed,,UPI,Payment counterparty,employer,MCH-10015,DEV-10015,Jaipur,0,0,0,0,0,0,,0,
TX-100560,SYN-10015,2026-09-07T12:00:00+05:30,13318.01,1331801,out,transfer,Completed,,Digital banking,Payment counterparty,party-3,,DEV-10015,Jaipur,0,0,0,0,0,0,,0,
TX-100561,SYN-10015,2026-09-09T10:00:00+05:30,9181.82,918182,out,essential,Completed,,UPI,Payment counterparty,party-4,MCH-10015,DEV-10015,Jaipur,0,0,0,0,0,0,,0,
TX-100562,SYN-10015,2026-09-12T12:00:00+05:30,11027.07,1102707,out,transfer,Completed,,UPI,Payment counterparty,party-4,,DEV-10015,Jaipur,0,0,0,0,0,0,,0,
TX-100563,SYN-10015,2026-09-15T10:00:00+05:30,11335.46,1133546,out,essential,Completed,,UPI,Payment counterparty,party-3,MCH-10015,DEV-10015,Jaipur,0,0,0,0,0,0,,0,
TX-100564,SYN-10015,2026-09-16T15:12:00+05:30,17432.86,1743286,out,transfer,Completed,,UPI,Payment counterparty,party-28,,DEV-10015,Jaipur,0,1,0,0,1,4,,0,
TX-100565,SYN-10015,2026-09-16T15:20:00+05:30,17432.86,1743286,out,transfer,Completed,,UPI,Payment counterparty,party-28,,DEV-10015,Jaipur,0,1,0,0,1,2,,0,
TX-100566,SYN-10015,2026-09-21T10:00:00+05:30,11649.35,1164935,out,essential,Completed,,Digital banking,Payment counterparty,party-4,MCH-10015,DEV-10015,Jaipur,0,0,0,0,0,0,,0,
TX-100567,SYN-10015,2026-09-25T22:30:00+05:30,25186.85,2518685,out,emi,Completed,,Card,Payment counterparty,lender,MCH-10015,DEV-10015,Jaipur,0,0,0,0,0,0,LN-15-0,3,
TX-100568,SYN-10015,2026-09-26T10:00:00+05:30,11549.93,1154993,out,essential,Completed,,Card,Payment counterparty,party-2,MCH-10015,DEV-10015,Jaipur,0,0,0,0,0,0,,0,
TX-100569,SYN-10015,2026-09-27T12:00:00+05:30,6394.27,639427,out,transfer,Completed,,Card,Payment counterparty,party-3,,DEV-10015,Jaipur,0,0,0,0,0,0,,0,
TX-100570,SYN-10015,2026-09-28T12:00:00+05:30,13272.2,1327220,out,transfer,Completed,,Wallet,Payment counterparty,party-1,,DEV-10015,Jaipur,0,1,0,0,0,0,,0,
TX-100584,SYN-10015,2026-10-01T12:00:00+05:30,7627.46,762746,out,essential,Pending,2026-09-27T00:00:00+05:30,Digital banking,Payment counterparty,party-4,MCH-10015,DEV-10015,Jaipur,0,0,0,0,0,0,,0,
TX-100571,SYN-10015,2026-10-03T10:00:00+05:30,9663.45,966345,out,essential,Completed,,Digital banking,Payment counterparty,party-5,MCH-10015,DEV-10015,Jaipur,0,0,0,0,0,0,,0,
TX-100572,SYN-10015,2026-10-05T09:00:00+05:30,121699.53,12169953,in,salary,Completed,,UPI,Payment counterparty,employer,MCH-10015,DEV-10015,Jaipur,0,0,0,0,0,0,,0,
TX-100573,SYN-10015,2026-10-07T12:00:00+05:30,11074.48,1107448,out,transfer,Completed,,UPI,Payment counterparty,party-2,,DEV-10015,Jaipur,0,0,0,0,0,0,,0,
TX-100574,SYN-10015,2026-10-09T10:00:00+05:30,10343.29,1034329,out,essential,Completed,,UPI,Payment counterparty,party-6,MCH-10015,DEV-10015,Jaipur,0,0,0,0,0,0,,0,
TX-100575,SYN-10015,2026-10-12T12:00:00+05:30,1901.32,190132,out,transfer,Completed,,Card,Payment counterparty,party-4,,DEV-10015,Jaipur,0,0,0,0,0,0,,0,
TX-100576,SYN-10015,2026-10-15T10:00:00+05:30,10605.07,1060507,out,essential,Completed,,UPI,Payment counterparty,party-5,MCH-10015,DEV-10015,Jaipur,0,0,0,0,0,0,,0,
TX-100577,SYN-10015,2026-10-21T10:00:00+05:30,8948.14,894814,out,essential,Completed,,UPI,Payment counterparty,party-5,MCH-10015,DEV-10015,Jaipur,0,0,0,0,0,0,,0,
TX-100578,SYN-10015,2026-10-25T22:30:00+05:30,25186.85,2518685,out,emi,Completed,,UPI,Payment counterparty,lender,MCH-10015,DEV-10015,Jaipur,0,0,0,0,0,0,LN-15-0,4,
TX-100579,SYN-10015,2026-10-26T10:00:00+05:30,9130.84,913084,out,essential,Completed,,UPI,Payment counterparty,party-6,MCH-10015,DEV-10015,Jaipur,0,0,0,0,0,0,,0,
TX-100580,SYN-10015,2026-10-27T12:00:00+05:30,4517.31,451731,out,transfer,Completed,,Wallet,Payment counterparty,party-5,,DEV-10015,Jaipur,0,0,0,0,0,0,,0,
TX-100581,SYN-10015,2026-10-28T12:00:00+05:30,6026.84,602684,out,transfer,Completed,,UPI,Payment counterparty,party-3,,DEV-10015,Jaipur,0,1,0,0,0,0,,0,
TX-100582,SYN-10015,2026-11-03T10:00:00+05:30,10442.45,1044245,out,essential,Completed,,UPI,Payment counterparty,party-5,MCH-10015,DEV-10015,Jaipur,0,0,0,0,0,0,,0,
TX-100583,SYN-10015,2026-11-05T09:00:00+05:30,114386.44,11438644,in,salary,Completed,,UPI,Payment counterparty,employer,MCH-10015,DEV-10015,Jaipur,0,0,0,0,0,0,,0,
TX-100585,SYN-10016,2026-08-01T09:00:00+05:30,94158.34,9415834,in,salary,Completed,,UPI,Payment counterparty,employer,MCH-10016,DEV-10016,Delhi,0,0,0,0,0,0,,0,
TX-100586,SYN-10016,2026-08-03T10:00:00+05:30,7842.98,784298,out,essential,Completed,,UPI,Payment counterparty,party-1,MCH-10016,DEV-10016,Delhi,0,0,0,0,0,0,,0,
TX-100587,SYN-10016,2026-08-08T12:00:00+05:30,1646.88,164688,out,transfer,Completed,,UPI,Payment counterparty,party-2,,DEV-10131,Delhi,1,1,0,0,0,0,,0,
TX-100588,SYN-10016,2026-08-09T10:00:00+05:30,7091.64,709164,out,essential,Completed,,Wallet,Payment counterparty,party-6,MCH-10016,DEV-10016,Delhi,0,0,0,0,0,0,,0,
TX-100589,SYN-10016,2026-08-13T12:00:00+05:30,732.57,73257,out,transfer,Completed,,UPI,Payment counterparty,party-6,,DEV-10016,Delhi,0,0,0,0,0,0,,0,
TX-100590,SYN-10016,2026-08-15T10:00:00+05:30,6527.35,652735,out,essential,Completed,,Card,Payment counterparty,party-3,MCH-10016,DEV-10016,Delhi,0,0,0,0,0,0,,0,
TX-100591,SYN-10016,2026-08-21T10:00:00+05:30,6852.19,685219,out,essential,Completed,,Card,Payment counterparty,party-2,MCH-10016,DEV-10016,Delhi,0,0,0,0,0,0,,0,
TX-100592,SYN-10016,2026-08-25T22:30:00+05:30,26882.78,2688278,out,emi,Completed,,Digital banking,Payment counterparty,lender,MCH-10016,DEV-10016,Delhi,0,0,0,0,0,0,LN-16-0,2,
TX-100593,SYN-10016,2026-08-26T10:00:00+05:30,7530.51,753051,out,essential,Completed,,UPI,Payment counterparty,party-5,MCH-10016,DEV-10016,Delhi,0,0,0,0,0,0,,0,
TX-100594,SYN-10016,2026-09-01T09:00:00+05:30,98613.63,9861363,in,salary,Completed,,Digital banking,Payment counterparty,employer,MCH-10016,DEV-10016,Delhi,0,0,0,0,0,0,,0,
TX-100595,SYN-10016,2026-09-03T10:00:00+05:30,6458.05,645805,out,essential,Completed,,Digital banking,Payment counterparty,party-5,MCH-10016,DEV-10016,Delhi,0,0,0,0,0,0,,0,
TX-100596,SYN-10016,2026-09-08T12:00:00+05:30,2329.89,232989,out,transfer,Completed,,UPI,Payment counterparty,party-5,,DEV-10016,Delhi,0,0,0,0,0,0,,0,
TX-100597,SYN-10016,2026-09-09T10:00:00+05:30,5864.57,586457,out,essential,Completed,,UPI,Payment counterparty,party-3,MCH-10016,DEV-10016,Delhi,0,0,0,0,0,0,,0,
TX-100598,SYN-10016,2026-09-13T12:00:00+05:30,1575.02,157502,out,transfer,Completed,,UPI,Payment counterparty,party-1,,DEV-10016,Delhi,0,0,0,0,0,0,,0,
TX-100599,SYN-10016,2026-09-15T10:00:00+05:30,7055.68,705568,out,essential,Completed,,Digital banking,Payment counterparty,party-5,MCH-10016,DEV-10016,Delhi,0,0,0,0,0,0,,0,
TX-100600,SYN-10016,2026-09-21T10:00:00+05:30,6683.81,668381,out,essential,Completed,,UPI,Payment counterparty,party-2,MCH-10016,DEV-10016,Delhi,0,0,0,0,0,0,,0,
TX-100601,SYN-10016,2026-09-25T22:30:00+05:30,26882.78,2688278,out,emi,Completed,,UPI,Payment counterparty,lender,MCH-10016,DEV-10016,Delhi,0,0,0,0,0,0,LN-16-0,3,
TX-100602,SYN-10016,2026-09-26T10:00:00+05:30,7217.48,721748,out,essential,Completed,,UPI,Payment counterparty,party-1,MCH-10016,DEV-10016,Delhi,0,0,0,0,0,0,,0,
TX-100603,SYN-10016,2026-10-01T09:00:00+05:30,84911.69,8491169,in,salary,Completed,,UPI,Payment counterparty,employer,MCH-10016,DEV-10016,Delhi,0,0,0,0,0,0,,0,
TX-100614,SYN-10016,2026-10-01T12:00:00+05:30,5123.52,512352,out,essential,Pending,2026-09-27T00:00:00+05:30,Digital banking,Payment counterparty,party-5,MCH-10016,DEV-10016,Delhi,0,0,0,0,0,0,,0,
TX-100604,SYN-10016,2026-10-03T10:00:00+05:30,6973.45,697345,out,essential,Completed,,UPI,Payment counterparty,party-5,MCH-10016,DEV-10016,Delhi,0,0,0,0,0,0,,0,
TX-100605,SYN-10016,2026-10-08T12:00:00+05:30,3496.03,349603,out,transfer,Completed,,Wallet,Payment counterparty,party-4,,DEV-10016,Delhi,0,0,0,0,0,0,,0,
TX-100606,SYN-10016,2026-10-09T10:00:00+05:30,6144.88,614488,out,essential,Completed,,UPI,Payment counterparty,party-6,MCH-10016,DEV-10016,Delhi,0,0,0,0,0,0,,0,
TX-100607,SYN-10016,2026-10-13T12:00:00+05:30,2682.45,268245,out,transfer,Completed,,Digital banking,Payment counterparty,party-6,,DEV-10016,Delhi,0,1,0,0,0,0,,0,
TX-100608,SYN-10016,2026-10-15T10:00:00+05:30,6408.76,640876,out,essential,Completed,,UPI,Payment counterparty,party-1,MCH-10016,DEV-10016,Delhi,0,0,0,0,0,0,,0,
TX-100609,SYN-10016,2026-10-21T10:00:00+05:30,5828.76,582876,out,essential,Completed,,UPI,Payment counterparty,party-1,MCH-10016,DEV-10016,Delhi,0,0,0,0,0,0,,0,
TX-100610,SYN-10016,2026-10-25T22:30:00+05:30,26882.78,2688278,out,emi,Completed,,Digital banking,Payment counterparty,lender,MCH-10016,DEV-10016,Delhi,0,0,0,0,0,0,LN-16-0,4,
TX-100611,SYN-10016,2026-10-26T10:00:00+05:30,6770.9,677090,out,essential,Completed,,Card,Payment counterparty,party-6,MCH-10016,DEV-10016,Delhi,0,0,0,0,0,0,,0,
TX-100612,SYN-10016,2026-11-01T09:00:00+05:30,97671.42,9767142,in,salary,Completed,,Digital banking,Payment counterparty,employer,MCH-10016,DEV-10016,Delhi,0,0,0,0,0,0,,0,
TX-100613,SYN-10016,2026-11-03T10:00:00+05:30,6338.63,633863,out,essential,Completed,,UPI,Payment counterparty,party-4,MCH-10016,DEV-10016,Delhi,0,0,0,0,0,0,,0,
TX-100615,SYN-10017,2026-08-03T10:00:00+05:30,4205.23,420523,out,essential,Completed,,UPI,Payment counterparty,party-6,MCH-10017,DEV-10017,Mumbai,0,0,0,0,0,0,,0,
TX-100616,SYN-10017,2026-08-05T09:00:00+05:30,48246.31,4824631,in,salary,Completed,,Wallet,Payment counterparty,employer,MCH-10017,DEV-10017,Mumbai,0,0,0,0,0,0,,0,
TX-100617,SYN-10017,2026-08-05T12:00:00+05:30,9345.99,934599,out,transfer,Completed,,UPI,Payment counterparty,party-5,,DEV-10131,Mumbai,1,0,0,0,0,0,,0,
TX-100618,SYN-10017,2026-08-09T10:00:00+05:30,4938.62,493862,out,essential,Completed,,Digital banking,Payment counterparty,party-3,MCH-10017,DEV-10017,Mumbai,0,0,0,0,0,0,,0,
TX-100619,SYN-10017,2026-08-15T10:00:00+05:30,5245.47,524547,out,essential,Completed,,UPI,Payment counterparty,party-6,MCH-10017,DEV-10017,Mumbai,0,0,0,0,0,0,,0,
TX-100620,SYN-10017,2026-08-18T12:00:00+05:30,2379.95,237995,out,transfer,Completed,,UPI,Payment counterparty,party-4,,DEV-10131,Mumbai,1,0,0,0,0,0,,0,
TX-100621,SYN-10017,2026-08-21T10:00:00+05:30,4268.96,426896,out,essential,Completed,,UPI,Payment counterparty,party-3,MCH-10017,DEV-10017,Mumbai,0,0,0,0,0,0,,0,
TX-100622,SYN-10017,2026-08-23T22:30:00+05:30,10129.44,1012944,out,emi,Completed,,Digital banking,Payment counterparty,lender,MCH-10017,DEV-10017,Mumbai,0,0,0,0,0,0,LN-17-0,2,
TX-100623,SYN-10017,2026-08-26T10:00:00+05:30,4638.13,463813,out,essential,Completed,,Digital banking,Payment counterparty,party-4,MCH-10017,DEV-10017,Mumbai,0,0,0,0,0,0,,0,
TX-100624,SYN-10017,2026-08-28T12:00:00+05:30,3254.35,325435,out,transfer,Completed,,UPI,Payment counterparty,party-3,,DEV-10131,Mumbai,1,1,0,1,0,0,,0,
TX-100625,SYN-10017,2026-09-03T10:00:00+05:30,5100.76,510076,out,essential,Completed,,Digital banking,Payment counterparty,party-3,MCH-10017,DEV-10017,Mumbai,0,0,0,0,0,0,,0,
TX-100626,SYN-10017,2026-09-05T09:00:00+05:30,52330.65,5233065,in,salary,Completed,,Digital banking,Payment counterparty,employer,MCH-10017,DEV-10017,Mumbai,0,0,0,0,0,0,,0,
TX-100627,SYN-10017,2026-09-05T12:00:00+05:30,1836.4,183640,out,transfer,Completed,,UPI,Payment counterparty,party-2,,DEV-10131,Mumbai,1,0,0,0,0,0,,0,
TX-100628,SYN-10017,2026-09-09T10:00:00+05:30,5128.52,512852,out,essential,Completed,,UPI,Payment counterparty,party-5,MCH-10017,DEV-10017,Mumbai,0,0,0,0,0,0,,0,
TX-100629,SYN-10017,2026-09-15T10:00:00+05:30,4214.73,421473,out,essential,Completed,,UPI,Payment counterparty,party-6,MCH-10017,DEV-10017,Mumbai,0,0,0,0,0,0,,0,
TX-100630,SYN-10017,2026-09-18T12:00:00+05:30,6399.68,639968,out,transfer,Completed,,UPI,Payment counterparty,party-2,,DEV-10131,Mumbai,1,0,0,0,0,0,,0,
TX-100631,SYN-10017,2026-09-18T17:55:00+05:30,21579.55,2157955,out,transfer,Completed,,UPI,Payment counterparty,party-14,,DEV-10131,Mumbai,1,1,0,0,0,0,,0,
TX-100632,SYN-10017,2026-09-18T18:01:00+05:30,21579.55,2157955,out,transfer,Completed,,UPI,Payment counterparty,party-14,,DEV-10131,Mumbai,1,1,0,0,0,0,,0,
TX-100633,SYN-10017,2026-09-21T10:00:00+05:30,4416.99,441699,out,essential,Completed,,UPI,Payment counterparty,party-2,MCH-10017,DEV-10017,Mumbai,0,0,0,0,0,0,,0,
TX-100634,SYN-10017,2026-09-23T22:30:00+05:30,10129.44,1012944,out,emi,Completed,,UPI,Payment counterparty,lender,MCH-10017,DEV-10017,Mumbai,0,0,0,0,0,0,LN-17-0,3,
TX-100635,SYN-10017,2026-09-26T10:00:00+05:30,4863.84,486384,out,essential,Completed,,UPI,Payment counterparty,party-3,MCH-10017,DEV-10017,Mumbai,0,0,0,0,0,0,,0,
TX-100636,SYN-10017,2026-09-28T12:00:00+05:30,10299.55,1029955,out,transfer,Completed,,UPI,Payment counterparty,party-2,,DEV-10131,Mumbai,1,1,0,1,0,0,,0,
TX-100650,SYN-10017,2026-10-01T12:00:00+05:30,3695.92,369592,out,essential,Pending,2026-09-27T00:00:00+05:30,UPI,Payment counterparty,party-3,MCH-10017,DEV-10017,Mumbai,0,0,0,0,0,0,,0,
TX-100637,SYN-10017,2026-10-03T10:00:00+05:30,5599.09,559909,out,essential,Completed,,UPI,Payment counterparty,party-1,MCH-10017,DEV-10017,Mumbai,0,0,0,0,0,0,,0,
TX-100638,SYN-10017,2026-10-05T09:00:00+05:30,47378.82,4737882,in,salary,Completed,,UPI,Payment counterparty,employer,MCH-10017,DEV-10017,Mumbai,0,0,0,0,0,0,,0,
TX-100639,SYN-10017,2026-10-05T12:00:00+05:30,7996.58,799658,out,transfer,Completed,,UPI,Payment counterparty,party-4,,DEV-10131,Mumbai,1,1,0,0,0,0,,0,
TX-100640,SYN-10017,2026-10-09T10:00:00+05:30,4488.87,448887,out,essential,Completed,,Digital banking,Payment counterparty,party-4,MCH-10017,DEV-10017,Mumbai,0,0,0,0,0,0,,0,
TX-100641,SYN-10017,2026-10-15T10:00:00+05:30,5614.3,561430,out,essential,Completed,,UPI,Payment counterparty,party-1,MCH-10017,DEV-10017,Mumbai,0,0,0,0,0,0,,0,
TX-100642,SYN-10017,2026-10-18T12:00:00+05:30,6995.5,699550,out,transfer,Completed,,Digital banking,Payment counterparty,party-3,,DEV-10131,Mumbai,1,0,0,0,0,0,,0,
TX-100643,SYN-10017,2026-10-21T10:00:00+05:30,5164.32,516432,out,essential,Completed,,Card,Payment counterparty,party-1,MCH-10017,DEV-10017,Mumbai,0,0,0,0,0,0,,0,
TX-100644,SYN-10017,2026-10-23T22:30:00+05:30,10129.44,1012944,out,emi,Completed,,Wallet,Payment counterparty,lender,MCH-10017,DEV-10017,Mumbai,0,0,0,0,0,0,LN-17-0,4,
TX-100645,SYN-10017,2026-10-26T10:00:00+05:30,5217.38,521738,out,essential,Completed,,Wallet,Payment counterparty,party-4,MCH-10017,DEV-10017,Mumbai,0,0,0,0,0,0,,0,
TX-100646,SYN-10017,2026-10-28T12:00:00+05:30,2542.47,254247,out,transfer,Completed,,UPI,Payment counterparty,party-5,,DEV-10131,Mumbai,1,1,0,0,0,0,,0,
TX-100647,SYN-10017,2026-11-03T10:00:00+05:30,4328.6,432860,out,essential,Completed,,Digital banking,Payment counterparty,party-2,MCH-10017,DEV-10017,Mumbai,0,0,0,0,0,0,,0,
TX-100648,SYN-10017,2026-11-05T09:00:00+05:30,50270.04,5027004,in,salary,Completed,,UPI,Payment counterparty,employer,MCH-10017,DEV-10017,Mumbai,0,0,0,0,0,0,,0,
TX-100649,SYN-10017,2026-11-05T12:00:00+05:30,9336.27,933627,out,transfer,Completed,,UPI,Payment counterparty,party-4,,DEV-10131,Mumbai,1,0,0,1,0,0,,0,
TX-100651,SYN-10018,2026-08-01T09:00:00+05:30,126169.1,12616910,in,salary,Completed,,UPI,Payment counterparty,employer,MCH-10018,DEV-10018,Bengaluru,0,0,0,0,0,0,,0,
TX-100652,SYN-10018,2026-08-03T10:00:00+05:30,13933.27,1393327,out,essential,Completed,,Card,Payment counterparty,party-5,MCH-10018,DEV-10018,Bengaluru,0,0,0,0,0,0,,0,
TX-100653,SYN-10018,2026-08-08T12:00:00+05:30,5670.78,567078,out,transfer,Completed,,UPI,Payment counterparty,party-2,,DEV-10018,Bengaluru,0,0,0,0,0,0,,0,
TX-100654,SYN-10018,2026-08-09T10:00:00+05:30,12726.33,1272633,out,essential,Completed,,Digital banking,Payment counterparty,party-6,MCH-10018,DEV-10018,Bengaluru,0,0,0,0,0,0,,0,
TX-100655,SYN-10018,2026-08-15T10:00:00+05:30,15294.25,1529425,out,essential,Completed,,UPI,Payment counterparty,party-2,MCH-10018,DEV-10018,Bengaluru,0,0,0,0,0,0,,0,
TX-100656,SYN-10018,2026-08-21T10:00:00+05:30,11983.81,1198381,out,essential,Completed,,UPI,Payment counterparty,party-2,MCH-10018,DEV-10018,Bengaluru,0,0,0,0,0,0,,0,
TX-100657,SYN-10018,2026-08-26T10:00:00+05:30,12310.62,1231062,out,essential,Completed,,Digital banking,Payment counterparty,party-5,MCH-10018,DEV-10018,Bengaluru,0,0,0,0,0,0,,0,
TX-100658,SYN-10018,2026-08-26T12:00:00+05:30,5874.61,587461,out,transfer,Completed,,Card,Payment counterparty,party-6,,DEV-10018,Bengaluru,0,0,0,0,0,0,,0,
TX-100659,SYN-10018,2026-08-28T22:30:00+05:30,82537.5,8253750,out,emi,Completed,,Card,Payment counterparty,lender,MCH-10018,DEV-10018,Bengaluru,0,0,0,0,0,0,LN-18-0,2,
TX-100660,SYN-10018,2026-09-01T09:00:00+05:30,26355.74,2635574,in,salary,Completed,,UPI,Payment counterparty,employer,MCH-10018,DEV-10018,Bengaluru,0,0,0,0,0,0,,0,
TX-100661,SYN-10018,2026-09-03T10:00:00+05:30,12365.05,1236505,out,essential,Completed,,UPI,Payment counterparty,party-5,MCH-10018,DEV-10018,Bengaluru,0,0,0,0,0,0,,0,
TX-100662,SYN-10018,2026-09-08T12:00:00+05:30,3254.9,325490,out,transfer,Completed,,Card,Payment counterparty,party-5,,DEV-10018,Bengaluru,0,1,0,0,0,0,,0,
TX-100663,SYN-10018,2026-09-09T10:00:00+05:30,12150.32,1215032,out,essential,Completed,,UPI,Payment counterparty,party-3,MCH-10018,DEV-10018,Bengaluru,0,0,0,0,0,0,,0,
TX-100664,SYN-10018,2026-09-15T10:00:00+05:30,15722.7,1572270,out,essential,Completed,,Card,Payment counterparty,party-4,MCH-10018,DEV-10018,Bengaluru,0,0,0,0,0,0,,0,
TX-100665,SYN-10018,2026-09-16T14:04:00+05:30,24295.49,2429549,out,transfer,Completed,,Card,Payment counterparty,party-8,,DEV-10131,Bengaluru,1,1,0,1,1,1,,0,
TX-100666,SYN-10018,2026-09-16T14:12:00+05:30,24295.49,2429549,out,transfer,Completed,,UPI,Payment counterparty,party-8,,DEV-10131,Bengaluru,1,1,0,0,1,4,,0,
TX-100667,SYN-10018,2026-09-16T14:24:00+05:30,24295.49,2429549,out,transfer,Completed,,Card,Payment counterparty,party-8,,DEV-10131,Bengaluru,1,1,0,0,1,3,,0,
TX-100668,SYN-10018,2026-09-21T10:00:00+05:30,14284.52,1428452,out,essential,Completed,,UPI,Payment counterparty,party-3,MCH-10018,DEV-10018,Bengaluru,0,0,0,0,0,0,,0,
TX-100669,SYN-10018,2026-09-26T10:00:00+05:30,15373.8,1537380,out,essential,Completed,,Card,Payment counterparty,party-3,MCH-10018,DEV-10018,Bengaluru,0,0,0,0,0,0,,0,
TX-100670,SYN-10018,2026-09-26T12:00:00+05:30,11742.64,1174264,out,transfer,Completed,,UPI,Payment counterparty,party-5,,DEV-10018,Bengaluru,0,0,0,0,0,0,,0,
TX-100671,SYN-10018,2026-10-01T09:00:00+05:30,62860.57,6286057,in,salary,Completed,,UPI,Payment counterparty,employer,MCH-10018,DEV-10018,Bengaluru,0,0,0,0,0,0,,0,
TX-100685,SYN-10018,2026-10-01T12:00:00+05:30,10503.93,1050393,out,essential,Pending,2026-09-27T00:00:00+05:30,UPI,Payment counterparty,party-4,MCH-10018,DEV-10018,Bengaluru,0,0,0,0,0,0,,0,
TX-100672,SYN-10018,2026-10-01T22:30:00+05:30,64364.52,6436452,out,emi,Completed,,Card,Payment counterparty,lender,MCH-10018,DEV-10018,Bengaluru,0,0,0,0,0,0,LN-18-0,3,
TX-100673,SYN-10018,2026-10-03T09:10:00+05:30,4426.06,442606,in,credit,Completed,,UPI,Payment counterparty,credit-line,MCH-10018,DEV-10018,Bengaluru,0,0,0,0,0,0,,0,
TX-100674,SYN-10018,2026-10-03T10:00:00+05:30,15349.19,1534919,out,essential,Completed,,UPI,Payment counterparty,party-4,MCH-10018,DEV-10018,Bengaluru,0,0,0,0,0,0,,0,
TX-100675,SYN-10018,2026-10-09T09:10:00+05:30,15840.59,1584059,in,credit,Completed,,UPI,Payment counterparty,credit-line,MCH-10018,DEV-10018,Bengaluru,0,0,0,0,0,0,,0,
TX-100676,SYN-10018,2026-10-09T10:00:00+05:30,15840.59,1584059,out,essential,Completed,,UPI,Payment counterparty,party-6,MCH-10018,DEV-10018,Bengaluru,0,0,0,0,0,0,,0,
TX-100677,SYN-10018,2026-10-15T09:10:00+05:30,14420.81,1442081,in,credit,Completed,,Card,Payment counterparty,credit-line,MCH-10018,DEV-10018,Bengaluru,0,0,0,0,0,0,,0,
TX-100678,SYN-10018,2026-10-15T10:00:00+05:30,14420.81,1442081,out,essential,Completed,,UPI,Payment counterparty,party-2,MCH-10018,DEV-10018,Bengaluru,0,0,0,0,0,0,,0,
TX-100679,SYN-10018,2026-10-21T09:10:00+05:30,16050.25,1605025,in,credit,Completed,,Digital banking,Payment counterparty,credit-line,MCH-10018,DEV-10018,Bengaluru,0,0,0,0,0,0,,0,
TX-100680,SYN-10018,2026-10-21T10:00:00+05:30,16050.25,1605025,out,essential,Completed,,Digital banking,Payment counterparty,party-1,MCH-10018,DEV-10018,Bengaluru,0,0,0,0,0,0,,0,
TX-100681,SYN-10018,2026-10-26T09:10:00+05:30,12921.29,1292129,in,credit,Completed,,Digital banking,Payment counterparty,credit-line,MCH-10018,DEV-10018,Bengaluru,0,0,0,0,0,0,,0,
TX-100682,SYN-10018,2026-10-26T10:00:00+05:30,12921.29,1292129,out,essential,Completed,,UPI,Payment counterparty,party-1,MCH-10018,DEV-10018,Bengaluru,0,0,0,0,0,0,,0,
TX-100683,SYN-10018,2026-11-01T09:00:00+05:30,19861.92,1986192,in,salary,Completed,,UPI,Payment counterparty,employer,MCH-10018,DEV-10018,Bengaluru,0,0,0,0,0,0,,0,
TX-100684,SYN-10018,2026-11-03T10:00:00+05:30,14116.54,1411654,out,essential,Completed,,Card,Payment counterparty,party-4,MCH-10018,DEV-10018,Bengaluru,0,0,0,0,0,0,,0,
TX-100686,SYN-10019,2026-08-01T09:00:00+05:30,54971.29,5497129,in,salary,Completed,,Digital banking,Payment counterparty,employer,MCH-10019,DEV-10019,Jaipur,0,0,0,0,0,0,,0,
TX-100687,SYN-10019,2026-08-03T10:00:00+05:30,5282.02,528202,out,essential,Completed,,Digital banking,Payment counterparty,party-1,MCH-10019,DEV-10019,Jaipur,0,0,0,0,0,0,,0,
TX-100688,SYN-10019,2026-08-09T10:00:00+05:30,4959.54,495954,out,essential,Completed,,UPI,Payment counterparty,party-5,MCH-10019,DEV-10019,Jaipur,0,0,0,0,0,0,,0,
TX-100689,SYN-10019,2026-08-09T12:00:00+05:30,1763.75,176375,out,transfer,Completed,,Digital banking,Payment counterparty,party-2,,DEV-10019,Jaipur,0,1,0,0,0,0,,0,
TX-100690,SYN-10019,2026-08-11T12:00:00+05:30,5135.82,513582,out,transfer,Completed,,UPI,Payment counterparty,party-5,,DEV-10019,Jaipur,0,0,0,0,0,0,,0,
TX-100691,SYN-10019,2026-08-15T10:00:00+05:30,5659.63,565963,out,essential,Completed,,Card,Payment counterparty,party-4,MCH-10019,DEV-10019,Jaipur,0,0,0,0,0,0,,0,
TX-100692,SYN-10019,2026-08-16T12:00:00+05:30,4220.41,422041,out,transfer,Completed,,UPI,Payment counterparty,party-2,,DEV-10019,Jaipur,0,0,0,0,0,0,,0,
TX-100693,SYN-10019,2026-08-21T10:00:00+05:30,5502.01,550201,out,essential,Completed,,UPI,Payment counterparty,party-2,MCH-10019,DEV-10019,Jaipur,0,0,0,0,0,0,,0,
TX-100694,SYN-10019,2026-08-25T12:00:00+05:30,1234.47,123447,out,transfer,Completed,,UPI,Payment counterparty,party-6,,DEV-10019,Jaipur,0,1,0,0,0,0,,0,
TX-100695,SYN-10019,2026-08-25T22:30:00+05:30,13868.28,1386828,out,emi,Completed,,UPI,Payment counterparty,lender,MCH-10019,DEV-10019,Jaipur,0,0,0,0,0,0,LN-19-0,2,
TX-100696,SYN-10019,2026-08-26T10:00:00+05:30,5010.13,501013,out,essential,Completed,,Card,Payment counterparty,party-3,MCH-10019,DEV-10019,Jaipur,0,0,0,0,0,0,,0,
TX-100697,SYN-10019,2026-09-03T10:00:00+05:30,5370.05,537005,out,essential,Completed,,Wallet,Payment counterparty,party-5,MCH-10019,DEV-10019,Jaipur,0,0,0,0,0,0,,0,
TX-100698,SYN-10019,2026-09-09T10:00:00+05:30,4761.82,476182,out,essential,Completed,,UPI,Payment counterparty,party-6,MCH-10019,DEV-10019,Jaipur,0,0,0,0,0,0,,0,
TX-100699,SYN-10019,2026-09-09T12:00:00+05:30,2024.77,202477,out,transfer,Completed,,UPI,Payment counterparty,party-1,,DEV-10019,Jaipur,0,1,0,0,0,0,,0,
TX-100700,SYN-10019,2026-09-11T12:00:00+05:30,2104.11,210411,out,transfer,Completed,,Digital banking,Payment counterparty,party-6,,DEV-10019,Jaipur,0,1,0,0,0,0,,0,
TX-100701,SYN-10019,2026-09-15T10:00:00+05:30,4801.36,480136,out,essential,Completed,,UPI,Payment counterparty,party-1,MCH-10019,DEV-10019,Jaipur,0,0,0,0,0,0,,0,
TX-100702,SYN-10019,2026-09-16T12:00:00+05:30,5076.68,507668,out,transfer,Completed,,UPI,Payment counterparty,party-1,,DEV-10019,Jaipur,0,0,0,0,0,0,,0,
TX-100703,SYN-10019,2026-09-16T15:43:00+05:30,3910.73,391073,out,transfer,Completed,,UPI,Payment counterparty,party-10,,DEV-10019,Jaipur,0,1,0,0,0,0,,0,
TX-100704,SYN-10019,2026-09-16T15:52:00+05:30,3910.73,391073,out,transfer,Completed,,UPI,Payment counterparty,party-10,,DEV-10019,Jaipur,0,1,0,0,0,0,,0,
TX-100705,SYN-10019,2026-09-16T16:01:00+05:30,3910.73,391073,out,transfer,Completed,,UPI,Payment counterparty,party-10,,DEV-10019,Jaipur,0,1,0,0,0,0,,0,
TX-100706,SYN-10019,2026-09-21T10:00:00+05:30,4909.48,490948,out,essential,Completed,,Card,Payment counterparty,party-1,MCH-10019,DEV-10019,Jaipur,0,0,0,0,0,0,,0,
TX-100707,SYN-10019,2026-09-25T12:00:00+05:30,37500.89,3750089,out,transfer,Completed,,Digital banking,Payment counterparty,party-1,,DEV-10019,Jaipur,0,0,0,0,0,0,,0,
TX-100708,SYN-10019,2026-09-25T22:30:00+05:30,13868.28,1386828,out,emi,Completed,,UPI,Payment counterparty,lender,MCH-10019,DEV-10019,Jaipur,0,0,0,0,0,0,LN-19-0,3,
TX-100709,SYN-10019,2026-09-26T10:00:00+05:30,4769.4,476940,out,essential,Completed,,Wallet,Payment counterparty,party-6,MCH-10019,DEV-10019,Jaipur,0,0,0,0,0,0,,0,
TX-100710,SYN-10019,2026-10-01T09:00:00+05:30,25802.13,2580213,in,salary,Completed,,UPI,Payment counterparty,employer,MCH-10019,DEV-10019,Jaipur,0,0,0,0,0,0,,0,
TX-100724,SYN-10019,2026-10-01T12:00:00+05:30,3774.11,377411,out,essential,Pending,2026-09-27T00:00:00+05:30,Card,Payment counterparty,party-3,MCH-10019,DEV-10019,Jaipur,0,0,0,0,0,0,,0,
TX-100711,SYN-10019,2026-10-03T10:00:00+05:30,4366.2,436620,out,essential,Completed,,UPI,Payment counterparty,party-2,MCH-10019,DEV-10019,Jaipur,0,0,0,0,0,0,,0,
TX-100712,SYN-10019,2026-10-09T10:00:00+05:30,5252.31,525231,out,essential,Completed,,UPI,Payment counterparty,party-4,MCH-10019,DEV-10019,Jaipur,0,0,0,0,0,0,,0,
TX-100713,SYN-10019,2026-10-09T12:00:00+05:30,872.73,87273,out,transfer,Completed,,UPI,Payment counterparty,party-5,,DEV-10019,Jaipur,0,0,0,0,0,0,,0,
TX-100714,SYN-10019,2026-10-11T12:00:00+05:30,3316.83,331683,out,transfer,Completed,,UPI,Payment counterparty,party-5,,DEV-10019,Jaipur,0,0,0,0,0,0,,0,
TX-100715,SYN-10019,2026-10-15T10:00:00+05:30,5189.32,518932,out,essential,Completed,,Wallet,Payment counterparty,party-3,MCH-10019,DEV-10019,Jaipur,0,0,0,0,0,0,,0,
TX-100716,SYN-10019,2026-10-16T12:00:00+05:30,1275.8,127580,out,transfer,Completed,,Wallet,Payment counterparty,party-3,,DEV-10019,Jaipur,0,0,0,0,0,0,,0,
TX-100717,SYN-10019,2026-10-21T10:00:00+05:30,5548.83,554883,out,essential,Completed,,UPI,Payment counterparty,party-1,MCH-10019,DEV-10019,Jaipur,0,0,0,0,0,0,,0,
TX-100718,SYN-10019,2026-10-25T12:00:00+05:30,1158.25,115825,out,transfer,Completed,,Card,Payment counterparty,party-5,,DEV-10019,Jaipur,0,0,0,0,0,0,,0,
TX-100719,SYN-10019,2026-10-26T09:10:00+05:30,4925.87,492587,in,credit,Completed,,UPI,Payment counterparty,credit-line,MCH-10019,DEV-10019,Jaipur,0,0,0,0,0,0,,0,
TX-100720,SYN-10019,2026-10-26T10:00:00+05:30,4925.87,492587,out,essential,Completed,,Digital banking,Payment counterparty,party-5,MCH-10019,DEV-10019,Jaipur,0,0,0,0,0,0,,0,
TX-100721,SYN-10019,2026-11-01T09:00:00+05:30,34304.42,3430442,in,salary,Completed,,UPI,Payment counterparty,employer,MCH-10019,DEV-10019,Jaipur,0,0,0,0,0,0,,0,
TX-100722,SYN-10019,2026-11-03T10:00:00+05:30,5063.23,506323,out,essential,Completed,,UPI,Payment counterparty,party-2,MCH-10019,DEV-10019,Jaipur,0,0,0,0,0,0,,0,
TX-100723,SYN-10019,2026-11-03T22:30:00+05:30,13868.28,1386828,out,emi,Completed,,UPI,Payment counterparty,lender,MCH-10019,DEV-10019,Jaipur,0,0,0,0,0,0,LN-19-0,4,
TX-100725,SYN-10020,2026-08-01T09:00:00+05:30,36295.24,3629524,in,salary,Completed,,UPI,Payment counterparty,employer,MCH-10020,DEV-10020,Delhi,0,0,0,0,0,0,,0,
TX-100726,SYN-10020,2026-08-03T10:00:00+05:30,4914.4,491440,out,essential,Completed,,UPI,Payment counterparty,party-2,MCH-10020,DEV-10020,Delhi,0,0,0,0,0,0,,0,
TX-100727,SYN-10020,2026-08-09T10:00:00+05:30,4414.4,441440,out,essential,Completed,,UPI,Payment counterparty,party-6,MCH-10020,DEV-10020,Delhi,0,0,0,0,0,0,,0,
TX-100728,SYN-10020,2026-08-09T12:00:00+05:30,5071.63,507163,out,transfer,Completed,,Digital banking,Payment counterparty,party-2,,DEV-10132,Delhi,1,0,0,1,0,0,,0,
TX-100729,SYN-10020,2026-08-15T10:00:00+05:30,4144.51,414451,out,essential,Completed,,UPI,Payment counterparty,party-5,MCH-10020,DEV-10020,Delhi,0,0,0,0,0,0,,0,
TX-100730,SYN-10020,2026-08-17T12:00:00+05:30,4460.32,446032,out,transfer,Completed,,UPI,Payment counterparty,party-3,,DEV-10132,Delhi,1,1,0,0,0,0,,0,
TX-100731,SYN-10020,2026-08-21T10:00:00+05:30,4109.09,410909,out,essential,Completed,,UPI,Payment counterparty,party-1,MCH-10020,DEV-10020,Delhi,0,0,0,0,0,0,,0,
TX-100732,SYN-10020,2026-08-23T12:00:00+05:30,4771.68,477168,out,transfer,Completed,,UPI,Payment counterparty,party-4,,DEV-10020,Delhi,0,1,0,0,0,0,,0,
TX-100733,SYN-10020,2026-08-26T10:00:00+05:30,4758.4,475840,out,essential,Completed,,Wallet,Payment counterparty,party-5,MCH-10020,DEV-10020,Delhi,0,0,0,0,0,0,,0,
TX-100734,SYN-10020,2026-09-01T09:00:00+05:30,21245.56,2124556,in,salary,Completed,,Digital banking,Payment counterparty,employer,MCH-10020,DEV-10020,Delhi,0,0,0,0,0,0,,0,
TX-100735,SYN-10020,2026-09-03T10:00:00+05:30,3781.8,378180,out,essential,Completed,,UPI,Payment counterparty,party-5,MCH-10020,DEV-10020,Delhi,0,0,0,0,0,0,,0,
TX-100736,SYN-10020,2026-09-09T10:00:00+05:30,4746.7,474670,out,essential,Completed,,UPI,Payment counterparty,party-4,MCH-10020,DEV-10020,Delhi,0,0,0,0,0,0,,0,
TX-100737,SYN-10020,2026-09-09T12:00:00+05:30,5247.18,524718,out,transfer,Completed,,UPI,Payment counterparty,party-6,,DEV-10020,Delhi,0,1,0,0,0,0,,0,
TX-100738,SYN-10020,2026-09-15T10:00:00+05:30,3671.08,367108,out,essential,Completed,,UPI,Payment counterparty,party-6,MCH-10020,DEV-10020,Delhi,0,0,0,0,0,0,,0,
TX-100739,SYN-10020,2026-09-17T12:00:00+05:30,3141.22,314122,out,transfer,Completed,,UPI,Payment counterparty,party-1,,DEV-10020,Delhi,0,1,0,0,0,0,,0,
TX-100740,SYN-10020,2026-09-18T13:54:00+05:30,8344.2,834420,out,transfer,Completed,,Card,Payment counterparty,party-15,,DEV-10132,Delhi,1,1,0,0,1,4,,0,
TX-100741,SYN-10020,2026-09-18T14:02:00+05:30,8344.2,834420,out,transfer,Completed,,UPI,Payment counterparty,party-15,,DEV-10132,Delhi,1,1,0,0,1,1,,0,
TX-100742,SYN-10020,2026-09-21T10:00:00+05:30,4714.54,471454,out,essential,Completed,,UPI,Payment counterparty,party-5,MCH-10020,DEV-10020,Delhi,0,0,0,0,0,0,,0,
TX-100743,SYN-10020,2026-09-23T12:00:00+05:30,907.12,90712,out,transfer,Completed,,UPI,Payment counterparty,party-2,,DEV-10020,Delhi,0,1,0,0,0,0,,0,
TX-100744,SYN-10020,2026-09-26T10:00:00+05:30,4401.13,440113,out,essential,Completed,,UPI,Payment counterparty,party-5,MCH-10020,DEV-10020,Delhi,0,0,0,0,0,0,,0,
TX-100745,SYN-10020,2026-10-01T09:00:00+05:30,10123.34,1012334,in,salary,Completed,,Digital banking,Payment counterparty,employer,MCH-10020,DEV-10020,Delhi,0,0,0,0,0,0,,0,
TX-100746,SYN-10020,2026-10-03T10:00:00+05:30,3990.84,399084,out,essential,Completed,,UPI,Payment counterparty,party-5,MCH-10020,DEV-10020,Delhi,0,0,0,0,0,0,,0,
TX-100747,SYN-10020,2026-10-09T10:00:00+05:30,4636.91,463691,out,essential,Completed,,Digital banking,Payment counterparty,party-2,MCH-10020,DEV-10020,Delhi,0,0,0,0,0,0,,0,
TX-100748,SYN-10020,2026-10-09T12:00:00+05:30,1198.42,119842,out,transfer,Completed,,UPI,Payment counterparty,party-5,,DEV-10020,Delhi,0,0,0,0,0,0,,0,
TX-100749,SYN-10020,2026-10-15T10:00:00+05:30,4144.44,414444,out,essential,Completed,,UPI,Payment counterparty,party-5,MCH-10020,DEV-10020,Delhi,0,0,0,0,0,0,,0,
TX-100750,SYN-10020,2026-10-17T12:00:00+05:30,4773.61,477361,out,transfer,Completed,,UPI,Payment counterparty,party-6,,DEV-10020,Delhi,0,0,0,0,0,0,,0,
TX-100751,SYN-10020,2026-10-21T09:10:00+05:30,4419.07,441907,in,credit,Completed,,Digital banking,Payment counterparty,credit-line,MCH-10020,DEV-10020,Delhi,0,0,0,0,0,0,,0,
TX-100752,SYN-10020,2026-10-21T10:00:00+05:30,4419.07,441907,out,essential,Completed,,Card,Payment counterparty,party-3,MCH-10020,DEV-10020,Delhi,0,0,0,0,0,0,,0,
TX-100753,SYN-10020,2026-10-26T09:10:00+05:30,4303.61,430361,in,credit,Completed,,UPI,Payment counterparty,credit-line,MCH-10020,DEV-10020,Delhi,0,0,0,0,0,0,,0,
TX-100754,SYN-10020,2026-10-26T10:00:00+05:30,4303.61,430361,out,essential,Completed,,UPI,Payment counterparty,party-2,MCH-10020,DEV-10020,Delhi,0,0,0,0,0,0,,0,
TX-100755,SYN-10020,2026-11-01T09:00:00+05:30,12208.44,1220844,in,salary,Completed,,UPI,Payment counterparty,employer,MCH-10020,DEV-10020,Delhi,0,0,0,0,0,0,,0,
TX-100756,SYN-10020,2026-11-03T10:00:00+05:30,3689.79,368979,out,essential,Completed,,Card,Payment counterparty,party-1,MCH-10020,DEV-10020,Delhi,0,0,0,0,0,0,,0,
TX-100757,SYN-10021,2026-08-01T09:00:00+05:30,55823.67,5582367,in,salary,Completed,,UPI,Payment counterparty,employer,MCH-10021,DEV-10021,Mumbai,0,0,0,0,0,0,,0,
TX-100758,SYN-10021,2026-08-03T10:00:00+05:30,6166.11,616611,out,essential,Completed,,Card,Payment counterparty,party-3,MCH-10021,DEV-10021,Mumbai,0,0,0,0,0,0,,0,
TX-100759,SYN-10021,2026-08-04T12:00:00+05:30,881.65,88165,out,transfer,Completed,,UPI,Payment counterparty,party-2,,DEV-10132,Mumbai,1,1,0,1,0,0,,0,
TX-100760,SYN-10021,2026-08-08T12:00:00+05:30,2779.22,277922,out,transfer,Completed,,UPI,Payment counterparty,party-2,,DEV-10021,Mumbai,0,0,0,0,0,0,,0,
TX-100761,SYN-10021,2026-08-09T10:00:00+05:30,7904.26,790426,out,essential,Completed,,UPI,Payment counterparty,party-5,MCH-10021,DEV-10021,Mumbai,0,0,0,0,0,0,,0,
TX-100762,SYN-10021,2026-08-11T12:00:00+05:30,2774.57,277457,out,transfer,Completed,,UPI,Payment counterparty,party-1,,DEV-10021,Mumbai,0,0,0,0,0,0,,0,
TX-100763,SYN-10021,2026-08-15T10:00:00+05:30,6418.01,641801,out,essential,Completed,,UPI,Payment counterparty,party-4,MCH-10021,DEV-10021,Mumbai,0,0,0,0,0,0,,0,
TX-100764,SYN-10021,2026-08-18T12:00:00+05:30,5023.1,502310,out,transfer,Completed,,Card,Payment counterparty,party-1,,DEV-10021,Mumbai,0,1,0,0,0,0,,0,
TX-100765,SYN-10021,2026-08-21T10:00:00+05:30,5945.42,594542,out,essential,Completed,,UPI,Payment counterparty,party-6,MCH-10021,DEV-10021,Mumbai,0,0,0,0,0,0,,0,
TX-100766,SYN-10021,2026-08-25T22:30:00+05:30,16188.88,1618888,out,emi,Completed,,Digital banking,Payment counterparty,lender,MCH-10021,DEV-10021,Mumbai,0,0,0,0,0,0,LN-21-0,2,
TX-100767,SYN-10021,2026-08-25T22:30:00+05:30,8118.52,811852,out,emi,Completed,,UPI,Payment counterparty,lender,MCH-10021,DEV-10021,Mumbai,0,0,0,0,0,0,LN-21-1,2,
TX-100768,SYN-10021,2026-08-26T10:00:00+05:30,6442.28,644228,out,essential,Completed,,UPI,Payment counterparty,party-4,MCH-10021,DEV-10021,Mumbai,0,0,0,0,0,0,,0,
TX-100769,SYN-10021,2026-09-01T09:00:00+05:30,60396.83,6039683,in,salary,Completed,,Digital banking,Payment counterparty,employer,MCH-10021,DEV-10021,Mumbai,0,0,0,0,0,0,,0,
TX-100770,SYN-10021,2026-09-03T10:00:00+05:30,7059.83,705983,out,essential,Completed,,UPI,Payment counterparty,party-5,MCH-10021,DEV-10021,Mumbai,0,0,0,0,0,0,,0,
TX-100771,SYN-10021,2026-09-04T12:00:00+05:30,46559.69,4655969,out,transfer,Completed,,UPI,Payment counterparty,party-5,,DEV-10021,Mumbai,0,0,0,0,0,0,,0,
TX-100772,SYN-10021,2026-09-08T12:00:00+05:30,3950.85,395085,out,transfer,Completed,,Card,Payment counterparty,party-3,,DEV-10021,Mumbai,0,0,0,0,0,0,,0,
TX-100773,SYN-10021,2026-09-09T10:00:00+05:30,6726.96,672696,out,essential,Completed,,UPI,Payment counterparty,party-6,MCH-10021,DEV-10021,Mumbai,0,0,0,0,0,0,,0,
TX-100774,SYN-10021,2026-09-11T12:00:00+05:30,3262.91,326291,out,transfer,Completed,,UPI,Payment counterparty,party-6,,DEV-10021,Mumbai,0,0,0,0,0,0,,0,
TX-100775,SYN-10021,2026-09-15T10:00:00+05:30,7831.11,783111,out,essential,Completed,,Card,Payment counterparty,party-2,MCH-10021,DEV-10021,Mumbai,0,0,0,0,0,0,,0,
TX-100776,SYN-10021,2026-09-18T12:00:00+05:30,4616.13,461613,out,transfer,Completed,,UPI,Payment counterparty,party-3,,DEV-10021,Mumbai,0,1,0,0,0,0,,0,
TX-100777,SYN-10021,2026-09-18T14:00:00+05:30,25400.0,2540000,in,transfer,Completed,,UPI,Payment counterparty,sender-1,,DEV-10021,Mumbai,0,1,0,0,0,0,,0,
TX-100778,SYN-10021,2026-09-18T14:03:00+05:30,17800.0,1780000,in,transfer,Completed,,UPI,Payment counterparty,sender-1,,DEV-10021,Mumbai,0,1,0,0,0,0,,0,
TX-100779,SYN-10021,2026-09-18T14:06:00+05:30,27200.0,2720000,in,transfer,Completed,,Card,Payment counterparty,sender-1,,DEV-10021,Mumbai,0,1,0,0,0,0,,0,
TX-100780,SYN-10021,2026-09-18T14:14:00+05:30,63360.0,6336000,out,transfer,Completed,,UPI,Payment counterparty,party-21,,DEV-10021,Mumbai,0,1,0,0,0,0,,0,
TX-100781,SYN-10021,2026-09-21T10:00:00+05:30,8010.99,801099,out,essential,Completed,,UPI,Payment counterparty,party-3,MCH-10021,DEV-10021,Mumbai,0,0,0,0,0,0,,0,
TX-100782,SYN-10021,2026-09-25T22:30:00+05:30,16188.88,1618888,out,emi,Completed,,Digital banking,Payment counterparty,lender,MCH-10021,DEV-10021,Mumbai,0,0,0,0,0,0,LN-21-0,3,
TX-100783,SYN-10021,2026-09-25T22:30:00+05:30,8118.52,811852,out,emi,Completed,,UPI,Payment counterparty,lender,MCH-10021,DEV-10021,Mumbai,0,0,0,0,0,0,LN-21-1,3,
TX-100784,SYN-10021,2026-09-26T10:00:00+05:30,6340.09,634009,out,essential,Completed,,UPI,Payment counterparty,party-2,MCH-10021,DEV-10021,Mumbai,0,0,0,0,0,0,,0,
TX-100785,SYN-10021,2026-10-01T09:00:00+05:30,59367.39,5936739,in,salary,Completed,,UPI,Payment counterparty,employer,MCH-10021,DEV-10021,Mumbai,0,0,0,0,0,0,,0,
TX-100801,SYN-10021,2026-10-01T12:00:00+05:30,5237.63,523763,out,essential,Pending,2026-09-27T00:00:00+05:30,UPI,Payment counterparty,party-3,MCH-10021,DEV-10021,Mumbai,0,0,0,0,0,0,,0,
TX-100786,SYN-10021,2026-10-03T10:00:00+05:30,7420.28,742028,out,essential,Completed,,Card,Payment counterparty,party-2,MCH-10021,DEV-10021,Mumbai,0,0,0,0,0,0,,0,
TX-100787,SYN-10021,2026-10-04T12:00:00+05:30,4548.39,454839,out,transfer,Completed,,UPI,Payment counterparty,party-5,,DEV-10132,Mumbai,1,0,0,1,0,0,,0,
TX-100788,SYN-10021,2026-10-08T12:00:00+05:30,4674.52,467452,out,transfer,Completed,,Card,Payment counterparty,party-3,,DEV-10132,Mumbai,1,1,0,1,0,0,,0,
TX-100789,SYN-10021,2026-10-09T10:00:00+05:30,7796.39,779639,out,essential,Completed,,UPI,Payment counterparty,party-1,MCH-10021,DEV-10021,Mumbai,0,0,0,0,0,0,,0,
TX-100790,SYN-10021,2026-10-11T12:00:00+05:30,5005.59,500559,out,transfer,Completed,,UPI,Payment counterparty,party-2,,DEV-10132,Mumbai,1,0,0,0,0,0,,0,
TX-100791,SYN-10021,2026-10-15T10:00:00+05:30,7999.36,799936,out,essential,Completed,,UPI,Payment counterparty,party-4,MCH-10021,DEV-10021,Mumbai,0,0,0,0,0,0,,0,
TX-100792,SYN-10021,2026-10-18T12:00:00+05:30,4245.56,424556,out,transfer,Completed,,UPI,Payment counterparty,party-5,,DEV-10021,Mumbai,0,0,0,0,0,0,,0,
TX-100793,SYN-10021,2026-10-21T10:00:00+05:30,6701.23,670123,out,essential,Completed,,UPI,Payment counterparty,party-4,MCH-10021,DEV-10021,Mumbai,0,0,0,0,0,0,,0,
TX-100794,SYN-10021,2026-10-25T22:30:00+05:30,10755.91,1075591,out,emi,Completed,,UPI,Payment counterparty,lender,MCH-10021,DEV-10021,Mumbai,0,0,0,0,0,0,LN-21-0,4,
TX-100795,SYN-10021,2026-10-26T10:00:00+05:30,7902.13,790213,out,essential,Completed,,UPI,Payment counterparty,party-3,MCH-10021,DEV-10021,Mumbai,0,0,0,0,0,0,,0,
TX-100796,SYN-10021,2026-11-01T09:00:00+05:30,62542.85,6254285,in,salary,Completed,,Card,Payment counterparty,employer,MCH-10021,DEV-10021,Mumbai,0,0,0,0,0,0,,0,
TX-100797,SYN-10021,2026-11-03T10:00:00+05:30,7445.47,744547,out,essential,Completed,,UPI,Payment counterparty,party-4,MCH-10021,DEV-10021,Mumbai,0,0,0,0,0,0,,0,
TX-100798,SYN-10021,2026-11-03T22:30:00+05:30,5432.97,543297,out,emi,Completed,,UPI,Payment counterparty,lender,MCH-10021,DEV-10021,Mumbai,0,0,0,0,0,0,LN-21-0,4,
TX-100799,SYN-10021,2026-11-03T22:30:00+05:30,8118.52,811852,out,emi,Completed,,Card,Payment counterparty,lender,MCH-10021,DEV-10021,Mumbai,0,0,0,0,0,0,LN-21-1,4,
TX-100800,SYN-10021,2026-11-04T12:00:00+05:30,1174.09,117409,out,transfer,Completed,,UPI,Payment counterparty,party-3,,DEV-10021,Mumbai,0,0,0,0,0,0,,0,
TX-100802,SYN-10022,2026-08-01T09:00:00+05:30,106908.45,10690845,in,salary,Completed,,UPI,Payment counterparty,employer,MCH-10022,DEV-10022,Bengaluru,0,0,0,0,0,0,,0,
TX-100803,SYN-10022,2026-08-03T10:00:00+05:30,13071.68,1307168,out,essential,Completed,,Digital banking,Payment counterparty,party-6,MCH-10022,DEV-10022,Bengaluru,0,0,0,0,0,0,,0,
TX-100804,SYN-10022,2026-08-06T12:00:00+05:30,2654.91,265491,out,transfer,Completed,,Digital banking,Payment counterparty,party-2,,DEV-10022,Bengaluru,0,1,0,0,0,0,,0,
TX-100805,SYN-10022,2026-08-09T10:00:00+05:30,12065.27,1206527,out,essential,Completed,,Card,Payment counterparty,party-1,MCH-10022,DEV-10022,Bengaluru,0,0,0,0,0,0,,0,
TX-100806,SYN-10022,2026-08-15T10:00:00+05:30,11156.29,1115629,out,essential,Completed,,UPI,Payment counterparty,party-1,MCH-10022,DEV-10022,Bengaluru,0,0,0,0,0,0,,0,
TX-100807,SYN-10022,2026-08-19T12:00:00+05:30,847.21,84721,out,transfer,Completed,,Wallet,Payment counterparty,party-3,,DEV-10022,Bengaluru,0,0,0,0,0,0,,0,
TX-100808,SYN-10022,2026-08-21T10:00:00+05:30,13787.21,1378721,out,essential,Completed,,UPI,Payment counterparty,party-1,MCH-10022,DEV-10022,Bengaluru,0,0,0,0,0,0,,0,
TX-100809,SYN-10022,2026-08-21T22:30:00+05:30,62410.15,6241015,out,emi,Completed,,UPI,Payment counterparty,lender,MCH-10022,DEV-10022,Bengaluru,0,0,0,0,0,0,LN-22-0,2,
TX-100810,SYN-10022,2026-08-26T10:00:00+05:30,13354.9,1335490,out,essential,Completed,,UPI,Payment counterparty,party-2,MCH-10022,DEV-10022,Bengaluru,0,0,0,0,0,0,,0,
TX-100811,SYN-10022,2026-09-01T09:00:00+05:30,116683.28,11668328,in,salary,Completed,,Card,Payment counterparty,employer,MCH-10022,DEV-10022,Bengaluru,0,0,0,0,0,0,,0,
TX-100812,SYN-10022,2026-09-03T10:00:00+05:30,14309.16,1430916,out,essential,Completed,,UPI,Payment counterparty,party-5,MCH-10022,DEV-10022,Bengaluru,0,0,0,0,0,0,,0,
TX-100813,SYN-10022,2026-09-06T12:00:00+05:30,1322.36,132236,out,transfer,Completed,,UPI,Payment counterparty,party-1,,DEV-10022,Bengaluru,0,1,0,0,0,0,,0,
TX-100814,SYN-10022,2026-09-08T14:00:00+05:30,21200.0,2120000,in,transfer,Completed,,UPI,Payment counterparty,sender-0,,DEV-10022,Bengaluru,0,1,0,0,0,0,,0,
TX-100815,SYN-10022,2026-09-08T14:03:00+05:30,29000.0,2900000,in,transfer,Completed,,UPI,Payment counterparty,sender-1,,DEV-10022,Bengaluru,0,1,0,0,0,0,,0,
TX-100816,SYN-10022,2026-09-08T14:06:00+05:30,16100.0,1610000,in,transfer,Completed,,UPI,Payment counterparty,sender-2,,DEV-10022,Bengaluru,0,1,0,0,0,0,,0,
TX-100817,SYN-10022,2026-09-08T14:14:00+05:30,59670.0,5967000,out,transfer,Completed,,Wallet,Payment counterparty,party-21,,DEV-10022,Bengaluru,0,1,0,0,0,0,,0,
TX-100818,SYN-10022,2026-09-09T10:00:00+05:30,12484.44,1248444,out,essential,Completed,,UPI,Payment counterparty,party-3,MCH-10022,DEV-10022,Bengaluru,0,0,0,0,0,0,,0,
TX-100819,SYN-10022,2026-09-15T10:00:00+05:30,10955.89,1095589,out,essential,Completed,,Digital banking,Payment counterparty,party-4,MCH-10022,DEV-10022,Bengaluru,0,0,0,0,0,0,,0,
TX-100820,SYN-10022,2026-09-19T12:00:00+05:30,2851.17,285117,out,transfer,Completed,,Digital banking,Payment counterparty,party-4,,DEV-10022,Bengaluru,0,0,0,0,0,0,,0,
TX-100821,SYN-10022,2026-09-21T10:00:00+05:30,13753.76,1375376,out,essential,Completed,,UPI,Payment counterparty,party-6,MCH-10022,DEV-10022,Bengaluru,0,0,0,0,0,0,,0,
TX-100822,SYN-10022,2026-09-21T22:30:00+05:30,62410.15,6241015,out,emi,Completed,,UPI,Payment counterparty,lender,MCH-10022,DEV-10022,Bengaluru,0,0,0,0,0,0,LN-22-0,3,
TX-100823,SYN-10022,2026-09-26T10:00:00+05:30,13184.21,1318421,out,essential,Completed,,Digital banking,Payment counterparty,party-5,MCH-10022,DEV-10022,Bengaluru,0,0,0,0,0,0,,0,
TX-100824,SYN-10022,2026-10-01T09:00:00+05:30,115325.78,11532578,in,salary,Completed,,UPI,Payment counterparty,employer,MCH-10022,DEV-10022,Bengaluru,0,0,0,0,0,0,,0,
TX-100835,SYN-10022,2026-10-01T12:00:00+05:30,9429.51,942951,out,essential,Pending,2026-09-27T00:00:00+05:30,UPI,Payment counterparty,party-3,MCH-10022,DEV-10022,Bengaluru,0,0,0,0,0,0,,0,
TX-100825,SYN-10022,2026-10-03T10:00:00+05:30,12438.31,1243831,out,essential,Completed,,UPI,Payment counterparty,party-2,MCH-10022,DEV-10022,Bengaluru,0,0,0,0,0,0,,0,
TX-100826,SYN-10022,2026-10-06T12:00:00+05:30,584.71,58471,out,transfer,Completed,,UPI,Payment counterparty,party-4,,DEV-10022,Bengaluru,0,0,0,0,0,0,,0,
TX-100827,SYN-10022,2026-10-09T10:00:00+05:30,12262.66,1226266,out,essential,Completed,,UPI,Payment counterparty,party-1,MCH-10022,DEV-10022,Bengaluru,0,0,0,0,0,0,,0,
TX-100828,SYN-10022,2026-10-15T10:00:00+05:30,12112.76,1211276,out,essential,Completed,,Wallet,Payment counterparty,party-3,MCH-10022,DEV-10022,Bengaluru,0,0,0,0,0,0,,0,
TX-100829,SYN-10022,2026-10-19T12:00:00+05:30,2525.71,252571,out,transfer,Completed,,UPI,Payment counterparty,party-6,,DEV-10022,Bengaluru,0,0,0,0,0,0,,0,
TX-100830,SYN-10022,2026-10-21T10:00:00+05:30,12092.01,1209201,out,essential,Completed,,UPI,Payment counterparty,party-5,MCH-10022,DEV-10022,Bengaluru,0,0,0,0,0,0,,0,
TX-100831,SYN-10022,2026-10-21T22:30:00+05:30,62410.15,6241015,out,emi,Completed,,UPI,Payment counterparty,lender,MCH-10022,DEV-10022,Bengaluru,0,0,0,0,0,0,LN-22-0,4,
TX-100832,SYN-10022,2026-10-26T10:00:00+05:30,12176.35,1217635,out,essential,Completed,,UPI,Payment counterparty,party-6,MCH-10022,DEV-10022,Bengaluru,0,0,0,0,0,0,,0,
TX-100833,SYN-10022,2026-11-01T09:00:00+05:30,106252.66,10625266,in,salary,Completed,,Card,Payment counterparty,employer,MCH-10022,DEV-10022,Bengaluru,0,0,0,0,0,0,,0,
TX-100834,SYN-10022,2026-11-03T10:00:00+05:30,13765.77,1376577,out,essential,Completed,,UPI,Payment counterparty,party-2,MCH-10022,DEV-10022,Bengaluru,0,0,0,0,0,0,,0,
TX-100836,SYN-10023,2026-08-01T09:00:00+05:30,105584.45,10558445,in,salary,Completed,,Digital banking,Payment counterparty,employer,MCH-10023,DEV-10023,Jaipur,0,0,0,0,0,0,,0,
TX-100837,SYN-10023,2026-08-03T10:00:00+05:30,10395.13,1039513,out,essential,Completed,,Digital banking,Payment counterparty,party-6,MCH-10023,DEV-10023,Jaipur,0,0,0,0,0,0,,0,
TX-100838,SYN-10023,2026-08-04T12:00:00+05:30,2928.2,292820,out,transfer,Completed,,UPI,Payment counterparty,party-5,,DEV-10023,Jaipur,0,1,0,0,0,0,,0,
TX-100839,SYN-10023,2026-08-09T10:00:00+05:30,8123.21,812321,out,essential,Completed,,Digital banking,Payment counterparty,party-1,MCH-10023,DEV-10023,Jaipur,0,0,0,0,0,0,,0,
TX-100840,SYN-10023,2026-08-15T10:00:00+05:30,8464.01,846401,out,essential,Completed,,UPI,Payment counterparty,party-2,MCH-10023,DEV-10023,Jaipur,0,0,0,0,0,0,,0,
TX-100841,SYN-10023,2026-08-18T12:00:00+05:30,2737.31,273731,out,transfer,Completed,,UPI,Payment counterparty,party-3,,DEV-10023,Jaipur,0,0,0,0,0,0,,0,
TX-100842,SYN-10023,2026-08-21T10:00:00+05:30,8235.37,823537,out,essential,Completed,,UPI,Payment counterparty,party-5,MCH-10023,DEV-10023,Jaipur,0,0,0,0,0,0,,0,
TX-100843,SYN-10023,2026-08-26T10:00:00+05:30,7965.82,796582,out,essential,Completed,,UPI,Payment counterparty,party-3,MCH-10023,DEV-10023,Jaipur,0,0,0,0,0,0,,0,
TX-100844,SYN-10023,2026-08-28T22:30:00+05:30,29901.11,2990111,out,emi,Completed,,Card,Payment counterparty,lender,MCH-10023,DEV-10023,Jaipur,0,0,0,0,0,0,LN-23-0,2,
TX-100845,SYN-10023,2026-09-01T09:00:00+05:30,103996.93,10399693,in,salary,Completed,,UPI,Payment counterparty,employer,MCH-10023,DEV-10023,Jaipur,0,0,0,0,0,0,,0,
TX-100846,SYN-10023,2026-09-03T10:00:00+05:30,8062.36,806236,out,essential,Completed,,Card,Payment counterparty,party-5,MCH-10023,DEV-10023,Jaipur,0,0,0,0,0,0,,0,
TX-100847,SYN-10023,2026-09-04T12:00:00+05:30,2504.96,250496,out,transfer,Completed,,Card,Payment counterparty,party-1,,DEV-10023,Jaipur,0,0,0,0,0,0,,0,
TX-100848,SYN-10023,2026-09-09T10:00:00+05:30,10422.94,1042294,out,essential,Completed,,UPI,Payment counterparty,party-1,MCH-10023,DEV-10023,Jaipur,0,0,0,0,0,0,,0,
TX-100849,SYN-10023,2026-09-11T14:54:00+05:30,120034.47,12003447,out,transfer,Completed,,UPI,Payment counterparty,party-25,,DEV-10132,Jaipur,1,0,0,0,1,1,,0,
TX-100850,SYN-10023,2026-09-11T15:04:00+05:30,120034.47,12003447,out,transfer,Completed,,UPI,Payment counterparty,party-25,,DEV-10132,Jaipur,1,0,0,0,1,3,,0,
TX-100851,SYN-10023,2026-09-15T10:00:00+05:30,8557.84,855784,out,essential,Completed,,UPI,Payment counterparty,party-3,MCH-10023,DEV-10023,Jaipur,0,0,0,0,0,0,,0,
TX-100852,SYN-10023,2026-09-17T16:14:00+05:30,24675.98,2467598,out,transfer,Completed,,UPI,Payment counterparty,party-12,,DEV-10132,Jaipur,1,1,0,0,1,4,,0,
TX-100853,SYN-10023,2026-09-18T12:00:00+05:30,1100.51,110051,out,transfer,Completed,,Digital banking,Payment counterparty,party-1,,DEV-10023,Jaipur,0,1,0,0,0,0,,0,
TX-100854,SYN-10023,2026-09-21T09:10:00+05:30,1019.55,101955,in,credit,Completed,,UPI,Payment counterparty,credit-line,MCH-10023,DEV-10023,Jaipur,0,0,0,0,0,0,,0,
TX-100855,SYN-10023,2026-09-21T10:00:00+05:30,10354.02,1035402,out,essential,Completed,,Digital banking,Payment counterparty,party-3,MCH-10023,DEV-10023,Jaipur,0,0,0,0,0,0,,0,
TX-100856,SYN-10023,2026-09-26T09:10:00+05:30,8793.6,879360,in,credit,Completed,,UPI,Payment counterparty,credit-line,MCH-10023,DEV-10023,Jaipur,0,0,0,0,0,0,,0,
TX-100857,SYN-10023,2026-09-26T10:00:00+05:30,8793.6,879360,out,essential,Completed,,UPI,Payment counterparty,party-1,MCH-10023,DEV-10023,Jaipur,0,0,0,0,0,0,,0,
TX-100858,SYN-10023,2026-10-01T09:00:00+05:30,116021.42,11602142,in,salary,Completed,,UPI,Payment counterparty,employer,MCH-10023,DEV-10023,Jaipur,0,0,0,0,0,0,,0,
TX-100871,SYN-10023,2026-10-01T12:00:00+05:30,6845.75,684575,out,essential,Pending,2026-09-27T00:00:00+05:30,UPI,Payment counterparty,party-6,MCH-10023,DEV-10023,Jaipur,0,0,0,0,0,0,,0,
TX-100859,SYN-10023,2026-10-01T22:30:00+05:30,29901.11,2990111,out,emi,Completed,,UPI,Payment counterparty,lender,MCH-10023,DEV-10023,Jaipur,0,0,0,0,0,0,LN-23-0,3,
TX-100860,SYN-10023,2026-10-03T10:00:00+05:30,8008.32,800832,out,essential,Completed,,UPI,Payment counterparty,party-6,MCH-10023,DEV-10023,Jaipur,0,0,0,0,0,0,,0,
TX-100861,SYN-10023,2026-10-04T12:00:00+05:30,3742.36,374236,out,transfer,Completed,,UPI,Payment counterparty,party-3,,DEV-10023,Jaipur,0,0,0,0,0,0,,0,
TX-100862,SYN-10023,2026-10-09T10:00:00+05:30,7843.07,784307,out,essential,Completed,,UPI,Payment counterparty,party-4,MCH-10023,DEV-10023,Jaipur,0,0,0,0,0,0,,0,
TX-100863,SYN-10023,2026-10-15T10:00:00+05:30,8050.87,805087,out,essential,Completed,,UPI,Payment counterparty,party-6,MCH-10023,DEV-10023,Jaipur,0,0,0,0,0,0,,0,
TX-100864,SYN-10023,2026-10-18T12:00:00+05:30,2030.4,203040,out,transfer,Completed,,UPI,Payment counterparty,party-2,,DEV-10023,Jaipur,0,1,0,0,0,0,,0,
TX-100865,SYN-10023,2026-10-21T10:00:00+05:30,8381.0,838100,out,essential,Completed,,Digital banking,Payment counterparty,party-6,MCH-10023,DEV-10023,Jaipur,0,0,0,0,0,0,,0,
TX-100866,SYN-10023,2026-10-26T10:00:00+05:30,9124.66,912466,out,essential,Completed,,UPI,Payment counterparty,party-3,MCH-10023,DEV-10023,Jaipur,0,0,0,0,0,0,,0,
TX-100867,SYN-10023,2026-10-28T22:30:00+05:30,29901.11,2990111,out,emi,Completed,,UPI,Payment counterparty,lender,MCH-10023,DEV-10023,Jaipur,0,0,0,0,0,0,LN-23-0,4,
TX-100868,SYN-10023,2026-11-01T09:00:00+05:30,107928.5,10792850,in,salary,Completed,,UPI,Payment counterparty,employer,MCH-10023,DEV-10023,Jaipur,0,0,0,0,0,0,,0,
TX-100869,SYN-10023,2026-11-03T10:00:00+05:30,10362.95,1036295,out,essential,Completed,,UPI,Payment counterparty,party-4,MCH-10023,DEV-10023,Jaipur,0,0,0,0,0,0,,0,
TX-100870,SYN-10023,2026-11-04T12:00:00+05:30,1255.06,125506,out,transfer,Completed,,UPI,Payment counterparty,party-2,,DEV-10132,Jaipur,1,0,0,1,0,0,,0,
TX-100872,SYN-10024,2026-08-03T10:00:00+05:30,3290.21,329021,out,essential,Completed,,UPI,Payment counterparty,party-6,MCH-10024,DEV-10024,Delhi,0,0,0,0,0,0,,0,
TX-100873,SYN-10024,2026-08-05T12:00:00+05:30,12552.76,1255276,out,transfer,Completed,,Wallet,Payment counterparty,party-4,,DEV-10024,Delhi,0,1,0,0,0,0,,0,
TX-100874,SYN-10024,2026-08-09T10:00:00+05:30,2873.69,287369,out,essential,Completed,,UPI,Payment counterparty,party-3,MCH-10024,DEV-10024,Delhi,0,0,0,0,0,0,,0,
TX-100875,SYN-10024,2026-08-11T12:00:00+05:30,5928.03,592803,out,transfer,Completed,,UPI,Payment counterparty,party-3,,DEV-10024,Delhi,0,0,0,0,0,0,,0,
TX-100876,SYN-10024,2026-08-15T10:00:00+05:30,2858.03,285803,out,essential,Completed,,UPI,Payment counterparty,party-1,MCH-10024,DEV-10024,Delhi,0,0,0,0,0,0,,0,
TX-100877,SYN-10024,2026-08-21T10:00:00+05:30,3774.81,377481,out,essential,Completed,,UPI,Payment counterparty,party-1,MCH-10024,DEV-10024,Delhi,0,0,0,0,0,0,,0,
TX-100878,SYN-10024,2026-08-21T12:00:00+05:30,6087.89,608789,out,transfer,Completed,,UPI,Payment counterparty,party-5,,DEV-10132,Delhi,1,0,0,0,0,0,,0,
TX-100879,SYN-10024,2026-08-25T12:00:00+05:30,7762.82,776282,out,transfer,Completed,,Digital banking,Payment counterparty,party-5,,DEV-10132,Delhi,1,0,0,1,0,0,,0,
TX-100880,SYN-10024,2026-08-26T10:00:00+05:30,3313.83,331383,out,essential,Completed,,Digital banking,Payment counterparty,party-1,MCH-10024,DEV-10024,Delhi,0,0,0,0,0,0,,0,
TX-100881,SYN-10024,2026-08-26T22:30:00+05:30,8713.35,871335,out,emi,Completed,,UPI,Payment counterparty,lender,MCH-10024,DEV-10024,Delhi,0,0,0,0,0,0,LN-24-0,2,
TX-100882,SYN-10024,2026-08-28T09:00:00+05:30,35037.49,3503749,in,salary,Completed,,UPI,Payment counterparty,employer,MCH-10024,DEV-10024,Delhi,0,0,0,0,0,0,,0,
TX-100883,SYN-10024,2026-09-03T10:00:00+05:30,2993.8,299380,out,essential,Completed,,UPI,Payment counterparty,party-5,MCH-10024,DEV-10024,Delhi,0,0,0,0,0,0,,0,
TX-100884,SYN-10024,2026-09-05T12:00:00+05:30,11412.06,1141206,out,transfer,Completed,,UPI,Payment counterparty,party-2,,DEV-10024,Delhi,0,0,0,0,0,0,,0,
TX-100885,SYN-10024,2026-09-09T10:00:00+05:30,3275.22,327522,out,essential,Completed,,UPI,Payment counterparty,party-2,MCH-10024,DEV-10024,Delhi,0,0,0,0,0,0,,0,
TX-100886,SYN-10024,2026-09-11T12:00:00+05:30,7968.64,796864,out,transfer,Completed,,UPI,Payment counterparty,party-2,,DEV-10024,Delhi,0,0,0,0,0,0,,0,
TX-100887,SYN-10024,2026-09-12T17:06:00+05:30,8586.68,858668,out,transfer,Completed,,UPI,Payment counterparty,party-27,,DEV-10132,Delhi,1,1,0,1,1,1,,0,
TX-100888,SYN-10024,2026-09-12T17:11:00+05:30,8586.68,858668,out,transfer,Completed,,UPI,Payment counterparty,party-27,,DEV-10132,Delhi,1,1,0,0,1,4,,0,
TX-100889,SYN-10024,2026-09-15T10:00:00+05:30,3564.68,356468,out,essential,Completed,,UPI,Payment counterparty,party-2,MCH-10024,DEV-10024,Delhi,0,0,0,0,0,0,,0,
TX-100890,SYN-10024,2026-09-21T10:00:00+05:30,3222.55,322255,out,essential,Completed,,UPI,Payment counterparty,party-3,MCH-10024,DEV-10024,Delhi,0,0,0,0,0,0,,0,
TX-100891,SYN-10024,2026-09-21T12:00:00+05:30,7718.61,771861,out,transfer,Completed,,Card,Payment counterparty,party-1,,DEV-10024,Delhi,0,1,0,0,0,0,,0,
TX-100892,SYN-10024,2026-09-25T12:00:00+05:30,3697.3,369730,out,transfer,Completed,,UPI,Payment counterparty,party-3,,DEV-10024,Delhi,0,0,0,0,0,0,,0,
TX-100893,SYN-10024,2026-09-26T10:00:00+05:30,2946.33,294633,out,essential,Completed,,Card,Payment counterparty,party-2,MCH-10024,DEV-10024,Delhi,0,0,0,0,0,0,,0,
TX-100894,SYN-10024,2026-09-26T22:30:00+05:30,8713.35,871335,out,emi,Completed,,UPI,Payment counterparty,lender,MCH-10024,DEV-10024,Delhi,0,0,0,0,0,0,LN-24-0,3,
TX-100895,SYN-10024,2026-09-28T09:00:00+05:30,40457.15,4045715,in,salary,Completed,,UPI,Payment counterparty,employer,MCH-10024,DEV-10024,Delhi,0,0,0,0,0,0,,0,
TX-100909,SYN-10024,2026-10-01T12:00:00+05:30,2482.65,248265,out,essential,Pending,2026-09-27T00:00:00+05:30,UPI,Payment counterparty,party-4,MCH-10024,DEV-10024,Delhi,0,0,0,0,0,0,,0,
TX-100896,SYN-10024,2026-10-03T10:00:00+05:30,2873.54,287354,out,essential,Completed,,UPI,Payment counterparty,party-3,MCH-10024,DEV-10024,Delhi,0,0,0,0,0,0,,0,
TX-100897,SYN-10024,2026-10-05T12:00:00+05:30,5227.92,522792,out,transfer,Completed,,UPI,Payment counterparty,party-4,,DEV-10024,Delhi,0,0,0,0,0,0,,0,
TX-100898,SYN-10024,2026-10-09T10:00:00+05:30,3056.84,305684,out,essential,Completed,,UPI,Payment counterparty,party-3,MCH-10024,DEV-10024,Delhi,0,0,0,0,0,0,,0,
TX-100899,SYN-10024,2026-10-11T12:00:00+05:30,13418.93,1341893,out,transfer,Completed,,UPI,Payment counterparty,party-6,,DEV-10024,Delhi,0,0,0,0,0,0,,0,
TX-100900,SYN-10024,2026-10-15T10:00:00+05:30,2862.47,286247,out,essential,Completed,,UPI,Payment counterparty,party-5,MCH-10024,DEV-10024,Delhi,0,0,0,0,0,0,,0,
TX-100901,SYN-10024,2026-10-21T10:00:00+05:30,3292.49,329249,out,essential,Completed,,Digital banking,Payment counterparty,party-1,MCH-10024,DEV-10024,Delhi,0,0,0,0,0,0,,0,
TX-100902,SYN-10024,2026-10-21T12:00:00+05:30,4639.45,463945,out,transfer,Completed,,Card,Payment counterparty,party-2,,DEV-10024,Delhi,0,0,0,0,0,0,,0,
TX-100903,SYN-10024,2026-10-25T12:00:00+05:30,7235.14,723514,out,transfer,Completed,,UPI,Payment counterparty,party-2,,DEV-10024,Delhi,0,0,0,0,0,0,,0,
TX-100904,SYN-10024,2026-10-26T10:00:00+05:30,3572.23,357223,out,essential,Completed,,Digital banking,Payment counterparty,party-2,MCH-10024,DEV-10024,Delhi,0,0,0,0,0,0,,0,
TX-100905,SYN-10024,2026-10-26T22:30:00+05:30,8713.35,871335,out,emi,Completed,,UPI,Payment counterparty,lender,MCH-10024,DEV-10024,Delhi,0,0,0,0,0,0,LN-24-0,4,
TX-100906,SYN-10024,2026-10-28T09:00:00+05:30,39833.21,3983321,in,salary,Completed,,Card,Payment counterparty,employer,MCH-10024,DEV-10024,Delhi,0,0,0,0,0,0,,0,
TX-100907,SYN-10024,2026-11-03T10:00:00+05:30,2906.93,290693,out,essential,Completed,,Digital banking,Payment counterparty,party-1,MCH-10024,DEV-10024,Delhi,0,0,0,0,0,0,,0,
TX-100908,SYN-10024,2026-11-05T12:00:00+05:30,8905.15,890515,out,transfer,Completed,,Card,Payment counterparty,party-3,,DEV-10024,Delhi,0,1,0,0,0,0,,0,
TX-100910,SYN-10025,2026-08-01T09:00:00+05:30,94194.11,9419411,in,salary,Completed,,Card,Payment counterparty,employer,MCH-10025,DEV-10025,Mumbai,0,0,0,0,0,0,,0,
TX-100911,SYN-10025,2026-08-03T10:00:00+05:30,10177.49,1017749,out,essential,Completed,,Card,Payment counterparty,party-3,MCH-10025,DEV-10025,Mumbai,0,0,0,0,0,0,,0,
TX-100912,SYN-10025,2026-08-03T12:00:00+05:30,7161.85,716185,out,transfer,Completed,,UPI,Payment counterparty,party-5,,DEV-10025,Mumbai,0,1,0,0,0,0,,0,
TX-100913,SYN-10025,2026-08-09T10:00:00+05:30,8562.53,856253,out,essential,Completed,,UPI,Payment counterparty,party-6,MCH-10025,DEV-10025,Mumbai,0,0,0,0,0,0,,0,
TX-100914,SYN-10025,2026-08-10T12:00:00+05:30,11327.22,1132722,out,transfer,Completed,,UPI,Payment counterparty,party-2,,DEV-10025,Mumbai,0,1,0,0,0,0,,0,
TX-100915,SYN-10025,2026-08-13T12:00:00+05:30,12132.96,1213296,out,transfer,Completed,,UPI,Payment counterparty,party-5,,DEV-10025,Mumbai,0,0,0,0,0,0,,0,
TX-100916,SYN-10025,2026-08-15T10:00:00+05:30,9287.77,928777,out,essential,Completed,,Digital banking,Payment counterparty,party-6,MCH-10025,DEV-10025,Mumbai,0,0,0,0,0,0,,0,
TX-100917,SYN-10025,2026-08-21T10:00:00+05:30,10408.45,1040845,out,essential,Completed,,UPI,Payment counterparty,party-5,MCH-10025,DEV-10025,Mumbai,0,0,0,0,0,0,,0,
TX-100918,SYN-10025,2026-08-23T22:30:00+05:30,56912.29,5691229,out,emi,Completed,,UPI,Payment counterparty,lender,MCH-10025,DEV-10025,Mumbai,0,0,0,0,0,0,LN-25-0,2,
TX-100919,SYN-10025,2026-08-26T10:00:00+05:30,8857.86,885786,out,essential,Completed,,UPI,Payment counterparty,party-1,MCH-10025,DEV-10025,Mumbai,0,0,0,0,0,0,,0,
TX-100920,SYN-10025,2026-08-27T12:00:00+05:30,8924.15,892415,out,transfer,Completed,,Digital banking,Payment counterparty,party-3,,DEV-10025,Mumbai,0,0,0,0,0,0,,0,
TX-100921,SYN-10025,2026-09-01T09:00:00+05:30,92174.2,9217420,in,salary,Completed,,Digital banking,Payment counterparty,employer,MCH-10025,DEV-10025,Mumbai,0,0,0,0,0,0,,0,
TX-100922,SYN-10025,2026-09-03T10:00:00+05:30,8376.39,837639,out,essential,Completed,,Digital banking,Payment counterparty,party-6,MCH-10025,DEV-10025,Mumbai,0,0,0,0,0,0,,0,
TX-100923,SYN-10025,2026-09-03T12:00:00+05:30,11643.17,1164317,out,transfer,Completed,,Wallet,Payment counterparty,party-6,,DEV-10133,Mumbai,1,0,0,0,0,0,,0,
TX-100924,SYN-10025,2026-09-09T10:00:00+05:30,8772.35,877235,out,essential,Completed,,UPI,Payment counterparty,party-6,MCH-10025,DEV-10025,Mumbai,0,0,0,0,0,0,,0,
TX-100925,SYN-10025,2026-09-10T12:00:00+05:30,1903.03,190303,out,transfer,Completed,,UPI,Payment counterparty,party-6,,DEV-10025,Mumbai,0,0,0,0,0,0,,0,
TX-100926,SYN-10025,2026-09-13T12:00:00+05:30,5365.59,536559,out,transfer,Completed,,Card,Payment counterparty,party-4,,DEV-10025,Mumbai,0,0,0,0,0,0,,0,
TX-100927,SYN-10025,2026-09-15T10:00:00+05:30,10935.1,1093510,out,essential,Completed,,Card,Payment counterparty,party-1,MCH-10025,DEV-10025,Mumbai,0,0,0,0,0,0,,0,
TX-100928,SYN-10025,2026-09-17T15:03:00+05:30,18782.82,1878282,out,transfer,Completed,,UPI,Payment counterparty,party-29,,DEV-10133,Mumbai,1,1,0,0,1,3,,0,
TX-100929,SYN-10025,2026-09-17T15:09:00+05:30,18782.82,1878282,out,transfer,Completed,,UPI,Payment counterparty,party-29,,DEV-10133,Mumbai,1,1,0,0,1,2,,0,
TX-100930,SYN-10025,2026-09-17T15:15:00+05:30,18782.82,1878282,out,transfer,Completed,,UPI,Payment counterparty,party-29,,DEV-10133,Mumbai,1,1,0,1,1,2,,0,
TX-100931,SYN-10025,2026-09-20T10:00:00+05:30,53531.03,5353103,in,transfer,Completed,,Card,Payment counterparty,recovery,,DEV-10025,Mumbai,0,0,0,0,0,0,,0,
TX-100932,SYN-10025,2026-09-21T10:00:00+05:30,11025.83,1102583,out,essential,Completed,,UPI,Payment counterparty,party-3,MCH-10025,DEV-10025,Mumbai,0,0,0,0,0,0,,0,
TX-100933,SYN-10025,2026-09-23T22:30:00+05:30,56912.29,5691229,out,emi,Completed,,UPI,Payment counterparty,lender,MCH-10025,DEV-10025,Mumbai,0,0,0,0,0,0,LN-25-0,3,
TX-100934,SYN-10025,2026-09-26T10:00:00+05:30,9655.48,965548,out,essential,Completed,,UPI,Payment counterparty,party-2,MCH-10025,DEV-10025,Mumbai,0,0,0,0,0,0,,0,
TX-100935,SYN-10025,2026-09-27T12:00:00+05:30,9520.16,952016,out,transfer,Completed,,UPI,Payment counterparty,party-4,,DEV-10025,Mumbai,0,0,0,0,0,0,,0,
TX-100936,SYN-10025,2026-10-01T09:00:00+05:30,98659.43,9865943,in,salary,Completed,,UPI,Payment counterparty,employer,MCH-10025,DEV-10025,Mumbai,0,0,0,0,0,0,,0,
TX-100950,SYN-10025,2026-10-01T12:00:00+05:30,7208.86,720886,out,essential,Pending,2026-09-27T00:00:00+05:30,UPI,Payment counterparty,party-5,MCH-10025,DEV-10025,Mumbai,0,0,0,0,0,0,,0,
TX-100937,SYN-10025,2026-10-03T10:00:00+05:30,9096.91,909691,out,essential,Completed,,Digital banking,Payment counterparty,party-5,MCH-10025,DEV-10025,Mumbai,0,0,0,0,0,0,,0,
TX-100938,SYN-10025,2026-10-03T12:00:00+05:30,3781.31,378131,out,transfer,Completed,,Digital banking,Payment counterparty,party-3,,DEV-10025,Mumbai,0,0,0,0,0,0,,0,
TX-100939,SYN-10025,2026-10-09T10:00:00+05:30,10789.12,1078912,out,essential,Completed,,UPI,Payment counterparty,party-3,MCH-10025,DEV-10025,Mumbai,0,0,0,0,0,0,,0,
TX-100940,SYN-10025,2026-10-10T12:00:00+05:30,5737.77,573777,out,transfer,Completed,,Digital banking,Payment counterparty,party-4,,DEV-10025,Mumbai,0,0,0,0,0,0,,0,
TX-100941,SYN-10025,2026-10-13T12:00:00+05:30,9733.39,973339,out,transfer,Completed,,UPI,Payment counterparty,party-3,,DEV-10025,Mumbai,0,1,0,0,0,0,,0,
TX-100942,SYN-10025,2026-10-15T10:00:00+05:30,9095.06,909506,out,essential,Completed,,Card,Payment counterparty,party-4,MCH-10025,DEV-10025,Mumbai,0,0,0,0,0,0,,0,
TX-100943,SYN-10025,2026-10-21T10:00:00+05:30,10475.95,1047595,out,essential,Completed,,Digital banking,Payment counterparty,party-2,MCH-10025,DEV-10025,Mumbai,0,0,0,0,0,0,,0,
TX-100944,SYN-10025,2026-10-23T22:30:00+05:30,56912.29,5691229,out,emi,Completed,,Digital banking,Payment counterparty,lender,MCH-10025,DEV-10025,Mumbai,0,0,0,0,0,0,LN-25-0,4,
TX-100945,SYN-10025,2026-10-26T10:00:00+05:30,9395.85,939585,out,essential,Completed,,UPI,Payment counterparty,party-1,MCH-10025,DEV-10025,Mumbai,0,0,0,0,0,0,,0,
TX-100946,SYN-10025,2026-10-27T12:00:00+05:30,6624.13,662413,out,transfer,Completed,,UPI,Payment counterparty,party-2,,DEV-10025,Mumbai,0,1,0,0,0,0,,0,
TX-100947,SYN-10025,2026-11-01T09:00:00+05:30,99576.9,9957690,in,salary,Completed,,UPI,Payment counterparty,employer,MCH-10025,DEV-10025,Mumbai,0,0,0,0,0,0,,0,
TX-100948,SYN-10025,2026-11-03T10:00:00+05:30,10784.76,1078476,out,essential,Completed,,Wallet,Payment counterparty,party-5,MCH-10025,DEV-10025,Mumbai,0,0,0,0,0,0,,0,
TX-100949,SYN-10025,2026-11-03T12:00:00+05:30,1575.39,157539,out,transfer,Completed,,Card,Payment counterparty,party-5,,DEV-10025,Mumbai,0,1,0,0,0,0,,0,
TX-100951,SYN-10026,2026-08-03T10:00:00+05:30,9310.84,931084,out,essential,Completed,,UPI,Payment counterparty,party-2,MCH-10026,DEV-10026,Bengaluru,0,0,0,0,0,0,,0,
TX-100952,SYN-10026,2026-08-08T12:00:00+05:30,798.37,79837,out,transfer,Completed,,UPI,Payment counterparty,party-1,,DEV-10133,Bengaluru,1,0,0,1,0,0,,0,
TX-100953,SYN-10026,2026-08-09T10:00:00+05:30,8621.74,862174,out,essential,Completed,,UPI,Payment counterparty,party-5,MCH-10026,DEV-10026,Bengaluru,0,0,0,0,0,0,,0,
TX-100954,SYN-10026,2026-08-15T10:00:00+05:30,8260.31,826031,out,essential,Completed,,UPI,Payment counterparty,party-1,MCH-10026,DEV-10026,Bengaluru,0,0,0,0,0,0,,0,
TX-100955,SYN-10026,2026-08-16T12:00:00+05:30,4488.98,448898,out,transfer,Completed,,UPI,Payment counterparty,party-3,,DEV-10026,Bengaluru,0,0,0,0,0,0,,0,
TX-100956,SYN-10026,2026-08-21T10:00:00+05:30,8116.0,811600,out,essential,Completed,,Card,Payment counterparty,party-5,MCH-10026,DEV-10026,Bengaluru,0,0,0,0,0,0,,0,
TX-100957,SYN-10026,2026-08-21T12:00:00+05:30,2948.01,294801,out,transfer,Completed,,UPI,Payment counterparty,party-3,,DEV-10026,Bengaluru,0,1,0,0,0,0,,0,
TX-100958,SYN-10026,2026-08-21T22:30:00+05:30,16135.53,1613553,out,emi,Completed,,Card,Payment counterparty,lender,MCH-10026,DEV-10026,Bengaluru,0,0,0,0,0,0,LN-26-0,2,
TX-100959,SYN-10026,2026-08-23T12:00:00+05:30,51300.15,5130015,out,transfer,Completed,,UPI,Payment counterparty,party-3,,DEV-10026,Bengaluru,0,0,0,0,0,0,,0,
TX-100960,SYN-10026,2026-08-26T10:00:00+05:30,7121.6,712160,out,essential,Completed,,UPI,Payment counterparty,party-5,MCH-10026,DEV-10026,Bengaluru,0,0,0,0,0,0,,0,
TX-100961,SYN-10026,2026-08-28T09:00:00+05:30,92269.57,9226957,in,salary,Completed,,Digital banking,Payment counterparty,employer,MCH-10026,DEV-10026,Bengaluru,0,0,0,0,0,0,,0,
TX-100962,SYN-10026,2026-09-03T10:00:00+05:30,8307.85,830785,out,essential,Completed,,Digital banking,Payment counterparty,party-2,MCH-10026,DEV-10026,Bengaluru,0,0,0,0,0,0,,0,
TX-100963,SYN-10026,2026-09-08T12:00:00+05:30,1043.72,104372,out,transfer,Completed,,UPI,Payment counterparty,party-1,,DEV-10026,Bengaluru,0,0,0,0,0,0,,0,
TX-100964,SYN-10026,2026-09-08T15:01:00+05:30,38213.37,3821337,out,transfer,Completed,,UPI,Payment counterparty,party-25,,DEV-10026,Bengaluru,0,1,0,0,1,4,,0,
TX-100965,SYN-10026,2026-09-09T10:00:00+05:30,9187.74,918774,out,essential,Completed,,UPI,Payment counterparty,party-1,MCH-10026,DEV-10026,Bengaluru,0,0,0,0,0,0,,0,
TX-100966,SYN-10026,2026-09-15T10:00:00+05:30,7318.27,731827,out,essential,Completed,,Card,Payment counterparty,party-4,MCH-10026,DEV-10026,Bengaluru,0,0,0,0,0,0,,0,
TX-100967,SYN-10026,2026-09-16T12:00:00+05:30,1705.4,170540,out,transfer,Completed,,UPI,Payment counterparty,party-5,,DEV-10026,Bengaluru,0,0,0,0,0,0,,0,
TX-100968,SYN-10026,2026-09-21T10:00:00+05:30,8420.7,842070,out,essential,Completed,,UPI,Payment counterparty,party-1,MCH-10026,DEV-10026,Bengaluru,0,0,0,0,0,0,,0,
TX-100969,SYN-10026,2026-09-21T12:00:00+05:30,3126.76,312676,out,transfer,Completed,,UPI,Payment counterparty,party-4,,DEV-10026,Bengaluru,0,0,0,0,0,0,,0,
TX-100970,SYN-10026,2026-09-21T22:30:00+05:30,8704.25,870425,out,emi,Completed,,UPI,Payment counterparty,lender,MCH-10026,DEV-10026,Bengaluru,0,0,0,0,0,0,LN-26-0,3,
TX-100971,SYN-10026,2026-09-23T12:00:00+05:30,6638.83,663883,out,transfer,Completed,,UPI,Payment counterparty,party-4,,DEV-10026,Bengaluru,0,0,0,0,0,0,,0,
TX-100972,SYN-10026,2026-09-26T10:00:00+05:30,6969.77,696977,out,essential,Completed,,Digital banking,Payment counterparty,party-1,MCH-10026,DEV-10026,Bengaluru,0,0,0,0,0,0,,0,
TX-100973,SYN-10026,2026-09-28T09:00:00+05:30,102238.39,10223839,in,salary,Completed,,Card,Payment counterparty,employer,MCH-10026,DEV-10026,Bengaluru,0,0,0,0,0,0,,0,
TX-100974,SYN-10026,2026-09-30T22:30:00+05:30,7431.28,743128,out,emi,Completed,,UPI,Payment counterparty,lender,MCH-10026,DEV-10026,Bengaluru,0,0,0,0,0,0,LN-26-0,3,
TX-100987,SYN-10026,2026-10-01T12:00:00+05:30,6147.36,614736,out,essential,Pending,2026-09-27T00:00:00+05:30,UPI,Payment counterparty,party-2,MCH-10026,DEV-10026,Bengaluru,0,0,0,0,0,0,,0,
TX-100975,SYN-10026,2026-10-03T10:00:00+05:30,8469.62,846962,out,essential,Completed,,UPI,Payment counterparty,party-4,MCH-10026,DEV-10026,Bengaluru,0,0,0,0,0,0,,0,
TX-100976,SYN-10026,2026-10-08T12:00:00+05:30,1867.68,186768,out,transfer,Completed,,UPI,Payment counterparty,party-1,,DEV-10026,Bengaluru,0,0,0,0,0,0,,0,
TX-100977,SYN-10026,2026-10-09T10:00:00+05:30,8723.07,872307,out,essential,Completed,,UPI,Payment counterparty,party-2,MCH-10026,DEV-10026,Bengaluru,0,0,0,0,0,0,,0,
TX-100978,SYN-10026,2026-10-15T10:00:00+05:30,7532.27,753227,out,essential,Completed,,UPI,Payment counterparty,party-3,MCH-10026,DEV-10026,Bengaluru,0,0,0,0,0,0,,0,
TX-100979,SYN-10026,2026-10-16T12:00:00+05:30,3458.8,345880,out,transfer,Completed,,UPI,Payment counterparty,party-5,,DEV-10026,Bengaluru,0,0,0,0,0,0,,0,
TX-100980,SYN-10026,2026-10-21T10:00:00+05:30,9248.92,924892,out,essential,Completed,,UPI,Payment counterparty,party-3,MCH-10026,DEV-10026,Bengaluru,0,0,0,0,0,0,,0,
TX-100981,SYN-10026,2026-10-21T12:00:00+05:30,4754.19,475419,out,transfer,Completed,,UPI,Payment counterparty,party-3,,DEV-10133,Bengaluru,1,1,0,1,0,0,,0,
TX-100982,SYN-10026,2026-10-21T22:30:00+05:30,16135.53,1613553,out,emi,Completed,,Card,Payment counterparty,lender,MCH-10026,DEV-10026,Bengaluru,0,0,0,0,0,0,LN-26-0,4,
TX-100983,SYN-10026,2026-10-23T12:00:00+05:30,5107.38,510738,out,transfer,Completed,,UPI,Payment counterparty,party-4,,DEV-10026,Bengaluru,0,0,0,0,0,0,,0,
TX-100984,SYN-10026,2026-10-26T10:00:00+05:30,7934.37,793437,out,essential,Completed,,UPI,Payment counterparty,party-6,MCH-10026,DEV-10026,Bengaluru,0,0,0,0,0,0,,0,
TX-100985,SYN-10026,2026-10-28T09:00:00+05:30,98222.46,9822246,in,salary,Completed,,UPI,Payment counterparty,employer,MCH-10026,DEV-10026,Bengaluru,0,0,0,0,0,0,,0,
TX-100986,SYN-10026,2026-11-03T10:00:00+05:30,7458.16,745816,out,essential,Completed,,UPI,Payment counterparty,party-3,MCH-10026,DEV-10026,Bengaluru,0,0,0,0,0,0,,0,
TX-100988,SYN-10027,2026-08-03T10:00:00+05:30,10145.82,1014582,out,essential,Completed,,Card,Payment counterparty,party-2,MCH-10027,DEV-10027,Jaipur,0,0,0,0,0,0,,0,
TX-100989,SYN-10027,2026-08-09T10:00:00+05:30,10270.64,1027064,out,essential,Completed,,UPI,Payment counterparty,party-4,MCH-10027,DEV-10027,Jaipur,0,0,0,0,0,0,,0,
TX-100990,SYN-10027,2026-08-10T12:00:00+05:30,852.43,85243,out,transfer,Completed,,Card,Payment counterparty,party-5,,DEV-10027,Jaipur,0,1,0,0,0,0,,0,
TX-100991,SYN-10027,2026-08-15T10:00:00+05:30,10978.57,1097857,out,essential,Completed,,UPI,Payment counterparty,party-3,MCH-10027,DEV-10027,Jaipur,0,0,0,0,0,0,,0,
TX-100992,SYN-10027,2026-08-15T12:00:00+05:30,815.09,81509,out,transfer,Completed,,UPI,Payment counterparty,party-2,,DEV-10027,Jaipur,0,0,0,0,0,0,,0,
TX-100993,SYN-10027,2026-08-16T12:00:00+05:30,98038.11,9803811,out,transfer,Completed,,UPI,Payment counterparty,party-2,,DEV-10027,Jaipur,0,1,0,0,0,0,,0,
TX-100994,SYN-10027,2026-08-21T10:00:00+05:30,13070.42,1307042,out,essential,Completed,,Wallet,Payment counterparty,party-4,MCH-10027,DEV-10027,Jaipur,0,0,0,0,0,0,,0,
TX-100995,SYN-10027,2026-08-24T22:30:00+05:30,12091.43,1209143,out,emi,Completed,,UPI,Payment counterparty,lender,MCH-10027,DEV-10027,Jaipur,0,0,0,0,0,0,LN-27-0,2,
TX-100996,SYN-10027,2026-08-26T10:00:00+05:30,10786.53,1078653,out,essential,Completed,,UPI,Payment counterparty,party-4,MCH-10027,DEV-10027,Jaipur,0,0,0,0,0,0,,0,
TX-100997,SYN-10027,2026-08-28T09:00:00+05:30,87738.3,8773830,in,salary,Completed,,UPI,Payment counterparty,employer,MCH-10027,DEV-10027,Jaipur,0,0,0,0,0,0,,0,
TX-100998,SYN-10027,2026-08-30T22:30:00+05:30,56460.46,5646046,out,emi,Completed,,UPI,Payment counterparty,lender,MCH-10027,DEV-10027,Jaipur,0,0,0,0,0,0,LN-27-0,2,
TX-100999,SYN-10027,2026-09-03T10:00:00+05:30,12113.77,1211377,out,essential,Completed,,UPI,Payment counterparty,party-2,MCH-10027,DEV-10027,Jaipur,0,0,0,0,0,0,,0,
TX-101000,SYN-10027,2026-09-09T10:00:00+05:30,10161.46,1016146,out,essential,Completed,,Digital banking,Payment counterparty,party-1,MCH-10027,DEV-10027,Jaipur,0,0,0,0,0,0,,0,
TX-101001,SYN-10027,2026-09-10T12:00:00+05:30,862.54,86254,out,transfer,Completed,,Card,Payment counterparty,party-4,,DEV-10027,Jaipur,0,0,0,0,0,0,,0,
TX-101002,SYN-10027,2026-09-15T10:00:00+05:30,10144.51,1014451,out,essential,Completed,,UPI,Payment counterparty,party-3,MCH-10027,DEV-10027,Jaipur,0,0,0,0,0,0,,0,
TX-101003,SYN-10027,2026-09-15T12:00:00+05:30,832.94,83294,out,transfer,Completed,,UPI,Payment counterparty,party-6,,DEV-10027,Jaipur,0,0,0,0,0,0,,0,
TX-101004,SYN-10027,2026-09-16T12:00:00+05:30,1479.34,147934,out,transfer,Completed,,UPI,Payment counterparty,party-6,,DEV-10027,Jaipur,0,1,0,0,0,0,,0,
TX-101008,SYN-10027,2026-09-16T13:10:00+05:30,216.11,21611,out,transfer,Completed,,UPI,Payment counterparty,party-20,,DEV-10133,Jaipur,1,1,0,0,1,2,,0,
TX-101009,SYN-10027,2026-09-16T13:18:00+05:30,216.11,21611,out,transfer,Completed,,UPI,Payment counterparty,party-20,,DEV-10133,Jaipur,1,1,0,0,1,3,,0,
TX-101005,SYN-10027,2026-09-16T14:33:00+05:30,595.3,59530,out,transfer,Completed,,UPI,Payment counterparty,party-26,,DEV-10027,Jaipur,0,0,0,0,0,0,,0,
TX-101006,SYN-10027,2026-09-16T14:42:00+05:30,595.3,59530,out,transfer,Completed,,UPI,Payment counterparty,party-26,,DEV-10027,Jaipur,0,0,0,0,0,0,,0,
TX-101007,SYN-10027,2026-09-16T14:47:00+05:30,595.3,59530,out,transfer,Completed,,UPI,Payment counterparty,party-26,,DEV-10027,Jaipur,0,0,0,0,0,0,,0,
TX-101010,SYN-10027,2026-09-21T09:10:00+05:30,7976.39,797639,in,credit,Completed,,UPI,Payment counterparty,credit-line,MCH-10027,DEV-10027,Jaipur,0,0,0,0,0,0,,0,
TX-101011,SYN-10027,2026-09-21T10:00:00+05:30,11137.28,1113728,out,essential,Completed,,UPI,Payment counterparty,party-3,MCH-10027,DEV-10027,Jaipur,0,0,0,0,0,0,,0,
TX-101012,SYN-10027,2026-09-26T09:10:00+05:30,10536.44,1053644,in,credit,Completed,,UPI,Payment counterparty,credit-line,MCH-10027,DEV-10027,Jaipur,0,0,0,0,0,0,,0,
TX-101013,SYN-10027,2026-09-26T10:00:00+05:30,10536.44,1053644,out,essential,Completed,,Digital banking,Payment counterparty,party-5,MCH-10027,DEV-10027,Jaipur,0,0,0,0,0,0,,0,
TX-101014,SYN-10027,2026-09-28T09:00:00+05:30,86624.43,8662443,in,salary,Completed,,UPI,Payment counterparty,employer,MCH-10027,DEV-10027,Jaipur,0,0,0,0,0,0,,0,
TX-101015,SYN-10027,2026-09-30T22:30:00+05:30,68139.78,6813978,out,emi,Completed,,Wallet,Payment counterparty,lender,MCH-10027,DEV-10027,Jaipur,0,0,0,0,0,0,LN-27-0,3,
TX-101029,SYN-10027,2026-10-01T12:00:00+05:30,8737.97,873797,out,essential,Pending,2026-09-27T00:00:00+05:30,Card,Payment counterparty,party-6,MCH-10027,DEV-10027,Jaipur,0,0,0,0,0,0,,0,
TX-101016,SYN-10027,2026-10-03T10:00:00+05:30,12019.58,1201958,out,essential,Completed,,UPI,Payment counterparty,party-1,MCH-10027,DEV-10027,Jaipur,0,0,0,0,0,0,,0,
TX-101017,SYN-10027,2026-10-09T09:10:00+05:30,4790.26,479026,in,credit,Completed,,UPI,Payment counterparty,credit-line,MCH-10027,DEV-10027,Jaipur,0,0,0,0,0,0,,0,
TX-101018,SYN-10027,2026-10-09T10:00:00+05:30,11255.33,1125533,out,essential,Completed,,UPI,Payment counterparty,party-6,MCH-10027,DEV-10027,Jaipur,0,0,0,0,0,0,,0,
TX-101019,SYN-10027,2026-10-15T09:10:00+05:30,10885.26,1088526,in,credit,Completed,,UPI,Payment counterparty,credit-line,MCH-10027,DEV-10027,Jaipur,0,0,0,0,0,0,,0,
TX-101020,SYN-10027,2026-10-15T10:00:00+05:30,10885.26,1088526,out,essential,Completed,,Wallet,Payment counterparty,party-5,MCH-10027,DEV-10027,Jaipur,0,0,0,0,0,0,,0,
TX-101021,SYN-10027,2026-10-21T09:10:00+05:30,10462.66,1046266,in,credit,Completed,,UPI,Payment counterparty,credit-line,MCH-10027,DEV-10027,Jaipur,0,0,0,0,0,0,,0,
TX-101022,SYN-10027,2026-10-21T10:00:00+05:30,10462.66,1046266,out,essential,Completed,,UPI,Payment counterparty,party-3,MCH-10027,DEV-10027,Jaipur,0,0,0,0,0,0,,0,
TX-101023,SYN-10027,2026-10-26T09:10:00+05:30,11064.3,1106430,in,credit,Completed,,UPI,Payment counterparty,credit-line,MCH-10027,DEV-10027,Jaipur,0,0,0,0,0,0,,0,
TX-101024,SYN-10027,2026-10-26T10:00:00+05:30,11064.3,1106430,out,essential,Completed,,UPI,Payment counterparty,party-1,MCH-10027,DEV-10027,Jaipur,0,0,0,0,0,0,,0,
TX-101025,SYN-10027,2026-10-28T09:00:00+05:30,99895.87,9989587,in,salary,Completed,,UPI,Payment counterparty,employer,MCH-10027,DEV-10027,Jaipur,0,0,0,0,0,0,,0,
TX-101026,SYN-10027,2026-10-30T22:30:00+05:30,412.11,41211,out,emi,Completed,,UPI,Payment counterparty,lender,MCH-10027,DEV-10027,Jaipur,0,0,0,0,0,0,LN-27-0,3,
TX-101027,SYN-10027,2026-10-30T22:30:00+05:30,68551.89,6855189,out,emi,Completed,,UPI,Payment counterparty,lender,MCH-10027,DEV-10027,Jaipur,0,0,0,0,0,0,LN-27-0,4,
TX-101028,SYN-10027,2026-11-03T10:00:00+05:30,11541.53,1154153,out,essential,Completed,,UPI,Payment counterparty,party-6,MCH-10027,DEV-10027,Jaipur,0,0,0,0,0,0,,0,
TX-101030,SYN-10028,2026-08-02T12:00:00+05:30,6571.85,657185,out,transfer,Completed,,UPI,Payment counterparty,party-6,,DEV-10028,Delhi,0,1,0,0,0,0,,0,
TX-101031,SYN-10028,2026-08-03T09:10:00+05:30,2645.3,264530,in,credit,Completed,,UPI,Payment counterparty,credit-line,MCH-10028,DEV-10028,Delhi,0,0,0,0,0,0,,0,
TX-101032,SYN-10028,2026-08-03T10:00:00+05:30,3838.72,383872,out,essential,Completed,,UPI,Payment counterparty,party-5,MCH-10028,DEV-10028,Delhi,0,0,0,0,0,0,,0,
TX-101033,SYN-10028,2026-08-05T09:00:00+05:30,33408.37,3340837,in,salary,Completed,,Digital banking,Payment counterparty,employer,MCH-10028,DEV-10028,Delhi,0,0,0,0,0,0,,0,
TX-101034,SYN-10028,2026-08-09T10:00:00+05:30,5040.4,504040,out,essential,Completed,,Card,Payment counterparty,party-5,MCH-10028,DEV-10028,Delhi,0,0,0,0,0,0,,0,
TX-101035,SYN-10028,2026-08-11T12:00:00+05:30,3848.95,384895,out,transfer,Completed,,UPI,Payment counterparty,party-1,,DEV-10028,Delhi,0,0,0,0,0,0,,0,
TX-101036,SYN-10028,2026-08-15T10:00:00+05:30,4497.3,449730,out,essential,Completed,,Digital banking,Payment counterparty,party-3,MCH-10028,DEV-10028,Delhi,0,0,0,0,0,0,,0,
TX-101037,SYN-10028,2026-08-19T12:00:00+05:30,4037.26,403726,out,transfer,Completed,,UPI,Payment counterparty,party-6,,DEV-10028,Delhi,0,0,0,0,0,0,,0,
TX-101038,SYN-10028,2026-08-21T10:00:00+05:30,4841.85,484185,out,essential,Completed,,UPI,Payment counterparty,party-4,MCH-10028,DEV-10028,Delhi,0,0,0,0,0,0,,0,
TX-101039,SYN-10028,2026-08-24T12:00:00+05:30,5511.26,551126,out,transfer,Completed,,UPI,Payment counterparty,party-2,,DEV-10028,Delhi,0,1,0,0,0,0,,0,
TX-101040,SYN-10028,2026-08-26T10:00:00+05:30,4420.58,442058,out,essential,Completed,,UPI,Payment counterparty,party-6,MCH-10028,DEV-10028,Delhi,0,0,0,0,0,0,,0,
TX-101041,SYN-10028,2026-09-02T12:00:00+05:30,1210.77,121077,out,transfer,Completed,,UPI,Payment counterparty,party-5,,DEV-10028,Delhi,0,0,0,0,0,0,,0,
TX-101042,SYN-10028,2026-09-03T09:10:00+05:30,3930.57,393057,in,credit,Completed,,UPI,Payment counterparty,credit-line,MCH-10028,DEV-10028,Delhi,0,0,0,0,0,0,,0,
TX-101043,SYN-10028,2026-09-03T10:00:00+05:30,3930.57,393057,out,essential,Completed,,Digital banking,Payment counterparty,party-6,MCH-10028,DEV-10028,Delhi,0,0,0,0,0,0,,0,
TX-101044,SYN-10028,2026-09-05T09:00:00+05:30,36783.58,3678358,in,salary,Completed,,Card,Payment counterparty,employer,MCH-10028,DEV-10028,Delhi,0,0,0,0,0,0,,0,
TX-101045,SYN-10028,2026-09-05T22:30:00+05:30,6864.59,686459,out,emi,Completed,,Digital banking,Payment counterparty,lender,MCH-10028,DEV-10028,Delhi,0,0,0,0,0,0,LN-28-0,2,
TX-101046,SYN-10028,2026-09-09T10:00:00+05:30,5118.61,511861,out,essential,Completed,,UPI,Payment counterparty,party-6,MCH-10028,DEV-10028,Delhi,0,0,0,0,0,0,,0,
TX-101047,SYN-10028,2026-09-11T12:00:00+05:30,16498.03,1649803,out,transfer,Completed,,UPI,Payment counterparty,party-1,,DEV-10028,Delhi,0,1,0,0,0,0,,0,
TX-101048,SYN-10028,2026-09-15T10:00:00+05:30,3897.85,389785,out,essential,Completed,,UPI,Payment counterparty,party-2,MCH-10028,DEV-10028,Delhi,0,0,0,0,0,0,,0,
TX-101049,SYN-10028,2026-09-17T16:47:00+05:30,1493.91,149391,out,transfer,Completed,,UPI,Payment counterparty,party-26,,DEV-10028,Delhi,0,1,0,0,0,0,,0,
TX-101050,SYN-10028,2026-09-17T16:52:00+05:30,1493.91,149391,out,transfer,Completed,,UPI,Payment counterparty,party-26,,DEV-10028,Delhi,0,1,0,0,0,0,,0,
TX-101051,SYN-10028,2026-09-19T12:00:00+05:30,1416.68,141668,out,transfer,Completed,,Card,Payment counterparty,party-4,,DEV-10028,Delhi,0,0,0,0,0,0,,0,
TX-101052,SYN-10028,2026-09-21T09:10:00+05:30,4086.78,408678,in,credit,Completed,,Digital banking,Payment counterparty,credit-line,MCH-10028,DEV-10028,Delhi,0,0,0,0,0,0,,0,
TX-101053,SYN-10028,2026-09-21T10:00:00+05:30,4086.78,408678,out,essential,Completed,,UPI,Payment counterparty,party-2,MCH-10028,DEV-10028,Delhi,0,0,0,0,0,0,,0,
TX-101054,SYN-10028,2026-09-26T09:10:00+05:30,3938.6,393860,in,credit,Completed,,UPI,Payment counterparty,credit-line,MCH-10028,DEV-10028,Delhi,0,0,0,0,0,0,,0,
TX-101055,SYN-10028,2026-09-26T10:00:00+05:30,3938.6,393860,out,essential,Completed,,Digital banking,Payment counterparty,party-1,MCH-10028,DEV-10028,Delhi,0,0,0,0,0,0,,0,
TX-101073,SYN-10028,2026-10-01T12:00:00+05:30,3374.25,337425,out,essential,Pending,2026-09-27T00:00:00+05:30,UPI,Payment counterparty,party-2,MCH-10028,DEV-10028,Delhi,0,0,0,0,0,0,,0,
TX-101056,SYN-10028,2026-10-03T09:10:00+05:30,5091.79,509179,in,credit,Completed,,Card,Payment counterparty,credit-line,MCH-10028,DEV-10028,Delhi,0,0,0,0,0,0,,0,
TX-101057,SYN-10028,2026-10-03T10:00:00+05:30,5091.79,509179,out,essential,Completed,,Card,Payment counterparty,party-1,MCH-10028,DEV-10028,Delhi,0,0,0,0,0,0,,0,
TX-101058,SYN-10028,2026-10-05T09:00:00+05:30,34541.56,3454156,in,salary,Completed,,UPI,Payment counterparty,employer,MCH-10028,DEV-10028,Delhi,0,0,0,0,0,0,,0,
TX-101059,SYN-10028,2026-10-06T22:30:00+05:30,6864.59,686459,out,emi,Completed,,UPI,Payment counterparty,lender,MCH-10028,DEV-10028,Delhi,0,0,0,0,0,0,LN-28-0,3,
TX-101060,SYN-10028,2026-10-09T10:00:00+05:30,4580.74,458074,out,essential,Completed,,UPI,Payment counterparty,party-3,MCH-10028,DEV-10028,Delhi,0,0,0,0,0,0,,0,
TX-101061,SYN-10028,2026-10-11T12:00:00+05:30,2117.29,211729,out,transfer,Completed,,Card,Payment counterparty,party-1,,DEV-10028,Delhi,0,0,0,0,0,0,,0,
TX-101062,SYN-10028,2026-10-15T10:00:00+05:30,4245.71,424571,out,essential,Completed,,Digital banking,Payment counterparty,party-5,MCH-10028,DEV-10028,Delhi,0,0,0,0,0,0,,0,
TX-101063,SYN-10028,2026-10-19T12:00:00+05:30,1697.09,169709,out,transfer,Completed,,UPI,Payment counterparty,party-6,,DEV-10028,Delhi,0,0,0,0,0,0,,0,
TX-101064,SYN-10028,2026-10-21T10:00:00+05:30,3956.68,395668,out,essential,Completed,,Card,Payment counterparty,party-5,MCH-10028,DEV-10028,Delhi,0,0,0,0,0,0,,0,
TX-101065,SYN-10028,2026-10-24T12:00:00+05:30,3494.28,349428,out,transfer,Completed,,Digital banking,Payment counterparty,party-4,,DEV-10028,Delhi,0,1,0,0,0,0,,0,
TX-101066,SYN-10028,2026-10-24T22:30:00+05:30,1245.14,124514,out,emi,Completed,,UPI,Payment counterparty,lender,MCH-10028,DEV-10028,Delhi,0,0,0,0,0,0,LN-28-0,4,
TX-101067,SYN-10028,2026-10-26T10:00:00+05:30,4417.85,441785,out,essential,Completed,,UPI,Payment counterparty,party-2,MCH-10028,DEV-10028,Delhi,0,0,0,0,0,0,,0,
TX-101068,SYN-10028,2026-11-02T12:00:00+05:30,1182.03,118203,out,transfer,Completed,,UPI,Payment counterparty,party-4,,DEV-10028,Delhi,0,1,0,0,0,0,,0,
TX-101069,SYN-10028,2026-11-03T09:10:00+05:30,3270.57,327057,in,credit,Completed,,UPI,Payment counterparty,credit-line,MCH-10028,DEV-10028,Delhi,0,0,0,0,0,0,,0,
TX-101070,SYN-10028,2026-11-03T10:00:00+05:30,4010.73,401073,out,essential,Completed,,UPI,Payment counterparty,party-6,MCH-10028,DEV-10028,Delhi,0,0,0,0,0,0,,0,
TX-101071,SYN-10028,2026-11-05T09:00:00+05:30,34478.97,3447897,in,salary,Completed,,Digital banking,Payment counterparty,employer,MCH-10028,DEV-10028,Delhi,0,0,0,0,0,0,,0,
TX-101072,SYN-10028,2026-11-05T22:30:00+05:30,5619.45,561945,out,emi,Completed,,UPI,Payment counterparty,lender,MCH-10028,DEV-10028,Delhi,0,0,0,0,0,0,LN-28-0,4,
TX-101074,SYN-10029,2026-08-01T09:00:00+05:30,76813.26,7681326,in,salary,Completed,,Card,Payment counterparty,employer,MCH-10029,DEV-10029,Mumbai,0,0,0,0,0,0,,0,
TX-101075,SYN-10029,2026-08-03T10:00:00+05:30,8034.24,803424,out,essential,Completed,,UPI,Payment counterparty,party-5,MCH-10029,DEV-10029,Mumbai,0,0,0,0,0,0,,0,
TX-101076,SYN-10029,2026-08-09T10:00:00+05:30,9090.27,909027,out,essential,Completed,,UPI,Payment counterparty,party-2,MCH-10029,DEV-10029,Mumbai,0,0,0,0,0,0,,0,
TX-101077,SYN-10029,2026-08-15T10:00:00+05:30,8017.44,801744,out,essential,Completed,,UPI,Payment counterparty,party-1,MCH-10029,DEV-10029,Mumbai,0,0,0,0,0,0,,0,
TX-101078,SYN-10029,2026-08-18T12:00:00+05:30,2094.41,209441,out,transfer,Completed,,Card,Payment counterparty,party-5,,DEV-10133,Mumbai,1,0,0,1,0,0,,0,
TX-101079,SYN-10029,2026-08-19T12:00:00+05:30,1633.6,163360,out,transfer,Completed,,Digital banking,Payment counterparty,party-5,,DEV-10133,Mumbai,1,0,0,0,0,0,,0,
TX-101080,SYN-10029,2026-08-20T12:00:00+05:30,143613.87,14361387,out,transfer,Completed,,UPI,Payment counterparty,party-3,,DEV-10133,Mumbai,1,1,0,0,0,0,,0,
TX-101081,SYN-10029,2026-08-21T10:00:00+05:30,8870.72,887072,out,essential,Completed,,Digital banking,Payment counterparty,party-2,MCH-10029,DEV-10029,Mumbai,0,0,0,0,0,0,,0,
TX-101082,SYN-10029,2026-08-26T10:00:00+05:30,9348.32,934832,out,essential,Completed,,UPI,Payment counterparty,party-5,MCH-10029,DEV-10029,Mumbai,0,0,0,0,0,0,,0,
TX-101083,SYN-10029,2026-08-27T22:30:00+05:30,22324.72,2232472,out,emi,Completed,,UPI,Payment counterparty,lender,MCH-10029,DEV-10029,Mumbai,0,0,0,0,0,0,LN-29-0,2,
TX-101084,SYN-10029,2026-09-01T09:00:00+05:30,79394.74,7939474,in,salary,Completed,,UPI,Payment counterparty,employer,MCH-10029,DEV-10029,Mumbai,0,0,0,0,0,0,,0,
TX-101085,SYN-10029,2026-09-02T22:30:00+05:30,21378.2,2137820,out,emi,Completed,,UPI,Payment counterparty,lender,MCH-10029,DEV-10029,Mumbai,0,0,0,0,0,0,LN-29-0,2,
TX-101086,SYN-10029,2026-09-03T10:00:00+05:30,9404.43,940443,out,essential,Completed,,UPI,Payment counterparty,party-2,MCH-10029,DEV-10029,Mumbai,0,0,0,0,0,0,,0,
TX-101087,SYN-10029,2026-09-09T10:00:00+05:30,8264.34,826434,out,essential,Completed,,Card,Payment counterparty,party-4,MCH-10029,DEV-10029,Mumbai,0,0,0,0,0,0,,0,
TX-101088,SYN-10029,2026-09-15T10:00:00+05:30,9668.57,966857,out,essential,Completed,,UPI,Payment counterparty,party-4,MCH-10029,DEV-10029,Mumbai,0,0,0,0,0,0,,0,
TX-101089,SYN-10029,2026-09-18T12:00:00+05:30,1397.4,139740,out,transfer,Completed,,UPI,Payment counterparty,party-6,,DEV-10133,Mumbai,1,1,0,0,0,0,,0,
TX-101090,SYN-10029,2026-09-19T12:00:00+05:30,1165.23,116523,out,transfer,Completed,,UPI,Payment counterparty,party-2,,DEV-10133,Mumbai,1,0,0,0,0,0,,0,
TX-101091,SYN-10029,2026-09-20T12:00:00+05:30,13114.98,1311498,out,transfer,Completed,,Card,Payment counterparty,party-6,,DEV-10133,Mumbai,1,1,0,1,0,0,,0,
TX-101092,SYN-10029,2026-09-21T10:00:00+05:30,8024.0,802400,out,essential,Completed,,UPI,Payment counterparty,party-3,MCH-10029,DEV-10029,Mumbai,0,0,0,0,0,0,,0,
TX-101093,SYN-10029,2026-09-26T10:00:00+05:30,9974.97,997497,out,essential,Completed,,Card,Payment counterparty,party-3,MCH-10029,DEV-10029,Mumbai,0,0,0,0,0,0,,0,
TX-101094,SYN-10029,2026-10-01T09:00:00+05:30,78525.7,7852570,in,salary,Completed,,UPI,Payment counterparty,employer,MCH-10029,DEV-10029,Mumbai,0,0,0,0,0,0,,0,
TX-101109,SYN-10029,2026-10-01T12:00:00+05:30,7008.84,700884,out,essential,Pending,2026-09-27T00:00:00+05:30,UPI,Payment counterparty,party-1,MCH-10029,DEV-10029,Mumbai,0,0,0,0,0,0,,0,
TX-101095,SYN-10029,2026-10-03T10:00:00+05:30,8282.71,828271,out,essential,Completed,,UPI,Payment counterparty,party-2,MCH-10029,DEV-10029,Mumbai,0,0,0,0,0,0,,0,
TX-101096,SYN-10029,2026-10-03T22:30:00+05:30,43702.92,4370292,out,emi,Completed,,UPI,Payment counterparty,lender,MCH-10029,DEV-10029,Mumbai,0,0,0,0,0,0,LN-29-0,3,
TX-101097,SYN-10029,2026-10-09T10:00:00+05:30,9988.36,998836,out,essential,Completed,,Digital banking,Payment counterparty,party-5,MCH-10029,DEV-10029,Mumbai,0,0,0,0,0,0,,0,
TX-101098,SYN-10029,2026-10-15T10:00:00+05:30,9773.25,977325,out,essential,Completed,,UPI,Payment counterparty,party-1,MCH-10029,DEV-10029,Mumbai,0,0,0,0,0,0,,0,
TX-101099,SYN-10029,2026-10-18T12:00:00+05:30,2211.01,221101,out,transfer,Completed,,UPI,Payment counterparty,party-5,,DEV-10133,Mumbai,1,0,0,1,0,0,,0,
TX-101100,SYN-10029,2026-10-19T12:00:00+05:30,1281.74,128174,out,transfer,Completed,,UPI,Payment counterparty,party-5,,DEV-10133,Mumbai,1,0,0,1,0,0,,0,
TX-101101,SYN-10029,2026-10-20T12:00:00+05:30,690.92,69092,out,transfer,Completed,,Card,Payment counterparty,party-2,,DEV-10133,Mumbai,1,0,0,1,0,0,,0,
TX-101102,SYN-10029,2026-10-21T09:10:00+05:30,2325.49,232549,in,credit,Completed,,UPI,Payment counterparty,credit-line,MCH-10029,DEV-10029,Mumbai,0,0,0,0,0,0,,0,
TX-101103,SYN-10029,2026-10-21T10:00:00+05:30,8641.31,864131,out,essential,Completed,,UPI,Payment counterparty,party-4,MCH-10029,DEV-10029,Mumbai,0,0,0,0,0,0,,0,
TX-101104,SYN-10029,2026-10-26T09:10:00+05:30,8473.91,847391,in,credit,Completed,,Digital banking,Payment counterparty,credit-line,MCH-10029,DEV-10029,Mumbai,0,0,0,0,0,0,,0,
TX-101105,SYN-10029,2026-10-26T10:00:00+05:30,8473.91,847391,out,essential,Completed,,UPI,Payment counterparty,party-4,MCH-10029,DEV-10029,Mumbai,0,0,0,0,0,0,,0,
TX-101106,SYN-10029,2026-11-01T09:00:00+05:30,86426.49,8642649,in,salary,Completed,,Card,Payment counterparty,employer,MCH-10029,DEV-10029,Mumbai,0,0,0,0,0,0,,0,
TX-101107,SYN-10029,2026-11-02T22:30:00+05:30,43702.92,4370292,out,emi,Completed,,UPI,Payment counterparty,lender,MCH-10029,DEV-10029,Mumbai,0,0,0,0,0,0,LN-29-0,4,
TX-101108,SYN-10029,2026-11-03T10:00:00+05:30,7984.8,798480,out,essential,Completed,,UPI,Payment counterparty,party-1,MCH-10029,DEV-10029,Mumbai,0,0,0,0,0,0,,0,
TX-101110,SYN-10030,2026-08-01T09:00:00+05:30,52317.38,5231738,in,salary,Completed,,Wallet,Payment counterparty,employer,MCH-10030,DEV-10030,Bengaluru,0,0,0,0,0,0,,0,
TX-101111,SYN-10030,2026-08-03T10:00:00+05:30,4060.4,406040,out,essential,Completed,,Digital banking,Payment counterparty,party-5,MCH-10030,DEV-10030,Bengaluru,0,0,0,0,0,0,,0,
TX-101112,SYN-10030,2026-08-03T12:00:00+05:30,40108.9,4010890,out,transfer,Completed,,Card,Payment counterparty,party-5,,DEV-10030,Bengaluru,0,0,0,0,0,0,,0,
TX-101113,SYN-10030,2026-08-09T10:00:00+05:30,4563.42,456342,out,essential,Completed,,Digital banking,Payment counterparty,party-5,MCH-10030,DEV-10030,Bengaluru,0,0,0,0,0,0,,0,
TX-101114,SYN-10030,2026-08-10T12:00:00+05:30,10823.56,1082356,out,transfer,Completed,,Card,Payment counterparty,party-1,,DEV-10030,Bengaluru,0,1,0,0,0,0,,0,
TX-101115,SYN-10030,2026-08-15T10:00:00+05:30,3692.8,369280,out,essential,Completed,,UPI,Payment counterparty,party-4,MCH-10030,DEV-10030,Bengaluru,0,0,0,0,0,0,,0,
TX-101116,SYN-10030,2026-08-15T12:00:00+05:30,5984.61,598461,out,transfer,Completed,,UPI,Payment counterparty,party-5,,DEV-10134,Bengaluru,1,1,0,0,0,0,,0,
TX-101117,SYN-10030,2026-08-21T10:00:00+05:30,4638.5,463850,out,essential,Completed,,UPI,Payment counterparty,party-2,MCH-10030,DEV-10030,Bengaluru,0,0,0,0,0,0,,0,
TX-101118,SYN-10030,2026-08-22T12:00:00+05:30,4884.17,488417,out,transfer,Completed,,UPI,Payment counterparty,party-6,,DEV-10030,Bengaluru,0,0,0,0,0,0,,0,
TX-101119,SYN-10030,2026-08-26T09:10:00+05:30,3935.33,393533,in,credit,Completed,,UPI,Payment counterparty,credit-line,MCH-10030,DEV-10030,Bengaluru,0,0,0,0,0,0,,0,
TX-101120,SYN-10030,2026-08-26T10:00:00+05:30,3935.33,393533,out,essential,Completed,,UPI,Payment counterparty,party-6,MCH-10030,DEV-10030,Bengaluru,0,0,0,0,0,0,,0,
TX-101121,SYN-10030,2026-09-01T09:00:00+05:30,21036.33,2103633,in,salary,Completed,,UPI,Payment counterparty,employer,MCH-10030,DEV-10030,Bengaluru,0,0,0,0,0,0,,0,
TX-101122,SYN-10030,2026-09-03T10:00:00+05:30,4649.6,464960,out,essential,Completed,,UPI,Payment counterparty,party-2,MCH-10030,DEV-10030,Bengaluru,0,0,0,0,0,0,,0,
TX-101123,SYN-10030,2026-09-03T12:00:00+05:30,7954.98,795498,out,transfer,Completed,,Wallet,Payment counterparty,party-1,,DEV-10134,Bengaluru,1,0,0,0,0,0,,0,
TX-101124,SYN-10030,2026-09-09T10:00:00+05:30,3650.55,365055,out,essential,Completed,,Wallet,Payment counterparty,party-3,MCH-10030,DEV-10030,Bengaluru,0,0,0,0,0,0,,0,
TX-101125,SYN-10030,2026-09-10T12:00:00+05:30,3442.78,344278,out,transfer,Completed,,UPI,Payment counterparty,party-6,,DEV-10030,Bengaluru,0,0,0,0,0,0,,0,
TX-101126,SYN-10030,2026-09-13T15:38:00+05:30,277.23,27723,out,transfer,Completed,,UPI,Payment counterparty,party-20,,DEV-10030,Bengaluru,0,1,0,0,0,0,,0,
TX-101127,SYN-10030,2026-09-13T15:41:00+05:30,277.23,27723,out,transfer,Completed,,UPI,Payment counterparty,party-20,,DEV-10030,Bengaluru,0,1,0,0,0,0,,0,
TX-101128,SYN-10030,2026-09-13T17:06:00+05:30,479.45,47945,out,transfer,Completed,,UPI,Payment counterparty,party-18,,DEV-10134,Bengaluru,1,1,0,1,1,2,,0,
TX-101129,SYN-10030,2026-09-15T09:10:00+05:30,4177.14,417714,in,credit,Completed,,Card,Payment counterparty,credit-line,MCH-10030,DEV-10030,Bengaluru,0,0,0,0,0,0,,0,
TX-101130,SYN-10030,2026-09-15T10:00:00+05:30,4481.65,448165,out,essential,Completed,,UPI,Payment counterparty,party-5,MCH-10030,DEV-10030,Bengaluru,0,0,0,0,0,0,,0,
TX-101131,SYN-10030,2026-09-21T09:10:00+05:30,4540.38,454038,in,credit,Completed,,UPI,Payment counterparty,credit-line,MCH-10030,DEV-10030,Bengaluru,0,0,0,0,0,0,,0,
TX-101132,SYN-10030,2026-09-21T10:00:00+05:30,4540.38,454038,out,essential,Completed,,UPI,Payment counterparty,party-1,MCH-10030,DEV-10030,Bengaluru,0,0,0,0,0,0,,0,
TX-101133,SYN-10030,2026-09-26T09:10:00+05:30,3811.63,381163,in,credit,Completed,,UPI,Payment counterparty,credit-line,MCH-10030,DEV-10030,Bengaluru,0,0,0,0,0,0,,0,
TX-101134,SYN-10030,2026-09-26T10:00:00+05:30,3811.63,381163,out,essential,Completed,,Card,Payment counterparty,party-2,MCH-10030,DEV-10030,Bengaluru,0,0,0,0,0,0,,0,
TX-101135,SYN-10030,2026-10-01T09:00:00+05:30,31457.7,3145770,in,salary,Completed,,Digital banking,Payment counterparty,employer,MCH-10030,DEV-10030,Bengaluru,0,0,0,0,0,0,,0,
TX-101136,SYN-10030,2026-10-03T10:00:00+05:30,4061.8,406180,out,essential,Completed,,UPI,Payment counterparty,party-2,MCH-10030,DEV-10030,Bengaluru,0,0,0,0,0,0,,0,
TX-101137,SYN-10030,2026-10-03T12:00:00+05:30,6864.11,686411,out,transfer,Completed,,UPI,Payment counterparty,party-1,,DEV-10030,Bengaluru,0,1,0,0,0,0,,0,
TX-101138,SYN-10030,2026-10-09T10:00:00+05:30,4520.62,452062,out,essential,Completed,,UPI,Payment counterparty,party-3,MCH-10030,DEV-10030,Bengaluru,0,0,0,0,0,0,,0,
TX-101139,SYN-10030,2026-10-10T12:00:00+05:30,7290.2,729020,out,transfer,Completed,,Card,Payment counterparty,party-2,,DEV-10030,Bengaluru,0,1,0,0,0,0,,0,
TX-101140,SYN-10030,2026-10-15T10:00:00+05:30,3564.6,356460,out,essential,Completed,,UPI,Payment counterparty,party-5,MCH-10030,DEV-10030,Bengaluru,0,0,0,0,0,0,,0,
TX-101141,SYN-10030,2026-10-15T12:00:00+05:30,5156.37,515637,out,transfer,Completed,,UPI,Payment counterparty,party-5,,DEV-10030,Bengaluru,0,0,0,0,0,0,,0,
TX-101142,SYN-10030,2026-10-21T09:10:00+05:30,4436.72,443672,in,credit,Completed,,Wallet,Payment counterparty,credit-line,MCH-10030,DEV-10030,Bengaluru,0,0,0,0,0,0,,0,
TX-101143,SYN-10030,2026-10-21T10:00:00+05:30,4436.72,443672,out,essential,Completed,,Digital banking,Payment counterparty,party-6,MCH-10030,DEV-10030,Bengaluru,0,0,0,0,0,0,,0,
TX-101144,SYN-10030,2026-10-26T09:10:00+05:30,3783.99,378399,in,credit,Completed,,Wallet,Payment counterparty,credit-line,MCH-10030,DEV-10030,Bengaluru,0,0,0,0,0,0,,0,
TX-101145,SYN-10030,2026-10-26T10:00:00+05:30,3783.99,378399,out,essential,Completed,,UPI,Payment counterparty,party-5,MCH-10030,DEV-10030,Bengaluru,0,0,0,0,0,0,,0,
TX-101146,SYN-10030,2026-11-01T09:00:00+05:30,16260.89,1626089,in,salary,Completed,,Card,Payment counterparty,employer,MCH-10030,DEV-10030,Bengaluru,0,0,0,0,0,0,,0,
TX-101147,SYN-10030,2026-11-03T10:00:00+05:30,4076.24,407624,out,essential,Completed,,UPI,Payment counterparty,party-2,MCH-10030,DEV-10030,Bengaluru,0,0,0,0,0,0,,0,
TX-101148,SYN-10030,2026-11-03T12:00:00+05:30,5138.25,513825,out,transfer,Completed,,UPI,Payment counterparty,party-4,,DEV-10030,Bengaluru,0,1,0,0,0,0,,0,
TX-101149,SYN-10031,2026-08-03T10:00:00+05:30,12771.14,1277114,out,essential,Completed,,Wallet,Payment counterparty,party-4,MCH-10031,DEV-10031,Jaipur,0,0,0,0,0,0,,0,
TX-101150,SYN-10031,2026-08-05T09:00:00+05:30,102783.1,10278310,in,salary,Completed,,Digital banking,Payment counterparty,employer,MCH-10031,DEV-10031,Jaipur,0,0,0,0,0,0,,0,
TX-101151,SYN-10031,2026-08-05T12:00:00+05:30,2121.75,212175,out,transfer,Completed,,UPI,Payment counterparty,party-1,,DEV-10031,Jaipur,0,1,0,0,0,0,,0,
TX-101152,SYN-10031,2026-08-08T12:00:00+05:30,3908.05,390805,out,transfer,Completed,,Digital banking,Payment counterparty,party-4,,DEV-10031,Jaipur,0,1,0,0,0,0,,0,
TX-101153,SYN-10031,2026-08-09T10:00:00+05:30,13119.6,1311960,out,essential,Completed,,UPI,Payment counterparty,party-2,MCH-10031,DEV-10031,Jaipur,0,0,0,0,0,0,,0,
TX-101154,SYN-10031,2026-08-15T10:00:00+05:30,11966.01,1196601,out,essential,Completed,,Card,Payment counterparty,party-5,MCH-10031,DEV-10031,Jaipur,0,0,0,0,0,0,,0,
TX-101155,SYN-10031,2026-08-21T10:00:00+05:30,11010.78,1101078,out,essential,Completed,,UPI,Payment counterparty,party-3,MCH-10031,DEV-10031,Jaipur,0,0,0,0,0,0,,0,
TX-101156,SYN-10031,2026-08-22T22:30:00+05:30,33707.95,3370795,out,emi,Completed,,UPI,Payment counterparty,lender,MCH-10031,DEV-10031,Jaipur,0,0,0,0,0,0,LN-31-0,2,
TX-101157,SYN-10031,2026-08-22T22:30:00+05:30,31075.16,3107516,out,emi,Completed,,UPI,Payment counterparty,lender,MCH-10031,DEV-10031,Jaipur,0,0,0,0,0,0,LN-31-1,2,
TX-101158,SYN-10031,2026-08-24T12:00:00+05:30,139106.62,13910662,out,transfer,Completed,,Digital banking,Payment counterparty,party-6,,DEV-10031,Jaipur,0,0,0,0,0,0,,0,
TX-101159,SYN-10031,2026-08-26T10:00:00+05:30,11221.07,1122107,out,essential,Completed,,UPI,Payment counterparty,party-5,MCH-10031,DEV-10031,Jaipur,0,0,0,0,0,0,,0,
TX-101160,SYN-10031,2026-08-26T12:00:00+05:30,7598.49,759849,out,transfer,Completed,,Digital banking,Payment counterparty,party-2,,DEV-10031,Jaipur,0,0,0,0,0,0,,0,
TX-101161,SYN-10031,2026-09-03T09:10:00+05:30,7100.52,710052,in,credit,Completed,,Digital banking,Payment counterparty,credit-line,MCH-10031,DEV-10031,Jaipur,0,0,0,0,0,0,,0,
TX-101162,SYN-10031,2026-09-03T10:00:00+05:30,14119.11,1411911,out,essential,Completed,,UPI,Payment counterparty,party-6,MCH-10031,DEV-10031,Jaipur,0,0,0,0,0,0,,0,
TX-101163,SYN-10031,2026-09-09T09:10:00+05:30,13182.67,1318267,in,credit,Completed,,Digital banking,Payment counterparty,credit-line,MCH-10031,DEV-10031,Jaipur,0,0,0,0,0,0,,0,
TX-101164,SYN-10031,2026-09-09T10:00:00+05:30,13182.67,1318267,out,essential,Completed,,UPI,Payment counterparty,party-5,MCH-10031,DEV-10031,Jaipur,0,0,0,0,0,0,,0,
TX-101165,SYN-10031,2026-09-15T09:10:00+05:30,10865.8,1086580,in,credit,Completed,,UPI,Payment counterparty,credit-line,MCH-10031,DEV-10031,Jaipur,0,0,0,0,0,0,,0,
TX-101166,SYN-10031,2026-09-15T10:00:00+05:30,10865.8,1086580,out,essential,Completed,,Digital banking,Payment counterparty,party-4,MCH-10031,DEV-10031,Jaipur,0,0,0,0,0,0,,0,
TX-101167,SYN-10031,2026-09-21T09:10:00+05:30,10783.76,1078376,in,credit,Completed,,UPI,Payment counterparty,credit-line,MCH-10031,DEV-10031,Jaipur,0,0,0,0,0,0,,0,
TX-101168,SYN-10031,2026-09-21T10:00:00+05:30,10783.76,1078376,out,essential,Completed,,Digital banking,Payment counterparty,party-2,MCH-10031,DEV-10031,Jaipur,0,0,0,0,0,0,,0,
TX-101169,SYN-10031,2026-09-26T09:10:00+05:30,13875.75,1387575,in,credit,Completed,,UPI,Payment counterparty,credit-line,MCH-10031,DEV-10031,Jaipur,0,0,0,0,0,0,,0,
TX-101170,SYN-10031,2026-09-26T10:00:00+05:30,13875.75,1387575,out,essential,Completed,,UPI,Payment counterparty,party-1,MCH-10031,DEV-10031,Jaipur,0,0,0,0,0,0,,0,
TX-101182,SYN-10031,2026-10-01T12:00:00+05:30,9460.12,946012,out,essential,Pending,2026-09-27T00:00:00+05:30,UPI,Payment counterparty,party-1,MCH-10031,DEV-10031,Jaipur,0,0,0,0,0,0,,0,
TX-101171,SYN-10031,2026-10-03T09:10:00+05:30,13749.17,1374917,in,credit,Completed,,Card,Payment counterparty,credit-line,MCH-10031,DEV-10031,Jaipur,0,0,0,0,0,0,,0,
TX-101172,SYN-10031,2026-10-03T10:00:00+05:30,13749.17,1374917,out,essential,Completed,,UPI,Payment counterparty,party-1,MCH-10031,DEV-10031,Jaipur,0,0,0,0,0,0,,0,
TX-101173,SYN-10031,2026-10-05T09:00:00+05:30,58532.65,5853265,in,salary,Completed,,UPI,Payment counterparty,employer,MCH-10031,DEV-10031,Jaipur,0,0,0,0,0,0,,0,
TX-101174,SYN-10031,2026-10-05T12:00:00+05:30,2325.29,232529,out,transfer,Completed,,Digital banking,Payment counterparty,party-1,,DEV-10031,Jaipur,0,1,0,0,0,0,,0,
TX-101175,SYN-10031,2026-10-07T22:30:00+05:30,33707.95,3370795,out,emi,Completed,,Card,Payment counterparty,lender,MCH-10031,DEV-10031,Jaipur,0,0,0,0,0,0,LN-31-0,3,
TX-101176,SYN-10031,2026-10-07T22:30:00+05:30,11453.16,1145316,out,emi,Completed,,UPI,Payment counterparty,lender,MCH-10031,DEV-10031,Jaipur,0,0,0,0,0,0,LN-31-1,3,
TX-101177,SYN-10031,2026-10-08T12:00:00+05:30,9889.34,988934,out,transfer,Completed,,UPI,Payment counterparty,party-5,,DEV-10031,Jaipur,0,0,0,0,0,0,,0,
TX-101178,SYN-10031,2026-10-09T09:10:00+05:30,5822.06,582206,in,credit,Completed,,UPI,Payment counterparty,credit-line,MCH-10031,DEV-10031,Jaipur,0,0,0,0,0,0,,0,
TX-101179,SYN-10031,2026-10-09T10:00:00+05:30,6978.97,697897,out,essential,Completed,,UPI,Payment counterparty,party-6,MCH-10031,DEV-10031,Jaipur,0,0,0,0,0,0,,0,
TX-101180,SYN-10031,2026-11-05T09:00:00+05:30,18579.91,1857991,in,salary,Completed,,UPI,Payment counterparty,employer,MCH-10031,DEV-10031,Jaipur,0,0,0,0,0,0,,0,
TX-101181,SYN-10031,2026-11-05T12:00:00+05:30,2097.47,209747,out,transfer,Completed,,UPI,Payment counterparty,party-1,,DEV-10031,Jaipur,0,0,0,0,0,0,,0,
TX-101183,SYN-10032,2026-08-01T09:00:00+05:30,130671.17,13067117,in,salary,Completed,,UPI,Payment counterparty,employer,MCH-10032,DEV-10032,Delhi,0,0,0,0,0,0,,0,
TX-101184,SYN-10032,2026-08-03T10:00:00+05:30,7849.86,784986,out,essential,Completed,,Card,Payment counterparty,party-4,MCH-10032,DEV-10032,Delhi,0,0,0,0,0,0,,0,
TX-101185,SYN-10032,2026-08-06T12:00:00+05:30,4441.93,444193,out,transfer,Completed,,UPI,Payment counterparty,party-6,,DEV-10032,Delhi,0,1,0,0,0,0,,0,
TX-101186,SYN-10032,2026-08-09T10:00:00+05:30,7887.17,788717,out,essential,Completed,,Card,Payment counterparty,party-2,MCH-10032,DEV-10032,Delhi,0,0,0,0,0,0,,0,
TX-101187,SYN-10032,2026-08-15T10:00:00+05:30,8553.47,855347,out,essential,Completed,,Card,Payment counterparty,party-5,MCH-10032,DEV-10032,Delhi,0,0,0,0,0,0,,0,
TX-101188,SYN-10032,2026-08-19T12:00:00+05:30,2154.6,215460,out,transfer,Completed,,Digital banking,Payment counterparty,party-5,,DEV-10032,Delhi,0,0,0,0,0,0,,0,
TX-101189,SYN-10032,2026-08-21T10:00:00+05:30,9234.86,923486,out,essential,Completed,,UPI,Payment counterparty,party-6,MCH-10032,DEV-10032,Delhi,0,0,0,0,0,0,,0,
TX-101190,SYN-10032,2026-08-24T12:00:00+05:30,2386.03,238603,out,transfer,Completed,,UPI,Payment counterparty,party-5,,DEV-10032,Delhi,0,0,0,0,0,0,,0,
TX-101191,SYN-10032,2026-08-25T22:30:00+05:30,20634.48,2063448,out,emi,Completed,,UPI,Payment counterparty,lender,MCH-10032,DEV-10032,Delhi,0,0,0,0,0,0,LN-32-0,2,
TX-101192,SYN-10032,2026-08-26T10:00:00+05:30,9051.09,905109,out,essential,Completed,,UPI,Payment counterparty,party-1,MCH-10032,DEV-10032,Delhi,0,0,0,0,0,0,,0,
TX-101193,SYN-10032,2026-08-26T12:00:00+05:30,1378.01,137801,out,transfer,Completed,,Card,Payment counterparty,party-1,,DEV-10032,Delhi,0,0,0,0,0,0,,0,
TX-101194,SYN-10032,2026-09-01T09:00:00+05:30,56187.63,5618763,in,salary,Completed,,Wallet,Payment counterparty,employer,MCH-10032,DEV-10032,Delhi,0,0,0,0,0,0,,0,
TX-101195,SYN-10032,2026-09-03T10:00:00+05:30,7918.84,791884,out,essential,Completed,,Wallet,Payment counterparty,party-2,MCH-10032,DEV-10032,Delhi,0,0,0,0,0,0,,0,
TX-101196,SYN-10032,2026-09-06T12:00:00+05:30,1532.76,153276,out,transfer,Completed,,Digital banking,Payment counterparty,party-1,,DEV-10032,Delhi,0,0,0,0,0,0,,0,
TX-101197,SYN-10032,2026-09-09T10:00:00+05:30,9786.27,978627,out,essential,Completed,,UPI,Payment counterparty,party-2,MCH-10032,DEV-10032,Delhi,0,0,0,0,0,0,,0,
TX-101198,SYN-10032,2026-09-14T14:05:00+05:30,62404.5,6240450,out,transfer,Completed,,UPI,Payment counterparty,party-13,,DEV-10134,Delhi,1,0,0,0,1,2,,0,
TX-101199,SYN-10032,2026-09-14T14:13:00+05:30,62404.5,6240450,out,transfer,Completed,,UPI,Payment counterparty,party-13,,DEV-10134,Delhi,1,0,0,0,1,3,,0,
TX-101200,SYN-10032,2026-09-14T14:21:00+05:30,62404.5,6240450,out,transfer,Completed,,Card,Payment counterparty,party-13,,DEV-10134,Delhi,1,0,0,1,1,2,,0,
TX-101201,SYN-10032,2026-09-15T10:00:00+05:30,8899.36,889936,out,essential,Completed,,UPI,Payment counterparty,party-5,MCH-10032,DEV-10032,Delhi,0,0,0,0,0,0,,0,
TX-101202,SYN-10032,2026-09-19T12:00:00+05:30,6327.44,632744,out,transfer,Completed,,Digital banking,Payment counterparty,party-6,,DEV-10032,Delhi,0,1,0,0,0,0,,0,
TX-101203,SYN-10032,2026-09-21T09:10:00+05:30,5786.95,578695,in,credit,Completed,,Wallet,Payment counterparty,credit-line,MCH-10032,DEV-10032,Delhi,0,0,0,0,0,0,,0,
TX-101204,SYN-10032,2026-09-21T10:00:00+05:30,8284.72,828472,out,essential,Completed,,UPI,Payment counterparty,party-5,MCH-10032,DEV-10032,Delhi,0,0,0,0,0,0,,0,
TX-101205,SYN-10032,2026-09-26T09:10:00+05:30,9989.82,998982,in,credit,Completed,,UPI,Payment counterparty,credit-line,MCH-10032,DEV-10032,Delhi,0,0,0,0,0,0,,0,
TX-101206,SYN-10032,2026-09-26T10:00:00+05:30,9989.82,998982,out,essential,Completed,,UPI,Payment counterparty,party-3,MCH-10032,DEV-10032,Delhi,0,0,0,0,0,0,,0,
TX-101207,SYN-10032,2026-10-01T09:00:00+05:30,75217.66,7521766,in,salary,Completed,,UPI,Payment counterparty,employer,MCH-10032,DEV-10032,Delhi,0,0,0,0,0,0,,0,
TX-101221,SYN-10032,2026-10-01T12:00:00+05:30,6681.96,668196,out,essential,Pending,2026-09-27T00:00:00+05:30,UPI,Payment counterparty,party-3,MCH-10032,DEV-10032,Delhi,0,0,0,0,0,0,,0,
TX-101208,SYN-10032,2026-10-01T22:30:00+05:30,20634.48,2063448,out,emi,Completed,,Card,Payment counterparty,lender,MCH-10032,DEV-10032,Delhi,0,0,0,0,0,0,LN-32-0,3,
TX-101209,SYN-10032,2026-10-03T10:00:00+05:30,8990.86,899086,out,essential,Completed,,Wallet,Payment counterparty,party-2,MCH-10032,DEV-10032,Delhi,0,0,0,0,0,0,,0,
TX-101210,SYN-10032,2026-10-06T12:00:00+05:30,8256.5,825650,out,transfer,Completed,,UPI,Payment counterparty,party-3,,DEV-10032,Delhi,0,1,0,0,0,0,,0,
TX-101211,SYN-10032,2026-10-09T10:00:00+05:30,8790.08,879008,out,essential,Completed,,Digital banking,Payment counterparty,party-3,MCH-10032,DEV-10032,Delhi,0,0,0,0,0,0,,0,
TX-101212,SYN-10032,2026-10-15T10:00:00+05:30,7792.42,779242,out,essential,Completed,,Digital banking,Payment counterparty,party-3,MCH-10032,DEV-10032,Delhi,0,0,0,0,0,0,,0,
TX-101213,SYN-10032,2026-10-19T12:00:00+05:30,1440.75,144075,out,transfer,Completed,,UPI,Payment counterparty,party-4,,DEV-10032,Delhi,0,0,0,0,0,0,,0,
TX-101214,SYN-10032,2026-10-21T10:00:00+05:30,10122.91,1012291,out,essential,Completed,,Card,Payment counterparty,party-3,MCH-10032,DEV-10032,Delhi,0,0,0,0,0,0,,0,
TX-101215,SYN-10032,2026-10-24T12:00:00+05:30,5223.9,522390,out,transfer,Completed,,Digital banking,Payment counterparty,party-6,,DEV-10032,Delhi,0,0,0,0,0,0,,0,
TX-101216,SYN-10032,2026-10-26T09:10:00+05:30,4723.68,472368,in,credit,Completed,,Digital banking,Payment counterparty,credit-line,MCH-10032,DEV-10032,Delhi,0,0,0,0,0,0,,0,
TX-101217,SYN-10032,2026-10-26T10:00:00+05:30,8689.44,868944,out,essential,Completed,,UPI,Payment counterparty,party-6,MCH-10032,DEV-10032,Delhi,0,0,0,0,0,0,,0,
TX-101218,SYN-10032,2026-11-01T09:00:00+05:30,39160.11,3916011,in,salary,Completed,,UPI,Payment counterparty,employer,MCH-10032,DEV-10032,Delhi,0,0,0,0,0,0,,0,
TX-101219,SYN-10032,2026-11-03T10:00:00+05:30,7764.37,776437,out,essential,Completed,,UPI,Payment counterparty,party-3,MCH-10032,DEV-10032,Delhi,0,0,0,0,0,0,,0,
TX-101220,SYN-10032,2026-11-03T22:30:00+05:30,18873.38,1887338,out,emi,Completed,,UPI,Payment counterparty,lender,MCH-10032,DEV-10032,Delhi,0,0,0,0,0,0,LN-32-0,4,
TX-101222,SYN-10033,2026-08-01T09:00:00+05:30,77864.34,7786434,in,salary,Completed,,UPI,Payment counterparty,employer,MCH-10033,DEV-10033,Mumbai,0,0,0,0,0,0,,0,
TX-101223,SYN-10033,2026-08-03T10:00:00+05:30,7227.1,722710,out,essential,Completed,,Digital banking,Payment counterparty,party-6,MCH-10033,DEV-10033,Mumbai,0,0,0,0,0,0,,0,
TX-101224,SYN-10033,2026-08-09T10:00:00+05:30,6652.85,665285,out,essential,Completed,,UPI,Payment counterparty,party-5,MCH-10033,DEV-10033,Mumbai,0,0,0,0,0,0,,0,
TX-101225,SYN-10033,2026-08-12T12:00:00+05:30,2708.88,270888,out,transfer,Completed,,Card,Payment counterparty,party-6,,DEV-10033,Mumbai,0,0,0,0,0,0,,0,
TX-101226,SYN-10033,2026-08-15T10:00:00+05:30,6848.93,684893,out,essential,Completed,,UPI,Payment counterparty,party-5,MCH-10033,DEV-10033,Mumbai,0,0,0,0,0,0,,0,
TX-101227,SYN-10033,2026-08-19T12:00:00+05:30,2235.57,223557,out,transfer,Completed,,Digital banking,Payment counterparty,party-3,,DEV-10033,Mumbai,0,0,0,0,0,0,,0,
TX-101228,SYN-10033,2026-08-21T10:00:00+05:30,7815.69,781569,out,essential,Completed,,UPI,Payment counterparty,party-2,MCH-10033,DEV-10033,Mumbai,0,0,0,0,0,0,,0,
TX-101229,SYN-10033,2026-08-22T22:30:00+05:30,11576.8,1157680,out,emi,Completed,,Digital banking,Payment counterparty,lender,MCH-10033,DEV-10033,Mumbai,0,0,0,0,0,0,LN-33-0,2,
TX-101230,SYN-10033,2026-08-26T10:00:00+05:30,6932.49,693249,out,essential,Completed,,Digital banking,Payment counterparty,party-2,MCH-10033,DEV-10033,Mumbai,0,0,0,0,0,0,,0,
TX-101231,SYN-10033,2026-09-01T09:00:00+05:30,74021.55,7402155,in,salary,Completed,,UPI,Payment counterparty,employer,MCH-10033,DEV-10033,Mumbai,0,0,0,0,0,0,,0,
TX-101232,SYN-10033,2026-09-03T10:00:00+05:30,6994.75,699475,out,essential,Completed,,UPI,Payment counterparty,party-2,MCH-10033,DEV-10033,Mumbai,0,0,0,0,0,0,,0,
TX-101233,SYN-10033,2026-09-09T10:00:00+05:30,6349.84,634984,out,essential,Completed,,UPI,Payment counterparty,party-2,MCH-10033,DEV-10033,Mumbai,0,0,0,0,0,0,,0,
TX-101234,SYN-10033,2026-09-12T12:00:00+05:30,1426.4,142640,out,transfer,Completed,,Card,Payment counterparty,party-1,,DEV-10033,Mumbai,0,0,0,0,0,0,,0,
TX-101235,SYN-10033,2026-09-15T10:00:00+05:30,7627.21,762721,out,essential,Completed,,UPI,Payment counterparty,party-4,MCH-10033,DEV-10033,Mumbai,0,0,0,0,0,0,,0,
TX-101236,SYN-10033,2026-09-19T12:00:00+05:30,1908.21,190821,out,transfer,Completed,,UPI,Payment counterparty,party-5,,DEV-10033,Mumbai,0,0,0,0,0,0,,0,
TX-101237,SYN-10033,2026-09-20T14:00:00+05:30,28100.0,2810000,in,transfer,Completed,,UPI,Payment counterparty,sender-1,,DEV-10033,Mumbai,0,1,0,0,0,0,,0,
TX-101238,SYN-10033,2026-09-20T14:03:00+05:30,28000.0,2800000,in,transfer,Completed,,UPI,Payment counterparty,sender-1,,DEV-10033,Mumbai,0,1,0,0,0,0,,0,
TX-101239,SYN-10033,2026-09-20T14:06:00+05:30,16200.0,1620000,in,transfer,Completed,,UPI,Payment counterparty,sender-1,,DEV-10033,Mumbai,0,1,0,0,0,0,,0,
TX-101240,SYN-10033,2026-09-20T14:14:00+05:30,65070.0,6507000,out,transfer,Completed,,UPI,Payment counterparty,party-21,,DEV-10033,Mumbai,0,1,0,0,0,0,,0,
TX-101241,SYN-10033,2026-09-21T10:00:00+05:30,7127.73,712773,out,essential,Completed,,Digital banking,Payment counterparty,party-3,MCH-10033,DEV-10033,Mumbai,0,0,0,0,0,0,,0,
TX-101242,SYN-10033,2026-09-22T22:30:00+05:30,11576.8,1157680,out,emi,Completed,,Digital banking,Payment counterparty,lender,MCH-10033,DEV-10033,Mumbai,0,0,0,0,0,0,LN-33-0,3,
TX-101243,SYN-10033,2026-09-26T10:00:00+05:30,7585.98,758598,out,essential,Completed,,Digital banking,Payment counterparty,party-3,MCH-10033,DEV-10033,Mumbai,0,0,0,0,0,0,,0,
TX-101244,SYN-10033,2026-10-01T09:00:00+05:30,78828.64,7882864,in,salary,Completed,,UPI,Payment counterparty,employer,MCH-10033,DEV-10033,Mumbai,0,0,0,0,0,0,,0,
TX-101255,SYN-10033,2026-10-01T12:00:00+05:30,5232.6,523260,out,essential,Pending,2026-09-27T00:00:00+05:30,Digital banking,Payment counterparty,party-4,MCH-10033,DEV-10033,Mumbai,0,0,0,0,0,0,,0,
TX-101245,SYN-10033,2026-10-03T10:00:00+05:30,6590.18,659018,out,essential,Completed,,UPI,Payment counterparty,party-5,MCH-10033,DEV-10033,Mumbai,0,0,0,0,0,0,,0,
TX-101246,SYN-10033,2026-10-09T10:00:00+05:30,7323.36,732336,out,essential,Completed,,UPI,Payment counterparty,party-6,MCH-10033,DEV-10033,Mumbai,0,0,0,0,0,0,,0,
TX-101247,SYN-10033,2026-10-12T12:00:00+05:30,1981.45,198145,out,transfer,Completed,,UPI,Payment counterparty,party-2,,DEV-10033,Mumbai,0,1,0,0,0,0,,0,
TX-101248,SYN-10033,2026-10-15T10:00:00+05:30,6030.72,603072,out,essential,Completed,,Card,Payment counterparty,party-2,MCH-10033,DEV-10033,Mumbai,0,0,0,0,0,0,,0,
TX-101249,SYN-10033,2026-10-19T12:00:00+05:30,1156.89,115689,out,transfer,Completed,,UPI,Payment counterparty,party-1,,DEV-10134,Mumbai,1,0,0,1,0,0,,0,
TX-101250,SYN-10033,2026-10-21T10:00:00+05:30,6971.17,697117,out,essential,Completed,,UPI,Payment counterparty,party-2,MCH-10033,DEV-10033,Mumbai,0,0,0,0,0,0,,0,
TX-101251,SYN-10033,2026-10-22T22:30:00+05:30,11576.8,1157680,out,emi,Completed,,Card,Payment counterparty,lender,MCH-10033,DEV-10033,Mumbai,0,0,0,0,0,0,LN-33-0,4,
TX-101252,SYN-10033,2026-10-26T10:00:00+05:30,7399.97,739997,out,essential,Completed,,UPI,Payment counterparty,party-5,MCH-10033,DEV-10033,Mumbai,0,0,0,0,0,0,,0,
TX-101253,SYN-10033,2026-11-01T09:00:00+05:30,73444.41,7344441,in,salary,Completed,,UPI,Payment counterparty,employer,MCH-10033,DEV-10033,Mumbai,0,0,0,0,0,0,,0,
TX-101254,SYN-10033,2026-11-03T10:00:00+05:30,7264.17,726417,out,essential,Completed,,UPI,Payment counterparty,party-2,MCH-10033,DEV-10033,Mumbai,0,0,0,0,0,0,,0,
TX-101256,SYN-10034,2026-08-03T10:00:00+05:30,6701.72,670172,out,essential,Completed,,UPI,Payment counterparty,party-1,MCH-10034,DEV-10034,Bengaluru,0,0,0,0,0,0,,0,
TX-101257,SYN-10034,2026-08-05T09:00:00+05:30,64313.26,6431326,in,salary,Completed,,UPI,Payment counterparty,employer,MCH-10034,DEV-10034,Bengaluru,0,0,0,0,0,0,,0,
TX-101258,SYN-10034,2026-08-06T12:00:00+05:30,10178.95,1017895,out,transfer,Completed,,Digital banking,Payment counterparty,party-6,,DEV-10034,Bengaluru,0,0,0,0,0,0,,0,
TX-101259,SYN-10034,2026-08-09T10:00:00+05:30,6454.27,645427,out,essential,Completed,,Card,Payment counterparty,party-3,MCH-10034,DEV-10034,Bengaluru,0,0,0,0,0,0,,0,
TX-101260,SYN-10034,2026-08-10T12:00:00+05:30,11265.95,1126595,out,transfer,Completed,,Digital banking,Payment counterparty,party-5,,DEV-10134,Bengaluru,1,0,0,0,0,0,,0,
TX-101261,SYN-10034,2026-08-11T12:00:00+05:30,3162.56,316256,out,transfer,Completed,,UPI,Payment counterparty,party-4,,DEV-10034,Bengaluru,0,0,0,0,0,0,,0,
TX-101262,SYN-10034,2026-08-15T10:00:00+05:30,5746.02,574602,out,essential,Completed,,UPI,Payment counterparty,party-6,MCH-10034,DEV-10034,Bengaluru,0,0,0,0,0,0,,0,
TX-101263,SYN-10034,2026-08-21T10:00:00+05:30,6845.94,684594,out,essential,Completed,,Digital banking,Payment counterparty,party-2,MCH-10034,DEV-10034,Bengaluru,0,0,0,0,0,0,,0,
TX-101264,SYN-10034,2026-08-26T10:00:00+05:30,5347.71,534771,out,essential,Completed,,UPI,Payment counterparty,party-6,MCH-10034,DEV-10034,Bengaluru,0,0,0,0,0,0,,0,
TX-101265,SYN-10034,2026-08-26T12:00:00+05:30,3586.66,358666,out,transfer,Completed,,UPI,Payment counterparty,party-3,,DEV-10134,Bengaluru,1,1,0,0,0,0,,0,
TX-101266,SYN-10034,2026-08-27T22:30:00+05:30,12043.45,1204345,out,emi,Completed,,Digital banking,Payment counterparty,lender,MCH-10034,DEV-10034,Bengaluru,0,0,0,0,0,0,LN-34-0,2,
TX-101267,SYN-10034,2026-09-03T10:00:00+05:30,6103.08,610308,out,essential,Completed,,UPI,Payment counterparty,party-1,MCH-10034,DEV-10034,Bengaluru,0,0,0,0,0,0,,0,
TX-101268,SYN-10034,2026-09-05T09:00:00+05:30,68252.07,6825207,in,salary,Completed,,Card,Payment counterparty,employer,MCH-10034,DEV-10034,Bengaluru,0,0,0,0,0,0,,0,
TX-101269,SYN-10034,2026-09-06T12:00:00+05:30,7035.48,703548,out,transfer,Completed,,UPI,Payment counterparty,party-4,,DEV-10034,Bengaluru,0,0,0,0,0,0,,0,
TX-101270,SYN-10034,2026-09-09T10:00:00+05:30,6371.1,637110,out,essential,Completed,,Digital banking,Payment counterparty,party-5,MCH-10034,DEV-10034,Bengaluru,0,0,0,0,0,0,,0,
TX-101271,SYN-10034,2026-09-10T12:00:00+05:30,11761.97,1176197,out,transfer,Completed,,Digital banking,Payment counterparty,party-2,,DEV-10034,Bengaluru,0,0,0,0,0,0,,0,
TX-101272,SYN-10034,2026-09-11T12:00:00+05:30,10246.51,1024651,out,transfer,Completed,,Digital banking,Payment counterparty,party-4,,DEV-10034,Bengaluru,0,0,0,0,0,0,,0,
TX-101273,SYN-10034,2026-09-15T10:00:00+05:30,6207.94,620794,out,essential,Completed,,Card,Payment counterparty,party-3,MCH-10034,DEV-10034,Bengaluru,0,0,0,0,0,0,,0,
TX-101274,SYN-10034,2026-09-16T14:00:00+05:30,27200.0,2720000,in,transfer,Completed,,Card,Payment counterparty,sender-0,,DEV-10034,Bengaluru,0,1,0,0,0,0,,0,
TX-101275,SYN-10034,2026-09-16T14:03:00+05:30,28000.0,2800000,in,transfer,Completed,,Card,Payment counterparty,sender-1,,DEV-10034,Bengaluru,0,1,0,0,0,0,,0,
TX-101276,SYN-10034,2026-09-16T14:06:00+05:30,19800.0,1980000,in,transfer,Completed,,UPI,Payment counterparty,sender-2,,DEV-10034,Bengaluru,0,1,0,0,0,0,,0,
TX-101277,SYN-10034,2026-09-16T14:14:00+05:30,67500.0,6750000,out,transfer,Completed,,UPI,Payment counterparty,party-21,,DEV-10034,Bengaluru,0,1,0,0,0,0,,0,
TX-101278,SYN-10034,2026-09-21T10:00:00+05:30,5174.39,517439,out,essential,Completed,,UPI,Payment counterparty,party-2,MCH-10034,DEV-10034,Bengaluru,0,0,0,0,0,0,,0,
TX-101279,SYN-10034,2026-09-26T10:00:00+05:30,5216.41,521641,out,essential,Completed,,UPI,Payment counterparty,party-4,MCH-10034,DEV-10034,Bengaluru,0,0,0,0,0,0,,0,
TX-101280,SYN-10034,2026-09-26T12:00:00+05:30,4449.61,444961,out,transfer,Completed,,Wallet,Payment counterparty,party-1,,DEV-10034,Bengaluru,0,1,0,0,0,0,,0,
TX-101281,SYN-10034,2026-09-30T22:30:00+05:30,12043.45,1204345,out,emi,Completed,,Wallet,Payment counterparty,lender,MCH-10034,DEV-10034,Bengaluru,0,0,0,0,0,0,LN-34-0,3,
TX-101295,SYN-10034,2026-10-01T12:00:00+05:30,4491.89,449189,out,essential,Pending,2026-09-27T00:00:00+05:30,Card,Payment counterparty,party-6,MCH-10034,DEV-10034,Bengaluru,0,0,0,0,0,0,,0,
TX-101282,SYN-10034,2026-10-03T10:00:00+05:30,6335.02,633502,out,essential,Completed,,UPI,Payment counterparty,party-2,MCH-10034,DEV-10034,Bengaluru,0,0,0,0,0,0,,0,
TX-101283,SYN-10034,2026-10-05T09:00:00+05:30,68481.45,6848145,in,salary,Completed,,UPI,Payment counterparty,employer,MCH-10034,DEV-10034,Bengaluru,0,0,0,0,0,0,,0,
TX-101284,SYN-10034,2026-10-06T12:00:00+05:30,6461.43,646143,out,transfer,Completed,,UPI,Payment counterparty,party-4,,DEV-10034,Bengaluru,0,1,0,0,0,0,,0,
TX-101285,SYN-10034,2026-10-09T10:00:00+05:30,6526.91,652691,out,essential,Completed,,Wallet,Payment counterparty,party-2,MCH-10034,DEV-10034,Bengaluru,0,0,0,0,0,0,,0,
TX-101286,SYN-10034,2026-10-10T12:00:00+05:30,6973.73,697373,out,transfer,Completed,,UPI,Payment counterparty,party-6,,DEV-10134,Bengaluru,1,1,0,0,0,0,,0,
TX-101287,SYN-10034,2026-10-11T12:00:00+05:30,9494.16,949416,out,transfer,Completed,,UPI,Payment counterparty,party-1,,DEV-10034,Bengaluru,0,1,0,0,0,0,,0,
TX-101288,SYN-10034,2026-10-15T10:00:00+05:30,5917.59,591759,out,essential,Completed,,UPI,Payment counterparty,party-2,MCH-10034,DEV-10034,Bengaluru,0,0,0,0,0,0,,0,
TX-101289,SYN-10034,2026-10-21T10:00:00+05:30,6494.77,649477,out,essential,Completed,,Card,Payment counterparty,party-4,MCH-10034,DEV-10034,Bengaluru,0,0,0,0,0,0,,0,
TX-101290,SYN-10034,2026-10-26T10:00:00+05:30,6061.96,606196,out,essential,Completed,,Card,Payment counterparty,party-4,MCH-10034,DEV-10034,Bengaluru,0,0,0,0,0,0,,0,
TX-101291,SYN-10034,2026-10-26T12:00:00+05:30,6308.32,630832,out,transfer,Completed,,UPI,Payment counterparty,party-1,,DEV-10034,Bengaluru,0,0,0,0,0,0,,0,
TX-101292,SYN-10034,2026-10-27T22:30:00+05:30,12043.45,1204345,out,emi,Completed,,Wallet,Payment counterparty,lender,MCH-10034,DEV-10034,Bengaluru,0,0,0,0,0,0,LN-34-0,4,
TX-101293,SYN-10034,2026-11-03T10:00:00+05:30,6384.92,638492,out,essential,Completed,,Card,Payment counterparty,party-2,MCH-10034,DEV-10034,Bengaluru,0,0,0,0,0,0,,0,
TX-101294,SYN-10034,2026-11-05T09:00:00+05:30,66123.85,6612385,in,salary,Completed,,UPI,Payment counterparty,employer,MCH-10034,DEV-10034,Bengaluru,0,0,0,0,0,0,,0,
TX-101296,SYN-10035,2026-08-01T09:00:00+05:30,84908.04,8490804,in,salary,Completed,,UPI,Payment counterparty,employer,MCH-10035,DEV-10035,Jaipur,0,0,0,0,0,0,,0,
TX-101297,SYN-10035,2026-08-02T12:00:00+05:30,1823.48,182348,out,transfer,Completed,,UPI,Payment counterparty,party-3,,DEV-10035,Jaipur,0,0,0,0,0,0,,0,
TX-101298,SYN-10035,2026-08-03T10:00:00+05:30,7685.84,768584,out,essential,Completed,,Card,Payment counterparty,party-5,MCH-10035,DEV-10035,Jaipur,0,0,0,0,0,0,,0,
TX-101299,SYN-10035,2026-08-09T10:00:00+05:30,6931.64,693164,out,essential,Completed,,UPI,Payment counterparty,party-1,MCH-10035,DEV-10035,Jaipur,0,0,0,0,0,0,,0,
TX-101300,SYN-10035,2026-08-15T10:00:00+05:30,6910.12,691012,out,essential,Completed,,UPI,Payment counterparty,party-3,MCH-10035,DEV-10035,Jaipur,0,0,0,0,0,0,,0,
TX-101301,SYN-10035,2026-08-21T10:00:00+05:30,7937.19,793719,out,essential,Completed,,UPI,Payment counterparty,party-1,MCH-10035,DEV-10035,Jaipur,0,0,0,0,0,0,,0,
TX-101302,SYN-10035,2026-08-22T12:00:00+05:30,6317.3,631730,out,transfer,Completed,,UPI,Payment counterparty,party-4,,DEV-10035,Jaipur,0,1,0,0,0,0,,0,
TX-101303,SYN-10035,2026-08-25T12:00:00+05:30,5097.72,509772,out,transfer,Completed,,UPI,Payment counterparty,party-4,,DEV-10035,Jaipur,0,1,0,0,0,0,,0,
TX-101304,SYN-10035,2026-08-26T10:00:00+05:30,8907.44,890744,out,essential,Completed,,Card,Payment counterparty,party-2,MCH-10035,DEV-10035,Jaipur,0,0,0,0,0,0,,0,
TX-101305,SYN-10035,2026-08-27T22:30:00+05:30,29814.73,2981473,out,emi,Completed,,UPI,Payment counterparty,lender,MCH-10035,DEV-10035,Jaipur,0,0,0,0,0,0,LN-35-0,2,
TX-101306,SYN-10035,2026-09-01T09:00:00+05:30,78621.86,7862186,in,salary,Completed,,Wallet,Payment counterparty,employer,MCH-10035,DEV-10035,Jaipur,0,0,0,0,0,0,,0,
TX-101307,SYN-10035,2026-09-02T12:00:00+05:30,3431.9,343190,out,transfer,Completed,,UPI,Payment counterparty,party-5,,DEV-10035,Jaipur,0,0,0,0,0,0,,0,
TX-101308,SYN-10035,2026-09-03T10:00:00+05:30,9231.67,923167,out,essential,Completed,,UPI,Payment counterparty,party-4,MCH-10035,DEV-10035,Jaipur,0,0,0,0,0,0,,0,
TX-101309,SYN-10035,2026-09-09T10:00:00+05:30,8797.22,879722,out,essential,Completed,,UPI,Payment counterparty,party-5,MCH-10035,DEV-10035,Jaipur,0,0,0,0,0,0,,0,
TX-101310,SYN-10035,2026-09-11T16:45:00+05:30,6881.48,688148,out,transfer,Completed,,UPI,Payment counterparty,party-10,,DEV-10035,Jaipur,0,1,0,0,0,0,,0,
TX-101311,SYN-10035,2026-09-11T16:52:00+05:30,6881.48,688148,out,transfer,Completed,,Card,Payment counterparty,party-10,,DEV-10035,Jaipur,0,1,0,0,0,0,,0,
TX-101312,SYN-10035,2026-09-11T16:53:00+05:30,6881.48,688148,out,transfer,Completed,,UPI,Payment counterparty,party-10,,DEV-10035,Jaipur,0,1,0,0,0,0,,0,
TX-101313,SYN-10035,2026-09-15T10:00:00+05:30,8893.1,889310,out,essential,Completed,,Digital banking,Payment counterparty,party-4,MCH-10035,DEV-10035,Jaipur,0,0,0,0,0,0,,0,
TX-101314,SYN-10035,2026-09-16T14:29:00+05:30,28832.22,2883222,out,transfer,Completed,,Card,Payment counterparty,party-7,,DEV-10135,Jaipur,1,1,0,1,1,4,,0,
TX-101315,SYN-10035,2026-09-16T14:36:00+05:30,28832.22,2883222,out,transfer,Completed,,UPI,Payment counterparty,party-7,,DEV-10135,Jaipur,1,1,0,0,1,4,,0,
TX-101316,SYN-10035,2026-09-21T10:00:00+05:30,9090.01,909001,out,essential,Completed,,UPI,Payment counterparty,party-4,MCH-10035,DEV-10035,Jaipur,0,0,0,0,0,0,,0,
TX-101317,SYN-10035,2026-09-22T12:00:00+05:30,2925.56,292556,out,transfer,Completed,,Digital banking,Payment counterparty,party-2,,DEV-10035,Jaipur,0,0,0,0,0,0,,0,
TX-101318,SYN-10035,2026-09-22T15:30:00+05:30,1896.72,189672,out,transfer,Completed,,UPI,Payment counterparty,party-11,,DEV-10135,Jaipur,1,1,0,1,1,2,,0,
TX-101319,SYN-10035,2026-09-22T15:36:00+05:30,1896.72,189672,out,transfer,Completed,,Card,Payment counterparty,party-11,,DEV-10135,Jaipur,1,1,0,0,1,2,,0,
TX-101320,SYN-10035,2026-09-22T15:50:00+05:30,1896.72,189672,out,transfer,Completed,,UPI,Payment counterparty,party-11,,DEV-10135,Jaipur,1,1,0,1,1,2,,0,
TX-101321,SYN-10035,2026-09-25T12:00:00+05:30,2571.57,257157,out,transfer,Completed,,Digital banking,Payment counterparty,party-4,,DEV-10035,Jaipur,0,0,0,0,0,0,,0,
TX-101322,SYN-10035,2026-09-26T09:10:00+05:30,7207.32,720732,in,credit,Completed,,Card,Payment counterparty,credit-line,MCH-10035,DEV-10035,Jaipur,0,0,0,0,0,0,,0,
TX-101323,SYN-10035,2026-09-26T10:00:00+05:30,7207.32,720732,out,essential,Completed,,Digital banking,Payment counterparty,party-1,MCH-10035,DEV-10035,Jaipur,0,0,0,0,0,0,,0,
TX-101324,SYN-10035,2026-10-01T09:00:00+05:30,74949.7,7494970,in,salary,Completed,,Digital banking,Payment counterparty,employer,MCH-10035,DEV-10035,Jaipur,0,0,0,0,0,0,,0,
TX-101339,SYN-10035,2026-10-01T12:00:00+05:30,6078.66,607866,out,essential,Pending,2026-09-27T00:00:00+05:30,UPI,Payment counterparty,party-6,MCH-10035,DEV-10035,Jaipur,0,0,0,0,0,0,,0,
TX-101325,SYN-10035,2026-10-02T12:00:00+05:30,6712.23,671223,out,transfer,Completed,,Wallet,Payment counterparty,party-1,,DEV-10035,Jaipur,0,0,0,0,0,0,,0,
TX-101326,SYN-10035,2026-10-03T10:00:00+05:30,8526.64,852664,out,essential,Completed,,UPI,Payment counterparty,party-1,MCH-10035,DEV-10035,Jaipur,0,0,0,0,0,0,,0,
TX-101327,SYN-10035,2026-10-03T22:30:00+05:30,29814.73,2981473,out,emi,Completed,,Card,Payment counterparty,lender,MCH-10035,DEV-10035,Jaipur,0,0,0,0,0,0,LN-35-0,3,
TX-101328,SYN-10035,2026-10-09T10:00:00+05:30,9109.2,910920,out,essential,Completed,,Card,Payment counterparty,party-2,MCH-10035,DEV-10035,Jaipur,0,0,0,0,0,0,,0,
TX-101329,SYN-10035,2026-10-15T10:00:00+05:30,8088.83,808883,out,essential,Completed,,UPI,Payment counterparty,party-1,MCH-10035,DEV-10035,Jaipur,0,0,0,0,0,0,,0,
TX-101330,SYN-10035,2026-10-21T10:00:00+05:30,8808.6,880860,out,essential,Completed,,UPI,Payment counterparty,party-3,MCH-10035,DEV-10035,Jaipur,0,0,0,0,0,0,,0,
TX-101331,SYN-10035,2026-10-22T12:00:00+05:30,2502.45,250245,out,transfer,Completed,,UPI,Payment counterparty,party-2,,DEV-10035,Jaipur,0,0,0,0,0,0,,0,
TX-101332,SYN-10035,2026-10-25T12:00:00+05:30,1387.02,138702,out,transfer,Completed,,UPI,Payment counterparty,party-3,,DEV-10035,Jaipur,0,0,0,0,0,0,,0,
TX-101333,SYN-10035,2026-10-26T09:10:00+05:30,8270.91,827091,in,credit,Completed,,UPI,Payment counterparty,credit-line,MCH-10035,DEV-10035,Jaipur,0,0,0,0,0,0,,0,
TX-101334,SYN-10035,2026-10-26T10:00:00+05:30,8270.91,827091,out,essential,Completed,,UPI,Payment counterparty,party-2,MCH-10035,DEV-10035,Jaipur,0,0,0,0,0,0,,0,
TX-101335,SYN-10035,2026-11-01T09:00:00+05:30,79365.05,7936505,in,salary,Completed,,UPI,Payment counterparty,employer,MCH-10035,DEV-10035,Jaipur,0,0,0,0,0,0,,0,
TX-101336,SYN-10035,2026-11-02T12:00:00+05:30,3079.87,307987,out,transfer,Completed,,UPI,Payment counterparty,party-3,,DEV-10035,Jaipur,0,0,0,0,0,0,,0,
TX-101337,SYN-10035,2026-11-03T10:00:00+05:30,8718.49,871849,out,essential,Completed,,Card,Payment counterparty,party-5,MCH-10035,DEV-10035,Jaipur,0,0,0,0,0,0,,0,
TX-101338,SYN-10035,2026-11-05T22:30:00+05:30,29814.73,2981473,out,emi,Completed,,Digital banking,Payment counterparty,lender,MCH-10035,DEV-10035,Jaipur,0,0,0,0,0,0,LN-35-0,4,
TX-101340,SYN-10036,2026-08-03T10:00:00+05:30,6358.82,635882,out,essential,Completed,,UPI,Payment counterparty,party-3,MCH-10036,DEV-10036,Delhi,0,0,0,0,0,0,,0,
TX-101341,SYN-10036,2026-08-03T12:00:00+05:30,8034.37,803437,out,transfer,Completed,,UPI,Payment counterparty,party-3,,DEV-10036,Delhi,0,1,0,0,0,0,,0,
TX-101342,SYN-10036,2026-08-05T09:00:00+05:30,69971.54,6997154,in,salary,Completed,,UPI,Payment counterparty,employer,MCH-10036,DEV-10036,Delhi,0,0,0,0,0,0,,0,
TX-101343,SYN-10036,2026-08-08T12:00:00+05:30,5250.65,525065,out,transfer,Completed,,Card,Payment counterparty,party-1,,DEV-10036,Delhi,0,0,0,0,0,0,,0,
TX-101344,SYN-10036,2026-08-09T10:00:00+05:30,5184.1,518410,out,essential,Completed,,UPI,Payment counterparty,party-2,MCH-10036,DEV-10036,Delhi,0,0,0,0,0,0,,0,
TX-101345,SYN-10036,2026-08-15T10:00:00+05:30,6106.1,610610,out,essential,Completed,,UPI,Payment counterparty,party-1,MCH-10036,DEV-10036,Delhi,0,0,0,0,0,0,,0,
TX-101346,SYN-10036,2026-08-21T10:00:00+05:30,6501.15,650115,out,essential,Completed,,UPI,Payment counterparty,party-1,MCH-10036,DEV-10036,Delhi,0,0,0,0,0,0,,0,
TX-101347,SYN-10036,2026-08-22T22:30:00+05:30,7067.09,706709,out,emi,Completed,,UPI,Payment counterparty,lender,MCH-10036,DEV-10036,Delhi,0,0,0,0,0,0,LN-36-0,2,
TX-101348,SYN-10036,2026-08-25T12:00:00+05:30,12863.74,1286374,out,transfer,Completed,,UPI,Payment counterparty,party-2,,DEV-10036,Delhi,0,0,0,0,0,0,,0,
TX-101349,SYN-10036,2026-08-26T10:00:00+05:30,5461.97,546197,out,essential,Completed,,Digital banking,Payment counterparty,party-3,MCH-10036,DEV-10036,Delhi,0,0,0,0,0,0,,0,
TX-101350,SYN-10036,2026-08-26T12:00:00+05:30,6763.89,676389,out,transfer,Completed,,UPI,Payment counterparty,party-2,,DEV-10036,Delhi,0,0,0,0,0,0,,0,
TX-101351,SYN-10036,2026-09-03T10:00:00+05:30,5564.55,556455,out,essential,Completed,,UPI,Payment counterparty,party-2,MCH-10036,DEV-10036,Delhi,0,0,0,0,0,0,,0,
TX-101352,SYN-10036,2026-09-03T12:00:00+05:30,12314.61,1231461,out,transfer,Completed,,Wallet,Payment counterparty,party-3,,DEV-10036,Delhi,0,0,0,0,0,0,,0,
TX-101353,SYN-10036,2026-09-05T09:00:00+05:30,68876.08,6887608,in,salary,Completed,,UPI,Payment counterparty,employer,MCH-10036,DEV-10036,Delhi,0,0,0,0,0,0,,0,
TX-101354,SYN-10036,2026-09-08T12:00:00+05:30,7030.6,703060,out,transfer,Completed,,UPI,Payment counterparty,party-4,,DEV-10036,Delhi,0,0,0,0,0,0,,0,
TX-101355,SYN-10036,2026-09-09T10:00:00+05:30,5996.8,599680,out,essential,Completed,,UPI,Payment counterparty,party-2,MCH-10036,DEV-10036,Delhi,0,0,0,0,0,0,,0,
TX-101356,SYN-10036,2026-09-15T10:00:00+05:30,6386.97,638697,out,essential,Completed,,UPI,Payment counterparty,party-5,MCH-10036,DEV-10036,Delhi,0,0,0,0,0,0,,0,
TX-101357,SYN-10036,2026-09-16T15:48:00+05:30,66691.79,6669179,out,transfer,Completed,,UPI,Payment counterparty,party-21,,DEV-10135,Delhi,1,0,0,0,0,0,,0,
TX-101358,SYN-10036,2026-09-16T15:53:00+05:30,66691.79,6669179,out,transfer,Completed,,Digital banking,Payment counterparty,party-21,,DEV-10135,Delhi,1,0,0,1,0,0,,0,
TX-101359,SYN-10036,2026-09-18T16:25:00+05:30,9786.8,978680,out,transfer,Completed,,UPI,Payment counterparty,party-23,,DEV-10135,Delhi,1,1,0,0,1,4,,0,
TX-101360,SYN-10036,2026-09-18T16:28:00+05:30,9786.8,978680,out,transfer,Completed,,UPI,Payment counterparty,party-23,,DEV-10135,Delhi,1,1,0,0,1,1,,0,
TX-101361,SYN-10036,2026-09-21T10:00:00+05:30,5418.24,541824,out,essential,Completed,,UPI,Payment counterparty,party-1,MCH-10036,DEV-10036,Delhi,0,0,0,0,0,0,,0,
TX-101362,SYN-10036,2026-09-22T22:30:00+05:30,7067.09,706709,out,emi,Completed,,Card,Payment counterparty,lender,MCH-10036,DEV-10036,Delhi,0,0,0,0,0,0,LN-36-0,3,
TX-101363,SYN-10036,2026-09-25T12:00:00+05:30,13876.03,1387603,out,transfer,Completed,,Card,Payment counterparty,party-2,,DEV-10036,Delhi,0,0,0,0,0,0,,0,
TX-101364,SYN-10036,2026-09-26T10:00:00+05:30,6281.14,628114,out,essential,Completed,,Digital banking,Payment counterparty,party-4,MCH-10036,DEV-10036,Delhi,0,0,0,0,0,0,,0,
TX-101365,SYN-10036,2026-09-26T12:00:00+05:30,7946.75,794675,out,transfer,Completed,,UPI,Payment counterparty,party-4,,DEV-10036,Delhi,0,1,0,0,0,0,,0,
TX-101380,SYN-10036,2026-10-01T12:00:00+05:30,4441.82,444182,out,essential,Pending,2026-09-27T00:00:00+05:30,UPI,Payment counterparty,party-5,MCH-10036,DEV-10036,Delhi,0,0,0,0,0,0,,0,
TX-101366,SYN-10036,2026-10-03T10:00:00+05:30,5113.12,511312,out,essential,Completed,,UPI,Payment counterparty,party-4,MCH-10036,DEV-10036,Delhi,0,0,0,0,0,0,,0,
TX-101367,SYN-10036,2026-10-03T12:00:00+05:30,5560.8,556080,out,transfer,Completed,,Card,Payment counterparty,party-4,,DEV-10036,Delhi,0,0,0,0,0,0,,0,
TX-101368,SYN-10036,2026-10-05T09:00:00+05:30,67709.52,6770952,in,salary,Completed,,UPI,Payment counterparty,employer,MCH-10036,DEV-10036,Delhi,0,0,0,0,0,0,,0,
TX-101369,SYN-10036,2026-10-08T12:00:00+05:30,2962.09,296209,out,transfer,Completed,,Card,Payment counterparty,party-1,,DEV-10036,Delhi,0,1,0,0,0,0,,0,
TX-101370,SYN-10036,2026-10-09T10:00:00+05:30,5776.67,577667,out,essential,Completed,,UPI,Payment counterparty,party-3,MCH-10036,DEV-10036,Delhi,0,0,0,0,0,0,,0,
TX-101371,SYN-10036,2026-10-15T10:00:00+05:30,5867.07,586707,out,essential,Completed,,Wallet,Payment counterparty,party-2,MCH-10036,DEV-10036,Delhi,0,0,0,0,0,0,,0,
TX-101372,SYN-10036,2026-10-21T10:00:00+05:30,5784.57,578457,out,essential,Completed,,UPI,Payment counterparty,party-3,MCH-10036,DEV-10036,Delhi,0,0,0,0,0,0,,0,
TX-101373,SYN-10036,2026-10-22T22:30:00+05:30,7067.09,706709,out,emi,Completed,,UPI,Payment counterparty,lender,MCH-10036,DEV-10036,Delhi,0,0,0,0,0,0,LN-36-0,4,
TX-101374,SYN-10036,2026-10-25T12:00:00+05:30,9273.81,927381,out,transfer,Completed,,UPI,Payment counterparty,party-1,,DEV-10036,Delhi,0,1,0,0,0,0,,0,
TX-101375,SYN-10036,2026-10-26T10:00:00+05:30,6303.56,630356,out,essential,Completed,,UPI,Payment counterparty,party-3,MCH-10036,DEV-10036,Delhi,0,0,0,0,0,0,,0,
TX-101376,SYN-10036,2026-10-26T12:00:00+05:30,3948.96,394896,out,transfer,Completed,,Digital banking,Payment counterparty,party-3,,DEV-10135,Delhi,1,0,0,0,0,0,,0,
TX-101377,SYN-10036,2026-11-03T10:00:00+05:30,5986.84,598684,out,essential,Completed,,UPI,Payment counterparty,party-2,MCH-10036,DEV-10036,Delhi,0,0,0,0,0,0,,0,
TX-101378,SYN-10036,2026-11-03T12:00:00+05:30,1989.77,198977,out,transfer,Completed,,Card,Payment counterparty,party-1,,DEV-10036,Delhi,0,0,0,0,0,0,,0,
TX-101379,SYN-10036,2026-11-05T09:00:00+05:30,72009.42,7200942,in,salary,Completed,,Card,Payment counterparty,employer,MCH-10036,DEV-10036,Delhi,0,0,0,0,0,0,,0,
TX-101381,SYN-10037,2026-08-01T09:00:00+05:30,105392.27,10539227,in,salary,Completed,,UPI,Payment counterparty,employer,MCH-10037,DEV-10037,Mumbai,0,0,0,0,0,0,,0,
TX-101382,SYN-10037,2026-08-03T10:00:00+05:30,7391.64,739164,out,essential,Completed,,UPI,Payment counterparty,party-4,MCH-10037,DEV-10037,Mumbai,0,0,0,0,0,0,,0,
TX-101383,SYN-10037,2026-08-09T10:00:00+05:30,7069.34,706934,out,essential,Completed,,UPI,Payment counterparty,party-5,MCH-10037,DEV-10037,Mumbai,0,0,0,0,0,0,,0,
TX-101384,SYN-10037,2026-08-13T12:00:00+05:30,6942.32,694232,out,transfer,Completed,,UPI,Payment counterparty,party-3,,DEV-10037,Mumbai,0,0,0,0,0,0,,0,
TX-101385,SYN-10037,2026-08-15T10:00:00+05:30,9321.15,932115,out,essential,Completed,,UPI,Payment counterparty,party-2,MCH-10037,DEV-10037,Mumbai,0,0,0,0,0,0,,0,
TX-101386,SYN-10037,2026-08-15T12:00:00+05:30,4259.24,425924,out,transfer,Completed,,Card,Payment counterparty,party-2,,DEV-10037,Mumbai,0,1,0,0,0,0,,0,
TX-101387,SYN-10037,2026-08-21T10:00:00+05:30,9026.61,902661,out,essential,Completed,,UPI,Payment counterparty,party-3,MCH-10037,DEV-10037,Mumbai,0,0,0,0,0,0,,0,
TX-101388,SYN-10037,2026-08-21T22:30:00+05:30,9242.76,924276,out,emi,Completed,,UPI,Payment counterparty,lender,MCH-10037,DEV-10037,Mumbai,0,0,0,0,0,0,LN-37-0,2,
TX-101389,SYN-10037,2026-08-26T10:00:00+05:30,8288.78,828878,out,essential,Completed,,UPI,Payment counterparty,party-4,MCH-10037,DEV-10037,Mumbai,0,0,0,0,0,0,,0,
TX-101390,SYN-10037,2026-09-01T09:00:00+05:30,101930.5,10193050,in,salary,Completed,,Digital banking,Payment counterparty,employer,MCH-10037,DEV-10037,Mumbai,0,0,0,0,0,0,,0,
TX-101391,SYN-10037,2026-09-03T10:00:00+05:30,7809.41,780941,out,essential,Completed,,Digital banking,Payment counterparty,party-6,MCH-10037,DEV-10037,Mumbai,0,0,0,0,0,0,,0,
TX-101392,SYN-10037,2026-09-08T15:59:00+05:30,45222.18,4522218,out,transfer,Completed,,UPI,Payment counterparty,party-7,,DEV-10037,Mumbai,0,1,0,0,1,4,,0,
TX-101393,SYN-10037,2026-09-08T16:07:00+05:30,45222.18,4522218,out,transfer,Completed,,UPI,Payment counterparty,party-7,,DEV-10037,Mumbai,0,1,0,0,1,3,,0,
TX-101394,SYN-10037,2026-09-09T10:00:00+05:30,7315.74,731574,out,essential,Completed,,UPI,Payment counterparty,party-5,MCH-10037,DEV-10037,Mumbai,0,0,0,0,0,0,,0,
TX-101395,SYN-10037,2026-09-11T10:00:00+05:30,85922.14,8592214,in,transfer,Completed,,UPI,Payment counterparty,recovery,,DEV-10037,Mumbai,0,0,0,0,0,0,,0,
TX-101396,SYN-10037,2026-09-13T12:00:00+05:30,10954.56,1095456,out,transfer,Completed,,UPI,Payment counterparty,party-4,,DEV-10135,Mumbai,1,0,0,0,0,0,,0,
TX-101397,SYN-10037,2026-09-15T10:00:00+05:30,9065.18,906518,out,essential,Completed,,UPI,Payment counterparty,party-2,MCH-10037,DEV-10037,Mumbai,0,0,0,0,0,0,,0,
TX-101398,SYN-10037,2026-09-15T12:00:00+05:30,7810.8,781080,out,transfer,Completed,,UPI,Payment counterparty,party-6,,DEV-10135,Mumbai,1,0,0,0,0,0,,0,
TX-101399,SYN-10037,2026-09-21T10:00:00+05:30,9377.83,937783,out,essential,Completed,,UPI,Payment counterparty,party-1,MCH-10037,DEV-10037,Mumbai,0,0,0,0,0,0,,0,
TX-101400,SYN-10037,2026-09-21T22:30:00+05:30,9242.76,924276,out,emi,Completed,,UPI,Payment counterparty,lender,MCH-10037,DEV-10037,Mumbai,0,0,0,0,0,0,LN-37-0,3,
TX-101401,SYN-10037,2026-09-26T10:00:00+05:30,9054.69,905469,out,essential,Completed,,UPI,Payment counterparty,party-3,MCH-10037,DEV-10037,Mumbai,0,0,0,0,0,0,,0,
TX-101402,SYN-10037,2026-10-01T09:00:00+05:30,101873.71,10187371,in,salary,Completed,,Digital banking,Payment counterparty,employer,MCH-10037,DEV-10037,Mumbai,0,0,0,0,0,0,,0,
TX-101413,SYN-10037,2026-10-01T12:00:00+05:30,6154.37,615437,out,essential,Pending,2026-09-27T00:00:00+05:30,UPI,Payment counterparty,party-6,MCH-10037,DEV-10037,Mumbai,0,0,0,0,0,0,,0,
TX-101403,SYN-10037,2026-10-03T10:00:00+05:30,8395.69,839569,out,essential,Completed,,UPI,Payment counterparty,party-5,MCH-10037,DEV-10037,Mumbai,0,0,0,0,0,0,,0,
TX-101404,SYN-10037,2026-10-09T10:00:00+05:30,8397.56,839756,out,essential,Completed,,UPI,Payment counterparty,party-1,MCH-10037,DEV-10037,Mumbai,0,0,0,0,0,0,,0,
TX-101405,SYN-10037,2026-10-13T12:00:00+05:30,3676.71,367671,out,transfer,Completed,,Digital banking,Payment counterparty,party-4,,DEV-10037,Mumbai,0,1,0,0,0,0,,0,
TX-101406,SYN-10037,2026-10-15T10:00:00+05:30,7301.41,730141,out,essential,Completed,,UPI,Payment counterparty,party-6,MCH-10037,DEV-10037,Mumbai,0,0,0,0,0,0,,0,
TX-101407,SYN-10037,2026-10-15T12:00:00+05:30,6795.09,679509,out,transfer,Completed,,UPI,Payment counterparty,party-6,,DEV-10037,Mumbai,0,1,0,0,0,0,,0,
TX-101408,SYN-10037,2026-10-21T10:00:00+05:30,6994.79,699479,out,essential,Completed,,UPI,Payment counterparty,party-4,MCH-10037,DEV-10037,Mumbai,0,0,0,0,0,0,,0,
TX-101409,SYN-10037,2026-10-21T22:30:00+05:30,9242.76,924276,out,emi,Completed,,UPI,Payment counterparty,lender,MCH-10037,DEV-10037,Mumbai,0,0,0,0,0,0,LN-37-0,4,
TX-101410,SYN-10037,2026-10-26T10:00:00+05:30,7033.17,703317,out,essential,Completed,,UPI,Payment counterparty,party-2,MCH-10037,DEV-10037,Mumbai,0,0,0,0,0,0,,0,
TX-101411,SYN-10037,2026-11-01T09:00:00+05:30,95871.33,9587133,in,salary,Completed,,Card,Payment counterparty,employer,MCH-10037,DEV-10037,Mumbai,0,0,0,0,0,0,,0,
TX-101412,SYN-10037,2026-11-03T10:00:00+05:30,7336.12,733612,out,essential,Completed,,UPI,Payment counterparty,party-2,MCH-10037,DEV-10037,Mumbai,0,0,0,0,0,0,,0,
TX-101414,SYN-10038,2026-08-03T10:00:00+05:30,9583.67,958367,out,essential,Completed,,UPI,Payment counterparty,party-6,MCH-10038,DEV-10038,Bengaluru,0,0,0,0,0,0,,0,
TX-101415,SYN-10038,2026-08-07T12:00:00+05:30,8064.38,806438,out,transfer,Completed,,Digital banking,Payment counterparty,party-2,,DEV-10038,Bengaluru,0,0,0,0,0,0,,0,
TX-101416,SYN-10038,2026-08-09T10:00:00+05:30,10197.35,1019735,out,essential,Completed,,UPI,Payment counterparty,party-6,MCH-10038,DEV-10038,Bengaluru,0,0,0,0,0,0,,0,
TX-101417,SYN-10038,2026-08-15T10:00:00+05:30,12253.7,1225370,out,essential,Completed,,UPI,Payment counterparty,party-5,MCH-10038,DEV-10038,Bengaluru,0,0,0,0,0,0,,0,
TX-101418,SYN-10038,2026-08-15T12:00:00+05:30,8043.77,804377,out,transfer,Completed,,UPI,Payment counterparty,party-3,,DEV-10038,Bengaluru,0,0,0,0,0,0,,0,
TX-101419,SYN-10038,2026-08-20T12:00:00+05:30,4161.79,416179,out,transfer,Completed,,UPI,Payment counterparty,party-6,,DEV-10135,Bengaluru,1,1,0,1,0,0,,0,
TX-101420,SYN-10038,2026-08-21T10:00:00+05:30,12524.89,1252489,out,essential,Completed,,UPI,Payment counterparty,party-2,MCH-10038,DEV-10038,Bengaluru,0,0,0,0,0,0,,0,
TX-101421,SYN-10038,2026-08-26T10:00:00+05:30,12092.74,1209274,out,essential,Completed,,Digital banking,Payment counterparty,party-3,MCH-10038,DEV-10038,Bengaluru,0,0,0,0,0,0,,0,
TX-101422,SYN-10038,2026-08-28T09:00:00+05:30,96750.88,9675088,in,salary,Completed,,UPI,Payment counterparty,employer,MCH-10038,DEV-10038,Bengaluru,0,0,0,0,0,0,,0,
TX-101423,SYN-10038,2026-08-28T22:30:00+05:30,48682.59,4868259,out,emi,Completed,,UPI,Payment counterparty,lender,MCH-10038,DEV-10038,Bengaluru,0,0,0,0,0,0,LN-38-0,2,
TX-101424,SYN-10038,2026-09-03T10:00:00+05:30,11267.66,1126766,out,essential,Completed,,Digital banking,Payment counterparty,party-6,MCH-10038,DEV-10038,Bengaluru,0,0,0,0,0,0,,0,
TX-101425,SYN-10038,2026-09-07T12:00:00+05:30,2106.56,210656,out,transfer,Completed,,UPI,Payment counterparty,party-3,,DEV-10038,Bengaluru,0,0,0,0,0,0,,0,
TX-101426,SYN-10038,2026-09-09T10:00:00+05:30,10513.18,1051318,out,essential,Completed,,UPI,Payment counterparty,party-4,MCH-10038,DEV-10038,Bengaluru,0,0,0,0,0,0,,0,
TX-101427,SYN-10038,2026-09-13T16:16:00+05:30,13533.49,1353349,out,transfer,Completed,,UPI,Payment counterparty,party-25,,DEV-10038,Bengaluru,0,1,0,0,1,1,,0,
TX-101428,SYN-10038,2026-09-13T16:19:00+05:30,13533.49,1353349,out,transfer,Completed,,Digital banking,Payment counterparty,party-25,,DEV-10038,Bengaluru,0,1,0,0,1,4,,0,
TX-101429,SYN-10038,2026-09-13T16:28:00+05:30,13533.49,1353349,out,transfer,Completed,,Card,Payment counterparty,party-25,,DEV-10038,Bengaluru,0,1,0,0,1,1,,0,
TX-101430,SYN-10038,2026-09-15T10:00:00+05:30,10232.76,1023276,out,essential,Completed,,UPI,Payment counterparty,party-5,MCH-10038,DEV-10038,Bengaluru,0,0,0,0,0,0,,0,
TX-101431,SYN-10038,2026-09-15T12:00:00+05:30,7736.01,773601,out,transfer,Completed,,UPI,Payment counterparty,party-5,,DEV-10135,Bengaluru,1,0,0,0,0,0,,0,
TX-101432,SYN-10038,2026-09-19T13:10:00+05:30,614.74,61474,out,transfer,Completed,,Wallet,Payment counterparty,party-13,,DEV-10038,Bengaluru,0,1,0,0,0,0,,0,
TX-101433,SYN-10038,2026-09-19T13:19:00+05:30,614.74,61474,out,transfer,Completed,,Card,Payment counterparty,party-13,,DEV-10038,Bengaluru,0,1,0,0,0,0,,0,
TX-101434,SYN-10038,2026-09-20T12:00:00+05:30,5578.97,557897,out,transfer,Completed,,Digital banking,Payment counterparty,party-2,,DEV-10038,Bengaluru,0,1,0,0,0,0,,0,
TX-101435,SYN-10038,2026-09-21T09:10:00+05:30,12801.72,1280172,in,credit,Completed,,UPI,Payment counterparty,credit-line,MCH-10038,DEV-10038,Bengaluru,0,0,0,0,0,0,,0,
TX-101436,SYN-10038,2026-09-21T10:00:00+05:30,12801.72,1280172,out,essential,Completed,,Digital banking,Payment counterparty,party-2,MCH-10038,DEV-10038,Bengaluru,0,0,0,0,0,0,,0,
TX-101437,SYN-10038,2026-09-26T09:10:00+05:30,11756.59,1175659,in,credit,Completed,,UPI,Payment counterparty,credit-line,MCH-10038,DEV-10038,Bengaluru,0,0,0,0,0,0,,0,
TX-101438,SYN-10038,2026-09-26T10:00:00+05:30,11756.59,1175659,out,essential,Completed,,UPI,Payment counterparty,party-4,MCH-10038,DEV-10038,Bengaluru,0,0,0,0,0,0,,0,
TX-101439,SYN-10038,2026-09-28T09:00:00+05:30,105010.59,10501059,in,salary,Completed,,Card,Payment counterparty,employer,MCH-10038,DEV-10038,Bengaluru,0,0,0,0,0,0,,0,
TX-101440,SYN-10038,2026-09-28T22:30:00+05:30,48682.59,4868259,out,emi,Completed,,UPI,Payment counterparty,lender,MCH-10038,DEV-10038,Bengaluru,0,0,0,0,0,0,LN-38-0,3,
TX-101454,SYN-10038,2026-10-01T12:00:00+05:30,8354.23,835423,out,essential,Pending,2026-09-27T00:00:00+05:30,Digital banking,Payment counterparty,party-2,MCH-10038,DEV-10038,Bengaluru,0,0,0,0,0,0,,0,
TX-101441,SYN-10038,2026-10-03T10:00:00+05:30,10548.53,1054853,out,essential,Completed,,UPI,Payment counterparty,party-6,MCH-10038,DEV-10038,Bengaluru,0,0,0,0,0,0,,0,
TX-101442,SYN-10038,2026-10-07T12:00:00+05:30,6934.86,693486,out,transfer,Completed,,Digital banking,Payment counterparty,party-2,,DEV-10038,Bengaluru,0,1,0,0,0,0,,0,
TX-101443,SYN-10038,2026-10-09T10:00:00+05:30,10781.93,1078193,out,essential,Completed,,UPI,Payment counterparty,party-4,MCH-10038,DEV-10038,Bengaluru,0,0,0,0,0,0,,0,
TX-101444,SYN-10038,2026-10-15T10:00:00+05:30,9643.29,964329,out,essential,Completed,,UPI,Payment counterparty,party-2,MCH-10038,DEV-10038,Bengaluru,0,0,0,0,0,0,,0,
TX-101445,SYN-10038,2026-10-15T12:00:00+05:30,10253.02,1025302,out,transfer,Completed,,UPI,Payment counterparty,party-3,,DEV-10038,Bengaluru,0,0,0,0,0,0,,0,
TX-101446,SYN-10038,2026-10-20T12:00:00+05:30,7259.41,725941,out,transfer,Completed,,Card,Payment counterparty,party-1,,DEV-10038,Bengaluru,0,0,0,0,0,0,,0,
TX-101447,SYN-10038,2026-10-21T09:10:00+05:30,11816.61,1181661,in,credit,Completed,,UPI,Payment counterparty,credit-line,MCH-10038,DEV-10038,Bengaluru,0,0,0,0,0,0,,0,
TX-101448,SYN-10038,2026-10-21T10:00:00+05:30,12723.57,1272357,out,essential,Completed,,UPI,Payment counterparty,party-3,MCH-10038,DEV-10038,Bengaluru,0,0,0,0,0,0,,0,
TX-101449,SYN-10038,2026-10-26T09:10:00+05:30,10372.65,1037265,in,credit,Completed,,UPI,Payment counterparty,credit-line,MCH-10038,DEV-10038,Bengaluru,0,0,0,0,0,0,,0,
TX-101450,SYN-10038,2026-10-26T10:00:00+05:30,10372.65,1037265,out,essential,Completed,,UPI,Payment counterparty,party-4,MCH-10038,DEV-10038,Bengaluru,0,0,0,0,0,0,,0,
TX-101451,SYN-10038,2026-10-28T09:00:00+05:30,98760.89,9876089,in,salary,Completed,,UPI,Payment counterparty,employer,MCH-10038,DEV-10038,Bengaluru,0,0,0,0,0,0,,0,
TX-101452,SYN-10038,2026-10-28T22:30:00+05:30,48682.59,4868259,out,emi,Completed,,UPI,Payment counterparty,lender,MCH-10038,DEV-10038,Bengaluru,0,0,0,0,0,0,LN-38-0,4,
TX-101453,SYN-10038,2026-11-03T10:00:00+05:30,10037.74,1003774,out,essential,Completed,,Card,Payment counterparty,party-1,MCH-10038,DEV-10038,Bengaluru,0,0,0,0,0,0,,0,
TX-101455,SYN-10039,2026-08-03T10:00:00+05:30,7495.87,749587,out,essential,Completed,,UPI,Payment counterparty,party-3,MCH-10039,DEV-10039,Jaipur,0,0,0,0,0,0,,0,
TX-101456,SYN-10039,2026-08-08T12:00:00+05:30,52426.02,5242602,out,transfer,Completed,,Card,Payment counterparty,party-2,,DEV-10039,Jaipur,0,1,0,0,0,0,,0,
TX-101457,SYN-10039,2026-08-09T10:00:00+05:30,7872.97,787297,out,essential,Completed,,UPI,Payment counterparty,party-3,MCH-10039,DEV-10039,Jaipur,0,0,0,0,0,0,,0,
TX-101458,SYN-10039,2026-08-15T10:00:00+05:30,6815.78,681578,out,essential,Completed,,UPI,Payment counterparty,party-5,MCH-10039,DEV-10039,Jaipur,0,0,0,0,0,0,,0,
TX-101459,SYN-10039,2026-08-21T10:00:00+05:30,8399.1,839910,out,essential,Completed,,UPI,Payment counterparty,party-4,MCH-10039,DEV-10039,Jaipur,0,0,0,0,0,0,,0,
TX-101460,SYN-10039,2026-08-21T12:00:00+05:30,5486.92,548692,out,transfer,Completed,,UPI,Payment counterparty,party-1,,DEV-10135,Jaipur,1,0,0,1,0,0,,0,
TX-101461,SYN-10039,2026-08-26T10:00:00+05:30,7279.77,727977,out,essential,Completed,,Wallet,Payment counterparty,party-3,MCH-10039,DEV-10039,Jaipur,0,0,0,0,0,0,,0,
TX-101462,SYN-10039,2026-08-27T22:30:00+05:30,24624.01,2462401,out,emi,Completed,,UPI,Payment counterparty,lender,MCH-10039,DEV-10039,Jaipur,0,0,0,0,0,0,LN-39-0,2,
TX-101463,SYN-10039,2026-08-28T09:00:00+05:30,98761.35,9876135,in,salary,Completed,,UPI,Payment counterparty,employer,MCH-10039,DEV-10039,Jaipur,0,0,0,0,0,0,,0,
TX-101464,SYN-10039,2026-09-03T10:00:00+05:30,7790.81,779081,out,essential,Completed,,UPI,Payment counterparty,party-5,MCH-10039,DEV-10039,Jaipur,0,0,0,0,0,0,,0,
TX-101465,SYN-10039,2026-09-08T12:00:00+05:30,13075.77,1307577,out,transfer,Completed,,Digital banking,Payment counterparty,party-1,,DEV-10039,Jaipur,0,0,0,0,0,0,,0,
TX-101466,SYN-10039,2026-09-09T10:00:00+05:30,8230.5,823050,out,essential,Completed,,Card,Payment counterparty,party-1,MCH-10039,DEV-10039,Jaipur,0,0,0,0,0,0,,0,
TX-101467,SYN-10039,2026-09-09T15:00:00+05:30,4194.24,419424,out,transfer,Completed,,UPI,Payment counterparty,party-22,,DEV-10135,Jaipur,1,1,0,0,1,4,,0,
TX-101468,SYN-10039,2026-09-09T15:09:00+05:30,4194.24,419424,out,transfer,Completed,,UPI,Payment counterparty,party-22,,DEV-10135,Jaipur,1,1,0,0,1,1,,0,
TX-101469,SYN-10039,2026-09-15T10:00:00+05:30,6598.82,659882,out,essential,Completed,,UPI,Payment counterparty,party-5,MCH-10039,DEV-10039,Jaipur,0,0,0,0,0,0,,0,
TX-101470,SYN-10039,2026-09-21T10:00:00+05:30,8238.54,823854,out,essential,Completed,,Digital banking,Payment counterparty,party-5,MCH-10039,DEV-10039,Jaipur,0,0,0,0,0,0,,0,
TX-101471,SYN-10039,2026-09-21T12:00:00+05:30,6707.34,670734,out,transfer,Completed,,UPI,Payment counterparty,party-1,,DEV-10039,Jaipur,0,1,0,0,0,0,,0,
TX-101472,SYN-10039,2026-09-26T10:00:00+05:30,7173.57,717357,out,essential,Completed,,Wallet,Payment counterparty,party-3,MCH-10039,DEV-10039,Jaipur,0,0,0,0,0,0,,0,
TX-101473,SYN-10039,2026-09-27T22:30:00+05:30,24624.01,2462401,out,emi,Completed,,UPI,Payment counterparty,lender,MCH-10039,DEV-10039,Jaipur,0,0,0,0,0,0,LN-39-0,3,
TX-101474,SYN-10039,2026-09-28T09:00:00+05:30,105746.72,10574672,in,salary,Completed,,UPI,Payment counterparty,employer,MCH-10039,DEV-10039,Jaipur,0,0,0,0,0,0,,0,
TX-101485,SYN-10039,2026-10-01T12:00:00+05:30,5749.66,574966,out,essential,Pending,2026-09-27T00:00:00+05:30,UPI,Payment counterparty,party-4,MCH-10039,DEV-10039,Jaipur,0,0,0,0,0,0,,0,
TX-101475,SYN-10039,2026-10-03T10:00:00+05:30,8002.22,800222,out,essential,Completed,,UPI,Payment counterparty,party-4,MCH-10039,DEV-10039,Jaipur,0,0,0,0,0,0,,0,
TX-101476,SYN-10039,2026-10-08T12:00:00+05:30,11969.01,1196901,out,transfer,Completed,,UPI,Payment counterparty,party-3,,DEV-10039,Jaipur,0,0,0,0,0,0,,0,
TX-101477,SYN-10039,2026-10-09T10:00:00+05:30,8537.09,853709,out,essential,Completed,,UPI,Payment counterparty,party-1,MCH-10039,DEV-10039,Jaipur,0,0,0,0,0,0,,0,
TX-101478,SYN-10039,2026-10-15T10:00:00+05:30,8691.05,869105,out,essential,Completed,,UPI,Payment counterparty,party-2,MCH-10039,DEV-10039,Jaipur,0,0,0,0,0,0,,0,
TX-101479,SYN-10039,2026-10-21T10:00:00+05:30,8157.05,815705,out,essential,Completed,,Wallet,Payment counterparty,party-2,MCH-10039,DEV-10039,Jaipur,0,0,0,0,0,0,,0,
TX-101480,SYN-10039,2026-10-21T12:00:00+05:30,8135.16,813516,out,transfer,Completed,,Digital banking,Payment counterparty,party-1,,DEV-10039,Jaipur,0,0,0,0,0,0,,0,
TX-101481,SYN-10039,2026-10-26T10:00:00+05:30,8768.98,876898,out,essential,Completed,,UPI,Payment counterparty,party-4,MCH-10039,DEV-10039,Jaipur,0,0,0,0,0,0,,0,
TX-101482,SYN-10039,2026-10-27T22:30:00+05:30,24624.01,2462401,out,emi,Completed,,UPI,Payment counterparty,lender,MCH-10039,DEV-10039,Jaipur,0,0,0,0,0,0,LN-39-0,4,
TX-101483,SYN-10039,2026-10-28T09:00:00+05:30,106670.23,10667023,in,salary,Completed,,UPI,Payment counterparty,employer,MCH-10039,DEV-10039,Jaipur,0,0,0,0,0,0,,0,
TX-101484,SYN-10039,2026-11-03T10:00:00+05:30,8365.15,836515,out,essential,Completed,,Digital banking,Payment counterparty,party-4,MCH-10039,DEV-10039,Jaipur,0,0,0,0,0,0,,0,
TX-101486,SYN-10040,2026-08-01T09:00:00+05:30,98567.61,9856761,in,salary,Completed,,UPI,Payment counterparty,employer,MCH-10040,DEV-10040,Delhi,0,0,0,0,0,0,,0,
TX-101487,SYN-10040,2026-08-03T10:00:00+05:30,10357.76,1035776,out,essential,Completed,,UPI,Payment counterparty,party-3,MCH-10040,DEV-10040,Delhi,0,0,0,0,0,0,,0,
TX-101488,SYN-10040,2026-08-09T10:00:00+05:30,11137.76,1113776,out,essential,Completed,,Card,Payment counterparty,party-3,MCH-10040,DEV-10040,Delhi,0,0,0,0,0,0,,0,
TX-101489,SYN-10040,2026-08-15T10:00:00+05:30,9022.23,902223,out,essential,Completed,,UPI,Payment counterparty,party-4,MCH-10040,DEV-10040,Delhi,0,0,0,0,0,0,,0,
TX-101490,SYN-10040,2026-08-17T12:00:00+05:30,5843.84,584384,out,transfer,Completed,,Digital banking,Payment counterparty,party-3,,DEV-10040,Delhi,0,0,0,0,0,0,,0,
TX-101491,SYN-10040,2026-08-21T10:00:00+05:30,9168.13,916813,out,essential,Completed,,Card,Payment counterparty,party-5,MCH-10040,DEV-10040,Delhi,0,0,0,0,0,0,,0,
TX-101492,SYN-10040,2026-08-25T12:00:00+05:30,4660.96,466096,out,transfer,Completed,,UPI,Payment counterparty,party-2,,DEV-10040,Delhi,0,0,0,0,0,0,,0,
TX-101493,SYN-10040,2026-08-26T10:00:00+05:30,10953.93,1095393,out,essential,Completed,,UPI,Payment counterparty,party-2,MCH-10040,DEV-10040,Delhi,0,0,0,0,0,0,,0,
TX-101494,SYN-10040,2026-09-01T09:00:00+05:30,96477.09,9647709,in,salary,Completed,,UPI,Payment counterparty,employer,MCH-10040,DEV-10040,Delhi,0,0,0,0,0,0,,0,
TX-101495,SYN-10040,2026-09-03T10:00:00+05:30,11681.18,1168118,out,essential,Completed,,Digital banking,Payment counterparty,party-2,MCH-10040,DEV-10040,Delhi,0,0,0,0,0,0,,0,
TX-101496,SYN-10040,2026-09-09T10:00:00+05:30,11165.76,1116576,out,essential,Completed,,Digital banking,Payment counterparty,party-2,MCH-10040,DEV-10040,Delhi,0,0,0,0,0,0,,0,
TX-101497,SYN-10040,2026-09-15T10:00:00+05:30,10252.13,1025213,out,essential,Completed,,UPI,Payment counterparty,party-6,MCH-10040,DEV-10040,Delhi,0,0,0,0,0,0,,0,
TX-101498,SYN-10040,2026-09-17T12:00:00+05:30,198308.5,19830850,out,transfer,Completed,,UPI,Payment counterparty,party-6,,DEV-10040,Delhi,0,0,0,0,0,0,,0,
TX-101499,SYN-10040,2026-09-21T10:00:00+05:30,11476.1,1147610,out,essential,Completed,,Digital banking,Payment counterparty,party-2,MCH-10040,DEV-10040,Delhi,0,0,0,0,0,0,,0,
TX-101500,SYN-10040,2026-09-25T12:00:00+05:30,4001.89,400189,out,transfer,Completed,,Digital banking,Payment counterparty,party-5,,DEV-10136,Delhi,1,1,0,0,0,0,,0,
TX-101501,SYN-10040,2026-09-26T10:00:00+05:30,9724.21,972421,out,essential,Completed,,UPI,Payment counterparty,party-4,MCH-10040,DEV-10040,Delhi,0,0,0,0,0,0,,0,
TX-101502,SYN-10040,2026-10-01T09:00:00+05:30,100890.93,10089093,in,salary,Completed,,UPI,Payment counterparty,employer,MCH-10040,DEV-10040,Delhi,0,0,0,0,0,0,,0,
TX-101503,SYN-10040,2026-10-03T10:00:00+05:30,9478.73,947873,out,essential,Completed,,UPI,Payment counterparty,party-1,MCH-10040,DEV-10040,Delhi,0,0,0,0,0,0,,0,
TX-101504,SYN-10040,2026-10-09T10:00:00+05:30,10969.05,1096905,out,essential,Completed,,UPI,Payment counterparty,party-4,MCH-10040,DEV-10040,Delhi,0,0,0,0,0,0,,0,
TX-101505,SYN-10040,2026-10-15T10:00:00+05:30,10702.15,1070215,out,essential,Completed,,UPI,Payment counterparty,party-5,MCH-10040,DEV-10040,Delhi,0,0,0,0,0,0,,0,
TX-101506,SYN-10040,2026-10-17T12:00:00+05:30,1650.88,165088,out,transfer,Completed,,UPI,Payment counterparty,party-2,,DEV-10040,Delhi,0,1,0,0,0,0,,0,
TX-101507,SYN-10040,2026-10-21T10:00:00+05:30,11140.78,1114078,out,essential,Completed,,UPI,Payment counterparty,party-6,MCH-10040,DEV-10040,Delhi,0,0,0,0,0,0,,0,
TX-101508,SYN-10040,2026-10-25T12:00:00+05:30,930.28,93028,out,transfer,Completed,,UPI,Payment counterparty,party-2,,DEV-10040,Delhi,0,0,0,0,0,0,,0,
TX-101509,SYN-10040,2026-10-26T10:00:00+05:30,9075.74,907574,out,essential,Completed,,Digital banking,Payment counterparty,party-1,MCH-10040,DEV-10040,Delhi,0,0,0,0,0,0,,0,
TX-101510,SYN-10040,2026-11-01T09:00:00+05:30,96725.87,9672587,in,salary,Completed,,UPI,Payment counterparty,employer,MCH-10040,DEV-10040,Delhi,0,0,0,0,0,0,,0,
TX-101511,SYN-10040,2026-11-03T10:00:00+05:30,9814.58,981458,out,essential,Completed,,UPI,Payment counterparty,party-3,MCH-10040,DEV-10040,Delhi,0,0,0,0,0,0,,0,
TX-101512,SYN-10041,2026-08-01T09:00:00+05:30,72880.48,7288048,in,salary,Completed,,UPI,Payment counterparty,employer,MCH-10041,DEV-10041,Mumbai,0,0,0,0,0,0,,0,
TX-101513,SYN-10041,2026-08-02T12:00:00+05:30,6011.02,601102,out,transfer,Completed,,UPI,Payment counterparty,party-6,,DEV-10136,Mumbai,1,0,0,1,0,0,,0,
TX-101514,SYN-10041,2026-08-03T10:00:00+05:30,4813.58,481358,out,essential,Completed,,UPI,Payment counterparty,party-4,MCH-10041,DEV-10041,Mumbai,0,0,0,0,0,0,,0,
TX-101515,SYN-10041,2026-08-09T10:00:00+05:30,5541.27,554127,out,essential,Completed,,UPI,Payment counterparty,party-5,MCH-10041,DEV-10041,Mumbai,0,0,0,0,0,0,,0,
TX-101516,SYN-10041,2026-08-10T12:00:00+05:30,1533.29,153329,out,transfer,Completed,,Card,Payment counterparty,party-1,,DEV-10136,Mumbai,1,1,0,0,0,0,,0,
TX-101517,SYN-10041,2026-08-15T10:00:00+05:30,5204.48,520448,out,essential,Completed,,UPI,Payment counterparty,party-5,MCH-10041,DEV-10041,Mumbai,0,0,0,0,0,0,,0,
TX-101518,SYN-10041,2026-08-17T12:00:00+05:30,2774.39,277439,out,transfer,Completed,,UPI,Payment counterparty,party-1,,DEV-10136,Mumbai,1,0,0,1,0,0,,0,
TX-101519,SYN-10041,2026-08-18T12:00:00+05:30,2609.23,260923,out,transfer,Completed,,UPI,Payment counterparty,party-2,,DEV-10136,Mumbai,1,0,0,0,0,0,,0,
TX-101520,SYN-10041,2026-08-21T10:00:00+05:30,4761.0,476100,out,essential,Completed,,Card,Payment counterparty,party-3,MCH-10041,DEV-10041,Mumbai,0,0,0,0,0,0,,0,
TX-101521,SYN-10041,2026-08-26T10:00:00+05:30,6169.23,616923,out,essential,Completed,,UPI,Payment counterparty,party-4,MCH-10041,DEV-10041,Mumbai,0,0,0,0,0,0,,0,
TX-101522,SYN-10041,2026-08-26T22:30:00+05:30,11611.3,1161130,out,emi,Completed,,UPI,Payment counterparty,lender,MCH-10041,DEV-10041,Mumbai,0,0,0,0,0,0,LN-41-0,2,
TX-101523,SYN-10041,2026-08-26T22:30:00+05:30,14619.1,1461910,out,emi,Completed,,UPI,Payment counterparty,lender,MCH-10041,DEV-10041,Mumbai,0,0,0,0,0,0,LN-41-1,2,
TX-101524,SYN-10041,2026-09-01T09:00:00+05:30,72208.27,7220827,in,salary,Completed,,UPI,Payment counterparty,employer,MCH-10041,DEV-10041,Mumbai,0,0,0,0,0,0,,0,
TX-101525,SYN-10041,2026-09-02T12:00:00+05:30,9293.15,929315,out,transfer,Completed,,Digital banking,Payment counterparty,party-1,,DEV-10136,Mumbai,1,1,0,0,0,0,,0,
TX-101526,SYN-10041,2026-09-03T10:00:00+05:30,4985.78,498578,out,essential,Completed,,UPI,Payment counterparty,party-3,MCH-10041,DEV-10041,Mumbai,0,0,0,0,0,0,,0,
TX-101527,SYN-10041,2026-09-09T10:00:00+05:30,5879.37,587937,out,essential,Completed,,UPI,Payment counterparty,party-2,MCH-10041,DEV-10041,Mumbai,0,0,0,0,0,0,,0,
TX-101528,SYN-10041,2026-09-10T12:00:00+05:30,5493.05,549305,out,transfer,Completed,,UPI,Payment counterparty,party-3,,DEV-10136,Mumbai,1,0,0,0,0,0,,0,
TX-101529,SYN-10041,2026-09-15T10:00:00+05:30,5865.93,586593,out,essential,Completed,,UPI,Payment counterparty,party-6,MCH-10041,DEV-10041,Mumbai,0,0,0,0,0,0,,0,
TX-101530,SYN-10041,2026-09-17T12:00:00+05:30,3288.11,328811,out,transfer,Completed,,Digital banking,Payment counterparty,party-4,,DEV-10136,Mumbai,1,1,0,0,0,0,,0,
TX-101531,SYN-10041,2026-09-18T12:00:00+05:30,8379.1,837910,out,transfer,Completed,,UPI,Payment counterparty,party-1,,DEV-10136,Mumbai,1,0,0,0,0,0,,0,
TX-101532,SYN-10041,2026-09-21T10:00:00+05:30,4953.97,495397,out,essential,Completed,,UPI,Payment counterparty,party-6,MCH-10041,DEV-10041,Mumbai,0,0,0,0,0,0,,0,
TX-101533,SYN-10041,2026-09-26T10:00:00+05:30,6035.8,603580,out,essential,Completed,,UPI,Payment counterparty,party-5,MCH-10041,DEV-10041,Mumbai,0,0,0,0,0,0,,0,
TX-101534,SYN-10041,2026-09-26T22:30:00+05:30,11611.3,1161130,out,emi,Completed,,Wallet,Payment counterparty,lender,MCH-10041,DEV-10041,Mumbai,0,0,0,0,0,0,LN-41-0,3,
TX-101535,SYN-10041,2026-09-26T22:30:00+05:30,14619.1,1461910,out,emi,Completed,,UPI,Payment counterparty,lender,MCH-10041,DEV-10041,Mumbai,0,0,0,0,0,0,LN-41-1,3,
TX-101536,SYN-10041,2026-10-01T09:00:00+05:30,74927.34,7492734,in,salary,Completed,,UPI,Payment counterparty,employer,MCH-10041,DEV-10041,Mumbai,0,0,0,0,0,0,,0,
TX-101551,SYN-10041,2026-10-01T12:00:00+05:30,4026.06,402606,out,essential,Pending,2026-09-27T00:00:00+05:30,UPI,Payment counterparty,party-1,MCH-10041,DEV-10041,Mumbai,0,0,0,0,0,0,,0,
TX-101537,SYN-10041,2026-10-02T12:00:00+05:30,8422.09,842209,out,transfer,Completed,,UPI,Payment counterparty,party-5,,DEV-10136,Mumbai,1,0,0,0,0,0,,0,
TX-101538,SYN-10041,2026-10-03T10:00:00+05:30,5734.21,573421,out,essential,Completed,,UPI,Payment counterparty,party-1,MCH-10041,DEV-10041,Mumbai,0,0,0,0,0,0,,0,
TX-101539,SYN-10041,2026-10-09T10:00:00+05:30,5998.65,599865,out,essential,Completed,,UPI,Payment counterparty,party-1,MCH-10041,DEV-10041,Mumbai,0,0,0,0,0,0,,0,
TX-101540,SYN-10041,2026-10-10T12:00:00+05:30,6018.45,601845,out,transfer,Completed,,UPI,Payment counterparty,party-4,,DEV-10136,Mumbai,1,0,0,0,0,0,,0,
TX-101541,SYN-10041,2026-10-15T10:00:00+05:30,5391.32,539132,out,essential,Completed,,Digital banking,Payment counterparty,party-5,MCH-10041,DEV-10041,Mumbai,0,0,0,0,0,0,,0,
TX-101542,SYN-10041,2026-10-17T12:00:00+05:30,3070.21,307021,out,transfer,Completed,,UPI,Payment counterparty,party-4,,DEV-10136,Mumbai,1,0,0,0,0,0,,0,
TX-101543,SYN-10041,2026-10-18T12:00:00+05:30,5489.79,548979,out,transfer,Completed,,UPI,Payment counterparty,party-2,,DEV-10136,Mumbai,1,0,0,1,0,0,,0,
TX-101544,SYN-10041,2026-10-21T10:00:00+05:30,5793.94,579394,out,essential,Completed,,Digital banking,Payment counterparty,party-3,MCH-10041,DEV-10041,Mumbai,0,0,0,0,0,0,,0,
TX-101545,SYN-10041,2026-10-26T10:00:00+05:30,6135.56,613556,out,essential,Completed,,UPI,Payment counterparty,party-5,MCH-10041,DEV-10041,Mumbai,0,0,0,0,0,0,,0,
TX-101546,SYN-10041,2026-10-26T22:30:00+05:30,11611.3,1161130,out,emi,Completed,,Wallet,Payment counterparty,lender,MCH-10041,DEV-10041,Mumbai,0,0,0,0,0,0,LN-41-0,4,
TX-101547,SYN-10041,2026-10-26T22:30:00+05:30,14619.1,1461910,out,emi,Completed,,Digital banking,Payment counterparty,lender,MCH-10041,DEV-10041,Mumbai,0,0,0,0,0,0,LN-41-1,4,
TX-101548,SYN-10041,2026-11-01T09:00:00+05:30,71819.22,7181922,in,salary,Completed,,UPI,Payment counterparty,employer,MCH-10041,DEV-10041,Mumbai,0,0,0,0,0,0,,0,
TX-101549,SYN-10041,2026-11-02T12:00:00+05:30,4916.18,491618,out,transfer,Completed,,Card,Payment counterparty,party-3,,DEV-10136,Mumbai,1,0,0,1,0,0,,0,
TX-101550,SYN-10041,2026-11-03T10:00:00+05:30,5744.83,574483,out,essential,Completed,,Card,Payment counterparty,party-3,MCH-10041,DEV-10041,Mumbai,0,0,0,0,0,0,,0,
TX-101552,SYN-10042,2026-08-03T10:00:00+05:30,8470.35,847035,out,essential,Completed,,Card,Payment counterparty,party-2,MCH-10042,DEV-10042,Bengaluru,0,0,0,0,0,0,,0,
TX-101553,SYN-10042,2026-08-03T12:00:00+05:30,2703.25,270325,out,transfer,Completed,,UPI,Payment counterparty,party-6,,DEV-10042,Bengaluru,0,1,0,0,0,0,,0,
TX-101554,SYN-10042,2026-08-04T12:00:00+05:30,1524.22,152422,out,transfer,Completed,,UPI,Payment counterparty,party-5,,DEV-10042,Bengaluru,0,1,0,0,0,0,,0,
TX-101555,SYN-10042,2026-08-05T09:00:00+05:30,78152.69,7815269,in,salary,Completed,,Digital banking,Payment counterparty,employer,MCH-10042,DEV-10042,Bengaluru,0,0,0,0,0,0,,0,
TX-101556,SYN-10042,2026-08-07T12:00:00+05:30,1983.99,198399,out,transfer,Completed,,Card,Payment counterparty,party-4,,DEV-10042,Bengaluru,0,0,0,0,0,0,,0,
TX-101557,SYN-10042,2026-08-09T10:00:00+05:30,7079.29,707929,out,essential,Completed,,Card,Payment counterparty,party-4,MCH-10042,DEV-10042,Bengaluru,0,0,0,0,0,0,,0,
TX-101558,SYN-10042,2026-08-15T10:00:00+05:30,7699.82,769982,out,essential,Completed,,Digital banking,Payment counterparty,party-4,MCH-10042,DEV-10042,Bengaluru,0,0,0,0,0,0,,0,
TX-101559,SYN-10042,2026-08-20T22:30:00+05:30,15749.92,1574992,out,emi,Completed,,UPI,Payment counterparty,lender,MCH-10042,DEV-10042,Bengaluru,0,0,0,0,0,0,LN-42-0,2,
TX-101560,SYN-10042,2026-08-21T10:00:00+05:30,7729.93,772993,out,essential,Completed,,UPI,Payment counterparty,party-3,MCH-10042,DEV-10042,Bengaluru,0,0,0,0,0,0,,0,
TX-101561,SYN-10042,2026-08-24T12:00:00+05:30,1815.86,181586,out,transfer,Completed,,UPI,Payment counterparty,party-6,,DEV-10042,Bengaluru,0,0,0,0,0,0,,0,
TX-101562,SYN-10042,2026-08-26T10:00:00+05:30,6521.86,652186,out,essential,Completed,,UPI,Payment counterparty,party-5,MCH-10042,DEV-10042,Bengaluru,0,0,0,0,0,0,,0,
TX-101563,SYN-10042,2026-09-03T10:00:00+05:30,7096.63,709663,out,essential,Completed,,UPI,Payment counterparty,party-5,MCH-10042,DEV-10042,Bengaluru,0,0,0,0,0,0,,0,
TX-101564,SYN-10042,2026-09-03T12:00:00+05:30,3812.22,381222,out,transfer,Completed,,Digital banking,Payment counterparty,party-4,,DEV-10042,Bengaluru,0,1,0,0,0,0,,0,
TX-101565,SYN-10042,2026-09-04T12:00:00+05:30,1435.45,143545,out,transfer,Completed,,UPI,Payment counterparty,party-2,,DEV-10042,Bengaluru,0,0,0,0,0,0,,0,
TX-101566,SYN-10042,2026-09-05T09:00:00+05:30,26400.42,2640042,in,salary,Completed,,UPI,Payment counterparty,employer,MCH-10042,DEV-10042,Bengaluru,0,0,0,0,0,0,,0,
TX-101567,SYN-10042,2026-09-07T12:00:00+05:30,2292.45,229245,out,transfer,Completed,,Digital banking,Payment counterparty,party-6,,DEV-10042,Bengaluru,0,0,0,0,0,0,,0,
TX-101568,SYN-10042,2026-09-09T10:00:00+05:30,7609.74,760974,out,essential,Completed,,UPI,Payment counterparty,party-6,MCH-10042,DEV-10042,Bengaluru,0,0,0,0,0,0,,0,
TX-101569,SYN-10042,2026-09-15T10:00:00+05:30,8368.19,836819,out,essential,Completed,,UPI,Payment counterparty,party-5,MCH-10042,DEV-10042,Bengaluru,0,0,0,0,0,0,,0,
TX-101570,SYN-10042,2026-09-16T17:16:00+05:30,28050.11,2805011,out,transfer,Completed,,UPI,Payment counterparty,party-20,,DEV-10042,Bengaluru,0,1,0,0,0,0,,0,
TX-101571,SYN-10042,2026-09-16T17:19:00+05:30,28050.11,2805011,out,transfer,Completed,,Digital banking,Payment counterparty,party-20,,DEV-10042,Bengaluru,0,1,0,0,0,0,,0,
TX-101572,SYN-10042,2026-09-16T17:36:00+05:30,28050.11,2805011,out,transfer,Completed,,Digital banking,Payment counterparty,party-20,,DEV-10042,Bengaluru,0,1,0,0,0,0,,0,
TX-101573,SYN-10042,2026-09-19T15:56:00+05:30,12301.71,1230171,out,transfer,Completed,,Card,Payment counterparty,party-13,,DEV-10136,Bengaluru,1,1,0,0,1,3,,0,
TX-101574,SYN-10042,2026-09-19T16:04:00+05:30,12301.71,1230171,out,transfer,Completed,,UPI,Payment counterparty,party-13,,DEV-10136,Bengaluru,1,1,0,0,1,2,,0,
TX-101575,SYN-10042,2026-09-20T22:30:00+05:30,15749.92,1574992,out,emi,Completed,,UPI,Payment counterparty,lender,MCH-10042,DEV-10042,Bengaluru,0,0,0,0,0,0,LN-42-0,3,
TX-101576,SYN-10042,2026-09-21T10:00:00+05:30,8204.32,820432,out,essential,Completed,,Card,Payment counterparty,party-6,MCH-10042,DEV-10042,Bengaluru,0,0,0,0,0,0,,0,
TX-101577,SYN-10042,2026-09-24T12:00:00+05:30,3241.47,324147,out,transfer,Completed,,Digital banking,Payment counterparty,party-4,,DEV-10042,Bengaluru,0,0,0,0,0,0,,0,
TX-101578,SYN-10042,2026-09-26T09:10:00+05:30,15.0,1500,in,credit,Completed,,UPI,Payment counterparty,credit-line,MCH-10042,DEV-10042,Bengaluru,0,0,0,0,0,0,,0,
TX-101579,SYN-10042,2026-09-26T10:00:00+05:30,8227.18,822718,out,essential,Completed,,UPI,Payment counterparty,party-5,MCH-10042,DEV-10042,Bengaluru,0,0,0,0,0,0,,0,
TX-101594,SYN-10042,2026-10-01T12:00:00+05:30,5737.48,573748,out,essential,Pending,2026-09-27T00:00:00+05:30,Card,Payment counterparty,party-6,MCH-10042,DEV-10042,Bengaluru,0,0,0,0,0,0,,0,
TX-101580,SYN-10042,2026-10-03T09:10:00+05:30,6869.26,686926,in,credit,Completed,,Card,Payment counterparty,credit-line,MCH-10042,DEV-10042,Bengaluru,0,0,0,0,0,0,,0,
TX-101581,SYN-10042,2026-10-03T10:00:00+05:30,6869.26,686926,out,essential,Completed,,Digital banking,Payment counterparty,party-4,MCH-10042,DEV-10042,Bengaluru,0,0,0,0,0,0,,0,
TX-101582,SYN-10042,2026-10-05T09:00:00+05:30,33294.6,3329460,in,salary,Completed,,UPI,Payment counterparty,employer,MCH-10042,DEV-10042,Bengaluru,0,0,0,0,0,0,,0,
TX-101583,SYN-10042,2026-10-07T12:00:00+05:30,20352.71,2035271,out,transfer,Completed,,UPI,Payment counterparty,party-5,,DEV-10042,Bengaluru,0,1,0,0,0,0,,0,
TX-101584,SYN-10042,2026-10-09T10:00:00+05:30,7274.66,727466,out,essential,Completed,,Card,Payment counterparty,party-2,MCH-10042,DEV-10042,Bengaluru,0,0,0,0,0,0,,0,
TX-101585,SYN-10042,2026-10-15T09:10:00+05:30,1526.03,152603,in,credit,Completed,,UPI,Payment counterparty,credit-line,MCH-10042,DEV-10042,Bengaluru,0,0,0,0,0,0,,0,
TX-101586,SYN-10042,2026-10-15T10:00:00+05:30,7193.26,719326,out,essential,Completed,,UPI,Payment counterparty,party-2,MCH-10042,DEV-10042,Bengaluru,0,0,0,0,0,0,,0,
TX-101587,SYN-10042,2026-10-21T09:10:00+05:30,6698.62,669862,in,credit,Completed,,UPI,Payment counterparty,credit-line,MCH-10042,DEV-10042,Bengaluru,0,0,0,0,0,0,,0,
TX-101588,SYN-10042,2026-10-21T10:00:00+05:30,6698.62,669862,out,essential,Completed,,UPI,Payment counterparty,party-2,MCH-10042,DEV-10042,Bengaluru,0,0,0,0,0,0,,0,
TX-101589,SYN-10042,2026-10-26T09:10:00+05:30,8263.83,826383,in,credit,Completed,,UPI,Payment counterparty,credit-line,MCH-10042,DEV-10042,Bengaluru,0,0,0,0,0,0,,0,
TX-101590,SYN-10042,2026-10-26T10:00:00+05:30,8263.83,826383,out,essential,Completed,,UPI,Payment counterparty,party-3,MCH-10042,DEV-10042,Bengaluru,0,0,0,0,0,0,,0,
TX-101591,SYN-10042,2026-11-03T09:10:00+05:30,7973.41,797341,in,credit,Completed,,UPI,Payment counterparty,credit-line,MCH-10042,DEV-10042,Bengaluru,0,0,0,0,0,0,,0,
TX-101592,SYN-10042,2026-11-03T10:00:00+05:30,7973.41,797341,out,essential,Completed,,UPI,Payment counterparty,party-4,MCH-10042,DEV-10042,Bengaluru,0,0,0,0,0,0,,0,
TX-101593,SYN-10042,2026-11-05T09:00:00+05:30,37906.32,3790632,in,salary,Completed,,Card,Payment counterparty,employer,MCH-10042,DEV-10042,Bengaluru,0,0,0,0,0,0,,0,
TX-101595,SYN-10043,2026-08-03T10:00:00+05:30,4388.55,438855,out,essential,Completed,,UPI,Payment counterparty,party-1,MCH-10043,DEV-10043,Jaipur,0,0,0,0,0,0,,0,
TX-101596,SYN-10043,2026-08-05T09:00:00+05:30,53116.62,5311662,in,salary,Completed,,UPI,Payment counterparty,employer,MCH-10043,DEV-10043,Jaipur,0,0,0,0,0,0,,0,
TX-101597,SYN-10043,2026-08-09T10:00:00+05:30,5437.63,543763,out,essential,Completed,,UPI,Payment counterparty,party-4,MCH-10043,DEV-10043,Jaipur,0,0,0,0,0,0,,0,
TX-101598,SYN-10043,2026-08-10T12:00:00+05:30,4525.92,452592,out,transfer,Completed,,Digital banking,Payment counterparty,party-4,,DEV-10043,Jaipur,0,0,0,0,0,0,,0,
TX-101599,SYN-10043,2026-08-15T10:00:00+05:30,5666.23,566623,out,essential,Completed,,UPI,Payment counterparty,party-2,MCH-10043,DEV-10043,Jaipur,0,0,0,0,0,0,,0,
TX-101600,SYN-10043,2026-08-19T12:00:00+05:30,5695.61,569561,out,transfer,Completed,,UPI,Payment counterparty,party-5,,DEV-10043,Jaipur,0,0,0,0,0,0,,0,
TX-101601,SYN-10043,2026-08-21T10:00:00+05:30,4634.0,463400,out,essential,Completed,,UPI,Payment counterparty,party-1,MCH-10043,DEV-10043,Jaipur,0,0,0,0,0,0,,0,
TX-101602,SYN-10043,2026-08-24T22:30:00+05:30,19547.88,1954788,out,emi,Completed,,Card,Payment counterparty,lender,MCH-10043,DEV-10043,Jaipur,0,0,0,0,0,0,LN-43-0,2,
TX-101603,SYN-10043,2026-08-26T10:00:00+05:30,4363.27,436327,out,essential,Completed,,UPI,Payment counterparty,party-6,MCH-10043,DEV-10043,Jaipur,0,0,0,0,0,0,,0,
TX-101604,SYN-10043,2026-08-26T12:00:00+05:30,2787.58,278758,out,transfer,Completed,,UPI,Payment counterparty,party-4,,DEV-10043,Jaipur,0,1,0,0,0,0,,0,
TX-101605,SYN-10043,2026-09-03T10:00:00+05:30,5225.88,522588,out,essential,Completed,,UPI,Payment counterparty,party-2,MCH-10043,DEV-10043,Jaipur,0,0,0,0,0,0,,0,
TX-101606,SYN-10043,2026-09-09T10:00:00+05:30,5048.17,504817,out,essential,Completed,,Card,Payment counterparty,party-6,MCH-10043,DEV-10043,Jaipur,0,0,0,0,0,0,,0,
TX-101607,SYN-10043,2026-09-10T12:00:00+05:30,5471.62,547162,out,transfer,Completed,,UPI,Payment counterparty,party-4,,DEV-10043,Jaipur,0,0,0,0,0,0,,0,
TX-101608,SYN-10043,2026-09-15T10:00:00+05:30,4774.67,477467,out,essential,Completed,,UPI,Payment counterparty,party-5,MCH-10043,DEV-10043,Jaipur,0,0,0,0,0,0,,0,
TX-101609,SYN-10043,2026-09-19T12:00:00+05:30,3647.43,364743,out,transfer,Completed,,Digital banking,Payment counterparty,party-3,,DEV-10043,Jaipur,0,0,0,0,0,0,,0,
TX-101610,SYN-10043,2026-09-19T13:00:00+05:30,213.17,21317,out,transfer,Completed,,UPI,Payment counterparty,party-13,,DEV-10043,Jaipur,0,1,0,0,0,0,,0,
TX-101611,SYN-10043,2026-09-19T13:03:00+05:30,213.17,21317,out,transfer,Completed,,Digital banking,Payment counterparty,party-13,,DEV-10043,Jaipur,0,1,0,0,0,0,,0,
TX-101612,SYN-10043,2026-09-21T09:10:00+05:30,3550.26,355026,in,credit,Completed,,UPI,Payment counterparty,credit-line,MCH-10043,DEV-10043,Jaipur,0,0,0,0,0,0,,0,
TX-101613,SYN-10043,2026-09-21T10:00:00+05:30,5116.02,511602,out,essential,Completed,,Card,Payment counterparty,party-2,MCH-10043,DEV-10043,Jaipur,0,0,0,0,0,0,,0,
TX-101614,SYN-10043,2026-09-26T09:10:00+05:30,4605.3,460530,in,credit,Completed,,Card,Payment counterparty,credit-line,MCH-10043,DEV-10043,Jaipur,0,0,0,0,0,0,,0,
TX-101615,SYN-10043,2026-09-26T10:00:00+05:30,4605.3,460530,out,essential,Completed,,UPI,Payment counterparty,party-2,MCH-10043,DEV-10043,Jaipur,0,0,0,0,0,0,,0,
TX-101632,SYN-10043,2026-10-01T12:00:00+05:30,3823.53,382353,out,essential,Pending,2026-09-27T00:00:00+05:30,Card,Payment counterparty,party-3,MCH-10043,DEV-10043,Jaipur,0,0,0,0,0,0,,0,
TX-101616,SYN-10043,2026-10-03T09:10:00+05:30,5347.61,534761,in,credit,Completed,,Card,Payment counterparty,credit-line,MCH-10043,DEV-10043,Jaipur,0,0,0,0,0,0,,0,
TX-101617,SYN-10043,2026-10-03T10:00:00+05:30,5347.61,534761,out,essential,Completed,,UPI,Payment counterparty,party-1,MCH-10043,DEV-10043,Jaipur,0,0,0,0,0,0,,0,
TX-101618,SYN-10043,2026-10-05T09:00:00+05:30,31099.69,3109969,in,salary,Completed,,UPI,Payment counterparty,employer,MCH-10043,DEV-10043,Jaipur,0,0,0,0,0,0,,0,
TX-101619,SYN-10043,2026-10-06T22:30:00+05:30,19547.88,1954788,out,emi,Completed,,UPI,Payment counterparty,lender,MCH-10043,DEV-10043,Jaipur,0,0,0,0,0,0,LN-43-0,3,
TX-101620,SYN-10043,2026-10-09T10:00:00+05:30,4368.85,436885,out,essential,Completed,,Digital banking,Payment counterparty,party-1,MCH-10043,DEV-10043,Jaipur,0,0,0,0,0,0,,0,
TX-101621,SYN-10043,2026-10-10T12:00:00+05:30,4651.92,465192,out,transfer,Completed,,UPI,Payment counterparty,party-1,,DEV-10043,Jaipur,0,1,0,0,0,0,,0,
TX-101622,SYN-10043,2026-10-15T09:10:00+05:30,1877.14,187714,in,credit,Completed,,UPI,Payment counterparty,credit-line,MCH-10043,DEV-10043,Jaipur,0,0,0,0,0,0,,0,
TX-101623,SYN-10043,2026-10-15T10:00:00+05:30,4408.18,440818,out,essential,Completed,,UPI,Payment counterparty,party-5,MCH-10043,DEV-10043,Jaipur,0,0,0,0,0,0,,0,
TX-101624,SYN-10043,2026-10-21T09:10:00+05:30,5141.77,514177,in,credit,Completed,,Digital banking,Payment counterparty,credit-line,MCH-10043,DEV-10043,Jaipur,0,0,0,0,0,0,,0,
TX-101625,SYN-10043,2026-10-21T10:00:00+05:30,5141.77,514177,out,essential,Completed,,Wallet,Payment counterparty,party-2,MCH-10043,DEV-10043,Jaipur,0,0,0,0,0,0,,0,
TX-101626,SYN-10043,2026-10-26T09:10:00+05:30,5376.17,537617,in,credit,Completed,,Digital banking,Payment counterparty,credit-line,MCH-10043,DEV-10043,Jaipur,0,0,0,0,0,0,,0,
TX-101627,SYN-10043,2026-10-26T10:00:00+05:30,5376.17,537617,out,essential,Completed,,UPI,Payment counterparty,party-2,MCH-10043,DEV-10043,Jaipur,0,0,0,0,0,0,,0,
TX-101628,SYN-10043,2026-11-03T09:10:00+05:30,1355.73,135573,in,credit,Completed,,Card,Payment counterparty,credit-line,MCH-10043,DEV-10043,Jaipur,0,0,0,0,0,0,,0,
TX-101629,SYN-10043,2026-11-03T10:00:00+05:30,1355.73,135573,out,essential,Completed,,UPI,Payment counterparty,party-6,MCH-10043,DEV-10043,Jaipur,0,0,0,0,0,0,,0,
TX-101630,SYN-10043,2026-11-05T09:00:00+05:30,18104.94,1810494,in,salary,Completed,,UPI,Payment counterparty,employer,MCH-10043,DEV-10043,Jaipur,0,0,0,0,0,0,,0,
TX-101631,SYN-10043,2026-11-05T22:30:00+05:30,13196.46,1319646,out,emi,Completed,,UPI,Payment counterparty,lender,MCH-10043,DEV-10043,Jaipur,0,0,0,0,0,0,LN-43-0,4,
TX-101633,SYN-10044,2026-08-03T10:00:00+05:30,9045.95,904595,out,essential,Completed,,Digital banking,Payment counterparty,party-3,MCH-10044,DEV-10044,Delhi,0,0,0,0,0,0,,0,
TX-101634,SYN-10044,2026-08-09T10:00:00+05:30,9079.78,907978,out,essential,Completed,,Card,Payment counterparty,party-6,MCH-10044,DEV-10044,Delhi,0,0,0,0,0,0,,0,
TX-101635,SYN-10044,2026-08-13T12:00:00+05:30,2813.65,281365,out,transfer,Completed,,UPI,Payment counterparty,party-1,,DEV-10044,Delhi,0,1,0,0,0,0,,0,
TX-101636,SYN-10044,2026-08-15T10:00:00+05:30,9386.68,938668,out,essential,Completed,,Card,Payment counterparty,party-2,MCH-10044,DEV-10044,Delhi,0,0,0,0,0,0,,0,
TX-101637,SYN-10044,2026-08-19T12:00:00+05:30,7673.46,767346,out,transfer,Completed,,UPI,Payment counterparty,party-5,,DEV-10044,Delhi,0,0,0,0,0,0,,0,
TX-101638,SYN-10044,2026-08-20T12:00:00+05:30,3703.23,370323,out,transfer,Completed,,UPI,Payment counterparty,party-5,,DEV-10136,Delhi,1,0,0,1,0,0,,0,
TX-101639,SYN-10044,2026-08-21T10:00:00+05:30,7342.13,734213,out,essential,Completed,,Card,Payment counterparty,party-3,MCH-10044,DEV-10044,Delhi,0,0,0,0,0,0,,0,
TX-101640,SYN-10044,2026-08-23T12:00:00+05:30,3241.8,324180,out,transfer,Completed,,UPI,Payment counterparty,party-3,,DEV-10044,Delhi,0,1,0,0,0,0,,0,
TX-101641,SYN-10044,2026-08-26T10:00:00+05:30,9161.66,916166,out,essential,Completed,,UPI,Payment counterparty,party-6,MCH-10044,DEV-10044,Delhi,0,0,0,0,0,0,,0,
TX-101642,SYN-10044,2026-08-28T09:00:00+05:30,86502.7,8650270,in,salary,Completed,,Digital banking,Payment counterparty,employer,MCH-10044,DEV-10044,Delhi,0,0,0,0,0,0,,0,
TX-101643,SYN-10044,2026-08-28T22:30:00+05:30,59199.32,5919932,out,emi,Completed,,UPI,Payment counterparty,lender,MCH-10044,DEV-10044,Delhi,0,0,0,0,0,0,LN-44-0,2,
TX-101644,SYN-10044,2026-09-03T10:00:00+05:30,9047.5,904750,out,essential,Completed,,UPI,Payment counterparty,party-3,MCH-10044,DEV-10044,Delhi,0,0,0,0,0,0,,0,
TX-101645,SYN-10044,2026-09-09T10:00:00+05:30,7213.91,721391,out,essential,Completed,,Digital banking,Payment counterparty,party-2,MCH-10044,DEV-10044,Delhi,0,0,0,0,0,0,,0,
TX-101646,SYN-10044,2026-09-13T12:00:00+05:30,1486.85,148685,out,transfer,Completed,,UPI,Payment counterparty,party-2,,DEV-10044,Delhi,0,0,0,0,0,0,,0,
TX-101647,SYN-10044,2026-09-14T17:57:00+05:30,28182.99,2818299,out,transfer,Completed,,Digital banking,Payment counterparty,party-25,,DEV-10136,Delhi,1,1,0,1,1,2,,0,
TX-101648,SYN-10044,2026-09-15T09:10:00+05:30,1837.45,183745,in,credit,Completed,,UPI,Payment counterparty,credit-line,MCH-10044,DEV-10044,Delhi,0,0,0,0,0,0,,0,
TX-101649,SYN-10044,2026-09-15T10:00:00+05:30,7579.41,757941,out,essential,Completed,,Card,Payment counterparty,party-3,MCH-10044,DEV-10044,Delhi,0,0,0,0,0,0,,0,
TX-101650,SYN-10044,2026-09-21T09:10:00+05:30,7778.04,777804,in,credit,Completed,,UPI,Payment counterparty,credit-line,MCH-10044,DEV-10044,Delhi,0,0,0,0,0,0,,0,
TX-101651,SYN-10044,2026-09-21T10:00:00+05:30,7778.04,777804,out,essential,Completed,,UPI,Payment counterparty,party-4,MCH-10044,DEV-10044,Delhi,0,0,0,0,0,0,,0,
TX-101652,SYN-10044,2026-09-26T09:10:00+05:30,9562.49,956249,in,credit,Completed,,UPI,Payment counterparty,credit-line,MCH-10044,DEV-10044,Delhi,0,0,0,0,0,0,,0,
TX-101653,SYN-10044,2026-09-26T10:00:00+05:30,9562.49,956249,out,essential,Completed,,Card,Payment counterparty,party-1,MCH-10044,DEV-10044,Delhi,0,0,0,0,0,0,,0,
TX-101654,SYN-10044,2026-09-28T09:00:00+05:30,17434.08,1743408,in,salary,Completed,,UPI,Payment counterparty,employer,MCH-10044,DEV-10044,Delhi,0,0,0,0,0,0,,0,
TX-101655,SYN-10044,2026-09-28T22:30:00+05:30,5733.62,573362,out,emi,Completed,,UPI,Payment counterparty,lender,MCH-10044,DEV-10044,Delhi,0,0,0,0,0,0,LN-44-0,3,
TX-101667,SYN-10044,2026-10-01T12:00:00+05:30,6280.08,628008,out,essential,Pending,2026-09-27T00:00:00+05:30,Digital banking,Payment counterparty,party-5,MCH-10044,DEV-10044,Delhi,0,0,0,0,0,0,,0,
TX-101656,SYN-10044,2026-10-03T10:00:00+05:30,7612.83,761283,out,essential,Completed,,UPI,Payment counterparty,party-2,MCH-10044,DEV-10044,Delhi,0,0,0,0,0,0,,0,
TX-101657,SYN-10044,2026-10-09T09:10:00+05:30,4246.44,424644,in,credit,Completed,,Digital banking,Payment counterparty,credit-line,MCH-10044,DEV-10044,Delhi,0,0,0,0,0,0,,0,
TX-101658,SYN-10044,2026-10-09T10:00:00+05:30,8334.07,833407,out,essential,Completed,,UPI,Payment counterparty,party-3,MCH-10044,DEV-10044,Delhi,0,0,0,0,0,0,,0,
TX-101659,SYN-10044,2026-10-15T09:10:00+05:30,8423.57,842357,in,credit,Completed,,UPI,Payment counterparty,credit-line,MCH-10044,DEV-10044,Delhi,0,0,0,0,0,0,,0,
TX-101660,SYN-10044,2026-10-15T10:00:00+05:30,8423.57,842357,out,essential,Completed,,UPI,Payment counterparty,party-5,MCH-10044,DEV-10044,Delhi,0,0,0,0,0,0,,0,
TX-101661,SYN-10044,2026-10-21T09:10:00+05:30,5554.88,555488,in,credit,Completed,,UPI,Payment counterparty,credit-line,MCH-10044,DEV-10044,Delhi,0,0,0,0,0,0,,0,
TX-101662,SYN-10044,2026-10-21T10:00:00+05:30,5554.88,555488,out,essential,Completed,,Digital banking,Payment counterparty,party-6,MCH-10044,DEV-10044,Delhi,0,0,0,0,0,0,,0,
TX-101663,SYN-10044,2026-10-28T09:00:00+05:30,28958.07,2895807,in,salary,Completed,,UPI,Payment counterparty,employer,MCH-10044,DEV-10044,Delhi,0,0,0,0,0,0,,0,
TX-101664,SYN-10044,2026-10-28T22:30:00+05:30,20387.32,2038732,out,emi,Completed,,UPI,Payment counterparty,lender,MCH-10044,DEV-10044,Delhi,0,0,0,0,0,0,LN-44-0,3,
TX-101665,SYN-10044,2026-10-28T22:30:00+05:30,1158.48,115848,out,emi,Completed,,UPI,Payment counterparty,lender,MCH-10044,DEV-10044,Delhi,0,0,0,0,0,0,LN-44-0,4,
TX-101666,SYN-10044,2026-11-03T10:00:00+05:30,7412.27,741227,out,essential,Completed,,UPI,Payment counterparty,party-1,MCH-10044,DEV-10044,Delhi,0,0,0,0,0,0,,0,
TX-101668,SYN-10045,2026-08-03T10:00:00+05:30,8124.54,812454,out,essential,Completed,,UPI,Payment counterparty,party-4,MCH-10045,DEV-10045,Mumbai,0,0,0,0,0,0,,0,
TX-101669,SYN-10045,2026-08-05T09:00:00+05:30,85594.9,8559490,in,salary,Completed,,Card,Payment counterparty,employer,MCH-10045,DEV-10045,Mumbai,0,0,0,0,0,0,,0,
TX-101670,SYN-10045,2026-08-09T10:00:00+05:30,9367.51,936751,out,essential,Completed,,UPI,Payment counterparty,party-5,MCH-10045,DEV-10045,Mumbai,0,0,0,0,0,0,,0,
TX-101671,SYN-10045,2026-08-09T12:00:00+05:30,9022.81,902281,out,transfer,Completed,,Digital banking,Payment counterparty,party-6,,DEV-10045,Mumbai,0,0,0,0,0,0,,0,
TX-101672,SYN-10045,2026-08-15T10:00:00+05:30,8924.18,892418,out,essential,Completed,,UPI,Payment counterparty,party-2,MCH-10045,DEV-10045,Mumbai,0,0,0,0,0,0,,0,
TX-101673,SYN-10045,2026-08-21T10:00:00+05:30,8041.5,804150,out,essential,Completed,,UPI,Payment counterparty,party-3,MCH-10045,DEV-10045,Mumbai,0,0,0,0,0,0,,0,
TX-101674,SYN-10045,2026-08-22T12:00:00+05:30,10251.15,1025115,out,transfer,Completed,,Digital banking,Payment counterparty,party-2,,DEV-10045,Mumbai,0,0,0,0,0,0,,0,
TX-101675,SYN-10045,2026-08-22T22:30:00+05:30,20445.31,2044531,out,emi,Completed,,UPI,Payment counterparty,lender,MCH-10045,DEV-10045,Mumbai,0,0,0,0,0,0,LN-45-0,2,
TX-101676,SYN-10045,2026-08-26T10:00:00+05:30,8177.71,817771,out,essential,Completed,,UPI,Payment counterparty,party-2,MCH-10045,DEV-10045,Mumbai,0,0,0,0,0,0,,0,
TX-101677,SYN-10045,2026-09-03T10:00:00+05:30,9390.7,939070,out,essential,Completed,,UPI,Payment counterparty,party-3,MCH-10045,DEV-10045,Mumbai,0,0,0,0,0,0,,0,
TX-101678,SYN-10045,2026-09-05T09:00:00+05:30,94034.13,9403413,in,salary,Completed,,Digital banking,Payment counterparty,employer,MCH-10045,DEV-10045,Mumbai,0,0,0,0,0,0,,0,
TX-101679,SYN-10045,2026-09-09T10:00:00+05:30,8390.91,839091,out,essential,Completed,,UPI,Payment counterparty,party-1,MCH-10045,DEV-10045,Mumbai,0,0,0,0,0,0,,0,
TX-101680,SYN-10045,2026-09-09T12:00:00+05:30,10642.47,1064247,out,transfer,Completed,,UPI,Payment counterparty,party-5,,DEV-10045,Mumbai,0,0,0,0,0,0,,0,
TX-101681,SYN-10045,2026-09-13T14:00:00+05:30,18800.0,1880000,in,transfer,Completed,,UPI,Payment counterparty,sender-1,,DEV-10045,Mumbai,0,1,0,0,0,0,,0,
TX-101682,SYN-10045,2026-09-13T14:03:00+05:30,19300.0,1930000,in,transfer,Completed,,UPI,Payment counterparty,sender-1,,DEV-10045,Mumbai,0,1,0,0,0,0,,0,
TX-101683,SYN-10045,2026-09-13T14:06:00+05:30,21500.0,2150000,in,transfer,Completed,,UPI,Payment counterparty,sender-1,,DEV-10045,Mumbai,0,1,0,0,0,0,,0,
TX-101684,SYN-10045,2026-09-13T14:14:00+05:30,53640.0,5364000,out,transfer,Completed,,Digital banking,Payment counterparty,party-21,,DEV-10045,Mumbai,0,1,0,0,0,0,,0,
TX-101685,SYN-10045,2026-09-15T10:00:00+05:30,8096.23,809623,out,essential,Completed,,UPI,Payment counterparty,party-1,MCH-10045,DEV-10045,Mumbai,0,0,0,0,0,0,,0,
TX-101686,SYN-10045,2026-09-21T10:00:00+05:30,9488.14,948814,out,essential,Completed,,Card,Payment counterparty,party-2,MCH-10045,DEV-10045,Mumbai,0,0,0,0,0,0,,0,
TX-101687,SYN-10045,2026-09-22T12:00:00+05:30,1524.8,152480,out,transfer,Completed,,Card,Payment counterparty,party-2,,DEV-10137,Mumbai,1,1,0,0,0,0,,0,
TX-101688,SYN-10045,2026-09-22T22:30:00+05:30,20445.31,2044531,out,emi,Completed,,UPI,Payment counterparty,lender,MCH-10045,DEV-10045,Mumbai,0,0,0,0,0,0,LN-45-0,3,
TX-101689,SYN-10045,2026-09-26T10:00:00+05:30,8174.89,817489,out,essential,Completed,,Card,Payment counterparty,party-6,MCH-10045,DEV-10045,Mumbai,0,0,0,0,0,0,,0,
TX-101701,SYN-10045,2026-10-01T12:00:00+05:30,6872.32,687232,out,essential,Pending,2026-09-27T00:00:00+05:30,Digital banking,Payment counterparty,party-2,MCH-10045,DEV-10045,Mumbai,0,0,0,0,0,0,,0,
TX-101690,SYN-10045,2026-10-03T10:00:00+05:30,10347.6,1034760,out,essential,Completed,,UPI,Payment counterparty,party-6,MCH-10045,DEV-10045,Mumbai,0,0,0,0,0,0,,0,
TX-101691,SYN-10045,2026-10-05T09:00:00+05:30,85936.27,8593627,in,salary,Completed,,Card,Payment counterparty,employer,MCH-10045,DEV-10045,Mumbai,0,0,0,0,0,0,,0,
TX-101692,SYN-10045,2026-10-09T10:00:00+05:30,9521.55,952155,out,essential,Completed,,Wallet,Payment counterparty,party-6,MCH-10045,DEV-10045,Mumbai,0,0,0,0,0,0,,0,
TX-101693,SYN-10045,2026-10-09T12:00:00+05:30,6238.07,623807,out,transfer,Completed,,Digital banking,Payment counterparty,party-4,,DEV-10045,Mumbai,0,1,0,0,0,0,,0,
TX-101694,SYN-10045,2026-10-15T10:00:00+05:30,10371.93,1037193,out,essential,Completed,,UPI,Payment counterparty,party-5,MCH-10045,DEV-10045,Mumbai,0,0,0,0,0,0,,0,
TX-101695,SYN-10045,2026-10-21T10:00:00+05:30,9201.84,920184,out,essential,Completed,,UPI,Payment counterparty,party-2,MCH-10045,DEV-10045,Mumbai,0,0,0,0,0,0,,0,
TX-101696,SYN-10045,2026-10-22T12:00:00+05:30,6718.58,671858,out,transfer,Completed,,UPI,Payment counterparty,party-3,,DEV-10045,Mumbai,0,1,0,0,0,0,,0,
TX-101697,SYN-10045,2026-10-22T22:30:00+05:30,20445.31,2044531,out,emi,Completed,,Wallet,Payment counterparty,lender,MCH-10045,DEV-10045,Mumbai,0,0,0,0,0,0,LN-45-0,4,
TX-101698,SYN-10045,2026-10-26T10:00:00+05:30,9670.13,967013,out,essential,Completed,,Wallet,Payment counterparty,party-4,MCH-10045,DEV-10045,Mumbai,0,0,0,0,0,0,,0,
TX-101699,SYN-10045,2026-11-03T10:00:00+05:30,10023.26,1002326,out,essential,Completed,,UPI,Payment counterparty,party-2,MCH-10045,DEV-10045,Mumbai,0,0,0,0,0,0,,0,
TX-101700,SYN-10045,2026-11-05T09:00:00+05:30,88059.39,8805939,in,salary,Completed,,UPI,Payment counterparty,employer,MCH-10045,DEV-10045,Mumbai,0,0,0,0,0,0,,0,
TX-101702,SYN-10046,2026-08-02T12:00:00+05:30,12081.44,1208144,out,transfer,Completed,,UPI,Payment counterparty,party-4,,DEV-10046,Bengaluru,0,0,0,0,0,0,,0,
TX-101703,SYN-10046,2026-08-03T10:00:00+05:30,6122.85,612285,out,essential,Completed,,UPI,Payment counterparty,party-4,MCH-10046,DEV-10046,Bengaluru,0,0,0,0,0,0,,0,
TX-101704,SYN-10046,2026-08-09T10:00:00+05:30,4736.61,473661,out,essential,Completed,,UPI,Payment counterparty,party-6,MCH-10046,DEV-10046,Bengaluru,0,0,0,0,0,0,,0,
TX-101705,SYN-10046,2026-08-15T10:00:00+05:30,4977.77,497777,out,essential,Completed,,UPI,Payment counterparty,party-2,MCH-10046,DEV-10046,Bengaluru,0,0,0,0,0,0,,0,
TX-101706,SYN-10046,2026-08-19T12:00:00+05:30,7543.26,754326,out,transfer,Completed,,Card,Payment counterparty,party-4,,DEV-10046,Bengaluru,0,1,0,0,0,0,,0,
TX-101707,SYN-10046,2026-08-21T10:00:00+05:30,6093.59,609359,out,essential,Completed,,UPI,Payment counterparty,party-6,MCH-10046,DEV-10046,Bengaluru,0,0,0,0,0,0,,0,
TX-101708,SYN-10046,2026-08-23T12:00:00+05:30,7390.42,739042,out,transfer,Completed,,Digital banking,Payment counterparty,party-5,,DEV-10046,Bengaluru,0,0,0,0,0,0,,0,
TX-101709,SYN-10046,2026-08-24T22:30:00+05:30,8740.23,874023,out,emi,Completed,,Card,Payment counterparty,lender,MCH-10046,DEV-10046,Bengaluru,0,0,0,0,0,0,LN-46-0,2,
TX-101710,SYN-10046,2026-08-26T10:00:00+05:30,5832.99,583299,out,essential,Completed,,UPI,Payment counterparty,party-6,MCH-10046,DEV-10046,Bengaluru,0,0,0,0,0,0,,0,
TX-101711,SYN-10046,2026-08-26T12:00:00+05:30,12703.28,1270328,out,transfer,Completed,,UPI,Payment counterparty,party-3,,DEV-10046,Bengaluru,0,0,0,0,0,0,,0,
TX-101712,SYN-10046,2026-08-28T09:00:00+05:30,75463.3,7546330,in,salary,Completed,,UPI,Payment counterparty,employer,MCH-10046,DEV-10046,Bengaluru,0,0,0,0,0,0,,0,
TX-101713,SYN-10046,2026-09-02T12:00:00+05:30,2752.28,275228,out,transfer,Completed,,Digital banking,Payment counterparty,party-2,,DEV-10046,Bengaluru,0,1,0,0,0,0,,0,
TX-101714,SYN-10046,2026-09-03T10:00:00+05:30,5597.87,559787,out,essential,Completed,,UPI,Payment counterparty,party-2,MCH-10046,DEV-10046,Bengaluru,0,0,0,0,0,0,,0,
TX-101715,SYN-10046,2026-09-08T15:00:00+05:30,8281.95,828195,out,transfer,Completed,,UPI,Payment counterparty,party-26,,DEV-10137,Bengaluru,1,0,0,0,0,0,,0,
TX-101716,SYN-10046,2026-09-08T15:05:00+05:30,8281.95,828195,out,transfer,Completed,,Digital banking,Payment counterparty,party-26,,DEV-10137,Bengaluru,1,0,0,1,0,0,,0,
TX-101717,SYN-10046,2026-09-09T10:00:00+05:30,4797.6,479760,out,essential,Completed,,UPI,Payment counterparty,party-1,MCH-10046,DEV-10046,Bengaluru,0,0,0,0,0,0,,0,
TX-101718,SYN-10046,2026-09-15T10:00:00+05:30,5481.35,548135,out,essential,Completed,,UPI,Payment counterparty,party-4,MCH-10046,DEV-10046,Bengaluru,0,0,0,0,0,0,,0,
TX-101719,SYN-10046,2026-09-19T12:00:00+05:30,12067.4,1206740,out,transfer,Completed,,Card,Payment counterparty,party-6,,DEV-10046,Bengaluru,0,0,0,0,0,0,,0,
TX-101720,SYN-10046,2026-09-19T14:00:00+05:30,22500.0,2250000,in,transfer,Completed,,UPI,Payment counterparty,sender-0,,DEV-10046,Bengaluru,0,1,0,0,0,0,,0,
TX-101721,SYN-10046,2026-09-19T14:03:00+05:30,28400.0,2840000,in,transfer,Completed,,UPI,Payment counterparty,sender-1,,DEV-10046,Bengaluru,0,1,0,0,0,0,,0,
TX-101722,SYN-10046,2026-09-19T14:06:00+05:30,24800.0,2480000,in,transfer,Completed,,Digital banking,Payment counterparty,sender-2,,DEV-10046,Bengaluru,0,1,0,0,0,0,,0,
TX-101723,SYN-10046,2026-09-19T14:14:00+05:30,68130.0,6813000,out,transfer,Completed,,UPI,Payment counterparty,party-21,,DEV-10046,Bengaluru,0,1,0,0,0,0,,0,
TX-101724,SYN-10046,2026-09-21T10:00:00+05:30,5592.82,559282,out,essential,Completed,,Card,Payment counterparty,party-2,MCH-10046,DEV-10046,Bengaluru,0,0,0,0,0,0,,0,
TX-101725,SYN-10046,2026-09-23T12:00:00+05:30,4168.91,416891,out,transfer,Completed,,Card,Payment counterparty,party-4,,DEV-10137,Bengaluru,1,0,0,1,0,0,,0,
TX-101726,SYN-10046,2026-09-24T22:30:00+05:30,8740.23,874023,out,emi,Completed,,UPI,Payment counterparty,lender,MCH-10046,DEV-10046,Bengaluru,0,0,0,0,0,0,LN-46-0,3,
TX-101727,SYN-10046,2026-09-26T10:00:00+05:30,6038.28,603828,out,essential,Completed,,UPI,Payment counterparty,party-6,MCH-10046,DEV-10046,Bengaluru,0,0,0,0,0,0,,0,
TX-101728,SYN-10046,2026-09-26T12:00:00+05:30,8897.85,889785,out,transfer,Completed,,Digital banking,Payment counterparty,party-3,,DEV-10046,Bengaluru,0,0,0,0,0,0,,0,
TX-101729,SYN-10046,2026-09-28T09:00:00+05:30,68085.12,6808512,in,salary,Completed,,UPI,Payment counterparty,employer,MCH-10046,DEV-10046,Bengaluru,0,0,0,0,0,0,,0,
TX-101743,SYN-10046,2026-10-01T12:00:00+05:30,4070.05,407005,out,essential,Pending,2026-09-27T00:00:00+05:30,UPI,Payment counterparty,party-4,MCH-10046,DEV-10046,Bengaluru,0,0,0,0,0,0,,0,
TX-101730,SYN-10046,2026-10-02T12:00:00+05:30,9978.38,997838,out,transfer,Completed,,UPI,Payment counterparty,party-6,,DEV-10046,Bengaluru,0,0,0,0,0,0,,0,
TX-101731,SYN-10046,2026-10-03T10:00:00+05:30,5364.63,536463,out,essential,Completed,,UPI,Payment counterparty,party-5,MCH-10046,DEV-10046,Bengaluru,0,0,0,0,0,0,,0,
TX-101732,SYN-10046,2026-10-09T10:00:00+05:30,5628.08,562808,out,essential,Completed,,UPI,Payment counterparty,party-5,MCH-10046,DEV-10046,Bengaluru,0,0,0,0,0,0,,0,
TX-101733,SYN-10046,2026-10-15T10:00:00+05:30,6222.31,622231,out,essential,Completed,,UPI,Payment counterparty,party-2,MCH-10046,DEV-10046,Bengaluru,0,0,0,0,0,0,,0,
TX-101734,SYN-10046,2026-10-19T12:00:00+05:30,12162.3,1216230,out,transfer,Completed,,Wallet,Payment counterparty,party-3,,DEV-10046,Bengaluru,0,1,0,0,0,0,,0,
TX-101735,SYN-10046,2026-10-21T10:00:00+05:30,5771.28,577128,out,essential,Completed,,Wallet,Payment counterparty,party-3,MCH-10046,DEV-10046,Bengaluru,0,0,0,0,0,0,,0,
TX-101736,SYN-10046,2026-10-23T12:00:00+05:30,6094.17,609417,out,transfer,Completed,,UPI,Payment counterparty,party-5,,DEV-10046,Bengaluru,0,0,0,0,0,0,,0,
TX-101737,SYN-10046,2026-10-24T22:30:00+05:30,8740.23,874023,out,emi,Completed,,UPI,Payment counterparty,lender,MCH-10046,DEV-10046,Bengaluru,0,0,0,0,0,0,LN-46-0,4,
TX-101738,SYN-10046,2026-10-26T10:00:00+05:30,5916.36,591636,out,essential,Completed,,UPI,Payment counterparty,party-4,MCH-10046,DEV-10046,Bengaluru,0,0,0,0,0,0,,0,
TX-101739,SYN-10046,2026-10-26T12:00:00+05:30,11582.32,1158232,out,transfer,Completed,,UPI,Payment counterparty,party-6,,DEV-10046,Bengaluru,0,1,0,0,0,0,,0,
TX-101740,SYN-10046,2026-10-28T09:00:00+05:30,73480.72,7348072,in,salary,Completed,,UPI,Payment counterparty,employer,MCH-10046,DEV-10046,Bengaluru,0,0,0,0,0,0,,0,
TX-101741,SYN-10046,2026-11-02T12:00:00+05:30,13061.24,1306124,out,transfer,Completed,,UPI,Payment counterparty,party-6,,DEV-10046,Bengaluru,0,1,0,0,0,0,,0,
TX-101742,SYN-10046,2026-11-03T10:00:00+05:30,5973.16,597316,out,essential,Completed,,Digital banking,Payment counterparty,party-5,MCH-10046,DEV-10046,Bengaluru,0,0,0,0,0,0,,0,
TX-101744,SYN-10047,2026-08-03T10:00:00+05:30,10380.25,1038025,out,essential,Completed,,UPI,Payment counterparty,party-4,MCH-10047,DEV-10047,Jaipur,0,0,0,0,0,0,,0,
TX-101745,SYN-10047,2026-08-03T12:00:00+05:30,4767.23,476723,out,transfer,Completed,,Digital banking,Payment counterparty,party-1,,DEV-10047,Jaipur,0,0,0,0,0,0,,0,
TX-101746,SYN-10047,2026-08-05T09:00:00+05:30,101928.92,10192892,in,salary,Completed,,UPI,Payment counterparty,employer,MCH-10047,DEV-10047,Jaipur,0,0,0,0,0,0,,0,
TX-101747,SYN-10047,2026-08-09T10:00:00+05:30,8403.92,840392,out,essential,Completed,,Digital banking,Payment counterparty,party-1,MCH-10047,DEV-10047,Jaipur,0,0,0,0,0,0,,0,
TX-101748,SYN-10047,2026-08-15T10:00:00+05:30,9780.82,978082,out,essential,Completed,,UPI,Payment counterparty,party-6,MCH-10047,DEV-10047,Jaipur,0,0,0,0,0,0,,0,
TX-101749,SYN-10047,2026-08-16T12:00:00+05:30,5323.18,532318,out,transfer,Completed,,UPI,Payment counterparty,party-2,,DEV-10047,Jaipur,0,0,0,0,0,0,,0,
TX-101750,SYN-10047,2026-08-21T10:00:00+05:30,8393.32,839332,out,essential,Completed,,Digital banking,Payment counterparty,party-4,MCH-10047,DEV-10047,Jaipur,0,0,0,0,0,0,,0,
TX-101751,SYN-10047,2026-08-21T12:00:00+05:30,8974.93,897493,out,transfer,Completed,,UPI,Payment counterparty,party-1,,DEV-10047,Jaipur,0,1,0,0,0,0,,0,
TX-101752,SYN-10047,2026-08-23T12:00:00+05:30,8125.59,812559,out,transfer,Completed,,UPI,Payment counterparty,party-2,,DEV-10047,Jaipur,0,0,0,0,0,0,,0,
TX-101753,SYN-10047,2026-08-23T22:30:00+05:30,55304.41,5530441,out,emi,Completed,,UPI,Payment counterparty,lender,MCH-10047,DEV-10047,Jaipur,0,0,0,0,0,0,LN-47-0,2,
TX-101754,SYN-10047,2026-08-26T10:00:00+05:30,9544.29,954429,out,essential,Completed,,UPI,Payment counterparty,party-3,MCH-10047,DEV-10047,Jaipur,0,0,0,0,0,0,,0,
TX-101755,SYN-10047,2026-09-03T10:00:00+05:30,9495.62,949562,out,essential,Completed,,UPI,Payment counterparty,party-1,MCH-10047,DEV-10047,Jaipur,0,0,0,0,0,0,,0,
TX-101756,SYN-10047,2026-09-03T12:00:00+05:30,7164.0,716400,out,transfer,Completed,,Digital banking,Payment counterparty,party-2,,DEV-10047,Jaipur,0,1,0,0,0,0,,0,
TX-101757,SYN-10047,2026-09-05T09:00:00+05:30,93081.35,9308135,in,salary,Completed,,Digital banking,Payment counterparty,employer,MCH-10047,DEV-10047,Jaipur,0,0,0,0,0,0,,0,
TX-101758,SYN-10047,2026-09-09T10:00:00+05:30,9738.22,973822,out,essential,Completed,,Card,Payment counterparty,party-3,MCH-10047,DEV-10047,Jaipur,0,0,0,0,0,0,,0,
TX-101759,SYN-10047,2026-09-15T10:00:00+05:30,9916.22,991622,out,essential,Completed,,Digital banking,Payment counterparty,party-3,MCH-10047,DEV-10047,Jaipur,0,0,0,0,0,0,,0,
TX-101760,SYN-10047,2026-09-16T12:00:00+05:30,7690.88,769088,out,transfer,Completed,,UPI,Payment counterparty,party-1,,DEV-10047,Jaipur,0,0,0,0,0,0,,0,
TX-101761,SYN-10047,2026-09-18T13:38:00+05:30,61891.62,6189162,out,transfer,Completed,,UPI,Payment counterparty,party-26,,DEV-10047,Jaipur,0,1,0,0,1,1,,0,
TX-101762,SYN-10047,2026-09-18T13:45:00+05:30,61891.62,6189162,out,transfer,Completed,,UPI,Payment counterparty,party-26,,DEV-10047,Jaipur,0,1,0,0,1,2,,0,
TX-101763,SYN-10047,2026-09-21T10:00:00+05:30,9223.61,922361,out,essential,Completed,,UPI,Payment counterparty,party-2,MCH-10047,DEV-10047,Jaipur,0,0,0,0,0,0,,0,
TX-101764,SYN-10047,2026-09-21T12:00:00+05:30,3526.08,352608,out,transfer,Completed,,UPI,Payment counterparty,party-3,,DEV-10047,Jaipur,0,0,0,0,0,0,,0,
TX-101765,SYN-10047,2026-09-23T12:00:00+05:30,3765.54,376554,out,transfer,Completed,,UPI,Payment counterparty,party-3,,DEV-10047,Jaipur,0,0,0,0,0,0,,0,
TX-101766,SYN-10047,2026-09-24T13:48:00+05:30,10251.57,1025157,out,transfer,Completed,,Digital banking,Payment counterparty,party-18,,DEV-10137,Jaipur,1,1,0,1,1,3,,0,
TX-101767,SYN-10047,2026-09-24T13:58:00+05:30,10251.57,1025157,out,transfer,Completed,,UPI,Payment counterparty,party-18,,DEV-10137,Jaipur,1,1,0,1,1,4,,0,
TX-101768,SYN-10047,2026-09-26T10:00:00+05:30,11075.23,1107523,out,essential,Completed,,UPI,Payment counterparty,party-1,MCH-10047,DEV-10047,Jaipur,0,0,0,0,0,0,,0,
TX-101783,SYN-10047,2026-10-01T12:00:00+05:30,7378.82,737882,out,essential,Pending,2026-09-27T00:00:00+05:30,UPI,Payment counterparty,party-5,MCH-10047,DEV-10047,Jaipur,0,0,0,0,0,0,,0,
TX-101769,SYN-10047,2026-10-03T09:10:00+05:30,9340.64,934064,in,credit,Completed,,UPI,Payment counterparty,credit-line,MCH-10047,DEV-10047,Jaipur,0,0,0,0,0,0,,0,
TX-101770,SYN-10047,2026-10-03T10:00:00+05:30,10541.83,1054183,out,essential,Completed,,Card,Payment counterparty,party-3,MCH-10047,DEV-10047,Jaipur,0,0,0,0,0,0,,0,
TX-101771,SYN-10047,2026-10-05T09:00:00+05:30,94546.0,9454600,in,salary,Completed,,UPI,Payment counterparty,employer,MCH-10047,DEV-10047,Jaipur,0,0,0,0,0,0,,0,
TX-101772,SYN-10047,2026-10-05T22:30:00+05:30,55304.41,5530441,out,emi,Completed,,Wallet,Payment counterparty,lender,MCH-10047,DEV-10047,Jaipur,0,0,0,0,0,0,LN-47-0,3,
TX-101773,SYN-10047,2026-10-09T10:00:00+05:30,9849.09,984909,out,essential,Completed,,Wallet,Payment counterparty,party-2,MCH-10047,DEV-10047,Jaipur,0,0,0,0,0,0,,0,
TX-101774,SYN-10047,2026-10-15T10:00:00+05:30,9734.1,973410,out,essential,Completed,,Digital banking,Payment counterparty,party-5,MCH-10047,DEV-10047,Jaipur,0,0,0,0,0,0,,0,
TX-101775,SYN-10047,2026-10-16T12:00:00+05:30,7885.45,788545,out,transfer,Completed,,UPI,Payment counterparty,party-1,,DEV-10047,Jaipur,0,0,0,0,0,0,,0,
TX-101776,SYN-10047,2026-10-21T10:00:00+05:30,11107.11,1110711,out,essential,Completed,,UPI,Payment counterparty,party-3,MCH-10047,DEV-10047,Jaipur,0,0,0,0,0,0,,0,
TX-101777,SYN-10047,2026-10-21T12:00:00+05:30,665.84,66584,out,transfer,Completed,,Digital banking,Payment counterparty,party-2,,DEV-10047,Jaipur,0,0,0,0,0,0,,0,
TX-101778,SYN-10047,2026-10-26T09:10:00+05:30,9101.61,910161,in,credit,Completed,,UPI,Payment counterparty,credit-line,MCH-10047,DEV-10047,Jaipur,0,0,0,0,0,0,,0,
TX-101779,SYN-10047,2026-10-26T10:00:00+05:30,9101.61,910161,out,essential,Completed,,UPI,Payment counterparty,party-5,MCH-10047,DEV-10047,Jaipur,0,0,0,0,0,0,,0,
TX-101780,SYN-10047,2026-11-03T09:10:00+05:30,11169.64,1116964,in,credit,Completed,,UPI,Payment counterparty,credit-line,MCH-10047,DEV-10047,Jaipur,0,0,0,0,0,0,,0,
TX-101781,SYN-10047,2026-11-03T10:00:00+05:30,11169.64,1116964,out,essential,Completed,,UPI,Payment counterparty,party-5,MCH-10047,DEV-10047,Jaipur,0,0,0,0,0,0,,0,
TX-101782,SYN-10047,2026-11-05T09:00:00+05:30,94514.76,9451476,in,salary,Completed,,UPI,Payment counterparty,employer,MCH-10047,DEV-10047,Jaipur,0,0,0,0,0,0,,0,
TX-101784,SYN-10048,2026-08-01T09:00:00+05:30,65175.56,6517556,in,salary,Completed,,UPI,Payment counterparty,employer,MCH-10048,DEV-10048,Delhi,0,0,0,0,0,0,,0,
TX-101785,SYN-10048,2026-08-03T10:00:00+05:30,5158.05,515805,out,essential,Completed,,Digital banking,Payment counterparty,party-4,MCH-10048,DEV-10048,Delhi,0,0,0,0,0,0,,0,
TX-101786,SYN-10048,2026-08-03T12:00:00+05:30,10213.51,1021351,out,transfer,Completed,,UPI,Payment counterparty,party-5,,DEV-10048,Delhi,0,0,0,0,0,0,,0,
TX-101787,SYN-10048,2026-08-09T10:00:00+05:30,5947.69,594769,out,essential,Completed,,UPI,Payment counterparty,party-5,MCH-10048,DEV-10048,Delhi,0,0,0,0,0,0,,0,
TX-101788,SYN-10048,2026-08-13T12:00:00+05:30,6561.23,656123,out,transfer,Completed,,UPI,Payment counterparty,party-3,,DEV-10048,Delhi,0,0,0,0,0,0,,0,
TX-101789,SYN-10048,2026-08-15T10:00:00+05:30,6693.76,669376,out,essential,Completed,,UPI,Payment counterparty,party-2,MCH-10048,DEV-10048,Delhi,0,0,0,0,0,0,,0,
TX-101790,SYN-10048,2026-08-20T22:30:00+05:30,40821.24,4082124,out,emi,Completed,,Wallet,Payment counterparty,lender,MCH-10048,DEV-10048,Delhi,0,0,0,0,0,0,LN-48-0,2,
TX-101791,SYN-10048,2026-08-21T10:00:00+05:30,6364.28,636428,out,essential,Completed,,UPI,Payment counterparty,party-3,MCH-10048,DEV-10048,Delhi,0,0,0,0,0,0,,0,
TX-101792,SYN-10048,2026-08-24T12:00:00+05:30,2387.72,238772,out,transfer,Completed,,UPI,Payment counterparty,party-2,,DEV-10048,Delhi,0,0,0,0,0,0,,0,
TX-101793,SYN-10048,2026-08-26T10:00:00+05:30,5780.53,578053,out,essential,Completed,,UPI,Payment counterparty,party-5,MCH-10048,DEV-10048,Delhi,0,0,0,0,0,0,,0,
TX-101794,SYN-10048,2026-09-01T09:00:00+05:30,60163.92,6016392,in,salary,Completed,,Wallet,Payment counterparty,employer,MCH-10048,DEV-10048,Delhi,0,0,0,0,0,0,,0,
TX-101795,SYN-10048,2026-09-03T10:00:00+05:30,5853.76,585376,out,essential,Completed,,UPI,Payment counterparty,party-5,MCH-10048,DEV-10048,Delhi,0,0,0,0,0,0,,0,
TX-101796,SYN-10048,2026-09-03T12:00:00+05:30,7411.59,741159,out,transfer,Completed,,UPI,Payment counterparty,party-2,,DEV-10048,Delhi,0,1,0,0,0,0,,0,
TX-101797,SYN-10048,2026-09-09T10:00:00+05:30,6714.63,671463,out,essential,Completed,,UPI,Payment counterparty,party-1,MCH-10048,DEV-10048,Delhi,0,0,0,0,0,0,,0,
TX-101798,SYN-10048,2026-09-13T12:00:00+05:30,6613.67,661367,out,transfer,Completed,,UPI,Payment counterparty,party-1,,DEV-10048,Delhi,0,0,0,0,0,0,,0,
TX-101799,SYN-10048,2026-09-15T10:00:00+05:30,5908.52,590852,out,essential,Completed,,Digital banking,Payment counterparty,party-4,MCH-10048,DEV-10048,Delhi,0,0,0,0,0,0,,0,
TX-101800,SYN-10048,2026-09-15T13:05:00+05:30,13005.65,1300565,out,transfer,Completed,,Card,Payment counterparty,party-27,,DEV-10048,Delhi,0,1,0,0,1,3,,0,
TX-101801,SYN-10048,2026-09-15T13:15:00+05:30,13005.65,1300565,out,transfer,Completed,,UPI,Payment counterparty,party-27,,DEV-10048,Delhi,0,1,0,0,1,1,,0,
TX-101802,SYN-10048,2026-09-20T22:30:00+05:30,40821.24,4082124,out,emi,Completed,,UPI,Payment counterparty,lender,MCH-10048,DEV-10048,Delhi,0,0,0,0,0,0,LN-48-0,3,
TX-101803,SYN-10048,2026-09-21T10:00:00+05:30,5186.12,518612,out,essential,Completed,,UPI,Payment counterparty,party-2,MCH-10048,DEV-10048,Delhi,0,0,0,0,0,0,,0,
TX-101804,SYN-10048,2026-09-24T12:00:00+05:30,3231.55,323155,out,transfer,Completed,,UPI,Payment counterparty,party-6,,DEV-10048,Delhi,0,0,0,0,0,0,,0,
TX-101805,SYN-10048,2026-09-26T10:00:00+05:30,5977.06,597706,out,essential,Completed,,UPI,Payment counterparty,party-5,MCH-10048,DEV-10048,Delhi,0,0,0,0,0,0,,0,
TX-101806,SYN-10048,2026-10-01T09:00:00+05:30,63754.92,6375492,in,salary,Completed,,Card,Payment counterparty,employer,MCH-10048,DEV-10048,Delhi,0,0,0,0,0,0,,0,
TX-101819,SYN-10048,2026-10-01T12:00:00+05:30,4411.35,441135,out,essential,Pending,2026-09-27T00:00:00+05:30,UPI,Payment counterparty,party-1,MCH-10048,DEV-10048,Delhi,0,0,0,0,0,0,,0,
TX-101807,SYN-10048,2026-10-03T10:00:00+05:30,6560.49,656049,out,essential,Completed,,UPI,Payment counterparty,party-1,MCH-10048,DEV-10048,Delhi,0,0,0,0,0,0,,0,
TX-101808,SYN-10048,2026-10-03T12:00:00+05:30,6657.31,665731,out,transfer,Completed,,Digital banking,Payment counterparty,party-5,,DEV-10137,Delhi,1,1,0,1,0,0,,0,
TX-101809,SYN-10048,2026-10-09T10:00:00+05:30,5449.96,544996,out,essential,Completed,,Digital banking,Payment counterparty,party-3,MCH-10048,DEV-10048,Delhi,0,0,0,0,0,0,,0,
TX-101810,SYN-10048,2026-10-13T12:00:00+05:30,1487.63,148763,out,transfer,Completed,,Digital banking,Payment counterparty,party-3,,DEV-10048,Delhi,0,1,0,0,0,0,,0,
TX-101811,SYN-10048,2026-10-15T10:00:00+05:30,5410.74,541074,out,essential,Completed,,Digital banking,Payment counterparty,party-5,MCH-10048,DEV-10048,Delhi,0,0,0,0,0,0,,0,
TX-101812,SYN-10048,2026-10-20T22:30:00+05:30,40821.24,4082124,out,emi,Completed,,UPI,Payment counterparty,lender,MCH-10048,DEV-10048,Delhi,0,0,0,0,0,0,LN-48-0,4,
TX-101813,SYN-10048,2026-10-21T10:00:00+05:30,6016.84,601684,out,essential,Completed,,UPI,Payment counterparty,party-3,MCH-10048,DEV-10048,Delhi,0,0,0,0,0,0,,0,
TX-101814,SYN-10048,2026-10-24T12:00:00+05:30,4144.78,414478,out,transfer,Completed,,Digital banking,Payment counterparty,party-1,,DEV-10137,Delhi,1,0,0,0,0,0,,0,
TX-101815,SYN-10048,2026-10-26T10:00:00+05:30,5748.06,574806,out,essential,Completed,,Card,Payment counterparty,party-1,MCH-10048,DEV-10048,Delhi,0,0,0,0,0,0,,0,
TX-101816,SYN-10048,2026-11-01T09:00:00+05:30,65531.0,6553100,in,salary,Completed,,Digital banking,Payment counterparty,employer,MCH-10048,DEV-10048,Delhi,0,0,0,0,0,0,,0,
TX-101817,SYN-10048,2026-11-03T10:00:00+05:30,5198.44,519844,out,essential,Completed,,UPI,Payment counterparty,party-5,MCH-10048,DEV-10048,Delhi,0,0,0,0,0,0,,0,
TX-101818,SYN-10048,2026-11-03T12:00:00+05:30,6480.08,648008,out,transfer,Completed,,Digital banking,Payment counterparty,party-4,,DEV-10048,Delhi,0,0,0,0,0,0,,0,
TX-101820,SYN-10049,2026-08-03T10:00:00+05:30,3388.18,338818,out,essential,Completed,,Wallet,Payment counterparty,party-2,MCH-10049,DEV-10049,Mumbai,0,0,0,0,0,0,,0,
TX-101821,SYN-10049,2026-08-05T09:00:00+05:30,31991.5,3199150,in,salary,Completed,,Card,Payment counterparty,employer,MCH-10049,DEV-10049,Mumbai,0,0,0,0,0,0,,0,
TX-101822,SYN-10049,2026-08-09T10:00:00+05:30,3104.89,310489,out,essential,Completed,,UPI,Payment counterparty,party-4,MCH-10049,DEV-10049,Mumbai,0,0,0,0,0,0,,0,
TX-101823,SYN-10049,2026-08-09T12:00:00+05:30,3931.65,393165,out,transfer,Completed,,UPI,Payment counterparty,party-1,,DEV-10049,Mumbai,0,0,0,0,0,0,,0,
TX-101824,SYN-10049,2026-08-15T10:00:00+05:30,3709.69,370969,out,essential,Completed,,Digital banking,Payment counterparty,party-4,MCH-10049,DEV-10049,Mumbai,0,0,0,0,0,0,,0,
TX-101825,SYN-10049,2026-08-21T10:00:00+05:30,3523.4,352340,out,essential,Completed,,UPI,Payment counterparty,party-3,MCH-10049,DEV-10049,Mumbai,0,0,0,0,0,0,,0,
TX-101826,SYN-10049,2026-08-25T12:00:00+05:30,566.09,56609,out,transfer,Completed,,UPI,Payment counterparty,party-2,,DEV-10137,Mumbai,1,1,0,0,0,0,,0,
TX-101827,SYN-10049,2026-08-26T10:00:00+05:30,3473.12,347312,out,essential,Completed,,Digital banking,Payment counterparty,party-3,MCH-10049,DEV-10049,Mumbai,0,0,0,0,0,0,,0,
TX-101828,SYN-10049,2026-08-28T22:30:00+05:30,5847.16,584716,out,emi,Completed,,Card,Payment counterparty,lender,MCH-10049,DEV-10049,Mumbai,0,0,0,0,0,0,LN-49-0,2,
TX-101829,SYN-10049,2026-09-03T10:00:00+05:30,3781.3,378130,out,essential,Completed,,UPI,Payment counterparty,party-2,MCH-10049,DEV-10049,Mumbai,0,0,0,0,0,0,,0,
TX-101830,SYN-10049,2026-09-05T09:00:00+05:30,29091.69,2909169,in,salary,Completed,,UPI,Payment counterparty,employer,MCH-10049,DEV-10049,Mumbai,0,0,0,0,0,0,,0,
TX-101831,SYN-10049,2026-09-09T10:00:00+05:30,2878.12,287812,out,essential,Completed,,UPI,Payment counterparty,party-6,MCH-10049,DEV-10049,Mumbai,0,0,0,0,0,0,,0,
TX-101832,SYN-10049,2026-09-09T12:00:00+05:30,2905.05,290505,out,transfer,Completed,,UPI,Payment counterparty,party-4,,DEV-10049,Mumbai,0,0,0,0,0,0,,0,
TX-101833,SYN-10049,2026-09-10T13:28:00+05:30,11148.93,1114893,out,transfer,Completed,,Card,Payment counterparty,party-29,,DEV-10137,Mumbai,1,1,0,0,1,3,,0,
TX-101834,SYN-10049,2026-09-10T13:34:00+05:30,11148.93,1114893,out,transfer,Completed,,Digital banking,Payment counterparty,party-29,,DEV-10137,Mumbai,1,1,0,1,1,1,,0,
TX-101835,SYN-10049,2026-09-10T13:34:00+05:30,11148.93,1114893,out,transfer,Completed,,Wallet,Payment counterparty,party-29,,DEV-10137,Mumbai,1,1,0,0,1,2,,0,
TX-101836,SYN-10049,2026-09-11T16:36:00+05:30,8356.87,835687,out,transfer,Completed,,Digital banking,Payment counterparty,party-9,,DEV-10049,Mumbai,0,0,0,0,0,0,,0,
TX-101837,SYN-10049,2026-09-11T16:42:00+05:30,8356.87,835687,out,transfer,Completed,,UPI,Payment counterparty,party-9,,DEV-10049,Mumbai,0,0,0,0,0,0,,0,
TX-101838,SYN-10049,2026-09-13T10:00:00+05:30,31774.45,3177445,in,transfer,Completed,,Digital banking,Payment counterparty,recovery,,DEV-10049,Mumbai,0,0,0,0,0,0,,0,
TX-101839,SYN-10049,2026-09-15T10:00:00+05:30,2957.01,295701,out,essential,Completed,,UPI,Payment counterparty,party-3,MCH-10049,DEV-10049,Mumbai,0,0,0,0,0,0,,0,
TX-101840,SYN-10049,2026-09-21T10:00:00+05:30,3025.84,302584,out,essential,Completed,,Wallet,Payment counterparty,party-4,MCH-10049,DEV-10049,Mumbai,0,0,0,0,0,0,,0,
TX-101841,SYN-10049,2026-09-25T12:00:00+05:30,3426.91,342691,out,transfer,Completed,,UPI,Payment counterparty,party-3,,DEV-10049,Mumbai,0,0,0,0,0,0,,0,
TX-101842,SYN-10049,2026-09-26T10:00:00+05:30,3646.41,364641,out,essential,Completed,,Digital banking,Payment counterparty,party-6,MCH-10049,DEV-10049,Mumbai,0,0,0,0,0,0,,0,
TX-101843,SYN-10049,2026-09-28T22:30:00+05:30,5847.16,584716,out,emi,Completed,,Card,Payment counterparty,lender,MCH-10049,DEV-10049,Mumbai,0,0,0,0,0,0,LN-49-0,3,
TX-101855,SYN-10049,2026-10-01T12:00:00+05:30,2472.53,247253,out,essential,Pending,2026-09-27T00:00:00+05:30,Digital banking,Payment counterparty,party-2,MCH-10049,DEV-10049,Mumbai,0,0,0,0,0,0,,0,
TX-101844,SYN-10049,2026-10-03T10:00:00+05:30,3401.98,340198,out,essential,Completed,,UPI,Payment counterparty,party-3,MCH-10049,DEV-10049,Mumbai,0,0,0,0,0,0,,0,
TX-101845,SYN-10049,2026-10-05T09:00:00+05:30,30005.93,3000593,in,salary,Completed,,Digital banking,Payment counterparty,employer,MCH-10049,DEV-10049,Mumbai,0,0,0,0,0,0,,0,
TX-101846,SYN-10049,2026-10-09T10:00:00+05:30,3393.05,339305,out,essential,Completed,,UPI,Payment counterparty,party-1,MCH-10049,DEV-10049,Mumbai,0,0,0,0,0,0,,0,
TX-101847,SYN-10049,2026-10-09T12:00:00+05:30,3205.56,320556,out,transfer,Completed,,UPI,Payment counterparty,party-6,,DEV-10049,Mumbai,0,0,0,0,0,0,,0,
TX-101848,SYN-10049,2026-10-15T10:00:00+05:30,3432.97,343297,out,essential,Completed,,UPI,Payment counterparty,party-4,MCH-10049,DEV-10049,Mumbai,0,0,0,0,0,0,,0,
TX-101849,SYN-10049,2026-10-21T10:00:00+05:30,3064.73,306473,out,essential,Completed,,UPI,Payment counterparty,party-2,MCH-10049,DEV-10049,Mumbai,0,0,0,0,0,0,,0,
TX-101850,SYN-10049,2026-10-25T12:00:00+05:30,4740.93,474093,out,transfer,Completed,,UPI,Payment counterparty,party-2,,DEV-10049,Mumbai,0,0,0,0,0,0,,0,
TX-101851,SYN-10049,2026-10-26T10:00:00+05:30,3673.95,367395,out,essential,Completed,,UPI,Payment counterparty,party-2,MCH-10049,DEV-10049,Mumbai,0,0,0,0,0,0,,0,
TX-101852,SYN-10049,2026-10-28T22:30:00+05:30,5847.16,584716,out,emi,Completed,,Card,Payment counterparty,lender,MCH-10049,DEV-10049,Mumbai,0,0,0,0,0,0,LN-49-0,4,
TX-101853,SYN-10049,2026-11-03T10:00:00+05:30,3145.48,314548,out,essential,Completed,,UPI,Payment counterparty,party-2,MCH-10049,DEV-10049,Mumbai,0,0,0,0,0,0,,0,
TX-101854,SYN-10049,2026-11-05T09:00:00+05:30,28774.91,2877491,in,salary,Completed,,Digital banking,Payment counterparty,employer,MCH-10049,DEV-10049,Mumbai,0,0,0,0,0,0,,0,
TX-101856,SYN-10050,2026-08-03T10:00:00+05:30,4853.8,485380,out,essential,Completed,,Digital banking,Payment counterparty,party-3,MCH-10050,DEV-10050,Bengaluru,0,0,0,0,0,0,,0,
TX-101857,SYN-10050,2026-08-09T09:10:00+05:30,315.09,31509,in,credit,Completed,,Digital banking,Payment counterparty,credit-line,MCH-10050,DEV-10050,Bengaluru,0,0,0,0,0,0,,0,
TX-101858,SYN-10050,2026-08-09T10:00:00+05:30,5781.38,578138,out,essential,Completed,,UPI,Payment counterparty,party-6,MCH-10050,DEV-10050,Bengaluru,0,0,0,0,0,0,,0,
TX-101859,SYN-10050,2026-08-15T09:10:00+05:30,4893.43,489343,in,credit,Completed,,Digital banking,Payment counterparty,credit-line,MCH-10050,DEV-10050,Bengaluru,0,0,0,0,0,0,,0,
TX-101860,SYN-10050,2026-08-15T10:00:00+05:30,4893.43,489343,out,essential,Completed,,UPI,Payment counterparty,party-6,MCH-10050,DEV-10050,Bengaluru,0,0,0,0,0,0,,0,
TX-101861,SYN-10050,2026-08-21T09:10:00+05:30,5656.04,565604,in,credit,Completed,,UPI,Payment counterparty,credit-line,MCH-10050,DEV-10050,Bengaluru,0,0,0,0,0,0,,0,
TX-101862,SYN-10050,2026-08-21T10:00:00+05:30,5656.04,565604,out,essential,Completed,,UPI,Payment counterparty,party-1,MCH-10050,DEV-10050,Bengaluru,0,0,0,0,0,0,,0,
TX-101863,SYN-10050,2026-08-26T09:10:00+05:30,6192.19,619219,in,credit,Completed,,UPI,Payment counterparty,credit-line,MCH-10050,DEV-10050,Bengaluru,0,0,0,0,0,0,,0,
TX-101864,SYN-10050,2026-08-26T10:00:00+05:30,6192.19,619219,out,essential,Completed,,UPI,Payment counterparty,party-5,MCH-10050,DEV-10050,Bengaluru,0,0,0,0,0,0,,0,
TX-101865,SYN-10050,2026-08-28T09:00:00+05:30,45460.79,4546079,in,salary,Completed,,UPI,Payment counterparty,employer,MCH-10050,DEV-10050,Bengaluru,0,0,0,0,0,0,,0,
TX-101866,SYN-10050,2026-09-03T10:00:00+05:30,6078.39,607839,out,essential,Completed,,Digital banking,Payment counterparty,party-1,MCH-10050,DEV-10050,Bengaluru,0,0,0,0,0,0,,0,
TX-101867,SYN-10050,2026-09-09T10:00:00+05:30,5479.46,547946,out,essential,Completed,,UPI,Payment counterparty,party-1,MCH-10050,DEV-10050,Bengaluru,0,0,0,0,0,0,,0,
TX-101868,SYN-10050,2026-09-10T12:00:00+05:30,3207.61,320761,out,transfer,Completed,,UPI,Payment counterparty,party-4,,DEV-10050,Bengaluru,0,1,0,0,0,0,,0,
TX-101869,SYN-10050,2026-09-10T16:58:00+05:30,8909.33,890933,out,transfer,Completed,,Card,Payment counterparty,party-20,,DEV-10050,Bengaluru,0,1,0,0,1,4,,0,
TX-101870,SYN-10050,2026-09-10T17:01:00+05:30,8909.33,890933,out,transfer,Completed,,Digital banking,Payment counterparty,party-20,,DEV-10050,Bengaluru,0,1,0,0,1,3,,0,
TX-101871,SYN-10050,2026-09-10T17:16:00+05:30,8909.33,890933,out,transfer,Completed,,UPI,Payment counterparty,party-20,,DEV-10050,Bengaluru,0,1,0,0,1,4,,0,
TX-101872,SYN-10050,2026-09-15T09:10:00+05:30,1153.24,115324,in,credit,Completed,,UPI,Payment counterparty,credit-line,MCH-10050,DEV-10050,Bengaluru,0,0,0,0,0,0,,0,
TX-101873,SYN-10050,2026-09-15T10:00:00+05:30,5120.58,512058,out,essential,Completed,,UPI,Payment counterparty,party-2,MCH-10050,DEV-10050,Bengaluru,0,0,0,0,0,0,,0,
TX-101874,SYN-10050,2026-09-21T09:10:00+05:30,5448.57,544857,in,credit,Completed,,UPI,Payment counterparty,credit-line,MCH-10050,DEV-10050,Bengaluru,0,0,0,0,0,0,,0,
TX-101875,SYN-10050,2026-09-21T10:00:00+05:30,5448.57,544857,out,essential,Completed,,Card,Payment counterparty,party-1,MCH-10050,DEV-10050,Bengaluru,0,0,0,0,0,0,,0,
TX-101876,SYN-10050,2026-09-26T09:10:00+05:30,5187.26,518726,in,credit,Completed,,UPI,Payment counterparty,credit-line,MCH-10050,DEV-10050,Bengaluru,0,0,0,0,0,0,,0,
TX-101877,SYN-10050,2026-09-26T10:00:00+05:30,5187.26,518726,out,essential,Completed,,Card,Payment counterparty,party-1,MCH-10050,DEV-10050,Bengaluru,0,0,0,0,0,0,,0,
TX-101878,SYN-10050,2026-09-28T09:00:00+05:30,45037.27,4503727,in,salary,Completed,,Card,Payment counterparty,employer,MCH-10050,DEV-10050,Bengaluru,0,0,0,0,0,0,,0,
TX-101879,SYN-10050,2026-10-03T10:00:00+05:30,6451.82,645182,out,essential,Completed,,Digital banking,Payment counterparty,party-1,MCH-10050,DEV-10050,Bengaluru,0,0,0,0,0,0,,0,
TX-101880,SYN-10050,2026-10-09T10:00:00+05:30,6322.02,632202,out,essential,Completed,,UPI,Payment counterparty,party-6,MCH-10050,DEV-10050,Bengaluru,0,0,0,0,0,0,,0,
TX-101881,SYN-10050,2026-10-10T12:00:00+05:30,11631.03,1163103,out,transfer,Completed,,UPI,Payment counterparty,party-5,,DEV-10050,Bengaluru,0,0,0,0,0,0,,0,
TX-101882,SYN-10050,2026-10-15T10:00:00+05:30,6360.17,636017,out,essential,Completed,,UPI,Payment counterparty,party-6,MCH-10050,DEV-10050,Bengaluru,0,0,0,0,0,0,,0,
TX-101883,SYN-10050,2026-10-21T10:00:00+05:30,5765.69,576569,out,essential,Completed,,Card,Payment counterparty,party-6,MCH-10050,DEV-10050,Bengaluru,0,0,0,0,0,0,,0,
TX-101884,SYN-10050,2026-10-22T12:00:00+05:30,4580.15,458015,out,transfer,Completed,,UPI,Payment counterparty,party-1,,DEV-10138,Bengaluru,1,0,0,0,0,0,,0,
TX-101885,SYN-10050,2026-10-26T09:10:00+05:30,1768.23,176823,in,credit,Completed,,UPI,Payment counterparty,credit-line,MCH-10050,DEV-10050,Bengaluru,0,0,0,0,0,0,,0,
TX-101886,SYN-10050,2026-10-26T10:00:00+05:30,5694.62,569462,out,essential,Completed,,Card,Payment counterparty,party-1,MCH-10050,DEV-10050,Bengaluru,0,0,0,0,0,0,,0,
TX-101887,SYN-10050,2026-10-28T09:00:00+05:30,45910.71,4591071,in,salary,Completed,,Digital banking,Payment counterparty,employer,MCH-10050,DEV-10050,Bengaluru,0,0,0,0,0,0,,0,
TX-101888,SYN-10050,2026-11-03T10:00:00+05:30,6032.46,603246,out,essential,Completed,,UPI,Payment counterparty,party-5,MCH-10050,DEV-10050,Bengaluru,0,0,0,0,0,0,,0,
TX-101889,SYN-10051,2026-08-01T09:00:00+05:30,28925.88,2892588,in,salary,Completed,,Card,Payment counterparty,employer,MCH-10051,DEV-10051,Jaipur,0,0,0,0,0,0,,0,
TX-101890,SYN-10051,2026-08-03T10:00:00+05:30,3880.63,388063,out,essential,Completed,,Digital banking,Payment counterparty,party-4,MCH-10051,DEV-10051,Jaipur,0,0,0,0,0,0,,0,
TX-101891,SYN-10051,2026-08-06T12:00:00+05:30,3435.13,343513,out,transfer,Completed,,UPI,Payment counterparty,party-3,,DEV-10138,Jaipur,1,0,0,0,0,0,,0,
TX-101892,SYN-10051,2026-08-09T10:00:00+05:30,3315.94,331594,out,essential,Completed,,Card,Payment counterparty,party-4,MCH-10051,DEV-10051,Jaipur,0,0,0,0,0,0,,0,
TX-101893,SYN-10051,2026-08-15T10:00:00+05:30,3425.42,342542,out,essential,Completed,,Card,Payment counterparty,party-1,MCH-10051,DEV-10051,Jaipur,0,0,0,0,0,0,,0,
TX-101894,SYN-10051,2026-08-16T12:00:00+05:30,1371.48,137148,out,transfer,Completed,,Card,Payment counterparty,party-2,,DEV-10051,Jaipur,0,1,0,0,0,0,,0,
TX-101895,SYN-10051,2026-08-21T10:00:00+05:30,3343.69,334369,out,essential,Completed,,Digital banking,Payment counterparty,party-3,MCH-10051,DEV-10051,Jaipur,0,0,0,0,0,0,,0,
TX-101896,SYN-10051,2026-08-24T12:00:00+05:30,3219.3,321930,out,transfer,Completed,,Card,Payment counterparty,party-3,,DEV-10138,Jaipur,1,0,0,1,0,0,,0,
TX-101897,SYN-10051,2026-08-26T10:00:00+05:30,3504.63,350463,out,essential,Completed,,Card,Payment counterparty,party-3,MCH-10051,DEV-10051,Jaipur,0,0,0,0,0,0,,0,
TX-101898,SYN-10051,2026-08-28T12:00:00+05:30,4221.69,422169,out,transfer,Completed,,UPI,Payment counterparty,party-1,,DEV-10051,Jaipur,0,1,0,0,0,0,,0,
TX-101899,SYN-10051,2026-08-28T22:30:00+05:30,3305.81,330581,out,emi,Completed,,UPI,Payment counterparty,lender,MCH-10051,DEV-10051,Jaipur,0,0,0,0,0,0,LN-51-0,2,
TX-101900,SYN-10051,2026-08-28T22:30:00+05:30,889.27,88927,out,emi,Completed,,UPI,Payment counterparty,lender,MCH-10051,DEV-10051,Jaipur,0,0,0,0,0,0,LN-51-1,2,
TX-101901,SYN-10051,2026-09-01T09:00:00+05:30,30105.29,3010529,in,salary,Completed,,UPI,Payment counterparty,employer,MCH-10051,DEV-10051,Jaipur,0,0,0,0,0,0,,0,
TX-101902,SYN-10051,2026-09-03T10:00:00+05:30,3088.02,308802,out,essential,Completed,,UPI,Payment counterparty,party-1,MCH-10051,DEV-10051,Jaipur,0,0,0,0,0,0,,0,
TX-101903,SYN-10051,2026-09-03T22:30:00+05:30,7329.27,732927,out,emi,Completed,,UPI,Payment counterparty,lender,MCH-10051,DEV-10051,Jaipur,0,0,0,0,0,0,LN-51-1,2,
TX-101904,SYN-10051,2026-09-06T12:00:00+05:30,3349.33,334933,out,transfer,Completed,,UPI,Payment counterparty,party-5,,DEV-10051,Jaipur,0,0,0,0,0,0,,0,
TX-101905,SYN-10051,2026-09-09T10:00:00+05:30,3863.53,386353,out,essential,Completed,,UPI,Payment counterparty,party-5,MCH-10051,DEV-10051,Jaipur,0,0,0,0,0,0,,0,
TX-101906,SYN-10051,2026-09-11T17:00:00+05:30,1197.92,119792,out,transfer,Completed,,UPI,Payment counterparty,party-23,,DEV-10138,Jaipur,1,1,0,1,1,4,,0,
TX-101907,SYN-10051,2026-09-11T17:10:00+05:30,1197.92,119792,out,transfer,Completed,,Wallet,Payment counterparty,party-23,,DEV-10138,Jaipur,1,1,0,0,1,3,,0,
TX-101908,SYN-10051,2026-09-15T10:00:00+05:30,3746.57,374657,out,essential,Completed,,UPI,Payment counterparty,party-2,MCH-10051,DEV-10051,Jaipur,0,0,0,0,0,0,,0,
TX-101909,SYN-10051,2026-09-16T12:00:00+05:30,1187.53,118753,out,transfer,Completed,,Card,Payment counterparty,party-4,,DEV-10051,Jaipur,0,1,0,0,0,0,,0,
TX-101910,SYN-10051,2026-09-21T10:00:00+05:30,3294.4,329440,out,essential,Completed,,UPI,Payment counterparty,party-5,MCH-10051,DEV-10051,Jaipur,0,0,0,0,0,0,,0,
TX-101911,SYN-10051,2026-09-24T12:00:00+05:30,2855.21,285521,out,transfer,Completed,,UPI,Payment counterparty,party-6,,DEV-10051,Jaipur,0,0,0,0,0,0,,0,
TX-101912,SYN-10051,2026-09-26T09:10:00+05:30,911.46,91146,in,credit,Completed,,UPI,Payment counterparty,credit-line,MCH-10051,DEV-10051,Jaipur,0,0,0,0,0,0,,0,
TX-101913,SYN-10051,2026-09-26T10:00:00+05:30,3880.96,388096,out,essential,Completed,,UPI,Payment counterparty,party-3,MCH-10051,DEV-10051,Jaipur,0,0,0,0,0,0,,0,
TX-101914,SYN-10051,2026-10-01T09:00:00+05:30,29961.8,2996180,in,salary,Completed,,UPI,Payment counterparty,employer,MCH-10051,DEV-10051,Jaipur,0,0,0,0,0,0,,0,
TX-101930,SYN-10051,2026-10-01T12:00:00+05:30,2662.49,266249,out,essential,Pending,2026-09-27T00:00:00+05:30,UPI,Payment counterparty,party-4,MCH-10051,DEV-10051,Jaipur,0,0,0,0,0,0,,0,
TX-101915,SYN-10051,2026-10-01T22:30:00+05:30,3305.81,330581,out,emi,Completed,,UPI,Payment counterparty,lender,MCH-10051,DEV-10051,Jaipur,0,0,0,0,0,0,LN-51-0,3,
TX-101916,SYN-10051,2026-10-01T22:30:00+05:30,8218.54,821854,out,emi,Completed,,UPI,Payment counterparty,lender,MCH-10051,DEV-10051,Jaipur,0,0,0,0,0,0,LN-51-1,3,
TX-101917,SYN-10051,2026-10-03T10:00:00+05:30,3894.05,389405,out,essential,Completed,,Digital banking,Payment counterparty,party-1,MCH-10051,DEV-10051,Jaipur,0,0,0,0,0,0,,0,
TX-101918,SYN-10051,2026-10-06T12:00:00+05:30,4442.3,444230,out,transfer,Completed,,UPI,Payment counterparty,party-3,,DEV-10138,Jaipur,1,1,0,1,0,0,,0,
TX-101919,SYN-10051,2026-10-09T10:00:00+05:30,3486.88,348688,out,essential,Completed,,UPI,Payment counterparty,party-2,MCH-10051,DEV-10051,Jaipur,0,0,0,0,0,0,,0,
TX-101920,SYN-10051,2026-10-15T10:00:00+05:30,3856.44,385644,out,essential,Completed,,UPI,Payment counterparty,party-2,MCH-10051,DEV-10051,Jaipur,0,0,0,0,0,0,,0,
TX-101921,SYN-10051,2026-10-16T12:00:00+05:30,815.88,81588,out,transfer,Completed,,Wallet,Payment counterparty,party-3,,DEV-10051,Jaipur,0,0,0,0,0,0,,0,
TX-101922,SYN-10051,2026-10-21T09:10:00+05:30,2006.46,200646,in,credit,Completed,,UPI,Payment counterparty,credit-line,MCH-10051,DEV-10051,Jaipur,0,0,0,0,0,0,,0,
TX-101923,SYN-10051,2026-10-21T10:00:00+05:30,3948.36,394836,out,essential,Completed,,UPI,Payment counterparty,party-1,MCH-10051,DEV-10051,Jaipur,0,0,0,0,0,0,,0,
TX-101924,SYN-10051,2026-10-26T09:10:00+05:30,3857.71,385771,in,credit,Completed,,UPI,Payment counterparty,credit-line,MCH-10051,DEV-10051,Jaipur,0,0,0,0,0,0,,0,
TX-101925,SYN-10051,2026-10-26T10:00:00+05:30,3857.71,385771,out,essential,Completed,,Digital banking,Payment counterparty,party-4,MCH-10051,DEV-10051,Jaipur,0,0,0,0,0,0,,0,
TX-101926,SYN-10051,2026-11-01T09:00:00+05:30,28831.11,2883111,in,salary,Completed,,UPI,Payment counterparty,employer,MCH-10051,DEV-10051,Jaipur,0,0,0,0,0,0,,0,
TX-101927,SYN-10051,2026-11-03T10:00:00+05:30,3872.45,387245,out,essential,Completed,,Digital banking,Payment counterparty,party-6,MCH-10051,DEV-10051,Jaipur,0,0,0,0,0,0,,0,
TX-101928,SYN-10051,2026-11-03T22:30:00+05:30,3305.81,330581,out,emi,Completed,,Card,Payment counterparty,lender,MCH-10051,DEV-10051,Jaipur,0,0,0,0,0,0,LN-51-0,4,
TX-101929,SYN-10051,2026-11-03T22:30:00+05:30,8218.54,821854,out,emi,Completed,,Digital banking,Payment counterparty,lender,MCH-10051,DEV-10051,Jaipur,0,0,0,0,0,0,LN-51-1,4,
TX-101931,SYN-10052,2026-08-01T09:00:00+05:30,117907.99,11790799,in,salary,Completed,,UPI,Payment counterparty,employer,MCH-10052,DEV-10052,Delhi,0,0,0,0,0,0,,0,
TX-101932,SYN-10052,2026-08-03T10:00:00+05:30,13082.93,1308293,out,essential,Completed,,UPI,Payment counterparty,party-4,MCH-10052,DEV-10052,Delhi,0,0,0,0,0,0,,0,
TX-101933,SYN-10052,2026-08-09T10:00:00+05:30,13843.89,1384389,out,essential,Completed,,UPI,Payment counterparty,party-4,MCH-10052,DEV-10052,Delhi,0,0,0,0,0,0,,0,
TX-101934,SYN-10052,2026-08-15T10:00:00+05:30,11654.05,1165405,out,essential,Completed,,UPI,Payment counterparty,party-1,MCH-10052,DEV-10052,Delhi,0,0,0,0,0,0,,0,
TX-101935,SYN-10052,2026-08-21T10:00:00+05:30,15158.94,1515894,out,essential,Completed,,UPI,Payment counterparty,party-2,MCH-10052,DEV-10052,Delhi,0,0,0,0,0,0,,0,
TX-101936,SYN-10052,2026-08-24T12:00:00+05:30,4945.13,494513,out,transfer,Completed,,UPI,Payment counterparty,party-5,,DEV-10138,Delhi,1,0,0,0,0,0,,0,
TX-101937,SYN-10052,2026-08-26T10:00:00+05:30,11543.33,1154333,out,essential,Completed,,Card,Payment counterparty,party-1,MCH-10052,DEV-10052,Delhi,0,0,0,0,0,0,,0,
TX-101938,SYN-10052,2026-08-26T12:00:00+05:30,3766.28,376628,out,transfer,Completed,,UPI,Payment counterparty,party-1,,DEV-10052,Delhi,0,1,0,0,0,0,,0,
TX-101939,SYN-10052,2026-08-27T22:30:00+05:30,9326.28,932628,out,emi,Completed,,Card,Payment counterparty,lender,MCH-10052,DEV-10052,Delhi,0,0,0,0,0,0,LN-52-0,2,
TX-101940,SYN-10052,2026-09-01T09:00:00+05:30,117160.67,11716067,in,salary,Completed,,UPI,Payment counterparty,employer,MCH-10052,DEV-10052,Delhi,0,0,0,0,0,0,,0,
TX-101941,SYN-10052,2026-09-03T10:00:00+05:30,14038.34,1403834,out,essential,Completed,,UPI,Payment counterparty,party-2,MCH-10052,DEV-10052,Delhi,0,0,0,0,0,0,,0,
TX-101942,SYN-10052,2026-09-09T10:00:00+05:30,14329.03,1432903,out,essential,Completed,,UPI,Payment counterparty,party-1,MCH-10052,DEV-10052,Delhi,0,0,0,0,0,0,,0,
TX-101943,SYN-10052,2026-09-15T10:00:00+05:30,13056.6,1305660,out,essential,Completed,,UPI,Payment counterparty,party-4,MCH-10052,DEV-10052,Delhi,0,0,0,0,0,0,,0,
TX-101944,SYN-10052,2026-09-18T13:08:00+05:30,115698.08,11569808,out,transfer,Completed,,UPI,Payment counterparty,party-15,,DEV-10052,Delhi,0,1,0,0,0,0,,0,
TX-101945,SYN-10052,2026-09-18T13:17:00+05:30,115698.08,11569808,out,transfer,Completed,,UPI,Payment counterparty,party-15,,DEV-10052,Delhi,0,1,0,0,0,0,,0,
TX-101946,SYN-10052,2026-09-21T10:00:00+05:30,15136.73,1513673,out,essential,Completed,,UPI,Payment counterparty,party-6,MCH-10052,DEV-10052,Delhi,0,0,0,0,0,0,,0,
TX-101947,SYN-10052,2026-09-24T12:00:00+05:30,2149.64,214964,out,transfer,Completed,,UPI,Payment counterparty,party-1,,DEV-10052,Delhi,0,0,0,0,0,0,,0,
TX-101948,SYN-10052,2026-09-26T10:00:00+05:30,13364.38,1336438,out,essential,Completed,,UPI,Payment counterparty,party-6,MCH-10052,DEV-10052,Delhi,0,0,0,0,0,0,,0,
TX-101949,SYN-10052,2026-09-26T12:00:00+05:30,10224.84,1022484,out,transfer,Completed,,Card,Payment counterparty,party-2,,DEV-10052,Delhi,0,1,0,0,0,0,,0,
TX-101950,SYN-10052,2026-09-27T22:30:00+05:30,9326.28,932628,out,emi,Completed,,UPI,Payment counterparty,lender,MCH-10052,DEV-10052,Delhi,0,0,0,0,0,0,LN-52-0,3,
TX-101951,SYN-10052,2026-10-01T09:00:00+05:30,126797.21,12679721,in,salary,Completed,,UPI,Payment counterparty,employer,MCH-10052,DEV-10052,Delhi,0,0,0,0,0,0,,0,
TX-101962,SYN-10052,2026-10-01T12:00:00+05:30,9936.21,993621,out,essential,Pending,2026-09-27T00:00:00+05:30,UPI,Payment counterparty,party-5,MCH-10052,DEV-10052,Delhi,0,0,0,0,0,0,,0,
TX-101952,SYN-10052,2026-10-03T10:00:00+05:30,13685.77,1368577,out,essential,Completed,,UPI,Payment counterparty,party-1,MCH-10052,DEV-10052,Delhi,0,0,0,0,0,0,,0,
TX-101953,SYN-10052,2026-10-09T10:00:00+05:30,12617.27,1261727,out,essential,Completed,,UPI,Payment counterparty,party-6,MCH-10052,DEV-10052,Delhi,0,0,0,0,0,0,,0,
TX-101954,SYN-10052,2026-10-15T10:00:00+05:30,11748.88,1174888,out,essential,Completed,,UPI,Payment counterparty,party-3,MCH-10052,DEV-10052,Delhi,0,0,0,0,0,0,,0,
TX-101955,SYN-10052,2026-10-21T10:00:00+05:30,13673.18,1367318,out,essential,Completed,,UPI,Payment counterparty,party-1,MCH-10052,DEV-10052,Delhi,0,0,0,0,0,0,,0,
TX-101956,SYN-10052,2026-10-24T12:00:00+05:30,10870.29,1087029,out,transfer,Completed,,Digital banking,Payment counterparty,party-6,,DEV-10052,Delhi,0,1,0,0,0,0,,0,
TX-101957,SYN-10052,2026-10-26T10:00:00+05:30,14481.76,1448176,out,essential,Completed,,UPI,Payment counterparty,party-6,MCH-10052,DEV-10052,Delhi,0,0,0,0,0,0,,0,
TX-101958,SYN-10052,2026-10-26T12:00:00+05:30,6226.3,622630,out,transfer,Completed,,Card,Payment counterparty,party-2,,DEV-10052,Delhi,0,1,0,0,0,0,,0,
TX-101959,SYN-10052,2026-10-27T22:30:00+05:30,9326.28,932628,out,emi,Completed,,UPI,Payment counterparty,lender,MCH-10052,DEV-10052,Delhi,0,0,0,0,0,0,LN-52-0,4,
TX-101960,SYN-10052,2026-11-01T09:00:00+05:30,134065.19,13406519,in,salary,Completed,,UPI,Payment counterparty,employer,MCH-10052,DEV-10052,Delhi,0,0,0,0,0,0,,0,
TX-101961,SYN-10052,2026-11-03T10:00:00+05:30,12805.7,1280570,out,essential,Completed,,Card,Payment counterparty,party-3,MCH-10052,DEV-10052,Delhi,0,0,0,0,0,0,,0,
TX-101963,SYN-10053,2026-08-01T09:00:00+05:30,51008.38,5100838,in,salary,Completed,,UPI,Payment counterparty,employer,MCH-10053,DEV-10053,Mumbai,0,0,0,0,0,0,,0,
TX-101964,SYN-10053,2026-08-02T12:00:00+05:30,6744.82,674482,out,transfer,Completed,,UPI,Payment counterparty,party-6,,DEV-10138,Mumbai,1,0,0,0,0,0,,0,
TX-101965,SYN-10053,2026-08-03T10:00:00+05:30,5733.96,573396,out,essential,Completed,,Wallet,Payment counterparty,party-3,MCH-10053,DEV-10053,Mumbai,0,0,0,0,0,0,,0,
TX-101966,SYN-10053,2026-08-04T12:00:00+05:30,2297.96,229796,out,transfer,Completed,,UPI,Payment counterparty,party-4,,DEV-10138,Mumbai,1,1,0,1,0,0,,0,
TX-101967,SYN-10053,2026-08-09T10:00:00+05:30,4736.51,473651,out,essential,Completed,,UPI,Payment counterparty,party-5,MCH-10053,DEV-10053,Mumbai,0,0,0,0,0,0,,0,
TX-101968,SYN-10053,2026-08-14T12:00:00+05:30,3634.78,363478,out,transfer,Completed,,Digital banking,Payment counterparty,party-6,,DEV-10138,Mumbai,1,1,0,0,0,0,,0,
TX-101969,SYN-10053,2026-08-15T10:00:00+05:30,4886.86,488686,out,essential,Completed,,UPI,Payment counterparty,party-5,MCH-10053,DEV-10053,Mumbai,0,0,0,0,0,0,,0,
TX-101970,SYN-10053,2026-08-21T10:00:00+05:30,4854.26,485426,out,essential,Completed,,UPI,Payment counterparty,party-4,MCH-10053,DEV-10053,Mumbai,0,0,0,0,0,0,,0,
TX-101971,SYN-10053,2026-08-22T12:00:00+05:30,7119.97,711997,out,transfer,Completed,,UPI,Payment counterparty,party-2,,DEV-10138,Mumbai,1,0,0,0,0,0,,0,
TX-101972,SYN-10053,2026-08-25T22:30:00+05:30,17501.25,1750125,out,emi,Completed,,UPI,Payment counterparty,lender,MCH-10053,DEV-10053,Mumbai,0,0,0,0,0,0,LN-53-0,2,
TX-101973,SYN-10053,2026-08-26T10:00:00+05:30,5237.37,523737,out,essential,Completed,,Digital banking,Payment counterparty,party-6,MCH-10053,DEV-10053,Mumbai,0,0,0,0,0,0,,0,
TX-101974,SYN-10053,2026-09-01T09:00:00+05:30,50314.56,5031456,in,salary,Completed,,Digital banking,Payment counterparty,employer,MCH-10053,DEV-10053,Mumbai,0,0,0,0,0,0,,0,
TX-101975,SYN-10053,2026-09-02T12:00:00+05:30,8545.59,854559,out,transfer,Completed,,UPI,Payment counterparty,party-4,,DEV-10138,Mumbai,1,1,0,0,0,0,,0,
TX-101976,SYN-10053,2026-09-03T10:00:00+05:30,5068.3,506830,out,essential,Completed,,UPI,Payment counterparty,party-3,MCH-10053,DEV-10053,Mumbai,0,0,0,0,0,0,,0,
TX-101977,SYN-10053,2026-09-04T12:00:00+05:30,7346.63,734663,out,transfer,Completed,,UPI,Payment counterparty,party-5,,DEV-10138,Mumbai,1,1,0,0,0,0,,0,
TX-101978,SYN-10053,2026-09-09T10:00:00+05:30,5083.54,508354,out,essential,Completed,,UPI,Payment counterparty,party-4,MCH-10053,DEV-10053,Mumbai,0,0,0,0,0,0,,0,
TX-101979,SYN-10053,2026-09-13T16:04:00+05:30,21756.29,2175629,out,transfer,Completed,,Digital banking,Payment counterparty,party-19,,DEV-10138,Mumbai,1,0,0,0,0,0,,0,
TX-101980,SYN-10053,2026-09-13T16:14:00+05:30,21756.29,2175629,out,transfer,Completed,,UPI,Payment counterparty,party-19,,DEV-10138,Mumbai,1,0,0,1,0,0,,0,
TX-101981,SYN-10053,2026-09-14T12:00:00+05:30,8260.48,826048,out,transfer,Completed,,UPI,Payment counterparty,party-2,,DEV-10138,Mumbai,1,1,0,1,0,0,,0,
TX-101982,SYN-10053,2026-09-15T10:00:00+05:30,4957.48,495748,out,essential,Completed,,UPI,Payment counterparty,party-5,MCH-10053,DEV-10053,Mumbai,0,0,0,0,0,0,,0,
TX-101983,SYN-10053,2026-09-21T10:00:00+05:30,5607.18,560718,out,essential,Completed,,Digital banking,Payment counterparty,party-5,MCH-10053,DEV-10053,Mumbai,0,0,0,0,0,0,,0,
TX-101984,SYN-10053,2026-09-22T12:00:00+05:30,3339.03,333903,out,transfer,Completed,,Digital banking,Payment counterparty,party-5,,DEV-10138,Mumbai,1,1,0,1,0,0,,0,
TX-101985,SYN-10053,2026-09-25T22:30:00+05:30,17501.25,1750125,out,emi,Completed,,Digital banking,Payment counterparty,lender,MCH-10053,DEV-10053,Mumbai,0,0,0,0,0,0,LN-53-0,3,
TX-101986,SYN-10053,2026-09-26T10:00:00+05:30,5446.42,544642,out,essential,Completed,,Wallet,Payment counterparty,party-4,MCH-10053,DEV-10053,Mumbai,0,0,0,0,0,0,,0,
TX-101987,SYN-10053,2026-10-01T09:00:00+05:30,48941.64,4894164,in,salary,Completed,,UPI,Payment counterparty,employer,MCH-10053,DEV-10053,Mumbai,0,0,0,0,0,0,,0,
TX-102004,SYN-10053,2026-10-01T12:00:00+05:30,3787.7,378770,out,essential,Pending,2026-09-27T00:00:00+05:30,UPI,Payment counterparty,party-6,MCH-10053,DEV-10053,Mumbai,0,0,0,0,0,0,,0,
TX-101988,SYN-10053,2026-10-02T12:00:00+05:30,8295.59,829559,out,transfer,Completed,,Card,Payment counterparty,party-6,,DEV-10138,Mumbai,1,1,0,1,0,0,,0,
TX-101989,SYN-10053,2026-10-03T10:00:00+05:30,5794.59,579459,out,essential,Completed,,Digital banking,Payment counterparty,party-3,MCH-10053,DEV-10053,Mumbai,0,0,0,0,0,0,,0,
TX-101990,SYN-10053,2026-10-04T12:00:00+05:30,3317.63,331763,out,transfer,Completed,,UPI,Payment counterparty,party-6,,DEV-10138,Mumbai,1,0,0,0,0,0,,0,
TX-101991,SYN-10053,2026-10-09T10:00:00+05:30,4747.38,474738,out,essential,Completed,,UPI,Payment counterparty,party-3,MCH-10053,DEV-10053,Mumbai,0,0,0,0,0,0,,0,
TX-101992,SYN-10053,2026-10-14T12:00:00+05:30,5047.01,504701,out,transfer,Completed,,UPI,Payment counterparty,party-4,,DEV-10138,Mumbai,1,0,0,0,0,0,,0,
TX-101993,SYN-10053,2026-10-15T10:00:00+05:30,5148.41,514841,out,essential,Completed,,UPI,Payment counterparty,party-3,MCH-10053,DEV-10053,Mumbai,0,0,0,0,0,0,,0,
TX-101994,SYN-10053,2026-10-21T10:00:00+05:30,5118.61,511861,out,essential,Completed,,Card,Payment counterparty,party-3,MCH-10053,DEV-10053,Mumbai,0,0,0,0,0,0,,0,
TX-101995,SYN-10053,2026-10-22T12:00:00+05:30,6385.89,638589,out,transfer,Completed,,Card,Payment counterparty,party-6,,DEV-10138,Mumbai,1,0,0,0,0,0,,0,
TX-101996,SYN-10053,2026-10-25T22:30:00+05:30,4535.96,453596,out,emi,Completed,,UPI,Payment counterparty,lender,MCH-10053,DEV-10053,Mumbai,0,0,0,0,0,0,LN-53-0,4,
TX-101997,SYN-10053,2026-10-26T09:10:00+05:30,107.02,10702,in,credit,Completed,,UPI,Payment counterparty,credit-line,MCH-10053,DEV-10053,Mumbai,0,0,0,0,0,0,,0,
TX-101998,SYN-10053,2026-10-26T10:00:00+05:30,4512.03,451203,out,essential,Completed,,UPI,Payment counterparty,party-2,MCH-10053,DEV-10053,Mumbai,0,0,0,0,0,0,,0,
TX-101999,SYN-10053,2026-11-01T09:00:00+05:30,55630.92,5563092,in,salary,Completed,,UPI,Payment counterparty,employer,MCH-10053,DEV-10053,Mumbai,0,0,0,0,0,0,,0,
TX-102000,SYN-10053,2026-11-02T12:00:00+05:30,4174.24,417424,out,transfer,Completed,,UPI,Payment counterparty,party-4,,DEV-10138,Mumbai,1,0,0,1,0,0,,0,
TX-102001,SYN-10053,2026-11-03T10:00:00+05:30,4437.64,443764,out,essential,Completed,,UPI,Payment counterparty,party-2,MCH-10053,DEV-10053,Mumbai,0,0,0,0,0,0,,0,
TX-102002,SYN-10053,2026-11-03T22:30:00+05:30,12965.29,1296529,out,emi,Completed,,UPI,Payment counterparty,lender,MCH-10053,DEV-10053,Mumbai,0,0,0,0,0,0,LN-53-0,4,
TX-102003,SYN-10053,2026-11-04T12:00:00+05:30,1039.04,103904,out,transfer,Completed,,Card,Payment counterparty,party-3,,DEV-10138,Mumbai,1,0,0,0,0,0,,0,
TX-102005,SYN-10054,2026-08-01T09:00:00+05:30,81027.0,8102700,in,salary,Completed,,UPI,Payment counterparty,employer,MCH-10054,DEV-10054,Bengaluru,0,0,0,0,0,0,,0,
TX-102006,SYN-10054,2026-08-03T10:00:00+05:30,6527.75,652775,out,essential,Completed,,Card,Payment counterparty,party-1,MCH-10054,DEV-10054,Bengaluru,0,0,0,0,0,0,,0,
TX-102007,SYN-10054,2026-08-06T12:00:00+05:30,1882.03,188203,out,transfer,Completed,,Digital banking,Payment counterparty,party-6,,DEV-10054,Bengaluru,0,0,0,0,0,0,,0,
TX-102008,SYN-10054,2026-08-09T10:00:00+05:30,5439.39,543939,out,essential,Completed,,Card,Payment counterparty,party-3,MCH-10054,DEV-10054,Bengaluru,0,0,0,0,0,0,,0,
TX-102009,SYN-10054,2026-08-12T12:00:00+05:30,4233.34,423334,out,transfer,Completed,,Digital banking,Payment counterparty,party-2,,DEV-10054,Bengaluru,0,1,0,0,0,0,,0,
TX-102010,SYN-10054,2026-08-15T10:00:00+05:30,6588.63,658863,out,essential,Completed,,UPI,Payment counterparty,party-2,MCH-10054,DEV-10054,Bengaluru,0,0,0,0,0,0,,0,
TX-102011,SYN-10054,2026-08-20T22:30:00+05:30,51788.1,5178810,out,emi,Completed,,UPI,Payment counterparty,lender,MCH-10054,DEV-10054,Bengaluru,0,0,0,0,0,0,LN-54-0,2,
TX-102012,SYN-10054,2026-08-21T10:00:00+05:30,6134.51,613451,out,essential,Completed,,UPI,Payment counterparty,party-5,MCH-10054,DEV-10054,Bengaluru,0,0,0,0,0,0,,0,
TX-102013,SYN-10054,2026-08-24T12:00:00+05:30,2286.5,228650,out,transfer,Completed,,Digital banking,Payment counterparty,party-6,,DEV-10138,Bengaluru,1,0,0,0,0,0,,0,
TX-102014,SYN-10054,2026-08-26T10:00:00+05:30,6087.24,608724,out,essential,Completed,,UPI,Payment counterparty,party-2,MCH-10054,DEV-10054,Bengaluru,0,0,0,0,0,0,,0,
TX-102015,SYN-10054,2026-08-28T12:00:00+05:30,557.47,55747,out,transfer,Completed,,UPI,Payment counterparty,party-1,,DEV-10138,Bengaluru,1,0,0,0,0,0,,0,
TX-102016,SYN-10054,2026-09-01T09:00:00+05:30,19812.47,1981247,in,salary,Completed,,UPI,Payment counterparty,employer,MCH-10054,DEV-10054,Bengaluru,0,0,0,0,0,0,,0,
TX-102017,SYN-10054,2026-09-03T10:00:00+05:30,5912.81,591281,out,essential,Completed,,Digital banking,Payment counterparty,party-1,MCH-10054,DEV-10054,Bengaluru,0,0,0,0,0,0,,0,
TX-102018,SYN-10054,2026-09-06T12:00:00+05:30,2119.64,211964,out,transfer,Completed,,UPI,Payment counterparty,party-4,,DEV-10054,Bengaluru,0,1,0,0,0,0,,0,
TX-102019,SYN-10054,2026-09-09T10:00:00+05:30,5956.94,595694,out,essential,Completed,,Wallet,Payment counterparty,party-4,MCH-10054,DEV-10054,Bengaluru,0,0,0,0,0,0,,0,
TX-102020,SYN-10054,2026-09-12T12:00:00+05:30,513.75,51375,out,transfer,Completed,,UPI,Payment counterparty,party-3,,DEV-10138,Bengaluru,1,0,0,0,0,0,,0,
TX-102021,SYN-10054,2026-09-15T10:00:00+05:30,5575.56,557556,out,essential,Completed,,UPI,Payment counterparty,party-4,MCH-10054,DEV-10054,Bengaluru,0,0,0,0,0,0,,0,
TX-102022,SYN-10054,2026-09-17T14:10:00+05:30,18722.98,1872298,out,transfer,Completed,,UPI,Payment counterparty,party-17,,DEV-10138,Bengaluru,1,1,0,0,1,1,,0,
TX-102023,SYN-10054,2026-09-17T14:19:00+05:30,18722.98,1872298,out,transfer,Completed,,UPI,Payment counterparty,party-17,,DEV-10138,Bengaluru,1,1,0,1,1,3,,0,
TX-102024,SYN-10054,2026-09-20T22:30:00+05:30,21381.24,2138124,out,emi,Completed,,UPI,Payment counterparty,lender,MCH-10054,DEV-10054,Bengaluru,0,0,0,0,0,0,LN-54-0,3,
TX-102025,SYN-10054,2026-09-21T10:00:00+05:30,6968.37,696837,out,essential,Completed,,UPI,Payment counterparty,party-4,MCH-10054,DEV-10054,Bengaluru,0,0,0,0,0,0,,0,
TX-102026,SYN-10054,2026-09-24T12:00:00+05:30,2478.94,247894,out,transfer,Completed,,Wallet,Payment counterparty,party-1,,DEV-10054,Bengaluru,0,0,0,0,0,0,,0,
TX-102027,SYN-10054,2026-09-26T09:10:00+05:30,5675.5,567550,in,credit,Completed,,UPI,Payment counterparty,credit-line,MCH-10054,DEV-10054,Bengaluru,0,0,0,0,0,0,,0,
TX-102028,SYN-10054,2026-09-26T10:00:00+05:30,6205.0,620500,out,essential,Completed,,Card,Payment counterparty,party-6,MCH-10054,DEV-10054,Bengaluru,0,0,0,0,0,0,,0,
TX-102029,SYN-10054,2026-10-01T09:00:00+05:30,36741.37,3674137,in,salary,Completed,,Digital banking,Payment counterparty,employer,MCH-10054,DEV-10054,Bengaluru,0,0,0,0,0,0,,0,
TX-102044,SYN-10054,2026-10-01T12:00:00+05:30,4776.43,477643,out,essential,Pending,2026-09-27T00:00:00+05:30,Wallet,Payment counterparty,party-2,MCH-10054,DEV-10054,Bengaluru,0,0,0,0,0,0,,0,
TX-102030,SYN-10054,2026-10-02T22:30:00+05:30,30406.86,3040686,out,emi,Completed,,UPI,Payment counterparty,lender,MCH-10054,DEV-10054,Bengaluru,0,0,0,0,0,0,LN-54-0,3,
TX-102031,SYN-10054,2026-10-03T09:10:00+05:30,307.69,30769,in,credit,Completed,,UPI,Payment counterparty,credit-line,MCH-10054,DEV-10054,Bengaluru,0,0,0,0,0,0,,0,
TX-102032,SYN-10054,2026-10-03T10:00:00+05:30,6642.2,664220,out,essential,Completed,,Digital banking,Payment counterparty,party-5,MCH-10054,DEV-10054,Bengaluru,0,0,0,0,0,0,,0,
TX-102033,SYN-10054,2026-10-09T09:10:00+05:30,7061.24,706124,in,credit,Completed,,Digital banking,Payment counterparty,credit-line,MCH-10054,DEV-10054,Bengaluru,0,0,0,0,0,0,,0,
TX-102034,SYN-10054,2026-10-09T10:00:00+05:30,7061.24,706124,out,essential,Completed,,UPI,Payment counterparty,party-3,MCH-10054,DEV-10054,Bengaluru,0,0,0,0,0,0,,0,
TX-102035,SYN-10054,2026-10-15T09:10:00+05:30,7105.11,710511,in,credit,Completed,,Card,Payment counterparty,credit-line,MCH-10054,DEV-10054,Bengaluru,0,0,0,0,0,0,,0,
TX-102036,SYN-10054,2026-10-15T10:00:00+05:30,7105.11,710511,out,essential,Completed,,Digital banking,Payment counterparty,party-3,MCH-10054,DEV-10054,Bengaluru,0,0,0,0,0,0,,0,
TX-102037,SYN-10054,2026-10-21T09:10:00+05:30,7073.03,707303,in,credit,Completed,,UPI,Payment counterparty,credit-line,MCH-10054,DEV-10054,Bengaluru,0,0,0,0,0,0,,0,
TX-102038,SYN-10054,2026-10-21T10:00:00+05:30,7073.03,707303,out,essential,Completed,,UPI,Payment counterparty,party-6,MCH-10054,DEV-10054,Bengaluru,0,0,0,0,0,0,,0,
TX-102039,SYN-10054,2026-10-26T09:10:00+05:30,2098.92,209892,in,credit,Completed,,Wallet,Payment counterparty,credit-line,MCH-10054,DEV-10054,Bengaluru,0,0,0,0,0,0,,0,
TX-102040,SYN-10054,2026-10-26T10:00:00+05:30,2098.92,209892,out,essential,Completed,,Digital banking,Payment counterparty,party-5,MCH-10054,DEV-10054,Bengaluru,0,0,0,0,0,0,,0,
TX-102041,SYN-10054,2026-11-01T09:00:00+05:30,27580.07,2758007,in,salary,Completed,,UPI,Payment counterparty,employer,MCH-10054,DEV-10054,Bengaluru,0,0,0,0,0,0,,0,
TX-102042,SYN-10054,2026-11-01T22:30:00+05:30,18790.48,1879048,out,emi,Completed,,Digital banking,Payment counterparty,lender,MCH-10054,DEV-10054,Bengaluru,0,0,0,0,0,0,LN-54-0,4,
TX-102043,SYN-10054,2026-11-03T10:00:00+05:30,6460.84,646084,out,essential,Completed,,UPI,Payment counterparty,party-2,MCH-10054,DEV-10054,Bengaluru,0,0,0,0,0,0,,0,
TX-102045,SYN-10055,2026-08-01T09:00:00+05:30,63225.91,6322591,in,salary,Completed,,Card,Payment counterparty,employer,MCH-10055,DEV-10055,Jaipur,0,0,0,0,0,0,,0,
TX-102046,SYN-10055,2026-08-03T10:00:00+05:30,7772.15,777215,out,essential,Completed,,UPI,Payment counterparty,party-4,MCH-10055,DEV-10055,Jaipur,0,0,0,0,0,0,,0,
TX-102047,SYN-10055,2026-08-09T10:00:00+05:30,6731.55,673155,out,essential,Completed,,UPI,Payment counterparty,party-6,MCH-10055,DEV-10055,Jaipur,0,0,0,0,0,0,,0,
TX-102048,SYN-10055,2026-08-14T12:00:00+05:30,1783.05,178305,out,transfer,Completed,,UPI,Payment counterparty,party-3,,DEV-10055,Jaipur,0,1,0,0,0,0,,0,
TX-102049,SYN-10055,2026-08-15T10:00:00+05:30,7209.61,720961,out,essential,Completed,,Wallet,Payment counterparty,party-2,MCH-10055,DEV-10055,Jaipur,0,0,0,0,0,0,,0,
TX-102050,SYN-10055,2026-08-21T10:00:00+05:30,8305.63,830563,out,essential,Completed,,Wallet,Payment counterparty,party-4,MCH-10055,DEV-10055,Jaipur,0,0,0,0,0,0,,0,
TX-102051,SYN-10055,2026-08-22T12:00:00+05:30,8670.53,867053,out,transfer,Completed,,UPI,Payment counterparty,party-6,,DEV-10139,Jaipur,1,0,0,1,0,0,,0,
TX-102052,SYN-10055,2026-08-26T10:00:00+05:30,7405.25,740525,out,essential,Completed,,UPI,Payment counterparty,party-5,MCH-10055,DEV-10055,Jaipur,0,0,0,0,0,0,,0,
TX-102053,SYN-10055,2026-08-28T22:30:00+05:30,15698.95,1569895,out,emi,Completed,,UPI,Payment counterparty,lender,MCH-10055,DEV-10055,Jaipur,0,0,0,0,0,0,LN-55-0,2,
TX-102054,SYN-10055,2026-09-03T10:00:00+05:30,6816.15,681615,out,essential,Completed,,UPI,Payment counterparty,party-2,MCH-10055,DEV-10055,Jaipur,0,0,0,0,0,0,,0,
TX-102055,SYN-10055,2026-09-09T10:00:00+05:30,8162.2,816220,out,essential,Completed,,UPI,Payment counterparty,party-5,MCH-10055,DEV-10055,Jaipur,0,0,0,0,0,0,,0,
TX-102056,SYN-10055,2026-09-14T12:00:00+05:30,7182.96,718296,out,transfer,Completed,,Card,Payment counterparty,party-1,,DEV-10055,Jaipur,0,0,0,0,0,0,,0,
TX-102057,SYN-10055,2026-09-15T10:00:00+05:30,8393.74,839374,out,essential,Completed,,UPI,Payment counterparty,party-1,MCH-10055,DEV-10055,Jaipur,0,0,0,0,0,0,,0,
TX-102058,SYN-10055,2026-09-21T10:00:00+05:30,7691.13,769113,out,essential,Completed,,UPI,Payment counterparty,party-3,MCH-10055,DEV-10055,Jaipur,0,0,0,0,0,0,,0,
TX-102059,SYN-10055,2026-09-22T12:00:00+05:30,2171.64,217164,out,transfer,Completed,,Card,Payment counterparty,party-1,,DEV-10055,Jaipur,0,0,0,0,0,0,,0,
TX-102060,SYN-10055,2026-09-26T09:10:00+05:30,5479.79,547979,in,credit,Completed,,UPI,Payment counterparty,credit-line,MCH-10055,DEV-10055,Jaipur,0,0,0,0,0,0,,0,
TX-102061,SYN-10055,2026-09-26T10:00:00+05:30,8262.72,826272,out,essential,Completed,,UPI,Payment counterparty,party-4,MCH-10055,DEV-10055,Jaipur,0,0,0,0,0,0,,0,
TX-102062,SYN-10055,2026-10-01T09:00:00+05:30,29691.85,2969185,in,salary,Completed,,Wallet,Payment counterparty,employer,MCH-10055,DEV-10055,Jaipur,0,0,0,0,0,0,,0,
TX-102076,SYN-10055,2026-10-01T12:00:00+05:30,5618.4,561840,out,essential,Pending,2026-09-27T00:00:00+05:30,Digital banking,Payment counterparty,party-1,MCH-10055,DEV-10055,Jaipur,0,0,0,0,0,0,,0,
TX-102063,SYN-10055,2026-10-01T22:30:00+05:30,15698.95,1569895,out,emi,Completed,,Wallet,Payment counterparty,lender,MCH-10055,DEV-10055,Jaipur,0,0,0,0,0,0,LN-55-0,3,
TX-102064,SYN-10055,2026-10-03T10:00:00+05:30,7986.28,798628,out,essential,Completed,,Card,Payment counterparty,party-3,MCH-10055,DEV-10055,Jaipur,0,0,0,0,0,0,,0,
TX-102065,SYN-10055,2026-10-09T09:10:00+05:30,2359.17,235917,in,credit,Completed,,UPI,Payment counterparty,credit-line,MCH-10055,DEV-10055,Jaipur,0,0,0,0,0,0,,0,
TX-102066,SYN-10055,2026-10-09T10:00:00+05:30,8365.79,836579,out,essential,Completed,,Digital banking,Payment counterparty,party-1,MCH-10055,DEV-10055,Jaipur,0,0,0,0,0,0,,0,
TX-102067,SYN-10055,2026-10-15T09:10:00+05:30,7449.85,744985,in,credit,Completed,,UPI,Payment counterparty,credit-line,MCH-10055,DEV-10055,Jaipur,0,0,0,0,0,0,,0,
TX-102068,SYN-10055,2026-10-15T10:00:00+05:30,7449.85,744985,out,essential,Completed,,UPI,Payment counterparty,party-6,MCH-10055,DEV-10055,Jaipur,0,0,0,0,0,0,,0,
TX-102069,SYN-10055,2026-10-21T09:10:00+05:30,7070.36,707036,in,credit,Completed,,Card,Payment counterparty,credit-line,MCH-10055,DEV-10055,Jaipur,0,0,0,0,0,0,,0,
TX-102070,SYN-10055,2026-10-21T10:00:00+05:30,7070.36,707036,out,essential,Completed,,UPI,Payment counterparty,party-5,MCH-10055,DEV-10055,Jaipur,0,0,0,0,0,0,,0,
TX-102071,SYN-10055,2026-10-26T09:10:00+05:30,6843.04,684304,in,credit,Completed,,Card,Payment counterparty,credit-line,MCH-10055,DEV-10055,Jaipur,0,0,0,0,0,0,,0,
TX-102072,SYN-10055,2026-10-26T10:00:00+05:30,6843.04,684304,out,essential,Completed,,UPI,Payment counterparty,party-3,MCH-10055,DEV-10055,Jaipur,0,0,0,0,0,0,,0,
TX-102073,SYN-10055,2026-11-01T09:00:00+05:30,38629.06,3862906,in,salary,Completed,,UPI,Payment counterparty,employer,MCH-10055,DEV-10055,Jaipur,0,0,0,0,0,0,,0,
TX-102074,SYN-10055,2026-11-03T10:00:00+05:30,7575.2,757520,out,essential,Completed,,Card,Payment counterparty,party-4,MCH-10055,DEV-10055,Jaipur,0,0,0,0,0,0,,0,
TX-102075,SYN-10055,2026-11-03T22:30:00+05:30,15698.95,1569895,out,emi,Completed,,Card,Payment counterparty,lender,MCH-10055,DEV-10055,Jaipur,0,0,0,0,0,0,LN-55-0,4,
TX-102077,SYN-10056,2026-08-01T09:00:00+05:30,83348.04,8334804,in,salary,Completed,,Digital banking,Payment counterparty,employer,MCH-10056,DEV-10056,Delhi,0,0,0,0,0,0,,0,
TX-102078,SYN-10056,2026-08-03T10:00:00+05:30,6475.42,647542,out,essential,Completed,,Card,Payment counterparty,party-6,MCH-10056,DEV-10056,Delhi,0,0,0,0,0,0,,0,
TX-102079,SYN-10056,2026-08-04T12:00:00+05:30,481.5,48150,out,transfer,Completed,,UPI,Payment counterparty,party-4,,DEV-10056,Delhi,0,1,0,0,0,0,,0,
TX-102080,SYN-10056,2026-08-09T10:00:00+05:30,6299.56,629956,out,essential,Completed,,Card,Payment counterparty,party-5,MCH-10056,DEV-10056,Delhi,0,0,0,0,0,0,,0,
TX-102081,SYN-10056,2026-08-13T12:00:00+05:30,1201.31,120131,out,transfer,Completed,,Card,Payment counterparty,party-3,,DEV-10056,Delhi,0,0,0,0,0,0,,0,
TX-102082,SYN-10056,2026-08-15T10:00:00+05:30,6695.3,669530,out,essential,Completed,,UPI,Payment counterparty,party-2,MCH-10056,DEV-10056,Delhi,0,0,0,0,0,0,,0,
TX-102083,SYN-10056,2026-08-21T10:00:00+05:30,6479.4,647940,out,essential,Completed,,UPI,Payment counterparty,party-4,MCH-10056,DEV-10056,Delhi,0,0,0,0,0,0,,0,
TX-102084,SYN-10056,2026-08-24T22:30:00+05:30,26691.79,2669179,out,emi,Completed,,UPI,Payment counterparty,lender,MCH-10056,DEV-10056,Delhi,0,0,0,0,0,0,LN-56-0,2,
TX-102085,SYN-10056,2026-08-26T10:00:00+05:30,6808.09,680809,out,essential,Completed,,UPI,Payment counterparty,party-5,MCH-10056,DEV-10056,Delhi,0,0,0,0,0,0,,0,
TX-102086,SYN-10056,2026-09-01T09:00:00+05:30,50483.22,5048322,in,salary,Completed,,Wallet,Payment counterparty,employer,MCH-10056,DEV-10056,Delhi,0,0,0,0,0,0,,0,
TX-102087,SYN-10056,2026-09-03T10:00:00+05:30,5292.14,529214,out,essential,Completed,,UPI,Payment counterparty,party-2,MCH-10056,DEV-10056,Delhi,0,0,0,0,0,0,,0,
TX-102088,SYN-10056,2026-09-04T12:00:00+05:30,1073.91,107391,out,transfer,Completed,,UPI,Payment counterparty,party-3,,DEV-10056,Delhi,0,0,0,0,0,0,,0,
TX-102089,SYN-10056,2026-09-09T10:00:00+05:30,6553.96,655396,out,essential,Completed,,Card,Payment counterparty,party-4,MCH-10056,DEV-10056,Delhi,0,0,0,0,0,0,,0,
TX-102090,SYN-10056,2026-09-11T17:53:00+05:30,35459.49,3545949,out,transfer,Completed,,UPI,Payment counterparty,party-28,,DEV-10056,Delhi,0,1,0,0,0,0,,0,
TX-102091,SYN-10056,2026-09-11T18:01:00+05:30,35459.49,3545949,out,transfer,Completed,,Digital banking,Payment counterparty,party-28,,DEV-10056,Delhi,0,1,0,0,0,0,,0,
TX-102092,SYN-10056,2026-09-13T12:00:00+05:30,1320.46,132046,out,transfer,Completed,,Digital banking,Payment counterparty,party-4,,DEV-10056,Delhi,0,0,0,0,0,0,,0,
TX-102093,SYN-10056,2026-09-15T10:00:00+05:30,6566.48,656648,out,essential,Completed,,UPI,Payment counterparty,party-6,MCH-10056,DEV-10056,Delhi,0,0,0,0,0,0,,0,
TX-102094,SYN-10056,2026-09-18T14:56:00+05:30,37304.22,3730422,out,transfer,Completed,,UPI,Payment counterparty,party-23,,DEV-10139,Delhi,1,0,0,0,1,4,,0,
TX-102095,SYN-10056,2026-09-18T15:00:00+05:30,37304.22,3730422,out,transfer,Completed,,Digital banking,Payment counterparty,party-23,,DEV-10139,Delhi,1,0,0,0,1,2,,0,
TX-102096,SYN-10056,2026-09-18T15:08:00+05:30,37304.22,3730422,out,transfer,Completed,,UPI,Payment counterparty,party-23,,DEV-10139,Delhi,1,0,0,1,1,2,,0,
TX-102097,SYN-10056,2026-09-21T10:00:00+05:30,5452.21,545221,out,essential,Completed,,UPI,Payment counterparty,party-6,MCH-10056,DEV-10056,Delhi,0,0,0,0,0,0,,0,
TX-102098,SYN-10056,2026-09-24T22:30:00+05:30,18463.76,1846376,out,emi,Completed,,UPI,Payment counterparty,lender,MCH-10056,DEV-10056,Delhi,0,0,0,0,0,0,LN-56-0,3,
TX-102099,SYN-10056,2026-09-26T10:00:00+05:30,5973.87,597387,out,essential,Completed,,UPI,Payment counterparty,party-1,MCH-10056,DEV-10056,Delhi,0,0,0,0,0,0,,0,
TX-102100,SYN-10056,2026-10-01T09:00:00+05:30,50225.92,5022592,in,salary,Completed,,UPI,Payment counterparty,employer,MCH-10056,DEV-10056,Delhi,0,0,0,0,0,0,,0,
TX-102114,SYN-10056,2026-10-01T12:00:00+05:30,4600.31,460031,out,essential,Pending,2026-09-27T00:00:00+05:30,Digital banking,Payment counterparty,party-5,MCH-10056,DEV-10056,Delhi,0,0,0,0,0,0,,0,
TX-102101,SYN-10056,2026-10-03T10:00:00+05:30,6575.33,657533,out,essential,Completed,,Card,Payment counterparty,party-2,MCH-10056,DEV-10056,Delhi,0,0,0,0,0,0,,0,
TX-102102,SYN-10056,2026-10-03T22:30:00+05:30,8228.03,822803,out,emi,Completed,,UPI,Payment counterparty,lender,MCH-10056,DEV-10056,Delhi,0,0,0,0,0,0,LN-56-0,3,
TX-102103,SYN-10056,2026-10-04T12:00:00+05:30,790.55,79055,out,transfer,Completed,,UPI,Payment counterparty,party-6,,DEV-10056,Delhi,0,1,0,0,0,0,,0,
TX-102104,SYN-10056,2026-10-09T10:00:00+05:30,5579.91,557991,out,essential,Completed,,Digital banking,Payment counterparty,party-1,MCH-10056,DEV-10056,Delhi,0,0,0,0,0,0,,0,
TX-102105,SYN-10056,2026-10-13T12:00:00+05:30,1721.79,172179,out,transfer,Completed,,UPI,Payment counterparty,party-5,,DEV-10056,Delhi,0,0,0,0,0,0,,0,
TX-102106,SYN-10056,2026-10-15T10:00:00+05:30,5344.98,534498,out,essential,Completed,,Digital banking,Payment counterparty,party-3,MCH-10056,DEV-10056,Delhi,0,0,0,0,0,0,,0,
TX-102107,SYN-10056,2026-10-21T10:00:00+05:30,6181.95,618195,out,essential,Completed,,Card,Payment counterparty,party-2,MCH-10056,DEV-10056,Delhi,0,0,0,0,0,0,,0,
TX-102108,SYN-10056,2026-10-24T22:30:00+05:30,7987.13,798713,out,emi,Completed,,UPI,Payment counterparty,lender,MCH-10056,DEV-10056,Delhi,0,0,0,0,0,0,LN-56-0,4,
TX-102109,SYN-10056,2026-10-26T10:00:00+05:30,5305.35,530535,out,essential,Completed,,Digital banking,Payment counterparty,party-2,MCH-10056,DEV-10056,Delhi,0,0,0,0,0,0,,0,
TX-102110,SYN-10056,2026-11-01T09:00:00+05:30,52056.86,5205686,in,salary,Completed,,UPI,Payment counterparty,employer,MCH-10056,DEV-10056,Delhi,0,0,0,0,0,0,,0,
TX-102111,SYN-10056,2026-11-02T22:30:00+05:30,18704.66,1870466,out,emi,Completed,,UPI,Payment counterparty,lender,MCH-10056,DEV-10056,Delhi,0,0,0,0,0,0,LN-56-0,4,
TX-102112,SYN-10056,2026-11-03T10:00:00+05:30,5599.76,559976,out,essential,Completed,,Wallet,Payment counterparty,party-6,MCH-10056,DEV-10056,Delhi,0,0,0,0,0,0,,0,
TX-102113,SYN-10056,2026-11-04T12:00:00+05:30,2508.2,250820,out,transfer,Completed,,UPI,Payment counterparty,party-6,,DEV-10056,Delhi,0,0,0,0,0,0,,0,
TX-102115,SYN-10057,2026-08-03T10:00:00+05:30,3507.64,350764,out,essential,Completed,,Digital banking,Payment counterparty,party-6,MCH-10057,DEV-10057,Mumbai,0,0,0,0,0,0,,0,
TX-102116,SYN-10057,2026-08-05T09:00:00+05:30,35888.24,3588824,in,salary,Completed,,UPI,Payment counterparty,employer,MCH-10057,DEV-10057,Mumbai,0,0,0,0,0,0,,0,
TX-102117,SYN-10057,2026-08-09T10:00:00+05:30,2824.81,282481,out,essential,Completed,,Digital banking,Payment counterparty,party-2,MCH-10057,DEV-10057,Mumbai,0,0,0,0,0,0,,0,
TX-102118,SYN-10057,2026-08-14T12:00:00+05:30,1030.72,103072,out,transfer,Completed,,UPI,Payment counterparty,party-5,,DEV-10139,Mumbai,1,0,0,0,0,0,,0,
TX-102119,SYN-10057,2026-08-15T10:00:00+05:30,3427.82,342782,out,essential,Completed,,UPI,Payment counterparty,party-6,MCH-10057,DEV-10057,Mumbai,0,0,0,0,0,0,,0,
TX-102120,SYN-10057,2026-08-15T12:00:00+05:30,1601.04,160104,out,transfer,Completed,,UPI,Payment counterparty,party-3,,DEV-10057,Mumbai,0,1,0,0,0,0,,0,
TX-102121,SYN-10057,2026-08-21T10:00:00+05:30,3636.1,363610,out,essential,Completed,,UPI,Payment counterparty,party-1,MCH-10057,DEV-10057,Mumbai,0,0,0,0,0,0,,0,
TX-102122,SYN-10057,2026-08-26T10:00:00+05:30,3467.73,346773,out,essential,Completed,,Card,Payment counterparty,party-2,MCH-10057,DEV-10057,Mumbai,0,0,0,0,0,0,,0,
TX-102123,SYN-10057,2026-08-27T12:00:00+05:30,22259.77,2225977,out,transfer,Completed,,Digital banking,Payment counterparty,party-1,,DEV-10057,Mumbai,0,0,0,0,0,0,,0,
TX-102124,SYN-10057,2026-08-28T22:30:00+05:30,4336.87,433687,out,emi,Completed,,Digital banking,Payment counterparty,lender,MCH-10057,DEV-10057,Mumbai,0,0,0,0,0,0,LN-57-0,2,
TX-102125,SYN-10057,2026-09-03T10:00:00+05:30,3494.7,349470,out,essential,Completed,,UPI,Payment counterparty,party-5,MCH-10057,DEV-10057,Mumbai,0,0,0,0,0,0,,0,
TX-102126,SYN-10057,2026-09-05T09:00:00+05:30,31762.05,3176205,in,salary,Completed,,UPI,Payment counterparty,employer,MCH-10057,DEV-10057,Mumbai,0,0,0,0,0,0,,0,
TX-102127,SYN-10057,2026-09-09T10:00:00+05:30,3179.75,317975,out,essential,Completed,,UPI,Payment counterparty,party-2,MCH-10057,DEV-10057,Mumbai,0,0,0,0,0,0,,0,
TX-102128,SYN-10057,2026-09-13T14:00:00+05:30,28900.0,2890000,in,transfer,Completed,,UPI,Payment counterparty,sender-1,,DEV-10057,Mumbai,0,1,0,0,0,0,,0,
TX-102129,SYN-10057,2026-09-13T14:03:00+05:30,24500.0,2450000,in,transfer,Completed,,UPI,Payment counterparty,sender-1,,DEV-10057,Mumbai,0,1,0,0,0,0,,0,
TX-102130,SYN-10057,2026-09-13T14:06:00+05:30,29200.0,2920000,in,transfer,Completed,,UPI,Payment counterparty,sender-1,,DEV-10057,Mumbai,0,1,0,0,0,0,,0,
TX-102131,SYN-10057,2026-09-13T14:14:00+05:30,74340.0,7434000,out,transfer,Completed,,UPI,Payment counterparty,party-21,,DEV-10057,Mumbai,0,1,0,0,0,0,,0,
TX-102132,SYN-10057,2026-09-14T12:00:00+05:30,1428.64,142864,out,transfer,Completed,,UPI,Payment counterparty,party-6,,DEV-10139,Mumbai,1,0,0,0,0,0,,0,
TX-102133,SYN-10057,2026-09-15T10:00:00+05:30,3258.87,325887,out,essential,Completed,,UPI,Payment counterparty,party-2,MCH-10057,DEV-10057,Mumbai,0,0,0,0,0,0,,0,
TX-102134,SYN-10057,2026-09-15T12:00:00+05:30,1464.04,146404,out,transfer,Completed,,Wallet,Payment counterparty,party-5,,DEV-10057,Mumbai,0,0,0,0,0,0,,0,
TX-102135,SYN-10057,2026-09-21T10:00:00+05:30,2827.31,282731,out,essential,Completed,,UPI,Payment counterparty,party-2,MCH-10057,DEV-10057,Mumbai,0,0,0,0,0,0,,0,
TX-102136,SYN-10057,2026-09-26T10:00:00+05:30,3195.62,319562,out,essential,Completed,,UPI,Payment counterparty,party-5,MCH-10057,DEV-10057,Mumbai,0,0,0,0,0,0,,0,
TX-102137,SYN-10057,2026-09-27T12:00:00+05:30,2336.11,233611,out,transfer,Completed,,UPI,Payment counterparty,party-4,,DEV-10057,Mumbai,0,1,0,0,0,0,,0,
TX-102138,SYN-10057,2026-09-28T22:30:00+05:30,4336.87,433687,out,emi,Completed,,Digital banking,Payment counterparty,lender,MCH-10057,DEV-10057,Mumbai,0,0,0,0,0,0,LN-57-0,3,
TX-102151,SYN-10057,2026-10-01T12:00:00+05:30,2477.34,247734,out,essential,Pending,2026-09-27T00:00:00+05:30,Digital banking,Payment counterparty,party-6,MCH-10057,DEV-10057,Mumbai,0,0,0,0,0,0,,0,
TX-102139,SYN-10057,2026-10-03T10:00:00+05:30,3195.2,319520,out,essential,Completed,,Wallet,Payment counterparty,party-3,MCH-10057,DEV-10057,Mumbai,0,0,0,0,0,0,,0,
TX-102140,SYN-10057,2026-10-05T09:00:00+05:30,32216.29,3221629,in,salary,Completed,,UPI,Payment counterparty,employer,MCH-10057,DEV-10057,Mumbai,0,0,0,0,0,0,,0,
TX-102141,SYN-10057,2026-10-09T10:00:00+05:30,3211.07,321107,out,essential,Completed,,UPI,Payment counterparty,party-4,MCH-10057,DEV-10057,Mumbai,0,0,0,0,0,0,,0,
TX-102142,SYN-10057,2026-10-14T12:00:00+05:30,876.66,87666,out,transfer,Completed,,UPI,Payment counterparty,party-6,,DEV-10057,Mumbai,0,1,0,0,0,0,,0,
TX-102143,SYN-10057,2026-10-15T10:00:00+05:30,2996.99,299699,out,essential,Completed,,UPI,Payment counterparty,party-4,MCH-10057,DEV-10057,Mumbai,0,0,0,0,0,0,,0,
TX-102144,SYN-10057,2026-10-15T12:00:00+05:30,2724.05,272405,out,transfer,Completed,,UPI,Payment counterparty,party-4,,DEV-10057,Mumbai,0,1,0,0,0,0,,0,
TX-102145,SYN-10057,2026-10-21T10:00:00+05:30,3424.5,342450,out,essential,Completed,,UPI,Payment counterparty,party-6,MCH-10057,DEV-10057,Mumbai,0,0,0,0,0,0,,0,
TX-102146,SYN-10057,2026-10-26T10:00:00+05:30,3394.63,339463,out,essential,Completed,,Card,Payment counterparty,party-1,MCH-10057,DEV-10057,Mumbai,0,0,0,0,0,0,,0,
TX-102147,SYN-10057,2026-10-27T12:00:00+05:30,2712.56,271256,out,transfer,Completed,,UPI,Payment counterparty,party-6,,DEV-10057,Mumbai,0,0,0,0,0,0,,0,
TX-102148,SYN-10057,2026-10-28T22:30:00+05:30,4336.87,433687,out,emi,Completed,,UPI,Payment counterparty,lender,MCH-10057,DEV-10057,Mumbai,0,0,0,0,0,0,LN-57-0,4,
TX-102149,SYN-10057,2026-11-03T10:00:00+05:30,3633.92,363392,out,essential,Completed,,UPI,Payment counterparty,party-6,MCH-10057,DEV-10057,Mumbai,0,0,0,0,0,0,,0,
TX-102150,SYN-10057,2026-11-05T09:00:00+05:30,32722.3,3272230,in,salary,Completed,,UPI,Payment counterparty,employer,MCH-10057,DEV-10057,Mumbai,0,0,0,0,0,0,,0,
TX-102152,SYN-10058,2026-08-01T09:00:00+05:30,71276.89,7127689,in,salary,Completed,,UPI,Payment counterparty,employer,MCH-10058,DEV-10058,Bengaluru,0,0,0,0,0,0,,0,
TX-102153,SYN-10058,2026-08-02T12:00:00+05:30,1784.69,178469,out,transfer,Completed,,UPI,Payment counterparty,party-1,,DEV-10058,Bengaluru,0,0,0,0,0,0,,0,
TX-102154,SYN-10058,2026-08-03T10:00:00+05:30,6718.91,671891,out,essential,Completed,,UPI,Payment counterparty,party-6,MCH-10058,DEV-10058,Bengaluru,0,0,0,0,0,0,,0,
TX-102155,SYN-10058,2026-08-08T12:00:00+05:30,802.89,80289,out,transfer,Completed,,Digital banking,Payment counterparty,party-3,,DEV-10058,Bengaluru,0,0,0,0,0,0,,0,
TX-102156,SYN-10058,2026-08-09T10:00:00+05:30,6008.64,600864,out,essential,Completed,,Card,Payment counterparty,party-5,MCH-10058,DEV-10058,Bengaluru,0,0,0,0,0,0,,0,
TX-102157,SYN-10058,2026-08-15T10:00:00+05:30,5934.66,593466,out,essential,Completed,,UPI,Payment counterparty,party-5,MCH-10058,DEV-10058,Bengaluru,0,0,0,0,0,0,,0,
TX-102158,SYN-10058,2026-08-21T10:00:00+05:30,5946.87,594687,out,essential,Completed,,Card,Payment counterparty,party-5,MCH-10058,DEV-10058,Bengaluru,0,0,0,0,0,0,,0,
TX-102159,SYN-10058,2026-08-21T12:00:00+05:30,1707.78,170778,out,transfer,Completed,,UPI,Payment counterparty,party-3,,DEV-10058,Bengaluru,0,1,0,0,0,0,,0,
TX-102160,SYN-10058,2026-08-26T10:00:00+05:30,6224.12,622412,out,essential,Completed,,UPI,Payment counterparty,party-6,MCH-10058,DEV-10058,Bengaluru,0,0,0,0,0,0,,0,
TX-102161,SYN-10058,2026-08-28T22:30:00+05:30,38504.34,3850434,out,emi,Completed,,UPI,Payment counterparty,lender,MCH-10058,DEV-10058,Bengaluru,0,0,0,0,0,0,LN-58-0,2,
TX-102162,SYN-10058,2026-09-01T09:00:00+05:30,69297.86,6929786,in,salary,Completed,,UPI,Payment counterparty,employer,MCH-10058,DEV-10058,Bengaluru,0,0,0,0,0,0,,0,
TX-102163,SYN-10058,2026-09-02T12:00:00+05:30,3553.09,355309,out,transfer,Completed,,UPI,Payment counterparty,party-1,,DEV-10058,Bengaluru,0,0,0,0,0,0,,0,
TX-102164,SYN-10058,2026-09-03T10:00:00+05:30,5477.09,547709,out,essential,Completed,,UPI,Payment counterparty,party-5,MCH-10058,DEV-10058,Bengaluru,0,0,0,0,0,0,,0,
TX-102165,SYN-10058,2026-09-08T12:00:00+05:30,4303.15,430315,out,transfer,Completed,,UPI,Payment counterparty,party-4,,DEV-10139,Bengaluru,1,1,0,1,0,0,,0,
TX-102166,SYN-10058,2026-09-09T10:00:00+05:30,6555.58,655558,out,essential,Completed,,Card,Payment counterparty,party-4,MCH-10058,DEV-10058,Bengaluru,0,0,0,0,0,0,,0,
TX-102167,SYN-10058,2026-09-15T10:00:00+05:30,6067.02,606702,out,essential,Completed,,UPI,Payment counterparty,party-6,MCH-10058,DEV-10058,Bengaluru,0,0,0,0,0,0,,0,
TX-102168,SYN-10058,2026-09-20T14:00:00+05:30,27100.0,2710000,in,transfer,Completed,,UPI,Payment counterparty,sender-0,,DEV-10058,Bengaluru,0,1,0,0,0,0,,0,
TX-102169,SYN-10058,2026-09-20T14:03:00+05:30,20600.0,2060000,in,transfer,Completed,,UPI,Payment counterparty,sender-1,,DEV-10058,Bengaluru,0,1,0,0,0,0,,0,
TX-102170,SYN-10058,2026-09-20T14:06:00+05:30,22200.0,2220000,in,transfer,Completed,,Digital banking,Payment counterparty,sender-2,,DEV-10058,Bengaluru,0,1,0,0,0,0,,0,
TX-102171,SYN-10058,2026-09-20T14:14:00+05:30,62910.0,6291000,out,transfer,Completed,,UPI,Payment counterparty,party-21,,DEV-10058,Bengaluru,0,1,0,0,0,0,,0,
TX-102172,SYN-10058,2026-09-21T10:00:00+05:30,5635.21,563521,out,essential,Completed,,Card,Payment counterparty,party-1,MCH-10058,DEV-10058,Bengaluru,0,0,0,0,0,0,,0,
TX-102173,SYN-10058,2026-09-21T12:00:00+05:30,2629.08,262908,out,transfer,Completed,,UPI,Payment counterparty,party-6,,DEV-10058,Bengaluru,0,0,0,0,0,0,,0,
TX-102174,SYN-10058,2026-09-26T10:00:00+05:30,5932.69,593269,out,essential,Completed,,Digital banking,Payment counterparty,party-2,MCH-10058,DEV-10058,Bengaluru,0,0,0,0,0,0,,0,
TX-102175,SYN-10058,2026-09-28T22:30:00+05:30,38504.34,3850434,out,emi,Completed,,UPI,Payment counterparty,lender,MCH-10058,DEV-10058,Bengaluru,0,0,0,0,0,0,LN-58-0,3,
TX-102176,SYN-10058,2026-10-01T09:00:00+05:30,66403.94,6640394,in,salary,Completed,,Digital banking,Payment counterparty,employer,MCH-10058,DEV-10058,Bengaluru,0,0,0,0,0,0,,0,
TX-102189,SYN-10058,2026-10-01T12:00:00+05:30,4647.89,464789,out,essential,Pending,2026-09-27T00:00:00+05:30,UPI,Payment counterparty,party-2,MCH-10058,DEV-10058,Bengaluru,0,0,0,0,0,0,,0,
TX-102177,SYN-10058,2026-10-02T12:00:00+05:30,4946.29,494629,out,transfer,Completed,,UPI,Payment counterparty,party-2,,DEV-10139,Bengaluru,1,0,0,0,0,0,,0,
TX-102178,SYN-10058,2026-10-03T10:00:00+05:30,6082.53,608253,out,essential,Completed,,UPI,Payment counterparty,party-5,MCH-10058,DEV-10058,Bengaluru,0,0,0,0,0,0,,0,
TX-102179,SYN-10058,2026-10-08T12:00:00+05:30,1544.63,154463,out,transfer,Completed,,UPI,Payment counterparty,party-2,,DEV-10058,Bengaluru,0,1,0,0,0,0,,0,
TX-102180,SYN-10058,2026-10-09T10:00:00+05:30,6509.97,650997,out,essential,Completed,,Digital banking,Payment counterparty,party-2,MCH-10058,DEV-10058,Bengaluru,0,0,0,0,0,0,,0,
TX-102181,SYN-10058,2026-10-15T10:00:00+05:30,6473.93,647393,out,essential,Completed,,UPI,Payment counterparty,party-6,MCH-10058,DEV-10058,Bengaluru,0,0,0,0,0,0,,0,
TX-102182,SYN-10058,2026-10-21T10:00:00+05:30,6291.82,629182,out,essential,Completed,,UPI,Payment counterparty,party-5,MCH-10058,DEV-10058,Bengaluru,0,0,0,0,0,0,,0,
TX-102183,SYN-10058,2026-10-21T12:00:00+05:30,633.74,63374,out,transfer,Completed,,Card,Payment counterparty,party-2,,DEV-10058,Bengaluru,0,0,0,0,0,0,,0,
TX-102184,SYN-10058,2026-10-26T10:00:00+05:30,6133.41,613341,out,essential,Completed,,UPI,Payment counterparty,party-5,MCH-10058,DEV-10058,Bengaluru,0,0,0,0,0,0,,0,
TX-102185,SYN-10058,2026-10-28T22:30:00+05:30,38504.34,3850434,out,emi,Completed,,UPI,Payment counterparty,lender,MCH-10058,DEV-10058,Bengaluru,0,0,0,0,0,0,LN-58-0,4,
TX-102186,SYN-10058,2026-11-01T09:00:00+05:30,69479.97,6947997,in,salary,Completed,,Wallet,Payment counterparty,employer,MCH-10058,DEV-10058,Bengaluru,0,0,0,0,0,0,,0,
TX-102187,SYN-10058,2026-11-02T12:00:00+05:30,568.96,56896,out,transfer,Completed,,UPI,Payment counterparty,party-4,,DEV-10058,Bengaluru,0,0,0,0,0,0,,0,
TX-102188,SYN-10058,2026-11-03T10:00:00+05:30,6052.22,605222,out,essential,Completed,,UPI,Payment counterparty,party-5,MCH-10058,DEV-10058,Bengaluru,0,0,0,0,0,0,,0,
TX-102190,SYN-10059,2026-08-01T09:00:00+05:30,73314.39,7331439,in,salary,Completed,,UPI,Payment counterparty,employer,MCH-10059,DEV-10059,Jaipur,0,0,0,0,0,0,,0,
TX-102191,SYN-10059,2026-08-03T10:00:00+05:30,5640.03,564003,out,essential,Completed,,UPI,Payment counterparty,party-6,MCH-10059,DEV-10059,Jaipur,0,0,0,0,0,0,,0,
TX-102192,SYN-10059,2026-08-03T12:00:00+05:30,4485.27,448527,out,transfer,Completed,,UPI,Payment counterparty,party-4,,DEV-10059,Jaipur,0,0,0,0,0,0,,0,
TX-102193,SYN-10059,2026-08-09T10:00:00+05:30,5161.01,516101,out,essential,Completed,,Digital banking,Payment counterparty,party-2,MCH-10059,DEV-10059,Jaipur,0,0,0,0,0,0,,0,
TX-102194,SYN-10059,2026-08-15T10:00:00+05:30,5121.74,512174,out,essential,Completed,,UPI,Payment counterparty,party-2,MCH-10059,DEV-10059,Jaipur,0,0,0,0,0,0,,0,
TX-102195,SYN-10059,2026-08-21T10:00:00+05:30,6293.1,629310,out,essential,Completed,,Digital banking,Payment counterparty,party-2,MCH-10059,DEV-10059,Jaipur,0,0,0,0,0,0,,0,
TX-102196,SYN-10059,2026-08-21T12:00:00+05:30,92845.89,9284589,out,transfer,Completed,,Card,Payment counterparty,party-6,,DEV-10059,Jaipur,0,0,0,0,0,0,,0,
TX-102197,SYN-10059,2026-08-22T22:30:00+05:30,9948.72,994872,out,emi,Completed,,UPI,Payment counterparty,lender,MCH-10059,DEV-10059,Jaipur,0,0,0,0,0,0,LN-59-0,2,
TX-102198,SYN-10059,2026-08-26T10:00:00+05:30,5198.02,519802,out,essential,Completed,,Digital banking,Payment counterparty,party-6,MCH-10059,DEV-10059,Jaipur,0,0,0,0,0,0,,0,
TX-102199,SYN-10059,2026-09-01T09:00:00+05:30,72042.95,7204295,in,salary,Completed,,UPI,Payment counterparty,employer,MCH-10059,DEV-10059,Jaipur,0,0,0,0,0,0,,0,
TX-102200,SYN-10059,2026-09-03T10:00:00+05:30,6134.71,613471,out,essential,Completed,,UPI,Payment counterparty,party-5,MCH-10059,DEV-10059,Jaipur,0,0,0,0,0,0,,0,
TX-102201,SYN-10059,2026-09-03T12:00:00+05:30,2341.6,234160,out,transfer,Completed,,Wallet,Payment counterparty,party-4,,DEV-10059,Jaipur,0,0,0,0,0,0,,0,
TX-102202,SYN-10059,2026-09-09T10:00:00+05:30,5124.98,512498,out,essential,Completed,,UPI,Payment counterparty,party-5,MCH-10059,DEV-10059,Jaipur,0,0,0,0,0,0,,0,
TX-102203,SYN-10059,2026-09-15T10:00:00+05:30,5623.65,562365,out,essential,Completed,,UPI,Payment counterparty,party-3,MCH-10059,DEV-10059,Jaipur,0,0,0,0,0,0,,0,
TX-102204,SYN-10059,2026-09-19T13:05:00+05:30,25684.3,2568430,out,transfer,Completed,,UPI,Payment counterparty,party-19,,DEV-10139,Jaipur,1,1,0,0,1,3,,0,
TX-102205,SYN-10059,2026-09-19T13:12:00+05:30,25684.3,2568430,out,transfer,Completed,,UPI,Payment counterparty,party-19,,DEV-10139,Jaipur,1,1,0,0,1,3,,0,
TX-102206,SYN-10059,2026-09-21T10:00:00+05:30,6187.28,618728,out,essential,Completed,,Card,Payment counterparty,party-4,MCH-10059,DEV-10059,Jaipur,0,0,0,0,0,0,,0,
TX-102207,SYN-10059,2026-09-21T12:00:00+05:30,18278.75,1827875,out,transfer,Completed,,Digital banking,Payment counterparty,party-3,,DEV-10059,Jaipur,0,0,0,0,0,0,,0,
TX-102208,SYN-10059,2026-09-22T22:30:00+05:30,8893.26,889326,out,emi,Completed,,UPI,Payment counterparty,lender,MCH-10059,DEV-10059,Jaipur,0,0,0,0,0,0,LN-59-0,3,
TX-102209,SYN-10059,2026-09-25T17:05:00+05:30,1312.97,131297,out,transfer,Completed,,UPI,Payment counterparty,party-23,,DEV-10139,Jaipur,1,1,0,1,1,4,,0,
TX-102210,SYN-10059,2026-09-25T17:10:00+05:30,1312.97,131297,out,transfer,Completed,,UPI,Payment counterparty,party-23,,DEV-10139,Jaipur,1,1,0,1,1,4,,0,
TX-102211,SYN-10059,2026-09-26T09:10:00+05:30,2028.98,202898,in,credit,Completed,,UPI,Payment counterparty,credit-line,MCH-10059,DEV-10059,Jaipur,0,0,0,0,0,0,,0,
TX-102212,SYN-10059,2026-09-26T10:00:00+05:30,5407.65,540765,out,essential,Completed,,UPI,Payment counterparty,party-1,MCH-10059,DEV-10059,Jaipur,0,0,0,0,0,0,,0,
TX-102213,SYN-10059,2026-10-01T09:00:00+05:30,78432.38,7843238,in,salary,Completed,,UPI,Payment counterparty,employer,MCH-10059,DEV-10059,Jaipur,0,0,0,0,0,0,,0,
TX-102226,SYN-10059,2026-10-01T12:00:00+05:30,4339.78,433978,out,essential,Pending,2026-09-27T00:00:00+05:30,UPI,Payment counterparty,party-5,MCH-10059,DEV-10059,Jaipur,0,0,0,0,0,0,,0,
TX-102214,SYN-10059,2026-10-01T22:30:00+05:30,1055.46,105546,out,emi,Completed,,UPI,Payment counterparty,lender,MCH-10059,DEV-10059,Jaipur,0,0,0,0,0,0,LN-59-0,3,
TX-102215,SYN-10059,2026-10-03T10:00:00+05:30,6031.08,603108,out,essential,Completed,,UPI,Payment counterparty,party-3,MCH-10059,DEV-10059,Jaipur,0,0,0,0,0,0,,0,
TX-102216,SYN-10059,2026-10-03T12:00:00+05:30,4227.01,422701,out,transfer,Completed,,Card,Payment counterparty,party-2,,DEV-10059,Jaipur,0,1,0,0,0,0,,0,
TX-102217,SYN-10059,2026-10-09T10:00:00+05:30,6011.29,601129,out,essential,Completed,,Card,Payment counterparty,party-5,MCH-10059,DEV-10059,Jaipur,0,0,0,0,0,0,,0,
TX-102218,SYN-10059,2026-10-15T10:00:00+05:30,6542.98,654298,out,essential,Completed,,UPI,Payment counterparty,party-1,MCH-10059,DEV-10059,Jaipur,0,0,0,0,0,0,,0,
TX-102219,SYN-10059,2026-10-21T10:00:00+05:30,5603.33,560333,out,essential,Completed,,Card,Payment counterparty,party-2,MCH-10059,DEV-10059,Jaipur,0,0,0,0,0,0,,0,
TX-102220,SYN-10059,2026-10-21T12:00:00+05:30,2985.12,298512,out,transfer,Completed,,Digital banking,Payment counterparty,party-5,,DEV-10059,Jaipur,0,0,0,0,0,0,,0,
TX-102221,SYN-10059,2026-10-22T22:30:00+05:30,9948.72,994872,out,emi,Completed,,UPI,Payment counterparty,lender,MCH-10059,DEV-10059,Jaipur,0,0,0,0,0,0,LN-59-0,4,
TX-102222,SYN-10059,2026-10-26T10:00:00+05:30,5118.81,511881,out,essential,Completed,,Digital banking,Payment counterparty,party-3,MCH-10059,DEV-10059,Jaipur,0,0,0,0,0,0,,0,
TX-102223,SYN-10059,2026-11-01T09:00:00+05:30,72538.34,7253834,in,salary,Completed,,UPI,Payment counterparty,employer,MCH-10059,DEV-10059,Jaipur,0,0,0,0,0,0,,0,
TX-102224,SYN-10059,2026-11-03T10:00:00+05:30,5534.76,553476,out,essential,Completed,,UPI,Payment counterparty,party-4,MCH-10059,DEV-10059,Jaipur,0,0,0,0,0,0,,0,
TX-102225,SYN-10059,2026-11-03T12:00:00+05:30,5161.22,516122,out,transfer,Completed,,Digital banking,Payment counterparty,party-2,,DEV-10139,Jaipur,1,0,0,0,0,0,,0,
TX-102227,SYN-10060,2026-08-01T09:00:00+05:30,40011.47,4001147,in,salary,Completed,,Card,Payment counterparty,employer,MCH-10060,DEV-10060,Delhi,0,0,0,0,0,0,,0,
TX-102228,SYN-10060,2026-08-03T10:00:00+05:30,4514.0,451400,out,essential,Completed,,Digital banking,Payment counterparty,party-5,MCH-10060,DEV-10060,Delhi,0,0,0,0,0,0,,0,
TX-102229,SYN-10060,2026-08-09T10:00:00+05:30,4366.4,436640,out,essential,Completed,,UPI,Payment counterparty,party-4,MCH-10060,DEV-10060,Delhi,0,0,0,0,0,0,,0,
TX-102230,SYN-10060,2026-08-11T12:00:00+05:30,1272.37,127237,out,transfer,Completed,,Digital banking,Payment counterparty,party-5,,DEV-10060,Delhi,0,0,0,0,0,0,,0,
TX-102231,SYN-10060,2026-08-15T10:00:00+05:30,4449.49,444949,out,essential,Completed,,Digital banking,Payment counterparty,party-3,MCH-10060,DEV-10060,Delhi,0,0,0,0,0,0,,0,
TX-102232,SYN-10060,2026-08-18T12:00:00+05:30,1736.57,173657,out,transfer,Completed,,UPI,Payment counterparty,party-6,,DEV-10060,Delhi,0,1,0,0,0,0,,0,
TX-102233,SYN-10060,2026-08-21T10:00:00+05:30,4352.35,435235,out,essential,Completed,,UPI,Payment counterparty,party-3,MCH-10060,DEV-10060,Delhi,0,0,0,0,0,0,,0,
TX-102234,SYN-10060,2026-08-26T10:00:00+05:30,4877.6,487760,out,essential,Completed,,UPI,Payment counterparty,party-1,MCH-10060,DEV-10060,Delhi,0,0,0,0,0,0,,0,
TX-102235,SYN-10060,2026-08-28T12:00:00+05:30,10282.21,1028221,out,transfer,Completed,,UPI,Payment counterparty,party-2,,DEV-10060,Delhi,0,0,0,0,0,0,,0,
TX-102236,SYN-10060,2026-09-01T09:00:00+05:30,39555.14,3955514,in,salary,Completed,,UPI,Payment counterparty,employer,MCH-10060,DEV-10060,Delhi,0,0,0,0,0,0,,0,
TX-102237,SYN-10060,2026-09-03T10:00:00+05:30,4862.25,486225,out,essential,Completed,,Card,Payment counterparty,party-6,MCH-10060,DEV-10060,Delhi,0,0,0,0,0,0,,0,
TX-102238,SYN-10060,2026-09-09T10:00:00+05:30,4398.96,439896,out,essential,Completed,,Wallet,Payment counterparty,party-5,MCH-10060,DEV-10060,Delhi,0,0,0,0,0,0,,0,
TX-102239,SYN-10060,2026-09-10T16:52:00+05:30,6082.87,608287,out,transfer,Completed,,UPI,Payment counterparty,party-17,,DEV-10140,Delhi,1,1,0,0,1,4,,0,
TX-102240,SYN-10060,2026-09-10T17:00:00+05:30,6082.87,608287,out,transfer,Completed,,Digital banking,Payment counterparty,party-17,,DEV-10140,Delhi,1,1,0,1,1,4,,0,
TX-102241,SYN-10060,2026-09-11T12:00:00+05:30,10048.55,1004855,out,transfer,Completed,,Card,Payment counterparty,party-2,,DEV-10060,Delhi,0,1,0,0,0,0,,0,
TX-102242,SYN-10060,2026-09-15T10:00:00+05:30,4165.17,416517,out,essential,Completed,,UPI,Payment counterparty,party-6,MCH-10060,DEV-10060,Delhi,0,0,0,0,0,0,,0,
TX-102243,SYN-10060,2026-09-16T16:14:00+05:30,15396.18,1539618,out,transfer,Completed,,UPI,Payment counterparty,party-13,,DEV-10060,Delhi,0,0,0,0,0,0,,0,
TX-102244,SYN-10060,2026-09-16T16:20:00+05:30,15396.18,1539618,out,transfer,Completed,,UPI,Payment counterparty,party-13,,DEV-10060,Delhi,0,0,0,0,0,0,,0,
TX-102245,SYN-10060,2026-09-18T12:00:00+05:30,2963.64,296364,out,transfer,Completed,,Card,Payment counterparty,party-2,,DEV-10060,Delhi,0,1,0,0,0,0,,0,
TX-102246,SYN-10060,2026-09-21T10:00:00+05:30,5040.36,504036,out,essential,Completed,,Digital banking,Payment counterparty,party-1,MCH-10060,DEV-10060,Delhi,0,0,0,0,0,0,,0,
TX-102247,SYN-10060,2026-09-26T10:00:00+05:30,5409.9,540990,out,essential,Completed,,UPI,Payment counterparty,party-5,MCH-10060,DEV-10060,Delhi,0,0,0,0,0,0,,0,
TX-102248,SYN-10060,2026-09-28T12:00:00+05:30,7004.35,700435,out,transfer,Completed,,UPI,Payment counterparty,party-4,,DEV-10060,Delhi,0,1,0,0,0,0,,0,
TX-102249,SYN-10060,2026-10-01T09:00:00+05:30,36826.28,3682628,in,salary,Completed,,UPI,Payment counterparty,employer,MCH-10060,DEV-10060,Delhi,0,0,0,0,0,0,,0,
TX-102250,SYN-10060,2026-10-03T10:00:00+05:30,4808.13,480813,out,essential,Completed,,UPI,Payment counterparty,party-3,MCH-10060,DEV-10060,Delhi,0,0,0,0,0,0,,0,
TX-102251,SYN-10060,2026-10-09T10:00:00+05:30,4971.77,497177,out,essential,Completed,,UPI,Payment counterparty,party-1,MCH-10060,DEV-10060,Delhi,0,0,0,0,0,0,,0,
TX-102252,SYN-10060,2026-10-11T12:00:00+05:30,4166.41,416641,out,transfer,Completed,,UPI,Payment counterparty,party-5,,DEV-10060,Delhi,0,1,0,0,0,0,,0,
TX-102253,SYN-10060,2026-10-15T10:00:00+05:30,4441.26,444126,out,essential,Completed,,UPI,Payment counterparty,party-4,MCH-10060,DEV-10060,Delhi,0,0,0,0,0,0,,0,
TX-102254,SYN-10060,2026-10-18T12:00:00+05:30,10009.46,1000946,out,transfer,Completed,,UPI,Payment counterparty,party-6,,DEV-10140,Delhi,1,0,0,0,0,0,,0,
TX-102255,SYN-10060,2026-10-21T10:00:00+05:30,5272.92,527292,out,essential,Completed,,UPI,Payment counterparty,party-3,MCH-10060,DEV-10060,Delhi,0,0,0,0,0,0,,0,
TX-102256,SYN-10060,2026-10-26T10:00:00+05:30,4247.11,424711,out,essential,Completed,,Card,Payment counterparty,party-1,MCH-10060,DEV-10060,Delhi,0,0,0,0,0,0,,0,
TX-102257,SYN-10060,2026-10-28T12:00:00+05:30,5640.25,564025,out,transfer,Completed,,Digital banking,Payment counterparty,party-2,,DEV-10060,Delhi,0,0,0,0,0,0,,0,
TX-102258,SYN-10060,2026-11-01T09:00:00+05:30,38262.87,3826287,in,salary,Completed,,Card,Payment counterparty,employer,MCH-10060,DEV-10060,Delhi,0,0,0,0,0,0,,0,
TX-102259,SYN-10060,2026-11-03T10:00:00+05:30,5036.51,503651,out,essential,Completed,,UPI,Payment counterparty,party-3,MCH-10060,DEV-10060,Delhi,0,0,0,0,0,0,,0,
TX-102260,SYN-10061,2026-08-01T09:00:00+05:30,70225.09,7022509,in,salary,Completed,,UPI,Payment counterparty,employer,MCH-10061,DEV-10061,Mumbai,0,0,0,0,0,0,,0,
TX-102261,SYN-10061,2026-08-03T10:00:00+05:30,8736.66,873666,out,essential,Completed,,UPI,Payment counterparty,party-3,MCH-10061,DEV-10061,Mumbai,0,0,0,0,0,0,,0,
TX-102262,SYN-10061,2026-08-03T12:00:00+05:30,11386.77,1138677,out,transfer,Completed,,UPI,Payment counterparty,party-5,,DEV-10061,Mumbai,0,0,0,0,0,0,,0,
TX-102263,SYN-10061,2026-08-07T12:00:00+05:30,83848.42,8384842,out,transfer,Completed,,UPI,Payment counterparty,party-1,,DEV-10061,Mumbai,0,0,0,0,0,0,,0,
TX-102264,SYN-10061,2026-08-09T10:00:00+05:30,7615.68,761568,out,essential,Completed,,UPI,Payment counterparty,party-5,MCH-10061,DEV-10061,Mumbai,0,0,0,0,0,0,,0,
TX-102265,SYN-10061,2026-08-15T10:00:00+05:30,8396.47,839647,out,essential,Completed,,UPI,Payment counterparty,party-2,MCH-10061,DEV-10061,Mumbai,0,0,0,0,0,0,,0,
TX-102266,SYN-10061,2026-08-21T10:00:00+05:30,7890.74,789074,out,essential,Completed,,UPI,Payment counterparty,party-2,MCH-10061,DEV-10061,Mumbai,0,0,0,0,0,0,,0,
TX-102267,SYN-10061,2026-08-26T10:00:00+05:30,7665.23,766523,out,essential,Completed,,UPI,Payment counterparty,party-4,MCH-10061,DEV-10061,Mumbai,0,0,0,0,0,0,,0,
TX-102268,SYN-10061,2026-08-26T12:00:00+05:30,5678.64,567864,out,transfer,Completed,,UPI,Payment counterparty,party-1,,DEV-10140,Mumbai,1,1,0,0,0,0,,0,
TX-102269,SYN-10061,2026-08-27T22:30:00+05:30,22466.38,2246638,out,emi,Completed,,Wallet,Payment counterparty,lender,MCH-10061,DEV-10061,Mumbai,0,0,0,0,0,0,LN-61-0,2,
TX-102270,SYN-10061,2026-08-27T22:30:00+05:30,4791.29,479129,out,emi,Completed,,UPI,Payment counterparty,lender,MCH-10061,DEV-10061,Mumbai,0,0,0,0,0,0,LN-61-1,2,
TX-102271,SYN-10061,2026-09-01T09:00:00+05:30,68136.86,6813686,in,salary,Completed,,Card,Payment counterparty,employer,MCH-10061,DEV-10061,Mumbai,0,0,0,0,0,0,,0,
TX-102272,SYN-10061,2026-09-02T22:30:00+05:30,5871.75,587175,out,emi,Completed,,Digital banking,Payment counterparty,lender,MCH-10061,DEV-10061,Mumbai,0,0,0,0,0,0,LN-61-0,2,
TX-102273,SYN-10061,2026-09-02T22:30:00+05:30,9100.05,910005,out,emi,Completed,,Wallet,Payment counterparty,lender,MCH-10061,DEV-10061,Mumbai,0,0,0,0,0,0,LN-61-1,2,
TX-102274,SYN-10061,2026-09-03T10:00:00+05:30,6724.93,672493,out,essential,Completed,,UPI,Payment counterparty,party-5,MCH-10061,DEV-10061,Mumbai,0,0,0,0,0,0,,0,
TX-102275,SYN-10061,2026-09-03T12:00:00+05:30,7357.07,735707,out,transfer,Completed,,UPI,Payment counterparty,party-3,,DEV-10061,Mumbai,0,0,0,0,0,0,,0,
TX-102276,SYN-10061,2026-09-07T12:00:00+05:30,10106.42,1010642,out,transfer,Completed,,Card,Payment counterparty,party-6,,DEV-10061,Mumbai,0,0,0,0,0,0,,0,
TX-102277,SYN-10061,2026-09-09T10:00:00+05:30,6663.41,666341,out,essential,Completed,,Digital banking,Payment counterparty,party-6,MCH-10061,DEV-10061,Mumbai,0,0,0,0,0,0,,0,
TX-102278,SYN-10061,2026-09-11T17:36:00+05:30,7636.22,763622,out,transfer,Completed,,UPI,Payment counterparty,party-8,,DEV-10140,Mumbai,1,1,0,0,1,3,,0,
TX-102279,SYN-10061,2026-09-11T17:43:00+05:30,7636.22,763622,out,transfer,Completed,,Card,Payment counterparty,party-8,,DEV-10140,Mumbai,1,1,0,0,1,1,,0,
TX-102280,SYN-10061,2026-09-11T17:48:00+05:30,7636.22,763622,out,transfer,Completed,,Digital banking,Payment counterparty,party-8,,DEV-10140,Mumbai,1,1,0,0,1,2,,0,
TX-102281,SYN-10061,2026-09-14T10:00:00+05:30,21763.22,2176322,in,transfer,Completed,,Wallet,Payment counterparty,recovery,,DEV-10061,Mumbai,0,0,0,0,0,0,,0,
TX-102282,SYN-10061,2026-09-15T10:00:00+05:30,7464.96,746496,out,essential,Completed,,UPI,Payment counterparty,party-1,MCH-10061,DEV-10061,Mumbai,0,0,0,0,0,0,,0,
TX-102283,SYN-10061,2026-09-16T13:02:00+05:30,1142.94,114294,out,transfer,Completed,,Digital banking,Payment counterparty,party-13,,DEV-10140,Mumbai,1,1,0,1,0,0,,0,
TX-102284,SYN-10061,2026-09-16T13:05:00+05:30,1142.94,114294,out,transfer,Completed,,UPI,Payment counterparty,party-13,,DEV-10140,Mumbai,1,1,0,1,0,0,,0,
TX-102285,SYN-10061,2026-09-21T10:00:00+05:30,6980.85,698085,out,essential,Completed,,UPI,Payment counterparty,party-2,MCH-10061,DEV-10061,Mumbai,0,0,0,0,0,0,,0,
TX-102286,SYN-10061,2026-09-26T10:00:00+05:30,8062.69,806269,out,essential,Completed,,UPI,Payment counterparty,party-2,MCH-10061,DEV-10061,Mumbai,0,0,0,0,0,0,,0,
TX-102287,SYN-10061,2026-09-26T12:00:00+05:30,1825.14,182514,out,transfer,Completed,,Card,Payment counterparty,party-1,,DEV-10061,Mumbai,0,1,0,0,0,0,,0,
TX-102288,SYN-10061,2026-10-01T09:00:00+05:30,75298.51,7529851,in,salary,Completed,,UPI,Payment counterparty,employer,MCH-10061,DEV-10061,Mumbai,0,0,0,0,0,0,,0,
TX-102307,SYN-10061,2026-10-01T12:00:00+05:30,5713.67,571367,out,essential,Pending,2026-09-27T00:00:00+05:30,Digital banking,Payment counterparty,party-3,MCH-10061,DEV-10061,Mumbai,0,0,0,0,0,0,,0,
TX-102289,SYN-10061,2026-10-03T10:00:00+05:30,6785.17,678517,out,essential,Completed,,UPI,Payment counterparty,party-6,MCH-10061,DEV-10061,Mumbai,0,0,0,0,0,0,,0,
TX-102290,SYN-10061,2026-10-03T12:00:00+05:30,13014.43,1301443,out,transfer,Completed,,UPI,Payment counterparty,party-6,,DEV-10140,Mumbai,1,0,0,1,0,0,,0,
TX-102291,SYN-10061,2026-10-03T22:30:00+05:30,28338.13,2833813,out,emi,Completed,,UPI,Payment counterparty,lender,MCH-10061,DEV-10061,Mumbai,0,0,0,0,0,0,LN-61-0,3,
TX-102292,SYN-10061,2026-10-03T22:30:00+05:30,13891.34,1389134,out,emi,Completed,,UPI,Payment counterparty,lender,MCH-10061,DEV-10061,Mumbai,0,0,0,0,0,0,LN-61-1,3,
TX-102293,SYN-10061,2026-10-07T12:00:00+05:30,7223.11,722311,out,transfer,Completed,,Card,Payment counterparty,party-1,,DEV-10061,Mumbai,0,0,0,0,0,0,,0,
TX-102294,SYN-10061,2026-10-09T09:10:00+05:30,640.81,64081,in,credit,Completed,,UPI,Payment counterparty,credit-line,MCH-10061,DEV-10061,Mumbai,0,0,0,0,0,0,,0,
TX-102295,SYN-10061,2026-10-09T10:00:00+05:30,7433.18,743318,out,essential,Completed,,UPI,Payment counterparty,party-6,MCH-10061,DEV-10061,Mumbai,0,0,0,0,0,0,,0,
TX-102296,SYN-10061,2026-10-15T09:10:00+05:30,8197.1,819710,in,credit,Completed,,Card,Payment counterparty,credit-line,MCH-10061,DEV-10061,Mumbai,0,0,0,0,0,0,,0,
TX-102297,SYN-10061,2026-10-15T10:00:00+05:30,8197.1,819710,out,essential,Completed,,UPI,Payment counterparty,party-2,MCH-10061,DEV-10061,Mumbai,0,0,0,0,0,0,,0,
TX-102298,SYN-10061,2026-10-21T09:10:00+05:30,8536.73,853673,in,credit,Completed,,UPI,Payment counterparty,credit-line,MCH-10061,DEV-10061,Mumbai,0,0,0,0,0,0,,0,
TX-102299,SYN-10061,2026-10-21T10:00:00+05:30,8536.73,853673,out,essential,Completed,,Digital banking,Payment counterparty,party-4,MCH-10061,DEV-10061,Mumbai,0,0,0,0,0,0,,0,
TX-102300,SYN-10061,2026-10-26T09:10:00+05:30,8733.66,873366,in,credit,Completed,,UPI,Payment counterparty,credit-line,MCH-10061,DEV-10061,Mumbai,0,0,0,0,0,0,,0,
TX-102301,SYN-10061,2026-10-26T10:00:00+05:30,8733.66,873366,out,essential,Completed,,Digital banking,Payment counterparty,party-2,MCH-10061,DEV-10061,Mumbai,0,0,0,0,0,0,,0,
TX-102302,SYN-10061,2026-11-01T09:00:00+05:30,72412.79,7241279,in,salary,Completed,,UPI,Payment counterparty,employer,MCH-10061,DEV-10061,Mumbai,0,0,0,0,0,0,,0,
TX-102303,SYN-10061,2026-11-02T22:30:00+05:30,13891.34,1389134,out,emi,Completed,,UPI,Payment counterparty,lender,MCH-10061,DEV-10061,Mumbai,0,0,0,0,0,0,LN-61-1,4,
TX-102304,SYN-10061,2026-11-03T10:00:00+05:30,8556.01,855601,out,essential,Completed,,UPI,Payment counterparty,party-1,MCH-10061,DEV-10061,Mumbai,0,0,0,0,0,0,,0,
TX-102305,SYN-10061,2026-11-03T12:00:00+05:30,2081.9,208190,out,transfer,Completed,,Digital banking,Payment counterparty,party-3,,DEV-10061,Mumbai,0,0,0,0,0,0,,0,
TX-102306,SYN-10061,2026-11-05T22:30:00+05:30,28338.13,2833813,out,emi,Completed,,Wallet,Payment counterparty,lender,MCH-10061,DEV-10061,Mumbai,0,0,0,0,0,0,LN-61-0,4,
TX-102308,SYN-10062,2026-08-01T09:00:00+05:30,110912.71,11091271,in,salary,Completed,,UPI,Payment counterparty,employer,MCH-10062,DEV-10062,Bengaluru,0,0,0,0,0,0,,0,
TX-102309,SYN-10062,2026-08-03T10:00:00+05:30,7397.82,739782,out,essential,Completed,,Card,Payment counterparty,party-1,MCH-10062,DEV-10062,Bengaluru,0,0,0,0,0,0,,0,
TX-102310,SYN-10062,2026-08-04T12:00:00+05:30,7521.78,752178,out,transfer,Completed,,Digital banking,Payment counterparty,party-1,,DEV-10062,Bengaluru,0,0,0,0,0,0,,0,
TX-102311,SYN-10062,2026-08-06T12:00:00+05:30,1306.13,130613,out,transfer,Completed,,Digital banking,Payment counterparty,party-5,,DEV-10062,Bengaluru,0,0,0,0,0,0,,0,
TX-102312,SYN-10062,2026-08-09T10:00:00+05:30,9553.99,955399,out,essential,Completed,,UPI,Payment counterparty,party-3,MCH-10062,DEV-10062,Bengaluru,0,0,0,0,0,0,,0,
TX-102313,SYN-10062,2026-08-13T12:00:00+05:30,6562.42,656242,out,transfer,Completed,,UPI,Payment counterparty,party-2,,DEV-10062,Bengaluru,0,1,0,0,0,0,,0,
TX-102314,SYN-10062,2026-08-15T10:00:00+05:30,7883.25,788325,out,essential,Completed,,UPI,Payment counterparty,party-6,MCH-10062,DEV-10062,Bengaluru,0,0,0,0,0,0,,0,
TX-102315,SYN-10062,2026-08-21T10:00:00+05:30,8212.29,821229,out,essential,Completed,,UPI,Payment counterparty,party-5,MCH-10062,DEV-10062,Bengaluru,0,0,0,0,0,0,,0,
TX-102316,SYN-10062,2026-08-22T22:30:00+05:30,57235.82,5723582,out,emi,Completed,,Card,Payment counterparty,lender,MCH-10062,DEV-10062,Bengaluru,0,0,0,0,0,0,LN-62-0,2,
TX-102317,SYN-10062,2026-08-24T12:00:00+05:30,5830.2,583020,out,transfer,Completed,,Digital banking,Payment counterparty,party-2,,DEV-10062,Bengaluru,0,0,0,0,0,0,,0,
TX-102318,SYN-10062,2026-08-26T10:00:00+05:30,7638.12,763812,out,essential,Completed,,UPI,Payment counterparty,party-3,MCH-10062,DEV-10062,Bengaluru,0,0,0,0,0,0,,0,
TX-102319,SYN-10062,2026-09-01T09:00:00+05:30,103658.76,10365876,in,salary,Completed,,UPI,Payment counterparty,employer,MCH-10062,DEV-10062,Bengaluru,0,0,0,0,0,0,,0,
TX-102320,SYN-10062,2026-09-03T10:00:00+05:30,8067.04,806704,out,essential,Completed,,Digital banking,Payment counterparty,party-5,MCH-10062,DEV-10062,Bengaluru,0,0,0,0,0,0,,0,
TX-102321,SYN-10062,2026-09-04T12:00:00+05:30,4685.98,468598,out,transfer,Completed,,Digital banking,Payment counterparty,party-6,,DEV-10062,Bengaluru,0,0,0,0,0,0,,0,
TX-102322,SYN-10062,2026-09-06T12:00:00+05:30,1711.68,171168,out,transfer,Completed,,UPI,Payment counterparty,party-6,,DEV-10062,Bengaluru,0,0,0,0,0,0,,0,
TX-102323,SYN-10062,2026-09-09T10:00:00+05:30,8814.71,881471,out,essential,Completed,,UPI,Payment counterparty,party-4,MCH-10062,DEV-10062,Bengaluru,0,0,0,0,0,0,,0,
TX-102324,SYN-10062,2026-09-13T12:00:00+05:30,2936.92,293692,out,transfer,Completed,,UPI,Payment counterparty,party-2,,DEV-10062,Bengaluru,0,0,0,0,0,0,,0,
TX-102325,SYN-10062,2026-09-15T10:00:00+05:30,8313.61,831361,out,essential,Completed,,UPI,Payment counterparty,party-1,MCH-10062,DEV-10062,Bengaluru,0,0,0,0,0,0,,0,
TX-102326,SYN-10062,2026-09-19T17:40:00+05:30,67473.15,6747315,out,transfer,Completed,,Card,Payment counterparty,party-8,,DEV-10062,Bengaluru,0,1,0,0,1,1,,0,
TX-102327,SYN-10062,2026-09-19T17:47:00+05:30,67473.15,6747315,out,transfer,Completed,,UPI,Payment counterparty,party-8,,DEV-10062,Bengaluru,0,1,0,0,1,2,,0,
TX-102328,SYN-10062,2026-09-21T10:00:00+05:30,8280.03,828003,out,essential,Completed,,Digital banking,Payment counterparty,party-2,MCH-10062,DEV-10062,Bengaluru,0,0,0,0,0,0,,0,
TX-102329,SYN-10062,2026-09-22T22:30:00+05:30,311.41,31141,out,emi,Completed,,Digital banking,Payment counterparty,lender,MCH-10062,DEV-10062,Bengaluru,0,0,0,0,0,0,LN-62-0,3,
TX-102330,SYN-10062,2026-09-24T12:00:00+05:30,8484.95,848495,out,transfer,Completed,,Digital banking,Payment counterparty,party-6,,DEV-10062,Bengaluru,0,1,0,0,0,0,,0,
TX-102331,SYN-10062,2026-09-26T09:10:00+05:30,6809.66,680966,in,credit,Completed,,UPI,Payment counterparty,credit-line,MCH-10062,DEV-10062,Bengaluru,0,0,0,0,0,0,,0,
TX-102332,SYN-10062,2026-09-26T10:00:00+05:30,9316.65,931665,out,essential,Completed,,Card,Payment counterparty,party-1,MCH-10062,DEV-10062,Bengaluru,0,0,0,0,0,0,,0,
TX-102333,SYN-10062,2026-10-01T09:00:00+05:30,107699.5,10769950,in,salary,Completed,,Digital banking,Payment counterparty,employer,MCH-10062,DEV-10062,Bengaluru,0,0,0,0,0,0,,0,
TX-102349,SYN-10062,2026-10-01T12:00:00+05:30,6258.03,625803,out,essential,Pending,2026-09-27T00:00:00+05:30,UPI,Payment counterparty,party-1,MCH-10062,DEV-10062,Bengaluru,0,0,0,0,0,0,,0,
TX-102334,SYN-10062,2026-10-01T22:30:00+05:30,56924.41,5692441,out,emi,Completed,,UPI,Payment counterparty,lender,MCH-10062,DEV-10062,Bengaluru,0,0,0,0,0,0,LN-62-0,3,
TX-102335,SYN-10062,2026-10-03T10:00:00+05:30,7875.33,787533,out,essential,Completed,,UPI,Payment counterparty,party-6,MCH-10062,DEV-10062,Bengaluru,0,0,0,0,0,0,,0,
TX-102336,SYN-10062,2026-10-04T12:00:00+05:30,4375.14,437514,out,transfer,Completed,,Card,Payment counterparty,party-1,,DEV-10062,Bengaluru,0,0,0,0,0,0,,0,
TX-102337,SYN-10062,2026-10-06T12:00:00+05:30,8112.54,811254,out,transfer,Completed,,UPI,Payment counterparty,party-6,,DEV-10062,Bengaluru,0,0,0,0,0,0,,0,
TX-102338,SYN-10062,2026-10-09T10:00:00+05:30,7200.44,720044,out,essential,Completed,,UPI,Payment counterparty,party-3,MCH-10062,DEV-10062,Bengaluru,0,0,0,0,0,0,,0,
TX-102339,SYN-10062,2026-10-13T12:00:00+05:30,2633.17,263317,out,transfer,Completed,,Card,Payment counterparty,party-6,,DEV-10062,Bengaluru,0,0,0,0,0,0,,0,
TX-102340,SYN-10062,2026-10-15T10:00:00+05:30,7152.15,715215,out,essential,Completed,,UPI,Payment counterparty,party-5,MCH-10062,DEV-10062,Bengaluru,0,0,0,0,0,0,,0,
TX-102341,SYN-10062,2026-10-21T10:00:00+05:30,8471.2,847120,out,essential,Completed,,UPI,Payment counterparty,party-5,MCH-10062,DEV-10062,Bengaluru,0,0,0,0,0,0,,0,
TX-102342,SYN-10062,2026-10-24T12:00:00+05:30,4955.12,495512,out,transfer,Completed,,Digital banking,Payment counterparty,party-3,,DEV-10062,Bengaluru,0,1,0,0,0,0,,0,
TX-102343,SYN-10062,2026-10-26T09:10:00+05:30,7749.05,774905,in,credit,Completed,,Digital banking,Payment counterparty,credit-line,MCH-10062,DEV-10062,Bengaluru,0,0,0,0,0,0,,0,
TX-102344,SYN-10062,2026-10-26T10:00:00+05:30,7749.05,774905,out,essential,Completed,,UPI,Payment counterparty,party-6,MCH-10062,DEV-10062,Bengaluru,0,0,0,0,0,0,,0,
TX-102345,SYN-10062,2026-11-01T09:00:00+05:30,97806.11,9780611,in,salary,Completed,,Wallet,Payment counterparty,employer,MCH-10062,DEV-10062,Bengaluru,0,0,0,0,0,0,,0,
TX-102346,SYN-10062,2026-11-03T10:00:00+05:30,9361.45,936145,out,essential,Completed,,UPI,Payment counterparty,party-1,MCH-10062,DEV-10062,Bengaluru,0,0,0,0,0,0,,0,
TX-102347,SYN-10062,2026-11-03T22:30:00+05:30,57235.82,5723582,out,emi,Completed,,Digital banking,Payment counterparty,lender,MCH-10062,DEV-10062,Bengaluru,0,0,0,0,0,0,LN-62-0,4,
TX-102348,SYN-10062,2026-11-04T12:00:00+05:30,1619.39,161939,out,transfer,Completed,,UPI,Payment counterparty,party-2,,DEV-10062,Bengaluru,0,1,0,0,0,0,,0,
TX-102350,SYN-10063,2026-08-02T12:00:00+05:30,6124.88,612488,out,transfer,Completed,,UPI,Payment counterparty,party-4,,DEV-10063,Jaipur,0,1,0,0,0,0,,0,
TX-102351,SYN-10063,2026-08-03T10:00:00+05:30,5883.62,588362,out,essential,Completed,,Digital banking,Payment counterparty,party-3,MCH-10063,DEV-10063,Jaipur,0,0,0,0,0,0,,0,
TX-102352,SYN-10063,2026-08-05T09:00:00+05:30,64190.14,6419014,in,salary,Completed,,UPI,Payment counterparty,employer,MCH-10063,DEV-10063,Jaipur,0,0,0,0,0,0,,0,
TX-102353,SYN-10063,2026-08-05T12:00:00+05:30,1470.63,147063,out,transfer,Completed,,UPI,Payment counterparty,party-5,,DEV-10063,Jaipur,0,0,0,0,0,0,,0,
TX-102354,SYN-10063,2026-08-09T10:00:00+05:30,5973.89,597389,out,essential,Completed,,Digital banking,Payment counterparty,party-1,MCH-10063,DEV-10063,Jaipur,0,0,0,0,0,0,,0,
TX-102355,SYN-10063,2026-08-15T10:00:00+05:30,6523.4,652340,out,essential,Completed,,UPI,Payment counterparty,party-4,MCH-10063,DEV-10063,Jaipur,0,0,0,0,0,0,,0,
TX-102356,SYN-10063,2026-08-16T12:00:00+05:30,3931.64,393164,out,transfer,Completed,,UPI,Payment counterparty,party-2,,DEV-10063,Jaipur,0,1,0,0,0,0,,0,
TX-102357,SYN-10063,2026-08-21T10:00:00+05:30,5577.51,557751,out,essential,Completed,,Card,Payment counterparty,party-3,MCH-10063,DEV-10063,Jaipur,0,0,0,0,0,0,,0,
TX-102358,SYN-10063,2026-08-21T22:30:00+05:30,11213.17,1121317,out,emi,Completed,,UPI,Payment counterparty,lender,MCH-10063,DEV-10063,Jaipur,0,0,0,0,0,0,LN-63-0,2,
TX-102359,SYN-10063,2026-08-23T12:00:00+05:30,2222.58,222258,out,transfer,Completed,,UPI,Payment counterparty,party-4,,DEV-10063,Jaipur,0,1,0,0,0,0,,0,
TX-102360,SYN-10063,2026-08-26T10:00:00+05:30,5145.22,514522,out,essential,Completed,,UPI,Payment counterparty,party-2,MCH-10063,DEV-10063,Jaipur,0,0,0,0,0,0,,0,
TX-102361,SYN-10063,2026-09-02T12:00:00+05:30,6610.92,661092,out,transfer,Completed,,UPI,Payment counterparty,party-2,,DEV-10063,Jaipur,0,1,0,0,0,0,,0,
TX-102362,SYN-10063,2026-09-03T10:00:00+05:30,5323.1,532310,out,essential,Completed,,UPI,Payment counterparty,party-6,MCH-10063,DEV-10063,Jaipur,0,0,0,0,0,0,,0,
TX-102363,SYN-10063,2026-09-05T09:00:00+05:30,64612.54,6461254,in,salary,Completed,,UPI,Payment counterparty,employer,MCH-10063,DEV-10063,Jaipur,0,0,0,0,0,0,,0,
TX-102364,SYN-10063,2026-09-05T12:00:00+05:30,62489.77,6248977,out,transfer,Completed,,Card,Payment counterparty,party-3,,DEV-10063,Jaipur,0,0,0,0,0,0,,0,
TX-102365,SYN-10063,2026-09-09T10:00:00+05:30,6033.0,603300,out,essential,Completed,,UPI,Payment counterparty,party-3,MCH-10063,DEV-10063,Jaipur,0,0,0,0,0,0,,0,
TX-102366,SYN-10063,2026-09-13T16:45:00+05:30,7000.53,700053,out,transfer,Completed,,UPI,Payment counterparty,party-26,,DEV-10063,Jaipur,0,1,0,0,1,3,,0,
TX-102367,SYN-10063,2026-09-15T10:00:00+05:30,6289.11,628911,out,essential,Completed,,Wallet,Payment counterparty,party-5,MCH-10063,DEV-10063,Jaipur,0,0,0,0,0,0,,0,
TX-102368,SYN-10063,2026-09-16T12:00:00+05:30,6443.25,644325,out,transfer,Completed,,Card,Payment counterparty,party-2,,DEV-10063,Jaipur,0,0,0,0,0,0,,0,
TX-102369,SYN-10063,2026-09-16T17:12:00+05:30,12297.72,1229772,out,transfer,Completed,,Card,Payment counterparty,party-27,,DEV-10063,Jaipur,0,0,0,0,0,0,,0,
TX-102370,SYN-10063,2026-09-16T17:20:00+05:30,12297.72,1229772,out,transfer,Completed,,UPI,Payment counterparty,party-27,,DEV-10063,Jaipur,0,0,0,0,0,0,,0,
TX-102371,SYN-10063,2026-09-21T10:00:00+05:30,5913.94,591394,out,essential,Completed,,Digital banking,Payment counterparty,party-5,MCH-10063,DEV-10063,Jaipur,0,0,0,0,0,0,,0,
TX-102372,SYN-10063,2026-09-21T22:30:00+05:30,6134.22,613422,out,emi,Completed,,Card,Payment counterparty,lender,MCH-10063,DEV-10063,Jaipur,0,0,0,0,0,0,LN-63-0,3,
TX-102373,SYN-10063,2026-09-23T12:00:00+05:30,1327.07,132707,out,transfer,Completed,,UPI,Payment counterparty,party-4,,DEV-10063,Jaipur,0,0,0,0,0,0,,0,
TX-102374,SYN-10063,2026-09-26T09:10:00+05:30,1752.86,175286,in,credit,Completed,,Digital banking,Payment counterparty,credit-line,MCH-10063,DEV-10063,Jaipur,0,0,0,0,0,0,,0,
TX-102375,SYN-10063,2026-09-26T10:00:00+05:30,5497.75,549775,out,essential,Completed,,UPI,Payment counterparty,party-6,MCH-10063,DEV-10063,Jaipur,0,0,0,0,0,0,,0,
TX-102393,SYN-10063,2026-10-01T12:00:00+05:30,4441.29,444129,out,essential,Pending,2026-09-27T00:00:00+05:30,UPI,Payment counterparty,party-4,MCH-10063,DEV-10063,Jaipur,0,0,0,0,0,0,,0,
TX-102376,SYN-10063,2026-10-03T09:10:00+05:30,6149.1,614910,in,credit,Completed,,UPI,Payment counterparty,credit-line,MCH-10063,DEV-10063,Jaipur,0,0,0,0,0,0,,0,
TX-102377,SYN-10063,2026-10-03T10:00:00+05:30,6149.1,614910,out,essential,Completed,,Digital banking,Payment counterparty,party-4,MCH-10063,DEV-10063,Jaipur,0,0,0,0,0,0,,0,
TX-102378,SYN-10063,2026-10-05T09:00:00+05:30,58513.82,5851382,in,salary,Completed,,Wallet,Payment counterparty,employer,MCH-10063,DEV-10063,Jaipur,0,0,0,0,0,0,,0,
TX-102379,SYN-10063,2026-10-05T12:00:00+05:30,1776.4,177640,out,transfer,Completed,,UPI,Payment counterparty,party-6,,DEV-10063,Jaipur,0,1,0,0,0,0,,0,
TX-102380,SYN-10063,2026-10-06T22:30:00+05:30,5078.95,507895,out,emi,Completed,,UPI,Payment counterparty,lender,MCH-10063,DEV-10063,Jaipur,0,0,0,0,0,0,LN-63-0,3,
TX-102381,SYN-10063,2026-10-09T10:00:00+05:30,6743.73,674373,out,essential,Completed,,UPI,Payment counterparty,party-2,MCH-10063,DEV-10063,Jaipur,0,0,0,0,0,0,,0,
TX-102382,SYN-10063,2026-10-15T10:00:00+05:30,6365.53,636553,out,essential,Completed,,UPI,Payment counterparty,party-3,MCH-10063,DEV-10063,Jaipur,0,0,0,0,0,0,,0,
TX-102383,SYN-10063,2026-10-16T12:00:00+05:30,6862.09,686209,out,transfer,Completed,,Digital banking,Payment counterparty,party-3,,DEV-10063,Jaipur,0,1,0,0,0,0,,0,
TX-102384,SYN-10063,2026-10-21T10:00:00+05:30,6172.72,617272,out,essential,Completed,,UPI,Payment counterparty,party-6,MCH-10063,DEV-10063,Jaipur,0,0,0,0,0,0,,0,
TX-102385,SYN-10063,2026-10-21T22:30:00+05:30,11213.17,1121317,out,emi,Completed,,UPI,Payment counterparty,lender,MCH-10063,DEV-10063,Jaipur,0,0,0,0,0,0,LN-63-0,4,
TX-102386,SYN-10063,2026-10-23T12:00:00+05:30,1370.57,137057,out,transfer,Completed,,UPI,Payment counterparty,party-6,,DEV-10063,Jaipur,0,1,0,0,0,0,,0,
TX-102387,SYN-10063,2026-10-26T10:00:00+05:30,5955.04,595504,out,essential,Completed,,UPI,Payment counterparty,party-3,MCH-10063,DEV-10063,Jaipur,0,0,0,0,0,0,,0,
TX-102388,SYN-10063,2026-11-02T12:00:00+05:30,2163.46,216346,out,transfer,Completed,,UPI,Payment counterparty,party-4,,DEV-10063,Jaipur,0,0,0,0,0,0,,0,
TX-102389,SYN-10063,2026-11-03T09:10:00+05:30,1581.18,158118,in,credit,Completed,,UPI,Payment counterparty,credit-line,MCH-10063,DEV-10063,Jaipur,0,0,0,0,0,0,,0,
TX-102390,SYN-10063,2026-11-03T10:00:00+05:30,6393.34,639334,out,essential,Completed,,UPI,Payment counterparty,party-2,MCH-10063,DEV-10063,Jaipur,0,0,0,0,0,0,,0,
TX-102391,SYN-10063,2026-11-05T09:00:00+05:30,65265.01,6526501,in,salary,Completed,,UPI,Payment counterparty,employer,MCH-10063,DEV-10063,Jaipur,0,0,0,0,0,0,,0,
TX-102392,SYN-10063,2026-11-05T12:00:00+05:30,3165.58,316558,out,transfer,Completed,,UPI,Payment counterparty,party-6,,DEV-10063,Jaipur,0,1,0,0,0,0,,0,
TX-102394,SYN-10064,2026-08-03T10:00:00+05:30,3446.59,344659,out,essential,Completed,,UPI,Payment counterparty,party-5,MCH-10064,DEV-10064,Delhi,0,0,0,0,0,0,,0,
TX-102395,SYN-10064,2026-08-05T09:00:00+05:30,41786.64,4178664,in,salary,Completed,,UPI,Payment counterparty,employer,MCH-10064,DEV-10064,Delhi,0,0,0,0,0,0,,0,
TX-102396,SYN-10064,2026-08-05T12:00:00+05:30,8086.13,808613,out,transfer,Completed,,Digital banking,Payment counterparty,party-5,,DEV-10064,Delhi,0,1,0,0,0,0,,0,
TX-102397,SYN-10064,2026-08-09T10:00:00+05:30,3138.54,313854,out,essential,Completed,,UPI,Payment counterparty,party-4,MCH-10064,DEV-10064,Delhi,0,0,0,0,0,0,,0,
TX-102398,SYN-10064,2026-08-11T12:00:00+05:30,2084.94,208494,out,transfer,Completed,,UPI,Payment counterparty,party-5,,DEV-10064,Delhi,0,0,0,0,0,0,,0,
TX-102399,SYN-10064,2026-08-15T10:00:00+05:30,3311.17,331117,out,essential,Completed,,UPI,Payment counterparty,party-3,MCH-10064,DEV-10064,Delhi,0,0,0,0,0,0,,0,
TX-102400,SYN-10064,2026-08-15T12:00:00+05:30,16117.8,1611780,out,transfer,Completed,,UPI,Payment counterparty,party-4,,DEV-10064,Delhi,0,0,0,0,0,0,,0,
TX-102401,SYN-10064,2026-08-21T10:00:00+05:30,3065.5,306550,out,essential,Completed,,UPI,Payment counterparty,party-6,MCH-10064,DEV-10064,Delhi,0,0,0,0,0,0,,0,
TX-102402,SYN-10064,2026-08-21T22:30:00+05:30,5364.31,536431,out,emi,Completed,,Card,Payment counterparty,lender,MCH-10064,DEV-10064,Delhi,0,0,0,0,0,0,LN-64-0,2,
TX-102403,SYN-10064,2026-08-24T12:00:00+05:30,4249.99,424999,out,transfer,Completed,,UPI,Payment counterparty,party-6,,DEV-10064,Delhi,0,0,0,0,0,0,,0,
TX-102404,SYN-10064,2026-08-26T10:00:00+05:30,3244.17,324417,out,essential,Completed,,Wallet,Payment counterparty,party-4,MCH-10064,DEV-10064,Delhi,0,0,0,0,0,0,,0,
TX-102405,SYN-10064,2026-09-03T10:00:00+05:30,3225.69,322569,out,essential,Completed,,Card,Payment counterparty,party-3,MCH-10064,DEV-10064,Delhi,0,0,0,0,0,0,,0,
TX-102406,SYN-10064,2026-09-05T09:00:00+05:30,37093.43,3709343,in,salary,Completed,,UPI,Payment counterparty,employer,MCH-10064,DEV-10064,Delhi,0,0,0,0,0,0,,0,
TX-102407,SYN-10064,2026-09-05T12:00:00+05:30,9235.08,923508,out,transfer,Completed,,Card,Payment counterparty,party-2,,DEV-10064,Delhi,0,1,0,0,0,0,,0,
TX-102408,SYN-10064,2026-09-09T10:00:00+05:30,3543.09,354309,out,essential,Completed,,UPI,Payment counterparty,party-3,MCH-10064,DEV-10064,Delhi,0,0,0,0,0,0,,0,
TX-102409,SYN-10064,2026-09-11T12:00:00+05:30,3339.68,333968,out,transfer,Completed,,UPI,Payment counterparty,party-1,,DEV-10064,Delhi,0,1,0,0,0,0,,0,
TX-102410,SYN-10064,2026-09-13T17:35:00+05:30,16798.94,1679894,out,transfer,Completed,,UPI,Payment counterparty,party-24,,DEV-10064,Delhi,0,0,0,0,0,0,,0,
TX-102411,SYN-10064,2026-09-13T17:45:00+05:30,16798.94,1679894,out,transfer,Completed,,Digital banking,Payment counterparty,party-24,,DEV-10064,Delhi,0,0,0,0,0,0,,0,
TX-102412,SYN-10064,2026-09-15T10:00:00+05:30,3254.94,325494,out,essential,Completed,,UPI,Payment counterparty,party-1,MCH-10064,DEV-10064,Delhi,0,0,0,0,0,0,,0,
TX-102413,SYN-10064,2026-09-15T12:00:00+05:30,7536.24,753624,out,transfer,Completed,,UPI,Payment counterparty,party-6,,DEV-10064,Delhi,0,0,0,0,0,0,,0,
TX-102414,SYN-10064,2026-09-21T09:10:00+05:30,3189.2,318920,in,credit,Completed,,Wallet,Payment counterparty,credit-line,MCH-10064,DEV-10064,Delhi,0,0,0,0,0,0,,0,
TX-102415,SYN-10064,2026-09-21T10:00:00+05:30,3189.2,318920,out,essential,Completed,,UPI,Payment counterparty,party-2,MCH-10064,DEV-10064,Delhi,0,0,0,0,0,0,,0,
TX-102416,SYN-10064,2026-09-26T09:10:00+05:30,3498.83,349883,in,credit,Completed,,UPI,Payment counterparty,credit-line,MCH-10064,DEV-10064,Delhi,0,0,0,0,0,0,,0,
TX-102417,SYN-10064,2026-09-26T10:00:00+05:30,3498.83,349883,out,essential,Completed,,UPI,Payment counterparty,party-6,MCH-10064,DEV-10064,Delhi,0,0,0,0,0,0,,0,
TX-102436,SYN-10064,2026-10-01T12:00:00+05:30,2595.52,259552,out,essential,Pending,2026-09-27T00:00:00+05:30,Card,Payment counterparty,party-5,MCH-10064,DEV-10064,Delhi,0,0,0,0,0,0,,0,
TX-102418,SYN-10064,2026-10-03T09:10:00+05:30,3828.53,382853,in,credit,Completed,,UPI,Payment counterparty,credit-line,MCH-10064,DEV-10064,Delhi,0,0,0,0,0,0,,0,
TX-102419,SYN-10064,2026-10-03T10:00:00+05:30,3828.53,382853,out,essential,Completed,,UPI,Payment counterparty,party-2,MCH-10064,DEV-10064,Delhi,0,0,0,0,0,0,,0,
TX-102420,SYN-10064,2026-10-05T09:00:00+05:30,36407.05,3640705,in,salary,Completed,,Digital banking,Payment counterparty,employer,MCH-10064,DEV-10064,Delhi,0,0,0,0,0,0,,0,
TX-102421,SYN-10064,2026-10-05T12:00:00+05:30,13188.84,1318884,out,transfer,Completed,,UPI,Payment counterparty,party-1,,DEV-10064,Delhi,0,0,0,0,0,0,,0,
TX-102422,SYN-10064,2026-10-06T22:30:00+05:30,5364.31,536431,out,emi,Completed,,UPI,Payment counterparty,lender,MCH-10064,DEV-10064,Delhi,0,0,0,0,0,0,LN-64-0,3,
TX-102423,SYN-10064,2026-10-09T10:00:00+05:30,3100.67,310067,out,essential,Completed,,UPI,Payment counterparty,party-3,MCH-10064,DEV-10064,Delhi,0,0,0,0,0,0,,0,
TX-102424,SYN-10064,2026-10-11T12:00:00+05:30,3333.96,333396,out,transfer,Completed,,Card,Payment counterparty,party-4,,DEV-10064,Delhi,0,1,0,0,0,0,,0,
TX-102425,SYN-10064,2026-10-15T10:00:00+05:30,3815.66,381566,out,essential,Completed,,UPI,Payment counterparty,party-6,MCH-10064,DEV-10064,Delhi,0,0,0,0,0,0,,0,
TX-102426,SYN-10064,2026-10-15T12:00:00+05:30,7603.61,760361,out,transfer,Completed,,UPI,Payment counterparty,party-3,,DEV-10064,Delhi,0,0,0,0,0,0,,0,
TX-102427,SYN-10064,2026-10-21T09:10:00+05:30,3453.95,345395,in,credit,Completed,,Digital banking,Payment counterparty,credit-line,MCH-10064,DEV-10064,Delhi,0,0,0,0,0,0,,0,
TX-102428,SYN-10064,2026-10-21T10:00:00+05:30,3453.95,345395,out,essential,Completed,,Digital banking,Payment counterparty,party-5,MCH-10064,DEV-10064,Delhi,0,0,0,0,0,0,,0,
TX-102429,SYN-10064,2026-10-26T09:10:00+05:30,3322.78,332278,in,credit,Completed,,Card,Payment counterparty,credit-line,MCH-10064,DEV-10064,Delhi,0,0,0,0,0,0,,0,
TX-102430,SYN-10064,2026-10-26T10:00:00+05:30,3322.78,332278,out,essential,Completed,,UPI,Payment counterparty,party-2,MCH-10064,DEV-10064,Delhi,0,0,0,0,0,0,,0,
TX-102431,SYN-10064,2026-11-03T09:10:00+05:30,3941.42,394142,in,credit,Completed,,UPI,Payment counterparty,credit-line,MCH-10064,DEV-10064,Delhi,0,0,0,0,0,0,,0,
TX-102432,SYN-10064,2026-11-03T10:00:00+05:30,3941.42,394142,out,essential,Completed,,UPI,Payment counterparty,party-3,MCH-10064,DEV-10064,Delhi,0,0,0,0,0,0,,0,
TX-102433,SYN-10064,2026-11-05T09:00:00+05:30,37278.35,3727835,in,salary,Completed,,Card,Payment counterparty,employer,MCH-10064,DEV-10064,Delhi,0,0,0,0,0,0,,0,
TX-102434,SYN-10064,2026-11-05T12:00:00+05:30,4134.06,413406,out,transfer,Completed,,UPI,Payment counterparty,party-6,,DEV-10064,Delhi,0,0,0,0,0,0,,0,
TX-102435,SYN-10064,2026-11-05T22:30:00+05:30,5364.31,536431,out,emi,Completed,,UPI,Payment counterparty,lender,MCH-10064,DEV-10064,Delhi,0,0,0,0,0,0,LN-64-0,4,
TX-102437,SYN-10065,2026-08-03T10:00:00+05:30,5272.91,527291,out,essential,Completed,,Digital banking,Payment counterparty,party-2,MCH-10065,DEV-10065,Mumbai,0,0,0,0,0,0,,0,
TX-102438,SYN-10065,2026-08-05T09:00:00+05:30,47565.45,4756545,in,salary,Completed,,UPI,Payment counterparty,employer,MCH-10065,DEV-10065,Mumbai,0,0,0,0,0,0,,0,
TX-102439,SYN-10065,2026-08-09T10:00:00+05:30,4988.18,498818,out,essential,Completed,,Digital banking,Payment counterparty,party-6,MCH-10065,DEV-10065,Mumbai,0,0,0,0,0,0,,0,
TX-102440,SYN-10065,2026-08-11T12:00:00+05:30,10444.71,1044471,out,transfer,Completed,,UPI,Payment counterparty,party-5,,DEV-10141,Mumbai,1,1,0,0,0,0,,0,
TX-102441,SYN-10065,2026-08-15T10:00:00+05:30,4751.62,475162,out,essential,Completed,,UPI,Payment counterparty,party-3,MCH-10065,DEV-10065,Mumbai,0,0,0,0,0,0,,0,
TX-102442,SYN-10065,2026-08-17T12:00:00+05:30,13097.89,1309789,out,transfer,Completed,,Digital banking,Payment counterparty,party-5,,DEV-10141,Mumbai,1,0,0,1,0,0,,0,
TX-102443,SYN-10065,2026-08-21T10:00:00+05:30,5271.28,527128,out,essential,Completed,,UPI,Payment counterparty,party-3,MCH-10065,DEV-10065,Mumbai,0,0,0,0,0,0,,0,
TX-102444,SYN-10065,2026-08-23T12:00:00+05:30,4474.4,447440,out,transfer,Completed,,Digital banking,Payment counterparty,party-4,,DEV-10141,Mumbai,1,1,0,1,0,0,,0,
TX-102445,SYN-10065,2026-08-24T22:30:00+05:30,33571.88,3357188,out,emi,Completed,,Wallet,Payment counterparty,lender,MCH-10065,DEV-10065,Mumbai,0,0,0,0,0,0,LN-65-0,2,
TX-102446,SYN-10065,2026-08-26T10:00:00+05:30,4303.85,430385,out,essential,Completed,,Wallet,Payment counterparty,party-5,MCH-10065,DEV-10065,Mumbai,0,0,0,0,0,0,,0,
TX-102447,SYN-10065,2026-09-03T10:00:00+05:30,4384.64,438464,out,essential,Completed,,Card,Payment counterparty,party-2,MCH-10065,DEV-10065,Mumbai,0,0,0,0,0,0,,0,
TX-102448,SYN-10065,2026-09-05T09:00:00+05:30,47627.75,4762775,in,salary,Completed,,Card,Payment counterparty,employer,MCH-10065,DEV-10065,Mumbai,0,0,0,0,0,0,,0,
TX-102449,SYN-10065,2026-09-09T10:00:00+05:30,5528.27,552827,out,essential,Completed,,UPI,Payment counterparty,party-4,MCH-10065,DEV-10065,Mumbai,0,0,0,0,0,0,,0,
TX-102450,SYN-10065,2026-09-11T12:00:00+05:30,6818.66,681866,out,transfer,Completed,,UPI,Payment counterparty,party-6,,DEV-10141,Mumbai,1,1,0,1,0,0,,0,
TX-102451,SYN-10065,2026-09-15T10:00:00+05:30,5131.61,513161,out,essential,Completed,,UPI,Payment counterparty,party-6,MCH-10065,DEV-10065,Mumbai,0,0,0,0,0,0,,0,
TX-102452,SYN-10065,2026-09-17T12:00:00+05:30,8482.35,848235,out,transfer,Completed,,UPI,Payment counterparty,party-2,,DEV-10141,Mumbai,1,0,0,0,0,0,,0,
TX-102453,SYN-10065,2026-09-21T10:00:00+05:30,5461.95,546195,out,essential,Completed,,UPI,Payment counterparty,party-2,MCH-10065,DEV-10065,Mumbai,0,0,0,0,0,0,,0,
TX-102454,SYN-10065,2026-09-23T12:00:00+05:30,7761.31,776131,out,transfer,Completed,,UPI,Payment counterparty,party-2,,DEV-10141,Mumbai,1,0,0,1,0,0,,0,
TX-102455,SYN-10065,2026-09-24T22:30:00+05:30,33571.88,3357188,out,emi,Completed,,UPI,Payment counterparty,lender,MCH-10065,DEV-10065,Mumbai,0,0,0,0,0,0,LN-65-0,3,
TX-102456,SYN-10065,2026-09-26T10:00:00+05:30,4305.77,430577,out,essential,Completed,,UPI,Payment counterparty,party-3,MCH-10065,DEV-10065,Mumbai,0,0,0,0,0,0,,0,
TX-102472,SYN-10065,2026-10-01T12:00:00+05:30,3690.54,369054,out,essential,Pending,2026-09-27T00:00:00+05:30,Digital banking,Payment counterparty,party-4,MCH-10065,DEV-10065,Mumbai,0,0,0,0,0,0,,0,
TX-102457,SYN-10065,2026-10-03T10:00:00+05:30,5048.43,504843,out,essential,Completed,,UPI,Payment counterparty,party-4,MCH-10065,DEV-10065,Mumbai,0,0,0,0,0,0,,0,
TX-102458,SYN-10065,2026-10-05T09:00:00+05:30,45432.84,4543284,in,salary,Completed,,UPI,Payment counterparty,employer,MCH-10065,DEV-10065,Mumbai,0,0,0,0,0,0,,0,
TX-102459,SYN-10065,2026-10-09T10:00:00+05:30,4988.07,498807,out,essential,Completed,,UPI,Payment counterparty,party-4,MCH-10065,DEV-10065,Mumbai,0,0,0,0,0,0,,0,
TX-102460,SYN-10065,2026-10-11T12:00:00+05:30,7543.51,754351,out,transfer,Completed,,Card,Payment counterparty,party-3,,DEV-10141,Mumbai,1,1,0,1,0,0,,0,
TX-102461,SYN-10065,2026-10-15T10:00:00+05:30,5233.11,523311,out,essential,Completed,,UPI,Payment counterparty,party-4,MCH-10065,DEV-10065,Mumbai,0,0,0,0,0,0,,0,
TX-102462,SYN-10065,2026-10-17T12:00:00+05:30,2446.53,244653,out,transfer,Completed,,UPI,Payment counterparty,party-1,,DEV-10141,Mumbai,1,1,0,0,0,0,,0,
TX-102463,SYN-10065,2026-10-21T10:00:00+05:30,5519.78,551978,out,essential,Completed,,UPI,Payment counterparty,party-5,MCH-10065,DEV-10065,Mumbai,0,0,0,0,0,0,,0,
TX-102464,SYN-10065,2026-10-23T12:00:00+05:30,10877.69,1087769,out,transfer,Completed,,UPI,Payment counterparty,party-2,,DEV-10141,Mumbai,1,0,0,0,0,0,,0,
TX-102465,SYN-10065,2026-10-24T22:30:00+05:30,17262.22,1726222,out,emi,Completed,,UPI,Payment counterparty,lender,MCH-10065,DEV-10065,Mumbai,0,0,0,0,0,0,LN-65-0,4,
TX-102466,SYN-10065,2026-10-26T09:10:00+05:30,237.87,23787,in,credit,Completed,,UPI,Payment counterparty,credit-line,MCH-10065,DEV-10065,Mumbai,0,0,0,0,0,0,,0,
TX-102467,SYN-10065,2026-10-26T10:00:00+05:30,4604.79,460479,out,essential,Completed,,UPI,Payment counterparty,party-3,MCH-10065,DEV-10065,Mumbai,0,0,0,0,0,0,,0,
TX-102468,SYN-10065,2026-11-03T09:10:00+05:30,4291.01,429101,in,credit,Completed,,Card,Payment counterparty,credit-line,MCH-10065,DEV-10065,Mumbai,0,0,0,0,0,0,,0,
TX-102469,SYN-10065,2026-11-03T10:00:00+05:30,4291.01,429101,out,essential,Completed,,UPI,Payment counterparty,party-4,MCH-10065,DEV-10065,Mumbai,0,0,0,0,0,0,,0,
TX-102470,SYN-10065,2026-11-05T09:00:00+05:30,46693.59,4669359,in,salary,Completed,,UPI,Payment counterparty,employer,MCH-10065,DEV-10065,Mumbai,0,0,0,0,0,0,,0,
TX-102471,SYN-10065,2026-11-05T22:30:00+05:30,16309.66,1630966,out,emi,Completed,,UPI,Payment counterparty,lender,MCH-10065,DEV-10065,Mumbai,0,0,0,0,0,0,LN-65-0,4,
TX-102473,SYN-10066,2026-08-03T10:00:00+05:30,7655.01,765501,out,essential,Completed,,Card,Payment counterparty,party-2,MCH-10066,DEV-10066,Bengaluru,0,0,0,0,0,0,,0,
TX-102474,SYN-10066,2026-08-05T09:00:00+05:30,115889.58,11588958,in,salary,Completed,,UPI,Payment counterparty,employer,MCH-10066,DEV-10066,Bengaluru,0,0,0,0,0,0,,0,
TX-102475,SYN-10066,2026-08-06T12:00:00+05:30,1451.01,145101,out,transfer,Completed,,Card,Payment counterparty,party-1,,DEV-10066,Bengaluru,0,0,0,0,0,0,,0,
TX-102476,SYN-10066,2026-08-09T10:00:00+05:30,7235.49,723549,out,essential,Completed,,Digital banking,Payment counterparty,party-6,MCH-10066,DEV-10066,Bengaluru,0,0,0,0,0,0,,0,
TX-102477,SYN-10066,2026-08-09T12:00:00+05:30,4825.83,482583,out,transfer,Completed,,UPI,Payment counterparty,party-3,,DEV-10066,Bengaluru,0,0,0,0,0,0,,0,
TX-102478,SYN-10066,2026-08-15T10:00:00+05:30,7462.9,746290,out,essential,Completed,,UPI,Payment counterparty,party-3,MCH-10066,DEV-10066,Bengaluru,0,0,0,0,0,0,,0,
TX-102479,SYN-10066,2026-08-15T12:00:00+05:30,3720.44,372044,out,transfer,Completed,,Card,Payment counterparty,party-2,,DEV-10066,Bengaluru,0,0,0,0,0,0,,0,
TX-102480,SYN-10066,2026-08-21T10:00:00+05:30,7855.22,785522,out,essential,Completed,,UPI,Payment counterparty,party-4,MCH-10066,DEV-10066,Bengaluru,0,0,0,0,0,0,,0,
TX-102481,SYN-10066,2026-08-25T22:30:00+05:30,11637.7,1163770,out,emi,Completed,,Wallet,Payment counterparty,lender,MCH-10066,DEV-10066,Bengaluru,0,0,0,0,0,0,LN-66-0,2,
TX-102482,SYN-10066,2026-08-26T10:00:00+05:30,7057.29,705729,out,essential,Completed,,UPI,Payment counterparty,party-5,MCH-10066,DEV-10066,Bengaluru,0,0,0,0,0,0,,0,
TX-102483,SYN-10066,2026-09-03T10:00:00+05:30,7048.59,704859,out,essential,Completed,,Card,Payment counterparty,party-1,MCH-10066,DEV-10066,Bengaluru,0,0,0,0,0,0,,0,
TX-102484,SYN-10066,2026-09-05T09:00:00+05:30,14435.19,1443519,in,salary,Completed,,Card,Payment counterparty,employer,MCH-10066,DEV-10066,Bengaluru,0,0,0,0,0,0,,0,
TX-102485,SYN-10066,2026-09-06T12:00:00+05:30,2001.57,200157,out,transfer,Completed,,UPI,Payment counterparty,party-4,,DEV-10066,Bengaluru,0,0,0,0,0,0,,0,
TX-102486,SYN-10066,2026-09-09T10:00:00+05:30,8665.52,866552,out,essential,Completed,,UPI,Payment counterparty,party-2,MCH-10066,DEV-10066,Bengaluru,0,0,0,0,0,0,,0,
TX-102487,SYN-10066,2026-09-09T12:00:00+05:30,1691.6,169160,out,transfer,Completed,,Digital banking,Payment counterparty,party-5,,DEV-10066,Bengaluru,0,0,0,0,0,0,,0,
TX-102488,SYN-10066,2026-09-13T14:02:00+05:30,27191.44,2719144,out,transfer,Completed,,UPI,Payment counterparty,party-14,,DEV-10141,Bengaluru,1,0,0,0,0,0,,0,
TX-102489,SYN-10066,2026-09-13T14:05:00+05:30,27191.44,2719144,out,transfer,Completed,,UPI,Payment counterparty,party-14,,DEV-10141,Bengaluru,1,0,0,0,0,0,,0,
TX-102490,SYN-10066,2026-09-15T10:00:00+05:30,6935.79,693579,out,essential,Completed,,UPI,Payment counterparty,party-5,MCH-10066,DEV-10066,Bengaluru,0,0,0,0,0,0,,0,
TX-102491,SYN-10066,2026-09-15T12:00:00+05:30,3906.86,390686,out,transfer,Completed,,Card,Payment counterparty,party-2,,DEV-10066,Bengaluru,0,0,0,0,0,0,,0,
TX-102492,SYN-10066,2026-09-15T17:25:00+05:30,17210.67,1721067,out,transfer,Completed,,UPI,Payment counterparty,party-26,,DEV-10141,Bengaluru,1,1,0,1,1,3,,0,
TX-102493,SYN-10066,2026-09-15T17:30:00+05:30,17210.67,1721067,out,transfer,Completed,,UPI,Payment counterparty,party-26,,DEV-10141,Bengaluru,1,1,0,1,1,1,,0,
TX-102494,SYN-10066,2026-09-21T09:10:00+05:30,1117.57,111757,in,credit,Completed,,Digital banking,Payment counterparty,credit-line,MCH-10066,DEV-10066,Bengaluru,0,0,0,0,0,0,,0,
TX-102495,SYN-10066,2026-09-21T10:00:00+05:30,8623.54,862354,out,essential,Completed,,UPI,Payment counterparty,party-3,MCH-10066,DEV-10066,Bengaluru,0,0,0,0,0,0,,0,
TX-102496,SYN-10066,2026-09-26T09:10:00+05:30,8264.59,826459,in,credit,Completed,,UPI,Payment counterparty,credit-line,MCH-10066,DEV-10066,Bengaluru,0,0,0,0,0,0,,0,
TX-102497,SYN-10066,2026-09-26T10:00:00+05:30,8264.59,826459,out,essential,Completed,,Wallet,Payment counterparty,party-1,MCH-10066,DEV-10066,Bengaluru,0,0,0,0,0,0,,0,
TX-102513,SYN-10066,2026-10-01T12:00:00+05:30,5818.67,581867,out,essential,Pending,2026-09-27T00:00:00+05:30,UPI,Payment counterparty,party-1,MCH-10066,DEV-10066,Bengaluru,0,0,0,0,0,0,,0,
TX-102498,SYN-10066,2026-10-03T09:10:00+05:30,7699.87,769987,in,credit,Completed,,Digital banking,Payment counterparty,credit-line,MCH-10066,DEV-10066,Bengaluru,0,0,0,0,0,0,,0,
TX-102499,SYN-10066,2026-10-03T10:00:00+05:30,7699.87,769987,out,essential,Completed,,UPI,Payment counterparty,party-5,MCH-10066,DEV-10066,Bengaluru,0,0,0,0,0,0,,0,
TX-102500,SYN-10066,2026-10-05T09:00:00+05:30,68550.99,6855099,in,salary,Completed,,UPI,Payment counterparty,employer,MCH-10066,DEV-10066,Bengaluru,0,0,0,0,0,0,,0,
TX-102501,SYN-10066,2026-10-06T12:00:00+05:30,3724.5,372450,out,transfer,Completed,,UPI,Payment counterparty,party-3,,DEV-10066,Bengaluru,0,0,0,0,0,0,,0,
TX-102502,SYN-10066,2026-10-07T22:30:00+05:30,11637.7,1163770,out,emi,Completed,,UPI,Payment counterparty,lender,MCH-10066,DEV-10066,Bengaluru,0,0,0,0,0,0,LN-66-0,3,
TX-102503,SYN-10066,2026-10-09T10:00:00+05:30,8453.45,845345,out,essential,Completed,,Card,Payment counterparty,party-2,MCH-10066,DEV-10066,Bengaluru,0,0,0,0,0,0,,0,
TX-102504,SYN-10066,2026-10-09T12:00:00+05:30,3916.7,391670,out,transfer,Completed,,UPI,Payment counterparty,party-5,,DEV-10141,Bengaluru,1,0,0,0,0,0,,0,
TX-102505,SYN-10066,2026-10-15T10:00:00+05:30,7912.32,791232,out,essential,Completed,,Card,Payment counterparty,party-1,MCH-10066,DEV-10066,Bengaluru,0,0,0,0,0,0,,0,
TX-102506,SYN-10066,2026-10-15T12:00:00+05:30,4615.29,461529,out,transfer,Completed,,UPI,Payment counterparty,party-4,,DEV-10066,Bengaluru,0,1,0,0,0,0,,0,
TX-102507,SYN-10066,2026-10-21T10:00:00+05:30,7024.72,702472,out,essential,Completed,,UPI,Payment counterparty,party-6,MCH-10066,DEV-10066,Bengaluru,0,0,0,0,0,0,,0,
TX-102508,SYN-10066,2026-10-25T22:30:00+05:30,11637.7,1163770,out,emi,Completed,,Card,Payment counterparty,lender,MCH-10066,DEV-10066,Bengaluru,0,0,0,0,0,0,LN-66-0,4,
TX-102509,SYN-10066,2026-10-26T10:00:00+05:30,8051.92,805192,out,essential,Completed,,Digital banking,Payment counterparty,party-6,MCH-10066,DEV-10066,Bengaluru,0,0,0,0,0,0,,0,
TX-102510,SYN-10066,2026-11-03T09:10:00+05:30,5931.39,593139,in,credit,Completed,,UPI,Payment counterparty,credit-line,MCH-10066,DEV-10066,Bengaluru,0,0,0,0,0,0,,0,
TX-102511,SYN-10066,2026-11-03T10:00:00+05:30,7508.08,750808,out,essential,Completed,,Card,Payment counterparty,party-3,MCH-10066,DEV-10066,Bengaluru,0,0,0,0,0,0,,0,
TX-102512,SYN-10066,2026-11-05T09:00:00+05:30,19972.65,1997265,in,salary,Completed,,UPI,Payment counterparty,employer,MCH-10066,DEV-10066,Bengaluru,0,0,0,0,0,0,,0,
TX-102514,SYN-10067,2026-08-01T09:00:00+05:30,99679.75,9967975,in,salary,Completed,,UPI,Payment counterparty,employer,MCH-10067,DEV-10067,Jaipur,0,0,0,0,0,0,,0,
TX-102515,SYN-10067,2026-08-03T10:00:00+05:30,8680.24,868024,out,essential,Completed,,UPI,Payment counterparty,party-5,MCH-10067,DEV-10067,Jaipur,0,0,0,0,0,0,,0,
TX-102516,SYN-10067,2026-08-09T10:00:00+05:30,8052.45,805245,out,essential,Completed,,Wallet,Payment counterparty,party-1,MCH-10067,DEV-10067,Jaipur,0,0,0,0,0,0,,0,
TX-102517,SYN-10067,2026-08-15T10:00:00+05:30,7657.67,765767,out,essential,Completed,,Digital banking,Payment counterparty,party-2,MCH-10067,DEV-10067,Jaipur,0,0,0,0,0,0,,0,
TX-102518,SYN-10067,2026-08-17T12:00:00+05:30,7256.31,725631,out,transfer,Completed,,Card,Payment counterparty,party-2,,DEV-10067,Jaipur,0,1,0,0,0,0,,0,
TX-102519,SYN-10067,2026-08-21T10:00:00+05:30,7651.1,765110,out,essential,Completed,,UPI,Payment counterparty,party-2,MCH-10067,DEV-10067,Jaipur,0,0,0,0,0,0,,0,
TX-102520,SYN-10067,2026-08-23T22:30:00+05:30,10088.85,1008885,out,emi,Completed,,Digital banking,Payment counterparty,lender,MCH-10067,DEV-10067,Jaipur,0,0,0,0,0,0,LN-67-0,2,
TX-102521,SYN-10067,2026-08-26T10:00:00+05:30,7734.7,773470,out,essential,Completed,,UPI,Payment counterparty,party-6,MCH-10067,DEV-10067,Jaipur,0,0,0,0,0,0,,0,
TX-102522,SYN-10067,2026-08-27T12:00:00+05:30,5993.41,599341,out,transfer,Completed,,UPI,Payment counterparty,party-1,,DEV-10067,Jaipur,0,1,0,0,0,0,,0,
TX-102523,SYN-10067,2026-09-03T10:00:00+05:30,7806.16,780616,out,essential,Completed,,Card,Payment counterparty,party-4,MCH-10067,DEV-10067,Jaipur,0,0,0,0,0,0,,0,
TX-102524,SYN-10067,2026-09-09T10:00:00+05:30,9224.97,922497,out,essential,Completed,,Card,Payment counterparty,party-2,MCH-10067,DEV-10067,Jaipur,0,0,0,0,0,0,,0,
TX-102525,SYN-10067,2026-09-15T10:00:00+05:30,8458.58,845858,out,essential,Completed,,UPI,Payment counterparty,party-5,MCH-10067,DEV-10067,Jaipur,0,0,0,0,0,0,,0,
TX-102526,SYN-10067,2026-09-17T12:00:00+05:30,3154.8,315480,out,transfer,Completed,,UPI,Payment counterparty,party-6,,DEV-10067,Jaipur,0,0,0,0,0,0,,0,
TX-102527,SYN-10067,2026-09-21T10:00:00+05:30,8481.03,848103,out,essential,Completed,,UPI,Payment counterparty,party-3,MCH-10067,DEV-10067,Jaipur,0,0,0,0,0,0,,0,
TX-102528,SYN-10067,2026-09-23T22:30:00+05:30,10088.85,1008885,out,emi,Completed,,Card,Payment counterparty,lender,MCH-10067,DEV-10067,Jaipur,0,0,0,0,0,0,LN-67-0,3,
TX-102529,SYN-10067,2026-09-26T10:00:00+05:30,9219.02,921902,out,essential,Completed,,UPI,Payment counterparty,party-2,MCH-10067,DEV-10067,Jaipur,0,0,0,0,0,0,,0,
TX-102530,SYN-10067,2026-09-27T12:00:00+05:30,5688.12,568812,out,transfer,Completed,,UPI,Payment counterparty,party-5,,DEV-10067,Jaipur,0,0,0,0,0,0,,0,
TX-102531,SYN-10067,2026-10-01T09:00:00+05:30,11197.65,1119765,in,salary,Completed,,Card,Payment counterparty,employer,MCH-10067,DEV-10067,Jaipur,0,0,0,0,0,0,,0,
TX-102542,SYN-10067,2026-10-01T12:00:00+05:30,6055.84,605584,out,essential,Pending,2026-09-27T00:00:00+05:30,Wallet,Payment counterparty,party-2,MCH-10067,DEV-10067,Jaipur,0,0,0,0,0,0,,0,
TX-102532,SYN-10067,2026-10-03T10:00:00+05:30,7086.58,708658,out,essential,Completed,,UPI,Payment counterparty,party-1,MCH-10067,DEV-10067,Jaipur,0,0,0,0,0,0,,0,
TX-102533,SYN-10067,2026-10-09T10:00:00+05:30,6905.13,690513,out,essential,Completed,,UPI,Payment counterparty,party-2,MCH-10067,DEV-10067,Jaipur,0,0,0,0,0,0,,0,
TX-102534,SYN-10067,2026-10-15T10:00:00+05:30,8004.01,800401,out,essential,Completed,,UPI,Payment counterparty,party-3,MCH-10067,DEV-10067,Jaipur,0,0,0,0,0,0,,0,
TX-102535,SYN-10067,2026-10-17T12:00:00+05:30,4065.1,406510,out,transfer,Completed,,Digital banking,Payment counterparty,party-5,,DEV-10067,Jaipur,0,0,0,0,0,0,,0,
TX-102536,SYN-10067,2026-10-21T10:00:00+05:30,7326.31,732631,out,essential,Completed,,UPI,Payment counterparty,party-3,MCH-10067,DEV-10067,Jaipur,0,0,0,0,0,0,,0,
TX-102537,SYN-10067,2026-10-23T22:30:00+05:30,10088.85,1008885,out,emi,Completed,,UPI,Payment counterparty,lender,MCH-10067,DEV-10067,Jaipur,0,0,0,0,0,0,LN-67-0,4,
TX-102538,SYN-10067,2026-10-26T10:00:00+05:30,8486.07,848607,out,essential,Completed,,UPI,Payment counterparty,party-5,MCH-10067,DEV-10067,Jaipur,0,0,0,0,0,0,,0,
TX-102539,SYN-10067,2026-10-27T12:00:00+05:30,5224.0,522400,out,transfer,Completed,,Card,Payment counterparty,party-5,,DEV-10067,Jaipur,0,0,0,0,0,0,,0,
TX-102540,SYN-10067,2026-11-01T09:00:00+05:30,25725.5,2572550,in,salary,Completed,,UPI,Payment counterparty,employer,MCH-10067,DEV-10067,Jaipur,0,0,0,0,0,0,,0,
TX-102541,SYN-10067,2026-11-03T10:00:00+05:30,8012.88,801288,out,essential,Completed,,UPI,Payment counterparty,party-6,MCH-10067,DEV-10067,Jaipur,0,0,0,0,0,0,,0,
TX-102543,SYN-10068,2026-08-01T09:00:00+05:30,51001.73,5100173,in,salary,Completed,,UPI,Payment counterparty,employer,MCH-10068,DEV-10068,Delhi,0,0,0,0,0,0,,0,
TX-102544,SYN-10068,2026-08-03T10:00:00+05:30,5241.3,524130,out,essential,Completed,,Card,Payment counterparty,party-1,MCH-10068,DEV-10068,Delhi,0,0,0,0,0,0,,0,
TX-102545,SYN-10068,2026-08-06T12:00:00+05:30,11224.23,1122423,out,transfer,Completed,,UPI,Payment counterparty,party-6,,DEV-10068,Delhi,0,0,0,0,0,0,,0,
TX-102546,SYN-10068,2026-08-09T10:00:00+05:30,4814.32,481432,out,essential,Completed,,Digital banking,Payment counterparty,party-2,MCH-10068,DEV-10068,Delhi,0,0,0,0,0,0,,0,
TX-102547,SYN-10068,2026-08-15T10:00:00+05:30,5419.22,541922,out,essential,Completed,,UPI,Payment counterparty,party-2,MCH-10068,DEV-10068,Delhi,0,0,0,0,0,0,,0,
TX-102548,SYN-10068,2026-08-15T12:00:00+05:30,10309.11,1030911,out,transfer,Completed,,UPI,Payment counterparty,party-6,,DEV-10068,Delhi,0,0,0,0,0,0,,0,
TX-102549,SYN-10068,2026-08-21T10:00:00+05:30,5724.98,572498,out,essential,Completed,,Card,Payment counterparty,party-4,MCH-10068,DEV-10068,Delhi,0,0,0,0,0,0,,0,
TX-102550,SYN-10068,2026-08-26T10:00:00+05:30,6338.82,633882,out,essential,Completed,,Card,Payment counterparty,party-2,MCH-10068,DEV-10068,Delhi,0,0,0,0,0,0,,0,
TX-102551,SYN-10068,2026-08-28T22:30:00+05:30,17039.61,1703961,out,emi,Completed,,Wallet,Payment counterparty,lender,MCH-10068,DEV-10068,Delhi,0,0,0,0,0,0,LN-68-0,2,
TX-102552,SYN-10068,2026-09-01T09:00:00+05:30,6022.42,602242,in,salary,Completed,,Digital banking,Payment counterparty,employer,MCH-10068,DEV-10068,Delhi,0,0,0,0,0,0,,0,
TX-102553,SYN-10068,2026-09-03T10:00:00+05:30,5509.07,550907,out,essential,Completed,,Card,Payment counterparty,party-5,MCH-10068,DEV-10068,Delhi,0,0,0,0,0,0,,0,
TX-102554,SYN-10068,2026-09-06T12:00:00+05:30,9849.69,984969,out,transfer,Completed,,UPI,Payment counterparty,party-3,,DEV-10068,Delhi,0,1,0,0,0,0,,0,
TX-102555,SYN-10068,2026-09-09T10:00:00+05:30,5663.1,566310,out,essential,Completed,,UPI,Payment counterparty,party-4,MCH-10068,DEV-10068,Delhi,0,0,0,0,0,0,,0,
TX-102556,SYN-10068,2026-09-15T10:00:00+05:30,6170.38,617038,out,essential,Completed,,UPI,Payment counterparty,party-3,MCH-10068,DEV-10068,Delhi,0,0,0,0,0,0,,0,
TX-102557,SYN-10068,2026-09-15T12:00:00+05:30,7475.75,747575,out,transfer,Completed,,UPI,Payment counterparty,party-6,,DEV-10068,Delhi,0,1,0,0,0,0,,0,
TX-102558,SYN-10068,2026-09-19T15:22:00+05:30,51.29,5129,out,transfer,Completed,,UPI,Payment counterparty,party-19,,DEV-10068,Delhi,0,1,0,0,1,3,,0,
TX-102559,SYN-10068,2026-09-19T15:31:00+05:30,51.29,5129,out,transfer,Completed,,UPI,Payment counterparty,party-19,,DEV-10068,Delhi,0,1,0,0,1,1,,0,
TX-102560,SYN-10068,2026-09-21T09:10:00+05:30,6459.28,645928,in,credit,Completed,,Card,Payment counterparty,credit-line,MCH-10068,DEV-10068,Delhi,0,0,0,0,0,0,,0,
TX-102561,SYN-10068,2026-09-21T10:00:00+05:30,6482.35,648235,out,essential,Completed,,Digital banking,Payment counterparty,party-5,MCH-10068,DEV-10068,Delhi,0,0,0,0,0,0,,0,
TX-102562,SYN-10068,2026-09-26T09:10:00+05:30,5892.48,589248,in,credit,Completed,,UPI,Payment counterparty,credit-line,MCH-10068,DEV-10068,Delhi,0,0,0,0,0,0,,0,
TX-102563,SYN-10068,2026-09-26T10:00:00+05:30,5892.48,589248,out,essential,Completed,,Card,Payment counterparty,party-2,MCH-10068,DEV-10068,Delhi,0,0,0,0,0,0,,0,
TX-102564,SYN-10068,2026-10-01T09:00:00+05:30,16345.05,1634505,in,salary,Completed,,Card,Payment counterparty,employer,MCH-10068,DEV-10068,Delhi,0,0,0,0,0,0,,0,
TX-102578,SYN-10068,2026-10-01T12:00:00+05:30,4241.61,424161,out,essential,Pending,2026-09-27T00:00:00+05:30,UPI,Payment counterparty,party-2,MCH-10068,DEV-10068,Delhi,0,0,0,0,0,0,,0,
TX-102565,SYN-10068,2026-10-01T22:30:00+05:30,9619.7,961970,out,emi,Completed,,Digital banking,Payment counterparty,lender,MCH-10068,DEV-10068,Delhi,0,0,0,0,0,0,LN-68-0,3,
TX-102566,SYN-10068,2026-10-03T10:00:00+05:30,5277.26,527726,out,essential,Completed,,Digital banking,Payment counterparty,party-2,MCH-10068,DEV-10068,Delhi,0,0,0,0,0,0,,0,
TX-102567,SYN-10068,2026-10-06T12:00:00+05:30,1448.09,144809,out,transfer,Completed,,UPI,Payment counterparty,party-1,,DEV-10068,Delhi,0,0,0,0,0,0,,0,
TX-102568,SYN-10068,2026-10-09T09:10:00+05:30,5712.94,571294,in,credit,Completed,,UPI,Payment counterparty,credit-line,MCH-10068,DEV-10068,Delhi,0,0,0,0,0,0,,0,
TX-102569,SYN-10068,2026-10-09T10:00:00+05:30,5712.94,571294,out,essential,Completed,,Digital banking,Payment counterparty,party-1,MCH-10068,DEV-10068,Delhi,0,0,0,0,0,0,,0,
TX-102570,SYN-10068,2026-10-15T09:10:00+05:30,5234.83,523483,in,credit,Completed,,Digital banking,Payment counterparty,credit-line,MCH-10068,DEV-10068,Delhi,0,0,0,0,0,0,,0,
TX-102571,SYN-10068,2026-10-15T10:00:00+05:30,5234.83,523483,out,essential,Completed,,UPI,Payment counterparty,party-1,MCH-10068,DEV-10068,Delhi,0,0,0,0,0,0,,0,
TX-102572,SYN-10068,2026-10-21T09:10:00+05:30,6212.24,621224,in,credit,Completed,,UPI,Payment counterparty,credit-line,MCH-10068,DEV-10068,Delhi,0,0,0,0,0,0,,0,
TX-102573,SYN-10068,2026-10-21T10:00:00+05:30,6212.24,621224,out,essential,Completed,,UPI,Payment counterparty,party-4,MCH-10068,DEV-10068,Delhi,0,0,0,0,0,0,,0,
TX-102574,SYN-10068,2026-10-26T09:10:00+05:30,6205.54,620554,in,credit,Completed,,UPI,Payment counterparty,credit-line,MCH-10068,DEV-10068,Delhi,0,0,0,0,0,0,,0,
TX-102575,SYN-10068,2026-10-26T10:00:00+05:30,6205.54,620554,out,essential,Completed,,UPI,Payment counterparty,party-3,MCH-10068,DEV-10068,Delhi,0,0,0,0,0,0,,0,
TX-102576,SYN-10068,2026-11-01T09:00:00+05:30,8619.46,861946,in,salary,Completed,,Card,Payment counterparty,employer,MCH-10068,DEV-10068,Delhi,0,0,0,0,0,0,,0,
TX-102577,SYN-10068,2026-11-03T10:00:00+05:30,5031.19,503119,out,essential,Completed,,UPI,Payment counterparty,party-5,MCH-10068,DEV-10068,Delhi,0,0,0,0,0,0,,0,
TX-102579,SYN-10069,2026-08-01T09:00:00+05:30,37560.95,3756095,in,salary,Completed,,Digital banking,Payment counterparty,employer,MCH-10069,DEV-10069,Mumbai,0,0,0,0,0,0,,0,
TX-102580,SYN-10069,2026-08-03T10:00:00+05:30,5059.99,505999,out,essential,Completed,,Digital banking,Payment counterparty,party-2,MCH-10069,DEV-10069,Mumbai,0,0,0,0,0,0,,0,
TX-102581,SYN-10069,2026-08-06T12:00:00+05:30,3952.81,395281,out,transfer,Completed,,UPI,Payment counterparty,party-5,,DEV-10069,Mumbai,0,0,0,0,0,0,,0,
TX-102582,SYN-10069,2026-08-09T10:00:00+05:30,5265.79,526579,out,essential,Completed,,UPI,Payment counterparty,party-4,MCH-10069,DEV-10069,Mumbai,0,0,0,0,0,0,,0,
TX-102583,SYN-10069,2026-08-12T12:00:00+05:30,4731.61,473161,out,transfer,Completed,,UPI,Payment counterparty,party-4,,DEV-10069,Mumbai,0,0,0,0,0,0,,0,
TX-102584,SYN-10069,2026-08-13T12:00:00+05:30,2614.64,261464,out,transfer,Completed,,Digital banking,Payment counterparty,party-6,,DEV-10141,Mumbai,1,0,0,1,0,0,,0,
TX-102585,SYN-10069,2026-08-15T10:00:00+05:30,4158.79,415879,out,essential,Completed,,UPI,Payment counterparty,party-2,MCH-10069,DEV-10069,Mumbai,0,0,0,0,0,0,,0,
TX-102586,SYN-10069,2026-08-18T12:00:00+05:30,3630.19,363019,out,transfer,Completed,,Card,Payment counterparty,party-1,,DEV-10069,Mumbai,0,0,0,0,0,0,,0,
TX-102587,SYN-10069,2026-08-21T10:00:00+05:30,4910.98,491098,out,essential,Completed,,UPI,Payment counterparty,party-6,MCH-10069,DEV-10069,Mumbai,0,0,0,0,0,0,,0,
TX-102588,SYN-10069,2026-08-23T22:30:00+05:30,11138.04,1113804,out,emi,Completed,,Wallet,Payment counterparty,lender,MCH-10069,DEV-10069,Mumbai,0,0,0,0,0,0,LN-69-0,2,
TX-102589,SYN-10069,2026-08-26T10:00:00+05:30,4383.4,438340,out,essential,Completed,,UPI,Payment counterparty,party-3,MCH-10069,DEV-10069,Mumbai,0,0,0,0,0,0,,0,
TX-102590,SYN-10069,2026-09-01T09:00:00+05:30,35092.65,3509265,in,salary,Completed,,Card,Payment counterparty,employer,MCH-10069,DEV-10069,Mumbai,0,0,0,0,0,0,,0,
TX-102591,SYN-10069,2026-09-03T10:00:00+05:30,4543.91,454391,out,essential,Completed,,Digital banking,Payment counterparty,party-3,MCH-10069,DEV-10069,Mumbai,0,0,0,0,0,0,,0,
TX-102592,SYN-10069,2026-09-06T12:00:00+05:30,655.81,65581,out,transfer,Completed,,UPI,Payment counterparty,party-5,,DEV-10069,Mumbai,0,0,0,0,0,0,,0,
TX-102593,SYN-10069,2026-09-09T10:00:00+05:30,4400.68,440068,out,essential,Completed,,UPI,Payment counterparty,party-5,MCH-10069,DEV-10069,Mumbai,0,0,0,0,0,0,,0,
TX-102594,SYN-10069,2026-09-10T13:16:00+05:30,15601.51,1560151,out,transfer,Completed,,UPI,Payment counterparty,party-28,,DEV-10069,Mumbai,0,0,0,0,0,0,,0,
TX-102595,SYN-10069,2026-09-10T13:22:00+05:30,15601.51,1560151,out,transfer,Completed,,Card,Payment counterparty,party-28,,DEV-10069,Mumbai,0,0,0,0,0,0,,0,
TX-102596,SYN-10069,2026-09-12T12:00:00+05:30,1483.82,148382,out,transfer,Completed,,UPI,Payment counterparty,party-5,,DEV-10069,Mumbai,0,0,0,0,0,0,,0,
TX-102597,SYN-10069,2026-09-13T12:00:00+05:30,2637.37,263737,out,transfer,Completed,,UPI,Payment counterparty,party-3,,DEV-10069,Mumbai,0,0,0,0,0,0,,0,
TX-102598,SYN-10069,2026-09-15T10:00:00+05:30,4390.58,439058,out,essential,Completed,,Card,Payment counterparty,party-4,MCH-10069,DEV-10069,Mumbai,0,0,0,0,0,0,,0,
TX-102599,SYN-10069,2026-09-18T12:00:00+05:30,2561.88,256188,out,transfer,Completed,,Card,Payment counterparty,party-3,,DEV-10069,Mumbai,0,0,0,0,0,0,,0,
TX-102600,SYN-10069,2026-09-19T14:00:00+05:30,29200.0,2920000,in,transfer,Completed,,UPI,Payment counterparty,sender-1,,DEV-10069,Mumbai,0,1,0,0,0,0,,0,
TX-102601,SYN-10069,2026-09-19T14:03:00+05:30,28800.0,2880000,in,transfer,Completed,,Card,Payment counterparty,sender-1,,DEV-10069,Mumbai,0,1,0,0,0,0,,0,
TX-102602,SYN-10069,2026-09-19T14:06:00+05:30,16200.0,1620000,in,transfer,Completed,,UPI,Payment counterparty,sender-1,,DEV-10069,Mumbai,0,1,0,0,0,0,,0,
TX-102603,SYN-10069,2026-09-19T14:14:00+05:30,66780.0,6678000,out,transfer,Completed,,UPI,Payment counterparty,party-21,,DEV-10069,Mumbai,0,1,0,0,0,0,,0,
TX-102604,SYN-10069,2026-09-20T22:30:00+05:30,11138.04,1113804,out,emi,Completed,,UPI,Payment counterparty,lender,MCH-10069,DEV-10069,Mumbai,0,0,0,0,0,0,LN-69-0,3,
TX-102605,SYN-10069,2026-09-21T10:00:00+05:30,3981.86,398186,out,essential,Completed,,UPI,Payment counterparty,party-3,MCH-10069,DEV-10069,Mumbai,0,0,0,0,0,0,,0,
TX-102606,SYN-10069,2026-09-26T10:00:00+05:30,4986.53,498653,out,essential,Completed,,Digital banking,Payment counterparty,party-5,MCH-10069,DEV-10069,Mumbai,0,0,0,0,0,0,,0,
TX-102607,SYN-10069,2026-10-01T09:00:00+05:30,39057.09,3905709,in,salary,Completed,,UPI,Payment counterparty,employer,MCH-10069,DEV-10069,Mumbai,0,0,0,0,0,0,,0,
TX-102620,SYN-10069,2026-10-01T12:00:00+05:30,3434.3,343430,out,essential,Pending,2026-09-27T00:00:00+05:30,UPI,Payment counterparty,party-3,MCH-10069,DEV-10069,Mumbai,0,0,0,0,0,0,,0,
TX-102608,SYN-10069,2026-10-03T10:00:00+05:30,4512.08,451208,out,essential,Completed,,UPI,Payment counterparty,party-2,MCH-10069,DEV-10069,Mumbai,0,0,0,0,0,0,,0,
TX-102609,SYN-10069,2026-10-06T12:00:00+05:30,3659.83,365983,out,transfer,Completed,,UPI,Payment counterparty,party-2,,DEV-10069,Mumbai,0,1,0,0,0,0,,0,
TX-102610,SYN-10069,2026-10-09T10:00:00+05:30,4802.18,480218,out,essential,Completed,,Card,Payment counterparty,party-1,MCH-10069,DEV-10069,Mumbai,0,0,0,0,0,0,,0,
TX-102611,SYN-10069,2026-10-12T12:00:00+05:30,2515.04,251504,out,transfer,Completed,,UPI,Payment counterparty,party-2,,DEV-10069,Mumbai,0,0,0,0,0,0,,0,
TX-102612,SYN-10069,2026-10-13T12:00:00+05:30,3972.23,397223,out,transfer,Completed,,Digital banking,Payment counterparty,party-3,,DEV-10069,Mumbai,0,0,0,0,0,0,,0,
TX-102613,SYN-10069,2026-10-15T10:00:00+05:30,4235.32,423532,out,essential,Completed,,UPI,Payment counterparty,party-6,MCH-10069,DEV-10069,Mumbai,0,0,0,0,0,0,,0,
TX-102614,SYN-10069,2026-10-18T12:00:00+05:30,2588.31,258831,out,transfer,Completed,,UPI,Payment counterparty,party-1,,DEV-10069,Mumbai,0,0,0,0,0,0,,0,
TX-102615,SYN-10069,2026-10-20T22:30:00+05:30,11138.04,1113804,out,emi,Completed,,UPI,Payment counterparty,lender,MCH-10069,DEV-10069,Mumbai,0,0,0,0,0,0,LN-69-0,4,
TX-102616,SYN-10069,2026-10-21T10:00:00+05:30,5051.92,505192,out,essential,Completed,,Card,Payment counterparty,party-1,MCH-10069,DEV-10069,Mumbai,0,0,0,0,0,0,,0,
TX-102617,SYN-10069,2026-10-26T10:00:00+05:30,4575.62,457562,out,essential,Completed,,Wallet,Payment counterparty,party-3,MCH-10069,DEV-10069,Mumbai,0,0,0,0,0,0,,0,
TX-102618,SYN-10069,2026-11-01T09:00:00+05:30,36503.96,3650396,in,salary,Completed,,Digital banking,Payment counterparty,employer,MCH-10069,DEV-10069,Mumbai,0,0,0,0,0,0,,0,
TX-102619,SYN-10069,2026-11-03T10:00:00+05:30,4017.72,401772,out,essential,Completed,,UPI,Payment counterparty,party-6,MCH-10069,DEV-10069,Mumbai,0,0,0,0,0,0,,0,
TX-102621,SYN-10070,2026-08-01T09:00:00+05:30,63494.49,6349449,in,salary,Completed,,Digital banking,Payment counterparty,employer,MCH-10070,DEV-10070,Bengaluru,0,0,0,0,0,0,,0,
TX-102622,SYN-10070,2026-08-03T10:00:00+05:30,5312.45,531245,out,essential,Completed,,Card,Payment counterparty,party-4,MCH-10070,DEV-10070,Bengaluru,0,0,0,0,0,0,,0,
TX-102623,SYN-10070,2026-08-03T12:00:00+05:30,979.31,97931,out,transfer,Completed,,Digital banking,Payment counterparty,party-6,,DEV-10070,Bengaluru,0,0,0,0,0,0,,0,
TX-102624,SYN-10070,2026-08-09T10:00:00+05:30,5510.27,551027,out,essential,Completed,,UPI,Payment counterparty,party-6,MCH-10070,DEV-10070,Bengaluru,0,0,0,0,0,0,,0,
TX-102625,SYN-10070,2026-08-14T12:00:00+05:30,2227.85,222785,out,transfer,Completed,,UPI,Payment counterparty,party-5,,DEV-10070,Bengaluru,0,0,0,0,0,0,,0,
TX-102626,SYN-10070,2026-08-15T10:00:00+05:30,4440.93,444093,out,essential,Completed,,UPI,Payment counterparty,party-4,MCH-10070,DEV-10070,Bengaluru,0,0,0,0,0,0,,0,
TX-102627,SYN-10070,2026-08-21T10:00:00+05:30,5206.24,520624,out,essential,Completed,,UPI,Payment counterparty,party-1,MCH-10070,DEV-10070,Bengaluru,0,0,0,0,0,0,,0,
TX-102628,SYN-10070,2026-08-26T10:00:00+05:30,5045.96,504596,out,essential,Completed,,UPI,Payment counterparty,party-5,MCH-10070,DEV-10070,Bengaluru,0,0,0,0,0,0,,0,
TX-102629,SYN-10070,2026-09-01T09:00:00+05:30,73189.4,7318940,in,salary,Completed,,UPI,Payment counterparty,employer,MCH-10070,DEV-10070,Bengaluru,0,0,0,0,0,0,,0,
TX-102630,SYN-10070,2026-09-03T10:00:00+05:30,4337.32,433732,out,essential,Completed,,UPI,Payment counterparty,party-6,MCH-10070,DEV-10070,Bengaluru,0,0,0,0,0,0,,0,
TX-102631,SYN-10070,2026-09-03T12:00:00+05:30,777.43,77743,out,transfer,Completed,,Card,Payment counterparty,party-4,,DEV-10070,Bengaluru,0,1,0,0,0,0,,0,
TX-102632,SYN-10070,2026-09-09T10:00:00+05:30,4865.03,486503,out,essential,Completed,,UPI,Payment counterparty,party-4,MCH-10070,DEV-10070,Bengaluru,0,0,0,0,0,0,,0,
TX-102633,SYN-10070,2026-09-09T14:47:00+05:30,57430.07,5743007,out,transfer,Completed,,UPI,Payment counterparty,party-20,,DEV-10070,Bengaluru,0,1,0,0,0,0,,0,
TX-102634,SYN-10070,2026-09-09T14:56:00+05:30,57430.07,5743007,out,transfer,Completed,,UPI,Payment counterparty,party-20,,DEV-10070,Bengaluru,0,1,0,0,0,0,,0,
TX-102635,SYN-10070,2026-09-11T14:00:00+05:30,17000.0,1700000,in,transfer,Completed,,Digital banking,Payment counterparty,sender-0,,DEV-10070,Bengaluru,0,1,0,0,0,0,,0,
TX-102636,SYN-10070,2026-09-11T14:03:00+05:30,17700.0,1770000,in,transfer,Completed,,UPI,Payment counterparty,sender-1,,DEV-10070,Bengaluru,0,1,0,0,0,0,,0,
TX-102637,SYN-10070,2026-09-11T14:06:00+05:30,27400.0,2740000,in,transfer,Completed,,Card,Payment counterparty,sender-2,,DEV-10070,Bengaluru,0,1,0,0,0,0,,0,
TX-102638,SYN-10070,2026-09-11T14:14:00+05:30,55890.0,5589000,out,transfer,Completed,,UPI,Payment counterparty,party-21,,DEV-10070,Bengaluru,0,1,0,0,0,0,,0,
TX-102639,SYN-10070,2026-09-14T12:00:00+05:30,373.62,37362,out,transfer,Completed,,UPI,Payment counterparty,party-5,,DEV-10070,Bengaluru,0,0,0,0,0,0,,0,
TX-102640,SYN-10070,2026-09-15T10:00:00+05:30,4712.83,471283,out,essential,Completed,,UPI,Payment counterparty,party-4,MCH-10070,DEV-10070,Bengaluru,0,0,0,0,0,0,,0,
TX-102641,SYN-10070,2026-09-21T10:00:00+05:30,4786.03,478603,out,essential,Completed,,UPI,Payment counterparty,party-5,MCH-10070,DEV-10070,Bengaluru,0,0,0,0,0,0,,0,
TX-102642,SYN-10070,2026-09-26T10:00:00+05:30,4917.89,491789,out,essential,Completed,,UPI,Payment counterparty,party-3,MCH-10070,DEV-10070,Bengaluru,0,0,0,0,0,0,,0,
TX-102643,SYN-10070,2026-10-01T09:00:00+05:30,67434.83,6743483,in,salary,Completed,,Wallet,Payment counterparty,employer,MCH-10070,DEV-10070,Bengaluru,0,0,0,0,0,0,,0,
TX-102644,SYN-10070,2026-10-03T10:00:00+05:30,4208.13,420813,out,essential,Completed,,Digital banking,Payment counterparty,party-5,MCH-10070,DEV-10070,Bengaluru,0,0,0,0,0,0,,0,
TX-102645,SYN-10070,2026-10-03T12:00:00+05:30,1950.21,195021,out,transfer,Completed,,Digital banking,Payment counterparty,party-4,,DEV-10070,Bengaluru,0,0,0,0,0,0,,0,
TX-102646,SYN-10070,2026-10-09T10:00:00+05:30,5276.31,527631,out,essential,Completed,,UPI,Payment counterparty,party-6,MCH-10070,DEV-10070,Bengaluru,0,0,0,0,0,0,,0,
TX-102647,SYN-10070,2026-10-14T12:00:00+05:30,1470.46,147046,out,transfer,Completed,,UPI,Payment counterparty,party-2,,DEV-10070,Bengaluru,0,0,0,0,0,0,,0,
TX-102648,SYN-10070,2026-10-15T10:00:00+05:30,4678.78,467878,out,essential,Completed,,UPI,Payment counterparty,party-2,MCH-10070,DEV-10070,Bengaluru,0,0,0,0,0,0,,0,
TX-102649,SYN-10070,2026-10-21T10:00:00+05:30,4226.56,422656,out,essential,Completed,,UPI,Payment counterparty,party-5,MCH-10070,DEV-10070,Bengaluru,0,0,0,0,0,0,,0,
TX-102650,SYN-10070,2026-10-26T10:00:00+05:30,4557.35,455735,out,essential,Completed,,UPI,Payment counterparty,party-3,MCH-10070,DEV-10070,Bengaluru,0,0,0,0,0,0,,0,
TX-102651,SYN-10070,2026-11-01T09:00:00+05:30,68991.05,6899105,in,salary,Completed,,UPI,Payment counterparty,employer,MCH-10070,DEV-10070,Bengaluru,0,0,0,0,0,0,,0,
TX-102652,SYN-10070,2026-11-03T10:00:00+05:30,4289.52,428952,out,essential,Completed,,Wallet,Payment counterparty,party-3,MCH-10070,DEV-10070,Bengaluru,0,0,0,0,0,0,,0,
TX-102653,SYN-10070,2026-11-03T12:00:00+05:30,617.01,61701,out,transfer,Completed,,UPI,Payment counterparty,party-6,,DEV-10070,Bengaluru,0,0,0,0,0,0,,0,
TX-102654,SYN-10071,2026-08-03T10:00:00+05:30,7470.51,747051,out,essential,Completed,,UPI,Payment counterparty,party-3,MCH-10071,DEV-10071,Jaipur,0,0,0,0,0,0,,0,
TX-102655,SYN-10071,2026-08-09T10:00:00+05:30,8503.65,850365,out,essential,Completed,,UPI,Payment counterparty,party-5,MCH-10071,DEV-10071,Jaipur,0,0,0,0,0,0,,0,
TX-102656,SYN-10071,2026-08-12T12:00:00+05:30,2733.09,273309,out,transfer,Completed,,UPI,Payment counterparty,party-6,,DEV-10071,Jaipur,0,1,0,0,0,0,,0,
TX-102657,SYN-10071,2026-08-15T10:00:00+05:30,8710.78,871078,out,essential,Completed,,Card,Payment counterparty,party-6,MCH-10071,DEV-10071,Jaipur,0,0,0,0,0,0,,0,
TX-102658,SYN-10071,2026-08-21T10:00:00+05:30,7792.27,779227,out,essential,Completed,,Digital banking,Payment counterparty,party-4,MCH-10071,DEV-10071,Jaipur,0,0,0,0,0,0,,0,
TX-102659,SYN-10071,2026-08-22T12:00:00+05:30,1784.08,178408,out,transfer,Completed,,UPI,Payment counterparty,party-5,,DEV-10071,Jaipur,0,1,0,0,0,0,,0,
TX-102660,SYN-10071,2026-08-23T12:00:00+05:30,4113.86,411386,out,transfer,Completed,,Card,Payment counterparty,party-5,,DEV-10071,Jaipur,0,0,0,0,0,0,,0,
TX-102661,SYN-10071,2026-08-26T09:10:00+05:30,2806.66,280666,in,credit,Completed,,UPI,Payment counterparty,credit-line,MCH-10071,DEV-10071,Jaipur,0,0,0,0,0,0,,0,
TX-102662,SYN-10071,2026-08-26T10:00:00+05:30,8812.6,881260,out,essential,Completed,,UPI,Payment counterparty,party-2,MCH-10071,DEV-10071,Jaipur,0,0,0,0,0,0,,0,
TX-102663,SYN-10071,2026-08-28T09:00:00+05:30,68704.91,6870491,in,salary,Completed,,UPI,Payment counterparty,employer,MCH-10071,DEV-10071,Jaipur,0,0,0,0,0,0,,0,
TX-102664,SYN-10071,2026-08-29T22:30:00+05:30,9314.31,931431,out,emi,Completed,,Digital banking,Payment counterparty,lender,MCH-10071,DEV-10071,Jaipur,0,0,0,0,0,0,LN-71-0,2,
TX-102665,SYN-10071,2026-08-29T22:30:00+05:30,5989.22,598922,out,emi,Completed,,UPI,Payment counterparty,lender,MCH-10071,DEV-10071,Jaipur,0,0,0,0,0,0,LN-71-1,2,
TX-102666,SYN-10071,2026-09-03T10:00:00+05:30,7967.01,796701,out,essential,Completed,,UPI,Payment counterparty,party-1,MCH-10071,DEV-10071,Jaipur,0,0,0,0,0,0,,0,
TX-102667,SYN-10071,2026-09-09T10:00:00+05:30,8301.58,830158,out,essential,Completed,,UPI,Payment counterparty,party-1,MCH-10071,DEV-10071,Jaipur,0,0,0,0,0,0,,0,
TX-102668,SYN-10071,2026-09-12T12:00:00+05:30,4699.41,469941,out,transfer,Completed,,Digital banking,Payment counterparty,party-6,,DEV-10071,Jaipur,0,0,0,0,0,0,,0,
TX-102669,SYN-10071,2026-09-13T15:52:00+05:30,1902.79,190279,out,transfer,Completed,,UPI,Payment counterparty,party-8,,DEV-10071,Jaipur,0,1,0,0,0,0,,0,
TX-102670,SYN-10071,2026-09-13T15:59:00+05:30,1902.79,190279,out,transfer,Completed,,UPI,Payment counterparty,party-8,,DEV-10071,Jaipur,0,1,0,0,0,0,,0,
TX-102671,SYN-10071,2026-09-13T16:08:00+05:30,1902.79,190279,out,transfer,Completed,,Digital banking,Payment counterparty,party-8,,DEV-10071,Jaipur,0,1,0,0,0,0,,0,
TX-102672,SYN-10071,2026-09-14T15:45:00+05:30,5326.44,532644,out,transfer,Completed,,Card,Payment counterparty,party-21,,DEV-10142,Jaipur,1,1,0,1,1,1,,0,
TX-102673,SYN-10071,2026-09-14T15:55:00+05:30,5326.44,532644,out,transfer,Completed,,UPI,Payment counterparty,party-21,,DEV-10142,Jaipur,1,1,0,0,1,4,,0,
TX-102674,SYN-10071,2026-09-15T10:00:00+05:30,8018.6,801860,out,essential,Completed,,Card,Payment counterparty,party-5,MCH-10071,DEV-10071,Jaipur,0,0,0,0,0,0,,0,
TX-102675,SYN-10071,2026-09-20T17:54:00+05:30,2244.23,224423,out,transfer,Completed,,UPI,Payment counterparty,party-28,,DEV-10142,Jaipur,1,1,0,0,1,2,,0,
TX-102676,SYN-10071,2026-09-20T18:00:00+05:30,2244.23,224423,out,transfer,Completed,,Digital banking,Payment counterparty,party-28,,DEV-10142,Jaipur,1,1,0,0,1,4,,0,
TX-102677,SYN-10071,2026-09-21T09:10:00+05:30,5184.39,518439,in,credit,Completed,,UPI,Payment counterparty,credit-line,MCH-10071,DEV-10071,Jaipur,0,0,0,0,0,0,,0,
TX-102678,SYN-10071,2026-09-21T10:00:00+05:30,8749.46,874946,out,essential,Completed,,UPI,Payment counterparty,party-5,MCH-10071,DEV-10071,Jaipur,0,0,0,0,0,0,,0,
TX-102679,SYN-10071,2026-09-26T09:10:00+05:30,8614.06,861406,in,credit,Completed,,UPI,Payment counterparty,credit-line,MCH-10071,DEV-10071,Jaipur,0,0,0,0,0,0,,0,
TX-102680,SYN-10071,2026-09-26T10:00:00+05:30,8614.06,861406,out,essential,Completed,,UPI,Payment counterparty,party-6,MCH-10071,DEV-10071,Jaipur,0,0,0,0,0,0,,0,
TX-102681,SYN-10071,2026-09-28T09:00:00+05:30,71377.86,7137786,in,salary,Completed,,Digital banking,Payment counterparty,employer,MCH-10071,DEV-10071,Jaipur,0,0,0,0,0,0,,0,
TX-102682,SYN-10071,2026-09-29T22:30:00+05:30,9314.31,931431,out,emi,Completed,,UPI,Payment counterparty,lender,MCH-10071,DEV-10071,Jaipur,0,0,0,0,0,0,LN-71-0,3,
TX-102683,SYN-10071,2026-09-29T22:30:00+05:30,5989.22,598922,out,emi,Completed,,UPI,Payment counterparty,lender,MCH-10071,DEV-10071,Jaipur,0,0,0,0,0,0,LN-71-1,3,
TX-102696,SYN-10071,2026-10-01T12:00:00+05:30,6509.8,650980,out,essential,Pending,2026-09-27T00:00:00+05:30,Card,Payment counterparty,party-2,MCH-10071,DEV-10071,Jaipur,0,0,0,0,0,0,,0,
TX-102684,SYN-10071,2026-10-03T10:00:00+05:30,9266.37,926637,out,essential,Completed,,UPI,Payment counterparty,party-4,MCH-10071,DEV-10071,Jaipur,0,0,0,0,0,0,,0,
TX-102685,SYN-10071,2026-10-09T10:00:00+05:30,7530.13,753013,out,essential,Completed,,UPI,Payment counterparty,party-1,MCH-10071,DEV-10071,Jaipur,0,0,0,0,0,0,,0,
TX-102686,SYN-10071,2026-10-12T12:00:00+05:30,4046.38,404638,out,transfer,Completed,,UPI,Payment counterparty,party-3,,DEV-10071,Jaipur,0,0,0,0,0,0,,0,
TX-102687,SYN-10071,2026-10-15T10:00:00+05:30,9200.71,920071,out,essential,Completed,,Digital banking,Payment counterparty,party-6,MCH-10071,DEV-10071,Jaipur,0,0,0,0,0,0,,0,
TX-102688,SYN-10071,2026-10-21T10:00:00+05:30,9144.51,914451,out,essential,Completed,,UPI,Payment counterparty,party-4,MCH-10071,DEV-10071,Jaipur,0,0,0,0,0,0,,0,
TX-102689,SYN-10071,2026-10-22T12:00:00+05:30,2315.66,231566,out,transfer,Completed,,UPI,Payment counterparty,party-2,,DEV-10071,Jaipur,0,0,0,0,0,0,,0,
TX-102690,SYN-10071,2026-10-23T12:00:00+05:30,2691.7,269170,out,transfer,Completed,,UPI,Payment counterparty,party-2,,DEV-10071,Jaipur,0,0,0,0,0,0,,0,
TX-102691,SYN-10071,2026-10-26T10:00:00+05:30,7485.3,748530,out,essential,Completed,,Digital banking,Payment counterparty,party-6,MCH-10071,DEV-10071,Jaipur,0,0,0,0,0,0,,0,
TX-102692,SYN-10071,2026-10-28T09:00:00+05:30,65389.82,6538982,in,salary,Completed,,UPI,Payment counterparty,employer,MCH-10071,DEV-10071,Jaipur,0,0,0,0,0,0,,0,
TX-102693,SYN-10071,2026-10-29T22:30:00+05:30,9314.31,931431,out,emi,Completed,,UPI,Payment counterparty,lender,MCH-10071,DEV-10071,Jaipur,0,0,0,0,0,0,LN-71-0,4,
TX-102694,SYN-10071,2026-10-29T22:30:00+05:30,5989.22,598922,out,emi,Completed,,Digital banking,Payment counterparty,lender,MCH-10071,DEV-10071,Jaipur,0,0,0,0,0,0,LN-71-1,4,
TX-102695,SYN-10071,2026-11-03T10:00:00+05:30,9979.37,997937,out,essential,Completed,,UPI,Payment counterparty,party-1,MCH-10071,DEV-10071,Jaipur,0,0,0,0,0,0,,0,
TX-102697,SYN-10072,2026-08-01T09:00:00+05:30,49040.29,4904029,in,salary,Completed,,Wallet,Payment counterparty,employer,MCH-10072,DEV-10072,Delhi,0,0,0,0,0,0,,0,
TX-102698,SYN-10072,2026-08-03T10:00:00+05:30,5838.57,583857,out,essential,Completed,,Card,Payment counterparty,party-1,MCH-10072,DEV-10072,Delhi,0,0,0,0,0,0,,0,
TX-102699,SYN-10072,2026-08-06T12:00:00+05:30,162691.33,16269133,out,transfer,Completed,,UPI,Payment counterparty,party-2,,DEV-10072,Delhi,0,1,0,0,0,0,,0,
TX-102700,SYN-10072,2026-08-09T10:00:00+05:30,5016.42,501642,out,essential,Completed,,Digital banking,Payment counterparty,party-4,MCH-10072,DEV-10072,Delhi,0,0,0,0,0,0,,0,
TX-102701,SYN-10072,2026-08-15T10:00:00+05:30,5007.87,500787,out,essential,Completed,,Digital banking,Payment counterparty,party-4,MCH-10072,DEV-10072,Delhi,0,0,0,0,0,0,,0,
TX-102702,SYN-10072,2026-08-15T12:00:00+05:30,12461.76,1246176,out,transfer,Completed,,Wallet,Payment counterparty,party-1,,DEV-10072,Delhi,0,0,0,0,0,0,,0,
TX-102703,SYN-10072,2026-08-16T12:00:00+05:30,6683.39,668339,out,transfer,Completed,,UPI,Payment counterparty,party-5,,DEV-10072,Delhi,0,0,0,0,0,0,,0,
TX-102704,SYN-10072,2026-08-20T12:00:00+05:30,6195.3,619530,out,transfer,Completed,,UPI,Payment counterparty,party-6,,DEV-10142,Delhi,1,0,0,0,0,0,,0,
TX-102705,SYN-10072,2026-08-21T10:00:00+05:30,5212.74,521274,out,essential,Completed,,UPI,Payment counterparty,party-5,MCH-10072,DEV-10072,Delhi,0,0,0,0,0,0,,0,
TX-102706,SYN-10072,2026-08-24T22:30:00+05:30,15349.67,1534967,out,emi,Completed,,UPI,Payment counterparty,lender,MCH-10072,DEV-10072,Delhi,0,0,0,0,0,0,LN-72-0,2,
TX-102707,SYN-10072,2026-08-26T10:00:00+05:30,4826.12,482612,out,essential,Completed,,Card,Payment counterparty,party-3,MCH-10072,DEV-10072,Delhi,0,0,0,0,0,0,,0,
TX-102708,SYN-10072,2026-09-01T09:00:00+05:30,46767.48,4676748,in,salary,Completed,,Digital banking,Payment counterparty,employer,MCH-10072,DEV-10072,Delhi,0,0,0,0,0,0,,0,
TX-102709,SYN-10072,2026-09-02T22:30:00+05:30,11232.68,1123268,out,emi,Completed,,UPI,Payment counterparty,lender,MCH-10072,DEV-10072,Delhi,0,0,0,0,0,0,LN-72-0,2,
TX-102710,SYN-10072,2026-09-03T10:00:00+05:30,5161.55,516155,out,essential,Completed,,UPI,Payment counterparty,party-5,MCH-10072,DEV-10072,Delhi,0,0,0,0,0,0,,0,
TX-102711,SYN-10072,2026-09-06T12:00:00+05:30,2900.33,290033,out,transfer,Completed,,UPI,Payment counterparty,party-5,,DEV-10072,Delhi,0,0,0,0,0,0,,0,
TX-102712,SYN-10072,2026-09-09T10:00:00+05:30,5740.8,574080,out,essential,Completed,,UPI,Payment counterparty,party-1,MCH-10072,DEV-10072,Delhi,0,0,0,0,0,0,,0,
TX-102713,SYN-10072,2026-09-12T13:39:00+05:30,6741.09,674109,out,transfer,Completed,,UPI,Payment counterparty,party-19,,DEV-10072,Delhi,0,0,0,0,0,0,,0,
TX-102714,SYN-10072,2026-09-12T13:45:00+05:30,6741.09,674109,out,transfer,Completed,,UPI,Payment counterparty,party-19,,DEV-10072,Delhi,0,0,0,0,0,0,,0,
TX-102715,SYN-10072,2026-09-15T10:00:00+05:30,4449.22,444922,out,essential,Completed,,UPI,Payment counterparty,party-4,MCH-10072,DEV-10072,Delhi,0,0,0,0,0,0,,0,
TX-102716,SYN-10072,2026-09-15T12:00:00+05:30,5354.33,535433,out,transfer,Completed,,UPI,Payment counterparty,party-6,,DEV-10072,Delhi,0,0,0,0,0,0,,0,
TX-102717,SYN-10072,2026-09-21T09:10:00+05:30,4738.37,473837,in,credit,Completed,,UPI,Payment counterparty,credit-line,MCH-10072,DEV-10072,Delhi,0,0,0,0,0,0,,0,
TX-102718,SYN-10072,2026-09-21T10:00:00+05:30,4738.37,473837,out,essential,Completed,,UPI,Payment counterparty,party-5,MCH-10072,DEV-10072,Delhi,0,0,0,0,0,0,,0,
TX-102719,SYN-10072,2026-09-26T09:10:00+05:30,5283.08,528308,in,credit,Completed,,UPI,Payment counterparty,credit-line,MCH-10072,DEV-10072,Delhi,0,0,0,0,0,0,,0,
TX-102720,SYN-10072,2026-09-26T10:00:00+05:30,5283.08,528308,out,essential,Completed,,UPI,Payment counterparty,party-4,MCH-10072,DEV-10072,Delhi,0,0,0,0,0,0,,0,
TX-102721,SYN-10072,2026-10-01T09:00:00+05:30,46564.81,4656481,in,salary,Completed,,UPI,Payment counterparty,employer,MCH-10072,DEV-10072,Delhi,0,0,0,0,0,0,,0,
TX-102735,SYN-10072,2026-10-01T12:00:00+05:30,3853.73,385373,out,essential,Pending,2026-09-27T00:00:00+05:30,UPI,Payment counterparty,party-5,MCH-10072,DEV-10072,Delhi,0,0,0,0,0,0,,0,
TX-102722,SYN-10072,2026-10-03T10:00:00+05:30,5199.8,519980,out,essential,Completed,,UPI,Payment counterparty,party-2,MCH-10072,DEV-10072,Delhi,0,0,0,0,0,0,,0,
TX-102723,SYN-10072,2026-10-03T22:30:00+05:30,26582.35,2658235,out,emi,Completed,,UPI,Payment counterparty,lender,MCH-10072,DEV-10072,Delhi,0,0,0,0,0,0,LN-72-0,3,
TX-102724,SYN-10072,2026-10-06T12:00:00+05:30,5339.04,533904,out,transfer,Completed,,UPI,Payment counterparty,party-3,,DEV-10072,Delhi,0,0,0,0,0,0,,0,
TX-102725,SYN-10072,2026-10-09T10:00:00+05:30,5150.26,515026,out,essential,Completed,,Digital banking,Payment counterparty,party-2,MCH-10072,DEV-10072,Delhi,0,0,0,0,0,0,,0,
TX-102726,SYN-10072,2026-10-15T09:10:00+05:30,138.77,13877,in,credit,Completed,,UPI,Payment counterparty,credit-line,MCH-10072,DEV-10072,Delhi,0,0,0,0,0,0,,0,
TX-102727,SYN-10072,2026-10-15T10:00:00+05:30,4432.13,443213,out,essential,Completed,,Digital banking,Payment counterparty,party-1,MCH-10072,DEV-10072,Delhi,0,0,0,0,0,0,,0,
TX-102728,SYN-10072,2026-10-21T09:10:00+05:30,4723.27,472327,in,credit,Completed,,UPI,Payment counterparty,credit-line,MCH-10072,DEV-10072,Delhi,0,0,0,0,0,0,,0,
TX-102729,SYN-10072,2026-10-21T10:00:00+05:30,4723.27,472327,out,essential,Completed,,UPI,Payment counterparty,party-1,MCH-10072,DEV-10072,Delhi,0,0,0,0,0,0,,0,
TX-102730,SYN-10072,2026-10-26T09:10:00+05:30,5181.46,518146,in,credit,Completed,,UPI,Payment counterparty,credit-line,MCH-10072,DEV-10072,Delhi,0,0,0,0,0,0,,0,
TX-102731,SYN-10072,2026-10-26T10:00:00+05:30,5181.46,518146,out,essential,Completed,,Card,Payment counterparty,party-1,MCH-10072,DEV-10072,Delhi,0,0,0,0,0,0,,0,
TX-102732,SYN-10072,2026-11-01T09:00:00+05:30,46833.85,4683385,in,salary,Completed,,UPI,Payment counterparty,employer,MCH-10072,DEV-10072,Delhi,0,0,0,0,0,0,,0,
TX-102733,SYN-10072,2026-11-02T22:30:00+05:30,26582.35,2658235,out,emi,Completed,,Digital banking,Payment counterparty,lender,MCH-10072,DEV-10072,Delhi,0,0,0,0,0,0,LN-72-0,4,
TX-102734,SYN-10072,2026-11-03T10:00:00+05:30,5260.0,526000,out,essential,Completed,,UPI,Payment counterparty,party-6,MCH-10072,DEV-10072,Delhi,0,0,0,0,0,0,,0,
TX-102736,SYN-10073,2026-08-03T10:00:00+05:30,7927.97,792797,out,essential,Completed,,Card,Payment counterparty,party-5,MCH-10073,DEV-10073,Mumbai,0,0,0,0,0,0,,0,
TX-102737,SYN-10073,2026-08-09T10:00:00+05:30,7020.81,702081,out,essential,Completed,,UPI,Payment counterparty,party-3,MCH-10073,DEV-10073,Mumbai,0,0,0,0,0,0,,0,
TX-102738,SYN-10073,2026-08-09T12:00:00+05:30,7632.55,763255,out,transfer,Completed,,UPI,Payment counterparty,party-2,,DEV-10073,Mumbai,0,0,0,0,0,0,,0,
TX-102739,SYN-10073,2026-08-10T12:00:00+05:30,15452.03,1545203,out,transfer,Completed,,UPI,Payment counterparty,party-5,,DEV-10073,Mumbai,0,0,0,0,0,0,,0,
TX-102740,SYN-10073,2026-08-15T10:00:00+05:30,6083.12,608312,out,essential,Completed,,UPI,Payment counterparty,party-5,MCH-10073,DEV-10073,Mumbai,0,0,0,0,0,0,,0,
TX-102741,SYN-10073,2026-08-15T12:00:00+05:30,11061.09,1106109,out,transfer,Completed,,UPI,Payment counterparty,party-4,,DEV-10073,Mumbai,0,0,0,0,0,0,,0,
TX-102742,SYN-10073,2026-08-20T22:30:00+05:30,45987.09,4598709,out,emi,Completed,,Card,Payment counterparty,lender,MCH-10073,DEV-10073,Mumbai,0,0,0,0,0,0,LN-73-0,2,
TX-102743,SYN-10073,2026-08-21T10:00:00+05:30,7530.96,753096,out,essential,Completed,,UPI,Payment counterparty,party-1,MCH-10073,DEV-10073,Mumbai,0,0,0,0,0,0,,0,
TX-102744,SYN-10073,2026-08-21T12:00:00+05:30,3338.54,333854,out,transfer,Completed,,Card,Payment counterparty,party-5,,DEV-10073,Mumbai,0,1,0,0,0,0,,0,
TX-102745,SYN-10073,2026-08-26T09:10:00+05:30,6389.03,638903,in,credit,Completed,,UPI,Payment counterparty,credit-line,MCH-10073,DEV-10073,Mumbai,0,0,0,0,0,0,,0,
TX-102746,SYN-10073,2026-08-26T10:00:00+05:30,6389.03,638903,out,essential,Completed,,UPI,Payment counterparty,party-3,MCH-10073,DEV-10073,Mumbai,0,0,0,0,0,0,,0,
TX-102747,SYN-10073,2026-08-28T09:00:00+05:30,75515.84,7551584,in,salary,Completed,,UPI,Payment counterparty,employer,MCH-10073,DEV-10073,Mumbai,0,0,0,0,0,0,,0,
TX-102748,SYN-10073,2026-08-29T22:30:00+05:30,546.63,54663,out,emi,Completed,,Digital banking,Payment counterparty,lender,MCH-10073,DEV-10073,Mumbai,0,0,0,0,0,0,LN-73-0,2,
TX-102749,SYN-10073,2026-09-03T10:00:00+05:30,7877.22,787722,out,essential,Completed,,UPI,Payment counterparty,party-6,MCH-10073,DEV-10073,Mumbai,0,0,0,0,0,0,,0,
TX-102750,SYN-10073,2026-09-09T10:00:00+05:30,8105.3,810530,out,essential,Completed,,UPI,Payment counterparty,party-6,MCH-10073,DEV-10073,Mumbai,0,0,0,0,0,0,,0,
TX-102751,SYN-10073,2026-09-09T12:00:00+05:30,15686.89,1568689,out,transfer,Completed,,UPI,Payment counterparty,party-4,,DEV-10073,Mumbai,0,0,0,0,0,0,,0,
TX-102752,SYN-10073,2026-09-10T12:00:00+05:30,5516.22,551622,out,transfer,Completed,,UPI,Payment counterparty,party-2,,DEV-10073,Mumbai,0,0,0,0,0,0,,0,
TX-102753,SYN-10073,2026-09-15T10:00:00+05:30,6926.95,692695,out,essential,Completed,,UPI,Payment counterparty,party-4,MCH-10073,DEV-10073,Mumbai,0,0,0,0,0,0,,0,
TX-102754,SYN-10073,2026-09-15T12:00:00+05:30,6315.16,631516,out,transfer,Completed,,UPI,Payment counterparty,party-1,,DEV-10073,Mumbai,0,0,0,0,0,0,,0,
TX-102755,SYN-10073,2026-09-20T15:31:00+05:30,8727.86,872786,out,transfer,Completed,,UPI,Payment counterparty,party-21,,DEV-10142,Mumbai,1,1,0,1,1,2,,0,
TX-102756,SYN-10073,2026-09-20T22:30:00+05:30,1980.3,198030,out,emi,Completed,,Digital banking,Payment counterparty,lender,MCH-10073,DEV-10073,Mumbai,0,0,0,0,0,0,LN-73-0,3,
TX-102757,SYN-10073,2026-09-21T10:00:00+05:30,6059.06,605906,out,essential,Completed,,UPI,Payment counterparty,party-6,MCH-10073,DEV-10073,Mumbai,0,0,0,0,0,0,,0,
TX-102758,SYN-10073,2026-09-21T12:00:00+05:30,5901.03,590103,out,transfer,Completed,,Wallet,Payment counterparty,party-4,,DEV-10073,Mumbai,0,1,0,0,0,0,,0,
TX-102759,SYN-10073,2026-09-23T10:00:00+05:30,8291.46,829146,in,transfer,Completed,,UPI,Payment counterparty,recovery,,DEV-10073,Mumbai,0,0,0,0,0,0,,0,
TX-102760,SYN-10073,2026-09-23T22:30:00+05:30,5824.98,582498,out,emi,Completed,,UPI,Payment counterparty,lender,MCH-10073,DEV-10073,Mumbai,0,0,0,0,0,0,LN-73-0,3,
TX-102761,SYN-10073,2026-09-26T09:10:00+05:30,2636.3,263630,in,credit,Completed,,UPI,Payment counterparty,credit-line,MCH-10073,DEV-10073,Mumbai,0,0,0,0,0,0,,0,
TX-102762,SYN-10073,2026-09-26T10:00:00+05:30,6976.0,697600,out,essential,Completed,,Digital banking,Payment counterparty,party-1,MCH-10073,DEV-10073,Mumbai,0,0,0,0,0,0,,0,
TX-102763,SYN-10073,2026-09-28T09:00:00+05:30,83463.31,8346331,in,salary,Completed,,UPI,Payment counterparty,employer,MCH-10073,DEV-10073,Mumbai,0,0,0,0,0,0,,0,
TX-102764,SYN-10073,2026-09-29T22:30:00+05:30,38728.44,3872844,out,emi,Completed,,UPI,Payment counterparty,lender,MCH-10073,DEV-10073,Mumbai,0,0,0,0,0,0,LN-73-0,3,
TX-102778,SYN-10073,2026-10-01T12:00:00+05:30,5327.05,532705,out,essential,Pending,2026-09-27T00:00:00+05:30,Card,Payment counterparty,party-3,MCH-10073,DEV-10073,Mumbai,0,0,0,0,0,0,,0,
TX-102765,SYN-10073,2026-10-03T10:00:00+05:30,7452.2,745220,out,essential,Completed,,UPI,Payment counterparty,party-4,MCH-10073,DEV-10073,Mumbai,0,0,0,0,0,0,,0,
TX-102766,SYN-10073,2026-10-09T10:00:00+05:30,7644.67,764467,out,essential,Completed,,Card,Payment counterparty,party-3,MCH-10073,DEV-10073,Mumbai,0,0,0,0,0,0,,0,
TX-102767,SYN-10073,2026-10-09T12:00:00+05:30,8073.05,807305,out,transfer,Completed,,UPI,Payment counterparty,party-1,,DEV-10073,Mumbai,0,1,0,0,0,0,,0,
TX-102768,SYN-10073,2026-10-10T12:00:00+05:30,10243.22,1024322,out,transfer,Completed,,UPI,Payment counterparty,party-5,,DEV-10073,Mumbai,0,0,0,0,0,0,,0,
TX-102769,SYN-10073,2026-10-15T10:00:00+05:30,6872.36,687236,out,essential,Completed,,UPI,Payment counterparty,party-5,MCH-10073,DEV-10073,Mumbai,0,0,0,0,0,0,,0,
TX-102770,SYN-10073,2026-10-15T12:00:00+05:30,4026.17,402617,out,transfer,Completed,,UPI,Payment counterparty,party-3,,DEV-10073,Mumbai,0,0,0,0,0,0,,0,
TX-102771,SYN-10073,2026-10-21T09:10:00+05:30,6000.32,600032,in,credit,Completed,,UPI,Payment counterparty,credit-line,MCH-10073,DEV-10073,Mumbai,0,0,0,0,0,0,,0,
TX-102772,SYN-10073,2026-10-21T10:00:00+05:30,6423.52,642352,out,essential,Completed,,UPI,Payment counterparty,party-2,MCH-10073,DEV-10073,Mumbai,0,0,0,0,0,0,,0,
TX-102773,SYN-10073,2026-10-26T09:10:00+05:30,6063.4,606340,in,credit,Completed,,Digital banking,Payment counterparty,credit-line,MCH-10073,DEV-10073,Mumbai,0,0,0,0,0,0,,0,
TX-102774,SYN-10073,2026-10-26T10:00:00+05:30,6063.4,606340,out,essential,Completed,,UPI,Payment counterparty,party-3,MCH-10073,DEV-10073,Mumbai,0,0,0,0,0,0,,0,
TX-102775,SYN-10073,2026-10-28T09:00:00+05:30,72137.93,7213793,in,salary,Completed,,Card,Payment counterparty,employer,MCH-10073,DEV-10073,Mumbai,0,0,0,0,0,0,,0,
TX-102776,SYN-10073,2026-10-29T22:30:00+05:30,46533.72,4653372,out,emi,Completed,,UPI,Payment counterparty,lender,MCH-10073,DEV-10073,Mumbai,0,0,0,0,0,0,LN-73-0,4,
TX-102777,SYN-10073,2026-11-03T10:00:00+05:30,6571.06,657106,out,essential,Completed,,UPI,Payment counterparty,party-4,MCH-10073,DEV-10073,Mumbai,0,0,0,0,0,0,,0,
TX-102779,SYN-10074,2026-08-01T09:00:00+05:30,92372.67,9237267,in,salary,Completed,,UPI,Payment counterparty,employer,MCH-10074,DEV-10074,Bengaluru,0,0,0,0,0,0,,0,
TX-102780,SYN-10074,2026-08-03T10:00:00+05:30,11990.78,1199078,out,essential,Completed,,UPI,Payment counterparty,party-6,MCH-10074,DEV-10074,Bengaluru,0,0,0,0,0,0,,0,
TX-102781,SYN-10074,2026-08-09T10:00:00+05:30,13868.61,1386861,out,essential,Completed,,Wallet,Payment counterparty,party-6,MCH-10074,DEV-10074,Bengaluru,0,0,0,0,0,0,,0,
TX-102782,SYN-10074,2026-08-13T12:00:00+05:30,10645.64,1064564,out,transfer,Completed,,UPI,Payment counterparty,party-2,,DEV-10074,Bengaluru,0,1,0,0,0,0,,0,
TX-102783,SYN-10074,2026-08-14T12:00:00+05:30,8986.57,898657,out,transfer,Completed,,Digital banking,Payment counterparty,party-1,,DEV-10074,Bengaluru,0,0,0,0,0,0,,0,
TX-102784,SYN-10074,2026-08-15T10:00:00+05:30,11827.5,1182750,out,essential,Completed,,Card,Payment counterparty,party-1,MCH-10074,DEV-10074,Bengaluru,0,0,0,0,0,0,,0,
TX-102785,SYN-10074,2026-08-17T12:00:00+05:30,8974.21,897421,out,transfer,Completed,,UPI,Payment counterparty,party-5,,DEV-10074,Bengaluru,0,1,0,0,0,0,,0,
TX-102786,SYN-10074,2026-08-21T10:00:00+05:30,12877.95,1287795,out,essential,Completed,,UPI,Payment counterparty,party-4,MCH-10074,DEV-10074,Bengaluru,0,0,0,0,0,0,,0,
TX-102787,SYN-10074,2026-08-21T22:30:00+05:30,12723.97,1272397,out,emi,Completed,,UPI,Payment counterparty,lender,MCH-10074,DEV-10074,Bengaluru,0,0,0,0,0,0,LN-74-0,2,
TX-102788,SYN-10074,2026-08-22T12:00:00+05:30,6517.91,651791,out,transfer,Completed,,UPI,Payment counterparty,party-1,,DEV-10074,Bengaluru,0,0,0,0,0,0,,0,
TX-102789,SYN-10074,2026-08-26T10:00:00+05:30,13180.11,1318011,out,essential,Completed,,UPI,Payment counterparty,party-2,MCH-10074,DEV-10074,Bengaluru,0,0,0,0,0,0,,0,
TX-102790,SYN-10074,2026-09-01T09:00:00+05:30,95130.28,9513028,in,salary,Completed,,UPI,Payment counterparty,employer,MCH-10074,DEV-10074,Bengaluru,0,0,0,0,0,0,,0,
TX-102791,SYN-10074,2026-09-03T10:00:00+05:30,13932.9,1393290,out,essential,Completed,,UPI,Payment counterparty,party-6,MCH-10074,DEV-10074,Bengaluru,0,0,0,0,0,0,,0,
TX-102792,SYN-10074,2026-09-09T10:00:00+05:30,12137.4,1213740,out,essential,Completed,,Wallet,Payment counterparty,party-6,MCH-10074,DEV-10074,Bengaluru,0,0,0,0,0,0,,0,
TX-102793,SYN-10074,2026-09-13T12:00:00+05:30,9210.74,921074,out,transfer,Completed,,UPI,Payment counterparty,party-1,,DEV-10074,Bengaluru,0,0,0,0,0,0,,0,
TX-102794,SYN-10074,2026-09-13T17:21:00+05:30,196789.24,19678924,out,transfer,Completed,,Card,Payment counterparty,party-13,,DEV-10074,Bengaluru,0,1,0,0,1,2,,0,
TX-102795,SYN-10074,2026-09-14T12:00:00+05:30,8093.28,809328,out,transfer,Completed,,UPI,Payment counterparty,party-3,,DEV-10074,Bengaluru,0,0,0,0,0,0,,0,
TX-102796,SYN-10074,2026-09-15T10:00:00+05:30,11183.03,1118303,out,essential,Completed,,UPI,Payment counterparty,party-4,MCH-10074,DEV-10074,Bengaluru,0,0,0,0,0,0,,0,
TX-102797,SYN-10074,2026-09-17T12:00:00+05:30,7453.75,745375,out,transfer,Completed,,UPI,Payment counterparty,party-6,,DEV-10142,Bengaluru,1,0,0,0,0,0,,0,
TX-102798,SYN-10074,2026-09-21T09:10:00+05:30,11933.64,1193364,in,credit,Completed,,Card,Payment counterparty,credit-line,MCH-10074,DEV-10074,Bengaluru,0,0,0,0,0,0,,0,
TX-102799,SYN-10074,2026-09-21T10:00:00+05:30,13732.41,1373241,out,essential,Completed,,UPI,Payment counterparty,party-2,MCH-10074,DEV-10074,Bengaluru,0,0,0,0,0,0,,0,
TX-102800,SYN-10074,2026-09-26T09:10:00+05:30,13469.45,1346945,in,credit,Completed,,UPI,Payment counterparty,credit-line,MCH-10074,DEV-10074,Bengaluru,0,0,0,0,0,0,,0,
TX-102801,SYN-10074,2026-09-26T10:00:00+05:30,13469.45,1346945,out,essential,Completed,,Card,Payment counterparty,party-2,MCH-10074,DEV-10074,Bengaluru,0,0,0,0,0,0,,0,
TX-102802,SYN-10074,2026-10-01T09:00:00+05:30,93253.1,9325310,in,salary,Completed,,UPI,Payment counterparty,employer,MCH-10074,DEV-10074,Bengaluru,0,0,0,0,0,0,,0,
TX-102818,SYN-10074,2026-10-01T12:00:00+05:30,9111.7,911170,out,essential,Pending,2026-09-27T00:00:00+05:30,Digital banking,Payment counterparty,party-1,MCH-10074,DEV-10074,Bengaluru,0,0,0,0,0,0,,0,
TX-102803,SYN-10074,2026-10-03T10:00:00+05:30,13640.68,1364068,out,essential,Completed,,UPI,Payment counterparty,party-5,MCH-10074,DEV-10074,Bengaluru,0,0,0,0,0,0,,0,
TX-102804,SYN-10074,2026-10-03T22:30:00+05:30,12723.97,1272397,out,emi,Completed,,UPI,Payment counterparty,lender,MCH-10074,DEV-10074,Bengaluru,0,0,0,0,0,0,LN-74-0,3,
TX-102805,SYN-10074,2026-10-09T10:00:00+05:30,11643.59,1164359,out,essential,Completed,,UPI,Payment counterparty,party-4,MCH-10074,DEV-10074,Bengaluru,0,0,0,0,0,0,,0,
TX-102806,SYN-10074,2026-10-13T12:00:00+05:30,1509.63,150963,out,transfer,Completed,,UPI,Payment counterparty,party-2,,DEV-10142,Bengaluru,1,0,0,1,0,0,,0,
TX-102807,SYN-10074,2026-10-14T12:00:00+05:30,3108.56,310856,out,transfer,Completed,,Digital banking,Payment counterparty,party-1,,DEV-10074,Bengaluru,0,0,0,0,0,0,,0,
TX-102808,SYN-10074,2026-10-15T10:00:00+05:30,12209.35,1220935,out,essential,Completed,,UPI,Payment counterparty,party-1,MCH-10074,DEV-10074,Bengaluru,0,0,0,0,0,0,,0,
TX-102809,SYN-10074,2026-10-17T12:00:00+05:30,8933.2,893320,out,transfer,Completed,,UPI,Payment counterparty,party-3,,DEV-10074,Bengaluru,0,0,0,0,0,0,,0,
TX-102810,SYN-10074,2026-10-21T10:00:00+05:30,10549.06,1054906,out,essential,Completed,,Card,Payment counterparty,party-6,MCH-10074,DEV-10074,Bengaluru,0,0,0,0,0,0,,0,
TX-102811,SYN-10074,2026-10-21T22:30:00+05:30,10798.58,1079858,out,emi,Completed,,UPI,Payment counterparty,lender,MCH-10074,DEV-10074,Bengaluru,0,0,0,0,0,0,LN-74-0,4,
TX-102812,SYN-10074,2026-10-22T12:00:00+05:30,6018.39,601839,out,transfer,Completed,,UPI,Payment counterparty,party-5,,DEV-10074,Bengaluru,0,1,0,0,0,0,,0,
TX-102813,SYN-10074,2026-10-26T09:10:00+05:30,9593.41,959341,in,credit,Completed,,UPI,Payment counterparty,credit-line,MCH-10074,DEV-10074,Bengaluru,0,0,0,0,0,0,,0,
TX-102814,SYN-10074,2026-10-26T10:00:00+05:30,11711.5,1171150,out,essential,Completed,,UPI,Payment counterparty,party-6,MCH-10074,DEV-10074,Bengaluru,0,0,0,0,0,0,,0,
TX-102815,SYN-10074,2026-11-01T09:00:00+05:30,89780.26,8978026,in,salary,Completed,,UPI,Payment counterparty,employer,MCH-10074,DEV-10074,Bengaluru,0,0,0,0,0,0,,0,
TX-102816,SYN-10074,2026-11-02T22:30:00+05:30,1925.39,192539,out,emi,Completed,,UPI,Payment counterparty,lender,MCH-10074,DEV-10074,Bengaluru,0,0,0,0,0,0,LN-74-0,4,
TX-102817,SYN-10074,2026-11-03T10:00:00+05:30,11319.07,1131907,out,essential,Completed,,UPI,Payment counterparty,party-4,MCH-10074,DEV-10074,Bengaluru,0,0,0,0,0,0,,0,
TX-102819,SYN-10075,2026-08-01T09:00:00+05:30,36711.62,3671162,in,salary,Completed,,UPI,Payment counterparty,employer,MCH-10075,DEV-10075,Jaipur,0,0,0,0,0,0,,0,
TX-102820,SYN-10075,2026-08-03T10:00:00+05:30,2762.34,276234,out,essential,Completed,,UPI,Payment counterparty,party-2,MCH-10075,DEV-10075,Jaipur,0,0,0,0,0,0,,0,
TX-102821,SYN-10075,2026-08-09T10:00:00+05:30,2596.33,259633,out,essential,Completed,,UPI,Payment counterparty,party-1,MCH-10075,DEV-10075,Jaipur,0,0,0,0,0,0,,0,
TX-102822,SYN-10075,2026-08-15T10:00:00+05:30,2660.06,266006,out,essential,Completed,,UPI,Payment counterparty,party-6,MCH-10075,DEV-10075,Jaipur,0,0,0,0,0,0,,0,
TX-102823,SYN-10075,2026-08-18T12:00:00+05:30,3828.9,382890,out,transfer,Completed,,UPI,Payment counterparty,party-6,,DEV-10075,Jaipur,0,0,0,0,0,0,,0,
TX-102824,SYN-10075,2026-08-20T12:00:00+05:30,43474.22,4347422,out,transfer,Completed,,Wallet,Payment counterparty,party-2,,DEV-10075,Jaipur,0,0,0,0,0,0,,0,
TX-102825,SYN-10075,2026-08-21T10:00:00+05:30,3257.58,325758,out,essential,Completed,,UPI,Payment counterparty,party-4,MCH-10075,DEV-10075,Jaipur,0,0,0,0,0,0,,0,
TX-102826,SYN-10075,2026-08-21T12:00:00+05:30,7491.71,749171,out,transfer,Completed,,UPI,Payment counterparty,party-1,,DEV-10075,Jaipur,0,0,0,0,0,0,,0,
TX-102827,SYN-10075,2026-08-22T22:30:00+05:30,3668.16,366816,out,emi,Completed,,Wallet,Payment counterparty,lender,MCH-10075,DEV-10075,Jaipur,0,0,0,0,0,0,LN-75-0,2,
TX-102828,SYN-10075,2026-08-25T22:30:00+05:30,360.35,36035,out,emi,Completed,,Card,Payment counterparty,lender,MCH-10075,DEV-10075,Jaipur,0,0,0,0,0,0,LN-75-0,2,
TX-102829,SYN-10075,2026-08-26T09:10:00+05:30,44.7,4470,in,credit,Completed,,UPI,Payment counterparty,credit-line,MCH-10075,DEV-10075,Jaipur,0,0,0,0,0,0,,0,
TX-102830,SYN-10075,2026-08-26T10:00:00+05:30,2661.47,266147,out,essential,Completed,,Card,Payment counterparty,party-1,MCH-10075,DEV-10075,Jaipur,0,0,0,0,0,0,,0,
TX-102831,SYN-10075,2026-09-01T09:00:00+05:30,35586.84,3558684,in,salary,Completed,,UPI,Payment counterparty,employer,MCH-10075,DEV-10075,Jaipur,0,0,0,0,0,0,,0,
TX-102832,SYN-10075,2026-09-03T10:00:00+05:30,2463.55,246355,out,essential,Completed,,UPI,Payment counterparty,party-4,MCH-10075,DEV-10075,Jaipur,0,0,0,0,0,0,,0,
TX-102833,SYN-10075,2026-09-03T22:30:00+05:30,3471.38,347138,out,emi,Completed,,Digital banking,Payment counterparty,lender,MCH-10075,DEV-10075,Jaipur,0,0,0,0,0,0,LN-75-0,2,
TX-102834,SYN-10075,2026-09-09T10:00:00+05:30,3004.35,300435,out,essential,Completed,,UPI,Payment counterparty,party-2,MCH-10075,DEV-10075,Jaipur,0,0,0,0,0,0,,0,
TX-102835,SYN-10075,2026-09-12T15:24:00+05:30,2746.08,274608,out,transfer,Completed,,Wallet,Payment counterparty,party-7,,DEV-10075,Jaipur,0,1,0,0,0,0,,0,
TX-102836,SYN-10075,2026-09-12T15:27:00+05:30,2746.08,274608,out,transfer,Completed,,Card,Payment counterparty,party-7,,DEV-10075,Jaipur,0,1,0,0,0,0,,0,
TX-102837,SYN-10075,2026-09-15T10:00:00+05:30,3033.99,303399,out,essential,Completed,,UPI,Payment counterparty,party-2,MCH-10075,DEV-10075,Jaipur,0,0,0,0,0,0,,0,
TX-102838,SYN-10075,2026-09-17T17:24:00+05:30,2576.77,257677,out,transfer,Completed,,UPI,Payment counterparty,party-26,,DEV-10075,Jaipur,0,1,0,0,1,2,,0,
TX-102839,SYN-10075,2026-09-18T12:00:00+05:30,1859.68,185968,out,transfer,Completed,,Card,Payment counterparty,party-6,,DEV-10075,Jaipur,0,0,0,0,0,0,,0,
TX-102840,SYN-10075,2026-09-20T12:00:00+05:30,8451.57,845157,out,transfer,Completed,,UPI,Payment counterparty,party-6,,DEV-10075,Jaipur,0,1,0,0,0,0,,0,
TX-102841,SYN-10075,2026-09-21T10:00:00+05:30,2557.54,255754,out,essential,Completed,,UPI,Payment counterparty,party-2,MCH-10075,DEV-10075,Jaipur,0,0,0,0,0,0,,0,
TX-102842,SYN-10075,2026-09-21T12:00:00+05:30,2675.85,267585,out,transfer,Completed,,Digital banking,Payment counterparty,party-6,,DEV-10075,Jaipur,0,0,0,0,0,0,,0,
TX-102843,SYN-10075,2026-09-26T09:10:00+05:30,3251.59,325159,in,credit,Completed,,Card,Payment counterparty,credit-line,MCH-10075,DEV-10075,Jaipur,0,0,0,0,0,0,,0,
TX-102844,SYN-10075,2026-09-26T10:00:00+05:30,3251.59,325159,out,essential,Completed,,Card,Payment counterparty,party-2,MCH-10075,DEV-10075,Jaipur,0,0,0,0,0,0,,0,
TX-102845,SYN-10075,2026-10-01T09:00:00+05:30,36164.5,3616450,in,salary,Completed,,UPI,Payment counterparty,employer,MCH-10075,DEV-10075,Jaipur,0,0,0,0,0,0,,0,
TX-102859,SYN-10075,2026-10-01T12:00:00+05:30,2130.77,213077,out,essential,Pending,2026-09-27T00:00:00+05:30,Digital banking,Payment counterparty,party-6,MCH-10075,DEV-10075,Jaipur,0,0,0,0,0,0,,0,
TX-102846,SYN-10075,2026-10-03T10:00:00+05:30,2867.71,286771,out,essential,Completed,,UPI,Payment counterparty,party-2,MCH-10075,DEV-10075,Jaipur,0,0,0,0,0,0,,0,
TX-102847,SYN-10075,2026-10-04T22:30:00+05:30,7499.89,749989,out,emi,Completed,,UPI,Payment counterparty,lender,MCH-10075,DEV-10075,Jaipur,0,0,0,0,0,0,LN-75-0,3,
TX-102848,SYN-10075,2026-10-09T10:00:00+05:30,2911.68,291168,out,essential,Completed,,UPI,Payment counterparty,party-4,MCH-10075,DEV-10075,Jaipur,0,0,0,0,0,0,,0,
TX-102849,SYN-10075,2026-10-15T10:00:00+05:30,2639.08,263908,out,essential,Completed,,Wallet,Payment counterparty,party-4,MCH-10075,DEV-10075,Jaipur,0,0,0,0,0,0,,0,
TX-102850,SYN-10075,2026-10-18T12:00:00+05:30,7575.3,757530,out,transfer,Completed,,UPI,Payment counterparty,party-6,,DEV-10075,Jaipur,0,1,0,0,0,0,,0,
TX-102851,SYN-10075,2026-10-20T12:00:00+05:30,6167.72,616772,out,transfer,Completed,,UPI,Payment counterparty,party-1,,DEV-10143,Jaipur,1,0,0,1,0,0,,0,
TX-102852,SYN-10075,2026-10-21T10:00:00+05:30,2751.6,275160,out,essential,Completed,,UPI,Payment counterparty,party-6,MCH-10075,DEV-10075,Jaipur,0,0,0,0,0,0,,0,
TX-102853,SYN-10075,2026-10-21T12:00:00+05:30,3751.52,375152,out,transfer,Completed,,UPI,Payment counterparty,party-3,,DEV-10075,Jaipur,0,0,0,0,0,0,,0,
TX-102854,SYN-10075,2026-10-26T09:10:00+05:30,2469.68,246968,in,credit,Completed,,UPI,Payment counterparty,credit-line,MCH-10075,DEV-10075,Jaipur,0,0,0,0,0,0,,0,
TX-102855,SYN-10075,2026-10-26T10:00:00+05:30,2469.68,246968,out,essential,Completed,,UPI,Payment counterparty,party-2,MCH-10075,DEV-10075,Jaipur,0,0,0,0,0,0,,0,
TX-102856,SYN-10075,2026-11-01T09:00:00+05:30,34527.1,3452710,in,salary,Completed,,UPI,Payment counterparty,employer,MCH-10075,DEV-10075,Jaipur,0,0,0,0,0,0,,0,
TX-102857,SYN-10075,2026-11-03T10:00:00+05:30,2546.54,254654,out,essential,Completed,,Digital banking,Payment counterparty,party-6,MCH-10075,DEV-10075,Jaipur,0,0,0,0,0,0,,0,
TX-102858,SYN-10075,2026-11-03T22:30:00+05:30,7499.89,749989,out,emi,Completed,,UPI,Payment counterparty,lender,MCH-10075,DEV-10075,Jaipur,0,0,0,0,0,0,LN-75-0,4,
TX-102860,SYN-10076,2026-08-01T09:00:00+05:30,41821.25,4182125,in,salary,Completed,,UPI,Payment counterparty,employer,MCH-10076,DEV-10076,Delhi,0,0,0,0,0,0,,0,
TX-102861,SYN-10076,2026-08-03T10:00:00+05:30,3339.2,333920,out,essential,Completed,,Wallet,Payment counterparty,party-5,MCH-10076,DEV-10076,Delhi,0,0,0,0,0,0,,0,
TX-102862,SYN-10076,2026-08-09T10:00:00+05:30,3435.73,343573,out,essential,Completed,,UPI,Payment counterparty,party-3,MCH-10076,DEV-10076,Delhi,0,0,0,0,0,0,,0,
TX-102863,SYN-10076,2026-08-09T12:00:00+05:30,10203.16,1020316,out,transfer,Completed,,UPI,Payment counterparty,party-2,,DEV-10143,Delhi,1,0,0,1,0,0,,0,
TX-102864,SYN-10076,2026-08-14T12:00:00+05:30,9037.52,903752,out,transfer,Completed,,UPI,Payment counterparty,party-4,,DEV-10076,Delhi,0,0,0,0,0,0,,0,
TX-102865,SYN-10076,2026-08-15T10:00:00+05:30,2938.9,293890,out,essential,Completed,,Digital banking,Payment counterparty,party-5,MCH-10076,DEV-10076,Delhi,0,0,0,0,0,0,,0,
TX-102866,SYN-10076,2026-08-21T10:00:00+05:30,2926.46,292646,out,essential,Completed,,UPI,Payment counterparty,party-4,MCH-10076,DEV-10076,Delhi,0,0,0,0,0,0,,0,
TX-102867,SYN-10076,2026-08-22T12:00:00+05:30,3112.83,311283,out,transfer,Completed,,UPI,Payment counterparty,party-4,,DEV-10076,Delhi,0,0,0,0,0,0,,0,
TX-102868,SYN-10076,2026-08-26T10:00:00+05:30,2854.63,285463,out,essential,Completed,,Digital banking,Payment counterparty,party-5,MCH-10076,DEV-10076,Delhi,0,0,0,0,0,0,,0,
TX-102869,SYN-10076,2026-08-28T22:30:00+05:30,6481.67,648167,out,emi,Completed,,UPI,Payment counterparty,lender,MCH-10076,DEV-10076,Delhi,0,0,0,0,0,0,LN-76-0,2,
TX-102870,SYN-10076,2026-09-01T09:00:00+05:30,38489.28,3848928,in,salary,Completed,,UPI,Payment counterparty,employer,MCH-10076,DEV-10076,Delhi,0,0,0,0,0,0,,0,
TX-102871,SYN-10076,2026-09-03T10:00:00+05:30,2863.71,286371,out,essential,Completed,,UPI,Payment counterparty,party-2,MCH-10076,DEV-10076,Delhi,0,0,0,0,0,0,,0,
TX-102872,SYN-10076,2026-09-09T10:00:00+05:30,2801.48,280148,out,essential,Completed,,UPI,Payment counterparty,party-4,MCH-10076,DEV-10076,Delhi,0,0,0,0,0,0,,0,
TX-102873,SYN-10076,2026-09-09T12:00:00+05:30,4287.95,428795,out,transfer,Completed,,UPI,Payment counterparty,party-3,,DEV-10076,Delhi,0,0,0,0,0,0,,0,
TX-102874,SYN-10076,2026-09-12T13:14:00+05:30,24666.47,2466647,out,transfer,Completed,,UPI,Payment counterparty,party-24,,DEV-10076,Delhi,0,0,0,0,0,0,,0,
TX-102875,SYN-10076,2026-09-12T13:22:00+05:30,24666.47,2466647,out,transfer,Completed,,UPI,Payment counterparty,party-24,,DEV-10076,Delhi,0,0,0,0,0,0,,0,
TX-102876,SYN-10076,2026-09-14T12:00:00+05:30,6214.45,621445,out,transfer,Completed,,UPI,Payment counterparty,party-2,,DEV-10076,Delhi,0,0,0,0,0,0,,0,
TX-102877,SYN-10076,2026-09-15T10:00:00+05:30,3529.5,352950,out,essential,Completed,,Card,Payment counterparty,party-1,MCH-10076,DEV-10076,Delhi,0,0,0,0,0,0,,0,
TX-102878,SYN-10076,2026-09-21T09:10:00+05:30,3372.22,337222,in,credit,Completed,,UPI,Payment counterparty,credit-line,MCH-10076,DEV-10076,Delhi,0,0,0,0,0,0,,0,
TX-102879,SYN-10076,2026-09-21T10:00:00+05:30,3417.18,341718,out,essential,Completed,,UPI,Payment counterparty,party-2,MCH-10076,DEV-10076,Delhi,0,0,0,0,0,0,,0,
TX-102880,SYN-10076,2026-09-26T09:10:00+05:30,3446.28,344628,in,credit,Completed,,Wallet,Payment counterparty,credit-line,MCH-10076,DEV-10076,Delhi,0,0,0,0,0,0,,0,
TX-102881,SYN-10076,2026-09-26T10:00:00+05:30,3446.28,344628,out,essential,Completed,,Card,Payment counterparty,party-3,MCH-10076,DEV-10076,Delhi,0,0,0,0,0,0,,0,
TX-102882,SYN-10076,2026-10-01T09:00:00+05:30,42103.04,4210304,in,salary,Completed,,Digital banking,Payment counterparty,employer,MCH-10076,DEV-10076,Delhi,0,0,0,0,0,0,,0,
TX-102897,SYN-10076,2026-10-01T12:00:00+05:30,2349.87,234987,out,essential,Pending,2026-09-27T00:00:00+05:30,UPI,Payment counterparty,party-2,MCH-10076,DEV-10076,Delhi,0,0,0,0,0,0,,0,
TX-102883,SYN-10076,2026-10-03T10:00:00+05:30,3105.6,310560,out,essential,Completed,,UPI,Payment counterparty,party-1,MCH-10076,DEV-10076,Delhi,0,0,0,0,0,0,,0,
TX-102884,SYN-10076,2026-10-04T22:30:00+05:30,6481.67,648167,out,emi,Completed,,Wallet,Payment counterparty,lender,MCH-10076,DEV-10076,Delhi,0,0,0,0,0,0,LN-76-0,3,
TX-102885,SYN-10076,2026-10-09T10:00:00+05:30,2812.73,281273,out,essential,Completed,,UPI,Payment counterparty,party-6,MCH-10076,DEV-10076,Delhi,0,0,0,0,0,0,,0,
TX-102886,SYN-10076,2026-10-09T12:00:00+05:30,5297.08,529708,out,transfer,Completed,,Wallet,Payment counterparty,party-5,,DEV-10076,Delhi,0,1,0,0,0,0,,0,
TX-102887,SYN-10076,2026-10-14T12:00:00+05:30,1317.51,131751,out,transfer,Completed,,UPI,Payment counterparty,party-3,,DEV-10076,Delhi,0,0,0,0,0,0,,0,
TX-102888,SYN-10076,2026-10-15T10:00:00+05:30,3159.13,315913,out,essential,Completed,,UPI,Payment counterparty,party-4,MCH-10076,DEV-10076,Delhi,0,0,0,0,0,0,,0,
TX-102889,SYN-10076,2026-10-21T10:00:00+05:30,3383.03,338303,out,essential,Completed,,Digital banking,Payment counterparty,party-6,MCH-10076,DEV-10076,Delhi,0,0,0,0,0,0,,0,
TX-102890,SYN-10076,2026-10-22T12:00:00+05:30,8762.7,876270,out,transfer,Completed,,Digital banking,Payment counterparty,party-2,,DEV-10076,Delhi,0,0,0,0,0,0,,0,
TX-102891,SYN-10076,2026-10-26T10:00:00+05:30,2882.96,288296,out,essential,Completed,,UPI,Payment counterparty,party-6,MCH-10076,DEV-10076,Delhi,0,0,0,0,0,0,,0,
TX-102892,SYN-10076,2026-10-28T22:30:00+05:30,1342.99,134299,out,emi,Completed,,UPI,Payment counterparty,lender,MCH-10076,DEV-10076,Delhi,0,0,0,0,0,0,LN-76-0,4,
TX-102893,SYN-10076,2026-10-31T22:30:00+05:30,105.38,10538,out,emi,Completed,,UPI,Payment counterparty,lender,MCH-10076,DEV-10076,Delhi,0,0,0,0,0,0,LN-76-0,4,
TX-102894,SYN-10076,2026-11-01T09:00:00+05:30,37348.39,3734839,in,salary,Completed,,Wallet,Payment counterparty,employer,MCH-10076,DEV-10076,Delhi,0,0,0,0,0,0,,0,
TX-102895,SYN-10076,2026-11-03T10:00:00+05:30,2964.34,296434,out,essential,Completed,,UPI,Payment counterparty,party-1,MCH-10076,DEV-10076,Delhi,0,0,0,0,0,0,,0,
TX-102896,SYN-10076,2026-11-03T22:30:00+05:30,5033.3,503330,out,emi,Completed,,Digital banking,Payment counterparty,lender,MCH-10076,DEV-10076,Delhi,0,0,0,0,0,0,LN-76-0,4,
TX-102898,SYN-10077,2026-08-03T10:00:00+05:30,10351.17,1035117,out,essential,Completed,,UPI,Payment counterparty,party-5,MCH-10077,DEV-10077,Mumbai,0,0,0,0,0,0,,0,
TX-102899,SYN-10077,2026-08-09T10:00:00+05:30,10857.37,1085737,out,essential,Completed,,Digital banking,Payment counterparty,party-5,MCH-10077,DEV-10077,Mumbai,0,0,0,0,0,0,,0,
TX-102900,SYN-10077,2026-08-13T12:00:00+05:30,4843.72,484372,out,transfer,Completed,,Digital banking,Payment counterparty,party-6,,DEV-10143,Mumbai,1,0,0,1,0,0,,0,
TX-102901,SYN-10077,2026-08-14T12:00:00+05:30,1118.53,111853,out,transfer,Completed,,UPI,Payment counterparty,party-6,,DEV-10143,Mumbai,1,1,0,0,0,0,,0,
TX-102902,SYN-10077,2026-08-15T10:00:00+05:30,9907.36,990736,out,essential,Completed,,UPI,Payment counterparty,party-3,MCH-10077,DEV-10077,Mumbai,0,0,0,0,0,0,,0,
TX-102903,SYN-10077,2026-08-21T10:00:00+05:30,9885.67,988567,out,essential,Completed,,Digital banking,Payment counterparty,party-5,MCH-10077,DEV-10077,Mumbai,0,0,0,0,0,0,,0,
TX-102904,SYN-10077,2026-08-25T12:00:00+05:30,2882.73,288273,out,transfer,Completed,,Digital banking,Payment counterparty,party-1,,DEV-10143,Mumbai,1,0,0,0,0,0,,0,
TX-102905,SYN-10077,2026-08-26T09:10:00+05:30,8580.68,858068,in,credit,Completed,,UPI,Payment counterparty,credit-line,MCH-10077,DEV-10077,Mumbai,0,0,0,0,0,0,,0,
TX-102906,SYN-10077,2026-08-26T10:00:00+05:30,9619.71,961971,out,essential,Completed,,UPI,Payment counterparty,party-1,MCH-10077,DEV-10077,Mumbai,0,0,0,0,0,0,,0,
TX-102907,SYN-10077,2026-08-28T09:00:00+05:30,97714.3,9771430,in,salary,Completed,,Digital banking,Payment counterparty,employer,MCH-10077,DEV-10077,Mumbai,0,0,0,0,0,0,,0,
TX-102908,SYN-10077,2026-08-29T22:30:00+05:30,25855.95,2585595,out,emi,Completed,,UPI,Payment counterparty,lender,MCH-10077,DEV-10077,Mumbai,0,0,0,0,0,0,LN-77-0,2,
TX-102909,SYN-10077,2026-09-03T10:00:00+05:30,9942.18,994218,out,essential,Completed,,UPI,Payment counterparty,party-4,MCH-10077,DEV-10077,Mumbai,0,0,0,0,0,0,,0,
TX-102910,SYN-10077,2026-09-09T10:00:00+05:30,9705.1,970510,out,essential,Completed,,Digital banking,Payment counterparty,party-5,MCH-10077,DEV-10077,Mumbai,0,0,0,0,0,0,,0,
TX-102911,SYN-10077,2026-09-13T12:00:00+05:30,1633.58,163358,out,transfer,Completed,,Digital banking,Payment counterparty,party-3,,DEV-10143,Mumbai,1,0,0,1,0,0,,0,
TX-102912,SYN-10077,2026-09-14T12:00:00+05:30,1742.35,174235,out,transfer,Completed,,Digital banking,Payment counterparty,party-3,,DEV-10143,Mumbai,1,1,0,0,0,0,,0,
TX-102913,SYN-10077,2026-09-15T10:00:00+05:30,9329.64,932964,out,essential,Completed,,UPI,Payment counterparty,party-5,MCH-10077,DEV-10077,Mumbai,0,0,0,0,0,0,,0,
TX-102914,SYN-10077,2026-09-20T17:52:00+05:30,1524.09,152409,out,transfer,Completed,,Digital banking,Payment counterparty,party-11,,DEV-10143,Mumbai,1,0,0,1,0,0,,0,
TX-102915,SYN-10077,2026-09-20T18:02:00+05:30,1524.09,152409,out,transfer,Completed,,Card,Payment counterparty,party-11,,DEV-10143,Mumbai,1,0,0,0,0,0,,0,
TX-102916,SYN-10077,2026-09-20T18:10:00+05:30,1524.09,152409,out,transfer,Completed,,UPI,Payment counterparty,party-11,,DEV-10143,Mumbai,1,0,0,0,0,0,,0,
TX-102917,SYN-10077,2026-09-21T10:00:00+05:30,9960.06,996006,out,essential,Completed,,UPI,Payment counterparty,party-4,MCH-10077,DEV-10077,Mumbai,0,0,0,0,0,0,,0,
TX-102918,SYN-10077,2026-09-25T12:00:00+05:30,11537.41,1153741,out,transfer,Completed,,UPI,Payment counterparty,party-5,,DEV-10143,Mumbai,1,0,0,1,0,0,,0,
TX-102919,SYN-10077,2026-09-26T10:00:00+05:30,10844.73,1084473,out,essential,Completed,,UPI,Payment counterparty,party-3,MCH-10077,DEV-10077,Mumbai,0,0,0,0,0,0,,0,
TX-102920,SYN-10077,2026-09-26T12:00:00+05:30,1368.99,136899,out,transfer,Completed,,Digital banking,Payment counterparty,party-5,,DEV-10143,Mumbai,1,0,0,1,0,0,,0,
TX-102921,SYN-10077,2026-09-28T09:00:00+05:30,93591.44,9359144,in,salary,Completed,,UPI,Payment counterparty,employer,MCH-10077,DEV-10077,Mumbai,0,0,0,0,0,0,,0,
TX-102922,SYN-10077,2026-09-29T22:30:00+05:30,25855.95,2585595,out,emi,Completed,,Card,Payment counterparty,lender,MCH-10077,DEV-10077,Mumbai,0,0,0,0,0,0,LN-77-0,3,
TX-102936,SYN-10077,2026-10-01T12:00:00+05:30,7248.74,724874,out,essential,Pending,2026-09-27T00:00:00+05:30,UPI,Payment counterparty,party-1,MCH-10077,DEV-10077,Mumbai,0,0,0,0,0,0,,0,
TX-102923,SYN-10077,2026-10-03T10:00:00+05:30,10127.21,1012721,out,essential,Completed,,Digital banking,Payment counterparty,party-4,MCH-10077,DEV-10077,Mumbai,0,0,0,0,0,0,,0,
TX-102924,SYN-10077,2026-10-09T10:00:00+05:30,8418.99,841899,out,essential,Completed,,UPI,Payment counterparty,party-2,MCH-10077,DEV-10077,Mumbai,0,0,0,0,0,0,,0,
TX-102925,SYN-10077,2026-10-13T12:00:00+05:30,1253.37,125337,out,transfer,Completed,,Digital banking,Payment counterparty,party-2,,DEV-10143,Mumbai,1,0,0,0,0,0,,0,
TX-102926,SYN-10077,2026-10-14T12:00:00+05:30,5766.01,576601,out,transfer,Completed,,UPI,Payment counterparty,party-3,,DEV-10143,Mumbai,1,1,0,1,0,0,,0,
TX-102927,SYN-10077,2026-10-15T10:00:00+05:30,10469.15,1046915,out,essential,Completed,,Wallet,Payment counterparty,party-3,MCH-10077,DEV-10077,Mumbai,0,0,0,0,0,0,,0,
TX-102928,SYN-10077,2026-10-21T10:00:00+05:30,9483.84,948384,out,essential,Completed,,Card,Payment counterparty,party-3,MCH-10077,DEV-10077,Mumbai,0,0,0,0,0,0,,0,
TX-102929,SYN-10077,2026-10-25T12:00:00+05:30,864.99,86499,out,transfer,Completed,,Digital banking,Payment counterparty,party-6,,DEV-10143,Mumbai,1,0,0,0,0,0,,0,
TX-102930,SYN-10077,2026-10-26T10:00:00+05:30,9148.1,914810,out,essential,Completed,,Digital banking,Payment counterparty,party-4,MCH-10077,DEV-10077,Mumbai,0,0,0,0,0,0,,0,
TX-102931,SYN-10077,2026-10-26T12:00:00+05:30,1953.52,195352,out,transfer,Completed,,UPI,Payment counterparty,party-1,,DEV-10143,Mumbai,1,0,0,0,0,0,,0,
TX-102932,SYN-10077,2026-10-26T22:30:00+05:30,960.8,96080,out,emi,Completed,,UPI,Payment counterparty,lender,MCH-10077,DEV-10077,Mumbai,0,0,0,0,0,0,LN-77-0,4,
TX-102933,SYN-10077,2026-10-28T09:00:00+05:30,87056.2,8705620,in,salary,Completed,,Digital banking,Payment counterparty,employer,MCH-10077,DEV-10077,Mumbai,0,0,0,0,0,0,,0,
TX-102934,SYN-10077,2026-10-29T22:30:00+05:30,24895.15,2489515,out,emi,Completed,,Wallet,Payment counterparty,lender,MCH-10077,DEV-10077,Mumbai,0,0,0,0,0,0,LN-77-0,4,
TX-102935,SYN-10077,2026-11-03T10:00:00+05:30,10990.61,1099061,out,essential,Completed,,UPI,Payment counterparty,party-2,MCH-10077,DEV-10077,Mumbai,0,0,0,0,0,0,,0,
TX-102937,SYN-10078,2026-08-03T10:00:00+05:30,14730.7,1473070,out,essential,Completed,,Digital banking,Payment counterparty,party-6,MCH-10078,DEV-10078,Bengaluru,0,0,0,0,0,0,,0,
TX-102938,SYN-10078,2026-08-09T10:00:00+05:30,15106.68,1510668,out,essential,Completed,,Wallet,Payment counterparty,party-3,MCH-10078,DEV-10078,Bengaluru,0,0,0,0,0,0,,0,
TX-102939,SYN-10078,2026-08-14T12:00:00+05:30,2101.11,210111,out,transfer,Completed,,Card,Payment counterparty,party-5,,DEV-10078,Bengaluru,0,0,0,0,0,0,,0,
TX-102940,SYN-10078,2026-08-15T09:10:00+05:30,13048.74,1304874,in,credit,Completed,,Card,Payment counterparty,credit-line,MCH-10078,DEV-10078,Bengaluru,0,0,0,0,0,0,,0,
TX-102941,SYN-10078,2026-08-15T10:00:00+05:30,13741.85,1374185,out,essential,Completed,,Card,Payment counterparty,party-3,MCH-10078,DEV-10078,Bengaluru,0,0,0,0,0,0,,0,
TX-102942,SYN-10078,2026-08-21T09:10:00+05:30,14200.84,1420084,in,credit,Completed,,UPI,Payment counterparty,credit-line,MCH-10078,DEV-10078,Bengaluru,0,0,0,0,0,0,,0,
TX-102943,SYN-10078,2026-08-21T10:00:00+05:30,14200.84,1420084,out,essential,Completed,,UPI,Payment counterparty,party-4,MCH-10078,DEV-10078,Bengaluru,0,0,0,0,0,0,,0,
TX-102944,SYN-10078,2026-08-26T09:10:00+05:30,15163.23,1516323,in,credit,Completed,,Wallet,Payment counterparty,credit-line,MCH-10078,DEV-10078,Bengaluru,0,0,0,0,0,0,,0,
TX-102945,SYN-10078,2026-08-26T10:00:00+05:30,15163.23,1516323,out,essential,Completed,,UPI,Payment counterparty,party-1,MCH-10078,DEV-10078,Bengaluru,0,0,0,0,0,0,,0,
TX-102946,SYN-10078,2026-08-28T09:00:00+05:30,105674.36,10567436,in,salary,Completed,,Card,Payment counterparty,employer,MCH-10078,DEV-10078,Bengaluru,0,0,0,0,0,0,,0,
TX-102947,SYN-10078,2026-08-28T22:30:00+05:30,70181.4,7018140,out,emi,Completed,,UPI,Payment counterparty,lender,MCH-10078,DEV-10078,Bengaluru,0,0,0,0,0,0,LN-78-0,2,
TX-102948,SYN-10078,2026-09-03T10:00:00+05:30,14969.45,1496945,out,essential,Completed,,UPI,Payment counterparty,party-2,MCH-10078,DEV-10078,Bengaluru,0,0,0,0,0,0,,0,
TX-102949,SYN-10078,2026-09-09T10:00:00+05:30,13677.39,1367739,out,essential,Completed,,UPI,Payment counterparty,party-2,MCH-10078,DEV-10078,Bengaluru,0,0,0,0,0,0,,0,
TX-102950,SYN-10078,2026-09-09T16:24:00+05:30,3795.05,379505,out,transfer,Completed,,Digital banking,Payment counterparty,party-18,,DEV-10143,Bengaluru,1,1,0,0,1,4,,0,
TX-102951,SYN-10078,2026-09-14T12:00:00+05:30,3051.07,305107,out,transfer,Completed,,UPI,Payment counterparty,party-3,,DEV-10078,Bengaluru,0,0,0,0,0,0,,0,
TX-102952,SYN-10078,2026-09-15T09:10:00+05:30,13431.52,1343152,in,credit,Completed,,UPI,Payment counterparty,credit-line,MCH-10078,DEV-10078,Bengaluru,0,0,0,0,0,0,,0,
TX-102953,SYN-10078,2026-09-15T10:00:00+05:30,13431.52,1343152,out,essential,Completed,,Card,Payment counterparty,party-6,MCH-10078,DEV-10078,Bengaluru,0,0,0,0,0,0,,0,
TX-102954,SYN-10078,2026-09-21T09:10:00+05:30,12460.37,1246037,in,credit,Completed,,UPI,Payment counterparty,credit-line,MCH-10078,DEV-10078,Bengaluru,0,0,0,0,0,0,,0,
TX-102955,SYN-10078,2026-09-21T10:00:00+05:30,12460.37,1246037,out,essential,Completed,,UPI,Payment counterparty,party-6,MCH-10078,DEV-10078,Bengaluru,0,0,0,0,0,0,,0,
TX-102956,SYN-10078,2026-09-26T09:10:00+05:30,14260.34,1426034,in,credit,Completed,,UPI,Payment counterparty,credit-line,MCH-10078,DEV-10078,Bengaluru,0,0,0,0,0,0,,0,
TX-102957,SYN-10078,2026-09-26T10:00:00+05:30,14260.34,1426034,out,essential,Completed,,UPI,Payment counterparty,party-3,MCH-10078,DEV-10078,Bengaluru,0,0,0,0,0,0,,0,
TX-102958,SYN-10078,2026-09-28T09:00:00+05:30,38594.36,3859436,in,salary,Completed,,Card,Payment counterparty,employer,MCH-10078,DEV-10078,Bengaluru,0,0,0,0,0,0,,0,
TX-102959,SYN-10078,2026-09-28T22:30:00+05:30,14243.19,1424319,out,emi,Completed,,UPI,Payment counterparty,lender,MCH-10078,DEV-10078,Bengaluru,0,0,0,0,0,0,LN-78-0,3,
TX-102975,SYN-10078,2026-10-01T12:00:00+05:30,10006.16,1000616,out,essential,Pending,2026-09-27T00:00:00+05:30,UPI,Payment counterparty,party-5,MCH-10078,DEV-10078,Bengaluru,0,0,0,0,0,0,,0,
TX-102960,SYN-10078,2026-10-01T22:30:00+05:30,7619.09,761909,out,emi,Completed,,UPI,Payment counterparty,lender,MCH-10078,DEV-10078,Bengaluru,0,0,0,0,0,0,LN-78-0,3,
TX-102961,SYN-10078,2026-10-03T10:00:00+05:30,13929.0,1392900,out,essential,Completed,,UPI,Payment counterparty,party-6,MCH-10078,DEV-10078,Bengaluru,0,0,0,0,0,0,,0,
TX-102962,SYN-10078,2026-10-09T09:10:00+05:30,12258.37,1225837,in,credit,Completed,,UPI,Payment counterparty,credit-line,MCH-10078,DEV-10078,Bengaluru,0,0,0,0,0,0,,0,
TX-102963,SYN-10078,2026-10-09T10:00:00+05:30,15061.45,1506145,out,essential,Completed,,UPI,Payment counterparty,party-3,MCH-10078,DEV-10078,Bengaluru,0,0,0,0,0,0,,0,
TX-102964,SYN-10078,2026-10-15T09:10:00+05:30,12575.12,1257512,in,credit,Completed,,UPI,Payment counterparty,credit-line,MCH-10078,DEV-10078,Bengaluru,0,0,0,0,0,0,,0,
TX-102965,SYN-10078,2026-10-15T10:00:00+05:30,12575.12,1257512,out,essential,Completed,,UPI,Payment counterparty,party-3,MCH-10078,DEV-10078,Bengaluru,0,0,0,0,0,0,,0,
TX-102966,SYN-10078,2026-10-21T09:10:00+05:30,11406.43,1140643,in,credit,Completed,,UPI,Payment counterparty,credit-line,MCH-10078,DEV-10078,Bengaluru,0,0,0,0,0,0,,0,
TX-102967,SYN-10078,2026-10-21T10:00:00+05:30,11406.43,1140643,out,essential,Completed,,UPI,Payment counterparty,party-4,MCH-10078,DEV-10078,Bengaluru,0,0,0,0,0,0,,0,
TX-102968,SYN-10078,2026-10-26T09:10:00+05:30,1239.88,123988,in,credit,Completed,,Card,Payment counterparty,credit-line,MCH-10078,DEV-10078,Bengaluru,0,0,0,0,0,0,,0,
TX-102969,SYN-10078,2026-10-26T10:00:00+05:30,1239.88,123988,out,essential,Completed,,Digital banking,Payment counterparty,party-5,MCH-10078,DEV-10078,Bengaluru,0,0,0,0,0,0,,0,
TX-102970,SYN-10078,2026-10-28T09:00:00+05:30,63712.53,6371253,in,salary,Completed,,UPI,Payment counterparty,employer,MCH-10078,DEV-10078,Bengaluru,0,0,0,0,0,0,,0,
TX-102971,SYN-10078,2026-10-28T22:30:00+05:30,37375.96,3737596,out,emi,Completed,,UPI,Payment counterparty,lender,MCH-10078,DEV-10078,Bengaluru,0,0,0,0,0,0,LN-78-0,3,
TX-102972,SYN-10078,2026-10-28T22:30:00+05:30,7939.79,793979,out,emi,Completed,,UPI,Payment counterparty,lender,MCH-10078,DEV-10078,Bengaluru,0,0,0,0,0,0,LN-78-0,4,
TX-102973,SYN-10078,2026-10-31T22:30:00+05:30,4245.67,424567,out,emi,Completed,,UPI,Payment counterparty,lender,MCH-10078,DEV-10078,Bengaluru,0,0,0,0,0,0,LN-78-0,3,
TX-102974,SYN-10078,2026-11-03T10:00:00+05:30,14151.11,1415111,out,essential,Completed,,Digital banking,Payment counterparty,party-1,MCH-10078,DEV-10078,Bengaluru,0,0,0,0,0,0,,0,
TX-102976,SYN-10079,2026-08-01T09:00:00+05:30,134014.0,13401400,in,salary,Completed,,UPI,Payment counterparty,employer,MCH-10079,DEV-10079,Jaipur,0,0,0,0,0,0,,0,
TX-102977,SYN-10079,2026-08-03T10:00:00+05:30,15009.44,1500944,out,essential,Completed,,UPI,Payment counterparty,party-1,MCH-10079,DEV-10079,Jaipur,0,0,0,0,0,0,,0,
TX-102978,SYN-10079,2026-08-03T12:00:00+05:30,11596.98,1159698,out,transfer,Completed,,Card,Payment counterparty,party-2,,DEV-10079,Jaipur,0,1,0,0,0,0,,0,
TX-102979,SYN-10079,2026-08-09T10:00:00+05:30,16843.49,1684349,out,essential,Completed,,Card,Payment counterparty,party-1,MCH-10079,DEV-10079,Jaipur,0,0,0,0,0,0,,0,
TX-102980,SYN-10079,2026-08-15T10:00:00+05:30,15493.74,1549374,out,essential,Completed,,UPI,Payment counterparty,party-5,MCH-10079,DEV-10079,Jaipur,0,0,0,0,0,0,,0,
TX-102981,SYN-10079,2026-08-21T10:00:00+05:30,13918.9,1391890,out,essential,Completed,,Card,Payment counterparty,party-3,MCH-10079,DEV-10079,Jaipur,0,0,0,0,0,0,,0,
TX-102982,SYN-10079,2026-08-24T12:00:00+05:30,2667.55,266755,out,transfer,Completed,,UPI,Payment counterparty,party-2,,DEV-10079,Jaipur,0,0,0,0,0,0,,0,
TX-102983,SYN-10079,2026-08-25T22:30:00+05:30,33629.28,3362928,out,emi,Completed,,UPI,Payment counterparty,lender,MCH-10079,DEV-10079,Jaipur,0,0,0,0,0,0,LN-79-0,2,
TX-102984,SYN-10079,2026-08-26T10:00:00+05:30,18193.74,1819374,out,essential,Completed,,Digital banking,Payment counterparty,party-2,MCH-10079,DEV-10079,Jaipur,0,0,0,0,0,0,,0,
TX-102985,SYN-10079,2026-09-03T10:00:00+05:30,18503.42,1850342,out,essential,Completed,,UPI,Payment counterparty,party-3,MCH-10079,DEV-10079,Jaipur,0,0,0,0,0,0,,0,
TX-102986,SYN-10079,2026-09-03T12:00:00+05:30,12067.22,1206722,out,transfer,Completed,,Digital banking,Payment counterparty,party-4,,DEV-10079,Jaipur,0,0,0,0,0,0,,0,
TX-102987,SYN-10079,2026-09-09T10:00:00+05:30,17226.44,1722644,out,essential,Completed,,UPI,Payment counterparty,party-6,MCH-10079,DEV-10079,Jaipur,0,0,0,0,0,0,,0,
TX-102988,SYN-10079,2026-09-15T10:00:00+05:30,14582.58,1458258,out,essential,Completed,,Card,Payment counterparty,party-6,MCH-10079,DEV-10079,Jaipur,0,0,0,0,0,0,,0,
TX-102989,SYN-10079,2026-09-15T13:46:00+05:30,9714.18,971418,out,transfer,Completed,,UPI,Payment counterparty,party-9,,DEV-10143,Jaipur,1,0,0,0,0,0,,0,
TX-102990,SYN-10079,2026-09-15T13:51:00+05:30,9714.18,971418,out,transfer,Completed,,Card,Payment counterparty,party-9,,DEV-10143,Jaipur,1,0,0,0,0,0,,0,
TX-102991,SYN-10079,2026-09-15T14:00:00+05:30,9714.18,971418,out,transfer,Completed,,UPI,Payment counterparty,party-9,,DEV-10143,Jaipur,1,0,0,1,0,0,,0,
TX-102992,SYN-10079,2026-09-21T10:00:00+05:30,15672.09,1567209,out,essential,Completed,,UPI,Payment counterparty,party-6,MCH-10079,DEV-10079,Jaipur,0,0,0,0,0,0,,0,
TX-102993,SYN-10079,2026-09-24T12:00:00+05:30,7986.62,798662,out,transfer,Completed,,Digital banking,Payment counterparty,party-4,,DEV-10079,Jaipur,0,0,0,0,0,0,,0,
TX-102994,SYN-10079,2026-09-26T09:10:00+05:30,2414.29,241429,in,credit,Completed,,Digital banking,Payment counterparty,credit-line,MCH-10079,DEV-10079,Jaipur,0,0,0,0,0,0,,0,
TX-102995,SYN-10079,2026-09-26T10:00:00+05:30,14603.2,1460320,out,essential,Completed,,UPI,Payment counterparty,party-6,MCH-10079,DEV-10079,Jaipur,0,0,0,0,0,0,,0,
TX-102996,SYN-10079,2026-10-01T09:00:00+05:30,66138.06,6613806,in,salary,Completed,,UPI,Payment counterparty,employer,MCH-10079,DEV-10079,Jaipur,0,0,0,0,0,0,,0,
TX-103012,SYN-10079,2026-10-01T12:00:00+05:30,12095.98,1209598,out,essential,Pending,2026-09-27T00:00:00+05:30,Card,Payment counterparty,party-3,MCH-10079,DEV-10079,Jaipur,0,0,0,0,0,0,,0,
TX-102997,SYN-10079,2026-10-01T22:30:00+05:30,33629.28,3362928,out,emi,Completed,,UPI,Payment counterparty,lender,MCH-10079,DEV-10079,Jaipur,0,0,0,0,0,0,LN-79-0,3,
TX-102998,SYN-10079,2026-10-03T10:00:00+05:30,14783.22,1478322,out,essential,Completed,,UPI,Payment counterparty,party-3,MCH-10079,DEV-10079,Jaipur,0,0,0,0,0,0,,0,
TX-102999,SYN-10079,2026-10-03T12:00:00+05:30,3671.64,367164,out,transfer,Completed,,UPI,Payment counterparty,party-5,,DEV-10079,Jaipur,0,1,0,0,0,0,,0,
TX-103000,SYN-10079,2026-10-09T09:10:00+05:30,1366.45,136645,in,credit,Completed,,UPI,Payment counterparty,credit-line,MCH-10079,DEV-10079,Jaipur,0,0,0,0,0,0,,0,
TX-103001,SYN-10079,2026-10-09T10:00:00+05:30,15420.37,1542037,out,essential,Completed,,Card,Payment counterparty,party-3,MCH-10079,DEV-10079,Jaipur,0,0,0,0,0,0,,0,
TX-103002,SYN-10079,2026-10-15T09:10:00+05:30,14859.86,1485986,in,credit,Completed,,UPI,Payment counterparty,credit-line,MCH-10079,DEV-10079,Jaipur,0,0,0,0,0,0,,0,
TX-103003,SYN-10079,2026-10-15T10:00:00+05:30,14859.86,1485986,out,essential,Completed,,UPI,Payment counterparty,party-1,MCH-10079,DEV-10079,Jaipur,0,0,0,0,0,0,,0,
TX-103004,SYN-10079,2026-10-21T09:10:00+05:30,18470.81,1847081,in,credit,Completed,,UPI,Payment counterparty,credit-line,MCH-10079,DEV-10079,Jaipur,0,0,0,0,0,0,,0,
TX-103005,SYN-10079,2026-10-21T10:00:00+05:30,18470.81,1847081,out,essential,Completed,,UPI,Payment counterparty,party-3,MCH-10079,DEV-10079,Jaipur,0,0,0,0,0,0,,0,
TX-103006,SYN-10079,2026-10-26T09:10:00+05:30,15817.3,1581730,in,credit,Completed,,UPI,Payment counterparty,credit-line,MCH-10079,DEV-10079,Jaipur,0,0,0,0,0,0,,0,
TX-103007,SYN-10079,2026-10-26T10:00:00+05:30,15817.3,1581730,out,essential,Completed,,UPI,Payment counterparty,party-4,MCH-10079,DEV-10079,Jaipur,0,0,0,0,0,0,,0,
TX-103008,SYN-10079,2026-11-01T09:00:00+05:30,74338.65,7433865,in,salary,Completed,,Card,Payment counterparty,employer,MCH-10079,DEV-10079,Jaipur,0,0,0,0,0,0,,0,
TX-103009,SYN-10079,2026-11-03T10:00:00+05:30,13865.05,1386505,out,essential,Completed,,UPI,Payment counterparty,party-6,MCH-10079,DEV-10079,Jaipur,0,0,0,0,0,0,,0,
TX-103010,SYN-10079,2026-11-03T12:00:00+05:30,11859.34,1185934,out,transfer,Completed,,UPI,Payment counterparty,party-4,,DEV-10079,Jaipur,0,1,0,0,0,0,,0,
TX-103011,SYN-10079,2026-11-03T22:30:00+05:30,26501.26,2650126,out,emi,Completed,,UPI,Payment counterparty,lender,MCH-10079,DEV-10079,Jaipur,0,0,0,0,0,0,LN-79-0,4,
TX-103013,SYN-10080,2026-08-01T09:00:00+05:30,84381.97,8438197,in,salary,Completed,,Card,Payment counterparty,employer,MCH-10080,DEV-10080,Delhi,0,0,0,0,0,0,,0,
TX-103014,SYN-10080,2026-08-03T10:00:00+05:30,9276.33,927633,out,essential,Completed,,UPI,Payment counterparty,party-6,MCH-10080,DEV-10080,Delhi,0,0,0,0,0,0,,0,
TX-103015,SYN-10080,2026-08-09T10:00:00+05:30,8957.48,895748,out,essential,Completed,,Card,Payment counterparty,party-1,MCH-10080,DEV-10080,Delhi,0,0,0,0,0,0,,0,
TX-103016,SYN-10080,2026-08-15T10:00:00+05:30,8681.53,868153,out,essential,Completed,,UPI,Payment counterparty,party-1,MCH-10080,DEV-10080,Delhi,0,0,0,0,0,0,,0,
TX-103017,SYN-10080,2026-08-19T12:00:00+05:30,2214.86,221486,out,transfer,Completed,,Digital banking,Payment counterparty,party-4,,DEV-10080,Delhi,0,0,0,0,0,0,,0,
TX-103018,SYN-10080,2026-08-20T12:00:00+05:30,5277.13,527713,out,transfer,Completed,,UPI,Payment counterparty,party-1,,DEV-10080,Delhi,0,1,0,0,0,0,,0,
TX-103019,SYN-10080,2026-08-21T10:00:00+05:30,9352.12,935212,out,essential,Completed,,UPI,Payment counterparty,party-2,MCH-10080,DEV-10080,Delhi,0,0,0,0,0,0,,0,
TX-103020,SYN-10080,2026-08-26T10:00:00+05:30,7488.25,748825,out,essential,Completed,,Card,Payment counterparty,party-5,MCH-10080,DEV-10080,Delhi,0,0,0,0,0,0,,0,
TX-103021,SYN-10080,2026-09-01T09:00:00+05:30,43598.89,4359889,in,salary,Completed,,UPI,Payment counterparty,employer,MCH-10080,DEV-10080,Delhi,0,0,0,0,0,0,,0,
TX-103022,SYN-10080,2026-09-03T10:00:00+05:30,7887.88,788788,out,essential,Completed,,UPI,Payment counterparty,party-1,MCH-10080,DEV-10080,Delhi,0,0,0,0,0,0,,0,
TX-103023,SYN-10080,2026-09-09T10:00:00+05:30,8675.7,867570,out,essential,Completed,,UPI,Payment counterparty,party-1,MCH-10080,DEV-10080,Delhi,0,0,0,0,0,0,,0,
TX-103024,SYN-10080,2026-09-13T16:13:00+05:30,21713.5,2171350,out,transfer,Completed,,UPI,Payment counterparty,party-27,,DEV-10144,Delhi,1,1,0,0,0,0,,0,
TX-103025,SYN-10080,2026-09-13T16:20:00+05:30,21713.5,2171350,out,transfer,Completed,,UPI,Payment counterparty,party-27,,DEV-10144,Delhi,1,1,0,0,0,0,,0,
TX-103026,SYN-10080,2026-09-15T10:00:00+05:30,8487.8,848780,out,essential,Completed,,Card,Payment counterparty,party-6,MCH-10080,DEV-10080,Delhi,0,0,0,0,0,0,,0,
TX-103027,SYN-10080,2026-09-15T17:38:00+05:30,32793.58,3279358,out,transfer,Completed,,Card,Payment counterparty,party-25,,DEV-10144,Delhi,1,1,0,0,1,1,,0,
TX-103028,SYN-10080,2026-09-15T17:48:00+05:30,32793.58,3279358,out,transfer,Completed,,UPI,Payment counterparty,party-25,,DEV-10144,Delhi,1,1,0,0,1,3,,0,
TX-103029,SYN-10080,2026-09-15T17:56:00+05:30,32793.58,3279358,out,transfer,Completed,,UPI,Payment counterparty,party-25,,DEV-10144,Delhi,1,1,0,0,1,1,,0,
TX-103030,SYN-10080,2026-09-19T12:00:00+05:30,4965.97,496597,out,transfer,Completed,,UPI,Payment counterparty,party-4,,DEV-10080,Delhi,0,1,0,0,0,0,,0,
TX-103031,SYN-10080,2026-09-20T12:00:00+05:30,3225.6,322560,out,transfer,Completed,,UPI,Payment counterparty,party-1,,DEV-10080,Delhi,0,0,0,0,0,0,,0,
TX-103032,SYN-10080,2026-09-21T10:00:00+05:30,9778.85,977885,out,essential,Completed,,UPI,Payment counterparty,party-1,MCH-10080,DEV-10080,Delhi,0,0,0,0,0,0,,0,
TX-103033,SYN-10080,2026-09-26T10:00:00+05:30,9802.27,980227,out,essential,Completed,,UPI,Payment counterparty,party-4,MCH-10080,DEV-10080,Delhi,0,0,0,0,0,0,,0,
TX-103034,SYN-10080,2026-10-01T09:00:00+05:30,13348.84,1334884,in,salary,Completed,,UPI,Payment counterparty,employer,MCH-10080,DEV-10080,Delhi,0,0,0,0,0,0,,0,
TX-103035,SYN-10080,2026-10-03T10:00:00+05:30,9691.86,969186,out,essential,Completed,,UPI,Payment counterparty,party-3,MCH-10080,DEV-10080,Delhi,0,0,0,0,0,0,,0,
TX-103036,SYN-10080,2026-10-09T10:00:00+05:30,9204.18,920418,out,essential,Completed,,UPI,Payment counterparty,party-5,MCH-10080,DEV-10080,Delhi,0,0,0,0,0,0,,0,
TX-103037,SYN-10080,2026-10-15T09:10:00+05:30,7758.92,775892,in,credit,Completed,,UPI,Payment counterparty,credit-line,MCH-10080,DEV-10080,Delhi,0,0,0,0,0,0,,0,
TX-103038,SYN-10080,2026-10-15T10:00:00+05:30,9050.97,905097,out,essential,Completed,,UPI,Payment counterparty,party-2,MCH-10080,DEV-10080,Delhi,0,0,0,0,0,0,,0,
TX-103039,SYN-10080,2026-10-21T09:10:00+05:30,8279.41,827941,in,credit,Completed,,UPI,Payment counterparty,credit-line,MCH-10080,DEV-10080,Delhi,0,0,0,0,0,0,,0,
TX-103040,SYN-10080,2026-10-21T10:00:00+05:30,8279.41,827941,out,essential,Completed,,Card,Payment counterparty,party-2,MCH-10080,DEV-10080,Delhi,0,0,0,0,0,0,,0,
TX-103041,SYN-10080,2026-10-26T09:10:00+05:30,7575.6,757560,in,credit,Completed,,UPI,Payment counterparty,credit-line,MCH-10080,DEV-10080,Delhi,0,0,0,0,0,0,,0,
TX-103042,SYN-10080,2026-10-26T10:00:00+05:30,7575.6,757560,out,essential,Completed,,UPI,Payment counterparty,party-1,MCH-10080,DEV-10080,Delhi,0,0,0,0,0,0,,0,
TX-103043,SYN-10080,2026-11-01T09:00:00+05:30,23421.52,2342152,in,salary,Completed,,UPI,Payment counterparty,employer,MCH-10080,DEV-10080,Delhi,0,0,0,0,0,0,,0,
TX-103044,SYN-10080,2026-11-03T10:00:00+05:30,7555.45,755545,out,essential,Completed,,UPI,Payment counterparty,party-1,MCH-10080,DEV-10080,Delhi,0,0,0,0,0,0,,0,
TX-103045,SYN-10081,2026-08-01T09:00:00+05:30,118701.06,11870106,in,salary,Completed,,Card,Payment counterparty,employer,MCH-10081,DEV-10081,Mumbai,0,0,0,0,0,0,,0,
TX-103046,SYN-10081,2026-08-03T10:00:00+05:30,10574.67,1057467,out,essential,Completed,,UPI,Payment counterparty,party-1,MCH-10081,DEV-10081,Mumbai,0,0,0,0,0,0,,0,
TX-103047,SYN-10081,2026-08-08T12:00:00+05:30,3481.88,348188,out,transfer,Completed,,UPI,Payment counterparty,party-5,,DEV-10081,Mumbai,0,1,0,0,0,0,,0,
TX-103048,SYN-10081,2026-08-09T10:00:00+05:30,13644.89,1364489,out,essential,Completed,,UPI,Payment counterparty,party-4,MCH-10081,DEV-10081,Mumbai,0,0,0,0,0,0,,0,
TX-103049,SYN-10081,2026-08-15T10:00:00+05:30,11195.22,1119522,out,essential,Completed,,UPI,Payment counterparty,party-1,MCH-10081,DEV-10081,Mumbai,0,0,0,0,0,0,,0,
TX-103050,SYN-10081,2026-08-21T10:00:00+05:30,11798.83,1179883,out,essential,Completed,,UPI,Payment counterparty,party-3,MCH-10081,DEV-10081,Mumbai,0,0,0,0,0,0,,0,
TX-103051,SYN-10081,2026-08-22T12:00:00+05:30,67533.49,6753349,out,transfer,Completed,,UPI,Payment counterparty,party-5,,DEV-10081,Mumbai,0,0,0,0,0,0,,0,
TX-103052,SYN-10081,2026-08-23T22:30:00+05:30,8729.89,872989,out,emi,Completed,,UPI,Payment counterparty,lender,MCH-10081,DEV-10081,Mumbai,0,0,0,0,0,0,LN-81-0,2,
TX-103053,SYN-10081,2026-08-26T10:00:00+05:30,12069.03,1206903,out,essential,Completed,,UPI,Payment counterparty,party-5,MCH-10081,DEV-10081,Mumbai,0,0,0,0,0,0,,0,
TX-103054,SYN-10081,2026-08-26T12:00:00+05:30,3247.89,324789,out,transfer,Completed,,UPI,Payment counterparty,party-6,,DEV-10144,Mumbai,1,1,0,0,0,0,,0,
TX-103055,SYN-10081,2026-09-01T09:00:00+05:30,113767.01,11376701,in,salary,Completed,,UPI,Payment counterparty,employer,MCH-10081,DEV-10081,Mumbai,0,0,0,0,0,0,,0,
TX-103056,SYN-10081,2026-09-01T22:30:00+05:30,12785.38,1278538,out,emi,Completed,,Card,Payment counterparty,lender,MCH-10081,DEV-10081,Mumbai,0,0,0,0,0,0,LN-81-0,2,
TX-103057,SYN-10081,2026-09-01T22:30:00+05:30,16475.47,1647547,out,emi,Completed,,Wallet,Payment counterparty,lender,MCH-10081,DEV-10081,Mumbai,0,0,0,0,0,0,LN-81-1,2,
TX-103058,SYN-10081,2026-09-03T10:00:00+05:30,12754.59,1275459,out,essential,Completed,,UPI,Payment counterparty,party-3,MCH-10081,DEV-10081,Mumbai,0,0,0,0,0,0,,0,
TX-103059,SYN-10081,2026-09-08T12:00:00+05:30,805.59,80559,out,transfer,Completed,,UPI,Payment counterparty,party-3,,DEV-10081,Mumbai,0,0,0,0,0,0,,0,
TX-103060,SYN-10081,2026-09-08T14:00:00+05:30,19400.0,1940000,in,transfer,Completed,,UPI,Payment counterparty,sender-1,,DEV-10081,Mumbai,0,1,0,0,0,0,,0,
TX-103061,SYN-10081,2026-09-08T14:03:00+05:30,20000.0,2000000,in,transfer,Completed,,UPI,Payment counterparty,sender-1,,DEV-10081,Mumbai,0,1,0,0,0,0,,0,
TX-103062,SYN-10081,2026-09-08T14:06:00+05:30,19900.0,1990000,in,transfer,Completed,,UPI,Payment counterparty,sender-1,,DEV-10081,Mumbai,0,1,0,0,0,0,,0,
TX-103063,SYN-10081,2026-09-08T14:14:00+05:30,53370.0,5337000,out,transfer,Completed,,UPI,Payment counterparty,party-21,,DEV-10081,Mumbai,0,1,0,0,0,0,,0,
TX-103064,SYN-10081,2026-09-09T10:00:00+05:30,12282.49,1228249,out,essential,Completed,,Digital banking,Payment counterparty,party-4,MCH-10081,DEV-10081,Mumbai,0,0,0,0,0,0,,0,
TX-103065,SYN-10081,2026-09-15T10:00:00+05:30,11973.45,1197345,out,essential,Completed,,Wallet,Payment counterparty,party-2,MCH-10081,DEV-10081,Mumbai,0,0,0,0,0,0,,0,
TX-103066,SYN-10081,2026-09-21T10:00:00+05:30,12237.23,1223723,out,essential,Completed,,UPI,Payment counterparty,party-1,MCH-10081,DEV-10081,Mumbai,0,0,0,0,0,0,,0,
TX-103067,SYN-10081,2026-09-22T12:00:00+05:30,436.7,43670,out,transfer,Completed,,Digital banking,Payment counterparty,party-3,,DEV-10081,Mumbai,0,0,0,0,0,0,,0,
TX-103068,SYN-10081,2026-09-23T22:30:00+05:30,21515.27,2151527,out,emi,Completed,,UPI,Payment counterparty,lender,MCH-10081,DEV-10081,Mumbai,0,0,0,0,0,0,LN-81-0,3,
TX-103069,SYN-10081,2026-09-26T10:00:00+05:30,10429.47,1042947,out,essential,Completed,,Digital banking,Payment counterparty,party-5,MCH-10081,DEV-10081,Mumbai,0,0,0,0,0,0,,0,
TX-103070,SYN-10081,2026-09-26T12:00:00+05:30,2627.26,262726,out,transfer,Completed,,Card,Payment counterparty,party-6,,DEV-10081,Mumbai,0,1,0,0,0,0,,0,
TX-103071,SYN-10081,2026-10-01T09:00:00+05:30,116448.84,11644884,in,salary,Completed,,Card,Payment counterparty,employer,MCH-10081,DEV-10081,Mumbai,0,0,0,0,0,0,,0,
TX-103086,SYN-10081,2026-10-01T12:00:00+05:30,9185.69,918569,out,essential,Pending,2026-09-27T00:00:00+05:30,UPI,Payment counterparty,party-4,MCH-10081,DEV-10081,Mumbai,0,0,0,0,0,0,,0,
TX-103072,SYN-10081,2026-10-02T22:30:00+05:30,16475.47,1647547,out,emi,Completed,,UPI,Payment counterparty,lender,MCH-10081,DEV-10081,Mumbai,0,0,0,0,0,0,LN-81-1,3,
TX-103073,SYN-10081,2026-10-03T10:00:00+05:30,12193.48,1219348,out,essential,Completed,,Wallet,Payment counterparty,party-1,MCH-10081,DEV-10081,Mumbai,0,0,0,0,0,0,,0,
TX-103074,SYN-10081,2026-10-08T12:00:00+05:30,2886.1,288610,out,transfer,Completed,,Digital banking,Payment counterparty,party-6,,DEV-10081,Mumbai,0,0,0,0,0,0,,0,
TX-103075,SYN-10081,2026-10-09T10:00:00+05:30,13042.1,1304210,out,essential,Completed,,UPI,Payment counterparty,party-4,MCH-10081,DEV-10081,Mumbai,0,0,0,0,0,0,,0,
TX-103076,SYN-10081,2026-10-15T10:00:00+05:30,11399.44,1139944,out,essential,Completed,,UPI,Payment counterparty,party-6,MCH-10081,DEV-10081,Mumbai,0,0,0,0,0,0,,0,
TX-103077,SYN-10081,2026-10-21T10:00:00+05:30,10534.75,1053475,out,essential,Completed,,UPI,Payment counterparty,party-2,MCH-10081,DEV-10081,Mumbai,0,0,0,0,0,0,,0,
TX-103078,SYN-10081,2026-10-22T12:00:00+05:30,1353.1,135310,out,transfer,Completed,,Wallet,Payment counterparty,party-2,,DEV-10081,Mumbai,0,1,0,0,0,0,,0,
TX-103079,SYN-10081,2026-10-23T22:30:00+05:30,21515.27,2151527,out,emi,Completed,,UPI,Payment counterparty,lender,MCH-10081,DEV-10081,Mumbai,0,0,0,0,0,0,LN-81-0,4,
TX-103080,SYN-10081,2026-10-23T22:30:00+05:30,14935.7,1493570,out,emi,Completed,,Digital banking,Payment counterparty,lender,MCH-10081,DEV-10081,Mumbai,0,0,0,0,0,0,LN-81-1,4,
TX-103081,SYN-10081,2026-10-26T10:00:00+05:30,12178.6,1217860,out,essential,Completed,,UPI,Payment counterparty,party-3,MCH-10081,DEV-10081,Mumbai,0,0,0,0,0,0,,0,
TX-103082,SYN-10081,2026-10-26T12:00:00+05:30,3780.44,378044,out,transfer,Completed,,Digital banking,Payment counterparty,party-1,,DEV-10081,Mumbai,0,0,0,0,0,0,,0,
TX-103083,SYN-10081,2026-11-01T09:00:00+05:30,118209.88,11820988,in,salary,Completed,,Card,Payment counterparty,employer,MCH-10081,DEV-10081,Mumbai,0,0,0,0,0,0,,0,
TX-103084,SYN-10081,2026-11-01T22:30:00+05:30,1539.77,153977,out,emi,Completed,,UPI,Payment counterparty,lender,MCH-10081,DEV-10081,Mumbai,0,0,0,0,0,0,LN-81-1,4,
TX-103085,SYN-10081,2026-11-03T10:00:00+05:30,11614.07,1161407,out,essential,Completed,,UPI,Payment counterparty,party-1,MCH-10081,DEV-10081,Mumbai,0,0,0,0,0,0,,0,
TX-103087,SYN-10082,2026-08-03T10:00:00+05:30,8427.12,842712,out,essential,Completed,,Digital banking,Payment counterparty,party-5,MCH-10082,DEV-10082,Bengaluru,0,0,0,0,0,0,,0,
TX-103088,SYN-10082,2026-08-03T12:00:00+05:30,2029.19,202919,out,transfer,Completed,,UPI,Payment counterparty,party-2,,DEV-10082,Bengaluru,0,0,0,0,0,0,,0,
TX-103089,SYN-10082,2026-08-05T09:00:00+05:30,112416.56,11241656,in,salary,Completed,,UPI,Payment counterparty,employer,MCH-10082,DEV-10082,Bengaluru,0,0,0,0,0,0,,0,
TX-103090,SYN-10082,2026-08-09T10:00:00+05:30,8244.2,824420,out,essential,Completed,,UPI,Payment counterparty,party-6,MCH-10082,DEV-10082,Bengaluru,0,0,0,0,0,0,,0,
TX-103091,SYN-10082,2026-08-15T10:00:00+05:30,9856.16,985616,out,essential,Completed,,UPI,Payment counterparty,party-2,MCH-10082,DEV-10082,Bengaluru,0,0,0,0,0,0,,0,
TX-103092,SYN-10082,2026-08-15T12:00:00+05:30,4008.45,400845,out,transfer,Completed,,Card,Payment counterparty,party-2,,DEV-10144,Bengaluru,1,0,0,0,0,0,,0,
TX-103093,SYN-10082,2026-08-21T10:00:00+05:30,9405.87,940587,out,essential,Completed,,Card,Payment counterparty,party-6,MCH-10082,DEV-10082,Bengaluru,0,0,0,0,0,0,,0,
TX-103094,SYN-10082,2026-08-25T22:30:00+05:30,17899.52,1789952,out,emi,Completed,,UPI,Payment counterparty,lender,MCH-10082,DEV-10082,Bengaluru,0,0,0,0,0,0,LN-82-0,2,
TX-103095,SYN-10082,2026-08-26T10:00:00+05:30,9085.98,908598,out,essential,Completed,,Card,Payment counterparty,party-6,MCH-10082,DEV-10082,Bengaluru,0,0,0,0,0,0,,0,
TX-103096,SYN-10082,2026-09-03T10:00:00+05:30,9190.82,919082,out,essential,Completed,,UPI,Payment counterparty,party-4,MCH-10082,DEV-10082,Bengaluru,0,0,0,0,0,0,,0,
TX-103097,SYN-10082,2026-09-03T12:00:00+05:30,1676.05,167605,out,transfer,Completed,,UPI,Payment counterparty,party-6,,DEV-10082,Bengaluru,0,0,0,0,0,0,,0,
TX-103098,SYN-10082,2026-09-05T09:00:00+05:30,104871.25,10487125,in,salary,Completed,,Digital banking,Payment counterparty,employer,MCH-10082,DEV-10082,Bengaluru,0,0,0,0,0,0,,0,
TX-103099,SYN-10082,2026-09-09T10:00:00+05:30,8028.86,802886,out,essential,Completed,,UPI,Payment counterparty,party-5,MCH-10082,DEV-10082,Bengaluru,0,0,0,0,0,0,,0,
TX-103100,SYN-10082,2026-09-15T10:00:00+05:30,8433.71,843371,out,essential,Completed,,UPI,Payment counterparty,party-3,MCH-10082,DEV-10082,Bengaluru,0,0,0,0,0,0,,0,
TX-103101,SYN-10082,2026-09-15T12:00:00+05:30,4059.11,405911,out,transfer,Completed,,Card,Payment counterparty,party-4,,DEV-10082,Bengaluru,0,0,0,0,0,0,,0,
TX-103102,SYN-10082,2026-09-15T14:00:00+05:30,27100.0,2710000,in,transfer,Completed,,UPI,Payment counterparty,sender-0,,DEV-10082,Bengaluru,0,1,0,0,0,0,,0,
TX-103103,SYN-10082,2026-09-15T14:03:00+05:30,23600.0,2360000,in,transfer,Completed,,Digital banking,Payment counterparty,sender-1,,DEV-10082,Bengaluru,0,1,0,0,0,0,,0,
TX-103104,SYN-10082,2026-09-15T14:06:00+05:30,21800.0,2180000,in,transfer,Completed,,UPI,Payment counterparty,sender-2,,DEV-10082,Bengaluru,0,1,0,0,0,0,,0,
TX-103105,SYN-10082,2026-09-15T14:14:00+05:30,65250.0,6525000,out,transfer,Completed,,UPI,Payment counterparty,party-21,,DEV-10082,Bengaluru,0,1,0,0,0,0,,0,
TX-103106,SYN-10082,2026-09-21T10:00:00+05:30,8287.63,828763,out,essential,Completed,,UPI,Payment counterparty,party-2,MCH-10082,DEV-10082,Bengaluru,0,0,0,0,0,0,,0,
TX-103107,SYN-10082,2026-09-22T22:30:00+05:30,17899.52,1789952,out,emi,Completed,,Card,Payment counterparty,lender,MCH-10082,DEV-10082,Bengaluru,0,0,0,0,0,0,LN-82-0,3,
TX-103108,SYN-10082,2026-09-26T10:00:00+05:30,9832.41,983241,out,essential,Completed,,UPI,Payment counterparty,party-4,MCH-10082,DEV-10082,Bengaluru,0,0,0,0,0,0,,0,
TX-103121,SYN-10082,2026-10-01T12:00:00+05:30,6790.39,679039,out,essential,Pending,2026-09-27T00:00:00+05:30,UPI,Payment counterparty,party-6,MCH-10082,DEV-10082,Bengaluru,0,0,0,0,0,0,,0,
TX-103109,SYN-10082,2026-10-03T10:00:00+05:30,8182.64,818264,out,essential,Completed,,Card,Payment counterparty,party-4,MCH-10082,DEV-10082,Bengaluru,0,0,0,0,0,0,,0,
TX-103110,SYN-10082,2026-10-03T12:00:00+05:30,2408.29,240829,out,transfer,Completed,,UPI,Payment counterparty,party-6,,DEV-10144,Bengaluru,1,0,0,0,0,0,,0,
TX-103111,SYN-10082,2026-10-05T09:00:00+05:30,104743.64,10474364,in,salary,Completed,,UPI,Payment counterparty,employer,MCH-10082,DEV-10082,Bengaluru,0,0,0,0,0,0,,0,
TX-103112,SYN-10082,2026-10-09T10:00:00+05:30,8853.42,885342,out,essential,Completed,,UPI,Payment counterparty,party-3,MCH-10082,DEV-10082,Bengaluru,0,0,0,0,0,0,,0,
TX-103113,SYN-10082,2026-10-15T10:00:00+05:30,8447.55,844755,out,essential,Completed,,UPI,Payment counterparty,party-6,MCH-10082,DEV-10082,Bengaluru,0,0,0,0,0,0,,0,
TX-103114,SYN-10082,2026-10-15T12:00:00+05:30,4360.3,436030,out,transfer,Completed,,UPI,Payment counterparty,party-4,,DEV-10082,Bengaluru,0,1,0,0,0,0,,0,
TX-103115,SYN-10082,2026-10-21T10:00:00+05:30,10411.52,1041152,out,essential,Completed,,Digital banking,Payment counterparty,party-4,MCH-10082,DEV-10082,Bengaluru,0,0,0,0,0,0,,0,
TX-103116,SYN-10082,2026-10-22T22:30:00+05:30,17899.52,1789952,out,emi,Completed,,UPI,Payment counterparty,lender,MCH-10082,DEV-10082,Bengaluru,0,0,0,0,0,0,LN-82-0,4,
TX-103117,SYN-10082,2026-10-26T10:00:00+05:30,9672.23,967223,out,essential,Completed,,Digital banking,Payment counterparty,party-5,MCH-10082,DEV-10082,Bengaluru,0,0,0,0,0,0,,0,
TX-103118,SYN-10082,2026-11-03T10:00:00+05:30,9831.33,983133,out,essential,Completed,,Digital banking,Payment counterparty,party-6,MCH-10082,DEV-10082,Bengaluru,0,0,0,0,0,0,,0,
TX-103119,SYN-10082,2026-11-03T12:00:00+05:30,4631.78,463178,out,transfer,Completed,,UPI,Payment counterparty,party-4,,DEV-10082,Bengaluru,0,0,0,0,0,0,,0,
TX-103120,SYN-10082,2026-11-05T09:00:00+05:30,104424.68,10442468,in,salary,Completed,,Digital banking,Payment counterparty,employer,MCH-10082,DEV-10082,Bengaluru,0,0,0,0,0,0,,0,
TX-103122,SYN-10083,2026-08-01T09:00:00+05:30,94780.9,9478090,in,salary,Completed,,UPI,Payment counterparty,employer,MCH-10083,DEV-10083,Jaipur,0,0,0,0,0,0,,0,
TX-103123,SYN-10083,2026-08-03T10:00:00+05:30,9412.17,941217,out,essential,Completed,,UPI,Payment counterparty,party-6,MCH-10083,DEV-10083,Jaipur,0,0,0,0,0,0,,0,
TX-103124,SYN-10083,2026-08-06T12:00:00+05:30,2297.57,229757,out,transfer,Completed,,UPI,Payment counterparty,party-1,,DEV-10083,Jaipur,0,0,0,0,0,0,,0,
TX-103125,SYN-10083,2026-08-09T10:00:00+05:30,7209.35,720935,out,essential,Completed,,Digital banking,Payment counterparty,party-6,MCH-10083,DEV-10083,Jaipur,0,0,0,0,0,0,,0,
TX-103126,SYN-10083,2026-08-15T10:00:00+05:30,7822.8,782280,out,essential,Completed,,UPI,Payment counterparty,party-1,MCH-10083,DEV-10083,Jaipur,0,0,0,0,0,0,,0,
TX-103127,SYN-10083,2026-08-17T12:00:00+05:30,939.31,93931,out,transfer,Completed,,Digital banking,Payment counterparty,party-3,,DEV-10083,Jaipur,0,1,0,0,0,0,,0,
TX-103128,SYN-10083,2026-08-21T10:00:00+05:30,9028.57,902857,out,essential,Completed,,UPI,Payment counterparty,party-2,MCH-10083,DEV-10083,Jaipur,0,0,0,0,0,0,,0,
TX-103129,SYN-10083,2026-08-21T12:00:00+05:30,947.57,94757,out,transfer,Completed,,Digital banking,Payment counterparty,party-4,,DEV-10083,Jaipur,0,0,0,0,0,0,,0,
TX-103130,SYN-10083,2026-08-22T12:00:00+05:30,3571.13,357113,out,transfer,Completed,,UPI,Payment counterparty,party-3,,DEV-10083,Jaipur,0,1,0,0,0,0,,0,
TX-103131,SYN-10083,2026-08-24T22:30:00+05:30,15181.1,1518110,out,emi,Completed,,UPI,Payment counterparty,lender,MCH-10083,DEV-10083,Jaipur,0,0,0,0,0,0,LN-83-0,2,
TX-103132,SYN-10083,2026-08-26T10:00:00+05:30,9655.77,965577,out,essential,Completed,,Card,Payment counterparty,party-6,MCH-10083,DEV-10083,Jaipur,0,0,0,0,0,0,,0,
TX-103133,SYN-10083,2026-09-01T09:00:00+05:30,106793.19,10679319,in,salary,Completed,,Digital banking,Payment counterparty,employer,MCH-10083,DEV-10083,Jaipur,0,0,0,0,0,0,,0,
TX-103134,SYN-10083,2026-09-03T10:00:00+05:30,7446.34,744634,out,essential,Completed,,UPI,Payment counterparty,party-6,MCH-10083,DEV-10083,Jaipur,0,0,0,0,0,0,,0,
TX-103135,SYN-10083,2026-09-06T12:00:00+05:30,929.72,92972,out,transfer,Completed,,UPI,Payment counterparty,party-6,,DEV-10083,Jaipur,0,1,0,0,0,0,,0,
TX-103136,SYN-10083,2026-09-09T10:00:00+05:30,7796.43,779643,out,essential,Completed,,UPI,Payment counterparty,party-1,MCH-10083,DEV-10083,Jaipur,0,0,0,0,0,0,,0,
TX-103137,SYN-10083,2026-09-15T10:00:00+05:30,8790.0,879000,out,essential,Completed,,UPI,Payment counterparty,party-5,MCH-10083,DEV-10083,Jaipur,0,0,0,0,0,0,,0,
TX-103138,SYN-10083,2026-09-17T12:00:00+05:30,1671.28,167128,out,transfer,Completed,,UPI,Payment counterparty,party-1,,DEV-10144,Jaipur,1,0,0,0,0,0,,0,
TX-103139,SYN-10083,2026-09-20T14:07:00+05:30,109644.45,10964445,out,transfer,Completed,,UPI,Payment counterparty,party-28,,DEV-10144,Jaipur,1,1,0,0,1,1,,0,
TX-103140,SYN-10083,2026-09-20T14:13:00+05:30,109644.45,10964445,out,transfer,Completed,,Digital banking,Payment counterparty,party-28,,DEV-10144,Jaipur,1,1,0,0,1,3,,0,
TX-103141,SYN-10083,2026-09-21T10:00:00+05:30,8931.71,893171,out,essential,Completed,,UPI,Payment counterparty,party-1,MCH-10083,DEV-10083,Jaipur,0,0,0,0,0,0,,0,
TX-103142,SYN-10083,2026-09-21T12:00:00+05:30,994.16,99416,out,transfer,Completed,,UPI,Payment counterparty,party-6,,DEV-10144,Jaipur,1,1,0,0,0,0,,0,
TX-103143,SYN-10083,2026-09-22T12:00:00+05:30,3099.03,309903,out,transfer,Completed,,Card,Payment counterparty,party-1,,DEV-10083,Jaipur,0,1,0,0,0,0,,0,
TX-103144,SYN-10083,2026-09-24T22:30:00+05:30,328.56,32856,out,emi,Completed,,UPI,Payment counterparty,lender,MCH-10083,DEV-10083,Jaipur,0,0,0,0,0,0,LN-83-0,3,
TX-103145,SYN-10083,2026-09-26T10:00:00+05:30,8246.35,824635,out,essential,Completed,,UPI,Payment counterparty,party-5,MCH-10083,DEV-10083,Jaipur,0,0,0,0,0,0,,0,
TX-103146,SYN-10083,2026-09-26T14:20:00+05:30,1847.43,184743,out,transfer,Completed,,Digital banking,Payment counterparty,party-15,,DEV-10144,Jaipur,1,1,0,0,1,1,,0,
TX-103147,SYN-10083,2026-09-26T14:23:00+05:30,1847.43,184743,out,transfer,Completed,,UPI,Payment counterparty,party-15,,DEV-10144,Jaipur,1,1,0,0,1,1,,0,
TX-103148,SYN-10083,2026-10-01T09:00:00+05:30,100452.65,10045265,in,salary,Completed,,UPI,Payment counterparty,employer,MCH-10083,DEV-10083,Jaipur,0,0,0,0,0,0,,0,
TX-103163,SYN-10083,2026-10-01T12:00:00+05:30,6309.59,630959,out,essential,Pending,2026-09-27T00:00:00+05:30,Card,Payment counterparty,party-3,MCH-10083,DEV-10083,Jaipur,0,0,0,0,0,0,,0,
TX-103149,SYN-10083,2026-10-03T10:00:00+05:30,8989.89,898989,out,essential,Completed,,Digital banking,Payment counterparty,party-2,MCH-10083,DEV-10083,Jaipur,0,0,0,0,0,0,,0,
TX-103150,SYN-10083,2026-10-03T22:30:00+05:30,14852.54,1485254,out,emi,Completed,,UPI,Payment counterparty,lender,MCH-10083,DEV-10083,Jaipur,0,0,0,0,0,0,LN-83-0,3,
TX-103151,SYN-10083,2026-10-06T12:00:00+05:30,2006.11,200611,out,transfer,Completed,,Card,Payment counterparty,party-1,,DEV-10083,Jaipur,0,0,0,0,0,0,,0,
TX-103152,SYN-10083,2026-10-09T10:00:00+05:30,7216.56,721656,out,essential,Completed,,UPI,Payment counterparty,party-4,MCH-10083,DEV-10083,Jaipur,0,0,0,0,0,0,,0,
TX-103153,SYN-10083,2026-10-15T10:00:00+05:30,9256.92,925692,out,essential,Completed,,UPI,Payment counterparty,party-2,MCH-10083,DEV-10083,Jaipur,0,0,0,0,0,0,,0,
TX-103154,SYN-10083,2026-10-17T12:00:00+05:30,3622.29,362229,out,transfer,Completed,,Wallet,Payment counterparty,party-4,,DEV-10083,Jaipur,0,1,0,0,0,0,,0,
TX-103155,SYN-10083,2026-10-21T10:00:00+05:30,8724.99,872499,out,essential,Completed,,Digital banking,Payment counterparty,party-3,MCH-10083,DEV-10083,Jaipur,0,0,0,0,0,0,,0,
TX-103156,SYN-10083,2026-10-21T12:00:00+05:30,27808.27,2780827,out,transfer,Completed,,Card,Payment counterparty,party-1,,DEV-10083,Jaipur,0,1,0,0,0,0,,0,
TX-103157,SYN-10083,2026-10-22T12:00:00+05:30,791.3,79130,out,transfer,Completed,,Card,Payment counterparty,party-5,,DEV-10144,Jaipur,1,1,0,1,0,0,,0,
TX-103158,SYN-10083,2026-10-24T22:30:00+05:30,1988.25,198825,out,emi,Completed,,Digital banking,Payment counterparty,lender,MCH-10083,DEV-10083,Jaipur,0,0,0,0,0,0,LN-83-0,4,
TX-103159,SYN-10083,2026-10-26T10:00:00+05:30,9648.78,964878,out,essential,Completed,,Card,Payment counterparty,party-6,MCH-10083,DEV-10083,Jaipur,0,0,0,0,0,0,,0,
TX-103160,SYN-10083,2026-11-01T09:00:00+05:30,101286.45,10128645,in,salary,Completed,,Digital banking,Payment counterparty,employer,MCH-10083,DEV-10083,Jaipur,0,0,0,0,0,0,,0,
TX-103161,SYN-10083,2026-11-02T22:30:00+05:30,13192.85,1319285,out,emi,Completed,,UPI,Payment counterparty,lender,MCH-10083,DEV-10083,Jaipur,0,0,0,0,0,0,LN-83-0,4,
TX-103162,SYN-10083,2026-11-03T10:00:00+05:30,9439.84,943984,out,essential,Completed,,Wallet,Payment counterparty,party-4,MCH-10083,DEV-10083,Jaipur,0,0,0,0,0,0,,0,
TX-103164,SYN-10084,2026-08-01T09:00:00+05:30,50690.18,5069018,in,salary,Completed,,UPI,Payment counterparty,employer,MCH-10084,DEV-10084,Delhi,0,0,0,0,0,0,,0,
TX-103165,SYN-10084,2026-08-03T10:00:00+05:30,5004.61,500461,out,essential,Completed,,Wallet,Payment counterparty,party-3,MCH-10084,DEV-10084,Delhi,0,0,0,0,0,0,,0,
TX-103166,SYN-10084,2026-08-05T12:00:00+05:30,3136.54,313654,out,transfer,Completed,,UPI,Payment counterparty,party-3,,DEV-10084,Delhi,0,0,0,0,0,0,,0,
TX-103167,SYN-10084,2026-08-09T10:00:00+05:30,4988.73,498873,out,essential,Completed,,UPI,Payment counterparty,party-6,MCH-10084,DEV-10084,Delhi,0,0,0,0,0,0,,0,
TX-103168,SYN-10084,2026-08-14T12:00:00+05:30,3690.97,369097,out,transfer,Completed,,Card,Payment counterparty,party-6,,DEV-10084,Delhi,0,0,0,0,0,0,,0,
TX-103169,SYN-10084,2026-08-15T10:00:00+05:30,4955.55,495555,out,essential,Completed,,UPI,Payment counterparty,party-2,MCH-10084,DEV-10084,Delhi,0,0,0,0,0,0,,0,
TX-103170,SYN-10084,2026-08-21T10:00:00+05:30,4208.76,420876,out,essential,Completed,,Card,Payment counterparty,party-1,MCH-10084,DEV-10084,Delhi,0,0,0,0,0,0,,0,
TX-103171,SYN-10084,2026-08-22T22:30:00+05:30,12889.87,1288987,out,emi,Completed,,UPI,Payment counterparty,lender,MCH-10084,DEV-10084,Delhi,0,0,0,0,0,0,LN-84-0,2,
TX-103172,SYN-10084,2026-08-26T10:00:00+05:30,5545.48,554548,out,essential,Completed,,UPI,Payment counterparty,party-5,MCH-10084,DEV-10084,Delhi,0,0,0,0,0,0,,0,
TX-103173,SYN-10084,2026-08-28T12:00:00+05:30,3004.67,300467,out,transfer,Completed,,Card,Payment counterparty,party-4,,DEV-10084,Delhi,0,0,0,0,0,0,,0,
TX-103174,SYN-10084,2026-09-01T09:00:00+05:30,46452.22,4645222,in,salary,Completed,,UPI,Payment counterparty,employer,MCH-10084,DEV-10084,Delhi,0,0,0,0,0,0,,0,
TX-103175,SYN-10084,2026-09-03T10:00:00+05:30,4520.43,452043,out,essential,Completed,,UPI,Payment counterparty,party-6,MCH-10084,DEV-10084,Delhi,0,0,0,0,0,0,,0,
TX-103176,SYN-10084,2026-09-05T12:00:00+05:30,7858.1,785810,out,transfer,Completed,,UPI,Payment counterparty,party-6,,DEV-10084,Delhi,0,1,0,0,0,0,,0,
TX-103177,SYN-10084,2026-09-09T10:00:00+05:30,4768.56,476856,out,essential,Completed,,Card,Payment counterparty,party-6,MCH-10084,DEV-10084,Delhi,0,0,0,0,0,0,,0,
TX-103178,SYN-10084,2026-09-14T12:00:00+05:30,6703.68,670368,out,transfer,Completed,,Digital banking,Payment counterparty,party-2,,DEV-10084,Delhi,0,0,0,0,0,0,,0,
TX-103179,SYN-10084,2026-09-15T10:00:00+05:30,5107.51,510751,out,essential,Completed,,UPI,Payment counterparty,party-5,MCH-10084,DEV-10084,Delhi,0,0,0,0,0,0,,0,
TX-103180,SYN-10084,2026-09-19T17:22:00+05:30,18914.24,1891424,out,transfer,Completed,,Card,Payment counterparty,party-23,,DEV-10144,Delhi,1,1,0,1,1,3,,0,
TX-103181,SYN-10084,2026-09-19T17:32:00+05:30,18914.24,1891424,out,transfer,Completed,,Wallet,Payment counterparty,party-23,,DEV-10144,Delhi,1,1,0,1,1,3,,0,
TX-103182,SYN-10084,2026-09-21T10:00:00+05:30,5487.22,548722,out,essential,Completed,,Wallet,Payment counterparty,party-3,MCH-10084,DEV-10084,Delhi,0,0,0,0,0,0,,0,
TX-103183,SYN-10084,2026-09-22T22:30:00+05:30,12889.87,1288987,out,emi,Completed,,UPI,Payment counterparty,lender,MCH-10084,DEV-10084,Delhi,0,0,0,0,0,0,LN-84-0,3,
TX-103184,SYN-10084,2026-09-26T10:00:00+05:30,5403.57,540357,out,essential,Completed,,UPI,Payment counterparty,party-6,MCH-10084,DEV-10084,Delhi,0,0,0,0,0,0,,0,
TX-103185,SYN-10084,2026-09-28T12:00:00+05:30,7556.56,755656,out,transfer,Completed,,UPI,Payment counterparty,party-5,,DEV-10084,Delhi,0,0,0,0,0,0,,0,
TX-103186,SYN-10084,2026-10-01T09:00:00+05:30,48376.31,4837631,in,salary,Completed,,UPI,Payment counterparty,employer,MCH-10084,DEV-10084,Delhi,0,0,0,0,0,0,,0,
TX-103199,SYN-10084,2026-10-01T12:00:00+05:30,3669.91,366991,out,essential,Pending,2026-09-27T00:00:00+05:30,UPI,Payment counterparty,party-6,MCH-10084,DEV-10084,Delhi,0,0,0,0,0,0,,0,
TX-103187,SYN-10084,2026-10-03T10:00:00+05:30,4334.68,433468,out,essential,Completed,,UPI,Payment counterparty,party-4,MCH-10084,DEV-10084,Delhi,0,0,0,0,0,0,,0,
TX-103188,SYN-10084,2026-10-05T12:00:00+05:30,1575.44,157544,out,transfer,Completed,,UPI,Payment counterparty,party-2,,DEV-10084,Delhi,0,0,0,0,0,0,,0,
TX-103189,SYN-10084,2026-10-09T10:00:00+05:30,5237.06,523706,out,essential,Completed,,Card,Payment counterparty,party-4,MCH-10084,DEV-10084,Delhi,0,0,0,0,0,0,,0,
TX-103190,SYN-10084,2026-10-14T12:00:00+05:30,7927.07,792707,out,transfer,Completed,,UPI,Payment counterparty,party-2,,DEV-10084,Delhi,0,0,0,0,0,0,,0,
TX-103191,SYN-10084,2026-10-15T10:00:00+05:30,4979.9,497990,out,essential,Completed,,Wallet,Payment counterparty,party-4,MCH-10084,DEV-10084,Delhi,0,0,0,0,0,0,,0,
TX-103192,SYN-10084,2026-10-21T10:00:00+05:30,4891.7,489170,out,essential,Completed,,UPI,Payment counterparty,party-4,MCH-10084,DEV-10084,Delhi,0,0,0,0,0,0,,0,
TX-103193,SYN-10084,2026-10-22T22:30:00+05:30,12889.87,1288987,out,emi,Completed,,UPI,Payment counterparty,lender,MCH-10084,DEV-10084,Delhi,0,0,0,0,0,0,LN-84-0,4,
TX-103194,SYN-10084,2026-10-26T10:00:00+05:30,4802.7,480270,out,essential,Completed,,UPI,Payment counterparty,party-1,MCH-10084,DEV-10084,Delhi,0,0,0,0,0,0,,0,
TX-103195,SYN-10084,2026-10-28T12:00:00+05:30,6256.89,625689,out,transfer,Completed,,Digital banking,Payment counterparty,party-5,,DEV-10084,Delhi,0,1,0,0,0,0,,0,
TX-103196,SYN-10084,2026-11-01T09:00:00+05:30,44838.72,4483872,in,salary,Completed,,UPI,Payment counterparty,employer,MCH-10084,DEV-10084,Delhi,0,0,0,0,0,0,,0,
TX-103197,SYN-10084,2026-11-03T10:00:00+05:30,4850.83,485083,out,essential,Completed,,Card,Payment counterparty,party-5,MCH-10084,DEV-10084,Delhi,0,0,0,0,0,0,,0,
TX-103198,SYN-10084,2026-11-05T12:00:00+05:30,7746.95,774695,out,transfer,Completed,,UPI,Payment counterparty,party-1,,DEV-10144,Delhi,1,0,0,0,0,0,,0,
TX-103200,SYN-10085,2026-08-01T09:00:00+05:30,93084.85,9308485,in,salary,Completed,,UPI,Payment counterparty,employer,MCH-10085,DEV-10085,Mumbai,0,0,0,0,0,0,,0,
TX-103201,SYN-10085,2026-08-03T10:00:00+05:30,11125.17,1112517,out,essential,Completed,,Card,Payment counterparty,party-2,MCH-10085,DEV-10085,Mumbai,0,0,0,0,0,0,,0,
TX-103202,SYN-10085,2026-08-03T12:00:00+05:30,133853.06,13385306,out,transfer,Completed,,UPI,Payment counterparty,party-3,,DEV-10085,Mumbai,0,0,0,0,0,0,,0,
TX-103203,SYN-10085,2026-08-09T10:00:00+05:30,11503.52,1150352,out,essential,Completed,,Card,Payment counterparty,party-1,MCH-10085,DEV-10085,Mumbai,0,0,0,0,0,0,,0,
TX-103204,SYN-10085,2026-08-11T12:00:00+05:30,6930.57,693057,out,transfer,Completed,,UPI,Payment counterparty,party-3,,DEV-10085,Mumbai,0,0,0,0,0,0,,0,
TX-103205,SYN-10085,2026-08-15T10:00:00+05:30,10763.7,1076370,out,essential,Completed,,UPI,Payment counterparty,party-6,MCH-10085,DEV-10085,Mumbai,0,0,0,0,0,0,,0,
TX-103206,SYN-10085,2026-08-21T09:10:00+05:30,7881.84,788184,in,credit,Completed,,Digital banking,Payment counterparty,credit-line,MCH-10085,DEV-10085,Mumbai,0,0,0,0,0,0,,0,
TX-103207,SYN-10085,2026-08-21T10:00:00+05:30,11776.98,1177698,out,essential,Completed,,UPI,Payment counterparty,party-6,MCH-10085,DEV-10085,Mumbai,0,0,0,0,0,0,,0,
TX-103208,SYN-10085,2026-08-26T09:10:00+05:30,9779.17,977917,in,credit,Completed,,UPI,Payment counterparty,credit-line,MCH-10085,DEV-10085,Mumbai,0,0,0,0,0,0,,0,
TX-103209,SYN-10085,2026-08-26T10:00:00+05:30,9779.17,977917,out,essential,Completed,,UPI,Payment counterparty,party-5,MCH-10085,DEV-10085,Mumbai,0,0,0,0,0,0,,0,
TX-103210,SYN-10085,2026-09-01T09:00:00+05:30,101909.28,10190928,in,salary,Completed,,UPI,Payment counterparty,employer,MCH-10085,DEV-10085,Mumbai,0,0,0,0,0,0,,0,
TX-103211,SYN-10085,2026-09-01T22:30:00+05:30,31457.35,3145735,out,emi,Completed,,Card,Payment counterparty,lender,MCH-10085,DEV-10085,Mumbai,0,0,0,0,0,0,LN-85-0,2,
TX-103212,SYN-10085,2026-09-03T10:00:00+05:30,8978.79,897879,out,essential,Completed,,UPI,Payment counterparty,party-5,MCH-10085,DEV-10085,Mumbai,0,0,0,0,0,0,,0,
TX-103213,SYN-10085,2026-09-03T12:00:00+05:30,10026.06,1002606,out,transfer,Completed,,Digital banking,Payment counterparty,party-3,,DEV-10145,Mumbai,1,1,0,1,0,0,,0,
TX-103214,SYN-10085,2026-09-09T10:00:00+05:30,10098.39,1009839,out,essential,Completed,,UPI,Payment counterparty,party-3,MCH-10085,DEV-10085,Mumbai,0,0,0,0,0,0,,0,
TX-103215,SYN-10085,2026-09-10T13:50:00+05:30,7109.63,710963,out,transfer,Completed,,UPI,Payment counterparty,party-15,,DEV-10085,Mumbai,0,1,0,0,0,0,,0,
TX-103216,SYN-10085,2026-09-10T14:00:00+05:30,7109.63,710963,out,transfer,Completed,,UPI,Payment counterparty,party-15,,DEV-10085,Mumbai,0,1,0,0,0,0,,0,
TX-103217,SYN-10085,2026-09-11T12:00:00+05:30,2233.27,223327,out,transfer,Completed,,Card,Payment counterparty,party-5,,DEV-10085,Mumbai,0,1,0,0,0,0,,0,
TX-103218,SYN-10085,2026-09-15T10:00:00+05:30,8781.21,878121,out,essential,Completed,,UPI,Payment counterparty,party-3,MCH-10085,DEV-10085,Mumbai,0,0,0,0,0,0,,0,
TX-103219,SYN-10085,2026-09-16T14:51:00+05:30,7883.12,788312,out,transfer,Completed,,UPI,Payment counterparty,party-10,,DEV-10145,Mumbai,1,1,0,1,1,3,,0,
TX-103220,SYN-10085,2026-09-19T10:00:00+05:30,7488.96,748896,in,transfer,Completed,,UPI,Payment counterparty,recovery,,DEV-10085,Mumbai,0,0,0,0,0,0,,0,
TX-103221,SYN-10085,2026-09-21T10:00:00+05:30,11305.2,1130520,out,essential,Completed,,UPI,Payment counterparty,party-5,MCH-10085,DEV-10085,Mumbai,0,0,0,0,0,0,,0,
TX-103222,SYN-10085,2026-09-26T09:10:00+05:30,6737.8,673780,in,credit,Completed,,UPI,Payment counterparty,credit-line,MCH-10085,DEV-10085,Mumbai,0,0,0,0,0,0,,0,
TX-103223,SYN-10085,2026-09-26T10:00:00+05:30,11153.39,1115339,out,essential,Completed,,Digital banking,Payment counterparty,party-2,MCH-10085,DEV-10085,Mumbai,0,0,0,0,0,0,,0,
TX-103224,SYN-10085,2026-10-01T09:00:00+05:30,96543.08,9654308,in,salary,Completed,,UPI,Payment counterparty,employer,MCH-10085,DEV-10085,Mumbai,0,0,0,0,0,0,,0,
TX-103238,SYN-10085,2026-10-01T12:00:00+05:30,7683.18,768318,out,essential,Pending,2026-09-27T00:00:00+05:30,UPI,Payment counterparty,party-1,MCH-10085,DEV-10085,Mumbai,0,0,0,0,0,0,,0,
TX-103225,SYN-10085,2026-10-02T22:30:00+05:30,31457.35,3145735,out,emi,Completed,,UPI,Payment counterparty,lender,MCH-10085,DEV-10085,Mumbai,0,0,0,0,0,0,LN-85-0,3,
TX-103226,SYN-10085,2026-10-03T10:00:00+05:30,9071.75,907175,out,essential,Completed,,Wallet,Payment counterparty,party-5,MCH-10085,DEV-10085,Mumbai,0,0,0,0,0,0,,0,
TX-103227,SYN-10085,2026-10-03T12:00:00+05:30,3143.95,314395,out,transfer,Completed,,UPI,Payment counterparty,party-5,,DEV-10085,Mumbai,0,0,0,0,0,0,,0,
TX-103228,SYN-10085,2026-10-09T10:00:00+05:30,10548.69,1054869,out,essential,Completed,,Wallet,Payment counterparty,party-4,MCH-10085,DEV-10085,Mumbai,0,0,0,0,0,0,,0,
TX-103229,SYN-10085,2026-10-11T12:00:00+05:30,4428.89,442889,out,transfer,Completed,,Card,Payment counterparty,party-6,,DEV-10085,Mumbai,0,0,0,0,0,0,,0,
TX-103230,SYN-10085,2026-10-15T10:00:00+05:30,10650.11,1065011,out,essential,Completed,,UPI,Payment counterparty,party-6,MCH-10085,DEV-10085,Mumbai,0,0,0,0,0,0,,0,
TX-103231,SYN-10085,2026-10-21T10:00:00+05:30,10765.11,1076511,out,essential,Completed,,UPI,Payment counterparty,party-1,MCH-10085,DEV-10085,Mumbai,0,0,0,0,0,0,,0,
TX-103232,SYN-10085,2026-10-23T22:30:00+05:30,3020.2,302020,out,emi,Completed,,Card,Payment counterparty,lender,MCH-10085,DEV-10085,Mumbai,0,0,0,0,0,0,LN-85-0,4,
TX-103233,SYN-10085,2026-10-26T10:00:00+05:30,11517.25,1151725,out,essential,Completed,,UPI,Payment counterparty,party-5,MCH-10085,DEV-10085,Mumbai,0,0,0,0,0,0,,0,
TX-103234,SYN-10085,2026-11-01T09:00:00+05:30,100059.58,10005958,in,salary,Completed,,UPI,Payment counterparty,employer,MCH-10085,DEV-10085,Mumbai,0,0,0,0,0,0,,0,
TX-103235,SYN-10085,2026-11-01T22:30:00+05:30,28437.15,2843715,out,emi,Completed,,Digital banking,Payment counterparty,lender,MCH-10085,DEV-10085,Mumbai,0,0,0,0,0,0,LN-85-0,4,
TX-103236,SYN-10085,2026-11-03T10:00:00+05:30,10863.82,1086382,out,essential,Completed,,Card,Payment counterparty,party-2,MCH-10085,DEV-10085,Mumbai,0,0,0,0,0,0,,0,
TX-103237,SYN-10085,2026-11-03T12:00:00+05:30,5651.33,565133,out,transfer,Completed,,UPI,Payment counterparty,party-2,,DEV-10085,Mumbai,0,0,0,0,0,0,,0,
TX-103239,SYN-10086,2026-08-01T09:00:00+05:30,125450.74,12545074,in,salary,Completed,,Digital banking,Payment counterparty,employer,MCH-10086,DEV-10086,Bengaluru,0,0,0,0,0,0,,0,
TX-103240,SYN-10086,2026-08-03T10:00:00+05:30,10517.38,1051738,out,essential,Completed,,UPI,Payment counterparty,party-5,MCH-10086,DEV-10086,Bengaluru,0,0,0,0,0,0,,0,
TX-103241,SYN-10086,2026-08-09T10:00:00+05:30,11943.17,1194317,out,essential,Completed,,Wallet,Payment counterparty,party-6,MCH-10086,DEV-10086,Bengaluru,0,0,0,0,0,0,,0,
TX-103242,SYN-10086,2026-08-15T10:00:00+05:30,11409.28,1140928,out,essential,Completed,,UPI,Payment counterparty,party-3,MCH-10086,DEV-10086,Bengaluru,0,0,0,0,0,0,,0,
TX-103243,SYN-10086,2026-08-20T22:30:00+05:30,10280.7,1028070,out,emi,Completed,,UPI,Payment counterparty,lender,MCH-10086,DEV-10086,Bengaluru,0,0,0,0,0,0,LN-86-0,2,
TX-103244,SYN-10086,2026-08-21T10:00:00+05:30,8985.64,898564,out,essential,Completed,,UPI,Payment counterparty,party-4,MCH-10086,DEV-10086,Bengaluru,0,0,0,0,0,0,,0,
TX-103245,SYN-10086,2026-08-22T12:00:00+05:30,2138.12,213812,out,transfer,Completed,,UPI,Payment counterparty,party-6,,DEV-10086,Bengaluru,0,1,0,0,0,0,,0,
TX-103246,SYN-10086,2026-08-26T10:00:00+05:30,11814.1,1181410,out,essential,Completed,,Wallet,Payment counterparty,party-5,MCH-10086,DEV-10086,Bengaluru,0,0,0,0,0,0,,0,
TX-103247,SYN-10086,2026-08-27T12:00:00+05:30,1966.05,196605,out,transfer,Completed,,UPI,Payment counterparty,party-3,,DEV-10086,Bengaluru,0,1,0,0,0,0,,0,
TX-103248,SYN-10086,2026-09-01T09:00:00+05:30,121810.65,12181065,in,salary,Completed,,UPI,Payment counterparty,employer,MCH-10086,DEV-10086,Bengaluru,0,0,0,0,0,0,,0,
TX-103249,SYN-10086,2026-09-03T10:00:00+05:30,11835.12,1183512,out,essential,Completed,,UPI,Payment counterparty,party-1,MCH-10086,DEV-10086,Bengaluru,0,0,0,0,0,0,,0,
TX-103250,SYN-10086,2026-09-09T10:00:00+05:30,8996.65,899665,out,essential,Completed,,Digital banking,Payment counterparty,party-4,MCH-10086,DEV-10086,Bengaluru,0,0,0,0,0,0,,0,
TX-103251,SYN-10086,2026-09-14T14:38:00+05:30,250295.25,25029525,out,transfer,Completed,,UPI,Payment counterparty,party-29,,DEV-10086,Bengaluru,0,1,0,0,1,1,,0,
TX-103252,SYN-10086,2026-09-15T10:00:00+05:30,11333.05,1133305,out,essential,Completed,,Card,Payment counterparty,party-6,MCH-10086,DEV-10086,Bengaluru,0,0,0,0,0,0,,0,
TX-103253,SYN-10086,2026-09-20T22:30:00+05:30,10280.7,1028070,out,emi,Completed,,Card,Payment counterparty,lender,MCH-10086,DEV-10086,Bengaluru,0,0,0,0,0,0,LN-86-0,3,
TX-103254,SYN-10086,2026-09-21T10:00:00+05:30,9234.19,923419,out,essential,Completed,,UPI,Payment counterparty,party-3,MCH-10086,DEV-10086,Bengaluru,0,0,0,0,0,0,,0,
TX-103255,SYN-10086,2026-09-22T12:00:00+05:30,363.17,36317,out,transfer,Completed,,UPI,Payment counterparty,party-5,,DEV-10086,Bengaluru,0,0,0,0,0,0,,0,
TX-103256,SYN-10086,2026-09-26T10:00:00+05:30,9663.96,966396,out,essential,Completed,,UPI,Payment counterparty,party-4,MCH-10086,DEV-10086,Bengaluru,0,0,0,0,0,0,,0,
TX-103257,SYN-10086,2026-09-27T12:00:00+05:30,74349.46,7434946,out,transfer,Completed,,UPI,Payment counterparty,party-6,,DEV-10145,Bengaluru,1,0,0,1,0,0,,0,
TX-103258,SYN-10086,2026-10-01T09:00:00+05:30,115381.87,11538187,in,salary,Completed,,Card,Payment counterparty,employer,MCH-10086,DEV-10086,Bengaluru,0,0,0,0,0,0,,0,
TX-103269,SYN-10086,2026-10-01T12:00:00+05:30,7810.69,781069,out,essential,Pending,2026-09-27T00:00:00+05:30,UPI,Payment counterparty,party-2,MCH-10086,DEV-10086,Bengaluru,0,0,0,0,0,0,,0,
TX-103259,SYN-10086,2026-10-03T10:00:00+05:30,10349.79,1034979,out,essential,Completed,,Card,Payment counterparty,party-6,MCH-10086,DEV-10086,Bengaluru,0,0,0,0,0,0,,0,
TX-103260,SYN-10086,2026-10-09T10:00:00+05:30,11327.57,1132757,out,essential,Completed,,Card,Payment counterparty,party-5,MCH-10086,DEV-10086,Bengaluru,0,0,0,0,0,0,,0,
TX-103261,SYN-10086,2026-10-15T10:00:00+05:30,11810.75,1181075,out,essential,Completed,,Card,Payment counterparty,party-3,MCH-10086,DEV-10086,Bengaluru,0,0,0,0,0,0,,0,
TX-103262,SYN-10086,2026-10-20T22:30:00+05:30,10280.7,1028070,out,emi,Completed,,UPI,Payment counterparty,lender,MCH-10086,DEV-10086,Bengaluru,0,0,0,0,0,0,LN-86-0,4,
TX-103263,SYN-10086,2026-10-21T10:00:00+05:30,11335.12,1133512,out,essential,Completed,,Digital banking,Payment counterparty,party-3,MCH-10086,DEV-10086,Bengaluru,0,0,0,0,0,0,,0,
TX-103264,SYN-10086,2026-10-22T12:00:00+05:30,1441.32,144132,out,transfer,Completed,,UPI,Payment counterparty,party-3,,DEV-10086,Bengaluru,0,0,0,0,0,0,,0,
TX-103265,SYN-10086,2026-10-26T10:00:00+05:30,9808.38,980838,out,essential,Completed,,Digital banking,Payment counterparty,party-6,MCH-10086,DEV-10086,Bengaluru,0,0,0,0,0,0,,0,
TX-103266,SYN-10086,2026-10-27T12:00:00+05:30,2448.92,244892,out,transfer,Completed,,UPI,Payment counterparty,party-6,,DEV-10086,Bengaluru,0,0,0,0,0,0,,0,
TX-103267,SYN-10086,2026-11-01T09:00:00+05:30,132378.95,13237895,in,salary,Completed,,UPI,Payment counterparty,employer,MCH-10086,DEV-10086,Bengaluru,0,0,0,0,0,0,,0,
TX-103268,SYN-10086,2026-11-03T10:00:00+05:30,11676.96,1167696,out,essential,Completed,,UPI,Payment counterparty,party-5,MCH-10086,DEV-10086,Bengaluru,0,0,0,0,0,0,,0,
TX-103270,SYN-10087,2026-08-01T09:00:00+05:30,27420.79,2742079,in,salary,Completed,,UPI,Payment counterparty,employer,MCH-10087,DEV-10087,Jaipur,0,0,0,0,0,0,,0,
TX-103271,SYN-10087,2026-08-03T10:00:00+05:30,2445.51,244551,out,essential,Completed,,UPI,Payment counterparty,party-3,MCH-10087,DEV-10087,Jaipur,0,0,0,0,0,0,,0,
TX-103272,SYN-10087,2026-08-09T10:00:00+05:30,2440.57,244057,out,essential,Completed,,UPI,Payment counterparty,party-5,MCH-10087,DEV-10087,Jaipur,0,0,0,0,0,0,,0,
TX-103273,SYN-10087,2026-08-10T12:00:00+05:30,1724.59,172459,out,transfer,Completed,,Wallet,Payment counterparty,party-1,,DEV-10087,Jaipur,0,0,0,0,0,0,,0,
TX-103274,SYN-10087,2026-08-15T10:00:00+05:30,2763.0,276300,out,essential,Completed,,Card,Payment counterparty,party-6,MCH-10087,DEV-10087,Jaipur,0,0,0,0,0,0,,0,
TX-103275,SYN-10087,2026-08-16T12:00:00+05:30,5665.52,566552,out,transfer,Completed,,UPI,Payment counterparty,party-1,,DEV-10087,Jaipur,0,0,0,0,0,0,,0,
TX-103276,SYN-10087,2026-08-21T10:00:00+05:30,2748.43,274843,out,essential,Completed,,Digital banking,Payment counterparty,party-4,MCH-10087,DEV-10087,Jaipur,0,0,0,0,0,0,,0,
TX-103277,SYN-10087,2026-08-21T22:30:00+05:30,7235.92,723592,out,emi,Completed,,Card,Payment counterparty,lender,MCH-10087,DEV-10087,Jaipur,0,0,0,0,0,0,LN-87-0,2,
TX-103278,SYN-10087,2026-08-26T10:00:00+05:30,2611.53,261153,out,essential,Completed,,UPI,Payment counterparty,party-6,MCH-10087,DEV-10087,Jaipur,0,0,0,0,0,0,,0,
TX-103279,SYN-10087,2026-09-01T09:00:00+05:30,28092.5,2809250,in,salary,Completed,,UPI,Payment counterparty,employer,MCH-10087,DEV-10087,Jaipur,0,0,0,0,0,0,,0,
TX-103280,SYN-10087,2026-09-03T10:00:00+05:30,2606.64,260664,out,essential,Completed,,UPI,Payment counterparty,party-4,MCH-10087,DEV-10087,Jaipur,0,0,0,0,0,0,,0,
TX-103281,SYN-10087,2026-09-09T10:00:00+05:30,2308.26,230826,out,essential,Completed,,UPI,Payment counterparty,party-1,MCH-10087,DEV-10087,Jaipur,0,0,0,0,0,0,,0,
TX-103282,SYN-10087,2026-09-10T12:00:00+05:30,6845.85,684585,out,transfer,Completed,,Digital banking,Payment counterparty,party-5,,DEV-10087,Jaipur,0,0,0,0,0,0,,0,
TX-103283,SYN-10087,2026-09-15T10:00:00+05:30,2919.96,291996,out,essential,Completed,,UPI,Payment counterparty,party-5,MCH-10087,DEV-10087,Jaipur,0,0,0,0,0,0,,0,
TX-103284,SYN-10087,2026-09-16T12:00:00+05:30,3075.74,307574,out,transfer,Completed,,Digital banking,Payment counterparty,party-4,,DEV-10087,Jaipur,0,0,0,0,0,0,,0,
TX-103285,SYN-10087,2026-09-16T16:06:00+05:30,2273.53,227353,out,transfer,Completed,,UPI,Payment counterparty,party-14,,DEV-10145,Jaipur,1,1,0,0,1,3,,0,
TX-103286,SYN-10087,2026-09-16T16:14:00+05:30,2273.53,227353,out,transfer,Completed,,UPI,Payment counterparty,party-14,,DEV-10145,Jaipur,1,1,0,0,1,4,,0,
TX-103287,SYN-10087,2026-09-16T16:14:00+05:30,2273.53,227353,out,transfer,Completed,,UPI,Payment counterparty,party-14,,DEV-10145,Jaipur,1,1,0,0,1,2,,0,
TX-103288,SYN-10087,2026-09-21T10:00:00+05:30,2663.96,266396,out,essential,Completed,,UPI,Payment counterparty,party-6,MCH-10087,DEV-10087,Jaipur,0,0,0,0,0,0,,0,
TX-103289,SYN-10087,2026-09-21T22:30:00+05:30,7235.92,723592,out,emi,Completed,,Card,Payment counterparty,lender,MCH-10087,DEV-10087,Jaipur,0,0,0,0,0,0,LN-87-0,3,
TX-103290,SYN-10087,2026-09-26T10:00:00+05:30,2233.84,223384,out,essential,Completed,,UPI,Payment counterparty,party-6,MCH-10087,DEV-10087,Jaipur,0,0,0,0,0,0,,0,
TX-103291,SYN-10087,2026-10-01T09:00:00+05:30,25760.4,2576040,in,salary,Completed,,UPI,Payment counterparty,employer,MCH-10087,DEV-10087,Jaipur,0,0,0,0,0,0,,0,
TX-103302,SYN-10087,2026-10-01T12:00:00+05:30,1968.39,196839,out,essential,Pending,2026-09-27T00:00:00+05:30,UPI,Payment counterparty,party-6,MCH-10087,DEV-10087,Jaipur,0,0,0,0,0,0,,0,
TX-103292,SYN-10087,2026-10-03T10:00:00+05:30,2915.38,291538,out,essential,Completed,,UPI,Payment counterparty,party-4,MCH-10087,DEV-10087,Jaipur,0,0,0,0,0,0,,0,
TX-103293,SYN-10087,2026-10-09T10:00:00+05:30,2563.56,256356,out,essential,Completed,,UPI,Payment counterparty,party-2,MCH-10087,DEV-10087,Jaipur,0,0,0,0,0,0,,0,
TX-103294,SYN-10087,2026-10-10T12:00:00+05:30,11735.81,1173581,out,transfer,Completed,,UPI,Payment counterparty,party-6,,DEV-10087,Jaipur,0,0,0,0,0,0,,0,
TX-103295,SYN-10087,2026-10-15T10:00:00+05:30,2863.57,286357,out,essential,Completed,,UPI,Payment counterparty,party-4,MCH-10087,DEV-10087,Jaipur,0,0,0,0,0,0,,0,
TX-103296,SYN-10087,2026-10-16T12:00:00+05:30,6314.2,631420,out,transfer,Completed,,UPI,Payment counterparty,party-4,,DEV-10087,Jaipur,0,1,0,0,0,0,,0,
TX-103297,SYN-10087,2026-10-21T10:00:00+05:30,2527.32,252732,out,essential,Completed,,UPI,Payment counterparty,party-5,MCH-10087,DEV-10087,Jaipur,0,0,0,0,0,0,,0,
TX-103298,SYN-10087,2026-10-21T22:30:00+05:30,7235.92,723592,out,emi,Completed,,UPI,Payment counterparty,lender,MCH-10087,DEV-10087,Jaipur,0,0,0,0,0,0,LN-87-0,4,
TX-103299,SYN-10087,2026-10-26T10:00:00+05:30,2346.5,234650,out,essential,Completed,,Card,Payment counterparty,party-5,MCH-10087,DEV-10087,Jaipur,0,0,0,0,0,0,,0,
TX-103300,SYN-10087,2026-11-01T09:00:00+05:30,29008.72,2900872,in,salary,Completed,,Wallet,Payment counterparty,employer,MCH-10087,DEV-10087,Jaipur,0,0,0,0,0,0,,0,
TX-103301,SYN-10087,2026-11-03T10:00:00+05:30,2745.95,274595,out,essential,Completed,,UPI,Payment counterparty,party-2,MCH-10087,DEV-10087,Jaipur,0,0,0,0,0,0,,0,
TX-103303,SYN-10088,2026-08-01T09:00:00+05:30,93380.82,9338082,in,salary,Completed,,UPI,Payment counterparty,employer,MCH-10088,DEV-10088,Delhi,0,0,0,0,0,0,,0,
TX-103304,SYN-10088,2026-08-03T10:00:00+05:30,7259.3,725930,out,essential,Completed,,Digital banking,Payment counterparty,party-1,MCH-10088,DEV-10088,Delhi,0,0,0,0,0,0,,0,
TX-103305,SYN-10088,2026-08-09T10:00:00+05:30,7364.07,736407,out,essential,Completed,,UPI,Payment counterparty,party-6,MCH-10088,DEV-10088,Delhi,0,0,0,0,0,0,,0,
TX-103306,SYN-10088,2026-08-12T12:00:00+05:30,6340.98,634098,out,transfer,Completed,,Digital banking,Payment counterparty,party-6,,DEV-10088,Delhi,0,0,0,0,0,0,,0,
TX-103307,SYN-10088,2026-08-15T10:00:00+05:30,8098.47,809847,out,essential,Completed,,UPI,Payment counterparty,party-5,MCH-10088,DEV-10088,Delhi,0,0,0,0,0,0,,0,
TX-103308,SYN-10088,2026-08-18T12:00:00+05:30,5622.46,562246,out,transfer,Completed,,UPI,Payment counterparty,party-4,,DEV-10088,Delhi,0,1,0,0,0,0,,0,
TX-103309,SYN-10088,2026-08-20T12:00:00+05:30,2439.6,243960,out,transfer,Completed,,UPI,Payment counterparty,party-6,,DEV-10088,Delhi,0,0,0,0,0,0,,0,
TX-103310,SYN-10088,2026-08-21T10:00:00+05:30,8108.59,810859,out,essential,Completed,,UPI,Payment counterparty,party-5,MCH-10088,DEV-10088,Delhi,0,0,0,0,0,0,,0,
TX-103311,SYN-10088,2026-08-24T22:30:00+05:30,33813.25,3381325,out,emi,Completed,,Card,Payment counterparty,lender,MCH-10088,DEV-10088,Delhi,0,0,0,0,0,0,LN-88-0,2,
TX-103312,SYN-10088,2026-08-26T10:00:00+05:30,8498.62,849862,out,essential,Completed,,Digital banking,Payment counterparty,party-5,MCH-10088,DEV-10088,Delhi,0,0,0,0,0,0,,0,
TX-103313,SYN-10088,2026-09-01T09:00:00+05:30,82397.84,8239784,in,salary,Completed,,UPI,Payment counterparty,employer,MCH-10088,DEV-10088,Delhi,0,0,0,0,0,0,,0,
TX-103314,SYN-10088,2026-09-03T10:00:00+05:30,7646.04,764604,out,essential,Completed,,Digital banking,Payment counterparty,party-1,MCH-10088,DEV-10088,Delhi,0,0,0,0,0,0,,0,
TX-103315,SYN-10088,2026-09-09T10:00:00+05:30,6928.53,692853,out,essential,Completed,,UPI,Payment counterparty,party-3,MCH-10088,DEV-10088,Delhi,0,0,0,0,0,0,,0,
TX-103316,SYN-10088,2026-09-12T12:00:00+05:30,1954.45,195445,out,transfer,Completed,,Wallet,Payment counterparty,party-3,,DEV-10088,Delhi,0,0,0,0,0,0,,0,
TX-103317,SYN-10088,2026-09-15T10:00:00+05:30,6512.18,651218,out,essential,Completed,,UPI,Payment counterparty,party-2,MCH-10088,DEV-10088,Delhi,0,0,0,0,0,0,,0,
TX-103318,SYN-10088,2026-09-17T17:28:00+05:30,34942.98,3494298,out,transfer,Completed,,Wallet,Payment counterparty,party-10,,DEV-10088,Delhi,0,0,0,0,0,0,,0,
TX-103319,SYN-10088,2026-09-17T17:33:00+05:30,34942.98,3494298,out,transfer,Completed,,UPI,Payment counterparty,party-10,,DEV-10088,Delhi,0,0,0,0,0,0,,0,
TX-103320,SYN-10088,2026-09-17T17:42:00+05:30,34942.98,3494298,out,transfer,Completed,,UPI,Payment counterparty,party-10,,DEV-10088,Delhi,0,0,0,0,0,0,,0,
TX-103321,SYN-10088,2026-09-18T12:00:00+05:30,1726.81,172681,out,transfer,Completed,,UPI,Payment counterparty,party-5,,DEV-10088,Delhi,0,1,0,0,0,0,,0,
TX-103322,SYN-10088,2026-09-20T12:00:00+05:30,6144.58,614458,out,transfer,Completed,,UPI,Payment counterparty,party-3,,DEV-10088,Delhi,0,1,0,0,0,0,,0,
TX-103323,SYN-10088,2026-09-21T10:00:00+05:30,8733.18,873318,out,essential,Completed,,Digital banking,Payment counterparty,party-4,MCH-10088,DEV-10088,Delhi,0,0,0,0,0,0,,0,
TX-103324,SYN-10088,2026-09-24T22:30:00+05:30,33813.25,3381325,out,emi,Completed,,Wallet,Payment counterparty,lender,MCH-10088,DEV-10088,Delhi,0,0,0,0,0,0,LN-88-0,3,
TX-103325,SYN-10088,2026-09-26T10:00:00+05:30,7747.53,774753,out,essential,Completed,,Card,Payment counterparty,party-3,MCH-10088,DEV-10088,Delhi,0,0,0,0,0,0,,0,
TX-103326,SYN-10088,2026-10-01T09:00:00+05:30,93294.1,9329410,in,salary,Completed,,Card,Payment counterparty,employer,MCH-10088,DEV-10088,Delhi,0,0,0,0,0,0,,0,
TX-103338,SYN-10088,2026-10-01T12:00:00+05:30,5705.13,570513,out,essential,Pending,2026-09-27T00:00:00+05:30,UPI,Payment counterparty,party-2,MCH-10088,DEV-10088,Delhi,0,0,0,0,0,0,,0,
TX-103327,SYN-10088,2026-10-03T10:00:00+05:30,6689.89,668989,out,essential,Completed,,UPI,Payment counterparty,party-2,MCH-10088,DEV-10088,Delhi,0,0,0,0,0,0,,0,
TX-103328,SYN-10088,2026-10-09T10:00:00+05:30,7031.73,703173,out,essential,Completed,,UPI,Payment counterparty,party-5,MCH-10088,DEV-10088,Delhi,0,0,0,0,0,0,,0,
TX-103329,SYN-10088,2026-10-12T12:00:00+05:30,981.4,98140,out,transfer,Completed,,UPI,Payment counterparty,party-3,,DEV-10145,Delhi,1,0,0,1,0,0,,0,
TX-103330,SYN-10088,2026-10-15T10:00:00+05:30,6982.66,698266,out,essential,Completed,,UPI,Payment counterparty,party-4,MCH-10088,DEV-10088,Delhi,0,0,0,0,0,0,,0,
TX-103331,SYN-10088,2026-10-18T12:00:00+05:30,4803.32,480332,out,transfer,Completed,,UPI,Payment counterparty,party-4,,DEV-10088,Delhi,0,0,0,0,0,0,,0,
TX-103332,SYN-10088,2026-10-20T12:00:00+05:30,6007.47,600747,out,transfer,Completed,,Card,Payment counterparty,party-3,,DEV-10088,Delhi,0,0,0,0,0,0,,0,
TX-103333,SYN-10088,2026-10-21T10:00:00+05:30,6812.98,681298,out,essential,Completed,,Card,Payment counterparty,party-1,MCH-10088,DEV-10088,Delhi,0,0,0,0,0,0,,0,
TX-103334,SYN-10088,2026-10-24T22:30:00+05:30,33813.25,3381325,out,emi,Completed,,Digital banking,Payment counterparty,lender,MCH-10088,DEV-10088,Delhi,0,0,0,0,0,0,LN-88-0,4,
TX-103335,SYN-10088,2026-10-26T10:00:00+05:30,7165.5,716550,out,essential,Completed,,UPI,Payment counterparty,party-3,MCH-10088,DEV-10088,Delhi,0,0,0,0,0,0,,0,
TX-103336,SYN-10088,2026-11-01T09:00:00+05:30,87193.67,8719367,in,salary,Completed,,UPI,Payment counterparty,employer,MCH-10088,DEV-10088,Delhi,0,0,0,0,0,0,,0,
TX-103337,SYN-10088,2026-11-03T10:00:00+05:30,8311.17,831117,out,essential,Completed,,UPI,Payment counterparty,party-1,MCH-10088,DEV-10088,Delhi,0,0,0,0,0,0,,0,
TX-103339,SYN-10089,2026-08-01T09:00:00+05:30,119600.4,11960040,in,salary,Completed,,UPI,Payment counterparty,employer,MCH-10089,DEV-10089,Mumbai,0,0,0,0,0,0,,0,
TX-103340,SYN-10089,2026-08-03T10:00:00+05:30,12940.4,1294040,out,essential,Completed,,UPI,Payment counterparty,party-3,MCH-10089,DEV-10089,Mumbai,0,0,0,0,0,0,,0,
TX-103341,SYN-10089,2026-08-09T10:00:00+05:30,11889.84,1188984,out,essential,Completed,,Digital banking,Payment counterparty,party-3,MCH-10089,DEV-10089,Mumbai,0,0,0,0,0,0,,0,
TX-103342,SYN-10089,2026-08-15T10:00:00+05:30,9967.09,996709,out,essential,Completed,,Digital banking,Payment counterparty,party-2,MCH-10089,DEV-10089,Mumbai,0,0,0,0,0,0,,0,
TX-103343,SYN-10089,2026-08-17T12:00:00+05:30,1082.16,108216,out,transfer,Completed,,UPI,Payment counterparty,party-3,,DEV-10145,Mumbai,1,1,0,0,0,0,,0,
TX-103344,SYN-10089,2026-08-21T10:00:00+05:30,12796.31,1279631,out,essential,Completed,,Wallet,Payment counterparty,party-5,MCH-10089,DEV-10089,Mumbai,0,0,0,0,0,0,,0,
TX-103345,SYN-10089,2026-08-22T22:30:00+05:30,31125.63,3112563,out,emi,Completed,,UPI,Payment counterparty,lender,MCH-10089,DEV-10089,Mumbai,0,0,0,0,0,0,LN-89-0,2,
TX-103346,SYN-10089,2026-08-26T10:00:00+05:30,10084.95,1008495,out,essential,Completed,,UPI,Payment counterparty,party-5,MCH-10089,DEV-10089,Mumbai,0,0,0,0,0,0,,0,
TX-103347,SYN-10089,2026-08-27T12:00:00+05:30,6946.86,694686,out,transfer,Completed,,UPI,Payment counterparty,party-1,,DEV-10145,Mumbai,1,0,0,1,0,0,,0,
TX-103348,SYN-10089,2026-09-01T09:00:00+05:30,118620.79,11862079,in,salary,Completed,,UPI,Payment counterparty,employer,MCH-10089,DEV-10089,Mumbai,0,0,0,0,0,0,,0,
TX-103349,SYN-10089,2026-09-03T10:00:00+05:30,12076.04,1207604,out,essential,Completed,,UPI,Payment counterparty,party-5,MCH-10089,DEV-10089,Mumbai,0,0,0,0,0,0,,0,
TX-103350,SYN-10089,2026-09-09T10:00:00+05:30,9758.86,975886,out,essential,Completed,,UPI,Payment counterparty,party-5,MCH-10089,DEV-10089,Mumbai,0,0,0,0,0,0,,0,
TX-103351,SYN-10089,2026-09-15T10:00:00+05:30,12448.26,1244826,out,essential,Completed,,UPI,Payment counterparty,party-6,MCH-10089,DEV-10089,Mumbai,0,0,0,0,0,0,,0,
TX-103352,SYN-10089,2026-09-17T12:00:00+05:30,133117.8,13311780,out,transfer,Completed,,UPI,Payment counterparty,party-5,,DEV-10145,Mumbai,1,0,0,0,0,0,,0,
TX-103353,SYN-10089,2026-09-21T10:00:00+05:30,12050.84,1205084,out,essential,Completed,,UPI,Payment counterparty,party-5,MCH-10089,DEV-10089,Mumbai,0,0,0,0,0,0,,0,
TX-103354,SYN-10089,2026-09-22T22:30:00+05:30,31125.63,3112563,out,emi,Completed,,Digital banking,Payment counterparty,lender,MCH-10089,DEV-10089,Mumbai,0,0,0,0,0,0,LN-89-0,3,
TX-103355,SYN-10089,2026-09-26T10:00:00+05:30,11421.16,1142116,out,essential,Completed,,UPI,Payment counterparty,party-2,MCH-10089,DEV-10089,Mumbai,0,0,0,0,0,0,,0,
TX-103356,SYN-10089,2026-09-27T12:00:00+05:30,5948.17,594817,out,transfer,Completed,,Digital banking,Payment counterparty,party-5,,DEV-10145,Mumbai,1,0,0,1,0,0,,0,
TX-103357,SYN-10089,2026-10-01T09:00:00+05:30,123561.51,12356151,in,salary,Completed,,UPI,Payment counterparty,employer,MCH-10089,DEV-10089,Mumbai,0,0,0,0,0,0,,0,
TX-103368,SYN-10089,2026-10-01T12:00:00+05:30,8548.78,854878,out,essential,Pending,2026-09-27T00:00:00+05:30,UPI,Payment counterparty,party-2,MCH-10089,DEV-10089,Mumbai,0,0,0,0,0,0,,0,
TX-103358,SYN-10089,2026-10-03T10:00:00+05:30,10504.08,1050408,out,essential,Completed,,Card,Payment counterparty,party-1,MCH-10089,DEV-10089,Mumbai,0,0,0,0,0,0,,0,
TX-103359,SYN-10089,2026-10-09T10:00:00+05:30,12590.77,1259077,out,essential,Completed,,Wallet,Payment counterparty,party-2,MCH-10089,DEV-10089,Mumbai,0,0,0,0,0,0,,0,
TX-103360,SYN-10089,2026-10-15T10:00:00+05:30,12914.41,1291441,out,essential,Completed,,Wallet,Payment counterparty,party-4,MCH-10089,DEV-10089,Mumbai,0,0,0,0,0,0,,0,
TX-103361,SYN-10089,2026-10-17T12:00:00+05:30,7194.62,719462,out,transfer,Completed,,UPI,Payment counterparty,party-2,,DEV-10145,Mumbai,1,0,0,1,0,0,,0,
TX-103362,SYN-10089,2026-10-21T10:00:00+05:30,12524.23,1252423,out,essential,Completed,,UPI,Payment counterparty,party-3,MCH-10089,DEV-10089,Mumbai,0,0,0,0,0,0,,0,
TX-103363,SYN-10089,2026-10-22T22:30:00+05:30,31125.63,3112563,out,emi,Completed,,Card,Payment counterparty,lender,MCH-10089,DEV-10089,Mumbai,0,0,0,0,0,0,LN-89-0,4,
TX-103364,SYN-10089,2026-10-26T10:00:00+05:30,9700.15,970015,out,essential,Completed,,Digital banking,Payment counterparty,party-6,MCH-10089,DEV-10089,Mumbai,0,0,0,0,0,0,,0,
TX-103365,SYN-10089,2026-10-27T12:00:00+05:30,1927.37,192737,out,transfer,Completed,,UPI,Payment counterparty,party-2,,DEV-10145,Mumbai,1,0,0,1,0,0,,0,
TX-103366,SYN-10089,2026-11-01T09:00:00+05:30,122492.01,12249201,in,salary,Completed,,Wallet,Payment counterparty,employer,MCH-10089,DEV-10089,Mumbai,0,0,0,0,0,0,,0,
TX-103367,SYN-10089,2026-11-03T10:00:00+05:30,10420.23,1042023,out,essential,Completed,,Digital banking,Payment counterparty,party-1,MCH-10089,DEV-10089,Mumbai,0,0,0,0,0,0,,0,
TX-103369,SYN-10090,2026-08-01T09:00:00+05:30,82150.88,8215088,in,salary,Completed,,UPI,Payment counterparty,employer,MCH-10090,DEV-10090,Bengaluru,0,0,0,0,0,0,,0,
TX-103370,SYN-10090,2026-08-02T12:00:00+05:30,2590.45,259045,out,transfer,Completed,,UPI,Payment counterparty,party-2,,DEV-10090,Bengaluru,0,1,0,0,0,0,,0,
TX-103371,SYN-10090,2026-08-03T10:00:00+05:30,6075.72,607572,out,essential,Completed,,UPI,Payment counterparty,party-5,MCH-10090,DEV-10090,Bengaluru,0,0,0,0,0,0,,0,
TX-103372,SYN-10090,2026-08-09T10:00:00+05:30,6364.77,636477,out,essential,Completed,,UPI,Payment counterparty,party-3,MCH-10090,DEV-10090,Bengaluru,0,0,0,0,0,0,,0,
TX-103373,SYN-10090,2026-08-11T12:00:00+05:30,6118.35,611835,out,transfer,Completed,,Digital banking,Payment counterparty,party-6,,DEV-10090,Bengaluru,0,0,0,0,0,0,,0,
TX-103374,SYN-10090,2026-08-15T10:00:00+05:30,6626.07,662607,out,essential,Completed,,UPI,Payment counterparty,party-6,MCH-10090,DEV-10090,Bengaluru,0,0,0,0,0,0,,0,
TX-103375,SYN-10090,2026-08-16T12:00:00+05:30,9759.75,975975,out,transfer,Completed,,UPI,Payment counterparty,party-5,,DEV-10090,Bengaluru,0,1,0,0,0,0,,0,
TX-103376,SYN-10090,2026-08-21T10:00:00+05:30,5745.41,574541,out,essential,Completed,,Wallet,Payment counterparty,party-1,MCH-10090,DEV-10090,Bengaluru,0,0,0,0,0,0,,0,
TX-103377,SYN-10090,2026-08-26T10:00:00+05:30,7033.49,703349,out,essential,Completed,,UPI,Payment counterparty,party-2,MCH-10090,DEV-10090,Bengaluru,0,0,0,0,0,0,,0,
TX-103378,SYN-10090,2026-09-01T09:00:00+05:30,11029.67,1102967,in,salary,Completed,,UPI,Payment counterparty,employer,MCH-10090,DEV-10090,Bengaluru,0,0,0,0,0,0,,0,
TX-103379,SYN-10090,2026-09-02T12:00:00+05:30,9945.95,994595,out,transfer,Completed,,UPI,Payment counterparty,party-1,,DEV-10090,Bengaluru,0,1,0,0,0,0,,0,
TX-103380,SYN-10090,2026-09-03T10:00:00+05:30,6817.51,681751,out,essential,Completed,,UPI,Payment counterparty,party-4,MCH-10090,DEV-10090,Bengaluru,0,0,0,0,0,0,,0,
TX-103381,SYN-10090,2026-09-09T10:00:00+05:30,6017.68,601768,out,essential,Completed,,Digital banking,Payment counterparty,party-3,MCH-10090,DEV-10090,Bengaluru,0,0,0,0,0,0,,0,
TX-103382,SYN-10090,2026-09-10T15:11:00+05:30,31409.66,3140966,out,transfer,Completed,,Wallet,Payment counterparty,party-20,,DEV-10090,Bengaluru,0,1,0,0,0,0,,0,
TX-103383,SYN-10090,2026-09-10T15:21:00+05:30,31409.66,3140966,out,transfer,Completed,,UPI,Payment counterparty,party-20,,DEV-10090,Bengaluru,0,1,0,0,0,0,,0,
TX-103384,SYN-10090,2026-09-10T15:23:00+05:30,31409.66,3140966,out,transfer,Completed,,UPI,Payment counterparty,party-20,,DEV-10090,Bengaluru,0,1,0,0,0,0,,0,
TX-103385,SYN-10090,2026-09-11T12:00:00+05:30,9914.96,991496,out,transfer,Completed,,Card,Payment counterparty,party-4,,DEV-10090,Bengaluru,0,0,0,0,0,0,,0,
TX-103386,SYN-10090,2026-09-12T15:02:00+05:30,48145.26,4814526,out,transfer,Completed,,Digital banking,Payment counterparty,party-15,,DEV-10146,Bengaluru,1,1,0,1,1,1,,0,
TX-103387,SYN-10090,2026-09-15T10:00:00+05:30,5688.0,568800,out,essential,Completed,,UPI,Payment counterparty,party-5,MCH-10090,DEV-10090,Bengaluru,0,0,0,0,0,0,,0,
TX-103388,SYN-10090,2026-09-16T12:00:00+05:30,10637.3,1063730,out,transfer,Completed,,UPI,Payment counterparty,party-4,,DEV-10090,Bengaluru,0,1,0,0,0,0,,0,
TX-103389,SYN-10090,2026-09-21T10:00:00+05:30,6023.95,602395,out,essential,Completed,,UPI,Payment counterparty,party-2,MCH-10090,DEV-10090,Bengaluru,0,0,0,0,0,0,,0,
TX-103390,SYN-10090,2026-09-26T10:00:00+05:30,5827.51,582751,out,essential,Completed,,Digital banking,Payment counterparty,party-2,MCH-10090,DEV-10090,Bengaluru,0,0,0,0,0,0,,0,
TX-103391,SYN-10090,2026-10-01T09:00:00+05:30,18159.76,1815976,in,salary,Completed,,Card,Payment counterparty,employer,MCH-10090,DEV-10090,Bengaluru,0,0,0,0,0,0,,0,
TX-103392,SYN-10090,2026-10-02T12:00:00+05:30,2992.51,299251,out,transfer,Completed,,Digital banking,Payment counterparty,party-4,,DEV-10090,Bengaluru,0,0,0,0,0,0,,0,
TX-103393,SYN-10090,2026-10-03T10:00:00+05:30,7034.46,703446,out,essential,Completed,,UPI,Payment counterparty,party-5,MCH-10090,DEV-10090,Bengaluru,0,0,0,0,0,0,,0,
TX-103394,SYN-10090,2026-10-09T10:00:00+05:30,6554.23,655423,out,essential,Completed,,Digital banking,Payment counterparty,party-6,MCH-10090,DEV-10090,Bengaluru,0,0,0,0,0,0,,0,
TX-103395,SYN-10090,2026-10-11T12:00:00+05:30,2671.22,267122,out,transfer,Completed,,UPI,Payment counterparty,party-6,,DEV-10090,Bengaluru,0,1,0,0,0,0,,0,
TX-103396,SYN-10090,2026-10-15T09:10:00+05:30,6667.0,666700,in,credit,Completed,,UPI,Payment counterparty,credit-line,MCH-10090,DEV-10090,Bengaluru,0,0,0,0,0,0,,0,
TX-103397,SYN-10090,2026-10-15T10:00:00+05:30,6667.0,666700,out,essential,Completed,,Digital banking,Payment counterparty,party-3,MCH-10090,DEV-10090,Bengaluru,0,0,0,0,0,0,,0,
TX-103398,SYN-10090,2026-10-21T09:10:00+05:30,7161.04,716104,in,credit,Completed,,Digital banking,Payment counterparty,credit-line,MCH-10090,DEV-10090,Bengaluru,0,0,0,0,0,0,,0,
TX-103399,SYN-10090,2026-10-21T10:00:00+05:30,7161.04,716104,out,essential,Completed,,UPI,Payment counterparty,party-1,MCH-10090,DEV-10090,Bengaluru,0,0,0,0,0,0,,0,
TX-103400,SYN-10090,2026-10-26T09:10:00+05:30,6339.77,633977,in,credit,Completed,,UPI,Payment counterparty,credit-line,MCH-10090,DEV-10090,Bengaluru,0,0,0,0,0,0,,0,
TX-103401,SYN-10090,2026-10-26T10:00:00+05:30,6339.77,633977,out,essential,Completed,,UPI,Payment counterparty,party-5,MCH-10090,DEV-10090,Bengaluru,0,0,0,0,0,0,,0,
TX-103402,SYN-10090,2026-11-01T09:00:00+05:30,15280.39,1528039,in,salary,Completed,,UPI,Payment counterparty,employer,MCH-10090,DEV-10090,Bengaluru,0,0,0,0,0,0,,0,
TX-103403,SYN-10090,2026-11-02T12:00:00+05:30,5798.71,579871,out,transfer,Completed,,UPI,Payment counterparty,party-3,,DEV-10090,Bengaluru,0,0,0,0,0,0,,0,
TX-103404,SYN-10090,2026-11-03T10:00:00+05:30,5969.01,596901,out,essential,Completed,,UPI,Payment counterparty,party-6,MCH-10090,DEV-10090,Bengaluru,0,0,0,0,0,0,,0,
TX-103405,SYN-10091,2026-08-02T12:00:00+05:30,3088.57,308857,out,transfer,Completed,,UPI,Payment counterparty,party-2,,DEV-10091,Jaipur,0,0,0,0,0,0,,0,
TX-103406,SYN-10091,2026-08-03T10:00:00+05:30,5177.13,517713,out,essential,Completed,,UPI,Payment counterparty,party-2,MCH-10091,DEV-10091,Jaipur,0,0,0,0,0,0,,0,
TX-103407,SYN-10091,2026-08-09T10:00:00+05:30,5894.38,589438,out,essential,Completed,,UPI,Payment counterparty,party-4,MCH-10091,DEV-10091,Jaipur,0,0,0,0,0,0,,0,
TX-103408,SYN-10091,2026-08-09T12:00:00+05:30,1817.84,181784,out,transfer,Completed,,UPI,Payment counterparty,party-1,,DEV-10091,Jaipur,0,0,0,0,0,0,,0,
TX-103409,SYN-10091,2026-08-15T09:10:00+05:30,3460.16,346016,in,credit,Completed,,UPI,Payment counterparty,credit-line,MCH-10091,DEV-10091,Jaipur,0,0,0,0,0,0,,0,
TX-103410,SYN-10091,2026-08-15T10:00:00+05:30,5177.06,517706,out,essential,Completed,,UPI,Payment counterparty,party-5,MCH-10091,DEV-10091,Jaipur,0,0,0,0,0,0,,0,
TX-103411,SYN-10091,2026-08-21T09:10:00+05:30,6017.94,601794,in,credit,Completed,,UPI,Payment counterparty,credit-line,MCH-10091,DEV-10091,Jaipur,0,0,0,0,0,0,,0,
TX-103412,SYN-10091,2026-08-21T10:00:00+05:30,6017.94,601794,out,essential,Completed,,Digital banking,Payment counterparty,party-3,MCH-10091,DEV-10091,Jaipur,0,0,0,0,0,0,,0,
TX-103413,SYN-10091,2026-08-26T09:10:00+05:30,4703.84,470384,in,credit,Completed,,UPI,Payment counterparty,credit-line,MCH-10091,DEV-10091,Jaipur,0,0,0,0,0,0,,0,
TX-103414,SYN-10091,2026-08-26T10:00:00+05:30,4703.84,470384,out,essential,Completed,,UPI,Payment counterparty,party-2,MCH-10091,DEV-10091,Jaipur,0,0,0,0,0,0,,0,
TX-103415,SYN-10091,2026-08-28T09:00:00+05:30,50661.28,5066128,in,salary,Completed,,Digital banking,Payment counterparty,employer,MCH-10091,DEV-10091,Jaipur,0,0,0,0,0,0,,0,
TX-103416,SYN-10091,2026-08-30T22:30:00+05:30,18296.7,1829670,out,emi,Completed,,UPI,Payment counterparty,lender,MCH-10091,DEV-10091,Jaipur,0,0,0,0,0,0,LN-91-0,2,
TX-103417,SYN-10091,2026-08-30T22:30:00+05:30,9615.88,961588,out,emi,Completed,,UPI,Payment counterparty,lender,MCH-10091,DEV-10091,Jaipur,0,0,0,0,0,0,LN-91-1,2,
TX-103418,SYN-10091,2026-09-02T12:00:00+05:30,5185.11,518511,out,transfer,Completed,,UPI,Payment counterparty,party-1,,DEV-10091,Jaipur,0,0,0,0,0,0,,0,
TX-103419,SYN-10091,2026-09-03T10:00:00+05:30,5841.39,584139,out,essential,Completed,,UPI,Payment counterparty,party-4,MCH-10091,DEV-10091,Jaipur,0,0,0,0,0,0,,0,
TX-103420,SYN-10091,2026-09-09T10:00:00+05:30,5272.45,527245,out,essential,Completed,,UPI,Payment counterparty,party-4,MCH-10091,DEV-10091,Jaipur,0,0,0,0,0,0,,0,
TX-103421,SYN-10091,2026-09-09T12:00:00+05:30,3653.28,365328,out,transfer,Completed,,Digital banking,Payment counterparty,party-6,,DEV-10091,Jaipur,0,0,0,0,0,0,,0,
TX-103422,SYN-10091,2026-09-15T09:10:00+05:30,2848.13,284813,in,credit,Completed,,UPI,Payment counterparty,credit-line,MCH-10091,DEV-10091,Jaipur,0,0,0,0,0,0,,0,
TX-103423,SYN-10091,2026-09-15T10:00:00+05:30,5644.6,564460,out,essential,Completed,,UPI,Payment counterparty,party-5,MCH-10091,DEV-10091,Jaipur,0,0,0,0,0,0,,0,
TX-103424,SYN-10091,2026-09-21T09:10:00+05:30,4488.31,448831,in,credit,Completed,,UPI,Payment counterparty,credit-line,MCH-10091,DEV-10091,Jaipur,0,0,0,0,0,0,,0,
TX-103425,SYN-10091,2026-09-21T10:00:00+05:30,4488.31,448831,out,essential,Completed,,UPI,Payment counterparty,party-5,MCH-10091,DEV-10091,Jaipur,0,0,0,0,0,0,,0,
TX-103426,SYN-10091,2026-09-26T09:10:00+05:30,5442.71,544271,in,credit,Completed,,UPI,Payment counterparty,credit-line,MCH-10091,DEV-10091,Jaipur,0,0,0,0,0,0,,0,
TX-103427,SYN-10091,2026-09-26T10:00:00+05:30,5442.71,544271,out,essential,Completed,,Card,Payment counterparty,party-1,MCH-10091,DEV-10091,Jaipur,0,0,0,0,0,0,,0,
TX-103437,SYN-10091,2026-10-01T12:00:00+05:30,3926.4,392640,out,essential,Pending,2026-09-27T00:00:00+05:30,Digital banking,Payment counterparty,party-4,MCH-10091,DEV-10091,Jaipur,0,0,0,0,0,0,,0,
TX-103428,SYN-10091,2026-10-03T09:10:00+05:30,4934.06,493406,in,credit,Completed,,UPI,Payment counterparty,credit-line,MCH-10091,DEV-10091,Jaipur,0,0,0,0,0,0,,0,
TX-103429,SYN-10091,2026-10-03T10:00:00+05:30,4934.06,493406,out,essential,Completed,,UPI,Payment counterparty,party-5,MCH-10091,DEV-10091,Jaipur,0,0,0,0,0,0,,0,
TX-103430,SYN-10091,2026-10-09T09:10:00+05:30,3905.23,390523,in,credit,Completed,,UPI,Payment counterparty,credit-line,MCH-10091,DEV-10091,Jaipur,0,0,0,0,0,0,,0,
TX-103431,SYN-10091,2026-10-09T10:00:00+05:30,3905.23,390523,out,essential,Completed,,UPI,Payment counterparty,party-4,MCH-10091,DEV-10091,Jaipur,0,0,0,0,0,0,,0,
TX-103432,SYN-10091,2026-10-28T09:00:00+05:30,27455.85,2745585,in,salary,Completed,,Card,Payment counterparty,employer,MCH-10091,DEV-10091,Jaipur,0,0,0,0,0,0,,0,
TX-103433,SYN-10091,2026-10-30T22:30:00+05:30,18296.7,1829670,out,emi,Completed,,Digital banking,Payment counterparty,lender,MCH-10091,DEV-10091,Jaipur,0,0,0,0,0,0,LN-91-0,3,
TX-103434,SYN-10091,2026-10-30T22:30:00+05:30,2676.8,267680,out,emi,Completed,,UPI,Payment counterparty,lender,MCH-10091,DEV-10091,Jaipur,0,0,0,0,0,0,LN-91-1,3,
TX-103435,SYN-10091,2026-10-30T22:30:00+05:30,1089.13,108913,out,emi,Completed,,UPI,Payment counterparty,lender,MCH-10091,DEV-10091,Jaipur,0,0,0,0,0,0,LN-91-0,4,
TX-103436,SYN-10091,2026-11-02T12:00:00+05:30,5393.22,539322,out,transfer,Completed,,UPI,Payment counterparty,party-2,,DEV-10091,Jaipur,0,0,0,0,0,0,,0,
TX-103438,SYN-10092,2026-08-01T09:00:00+05:30,92545.83,9254583,in,salary,Completed,,UPI,Payment counterparty,employer,MCH-10092,DEV-10092,Delhi,0,0,0,0,0,0,,0,
TX-103439,SYN-10092,2026-08-03T10:00:00+05:30,7787.01,778701,out,essential,Completed,,UPI,Payment counterparty,party-6,MCH-10092,DEV-10092,Delhi,0,0,0,0,0,0,,0,
TX-103440,SYN-10092,2026-08-07T12:00:00+05:30,7972.01,797201,out,transfer,Completed,,Card,Payment counterparty,party-3,,DEV-10092,Delhi,0,0,0,0,0,0,,0,
TX-103441,SYN-10092,2026-08-09T10:00:00+05:30,6597.99,659799,out,essential,Completed,,Card,Payment counterparty,party-5,MCH-10092,DEV-10092,Delhi,0,0,0,0,0,0,,0,
TX-103442,SYN-10092,2026-08-15T10:00:00+05:30,8266.84,826684,out,essential,Completed,,UPI,Payment counterparty,party-2,MCH-10092,DEV-10092,Delhi,0,0,0,0,0,0,,0,
TX-103443,SYN-10092,2026-08-21T10:00:00+05:30,6138.67,613867,out,essential,Completed,,UPI,Payment counterparty,party-1,MCH-10092,DEV-10092,Delhi,0,0,0,0,0,0,,0,
TX-103444,SYN-10092,2026-08-21T12:00:00+05:30,9509.89,950989,out,transfer,Completed,,UPI,Payment counterparty,party-6,,DEV-10092,Delhi,0,0,0,0,0,0,,0,
TX-103445,SYN-10092,2026-08-26T10:00:00+05:30,7832.43,783243,out,essential,Completed,,UPI,Payment counterparty,party-3,MCH-10092,DEV-10092,Delhi,0,0,0,0,0,0,,0,
TX-103446,SYN-10092,2026-08-28T22:30:00+05:30,21219.31,2121931,out,emi,Completed,,Digital banking,Payment counterparty,lender,MCH-10092,DEV-10092,Delhi,0,0,0,0,0,0,LN-92-0,2,
TX-103447,SYN-10092,2026-09-01T09:00:00+05:30,32469.63,3246963,in,salary,Completed,,UPI,Payment counterparty,employer,MCH-10092,DEV-10092,Delhi,0,0,0,0,0,0,,0,
TX-103448,SYN-10092,2026-09-03T10:00:00+05:30,7264.37,726437,out,essential,Completed,,UPI,Payment counterparty,party-3,MCH-10092,DEV-10092,Delhi,0,0,0,0,0,0,,0,
TX-103449,SYN-10092,2026-09-07T12:00:00+05:30,12638.27,1263827,out,transfer,Completed,,UPI,Payment counterparty,party-5,,DEV-10146,Delhi,1,0,0,1,0,0,,0,
TX-103450,SYN-10092,2026-09-09T10:00:00+05:30,7323.44,732344,out,essential,Completed,,UPI,Payment counterparty,party-4,MCH-10092,DEV-10092,Delhi,0,0,0,0,0,0,,0,
TX-103451,SYN-10092,2026-09-09T17:16:00+05:30,28734.24,2873424,out,transfer,Completed,,UPI,Payment counterparty,party-26,,DEV-10092,Delhi,0,1,0,0,1,4,,0,
TX-103452,SYN-10092,2026-09-09T17:23:00+05:30,28734.24,2873424,out,transfer,Completed,,UPI,Payment counterparty,party-26,,DEV-10092,Delhi,0,1,0,0,1,2,,0,
TX-103453,SYN-10092,2026-09-09T17:30:00+05:30,28734.24,2873424,out,transfer,Completed,,UPI,Payment counterparty,party-26,,DEV-10092,Delhi,0,1,0,0,1,3,,0,
TX-103454,SYN-10092,2026-09-15T10:00:00+05:30,6543.22,654322,out,essential,Completed,,UPI,Payment counterparty,party-3,MCH-10092,DEV-10092,Delhi,0,0,0,0,0,0,,0,
TX-103455,SYN-10092,2026-09-20T15:25:00+05:30,5311.0,531100,out,transfer,Completed,,UPI,Payment counterparty,party-26,,DEV-10092,Delhi,0,0,0,0,0,0,,0,
TX-103457,SYN-10092,2026-09-20T15:33:00+05:30,5311.0,531100,out,transfer,Completed,,UPI,Payment counterparty,party-26,,DEV-10092,Delhi,0,0,0,0,0,0,,0,
TX-103456,SYN-10092,2026-09-20T15:34:00+05:30,5311.0,531100,out,transfer,Completed,,UPI,Payment counterparty,party-26,,DEV-10092,Delhi,0,0,0,0,0,0,,0,
TX-103458,SYN-10092,2026-09-21T10:00:00+05:30,7918.95,791895,out,essential,Completed,,UPI,Payment counterparty,party-5,MCH-10092,DEV-10092,Delhi,0,0,0,0,0,0,,0,
TX-103459,SYN-10092,2026-09-21T12:00:00+05:30,11823.63,1182363,out,transfer,Completed,,Card,Payment counterparty,party-5,,DEV-10146,Delhi,1,0,0,1,0,0,,0,
TX-103460,SYN-10092,2026-09-26T10:00:00+05:30,6945.46,694546,out,essential,Completed,,UPI,Payment counterparty,party-5,MCH-10092,DEV-10092,Delhi,0,0,0,0,0,0,,0,
TX-103461,SYN-10092,2026-09-28T22:30:00+05:30,21219.31,2121931,out,emi,Completed,,UPI,Payment counterparty,lender,MCH-10092,DEV-10092,Delhi,0,0,0,0,0,0,LN-92-0,3,
TX-103462,SYN-10092,2026-10-01T09:00:00+05:30,38592.33,3859233,in,salary,Completed,,UPI,Payment counterparty,employer,MCH-10092,DEV-10092,Delhi,0,0,0,0,0,0,,0,
TX-103474,SYN-10092,2026-10-01T12:00:00+05:30,5399.16,539916,out,essential,Pending,2026-09-27T00:00:00+05:30,UPI,Payment counterparty,party-5,MCH-10092,DEV-10092,Delhi,0,0,0,0,0,0,,0,
TX-103463,SYN-10092,2026-10-03T10:00:00+05:30,6435.91,643591,out,essential,Completed,,UPI,Payment counterparty,party-2,MCH-10092,DEV-10092,Delhi,0,0,0,0,0,0,,0,
TX-103464,SYN-10092,2026-10-07T12:00:00+05:30,6637.15,663715,out,transfer,Completed,,UPI,Payment counterparty,party-4,,DEV-10092,Delhi,0,1,0,0,0,0,,0,
TX-103465,SYN-10092,2026-10-09T10:00:00+05:30,7941.06,794106,out,essential,Completed,,UPI,Payment counterparty,party-6,MCH-10092,DEV-10092,Delhi,0,0,0,0,0,0,,0,
TX-103466,SYN-10092,2026-10-15T10:00:00+05:30,7643.68,764368,out,essential,Completed,,UPI,Payment counterparty,party-4,MCH-10092,DEV-10092,Delhi,0,0,0,0,0,0,,0,
TX-103467,SYN-10092,2026-10-21T10:00:00+05:30,7969.44,796944,out,essential,Completed,,UPI,Payment counterparty,party-4,MCH-10092,DEV-10092,Delhi,0,0,0,0,0,0,,0,
TX-103468,SYN-10092,2026-10-21T12:00:00+05:30,12501.83,1250183,out,transfer,Completed,,UPI,Payment counterparty,party-1,,DEV-10092,Delhi,0,0,0,0,0,0,,0,
TX-103469,SYN-10092,2026-10-26T09:10:00+05:30,3282.75,328275,in,credit,Completed,,Wallet,Payment counterparty,credit-line,MCH-10092,DEV-10092,Delhi,0,0,0,0,0,0,,0,
TX-103470,SYN-10092,2026-10-26T10:00:00+05:30,6805.07,680507,out,essential,Completed,,UPI,Payment counterparty,party-2,MCH-10092,DEV-10092,Delhi,0,0,0,0,0,0,,0,
TX-103471,SYN-10092,2026-11-01T09:00:00+05:30,54378.28,5437828,in,salary,Completed,,Digital banking,Payment counterparty,employer,MCH-10092,DEV-10092,Delhi,0,0,0,0,0,0,,0,
TX-103472,SYN-10092,2026-11-03T10:00:00+05:30,8171.59,817159,out,essential,Completed,,UPI,Payment counterparty,party-6,MCH-10092,DEV-10092,Delhi,0,0,0,0,0,0,,0,
TX-103473,SYN-10092,2026-11-03T22:30:00+05:30,21219.31,2121931,out,emi,Completed,,UPI,Payment counterparty,lender,MCH-10092,DEV-10092,Delhi,0,0,0,0,0,0,LN-92-0,4,
TX-103475,SYN-10093,2026-08-03T10:00:00+05:30,4065.67,406567,out,essential,Completed,,UPI,Payment counterparty,party-4,MCH-10093,DEV-10093,Mumbai,0,0,0,0,0,0,,0,
TX-103476,SYN-10093,2026-08-05T09:00:00+05:30,59920.49,5992049,in,salary,Completed,,UPI,Payment counterparty,employer,MCH-10093,DEV-10093,Mumbai,0,0,0,0,0,0,,0,
TX-103477,SYN-10093,2026-08-09T10:00:00+05:30,4210.91,421091,out,essential,Completed,,UPI,Payment counterparty,party-5,MCH-10093,DEV-10093,Mumbai,0,0,0,0,0,0,,0,
TX-103478,SYN-10093,2026-08-11T12:00:00+05:30,3396.39,339639,out,transfer,Completed,,UPI,Payment counterparty,party-1,,DEV-10093,Mumbai,0,0,0,0,0,0,,0,
TX-103479,SYN-10093,2026-08-15T10:00:00+05:30,3911.36,391136,out,essential,Completed,,Card,Payment counterparty,party-4,MCH-10093,DEV-10093,Mumbai,0,0,0,0,0,0,,0,
TX-103480,SYN-10093,2026-08-21T10:00:00+05:30,3976.79,397679,out,essential,Completed,,UPI,Payment counterparty,party-1,MCH-10093,DEV-10093,Mumbai,0,0,0,0,0,0,,0,
TX-103481,SYN-10093,2026-08-24T22:30:00+05:30,35801.8,3580180,out,emi,Completed,,UPI,Payment counterparty,lender,MCH-10093,DEV-10093,Mumbai,0,0,0,0,0,0,LN-93-0,2,
TX-103482,SYN-10093,2026-08-26T10:00:00+05:30,4189.5,418950,out,essential,Completed,,Digital banking,Payment counterparty,party-3,MCH-10093,DEV-10093,Mumbai,0,0,0,0,0,0,,0,
TX-103483,SYN-10093,2026-08-27T12:00:00+05:30,3183.6,318360,out,transfer,Completed,,UPI,Payment counterparty,party-2,,DEV-10093,Mumbai,0,0,0,0,0,0,,0,
TX-103484,SYN-10093,2026-09-03T10:00:00+05:30,4217.22,421722,out,essential,Completed,,UPI,Payment counterparty,party-6,MCH-10093,DEV-10093,Mumbai,0,0,0,0,0,0,,0,
TX-103485,SYN-10093,2026-09-05T09:00:00+05:30,55206.9,5520690,in,salary,Completed,,Digital banking,Payment counterparty,employer,MCH-10093,DEV-10093,Mumbai,0,0,0,0,0,0,,0,
TX-103486,SYN-10093,2026-09-09T10:00:00+05:30,4135.73,413573,out,essential,Completed,,Digital banking,Payment counterparty,party-6,MCH-10093,DEV-10093,Mumbai,0,0,0,0,0,0,,0,
TX-103487,SYN-10093,2026-09-11T12:00:00+05:30,4542.87,454287,out,transfer,Completed,,Card,Payment counterparty,party-5,,DEV-10093,Mumbai,0,0,0,0,0,0,,0,
TX-103488,SYN-10093,2026-09-12T14:00:00+05:30,27300.0,2730000,in,transfer,Completed,,UPI,Payment counterparty,sender-1,,DEV-10093,Mumbai,0,1,0,0,0,0,,0,
TX-103489,SYN-10093,2026-09-12T14:03:00+05:30,18700.0,1870000,in,transfer,Completed,,Digital banking,Payment counterparty,sender-1,,DEV-10093,Mumbai,0,1,0,0,0,0,,0,
TX-103490,SYN-10093,2026-09-12T14:06:00+05:30,26100.0,2610000,in,transfer,Completed,,UPI,Payment counterparty,sender-1,,DEV-10093,Mumbai,0,1,0,0,0,0,,0,
TX-103491,SYN-10093,2026-09-12T14:14:00+05:30,64890.0,6489000,out,transfer,Completed,,UPI,Payment counterparty,party-21,,DEV-10093,Mumbai,0,1,0,0,0,0,,0,
TX-103492,SYN-10093,2026-09-15T10:00:00+05:30,4067.32,406732,out,essential,Completed,,UPI,Payment counterparty,party-5,MCH-10093,DEV-10093,Mumbai,0,0,0,0,0,0,,0,
TX-103493,SYN-10093,2026-09-21T10:00:00+05:30,4691.83,469183,out,essential,Completed,,Digital banking,Payment counterparty,party-1,MCH-10093,DEV-10093,Mumbai,0,0,0,0,0,0,,0,
TX-103494,SYN-10093,2026-09-21T22:30:00+05:30,35801.8,3580180,out,emi,Completed,,UPI,Payment counterparty,lender,MCH-10093,DEV-10093,Mumbai,0,0,0,0,0,0,LN-93-0,3,
TX-103495,SYN-10093,2026-09-26T10:00:00+05:30,5007.44,500744,out,essential,Completed,,Wallet,Payment counterparty,party-3,MCH-10093,DEV-10093,Mumbai,0,0,0,0,0,0,,0,
TX-103496,SYN-10093,2026-09-27T12:00:00+05:30,2110.29,211029,out,transfer,Completed,,UPI,Payment counterparty,party-4,,DEV-10146,Mumbai,1,1,0,0,0,0,,0,
TX-103508,SYN-10093,2026-10-01T12:00:00+05:30,3348.06,334806,out,essential,Pending,2026-09-27T00:00:00+05:30,UPI,Payment counterparty,party-4,MCH-10093,DEV-10093,Mumbai,0,0,0,0,0,0,,0,
TX-103497,SYN-10093,2026-10-03T10:00:00+05:30,4431.72,443172,out,essential,Completed,,Card,Payment counterparty,party-1,MCH-10093,DEV-10093,Mumbai,0,0,0,0,0,0,,0,
TX-103498,SYN-10093,2026-10-05T09:00:00+05:30,55186.13,5518613,in,salary,Completed,,UPI,Payment counterparty,employer,MCH-10093,DEV-10093,Mumbai,0,0,0,0,0,0,,0,
TX-103499,SYN-10093,2026-10-09T10:00:00+05:30,4389.01,438901,out,essential,Completed,,UPI,Payment counterparty,party-4,MCH-10093,DEV-10093,Mumbai,0,0,0,0,0,0,,0,
TX-103500,SYN-10093,2026-10-11T12:00:00+05:30,1417.36,141736,out,transfer,Completed,,UPI,Payment counterparty,party-2,,DEV-10093,Mumbai,0,0,0,0,0,0,,0,
TX-103501,SYN-10093,2026-10-15T10:00:00+05:30,4407.61,440761,out,essential,Completed,,Digital banking,Payment counterparty,party-1,MCH-10093,DEV-10093,Mumbai,0,0,0,0,0,0,,0,
TX-103502,SYN-10093,2026-10-21T10:00:00+05:30,4086.16,408616,out,essential,Completed,,UPI,Payment counterparty,party-2,MCH-10093,DEV-10093,Mumbai,0,0,0,0,0,0,,0,
TX-103503,SYN-10093,2026-10-21T22:30:00+05:30,35801.8,3580180,out,emi,Completed,,UPI,Payment counterparty,lender,MCH-10093,DEV-10093,Mumbai,0,0,0,0,0,0,LN-93-0,4,
TX-103504,SYN-10093,2026-10-26T10:00:00+05:30,3960.1,396010,out,essential,Completed,,Card,Payment counterparty,party-6,MCH-10093,DEV-10093,Mumbai,0,0,0,0,0,0,,0,
TX-103505,SYN-10093,2026-10-27T12:00:00+05:30,804.51,80451,out,transfer,Completed,,UPI,Payment counterparty,party-5,,DEV-10146,Mumbai,1,0,0,1,0,0,,0,
TX-103506,SYN-10093,2026-11-03T10:00:00+05:30,4138.96,413896,out,essential,Completed,,UPI,Payment counterparty,party-4,MCH-10093,DEV-10093,Mumbai,0,0,0,0,0,0,,0,
TX-103507,SYN-10093,2026-11-05T09:00:00+05:30,60257.59,6025759,in,salary,Completed,,UPI,Payment counterparty,employer,MCH-10093,DEV-10093,Mumbai,0,0,0,0,0,0,,0,
TX-103509,SYN-10094,2026-08-01T09:00:00+05:30,106738.16,10673816,in,salary,Completed,,Wallet,Payment counterparty,employer,MCH-10094,DEV-10094,Bengaluru,0,0,0,0,0,0,,0,
TX-103510,SYN-10094,2026-08-03T10:00:00+05:30,10617.55,1061755,out,essential,Completed,,UPI,Payment counterparty,party-2,MCH-10094,DEV-10094,Bengaluru,0,0,0,0,0,0,,0,
TX-103511,SYN-10094,2026-08-05T12:00:00+05:30,1431.85,143185,out,transfer,Completed,,UPI,Payment counterparty,party-3,,DEV-10094,Bengaluru,0,1,0,0,0,0,,0,
TX-103512,SYN-10094,2026-08-09T10:00:00+05:30,10676.45,1067645,out,essential,Completed,,UPI,Payment counterparty,party-2,MCH-10094,DEV-10094,Bengaluru,0,0,0,0,0,0,,0,
TX-103513,SYN-10094,2026-08-09T12:00:00+05:30,822.93,82293,out,transfer,Completed,,UPI,Payment counterparty,party-6,,DEV-10094,Bengaluru,0,0,0,0,0,0,,0,
TX-103514,SYN-10094,2026-08-15T10:00:00+05:30,11710.04,1171004,out,essential,Completed,,UPI,Payment counterparty,party-3,MCH-10094,DEV-10094,Bengaluru,0,0,0,0,0,0,,0,
TX-103515,SYN-10094,2026-08-21T10:00:00+05:30,12014.52,1201452,out,essential,Completed,,UPI,Payment counterparty,party-3,MCH-10094,DEV-10094,Bengaluru,0,0,0,0,0,0,,0,
TX-103516,SYN-10094,2026-08-21T22:30:00+05:30,23551.93,2355193,out,emi,Completed,,UPI,Payment counterparty,lender,MCH-10094,DEV-10094,Bengaluru,0,0,0,0,0,0,LN-94-0,2,
TX-103517,SYN-10094,2026-08-26T10:00:00+05:30,10671.19,1067119,out,essential,Completed,,Wallet,Payment counterparty,party-5,MCH-10094,DEV-10094,Bengaluru,0,0,0,0,0,0,,0,
TX-103518,SYN-10094,2026-09-01T09:00:00+05:30,108710.59,10871059,in,salary,Completed,,UPI,Payment counterparty,employer,MCH-10094,DEV-10094,Bengaluru,0,0,0,0,0,0,,0,
TX-103519,SYN-10094,2026-09-03T10:00:00+05:30,9632.24,963224,out,essential,Completed,,Digital banking,Payment counterparty,party-4,MCH-10094,DEV-10094,Bengaluru,0,0,0,0,0,0,,0,
TX-103520,SYN-10094,2026-09-05T12:00:00+05:30,3445.77,344577,out,transfer,Completed,,Digital banking,Payment counterparty,party-5,,DEV-10094,Bengaluru,0,1,0,0,0,0,,0,
TX-103521,SYN-10094,2026-09-09T10:00:00+05:30,12191.97,1219197,out,essential,Completed,,UPI,Payment counterparty,party-4,MCH-10094,DEV-10094,Bengaluru,0,0,0,0,0,0,,0,
TX-103522,SYN-10094,2026-09-09T12:00:00+05:30,1794.81,179481,out,transfer,Completed,,Card,Payment counterparty,party-4,,DEV-10094,Bengaluru,0,1,0,0,0,0,,0,
TX-103523,SYN-10094,2026-09-11T17:17:00+05:30,12326.43,1232643,out,transfer,Completed,,UPI,Payment counterparty,party-17,,DEV-10094,Bengaluru,0,0,0,0,0,0,,0,
TX-103524,SYN-10094,2026-09-11T17:21:00+05:30,12326.43,1232643,out,transfer,Completed,,UPI,Payment counterparty,party-17,,DEV-10094,Bengaluru,0,0,0,0,0,0,,0,
TX-103525,SYN-10094,2026-09-15T10:00:00+05:30,10841.6,1084160,out,essential,Completed,,UPI,Payment counterparty,party-6,MCH-10094,DEV-10094,Bengaluru,0,0,0,0,0,0,,0,
TX-103526,SYN-10094,2026-09-20T14:00:00+05:30,27000.0,2700000,in,transfer,Completed,,Card,Payment counterparty,sender-0,,DEV-10094,Bengaluru,0,1,0,0,0,0,,0,
TX-103527,SYN-10094,2026-09-20T14:03:00+05:30,21600.0,2160000,in,transfer,Completed,,UPI,Payment counterparty,sender-1,,DEV-10094,Bengaluru,0,1,0,0,0,0,,0,
TX-103528,SYN-10094,2026-09-20T14:06:00+05:30,23800.0,2380000,in,transfer,Completed,,UPI,Payment counterparty,sender-2,,DEV-10094,Bengaluru,0,1,0,0,0,0,,0,
TX-103529,SYN-10094,2026-09-20T14:14:00+05:30,65160.0,6516000,out,transfer,Completed,,UPI,Payment counterparty,party-21,,DEV-10094,Bengaluru,0,1,0,0,0,0,,0,
TX-103530,SYN-10094,2026-09-21T10:00:00+05:30,11019.51,1101951,out,essential,Completed,,Card,Payment counterparty,party-2,MCH-10094,DEV-10094,Bengaluru,0,0,0,0,0,0,,0,
TX-103531,SYN-10094,2026-09-21T22:30:00+05:30,23551.93,2355193,out,emi,Completed,,UPI,Payment counterparty,lender,MCH-10094,DEV-10094,Bengaluru,0,0,0,0,0,0,LN-94-0,3,
TX-103532,SYN-10094,2026-09-26T10:00:00+05:30,10503.55,1050355,out,essential,Completed,,Card,Payment counterparty,party-4,MCH-10094,DEV-10094,Bengaluru,0,0,0,0,0,0,,0,
TX-103533,SYN-10094,2026-10-01T09:00:00+05:30,116210.95,11621095,in,salary,Completed,,Digital banking,Payment counterparty,employer,MCH-10094,DEV-10094,Bengaluru,0,0,0,0,0,0,,0,
TX-103545,SYN-10094,2026-10-01T12:00:00+05:30,7994.08,799408,out,essential,Pending,2026-09-27T00:00:00+05:30,Digital banking,Payment counterparty,party-1,MCH-10094,DEV-10094,Bengaluru,0,0,0,0,0,0,,0,
TX-103534,SYN-10094,2026-10-03T10:00:00+05:30,10667.95,1066795,out,essential,Completed,,UPI,Payment counterparty,party-2,MCH-10094,DEV-10094,Bengaluru,0,0,0,0,0,0,,0,
TX-103535,SYN-10094,2026-10-05T12:00:00+05:30,3932.04,393204,out,transfer,Completed,,UPI,Payment counterparty,party-5,,DEV-10094,Bengaluru,0,0,0,0,0,0,,0,
TX-103536,SYN-10094,2026-10-09T10:00:00+05:30,10485.78,1048578,out,essential,Completed,,UPI,Payment counterparty,party-1,MCH-10094,DEV-10094,Bengaluru,0,0,0,0,0,0,,0,
TX-103537,SYN-10094,2026-10-09T12:00:00+05:30,85041.02,8504102,out,transfer,Completed,,Digital banking,Payment counterparty,party-1,,DEV-10094,Bengaluru,0,1,0,0,0,0,,0,
TX-103538,SYN-10094,2026-10-15T10:00:00+05:30,9784.75,978475,out,essential,Completed,,UPI,Payment counterparty,party-2,MCH-10094,DEV-10094,Bengaluru,0,0,0,0,0,0,,0,
TX-103539,SYN-10094,2026-10-21T10:00:00+05:30,12017.16,1201716,out,essential,Completed,,UPI,Payment counterparty,party-2,MCH-10094,DEV-10094,Bengaluru,0,0,0,0,0,0,,0,
TX-103540,SYN-10094,2026-10-21T22:30:00+05:30,23551.93,2355193,out,emi,Completed,,UPI,Payment counterparty,lender,MCH-10094,DEV-10094,Bengaluru,0,0,0,0,0,0,LN-94-0,4,
TX-103541,SYN-10094,2026-10-26T10:00:00+05:30,10706.74,1070674,out,essential,Completed,,UPI,Payment counterparty,party-2,MCH-10094,DEV-10094,Bengaluru,0,0,0,0,0,0,,0,
TX-103542,SYN-10094,2026-11-01T09:00:00+05:30,103978.59,10397859,in,salary,Completed,,Card,Payment counterparty,employer,MCH-10094,DEV-10094,Bengaluru,0,0,0,0,0,0,,0,
TX-103543,SYN-10094,2026-11-03T10:00:00+05:30,11922.56,1192256,out,essential,Completed,,Card,Payment counterparty,party-2,MCH-10094,DEV-10094,Bengaluru,0,0,0,0,0,0,,0,
TX-103544,SYN-10094,2026-11-05T12:00:00+05:30,3048.16,304816,out,transfer,Completed,,Card,Payment counterparty,party-1,,DEV-10146,Bengaluru,1,1,0,0,0,0,,0,
TX-103546,SYN-10095,2026-08-03T10:00:00+05:30,7207.82,720782,out,essential,Completed,,Digital banking,Payment counterparty,party-3,MCH-10095,DEV-10095,Jaipur,0,0,0,0,0,0,,0,
TX-103547,SYN-10095,2026-08-07T12:00:00+05:30,3360.52,336052,out,transfer,Completed,,Card,Payment counterparty,party-3,,DEV-10095,Jaipur,0,0,0,0,0,0,,0,
TX-103548,SYN-10095,2026-08-09T10:00:00+05:30,7255.91,725591,out,essential,Completed,,UPI,Payment counterparty,party-5,MCH-10095,DEV-10095,Jaipur,0,0,0,0,0,0,,0,
TX-103549,SYN-10095,2026-08-12T12:00:00+05:30,3684.92,368492,out,transfer,Completed,,UPI,Payment counterparty,party-5,,DEV-10095,Jaipur,0,0,0,0,0,0,,0,
TX-103550,SYN-10095,2026-08-14T12:00:00+05:30,11251.17,1125117,out,transfer,Completed,,Card,Payment counterparty,party-1,,DEV-10147,Jaipur,1,1,0,0,0,0,,0,
TX-103551,SYN-10095,2026-08-15T10:00:00+05:30,8108.5,810850,out,essential,Completed,,UPI,Payment counterparty,party-5,MCH-10095,DEV-10095,Jaipur,0,0,0,0,0,0,,0,
TX-103552,SYN-10095,2026-08-16T12:00:00+05:30,9262.49,926249,out,transfer,Completed,,UPI,Payment counterparty,party-2,,DEV-10095,Jaipur,0,1,0,0,0,0,,0,
TX-103553,SYN-10095,2026-08-21T10:00:00+05:30,7068.45,706845,out,essential,Completed,,UPI,Payment counterparty,party-2,MCH-10095,DEV-10095,Jaipur,0,0,0,0,0,0,,0,
TX-103554,SYN-10095,2026-08-26T10:00:00+05:30,7170.22,717022,out,essential,Completed,,Card,Payment counterparty,party-2,MCH-10095,DEV-10095,Jaipur,0,0,0,0,0,0,,0,
TX-103555,SYN-10095,2026-08-27T22:30:00+05:30,47008.57,4700857,out,emi,Completed,,Card,Payment counterparty,lender,MCH-10095,DEV-10095,Jaipur,0,0,0,0,0,0,LN-95-0,2,
TX-103556,SYN-10095,2026-08-28T09:00:00+05:30,108001.03,10800103,in,salary,Completed,,UPI,Payment counterparty,employer,MCH-10095,DEV-10095,Jaipur,0,0,0,0,0,0,,0,
TX-103557,SYN-10095,2026-08-30T22:30:00+05:30,27257.47,2725747,out,emi,Completed,,UPI,Payment counterparty,lender,MCH-10095,DEV-10095,Jaipur,0,0,0,0,0,0,LN-95-0,2,
TX-103558,SYN-10095,2026-09-03T10:00:00+05:30,7396.33,739633,out,essential,Completed,,UPI,Payment counterparty,party-2,MCH-10095,DEV-10095,Jaipur,0,0,0,0,0,0,,0,
TX-103559,SYN-10095,2026-09-07T12:00:00+05:30,3998.39,399839,out,transfer,Completed,,UPI,Payment counterparty,party-3,,DEV-10095,Jaipur,0,0,0,0,0,0,,0,
TX-103560,SYN-10095,2026-09-09T10:00:00+05:30,7923.71,792371,out,essential,Completed,,UPI,Payment counterparty,party-2,MCH-10095,DEV-10095,Jaipur,0,0,0,0,0,0,,0,
TX-103561,SYN-10095,2026-09-12T12:00:00+05:30,8488.38,848838,out,transfer,Completed,,UPI,Payment counterparty,party-5,,DEV-10095,Jaipur,0,1,0,0,0,0,,0,
TX-103562,SYN-10095,2026-09-14T12:00:00+05:30,10301.82,1030182,out,transfer,Completed,,Wallet,Payment counterparty,party-5,,DEV-10095,Jaipur,0,0,0,0,0,0,,0,
TX-103563,SYN-10095,2026-09-15T10:00:00+05:30,6788.61,678861,out,essential,Completed,,UPI,Payment counterparty,party-5,MCH-10095,DEV-10095,Jaipur,0,0,0,0,0,0,,0,
TX-103564,SYN-10095,2026-09-16T12:00:00+05:30,4064.9,406490,out,transfer,Completed,,UPI,Payment counterparty,party-5,,DEV-10095,Jaipur,0,0,0,0,0,0,,0,
TX-103565,SYN-10095,2026-09-20T17:05:00+05:30,14856.1,1485610,out,transfer,Completed,,UPI,Payment counterparty,party-17,,DEV-10095,Jaipur,0,0,0,0,1,2,,0,
TX-103566,SYN-10095,2026-09-20T17:15:00+05:30,14856.1,1485610,out,transfer,Completed,,Card,Payment counterparty,party-17,,DEV-10095,Jaipur,0,0,0,0,1,3,,0,
TX-103567,SYN-10095,2026-09-21T10:00:00+05:30,6788.5,678850,out,essential,Completed,,UPI,Payment counterparty,party-5,MCH-10095,DEV-10095,Jaipur,0,0,0,0,0,0,,0,
TX-103568,SYN-10095,2026-09-26T09:10:00+05:30,274.83,27483,in,credit,Completed,,UPI,Payment counterparty,credit-line,MCH-10095,DEV-10095,Jaipur,0,0,0,0,0,0,,0,
TX-103569,SYN-10095,2026-09-26T10:00:00+05:30,7780.67,778067,out,essential,Completed,,UPI,Payment counterparty,party-3,MCH-10095,DEV-10095,Jaipur,0,0,0,0,0,0,,0,
TX-103570,SYN-10095,2026-09-28T09:00:00+05:30,104119.54,10411954,in,salary,Completed,,UPI,Payment counterparty,employer,MCH-10095,DEV-10095,Jaipur,0,0,0,0,0,0,,0,
TX-103571,SYN-10095,2026-09-30T22:30:00+05:30,74266.04,7426604,out,emi,Completed,,UPI,Payment counterparty,lender,MCH-10095,DEV-10095,Jaipur,0,0,0,0,0,0,LN-95-0,3,
TX-103586,SYN-10095,2026-10-01T12:00:00+05:30,5771.9,577190,out,essential,Pending,2026-09-27T00:00:00+05:30,Card,Payment counterparty,party-4,MCH-10095,DEV-10095,Jaipur,0,0,0,0,0,0,,0,
TX-103572,SYN-10095,2026-10-03T10:00:00+05:30,7921.6,792160,out,essential,Completed,,Digital banking,Payment counterparty,party-5,MCH-10095,DEV-10095,Jaipur,0,0,0,0,0,0,,0,
TX-103573,SYN-10095,2026-10-07T12:00:00+05:30,2252.31,225231,out,transfer,Completed,,UPI,Payment counterparty,party-2,,DEV-10095,Jaipur,0,1,0,0,0,0,,0,
TX-103574,SYN-10095,2026-10-09T10:00:00+05:30,7553.8,755380,out,essential,Completed,,UPI,Payment counterparty,party-3,MCH-10095,DEV-10095,Jaipur,0,0,0,0,0,0,,0,
TX-103575,SYN-10095,2026-10-12T12:00:00+05:30,2765.88,276588,out,transfer,Completed,,UPI,Payment counterparty,party-3,,DEV-10095,Jaipur,0,1,0,0,0,0,,0,
TX-103576,SYN-10095,2026-10-14T12:00:00+05:30,3836.78,383678,out,transfer,Completed,,UPI,Payment counterparty,party-3,,DEV-10095,Jaipur,0,0,0,0,0,0,,0,
TX-103577,SYN-10095,2026-10-15T09:10:00+05:30,1409.99,140999,in,credit,Completed,,Card,Payment counterparty,credit-line,MCH-10095,DEV-10095,Jaipur,0,0,0,0,0,0,,0,
TX-103578,SYN-10095,2026-10-15T10:00:00+05:30,6933.12,693312,out,essential,Completed,,UPI,Payment counterparty,party-4,MCH-10095,DEV-10095,Jaipur,0,0,0,0,0,0,,0,
TX-103579,SYN-10095,2026-10-21T09:10:00+05:30,8400.79,840079,in,credit,Completed,,Wallet,Payment counterparty,credit-line,MCH-10095,DEV-10095,Jaipur,0,0,0,0,0,0,,0,
TX-103580,SYN-10095,2026-10-21T10:00:00+05:30,8400.79,840079,out,essential,Completed,,UPI,Payment counterparty,party-6,MCH-10095,DEV-10095,Jaipur,0,0,0,0,0,0,,0,
TX-103581,SYN-10095,2026-10-26T09:10:00+05:30,6639.99,663999,in,credit,Completed,,UPI,Payment counterparty,credit-line,MCH-10095,DEV-10095,Jaipur,0,0,0,0,0,0,,0,
TX-103582,SYN-10095,2026-10-26T10:00:00+05:30,6639.99,663999,out,essential,Completed,,Card,Payment counterparty,party-4,MCH-10095,DEV-10095,Jaipur,0,0,0,0,0,0,,0,
TX-103583,SYN-10095,2026-10-28T09:00:00+05:30,111344.5,11134450,in,salary,Completed,,UPI,Payment counterparty,employer,MCH-10095,DEV-10095,Jaipur,0,0,0,0,0,0,,0,
TX-103584,SYN-10095,2026-10-30T22:30:00+05:30,74266.04,7426604,out,emi,Completed,,UPI,Payment counterparty,lender,MCH-10095,DEV-10095,Jaipur,0,0,0,0,0,0,LN-95-0,4,
TX-103585,SYN-10095,2026-11-03T10:00:00+05:30,6706.12,670612,out,essential,Completed,,UPI,Payment counterparty,party-1,MCH-10095,DEV-10095,Jaipur,0,0,0,0,0,0,,0,
TX-103587,SYN-10096,2026-08-03T10:00:00+05:30,1970.22,197022,out,essential,Completed,,UPI,Payment counterparty,party-1,MCH-10096,DEV-10096,Delhi,0,0,0,0,0,0,,0,
TX-103588,SYN-10096,2026-08-04T12:00:00+05:30,5202.09,520209,out,transfer,Completed,,UPI,Payment counterparty,party-5,,DEV-10096,Delhi,0,1,0,0,0,0,,0,
TX-103589,SYN-10096,2026-08-05T09:00:00+05:30,24721.85,2472185,in,salary,Completed,,Card,Payment counterparty,employer,MCH-10096,DEV-10096,Delhi,0,0,0,0,0,0,,0,
TX-103590,SYN-10096,2026-08-09T10:00:00+05:30,1732.85,173285,out,essential,Completed,,Digital banking,Payment counterparty,party-3,MCH-10096,DEV-10096,Delhi,0,0,0,0,0,0,,0,
TX-103591,SYN-10096,2026-08-14T12:00:00+05:30,6814.13,681413,out,transfer,Completed,,UPI,Payment counterparty,party-5,,DEV-10096,Delhi,0,1,0,0,0,0,,0,
TX-103592,SYN-10096,2026-08-15T10:00:00+05:30,1807.67,180767,out,essential,Completed,,UPI,Payment counterparty,party-1,MCH-10096,DEV-10096,Delhi,0,0,0,0,0,0,,0,
TX-103593,SYN-10096,2026-08-17T12:00:00+05:30,3634.21,363421,out,transfer,Completed,,UPI,Payment counterparty,party-2,,DEV-10096,Delhi,0,0,0,0,0,0,,0,
TX-103594,SYN-10096,2026-08-21T10:00:00+05:30,1918.49,191849,out,essential,Completed,,UPI,Payment counterparty,party-4,MCH-10096,DEV-10096,Delhi,0,0,0,0,0,0,,0,
TX-103595,SYN-10096,2026-08-21T22:30:00+05:30,4032.96,403296,out,emi,Completed,,UPI,Payment counterparty,lender,MCH-10096,DEV-10096,Delhi,0,0,0,0,0,0,LN-96-0,2,
TX-103596,SYN-10096,2026-08-26T10:00:00+05:30,1946.6,194660,out,essential,Completed,,Digital banking,Payment counterparty,party-2,MCH-10096,DEV-10096,Delhi,0,0,0,0,0,0,,0,
TX-103597,SYN-10096,2026-09-03T10:00:00+05:30,1815.31,181531,out,essential,Completed,,Wallet,Payment counterparty,party-2,MCH-10096,DEV-10096,Delhi,0,0,0,0,0,0,,0,
TX-103598,SYN-10096,2026-09-04T12:00:00+05:30,5982.79,598279,out,transfer,Completed,,Digital banking,Payment counterparty,party-5,,DEV-10096,Delhi,0,0,0,0,0,0,,0,
TX-103599,SYN-10096,2026-09-05T09:00:00+05:30,26564.4,2656440,in,salary,Completed,,UPI,Payment counterparty,employer,MCH-10096,DEV-10096,Delhi,0,0,0,0,0,0,,0,
TX-103600,SYN-10096,2026-09-09T10:00:00+05:30,1676.6,167660,out,essential,Completed,,UPI,Payment counterparty,party-5,MCH-10096,DEV-10096,Delhi,0,0,0,0,0,0,,0,
TX-103601,SYN-10096,2026-09-09T17:40:00+05:30,3561.28,356128,out,transfer,Completed,,UPI,Payment counterparty,party-24,,DEV-10096,Delhi,0,0,0,0,1,3,,0,
TX-103602,SYN-10096,2026-09-09T17:48:00+05:30,3561.28,356128,out,transfer,Completed,,UPI,Payment counterparty,party-24,,DEV-10096,Delhi,0,0,0,0,1,3,,0,
TX-103603,SYN-10096,2026-09-09T17:56:00+05:30,3561.28,356128,out,transfer,Completed,,UPI,Payment counterparty,party-24,,DEV-10096,Delhi,0,0,0,0,1,4,,0,
TX-103604,SYN-10096,2026-09-14T12:00:00+05:30,48648.68,4864868,out,transfer,Completed,,Digital banking,Payment counterparty,party-3,,DEV-10096,Delhi,0,0,0,0,0,0,,0,
TX-103605,SYN-10096,2026-09-15T10:00:00+05:30,1890.88,189088,out,essential,Completed,,UPI,Payment counterparty,party-1,MCH-10096,DEV-10096,Delhi,0,0,0,0,0,0,,0,
TX-103606,SYN-10096,2026-09-17T12:00:00+05:30,11266.46,1126646,out,transfer,Completed,,Digital banking,Payment counterparty,party-5,,DEV-10096,Delhi,0,1,0,0,0,0,,0,
TX-103607,SYN-10096,2026-09-21T10:00:00+05:30,2075.0,207500,out,essential,Completed,,UPI,Payment counterparty,party-6,MCH-10096,DEV-10096,Delhi,0,0,0,0,0,0,,0,
TX-103608,SYN-10096,2026-09-21T22:30:00+05:30,4032.96,403296,out,emi,Completed,,UPI,Payment counterparty,lender,MCH-10096,DEV-10096,Delhi,0,0,0,0,0,0,LN-96-0,3,
TX-103609,SYN-10096,2026-09-26T10:00:00+05:30,2091.76,209176,out,essential,Completed,,UPI,Payment counterparty,party-5,MCH-10096,DEV-10096,Delhi,0,0,0,0,0,0,,0,
TX-103623,SYN-10096,2026-10-01T12:00:00+05:30,1369.62,136962,out,essential,Pending,2026-09-27T00:00:00+05:30,UPI,Payment counterparty,party-3,MCH-10096,DEV-10096,Delhi,0,0,0,0,0,0,,0,
TX-103610,SYN-10096,2026-10-03T10:00:00+05:30,1557.33,155733,out,essential,Completed,,Card,Payment counterparty,party-1,MCH-10096,DEV-10096,Delhi,0,0,0,0,0,0,,0,
TX-103611,SYN-10096,2026-10-04T12:00:00+05:30,10597.55,1059755,out,transfer,Completed,,UPI,Payment counterparty,party-3,,DEV-10096,Delhi,0,0,0,0,0,0,,0,
TX-103612,SYN-10096,2026-10-05T09:00:00+05:30,24885.99,2488599,in,salary,Completed,,Card,Payment counterparty,employer,MCH-10096,DEV-10096,Delhi,0,0,0,0,0,0,,0,
TX-103613,SYN-10096,2026-10-09T10:00:00+05:30,1730.77,173077,out,essential,Completed,,UPI,Payment counterparty,party-3,MCH-10096,DEV-10096,Delhi,0,0,0,0,0,0,,0,
TX-103614,SYN-10096,2026-10-14T12:00:00+05:30,3316.53,331653,out,transfer,Completed,,UPI,Payment counterparty,party-1,,DEV-10096,Delhi,0,1,0,0,0,0,,0,
TX-103615,SYN-10096,2026-10-15T10:00:00+05:30,2030.64,203064,out,essential,Completed,,UPI,Payment counterparty,party-6,MCH-10096,DEV-10096,Delhi,0,0,0,0,0,0,,0,
TX-103616,SYN-10096,2026-10-17T12:00:00+05:30,9977.03,997703,out,transfer,Completed,,UPI,Payment counterparty,party-1,,DEV-10096,Delhi,0,1,0,0,0,0,,0,
TX-103617,SYN-10096,2026-10-21T10:00:00+05:30,2012.78,201278,out,essential,Completed,,UPI,Payment counterparty,party-3,MCH-10096,DEV-10096,Delhi,0,0,0,0,0,0,,0,
TX-103618,SYN-10096,2026-10-21T22:30:00+05:30,4032.96,403296,out,emi,Completed,,Digital banking,Payment counterparty,lender,MCH-10096,DEV-10096,Delhi,0,0,0,0,0,0,LN-96-0,4,
TX-103619,SYN-10096,2026-10-26T10:00:00+05:30,1787.96,178796,out,essential,Completed,,UPI,Payment counterparty,party-5,MCH-10096,DEV-10096,Delhi,0,0,0,0,0,0,,0,
TX-103620,SYN-10096,2026-11-03T10:00:00+05:30,1888.16,188816,out,essential,Completed,,UPI,Payment counterparty,party-6,MCH-10096,DEV-10096,Delhi,0,0,0,0,0,0,,0,
TX-103621,SYN-10096,2026-11-04T12:00:00+05:30,7037.71,703771,out,transfer,Completed,,UPI,Payment counterparty,party-3,,DEV-10096,Delhi,0,1,0,0,0,0,,0,
TX-103622,SYN-10096,2026-11-05T09:00:00+05:30,26534.34,2653434,in,salary,Completed,,Digital banking,Payment counterparty,employer,MCH-10096,DEV-10096,Delhi,0,0,0,0,0,0,,0,
TX-103624,SYN-10097,2026-08-01T09:00:00+05:30,34942.32,3494232,in,salary,Completed,,Digital banking,Payment counterparty,employer,MCH-10097,DEV-10097,Mumbai,0,0,0,0,0,0,,0,
TX-103625,SYN-10097,2026-08-03T10:00:00+05:30,4733.61,473361,out,essential,Completed,,UPI,Payment counterparty,party-3,MCH-10097,DEV-10097,Mumbai,0,0,0,0,0,0,,0,
TX-103626,SYN-10097,2026-08-09T10:00:00+05:30,4046.05,404605,out,essential,Completed,,UPI,Payment counterparty,party-5,MCH-10097,DEV-10097,Mumbai,0,0,0,0,0,0,,0,
TX-103627,SYN-10097,2026-08-13T12:00:00+05:30,589.56,58956,out,transfer,Completed,,Digital banking,Payment counterparty,party-6,,DEV-10097,Mumbai,0,0,0,0,0,0,,0,
TX-103628,SYN-10097,2026-08-15T10:00:00+05:30,4936.97,493697,out,essential,Completed,,Card,Payment counterparty,party-6,MCH-10097,DEV-10097,Mumbai,0,0,0,0,0,0,,0,
TX-103629,SYN-10097,2026-08-17T12:00:00+05:30,2980.82,298082,out,transfer,Completed,,UPI,Payment counterparty,party-3,,DEV-10097,Mumbai,0,1,0,0,0,0,,0,
TX-103630,SYN-10097,2026-08-21T10:00:00+05:30,4124.12,412412,out,essential,Completed,,UPI,Payment counterparty,party-2,MCH-10097,DEV-10097,Mumbai,0,0,0,0,0,0,,0,
TX-103631,SYN-10097,2026-08-23T22:30:00+05:30,13031.87,1303187,out,emi,Completed,,Wallet,Payment counterparty,lender,MCH-10097,DEV-10097,Mumbai,0,0,0,0,0,0,LN-97-0,2,
TX-103632,SYN-10097,2026-08-25T12:00:00+05:30,1972.66,197266,out,transfer,Completed,,UPI,Payment counterparty,party-4,,DEV-10097,Mumbai,0,0,0,0,0,0,,0,
TX-103633,SYN-10097,2026-08-26T10:00:00+05:30,4049.03,404903,out,essential,Completed,,UPI,Payment counterparty,party-2,MCH-10097,DEV-10097,Mumbai,0,0,0,0,0,0,,0,
TX-103634,SYN-10097,2026-08-28T12:00:00+05:30,1504.24,150424,out,transfer,Completed,,UPI,Payment counterparty,party-5,,DEV-10097,Mumbai,0,0,0,0,0,0,,0,
TX-103635,SYN-10097,2026-09-01T09:00:00+05:30,37909.12,3790912,in,salary,Completed,,Wallet,Payment counterparty,employer,MCH-10097,DEV-10097,Mumbai,0,0,0,0,0,0,,0,
TX-103636,SYN-10097,2026-09-03T10:00:00+05:30,4837.91,483791,out,essential,Completed,,UPI,Payment counterparty,party-1,MCH-10097,DEV-10097,Mumbai,0,0,0,0,0,0,,0,
TX-103637,SYN-10097,2026-09-09T10:00:00+05:30,5157.18,515718,out,essential,Completed,,UPI,Payment counterparty,party-2,MCH-10097,DEV-10097,Mumbai,0,0,0,0,0,0,,0,
TX-103638,SYN-10097,2026-09-09T17:10:00+05:30,69758.73,6975873,out,transfer,Completed,,UPI,Payment counterparty,party-28,,DEV-10147,Mumbai,1,1,0,1,1,4,,0,
TX-103639,SYN-10097,2026-09-12T10:00:00+05:30,66270.79,6627079,in,transfer,Completed,,Wallet,Payment counterparty,recovery,,DEV-10097,Mumbai,0,0,0,0,0,0,,0,
TX-103640,SYN-10097,2026-09-13T12:00:00+05:30,1716.8,171680,out,transfer,Completed,,UPI,Payment counterparty,party-6,,DEV-10097,Mumbai,0,1,0,0,0,0,,0,
TX-103641,SYN-10097,2026-09-15T10:00:00+05:30,4834.11,483411,out,essential,Completed,,Card,Payment counterparty,party-2,MCH-10097,DEV-10097,Mumbai,0,0,0,0,0,0,,0,
TX-103642,SYN-10097,2026-09-17T12:00:00+05:30,725.06,72506,out,transfer,Completed,,Digital banking,Payment counterparty,party-1,,DEV-10097,Mumbai,0,0,0,0,0,0,,0,
TX-103643,SYN-10097,2026-09-21T10:00:00+05:30,4559.44,455944,out,essential,Completed,,Digital banking,Payment counterparty,party-6,MCH-10097,DEV-10097,Mumbai,0,0,0,0,0,0,,0,
TX-103644,SYN-10097,2026-09-23T22:30:00+05:30,13031.87,1303187,out,emi,Completed,,Digital banking,Payment counterparty,lender,MCH-10097,DEV-10097,Mumbai,0,0,0,0,0,0,LN-97-0,3,
TX-103645,SYN-10097,2026-09-25T12:00:00+05:30,2081.39,208139,out,transfer,Completed,,UPI,Payment counterparty,party-4,,DEV-10097,Mumbai,0,1,0,0,0,0,,0,
TX-103646,SYN-10097,2026-09-26T10:00:00+05:30,3955.94,395594,out,essential,Completed,,UPI,Payment counterparty,party-6,MCH-10097,DEV-10097,Mumbai,0,0,0,0,0,0,,0,
TX-103647,SYN-10097,2026-09-28T12:00:00+05:30,334.25,33425,out,transfer,Completed,,Card,Payment counterparty,party-3,,DEV-10097,Mumbai,0,1,0,0,0,0,,0,
TX-103648,SYN-10097,2026-10-01T09:00:00+05:30,33631.49,3363149,in,salary,Completed,,UPI,Payment counterparty,employer,MCH-10097,DEV-10097,Mumbai,0,0,0,0,0,0,,0,
TX-103661,SYN-10097,2026-10-01T12:00:00+05:30,3465.28,346528,out,essential,Pending,2026-09-27T00:00:00+05:30,UPI,Payment counterparty,party-4,MCH-10097,DEV-10097,Mumbai,0,0,0,0,0,0,,0,
TX-103649,SYN-10097,2026-10-03T10:00:00+05:30,4483.36,448336,out,essential,Completed,,UPI,Payment counterparty,party-6,MCH-10097,DEV-10097,Mumbai,0,0,0,0,0,0,,0,
TX-103650,SYN-10097,2026-10-09T10:00:00+05:30,5051.94,505194,out,essential,Completed,,UPI,Payment counterparty,party-2,MCH-10097,DEV-10097,Mumbai,0,0,0,0,0,0,,0,
TX-103651,SYN-10097,2026-10-13T12:00:00+05:30,517.97,51797,out,transfer,Completed,,UPI,Payment counterparty,party-1,,DEV-10097,Mumbai,0,1,0,0,0,0,,0,
TX-103652,SYN-10097,2026-10-15T10:00:00+05:30,4061.88,406188,out,essential,Completed,,UPI,Payment counterparty,party-1,MCH-10097,DEV-10097,Mumbai,0,0,0,0,0,0,,0,
TX-103653,SYN-10097,2026-10-17T12:00:00+05:30,482.42,48242,out,transfer,Completed,,UPI,Payment counterparty,party-2,,DEV-10097,Mumbai,0,0,0,0,0,0,,0,
TX-103654,SYN-10097,2026-10-21T10:00:00+05:30,4107.08,410708,out,essential,Completed,,Digital banking,Payment counterparty,party-1,MCH-10097,DEV-10097,Mumbai,0,0,0,0,0,0,,0,
TX-103655,SYN-10097,2026-10-23T22:30:00+05:30,13031.87,1303187,out,emi,Completed,,UPI,Payment counterparty,lender,MCH-10097,DEV-10097,Mumbai,0,0,0,0,0,0,LN-97-0,4,
TX-103656,SYN-10097,2026-10-25T12:00:00+05:30,1195.18,119518,out,transfer,Completed,,UPI,Payment counterparty,party-3,,DEV-10097,Mumbai,0,0,0,0,0,0,,0,
TX-103657,SYN-10097,2026-10-26T10:00:00+05:30,4458.32,445832,out,essential,Completed,,Wallet,Payment counterparty,party-2,MCH-10097,DEV-10097,Mumbai,0,0,0,0,0,0,,0,
TX-103658,SYN-10097,2026-10-28T12:00:00+05:30,2711.6,271160,out,transfer,Completed,,UPI,Payment counterparty,party-1,,DEV-10097,Mumbai,0,1,0,0,0,0,,0,
TX-103659,SYN-10097,2026-11-01T09:00:00+05:30,36524.33,3652433,in,salary,Completed,,Digital banking,Payment counterparty,employer,MCH-10097,DEV-10097,Mumbai,0,0,0,0,0,0,,0,
TX-103660,SYN-10097,2026-11-03T10:00:00+05:30,4880.57,488057,out,essential,Completed,,UPI,Payment counterparty,party-6,MCH-10097,DEV-10097,Mumbai,0,0,0,0,0,0,,0,
TX-103662,SYN-10098,2026-08-01T09:00:00+05:30,94009.97,9400997,in,salary,Completed,,Wallet,Payment counterparty,employer,MCH-10098,DEV-10098,Bengaluru,0,0,0,0,0,0,,0,
TX-103663,SYN-10098,2026-08-03T10:00:00+05:30,12843.47,1284347,out,essential,Completed,,UPI,Payment counterparty,party-3,MCH-10098,DEV-10098,Bengaluru,0,0,0,0,0,0,,0,
TX-103664,SYN-10098,2026-08-05T12:00:00+05:30,2131.48,213148,out,transfer,Completed,,UPI,Payment counterparty,party-3,,DEV-10098,Bengaluru,0,0,0,0,0,0,,0,
TX-103665,SYN-10098,2026-08-07T12:00:00+05:30,2056.88,205688,out,transfer,Completed,,UPI,Payment counterparty,party-2,,DEV-10098,Bengaluru,0,0,0,0,0,0,,0,
TX-103666,SYN-10098,2026-08-09T10:00:00+05:30,14353.53,1435353,out,essential,Completed,,UPI,Payment counterparty,party-3,MCH-10098,DEV-10098,Bengaluru,0,0,0,0,0,0,,0,
TX-103667,SYN-10098,2026-08-14T12:00:00+05:30,12570.25,1257025,out,transfer,Completed,,UPI,Payment counterparty,party-3,,DEV-10098,Bengaluru,0,1,0,0,0,0,,0,
TX-103668,SYN-10098,2026-08-15T10:00:00+05:30,14812.96,1481296,out,essential,Completed,,Digital banking,Payment counterparty,party-2,MCH-10098,DEV-10098,Bengaluru,0,0,0,0,0,0,,0,
TX-103669,SYN-10098,2026-08-16T12:00:00+05:30,3928.39,392839,out,transfer,Completed,,UPI,Payment counterparty,party-1,,DEV-10098,Bengaluru,0,0,0,0,0,0,,0,
TX-103670,SYN-10098,2026-08-21T10:00:00+05:30,15060.07,1506007,out,essential,Completed,,UPI,Payment counterparty,party-5,MCH-10098,DEV-10098,Bengaluru,0,0,0,0,0,0,,0,
TX-103671,SYN-10098,2026-08-23T22:30:00+05:30,27329.66,2732966,out,emi,Completed,,UPI,Payment counterparty,lender,MCH-10098,DEV-10098,Bengaluru,0,0,0,0,0,0,LN-98-0,2,
TX-103672,SYN-10098,2026-08-26T10:00:00+05:30,14623.84,1462384,out,essential,Completed,,Digital banking,Payment counterparty,party-2,MCH-10098,DEV-10098,Bengaluru,0,0,0,0,0,0,,0,
TX-103673,SYN-10098,2026-09-01T09:00:00+05:30,108933.57,10893357,in,salary,Completed,,UPI,Payment counterparty,employer,MCH-10098,DEV-10098,Bengaluru,0,0,0,0,0,0,,0,
TX-103674,SYN-10098,2026-09-03T10:00:00+05:30,15159.84,1515984,out,essential,Completed,,UPI,Payment counterparty,party-3,MCH-10098,DEV-10098,Bengaluru,0,0,0,0,0,0,,0,
TX-103675,SYN-10098,2026-09-05T12:00:00+05:30,5068.04,506804,out,transfer,Completed,,Card,Payment counterparty,party-5,,DEV-10098,Bengaluru,0,0,0,0,0,0,,0,
TX-103676,SYN-10098,2026-09-07T12:00:00+05:30,8448.26,844826,out,transfer,Completed,,UPI,Payment counterparty,party-4,,DEV-10098,Bengaluru,0,0,0,0,0,0,,0,
TX-103677,SYN-10098,2026-09-09T10:00:00+05:30,12211.49,1221149,out,essential,Completed,,UPI,Payment counterparty,party-4,MCH-10098,DEV-10098,Bengaluru,0,0,0,0,0,0,,0,
TX-103678,SYN-10098,2026-09-10T17:34:00+05:30,93030.72,9303072,out,transfer,Completed,,UPI,Payment counterparty,party-16,,DEV-10098,Bengaluru,0,1,0,0,1,4,,0,
TX-103679,SYN-10098,2026-09-10T17:37:00+05:30,93030.72,9303072,out,transfer,Completed,,Digital banking,Payment counterparty,party-16,,DEV-10098,Bengaluru,0,1,0,0,1,3,,0,
TX-103680,SYN-10098,2026-09-14T12:00:00+05:30,9912.04,991204,out,transfer,Completed,,UPI,Payment counterparty,party-2,,DEV-10098,Bengaluru,0,0,0,0,0,0,,0,
TX-103681,SYN-10098,2026-09-15T09:10:00+05:30,1258.63,125863,in,credit,Completed,,UPI,Payment counterparty,credit-line,MCH-10098,DEV-10098,Bengaluru,0,0,0,0,0,0,,0,
TX-103682,SYN-10098,2026-09-15T10:00:00+05:30,13300.57,1330057,out,essential,Completed,,Digital banking,Payment counterparty,party-4,MCH-10098,DEV-10098,Bengaluru,0,0,0,0,0,0,,0,
TX-103683,SYN-10098,2026-09-21T09:10:00+05:30,12617.86,1261786,in,credit,Completed,,UPI,Payment counterparty,credit-line,MCH-10098,DEV-10098,Bengaluru,0,0,0,0,0,0,,0,
TX-103684,SYN-10098,2026-09-21T10:00:00+05:30,12617.86,1261786,out,essential,Completed,,UPI,Payment counterparty,party-4,MCH-10098,DEV-10098,Bengaluru,0,0,0,0,0,0,,0,
TX-103685,SYN-10098,2026-09-26T09:10:00+05:30,13574.59,1357459,in,credit,Completed,,Card,Payment counterparty,credit-line,MCH-10098,DEV-10098,Bengaluru,0,0,0,0,0,0,,0,
TX-103686,SYN-10098,2026-09-26T10:00:00+05:30,13574.59,1357459,out,essential,Completed,,UPI,Payment counterparty,party-6,MCH-10098,DEV-10098,Bengaluru,0,0,0,0,0,0,,0,
TX-103687,SYN-10098,2026-10-01T09:00:00+05:30,101233.42,10123342,in,salary,Completed,,Card,Payment counterparty,employer,MCH-10098,DEV-10098,Bengaluru,0,0,0,0,0,0,,0,
TX-103704,SYN-10098,2026-10-01T12:00:00+05:30,9915.25,991525,out,essential,Pending,2026-09-27T00:00:00+05:30,UPI,Payment counterparty,party-6,MCH-10098,DEV-10098,Bengaluru,0,0,0,0,0,0,,0,
TX-103688,SYN-10098,2026-10-02T22:30:00+05:30,27329.66,2732966,out,emi,Completed,,UPI,Payment counterparty,lender,MCH-10098,DEV-10098,Bengaluru,0,0,0,0,0,0,LN-98-0,3,
TX-103689,SYN-10098,2026-10-03T10:00:00+05:30,11631.12,1163112,out,essential,Completed,,UPI,Payment counterparty,party-3,MCH-10098,DEV-10098,Bengaluru,0,0,0,0,0,0,,0,
TX-103690,SYN-10098,2026-10-05T12:00:00+05:30,4652.15,465215,out,transfer,Completed,,UPI,Payment counterparty,party-1,,DEV-10147,Bengaluru,1,1,0,0,0,0,,0,
TX-103691,SYN-10098,2026-10-07T12:00:00+05:30,12759.71,1275971,out,transfer,Completed,,Wallet,Payment counterparty,party-4,,DEV-10147,Bengaluru,1,0,0,1,0,0,,0,
TX-103692,SYN-10098,2026-10-09T10:00:00+05:30,11912.51,1191251,out,essential,Completed,,Digital banking,Payment counterparty,party-2,MCH-10098,DEV-10098,Bengaluru,0,0,0,0,0,0,,0,
TX-103693,SYN-10098,2026-10-14T12:00:00+05:30,10323.93,1032393,out,transfer,Completed,,UPI,Payment counterparty,party-2,,DEV-10098,Bengaluru,0,1,0,0,0,0,,0,
TX-103694,SYN-10098,2026-10-15T10:00:00+05:30,14709.32,1470932,out,essential,Completed,,UPI,Payment counterparty,party-5,MCH-10098,DEV-10098,Bengaluru,0,0,0,0,0,0,,0,
TX-103695,SYN-10098,2026-10-16T12:00:00+05:30,6273.97,627397,out,transfer,Completed,,Card,Payment counterparty,party-1,,DEV-10098,Bengaluru,0,0,0,0,0,0,,0,
TX-103696,SYN-10098,2026-10-21T09:10:00+05:30,12075.35,1207535,in,credit,Completed,,UPI,Payment counterparty,credit-line,MCH-10098,DEV-10098,Bengaluru,0,0,0,0,0,0,,0,
TX-103697,SYN-10098,2026-10-21T10:00:00+05:30,13716.4,1371640,out,essential,Completed,,UPI,Payment counterparty,party-4,MCH-10098,DEV-10098,Bengaluru,0,0,0,0,0,0,,0,
TX-103698,SYN-10098,2026-10-26T09:10:00+05:30,12078.44,1207844,in,credit,Completed,,UPI,Payment counterparty,credit-line,MCH-10098,DEV-10098,Bengaluru,0,0,0,0,0,0,,0,
TX-103699,SYN-10098,2026-10-26T10:00:00+05:30,12078.44,1207844,out,essential,Completed,,UPI,Payment counterparty,party-2,MCH-10098,DEV-10098,Bengaluru,0,0,0,0,0,0,,0,
TX-103700,SYN-10098,2026-11-01T09:00:00+05:30,101018.03,10101803,in,salary,Completed,,UPI,Payment counterparty,employer,MCH-10098,DEV-10098,Bengaluru,0,0,0,0,0,0,,0,
TX-103701,SYN-10098,2026-11-01T22:30:00+05:30,27329.66,2732966,out,emi,Completed,,Card,Payment counterparty,lender,MCH-10098,DEV-10098,Bengaluru,0,0,0,0,0,0,LN-98-0,4,
TX-103702,SYN-10098,2026-11-03T10:00:00+05:30,14044.53,1404453,out,essential,Completed,,UPI,Payment counterparty,party-4,MCH-10098,DEV-10098,Bengaluru,0,0,0,0,0,0,,0,
TX-103703,SYN-10098,2026-11-05T12:00:00+05:30,13052.93,1305293,out,transfer,Completed,,Card,Payment counterparty,party-4,,DEV-10098,Bengaluru,0,0,0,0,0,0,,0,
TX-103705,SYN-10099,2026-08-03T10:00:00+05:30,2465.95,246595,out,essential,Completed,,Digital banking,Payment counterparty,party-6,MCH-10099,DEV-10099,Jaipur,0,0,0,0,0,0,,0,
TX-103706,SYN-10099,2026-08-05T09:00:00+05:30,29120.65,2912065,in,salary,Completed,,Card,Payment counterparty,employer,MCH-10099,DEV-10099,Jaipur,0,0,0,0,0,0,,0,
TX-103707,SYN-10099,2026-08-09T10:00:00+05:30,2452.06,245206,out,essential,Completed,,UPI,Payment counterparty,party-3,MCH-10099,DEV-10099,Jaipur,0,0,0,0,0,0,,0,
TX-103708,SYN-10099,2026-08-12T12:00:00+05:30,5565.64,556564,out,transfer,Completed,,Wallet,Payment counterparty,party-5,,DEV-10099,Jaipur,0,1,0,0,0,0,,0,
TX-103709,SYN-10099,2026-08-15T10:00:00+05:30,2257.49,225749,out,essential,Completed,,UPI,Payment counterparty,party-5,MCH-10099,DEV-10099,Jaipur,0,0,0,0,0,0,,0,
TX-103710,SYN-10099,2026-08-20T12:00:00+05:30,6067.9,606790,out,transfer,Completed,,UPI,Payment counterparty,party-4,,DEV-10099,Jaipur,0,1,0,0,0,0,,0,
TX-103711,SYN-10099,2026-08-21T10:00:00+05:30,2070.19,207019,out,essential,Completed,,UPI,Payment counterparty,party-1,MCH-10099,DEV-10099,Jaipur,0,0,0,0,0,0,,0,
TX-103712,SYN-10099,2026-08-21T22:30:00+05:30,15822.9,1582290,out,emi,Completed,,Digital banking,Payment counterparty,lender,MCH-10099,DEV-10099,Jaipur,0,0,0,0,0,0,LN-99-0,2,
TX-103713,SYN-10099,2026-08-26T10:00:00+05:30,2387.46,238746,out,essential,Completed,,UPI,Payment counterparty,party-6,MCH-10099,DEV-10099,Jaipur,0,0,0,0,0,0,,0,
TX-103714,SYN-10099,2026-09-03T10:00:00+05:30,2230.29,223029,out,essential,Completed,,UPI,Payment counterparty,party-5,MCH-10099,DEV-10099,Jaipur,0,0,0,0,0,0,,0,
TX-103715,SYN-10099,2026-09-05T09:00:00+05:30,29544.23,2954423,in,salary,Completed,,Card,Payment counterparty,employer,MCH-10099,DEV-10099,Jaipur,0,0,0,0,0,0,,0,
TX-103716,SYN-10099,2026-09-09T10:00:00+05:30,2547.99,254799,out,essential,Completed,,UPI,Payment counterparty,party-1,MCH-10099,DEV-10099,Jaipur,0,0,0,0,0,0,,0,
TX-103717,SYN-10099,2026-09-12T12:00:00+05:30,5366.82,536682,out,transfer,Completed,,UPI,Payment counterparty,party-5,,DEV-10099,Jaipur,0,1,0,0,0,0,,0,
TX-103718,SYN-10099,2026-09-15T10:00:00+05:30,2078.25,207825,out,essential,Completed,,UPI,Payment counterparty,party-6,MCH-10099,DEV-10099,Jaipur,0,0,0,0,0,0,,0,
TX-103719,SYN-10099,2026-09-15T17:37:00+05:30,2205.61,220561,out,transfer,Completed,,Card,Payment counterparty,party-20,,DEV-10147,Jaipur,1,1,0,0,1,1,,0,
TX-103720,SYN-10099,2026-09-15T17:40:00+05:30,2205.61,220561,out,transfer,Completed,,Card,Payment counterparty,party-20,,DEV-10147,Jaipur,1,1,0,1,1,4,,0,
TX-103721,SYN-10099,2026-09-15T17:49:00+05:30,2205.61,220561,out,transfer,Completed,,UPI,Payment counterparty,party-20,,DEV-10147,Jaipur,1,1,0,0,1,2,,0,
TX-103722,SYN-10099,2026-09-20T12:00:00+05:30,3801.74,380174,out,transfer,Completed,,UPI,Payment counterparty,party-6,,DEV-10147,Jaipur,1,1,0,0,0,0,,0,
TX-103723,SYN-10099,2026-09-21T10:00:00+05:30,2189.42,218942,out,essential,Completed,,UPI,Payment counterparty,party-5,MCH-10099,DEV-10099,Jaipur,0,0,0,0,0,0,,0,
TX-103724,SYN-10099,2026-09-21T22:30:00+05:30,15822.9,1582290,out,emi,Completed,,UPI,Payment counterparty,lender,MCH-10099,DEV-10099,Jaipur,0,0,0,0,0,0,LN-99-0,3,
TX-103725,SYN-10099,2026-09-26T10:00:00+05:30,2219.88,221988,out,essential,Completed,,Digital banking,Payment counterparty,party-6,MCH-10099,DEV-10099,Jaipur,0,0,0,0,0,0,,0,
TX-103740,SYN-10099,2026-10-01T12:00:00+05:30,1738.82,173882,out,essential,Pending,2026-09-27T00:00:00+05:30,UPI,Payment counterparty,party-5,MCH-10099,DEV-10099,Jaipur,0,0,0,0,0,0,,0,
TX-103726,SYN-10099,2026-10-03T10:00:00+05:30,2655.46,265546,out,essential,Completed,,UPI,Payment counterparty,party-1,MCH-10099,DEV-10099,Jaipur,0,0,0,0,0,0,,0,
TX-103727,SYN-10099,2026-10-05T09:00:00+05:30,30215.02,3021502,in,salary,Completed,,UPI,Payment counterparty,employer,MCH-10099,DEV-10099,Jaipur,0,0,0,0,0,0,,0,
TX-103728,SYN-10099,2026-10-09T10:00:00+05:30,2400.85,240085,out,essential,Completed,,Card,Payment counterparty,party-3,MCH-10099,DEV-10099,Jaipur,0,0,0,0,0,0,,0,
TX-103729,SYN-10099,2026-10-12T12:00:00+05:30,7492.04,749204,out,transfer,Completed,,Card,Payment counterparty,party-1,,DEV-10099,Jaipur,0,0,0,0,0,0,,0,
TX-103730,SYN-10099,2026-10-15T10:00:00+05:30,2590.34,259034,out,essential,Completed,,Digital banking,Payment counterparty,party-5,MCH-10099,DEV-10099,Jaipur,0,0,0,0,0,0,,0,
TX-103731,SYN-10099,2026-10-20T12:00:00+05:30,4461.89,446189,out,transfer,Completed,,UPI,Payment counterparty,party-2,,DEV-10099,Jaipur,0,0,0,0,0,0,,0,
TX-103732,SYN-10099,2026-10-21T10:00:00+05:30,2461.13,246113,out,essential,Completed,,UPI,Payment counterparty,party-4,MCH-10099,DEV-10099,Jaipur,0,0,0,0,0,0,,0,
TX-103733,SYN-10099,2026-10-21T22:30:00+05:30,15331.4,1533140,out,emi,Completed,,UPI,Payment counterparty,lender,MCH-10099,DEV-10099,Jaipur,0,0,0,0,0,0,LN-99-0,4,
TX-103734,SYN-10099,2026-10-26T09:10:00+05:30,210.18,21018,in,credit,Completed,,UPI,Payment counterparty,credit-line,MCH-10099,DEV-10099,Jaipur,0,0,0,0,0,0,,0,
TX-103735,SYN-10099,2026-10-26T10:00:00+05:30,2426.18,242618,out,essential,Completed,,UPI,Payment counterparty,party-3,MCH-10099,DEV-10099,Jaipur,0,0,0,0,0,0,,0,
TX-103736,SYN-10099,2026-11-03T09:10:00+05:30,2166.98,216698,in,credit,Completed,,Card,Payment counterparty,credit-line,MCH-10099,DEV-10099,Jaipur,0,0,0,0,0,0,,0,
TX-103737,SYN-10099,2026-11-03T10:00:00+05:30,2166.98,216698,out,essential,Completed,,UPI,Payment counterparty,party-5,MCH-10099,DEV-10099,Jaipur,0,0,0,0,0,0,,0,
TX-103738,SYN-10099,2026-11-05T09:00:00+05:30,27969.61,2796961,in,salary,Completed,,Digital banking,Payment counterparty,employer,MCH-10099,DEV-10099,Jaipur,0,0,0,0,0,0,,0,
TX-103739,SYN-10099,2026-11-05T22:30:00+05:30,491.5,49150,out,emi,Completed,,UPI,Payment counterparty,lender,MCH-10099,DEV-10099,Jaipur,0,0,0,0,0,0,LN-99-0,4,
TX-103741,SYN-10100,2026-08-03T10:00:00+05:30,15438.41,1543841,out,essential,Completed,,Digital banking,Payment counterparty,party-1,MCH-10100,DEV-10100,Delhi,0,0,0,0,0,0,,0,
TX-103742,SYN-10100,2026-08-05T09:00:00+05:30,131661.37,13166137,in,salary,Completed,,UPI,Payment counterparty,employer,MCH-10100,DEV-10100,Delhi,0,0,0,0,0,0,,0,
TX-103743,SYN-10100,2026-08-09T10:00:00+05:30,15819.97,1581997,out,essential,Completed,,UPI,Payment counterparty,party-4,MCH-10100,DEV-10100,Delhi,0,0,0,0,0,0,,0,
TX-103744,SYN-10100,2026-08-11T12:00:00+05:30,4525.8,452580,out,transfer,Completed,,UPI,Payment counterparty,party-5,,DEV-10100,Delhi,0,1,0,0,0,0,,0,
TX-103745,SYN-10100,2026-08-14T12:00:00+05:30,5635.01,563501,out,transfer,Completed,,UPI,Payment counterparty,party-1,,DEV-10100,Delhi,0,0,0,0,0,0,,0,
TX-103746,SYN-10100,2026-08-15T10:00:00+05:30,16194.96,1619496,out,essential,Completed,,UPI,Payment counterparty,party-6,MCH-10100,DEV-10100,Delhi,0,0,0,0,0,0,,0,
TX-103747,SYN-10100,2026-08-20T12:00:00+05:30,50890.75,5089075,out,transfer,Completed,,UPI,Payment counterparty,party-6,,DEV-10100,Delhi,0,0,0,0,0,0,,0,
TX-103748,SYN-10100,2026-08-21T10:00:00+05:30,15424.53,1542453,out,essential,Completed,,Wallet,Payment counterparty,party-1,MCH-10100,DEV-10100,Delhi,0,0,0,0,0,0,,0,
TX-103749,SYN-10100,2026-08-26T10:00:00+05:30,16966.02,1696602,out,essential,Completed,,Digital banking,Payment counterparty,party-6,MCH-10100,DEV-10100,Delhi,0,0,0,0,0,0,,0,
TX-103750,SYN-10100,2026-09-03T10:00:00+05:30,16721.19,1672119,out,essential,Completed,,Digital banking,Payment counterparty,party-1,MCH-10100,DEV-10100,Delhi,0,0,0,0,0,0,,0,
TX-103751,SYN-10100,2026-09-05T09:00:00+05:30,127413.17,12741317,in,salary,Completed,,UPI,Payment counterparty,employer,MCH-10100,DEV-10100,Delhi,0,0,0,0,0,0,,0,
TX-103752,SYN-10100,2026-09-09T10:00:00+05:30,16256.5,1625650,out,essential,Completed,,UPI,Payment counterparty,party-4,MCH-10100,DEV-10100,Delhi,0,0,0,0,0,0,,0,
TX-103753,SYN-10100,2026-09-11T12:00:00+05:30,12653.64,1265364,out,transfer,Completed,,Digital banking,Payment counterparty,party-3,,DEV-10100,Delhi,0,0,0,0,0,0,,0,
TX-103754,SYN-10100,2026-09-14T12:00:00+05:30,4050.48,405048,out,transfer,Completed,,Card,Payment counterparty,party-1,,DEV-10100,Delhi,0,0,0,0,0,0,,0,
TX-103755,SYN-10100,2026-09-15T10:00:00+05:30,16742.05,1674205,out,essential,Completed,,UPI,Payment counterparty,party-6,MCH-10100,DEV-10100,Delhi,0,0,0,0,0,0,,0,
TX-103756,SYN-10100,2026-09-20T12:00:00+05:30,8450.17,845017,out,transfer,Completed,,UPI,Payment counterparty,party-5,,DEV-10100,Delhi,0,0,0,0,0,0,,0,
TX-103757,SYN-10100,2026-09-21T10:00:00+05:30,17228.1,1722810,out,essential,Completed,,UPI,Payment counterparty,party-2,MCH-10100,DEV-10100,Delhi,0,0,0,0,0,0,,0,
TX-103758,SYN-10100,2026-09-26T10:00:00+05:30,18750.58,1875058,out,essential,Completed,,UPI,Payment counterparty,party-5,MCH-10100,DEV-10100,Delhi,0,0,0,0,0,0,,0,
TX-103759,SYN-10100,2026-10-03T10:00:00+05:30,16921.98,1692198,out,essential,Completed,,UPI,Payment counterparty,party-6,MCH-10100,DEV-10100,Delhi,0,0,0,0,0,0,,0,
TX-103760,SYN-10100,2026-10-05T09:00:00+05:30,131823.47,13182347,in,salary,Completed,,UPI,Payment counterparty,employer,MCH-10100,DEV-10100,Delhi,0,0,0,0,0,0,,0,
TX-103761,SYN-10100,2026-10-09T10:00:00+05:30,14408.97,1440897,out,essential,Completed,,Digital banking,Payment counterparty,party-2,MCH-10100,DEV-10100,Delhi,0,0,0,0,0,0,,0,
TX-103762,SYN-10100,2026-10-11T12:00:00+05:30,5904.51,590451,out,transfer,Completed,,Card,Payment counterparty,party-2,,DEV-10100,Delhi,0,0,0,0,0,0,,0,
TX-103763,SYN-10100,2026-10-14T12:00:00+05:30,4027.89,402789,out,transfer,Completed,,Wallet,Payment counterparty,party-2,,DEV-10148,Delhi,1,1,0,0,0,0,,0,
TX-103764,SYN-10100,2026-10-15T10:00:00+05:30,14671.23,1467123,out,essential,Completed,,UPI,Payment counterparty,party-3,MCH-10100,DEV-10100,Delhi,0,0,0,0,0,0,,0,
TX-103765,SYN-10100,2026-10-20T12:00:00+05:30,7432.49,743249,out,transfer,Completed,,UPI,Payment counterparty,party-6,,DEV-10100,Delhi,0,1,0,0,0,0,,0,
TX-103766,SYN-10100,2026-10-21T10:00:00+05:30,14891.11,1489111,out,essential,Completed,,UPI,Payment counterparty,party-6,MCH-10100,DEV-10100,Delhi,0,0,0,0,0,0,,0,
TX-103767,SYN-10100,2026-10-26T10:00:00+05:30,16664.66,1666466,out,essential,Completed,,UPI,Payment counterparty,party-1,MCH-10100,DEV-10100,Delhi,0,0,0,0,0,0,,0,
TX-103768,SYN-10100,2026-11-03T10:00:00+05:30,16231.46,1623146,out,essential,Completed,,UPI,Payment counterparty,party-4,MCH-10100,DEV-10100,Delhi,0,0,0,0,0,0,,0,
TX-103769,SYN-10100,2026-11-05T09:00:00+05:30,122385.95,12238595,in,salary,Completed,,UPI,Payment counterparty,employer,MCH-10100,DEV-10100,Delhi,0,0,0,0,0,0,,0,
TX-103770,SYN-10101,2026-08-01T09:00:00+05:30,46763.59,4676359,in,salary,Completed,,UPI,Payment counterparty,employer,MCH-10101,DEV-10101,Mumbai,0,0,0,0,0,0,,0,
TX-103771,SYN-10101,2026-08-03T10:00:00+05:30,4268.92,426892,out,essential,Completed,,UPI,Payment counterparty,party-4,MCH-10101,DEV-10101,Mumbai,0,0,0,0,0,0,,0,
TX-103772,SYN-10101,2026-08-03T12:00:00+05:30,8268.26,826826,out,transfer,Completed,,UPI,Payment counterparty,party-1,,DEV-10148,Mumbai,1,0,0,0,0,0,,0,
TX-103773,SYN-10101,2026-08-09T10:00:00+05:30,3751.56,375156,out,essential,Completed,,UPI,Payment counterparty,party-4,MCH-10101,DEV-10101,Mumbai,0,0,0,0,0,0,,0,
TX-103774,SYN-10101,2026-08-15T10:00:00+05:30,4348.35,434835,out,essential,Completed,,UPI,Payment counterparty,party-5,MCH-10101,DEV-10101,Mumbai,0,0,0,0,0,0,,0,
TX-103775,SYN-10101,2026-08-17T12:00:00+05:30,3599.8,359980,out,transfer,Completed,,UPI,Payment counterparty,party-3,,DEV-10148,Mumbai,1,0,0,0,0,0,,0,
TX-103776,SYN-10101,2026-08-21T10:00:00+05:30,4643.53,464353,out,essential,Completed,,Digital banking,Payment counterparty,party-4,MCH-10101,DEV-10101,Mumbai,0,0,0,0,0,0,,0,
TX-103777,SYN-10101,2026-08-22T12:00:00+05:30,3436.03,343603,out,transfer,Completed,,Card,Payment counterparty,party-1,,DEV-10148,Mumbai,1,0,0,1,0,0,,0,
TX-103778,SYN-10101,2026-08-22T22:30:00+05:30,10976.39,1097639,out,emi,Completed,,UPI,Payment counterparty,lender,MCH-10101,DEV-10101,Mumbai,0,0,0,0,0,0,LN-101-1,2,
TX-103779,SYN-10101,2026-08-24T12:00:00+05:30,4852.72,485272,out,transfer,Completed,,UPI,Payment counterparty,party-6,,DEV-10148,Mumbai,1,1,0,1,0,0,,0,
TX-103780,SYN-10101,2026-08-25T22:30:00+05:30,15940.49,1594049,out,emi,Completed,,UPI,Payment counterparty,lender,MCH-10101,DEV-10101,Mumbai,0,0,0,0,0,0,LN-101-0,2,
TX-103781,SYN-10101,2026-08-26T10:00:00+05:30,4254.12,425412,out,essential,Completed,,UPI,Payment counterparty,party-5,MCH-10101,DEV-10101,Mumbai,0,0,0,0,0,0,,0,
TX-103782,SYN-10101,2026-09-01T09:00:00+05:30,43321.7,4332170,in,salary,Completed,,UPI,Payment counterparty,employer,MCH-10101,DEV-10101,Mumbai,0,0,0,0,0,0,,0,
TX-103783,SYN-10101,2026-09-03T10:00:00+05:30,4755.91,475591,out,essential,Completed,,Digital banking,Payment counterparty,party-2,MCH-10101,DEV-10101,Mumbai,0,0,0,0,0,0,,0,
TX-103784,SYN-10101,2026-09-03T12:00:00+05:30,10461.96,1046196,out,transfer,Completed,,UPI,Payment counterparty,party-4,,DEV-10148,Mumbai,1,0,0,0,0,0,,0,
TX-103785,SYN-10101,2026-09-09T10:00:00+05:30,3994.91,399491,out,essential,Completed,,UPI,Payment counterparty,party-1,MCH-10101,DEV-10101,Mumbai,0,0,0,0,0,0,,0,
TX-103786,SYN-10101,2026-09-15T10:00:00+05:30,4659.2,465920,out,essential,Completed,,UPI,Payment counterparty,party-1,MCH-10101,DEV-10101,Mumbai,0,0,0,0,0,0,,0,
TX-103787,SYN-10101,2026-09-17T12:00:00+05:30,9204.68,920468,out,transfer,Completed,,Wallet,Payment counterparty,party-5,,DEV-10148,Mumbai,1,0,0,0,0,0,,0,
TX-103788,SYN-10101,2026-09-21T10:00:00+05:30,4150.53,415053,out,essential,Completed,,UPI,Payment counterparty,party-6,MCH-10101,DEV-10101,Mumbai,0,0,0,0,0,0,,0,
TX-103789,SYN-10101,2026-09-22T12:00:00+05:30,10593.57,1059357,out,transfer,Completed,,UPI,Payment counterparty,party-3,,DEV-10148,Mumbai,1,0,0,0,0,0,,0,
TX-103790,SYN-10101,2026-09-22T22:30:00+05:30,4299.9,429990,out,emi,Completed,,Digital banking,Payment counterparty,lender,MCH-10101,DEV-10101,Mumbai,0,0,0,0,0,0,LN-101-0,3,
TX-103791,SYN-10101,2026-09-24T12:00:00+05:30,4984.25,498425,out,transfer,Completed,,UPI,Payment counterparty,party-4,,DEV-10148,Mumbai,1,0,0,1,0,0,,0,
TX-103792,SYN-10101,2026-09-26T09:10:00+05:30,2483.6,248360,in,credit,Completed,,UPI,Payment counterparty,credit-line,MCH-10101,DEV-10101,Mumbai,0,0,0,0,0,0,,0,
TX-103793,SYN-10101,2026-09-26T10:00:00+05:30,3919.0,391900,out,essential,Completed,,Wallet,Payment counterparty,party-5,MCH-10101,DEV-10101,Mumbai,0,0,0,0,0,0,,0,
TX-103794,SYN-10101,2026-10-01T09:00:00+05:30,43847.67,4384767,in,salary,Completed,,UPI,Payment counterparty,employer,MCH-10101,DEV-10101,Mumbai,0,0,0,0,0,0,,0,
TX-103814,SYN-10101,2026-10-01T12:00:00+05:30,3119.77,311977,out,essential,Pending,2026-09-27T00:00:00+05:30,Digital banking,Payment counterparty,party-4,MCH-10101,DEV-10101,Mumbai,0,0,0,0,0,0,,0,
TX-103795,SYN-10101,2026-10-01T22:30:00+05:30,10976.39,1097639,out,emi,Completed,,UPI,Payment counterparty,lender,MCH-10101,DEV-10101,Mumbai,0,0,0,0,0,0,LN-101-1,3,
TX-103796,SYN-10101,2026-10-03T10:00:00+05:30,4083.74,408374,out,essential,Completed,,Card,Payment counterparty,party-1,MCH-10101,DEV-10101,Mumbai,0,0,0,0,0,0,,0,
TX-103797,SYN-10101,2026-10-03T12:00:00+05:30,14489.6,1448960,out,transfer,Completed,,Digital banking,Payment counterparty,party-2,,DEV-10148,Mumbai,1,1,0,0,0,0,,0,
TX-103798,SYN-10101,2026-10-04T22:30:00+05:30,7394.02,739402,out,emi,Completed,,Card,Payment counterparty,lender,MCH-10101,DEV-10101,Mumbai,0,0,0,0,0,0,LN-101-0,3,
TX-103799,SYN-10101,2026-10-07T22:30:00+05:30,4224.19,422419,out,emi,Completed,,Card,Payment counterparty,lender,MCH-10101,DEV-10101,Mumbai,0,0,0,0,0,0,LN-101-0,3,
TX-103800,SYN-10101,2026-10-09T09:10:00+05:30,1087.01,108701,in,credit,Completed,,UPI,Payment counterparty,credit-line,MCH-10101,DEV-10101,Mumbai,0,0,0,0,0,0,,0,
TX-103801,SYN-10101,2026-10-09T10:00:00+05:30,3766.74,376674,out,essential,Completed,,Wallet,Payment counterparty,party-5,MCH-10101,DEV-10101,Mumbai,0,0,0,0,0,0,,0,
TX-103802,SYN-10101,2026-10-15T09:10:00+05:30,3884.18,388418,in,credit,Completed,,Digital banking,Payment counterparty,credit-line,MCH-10101,DEV-10101,Mumbai,0,0,0,0,0,0,,0,
TX-103803,SYN-10101,2026-10-15T10:00:00+05:30,3884.18,388418,out,essential,Completed,,UPI,Payment counterparty,party-1,MCH-10101,DEV-10101,Mumbai,0,0,0,0,0,0,,0,
TX-103804,SYN-10101,2026-10-21T09:10:00+05:30,3900.75,390075,in,credit,Completed,,Card,Payment counterparty,credit-line,MCH-10101,DEV-10101,Mumbai,0,0,0,0,0,0,,0,
TX-103805,SYN-10101,2026-10-21T10:00:00+05:30,3900.75,390075,out,essential,Completed,,UPI,Payment counterparty,party-2,MCH-10101,DEV-10101,Mumbai,0,0,0,0,0,0,,0,
TX-103806,SYN-10101,2026-10-26T09:10:00+05:30,4015.67,401567,in,credit,Completed,,UPI,Payment counterparty,credit-line,MCH-10101,DEV-10101,Mumbai,0,0,0,0,0,0,,0,
TX-103807,SYN-10101,2026-10-26T10:00:00+05:30,4015.67,401567,out,essential,Completed,,UPI,Payment counterparty,party-3,MCH-10101,DEV-10101,Mumbai,0,0,0,0,0,0,,0,
TX-103808,SYN-10101,2026-11-01T09:00:00+05:30,47752.69,4775269,in,salary,Completed,,Card,Payment counterparty,employer,MCH-10101,DEV-10101,Mumbai,0,0,0,0,0,0,,0,
TX-103809,SYN-10101,2026-11-03T10:00:00+05:30,4758.62,475862,out,essential,Completed,,Card,Payment counterparty,party-4,MCH-10101,DEV-10101,Mumbai,0,0,0,0,0,0,,0,
TX-103810,SYN-10101,2026-11-03T12:00:00+05:30,9842.87,984287,out,transfer,Completed,,Digital banking,Payment counterparty,party-1,,DEV-10148,Mumbai,1,0,0,1,0,0,,0,
TX-103811,SYN-10101,2026-11-03T22:30:00+05:30,22.38,2238,out,emi,Completed,,UPI,Payment counterparty,lender,MCH-10101,DEV-10101,Mumbai,0,0,0,0,0,0,LN-101-0,3,
TX-103812,SYN-10101,2026-11-03T22:30:00+05:30,15940.49,1594049,out,emi,Completed,,UPI,Payment counterparty,lender,MCH-10101,DEV-10101,Mumbai,0,0,0,0,0,0,LN-101-0,4,
TX-103813,SYN-10101,2026-11-03T22:30:00+05:30,10976.39,1097639,out,emi,Completed,,UPI,Payment counterparty,lender,MCH-10101,DEV-10101,Mumbai,0,0,0,0,0,0,LN-101-1,4,
TX-103815,SYN-10102,2026-08-03T10:00:00+05:30,2689.37,268937,out,essential,Completed,,UPI,Payment counterparty,party-2,MCH-10102,DEV-10102,Bengaluru,0,0,0,0,0,0,,0,
TX-103816,SYN-10102,2026-08-04T12:00:00+05:30,1724.29,172429,out,transfer,Completed,,Digital banking,Payment counterparty,party-4,,DEV-10102,Bengaluru,0,1,0,0,0,0,,0,
TX-103817,SYN-10102,2026-08-09T10:00:00+05:30,2420.47,242047,out,essential,Completed,,UPI,Payment counterparty,party-1,MCH-10102,DEV-10102,Bengaluru,0,0,0,0,0,0,,0,
TX-103818,SYN-10102,2026-08-15T10:00:00+05:30,2393.07,239307,out,essential,Completed,,Card,Payment counterparty,party-4,MCH-10102,DEV-10102,Bengaluru,0,0,0,0,0,0,,0,
TX-103819,SYN-10102,2026-08-21T10:00:00+05:30,3016.93,301693,out,essential,Completed,,UPI,Payment counterparty,party-4,MCH-10102,DEV-10102,Bengaluru,0,0,0,0,0,0,,0,
TX-103820,SYN-10102,2026-08-23T12:00:00+05:30,6940.06,694006,out,transfer,Completed,,Card,Payment counterparty,party-6,,DEV-10148,Bengaluru,1,1,0,1,0,0,,0,
TX-103821,SYN-10102,2026-08-26T10:00:00+05:30,2380.36,238036,out,essential,Completed,,Card,Payment counterparty,party-4,MCH-10102,DEV-10102,Bengaluru,0,0,0,0,0,0,,0,
TX-103822,SYN-10102,2026-08-26T22:30:00+05:30,22458.61,2245861,out,emi,Completed,,UPI,Payment counterparty,lender,MCH-10102,DEV-10102,Bengaluru,0,0,0,0,0,0,LN-102-0,2,
TX-103823,SYN-10102,2026-08-28T09:00:00+05:30,32015.11,3201511,in,salary,Completed,,UPI,Payment counterparty,employer,MCH-10102,DEV-10102,Bengaluru,0,0,0,0,0,0,,0,
TX-103824,SYN-10102,2026-09-03T10:00:00+05:30,2867.35,286735,out,essential,Completed,,UPI,Payment counterparty,party-6,MCH-10102,DEV-10102,Bengaluru,0,0,0,0,0,0,,0,
TX-103825,SYN-10102,2026-09-04T12:00:00+05:30,6881.15,688115,out,transfer,Completed,,UPI,Payment counterparty,party-4,,DEV-10102,Bengaluru,0,1,0,0,0,0,,0,
TX-103826,SYN-10102,2026-09-09T10:00:00+05:30,2774.94,277494,out,essential,Completed,,Digital banking,Payment counterparty,party-3,MCH-10102,DEV-10102,Bengaluru,0,0,0,0,0,0,,0,
TX-103827,SYN-10102,2026-09-12T16:03:00+05:30,7497.54,749754,out,transfer,Completed,,UPI,Payment counterparty,party-26,,DEV-10148,Bengaluru,1,1,0,0,1,2,,0,
TX-103828,SYN-10102,2026-09-12T16:10:00+05:30,7497.54,749754,out,transfer,Completed,,Wallet,Payment counterparty,party-26,,DEV-10148,Bengaluru,1,1,0,0,1,2,,0,
TX-103829,SYN-10102,2026-09-12T16:13:00+05:30,7497.54,749754,out,transfer,Completed,,Card,Payment counterparty,party-26,,DEV-10148,Bengaluru,1,1,0,0,1,4,,0,
TX-103830,SYN-10102,2026-09-15T10:00:00+05:30,2891.4,289140,out,essential,Completed,,UPI,Payment counterparty,party-2,MCH-10102,DEV-10102,Bengaluru,0,0,0,0,0,0,,0,
TX-103831,SYN-10102,2026-09-19T16:24:00+05:30,2009.68,200968,out,transfer,Completed,,Digital banking,Payment counterparty,party-8,,DEV-10102,Bengaluru,0,0,0,0,0,0,,0,
TX-103832,SYN-10102,2026-09-19T16:30:00+05:30,2009.68,200968,out,transfer,Completed,,UPI,Payment counterparty,party-8,,DEV-10102,Bengaluru,0,0,0,0,0,0,,0,
TX-103833,SYN-10102,2026-09-19T16:30:00+05:30,2009.68,200968,out,transfer,Completed,,UPI,Payment counterparty,party-8,,DEV-10102,Bengaluru,0,0,0,0,0,0,,0,
TX-103834,SYN-10102,2026-09-21T10:00:00+05:30,2710.18,271018,out,essential,Completed,,Wallet,Payment counterparty,party-3,MCH-10102,DEV-10102,Bengaluru,0,0,0,0,0,0,,0,
TX-103835,SYN-10102,2026-09-23T12:00:00+05:30,2371.1,237110,out,transfer,Completed,,Digital banking,Payment counterparty,party-3,,DEV-10102,Bengaluru,0,0,0,0,0,0,,0,
TX-103836,SYN-10102,2026-09-26T09:10:00+05:30,2999.57,299957,in,credit,Completed,,Wallet,Payment counterparty,credit-line,MCH-10102,DEV-10102,Bengaluru,0,0,0,0,0,0,,0,
TX-103837,SYN-10102,2026-09-26T10:00:00+05:30,2999.57,299957,out,essential,Completed,,Wallet,Payment counterparty,party-5,MCH-10102,DEV-10102,Bengaluru,0,0,0,0,0,0,,0,
TX-103838,SYN-10102,2026-09-28T09:00:00+05:30,7128.52,712852,in,salary,Completed,,Wallet,Payment counterparty,employer,MCH-10102,DEV-10102,Bengaluru,0,0,0,0,0,0,,0,
TX-103839,SYN-10102,2026-09-29T22:30:00+05:30,2912.0,291200,out,emi,Completed,,UPI,Payment counterparty,lender,MCH-10102,DEV-10102,Bengaluru,0,0,0,0,0,0,LN-102-0,3,
TX-103856,SYN-10102,2026-10-01T12:00:00+05:30,1980.03,198003,out,essential,Pending,2026-09-27T00:00:00+05:30,UPI,Payment counterparty,party-6,MCH-10102,DEV-10102,Bengaluru,0,0,0,0,0,0,,0,
TX-103840,SYN-10102,2026-10-02T22:30:00+05:30,2427.96,242796,out,emi,Completed,,UPI,Payment counterparty,lender,MCH-10102,DEV-10102,Bengaluru,0,0,0,0,0,0,LN-102-0,3,
TX-103841,SYN-10102,2026-10-03T09:10:00+05:30,756.21,75621,in,credit,Completed,,Digital banking,Payment counterparty,credit-line,MCH-10102,DEV-10102,Bengaluru,0,0,0,0,0,0,,0,
TX-103842,SYN-10102,2026-10-03T10:00:00+05:30,2544.77,254477,out,essential,Completed,,UPI,Payment counterparty,party-4,MCH-10102,DEV-10102,Bengaluru,0,0,0,0,0,0,,0,
TX-103843,SYN-10102,2026-10-09T09:10:00+05:30,2971.84,297184,in,credit,Completed,,UPI,Payment counterparty,credit-line,MCH-10102,DEV-10102,Bengaluru,0,0,0,0,0,0,,0,
TX-103844,SYN-10102,2026-10-09T10:00:00+05:30,2971.84,297184,out,essential,Completed,,UPI,Payment counterparty,party-6,MCH-10102,DEV-10102,Bengaluru,0,0,0,0,0,0,,0,
TX-103845,SYN-10102,2026-10-15T09:10:00+05:30,2273.97,227397,in,credit,Completed,,Digital banking,Payment counterparty,credit-line,MCH-10102,DEV-10102,Bengaluru,0,0,0,0,0,0,,0,
TX-103846,SYN-10102,2026-10-15T10:00:00+05:30,2273.97,227397,out,essential,Completed,,Card,Payment counterparty,party-6,MCH-10102,DEV-10102,Bengaluru,0,0,0,0,0,0,,0,
TX-103847,SYN-10102,2026-10-21T09:10:00+05:30,2579.1,257910,in,credit,Completed,,UPI,Payment counterparty,credit-line,MCH-10102,DEV-10102,Bengaluru,0,0,0,0,0,0,,0,
TX-103848,SYN-10102,2026-10-21T10:00:00+05:30,2579.1,257910,out,essential,Completed,,Digital banking,Payment counterparty,party-4,MCH-10102,DEV-10102,Bengaluru,0,0,0,0,0,0,,0,
TX-103849,SYN-10102,2026-10-26T09:10:00+05:30,2845.5,284550,in,credit,Completed,,UPI,Payment counterparty,credit-line,MCH-10102,DEV-10102,Bengaluru,0,0,0,0,0,0,,0,
TX-103850,SYN-10102,2026-10-26T10:00:00+05:30,2845.5,284550,out,essential,Completed,,UPI,Payment counterparty,party-6,MCH-10102,DEV-10102,Bengaluru,0,0,0,0,0,0,,0,
TX-103851,SYN-10102,2026-10-28T09:00:00+05:30,12379.47,1237947,in,salary,Completed,,UPI,Payment counterparty,employer,MCH-10102,DEV-10102,Bengaluru,0,0,0,0,0,0,,0,
TX-103852,SYN-10102,2026-10-29T22:30:00+05:30,7544.58,754458,out,emi,Completed,,UPI,Payment counterparty,lender,MCH-10102,DEV-10102,Bengaluru,0,0,0,0,0,0,LN-102-0,3,
TX-103853,SYN-10102,2026-10-29T22:30:00+05:30,2690.79,269079,out,emi,Completed,,Digital banking,Payment counterparty,lender,MCH-10102,DEV-10102,Bengaluru,0,0,0,0,0,0,LN-102-0,4,
TX-103854,SYN-10102,2026-11-03T09:10:00+05:30,871.32,87132,in,credit,Completed,,UPI,Payment counterparty,credit-line,MCH-10102,DEV-10102,Bengaluru,0,0,0,0,0,0,,0,
TX-103855,SYN-10102,2026-11-03T10:00:00+05:30,3015.42,301542,out,essential,Completed,,UPI,Payment counterparty,party-6,MCH-10102,DEV-10102,Bengaluru,0,0,0,0,0,0,,0,
TX-103857,SYN-10103,2026-08-03T10:00:00+05:30,12738.34,1273834,out,essential,Completed,,UPI,Payment counterparty,party-2,MCH-10103,DEV-10103,Jaipur,0,0,0,0,0,0,,0,
TX-103858,SYN-10103,2026-08-05T12:00:00+05:30,7131.45,713145,out,transfer,Completed,,UPI,Payment counterparty,party-2,,DEV-10103,Jaipur,0,0,0,0,0,0,,0,
TX-103859,SYN-10103,2026-08-09T10:00:00+05:30,11479.6,1147960,out,essential,Completed,,Wallet,Payment counterparty,party-3,MCH-10103,DEV-10103,Jaipur,0,0,0,0,0,0,,0,
TX-103860,SYN-10103,2026-08-15T10:00:00+05:30,13575.78,1357578,out,essential,Completed,,Card,Payment counterparty,party-1,MCH-10103,DEV-10103,Jaipur,0,0,0,0,0,0,,0,
TX-103861,SYN-10103,2026-08-17T12:00:00+05:30,4084.24,408424,out,transfer,Completed,,UPI,Payment counterparty,party-2,,DEV-10103,Jaipur,0,1,0,0,0,0,,0,
TX-103862,SYN-10103,2026-08-21T10:00:00+05:30,11607.9,1160790,out,essential,Completed,,Wallet,Payment counterparty,party-6,MCH-10103,DEV-10103,Jaipur,0,0,0,0,0,0,,0,
TX-103863,SYN-10103,2026-08-23T22:30:00+05:30,29024.49,2902449,out,emi,Completed,,Digital banking,Payment counterparty,lender,MCH-10103,DEV-10103,Jaipur,0,0,0,0,0,0,LN-103-0,2,
TX-103864,SYN-10103,2026-08-26T10:00:00+05:30,12778.23,1277823,out,essential,Completed,,Card,Payment counterparty,party-5,MCH-10103,DEV-10103,Jaipur,0,0,0,0,0,0,,0,
TX-103865,SYN-10103,2026-08-28T09:00:00+05:30,103067.62,10306762,in,salary,Completed,,UPI,Payment counterparty,employer,MCH-10103,DEV-10103,Jaipur,0,0,0,0,0,0,,0,
TX-103866,SYN-10103,2026-09-03T10:00:00+05:30,11962.38,1196238,out,essential,Completed,,Card,Payment counterparty,party-3,MCH-10103,DEV-10103,Jaipur,0,0,0,0,0,0,,0,
TX-103867,SYN-10103,2026-09-05T12:00:00+05:30,8730.93,873093,out,transfer,Completed,,Card,Payment counterparty,party-6,,DEV-10103,Jaipur,0,0,0,0,1,3,,0,
TX-103868,SYN-10103,2026-09-09T10:00:00+05:30,12782.66,1278266,out,essential,Completed,,UPI,Payment counterparty,party-1,MCH-10103,DEV-10103,Jaipur,0,0,0,0,0,0,,0,
TX-103869,SYN-10103,2026-09-15T10:00:00+05:30,10504.75,1050475,out,essential,Completed,,UPI,Payment counterparty,party-5,MCH-10103,DEV-10103,Jaipur,0,0,0,0,0,0,,0,
TX-103870,SYN-10103,2026-09-17T12:00:00+05:30,2190.0,219000,out,transfer,Completed,,Wallet,Payment counterparty,party-4,,DEV-10103,Jaipur,0,0,0,0,0,0,,0,
TX-103871,SYN-10103,2026-09-21T10:00:00+05:30,10563.4,1056340,out,essential,Completed,,UPI,Payment counterparty,party-3,MCH-10103,DEV-10103,Jaipur,0,0,0,0,0,0,,0,
TX-103872,SYN-10103,2026-09-23T22:30:00+05:30,29024.49,2902449,out,emi,Completed,,Digital banking,Payment counterparty,lender,MCH-10103,DEV-10103,Jaipur,0,0,0,0,0,0,LN-103-0,3,
TX-103873,SYN-10103,2026-09-26T10:00:00+05:30,12020.82,1202082,out,essential,Completed,,UPI,Payment counterparty,party-3,MCH-10103,DEV-10103,Jaipur,0,0,0,0,0,0,,0,
TX-103887,SYN-10103,2026-10-01T12:00:00+05:30,8968.17,896817,out,essential,Pending,2026-09-27T00:00:00+05:30,Digital banking,Payment counterparty,party-3,MCH-10103,DEV-10103,Jaipur,0,0,0,0,0,0,,0,
TX-103874,SYN-10103,2026-10-03T10:00:00+05:30,10503.93,1050393,out,essential,Completed,,UPI,Payment counterparty,party-5,MCH-10103,DEV-10103,Jaipur,0,0,0,0,0,0,,0,
TX-103875,SYN-10103,2026-10-05T12:00:00+05:30,7767.13,776713,out,transfer,Completed,,UPI,Payment counterparty,party-6,,DEV-10103,Jaipur,0,0,0,0,0,0,,0,
TX-103876,SYN-10103,2026-10-09T10:00:00+05:30,11633.64,1163364,out,essential,Completed,,UPI,Payment counterparty,party-3,MCH-10103,DEV-10103,Jaipur,0,0,0,0,0,0,,0,
TX-103877,SYN-10103,2026-10-15T10:00:00+05:30,11506.76,1150676,out,essential,Completed,,Digital banking,Payment counterparty,party-5,MCH-10103,DEV-10103,Jaipur,0,0,0,0,0,0,,0,
TX-103878,SYN-10103,2026-10-17T12:00:00+05:30,3604.97,360497,out,transfer,Completed,,UPI,Payment counterparty,party-4,,DEV-10103,Jaipur,0,1,0,0,0,0,,0,
TX-103879,SYN-10103,2026-10-21T09:10:00+05:30,11351.71,1135171,in,credit,Completed,,UPI,Payment counterparty,credit-line,MCH-10103,DEV-10103,Jaipur,0,0,0,0,0,0,,0,
TX-103880,SYN-10103,2026-10-21T10:00:00+05:30,13040.52,1304052,out,essential,Completed,,Wallet,Payment counterparty,party-1,MCH-10103,DEV-10103,Jaipur,0,0,0,0,0,0,,0,
TX-103881,SYN-10103,2026-10-26T09:10:00+05:30,12880.07,1288007,in,credit,Completed,,UPI,Payment counterparty,credit-line,MCH-10103,DEV-10103,Jaipur,0,0,0,0,0,0,,0,
TX-103882,SYN-10103,2026-10-26T10:00:00+05:30,12880.07,1288007,out,essential,Completed,,UPI,Payment counterparty,party-4,MCH-10103,DEV-10103,Jaipur,0,0,0,0,0,0,,0,
TX-103883,SYN-10103,2026-10-28T09:00:00+05:30,61029.98,6102998,in,salary,Completed,,UPI,Payment counterparty,employer,MCH-10103,DEV-10103,Jaipur,0,0,0,0,0,0,,0,
TX-103884,SYN-10103,2026-10-29T22:30:00+05:30,29024.49,2902449,out,emi,Completed,,UPI,Payment counterparty,lender,MCH-10103,DEV-10103,Jaipur,0,0,0,0,0,0,LN-103-0,4,
TX-103885,SYN-10103,2026-11-03T10:00:00+05:30,11882.37,1188237,out,essential,Completed,,UPI,Payment counterparty,party-6,MCH-10103,DEV-10103,Jaipur,0,0,0,0,0,0,,0,
TX-103886,SYN-10103,2026-11-05T12:00:00+05:30,5598.93,559893,out,transfer,Completed,,UPI,Payment counterparty,party-3,,DEV-10103,Jaipur,0,1,0,0,0,0,,0,
TX-103888,SYN-10104,2026-08-02T12:00:00+05:30,7939.95,793995,out,transfer,Completed,,UPI,Payment counterparty,party-2,,DEV-10104,Delhi,0,0,0,0,0,0,,0,
TX-103889,SYN-10104,2026-08-03T10:00:00+05:30,13811.74,1381174,out,essential,Completed,,UPI,Payment counterparty,party-3,MCH-10104,DEV-10104,Delhi,0,0,0,0,0,0,,0,
TX-103890,SYN-10104,2026-08-09T10:00:00+05:30,13145.08,1314508,out,essential,Completed,,Digital banking,Payment counterparty,party-5,MCH-10104,DEV-10104,Delhi,0,0,0,0,0,0,,0,
TX-103891,SYN-10104,2026-08-15T10:00:00+05:30,11589.63,1158963,out,essential,Completed,,UPI,Payment counterparty,party-2,MCH-10104,DEV-10104,Delhi,0,0,0,0,0,0,,0,
TX-103892,SYN-10104,2026-08-20T22:30:00+05:30,50374.45,5037445,out,emi,Completed,,UPI,Payment counterparty,lender,MCH-10104,DEV-10104,Delhi,0,0,0,0,0,0,LN-104-0,2,
TX-103893,SYN-10104,2026-08-21T10:00:00+05:30,12415.96,1241596,out,essential,Completed,,UPI,Payment counterparty,party-4,MCH-10104,DEV-10104,Delhi,0,0,0,0,0,0,,0,
TX-103894,SYN-10104,2026-08-23T12:00:00+05:30,5065.19,506519,out,transfer,Completed,,UPI,Payment counterparty,party-1,,DEV-10104,Delhi,0,1,0,0,0,0,,0,
TX-103895,SYN-10104,2026-08-26T09:10:00+05:30,8329.37,832937,in,credit,Completed,,Wallet,Payment counterparty,credit-line,MCH-10104,DEV-10104,Delhi,0,0,0,0,0,0,,0,
TX-103896,SYN-10104,2026-08-26T10:00:00+05:30,13532.85,1353285,out,essential,Completed,,Digital banking,Payment counterparty,party-5,MCH-10104,DEV-10104,Delhi,0,0,0,0,0,0,,0,
TX-103897,SYN-10104,2026-08-28T09:00:00+05:30,111515.23,11151523,in,salary,Completed,,Wallet,Payment counterparty,employer,MCH-10104,DEV-10104,Delhi,0,0,0,0,0,0,,0,
TX-103898,SYN-10104,2026-09-02T12:00:00+05:30,6131.15,613115,out,transfer,Completed,,UPI,Payment counterparty,party-4,,DEV-10104,Delhi,0,1,0,0,0,0,,0,
TX-103899,SYN-10104,2026-09-03T10:00:00+05:30,10993.19,1099319,out,essential,Completed,,Card,Payment counterparty,party-6,MCH-10104,DEV-10104,Delhi,0,0,0,0,0,0,,0,
TX-103900,SYN-10104,2026-09-09T10:00:00+05:30,14084.02,1408402,out,essential,Completed,,UPI,Payment counterparty,party-1,MCH-10104,DEV-10104,Delhi,0,0,0,0,0,0,,0,
TX-103901,SYN-10104,2026-09-15T10:00:00+05:30,13889.23,1388923,out,essential,Completed,,UPI,Payment counterparty,party-3,MCH-10104,DEV-10104,Delhi,0,0,0,0,0,0,,0,
TX-103902,SYN-10104,2026-09-15T16:01:00+05:30,15901.54,1590154,out,transfer,Completed,,Digital banking,Payment counterparty,party-8,,DEV-10104,Delhi,0,1,0,0,1,1,,0,
TX-103903,SYN-10104,2026-09-15T16:09:00+05:30,15901.54,1590154,out,transfer,Completed,,UPI,Payment counterparty,party-8,,DEV-10104,Delhi,0,1,0,0,1,1,,0,
TX-103904,SYN-10104,2026-09-20T22:30:00+05:30,11100.79,1110079,out,emi,Completed,,UPI,Payment counterparty,lender,MCH-10104,DEV-10104,Delhi,0,0,0,0,0,0,LN-104-0,3,
TX-103905,SYN-10104,2026-09-21T10:00:00+05:30,13265.54,1326554,out,essential,Completed,,UPI,Payment counterparty,party-5,MCH-10104,DEV-10104,Delhi,0,0,0,0,0,0,,0,
TX-103906,SYN-10104,2026-09-23T12:00:00+05:30,10241.88,1024188,out,transfer,Completed,,UPI,Payment counterparty,party-2,,DEV-10104,Delhi,0,0,0,0,0,0,,0,
TX-103907,SYN-10104,2026-09-26T09:10:00+05:30,13276.5,1327650,in,credit,Completed,,UPI,Payment counterparty,credit-line,MCH-10104,DEV-10104,Delhi,0,0,0,0,0,0,,0,
TX-103908,SYN-10104,2026-09-26T10:00:00+05:30,13282.85,1328285,out,essential,Completed,,Digital banking,Payment counterparty,party-3,MCH-10104,DEV-10104,Delhi,0,0,0,0,0,0,,0,
TX-103909,SYN-10104,2026-09-28T09:00:00+05:30,18839.63,1883963,in,salary,Completed,,UPI,Payment counterparty,employer,MCH-10104,DEV-10104,Delhi,0,0,0,0,0,0,,0,
TX-103928,SYN-10104,2026-10-01T12:00:00+05:30,9290.61,929061,out,essential,Pending,2026-09-27T00:00:00+05:30,Card,Payment counterparty,party-1,MCH-10104,DEV-10104,Delhi,0,0,0,0,0,0,,0,
TX-103910,SYN-10104,2026-10-02T12:00:00+05:30,9791.34,979134,out,transfer,Completed,,UPI,Payment counterparty,party-6,,DEV-10104,Delhi,0,1,0,0,0,0,,0,
TX-103911,SYN-10104,2026-10-03T09:10:00+05:30,2600.46,260046,in,credit,Completed,,UPI,Payment counterparty,credit-line,MCH-10104,DEV-10104,Delhi,0,0,0,0,0,0,,0,
TX-103912,SYN-10104,2026-10-03T10:00:00+05:30,11648.75,1164875,out,essential,Completed,,UPI,Payment counterparty,party-3,MCH-10104,DEV-10104,Delhi,0,0,0,0,0,0,,0,
TX-103913,SYN-10104,2026-10-09T09:10:00+05:30,13382.54,1338254,in,credit,Completed,,UPI,Payment counterparty,credit-line,MCH-10104,DEV-10104,Delhi,0,0,0,0,0,0,,0,
TX-103914,SYN-10104,2026-10-09T10:00:00+05:30,13382.54,1338254,out,essential,Completed,,UPI,Payment counterparty,party-3,MCH-10104,DEV-10104,Delhi,0,0,0,0,0,0,,0,
TX-103915,SYN-10104,2026-10-15T09:10:00+05:30,11502.85,1150285,in,credit,Completed,,Card,Payment counterparty,credit-line,MCH-10104,DEV-10104,Delhi,0,0,0,0,0,0,,0,
TX-103916,SYN-10104,2026-10-15T10:00:00+05:30,11502.85,1150285,out,essential,Completed,,UPI,Payment counterparty,party-3,MCH-10104,DEV-10104,Delhi,0,0,0,0,0,0,,0,
TX-103917,SYN-10104,2026-10-21T09:10:00+05:30,13023.11,1302311,in,credit,Completed,,UPI,Payment counterparty,credit-line,MCH-10104,DEV-10104,Delhi,0,0,0,0,0,0,,0,
TX-103918,SYN-10104,2026-10-21T10:00:00+05:30,13023.11,1302311,out,essential,Completed,,Card,Payment counterparty,party-2,MCH-10104,DEV-10104,Delhi,0,0,0,0,0,0,,0,
TX-103919,SYN-10104,2026-10-26T09:10:00+05:30,13995.97,1399597,in,credit,Completed,,Digital banking,Payment counterparty,credit-line,MCH-10104,DEV-10104,Delhi,0,0,0,0,0,0,,0,
TX-103920,SYN-10104,2026-10-26T10:00:00+05:30,13995.97,1399597,out,essential,Completed,,Card,Payment counterparty,party-4,MCH-10104,DEV-10104,Delhi,0,0,0,0,0,0,,0,
TX-103921,SYN-10104,2026-10-28T09:00:00+05:30,28171.68,2817168,in,salary,Completed,,Card,Payment counterparty,employer,MCH-10104,DEV-10104,Delhi,0,0,0,0,0,0,,0,
TX-103922,SYN-10104,2026-10-29T22:30:00+05:30,5685.44,568544,out,emi,Completed,,UPI,Payment counterparty,lender,MCH-10104,DEV-10104,Delhi,0,0,0,0,0,0,LN-104-0,3,
TX-103923,SYN-10104,2026-10-29T22:30:00+05:30,8896.22,889622,out,emi,Completed,,Card,Payment counterparty,lender,MCH-10104,DEV-10104,Delhi,0,0,0,0,0,0,LN-104-0,4,
TX-103924,SYN-10104,2026-11-01T22:30:00+05:30,1678.6,167860,out,emi,Completed,,Digital banking,Payment counterparty,lender,MCH-10104,DEV-10104,Delhi,0,0,0,0,0,0,LN-104-0,3,
TX-103925,SYN-10104,2026-11-02T12:00:00+05:30,1886.05,188605,out,transfer,Completed,,Card,Payment counterparty,party-3,,DEV-10104,Delhi,0,1,0,0,0,0,,0,
TX-103926,SYN-10104,2026-11-03T09:10:00+05:30,3625.25,362525,in,credit,Completed,,UPI,Payment counterparty,credit-line,MCH-10104,DEV-10104,Delhi,0,0,0,0,0,0,,0,
TX-103927,SYN-10104,2026-11-03T10:00:00+05:30,13650.62,1365062,out,essential,Completed,,UPI,Payment counterparty,party-2,MCH-10104,DEV-10104,Delhi,0,0,0,0,0,0,,0,
TX-103929,SYN-10105,2026-08-01T09:00:00+05:30,68072.72,6807272,in,salary,Completed,,Card,Payment counterparty,employer,MCH-10105,DEV-10105,Mumbai,0,0,0,0,0,0,,0,
TX-103930,SYN-10105,2026-08-03T10:00:00+05:30,7101.23,710123,out,essential,Completed,,Digital banking,Payment counterparty,party-5,MCH-10105,DEV-10105,Mumbai,0,0,0,0,0,0,,0,
TX-103931,SYN-10105,2026-08-04T12:00:00+05:30,1834.05,183405,out,transfer,Completed,,UPI,Payment counterparty,party-3,,DEV-10105,Mumbai,0,0,0,0,0,0,,0,
TX-103932,SYN-10105,2026-08-09T10:00:00+05:30,8668.78,866878,out,essential,Completed,,UPI,Payment counterparty,party-5,MCH-10105,DEV-10105,Mumbai,0,0,0,0,0,0,,0,
TX-103933,SYN-10105,2026-08-09T12:00:00+05:30,2976.34,297634,out,transfer,Completed,,UPI,Payment counterparty,party-2,,DEV-10105,Mumbai,0,0,0,0,0,0,,0,
TX-103934,SYN-10105,2026-08-15T10:00:00+05:30,8075.33,807533,out,essential,Completed,,UPI,Payment counterparty,party-3,MCH-10105,DEV-10105,Mumbai,0,0,0,0,0,0,,0,
TX-103935,SYN-10105,2026-08-21T10:00:00+05:30,7877.91,787791,out,essential,Completed,,Card,Payment counterparty,party-2,MCH-10105,DEV-10105,Mumbai,0,0,0,0,0,0,,0,
TX-103936,SYN-10105,2026-08-21T12:00:00+05:30,3960.07,396007,out,transfer,Completed,,UPI,Payment counterparty,party-6,,DEV-10105,Mumbai,0,0,0,0,0,0,,0,
TX-103937,SYN-10105,2026-08-22T22:30:00+05:30,38046.86,3804686,out,emi,Completed,,Digital banking,Payment counterparty,lender,MCH-10105,DEV-10105,Mumbai,0,0,0,0,0,0,LN-105-0,2,
TX-103938,SYN-10105,2026-08-25T12:00:00+05:30,4953.62,495362,out,transfer,Completed,,UPI,Payment counterparty,party-5,,DEV-10105,Mumbai,0,0,0,0,0,0,,0,
TX-103939,SYN-10105,2026-08-26T10:00:00+05:30,7306.89,730689,out,essential,Completed,,UPI,Payment counterparty,party-5,MCH-10105,DEV-10105,Mumbai,0,0,0,0,0,0,,0,
TX-103940,SYN-10105,2026-09-01T09:00:00+05:30,69723.86,6972386,in,salary,Completed,,Card,Payment counterparty,employer,MCH-10105,DEV-10105,Mumbai,0,0,0,0,0,0,,0,
TX-103941,SYN-10105,2026-09-03T10:00:00+05:30,6737.86,673786,out,essential,Completed,,UPI,Payment counterparty,party-2,MCH-10105,DEV-10105,Mumbai,0,0,0,0,0,0,,0,
TX-103942,SYN-10105,2026-09-04T12:00:00+05:30,1749.51,174951,out,transfer,Completed,,UPI,Payment counterparty,party-3,,DEV-10105,Mumbai,0,0,0,0,0,0,,0,
TX-103943,SYN-10105,2026-09-09T10:00:00+05:30,8233.96,823396,out,essential,Completed,,Digital banking,Payment counterparty,party-4,MCH-10105,DEV-10105,Mumbai,0,0,0,0,0,0,,0,
TX-103944,SYN-10105,2026-09-09T12:00:00+05:30,848.63,84863,out,transfer,Completed,,Digital banking,Payment counterparty,party-3,,DEV-10105,Mumbai,0,0,0,0,0,0,,0,
TX-103948,SYN-10105,2026-09-12T14:00:00+05:30,26900.0,2690000,in,transfer,Completed,,UPI,Payment counterparty,sender-1,,DEV-10105,Mumbai,0,1,0,0,0,0,,0,
TX-103949,SYN-10105,2026-09-12T14:03:00+05:30,28800.0,2880000,in,transfer,Completed,,UPI,Payment counterparty,sender-1,,DEV-10105,Mumbai,0,1,0,0,0,0,,0,
TX-103950,SYN-10105,2026-09-12T14:06:00+05:30,19200.0,1920000,in,transfer,Completed,,UPI,Payment counterparty,sender-1,,DEV-10105,Mumbai,0,1,0,0,0,0,,0,
TX-103951,SYN-10105,2026-09-12T14:14:00+05:30,67410.0,6741000,out,transfer,Completed,,UPI,Payment counterparty,party-21,,DEV-10105,Mumbai,0,1,0,0,0,0,,0,
TX-103945,SYN-10105,2026-09-12T16:13:00+05:30,11968.46,1196846,out,transfer,Completed,,UPI,Payment counterparty,party-13,,DEV-10105,Mumbai,0,0,0,0,0,0,,0,
TX-103946,SYN-10105,2026-09-12T16:17:00+05:30,11968.46,1196846,out,transfer,Completed,,UPI,Payment counterparty,party-13,,DEV-10105,Mumbai,0,0,0,0,0,0,,0,
TX-103947,SYN-10105,2026-09-12T16:25:00+05:30,11968.46,1196846,out,transfer,Completed,,UPI,Payment counterparty,party-13,,DEV-10105,Mumbai,0,0,0,0,0,0,,0,
TX-103952,SYN-10105,2026-09-15T10:00:00+05:30,7319.88,731988,out,essential,Completed,,UPI,Payment counterparty,party-1,MCH-10105,DEV-10105,Mumbai,0,0,0,0,0,0,,0,
TX-103953,SYN-10105,2026-09-21T10:00:00+05:30,7467.21,746721,out,essential,Completed,,Digital banking,Payment counterparty,party-4,MCH-10105,DEV-10105,Mumbai,0,0,0,0,0,0,,0,
TX-103954,SYN-10105,2026-09-21T12:00:00+05:30,3204.77,320477,out,transfer,Completed,,UPI,Payment counterparty,party-1,,DEV-10105,Mumbai,0,1,0,0,0,0,,0,
TX-103955,SYN-10105,2026-09-22T22:30:00+05:30,29893.46,2989346,out,emi,Completed,,UPI,Payment counterparty,lender,MCH-10105,DEV-10105,Mumbai,0,0,0,0,0,0,LN-105-0,3,
TX-103956,SYN-10105,2026-09-25T12:00:00+05:30,3063.93,306393,out,transfer,Completed,,Digital banking,Payment counterparty,party-5,,DEV-10105,Mumbai,0,0,0,0,0,0,,0,
TX-103957,SYN-10105,2026-09-26T09:10:00+05:30,3995.85,399585,in,credit,Completed,,Card,Payment counterparty,credit-line,MCH-10105,DEV-10105,Mumbai,0,0,0,0,0,0,,0,
TX-103958,SYN-10105,2026-09-26T10:00:00+05:30,9010.14,901014,out,essential,Completed,,Card,Payment counterparty,party-2,MCH-10105,DEV-10105,Mumbai,0,0,0,0,0,0,,0,
TX-103959,SYN-10105,2026-10-01T09:00:00+05:30,68900.65,6890065,in,salary,Completed,,UPI,Payment counterparty,employer,MCH-10105,DEV-10105,Mumbai,0,0,0,0,0,0,,0,
TX-103975,SYN-10105,2026-10-01T12:00:00+05:30,5900.52,590052,out,essential,Pending,2026-09-27T00:00:00+05:30,UPI,Payment counterparty,party-1,MCH-10105,DEV-10105,Mumbai,0,0,0,0,0,0,,0,
TX-103960,SYN-10105,2026-10-01T22:30:00+05:30,8153.4,815340,out,emi,Completed,,UPI,Payment counterparty,lender,MCH-10105,DEV-10105,Mumbai,0,0,0,0,0,0,LN-105-0,3,
TX-103961,SYN-10105,2026-10-03T10:00:00+05:30,8733.29,873329,out,essential,Completed,,UPI,Payment counterparty,party-2,MCH-10105,DEV-10105,Mumbai,0,0,0,0,0,0,,0,
TX-103962,SYN-10105,2026-10-04T12:00:00+05:30,1001.57,100157,out,transfer,Completed,,Digital banking,Payment counterparty,party-5,,DEV-10105,Mumbai,0,0,0,0,0,0,,0,
TX-103963,SYN-10105,2026-10-09T10:00:00+05:30,8257.59,825759,out,essential,Completed,,UPI,Payment counterparty,party-4,MCH-10105,DEV-10105,Mumbai,0,0,0,0,0,0,,0,
TX-103964,SYN-10105,2026-10-09T12:00:00+05:30,4226.21,422621,out,transfer,Completed,,UPI,Payment counterparty,party-4,,DEV-10105,Mumbai,0,0,0,0,0,0,,0,
TX-103965,SYN-10105,2026-10-15T10:00:00+05:30,8082.39,808239,out,essential,Completed,,Wallet,Payment counterparty,party-6,MCH-10105,DEV-10105,Mumbai,0,0,0,0,0,0,,0,
TX-103966,SYN-10105,2026-10-21T10:00:00+05:30,6716.75,671675,out,essential,Completed,,UPI,Payment counterparty,party-1,MCH-10105,DEV-10105,Mumbai,0,0,0,0,0,0,,0,
TX-103967,SYN-10105,2026-10-21T12:00:00+05:30,2769.62,276962,out,transfer,Completed,,Wallet,Payment counterparty,party-1,,DEV-10105,Mumbai,0,0,0,0,0,0,,0,
TX-103968,SYN-10105,2026-10-22T22:30:00+05:30,9588.18,958818,out,emi,Completed,,UPI,Payment counterparty,lender,MCH-10105,DEV-10105,Mumbai,0,0,0,0,0,0,LN-105-0,4,
TX-103969,SYN-10105,2026-10-25T12:00:00+05:30,876.74,87674,out,transfer,Completed,,UPI,Payment counterparty,party-6,,DEV-10149,Mumbai,1,0,0,0,0,0,,0,
TX-103970,SYN-10105,2026-10-26T10:00:00+05:30,7790.15,779015,out,essential,Completed,,UPI,Payment counterparty,party-2,MCH-10105,DEV-10105,Mumbai,0,0,0,0,0,0,,0,
TX-103971,SYN-10105,2026-11-01T09:00:00+05:30,74280.01,7428001,in,salary,Completed,,Card,Payment counterparty,employer,MCH-10105,DEV-10105,Mumbai,0,0,0,0,0,0,,0,
TX-103972,SYN-10105,2026-11-03T10:00:00+05:30,8819.5,881950,out,essential,Completed,,UPI,Payment counterparty,party-3,MCH-10105,DEV-10105,Mumbai,0,0,0,0,0,0,,0,
TX-103973,SYN-10105,2026-11-03T22:30:00+05:30,28458.68,2845868,out,emi,Completed,,UPI,Payment counterparty,lender,MCH-10105,DEV-10105,Mumbai,0,0,0,0,0,0,LN-105-0,4,
TX-103974,SYN-10105,2026-11-04T12:00:00+05:30,1983.28,198328,out,transfer,Completed,,UPI,Payment counterparty,party-3,,DEV-10105,Mumbai,0,0,0,0,0,0,,0,
TX-103976,SYN-10106,2026-08-03T10:00:00+05:30,3180.31,318031,out,essential,Completed,,Card,Payment counterparty,party-2,MCH-10106,DEV-10106,Bengaluru,0,0,0,0,0,0,,0,
TX-103977,SYN-10106,2026-08-05T09:00:00+05:30,45411.78,4541178,in,salary,Completed,,UPI,Payment counterparty,employer,MCH-10106,DEV-10106,Bengaluru,0,0,0,0,0,0,,0,
TX-103978,SYN-10106,2026-08-09T10:00:00+05:30,3613.07,361307,out,essential,Completed,,UPI,Payment counterparty,party-1,MCH-10106,DEV-10106,Bengaluru,0,0,0,0,0,0,,0,
TX-103979,SYN-10106,2026-08-10T12:00:00+05:30,11551.83,1155183,out,transfer,Completed,,UPI,Payment counterparty,party-4,,DEV-10106,Bengaluru,0,1,0,0,0,0,,0,
TX-103980,SYN-10106,2026-08-15T10:00:00+05:30,3321.26,332126,out,essential,Completed,,UPI,Payment counterparty,party-4,MCH-10106,DEV-10106,Bengaluru,0,0,0,0,0,0,,0,
TX-103981,SYN-10106,2026-08-20T12:00:00+05:30,1806.78,180678,out,transfer,Completed,,Digital banking,Payment counterparty,party-5,,DEV-10106,Bengaluru,0,0,0,0,0,0,,0,
TX-103982,SYN-10106,2026-08-21T10:00:00+05:30,3482.88,348288,out,essential,Completed,,UPI,Payment counterparty,party-1,MCH-10106,DEV-10106,Bengaluru,0,0,0,0,0,0,,0,
TX-103983,SYN-10106,2026-08-24T12:00:00+05:30,9629.82,962982,out,transfer,Completed,,UPI,Payment counterparty,party-3,,DEV-10106,Bengaluru,0,1,0,0,0,0,,0,
TX-103984,SYN-10106,2026-08-24T22:30:00+05:30,9162.58,916258,out,emi,Completed,,UPI,Payment counterparty,lender,MCH-10106,DEV-10106,Bengaluru,0,0,0,0,0,0,LN-106-0,2,
TX-103985,SYN-10106,2026-08-26T10:00:00+05:30,3220.14,322014,out,essential,Completed,,Card,Payment counterparty,party-1,MCH-10106,DEV-10106,Bengaluru,0,0,0,0,0,0,,0,
TX-103986,SYN-10106,2026-08-27T12:00:00+05:30,4454.48,445448,out,transfer,Completed,,UPI,Payment counterparty,party-6,,DEV-10106,Bengaluru,0,0,0,0,0,0,,0,
TX-103987,SYN-10106,2026-09-03T10:00:00+05:30,3472.42,347242,out,essential,Completed,,Card,Payment counterparty,party-3,MCH-10106,DEV-10106,Bengaluru,0,0,0,0,0,0,,0,
TX-103988,SYN-10106,2026-09-05T09:00:00+05:30,40706.97,4070697,in,salary,Completed,,Digital banking,Payment counterparty,employer,MCH-10106,DEV-10106,Bengaluru,0,0,0,0,0,0,,0,
TX-103989,SYN-10106,2026-09-09T10:00:00+05:30,3886.17,388617,out,essential,Completed,,UPI,Payment counterparty,party-6,MCH-10106,DEV-10106,Bengaluru,0,0,0,0,0,0,,0,
TX-103990,SYN-10106,2026-09-10T12:00:00+05:30,5285.94,528594,out,transfer,Completed,,Wallet,Payment counterparty,party-5,,DEV-10106,Bengaluru,0,0,0,0,0,0,,0,
TX-103991,SYN-10106,2026-09-10T14:00:00+05:30,16300.0,1630000,in,transfer,Completed,,UPI,Payment counterparty,sender-0,,DEV-10106,Bengaluru,0,1,0,0,0,0,,0,
TX-103992,SYN-10106,2026-09-10T14:03:00+05:30,29500.0,2950000,in,transfer,Completed,,UPI,Payment counterparty,sender-1,,DEV-10106,Bengaluru,0,1,0,0,0,0,,0,
TX-103993,SYN-10106,2026-09-10T14:06:00+05:30,25700.0,2570000,in,transfer,Completed,,Card,Payment counterparty,sender-2,,DEV-10106,Bengaluru,0,1,0,0,0,0,,0,
TX-103994,SYN-10106,2026-09-10T14:14:00+05:30,64350.0,6435000,out,transfer,Completed,,Digital banking,Payment counterparty,party-21,,DEV-10106,Bengaluru,0,1,0,0,0,0,,0,
TX-103995,SYN-10106,2026-09-15T10:00:00+05:30,3153.55,315355,out,essential,Completed,,UPI,Payment counterparty,party-1,MCH-10106,DEV-10106,Bengaluru,0,0,0,0,0,0,,0,
TX-103996,SYN-10106,2026-09-20T12:00:00+05:30,12903.04,1290304,out,transfer,Completed,,UPI,Payment counterparty,party-4,,DEV-10106,Bengaluru,0,1,0,0,0,0,,0,
TX-103997,SYN-10106,2026-09-21T10:00:00+05:30,3698.32,369832,out,essential,Completed,,Digital banking,Payment counterparty,party-4,MCH-10106,DEV-10106,Bengaluru,0,0,0,0,0,0,,0,
TX-103998,SYN-10106,2026-09-24T12:00:00+05:30,10171.73,1017173,out,transfer,Completed,,UPI,Payment counterparty,party-1,,DEV-10106,Bengaluru,0,1,0,0,0,0,,0,
TX-103999,SYN-10106,2026-09-24T22:30:00+05:30,9162.58,916258,out,emi,Completed,,Card,Payment counterparty,lender,MCH-10106,DEV-10106,Bengaluru,0,0,0,0,0,0,LN-106-0,3,
TX-104000,SYN-10106,2026-09-26T10:00:00+05:30,3626.91,362691,out,essential,Completed,,UPI,Payment counterparty,party-6,MCH-10106,DEV-10106,Bengaluru,0,0,0,0,0,0,,0,
TX-104001,SYN-10106,2026-09-27T12:00:00+05:30,27572.55,2757255,out,transfer,Completed,,Digital banking,Payment counterparty,party-6,,DEV-10106,Bengaluru,0,1,0,0,0,0,,0,
TX-104015,SYN-10106,2026-10-01T12:00:00+05:30,2578.69,257869,out,essential,Pending,2026-09-27T00:00:00+05:30,UPI,Payment counterparty,party-1,MCH-10106,DEV-10106,Bengaluru,0,0,0,0,0,0,,0,
TX-104002,SYN-10106,2026-10-03T10:00:00+05:30,3437.33,343733,out,essential,Completed,,UPI,Payment counterparty,party-6,MCH-10106,DEV-10106,Bengaluru,0,0,0,0,0,0,,0,
TX-104003,SYN-10106,2026-10-05T09:00:00+05:30,44768.98,4476898,in,salary,Completed,,Digital banking,Payment counterparty,employer,MCH-10106,DEV-10106,Bengaluru,0,0,0,0,0,0,,0,
TX-104004,SYN-10106,2026-10-09T10:00:00+05:30,3098.87,309887,out,essential,Completed,,UPI,Payment counterparty,party-1,MCH-10106,DEV-10106,Bengaluru,0,0,0,0,0,0,,0,
TX-104005,SYN-10106,2026-10-10T12:00:00+05:30,6253.06,625306,out,transfer,Completed,,Digital banking,Payment counterparty,party-2,,DEV-10106,Bengaluru,0,0,0,0,0,0,,0,
TX-104006,SYN-10106,2026-10-15T10:00:00+05:30,3161.09,316109,out,essential,Completed,,Card,Payment counterparty,party-1,MCH-10106,DEV-10106,Bengaluru,0,0,0,0,0,0,,0,
TX-104007,SYN-10106,2026-10-20T12:00:00+05:30,7531.73,753173,out,transfer,Completed,,Card,Payment counterparty,party-1,,DEV-10106,Bengaluru,0,0,0,0,0,0,,0,
TX-104008,SYN-10106,2026-10-21T10:00:00+05:30,3646.08,364608,out,essential,Completed,,Card,Payment counterparty,party-6,MCH-10106,DEV-10106,Bengaluru,0,0,0,0,0,0,,0,
TX-104009,SYN-10106,2026-10-24T12:00:00+05:30,6273.13,627313,out,transfer,Completed,,Digital banking,Payment counterparty,party-3,,DEV-10106,Bengaluru,0,0,0,0,0,0,,0,
TX-104010,SYN-10106,2026-10-24T22:30:00+05:30,9162.58,916258,out,emi,Completed,,UPI,Payment counterparty,lender,MCH-10106,DEV-10106,Bengaluru,0,0,0,0,0,0,LN-106-0,4,
TX-104011,SYN-10106,2026-10-26T10:00:00+05:30,3348.6,334860,out,essential,Completed,,UPI,Payment counterparty,party-2,MCH-10106,DEV-10106,Bengaluru,0,0,0,0,0,0,,0,
TX-104012,SYN-10106,2026-10-27T12:00:00+05:30,14519.35,1451935,out,transfer,Completed,,UPI,Payment counterparty,party-2,,DEV-10106,Bengaluru,0,1,0,0,0,0,,0,
TX-104013,SYN-10106,2026-11-03T10:00:00+05:30,3190.43,319043,out,essential,Completed,,Card,Payment counterparty,party-5,MCH-10106,DEV-10106,Bengaluru,0,0,0,0,0,0,,0,
TX-104014,SYN-10106,2026-11-05T09:00:00+05:30,43463.91,4346391,in,salary,Completed,,Digital banking,Payment counterparty,employer,MCH-10106,DEV-10106,Bengaluru,0,0,0,0,0,0,,0,
TX-104016,SYN-10107,2026-08-01T09:00:00+05:30,64296.88,6429688,in,salary,Completed,,UPI,Payment counterparty,employer,MCH-10107,DEV-10107,Jaipur,0,0,0,0,0,0,,0,
TX-104017,SYN-10107,2026-08-03T10:00:00+05:30,4710.65,471065,out,essential,Completed,,UPI,Payment counterparty,party-2,MCH-10107,DEV-10107,Jaipur,0,0,0,0,0,0,,0,
TX-104018,SYN-10107,2026-08-09T10:00:00+05:30,3911.69,391169,out,essential,Completed,,UPI,Payment counterparty,party-1,MCH-10107,DEV-10107,Jaipur,0,0,0,0,0,0,,0,
TX-104019,SYN-10107,2026-08-10T12:00:00+05:30,6167.12,616712,out,transfer,Completed,,Wallet,Payment counterparty,party-4,,DEV-10107,Jaipur,0,1,0,0,0,0,,0,
TX-104020,SYN-10107,2026-08-13T12:00:00+05:30,11081.58,1108158,out,transfer,Completed,,UPI,Payment counterparty,party-2,,DEV-10107,Jaipur,0,1,0,0,0,0,,0,
TX-104021,SYN-10107,2026-08-15T10:00:00+05:30,4095.04,409504,out,essential,Completed,,Card,Payment counterparty,party-3,MCH-10107,DEV-10107,Jaipur,0,0,0,0,0,0,,0,
TX-104022,SYN-10107,2026-08-15T12:00:00+05:30,9752.61,975261,out,transfer,Completed,,UPI,Payment counterparty,party-4,,DEV-10107,Jaipur,0,0,0,0,0,0,,0,
TX-104023,SYN-10107,2026-08-21T10:00:00+05:30,3974.43,397443,out,essential,Completed,,UPI,Payment counterparty,party-4,MCH-10107,DEV-10107,Jaipur,0,0,0,0,0,0,,0,
TX-104024,SYN-10107,2026-08-22T12:00:00+05:30,87272.92,8727292,out,transfer,Completed,,UPI,Payment counterparty,party-2,,DEV-10107,Jaipur,0,0,0,0,0,0,,0,
TX-104025,SYN-10107,2026-08-25T22:30:00+05:30,13967.71,1396771,out,emi,Completed,,UPI,Payment counterparty,lender,MCH-10107,DEV-10107,Jaipur,0,0,0,0,0,0,LN-107-0,2,
TX-104026,SYN-10107,2026-08-26T10:00:00+05:30,3994.86,399486,out,essential,Completed,,UPI,Payment counterparty,party-1,MCH-10107,DEV-10107,Jaipur,0,0,0,0,0,0,,0,
TX-104027,SYN-10107,2026-09-01T09:00:00+05:30,60081.09,6008109,in,salary,Completed,,UPI,Payment counterparty,employer,MCH-10107,DEV-10107,Jaipur,0,0,0,0,0,0,,0,
TX-104028,SYN-10107,2026-09-03T10:00:00+05:30,4823.34,482334,out,essential,Completed,,UPI,Payment counterparty,party-5,MCH-10107,DEV-10107,Jaipur,0,0,0,0,0,0,,0,
TX-104029,SYN-10107,2026-09-09T10:00:00+05:30,4926.44,492644,out,essential,Completed,,Card,Payment counterparty,party-1,MCH-10107,DEV-10107,Jaipur,0,0,0,0,0,0,,0,
TX-104030,SYN-10107,2026-09-10T12:00:00+05:30,2715.34,271534,out,transfer,Completed,,UPI,Payment counterparty,party-4,,DEV-10107,Jaipur,0,1,0,0,0,0,,0,
TX-104031,SYN-10107,2026-09-13T12:00:00+05:30,5516.88,551688,out,transfer,Completed,,UPI,Payment counterparty,party-4,,DEV-10107,Jaipur,0,0,0,0,0,0,,0,
TX-104032,SYN-10107,2026-09-15T10:00:00+05:30,4222.09,422209,out,essential,Completed,,Card,Payment counterparty,party-2,MCH-10107,DEV-10107,Jaipur,0,0,0,0,0,0,,0,
TX-104033,SYN-10107,2026-09-15T12:00:00+05:30,9711.99,971199,out,transfer,Completed,,Wallet,Payment counterparty,party-2,,DEV-10107,Jaipur,0,1,0,0,0,0,,0,
TX-104034,SYN-10107,2026-09-20T14:52:00+05:30,10169.5,1016950,out,transfer,Completed,,UPI,Payment counterparty,party-12,,DEV-10149,Jaipur,1,1,0,0,1,2,,0,
TX-104035,SYN-10107,2026-09-20T14:56:00+05:30,10169.5,1016950,out,transfer,Completed,,UPI,Payment counterparty,party-12,,DEV-10149,Jaipur,1,1,0,0,1,4,,0,
TX-104036,SYN-10107,2026-09-21T10:00:00+05:30,4311.22,431122,out,essential,Completed,,UPI,Payment counterparty,party-1,MCH-10107,DEV-10107,Jaipur,0,0,0,0,0,0,,0,
TX-104037,SYN-10107,2026-09-22T12:00:00+05:30,6650.48,665048,out,transfer,Completed,,UPI,Payment counterparty,party-6,,DEV-10107,Jaipur,0,1,0,0,0,0,,0,
TX-104038,SYN-10107,2026-09-25T22:30:00+05:30,13967.71,1396771,out,emi,Completed,,UPI,Payment counterparty,lender,MCH-10107,DEV-10107,Jaipur,0,0,0,0,0,0,LN-107-0,3,
TX-104039,SYN-10107,2026-09-26T10:00:00+05:30,4349.98,434998,out,essential,Completed,,UPI,Payment counterparty,party-4,MCH-10107,DEV-10107,Jaipur,0,0,0,0,0,0,,0,
TX-104040,SYN-10107,2026-09-26T13:14:00+05:30,4026.75,402675,out,transfer,Completed,,Digital banking,Payment counterparty,party-8,,DEV-10149,Jaipur,1,1,0,0,1,3,,0,
TX-104041,SYN-10107,2026-10-01T09:00:00+05:30,56378.67,5637867,in,salary,Completed,,UPI,Payment counterparty,employer,MCH-10107,DEV-10107,Jaipur,0,0,0,0,0,0,,0,
TX-104055,SYN-10107,2026-10-01T12:00:00+05:30,3265.11,326511,out,essential,Pending,2026-09-27T00:00:00+05:30,Digital banking,Payment counterparty,party-5,MCH-10107,DEV-10107,Jaipur,0,0,0,0,0,0,,0,
TX-104042,SYN-10107,2026-10-03T10:00:00+05:30,4200.58,420058,out,essential,Completed,,Card,Payment counterparty,party-3,MCH-10107,DEV-10107,Jaipur,0,0,0,0,0,0,,0,
TX-104043,SYN-10107,2026-10-09T10:00:00+05:30,4229.86,422986,out,essential,Completed,,Digital banking,Payment counterparty,party-3,MCH-10107,DEV-10107,Jaipur,0,0,0,0,0,0,,0,
TX-104044,SYN-10107,2026-10-10T12:00:00+05:30,4429.17,442917,out,transfer,Completed,,UPI,Payment counterparty,party-3,,DEV-10107,Jaipur,0,1,0,0,0,0,,0,
TX-104045,SYN-10107,2026-10-13T12:00:00+05:30,11864.03,1186403,out,transfer,Completed,,UPI,Payment counterparty,party-4,,DEV-10107,Jaipur,0,0,0,0,0,0,,0,
TX-104046,SYN-10107,2026-10-15T10:00:00+05:30,4221.45,422145,out,essential,Completed,,Digital banking,Payment counterparty,party-1,MCH-10107,DEV-10107,Jaipur,0,0,0,0,0,0,,0,
TX-104047,SYN-10107,2026-10-15T12:00:00+05:30,11897.19,1189719,out,transfer,Completed,,Card,Payment counterparty,party-5,,DEV-10107,Jaipur,0,0,0,0,0,0,,0,
TX-104048,SYN-10107,2026-10-21T10:00:00+05:30,4021.96,402196,out,essential,Completed,,UPI,Payment counterparty,party-3,MCH-10107,DEV-10107,Jaipur,0,0,0,0,0,0,,0,
TX-104049,SYN-10107,2026-10-22T12:00:00+05:30,10361.63,1036163,out,transfer,Completed,,UPI,Payment counterparty,party-1,,DEV-10107,Jaipur,0,0,0,0,0,0,,0,
TX-104050,SYN-10107,2026-10-26T09:10:00+05:30,2420.64,242064,in,credit,Completed,,Card,Payment counterparty,credit-line,MCH-10107,DEV-10107,Jaipur,0,0,0,0,0,0,,0,
TX-104051,SYN-10107,2026-10-26T10:00:00+05:30,4849.93,484993,out,essential,Completed,,UPI,Payment counterparty,party-3,MCH-10107,DEV-10107,Jaipur,0,0,0,0,0,0,,0,
TX-104052,SYN-10107,2026-11-01T09:00:00+05:30,60093.11,6009311,in,salary,Completed,,UPI,Payment counterparty,employer,MCH-10107,DEV-10107,Jaipur,0,0,0,0,0,0,,0,
TX-104053,SYN-10107,2026-11-03T10:00:00+05:30,4674.41,467441,out,essential,Completed,,UPI,Payment counterparty,party-1,MCH-10107,DEV-10107,Jaipur,0,0,0,0,0,0,,0,
TX-104054,SYN-10107,2026-11-03T22:30:00+05:30,13967.71,1396771,out,emi,Completed,,UPI,Payment counterparty,lender,MCH-10107,DEV-10107,Jaipur,0,0,0,0,0,0,LN-107-0,4,
TX-104056,SYN-10108,2026-08-03T10:00:00+05:30,4680.17,468017,out,essential,Completed,,Card,Payment counterparty,party-6,MCH-10108,DEV-10108,Delhi,0,0,0,0,0,0,,0,
TX-104057,SYN-10108,2026-08-05T09:00:00+05:30,44423.68,4442368,in,salary,Completed,,UPI,Payment counterparty,employer,MCH-10108,DEV-10108,Delhi,0,0,0,0,0,0,,0,
TX-104058,SYN-10108,2026-08-05T12:00:00+05:30,12778.41,1277841,out,transfer,Completed,,UPI,Payment counterparty,party-2,,DEV-10108,Delhi,0,1,0,0,0,0,,0,
TX-104059,SYN-10108,2026-08-09T10:00:00+05:30,4285.39,428539,out,essential,Completed,,Card,Payment counterparty,party-4,MCH-10108,DEV-10108,Delhi,0,0,0,0,0,0,,0,
TX-104060,SYN-10108,2026-08-15T10:00:00+05:30,4188.92,418892,out,essential,Completed,,UPI,Payment counterparty,party-6,MCH-10108,DEV-10108,Delhi,0,0,0,0,0,0,,0,
TX-104061,SYN-10108,2026-08-21T10:00:00+05:30,4253.49,425349,out,essential,Completed,,Digital banking,Payment counterparty,party-6,MCH-10108,DEV-10108,Delhi,0,0,0,0,0,0,,0,
TX-104062,SYN-10108,2026-08-21T12:00:00+05:30,8902.24,890224,out,transfer,Completed,,UPI,Payment counterparty,party-3,,DEV-10108,Delhi,0,0,0,0,0,0,,0,
TX-104063,SYN-10108,2026-08-26T10:00:00+05:30,3786.8,378680,out,essential,Completed,,UPI,Payment counterparty,party-4,MCH-10108,DEV-10108,Delhi,0,0,0,0,0,0,,0,
TX-104064,SYN-10108,2026-08-28T22:30:00+05:30,34083.61,3408361,out,emi,Completed,,Wallet,Payment counterparty,lender,MCH-10108,DEV-10108,Delhi,0,0,0,0,0,0,LN-108-0,2,
TX-104065,SYN-10108,2026-09-03T10:00:00+05:30,3865.73,386573,out,essential,Completed,,UPI,Payment counterparty,party-3,MCH-10108,DEV-10108,Delhi,0,0,0,0,0,0,,0,
TX-104066,SYN-10108,2026-09-05T09:00:00+05:30,50605.77,5060577,in,salary,Completed,,UPI,Payment counterparty,employer,MCH-10108,DEV-10108,Delhi,0,0,0,0,0,0,,0,
TX-104067,SYN-10108,2026-09-05T12:00:00+05:30,11216.25,1121625,out,transfer,Completed,,UPI,Payment counterparty,party-3,,DEV-10108,Delhi,0,1,0,0,0,0,,0,
TX-104068,SYN-10108,2026-09-09T10:00:00+05:30,4569.17,456917,out,essential,Completed,,Digital banking,Payment counterparty,party-4,MCH-10108,DEV-10108,Delhi,0,0,0,0,0,0,,0,
TX-104069,SYN-10108,2026-09-12T14:19:00+05:30,22672.08,2267208,out,transfer,Completed,,Digital banking,Payment counterparty,party-27,,DEV-10108,Delhi,0,1,0,0,0,0,,0,
TX-104070,SYN-10108,2026-09-12T14:27:00+05:30,22672.08,2267208,out,transfer,Completed,,Wallet,Payment counterparty,party-27,,DEV-10108,Delhi,0,1,0,0,0,0,,0,
TX-104071,SYN-10108,2026-09-14T14:00:00+05:30,31830.57,3183057,out,transfer,Completed,,Digital banking,Payment counterparty,party-20,,DEV-10108,Delhi,0,1,0,0,1,2,,0,
TX-104072,SYN-10108,2026-09-15T10:00:00+05:30,4082.43,408243,out,essential,Completed,,UPI,Payment counterparty,party-2,MCH-10108,DEV-10108,Delhi,0,0,0,0,0,0,,0,
TX-104073,SYN-10108,2026-09-21T10:00:00+05:30,4082.85,408285,out,essential,Completed,,Card,Payment counterparty,party-6,MCH-10108,DEV-10108,Delhi,0,0,0,0,0,0,,0,
TX-104074,SYN-10108,2026-09-21T12:00:00+05:30,6774.89,677489,out,transfer,Completed,,UPI,Payment counterparty,party-2,,DEV-10108,Delhi,0,1,0,0,0,0,,0,
TX-104075,SYN-10108,2026-09-26T10:00:00+05:30,4667.6,466760,out,essential,Completed,,Digital banking,Payment counterparty,party-2,MCH-10108,DEV-10108,Delhi,0,0,0,0,0,0,,0,
TX-104076,SYN-10108,2026-09-28T22:30:00+05:30,34083.61,3408361,out,emi,Completed,,UPI,Payment counterparty,lender,MCH-10108,DEV-10108,Delhi,0,0,0,0,0,0,LN-108-0,3,
TX-104089,SYN-10108,2026-10-01T12:00:00+05:30,3135.82,313582,out,essential,Pending,2026-09-27T00:00:00+05:30,UPI,Payment counterparty,party-1,MCH-10108,DEV-10108,Delhi,0,0,0,0,0,0,,0,
TX-104077,SYN-10108,2026-10-03T10:00:00+05:30,4546.19,454619,out,essential,Completed,,Card,Payment counterparty,party-1,MCH-10108,DEV-10108,Delhi,0,0,0,0,0,0,,0,
TX-104078,SYN-10108,2026-10-05T09:00:00+05:30,43731.01,4373101,in,salary,Completed,,UPI,Payment counterparty,employer,MCH-10108,DEV-10108,Delhi,0,0,0,0,0,0,,0,
TX-104079,SYN-10108,2026-10-05T12:00:00+05:30,4208.52,420852,out,transfer,Completed,,Card,Payment counterparty,party-2,,DEV-10108,Delhi,0,1,0,0,0,0,,0,
TX-104080,SYN-10108,2026-10-09T10:00:00+05:30,3879.19,387919,out,essential,Completed,,UPI,Payment counterparty,party-6,MCH-10108,DEV-10108,Delhi,0,0,0,0,0,0,,0,
TX-104081,SYN-10108,2026-10-15T10:00:00+05:30,4190.47,419047,out,essential,Completed,,Digital banking,Payment counterparty,party-1,MCH-10108,DEV-10108,Delhi,0,0,0,0,0,0,,0,
TX-104082,SYN-10108,2026-10-21T10:00:00+05:30,4290.58,429058,out,essential,Completed,,UPI,Payment counterparty,party-6,MCH-10108,DEV-10108,Delhi,0,0,0,0,0,0,,0,
TX-104083,SYN-10108,2026-10-21T12:00:00+05:30,1778.21,177821,out,transfer,Completed,,UPI,Payment counterparty,party-1,,DEV-10108,Delhi,0,1,0,0,0,0,,0,
TX-104084,SYN-10108,2026-10-26T10:00:00+05:30,3602.16,360216,out,essential,Completed,,UPI,Payment counterparty,party-5,MCH-10108,DEV-10108,Delhi,0,0,0,0,0,0,,0,
TX-104085,SYN-10108,2026-10-28T22:30:00+05:30,34083.61,3408361,out,emi,Completed,,Card,Payment counterparty,lender,MCH-10108,DEV-10108,Delhi,0,0,0,0,0,0,LN-108-0,4,
TX-104086,SYN-10108,2026-11-03T10:00:00+05:30,4465.47,446547,out,essential,Completed,,UPI,Payment counterparty,party-2,MCH-10108,DEV-10108,Delhi,0,0,0,0,0,0,,0,
TX-104087,SYN-10108,2026-11-05T09:00:00+05:30,47461.95,4746195,in,salary,Completed,,UPI,Payment counterparty,employer,MCH-10108,DEV-10108,Delhi,0,0,0,0,0,0,,0,
TX-104088,SYN-10108,2026-11-05T12:00:00+05:30,12522.04,1252204,out,transfer,Completed,,Digital banking,Payment counterparty,party-4,,DEV-10108,Delhi,0,1,0,0,0,0,,0,
TX-104090,SYN-10109,2026-08-01T09:00:00+05:30,120049.09,12004909,in,salary,Completed,,UPI,Payment counterparty,employer,MCH-10109,DEV-10109,Mumbai,0,0,0,0,0,0,,0,
TX-104091,SYN-10109,2026-08-03T10:00:00+05:30,13205.39,1320539,out,essential,Completed,,UPI,Payment counterparty,party-5,MCH-10109,DEV-10109,Mumbai,0,0,0,0,0,0,,0,
TX-104092,SYN-10109,2026-08-09T10:00:00+05:30,16013.7,1601370,out,essential,Completed,,Digital banking,Payment counterparty,party-4,MCH-10109,DEV-10109,Mumbai,0,0,0,0,0,0,,0,
TX-104093,SYN-10109,2026-08-14T12:00:00+05:30,1011.21,101121,out,transfer,Completed,,Card,Payment counterparty,party-2,,DEV-10149,Mumbai,1,0,0,0,0,0,,0,
TX-104094,SYN-10109,2026-08-15T10:00:00+05:30,15335.26,1533526,out,essential,Completed,,Wallet,Payment counterparty,party-2,MCH-10109,DEV-10109,Mumbai,0,0,0,0,0,0,,0,
TX-104095,SYN-10109,2026-08-19T12:00:00+05:30,1082.99,108299,out,transfer,Completed,,Card,Payment counterparty,party-2,,DEV-10109,Mumbai,0,0,0,0,0,0,,0,
TX-104096,SYN-10109,2026-08-21T10:00:00+05:30,14302.65,1430265,out,essential,Completed,,UPI,Payment counterparty,party-1,MCH-10109,DEV-10109,Mumbai,0,0,0,0,0,0,,0,
TX-104097,SYN-10109,2026-08-21T22:30:00+05:30,44996.41,4499641,out,emi,Completed,,UPI,Payment counterparty,lender,MCH-10109,DEV-10109,Mumbai,0,0,0,0,0,0,LN-109-0,2,
TX-104098,SYN-10109,2026-08-26T10:00:00+05:30,16634.12,1663412,out,essential,Completed,,UPI,Payment counterparty,party-3,MCH-10109,DEV-10109,Mumbai,0,0,0,0,0,0,,0,
TX-104099,SYN-10109,2026-08-27T12:00:00+05:30,4136.59,413659,out,transfer,Completed,,Digital banking,Payment counterparty,party-1,,DEV-10109,Mumbai,0,1,0,0,0,0,,0,
TX-104100,SYN-10109,2026-09-01T09:00:00+05:30,113339.87,11333987,in,salary,Completed,,UPI,Payment counterparty,employer,MCH-10109,DEV-10109,Mumbai,0,0,0,0,0,0,,0,
TX-104101,SYN-10109,2026-09-03T10:00:00+05:30,13342.73,1334273,out,essential,Completed,,UPI,Payment counterparty,party-6,MCH-10109,DEV-10109,Mumbai,0,0,0,0,0,0,,0,
TX-104102,SYN-10109,2026-09-09T10:00:00+05:30,15381.87,1538187,out,essential,Completed,,UPI,Payment counterparty,party-2,MCH-10109,DEV-10109,Mumbai,0,0,0,0,0,0,,0,
TX-104103,SYN-10109,2026-09-14T12:00:00+05:30,2298.69,229869,out,transfer,Completed,,UPI,Payment counterparty,party-3,,DEV-10109,Mumbai,0,0,0,0,0,0,,0,
TX-104104,SYN-10109,2026-09-15T10:00:00+05:30,16580.66,1658066,out,essential,Completed,,UPI,Payment counterparty,party-3,MCH-10109,DEV-10109,Mumbai,0,0,0,0,0,0,,0,
TX-104105,SYN-10109,2026-09-18T13:35:00+05:30,88448.41,8844841,out,transfer,Completed,,UPI,Payment counterparty,party-22,,DEV-10149,Mumbai,1,1,0,0,1,4,,0,
TX-104106,SYN-10109,2026-09-18T13:43:00+05:30,88448.41,8844841,out,transfer,Completed,,UPI,Payment counterparty,party-22,,DEV-10149,Mumbai,1,1,0,1,1,1,,0,
TX-104107,SYN-10109,2026-09-19T12:00:00+05:30,3633.88,363388,out,transfer,Completed,,UPI,Payment counterparty,party-1,,DEV-10109,Mumbai,0,0,0,0,0,0,,0,
TX-104108,SYN-10109,2026-09-21T10:00:00+05:30,14418.41,1441841,out,essential,Completed,,Digital banking,Payment counterparty,party-4,MCH-10109,DEV-10109,Mumbai,0,0,0,0,0,0,,0,
TX-104109,SYN-10109,2026-09-21T10:00:00+05:30,168051.97,16805197,in,transfer,Completed,,UPI,Payment counterparty,recovery,,DEV-10109,Mumbai,0,0,0,0,0,0,,0,
TX-104110,SYN-10109,2026-09-21T22:30:00+05:30,44996.41,4499641,out,emi,Completed,,UPI,Payment counterparty,lender,MCH-10109,DEV-10109,Mumbai,0,0,0,0,0,0,LN-109-0,3,
TX-104111,SYN-10109,2026-09-26T10:00:00+05:30,16287.29,1628729,out,essential,Completed,,UPI,Payment counterparty,party-4,MCH-10109,DEV-10109,Mumbai,0,0,0,0,0,0,,0,
TX-104112,SYN-10109,2026-09-27T12:00:00+05:30,3267.25,326725,out,transfer,Completed,,Wallet,Payment counterparty,party-3,,DEV-10109,Mumbai,0,1,0,0,0,0,,0,
TX-104113,SYN-10109,2026-10-01T09:00:00+05:30,131476.66,13147666,in,salary,Completed,,Card,Payment counterparty,employer,MCH-10109,DEV-10109,Mumbai,0,0,0,0,0,0,,0,
TX-104125,SYN-10109,2026-10-01T12:00:00+05:30,11057.36,1105736,out,essential,Pending,2026-09-27T00:00:00+05:30,UPI,Payment counterparty,party-4,MCH-10109,DEV-10109,Mumbai,0,0,0,0,0,0,,0,
TX-104114,SYN-10109,2026-10-03T10:00:00+05:30,12565.76,1256576,out,essential,Completed,,UPI,Payment counterparty,party-6,MCH-10109,DEV-10109,Mumbai,0,0,0,0,0,0,,0,
TX-104115,SYN-10109,2026-10-09T10:00:00+05:30,13430.03,1343003,out,essential,Completed,,UPI,Payment counterparty,party-5,MCH-10109,DEV-10109,Mumbai,0,0,0,0,0,0,,0,
TX-104116,SYN-10109,2026-10-14T12:00:00+05:30,7366.5,736650,out,transfer,Completed,,UPI,Payment counterparty,party-1,,DEV-10109,Mumbai,0,0,0,0,0,0,,0,
TX-104117,SYN-10109,2026-10-15T10:00:00+05:30,15697.72,1569772,out,essential,Completed,,Card,Payment counterparty,party-6,MCH-10109,DEV-10109,Mumbai,0,0,0,0,0,0,,0,
TX-104118,SYN-10109,2026-10-19T12:00:00+05:30,4241.54,424154,out,transfer,Completed,,UPI,Payment counterparty,party-3,,DEV-10109,Mumbai,0,0,0,0,0,0,,0,
TX-104119,SYN-10109,2026-10-21T10:00:00+05:30,12910.88,1291088,out,essential,Completed,,UPI,Payment counterparty,party-2,MCH-10109,DEV-10109,Mumbai,0,0,0,0,0,0,,0,
TX-104120,SYN-10109,2026-10-21T22:30:00+05:30,44996.41,4499641,out,emi,Completed,,Digital banking,Payment counterparty,lender,MCH-10109,DEV-10109,Mumbai,0,0,0,0,0,0,LN-109-0,4,
TX-104121,SYN-10109,2026-10-26T10:00:00+05:30,16703.74,1670374,out,essential,Completed,,UPI,Payment counterparty,party-5,MCH-10109,DEV-10109,Mumbai,0,0,0,0,0,0,,0,
TX-104122,SYN-10109,2026-10-27T12:00:00+05:30,6645.9,664590,out,transfer,Completed,,UPI,Payment counterparty,party-1,,DEV-10109,Mumbai,0,1,0,0,0,0,,0,
TX-104123,SYN-10109,2026-11-01T09:00:00+05:30,129698.64,12969864,in,salary,Completed,,Digital banking,Payment counterparty,employer,MCH-10109,DEV-10109,Mumbai,0,0,0,0,0,0,,0,
TX-104124,SYN-10109,2026-11-03T10:00:00+05:30,14309.75,1430975,out,essential,Completed,,Wallet,Payment counterparty,party-5,MCH-10109,DEV-10109,Mumbai,0,0,0,0,0,0,,0,
TX-104126,SYN-10110,2026-08-01T09:00:00+05:30,110296.76,11029676,in,salary,Completed,,Wallet,Payment counterparty,employer,MCH-10110,DEV-10110,Bengaluru,0,0,0,0,0,0,,0,
TX-104127,SYN-10110,2026-08-02T12:00:00+05:30,3345.5,334550,out,transfer,Completed,,UPI,Payment counterparty,party-6,,DEV-10110,Bengaluru,0,0,0,0,0,0,,0,
TX-104128,SYN-10110,2026-08-03T10:00:00+05:30,15039.07,1503907,out,essential,Completed,,UPI,Payment counterparty,party-5,MCH-10110,DEV-10110,Bengaluru,0,0,0,0,0,0,,0,
TX-104129,SYN-10110,2026-08-09T10:00:00+05:30,17070.95,1707095,out,essential,Completed,,UPI,Payment counterparty,party-2,MCH-10110,DEV-10110,Bengaluru,0,0,0,0,0,0,,0,
TX-104130,SYN-10110,2026-08-10T12:00:00+05:30,6032.07,603207,out,transfer,Completed,,UPI,Payment counterparty,party-5,,DEV-10150,Bengaluru,1,0,0,0,0,0,,0,
TX-104131,SYN-10110,2026-08-15T10:00:00+05:30,12863.52,1286352,out,essential,Completed,,UPI,Payment counterparty,party-6,MCH-10110,DEV-10110,Bengaluru,0,0,0,0,0,0,,0,
TX-104132,SYN-10110,2026-08-21T10:00:00+05:30,12846.26,1284626,out,essential,Completed,,Digital banking,Payment counterparty,party-1,MCH-10110,DEV-10110,Bengaluru,0,0,0,0,0,0,,0,
TX-104133,SYN-10110,2026-08-22T12:00:00+05:30,6268.11,626811,out,transfer,Completed,,UPI,Payment counterparty,party-1,,DEV-10110,Bengaluru,0,1,0,0,0,0,,0,
TX-104134,SYN-10110,2026-08-26T10:00:00+05:30,13507.66,1350766,out,essential,Completed,,Digital banking,Payment counterparty,party-4,MCH-10110,DEV-10110,Bengaluru,0,0,0,0,0,0,,0,
TX-104135,SYN-10110,2026-09-01T09:00:00+05:30,120362.31,12036231,in,salary,Completed,,Digital banking,Payment counterparty,employer,MCH-10110,DEV-10110,Bengaluru,0,0,0,0,0,0,,0,
TX-104136,SYN-10110,2026-09-02T12:00:00+05:30,1901.95,190195,out,transfer,Completed,,UPI,Payment counterparty,party-6,,DEV-10110,Bengaluru,0,0,0,0,0,0,,0,
TX-104137,SYN-10110,2026-09-03T10:00:00+05:30,16428.78,1642878,out,essential,Completed,,UPI,Payment counterparty,party-2,MCH-10110,DEV-10110,Bengaluru,0,0,0,0,0,0,,0,
TX-104138,SYN-10110,2026-09-09T10:00:00+05:30,12916.2,1291620,out,essential,Completed,,UPI,Payment counterparty,party-4,MCH-10110,DEV-10110,Bengaluru,0,0,0,0,0,0,,0,
TX-104139,SYN-10110,2026-09-10T12:00:00+05:30,1583.07,158307,out,transfer,Completed,,UPI,Payment counterparty,party-4,,DEV-10110,Bengaluru,0,0,0,0,0,0,,0,
TX-104140,SYN-10110,2026-09-15T10:00:00+05:30,13786.23,1378623,out,essential,Completed,,UPI,Payment counterparty,party-3,MCH-10110,DEV-10110,Bengaluru,0,0,0,0,0,0,,0,
TX-104141,SYN-10110,2026-09-15T17:54:00+05:30,21101.78,2110178,out,transfer,Completed,,UPI,Payment counterparty,party-22,,DEV-10150,Bengaluru,1,0,0,0,0,0,,0,
TX-104142,SYN-10110,2026-09-15T18:03:00+05:30,21101.78,2110178,out,transfer,Completed,,UPI,Payment counterparty,party-22,,DEV-10150,Bengaluru,1,0,0,0,0,0,,0,
TX-104143,SYN-10110,2026-09-19T16:15:00+05:30,23996.78,2399678,out,transfer,Completed,,UPI,Payment counterparty,party-23,,DEV-10110,Bengaluru,0,1,0,0,1,2,,0,
TX-104144,SYN-10110,2026-09-19T16:24:00+05:30,23996.78,2399678,out,transfer,Completed,,Digital banking,Payment counterparty,party-23,,DEV-10110,Bengaluru,0,1,0,0,1,2,,0,
TX-104145,SYN-10110,2026-09-21T10:00:00+05:30,16717.07,1671707,out,essential,Completed,,Wallet,Payment counterparty,party-2,MCH-10110,DEV-10110,Bengaluru,0,0,0,0,0,0,,0,
TX-104146,SYN-10110,2026-09-22T12:00:00+05:30,5768.56,576856,out,transfer,Completed,,UPI,Payment counterparty,party-4,,DEV-10110,Bengaluru,0,1,0,0,0,0,,0,
TX-104147,SYN-10110,2026-09-26T10:00:00+05:30,13287.67,1328767,out,essential,Completed,,UPI,Payment counterparty,party-1,MCH-10110,DEV-10110,Bengaluru,0,0,0,0,0,0,,0,
TX-104148,SYN-10110,2026-10-01T09:00:00+05:30,118294.19,11829419,in,salary,Completed,,Card,Payment counterparty,employer,MCH-10110,DEV-10110,Bengaluru,0,0,0,0,0,0,,0,
TX-104149,SYN-10110,2026-10-02T12:00:00+05:30,3534.95,353495,out,transfer,Completed,,Card,Payment counterparty,party-4,,DEV-10110,Bengaluru,0,1,0,0,0,0,,0,
TX-104150,SYN-10110,2026-10-03T10:00:00+05:30,14879.91,1487991,out,essential,Completed,,Card,Payment counterparty,party-5,MCH-10110,DEV-10110,Bengaluru,0,0,0,0,0,0,,0,
TX-104151,SYN-10110,2026-10-09T10:00:00+05:30,15636.11,1563611,out,essential,Completed,,UPI,Payment counterparty,party-5,MCH-10110,DEV-10110,Bengaluru,0,0,0,0,0,0,,0,
TX-104152,SYN-10110,2026-10-10T12:00:00+05:30,1923.84,192384,out,transfer,Completed,,UPI,Payment counterparty,party-4,,DEV-10110,Bengaluru,0,0,0,0,0,0,,0,
TX-104153,SYN-10110,2026-10-15T10:00:00+05:30,14343.58,1434358,out,essential,Completed,,Card,Payment counterparty,party-5,MCH-10110,DEV-10110,Bengaluru,0,0,0,0,0,0,,0,
TX-104154,SYN-10110,2026-10-21T10:00:00+05:30,16212.07,1621207,out,essential,Completed,,UPI,Payment counterparty,party-3,MCH-10110,DEV-10110,Bengaluru,0,0,0,0,0,0,,0,
TX-104155,SYN-10110,2026-10-22T12:00:00+05:30,1807.41,180741,out,transfer,Completed,,UPI,Payment counterparty,party-1,,DEV-10110,Bengaluru,0,0,0,0,0,0,,0,
TX-104156,SYN-10110,2026-10-26T10:00:00+05:30,13655.72,1365572,out,essential,Completed,,Card,Payment counterparty,party-3,MCH-10110,DEV-10110,Bengaluru,0,0,0,0,0,0,,0,
TX-104157,SYN-10110,2026-11-01T09:00:00+05:30,121030.76,12103076,in,salary,Completed,,UPI,Payment counterparty,employer,MCH-10110,DEV-10110,Bengaluru,0,0,0,0,0,0,,0,
TX-104158,SYN-10110,2026-11-02T12:00:00+05:30,4031.32,403132,out,transfer,Completed,,UPI,Payment counterparty,party-2,,DEV-10110,Bengaluru,0,1,0,0,0,0,,0,
TX-104159,SYN-10110,2026-11-03T10:00:00+05:30,14228.15,1422815,out,essential,Completed,,UPI,Payment counterparty,party-4,MCH-10110,DEV-10110,Bengaluru,0,0,0,0,0,0,,0,
TX-104160,SYN-10111,2026-08-03T10:00:00+05:30,4562.03,456203,out,essential,Completed,,UPI,Payment counterparty,party-3,MCH-10111,DEV-10111,Jaipur,0,0,0,0,0,0,,0,
TX-104161,SYN-10111,2026-08-04T12:00:00+05:30,5746.42,574642,out,transfer,Completed,,Card,Payment counterparty,party-6,,DEV-10111,Jaipur,0,1,0,0,0,0,,0,
TX-104162,SYN-10111,2026-08-09T10:00:00+05:30,5218.63,521863,out,essential,Completed,,Card,Payment counterparty,party-1,MCH-10111,DEV-10111,Jaipur,0,0,0,0,0,0,,0,
TX-104163,SYN-10111,2026-08-14T12:00:00+05:30,9344.73,934473,out,transfer,Completed,,UPI,Payment counterparty,party-5,,DEV-10111,Jaipur,0,1,0,0,0,0,,0,
TX-104164,SYN-10111,2026-08-15T10:00:00+05:30,5960.0,596000,out,essential,Completed,,Card,Payment counterparty,party-4,MCH-10111,DEV-10111,Jaipur,0,0,0,0,0,0,,0,
TX-104165,SYN-10111,2026-08-21T10:00:00+05:30,4923.91,492391,out,essential,Completed,,Wallet,Payment counterparty,party-2,MCH-10111,DEV-10111,Jaipur,0,0,0,0,0,0,,0,
TX-104166,SYN-10111,2026-08-26T10:00:00+05:30,5622.31,562231,out,essential,Completed,,UPI,Payment counterparty,party-4,MCH-10111,DEV-10111,Jaipur,0,0,0,0,0,0,,0,
TX-104167,SYN-10111,2026-08-26T22:30:00+05:30,10564.29,1056429,out,emi,Completed,,Digital banking,Payment counterparty,lender,MCH-10111,DEV-10111,Jaipur,0,0,0,0,0,0,LN-111-0,2,
TX-104168,SYN-10111,2026-08-26T22:30:00+05:30,21441.0,2144100,out,emi,Completed,,Digital banking,Payment counterparty,lender,MCH-10111,DEV-10111,Jaipur,0,0,0,0,0,0,LN-111-1,2,
TX-104169,SYN-10111,2026-08-28T09:00:00+05:30,65492.9,6549290,in,salary,Completed,,Digital banking,Payment counterparty,employer,MCH-10111,DEV-10111,Jaipur,0,0,0,0,0,0,,0,
TX-104170,SYN-10111,2026-09-03T10:00:00+05:30,5409.08,540908,out,essential,Completed,,UPI,Payment counterparty,party-6,MCH-10111,DEV-10111,Jaipur,0,0,0,0,0,0,,0,
TX-104171,SYN-10111,2026-09-04T12:00:00+05:30,12779.25,1277925,out,transfer,Completed,,UPI,Payment counterparty,party-4,,DEV-10111,Jaipur,0,1,0,0,0,0,,0,
TX-104172,SYN-10111,2026-09-09T10:00:00+05:30,5069.58,506958,out,essential,Completed,,Digital banking,Payment counterparty,party-5,MCH-10111,DEV-10111,Jaipur,0,0,0,0,0,0,,0,
TX-104173,SYN-10111,2026-09-14T12:00:00+05:30,11977.82,1197782,out,transfer,Completed,,UPI,Payment counterparty,party-3,,DEV-10150,Jaipur,1,1,0,1,0,0,,0,
TX-104174,SYN-10111,2026-09-15T10:00:00+05:30,5501.14,550114,out,essential,Completed,,UPI,Payment counterparty,party-3,MCH-10111,DEV-10111,Jaipur,0,0,0,0,0,0,,0,
TX-104175,SYN-10111,2026-09-15T13:16:00+05:30,14238.5,1423850,out,transfer,Completed,,UPI,Payment counterparty,party-20,,DEV-10111,Jaipur,0,0,0,0,0,0,,0,
TX-104176,SYN-10111,2026-09-15T13:19:00+05:30,14238.5,1423850,out,transfer,Completed,,UPI,Payment counterparty,party-20,,DEV-10111,Jaipur,0,0,0,0,0,0,,0,
TX-104177,SYN-10111,2026-09-15T13:24:00+05:30,14238.5,1423850,out,transfer,Completed,,UPI,Payment counterparty,party-20,,DEV-10111,Jaipur,0,0,0,0,0,0,,0,
TX-104178,SYN-10111,2026-09-19T16:45:00+05:30,1017.05,101705,out,transfer,Completed,,UPI,Payment counterparty,party-9,,DEV-10150,Jaipur,1,1,0,0,1,3,,0,
TX-104179,SYN-10111,2026-09-19T16:51:00+05:30,1017.05,101705,out,transfer,Completed,,UPI,Payment counterparty,party-9,,DEV-10150,Jaipur,1,1,0,0,1,2,,0,
TX-104180,SYN-10111,2026-09-21T10:00:00+05:30,4787.67,478767,out,essential,Completed,,UPI,Payment counterparty,party-3,MCH-10111,DEV-10111,Jaipur,0,0,0,0,0,0,,0,
TX-104181,SYN-10111,2026-09-26T10:00:00+05:30,5213.74,521374,out,essential,Completed,,UPI,Payment counterparty,party-3,MCH-10111,DEV-10111,Jaipur,0,0,0,0,0,0,,0,
TX-104182,SYN-10111,2026-09-26T22:30:00+05:30,10564.29,1056429,out,emi,Completed,,Card,Payment counterparty,lender,MCH-10111,DEV-10111,Jaipur,0,0,0,0,0,0,LN-111-0,3,
TX-104183,SYN-10111,2026-09-26T22:30:00+05:30,5785.89,578589,out,emi,Completed,,UPI,Payment counterparty,lender,MCH-10111,DEV-10111,Jaipur,0,0,0,0,0,0,LN-111-1,3,
TX-104184,SYN-10111,2026-09-28T09:00:00+05:30,63641.14,6364114,in,salary,Completed,,UPI,Payment counterparty,employer,MCH-10111,DEV-10111,Jaipur,0,0,0,0,0,0,,0,
TX-104185,SYN-10111,2026-09-29T22:30:00+05:30,15655.11,1565511,out,emi,Completed,,Card,Payment counterparty,lender,MCH-10111,DEV-10111,Jaipur,0,0,0,0,0,0,LN-111-1,3,
TX-104200,SYN-10111,2026-10-01T12:00:00+05:30,4016.76,401676,out,essential,Pending,2026-09-27T00:00:00+05:30,UPI,Payment counterparty,party-4,MCH-10111,DEV-10111,Jaipur,0,0,0,0,0,0,,0,
TX-104186,SYN-10111,2026-10-03T10:00:00+05:30,4638.12,463812,out,essential,Completed,,UPI,Payment counterparty,party-2,MCH-10111,DEV-10111,Jaipur,0,0,0,0,0,0,,0,
TX-104187,SYN-10111,2026-10-04T12:00:00+05:30,1634.57,163457,out,transfer,Completed,,UPI,Payment counterparty,party-2,,DEV-10111,Jaipur,0,0,0,0,0,0,,0,
TX-104188,SYN-10111,2026-10-09T10:00:00+05:30,5402.15,540215,out,essential,Completed,,UPI,Payment counterparty,party-1,MCH-10111,DEV-10111,Jaipur,0,0,0,0,0,0,,0,
TX-104189,SYN-10111,2026-10-14T12:00:00+05:30,9774.22,977422,out,transfer,Completed,,UPI,Payment counterparty,party-1,,DEV-10111,Jaipur,0,1,0,0,0,0,,0,
TX-104190,SYN-10111,2026-10-15T10:00:00+05:30,5202.95,520295,out,essential,Completed,,UPI,Payment counterparty,party-3,MCH-10111,DEV-10111,Jaipur,0,0,0,0,0,0,,0,
TX-104191,SYN-10111,2026-10-21T10:00:00+05:30,5904.1,590410,out,essential,Completed,,Wallet,Payment counterparty,party-1,MCH-10111,DEV-10111,Jaipur,0,0,0,0,0,0,,0,
TX-104192,SYN-10111,2026-10-26T10:00:00+05:30,4561.79,456179,out,essential,Completed,,UPI,Payment counterparty,party-1,MCH-10111,DEV-10111,Jaipur,0,0,0,0,0,0,,0,
TX-104193,SYN-10111,2026-10-26T22:30:00+05:30,7874.86,787486,out,emi,Completed,,UPI,Payment counterparty,lender,MCH-10111,DEV-10111,Jaipur,0,0,0,0,0,0,LN-111-0,4,
TX-104194,SYN-10111,2026-10-26T22:30:00+05:30,2627.49,262749,out,emi,Completed,,Digital banking,Payment counterparty,lender,MCH-10111,DEV-10111,Jaipur,0,0,0,0,0,0,LN-111-1,4,
TX-104195,SYN-10111,2026-10-28T09:00:00+05:30,61689.3,6168930,in,salary,Completed,,Card,Payment counterparty,employer,MCH-10111,DEV-10111,Jaipur,0,0,0,0,0,0,,0,
TX-104196,SYN-10111,2026-10-29T22:30:00+05:30,2689.43,268943,out,emi,Completed,,Wallet,Payment counterparty,lender,MCH-10111,DEV-10111,Jaipur,0,0,0,0,0,0,LN-111-0,4,
TX-104197,SYN-10111,2026-10-29T22:30:00+05:30,18813.51,1881351,out,emi,Completed,,Digital banking,Payment counterparty,lender,MCH-10111,DEV-10111,Jaipur,0,0,0,0,0,0,LN-111-1,4,
TX-104198,SYN-10111,2026-11-03T10:00:00+05:30,5794.16,579416,out,essential,Completed,,Digital banking,Payment counterparty,party-6,MCH-10111,DEV-10111,Jaipur,0,0,0,0,0,0,,0,
TX-104199,SYN-10111,2026-11-04T12:00:00+05:30,13223.62,1322362,out,transfer,Completed,,UPI,Payment counterparty,party-6,,DEV-10111,Jaipur,0,1,0,0,0,0,,0,
TX-104201,SYN-10112,2026-08-01T09:00:00+05:30,108915.85,10891585,in,salary,Completed,,UPI,Payment counterparty,employer,MCH-10112,DEV-10112,Delhi,0,0,0,0,0,0,,0,
TX-104202,SYN-10112,2026-08-03T10:00:00+05:30,9839.42,983942,out,essential,Completed,,UPI,Payment counterparty,party-5,MCH-10112,DEV-10112,Delhi,0,0,0,0,0,0,,0,
TX-104203,SYN-10112,2026-08-07T12:00:00+05:30,8468.01,846801,out,transfer,Completed,,UPI,Payment counterparty,party-4,,DEV-10112,Delhi,0,1,0,0,0,0,,0,
TX-104204,SYN-10112,2026-08-09T10:00:00+05:30,8927.26,892726,out,essential,Completed,,UPI,Payment counterparty,party-6,MCH-10112,DEV-10112,Delhi,0,0,0,0,0,0,,0,
TX-104205,SYN-10112,2026-08-15T10:00:00+05:30,9499.74,949974,out,essential,Completed,,UPI,Payment counterparty,party-5,MCH-10112,DEV-10112,Delhi,0,0,0,0,0,0,,0,
TX-104206,SYN-10112,2026-08-21T10:00:00+05:30,10672.72,1067272,out,essential,Completed,,UPI,Payment counterparty,party-5,MCH-10112,DEV-10112,Delhi,0,0,0,0,0,0,,0,
TX-104207,SYN-10112,2026-08-21T12:00:00+05:30,14700.38,1470038,out,transfer,Completed,,UPI,Payment counterparty,party-6,,DEV-10112,Delhi,0,0,0,0,0,0,,0,
TX-104208,SYN-10112,2026-08-21T22:30:00+05:30,81262.11,8126211,out,emi,Completed,,Card,Payment counterparty,lender,MCH-10112,DEV-10112,Delhi,0,0,0,0,0,0,LN-112-0,2,
TX-104209,SYN-10112,2026-08-22T12:00:00+05:30,9095.6,909560,out,transfer,Completed,,UPI,Payment counterparty,party-6,,DEV-10150,Delhi,1,0,0,1,0,0,,0,
TX-104210,SYN-10112,2026-08-24T12:00:00+05:30,4243.23,424323,out,transfer,Completed,,UPI,Payment counterparty,party-4,,DEV-10112,Delhi,0,1,0,0,0,0,,0,
TX-104211,SYN-10112,2026-08-26T10:00:00+05:30,8610.88,861088,out,essential,Completed,,UPI,Payment counterparty,party-3,MCH-10112,DEV-10112,Delhi,0,0,0,0,0,0,,0,
TX-104212,SYN-10112,2026-09-01T09:00:00+05:30,122757.45,12275745,in,salary,Completed,,Card,Payment counterparty,employer,MCH-10112,DEV-10112,Delhi,0,0,0,0,0,0,,0,
TX-104213,SYN-10112,2026-09-03T10:00:00+05:30,9177.05,917705,out,essential,Completed,,Card,Payment counterparty,party-5,MCH-10112,DEV-10112,Delhi,0,0,0,0,0,0,,0,
TX-104214,SYN-10112,2026-09-07T12:00:00+05:30,152631.76,15263176,out,transfer,Completed,,UPI,Payment counterparty,party-3,,DEV-10150,Delhi,1,1,0,0,0,0,,0,
TX-104215,SYN-10112,2026-09-09T10:00:00+05:30,8441.09,844109,out,essential,Completed,,Digital banking,Payment counterparty,party-3,MCH-10112,DEV-10112,Delhi,0,0,0,0,0,0,,0,
TX-104216,SYN-10112,2026-09-15T10:00:00+05:30,9818.15,981815,out,essential,Completed,,Card,Payment counterparty,party-5,MCH-10112,DEV-10112,Delhi,0,0,0,0,0,0,,0,
TX-104217,SYN-10112,2026-09-21T10:00:00+05:30,9950.67,995067,out,essential,Completed,,Card,Payment counterparty,party-2,MCH-10112,DEV-10112,Delhi,0,0,0,0,0,0,,0,
TX-104218,SYN-10112,2026-09-21T12:00:00+05:30,14116.05,1411605,out,transfer,Completed,,UPI,Payment counterparty,party-6,,DEV-10112,Delhi,0,1,0,0,0,0,,0,
TX-104219,SYN-10112,2026-09-22T12:00:00+05:30,2832.19,283219,out,transfer,Completed,,UPI,Payment counterparty,party-5,,DEV-10112,Delhi,0,0,0,0,0,0,,0,
TX-104220,SYN-10112,2026-09-26T09:10:00+05:30,8645.7,864570,in,credit,Completed,,Card,Payment counterparty,credit-line,MCH-10112,DEV-10112,Delhi,0,0,0,0,0,0,,0,
TX-104221,SYN-10112,2026-09-26T10:00:00+05:30,8645.7,864570,out,essential,Completed,,UPI,Payment counterparty,party-5,MCH-10112,DEV-10112,Delhi,0,0,0,0,0,0,,0,
TX-104222,SYN-10112,2026-10-01T09:00:00+05:30,112378.09,11237809,in,salary,Completed,,UPI,Payment counterparty,employer,MCH-10112,DEV-10112,Delhi,0,0,0,0,0,0,,0,
TX-104235,SYN-10112,2026-10-01T12:00:00+05:30,7377.38,737738,out,essential,Pending,2026-09-27T00:00:00+05:30,Card,Payment counterparty,party-2,MCH-10112,DEV-10112,Delhi,0,0,0,0,0,0,,0,
TX-104223,SYN-10112,2026-10-03T10:00:00+05:30,10413.25,1041325,out,essential,Completed,,UPI,Payment counterparty,party-3,MCH-10112,DEV-10112,Delhi,0,0,0,0,0,0,,0,
TX-104224,SYN-10112,2026-10-03T22:30:00+05:30,81262.11,8126211,out,emi,Completed,,UPI,Payment counterparty,lender,MCH-10112,DEV-10112,Delhi,0,0,0,0,0,0,LN-112-0,3,
TX-104225,SYN-10112,2026-10-07T12:00:00+05:30,2138.26,213826,out,transfer,Completed,,Card,Payment counterparty,party-5,,DEV-10112,Delhi,0,0,0,0,0,0,,0,
TX-104226,SYN-10112,2026-10-09T10:00:00+05:30,9653.15,965315,out,essential,Completed,,UPI,Payment counterparty,party-4,MCH-10112,DEV-10112,Delhi,0,0,0,0,0,0,,0,
TX-104227,SYN-10112,2026-10-15T10:00:00+05:30,8438.57,843857,out,essential,Completed,,UPI,Payment counterparty,party-2,MCH-10112,DEV-10112,Delhi,0,0,0,0,0,0,,0,
TX-104228,SYN-10112,2026-10-21T09:10:00+05:30,8371.48,837148,in,credit,Completed,,Card,Payment counterparty,credit-line,MCH-10112,DEV-10112,Delhi,0,0,0,0,0,0,,0,
TX-104229,SYN-10112,2026-10-21T10:00:00+05:30,8844.23,884423,out,essential,Completed,,UPI,Payment counterparty,party-1,MCH-10112,DEV-10112,Delhi,0,0,0,0,0,0,,0,
TX-104230,SYN-10112,2026-10-26T09:10:00+05:30,8616.04,861604,in,credit,Completed,,UPI,Payment counterparty,credit-line,MCH-10112,DEV-10112,Delhi,0,0,0,0,0,0,,0,
TX-104231,SYN-10112,2026-10-26T10:00:00+05:30,8616.04,861604,out,essential,Completed,,Card,Payment counterparty,party-2,MCH-10112,DEV-10112,Delhi,0,0,0,0,0,0,,0,
TX-104232,SYN-10112,2026-11-01T09:00:00+05:30,123516.4,12351640,in,salary,Completed,,UPI,Payment counterparty,employer,MCH-10112,DEV-10112,Delhi,0,0,0,0,0,0,,0,
TX-104233,SYN-10112,2026-11-02T22:30:00+05:30,81262.11,8126211,out,emi,Completed,,UPI,Payment counterparty,lender,MCH-10112,DEV-10112,Delhi,0,0,0,0,0,0,LN-112-0,4,
TX-104234,SYN-10112,2026-11-03T10:00:00+05:30,8792.14,879214,out,essential,Completed,,Digital banking,Payment counterparty,party-3,MCH-10112,DEV-10112,Delhi,0,0,0,0,0,0,,0,
TX-104236,SYN-10113,2026-08-01T09:00:00+05:30,114767.92,11476792,in,salary,Completed,,Digital banking,Payment counterparty,employer,MCH-10113,DEV-10113,Mumbai,0,0,0,0,0,0,,0,
TX-104237,SYN-10113,2026-08-03T10:00:00+05:30,12161.84,1216184,out,essential,Completed,,UPI,Payment counterparty,party-5,MCH-10113,DEV-10113,Mumbai,0,0,0,0,0,0,,0,
TX-104238,SYN-10113,2026-08-09T10:00:00+05:30,13808.57,1380857,out,essential,Completed,,UPI,Payment counterparty,party-4,MCH-10113,DEV-10113,Mumbai,0,0,0,0,0,0,,0,
TX-104239,SYN-10113,2026-08-10T12:00:00+05:30,2079.53,207953,out,transfer,Completed,,UPI,Payment counterparty,party-5,,DEV-10150,Mumbai,1,0,0,0,0,0,,0,
TX-104240,SYN-10113,2026-08-15T10:00:00+05:30,13641.92,1364192,out,essential,Completed,,UPI,Payment counterparty,party-4,MCH-10113,DEV-10113,Mumbai,0,0,0,0,0,0,,0,
TX-104241,SYN-10113,2026-08-21T10:00:00+05:30,12019.68,1201968,out,essential,Completed,,Card,Payment counterparty,party-1,MCH-10113,DEV-10113,Mumbai,0,0,0,0,0,0,,0,
TX-104242,SYN-10113,2026-08-21T22:30:00+05:30,7850.46,785046,out,emi,Completed,,Card,Payment counterparty,lender,MCH-10113,DEV-10113,Mumbai,0,0,0,0,0,0,LN-113-0,2,
TX-104243,SYN-10113,2026-08-26T10:00:00+05:30,12266.0,1226600,out,essential,Completed,,Digital banking,Payment counterparty,party-6,MCH-10113,DEV-10113,Mumbai,0,0,0,0,0,0,,0,
TX-104244,SYN-10113,2026-08-28T12:00:00+05:30,3820.96,382096,out,transfer,Completed,,UPI,Payment counterparty,party-4,,DEV-10150,Mumbai,1,0,0,0,0,0,,0,
TX-104245,SYN-10113,2026-09-01T09:00:00+05:30,110240.03,11024003,in,salary,Completed,,UPI,Payment counterparty,employer,MCH-10113,DEV-10113,Mumbai,0,0,0,0,0,0,,0,
TX-104246,SYN-10113,2026-09-03T10:00:00+05:30,10726.58,1072658,out,essential,Completed,,UPI,Payment counterparty,party-6,MCH-10113,DEV-10113,Mumbai,0,0,0,0,0,0,,0,
TX-104247,SYN-10113,2026-09-09T10:00:00+05:30,12806.38,1280638,out,essential,Completed,,UPI,Payment counterparty,party-3,MCH-10113,DEV-10113,Mumbai,0,0,0,0,0,0,,0,
TX-104248,SYN-10113,2026-09-10T12:00:00+05:30,3769.82,376982,out,transfer,Completed,,UPI,Payment counterparty,party-2,,DEV-10150,Mumbai,1,0,0,1,0,0,,0,
TX-104249,SYN-10113,2026-09-15T10:00:00+05:30,13161.62,1316162,out,essential,Completed,,UPI,Payment counterparty,party-5,MCH-10113,DEV-10113,Mumbai,0,0,0,0,0,0,,0,
TX-104250,SYN-10113,2026-09-21T10:00:00+05:30,10946.29,1094629,out,essential,Completed,,UPI,Payment counterparty,party-1,MCH-10113,DEV-10113,Mumbai,0,0,0,0,0,0,,0,
TX-104251,SYN-10113,2026-09-21T22:30:00+05:30,7850.46,785046,out,emi,Completed,,UPI,Payment counterparty,lender,MCH-10113,DEV-10113,Mumbai,0,0,0,0,0,0,LN-113-0,3,
TX-104252,SYN-10113,2026-09-26T10:00:00+05:30,11476.28,1147628,out,essential,Completed,,Wallet,Payment counterparty,party-4,MCH-10113,DEV-10113,Mumbai,0,0,0,0,0,0,,0,
TX-104253,SYN-10113,2026-09-28T12:00:00+05:30,5406.61,540661,out,transfer,Completed,,UPI,Payment counterparty,party-2,,DEV-10150,Mumbai,1,1,0,0,0,0,,0,
TX-104254,SYN-10113,2026-10-01T09:00:00+05:30,100543.14,10054314,in,salary,Completed,,UPI,Payment counterparty,employer,MCH-10113,DEV-10113,Mumbai,0,0,0,0,0,0,,0,
TX-104265,SYN-10113,2026-10-01T12:00:00+05:30,9148.52,914852,out,essential,Pending,2026-09-27T00:00:00+05:30,UPI,Payment counterparty,party-4,MCH-10113,DEV-10113,Mumbai,0,0,0,0,0,0,,0,
TX-104255,SYN-10113,2026-10-03T10:00:00+05:30,12679.15,1267915,out,essential,Completed,,Wallet,Payment counterparty,party-6,MCH-10113,DEV-10113,Mumbai,0,0,0,0,0,0,,0,
TX-104256,SYN-10113,2026-10-09T10:00:00+05:30,10947.14,1094714,out,essential,Completed,,Card,Payment counterparty,party-5,MCH-10113,DEV-10113,Mumbai,0,0,0,0,0,0,,0,
TX-104257,SYN-10113,2026-10-10T12:00:00+05:30,5665.77,566577,out,transfer,Completed,,Card,Payment counterparty,party-4,,DEV-10150,Mumbai,1,1,0,1,0,0,,0,
TX-104258,SYN-10113,2026-10-15T10:00:00+05:30,11743.76,1174376,out,essential,Completed,,Digital banking,Payment counterparty,party-4,MCH-10113,DEV-10113,Mumbai,0,0,0,0,0,0,,0,
TX-104259,SYN-10113,2026-10-21T10:00:00+05:30,10674.71,1067471,out,essential,Completed,,Digital banking,Payment counterparty,party-4,MCH-10113,DEV-10113,Mumbai,0,0,0,0,0,0,,0,
TX-104260,SYN-10113,2026-10-21T22:30:00+05:30,7850.46,785046,out,emi,Completed,,Digital banking,Payment counterparty,lender,MCH-10113,DEV-10113,Mumbai,0,0,0,0,0,0,LN-113-0,4,
TX-104261,SYN-10113,2026-10-26T10:00:00+05:30,10827.36,1082736,out,essential,Completed,,UPI,Payment counterparty,party-5,MCH-10113,DEV-10113,Mumbai,0,0,0,0,0,0,,0,
TX-104262,SYN-10113,2026-10-28T12:00:00+05:30,9212.54,921254,out,transfer,Completed,,Digital banking,Payment counterparty,party-6,,DEV-10150,Mumbai,1,0,0,0,0,0,,0,
TX-104263,SYN-10113,2026-11-01T09:00:00+05:30,104804.33,10480433,in,salary,Completed,,Wallet,Payment counterparty,employer,MCH-10113,DEV-10113,Mumbai,0,0,0,0,0,0,,0,
TX-104264,SYN-10113,2026-11-03T10:00:00+05:30,13397.37,1339737,out,essential,Completed,,UPI,Payment counterparty,party-1,MCH-10113,DEV-10113,Mumbai,0,0,0,0,0,0,,0,
TX-104266,SYN-10114,2026-08-03T10:00:00+05:30,5240.23,524023,out,essential,Completed,,UPI,Payment counterparty,party-6,MCH-10114,DEV-10114,Bengaluru,0,0,0,0,0,0,,0,
TX-104267,SYN-10114,2026-08-04T12:00:00+05:30,5318.98,531898,out,transfer,Completed,,Digital banking,Payment counterparty,party-4,,DEV-10114,Bengaluru,0,0,0,0,0,0,,0,
TX-104268,SYN-10114,2026-08-05T09:00:00+05:30,53399.34,5339934,in,salary,Completed,,UPI,Payment counterparty,employer,MCH-10114,DEV-10114,Bengaluru,0,0,0,0,0,0,,0,
TX-104269,SYN-10114,2026-08-09T10:00:00+05:30,4786.36,478636,out,essential,Completed,,UPI,Payment counterparty,party-2,MCH-10114,DEV-10114,Bengaluru,0,0,0,0,0,0,,0,
TX-104270,SYN-10114,2026-08-15T10:00:00+05:30,5613.99,561399,out,essential,Completed,,Card,Payment counterparty,party-3,MCH-10114,DEV-10114,Bengaluru,0,0,0,0,0,0,,0,
TX-104271,SYN-10114,2026-08-21T10:00:00+05:30,6122.42,612242,out,essential,Completed,,UPI,Payment counterparty,party-6,MCH-10114,DEV-10114,Bengaluru,0,0,0,0,0,0,,0,
TX-104272,SYN-10114,2026-08-26T10:00:00+05:30,4908.02,490802,out,essential,Completed,,UPI,Payment counterparty,party-5,MCH-10114,DEV-10114,Bengaluru,0,0,0,0,0,0,,0,
TX-104273,SYN-10114,2026-08-26T12:00:00+05:30,2647.84,264784,out,transfer,Completed,,UPI,Payment counterparty,party-3,,DEV-10114,Bengaluru,0,1,0,0,0,0,,0,
TX-104274,SYN-10114,2026-08-26T22:30:00+05:30,10865.15,1086515,out,emi,Completed,,UPI,Payment counterparty,lender,MCH-10114,DEV-10114,Bengaluru,0,0,0,0,0,0,LN-114-0,2,
TX-104275,SYN-10114,2026-09-03T10:00:00+05:30,5357.52,535752,out,essential,Completed,,UPI,Payment counterparty,party-3,MCH-10114,DEV-10114,Bengaluru,0,0,0,0,0,0,,0,
TX-104276,SYN-10114,2026-09-04T12:00:00+05:30,3564.88,356488,out,transfer,Completed,,UPI,Payment counterparty,party-4,,DEV-10114,Bengaluru,0,1,0,0,0,0,,0,
TX-104277,SYN-10114,2026-09-05T09:00:00+05:30,11239.46,1123946,in,salary,Completed,,UPI,Payment counterparty,employer,MCH-10114,DEV-10114,Bengaluru,0,0,0,0,0,0,,0,
TX-104278,SYN-10114,2026-09-09T10:00:00+05:30,5355.07,535507,out,essential,Completed,,Digital banking,Payment counterparty,party-5,MCH-10114,DEV-10114,Bengaluru,0,0,0,0,0,0,,0,
TX-104279,SYN-10114,2026-09-09T17:16:00+05:30,42955.66,4295566,out,transfer,Completed,,UPI,Payment counterparty,party-19,,DEV-10150,Bengaluru,1,1,0,0,1,1,,0,
TX-104280,SYN-10114,2026-09-09T17:26:00+05:30,42955.66,4295566,out,transfer,Completed,,UPI,Payment counterparty,party-19,,DEV-10150,Bengaluru,1,1,0,1,1,4,,0,
TX-104281,SYN-10114,2026-09-15T10:00:00+05:30,5204.46,520446,out,essential,Completed,,UPI,Payment counterparty,party-4,MCH-10114,DEV-10114,Bengaluru,0,0,0,0,0,0,,0,
TX-104282,SYN-10114,2026-09-21T10:00:00+05:30,5791.61,579161,out,essential,Completed,,UPI,Payment counterparty,party-5,MCH-10114,DEV-10114,Bengaluru,0,0,0,0,0,0,,0,
TX-104283,SYN-10114,2026-09-26T10:00:00+05:30,6233.84,623384,out,essential,Completed,,UPI,Payment counterparty,party-6,MCH-10114,DEV-10114,Bengaluru,0,0,0,0,0,0,,0,
TX-104284,SYN-10114,2026-09-26T12:00:00+05:30,2950.13,295013,out,transfer,Completed,,UPI,Payment counterparty,party-3,,DEV-10114,Bengaluru,0,1,0,0,0,0,,0,
TX-104285,SYN-10114,2026-09-29T22:30:00+05:30,837.0,83700,out,emi,Completed,,UPI,Payment counterparty,lender,MCH-10114,DEV-10114,Bengaluru,0,0,0,0,0,0,LN-114-0,3,
TX-104298,SYN-10114,2026-10-01T12:00:00+05:30,4095.3,409530,out,essential,Pending,2026-09-27T00:00:00+05:30,Digital banking,Payment counterparty,party-6,MCH-10114,DEV-10114,Bengaluru,0,0,0,0,0,0,,0,
TX-104286,SYN-10114,2026-10-03T09:10:00+05:30,22.17,2217,in,credit,Completed,,UPI,Payment counterparty,credit-line,MCH-10114,DEV-10114,Bengaluru,0,0,0,0,0,0,,0,
TX-104287,SYN-10114,2026-10-03T10:00:00+05:30,5088.59,508859,out,essential,Completed,,UPI,Payment counterparty,party-1,MCH-10114,DEV-10114,Bengaluru,0,0,0,0,0,0,,0,
TX-104288,SYN-10114,2026-10-05T09:00:00+05:30,33442.37,3344237,in,salary,Completed,,UPI,Payment counterparty,employer,MCH-10114,DEV-10114,Bengaluru,0,0,0,0,0,0,,0,
TX-104289,SYN-10114,2026-10-05T22:30:00+05:30,10028.15,1002815,out,emi,Completed,,Digital banking,Payment counterparty,lender,MCH-10114,DEV-10114,Bengaluru,0,0,0,0,0,0,LN-114-0,3,
TX-104290,SYN-10114,2026-10-09T10:00:00+05:30,6090.61,609061,out,essential,Completed,,UPI,Payment counterparty,party-1,MCH-10114,DEV-10114,Bengaluru,0,0,0,0,0,0,,0,
TX-104291,SYN-10114,2026-10-15T10:00:00+05:30,4875.92,487592,out,essential,Completed,,UPI,Payment counterparty,party-1,MCH-10114,DEV-10114,Bengaluru,0,0,0,0,0,0,,0,
TX-104292,SYN-10114,2026-10-21T10:00:00+05:30,5274.17,527417,out,essential,Completed,,UPI,Payment counterparty,party-4,MCH-10114,DEV-10114,Bengaluru,0,0,0,0,0,0,,0,
TX-104293,SYN-10114,2026-10-26T10:00:00+05:30,5957.85,595785,out,essential,Completed,,UPI,Payment counterparty,party-1,MCH-10114,DEV-10114,Bengaluru,0,0,0,0,0,0,,0,
TX-104294,SYN-10114,2026-10-26T12:00:00+05:30,1215.67,121567,out,transfer,Completed,,Wallet,Payment counterparty,party-1,,DEV-10114,Bengaluru,0,0,0,0,0,0,,0,
TX-104295,SYN-10114,2026-11-03T09:10:00+05:30,5675.48,567548,in,credit,Completed,,Card,Payment counterparty,credit-line,MCH-10114,DEV-10114,Bengaluru,0,0,0,0,0,0,,0,
TX-104296,SYN-10114,2026-11-03T10:00:00+05:30,5675.48,567548,out,essential,Completed,,UPI,Payment counterparty,party-6,MCH-10114,DEV-10114,Bengaluru,0,0,0,0,0,0,,0,
TX-104297,SYN-10114,2026-11-05T09:00:00+05:30,8027.22,802722,in,salary,Completed,,Wallet,Payment counterparty,employer,MCH-10114,DEV-10114,Bengaluru,0,0,0,0,0,0,,0,
TX-104299,SYN-10115,2026-08-01T09:00:00+05:30,118604.98,11860498,in,salary,Completed,,UPI,Payment counterparty,employer,MCH-10115,DEV-10115,Jaipur,0,0,0,0,0,0,,0,
TX-104300,SYN-10115,2026-08-03T10:00:00+05:30,11170.21,1117021,out,essential,Completed,,UPI,Payment counterparty,party-2,MCH-10115,DEV-10115,Jaipur,0,0,0,0,0,0,,0,
TX-104301,SYN-10115,2026-08-09T10:00:00+05:30,10228.46,1022846,out,essential,Completed,,Wallet,Payment counterparty,party-4,MCH-10115,DEV-10115,Jaipur,0,0,0,0,0,0,,0,
TX-104302,SYN-10115,2026-08-15T10:00:00+05:30,10946.47,1094647,out,essential,Completed,,UPI,Payment counterparty,party-5,MCH-10115,DEV-10115,Jaipur,0,0,0,0,0,0,,0,
TX-104303,SYN-10115,2026-08-19T12:00:00+05:30,2610.68,261068,out,transfer,Completed,,UPI,Payment counterparty,party-2,,DEV-10115,Jaipur,0,0,0,0,0,0,,0,
TX-104304,SYN-10115,2026-08-21T10:00:00+05:30,10813.81,1081381,out,essential,Completed,,Digital banking,Payment counterparty,party-4,MCH-10115,DEV-10115,Jaipur,0,0,0,0,0,0,,0,
TX-104305,SYN-10115,2026-08-23T12:00:00+05:30,3335.9,333590,out,transfer,Completed,,UPI,Payment counterparty,party-4,,DEV-10115,Jaipur,0,0,0,0,0,0,,0,
TX-104306,SYN-10115,2026-08-26T10:00:00+05:30,11305.34,1130534,out,essential,Completed,,Digital banking,Payment counterparty,party-2,MCH-10115,DEV-10115,Jaipur,0,0,0,0,0,0,,0,
TX-104307,SYN-10115,2026-08-26T22:30:00+05:30,23085.65,2308565,out,emi,Completed,,UPI,Payment counterparty,lender,MCH-10115,DEV-10115,Jaipur,0,0,0,0,0,0,LN-115-0,2,
TX-104308,SYN-10115,2026-09-03T10:00:00+05:30,12439.46,1243946,out,essential,Completed,,UPI,Payment counterparty,party-4,MCH-10115,DEV-10115,Jaipur,0,0,0,0,0,0,,0,
TX-104309,SYN-10115,2026-09-09T10:00:00+05:30,10725.82,1072582,out,essential,Completed,,UPI,Payment counterparty,party-2,MCH-10115,DEV-10115,Jaipur,0,0,0,0,0,0,,0,
TX-104310,SYN-10115,2026-09-15T10:00:00+05:30,10638.03,1063803,out,essential,Completed,,UPI,Payment counterparty,party-2,MCH-10115,DEV-10115,Jaipur,0,0,0,0,0,0,,0,
TX-104311,SYN-10115,2026-09-19T12:00:00+05:30,3371.74,337174,out,transfer,Completed,,Digital banking,Payment counterparty,party-6,,DEV-10115,Jaipur,0,0,0,0,0,0,,0,
TX-104312,SYN-10115,2026-09-19T13:06:00+05:30,43237.22,4323722,out,transfer,Completed,,UPI,Payment counterparty,party-30,,DEV-10115,Jaipur,0,0,0,0,0,0,,0,
TX-104313,SYN-10115,2026-09-19T13:13:00+05:30,43237.22,4323722,out,transfer,Completed,,UPI,Payment counterparty,party-30,,DEV-10115,Jaipur,0,0,0,0,0,0,,0,
TX-104314,SYN-10115,2026-09-19T13:26:00+05:30,43237.22,4323722,out,transfer,Completed,,UPI,Payment counterparty,party-30,,DEV-10115,Jaipur,0,0,0,0,0,0,,0,
TX-104315,SYN-10115,2026-09-21T10:00:00+05:30,10580.62,1058062,out,essential,Completed,,UPI,Payment counterparty,party-1,MCH-10115,DEV-10115,Jaipur,0,0,0,0,0,0,,0,
TX-104316,SYN-10115,2026-09-23T12:00:00+05:30,2208.52,220852,out,transfer,Completed,,UPI,Payment counterparty,party-3,,DEV-10115,Jaipur,0,0,0,0,0,0,,0,
TX-104317,SYN-10115,2026-09-26T10:00:00+05:30,10362.93,1036293,out,essential,Completed,,UPI,Payment counterparty,party-6,MCH-10115,DEV-10115,Jaipur,0,0,0,0,0,0,,0,
TX-104318,SYN-10115,2026-09-26T22:30:00+05:30,23085.65,2308565,out,emi,Completed,,UPI,Payment counterparty,lender,MCH-10115,DEV-10115,Jaipur,0,0,0,0,0,0,LN-115-0,3,
TX-104319,SYN-10115,2026-10-01T09:00:00+05:30,23077.5,2307750,in,salary,Completed,,UPI,Payment counterparty,employer,MCH-10115,DEV-10115,Jaipur,0,0,0,0,0,0,,0,
TX-104330,SYN-10115,2026-10-01T12:00:00+05:30,8758.45,875845,out,essential,Pending,2026-09-27T00:00:00+05:30,UPI,Payment counterparty,party-4,MCH-10115,DEV-10115,Jaipur,0,0,0,0,0,0,,0,
TX-104320,SYN-10115,2026-10-03T10:00:00+05:30,13199.76,1319976,out,essential,Completed,,UPI,Payment counterparty,party-1,MCH-10115,DEV-10115,Jaipur,0,0,0,0,0,0,,0,
TX-104321,SYN-10115,2026-10-09T10:00:00+05:30,13334.55,1333455,out,essential,Completed,,UPI,Payment counterparty,party-5,MCH-10115,DEV-10115,Jaipur,0,0,0,0,0,0,,0,
TX-104322,SYN-10115,2026-10-15T10:00:00+05:30,13345.71,1334571,out,essential,Completed,,UPI,Payment counterparty,party-5,MCH-10115,DEV-10115,Jaipur,0,0,0,0,0,0,,0,
TX-104323,SYN-10115,2026-10-19T12:00:00+05:30,2164.88,216488,out,transfer,Completed,,Wallet,Payment counterparty,party-6,,DEV-10115,Jaipur,0,0,0,0,0,0,,0,
TX-104324,SYN-10115,2026-10-21T10:00:00+05:30,11317.93,1131793,out,essential,Completed,,UPI,Payment counterparty,party-6,MCH-10115,DEV-10115,Jaipur,0,0,0,0,0,0,,0,
TX-104325,SYN-10115,2026-10-23T12:00:00+05:30,1682.27,168227,out,transfer,Completed,,Card,Payment counterparty,party-1,,DEV-10115,Jaipur,0,1,0,0,0,0,,0,
TX-104326,SYN-10115,2026-10-26T10:00:00+05:30,11364.37,1136437,out,essential,Completed,,Card,Payment counterparty,party-5,MCH-10115,DEV-10115,Jaipur,0,0,0,0,0,0,,0,
TX-104327,SYN-10115,2026-11-01T09:00:00+05:30,39655.57,3965557,in,salary,Completed,,UPI,Payment counterparty,employer,MCH-10115,DEV-10115,Jaipur,0,0,0,0,0,0,,0,
TX-104328,SYN-10115,2026-11-01T22:30:00+05:30,23085.65,2308565,out,emi,Completed,,Card,Payment counterparty,lender,MCH-10115,DEV-10115,Jaipur,0,0,0,0,0,0,LN-115-0,4,
TX-104329,SYN-10115,2026-11-03T10:00:00+05:30,10514.3,1051430,out,essential,Completed,,Card,Payment counterparty,party-1,MCH-10115,DEV-10115,Jaipur,0,0,0,0,0,0,,0,
TX-104331,SYN-10116,2026-08-03T10:00:00+05:30,10290.86,1029086,out,essential,Completed,,UPI,Payment counterparty,party-2,MCH-10116,DEV-10116,Delhi,0,0,0,0,0,0,,0,
TX-104332,SYN-10116,2026-08-05T09:00:00+05:30,99507.34,9950734,in,salary,Completed,,UPI,Payment counterparty,employer,MCH-10116,DEV-10116,Delhi,0,0,0,0,0,0,,0,
TX-104333,SYN-10116,2026-08-09T10:00:00+05:30,9783.07,978307,out,essential,Completed,,Digital banking,Payment counterparty,party-6,MCH-10116,DEV-10116,Delhi,0,0,0,0,0,0,,0,
TX-104334,SYN-10116,2026-08-10T12:00:00+05:30,10574.75,1057475,out,transfer,Completed,,Card,Payment counterparty,party-1,,DEV-10116,Delhi,0,1,0,0,0,0,,0,
TX-104335,SYN-10116,2026-08-15T10:00:00+05:30,10281.75,1028175,out,essential,Completed,,Card,Payment counterparty,party-1,MCH-10116,DEV-10116,Delhi,0,0,0,0,0,0,,0,
TX-104336,SYN-10116,2026-08-21T10:00:00+05:30,12531.49,1253149,out,essential,Completed,,Card,Payment counterparty,party-2,MCH-10116,DEV-10116,Delhi,0,0,0,0,0,0,,0,
TX-104337,SYN-10116,2026-08-22T12:00:00+05:30,4620.0,462000,out,transfer,Completed,,Card,Payment counterparty,party-1,,DEV-10116,Delhi,0,0,0,0,0,0,,0,
TX-104338,SYN-10116,2026-08-23T22:30:00+05:30,33202.71,3320271,out,emi,Completed,,Digital banking,Payment counterparty,lender,MCH-10116,DEV-10116,Delhi,0,0,0,0,0,0,LN-116-0,2,
TX-104339,SYN-10116,2026-08-26T10:00:00+05:30,10763.7,1076370,out,essential,Completed,,Card,Payment counterparty,party-3,MCH-10116,DEV-10116,Delhi,0,0,0,0,0,0,,0,
TX-104340,SYN-10116,2026-09-03T10:00:00+05:30,12465.8,1246580,out,essential,Completed,,Card,Payment counterparty,party-5,MCH-10116,DEV-10116,Delhi,0,0,0,0,0,0,,0,
TX-104341,SYN-10116,2026-09-05T09:00:00+05:30,39987.43,3998743,in,salary,Completed,,Card,Payment counterparty,employer,MCH-10116,DEV-10116,Delhi,0,0,0,0,0,0,,0,
TX-104342,SYN-10116,2026-09-09T10:00:00+05:30,11043.43,1104343,out,essential,Completed,,UPI,Payment counterparty,party-5,MCH-10116,DEV-10116,Delhi,0,0,0,0,0,0,,0,
TX-104343,SYN-10116,2026-09-09T16:26:00+05:30,10739.9,1073990,out,transfer,Completed,,UPI,Payment counterparty,party-18,,DEV-10151,Delhi,1,1,0,1,1,2,,0,
TX-104344,SYN-10116,2026-09-09T16:32:00+05:30,10739.9,1073990,out,transfer,Completed,,UPI,Payment counterparty,party-18,,DEV-10151,Delhi,1,1,0,1,1,4,,0,
TX-104345,SYN-10116,2026-09-10T12:00:00+05:30,2295.24,229524,out,transfer,Completed,,UPI,Payment counterparty,party-6,,DEV-10151,Delhi,1,0,0,1,0,0,,0,
TX-104346,SYN-10116,2026-09-15T10:00:00+05:30,13170.49,1317049,out,essential,Completed,,Card,Payment counterparty,party-2,MCH-10116,DEV-10116,Delhi,0,0,0,0,0,0,,0,
TX-104347,SYN-10116,2026-09-21T10:00:00+05:30,12960.89,1296089,out,essential,Completed,,UPI,Payment counterparty,party-5,MCH-10116,DEV-10116,Delhi,0,0,0,0,0,0,,0,
TX-104348,SYN-10116,2026-09-22T12:00:00+05:30,6464.46,646446,out,transfer,Completed,,Card,Payment counterparty,party-1,,DEV-10116,Delhi,0,0,0,0,0,0,,0,
TX-104349,SYN-10116,2026-09-26T09:10:00+05:30,7610.51,761051,in,credit,Completed,,UPI,Payment counterparty,credit-line,MCH-10116,DEV-10116,Delhi,0,0,0,0,0,0,,0,
TX-104350,SYN-10116,2026-09-26T10:00:00+05:30,12176.14,1217614,out,essential,Completed,,UPI,Payment counterparty,party-3,MCH-10116,DEV-10116,Delhi,0,0,0,0,0,0,,0,
TX-104367,SYN-10116,2026-10-01T12:00:00+05:30,8603.47,860347,out,essential,Pending,2026-09-27T00:00:00+05:30,UPI,Payment counterparty,party-2,MCH-10116,DEV-10116,Delhi,0,0,0,0,0,0,,0,
TX-104351,SYN-10116,2026-10-03T09:10:00+05:30,9891.61,989161,in,credit,Completed,,Card,Payment counterparty,credit-line,MCH-10116,DEV-10116,Delhi,0,0,0,0,0,0,,0,
TX-104352,SYN-10116,2026-10-03T10:00:00+05:30,9891.61,989161,out,essential,Completed,,UPI,Payment counterparty,party-6,MCH-10116,DEV-10116,Delhi,0,0,0,0,0,0,,0,
TX-104353,SYN-10116,2026-10-05T09:00:00+05:30,38987.44,3898744,in,salary,Completed,,UPI,Payment counterparty,employer,MCH-10116,DEV-10116,Delhi,0,0,0,0,0,0,,0,
TX-104354,SYN-10116,2026-10-05T22:30:00+05:30,19289.57,1928957,out,emi,Completed,,UPI,Payment counterparty,lender,MCH-10116,DEV-10116,Delhi,0,0,0,0,0,0,LN-116-0,3,
TX-104355,SYN-10116,2026-10-08T22:30:00+05:30,7031.78,703178,out,emi,Completed,,Card,Payment counterparty,lender,MCH-10116,DEV-10116,Delhi,0,0,0,0,0,0,LN-116-0,3,
TX-104356,SYN-10116,2026-10-09T10:00:00+05:30,10273.18,1027318,out,essential,Completed,,UPI,Payment counterparty,party-2,MCH-10116,DEV-10116,Delhi,0,0,0,0,0,0,,0,
TX-104357,SYN-10116,2026-10-10T12:00:00+05:30,2392.91,239291,out,transfer,Completed,,UPI,Payment counterparty,party-2,,DEV-10151,Delhi,1,0,0,0,0,0,,0,
TX-104358,SYN-10116,2026-10-15T09:10:00+05:30,10234.46,1023446,in,credit,Completed,,UPI,Payment counterparty,credit-line,MCH-10116,DEV-10116,Delhi,0,0,0,0,0,0,,0,
TX-104359,SYN-10116,2026-10-15T10:00:00+05:30,10234.46,1023446,out,essential,Completed,,UPI,Payment counterparty,party-4,MCH-10116,DEV-10116,Delhi,0,0,0,0,0,0,,0,
TX-104360,SYN-10116,2026-10-21T09:10:00+05:30,13039.57,1303957,in,credit,Completed,,UPI,Payment counterparty,credit-line,MCH-10116,DEV-10116,Delhi,0,0,0,0,0,0,,0,
TX-104361,SYN-10116,2026-10-21T10:00:00+05:30,13039.57,1303957,out,essential,Completed,,UPI,Payment counterparty,party-1,MCH-10116,DEV-10116,Delhi,0,0,0,0,0,0,,0,
TX-104362,SYN-10116,2026-10-26T09:10:00+05:30,12466.51,1246651,in,credit,Completed,,UPI,Payment counterparty,credit-line,MCH-10116,DEV-10116,Delhi,0,0,0,0,0,0,,0,
TX-104363,SYN-10116,2026-10-26T10:00:00+05:30,12466.51,1246651,out,essential,Completed,,UPI,Payment counterparty,party-4,MCH-10116,DEV-10116,Delhi,0,0,0,0,0,0,,0,
TX-104364,SYN-10116,2026-11-03T09:10:00+05:30,12942.98,1294298,in,credit,Completed,,UPI,Payment counterparty,credit-line,MCH-10116,DEV-10116,Delhi,0,0,0,0,0,0,,0,
TX-104365,SYN-10116,2026-11-03T10:00:00+05:30,12942.98,1294298,out,essential,Completed,,Card,Payment counterparty,party-6,MCH-10116,DEV-10116,Delhi,0,0,0,0,0,0,,0,
TX-104366,SYN-10116,2026-11-05T09:00:00+05:30,32031.84,3203184,in,salary,Completed,,UPI,Payment counterparty,employer,MCH-10116,DEV-10116,Delhi,0,0,0,0,0,0,,0,
TX-104368,SYN-10117,2026-08-01T09:00:00+05:30,91365.54,9136554,in,salary,Completed,,UPI,Payment counterparty,employer,MCH-10117,DEV-10117,Mumbai,0,0,0,0,0,0,,0,
TX-104369,SYN-10117,2026-08-02T12:00:00+05:30,5693.25,569325,out,transfer,Completed,,Card,Payment counterparty,party-6,,DEV-10117,Mumbai,0,0,0,0,0,0,,0,
TX-104370,SYN-10117,2026-08-03T10:00:00+05:30,8438.72,843872,out,essential,Completed,,Wallet,Payment counterparty,party-6,MCH-10117,DEV-10117,Mumbai,0,0,0,0,0,0,,0,
TX-104371,SYN-10117,2026-08-08T12:00:00+05:30,3633.9,363390,out,transfer,Completed,,Digital banking,Payment counterparty,party-3,,DEV-10117,Mumbai,0,1,0,0,0,0,,0,
TX-104372,SYN-10117,2026-08-09T10:00:00+05:30,9325.93,932593,out,essential,Completed,,UPI,Payment counterparty,party-6,MCH-10117,DEV-10117,Mumbai,0,0,0,0,0,0,,0,
TX-104373,SYN-10117,2026-08-13T12:00:00+05:30,3314.73,331473,out,transfer,Completed,,UPI,Payment counterparty,party-3,,DEV-10117,Mumbai,0,0,0,0,0,0,,0,
TX-104374,SYN-10117,2026-08-15T10:00:00+05:30,9027.38,902738,out,essential,Completed,,UPI,Payment counterparty,party-4,MCH-10117,DEV-10117,Mumbai,0,0,0,0,0,0,,0,
TX-104375,SYN-10117,2026-08-21T10:00:00+05:30,9459.68,945968,out,essential,Completed,,UPI,Payment counterparty,party-3,MCH-10117,DEV-10117,Mumbai,0,0,0,0,0,0,,0,
TX-104376,SYN-10117,2026-08-22T12:00:00+05:30,5355.09,535509,out,transfer,Completed,,UPI,Payment counterparty,party-6,,DEV-10117,Mumbai,0,0,0,0,0,0,,0,
TX-104377,SYN-10117,2026-08-26T10:00:00+05:30,10498.97,1049897,out,essential,Completed,,UPI,Payment counterparty,party-1,MCH-10117,DEV-10117,Mumbai,0,0,0,0,0,0,,0,
TX-104378,SYN-10117,2026-08-27T22:30:00+05:30,20731.96,2073196,out,emi,Completed,,Digital banking,Payment counterparty,lender,MCH-10117,DEV-10117,Mumbai,0,0,0,0,0,0,LN-117-0,2,
TX-104379,SYN-10117,2026-09-01T09:00:00+05:30,92191.35,9219135,in,salary,Completed,,UPI,Payment counterparty,employer,MCH-10117,DEV-10117,Mumbai,0,0,0,0,0,0,,0,
TX-104380,SYN-10117,2026-09-02T12:00:00+05:30,3316.48,331648,out,transfer,Completed,,UPI,Payment counterparty,party-1,,DEV-10117,Mumbai,0,0,0,0,0,0,,0,
TX-104381,SYN-10117,2026-09-03T10:00:00+05:30,8498.49,849849,out,essential,Completed,,UPI,Payment counterparty,party-4,MCH-10117,DEV-10117,Mumbai,0,0,0,0,0,0,,0,
TX-104382,SYN-10117,2026-09-08T12:00:00+05:30,2035.09,203509,out,transfer,Completed,,UPI,Payment counterparty,party-1,,DEV-10117,Mumbai,0,1,0,0,0,0,,0,
TX-104383,SYN-10117,2026-09-09T10:00:00+05:30,9884.25,988425,out,essential,Completed,,Wallet,Payment counterparty,party-6,MCH-10117,DEV-10117,Mumbai,0,0,0,0,0,0,,0,
TX-104384,SYN-10117,2026-09-13T12:00:00+05:30,3613.98,361398,out,transfer,Completed,,UPI,Payment counterparty,party-3,,DEV-10117,Mumbai,0,1,0,0,0,0,,0,
TX-104385,SYN-10117,2026-09-15T10:00:00+05:30,10549.72,1054972,out,essential,Completed,,UPI,Payment counterparty,party-6,MCH-10117,DEV-10117,Mumbai,0,0,0,0,0,0,,0,
TX-104386,SYN-10117,2026-09-15T14:00:00+05:30,27300.0,2730000,in,transfer,Completed,,Card,Payment counterparty,sender-1,,DEV-10117,Mumbai,0,1,0,0,0,0,,0,
TX-104387,SYN-10117,2026-09-15T14:03:00+05:30,25200.0,2520000,in,transfer,Completed,,Wallet,Payment counterparty,sender-1,,DEV-10117,Mumbai,0,1,0,0,0,0,,0,
TX-104388,SYN-10117,2026-09-15T14:06:00+05:30,23900.0,2390000,in,transfer,Completed,,UPI,Payment counterparty,sender-1,,DEV-10117,Mumbai,0,1,0,0,0,0,,0,
TX-104389,SYN-10117,2026-09-15T14:14:00+05:30,68760.0,6876000,out,transfer,Completed,,UPI,Payment counterparty,party-21,,DEV-10117,Mumbai,0,1,0,0,0,0,,0,
TX-104390,SYN-10117,2026-09-16T16:31:00+05:30,8450.69,845069,out,transfer,Completed,,UPI,Payment counterparty,party-26,,DEV-10117,Mumbai,0,0,0,0,0,0,,0,
TX-104391,SYN-10117,2026-09-16T16:39:00+05:30,8450.69,845069,out,transfer,Completed,,UPI,Payment counterparty,party-26,,DEV-10117,Mumbai,0,0,0,0,0,0,,0,
TX-104392,SYN-10117,2026-09-21T10:00:00+05:30,8757.09,875709,out,essential,Completed,,UPI,Payment counterparty,party-5,MCH-10117,DEV-10117,Mumbai,0,0,0,0,0,0,,0,
TX-104393,SYN-10117,2026-09-22T12:00:00+05:30,1894.89,189489,out,transfer,Completed,,Digital banking,Payment counterparty,party-1,,DEV-10117,Mumbai,0,0,0,0,0,0,,0,
TX-104394,SYN-10117,2026-09-26T10:00:00+05:30,8446.93,844693,out,essential,Completed,,UPI,Payment counterparty,party-2,MCH-10117,DEV-10117,Mumbai,0,0,0,0,0,0,,0,
TX-104395,SYN-10117,2026-09-27T22:30:00+05:30,20731.96,2073196,out,emi,Completed,,UPI,Payment counterparty,lender,MCH-10117,DEV-10117,Mumbai,0,0,0,0,0,0,LN-117-0,3,
TX-104396,SYN-10117,2026-10-01T09:00:00+05:30,87087.16,8708716,in,salary,Completed,,UPI,Payment counterparty,employer,MCH-10117,DEV-10117,Mumbai,0,0,0,0,0,0,,0,
TX-104410,SYN-10117,2026-10-01T12:00:00+05:30,7096.67,709667,out,essential,Pending,2026-09-27T00:00:00+05:30,Card,Payment counterparty,party-1,MCH-10117,DEV-10117,Mumbai,0,0,0,0,0,0,,0,
TX-104397,SYN-10117,2026-10-02T12:00:00+05:30,2984.05,298405,out,transfer,Completed,,UPI,Payment counterparty,party-3,,DEV-10117,Mumbai,0,0,0,0,0,0,,0,
TX-104398,SYN-10117,2026-10-03T10:00:00+05:30,9713.52,971352,out,essential,Completed,,UPI,Payment counterparty,party-2,MCH-10117,DEV-10117,Mumbai,0,0,0,0,0,0,,0,
TX-104399,SYN-10117,2026-10-08T12:00:00+05:30,4209.97,420997,out,transfer,Completed,,Wallet,Payment counterparty,party-1,,DEV-10117,Mumbai,0,1,0,0,0,0,,0,
TX-104400,SYN-10117,2026-10-09T10:00:00+05:30,10396.19,1039619,out,essential,Completed,,UPI,Payment counterparty,party-5,MCH-10117,DEV-10117,Mumbai,0,0,0,0,0,0,,0,
TX-104401,SYN-10117,2026-10-13T12:00:00+05:30,2868.28,286828,out,transfer,Completed,,Card,Payment counterparty,party-6,,DEV-10117,Mumbai,0,1,0,0,0,0,,0,
TX-104402,SYN-10117,2026-10-15T10:00:00+05:30,9900.98,990098,out,essential,Completed,,UPI,Payment counterparty,party-6,MCH-10117,DEV-10117,Mumbai,0,0,0,0,0,0,,0,
TX-104403,SYN-10117,2026-10-21T10:00:00+05:30,9102.3,910230,out,essential,Completed,,Digital banking,Payment counterparty,party-4,MCH-10117,DEV-10117,Mumbai,0,0,0,0,0,0,,0,
TX-104404,SYN-10117,2026-10-22T12:00:00+05:30,3574.34,357434,out,transfer,Completed,,UPI,Payment counterparty,party-2,,DEV-10117,Mumbai,0,1,0,0,0,0,,0,
TX-104405,SYN-10117,2026-10-26T10:00:00+05:30,8477.45,847745,out,essential,Completed,,UPI,Payment counterparty,party-2,MCH-10117,DEV-10117,Mumbai,0,0,0,0,0,0,,0,
TX-104406,SYN-10117,2026-10-27T22:30:00+05:30,20731.96,2073196,out,emi,Completed,,UPI,Payment counterparty,lender,MCH-10117,DEV-10117,Mumbai,0,0,0,0,0,0,LN-117-0,4,
TX-104407,SYN-10117,2026-11-01T09:00:00+05:30,81082.77,8108277,in,salary,Completed,,UPI,Payment counterparty,employer,MCH-10117,DEV-10117,Mumbai,0,0,0,0,0,0,,0,
TX-104408,SYN-10117,2026-11-02T12:00:00+05:30,2287.12,228712,out,transfer,Completed,,UPI,Payment counterparty,party-4,,DEV-10117,Mumbai,0,0,0,0,0,0,,0,
TX-104409,SYN-10117,2026-11-03T10:00:00+05:30,9688.07,968807,out,essential,Completed,,UPI,Payment counterparty,party-2,MCH-10117,DEV-10117,Mumbai,0,0,0,0,0,0,,0,
TX-104411,SYN-10118,2026-08-01T09:00:00+05:30,83037.09,8303709,in,salary,Completed,,UPI,Payment counterparty,employer,MCH-10118,DEV-10118,Bengaluru,0,0,0,0,0,0,,0,
TX-104412,SYN-10118,2026-08-03T10:00:00+05:30,9912.01,991201,out,essential,Completed,,Card,Payment counterparty,party-2,MCH-10118,DEV-10118,Bengaluru,0,0,0,0,0,0,,0,
TX-104413,SYN-10118,2026-08-09T10:00:00+05:30,8398.19,839819,out,essential,Completed,,UPI,Payment counterparty,party-4,MCH-10118,DEV-10118,Bengaluru,0,0,0,0,0,0,,0,
TX-104414,SYN-10118,2026-08-09T12:00:00+05:30,9285.79,928579,out,transfer,Completed,,UPI,Payment counterparty,party-4,,DEV-10118,Bengaluru,0,1,0,0,0,0,,0,
TX-104415,SYN-10118,2026-08-15T10:00:00+05:30,10421.41,1042141,out,essential,Completed,,UPI,Payment counterparty,party-6,MCH-10118,DEV-10118,Bengaluru,0,0,0,0,0,0,,0,
TX-104416,SYN-10118,2026-08-20T12:00:00+05:30,10517.23,1051723,out,transfer,Completed,,Card,Payment counterparty,party-2,,DEV-10118,Bengaluru,0,0,0,0,0,0,,0,
TX-104417,SYN-10118,2026-08-21T10:00:00+05:30,9604.35,960435,out,essential,Completed,,Card,Payment counterparty,party-1,MCH-10118,DEV-10118,Bengaluru,0,0,0,0,0,0,,0,
TX-104418,SYN-10118,2026-08-23T12:00:00+05:30,4382.59,438259,out,transfer,Completed,,UPI,Payment counterparty,party-5,,DEV-10118,Bengaluru,0,1,0,0,0,0,,0,
TX-104419,SYN-10118,2026-08-23T22:30:00+05:30,6778.12,677812,out,emi,Completed,,Card,Payment counterparty,lender,MCH-10118,DEV-10118,Bengaluru,0,0,0,0,0,0,LN-118-0,2,
TX-104420,SYN-10118,2026-08-26T10:00:00+05:30,9955.43,995543,out,essential,Completed,,Card,Payment counterparty,party-6,MCH-10118,DEV-10118,Bengaluru,0,0,0,0,0,0,,0,
TX-104421,SYN-10118,2026-09-01T09:00:00+05:30,76230.65,7623065,in,salary,Completed,,UPI,Payment counterparty,employer,MCH-10118,DEV-10118,Bengaluru,0,0,0,0,0,0,,0,
TX-104422,SYN-10118,2026-09-03T10:00:00+05:30,9570.43,957043,out,essential,Completed,,UPI,Payment counterparty,party-3,MCH-10118,DEV-10118,Bengaluru,0,0,0,0,0,0,,0,
TX-104423,SYN-10118,2026-09-09T10:00:00+05:30,9727.96,972796,out,essential,Completed,,Card,Payment counterparty,party-2,MCH-10118,DEV-10118,Bengaluru,0,0,0,0,0,0,,0,
TX-104424,SYN-10118,2026-09-09T12:00:00+05:30,11230.04,1123004,out,transfer,Completed,,Digital banking,Payment counterparty,party-6,,DEV-10118,Bengaluru,0,0,0,0,0,0,,0,
TX-104425,SYN-10118,2026-09-12T14:00:00+05:30,20000.0,2000000,in,transfer,Completed,,UPI,Payment counterparty,sender-0,,DEV-10118,Bengaluru,0,1,0,0,0,0,,0,
TX-104426,SYN-10118,2026-09-12T14:03:00+05:30,16600.0,1660000,in,transfer,Completed,,Card,Payment counterparty,sender-1,,DEV-10118,Bengaluru,0,1,0,0,0,0,,0,
TX-104427,SYN-10118,2026-09-12T14:06:00+05:30,18700.0,1870000,in,transfer,Completed,,UPI,Payment counterparty,sender-2,,DEV-10118,Bengaluru,0,1,0,0,0,0,,0,
TX-104428,SYN-10118,2026-09-12T14:14:00+05:30,49770.0,4977000,out,transfer,Completed,,Wallet,Payment counterparty,party-21,,DEV-10118,Bengaluru,0,1,0,0,0,0,,0,
TX-104429,SYN-10118,2026-09-15T10:00:00+05:30,8324.07,832407,out,essential,Completed,,UPI,Payment counterparty,party-4,MCH-10118,DEV-10118,Bengaluru,0,0,0,0,0,0,,0,
TX-104430,SYN-10118,2026-09-20T12:00:00+05:30,4489.69,448969,out,transfer,Completed,,Digital banking,Payment counterparty,party-1,,DEV-10118,Bengaluru,0,0,0,0,0,0,,0,
TX-104431,SYN-10118,2026-09-21T10:00:00+05:30,8574.06,857406,out,essential,Completed,,UPI,Payment counterparty,party-1,MCH-10118,DEV-10118,Bengaluru,0,0,0,0,0,0,,0,
TX-104432,SYN-10118,2026-09-23T12:00:00+05:30,1978.75,197875,out,transfer,Completed,,UPI,Payment counterparty,party-1,,DEV-10118,Bengaluru,0,0,0,0,0,0,,0,
TX-104433,SYN-10118,2026-09-23T22:30:00+05:30,6778.12,677812,out,emi,Completed,,UPI,Payment counterparty,lender,MCH-10118,DEV-10118,Bengaluru,0,0,0,0,0,0,LN-118-0,3,
TX-104434,SYN-10118,2026-09-26T10:00:00+05:30,9291.29,929129,out,essential,Completed,,Digital banking,Payment counterparty,party-3,MCH-10118,DEV-10118,Bengaluru,0,0,0,0,0,0,,0,
TX-104435,SYN-10118,2026-10-01T09:00:00+05:30,76377.2,7637720,in,salary,Completed,,Digital banking,Payment counterparty,employer,MCH-10118,DEV-10118,Bengaluru,0,0,0,0,0,0,,0,
TX-104447,SYN-10118,2026-10-01T12:00:00+05:30,6948.23,694823,out,essential,Pending,2026-09-27T00:00:00+05:30,UPI,Payment counterparty,party-4,MCH-10118,DEV-10118,Bengaluru,0,0,0,0,0,0,,0,
TX-104436,SYN-10118,2026-10-03T10:00:00+05:30,9592.9,959290,out,essential,Completed,,Digital banking,Payment counterparty,party-2,MCH-10118,DEV-10118,Bengaluru,0,0,0,0,0,0,,0,
TX-104437,SYN-10118,2026-10-09T10:00:00+05:30,10652.01,1065201,out,essential,Completed,,UPI,Payment counterparty,party-2,MCH-10118,DEV-10118,Bengaluru,0,0,0,0,0,0,,0,
TX-104438,SYN-10118,2026-10-09T12:00:00+05:30,2227.21,222721,out,transfer,Completed,,UPI,Payment counterparty,party-6,,DEV-10151,Bengaluru,1,0,0,0,0,0,,0,
TX-104439,SYN-10118,2026-10-15T10:00:00+05:30,9339.79,933979,out,essential,Completed,,Wallet,Payment counterparty,party-6,MCH-10118,DEV-10118,Bengaluru,0,0,0,0,0,0,,0,
TX-104440,SYN-10118,2026-10-20T12:00:00+05:30,7182.06,718206,out,transfer,Completed,,UPI,Payment counterparty,party-2,,DEV-10151,Bengaluru,1,1,0,0,0,0,,0,
TX-104441,SYN-10118,2026-10-21T10:00:00+05:30,8209.24,820924,out,essential,Completed,,Digital banking,Payment counterparty,party-3,MCH-10118,DEV-10118,Bengaluru,0,0,0,0,0,0,,0,
TX-104442,SYN-10118,2026-10-23T12:00:00+05:30,7243.79,724379,out,transfer,Completed,,UPI,Payment counterparty,party-3,,DEV-10118,Bengaluru,0,0,0,0,0,0,,0,
TX-104443,SYN-10118,2026-10-23T22:30:00+05:30,6778.12,677812,out,emi,Completed,,UPI,Payment counterparty,lender,MCH-10118,DEV-10118,Bengaluru,0,0,0,0,0,0,LN-118-0,4,
TX-104444,SYN-10118,2026-10-26T10:00:00+05:30,10072.91,1007291,out,essential,Completed,,UPI,Payment counterparty,party-1,MCH-10118,DEV-10118,Bengaluru,0,0,0,0,0,0,,0,
TX-104445,SYN-10118,2026-11-01T09:00:00+05:30,79017.25,7901725,in,salary,Completed,,UPI,Payment counterparty,employer,MCH-10118,DEV-10118,Bengaluru,0,0,0,0,0,0,,0,
TX-104446,SYN-10118,2026-11-03T10:00:00+05:30,10277.87,1027787,out,essential,Completed,,UPI,Payment counterparty,party-2,MCH-10118,DEV-10118,Bengaluru,0,0,0,0,0,0,,0,
TX-104448,SYN-10119,2026-08-03T10:00:00+05:30,9611.8,961180,out,essential,Completed,,UPI,Payment counterparty,party-6,MCH-10119,DEV-10119,Jaipur,0,0,0,0,0,0,,0,
TX-104449,SYN-10119,2026-08-09T10:00:00+05:30,12067.73,1206773,out,essential,Completed,,UPI,Payment counterparty,party-4,MCH-10119,DEV-10119,Jaipur,0,0,0,0,0,0,,0,
TX-104450,SYN-10119,2026-08-09T12:00:00+05:30,1231.25,123125,out,transfer,Completed,,UPI,Payment counterparty,party-3,,DEV-10119,Jaipur,0,0,0,0,0,0,,0,
TX-104451,SYN-10119,2026-08-15T10:00:00+05:30,9803.11,980311,out,essential,Completed,,Digital banking,Payment counterparty,party-3,MCH-10119,DEV-10119,Jaipur,0,0,0,0,0,0,,0,
TX-104452,SYN-10119,2026-08-20T12:00:00+05:30,1706.52,170652,out,transfer,Completed,,UPI,Payment counterparty,party-4,,DEV-10119,Jaipur,0,0,0,0,0,0,,0,
TX-104453,SYN-10119,2026-08-21T10:00:00+05:30,9532.4,953240,out,essential,Completed,,UPI,Payment counterparty,party-1,MCH-10119,DEV-10119,Jaipur,0,0,0,0,0,0,,0,
TX-104454,SYN-10119,2026-08-22T12:00:00+05:30,3337.53,333753,out,transfer,Completed,,Card,Payment counterparty,party-4,,DEV-10119,Jaipur,0,1,0,0,0,0,,0,
TX-104455,SYN-10119,2026-08-26T10:00:00+05:30,12732.32,1273232,out,essential,Completed,,UPI,Payment counterparty,party-4,MCH-10119,DEV-10119,Jaipur,0,0,0,0,0,0,,0,
TX-104456,SYN-10119,2026-08-26T22:30:00+05:30,18613.24,1861324,out,emi,Completed,,UPI,Payment counterparty,lender,MCH-10119,DEV-10119,Jaipur,0,0,0,0,0,0,LN-119-0,2,
TX-104457,SYN-10119,2026-08-27T12:00:00+05:30,939.94,93994,out,transfer,Completed,,Card,Payment counterparty,party-1,,DEV-10119,Jaipur,0,0,0,0,0,0,,0,
TX-104458,SYN-10119,2026-08-28T09:00:00+05:30,105728.68,10572868,in,salary,Completed,,Card,Payment counterparty,employer,MCH-10119,DEV-10119,Jaipur,0,0,0,0,0,0,,0,
TX-104459,SYN-10119,2026-08-29T22:30:00+05:30,11522.14,1152214,out,emi,Completed,,UPI,Payment counterparty,lender,MCH-10119,DEV-10119,Jaipur,0,0,0,0,0,0,LN-119-0,2,
TX-104460,SYN-10119,2026-09-03T10:00:00+05:30,11958.04,1195804,out,essential,Completed,,UPI,Payment counterparty,party-2,MCH-10119,DEV-10119,Jaipur,0,0,0,0,0,0,,0,
TX-104461,SYN-10119,2026-09-09T10:00:00+05:30,11153.57,1115357,out,essential,Completed,,UPI,Payment counterparty,party-5,MCH-10119,DEV-10119,Jaipur,0,0,0,0,0,0,,0,
TX-104462,SYN-10119,2026-09-09T12:00:00+05:30,2282.75,228275,out,transfer,Completed,,Card,Payment counterparty,party-6,,DEV-10151,Jaipur,1,0,0,0,0,0,,0,
TX-104463,SYN-10119,2026-09-15T10:00:00+05:30,9576.63,957663,out,essential,Completed,,UPI,Payment counterparty,party-5,MCH-10119,DEV-10119,Jaipur,0,0,0,0,0,0,,0,
TX-104464,SYN-10119,2026-09-15T17:49:00+05:30,14840.36,1484036,out,transfer,Completed,,Wallet,Payment counterparty,party-14,,DEV-10151,Jaipur,1,1,0,1,1,2,,0,
TX-104465,SYN-10119,2026-09-15T17:58:00+05:30,14840.36,1484036,out,transfer,Completed,,Card,Payment counterparty,party-14,,DEV-10151,Jaipur,1,1,0,1,1,3,,0,
TX-104466,SYN-10119,2026-09-20T12:00:00+05:30,1887.62,188762,out,transfer,Completed,,Digital banking,Payment counterparty,party-4,,DEV-10151,Jaipur,1,1,0,0,0,0,,0,
TX-104467,SYN-10119,2026-09-21T10:00:00+05:30,10762.44,1076244,out,essential,Completed,,Digital banking,Payment counterparty,party-4,MCH-10119,DEV-10119,Jaipur,0,0,0,0,0,0,,0,
TX-104468,SYN-10119,2026-09-21T16:50:00+05:30,11345.76,1134576,out,transfer,Completed,,Digital banking,Payment counterparty,party-29,,DEV-10151,Jaipur,1,1,0,0,1,4,,0,
TX-104469,SYN-10119,2026-09-21T16:54:00+05:30,11345.76,1134576,out,transfer,Completed,,UPI,Payment counterparty,party-29,,DEV-10151,Jaipur,1,1,0,0,1,4,,0,
TX-104470,SYN-10119,2026-09-22T12:00:00+05:30,3331.08,333108,out,transfer,Completed,,UPI,Payment counterparty,party-1,,DEV-10119,Jaipur,0,0,0,0,0,0,,0,
TX-104471,SYN-10119,2026-09-26T09:10:00+05:30,3829.88,382988,in,credit,Completed,,Card,Payment counterparty,credit-line,MCH-10119,DEV-10119,Jaipur,0,0,0,0,0,0,,0,
TX-104472,SYN-10119,2026-09-26T10:00:00+05:30,11113.23,1111323,out,essential,Completed,,UPI,Payment counterparty,party-3,MCH-10119,DEV-10119,Jaipur,0,0,0,0,0,0,,0,
TX-104473,SYN-10119,2026-09-28T09:00:00+05:30,100582.01,10058201,in,salary,Completed,,UPI,Payment counterparty,employer,MCH-10119,DEV-10119,Jaipur,0,0,0,0,0,0,,0,
TX-104474,SYN-10119,2026-09-29T22:30:00+05:30,30135.38,3013538,out,emi,Completed,,UPI,Payment counterparty,lender,MCH-10119,DEV-10119,Jaipur,0,0,0,0,0,0,LN-119-0,3,
TX-104488,SYN-10119,2026-10-01T12:00:00+05:30,8332.91,833291,out,essential,Pending,2026-09-27T00:00:00+05:30,UPI,Payment counterparty,party-5,MCH-10119,DEV-10119,Jaipur,0,0,0,0,0,0,,0,
TX-104475,SYN-10119,2026-10-03T10:00:00+05:30,12176.72,1217672,out,essential,Completed,,UPI,Payment counterparty,party-3,MCH-10119,DEV-10119,Jaipur,0,0,0,0,0,0,,0,
TX-104476,SYN-10119,2026-10-09T10:00:00+05:30,11751.32,1175132,out,essential,Completed,,UPI,Payment counterparty,party-5,MCH-10119,DEV-10119,Jaipur,0,0,0,0,0,0,,0,
TX-104477,SYN-10119,2026-10-09T12:00:00+05:30,2134.15,213415,out,transfer,Completed,,Digital banking,Payment counterparty,party-3,,DEV-10119,Jaipur,0,0,0,0,0,0,,0,
TX-104478,SYN-10119,2026-10-15T10:00:00+05:30,10578.82,1057882,out,essential,Completed,,UPI,Payment counterparty,party-2,MCH-10119,DEV-10119,Jaipur,0,0,0,0,0,0,,0,
TX-104479,SYN-10119,2026-10-20T12:00:00+05:30,1052.27,105227,out,transfer,Completed,,UPI,Payment counterparty,party-2,,DEV-10119,Jaipur,0,0,0,0,0,0,,0,
TX-104480,SYN-10119,2026-10-21T10:00:00+05:30,10948.7,1094870,out,essential,Completed,,Card,Payment counterparty,party-2,MCH-10119,DEV-10119,Jaipur,0,0,0,0,0,0,,0,
TX-104481,SYN-10119,2026-10-22T12:00:00+05:30,2202.15,220215,out,transfer,Completed,,Digital banking,Payment counterparty,party-5,,DEV-10119,Jaipur,0,1,0,0,0,0,,0,
TX-104482,SYN-10119,2026-10-26T10:00:00+05:30,10119.74,1011974,out,essential,Completed,,UPI,Payment counterparty,party-1,MCH-10119,DEV-10119,Jaipur,0,0,0,0,0,0,,0,
TX-104483,SYN-10119,2026-10-26T22:30:00+05:30,1466.48,146648,out,emi,Completed,,Card,Payment counterparty,lender,MCH-10119,DEV-10119,Jaipur,0,0,0,0,0,0,LN-119-0,4,
TX-104484,SYN-10119,2026-10-27T12:00:00+05:30,2036.81,203681,out,transfer,Completed,,Wallet,Payment counterparty,party-4,,DEV-10119,Jaipur,0,1,0,0,0,0,,0,
TX-104485,SYN-10119,2026-10-28T09:00:00+05:30,107417.71,10741771,in,salary,Completed,,UPI,Payment counterparty,employer,MCH-10119,DEV-10119,Jaipur,0,0,0,0,0,0,,0,
TX-104486,SYN-10119,2026-10-29T22:30:00+05:30,28668.9,2866890,out,emi,Completed,,Card,Payment counterparty,lender,MCH-10119,DEV-10119,Jaipur,0,0,0,0,0,0,LN-119-0,4,
TX-104487,SYN-10119,2026-11-03T10:00:00+05:30,11554.75,1155475,out,essential,Completed,,UPI,Payment counterparty,party-5,MCH-10119,DEV-10119,Jaipur,0,0,0,0,0,0,,0,
TX-104489,SYN-10120,2026-08-01T09:00:00+05:30,103300.04,10330004,in,salary,Completed,,UPI,Payment counterparty,employer,MCH-10120,DEV-10120,Delhi,0,0,0,0,0,0,,0,
TX-104490,SYN-10120,2026-08-03T10:00:00+05:30,9956.2,995620,out,essential,Completed,,UPI,Payment counterparty,party-5,MCH-10120,DEV-10120,Delhi,0,0,0,0,0,0,,0,
TX-104491,SYN-10120,2026-08-04T12:00:00+05:30,11022.22,1102222,out,transfer,Completed,,Card,Payment counterparty,party-4,,DEV-10120,Delhi,0,1,0,0,0,0,,0,
TX-104492,SYN-10120,2026-08-09T10:00:00+05:30,11968.83,1196883,out,essential,Completed,,UPI,Payment counterparty,party-4,MCH-10120,DEV-10120,Delhi,0,0,0,0,0,0,,0,
TX-104493,SYN-10120,2026-08-11T12:00:00+05:30,5786.84,578684,out,transfer,Completed,,UPI,Payment counterparty,party-3,,DEV-10120,Delhi,0,1,0,0,0,0,,0,
TX-104494,SYN-10120,2026-08-15T10:00:00+05:30,11959.78,1195978,out,essential,Completed,,Digital banking,Payment counterparty,party-6,MCH-10120,DEV-10120,Delhi,0,0,0,0,0,0,,0,
TX-104495,SYN-10120,2026-08-21T10:00:00+05:30,9167.11,916711,out,essential,Completed,,UPI,Payment counterparty,party-1,MCH-10120,DEV-10120,Delhi,0,0,0,0,0,0,,0,
TX-104496,SYN-10120,2026-08-26T10:00:00+05:30,12028.9,1202890,out,essential,Completed,,UPI,Payment counterparty,party-5,MCH-10120,DEV-10120,Delhi,0,0,0,0,0,0,,0,
TX-104497,SYN-10120,2026-09-01T09:00:00+05:30,97422.46,9742246,in,salary,Completed,,UPI,Payment counterparty,employer,MCH-10120,DEV-10120,Delhi,0,0,0,0,0,0,,0,
TX-104498,SYN-10120,2026-09-03T10:00:00+05:30,10093.0,1009300,out,essential,Completed,,Card,Payment counterparty,party-6,MCH-10120,DEV-10120,Delhi,0,0,0,0,0,0,,0,
TX-104499,SYN-10120,2026-09-04T12:00:00+05:30,3844.32,384432,out,transfer,Completed,,UPI,Payment counterparty,party-4,,DEV-10120,Delhi,0,0,0,0,0,0,,0,
TX-104500,SYN-10120,2026-09-09T10:00:00+05:30,11972.4,1197240,out,essential,Completed,,UPI,Payment counterparty,party-4,MCH-10120,DEV-10120,Delhi,0,0,0,0,0,0,,0,
TX-104501,SYN-10120,2026-09-09T14:29:00+05:30,35304.44,3530444,out,transfer,Completed,,UPI,Payment counterparty,party-11,,DEV-10152,Delhi,1,1,0,0,1,1,,0,
TX-104502,SYN-10120,2026-09-11T12:00:00+05:30,2992.04,299204,out,transfer,Completed,,UPI,Payment counterparty,party-6,,DEV-10120,Delhi,0,0,0,0,0,0,,0,
TX-104503,SYN-10120,2026-09-15T10:00:00+05:30,10294.92,1029492,out,essential,Completed,,Digital banking,Payment counterparty,party-5,MCH-10120,DEV-10120,Delhi,0,0,0,0,0,0,,0,
TX-104504,SYN-10120,2026-09-21T10:00:00+05:30,9886.32,988632,out,essential,Completed,,UPI,Payment counterparty,party-6,MCH-10120,DEV-10120,Delhi,0,0,0,0,0,0,,0,
TX-104505,SYN-10120,2026-09-26T10:00:00+05:30,11324.78,1132478,out,essential,Completed,,UPI,Payment counterparty,party-4,MCH-10120,DEV-10120,Delhi,0,0,0,0,0,0,,0,
TX-104506,SYN-10120,2026-10-01T09:00:00+05:30,89969.86,8996986,in,salary,Completed,,UPI,Payment counterparty,employer,MCH-10120,DEV-10120,Delhi,0,0,0,0,0,0,,0,
TX-104507,SYN-10120,2026-10-03T10:00:00+05:30,9301.73,930173,out,essential,Completed,,UPI,Payment counterparty,party-1,MCH-10120,DEV-10120,Delhi,0,0,0,0,0,0,,0,
TX-104508,SYN-10120,2026-10-04T12:00:00+05:30,8202.61,820261,out,transfer,Completed,,UPI,Payment counterparty,party-1,,DEV-10120,Delhi,0,0,0,0,0,0,,0,
TX-104509,SYN-10120,2026-10-09T10:00:00+05:30,11021.55,1102155,out,essential,Completed,,UPI,Payment counterparty,party-6,MCH-10120,DEV-10120,Delhi,0,0,0,0,0,0,,0,
TX-104510,SYN-10120,2026-10-11T12:00:00+05:30,3344.49,334449,out,transfer,Completed,,UPI,Payment counterparty,party-5,,DEV-10120,Delhi,0,0,0,0,0,0,,0,
TX-104511,SYN-10120,2026-10-15T10:00:00+05:30,10183.47,1018347,out,essential,Completed,,UPI,Payment counterparty,party-3,MCH-10120,DEV-10120,Delhi,0,0,0,0,0,0,,0,
TX-104512,SYN-10120,2026-10-21T10:00:00+05:30,10376.18,1037618,out,essential,Completed,,UPI,Payment counterparty,party-2,MCH-10120,DEV-10120,Delhi,0,0,0,0,0,0,,0,
TX-104513,SYN-10120,2026-10-26T10:00:00+05:30,11014.42,1101442,out,essential,Completed,,Wallet,Payment counterparty,party-6,MCH-10120,DEV-10120,Delhi,0,0,0,0,0,0,,0,
TX-104514,SYN-10120,2026-11-01T09:00:00+05:30,89445.77,8944577,in,salary,Completed,,Card,Payment counterparty,employer,MCH-10120,DEV-10120,Delhi,0,0,0,0,0,0,,0,
TX-104515,SYN-10120,2026-11-03T10:00:00+05:30,10415.81,1041581,out,essential,Completed,,Wallet,Payment counterparty,party-1,MCH-10120,DEV-10120,Delhi,0,0,0,0,0,0,,0,
TX-104516,SYN-10120,2026-11-04T12:00:00+05:30,9817.7,981770,out,transfer,Completed,,Card,Payment counterparty,party-2,,DEV-10120,Delhi,0,0,0,0,0,0,,0,
TX-104517,SYN-10121,2026-08-02T12:00:00+05:30,3021.76,302176,out,transfer,Completed,,UPI,Payment counterparty,party-4,,DEV-10121,Mumbai,0,1,0,0,0,0,,0,
TX-104518,SYN-10121,2026-08-03T10:00:00+05:30,8232.82,823282,out,essential,Completed,,UPI,Payment counterparty,party-4,MCH-10121,DEV-10121,Mumbai,0,0,0,0,0,0,,0,
TX-104519,SYN-10121,2026-08-04T12:00:00+05:30,2062.75,206275,out,transfer,Completed,,Digital banking,Payment counterparty,party-2,,DEV-10121,Mumbai,0,0,0,0,0,0,,0,
TX-104520,SYN-10121,2026-08-05T09:00:00+05:30,92724.27,9272427,in,salary,Completed,,UPI,Payment counterparty,employer,MCH-10121,DEV-10121,Mumbai,0,0,0,0,0,0,,0,
TX-104521,SYN-10121,2026-08-09T10:00:00+05:30,8416.96,841696,out,essential,Completed,,Card,Payment counterparty,party-3,MCH-10121,DEV-10121,Mumbai,0,0,0,0,0,0,,0,
TX-104522,SYN-10121,2026-08-15T10:00:00+05:30,8141.49,814149,out,essential,Completed,,UPI,Payment counterparty,party-1,MCH-10121,DEV-10121,Mumbai,0,0,0,0,0,0,,0,
TX-104523,SYN-10121,2026-08-15T12:00:00+05:30,3669.26,366926,out,transfer,Completed,,Digital banking,Payment counterparty,party-1,,DEV-10121,Mumbai,0,0,0,0,0,0,,0,
TX-104524,SYN-10121,2026-08-20T12:00:00+05:30,1021.14,102114,out,transfer,Completed,,UPI,Payment counterparty,party-5,,DEV-10152,Mumbai,1,0,0,1,0,0,,0,
TX-104525,SYN-10121,2026-08-21T10:00:00+05:30,7596.81,759681,out,essential,Completed,,UPI,Payment counterparty,party-6,MCH-10121,DEV-10121,Mumbai,0,0,0,0,0,0,,0,
TX-104526,SYN-10121,2026-08-26T10:00:00+05:30,8153.86,815386,out,essential,Completed,,UPI,Payment counterparty,party-5,MCH-10121,DEV-10121,Mumbai,0,0,0,0,0,0,,0,
TX-104527,SYN-10121,2026-08-28T22:30:00+05:30,17617.27,1761727,out,emi,Completed,,Digital banking,Payment counterparty,lender,MCH-10121,DEV-10121,Mumbai,0,0,0,0,0,0,LN-121-0,2,
TX-104528,SYN-10121,2026-08-28T22:30:00+05:30,11721.13,1172113,out,emi,Completed,,UPI,Payment counterparty,lender,MCH-10121,DEV-10121,Mumbai,0,0,0,0,0,0,LN-121-1,2,
TX-104529,SYN-10121,2026-09-02T12:00:00+05:30,2390.9,239090,out,transfer,Completed,,UPI,Payment counterparty,party-5,,DEV-10121,Mumbai,0,0,0,0,0,0,,0,
TX-104530,SYN-10121,2026-09-03T10:00:00+05:30,8167.96,816796,out,essential,Completed,,UPI,Payment counterparty,party-2,MCH-10121,DEV-10121,Mumbai,0,0,0,0,0,0,,0,
TX-104531,SYN-10121,2026-09-04T12:00:00+05:30,5200.65,520065,out,transfer,Completed,,Card,Payment counterparty,party-5,,DEV-10121,Mumbai,0,0,0,0,0,0,,0,
TX-104532,SYN-10121,2026-09-05T09:00:00+05:30,96573.05,9657305,in,salary,Completed,,Wallet,Payment counterparty,employer,MCH-10121,DEV-10121,Mumbai,0,0,0,0,0,0,,0,
TX-104533,SYN-10121,2026-09-09T10:00:00+05:30,6576.27,657627,out,essential,Completed,,UPI,Payment counterparty,party-6,MCH-10121,DEV-10121,Mumbai,0,0,0,0,0,0,,0,
TX-104534,SYN-10121,2026-09-15T10:00:00+05:30,7305.17,730517,out,essential,Completed,,UPI,Payment counterparty,party-4,MCH-10121,DEV-10121,Mumbai,0,0,0,0,0,0,,0,
TX-104535,SYN-10121,2026-09-15T12:00:00+05:30,5109.95,510995,out,transfer,Completed,,UPI,Payment counterparty,party-4,,DEV-10121,Mumbai,0,1,0,0,0,0,,0,
TX-104536,SYN-10121,2026-09-16T14:35:00+05:30,43911.83,4391183,out,transfer,Completed,,UPI,Payment counterparty,party-18,,DEV-10121,Mumbai,0,1,0,0,1,1,,0,
TX-104537,SYN-10121,2026-09-16T14:45:00+05:30,43911.83,4391183,out,transfer,Completed,,UPI,Payment counterparty,party-18,,DEV-10121,Mumbai,0,1,0,0,1,2,,0,
TX-104538,SYN-10121,2026-09-19T10:00:00+05:30,83432.47,8343247,in,transfer,Completed,,UPI,Payment counterparty,recovery,,DEV-10121,Mumbai,0,0,0,0,0,0,,0,
TX-104539,SYN-10121,2026-09-20T12:00:00+05:30,4802.28,480228,out,transfer,Completed,,Digital banking,Payment counterparty,party-5,,DEV-10121,Mumbai,0,0,0,0,0,0,,0,
TX-104540,SYN-10121,2026-09-21T10:00:00+05:30,7198.38,719838,out,essential,Completed,,Digital banking,Payment counterparty,party-1,MCH-10121,DEV-10121,Mumbai,0,0,0,0,0,0,,0,
TX-104541,SYN-10121,2026-09-26T10:00:00+05:30,8000.34,800034,out,essential,Completed,,UPI,Payment counterparty,party-2,MCH-10121,DEV-10121,Mumbai,0,0,0,0,0,0,,0,
TX-104542,SYN-10121,2026-09-28T22:30:00+05:30,17617.27,1761727,out,emi,Completed,,UPI,Payment counterparty,lender,MCH-10121,DEV-10121,Mumbai,0,0,0,0,0,0,LN-121-0,3,
TX-104543,SYN-10121,2026-09-28T22:30:00+05:30,11721.13,1172113,out,emi,Completed,,UPI,Payment counterparty,lender,MCH-10121,DEV-10121,Mumbai,0,0,0,0,0,0,LN-121-1,3,
TX-104560,SYN-10121,2026-10-01T12:00:00+05:30,5571.06,557106,out,essential,Pending,2026-09-27T00:00:00+05:30,UPI,Payment counterparty,party-3,MCH-10121,DEV-10121,Mumbai,0,0,0,0,0,0,,0,
TX-104544,SYN-10121,2026-10-02T12:00:00+05:30,1888.72,188872,out,transfer,Completed,,UPI,Payment counterparty,party-3,,DEV-10152,Mumbai,1,0,0,0,0,0,,0,
TX-104545,SYN-10121,2026-10-03T10:00:00+05:30,7259.34,725934,out,essential,Completed,,Digital banking,Payment counterparty,party-6,MCH-10121,DEV-10121,Mumbai,0,0,0,0,0,0,,0,
TX-104546,SYN-10121,2026-10-04T12:00:00+05:30,2363.45,236345,out,transfer,Completed,,UPI,Payment counterparty,party-1,,DEV-10121,Mumbai,0,0,0,0,0,0,,0,
TX-104547,SYN-10121,2026-10-05T09:00:00+05:30,88994.07,8899407,in,salary,Completed,,Digital banking,Payment counterparty,employer,MCH-10121,DEV-10121,Mumbai,0,0,0,0,0,0,,0,
TX-104548,SYN-10121,2026-10-09T10:00:00+05:30,8120.21,812021,out,essential,Completed,,UPI,Payment counterparty,party-1,MCH-10121,DEV-10121,Mumbai,0,0,0,0,0,0,,0,
TX-104549,SYN-10121,2026-10-15T10:00:00+05:30,6949.48,694948,out,essential,Completed,,UPI,Payment counterparty,party-3,MCH-10121,DEV-10121,Mumbai,0,0,0,0,0,0,,0,
TX-104550,SYN-10121,2026-10-15T12:00:00+05:30,4989.9,498990,out,transfer,Completed,,Card,Payment counterparty,party-1,,DEV-10121,Mumbai,0,0,0,0,1,4,,0,
TX-104551,SYN-10121,2026-10-20T12:00:00+05:30,2980.42,298042,out,transfer,Completed,,UPI,Payment counterparty,party-3,,DEV-10121,Mumbai,0,0,0,0,0,0,,0,
TX-104552,SYN-10121,2026-10-21T10:00:00+05:30,7465.74,746574,out,essential,Completed,,UPI,Payment counterparty,party-2,MCH-10121,DEV-10121,Mumbai,0,0,0,0,0,0,,0,
TX-104553,SYN-10121,2026-10-26T10:00:00+05:30,6637.68,663768,out,essential,Completed,,Digital banking,Payment counterparty,party-3,MCH-10121,DEV-10121,Mumbai,0,0,0,0,0,0,,0,
TX-104554,SYN-10121,2026-10-28T22:30:00+05:30,17617.27,1761727,out,emi,Completed,,UPI,Payment counterparty,lender,MCH-10121,DEV-10121,Mumbai,0,0,0,0,0,0,LN-121-0,4,
TX-104555,SYN-10121,2026-10-28T22:30:00+05:30,11721.13,1172113,out,emi,Completed,,UPI,Payment counterparty,lender,MCH-10121,DEV-10121,Mumbai,0,0,0,0,0,0,LN-121-1,4,
TX-104556,SYN-10121,2026-11-02T12:00:00+05:30,5345.27,534527,out,transfer,Completed,,UPI,Payment counterparty,party-3,,DEV-10121,Mumbai,0,1,0,0,0,0,,0,
TX-104557,SYN-10121,2026-11-03T10:00:00+05:30,7456.25,745625,out,essential,Completed,,UPI,Payment counterparty,party-2,MCH-10121,DEV-10121,Mumbai,0,0,0,0,0,0,,0,
TX-104558,SYN-10121,2026-11-04T12:00:00+05:30,2886.63,288663,out,transfer,Completed,,Card,Payment counterparty,party-5,,DEV-10121,Mumbai,0,0,0,0,0,0,,0,
TX-104559,SYN-10121,2026-11-05T09:00:00+05:30,91621.75,9162175,in,salary,Completed,,UPI,Payment counterparty,employer,MCH-10121,DEV-10121,Mumbai,0,0,0,0,0,0,,0,
TX-104561,SYN-10122,2026-08-03T10:00:00+05:30,3545.13,354513,out,essential,Completed,,UPI,Payment counterparty,party-1,MCH-10122,DEV-10122,Bengaluru,0,0,0,0,0,0,,0,
TX-104562,SYN-10122,2026-08-09T10:00:00+05:30,3290.87,329087,out,essential,Completed,,Digital banking,Payment counterparty,party-5,MCH-10122,DEV-10122,Bengaluru,0,0,0,0,0,0,,0,
TX-104563,SYN-10122,2026-08-15T10:00:00+05:30,3402.66,340266,out,essential,Completed,,UPI,Payment counterparty,party-4,MCH-10122,DEV-10122,Bengaluru,0,0,0,0,0,0,,0,
TX-104564,SYN-10122,2026-08-20T12:00:00+05:30,2418.52,241852,out,transfer,Completed,,Digital banking,Payment counterparty,party-3,,DEV-10122,Bengaluru,0,0,0,0,0,0,,0,
TX-104565,SYN-10122,2026-08-21T10:00:00+05:30,3367.12,336712,out,essential,Completed,,UPI,Payment counterparty,party-3,MCH-10122,DEV-10122,Bengaluru,0,0,0,0,0,0,,0,
TX-104566,SYN-10122,2026-08-21T12:00:00+05:30,2061.48,206148,out,transfer,Completed,,UPI,Payment counterparty,party-1,,DEV-10122,Bengaluru,0,0,0,0,0,0,,0,
TX-104567,SYN-10122,2026-08-23T12:00:00+05:30,3802.38,380238,out,transfer,Completed,,UPI,Payment counterparty,party-5,,DEV-10122,Bengaluru,0,0,0,0,0,0,,0,
TX-104568,SYN-10122,2026-08-26T10:00:00+05:30,2681.54,268154,out,essential,Completed,,Card,Payment counterparty,party-4,MCH-10122,DEV-10122,Bengaluru,0,0,0,0,0,0,,0,
TX-104569,SYN-10122,2026-08-26T22:30:00+05:30,3345.33,334533,out,emi,Completed,,UPI,Payment counterparty,lender,MCH-10122,DEV-10122,Bengaluru,0,0,0,0,0,0,LN-122-0,2,
TX-104570,SYN-10122,2026-08-28T09:00:00+05:30,26573.21,2657321,in,salary,Completed,,UPI,Payment counterparty,employer,MCH-10122,DEV-10122,Bengaluru,0,0,0,0,0,0,,0,
TX-104571,SYN-10122,2026-09-03T10:00:00+05:30,2840.75,284075,out,essential,Completed,,UPI,Payment counterparty,party-4,MCH-10122,DEV-10122,Bengaluru,0,0,0,0,0,0,,0,
TX-104572,SYN-10122,2026-09-09T10:00:00+05:30,2925.88,292588,out,essential,Completed,,Wallet,Payment counterparty,party-1,MCH-10122,DEV-10122,Bengaluru,0,0,0,0,0,0,,0,
TX-104573,SYN-10122,2026-09-14T14:58:00+05:30,17282.59,1728259,out,transfer,Completed,,UPI,Payment counterparty,party-24,,DEV-10122,Bengaluru,0,1,0,0,1,4,,0,
TX-104574,SYN-10122,2026-09-14T15:02:00+05:30,17282.59,1728259,out,transfer,Completed,,UPI,Payment counterparty,party-24,,DEV-10122,Bengaluru,0,1,0,0,1,1,,0,
TX-104575,SYN-10122,2026-09-15T10:00:00+05:30,2727.68,272768,out,essential,Completed,,UPI,Payment counterparty,party-4,MCH-10122,DEV-10122,Bengaluru,0,0,0,0,0,0,,0,
TX-104576,SYN-10122,2026-09-20T12:00:00+05:30,4980.4,498040,out,transfer,Completed,,UPI,Payment counterparty,party-6,,DEV-10122,Bengaluru,0,1,0,0,0,0,,0,
TX-104577,SYN-10122,2026-09-21T09:10:00+05:30,2361.74,236174,in,credit,Completed,,Wallet,Payment counterparty,credit-line,MCH-10122,DEV-10122,Bengaluru,0,0,0,0,0,0,,0,
TX-104578,SYN-10122,2026-09-21T10:00:00+05:30,3300.22,330022,out,essential,Completed,,Digital banking,Payment counterparty,party-1,MCH-10122,DEV-10122,Bengaluru,0,0,0,0,0,0,,0,
TX-104579,SYN-10122,2026-09-26T09:10:00+05:30,2791.55,279155,in,credit,Completed,,UPI,Payment counterparty,credit-line,MCH-10122,DEV-10122,Bengaluru,0,0,0,0,0,0,,0,
TX-104580,SYN-10122,2026-09-26T10:00:00+05:30,2791.55,279155,out,essential,Completed,,UPI,Payment counterparty,party-3,MCH-10122,DEV-10122,Bengaluru,0,0,0,0,0,0,,0,
TX-104581,SYN-10122,2026-09-28T09:00:00+05:30,23961.44,2396144,in,salary,Completed,,UPI,Payment counterparty,employer,MCH-10122,DEV-10122,Bengaluru,0,0,0,0,0,0,,0,
TX-104582,SYN-10122,2026-09-29T22:30:00+05:30,3345.33,334533,out,emi,Completed,,UPI,Payment counterparty,lender,MCH-10122,DEV-10122,Bengaluru,0,0,0,0,0,0,LN-122-0,3,
TX-104594,SYN-10122,2026-10-01T12:00:00+05:30,2334.76,233476,out,essential,Pending,2026-09-27T00:00:00+05:30,UPI,Payment counterparty,party-5,MCH-10122,DEV-10122,Bengaluru,0,0,0,0,0,0,,0,
TX-104583,SYN-10122,2026-10-03T10:00:00+05:30,3539.26,353926,out,essential,Completed,,UPI,Payment counterparty,party-3,MCH-10122,DEV-10122,Bengaluru,0,0,0,0,0,0,,0,
TX-104584,SYN-10122,2026-10-09T10:00:00+05:30,3204.77,320477,out,essential,Completed,,UPI,Payment counterparty,party-1,MCH-10122,DEV-10122,Bengaluru,0,0,0,0,0,0,,0,
TX-104585,SYN-10122,2026-10-15T10:00:00+05:30,3294.4,329440,out,essential,Completed,,UPI,Payment counterparty,party-5,MCH-10122,DEV-10122,Bengaluru,0,0,0,0,0,0,,0,
TX-104586,SYN-10122,2026-10-20T12:00:00+05:30,2677.16,267716,out,transfer,Completed,,UPI,Payment counterparty,party-2,,DEV-10122,Bengaluru,0,1,0,0,0,0,,0,
TX-104587,SYN-10122,2026-10-21T10:00:00+05:30,2771.65,277165,out,essential,Completed,,UPI,Payment counterparty,party-5,MCH-10122,DEV-10122,Bengaluru,0,0,0,0,0,0,,0,
TX-104588,SYN-10122,2026-10-21T12:00:00+05:30,5128.87,512887,out,transfer,Completed,,UPI,Payment counterparty,party-4,,DEV-10122,Bengaluru,0,0,0,0,0,0,,0,
TX-104589,SYN-10122,2026-10-26T09:10:00+05:30,2858.55,285855,in,credit,Completed,,Digital banking,Payment counterparty,credit-line,MCH-10122,DEV-10122,Bengaluru,0,0,0,0,0,0,,0,
TX-104590,SYN-10122,2026-10-26T10:00:00+05:30,2858.55,285855,out,essential,Completed,,Digital banking,Payment counterparty,party-1,MCH-10122,DEV-10122,Bengaluru,0,0,0,0,0,0,,0,
TX-104591,SYN-10122,2026-10-28T09:00:00+05:30,27729.86,2772986,in,salary,Completed,,UPI,Payment counterparty,employer,MCH-10122,DEV-10122,Bengaluru,0,0,0,0,0,0,,0,
TX-104592,SYN-10122,2026-10-29T22:30:00+05:30,3345.33,334533,out,emi,Completed,,UPI,Payment counterparty,lender,MCH-10122,DEV-10122,Bengaluru,0,0,0,0,0,0,LN-122-0,4,
TX-104593,SYN-10122,2026-11-03T10:00:00+05:30,2703.76,270376,out,essential,Completed,,Card,Payment counterparty,party-2,MCH-10122,DEV-10122,Bengaluru,0,0,0,0,0,0,,0,
TX-104595,SYN-10123,2026-08-02T12:00:00+05:30,9631.34,963134,out,transfer,Completed,,Digital banking,Payment counterparty,party-1,,DEV-10123,Jaipur,0,0,0,0,0,0,,0,
TX-104596,SYN-10123,2026-08-03T10:00:00+05:30,13146.5,1314650,out,essential,Completed,,Card,Payment counterparty,party-6,MCH-10123,DEV-10123,Jaipur,0,0,0,0,0,0,,0,
TX-104597,SYN-10123,2026-08-04T12:00:00+05:30,10289.9,1028990,out,transfer,Completed,,UPI,Payment counterparty,party-5,,DEV-10123,Jaipur,0,0,0,0,0,0,,0,
TX-104598,SYN-10123,2026-08-09T10:00:00+05:30,11458.22,1145822,out,essential,Completed,,Digital banking,Payment counterparty,party-3,MCH-10123,DEV-10123,Jaipur,0,0,0,0,0,0,,0,
TX-104599,SYN-10123,2026-08-13T12:00:00+05:30,7875.5,787550,out,transfer,Completed,,UPI,Payment counterparty,party-6,,DEV-10152,Jaipur,1,0,0,0,0,0,,0,
TX-104600,SYN-10123,2026-08-15T09:10:00+05:30,1042.4,104240,in,credit,Completed,,Digital banking,Payment counterparty,credit-line,MCH-10123,DEV-10123,Jaipur,0,0,0,0,0,0,,0,
TX-104601,SYN-10123,2026-08-15T10:00:00+05:30,14587.03,1458703,out,essential,Completed,,UPI,Payment counterparty,party-3,MCH-10123,DEV-10123,Jaipur,0,0,0,0,0,0,,0,
TX-104602,SYN-10123,2026-08-21T09:10:00+05:30,13501.75,1350175,in,credit,Completed,,Digital banking,Payment counterparty,credit-line,MCH-10123,DEV-10123,Jaipur,0,0,0,0,0,0,,0,
TX-104603,SYN-10123,2026-08-21T10:00:00+05:30,13501.75,1350175,out,essential,Completed,,UPI,Payment counterparty,party-6,MCH-10123,DEV-10123,Jaipur,0,0,0,0,0,0,,0,
TX-104604,SYN-10123,2026-08-26T09:10:00+05:30,11632.59,1163259,in,credit,Completed,,UPI,Payment counterparty,credit-line,MCH-10123,DEV-10123,Jaipur,0,0,0,0,0,0,,0,
TX-104605,SYN-10123,2026-08-26T10:00:00+05:30,11632.59,1163259,out,essential,Completed,,UPI,Payment counterparty,party-6,MCH-10123,DEV-10123,Jaipur,0,0,0,0,0,0,,0,
TX-104606,SYN-10123,2026-08-28T09:00:00+05:30,118244.2,11824420,in,salary,Completed,,UPI,Payment counterparty,employer,MCH-10123,DEV-10123,Jaipur,0,0,0,0,0,0,,0,
TX-104607,SYN-10123,2026-08-30T22:30:00+05:30,15662.29,1566229,out,emi,Completed,,Card,Payment counterparty,lender,MCH-10123,DEV-10123,Jaipur,0,0,0,0,0,0,LN-123-0,2,
TX-104608,SYN-10123,2026-09-02T12:00:00+05:30,5651.1,565110,out,transfer,Completed,,UPI,Payment counterparty,party-1,,DEV-10152,Jaipur,1,0,0,1,0,0,,0,
TX-104609,SYN-10123,2026-09-03T10:00:00+05:30,15196.89,1519689,out,essential,Completed,,UPI,Payment counterparty,party-3,MCH-10123,DEV-10123,Jaipur,0,0,0,0,0,0,,0,
TX-104610,SYN-10123,2026-09-04T12:00:00+05:30,55091.91,5509191,out,transfer,Completed,,UPI,Payment counterparty,party-2,,DEV-10123,Jaipur,0,1,0,0,0,0,,0,
TX-104611,SYN-10123,2026-09-09T10:00:00+05:30,11993.17,1199317,out,essential,Completed,,UPI,Payment counterparty,party-1,MCH-10123,DEV-10123,Jaipur,0,0,0,0,0,0,,0,
TX-104612,SYN-10123,2026-09-09T14:26:00+05:30,1732.55,173255,out,transfer,Completed,,UPI,Payment counterparty,party-15,,DEV-10123,Jaipur,0,1,0,0,0,0,,0,
TX-104613,SYN-10123,2026-09-09T14:30:00+05:30,1732.55,173255,out,transfer,Completed,,UPI,Payment counterparty,party-15,,DEV-10123,Jaipur,0,1,0,0,0,0,,0,
TX-104614,SYN-10123,2026-09-09T14:44:00+05:30,1732.55,173255,out,transfer,Completed,,UPI,Payment counterparty,party-15,,DEV-10123,Jaipur,0,1,0,0,0,0,,0,
TX-104615,SYN-10123,2026-09-13T12:00:00+05:30,4454.43,445443,out,transfer,Completed,,UPI,Payment counterparty,party-6,,DEV-10123,Jaipur,0,0,0,0,0,0,,0,
TX-104616,SYN-10123,2026-09-15T09:10:00+05:30,10348.88,1034888,in,credit,Completed,,Card,Payment counterparty,credit-line,MCH-10123,DEV-10123,Jaipur,0,0,0,0,0,0,,0,
TX-104617,SYN-10123,2026-09-15T10:00:00+05:30,15345.64,1534564,out,essential,Completed,,UPI,Payment counterparty,party-3,MCH-10123,DEV-10123,Jaipur,0,0,0,0,0,0,,0,
TX-104618,SYN-10123,2026-09-21T09:10:00+05:30,15245.17,1524517,in,credit,Completed,,Card,Payment counterparty,credit-line,MCH-10123,DEV-10123,Jaipur,0,0,0,0,0,0,,0,
TX-104619,SYN-10123,2026-09-21T10:00:00+05:30,15245.17,1524517,out,essential,Completed,,Wallet,Payment counterparty,party-5,MCH-10123,DEV-10123,Jaipur,0,0,0,0,0,0,,0,
TX-104620,SYN-10123,2026-09-26T09:10:00+05:30,13347.1,1334710,in,credit,Completed,,UPI,Payment counterparty,credit-line,MCH-10123,DEV-10123,Jaipur,0,0,0,0,0,0,,0,
TX-104621,SYN-10123,2026-09-26T10:00:00+05:30,13347.1,1334710,out,essential,Completed,,UPI,Payment counterparty,party-3,MCH-10123,DEV-10123,Jaipur,0,0,0,0,0,0,,0,
TX-104622,SYN-10123,2026-09-28T09:00:00+05:30,125065.3,12506530,in,salary,Completed,,UPI,Payment counterparty,employer,MCH-10123,DEV-10123,Jaipur,0,0,0,0,0,0,,0,
TX-104623,SYN-10123,2026-09-30T22:30:00+05:30,15662.29,1566229,out,emi,Completed,,UPI,Payment counterparty,lender,MCH-10123,DEV-10123,Jaipur,0,0,0,0,0,0,LN-123-0,3,
TX-104637,SYN-10123,2026-10-01T12:00:00+05:30,10093.49,1009349,out,essential,Pending,2026-09-27T00:00:00+05:30,Digital banking,Payment counterparty,party-5,MCH-10123,DEV-10123,Jaipur,0,0,0,0,0,0,,0,
TX-104624,SYN-10123,2026-10-02T12:00:00+05:30,4962.52,496252,out,transfer,Completed,,Card,Payment counterparty,party-2,,DEV-10123,Jaipur,0,0,0,0,0,0,,0,
TX-104625,SYN-10123,2026-10-03T10:00:00+05:30,11445.89,1144589,out,essential,Completed,,UPI,Payment counterparty,party-4,MCH-10123,DEV-10123,Jaipur,0,0,0,0,0,0,,0,
TX-104626,SYN-10123,2026-10-04T12:00:00+05:30,4401.1,440110,out,transfer,Completed,,Digital banking,Payment counterparty,party-6,,DEV-10123,Jaipur,0,1,0,0,0,0,,0,
TX-104627,SYN-10123,2026-10-09T10:00:00+05:30,12046.63,1204663,out,essential,Completed,,UPI,Payment counterparty,party-1,MCH-10123,DEV-10123,Jaipur,0,0,0,0,0,0,,0,
TX-104628,SYN-10123,2026-10-13T12:00:00+05:30,5960.14,596014,out,transfer,Completed,,Wallet,Payment counterparty,party-4,,DEV-10123,Jaipur,0,1,0,0,0,0,,0,
TX-104629,SYN-10123,2026-10-15T10:00:00+05:30,15063.42,1506342,out,essential,Completed,,UPI,Payment counterparty,party-1,MCH-10123,DEV-10123,Jaipur,0,0,0,0,0,0,,0,
TX-104630,SYN-10123,2026-10-21T10:00:00+05:30,11579.16,1157916,out,essential,Completed,,Digital banking,Payment counterparty,party-3,MCH-10123,DEV-10123,Jaipur,0,0,0,0,0,0,,0,
TX-104631,SYN-10123,2026-10-21T22:30:00+05:30,15662.29,1566229,out,emi,Completed,,UPI,Payment counterparty,lender,MCH-10123,DEV-10123,Jaipur,0,0,0,0,0,0,LN-123-0,4,
TX-104632,SYN-10123,2026-10-26T10:00:00+05:30,13414.44,1341444,out,essential,Completed,,UPI,Payment counterparty,party-4,MCH-10123,DEV-10123,Jaipur,0,0,0,0,0,0,,0,
TX-104633,SYN-10123,2026-10-28T09:00:00+05:30,128833.15,12883315,in,salary,Completed,,Card,Payment counterparty,employer,MCH-10123,DEV-10123,Jaipur,0,0,0,0,0,0,,0,
TX-104634,SYN-10123,2026-11-02T12:00:00+05:30,53537.79,5353779,out,transfer,Completed,,UPI,Payment counterparty,party-3,,DEV-10123,Jaipur,0,0,0,0,0,0,,0,
TX-104635,SYN-10123,2026-11-03T10:00:00+05:30,15426.52,1542652,out,essential,Completed,,Card,Payment counterparty,party-6,MCH-10123,DEV-10123,Jaipur,0,0,0,0,0,0,,0,
TX-104636,SYN-10123,2026-11-04T12:00:00+05:30,1947.36,194736,out,transfer,Completed,,UPI,Payment counterparty,party-6,,DEV-10123,Jaipur,0,0,0,0,0,0,,0,
TX-104638,SYN-10124,2026-08-01T09:00:00+05:30,69758.22,6975822,in,salary,Completed,,UPI,Payment counterparty,employer,MCH-10124,DEV-10124,Delhi,0,0,0,0,0,0,,0,
TX-104639,SYN-10124,2026-08-03T10:00:00+05:30,6666.79,666679,out,essential,Completed,,Card,Payment counterparty,party-1,MCH-10124,DEV-10124,Delhi,0,0,0,0,0,0,,0,
TX-104640,SYN-10124,2026-08-03T12:00:00+05:30,9428.88,942888,out,transfer,Completed,,UPI,Payment counterparty,party-5,,DEV-10124,Delhi,0,1,0,0,0,0,,0,
TX-104641,SYN-10124,2026-08-07T12:00:00+05:30,7024.53,702453,out,transfer,Completed,,Wallet,Payment counterparty,party-5,,DEV-10124,Delhi,0,1,0,0,0,0,,0,
TX-104642,SYN-10124,2026-08-09T10:00:00+05:30,6814.59,681459,out,essential,Completed,,UPI,Payment counterparty,party-4,MCH-10124,DEV-10124,Delhi,0,0,0,0,0,0,,0,
TX-104643,SYN-10124,2026-08-15T10:00:00+05:30,7328.77,732877,out,essential,Completed,,UPI,Payment counterparty,party-6,MCH-10124,DEV-10124,Delhi,0,0,0,0,0,0,,0,
TX-104644,SYN-10124,2026-08-17T12:00:00+05:30,5813.95,581395,out,transfer,Completed,,Wallet,Payment counterparty,party-3,,DEV-10124,Delhi,0,1,0,0,0,0,,0,
TX-104645,SYN-10124,2026-08-21T10:00:00+05:30,5866.15,586615,out,essential,Completed,,UPI,Payment counterparty,party-2,MCH-10124,DEV-10124,Delhi,0,0,0,0,0,0,,0,
TX-104646,SYN-10124,2026-08-22T12:00:00+05:30,2358.91,235891,out,transfer,Completed,,Digital banking,Payment counterparty,party-5,,DEV-10124,Delhi,0,0,0,0,0,0,,0,
TX-104647,SYN-10124,2026-08-22T22:30:00+05:30,40099.16,4009916,out,emi,Completed,,Digital banking,Payment counterparty,lender,MCH-10124,DEV-10124,Delhi,0,0,0,0,0,0,LN-124-0,2,
TX-104648,SYN-10124,2026-08-26T10:00:00+05:30,5549.33,554933,out,essential,Completed,,Digital banking,Payment counterparty,party-2,MCH-10124,DEV-10124,Delhi,0,0,0,0,0,0,,0,
TX-104649,SYN-10124,2026-09-01T09:00:00+05:30,73961.53,7396153,in,salary,Completed,,Card,Payment counterparty,employer,MCH-10124,DEV-10124,Delhi,0,0,0,0,0,0,,0,
TX-104650,SYN-10124,2026-09-03T10:00:00+05:30,6428.96,642896,out,essential,Completed,,UPI,Payment counterparty,party-5,MCH-10124,DEV-10124,Delhi,0,0,0,0,0,0,,0,
TX-104651,SYN-10124,2026-09-03T12:00:00+05:30,8750.79,875079,out,transfer,Completed,,Digital banking,Payment counterparty,party-5,,DEV-10152,Delhi,1,0,0,0,0,0,,0,
TX-104652,SYN-10124,2026-09-07T12:00:00+05:30,1187.28,118728,out,transfer,Completed,,UPI,Payment counterparty,party-2,,DEV-10152,Delhi,1,0,0,1,0,0,,0,
TX-104653,SYN-10124,2026-09-09T10:00:00+05:30,5847.5,584750,out,essential,Completed,,UPI,Payment counterparty,party-4,MCH-10124,DEV-10124,Delhi,0,0,0,0,0,0,,0,
TX-104654,SYN-10124,2026-09-09T14:36:00+05:30,71511.61,7151161,out,transfer,Completed,,UPI,Payment counterparty,party-24,,DEV-10124,Delhi,0,0,0,0,0,0,,0,
TX-104655,SYN-10124,2026-09-09T14:42:00+05:30,71511.61,7151161,out,transfer,Completed,,Card,Payment counterparty,party-24,,DEV-10124,Delhi,0,0,0,0,0,0,,0,
TX-104656,SYN-10124,2026-09-15T10:00:00+05:30,5705.59,570559,out,essential,Completed,,Card,Payment counterparty,party-1,MCH-10124,DEV-10124,Delhi,0,0,0,0,0,0,,0,
TX-104657,SYN-10124,2026-09-17T12:00:00+05:30,9905.64,990564,out,transfer,Completed,,UPI,Payment counterparty,party-4,,DEV-10124,Delhi,0,0,0,0,0,0,,0,
TX-104658,SYN-10124,2026-09-21T09:10:00+05:30,3919.71,391971,in,credit,Completed,,UPI,Payment counterparty,credit-line,MCH-10124,DEV-10124,Delhi,0,0,0,0,0,0,,0,
TX-104659,SYN-10124,2026-09-21T10:00:00+05:30,7221.6,722160,out,essential,Completed,,UPI,Payment counterparty,party-3,MCH-10124,DEV-10124,Delhi,0,0,0,0,0,0,,0,
TX-104660,SYN-10124,2026-09-26T09:10:00+05:30,5540.75,554075,in,credit,Completed,,UPI,Payment counterparty,credit-line,MCH-10124,DEV-10124,Delhi,0,0,0,0,0,0,,0,
TX-104661,SYN-10124,2026-09-26T10:00:00+05:30,5540.75,554075,out,essential,Completed,,Digital banking,Payment counterparty,party-4,MCH-10124,DEV-10124,Delhi,0,0,0,0,0,0,,0,
TX-104662,SYN-10124,2026-10-01T09:00:00+05:30,70563.56,7056356,in,salary,Completed,,UPI,Payment counterparty,employer,MCH-10124,DEV-10124,Delhi,0,0,0,0,0,0,,0,
TX-104678,SYN-10124,2026-10-01T12:00:00+05:30,4870.11,487011,out,essential,Pending,2026-09-27T00:00:00+05:30,Digital banking,Payment counterparty,party-1,MCH-10124,DEV-10124,Delhi,0,0,0,0,0,0,,0,
TX-104663,SYN-10124,2026-10-01T22:30:00+05:30,40099.16,4009916,out,emi,Completed,,UPI,Payment counterparty,lender,MCH-10124,DEV-10124,Delhi,0,0,0,0,0,0,LN-124-0,3,
TX-104664,SYN-10124,2026-10-03T10:00:00+05:30,6951.32,695132,out,essential,Completed,,UPI,Payment counterparty,party-6,MCH-10124,DEV-10124,Delhi,0,0,0,0,0,0,,0,
TX-104665,SYN-10124,2026-10-03T12:00:00+05:30,6730.07,673007,out,transfer,Completed,,UPI,Payment counterparty,party-2,,DEV-10124,Delhi,0,0,0,0,0,0,,0,
TX-104666,SYN-10124,2026-10-07T12:00:00+05:30,3694.12,369412,out,transfer,Completed,,UPI,Payment counterparty,party-1,,DEV-10124,Delhi,0,0,0,0,0,0,,0,
TX-104667,SYN-10124,2026-10-09T10:00:00+05:30,6786.71,678671,out,essential,Completed,,UPI,Payment counterparty,party-3,MCH-10124,DEV-10124,Delhi,0,0,0,0,0,0,,0,
TX-104668,SYN-10124,2026-10-15T09:10:00+05:30,442.03,44203,in,credit,Completed,,UPI,Payment counterparty,credit-line,MCH-10124,DEV-10124,Delhi,0,0,0,0,0,0,,0,
TX-104669,SYN-10124,2026-10-15T10:00:00+05:30,6744.21,674421,out,essential,Completed,,UPI,Payment counterparty,party-4,MCH-10124,DEV-10124,Delhi,0,0,0,0,0,0,,0,
TX-104670,SYN-10124,2026-10-21T09:10:00+05:30,7226.58,722658,in,credit,Completed,,UPI,Payment counterparty,credit-line,MCH-10124,DEV-10124,Delhi,0,0,0,0,0,0,,0,
TX-104671,SYN-10124,2026-10-21T10:00:00+05:30,7226.58,722658,out,essential,Completed,,UPI,Payment counterparty,party-1,MCH-10124,DEV-10124,Delhi,0,0,0,0,0,0,,0,
TX-104672,SYN-10124,2026-10-26T09:10:00+05:30,7293.91,729391,in,credit,Completed,,UPI,Payment counterparty,credit-line,MCH-10124,DEV-10124,Delhi,0,0,0,0,0,0,,0,
TX-104673,SYN-10124,2026-10-26T10:00:00+05:30,7293.91,729391,out,essential,Completed,,Card,Payment counterparty,party-5,MCH-10124,DEV-10124,Delhi,0,0,0,0,0,0,,0,
TX-104674,SYN-10124,2026-11-01T09:00:00+05:30,66962.49,6696249,in,salary,Completed,,UPI,Payment counterparty,employer,MCH-10124,DEV-10124,Delhi,0,0,0,0,0,0,,0,
TX-104675,SYN-10124,2026-11-03T10:00:00+05:30,6189.89,618989,out,essential,Completed,,UPI,Payment counterparty,party-3,MCH-10124,DEV-10124,Delhi,0,0,0,0,0,0,,0,
TX-104676,SYN-10124,2026-11-03T12:00:00+05:30,32859.32,3285932,out,transfer,Completed,,UPI,Payment counterparty,party-3,,DEV-10124,Delhi,0,0,0,0,0,0,,0,
TX-104677,SYN-10124,2026-11-03T22:30:00+05:30,15818.59,1581859,out,emi,Completed,,UPI,Payment counterparty,lender,MCH-10124,DEV-10124,Delhi,0,0,0,0,0,0,LN-124-0,4,
TX-104679,SYN-10125,2026-08-01T09:00:00+05:30,106571.57,10657157,in,salary,Completed,,UPI,Payment counterparty,employer,MCH-10125,DEV-10125,Mumbai,0,0,0,0,0,0,,0,
TX-104680,SYN-10125,2026-08-02T12:00:00+05:30,11988.99,1198899,out,transfer,Completed,,UPI,Payment counterparty,party-3,,DEV-10153,Mumbai,1,0,0,0,0,0,,0,
TX-104681,SYN-10125,2026-08-03T10:00:00+05:30,7409.78,740978,out,essential,Completed,,UPI,Payment counterparty,party-1,MCH-10125,DEV-10125,Mumbai,0,0,0,0,0,0,,0,
TX-104682,SYN-10125,2026-08-09T10:00:00+05:30,6561.25,656125,out,essential,Completed,,Digital banking,Payment counterparty,party-5,MCH-10125,DEV-10125,Mumbai,0,0,0,0,0,0,,0,
TX-104683,SYN-10125,2026-08-15T10:00:00+05:30,7196.09,719609,out,essential,Completed,,Card,Payment counterparty,party-3,MCH-10125,DEV-10125,Mumbai,0,0,0,0,0,0,,0,
TX-104684,SYN-10125,2026-08-15T12:00:00+05:30,10430.63,1043063,out,transfer,Completed,,UPI,Payment counterparty,party-6,,DEV-10153,Mumbai,1,0,0,1,0,0,,0,
TX-104685,SYN-10125,2026-08-21T10:00:00+05:30,8213.02,821302,out,essential,Completed,,UPI,Payment counterparty,party-4,MCH-10125,DEV-10125,Mumbai,0,0,0,0,0,0,,0,
TX-104686,SYN-10125,2026-08-23T12:00:00+05:30,9392.83,939283,out,transfer,Completed,,Wallet,Payment counterparty,party-5,,DEV-10153,Mumbai,1,1,0,1,0,0,,0,
TX-104687,SYN-10125,2026-08-26T10:00:00+05:30,7526.58,752658,out,essential,Completed,,UPI,Payment counterparty,party-1,MCH-10125,DEV-10125,Mumbai,0,0,0,0,0,0,,0,
TX-104688,SYN-10125,2026-08-26T22:30:00+05:30,23832.56,2383256,out,emi,Completed,,UPI,Payment counterparty,lender,MCH-10125,DEV-10125,Mumbai,0,0,0,0,0,0,LN-125-0,2,
TX-104689,SYN-10125,2026-08-28T12:00:00+05:30,2108.6,210860,out,transfer,Completed,,UPI,Payment counterparty,party-5,,DEV-10153,Mumbai,1,0,0,1,0,0,,0,
TX-104690,SYN-10125,2026-09-01T09:00:00+05:30,112030.78,11203078,in,salary,Completed,,UPI,Payment counterparty,employer,MCH-10125,DEV-10125,Mumbai,0,0,0,0,0,0,,0,
TX-104691,SYN-10125,2026-09-02T12:00:00+05:30,5882.3,588230,out,transfer,Completed,,Digital banking,Payment counterparty,party-4,,DEV-10153,Mumbai,1,1,0,0,0,0,,0,
TX-104692,SYN-10125,2026-09-03T10:00:00+05:30,8141.77,814177,out,essential,Completed,,Digital banking,Payment counterparty,party-6,MCH-10125,DEV-10125,Mumbai,0,0,0,0,0,0,,0,
TX-104693,SYN-10125,2026-09-09T10:00:00+05:30,7268.71,726871,out,essential,Completed,,UPI,Payment counterparty,party-4,MCH-10125,DEV-10125,Mumbai,0,0,0,0,0,0,,0,
TX-104694,SYN-10125,2026-09-15T10:00:00+05:30,7208.95,720895,out,essential,Completed,,UPI,Payment counterparty,party-2,MCH-10125,DEV-10125,Mumbai,0,0,0,0,0,0,,0,
TX-104695,SYN-10125,2026-09-15T12:00:00+05:30,1768.23,176823,out,transfer,Completed,,UPI,Payment counterparty,party-4,,DEV-10153,Mumbai,1,0,0,0,0,0,,0,
TX-104696,SYN-10125,2026-09-21T10:00:00+05:30,7610.9,761090,out,essential,Completed,,UPI,Payment counterparty,party-6,MCH-10125,DEV-10125,Mumbai,0,0,0,0,0,0,,0,
TX-104697,SYN-10125,2026-09-23T12:00:00+05:30,4418.92,441892,out,transfer,Completed,,UPI,Payment counterparty,party-3,,DEV-10153,Mumbai,1,0,0,1,0,0,,0,
TX-104698,SYN-10125,2026-09-26T10:00:00+05:30,7958.7,795870,out,essential,Completed,,Card,Payment counterparty,party-6,MCH-10125,DEV-10125,Mumbai,0,0,0,0,0,0,,0,
TX-104699,SYN-10125,2026-09-26T22:30:00+05:30,23832.56,2383256,out,emi,Completed,,UPI,Payment counterparty,lender,MCH-10125,DEV-10125,Mumbai,0,0,0,0,0,0,LN-125-0,3,
TX-104700,SYN-10125,2026-09-28T12:00:00+05:30,2745.95,274595,out,transfer,Completed,,UPI,Payment counterparty,party-6,,DEV-10153,Mumbai,1,1,0,1,0,0,,0,
TX-104701,SYN-10125,2026-10-01T09:00:00+05:30,101031.38,10103138,in,salary,Completed,,Digital banking,Payment counterparty,employer,MCH-10125,DEV-10125,Mumbai,0,0,0,0,0,0,,0,
TX-104715,SYN-10125,2026-10-01T12:00:00+05:30,5605.15,560515,out,essential,Pending,2026-09-27T00:00:00+05:30,UPI,Payment counterparty,party-2,MCH-10125,DEV-10125,Mumbai,0,0,0,0,0,0,,0,
TX-104702,SYN-10125,2026-10-02T12:00:00+05:30,4533.64,453364,out,transfer,Completed,,Digital banking,Payment counterparty,party-3,,DEV-10153,Mumbai,1,0,0,0,0,0,,0,
TX-104703,SYN-10125,2026-10-03T10:00:00+05:30,8172.29,817229,out,essential,Completed,,Wallet,Payment counterparty,party-5,MCH-10125,DEV-10125,Mumbai,0,0,0,0,0,0,,0,
TX-104704,SYN-10125,2026-10-09T10:00:00+05:30,7720.29,772029,out,essential,Completed,,Digital banking,Payment counterparty,party-2,MCH-10125,DEV-10125,Mumbai,0,0,0,0,0,0,,0,
TX-104705,SYN-10125,2026-10-15T10:00:00+05:30,7901.3,790130,out,essential,Completed,,UPI,Payment counterparty,party-2,MCH-10125,DEV-10125,Mumbai,0,0,0,0,0,0,,0,
TX-104706,SYN-10125,2026-10-15T12:00:00+05:30,11937.97,1193797,out,transfer,Completed,,Digital banking,Payment counterparty,party-1,,DEV-10153,Mumbai,1,0,0,0,0,0,,0,
TX-104707,SYN-10125,2026-10-21T10:00:00+05:30,6745.81,674581,out,essential,Completed,,UPI,Payment counterparty,party-6,MCH-10125,DEV-10125,Mumbai,0,0,0,0,0,0,,0,
TX-104708,SYN-10125,2026-10-23T12:00:00+05:30,11667.68,1166768,out,transfer,Completed,,Digital banking,Payment counterparty,party-3,,DEV-10153,Mumbai,1,1,0,0,0,0,,0,
TX-104709,SYN-10125,2026-10-26T10:00:00+05:30,8445.19,844519,out,essential,Completed,,UPI,Payment counterparty,party-2,MCH-10125,DEV-10125,Mumbai,0,0,0,0,0,0,,0,
TX-104710,SYN-10125,2026-10-26T22:30:00+05:30,23832.56,2383256,out,emi,Completed,,Card,Payment counterparty,lender,MCH-10125,DEV-10125,Mumbai,0,0,0,0,0,0,LN-125-0,4,
TX-104711,SYN-10125,2026-10-28T12:00:00+05:30,110453.98,11045398,out,transfer,Completed,,Wallet,Payment counterparty,party-4,,DEV-10153,Mumbai,1,1,0,1,0,0,,0,
TX-104712,SYN-10125,2026-11-01T09:00:00+05:30,102135.3,10213530,in,salary,Completed,,UPI,Payment counterparty,employer,MCH-10125,DEV-10125,Mumbai,0,0,0,0,0,0,,0,
TX-104713,SYN-10125,2026-11-02T12:00:00+05:30,14232.83,1423283,out,transfer,Completed,,UPI,Payment counterparty,party-4,,DEV-10153,Mumbai,1,0,0,1,0,0,,0,
TX-104714,SYN-10125,2026-11-03T10:00:00+05:30,8254.09,825409,out,essential,Completed,,UPI,Payment counterparty,party-6,MCH-10125,DEV-10125,Mumbai,0,0,0,0,0,0,,0,
TX-104716,SYN-10126,2026-08-01T09:00:00+05:30,90871.7,9087170,in,salary,Completed,,UPI,Payment counterparty,employer,MCH-10126,DEV-10126,Bengaluru,0,0,0,0,0,0,,0,
TX-104717,SYN-10126,2026-08-03T10:00:00+05:30,7830.91,783091,out,essential,Completed,,UPI,Payment counterparty,party-6,MCH-10126,DEV-10126,Bengaluru,0,0,0,0,0,0,,0,
TX-104718,SYN-10126,2026-08-09T10:00:00+05:30,9377.09,937709,out,essential,Completed,,UPI,Payment counterparty,party-2,MCH-10126,DEV-10126,Bengaluru,0,0,0,0,0,0,,0,
TX-104719,SYN-10126,2026-08-10T12:00:00+05:30,1520.12,152012,out,transfer,Completed,,UPI,Payment counterparty,party-6,,DEV-10126,Bengaluru,0,1,0,0,0,0,,0,
TX-104720,SYN-10126,2026-08-12T12:00:00+05:30,8618.46,861846,out,transfer,Completed,,Digital banking,Payment counterparty,party-1,,DEV-10126,Bengaluru,0,1,0,0,0,0,,0,
TX-104721,SYN-10126,2026-08-15T10:00:00+05:30,9323.06,932306,out,essential,Completed,,UPI,Payment counterparty,party-5,MCH-10126,DEV-10126,Bengaluru,0,0,0,0,0,0,,0,
TX-104722,SYN-10126,2026-08-21T10:00:00+05:30,7540.94,754094,out,essential,Completed,,UPI,Payment counterparty,party-5,MCH-10126,DEV-10126,Bengaluru,0,0,0,0,0,0,,0,
TX-104723,SYN-10126,2026-08-23T22:30:00+05:30,15443.85,1544385,out,emi,Completed,,Card,Payment counterparty,lender,MCH-10126,DEV-10126,Bengaluru,0,0,0,0,0,0,LN-126-0,2,
TX-104724,SYN-10126,2026-08-25T12:00:00+05:30,3831.56,383156,out,transfer,Completed,,Card,Payment counterparty,party-2,,DEV-10153,Bengaluru,1,1,0,0,0,0,,0,
TX-104725,SYN-10126,2026-08-26T10:00:00+05:30,8120.22,812022,out,essential,Completed,,Card,Payment counterparty,party-1,MCH-10126,DEV-10126,Bengaluru,0,0,0,0,0,0,,0,
TX-104726,SYN-10126,2026-09-01T09:00:00+05:30,59018.72,5901872,in,salary,Completed,,UPI,Payment counterparty,employer,MCH-10126,DEV-10126,Bengaluru,0,0,0,0,0,0,,0,
TX-104727,SYN-10126,2026-09-03T10:00:00+05:30,7878.77,787877,out,essential,Completed,,Digital banking,Payment counterparty,party-1,MCH-10126,DEV-10126,Bengaluru,0,0,0,0,0,0,,0,
TX-104728,SYN-10126,2026-09-08T15:31:00+05:30,55743.62,5574362,out,transfer,Completed,,UPI,Payment counterparty,party-14,,DEV-10153,Bengaluru,1,1,0,0,1,2,,0,
TX-104729,SYN-10126,2026-09-08T15:41:00+05:30,55743.62,5574362,out,transfer,Completed,,UPI,Payment counterparty,party-14,,DEV-10153,Bengaluru,1,1,0,0,1,4,,0,
TX-104730,SYN-10126,2026-09-09T10:00:00+05:30,8091.95,809195,out,essential,Completed,,Wallet,Payment counterparty,party-3,MCH-10126,DEV-10126,Bengaluru,0,0,0,0,0,0,,0,
TX-104731,SYN-10126,2026-09-10T12:00:00+05:30,5647.16,564716,out,transfer,Completed,,UPI,Payment counterparty,party-3,,DEV-10126,Bengaluru,0,0,0,0,0,0,,0,
TX-104732,SYN-10126,2026-09-10T16:56:00+05:30,685.6,68560,out,transfer,Completed,,UPI,Payment counterparty,party-28,,DEV-10126,Bengaluru,0,1,0,0,0,0,,0,
TX-104733,SYN-10126,2026-09-10T17:01:00+05:30,685.6,68560,out,transfer,Completed,,Digital banking,Payment counterparty,party-28,,DEV-10126,Bengaluru,0,1,0,0,0,0,,0,
TX-104734,SYN-10126,2026-09-12T12:00:00+05:30,4112.1,411210,out,transfer,Completed,,UPI,Payment counterparty,party-1,,DEV-10153,Bengaluru,1,0,0,1,0,0,,0,
TX-104735,SYN-10126,2026-09-15T09:10:00+05:30,9556.31,955631,in,credit,Completed,,Digital banking,Payment counterparty,credit-line,MCH-10126,DEV-10126,Bengaluru,0,0,0,0,0,0,,0,
TX-104736,SYN-10126,2026-09-15T10:00:00+05:30,9556.31,955631,out,essential,Completed,,UPI,Payment counterparty,party-6,MCH-10126,DEV-10126,Bengaluru,0,0,0,0,0,0,,0,
TX-104737,SYN-10126,2026-09-21T09:10:00+05:30,9127.77,912777,in,credit,Completed,,UPI,Payment counterparty,credit-line,MCH-10126,DEV-10126,Bengaluru,0,0,0,0,0,0,,0,
TX-104738,SYN-10126,2026-09-21T10:00:00+05:30,9127.77,912777,out,essential,Completed,,UPI,Payment counterparty,party-4,MCH-10126,DEV-10126,Bengaluru,0,0,0,0,0,0,,0,
TX-104739,SYN-10126,2026-09-26T09:10:00+05:30,8283.59,828359,in,credit,Completed,,Card,Payment counterparty,credit-line,MCH-10126,DEV-10126,Bengaluru,0,0,0,0,0,0,,0,
TX-104740,SYN-10126,2026-09-26T10:00:00+05:30,8283.59,828359,out,essential,Completed,,Card,Payment counterparty,party-4,MCH-10126,DEV-10126,Bengaluru,0,0,0,0,0,0,,0,
TX-104741,SYN-10126,2026-10-01T09:00:00+05:30,13034.44,1303444,in,salary,Completed,,Card,Payment counterparty,employer,MCH-10126,DEV-10126,Bengaluru,0,0,0,0,0,0,,0,
TX-104755,SYN-10126,2026-10-01T12:00:00+05:30,6342.62,634262,out,essential,Pending,2026-09-27T00:00:00+05:30,UPI,Payment counterparty,party-2,MCH-10126,DEV-10126,Bengaluru,0,0,0,0,0,0,,0,
TX-104742,SYN-10126,2026-10-02T22:30:00+05:30,7246.52,724652,out,emi,Completed,,UPI,Payment counterparty,lender,MCH-10126,DEV-10126,Bengaluru,0,0,0,0,0,0,LN-126-0,3,
TX-104743,SYN-10126,2026-10-03T09:10:00+05:30,1568.57,156857,in,credit,Completed,,UPI,Payment counterparty,credit-line,MCH-10126,DEV-10126,Bengaluru,0,0,0,0,0,0,,0,
TX-104744,SYN-10126,2026-10-03T10:00:00+05:30,7356.49,735649,out,essential,Completed,,UPI,Payment counterparty,party-4,MCH-10126,DEV-10126,Bengaluru,0,0,0,0,0,0,,0,
TX-104745,SYN-10126,2026-10-09T09:10:00+05:30,9499.93,949993,in,credit,Completed,,UPI,Payment counterparty,credit-line,MCH-10126,DEV-10126,Bengaluru,0,0,0,0,0,0,,0,
TX-104746,SYN-10126,2026-10-09T10:00:00+05:30,9499.93,949993,out,essential,Completed,,UPI,Payment counterparty,party-3,MCH-10126,DEV-10126,Bengaluru,0,0,0,0,0,0,,0,
TX-104747,SYN-10126,2026-10-15T09:10:00+05:30,8541.92,854192,in,credit,Completed,,UPI,Payment counterparty,credit-line,MCH-10126,DEV-10126,Bengaluru,0,0,0,0,0,0,,0,
TX-104748,SYN-10126,2026-10-15T10:00:00+05:30,8541.92,854192,out,essential,Completed,,Card,Payment counterparty,party-3,MCH-10126,DEV-10126,Bengaluru,0,0,0,0,0,0,,0,
TX-104749,SYN-10126,2026-10-21T09:10:00+05:30,1204.3,120430,in,credit,Completed,,UPI,Payment counterparty,credit-line,MCH-10126,DEV-10126,Bengaluru,0,0,0,0,0,0,,0,
TX-104750,SYN-10126,2026-10-21T10:00:00+05:30,1204.3,120430,out,essential,Completed,,UPI,Payment counterparty,party-6,MCH-10126,DEV-10126,Bengaluru,0,0,0,0,0,0,,0,
TX-104751,SYN-10126,2026-11-01T09:00:00+05:30,54914.68,5491468,in,salary,Completed,,UPI,Payment counterparty,employer,MCH-10126,DEV-10126,Bengaluru,0,0,0,0,0,0,,0,
TX-104752,SYN-10126,2026-11-01T22:30:00+05:30,8197.33,819733,out,emi,Completed,,UPI,Payment counterparty,lender,MCH-10126,DEV-10126,Bengaluru,0,0,0,0,0,0,LN-126-0,3,
TX-104753,SYN-10126,2026-11-01T22:30:00+05:30,15443.85,1544385,out,emi,Completed,,UPI,Payment counterparty,lender,MCH-10126,DEV-10126,Bengaluru,0,0,0,0,0,0,LN-126-0,4,
TX-104754,SYN-10126,2026-11-03T10:00:00+05:30,8889.64,888964,out,essential,Completed,,UPI,Payment counterparty,party-2,MCH-10126,DEV-10126,Bengaluru,0,0,0,0,0,0,,0,
TX-104756,SYN-10127,2026-08-02T12:00:00+05:30,5384.36,538436,out,transfer,Completed,,Wallet,Payment counterparty,party-4,,DEV-10127,Jaipur,0,0,0,0,0,0,,0,
TX-104757,SYN-10127,2026-08-03T10:00:00+05:30,9353.76,935376,out,essential,Completed,,UPI,Payment counterparty,party-4,MCH-10127,DEV-10127,Jaipur,0,0,0,0,0,0,,0,
TX-104758,SYN-10127,2026-08-09T10:00:00+05:30,9086.86,908686,out,essential,Completed,,Card,Payment counterparty,party-4,MCH-10127,DEV-10127,Jaipur,0,0,0,0,0,0,,0,
TX-104759,SYN-10127,2026-08-15T10:00:00+05:30,8524.17,852417,out,essential,Completed,,Digital banking,Payment counterparty,party-6,MCH-10127,DEV-10127,Jaipur,0,0,0,0,0,0,,0,
TX-104760,SYN-10127,2026-08-20T12:00:00+05:30,1349.28,134928,out,transfer,Completed,,Digital banking,Payment counterparty,party-6,,DEV-10153,Jaipur,1,0,0,0,0,0,,0,
TX-104761,SYN-10127,2026-08-21T10:00:00+05:30,8868.54,886854,out,essential,Completed,,UPI,Payment counterparty,party-5,MCH-10127,DEV-10127,Jaipur,0,0,0,0,0,0,,0,
TX-104762,SYN-10127,2026-08-26T09:10:00+05:30,5037.97,503797,in,credit,Completed,,Card,Payment counterparty,credit-line,MCH-10127,DEV-10127,Jaipur,0,0,0,0,0,0,,0,
TX-104763,SYN-10127,2026-08-26T10:00:00+05:30,8503.52,850352,out,essential,Completed,,Digital banking,Payment counterparty,party-2,MCH-10127,DEV-10127,Jaipur,0,0,0,0,0,0,,0,
TX-104764,SYN-10127,2026-08-28T09:00:00+05:30,128633.73,12863373,in,salary,Completed,,Card,Payment counterparty,employer,MCH-10127,DEV-10127,Jaipur,0,0,0,0,0,0,,0,
TX-104765,SYN-10127,2026-08-28T12:00:00+05:30,11126.14,1112614,out,transfer,Completed,,UPI,Payment counterparty,party-4,,DEV-10127,Jaipur,0,1,0,0,0,0,,0,
TX-104766,SYN-10127,2026-08-30T22:30:00+05:30,23204.39,2320439,out,emi,Completed,,UPI,Payment counterparty,lender,MCH-10127,DEV-10127,Jaipur,0,0,0,0,0,0,LN-127-0,2,
TX-104767,SYN-10127,2026-09-02T12:00:00+05:30,1316.75,131675,out,transfer,Completed,,Digital banking,Payment counterparty,party-5,,DEV-10153,Jaipur,1,0,0,0,0,0,,0,
TX-104768,SYN-10127,2026-09-03T10:00:00+05:30,8709.37,870937,out,essential,Completed,,Card,Payment counterparty,party-6,MCH-10127,DEV-10127,Jaipur,0,0,0,0,0,0,,0,
TX-104769,SYN-10127,2026-09-09T10:00:00+05:30,9208.34,920834,out,essential,Completed,,Digital banking,Payment counterparty,party-2,MCH-10127,DEV-10127,Jaipur,0,0,0,0,0,0,,0,
TX-104770,SYN-10127,2026-09-15T10:00:00+05:30,8625.8,862580,out,essential,Completed,,UPI,Payment counterparty,party-2,MCH-10127,DEV-10127,Jaipur,0,0,0,0,0,0,,0,
TX-104771,SYN-10127,2026-09-17T16:04:00+05:30,9400.5,940050,out,transfer,Completed,,UPI,Payment counterparty,party-17,,DEV-10127,Jaipur,0,0,0,0,0,0,,0,
TX-104772,SYN-10127,2026-09-17T16:12:00+05:30,9400.5,940050,out,transfer,Completed,,UPI,Payment counterparty,party-17,,DEV-10127,Jaipur,0,0,0,0,0,0,,0,
TX-104773,SYN-10127,2026-09-20T12:00:00+05:30,8722.24,872224,out,transfer,Completed,,Card,Payment counterparty,party-4,,DEV-10127,Jaipur,0,0,0,0,0,0,,0,
TX-104774,SYN-10127,2026-09-21T10:00:00+05:30,10683.9,1068390,out,essential,Completed,,Digital banking,Payment counterparty,party-1,MCH-10127,DEV-10127,Jaipur,0,0,0,0,0,0,,0,
TX-104775,SYN-10127,2026-09-26T10:00:00+05:30,9997.11,999711,out,essential,Completed,,UPI,Payment counterparty,party-3,MCH-10127,DEV-10127,Jaipur,0,0,0,0,0,0,,0,
TX-104776,SYN-10127,2026-09-27T22:30:00+05:30,1065.38,106538,out,emi,Completed,,UPI,Payment counterparty,lender,MCH-10127,DEV-10127,Jaipur,0,0,0,0,0,0,LN-127-0,3,
TX-104777,SYN-10127,2026-09-28T12:00:00+05:30,11119.5,1111950,out,transfer,Completed,,UPI,Payment counterparty,party-2,,DEV-10127,Jaipur,0,1,0,0,0,0,,0,
TX-104796,SYN-10127,2026-10-01T12:00:00+05:30,7054.14,705414,out,essential,Pending,2026-09-27T00:00:00+05:30,UPI,Payment counterparty,party-6,MCH-10127,DEV-10127,Jaipur,0,0,0,0,0,0,,0,
TX-104778,SYN-10127,2026-10-02T12:00:00+05:30,6053.81,605381,out,transfer,Completed,,UPI,Payment counterparty,party-4,,DEV-10127,Jaipur,0,0,0,0,0,0,,0,
TX-104779,SYN-10127,2026-10-03T09:10:00+05:30,8365.61,836561,in,credit,Completed,,UPI,Payment counterparty,credit-line,MCH-10127,DEV-10127,Jaipur,0,0,0,0,0,0,,0,
TX-104780,SYN-10127,2026-10-03T10:00:00+05:30,8365.61,836561,out,essential,Completed,,UPI,Payment counterparty,party-4,MCH-10127,DEV-10127,Jaipur,0,0,0,0,0,0,,0,
TX-104781,SYN-10127,2026-10-09T09:10:00+05:30,8008.55,800855,in,credit,Completed,,UPI,Payment counterparty,credit-line,MCH-10127,DEV-10127,Jaipur,0,0,0,0,0,0,,0,
TX-104782,SYN-10127,2026-10-09T10:00:00+05:30,8008.55,800855,out,essential,Completed,,Wallet,Payment counterparty,party-5,MCH-10127,DEV-10127,Jaipur,0,0,0,0,0,0,,0,
TX-104783,SYN-10127,2026-10-15T09:10:00+05:30,9261.26,926126,in,credit,Completed,,UPI,Payment counterparty,credit-line,MCH-10127,DEV-10127,Jaipur,0,0,0,0,0,0,,0,
TX-104784,SYN-10127,2026-10-15T10:00:00+05:30,9261.26,926126,out,essential,Completed,,UPI,Payment counterparty,party-2,MCH-10127,DEV-10127,Jaipur,0,0,0,0,0,0,,0,
TX-104785,SYN-10127,2026-10-21T09:10:00+05:30,9951.04,995104,in,credit,Completed,,Card,Payment counterparty,credit-line,MCH-10127,DEV-10127,Jaipur,0,0,0,0,0,0,,0,
TX-104786,SYN-10127,2026-10-21T10:00:00+05:30,9951.04,995104,out,essential,Completed,,Card,Payment counterparty,party-4,MCH-10127,DEV-10127,Jaipur,0,0,0,0,0,0,,0,
TX-104787,SYN-10127,2026-10-26T09:10:00+05:30,8980.42,898042,in,credit,Completed,,UPI,Payment counterparty,credit-line,MCH-10127,DEV-10127,Jaipur,0,0,0,0,0,0,,0,
TX-104788,SYN-10127,2026-10-26T10:00:00+05:30,8980.42,898042,out,essential,Completed,,Wallet,Payment counterparty,party-1,MCH-10127,DEV-10127,Jaipur,0,0,0,0,0,0,,0,
TX-104789,SYN-10127,2026-10-28T09:00:00+05:30,46307.61,4630761,in,salary,Completed,,UPI,Payment counterparty,employer,MCH-10127,DEV-10127,Jaipur,0,0,0,0,0,0,,0,
TX-104790,SYN-10127,2026-10-28T12:00:00+05:30,7300.17,730017,out,transfer,Completed,,Digital banking,Payment counterparty,party-5,,DEV-10127,Jaipur,0,1,0,0,0,0,,0,
TX-104791,SYN-10127,2026-10-30T22:30:00+05:30,23204.39,2320439,out,emi,Completed,,UPI,Payment counterparty,lender,MCH-10127,DEV-10127,Jaipur,0,0,0,0,0,0,LN-127-0,4,
TX-104792,SYN-10127,2026-11-02T12:00:00+05:30,2907.64,290764,out,transfer,Completed,,UPI,Payment counterparty,party-4,,DEV-10127,Jaipur,0,0,0,0,0,0,,0,
TX-104793,SYN-10127,2026-11-02T22:30:00+05:30,6151.06,615106,out,emi,Completed,,UPI,Payment counterparty,lender,MCH-10127,DEV-10127,Jaipur,0,0,0,0,0,0,LN-127-0,3,
TX-104794,SYN-10127,2026-11-03T09:10:00+05:30,1624.78,162478,in,credit,Completed,,UPI,Payment counterparty,credit-line,MCH-10127,DEV-10127,Jaipur,0,0,0,0,0,0,,0,
TX-104795,SYN-10127,2026-11-03T10:00:00+05:30,8369.13,836913,out,essential,Completed,,UPI,Payment counterparty,party-3,MCH-10127,DEV-10127,Jaipur,0,0,0,0,0,0,,0,
