event_id,customer_id,timestamp,kind,title,detail,transaction_ids
EV-TX-100000,EXT-10000,2026-08-02T12:00:00+05:30,transfer,Payment observed,Review payment evidence,TX-100000
EV-TX-100007,EXT-10000,2026-08-26T12:00:00+05:30,transfer,Payment observed,Review payment evidence,TX-100007
EV-TX-100008,EXT-10000,2026-09-02T12:00:00+05:30,transfer,Payment observed,Review payment evidence,TX-100008
EV-TX-100012,EXT-10000,2026-09-11T16:57:00+05:30,transfer,Payment observed,Review payment evidence,TX-100012
EV-TX-100013,EXT-10000,2026-09-11T17:06:00+05:30,transfer,Payment observed,Review payment evidence,TX-100013
EV-TX-100014,EXT-10000,2026-09-14T13:04:00+05:30,transfer,Payment observed,Review payment evidence,TX-100014
EV-TX-100015,EXT-10000,2026-09-14T13:12:00+05:30,transfer,Payment observed,Review payment evidence,TX-100015
EV-TX-100016,EXT-10000,2026-09-14T13:22:00+05:30,transfer,Payment observed,Review payment evidence,TX-100016
EV-TX-100020,EXT-10000,2026-09-26T12:00:00+05:30,transfer,Payment observed,Review payment evidence,TX-100020
EV-TX-100021,EXT-10000,2026-10-02T12:00:00+05:30,transfer,Payment observed,Review payment evidence,TX-100021
EV-TX-100028,EXT-10000,2026-10-26T12:00:00+05:30,transfer,Payment observed,Review payment evidence,TX-100028
EV-TX-100029,EXT-10000,2026-11-02T12:00:00+05:30,transfer,Payment observed,Review payment evidence,TX-100029
EV-TX-100036,EXT-10001,2026-08-16T12:00:00+05:30,transfer,Payment observed,Review payment evidence,TX-100036
EV-TX-100038,EXT-10001,2026-08-21T12:00:00+05:30,transfer,Payment observed,Review payment evidence,TX-100038
EV-TX-100039,EXT-10001,2026-08-25T12:00:00+05:30,transfer,Payment observed,Review payment evidence,TX-100039
EV-TX-100043,EXT-10001,2026-08-27T12:00:00+05:30,transfer,Payment observed,Review payment evidence,TX-100043
EV-TX-100047,EXT-10001,2026-09-14T15:10:00+05:30,transfer,Payment observed,Review payment evidence,TX-100047
EV-TX-100048,EXT-10001,2026-09-14T15:19:00+05:30,transfer,Payment observed,Review payment evidence,TX-100048
EV-TX-100050,EXT-10001,2026-09-16T12:00:00+05:30,transfer,Payment observed,Review payment evidence,TX-100050
EV-TX-100051,EXT-10001,2026-09-17T10:00:00+05:30,transfer,Payment observed,Review payment evidence,TX-100051
EV-TX-100053,EXT-10001,2026-09-21T12:00:00+05:30,transfer,Payment observed,Review payment evidence,TX-100053
EV-TX-100054,EXT-10001,2026-09-25T12:00:00+05:30,transfer,Payment observed,Review payment evidence,TX-100054
EV-TX-100057,EXT-10001,2026-09-27T12:00:00+05:30,transfer,Payment observed,Review payment evidence,TX-100057
EV-TX-100065,EXT-10001,2026-10-16T12:00:00+05:30,transfer,Payment observed,Review payment evidence,TX-100065
EV-TX-100067,EXT-10001,2026-10-21T12:00:00+05:30,transfer,Payment observed,Review payment evidence,TX-100067
EV-TX-100068,EXT-10001,2026-10-25T12:00:00+05:30,transfer,Payment observed,Review payment evidence,TX-100068
EV-TX-100077,EXT-10002,2026-08-07T12:00:00+05:30,transfer,Payment observed,Review payment evidence,TX-100077
EV-TX-100078,EXT-10002,2026-08-08T12:00:00+05:30,transfer,Payment observed,Review payment evidence,TX-100078
EV-TX-100080,EXT-10002,2026-08-10T12:00:00+05:30,transfer,Payment observed,Review payment evidence,TX-100080
EV-TX-100081,EXT-10002,2026-08-13T12:00:00+05:30,transfer,Payment observed,Review payment evidence,TX-100081
EV-TX-100088,EXT-10002,2026-09-07T12:00:00+05:30,transfer,Payment observed,Review payment evidence,TX-100088
EV-TX-100089,EXT-10002,2026-09-08T12:00:00+05:30,transfer,Payment observed,Review payment evidence,TX-100089
EV-TX-100091,EXT-10002,2026-09-10T12:00:00+05:30,transfer,Payment observed,Review payment evidence,TX-100091
EV-TX-100092,EXT-10002,2026-09-13T12:00:00+05:30,transfer,Payment observed,Review payment evidence,TX-100092
EV-TX-100094,EXT-10002,2026-09-16T16:55:00+05:30,transfer,Payment observed,Review payment evidence,TX-100094
EV-TX-100095,EXT-10002,2026-09-16T17:00:00+05:30,transfer,Payment observed,Review payment evidence,TX-100095
EV-TX-100102,EXT-10002,2026-10-07T12:00:00+05:30,transfer,Payment observed,Review payment evidence,TX-100102
EV-TX-100103,EXT-10002,2026-10-08T12:00:00+05:30,transfer,Payment observed,Review payment evidence,TX-100103
EV-TX-100105,EXT-10002,2026-10-10T12:00:00+05:30,transfer,Payment observed,Review payment evidence,TX-100105
EV-TX-100106,EXT-10002,2026-10-13T12:00:00+05:30,transfer,Payment observed,Review payment evidence,TX-100106
EV-TX-100119,EXT-10003,2026-08-12T12:00:00+05:30,transfer,Payment observed,Review payment evidence,TX-100119
EV-TX-100120,EXT-10003,2026-08-14T12:00:00+05:30,transfer,Payment observed,Review payment evidence,TX-100120
EV-TX-100128,EXT-10003,2026-09-09T17:16:00+05:30,transfer,Payment observed,Review payment evidence,TX-100128
EV-TX-100129,EXT-10003,2026-09-09T17:19:00+05:30,transfer,Payment observed,Review payment evidence,TX-100129
EV-TX-100130,EXT-10003,2026-09-12T12:00:00+05:30,transfer,Payment observed,Review payment evidence,TX-100130
EV-TX-100131,EXT-10003,2026-09-14T12:00:00+05:30,transfer,Payment observed,Review payment evidence,TX-100131
EV-TX-100140,EXT-10003,2026-10-12T12:00:00+05:30,transfer,Payment observed,Review payment evidence,TX-100140
EV-TX-100141,EXT-10003,2026-10-14T12:00:00+05:30,transfer,Payment observed,Review payment evidence,TX-100141
EV-TX-100152,EXT-10004,2026-08-05T12:00:00+05:30,transfer,Payment observed,Review payment evidence,TX-100152
EV-TX-100157,EXT-10004,2026-08-25T12:00:00+05:30,transfer,Payment observed,Review payment evidence,TX-100157
EV-TX-100161,EXT-10004,2026-09-05T12:00:00+05:30,transfer,Payment observed,Review payment evidence,TX-100161
EV-TX-100166,EXT-10004,2026-09-25T12:00:00+05:30,transfer,Payment observed,Review payment evidence,TX-100166
EV-TX-100170,EXT-10004,2026-10-05T12:00:00+05:30,transfer,Payment observed,Review payment evidence,TX-100170
EV-TX-100175,EXT-10004,2026-10-25T12:00:00+05:30,transfer,Payment observed,Review payment evidence,TX-100175
EV-TX-100179,EXT-10004,2026-11-05T12:00:00+05:30,transfer,Payment observed,Review payment evidence,TX-100179
EV-TX-100184,EXT-10005,2026-08-10T12:00:00+05:30,transfer,Payment observed,Review payment evidence,TX-100184
EV-TX-100186,EXT-10005,2026-08-20T12:00:00+05:30,transfer,Payment observed,Review payment evidence,TX-100186
EV-TX-100190,EXT-10005,2026-08-26T12:00:00+05:30,transfer,Payment observed,Review payment evidence,TX-100190
EV-TX-100194,EXT-10005,2026-09-10T12:00:00+05:30,transfer,Payment observed,Review payment evidence,TX-100194
EV-TX-100195,EXT-10005,2026-09-12T16:30:00+05:30,transfer,Payment observed,Review payment evidence,TX-100195
EV-TX-100196,EXT-10005,2026-09-12T16:36:00+05:30,transfer,Payment observed,Review payment evidence,TX-100196
EV-TX-100198,EXT-10005,2026-09-20T12:00:00+05:30,transfer,Payment observed,Review payment evidence,TX-100198
EV-TX-100207,EXT-10005,2026-10-10T12:00:00+05:30,transfer,Payment observed,Review payment evidence,TX-100207
EV-TX-100209,EXT-10005,2026-10-20T12:00:00+05:30,transfer,Payment observed,Review payment evidence,TX-100209
EV-TX-100213,EXT-10005,2026-10-26T12:00:00+05:30,transfer,Payment observed,Review payment evidence,TX-100213
EV-TX-100220,EXT-10006,2026-08-05T12:00:00+05:30,transfer,Payment observed,Review payment evidence,TX-100220
EV-TX-100223,EXT-10006,2026-08-17T12:00:00+05:30,transfer,Payment observed,Review payment evidence,TX-100223
EV-TX-100224,EXT-10006,2026-08-19T12:00:00+05:30,transfer,Payment observed,Review payment evidence,TX-100224
EV-TX-100226,EXT-10006,2026-08-24T12:00:00+05:30,transfer,Payment observed,Review payment evidence,TX-100226
EV-TX-100231,EXT-10006,2026-09-05T12:00:00+05:30,transfer,Payment observed,Review payment evidence,TX-100231
EV-TX-100234,EXT-10006,2026-09-17T12:00:00+05:30,transfer,Payment observed,Review payment evidence,TX-100234
EV-TX-100235,EXT-10006,2026-09-17T17:35:00+05:30,transfer,Payment observed,Review payment evidence,TX-100235
EV-TX-100236,EXT-10006,2026-09-19T12:00:00+05:30,transfer,Payment observed,Review payment evidence,TX-100236
EV-TX-100238,EXT-10006,2026-09-24T12:00:00+05:30,transfer,Payment observed,Review payment evidence,TX-100238
EV-TX-100243,EXT-10006,2026-10-05T12:00:00+05:30,transfer,Payment observed,Review payment evidence,TX-100243
EV-TX-100255,EXT-10006,2026-11-05T12:00:00+05:30,transfer,Payment observed,Review payment evidence,TX-100255
EV-TX-100258,EXT-10007,2026-08-05T12:00:00+05:30,transfer,Payment observed,Review payment evidence,TX-100258
EV-TX-100261,EXT-10007,2026-08-17T12:00:00+05:30,transfer,Payment observed,Review payment evidence,TX-100261
EV-TX-100269,EXT-10007,2026-09-05T12:00:00+05:30,transfer,Payment observed,Review payment evidence,TX-100269
EV-TX-100293,EXT-10008,2026-08-07T12:00:00+05:30,transfer,Payment observed,Review payment evidence,TX-100293
EV-TX-100296,EXT-10008,2026-08-16T12:00:00+05:30,transfer,Payment observed,Review payment evidence,TX-100296
EV-TX-100302,EXT-10008,2026-09-07T12:00:00+05:30,transfer,Payment observed,Review payment evidence,TX-100302
EV-TX-100304,EXT-10008,2026-09-11T17:37:00+05:30,transfer,Payment observed,Review payment evidence,TX-100304
EV-TX-100305,EXT-10008,2026-09-11T17:47:00+05:30,transfer,Payment observed,Review payment evidence,TX-100305
EV-TX-100306,EXT-10008,2026-09-11T17:51:00+05:30,transfer,Payment observed,Review payment evidence,TX-100306
EV-TX-100308,EXT-10008,2026-09-16T12:00:00+05:30,transfer,Payment observed,Review payment evidence,TX-100308
EV-TX-100314,EXT-10008,2026-10-07T12:00:00+05:30,transfer,Payment observed,Review payment evidence,TX-100314
EV-TX-100330,EXT-10009,2026-08-13T12:00:00+05:30,transfer,Payment observed,Review payment evidence,TX-100330
EV-TX-100333,EXT-10009,2026-08-21T12:00:00+05:30,transfer,Payment observed,Review payment evidence,TX-100333
EV-TX-100339,EXT-10009,2026-09-13T12:00:00+05:30,transfer,Payment observed,Review payment evidence,TX-100339
EV-TX-100340,EXT-10009,2026-09-13T13:31:00+05:30,transfer,Payment observed,Review payment evidence,TX-100340
EV-TX-100341,EXT-10009,2026-09-13T13:37:00+05:30,transfer,Payment observed,Review payment evidence,TX-100341
EV-TX-100343,EXT-10009,2026-09-20T14:00:00+05:30,transfer,Payment observed,Review payment evidence,TX-100343
EV-TX-100344,EXT-10009,2026-09-20T14:03:00+05:30,transfer,Payment observed,Review payment evidence,TX-100344
EV-TX-100345,EXT-10009,2026-09-20T14:06:00+05:30,transfer,Payment observed,Review payment evidence,TX-100345
EV-TX-100346,EXT-10009,2026-09-20T14:14:00+05:30,transfer,Payment observed,Review payment evidence,TX-100346
EV-TX-100348,EXT-10009,2026-09-21T12:00:00+05:30,transfer,Payment observed,Review payment evidence,TX-100348
EV-TX-100354,EXT-10009,2026-10-13T12:00:00+05:30,transfer,Payment observed,Review payment evidence,TX-100354
EV-TX-100357,EXT-10009,2026-10-21T12:00:00+05:30,transfer,Payment observed,Review payment evidence,TX-100357
EV-TX-100365,EXT-10010,2026-08-03T12:00:00+05:30,transfer,Payment observed,Review payment evidence,TX-100365
EV-TX-100367,EXT-10010,2026-08-09T12:00:00+05:30,transfer,Payment observed,Review payment evidence,TX-100367
EV-TX-100368,EXT-10010,2026-08-10T12:00:00+05:30,transfer,Payment observed,Review payment evidence,TX-100368
EV-TX-100370,EXT-10010,2026-08-17T12:00:00+05:30,transfer,Payment observed,Review payment evidence,TX-100370
EV-TX-100375,EXT-10010,2026-09-03T12:00:00+05:30,transfer,Payment observed,Review payment evidence,TX-100375
EV-TX-100377,EXT-10010,2026-09-09T12:00:00+05:30,transfer,Payment observed,Review payment evidence,TX-100377
EV-TX-100378,EXT-10010,2026-09-10T12:00:00+05:30,transfer,Payment observed,Review payment evidence,TX-100378
EV-TX-100379,EXT-10010,2026-09-11T14:00:00+05:30,transfer,Payment observed,Review payment evidence,TX-100379
EV-TX-100380,EXT-10010,2026-09-11T14:03:00+05:30,transfer,Payment observed,Review payment evidence,TX-100380
EV-TX-100381,EXT-10010,2026-09-11T14:06:00+05:30,transfer,Payment observed,Review payment evidence,TX-100381
EV-TX-100382,EXT-10010,2026-09-11T14:14:00+05:30,transfer,Payment observed,Review payment evidence,TX-100382
EV-TX-100383,EXT-10010,2026-09-13T15:03:00+05:30,transfer,Payment observed,Review payment evidence,TX-100383
EV-TX-100384,EXT-10010,2026-09-13T15:09:00+05:30,transfer,Payment observed,Review payment evidence,TX-100384
EV-TX-100386,EXT-10010,2026-09-17T12:00:00+05:30,transfer,Payment observed,Review payment evidence,TX-100386
EV-TX-100391,EXT-10010,2026-10-03T12:00:00+05:30,transfer,Payment observed,Review payment evidence,TX-100391
EV-TX-100393,EXT-10010,2026-10-09T12:00:00+05:30,transfer,Payment observed,Review payment evidence,TX-100393
EV-TX-100394,EXT-10010,2026-10-10T12:00:00+05:30,transfer,Payment observed,Review payment evidence,TX-100394
EV-TX-100396,EXT-10010,2026-10-17T12:00:00+05:30,transfer,Payment observed,Review payment evidence,TX-100396
EV-TX-100401,EXT-10010,2026-11-03T12:00:00+05:30,transfer,Payment observed,Review payment evidence,TX-100401
EV-TX-100404,EXT-10011,2026-08-09T12:00:00+05:30,transfer,Payment observed,Review payment evidence,TX-100404
EV-TX-100407,EXT-10011,2026-08-22T12:00:00+05:30,transfer,Payment observed,Review payment evidence,TX-100407
EV-TX-100408,EXT-10011,2026-08-24T12:00:00+05:30,transfer,Payment observed,Review payment evidence,TX-100408
EV-TX-100409,EXT-10011,2026-08-25T12:00:00+05:30,transfer,Payment observed,Review payment evidence,TX-100409
EV-TX-100416,EXT-10011,2026-09-09T12:00:00+05:30,transfer,Payment observed,Review payment evidence,TX-100416
EV-TX-100417,EXT-10011,2026-09-09T15:21:00+05:30,transfer,Payment observed,Review payment evidence,TX-100417
EV-TX-100418,EXT-10011,2026-09-09T15:27:00+05:30,transfer,Payment observed,Review payment evidence,TX-100418
EV-TX-100419,EXT-10011,2026-09-10T13:44:00+05:30,transfer,Payment observed,Review payment evidence,TX-100419
EV-TX-100420,EXT-10011,2026-09-10T13:47:00+05:30,transfer,Payment observed,Review payment evidence,TX-100420
EV-TX-100422,EXT-10011,2026-09-15T16:20:00+05:30,transfer,Payment observed,Review payment evidence,TX-100422
EV-TX-100423,EXT-10011,2026-09-15T16:27:00+05:30,transfer,Payment observed,Review payment evidence,TX-100423
EV-TX-100424,EXT-10011,2026-09-15T16:32:00+05:30,transfer,Payment observed,Review payment evidence,TX-100424
EV-TX-100426,EXT-10011,2026-09-22T12:00:00+05:30,transfer,Payment observed,Review payment evidence,TX-100426
EV-TX-100434,EXT-10011,2026-10-09T12:00:00+05:30,transfer,Payment observed,Review payment evidence,TX-100434
EV-TX-100437,EXT-10011,2026-10-22T12:00:00+05:30,transfer,Payment observed,Review payment evidence,TX-100437
EV-TX-100448,EXT-10012,2026-08-09T12:00:00+05:30,transfer,Payment observed,Review payment evidence,TX-100448
EV-TX-100450,EXT-10012,2026-08-16T12:00:00+05:30,transfer,Payment observed,Review payment evidence,TX-100450
EV-TX-100454,EXT-10012,2026-08-27T12:00:00+05:30,transfer,Payment observed,Review payment evidence,TX-100454
EV-TX-100458,EXT-10012,2026-09-09T12:00:00+05:30,transfer,Payment observed,Review payment evidence,TX-100458
EV-TX-100460,EXT-10012,2026-09-16T12:00:00+05:30,transfer,Payment observed,Review payment evidence,TX-100460
EV-TX-100461,EXT-10012,2026-09-19T15:55:00+05:30,transfer,Payment observed,Review payment evidence,TX-100461
EV-TX-100462,EXT-10012,2026-09-19T16:03:00+05:30,transfer,Payment observed,Review payment evidence,TX-100462
EV-TX-100463,EXT-10012,2026-09-19T16:07:00+05:30,transfer,Payment observed,Review payment evidence,TX-100463
EV-TX-100464,EXT-10012,2026-09-20T13:19:00+05:30,transfer,Payment observed,Review payment evidence,TX-100464
EV-TX-100465,EXT-10012,2026-09-20T13:28:00+05:30,transfer,Payment observed,Review payment evidence,TX-100465
EV-TX-100469,EXT-10012,2026-09-27T12:00:00+05:30,transfer,Payment observed,Review payment evidence,TX-100469
EV-TX-100473,EXT-10012,2026-10-09T12:00:00+05:30,transfer,Payment observed,Review payment evidence,TX-100473
EV-TX-100475,EXT-10012,2026-10-16T12:00:00+05:30,transfer,Payment observed,Review payment evidence,TX-100475
EV-TX-100479,EXT-10012,2026-10-27T12:00:00+05:30,transfer,Payment observed,Review payment evidence,TX-100479
EV-TX-100483,EXT-10013,2026-08-02T12:00:00+05:30,transfer,Payment observed,Review payment evidence,TX-100483
EV-TX-100486,EXT-10013,2026-08-06T12:00:00+05:30,transfer,Payment observed,Review payment evidence,TX-100486
EV-TX-100492,EXT-10013,2026-09-02T12:00:00+05:30,transfer,Payment observed,Review payment evidence,TX-100492
EV-TX-100495,EXT-10013,2026-09-06T12:00:00+05:30,transfer,Payment observed,Review payment evidence,TX-100495
EV-TX-100498,EXT-10013,2026-09-16T16:18:00+05:30,transfer,Payment observed,Review payment evidence,TX-100498
EV-TX-100499,EXT-10013,2026-09-16T16:21:00+05:30,transfer,Payment observed,Review payment evidence,TX-100499
EV-TX-100500,EXT-10013,2026-09-16T16:24:00+05:30,transfer,Payment observed,Review payment evidence,TX-100500
EV-TX-100501,EXT-10013,2026-09-20T13:50:00+05:30,transfer,Payment observed,Review payment evidence,TX-100501
EV-TX-100502,EXT-10013,2026-09-20T13:56:00+05:30,transfer,Payment observed,Review payment evidence,TX-100502
EV-TX-100504,EXT-10013,2026-09-23T10:00:00+05:30,transfer,Payment observed,Review payment evidence,TX-100504
EV-TX-100507,EXT-10013,2026-10-02T12:00:00+05:30,transfer,Payment observed,Review payment evidence,TX-100507
EV-TX-100510,EXT-10013,2026-10-06T12:00:00+05:30,transfer,Payment observed,Review payment evidence,TX-100510
EV-TX-100516,EXT-10013,2026-11-02T12:00:00+05:30,transfer,Payment observed,Review payment evidence,TX-100516
EV-TX-100523,EXT-10014,2026-08-13T12:00:00+05:30,transfer,Payment observed,Review payment evidence,TX-100523
EV-TX-100525,EXT-10014,2026-08-19T12:00:00+05:30,transfer,Payment observed,Review payment evidence,TX-100525
EV-TX-100532,EXT-10014,2026-09-13T12:00:00+05:30,transfer,Payment observed,Review payment evidence,TX-100532
EV-TX-100533,EXT-10014,2026-09-13T15:08:00+05:30,transfer,Payment observed,Review payment evidence,TX-100533
EV-TX-100534,EXT-10014,2026-09-13T15:12:00+05:30,transfer,Payment observed,Review payment evidence,TX-100534
EV-TX-100536,EXT-10014,2026-09-19T12:00:00+05:30,transfer,Payment observed,Review payment evidence,TX-100536
EV-TX-100544,EXT-10014,2026-10-13T12:00:00+05:30,transfer,Payment observed,Review payment evidence,TX-100544
EV-TX-100546,EXT-10014,2026-10-19T12:00:00+05:30,transfer,Payment observed,Review payment evidence,TX-100546
EV-TX-100556,EXT-10015,2026-08-10T12:00:00+05:30,transfer,Payment observed,Review payment evidence,TX-100556
EV-TX-100558,EXT-10015,2026-08-16T12:00:00+05:30,transfer,Payment observed,Review payment evidence,TX-100558
EV-TX-100565,EXT-10015,2026-09-10T12:00:00+05:30,transfer,Payment observed,Review payment evidence,TX-100565
EV-TX-100566,EXT-10015,2026-09-13T15:29:00+05:30,transfer,Payment observed,Review payment evidence,TX-100566
EV-TX-100567,EXT-10015,2026-09-13T15:38:00+05:30,transfer,Payment observed,Review payment evidence,TX-100567
EV-TX-100569,EXT-10015,2026-09-16T12:00:00+05:30,transfer,Payment observed,Review payment evidence,TX-100569
EV-TX-100576,EXT-10015,2026-10-10T12:00:00+05:30,transfer,Payment observed,Review payment evidence,TX-100576
EV-TX-100578,EXT-10015,2026-10-16T12:00:00+05:30,transfer,Payment observed,Review payment evidence,TX-100578
EV-TX-100588,EXT-10016,2026-08-10T12:00:00+05:30,transfer,Payment observed,Review payment evidence,TX-100588
EV-TX-100589,EXT-10016,2026-08-11T12:00:00+05:30,transfer,Payment observed,Review payment evidence,TX-100589
EV-TX-100590,EXT-10016,2026-08-13T12:00:00+05:30,transfer,Payment observed,Review payment evidence,TX-100590
EV-TX-100592,EXT-10016,2026-08-20T12:00:00+05:30,transfer,Payment observed,Review payment evidence,TX-100592
EV-TX-100599,EXT-10016,2026-09-10T12:00:00+05:30,transfer,Payment observed,Review payment evidence,TX-100599
EV-TX-100600,EXT-10016,2026-09-11T12:00:00+05:30,transfer,Payment observed,Review payment evidence,TX-100600
EV-TX-100601,EXT-10016,2026-09-13T12:00:00+05:30,transfer,Payment observed,Review payment evidence,TX-100601
EV-TX-100603,EXT-10016,2026-09-20T12:00:00+05:30,transfer,Payment observed,Review payment evidence,TX-100603
EV-TX-100610,EXT-10016,2026-10-10T12:00:00+05:30,transfer,Payment observed,Review payment evidence,TX-100610
EV-TX-100611,EXT-10016,2026-10-11T12:00:00+05:30,transfer,Payment observed,Review payment evidence,TX-100611
EV-TX-100612,EXT-10016,2026-10-13T12:00:00+05:30,transfer,Payment observed,Review payment evidence,TX-100612
EV-TX-100614,EXT-10016,2026-10-20T12:00:00+05:30,transfer,Payment observed,Review payment evidence,TX-100614
EV-TX-100622,EXT-10017,2026-08-02T12:00:00+05:30,transfer,Payment observed,Review payment evidence,TX-100622
EV-TX-100624,EXT-10017,2026-08-05T12:00:00+05:30,transfer,Payment observed,Review payment evidence,TX-100624
EV-TX-100625,EXT-10017,2026-08-07T12:00:00+05:30,transfer,Payment observed,Review payment evidence,TX-100625
EV-TX-100628,EXT-10017,2026-08-16T12:00:00+05:30,transfer,Payment observed,Review payment evidence,TX-100628
EV-TX-100633,EXT-10017,2026-09-02T12:00:00+05:30,transfer,Payment observed,Review payment evidence,TX-100633
EV-TX-100635,EXT-10017,2026-09-05T12:00:00+05:30,transfer,Payment observed,Review payment evidence,TX-100635
EV-TX-100636,EXT-10017,2026-09-07T12:00:00+05:30,transfer,Payment observed,Review payment evidence,TX-100636
EV-TX-100639,EXT-10017,2026-09-16T12:00:00+05:30,transfer,Payment observed,Review payment evidence,TX-100639
EV-TX-100640,EXT-10017,2026-09-20T14:29:00+05:30,transfer,Payment observed,Review payment evidence,TX-100640
EV-TX-100641,EXT-10017,2026-09-20T14:35:00+05:30,transfer,Payment observed,Review payment evidence,TX-100641
EV-TX-100647,EXT-10017,2026-10-02T12:00:00+05:30,transfer,Payment observed,Review payment evidence,TX-100647
EV-TX-100650,EXT-10017,2026-10-05T12:00:00+05:30,transfer,Payment observed,Review payment evidence,TX-100650
EV-TX-100651,EXT-10017,2026-10-07T12:00:00+05:30,transfer,Payment observed,Review payment evidence,TX-100651
EV-TX-100661,EXT-10017,2026-11-02T12:00:00+05:30,transfer,Payment observed,Review payment evidence,TX-100661
EV-TX-100663,EXT-10017,2026-11-05T12:00:00+05:30,transfer,Payment observed,Review payment evidence,TX-100663
EV-TX-100665,EXT-10018,2026-08-02T12:00:00+05:30,transfer,Payment observed,Review payment evidence,TX-100665
EV-TX-100672,EXT-10018,2026-08-25T12:00:00+05:30,transfer,Payment observed,Review payment evidence,TX-100672
EV-TX-100674,EXT-10018,2026-09-02T12:00:00+05:30,transfer,Payment observed,Review payment evidence,TX-100674
EV-TX-100679,EXT-10018,2026-09-16T15:26:00+05:30,transfer,Payment observed,Review payment evidence,TX-100679
EV-TX-100680,EXT-10018,2026-09-16T15:33:00+05:30,transfer,Payment observed,Review payment evidence,TX-100680
EV-TX-100683,EXT-10018,2026-09-25T12:00:00+05:30,transfer,Payment observed,Review payment evidence,TX-100683
EV-TX-100685,EXT-10018,2026-10-02T12:00:00+05:30,transfer,Payment observed,Review payment evidence,TX-100685
EV-TX-100693,EXT-10018,2026-10-25T12:00:00+05:30,transfer,Payment observed,Review payment evidence,TX-100693
EV-TX-100704,EXT-10019,2026-08-13T12:00:00+05:30,transfer,Payment observed,Review payment evidence,TX-100704
EV-TX-100706,EXT-10019,2026-08-18T12:00:00+05:30,transfer,Payment observed,Review payment evidence,TX-100706
EV-TX-100707,EXT-10019,2026-08-19T12:00:00+05:30,transfer,Payment observed,Review payment evidence,TX-100707
EV-TX-100710,EXT-10019,2026-08-26T12:00:00+05:30,transfer,Payment observed,Review payment evidence,TX-100710
EV-TX-100714,EXT-10019,2026-09-13T12:00:00+05:30,transfer,Payment observed,Review payment evidence,TX-100714
EV-TX-100725,EXT-10019,2026-10-13T12:00:00+05:30,transfer,Payment observed,Review payment evidence,TX-100725
EV-TX-100738,EXT-10020,2026-08-03T12:00:00+05:30,transfer,Payment observed,Review payment evidence,TX-100738
EV-TX-100742,EXT-10020,2026-08-16T12:00:00+05:30,transfer,Payment observed,Review payment evidence,TX-100742
EV-TX-100743,EXT-10020,2026-08-17T12:00:00+05:30,transfer,Payment observed,Review payment evidence,TX-100743
EV-TX-100745,EXT-10020,2026-08-22T12:00:00+05:30,transfer,Payment observed,Review payment evidence,TX-100745
EV-TX-100748,EXT-10020,2026-09-03T12:00:00+05:30,transfer,Payment observed,Review payment evidence,TX-100748
EV-TX-100751,EXT-10020,2026-09-10T17:35:00+05:30,transfer,Payment observed,Review payment evidence,TX-100751
EV-TX-100753,EXT-10020,2026-09-16T12:00:00+05:30,transfer,Payment observed,Review payment evidence,TX-100753
EV-TX-100754,EXT-10020,2026-09-17T12:00:00+05:30,transfer,Payment observed,Review payment evidence,TX-100754
EV-TX-100756,EXT-10020,2026-09-22T12:00:00+05:30,transfer,Payment observed,Review payment evidence,TX-100756
EV-TX-100759,EXT-10020,2026-10-03T12:00:00+05:30,transfer,Payment observed,Review payment evidence,TX-100759
EV-TX-100763,EXT-10020,2026-10-16T12:00:00+05:30,transfer,Payment observed,Review payment evidence,TX-100763
EV-TX-100764,EXT-10020,2026-10-17T12:00:00+05:30,transfer,Payment observed,Review payment evidence,TX-100764
EV-TX-100773,EXT-10021,2026-08-05T12:00:00+05:30,transfer,Payment observed,Review payment evidence,TX-100773
EV-TX-100774,EXT-10021,2026-08-08T12:00:00+05:30,transfer,Payment observed,Review payment evidence,TX-100774
EV-TX-100786,EXT-10021,2026-09-05T12:00:00+05:30,transfer,Payment observed,Review payment evidence,TX-100786
EV-TX-100787,EXT-10021,2026-09-08T12:00:00+05:30,transfer,Payment observed,Review payment evidence,TX-100787
EV-TX-100788,EXT-10021,2026-09-08T14:00:00+05:30,transfer,Payment observed,Review payment evidence,TX-100788
EV-TX-100789,EXT-10021,2026-09-08T14:03:00+05:30,transfer,Payment observed,Review payment evidence,TX-100789
EV-TX-100790,EXT-10021,2026-09-08T14:06:00+05:30,transfer,Payment observed,Review payment evidence,TX-100790
EV-TX-100791,EXT-10021,2026-09-08T14:14:00+05:30,transfer,Payment observed,Review payment evidence,TX-100791
EV-TX-100801,EXT-10021,2026-10-05T12:00:00+05:30,transfer,Payment observed,Review payment evidence,TX-100801
EV-TX-100802,EXT-10021,2026-10-08T12:00:00+05:30,transfer,Payment observed,Review payment evidence,TX-100802
EV-TX-100814,EXT-10021,2026-11-05T12:00:00+05:30,transfer,Payment observed,Review payment evidence,TX-100814
EV-TX-100818,EXT-10022,2026-08-04T12:00:00+05:30,transfer,Payment observed,Review payment evidence,TX-100818
EV-TX-100819,EXT-10022,2026-08-08T12:00:00+05:30,transfer,Payment observed,Review payment evidence,TX-100819
EV-TX-100821,EXT-10022,2026-08-12T12:00:00+05:30,transfer,Payment observed,Review payment evidence,TX-100821
EV-TX-100823,EXT-10022,2026-08-16T12:00:00+05:30,transfer,Payment observed,Review payment evidence,TX-100823
EV-TX-100831,EXT-10022,2026-09-04T12:00:00+05:30,transfer,Payment observed,Review payment evidence,TX-100831
EV-TX-100832,EXT-10022,2026-09-08T12:00:00+05:30,transfer,Payment observed,Review payment evidence,TX-100832
EV-TX-100834,EXT-10022,2026-09-09T14:00:00+05:30,transfer,Payment observed,Review payment evidence,TX-100834
EV-TX-100835,EXT-10022,2026-09-09T14:03:00+05:30,transfer,Payment observed,Review payment evidence,TX-100835
EV-TX-100836,EXT-10022,2026-09-09T14:06:00+05:30,transfer,Payment observed,Review payment evidence,TX-100836
EV-TX-100837,EXT-10022,2026-09-09T14:14:00+05:30,transfer,Payment observed,Review payment evidence,TX-100837
EV-TX-100838,EXT-10022,2026-09-12T12:00:00+05:30,transfer,Payment observed,Review payment evidence,TX-100838
EV-TX-100840,EXT-10022,2026-09-16T12:00:00+05:30,transfer,Payment observed,Review payment evidence,TX-100840
EV-TX-100846,EXT-10022,2026-10-04T12:00:00+05:30,transfer,Payment observed,Review payment evidence,TX-100846
EV-TX-100847,EXT-10022,2026-10-08T12:00:00+05:30,transfer,Payment observed,Review payment evidence,TX-100847
EV-TX-100849,EXT-10022,2026-10-12T12:00:00+05:30,transfer,Payment observed,Review payment evidence,TX-100849
EV-TX-100851,EXT-10022,2026-10-16T12:00:00+05:30,transfer,Payment observed,Review payment evidence,TX-100851
EV-TX-100858,EXT-10022,2026-11-04T12:00:00+05:30,transfer,Payment observed,Review payment evidence,TX-100858
EV-TX-100863,EXT-10023,2026-08-10T12:00:00+05:30,transfer,Payment observed,Review payment evidence,TX-100863
EV-TX-100865,EXT-10023,2026-08-20T12:00:00+05:30,transfer,Payment observed,Review payment evidence,TX-100865
EV-TX-100872,EXT-10023,2026-09-10T12:00:00+05:30,transfer,Payment observed,Review payment evidence,TX-100872
EV-TX-100874,EXT-10023,2026-09-16T17:29:00+05:30,transfer,Payment observed,Review payment evidence,TX-100874
EV-TX-100875,EXT-10023,2026-09-17T13:06:00+05:30,transfer,Payment observed,Review payment evidence,TX-100875
EV-TX-100876,EXT-10023,2026-09-17T13:12:00+05:30,transfer,Payment observed,Review payment evidence,TX-100876
EV-TX-100877,EXT-10023,2026-09-20T12:00:00+05:30,transfer,Payment observed,Review payment evidence,TX-100877
EV-TX-100879,EXT-10023,2026-09-22T16:13:00+05:30,transfer,Payment observed,Review payment evidence,TX-100879
EV-TX-100880,EXT-10023,2026-09-22T16:21:00+05:30,transfer,Payment observed,Review payment evidence,TX-100880
EV-TX-100886,EXT-10023,2026-10-10T12:00:00+05:30,transfer,Payment observed,Review payment evidence,TX-100886
EV-TX-100888,EXT-10023,2026-10-20T12:00:00+05:30,transfer,Payment observed,Review payment evidence,TX-100888
EV-TX-100897,EXT-10024,2026-08-07T12:00:00+05:30,transfer,Payment observed,Review payment evidence,TX-100897
EV-TX-100899,EXT-10024,2026-08-12T12:00:00+05:30,transfer,Payment observed,Review payment evidence,TX-100899
EV-TX-100906,EXT-10024,2026-09-07T12:00:00+05:30,transfer,Payment observed,Review payment evidence,TX-100906
EV-TX-100908,EXT-10024,2026-09-12T12:00:00+05:30,transfer,Payment observed,Review payment evidence,TX-100908
EV-TX-100910,EXT-10024,2026-09-18T17:02:00+05:30,transfer,Payment observed,Review payment evidence,TX-100910
EV-TX-100911,EXT-10024,2026-09-18T17:06:00+05:30,transfer,Payment observed,Review payment evidence,TX-100911
EV-TX-100917,EXT-10024,2026-10-07T12:00:00+05:30,transfer,Payment observed,Review payment evidence,TX-100917
EV-TX-100919,EXT-10024,2026-10-12T12:00:00+05:30,transfer,Payment observed,Review payment evidence,TX-100919
EV-TX-100930,EXT-10025,2026-08-04T12:00:00+05:30,transfer,Payment observed,Review payment evidence,TX-100930
EV-TX-100933,EXT-10025,2026-08-18T12:00:00+05:30,transfer,Payment observed,Review payment evidence,TX-100933
EV-TX-100935,EXT-10025,2026-08-21T12:00:00+05:30,transfer,Payment observed,Review payment evidence,TX-100935
EV-TX-100936,EXT-10025,2026-08-23T12:00:00+05:30,transfer,Payment observed,Review payment evidence,TX-100936
EV-TX-100941,EXT-10025,2026-09-04T12:00:00+05:30,transfer,Payment observed,Review payment evidence,TX-100941
EV-TX-100943,EXT-10025,2026-09-11T15:54:00+05:30,transfer,Payment observed,Review payment evidence,TX-100943
EV-TX-100944,EXT-10025,2026-09-11T15:59:00+05:30,transfer,Payment observed,Review payment evidence,TX-100944
EV-TX-100945,EXT-10025,2026-09-14T10:00:00+05:30,transfer,Payment observed,Review payment evidence,TX-100945
EV-TX-100947,EXT-10025,2026-09-18T12:00:00+05:30,transfer,Payment observed,Review payment evidence,TX-100947
EV-TX-100949,EXT-10025,2026-09-21T12:00:00+05:30,transfer,Payment observed,Review payment evidence,TX-100949
EV-TX-100950,EXT-10025,2026-09-23T12:00:00+05:30,transfer,Payment observed,Review payment evidence,TX-100950
EV-TX-100955,EXT-10025,2026-10-04T12:00:00+05:30,transfer,Payment observed,Review payment evidence,TX-100955
EV-TX-100958,EXT-10025,2026-10-18T12:00:00+05:30,transfer,Payment observed,Review payment evidence,TX-100958
EV-TX-100960,EXT-10025,2026-10-21T12:00:00+05:30,transfer,Payment observed,Review payment evidence,TX-100960
EV-TX-100961,EXT-10025,2026-10-23T12:00:00+05:30,transfer,Payment observed,Review payment evidence,TX-100961
EV-TX-100966,EXT-10025,2026-11-04T12:00:00+05:30,transfer,Payment observed,Review payment evidence,TX-100966
EV-TX-100969,EXT-10026,2026-08-06T12:00:00+05:30,transfer,Payment observed,Review payment evidence,TX-100969
EV-TX-100972,EXT-10026,2026-08-16T12:00:00+05:30,transfer,Payment observed,Review payment evidence,TX-100972
EV-TX-100975,EXT-10026,2026-08-24T12:00:00+05:30,transfer,Payment observed,Review payment evidence,TX-100975
EV-TX-100979,EXT-10026,2026-09-06T12:00:00+05:30,transfer,Payment observed,Review payment evidence,TX-100979
EV-TX-100982,EXT-10026,2026-09-16T12:00:00+05:30,transfer,Payment observed,Review payment evidence,TX-100982
EV-TX-100983,EXT-10026,2026-09-19T13:18:00+05:30,transfer,Payment observed,Review payment evidence,TX-100983
EV-TX-100986,EXT-10026,2026-09-24T12:00:00+05:30,transfer,Payment observed,Review payment evidence,TX-100986
EV-TX-100991,EXT-10026,2026-10-06T12:00:00+05:30,transfer,Payment observed,Review payment evidence,TX-100991
EV-TX-100994,EXT-10026,2026-10-16T12:00:00+05:30,transfer,Payment observed,Review payment evidence,TX-100994
EV-TX-100997,EXT-10026,2026-10-24T12:00:00+05:30,transfer,Payment observed,Review payment evidence,TX-100997
EV-TX-101004,EXT-10027,2026-08-03T12:00:00+05:30,transfer,Payment observed,Review payment evidence,TX-101004
EV-TX-101007,EXT-10027,2026-08-20T12:00:00+05:30,transfer,Payment observed,Review payment evidence,TX-101007
EV-TX-101009,EXT-10027,2026-08-22T12:00:00+05:30,transfer,Payment observed,Review payment evidence,TX-101009
EV-TX-101014,EXT-10027,2026-09-03T12:00:00+05:30,transfer,Payment observed,Review payment evidence,TX-101014
EV-TX-101015,EXT-10027,2026-09-08T14:08:00+05:30,transfer,Payment observed,Review payment evidence,TX-101015
EV-TX-101016,EXT-10027,2026-09-08T14:16:00+05:30,transfer,Payment observed,Review payment evidence,TX-101016
EV-TX-101019,EXT-10027,2026-09-15T14:56:00+05:30,transfer,Payment observed,Review payment evidence,TX-101019
EV-TX-101020,EXT-10027,2026-09-20T12:00:00+05:30,transfer,Payment observed,Review payment evidence,TX-101020
EV-TX-101022,EXT-10027,2026-09-22T12:00:00+05:30,transfer,Payment observed,Review payment evidence,TX-101022
EV-TX-101027,EXT-10027,2026-10-03T12:00:00+05:30,transfer,Payment observed,Review payment evidence,TX-101027
EV-TX-101031,EXT-10027,2026-10-20T12:00:00+05:30,transfer,Payment observed,Review payment evidence,TX-101031
EV-TX-101033,EXT-10027,2026-10-22T12:00:00+05:30,transfer,Payment observed,Review payment evidence,TX-101033
EV-TX-101039,EXT-10027,2026-11-03T12:00:00+05:30,transfer,Payment observed,Review payment evidence,TX-101039
EV-TX-101042,EXT-10028,2026-08-05T12:00:00+05:30,transfer,Payment observed,Review payment evidence,TX-101042
EV-TX-101045,EXT-10028,2026-08-20T12:00:00+05:30,transfer,Payment observed,Review payment evidence,TX-101045
EV-TX-101052,EXT-10028,2026-09-05T12:00:00+05:30,transfer,Payment observed,Review payment evidence,TX-101052
EV-TX-101054,EXT-10028,2026-09-13T14:09:00+05:30,transfer,Payment observed,Review payment evidence,TX-101054
EV-TX-101055,EXT-10028,2026-09-13T14:12:00+05:30,transfer,Payment observed,Review payment evidence,TX-101055
EV-TX-101065,EXT-10028,2026-10-05T12:00:00+05:30,transfer,Payment observed,Review payment evidence,TX-101065
EV-TX-101068,EXT-10028,2026-10-20T12:00:00+05:30,transfer,Payment observed,Review payment evidence,TX-101068
EV-TX-101076,EXT-10028,2026-11-05T12:00:00+05:30,transfer,Payment observed,Review payment evidence,TX-101076
EV-TX-101080,EXT-10029,2026-08-03T12:00:00+05:30,transfer,Payment observed,Review payment evidence,TX-101080
EV-TX-101082,EXT-10029,2026-08-10T12:00:00+05:30,transfer,Payment observed,Review payment evidence,TX-101082
EV-TX-101085,EXT-10029,2026-08-25T12:00:00+05:30,transfer,Payment observed,Review payment evidence,TX-101085
EV-TX-101087,EXT-10029,2026-08-28T12:00:00+05:30,transfer,Payment observed,Review payment evidence,TX-101087
EV-TX-101091,EXT-10029,2026-09-03T12:00:00+05:30,transfer,Payment observed,Review payment evidence,TX-101091
EV-TX-101093,EXT-10029,2026-09-10T12:00:00+05:30,transfer,Payment observed,Review payment evidence,TX-101093
EV-TX-101096,EXT-10029,2026-09-25T12:00:00+05:30,transfer,Payment observed,Review payment evidence,TX-101096
EV-TX-101098,EXT-10029,2026-09-28T12:00:00+05:30,transfer,Payment observed,Review payment evidence,TX-101098
EV-TX-101102,EXT-10029,2026-10-03T12:00:00+05:30,transfer,Payment observed,Review payment evidence,TX-101102
EV-TX-101104,EXT-10029,2026-10-10T12:00:00+05:30,transfer,Payment observed,Review payment evidence,TX-101104
EV-TX-101107,EXT-10029,2026-10-25T12:00:00+05:30,transfer,Payment observed,Review payment evidence,TX-101107
EV-TX-101109,EXT-10029,2026-10-28T12:00:00+05:30,transfer,Payment observed,Review payment evidence,TX-101109
EV-TX-101113,EXT-10029,2026-11-03T12:00:00+05:30,transfer,Payment observed,Review payment evidence,TX-101113
EV-TX-101116,EXT-10030,2026-08-04T12:00:00+05:30,transfer,Payment observed,Review payment evidence,TX-101116
EV-TX-101117,EXT-10030,2026-08-05T12:00:00+05:30,transfer,Payment observed,Review payment evidence,TX-101117
EV-TX-101121,EXT-10030,2026-08-25T12:00:00+05:30,transfer,Payment observed,Review payment evidence,TX-101121
EV-TX-101125,EXT-10030,2026-09-04T12:00:00+05:30,transfer,Payment observed,Review payment evidence,TX-101125
EV-TX-101126,EXT-10030,2026-09-05T12:00:00+05:30,transfer,Payment observed,Review payment evidence,TX-101126
EV-TX-101127,EXT-10030,2026-09-08T14:06:00+05:30,transfer,Payment observed,Review payment evidence,TX-101127
EV-TX-101128,EXT-10030,2026-09-08T14:12:00+05:30,transfer,Payment observed,Review payment evidence,TX-101128
EV-TX-101129,EXT-10030,2026-09-08T14:24:00+05:30,transfer,Payment observed,Review payment evidence,TX-101129
EV-TX-101138,EXT-10030,2026-10-04T12:00:00+05:30,transfer,Payment observed,Review payment evidence,TX-101138
EV-TX-101149,EXT-10030,2026-11-04T12:00:00+05:30,transfer,Payment observed,Review payment evidence,TX-101149
EV-TX-101150,EXT-10030,2026-11-05T12:00:00+05:30,transfer,Payment observed,Review payment evidence,TX-101150
EV-TX-101155,EXT-10031,2026-08-22T12:00:00+05:30,transfer,Payment observed,Review payment evidence,TX-101155
EV-TX-101160,EXT-10031,2026-08-26T12:00:00+05:30,transfer,Payment observed,Review payment evidence,TX-101160
EV-TX-101167,EXT-10031,2026-09-22T12:00:00+05:30,transfer,Payment observed,Review payment evidence,TX-101167
EV-TX-101171,EXT-10031,2026-09-26T12:00:00+05:30,transfer,Payment observed,Review payment evidence,TX-101171
EV-TX-101190,EXT-10032,2026-08-12T12:00:00+05:30,transfer,Payment observed,Review payment evidence,TX-101190
EV-TX-101192,EXT-10032,2026-08-15T12:00:00+05:30,transfer,Payment observed,Review payment evidence,TX-101192
EV-TX-101193,EXT-10032,2026-08-17T12:00:00+05:30,transfer,Payment observed,Review payment evidence,TX-101193
EV-TX-101201,EXT-10032,2026-09-11T15:22:00+05:30,transfer,Payment observed,Review payment evidence,TX-101201
EV-TX-101202,EXT-10032,2026-09-11T15:26:00+05:30,transfer,Payment observed,Review payment evidence,TX-101202
EV-TX-101203,EXT-10032,2026-09-11T15:40:00+05:30,transfer,Payment observed,Review payment evidence,TX-101203
EV-TX-101204,EXT-10032,2026-09-12T12:00:00+05:30,transfer,Payment observed,Review payment evidence,TX-101204
EV-TX-101206,EXT-10032,2026-09-15T12:00:00+05:30,transfer,Payment observed,Review payment evidence,TX-101206
EV-TX-101207,EXT-10032,2026-09-17T12:00:00+05:30,transfer,Payment observed,Review payment evidence,TX-101207
EV-TX-101216,EXT-10032,2026-10-12T12:00:00+05:30,transfer,Payment observed,Review payment evidence,TX-101216
EV-TX-101230,EXT-10033,2026-08-03T12:00:00+05:30,transfer,Payment observed,Review payment evidence,TX-101230
EV-TX-101232,EXT-10033,2026-08-11T12:00:00+05:30,transfer,Payment observed,Review payment evidence,TX-101232
EV-TX-101239,EXT-10033,2026-09-03T12:00:00+05:30,transfer,Payment observed,Review payment evidence,TX-101239
EV-TX-101241,EXT-10033,2026-09-10T14:00:00+05:30,transfer,Payment observed,Review payment evidence,TX-101241
EV-TX-101242,EXT-10033,2026-09-10T14:03:00+05:30,transfer,Payment observed,Review payment evidence,TX-101242
EV-TX-101243,EXT-10033,2026-09-10T14:06:00+05:30,transfer,Payment observed,Review payment evidence,TX-101243
EV-TX-101244,EXT-10033,2026-09-10T14:14:00+05:30,transfer,Payment observed,Review payment evidence,TX-101244
EV-TX-101245,EXT-10033,2026-09-11T12:00:00+05:30,transfer,Payment observed,Review payment evidence,TX-101245
EV-TX-101252,EXT-10033,2026-10-03T12:00:00+05:30,transfer,Payment observed,Review payment evidence,TX-101252
EV-TX-101254,EXT-10033,2026-10-11T12:00:00+05:30,transfer,Payment observed,Review payment evidence,TX-101254
EV-TX-101261,EXT-10033,2026-11-03T12:00:00+05:30,transfer,Payment observed,Review payment evidence,TX-101261
EV-TX-101265,EXT-10034,2026-08-05T12:00:00+05:30,transfer,Payment observed,Review payment evidence,TX-101265
EV-TX-101268,EXT-10034,2026-08-16T12:00:00+05:30,transfer,Payment observed,Review payment evidence,TX-101268
EV-TX-101269,EXT-10034,2026-08-19T12:00:00+05:30,transfer,Payment observed,Review payment evidence,TX-101269
EV-TX-101275,EXT-10034,2026-09-05T12:00:00+05:30,transfer,Payment observed,Review payment evidence,TX-101275
EV-TX-101277,EXT-10034,2026-09-13T14:00:00+05:30,transfer,Payment observed,Review payment evidence,TX-101277
EV-TX-101278,EXT-10034,2026-09-13T14:03:00+05:30,transfer,Payment observed,Review payment evidence,TX-101278
EV-TX-101279,EXT-10034,2026-09-13T14:06:00+05:30,transfer,Payment observed,Review payment evidence,TX-101279
EV-TX-101280,EXT-10034,2026-09-13T14:14:00+05:30,transfer,Payment observed,Review payment evidence,TX-101280
EV-TX-101282,EXT-10034,2026-09-16T12:00:00+05:30,transfer,Payment observed,Review payment evidence,TX-101282
EV-TX-101283,EXT-10034,2026-09-17T14:27:00+05:30,transfer,Payment observed,Review payment evidence,TX-101283
EV-TX-101284,EXT-10034,2026-09-17T14:36:00+05:30,transfer,Payment observed,Review payment evidence,TX-101284
EV-TX-101285,EXT-10034,2026-09-19T12:00:00+05:30,transfer,Payment observed,Review payment evidence,TX-101285
EV-TX-101291,EXT-10034,2026-10-05T12:00:00+05:30,transfer,Payment observed,Review payment evidence,TX-101291
EV-TX-101294,EXT-10034,2026-10-16T12:00:00+05:30,transfer,Payment observed,Review payment evidence,TX-101294
EV-TX-101295,EXT-10034,2026-10-19T12:00:00+05:30,transfer,Payment observed,Review payment evidence,TX-101295
EV-TX-101301,EXT-10034,2026-11-05T12:00:00+05:30,transfer,Payment observed,Review payment evidence,TX-101301
EV-TX-101303,EXT-10035,2026-08-02T12:00:00+05:30,transfer,Payment observed,Review payment evidence,TX-101303
EV-TX-101306,EXT-10035,2026-08-12T12:00:00+05:30,transfer,Payment observed,Review payment evidence,TX-101306
EV-TX-101307,EXT-10035,2026-08-14T12:00:00+05:30,transfer,Payment observed,Review payment evidence,TX-101307
EV-TX-101310,EXT-10035,2026-08-25T12:00:00+05:30,transfer,Payment observed,Review payment evidence,TX-101310
EV-TX-101315,EXT-10035,2026-09-02T12:00:00+05:30,transfer,Payment observed,Review payment evidence,TX-101315
EV-TX-101318,EXT-10035,2026-09-10T13:42:00+05:30,transfer,Payment observed,Review payment evidence,TX-101318
EV-TX-101319,EXT-10035,2026-09-10T13:49:00+05:30,transfer,Payment observed,Review payment evidence,TX-101319
EV-TX-101320,EXT-10035,2026-09-10T14:00:00+05:30,transfer,Payment observed,Review payment evidence,TX-101320
EV-TX-101321,EXT-10035,2026-09-12T12:00:00+05:30,transfer,Payment observed,Review payment evidence,TX-101321
EV-TX-101322,EXT-10035,2026-09-14T12:00:00+05:30,transfer,Payment observed,Review payment evidence,TX-101322
EV-TX-101323,EXT-10035,2026-09-14T16:35:00+05:30,transfer,Payment observed,Review payment evidence,TX-101323
EV-TX-101324,EXT-10035,2026-09-14T16:40:00+05:30,transfer,Payment observed,Review payment evidence,TX-101324
EV-TX-101333,EXT-10035,2026-10-02T12:00:00+05:30,transfer,Payment observed,Review payment evidence,TX-101333
EV-TX-101336,EXT-10035,2026-10-12T12:00:00+05:30,transfer,Payment observed,Review payment evidence,TX-101336
EV-TX-101337,EXT-10035,2026-10-14T12:00:00+05:30,transfer,Payment observed,Review payment evidence,TX-101337
EV-TX-101346,EXT-10035,2026-11-02T12:00:00+05:30,transfer,Payment observed,Review payment evidence,TX-101346
EV-TX-101352,EXT-10036,2026-08-10T12:00:00+05:30,transfer,Payment observed,Review payment evidence,TX-101352
EV-TX-101353,EXT-10036,2026-08-13T12:00:00+05:30,transfer,Payment observed,Review payment evidence,TX-101353
EV-TX-101357,EXT-10036,2026-08-25T12:00:00+05:30,transfer,Payment observed,Review payment evidence,TX-101357
EV-TX-101362,EXT-10036,2026-09-10T12:00:00+05:30,transfer,Payment observed,Review payment evidence,TX-101362
EV-TX-101363,EXT-10036,2026-09-12T14:55:00+05:30,transfer,Payment observed,Review payment evidence,TX-101363
EV-TX-101364,EXT-10036,2026-09-12T15:00:00+05:30,transfer,Payment observed,Review payment evidence,TX-101364
EV-TX-101365,EXT-10036,2026-09-13T12:00:00+05:30,transfer,Payment observed,Review payment evidence,TX-101365
EV-TX-101369,EXT-10036,2026-09-25T12:00:00+05:30,transfer,Payment observed,Review payment evidence,TX-101369
EV-TX-101374,EXT-10036,2026-10-10T12:00:00+05:30,transfer,Payment observed,Review payment evidence,TX-101374
EV-TX-101375,EXT-10036,2026-10-13T12:00:00+05:30,transfer,Payment observed,Review payment evidence,TX-101375
EV-TX-101379,EXT-10036,2026-10-25T12:00:00+05:30,transfer,Payment observed,Review payment evidence,TX-101379
EV-TX-101385,EXT-10037,2026-08-05T12:00:00+05:30,transfer,Payment observed,Review payment evidence,TX-101385
EV-TX-101387,EXT-10037,2026-08-09T12:00:00+05:30,transfer,Payment observed,Review payment evidence,TX-101387
EV-TX-101389,EXT-10037,2026-08-17T12:00:00+05:30,transfer,Payment observed,Review payment evidence,TX-101389
EV-TX-101391,EXT-10037,2026-08-22T12:00:00+05:30,transfer,Payment observed,Review payment evidence,TX-101391
EV-TX-101397,EXT-10037,2026-09-05T12:00:00+05:30,transfer,Payment observed,Review payment evidence,TX-101397
EV-TX-101399,EXT-10037,2026-09-09T12:00:00+05:30,transfer,Payment observed,Review payment evidence,TX-101399
EV-TX-101400,EXT-10037,2026-09-09T16:02:00+05:30,transfer,Payment observed,Review payment evidence,TX-101400
EV-TX-101401,EXT-10037,2026-09-09T16:06:00+05:30,transfer,Payment observed,Review payment evidence,TX-101401
EV-TX-101403,EXT-10037,2026-09-17T12:00:00+05:30,transfer,Payment observed,Review payment evidence,TX-101403
EV-TX-101404,EXT-10037,2026-09-19T15:12:00+05:30,transfer,Payment observed,Review payment evidence,TX-101404
EV-TX-101405,EXT-10037,2026-09-19T15:16:00+05:30,transfer,Payment observed,Review payment evidence,TX-101405
EV-TX-101408,EXT-10037,2026-09-22T10:00:00+05:30,transfer,Payment observed,Review payment evidence,TX-101408
EV-TX-101414,EXT-10037,2026-10-05T12:00:00+05:30,transfer,Payment observed,Review payment evidence,TX-101414
EV-TX-101416,EXT-10037,2026-10-09T12:00:00+05:30,transfer,Payment observed,Review payment evidence,TX-101416
EV-TX-101418,EXT-10037,2026-10-17T12:00:00+05:30,transfer,Payment observed,Review payment evidence,TX-101418
EV-TX-101426,EXT-10037,2026-11-05T12:00:00+05:30,transfer,Payment observed,Review payment evidence,TX-101426
EV-TX-101433,EXT-10038,2026-08-23T12:00:00+05:30,transfer,Payment observed,Review payment evidence,TX-101433
EV-TX-101434,EXT-10038,2026-08-24T12:00:00+05:30,transfer,Payment observed,Review payment evidence,TX-101434
EV-TX-101441,EXT-10038,2026-09-15T17:42:00+05:30,transfer,Payment observed,Review payment evidence,TX-101441
EV-TX-101443,EXT-10038,2026-09-23T12:00:00+05:30,transfer,Payment observed,Review payment evidence,TX-101443
EV-TX-101444,EXT-10038,2026-09-24T12:00:00+05:30,transfer,Payment observed,Review payment evidence,TX-101444
EV-TX-101453,EXT-10038,2026-10-23T12:00:00+05:30,transfer,Payment observed,Review payment evidence,TX-101453
EV-TX-101454,EXT-10038,2026-10-24T12:00:00+05:30,transfer,Payment observed,Review payment evidence,TX-101454
EV-TX-101464,EXT-10039,2026-08-18T12:00:00+05:30,transfer,Payment observed,Review payment evidence,TX-101464
EV-TX-101465,EXT-10039,2026-08-20T12:00:00+05:30,transfer,Payment observed,Review payment evidence,TX-101465
EV-TX-101467,EXT-10039,2026-08-23T12:00:00+05:30,transfer,Payment observed,Review payment evidence,TX-101467
EV-TX-101473,EXT-10039,2026-09-10T15:04:00+05:30,transfer,Payment observed,Review payment evidence,TX-101473
EV-TX-101474,EXT-10039,2026-09-10T15:09:00+05:30,transfer,Payment observed,Review payment evidence,TX-101474
EV-TX-101476,EXT-10039,2026-09-18T12:00:00+05:30,transfer,Payment observed,Review payment evidence,TX-101476
EV-TX-101477,EXT-10039,2026-09-19T14:43:00+05:30,transfer,Payment observed,Review payment evidence,TX-101477
EV-TX-101478,EXT-10039,2026-09-19T14:46:00+05:30,transfer,Payment observed,Review payment evidence,TX-101478
EV-TX-101479,EXT-10039,2026-09-19T14:49:00+05:30,transfer,Payment observed,Review payment evidence,TX-101479
EV-TX-101480,EXT-10039,2026-09-20T12:00:00+05:30,transfer,Payment observed,Review payment evidence,TX-101480
EV-TX-101482,EXT-10039,2026-09-23T12:00:00+05:30,transfer,Payment observed,Review payment evidence,TX-101482
EV-TX-101489,EXT-10039,2026-10-18T12:00:00+05:30,transfer,Payment observed,Review payment evidence,TX-101489
EV-TX-101490,EXT-10039,2026-10-20T12:00:00+05:30,transfer,Payment observed,Review payment evidence,TX-101490
EV-TX-101492,EXT-10039,2026-10-23T12:00:00+05:30,transfer,Payment observed,Review payment evidence,TX-101492
EV-TX-101500,EXT-10040,2026-08-07T12:00:00+05:30,transfer,Payment observed,Review payment evidence,TX-101500
EV-TX-101502,EXT-10040,2026-08-13T12:00:00+05:30,transfer,Payment observed,Review payment evidence,TX-101502
EV-TX-101508,EXT-10040,2026-09-07T12:00:00+05:30,transfer,Payment observed,Review payment evidence,TX-101508
EV-TX-101510,EXT-10040,2026-09-13T12:00:00+05:30,transfer,Payment observed,Review payment evidence,TX-101510
EV-TX-101512,EXT-10040,2026-09-16T14:13:00+05:30,transfer,Payment observed,Review payment evidence,TX-101512
EV-TX-101513,EXT-10040,2026-09-16T14:21:00+05:30,transfer,Payment observed,Review payment evidence,TX-101513
EV-TX-101514,EXT-10040,2026-09-16T14:21:00+05:30,transfer,Payment observed,Review payment evidence,TX-101514
EV-TX-101519,EXT-10040,2026-10-07T12:00:00+05:30,transfer,Payment observed,Review payment evidence,TX-101519
EV-TX-101521,EXT-10040,2026-10-13T12:00:00+05:30,transfer,Payment observed,Review payment evidence,TX-101521
EV-TX-101528,EXT-10041,2026-08-04T12:00:00+05:30,transfer,Payment observed,Review payment evidence,TX-101528
EV-TX-101530,EXT-10041,2026-08-12T12:00:00+05:30,transfer,Payment observed,Review payment evidence,TX-101530
EV-TX-101533,EXT-10041,2026-08-22T12:00:00+05:30,transfer,Payment observed,Review payment evidence,TX-101533
EV-TX-101540,EXT-10041,2026-09-04T12:00:00+05:30,transfer,Payment observed,Review payment evidence,TX-101540
EV-TX-101542,EXT-10041,2026-09-12T12:00:00+05:30,transfer,Payment observed,Review payment evidence,TX-101542
EV-TX-101544,EXT-10041,2026-09-16T15:01:00+05:30,transfer,Payment observed,Review payment evidence,TX-101544
EV-TX-101545,EXT-10041,2026-09-16T15:05:00+05:30,transfer,Payment observed,Review payment evidence,TX-101545
EV-TX-101546,EXT-10041,2026-09-16T15:15:00+05:30,transfer,Payment observed,Review payment evidence,TX-101546
EV-TX-101548,EXT-10041,2026-09-22T12:00:00+05:30,transfer,Payment observed,Review payment evidence,TX-101548
EV-TX-101555,EXT-10041,2026-10-04T12:00:00+05:30,transfer,Payment observed,Review payment evidence,TX-101555
EV-TX-101557,EXT-10041,2026-10-12T12:00:00+05:30,transfer,Payment observed,Review payment evidence,TX-101557
EV-TX-101560,EXT-10041,2026-10-22T12:00:00+05:30,transfer,Payment observed,Review payment evidence,TX-101560
EV-TX-101567,EXT-10041,2026-11-04T12:00:00+05:30,transfer,Payment observed,Review payment evidence,TX-101567
EV-TX-101571,EXT-10042,2026-08-06T12:00:00+05:30,transfer,Payment observed,Review payment evidence,TX-101571
EV-TX-101573,EXT-10042,2026-08-12T12:00:00+05:30,transfer,Payment observed,Review payment evidence,TX-101573
EV-TX-101580,EXT-10042,2026-09-06T12:00:00+05:30,transfer,Payment observed,Review payment evidence,TX-101580
EV-TX-101582,EXT-10042,2026-09-12T12:00:00+05:30,transfer,Payment observed,Review payment evidence,TX-101582
EV-TX-101583,EXT-10042,2026-09-14T14:52:00+05:30,transfer,Payment observed,Review payment evidence,TX-101583
EV-TX-101584,EXT-10042,2026-09-14T14:59:00+05:30,transfer,Payment observed,Review payment evidence,TX-101584
EV-TX-101585,EXT-10042,2026-09-14T15:02:00+05:30,transfer,Payment observed,Review payment evidence,TX-101585
EV-TX-101586,EXT-10042,2026-09-14T13:41:00+05:30,transfer,Payment observed,Review payment evidence,TX-101586
EV-TX-101587,EXT-10042,2026-09-14T13:50:00+05:30,transfer,Payment observed,Review payment evidence,TX-101587
EV-TX-101597,EXT-10042,2026-10-06T12:00:00+05:30,transfer,Payment observed,Review payment evidence,TX-101597
EV-TX-101600,EXT-10042,2026-10-12T12:00:00+05:30,transfer,Payment observed,Review payment evidence,TX-101600
EV-TX-101614,EXT-10043,2026-08-05T12:00:00+05:30,transfer,Payment observed,Review payment evidence,TX-101614
EV-TX-101616,EXT-10043,2026-08-09T12:00:00+05:30,transfer,Payment observed,Review payment evidence,TX-101616
EV-TX-101624,EXT-10043,2026-09-05T12:00:00+05:30,transfer,Payment observed,Review payment evidence,TX-101624
EV-TX-101626,EXT-10043,2026-09-09T12:00:00+05:30,transfer,Payment observed,Review payment evidence,TX-101626
EV-TX-101648,EXT-10044,2026-08-23T12:00:00+05:30,transfer,Payment observed,Review payment evidence,TX-101648
EV-TX-101651,EXT-10044,2026-08-26T12:00:00+05:30,transfer,Payment observed,Review payment evidence,TX-101651
EV-TX-101655,EXT-10044,2026-09-13T17:08:00+05:30,transfer,Payment observed,Review payment evidence,TX-101655
EV-TX-101656,EXT-10044,2026-09-13T17:11:00+05:30,transfer,Payment observed,Review payment evidence,TX-101656
EV-TX-101657,EXT-10044,2026-09-13T17:18:00+05:30,transfer,Payment observed,Review payment evidence,TX-101657
EV-TX-101683,EXT-10045,2026-08-13T12:00:00+05:30,transfer,Payment observed,Review payment evidence,TX-101683
EV-TX-101687,EXT-10045,2026-08-23T12:00:00+05:30,transfer,Payment observed,Review payment evidence,TX-101687
EV-TX-101688,EXT-10045,2026-08-24T12:00:00+05:30,transfer,Payment observed,Review payment evidence,TX-101688
EV-TX-101693,EXT-10045,2026-09-12T14:00:00+05:30,transfer,Payment observed,Review payment evidence,TX-101693
EV-TX-101694,EXT-10045,2026-09-12T14:03:00+05:30,transfer,Payment observed,Review payment evidence,TX-101694
EV-TX-101695,EXT-10045,2026-09-12T14:06:00+05:30,transfer,Payment observed,Review payment evidence,TX-101695
EV-TX-101696,EXT-10045,2026-09-12T14:14:00+05:30,transfer,Payment observed,Review payment evidence,TX-101696
EV-TX-101697,EXT-10045,2026-09-13T12:00:00+05:30,transfer,Payment observed,Review payment evidence,TX-101697
EV-TX-101699,EXT-10045,2026-09-16T14:02:00+05:30,transfer,Payment observed,Review payment evidence,TX-101699
EV-TX-101700,EXT-10045,2026-09-16T14:12:00+05:30,transfer,Payment observed,Review payment evidence,TX-101700
EV-TX-101703,EXT-10045,2026-09-23T12:00:00+05:30,transfer,Payment observed,Review payment evidence,TX-101703
EV-TX-101710,EXT-10045,2026-10-13T12:00:00+05:30,transfer,Payment observed,Review payment evidence,TX-101710
EV-TX-101714,EXT-10045,2026-10-23T12:00:00+05:30,transfer,Payment observed,Review payment evidence,TX-101714
EV-TX-101723,EXT-10046,2026-08-08T12:00:00+05:30,transfer,Payment observed,Review payment evidence,TX-101723
EV-TX-101726,EXT-10046,2026-08-19T12:00:00+05:30,transfer,Payment observed,Review payment evidence,TX-101726
EV-TX-101727,EXT-10046,2026-08-20T12:00:00+05:30,transfer,Payment observed,Review payment evidence,TX-101727
EV-TX-101731,EXT-10046,2026-08-27T12:00:00+05:30,transfer,Payment observed,Review payment evidence,TX-101731
EV-TX-101734,EXT-10046,2026-09-08T12:00:00+05:30,transfer,Payment observed,Review payment evidence,TX-101734
EV-TX-101736,EXT-10046,2026-09-13T14:00:00+05:30,transfer,Payment observed,Review payment evidence,TX-101736
EV-TX-101737,EXT-10046,2026-09-13T14:03:00+05:30,transfer,Payment observed,Review payment evidence,TX-101737
EV-TX-101738,EXT-10046,2026-09-13T14:06:00+05:30,transfer,Payment observed,Review payment evidence,TX-101738
EV-TX-101739,EXT-10046,2026-09-13T14:14:00+05:30,transfer,Payment observed,Review payment evidence,TX-101739
EV-TX-101741,EXT-10046,2026-09-19T12:00:00+05:30,transfer,Payment observed,Review payment evidence,TX-101741
EV-TX-101742,EXT-10046,2026-09-20T12:00:00+05:30,transfer,Payment observed,Review payment evidence,TX-101742
EV-TX-101746,EXT-10046,2026-09-27T12:00:00+05:30,transfer,Payment observed,Review payment evidence,TX-101746
EV-TX-101749,EXT-10046,2026-10-08T12:00:00+05:30,transfer,Payment observed,Review payment evidence,TX-101749
EV-TX-101752,EXT-10046,2026-10-19T12:00:00+05:30,transfer,Payment observed,Review payment evidence,TX-101752
EV-TX-101753,EXT-10046,2026-10-20T12:00:00+05:30,transfer,Payment observed,Review payment evidence,TX-101753
EV-TX-101763,EXT-10047,2026-08-04T12:00:00+05:30,transfer,Payment observed,Review payment evidence,TX-101763
EV-TX-101768,EXT-10047,2026-08-21T12:00:00+05:30,transfer,Payment observed,Review payment evidence,TX-101768
EV-TX-101770,EXT-10047,2026-08-22T12:00:00+05:30,transfer,Payment observed,Review payment evidence,TX-101770
EV-TX-101772,EXT-10047,2026-08-26T12:00:00+05:30,transfer,Payment observed,Review payment evidence,TX-101772
EV-TX-101774,EXT-10047,2026-09-04T12:00:00+05:30,transfer,Payment observed,Review payment evidence,TX-101774
EV-TX-101776,EXT-10047,2026-09-08T17:39:00+05:30,transfer,Payment observed,Review payment evidence,TX-101776
EV-TX-101778,EXT-10047,2026-09-14T16:43:00+05:30,transfer,Payment observed,Review payment evidence,TX-101778
EV-TX-101779,EXT-10047,2026-09-14T16:51:00+05:30,transfer,Payment observed,Review payment evidence,TX-101779
EV-TX-101780,EXT-10047,2026-09-14T17:01:00+05:30,transfer,Payment observed,Review payment evidence,TX-101780
EV-TX-101794,EXT-10047,2026-10-21T12:00:00+05:30,transfer,Payment observed,Review payment evidence,TX-101794
EV-TX-101796,EXT-10047,2026-10-22T12:00:00+05:30,transfer,Payment observed,Review payment evidence,TX-101796
EV-TX-101798,EXT-10047,2026-10-26T12:00:00+05:30,transfer,Payment observed,Review payment evidence,TX-101798
EV-TX-101803,EXT-10048,2026-08-02T12:00:00+05:30,transfer,Payment observed,Review payment evidence,TX-101803
EV-TX-101807,EXT-10048,2026-08-11T12:00:00+05:30,transfer,Payment observed,Review payment evidence,TX-101807
EV-TX-101812,EXT-10048,2026-08-27T12:00:00+05:30,transfer,Payment observed,Review payment evidence,TX-101812
EV-TX-101813,EXT-10048,2026-09-02T12:00:00+05:30,transfer,Payment observed,Review payment evidence,TX-101813
EV-TX-101817,EXT-10048,2026-09-11T12:00:00+05:30,transfer,Payment observed,Review payment evidence,TX-101817
EV-TX-101819,EXT-10048,2026-09-19T13:38:00+05:30,transfer,Payment observed,Review payment evidence,TX-101819
EV-TX-101820,EXT-10048,2026-09-19T13:42:00+05:30,transfer,Payment observed,Review payment evidence,TX-101820
EV-TX-101824,EXT-10048,2026-09-27T12:00:00+05:30,transfer,Payment observed,Review payment evidence,TX-101824
EV-TX-101825,EXT-10048,2026-10-02T12:00:00+05:30,transfer,Payment observed,Review payment evidence,TX-101825
EV-TX-101829,EXT-10048,2026-10-11T12:00:00+05:30,transfer,Payment observed,Review payment evidence,TX-101829
EV-TX-101834,EXT-10048,2026-10-27T12:00:00+05:30,transfer,Payment observed,Review payment evidence,TX-101834
EV-TX-101835,EXT-10048,2026-11-02T12:00:00+05:30,transfer,Payment observed,Review payment evidence,TX-101835
EV-TX-101841,EXT-10049,2026-08-05T12:00:00+05:30,transfer,Payment observed,Review payment evidence,TX-101841
EV-TX-101845,EXT-10049,2026-08-21T12:00:00+05:30,transfer,Payment observed,Review payment evidence,TX-101845
EV-TX-101846,EXT-10049,2026-08-23T12:00:00+05:30,transfer,Payment observed,Review payment evidence,TX-101846
EV-TX-101851,EXT-10049,2026-09-05T12:00:00+05:30,transfer,Payment observed,Review payment evidence,TX-101851
EV-TX-101852,EXT-10049,2026-09-08T17:16:00+05:30,transfer,Payment observed,Review payment evidence,TX-101852
EV-TX-101854,EXT-10049,2026-09-11T10:00:00+05:30,transfer,Payment observed,Review payment evidence,TX-101854
EV-TX-101857,EXT-10049,2026-09-21T12:00:00+05:30,transfer,Payment observed,Review payment evidence,TX-101857
EV-TX-101858,EXT-10049,2026-09-23T12:00:00+05:30,transfer,Payment observed,Review payment evidence,TX-101858
EV-TX-101863,EXT-10049,2026-10-05T12:00:00+05:30,transfer,Payment observed,Review payment evidence,TX-101863
EV-TX-101867,EXT-10049,2026-10-21T12:00:00+05:30,transfer,Payment observed,Review payment evidence,TX-101867
EV-TX-101868,EXT-10049,2026-10-23T12:00:00+05:30,transfer,Payment observed,Review payment evidence,TX-101868
EV-TX-101873,EXT-10049,2026-11-05T12:00:00+05:30,transfer,Payment observed,Review payment evidence,TX-101873
EV-TX-101877,EXT-10050,2026-08-07T12:00:00+05:30,transfer,Payment observed,Review payment evidence,TX-101877
EV-TX-101878,EXT-10050,2026-08-08T12:00:00+05:30,transfer,Payment observed,Review payment evidence,TX-101878
EV-TX-101881,EXT-10050,2026-08-20T12:00:00+05:30,transfer,Payment observed,Review payment evidence,TX-101881
EV-TX-101886,EXT-10050,2026-09-07T12:00:00+05:30,transfer,Payment observed,Review payment evidence,TX-101886
EV-TX-101887,EXT-10050,2026-09-08T12:00:00+05:30,transfer,Payment observed,Review payment evidence,TX-101887
EV-TX-101890,EXT-10050,2026-09-18T17:05:00+05:30,transfer,Payment observed,Review payment evidence,TX-101890
EV-TX-101891,EXT-10050,2026-09-18T17:10:00+05:30,transfer,Payment observed,Review payment evidence,TX-101891
EV-TX-101892,EXT-10050,2026-09-18T17:17:00+05:30,transfer,Payment observed,Review payment evidence,TX-101892
EV-TX-101893,EXT-10050,2026-09-20T12:00:00+05:30,transfer,Payment observed,Review payment evidence,TX-101893
EV-TX-101898,EXT-10050,2026-10-07T12:00:00+05:30,transfer,Payment observed,Review payment evidence,TX-101898
EV-TX-101899,EXT-10050,2026-10-08T12:00:00+05:30,transfer,Payment observed,Review payment evidence,TX-101899
EV-TX-101902,EXT-10050,2026-10-20T12:00:00+05:30,transfer,Payment observed,Review payment evidence,TX-101902
EV-TX-101909,EXT-10051,2026-08-07T12:00:00+05:30,transfer,Payment observed,Review payment evidence,TX-101909
EV-TX-101912,EXT-10051,2026-08-19T12:00:00+05:30,transfer,Payment observed,Review payment evidence,TX-101912
EV-TX-101914,EXT-10051,2026-08-21T12:00:00+05:30,transfer,Payment observed,Review payment evidence,TX-101914
EV-TX-101916,EXT-10051,2026-08-26T12:00:00+05:30,transfer,Payment observed,Review payment evidence,TX-101916
EV-TX-101921,EXT-10051,2026-09-07T12:00:00+05:30,transfer,Payment observed,Review payment evidence,TX-101921
EV-TX-101923,EXT-10051,2026-09-12T16:35:00+05:30,transfer,Payment observed,Review payment evidence,TX-101923
EV-TX-101924,EXT-10051,2026-09-12T16:42:00+05:30,transfer,Payment observed,Review payment evidence,TX-101924
EV-TX-101926,EXT-10051,2026-09-19T12:00:00+05:30,transfer,Payment observed,Review payment evidence,TX-101926
EV-TX-101928,EXT-10051,2026-09-21T12:00:00+05:30,transfer,Payment observed,Review payment evidence,TX-101928
EV-TX-101930,EXT-10051,2026-09-26T12:00:00+05:30,transfer,Payment observed,Review payment evidence,TX-101930
EV-TX-101936,EXT-10051,2026-10-07T12:00:00+05:30,transfer,Payment observed,Review payment evidence,TX-101936
EV-TX-101939,EXT-10051,2026-10-19T12:00:00+05:30,transfer,Payment observed,Review payment evidence,TX-101939
EV-TX-101941,EXT-10051,2026-10-21T12:00:00+05:30,transfer,Payment observed,Review payment evidence,TX-101941
EV-TX-101952,EXT-10052,2026-08-04T12:00:00+05:30,transfer,Payment observed,Review payment evidence,TX-101952
EV-TX-101954,EXT-10052,2026-08-09T12:00:00+05:30,transfer,Payment observed,Review payment evidence,TX-101954
EV-TX-101956,EXT-10052,2026-08-18T12:00:00+05:30,transfer,Payment observed,Review payment evidence,TX-101956
EV-TX-101958,EXT-10052,2026-08-24T12:00:00+05:30,transfer,Payment observed,Review payment evidence,TX-101958
EV-TX-101963,EXT-10052,2026-09-04T12:00:00+05:30,transfer,Payment observed,Review payment evidence,TX-101963
EV-TX-101965,EXT-10052,2026-09-09T12:00:00+05:30,transfer,Payment observed,Review payment evidence,TX-101965
EV-TX-101967,EXT-10052,2026-09-18T12:00:00+05:30,transfer,Payment observed,Review payment evidence,TX-101967
EV-TX-101969,EXT-10052,2026-09-24T12:00:00+05:30,transfer,Payment observed,Review payment evidence,TX-101969
EV-TX-101976,EXT-10052,2026-10-04T12:00:00+05:30,transfer,Payment observed,Review payment evidence,TX-101976
EV-TX-101978,EXT-10052,2026-10-09T12:00:00+05:30,transfer,Payment observed,Review payment evidence,TX-101978
EV-TX-101980,EXT-10052,2026-10-18T12:00:00+05:30,transfer,Payment observed,Review payment evidence,TX-101980
EV-TX-101982,EXT-10052,2026-10-24T12:00:00+05:30,transfer,Payment observed,Review payment evidence,TX-101982
EV-TX-101987,EXT-10052,2026-11-04T12:00:00+05:30,transfer,Payment observed,Review payment evidence,TX-101987
EV-TX-101990,EXT-10053,2026-08-06T12:00:00+05:30,transfer,Payment observed,Review payment evidence,TX-101990
EV-TX-101992,EXT-10053,2026-08-13T12:00:00+05:30,transfer,Payment observed,Review payment evidence,TX-101992
EV-TX-101994,EXT-10053,2026-08-17T12:00:00+05:30,transfer,Payment observed,Review payment evidence,TX-101994
EV-TX-101998,EXT-10053,2026-08-27T12:00:00+05:30,transfer,Payment observed,Review payment evidence,TX-101998
EV-TX-102001,EXT-10053,2026-09-06T12:00:00+05:30,transfer,Payment observed,Review payment evidence,TX-102001
EV-TX-102003,EXT-10053,2026-09-13T12:00:00+05:30,transfer,Payment observed,Review payment evidence,TX-102003
EV-TX-102005,EXT-10053,2026-09-17T12:00:00+05:30,transfer,Payment observed,Review payment evidence,TX-102005
EV-TX-102013,EXT-10053,2026-10-06T12:00:00+05:30,transfer,Payment observed,Review payment evidence,TX-102013
EV-TX-102015,EXT-10053,2026-10-13T12:00:00+05:30,transfer,Payment observed,Review payment evidence,TX-102015
EV-TX-102017,EXT-10053,2026-10-17T12:00:00+05:30,transfer,Payment observed,Review payment evidence,TX-102017
EV-TX-102021,EXT-10053,2026-10-27T12:00:00+05:30,transfer,Payment observed,Review payment evidence,TX-102021
EV-TX-102026,EXT-10054,2026-08-02T12:00:00+05:30,transfer,Payment observed,Review payment evidence,TX-102026
EV-TX-102028,EXT-10054,2026-08-06T12:00:00+05:30,transfer,Payment observed,Review payment evidence,TX-102028
EV-TX-102031,EXT-10054,2026-08-19T12:00:00+05:30,transfer,Payment observed,Review payment evidence,TX-102031
EV-TX-102038,EXT-10054,2026-09-02T12:00:00+05:30,transfer,Payment observed,Review payment evidence,TX-102038
EV-TX-102040,EXT-10054,2026-09-06T12:00:00+05:30,transfer,Payment observed,Review payment evidence,TX-102040
EV-TX-102042,EXT-10054,2026-09-11T17:16:00+05:30,transfer,Payment observed,Review payment evidence,TX-102042
EV-TX-102043,EXT-10054,2026-09-11T17:20:00+05:30,transfer,Payment observed,Review payment evidence,TX-102043
EV-TX-102044,EXT-10054,2026-09-14T15:56:00+05:30,transfer,Payment observed,Review payment evidence,TX-102044
EV-TX-102053,EXT-10054,2026-10-02T12:00:00+05:30,transfer,Payment observed,Review payment evidence,TX-102053
EV-TX-102055,EXT-10054,2026-10-06T12:00:00+05:30,transfer,Payment observed,Review payment evidence,TX-102055
EV-TX-102065,EXT-10054,2026-11-02T12:00:00+05:30,transfer,Payment observed,Review payment evidence,TX-102065
EV-TX-102069,EXT-10055,2026-08-03T12:00:00+05:30,transfer,Payment observed,Review payment evidence,TX-102069
EV-TX-102075,EXT-10055,2026-08-24T12:00:00+05:30,transfer,Payment observed,Review payment evidence,TX-102075
EV-TX-102078,EXT-10055,2026-09-03T12:00:00+05:30,transfer,Payment observed,Review payment evidence,TX-102078
EV-TX-102094,EXT-10055,2026-10-24T12:00:00+05:30,transfer,Payment observed,Review payment evidence,TX-102094
EV-TX-102102,EXT-10056,2026-08-03T12:00:00+05:30,transfer,Payment observed,Review payment evidence,TX-102102
EV-TX-102104,EXT-10056,2026-08-06T12:00:00+05:30,transfer,Payment observed,Review payment evidence,TX-102104
EV-TX-102106,EXT-10056,2026-08-10T12:00:00+05:30,transfer,Payment observed,Review payment evidence,TX-102106
EV-TX-102112,EXT-10056,2026-09-03T12:00:00+05:30,transfer,Payment observed,Review payment evidence,TX-102112
EV-TX-102114,EXT-10056,2026-09-06T12:00:00+05:30,transfer,Payment observed,Review payment evidence,TX-102114
EV-TX-102115,EXT-10056,2026-09-08T17:54:00+05:30,transfer,Payment observed,Review payment evidence,TX-102115
EV-TX-102117,EXT-10056,2026-09-10T12:00:00+05:30,transfer,Payment observed,Review payment evidence,TX-102117
EV-TX-102118,EXT-10056,2026-09-13T13:57:00+05:30,transfer,Payment observed,Review payment evidence,TX-102118
EV-TX-102119,EXT-10056,2026-09-13T14:01:00+05:30,transfer,Payment observed,Review payment evidence,TX-102119
EV-TX-102129,EXT-10056,2026-10-06T12:00:00+05:30,transfer,Payment observed,Review payment evidence,TX-102129
EV-TX-102131,EXT-10056,2026-10-10T12:00:00+05:30,transfer,Payment observed,Review payment evidence,TX-102131
EV-TX-102148,EXT-10057,2026-08-26T12:00:00+05:30,transfer,Payment observed,Review payment evidence,TX-102148
EV-TX-102149,EXT-10057,2026-08-28T12:00:00+05:30,transfer,Payment observed,Review payment evidence,TX-102149
EV-TX-102152,EXT-10057,2026-09-08T14:00:00+05:30,transfer,Payment observed,Review payment evidence,TX-102152
EV-TX-102153,EXT-10057,2026-09-08T14:03:00+05:30,transfer,Payment observed,Review payment evidence,TX-102153
EV-TX-102154,EXT-10057,2026-09-08T14:06:00+05:30,transfer,Payment observed,Review payment evidence,TX-102154
EV-TX-102155,EXT-10057,2026-09-08T14:14:00+05:30,transfer,Payment observed,Review payment evidence,TX-102155
EV-TX-102161,EXT-10057,2026-09-26T12:00:00+05:30,transfer,Payment observed,Review payment evidence,TX-102161
EV-TX-102162,EXT-10057,2026-09-28T12:00:00+05:30,transfer,Payment observed,Review payment evidence,TX-102162
EV-TX-102170,EXT-10057,2026-10-26T12:00:00+05:30,transfer,Payment observed,Review payment evidence,TX-102170
EV-TX-102171,EXT-10057,2026-10-28T12:00:00+05:30,transfer,Payment observed,Review payment evidence,TX-102171
EV-TX-102180,EXT-10058,2026-08-23T12:00:00+05:30,transfer,Payment observed,Review payment evidence,TX-102180
EV-TX-102181,EXT-10058,2026-08-24T12:00:00+05:30,transfer,Payment observed,Review payment evidence,TX-102181
EV-TX-102187,EXT-10058,2026-09-14T17:52:00+05:30,transfer,Payment observed,Review payment evidence,TX-102187
EV-TX-102188,EXT-10058,2026-09-14T18:01:00+05:30,transfer,Payment observed,Review payment evidence,TX-102188
EV-TX-102189,EXT-10058,2026-09-14T17:58:00+05:30,transfer,Payment observed,Review payment evidence,TX-102189
EV-TX-102191,EXT-10058,2026-09-18T14:00:00+05:30,transfer,Payment observed,Review payment evidence,TX-102191
EV-TX-102192,EXT-10058,2026-09-18T14:03:00+05:30,transfer,Payment observed,Review payment evidence,TX-102192
EV-TX-102193,EXT-10058,2026-09-18T14:06:00+05:30,transfer,Payment observed,Review payment evidence,TX-102193
EV-TX-102194,EXT-10058,2026-09-18T14:14:00+05:30,transfer,Payment observed,Review payment evidence,TX-102194
EV-TX-102196,EXT-10058,2026-09-23T12:00:00+05:30,transfer,Payment observed,Review payment evidence,TX-102196
EV-TX-102197,EXT-10058,2026-09-24T12:00:00+05:30,transfer,Payment observed,Review payment evidence,TX-102197
EV-TX-102205,EXT-10058,2026-10-23T12:00:00+05:30,transfer,Payment observed,Review payment evidence,TX-102205
EV-TX-102206,EXT-10058,2026-10-24T12:00:00+05:30,transfer,Payment observed,Review payment evidence,TX-102206
EV-TX-102215,EXT-10059,2026-08-17T12:00:00+05:30,transfer,Payment observed,Review payment evidence,TX-102215
EV-TX-102216,EXT-10059,2026-08-19T12:00:00+05:30,transfer,Payment observed,Review payment evidence,TX-102216
EV-TX-102217,EXT-10059,2026-08-20T12:00:00+05:30,transfer,Payment observed,Review payment evidence,TX-102217
EV-TX-102219,EXT-10059,2026-08-22T12:00:00+05:30,transfer,Payment observed,Review payment evidence,TX-102219
EV-TX-102227,EXT-10059,2026-09-17T12:00:00+05:30,transfer,Payment observed,Review payment evidence,TX-102227
EV-TX-102228,EXT-10059,2026-09-19T12:00:00+05:30,transfer,Payment observed,Review payment evidence,TX-102228
EV-TX-102229,EXT-10059,2026-09-20T12:00:00+05:30,transfer,Payment observed,Review payment evidence,TX-102229
EV-TX-102230,EXT-10059,2026-09-20T17:18:00+05:30,transfer,Payment observed,Review payment evidence,TX-102230
EV-TX-102231,EXT-10059,2026-09-20T17:24:00+05:30,transfer,Payment observed,Review payment evidence,TX-102231
EV-TX-102233,EXT-10059,2026-09-22T12:00:00+05:30,transfer,Payment observed,Review payment evidence,TX-102233
EV-TX-102241,EXT-10059,2026-10-17T12:00:00+05:30,transfer,Payment observed,Review payment evidence,TX-102241
EV-TX-102242,EXT-10059,2026-10-19T12:00:00+05:30,transfer,Payment observed,Review payment evidence,TX-102242
EV-TX-102243,EXT-10059,2026-10-20T12:00:00+05:30,transfer,Payment observed,Review payment evidence,TX-102243
EV-TX-102245,EXT-10059,2026-10-22T12:00:00+05:30,transfer,Payment observed,Review payment evidence,TX-102245
EV-TX-102255,EXT-10060,2026-08-09T12:00:00+05:30,transfer,Payment observed,Review payment evidence,TX-102255
EV-TX-102257,EXT-10060,2026-08-17T12:00:00+05:30,transfer,Payment observed,Review payment evidence,TX-102257
EV-TX-102263,EXT-10060,2026-09-09T12:00:00+05:30,transfer,Payment observed,Review payment evidence,TX-102263
EV-TX-102265,EXT-10060,2026-09-17T12:00:00+05:30,transfer,Payment observed,Review payment evidence,TX-102265
EV-TX-102266,EXT-10060,2026-09-18T16:46:00+05:30,transfer,Payment observed,Review payment evidence,TX-102266
EV-TX-102267,EXT-10060,2026-09-18T16:56:00+05:30,transfer,Payment observed,Review payment evidence,TX-102267
EV-TX-102273,EXT-10060,2026-10-09T12:00:00+05:30,transfer,Payment observed,Review payment evidence,TX-102273
EV-TX-102275,EXT-10060,2026-10-17T12:00:00+05:30,transfer,Payment observed,Review payment evidence,TX-102275
EV-TX-102283,EXT-10061,2026-08-11T12:00:00+05:30,transfer,Payment observed,Review payment evidence,TX-102283
EV-TX-102288,EXT-10061,2026-08-25T12:00:00+05:30,transfer,Payment observed,Review payment evidence,TX-102288
EV-TX-102293,EXT-10061,2026-09-11T12:00:00+05:30,transfer,Payment observed,Review payment evidence,TX-102293
EV-TX-102294,EXT-10061,2026-09-12T16:22:00+05:30,transfer,Payment observed,Review payment evidence,TX-102294
EV-TX-102295,EXT-10061,2026-09-12T16:25:00+05:30,transfer,Payment observed,Review payment evidence,TX-102295
EV-TX-102296,EXT-10061,2026-09-12T16:34:00+05:30,transfer,Payment observed,Review payment evidence,TX-102296
EV-TX-102297,EXT-10061,2026-09-14T15:07:00+05:30,transfer,Payment observed,Review payment evidence,TX-102297
EV-TX-102299,EXT-10061,2026-09-17T10:00:00+05:30,transfer,Payment observed,Review payment evidence,TX-102299
EV-TX-102303,EXT-10061,2026-09-25T12:00:00+05:30,transfer,Payment observed,Review payment evidence,TX-102303
EV-TX-102308,EXT-10061,2026-10-11T12:00:00+05:30,transfer,Payment observed,Review payment evidence,TX-102308
EV-TX-102313,EXT-10061,2026-10-25T12:00:00+05:30,transfer,Payment observed,Review payment evidence,TX-102313
EV-TX-102321,EXT-10062,2026-08-13T12:00:00+05:30,transfer,Payment observed,Review payment evidence,TX-102321
EV-TX-102323,EXT-10062,2026-08-20T12:00:00+05:30,transfer,Payment observed,Review payment evidence,TX-102323
EV-TX-102326,EXT-10062,2026-08-27T12:00:00+05:30,transfer,Payment observed,Review payment evidence,TX-102326
EV-TX-102332,EXT-10062,2026-09-08T17:52:00+05:30,transfer,Payment observed,Review payment evidence,TX-102332
EV-TX-102334,EXT-10062,2026-09-13T12:00:00+05:30,transfer,Payment observed,Review payment evidence,TX-102334
EV-TX-102336,EXT-10062,2026-09-18T14:06:00+05:30,transfer,Payment observed,Review payment evidence,TX-102336
EV-TX-102337,EXT-10062,2026-09-18T14:09:00+05:30,transfer,Payment observed,Review payment evidence,TX-102337
EV-TX-102338,EXT-10062,2026-09-18T14:22:00+05:30,transfer,Payment observed,Review payment evidence,TX-102338
EV-TX-102339,EXT-10062,2026-09-20T12:00:00+05:30,transfer,Payment observed,Review payment evidence,TX-102339
EV-TX-102348,EXT-10062,2026-10-13T12:00:00+05:30,transfer,Payment observed,Review payment evidence,TX-102348
EV-TX-102350,EXT-10062,2026-10-20T12:00:00+05:30,transfer,Payment observed,Review payment evidence,TX-102350
EV-TX-102363,EXT-10063,2026-08-16T12:00:00+05:30,transfer,Payment observed,Review payment evidence,TX-102363
EV-TX-102366,EXT-10063,2026-08-25T12:00:00+05:30,transfer,Payment observed,Review payment evidence,TX-102366
EV-TX-102372,EXT-10063,2026-09-16T12:00:00+05:30,transfer,Payment observed,Review payment evidence,TX-102372
EV-TX-102373,EXT-10063,2026-09-17T13:52:00+05:30,transfer,Payment observed,Review payment evidence,TX-102373
EV-TX-102374,EXT-10063,2026-09-17T13:55:00+05:30,transfer,Payment observed,Review payment evidence,TX-102374
EV-TX-102375,EXT-10063,2026-09-17T13:58:00+05:30,transfer,Payment observed,Review payment evidence,TX-102375
EV-TX-102376,EXT-10063,2026-09-17T14:50:00+05:30,transfer,Payment observed,Review payment evidence,TX-102376
EV-TX-102379,EXT-10063,2026-09-25T12:00:00+05:30,transfer,Payment observed,Review payment evidence,TX-102379
EV-TX-102385,EXT-10063,2026-10-16T12:00:00+05:30,transfer,Payment observed,Review payment evidence,TX-102385
EV-TX-102388,EXT-10063,2026-10-25T12:00:00+05:30,transfer,Payment observed,Review payment evidence,TX-102388
EV-TX-102397,EXT-10064,2026-08-16T12:00:00+05:30,transfer,Payment observed,Review payment evidence,TX-102397
EV-TX-102399,EXT-10064,2026-08-21T12:00:00+05:30,transfer,Payment observed,Review payment evidence,TX-102399
EV-TX-102402,EXT-10064,2026-08-28T12:00:00+05:30,transfer,Payment observed,Review payment evidence,TX-102402
EV-TX-102407,EXT-10064,2026-09-16T12:00:00+05:30,transfer,Payment observed,Review payment evidence,TX-102407
EV-TX-102409,EXT-10064,2026-09-21T12:00:00+05:30,transfer,Payment observed,Review payment evidence,TX-102409
EV-TX-102412,EXT-10064,2026-09-28T12:00:00+05:30,transfer,Payment observed,Review payment evidence,TX-102412
EV-TX-102417,EXT-10064,2026-10-16T12:00:00+05:30,transfer,Payment observed,Review payment evidence,TX-102417
EV-TX-102419,EXT-10064,2026-10-21T12:00:00+05:30,transfer,Payment observed,Review payment evidence,TX-102419
EV-TX-102422,EXT-10064,2026-10-28T12:00:00+05:30,transfer,Payment observed,Review payment evidence,TX-102422
EV-TX-102427,EXT-10065,2026-08-03T12:00:00+05:30,transfer,Payment observed,Review payment evidence,TX-102427
EV-TX-102430,EXT-10065,2026-08-14T12:00:00+05:30,transfer,Payment observed,Review payment evidence,TX-102430
EV-TX-102435,EXT-10065,2026-08-27T12:00:00+05:30,transfer,Payment observed,Review payment evidence,TX-102435
EV-TX-102437,EXT-10065,2026-09-03T12:00:00+05:30,transfer,Payment observed,Review payment evidence,TX-102437
EV-TX-102440,EXT-10065,2026-09-14T12:00:00+05:30,transfer,Payment observed,Review payment evidence,TX-102440
EV-TX-102441,EXT-10065,2026-09-14T13:38:00+05:30,transfer,Payment observed,Review payment evidence,TX-102441
EV-TX-102442,EXT-10065,2026-09-14T13:48:00+05:30,transfer,Payment observed,Review payment evidence,TX-102442
EV-TX-102443,EXT-10065,2026-09-14T13:46:00+05:30,transfer,Payment observed,Review payment evidence,TX-102443
EV-TX-102448,EXT-10065,2026-09-27T12:00:00+05:30,transfer,Payment observed,Review payment evidence,TX-102448
EV-TX-102450,EXT-10065,2026-10-03T12:00:00+05:30,transfer,Payment observed,Review payment evidence,TX-102450
EV-TX-102453,EXT-10065,2026-10-14T12:00:00+05:30,transfer,Payment observed,Review payment evidence,TX-102453
EV-TX-102458,EXT-10065,2026-10-27T12:00:00+05:30,transfer,Payment observed,Review payment evidence,TX-102458
EV-TX-102460,EXT-10065,2026-11-03T12:00:00+05:30,transfer,Payment observed,Review payment evidence,TX-102460
EV-TX-102467,EXT-10066,2026-08-19T12:00:00+05:30,transfer,Payment observed,Review payment evidence,TX-102467
EV-TX-102469,EXT-10066,2026-08-21T12:00:00+05:30,transfer,Payment observed,Review payment evidence,TX-102469
EV-TX-102471,EXT-10066,2026-08-25T12:00:00+05:30,transfer,Payment observed,Review payment evidence,TX-102471
EV-TX-102477,EXT-10066,2026-09-19T12:00:00+05:30,transfer,Payment observed,Review payment evidence,TX-102477
EV-TX-102478,EXT-10066,2026-09-20T17:36:00+05:30,transfer,Payment observed,Review payment evidence,TX-102478
EV-TX-102479,EXT-10066,2026-09-20T17:40:00+05:30,transfer,Payment observed,Review payment evidence,TX-102479
EV-TX-102481,EXT-10066,2026-09-21T12:00:00+05:30,transfer,Payment observed,Review payment evidence,TX-102481
EV-TX-102502,EXT-10067,2026-08-06T12:00:00+05:30,transfer,Payment observed,Review payment evidence,TX-102502
EV-TX-102503,EXT-10067,2026-08-07T12:00:00+05:30,transfer,Payment observed,Review payment evidence,TX-102503
EV-TX-102505,EXT-10067,2026-08-12T12:00:00+05:30,transfer,Payment observed,Review payment evidence,TX-102505
EV-TX-102510,EXT-10067,2026-08-27T12:00:00+05:30,transfer,Payment observed,Review payment evidence,TX-102510
EV-TX-102512,EXT-10067,2026-09-06T12:00:00+05:30,transfer,Payment observed,Review payment evidence,TX-102512
EV-TX-102513,EXT-10067,2026-09-07T12:00:00+05:30,transfer,Payment observed,Review payment evidence,TX-102513
EV-TX-102525,EXT-10067,2026-10-06T12:00:00+05:30,transfer,Payment observed,Review payment evidence,TX-102525
EV-TX-102540,EXT-10068,2026-08-06T12:00:00+05:30,transfer,Payment observed,Review payment evidence,TX-102540
EV-TX-102541,EXT-10068,2026-08-07T12:00:00+05:30,transfer,Payment observed,Review payment evidence,TX-102541
EV-TX-102549,EXT-10068,2026-09-06T12:00:00+05:30,transfer,Payment observed,Review payment evidence,TX-102549
EV-TX-102550,EXT-10068,2026-09-07T12:00:00+05:30,transfer,Payment observed,Review payment evidence,TX-102550
EV-TX-102553,EXT-10068,2026-09-15T14:29:00+05:30,transfer,Payment observed,Review payment evidence,TX-102553
EV-TX-102554,EXT-10068,2026-09-16T15:01:00+05:30,transfer,Payment observed,Review payment evidence,TX-102554
EV-TX-102555,EXT-10068,2026-09-16T15:08:00+05:30,transfer,Payment observed,Review payment evidence,TX-102555
EV-TX-102563,EXT-10068,2026-10-06T12:00:00+05:30,transfer,Payment observed,Review payment evidence,TX-102563
EV-TX-102564,EXT-10068,2026-10-07T12:00:00+05:30,transfer,Payment observed,Review payment evidence,TX-102564
EV-TX-102578,EXT-10069,2026-08-02T12:00:00+05:30,transfer,Payment observed,Review payment evidence,TX-102578
EV-TX-102580,EXT-10069,2026-08-03T12:00:00+05:30,transfer,Payment observed,Review payment evidence,TX-102580
EV-TX-102582,EXT-10069,2026-08-10T12:00:00+05:30,transfer,Payment observed,Review payment evidence,TX-102582
EV-TX-102588,EXT-10069,2026-09-02T12:00:00+05:30,transfer,Payment observed,Review payment evidence,TX-102588
EV-TX-102590,EXT-10069,2026-09-03T12:00:00+05:30,transfer,Payment observed,Review payment evidence,TX-102590
EV-TX-102592,EXT-10069,2026-09-09T14:00:00+05:30,transfer,Payment observed,Review payment evidence,TX-102592
EV-TX-102593,EXT-10069,2026-09-09T14:03:00+05:30,transfer,Payment observed,Review payment evidence,TX-102593
EV-TX-102594,EXT-10069,2026-09-09T14:06:00+05:30,transfer,Payment observed,Review payment evidence,TX-102594
EV-TX-102595,EXT-10069,2026-09-09T14:14:00+05:30,transfer,Payment observed,Review payment evidence,TX-102595
EV-TX-102596,EXT-10069,2026-09-10T12:00:00+05:30,transfer,Payment observed,Review payment evidence,TX-102596
EV-TX-102602,EXT-10069,2026-10-02T12:00:00+05:30,transfer,Payment observed,Review payment evidence,TX-102602
EV-TX-102604,EXT-10069,2026-10-03T12:00:00+05:30,transfer,Payment observed,Review payment evidence,TX-102604
EV-TX-102606,EXT-10069,2026-10-10T12:00:00+05:30,transfer,Payment observed,Review payment evidence,TX-102606
EV-TX-102612,EXT-10069,2026-11-02T12:00:00+05:30,transfer,Payment observed,Review payment evidence,TX-102612
EV-TX-102614,EXT-10069,2026-11-03T12:00:00+05:30,transfer,Payment observed,Review payment evidence,TX-102614
EV-TX-102618,EXT-10070,2026-08-10T12:00:00+05:30,transfer,Payment observed,Review payment evidence,TX-102618
EV-TX-102620,EXT-10070,2026-08-20T12:00:00+05:30,transfer,Payment observed,Review payment evidence,TX-102620
EV-TX-102622,EXT-10070,2026-08-23T12:00:00+05:30,transfer,Payment observed,Review payment evidence,TX-102622
EV-TX-102628,EXT-10070,2026-09-10T12:00:00+05:30,transfer,Payment observed,Review payment evidence,TX-102628
EV-TX-102630,EXT-10070,2026-09-18T14:00:00+05:30,transfer,Payment observed,Review payment evidence,TX-102630
EV-TX-102631,EXT-10070,2026-09-18T14:03:00+05:30,transfer,Payment observed,Review payment evidence,TX-102631
EV-TX-102632,EXT-10070,2026-09-18T14:06:00+05:30,transfer,Payment observed,Review payment evidence,TX-102632
EV-TX-102633,EXT-10070,2026-09-18T14:14:00+05:30,transfer,Payment observed,Review payment evidence,TX-102633
EV-TX-102634,EXT-10070,2026-09-20T12:00:00+05:30,transfer,Payment observed,Review payment evidence,TX-102634
EV-TX-102636,EXT-10070,2026-09-23T12:00:00+05:30,transfer,Payment observed,Review payment evidence,TX-102636
EV-TX-102642,EXT-10070,2026-10-10T12:00:00+05:30,transfer,Payment observed,Review payment evidence,TX-102642
EV-TX-102644,EXT-10070,2026-10-20T12:00:00+05:30,transfer,Payment observed,Review payment evidence,TX-102644
EV-TX-102646,EXT-10070,2026-10-23T12:00:00+05:30,transfer,Payment observed,Review payment evidence,TX-102646
EV-TX-102652,EXT-10071,2026-08-04T12:00:00+05:30,transfer,Payment observed,Review payment evidence,TX-102652
EV-TX-102655,EXT-10071,2026-08-16T12:00:00+05:30,transfer,Payment observed,Review payment evidence,TX-102655
EV-TX-102657,EXT-10071,2026-08-23T12:00:00+05:30,transfer,Payment observed,Review payment evidence,TX-102657
EV-TX-102658,EXT-10071,2026-08-24T12:00:00+05:30,transfer,Payment observed,Review payment evidence,TX-102658
EV-TX-102664,EXT-10071,2026-09-04T12:00:00+05:30,transfer,Payment observed,Review payment evidence,TX-102664
EV-TX-102667,EXT-10071,2026-09-15T17:56:00+05:30,transfer,Payment observed,Review payment evidence,TX-102667
EV-TX-102668,EXT-10071,2026-09-15T18:02:00+05:30,transfer,Payment observed,Review payment evidence,TX-102668
EV-TX-102669,EXT-10071,2026-09-16T12:00:00+05:30,transfer,Payment observed,Review payment evidence,TX-102669
EV-TX-102678,EXT-10071,2026-10-04T12:00:00+05:30,transfer,Payment observed,Review payment evidence,TX-102678
EV-TX-102693,EXT-10071,2026-11-04T12:00:00+05:30,transfer,Payment observed,Review payment evidence,TX-102693
EV-TX-102697,EXT-10072,2026-08-08T12:00:00+05:30,transfer,Payment observed,Review payment evidence,TX-102697
EV-TX-102700,EXT-10072,2026-08-17T12:00:00+05:30,transfer,Payment observed,Review payment evidence,TX-102700
EV-TX-102701,EXT-10072,2026-08-18T12:00:00+05:30,transfer,Payment observed,Review payment evidence,TX-102701
EV-TX-102707,EXT-10072,2026-09-08T12:00:00+05:30,transfer,Payment observed,Review payment evidence,TX-102707
EV-TX-102708,EXT-10072,2026-09-08T17:59:00+05:30,transfer,Payment observed,Review payment evidence,TX-102708
EV-TX-102709,EXT-10072,2026-09-08T18:03:00+05:30,transfer,Payment observed,Review payment evidence,TX-102709
EV-TX-102711,EXT-10072,2026-09-12T17:16:00+05:30,transfer,Payment observed,Review payment evidence,TX-102711
EV-TX-102712,EXT-10072,2026-09-12T17:23:00+05:30,transfer,Payment observed,Review payment evidence,TX-102712
EV-TX-102714,EXT-10072,2026-09-17T12:00:00+05:30,transfer,Payment observed,Review payment evidence,TX-102714
EV-TX-102715,EXT-10072,2026-09-18T12:00:00+05:30,transfer,Payment observed,Review payment evidence,TX-102715
EV-TX-102722,EXT-10072,2026-10-08T12:00:00+05:30,transfer,Payment observed,Review payment evidence,TX-102722
EV-TX-102725,EXT-10072,2026-10-17T12:00:00+05:30,transfer,Payment observed,Review payment evidence,TX-102725
EV-TX-102726,EXT-10072,2026-10-18T12:00:00+05:30,transfer,Payment observed,Review payment evidence,TX-102726
EV-TX-102735,EXT-10073,2026-08-09T12:00:00+05:30,transfer,Payment observed,Review payment evidence,TX-102735
EV-TX-102736,EXT-10073,2026-08-10T12:00:00+05:30,transfer,Payment observed,Review payment evidence,TX-102736
EV-TX-102746,EXT-10073,2026-09-09T12:00:00+05:30,transfer,Payment observed,Review payment evidence,TX-102746
EV-TX-102747,EXT-10073,2026-09-10T12:00:00+05:30,transfer,Payment observed,Review payment evidence,TX-102747
EV-TX-102748,EXT-10073,2026-09-11T17:22:00+05:30,transfer,Payment observed,Review payment evidence,TX-102748
EV-TX-102749,EXT-10073,2026-09-11T17:26:00+05:30,transfer,Payment observed,Review payment evidence,TX-102749
EV-TX-102750,EXT-10073,2026-09-14T10:00:00+05:30,transfer,Payment observed,Review payment evidence,TX-102750
EV-TX-102759,EXT-10073,2026-10-09T12:00:00+05:30,transfer,Payment observed,Review payment evidence,TX-102759
EV-TX-102760,EXT-10073,2026-10-10T12:00:00+05:30,transfer,Payment observed,Review payment evidence,TX-102760
EV-TX-102771,EXT-10074,2026-08-10T12:00:00+05:30,transfer,Payment observed,Review payment evidence,TX-102771
EV-TX-102773,EXT-10074,2026-08-15T12:00:00+05:30,transfer,Payment observed,Review payment evidence,TX-102773
EV-TX-102780,EXT-10074,2026-09-10T12:00:00+05:30,transfer,Payment observed,Review payment evidence,TX-102780
EV-TX-102781,EXT-10074,2026-09-11T15:39:00+05:30,transfer,Payment observed,Review payment evidence,TX-102781
EV-TX-102782,EXT-10074,2026-09-11T15:48:00+05:30,transfer,Payment observed,Review payment evidence,TX-102782
EV-TX-102784,EXT-10074,2026-09-15T12:00:00+05:30,transfer,Payment observed,Review payment evidence,TX-102784
EV-TX-102793,EXT-10074,2026-10-10T12:00:00+05:30,transfer,Payment observed,Review payment evidence,TX-102793
EV-TX-102795,EXT-10074,2026-10-15T12:00:00+05:30,transfer,Payment observed,Review payment evidence,TX-102795
EV-TX-102808,EXT-10075,2026-08-17T12:00:00+05:30,transfer,Payment observed,Review payment evidence,TX-102808
EV-TX-102809,EXT-10075,2026-08-19T12:00:00+05:30,transfer,Payment observed,Review payment evidence,TX-102809
EV-TX-102816,EXT-10075,2026-09-11T13:08:00+05:30,transfer,Payment observed,Review payment evidence,TX-102816
EV-TX-102817,EXT-10075,2026-09-11T13:17:00+05:30,transfer,Payment observed,Review payment evidence,TX-102817
EV-TX-102818,EXT-10075,2026-09-11T13:28:00+05:30,transfer,Payment observed,Review payment evidence,TX-102818
EV-TX-102820,EXT-10075,2026-09-16T14:02:00+05:30,transfer,Payment observed,Review payment evidence,TX-102820
EV-TX-102821,EXT-10075,2026-09-16T14:05:00+05:30,transfer,Payment observed,Review payment evidence,TX-102821
EV-TX-102822,EXT-10075,2026-09-17T12:00:00+05:30,transfer,Payment observed,Review payment evidence,TX-102822
EV-TX-102823,EXT-10075,2026-09-19T12:00:00+05:30,transfer,Payment observed,Review payment evidence,TX-102823
EV-TX-102832,EXT-10075,2026-10-17T12:00:00+05:30,transfer,Payment observed,Review payment evidence,TX-102832
EV-TX-102833,EXT-10075,2026-10-19T12:00:00+05:30,transfer,Payment observed,Review payment evidence,TX-102833
EV-TX-102843,EXT-10076,2026-08-11T12:00:00+05:30,transfer,Payment observed,Review payment evidence,TX-102843
EV-TX-102845,EXT-10076,2026-08-18T12:00:00+05:30,transfer,Payment observed,Review payment evidence,TX-102845
EV-TX-102847,EXT-10076,2026-08-23T12:00:00+05:30,transfer,Payment observed,Review payment evidence,TX-102847
EV-TX-102850,EXT-10076,2026-08-28T12:00:00+05:30,transfer,Payment observed,Review payment evidence,TX-102850
EV-TX-102854,EXT-10076,2026-09-11T12:00:00+05:30,transfer,Payment observed,Review payment evidence,TX-102854
EV-TX-102856,EXT-10076,2026-09-18T12:00:00+05:30,transfer,Payment observed,Review payment evidence,TX-102856
EV-TX-102858,EXT-10076,2026-09-23T12:00:00+05:30,transfer,Payment observed,Review payment evidence,TX-102858
EV-TX-102861,EXT-10076,2026-09-28T12:00:00+05:30,transfer,Payment observed,Review payment evidence,TX-102861
EV-TX-102865,EXT-10076,2026-10-11T12:00:00+05:30,transfer,Payment observed,Review payment evidence,TX-102865
EV-TX-102867,EXT-10076,2026-10-18T12:00:00+05:30,transfer,Payment observed,Review payment evidence,TX-102867
EV-TX-102869,EXT-10076,2026-10-23T12:00:00+05:30,transfer,Payment observed,Review payment evidence,TX-102869
EV-TX-102872,EXT-10076,2026-10-28T12:00:00+05:30,transfer,Payment observed,Review payment evidence,TX-102872
EV-TX-102878,EXT-10077,2026-08-08T12:00:00+05:30,transfer,Payment observed,Review payment evidence,TX-102878
EV-TX-102882,EXT-10077,2026-08-23T12:00:00+05:30,transfer,Payment observed,Review payment evidence,TX-102882
EV-TX-102887,EXT-10077,2026-09-08T12:00:00+05:30,transfer,Payment observed,Review payment evidence,TX-102887
EV-TX-102889,EXT-10077,2026-09-09T15:22:00+05:30,transfer,Payment observed,Review payment evidence,TX-102889
EV-TX-102890,EXT-10077,2026-09-09T15:31:00+05:30,transfer,Payment observed,Review payment evidence,TX-102890
EV-TX-102893,EXT-10077,2026-09-23T12:00:00+05:30,transfer,Payment observed,Review payment evidence,TX-102893
EV-TX-102898,EXT-10077,2026-10-08T12:00:00+05:30,transfer,Payment observed,Review payment evidence,TX-102898
EV-TX-102902,EXT-10077,2026-10-23T12:00:00+05:30,transfer,Payment observed,Review payment evidence,TX-102902
EV-TX-102908,EXT-10078,2026-08-02T12:00:00+05:30,transfer,Payment observed,Review payment evidence,TX-102908
EV-TX-102912,EXT-10078,2026-08-10T12:00:00+05:30,transfer,Payment observed,Review payment evidence,TX-102912
EV-TX-102923,EXT-10078,2026-09-10T12:00:00+05:30,transfer,Payment observed,Review payment evidence,TX-102923
EV-TX-102924,EXT-10078,2026-09-12T14:57:00+05:30,transfer,Payment observed,Review payment evidence,TX-102924
EV-TX-102941,EXT-10079,2026-08-02T12:00:00+05:30,transfer,Payment observed,Review payment evidence,TX-102941
EV-TX-102945,EXT-10079,2026-08-20T12:00:00+05:30,transfer,Payment observed,Review payment evidence,TX-102945
EV-TX-102949,EXT-10079,2026-09-02T12:00:00+05:30,transfer,Payment observed,Review payment evidence,TX-102949
EV-TX-102953,EXT-10079,2026-09-20T12:00:00+05:30,transfer,Payment observed,Review payment evidence,TX-102953
EV-TX-102958,EXT-10079,2026-10-02T12:00:00+05:30,transfer,Payment observed,Review payment evidence,TX-102958
EV-TX-102962,EXT-10079,2026-10-20T12:00:00+05:30,transfer,Payment observed,Review payment evidence,TX-102962
EV-TX-102967,EXT-10079,2026-11-02T12:00:00+05:30,transfer,Payment observed,Review payment evidence,TX-102967
EV-TX-102972,EXT-10080,2026-08-08T12:00:00+05:30,transfer,Payment observed,Review payment evidence,TX-102972
EV-TX-102974,EXT-10080,2026-08-14T12:00:00+05:30,transfer,Payment observed,Review payment evidence,TX-102974
EV-TX-102980,EXT-10080,2026-09-08T12:00:00+05:30,transfer,Payment observed,Review payment evidence,TX-102980
EV-TX-102982,EXT-10080,2026-09-12T15:17:00+05:30,transfer,Payment observed,Review payment evidence,TX-102982
EV-TX-102983,EXT-10080,2026-09-12T15:26:00+05:30,transfer,Payment observed,Review payment evidence,TX-102983
EV-TX-102984,EXT-10080,2026-09-14T12:00:00+05:30,transfer,Payment observed,Review payment evidence,TX-102984
EV-TX-102994,EXT-10080,2026-10-08T12:00:00+05:30,transfer,Payment observed,Review payment evidence,TX-102994
EV-TX-102999,EXT-10081,2026-08-07T12:00:00+05:30,transfer,Payment observed,Review payment evidence,TX-102999
EV-TX-103003,EXT-10081,2026-08-21T12:00:00+05:30,transfer,Payment observed,Review payment evidence,TX-103003
EV-TX-103004,EXT-10081,2026-08-23T12:00:00+05:30,transfer,Payment observed,Review payment evidence,TX-103004
EV-TX-103006,EXT-10081,2026-08-25T12:00:00+05:30,transfer,Payment observed,Review payment evidence,TX-103006
EV-TX-103013,EXT-10081,2026-09-07T12:00:00+05:30,transfer,Payment observed,Review payment evidence,TX-103013
EV-TX-103016,EXT-10081,2026-09-12T14:00:00+05:30,transfer,Payment observed,Review payment evidence,TX-103016
EV-TX-103017,EXT-10081,2026-09-12T14:03:00+05:30,transfer,Payment observed,Review payment evidence,TX-103017
EV-TX-103018,EXT-10081,2026-09-12T14:06:00+05:30,transfer,Payment observed,Review payment evidence,TX-103018
EV-TX-103019,EXT-10081,2026-09-12T14:14:00+05:30,transfer,Payment observed,Review payment evidence,TX-103019
EV-TX-103021,EXT-10081,2026-09-18T17:34:00+05:30,transfer,Payment observed,Review payment evidence,TX-103021
EV-TX-103022,EXT-10081,2026-09-18T17:39:00+05:30,transfer,Payment observed,Review payment evidence,TX-103022
EV-TX-103023,EXT-10081,2026-09-18T17:52:00+05:30,transfer,Payment observed,Review payment evidence,TX-103023
EV-TX-103025,EXT-10081,2026-09-21T12:00:00+05:30,transfer,Payment observed,Review payment evidence,TX-103025
EV-TX-103026,EXT-10081,2026-09-23T12:00:00+05:30,transfer,Payment observed,Review payment evidence,TX-103026
EV-TX-103034,EXT-10081,2026-10-07T12:00:00+05:30,transfer,Payment observed,Review payment evidence,TX-103034
EV-TX-103046,EXT-10082,2026-08-04T12:00:00+05:30,transfer,Payment observed,Review payment evidence,TX-103046
EV-TX-103048,EXT-10082,2026-08-07T12:00:00+05:30,transfer,Payment observed,Review payment evidence,TX-103048
EV-TX-103052,EXT-10082,2026-08-22T12:00:00+05:30,transfer,Payment observed,Review payment evidence,TX-103052
EV-TX-103059,EXT-10082,2026-09-07T12:00:00+05:30,transfer,Payment observed,Review payment evidence,TX-103059
EV-TX-103060,EXT-10082,2026-09-08T16:23:00+05:30,transfer,Payment observed,Review payment evidence,TX-103060
EV-TX-103061,EXT-10082,2026-09-08T16:32:00+05:30,transfer,Payment observed,Review payment evidence,TX-103061
EV-TX-103062,EXT-10082,2026-09-08T16:31:00+05:30,transfer,Payment observed,Review payment evidence,TX-103062
EV-TX-103064,EXT-10082,2026-09-12T14:00:00+05:30,transfer,Payment observed,Review payment evidence,TX-103064
EV-TX-103065,EXT-10082,2026-09-12T14:03:00+05:30,transfer,Payment observed,Review payment evidence,TX-103065
EV-TX-103066,EXT-10082,2026-09-12T14:06:00+05:30,transfer,Payment observed,Review payment evidence,TX-103066
EV-TX-103067,EXT-10082,2026-09-12T14:14:00+05:30,transfer,Payment observed,Review payment evidence,TX-103067
EV-TX-103070,EXT-10082,2026-09-22T12:00:00+05:30,transfer,Payment observed,Review payment evidence,TX-103070
EV-TX-103076,EXT-10082,2026-10-07T12:00:00+05:30,transfer,Payment observed,Review payment evidence,TX-103076
EV-TX-103081,EXT-10082,2026-10-22T12:00:00+05:30,transfer,Payment observed,Review payment evidence,TX-103081
EV-TX-103090,EXT-10083,2026-08-04T12:00:00+05:30,transfer,Payment observed,Review payment evidence,TX-103090
EV-TX-103091,EXT-10083,2026-08-07T12:00:00+05:30,transfer,Payment observed,Review payment evidence,TX-103091
EV-TX-103092,EXT-10083,2026-08-08T12:00:00+05:30,transfer,Payment observed,Review payment evidence,TX-103092
EV-TX-103100,EXT-10083,2026-09-04T12:00:00+05:30,transfer,Payment observed,Review payment evidence,TX-103100
EV-TX-103101,EXT-10083,2026-09-07T12:00:00+05:30,transfer,Payment observed,Review payment evidence,TX-103101
EV-TX-103102,EXT-10083,2026-09-08T12:00:00+05:30,transfer,Payment observed,Review payment evidence,TX-103102
EV-TX-103105,EXT-10083,2026-09-15T16:30:00+05:30,transfer,Payment observed,Review payment evidence,TX-103105
EV-TX-103106,EXT-10083,2026-09-15T16:40:00+05:30,transfer,Payment observed,Review payment evidence,TX-103106
EV-TX-103108,EXT-10083,2026-09-21T16:10:00+05:30,transfer,Payment observed,Review payment evidence,TX-103108
EV-TX-103109,EXT-10083,2026-09-21T16:15:00+05:30,transfer,Payment observed,Review payment evidence,TX-103109
EV-TX-103114,EXT-10083,2026-10-04T12:00:00+05:30,transfer,Payment observed,Review payment evidence,TX-103114
EV-TX-103116,EXT-10083,2026-10-07T12:00:00+05:30,transfer,Payment observed,Review payment evidence,TX-103116
EV-TX-103117,EXT-10083,2026-10-08T12:00:00+05:30,transfer,Payment observed,Review payment evidence,TX-103117
EV-TX-103129,EXT-10083,2026-11-04T12:00:00+05:30,transfer,Payment observed,Review payment evidence,TX-103129
EV-TX-103133,EXT-10084,2026-08-08T12:00:00+05:30,transfer,Payment observed,Review payment evidence,TX-103133
EV-TX-103136,EXT-10084,2026-08-17T12:00:00+05:30,transfer,Payment observed,Review payment evidence,TX-103136
EV-TX-103137,EXT-10084,2026-08-18T12:00:00+05:30,transfer,Payment observed,Review payment evidence,TX-103137
EV-TX-103143,EXT-10084,2026-09-08T12:00:00+05:30,transfer,Payment observed,Review payment evidence,TX-103143
EV-TX-103146,EXT-10084,2026-09-17T12:00:00+05:30,transfer,Payment observed,Review payment evidence,TX-103146
EV-TX-103147,EXT-10084,2026-09-17T13:41:00+05:30,transfer,Payment observed,Review payment evidence,TX-103147
EV-TX-103148,EXT-10084,2026-09-17T13:47:00+05:30,transfer,Payment observed,Review payment evidence,TX-103148
EV-TX-103149,EXT-10084,2026-09-18T12:00:00+05:30,transfer,Payment observed,Review payment evidence,TX-103149
EV-TX-103150,EXT-10084,2026-09-18T17:03:00+05:30,transfer,Payment observed,Review payment evidence,TX-103150
EV-TX-103151,EXT-10084,2026-09-18T17:09:00+05:30,transfer,Payment observed,Review payment evidence,TX-103151
EV-TX-103157,EXT-10084,2026-10-08T12:00:00+05:30,transfer,Payment observed,Review payment evidence,TX-103157
EV-TX-103160,EXT-10084,2026-10-17T12:00:00+05:30,transfer,Payment observed,Review payment evidence,TX-103160
EV-TX-103161,EXT-10084,2026-10-18T12:00:00+05:30,transfer,Payment observed,Review payment evidence,TX-103161
EV-TX-103171,EXT-10085,2026-08-05T12:00:00+05:30,transfer,Payment observed,Review payment evidence,TX-103171
EV-TX-103173,EXT-10085,2026-08-09T12:00:00+05:30,transfer,Payment observed,Review payment evidence,TX-103173
EV-TX-103176,EXT-10085,2026-08-22T12:00:00+05:30,transfer,Payment observed,Review payment evidence,TX-103176
EV-TX-103179,EXT-10085,2026-08-26T12:00:00+05:30,transfer,Payment observed,Review payment evidence,TX-103179
EV-TX-103182,EXT-10085,2026-09-05T12:00:00+05:30,transfer,Payment observed,Review payment evidence,TX-103182
EV-TX-103183,EXT-10085,2026-09-08T14:02:00+05:30,transfer,Payment observed,Review payment evidence,TX-103183
EV-TX-103185,EXT-10085,2026-09-09T12:00:00+05:30,transfer,Payment observed,Review payment evidence,TX-103185
EV-TX-103186,EXT-10085,2026-09-11T10:00:00+05:30,transfer,Payment observed,Review payment evidence,TX-103186
EV-TX-103188,EXT-10085,2026-09-18T16:15:00+05:30,transfer,Payment observed,Review payment evidence,TX-103188
EV-TX-103189,EXT-10085,2026-09-18T16:25:00+05:30,transfer,Payment observed,Review payment evidence,TX-103189
EV-TX-103191,EXT-10085,2026-09-22T12:00:00+05:30,transfer,Payment observed,Review payment evidence,TX-103191
EV-TX-103194,EXT-10085,2026-09-26T12:00:00+05:30,transfer,Payment observed,Review payment evidence,TX-103194
EV-TX-103198,EXT-10085,2026-10-05T12:00:00+05:30,transfer,Payment observed,Review payment evidence,TX-103198
EV-TX-103200,EXT-10085,2026-10-09T12:00:00+05:30,transfer,Payment observed,Review payment evidence,TX-103200
EV-TX-103203,EXT-10085,2026-10-22T12:00:00+05:30,transfer,Payment observed,Review payment evidence,TX-103203
EV-TX-103210,EXT-10085,2026-11-05T12:00:00+05:30,transfer,Payment observed,Review payment evidence,TX-103210
EV-TX-103214,EXT-10086,2026-08-05T12:00:00+05:30,transfer,Payment observed,Review payment evidence,TX-103214
EV-TX-103216,EXT-10086,2026-08-10T12:00:00+05:30,transfer,Payment observed,Review payment evidence,TX-103216
EV-TX-103221,EXT-10086,2026-08-27T12:00:00+05:30,transfer,Payment observed,Review payment evidence,TX-103221
EV-TX-103224,EXT-10086,2026-09-05T12:00:00+05:30,transfer,Payment observed,Review payment evidence,TX-103224
EV-TX-103226,EXT-10086,2026-09-10T12:00:00+05:30,transfer,Payment observed,Review payment evidence,TX-103226
EV-TX-103227,EXT-10086,2026-09-13T15:58:00+05:30,transfer,Payment observed,Review payment evidence,TX-103227
EV-TX-103228,EXT-10086,2026-09-13T16:08:00+05:30,transfer,Payment observed,Review payment evidence,TX-103228
EV-TX-103238,EXT-10086,2026-10-05T12:00:00+05:30,transfer,Payment observed,Review payment evidence,TX-103238
EV-TX-103240,EXT-10086,2026-10-10T12:00:00+05:30,transfer,Payment observed,Review payment evidence,TX-103240
EV-TX-103244,EXT-10086,2026-10-27T12:00:00+05:30,transfer,Payment observed,Review payment evidence,TX-103244
EV-TX-103249,EXT-10086,2026-11-05T12:00:00+05:30,transfer,Payment observed,Review payment evidence,TX-103249
EV-TX-103256,EXT-10087,2026-08-23T12:00:00+05:30,transfer,Payment observed,Review payment evidence,TX-103256
EV-TX-103259,EXT-10087,2026-08-28T12:00:00+05:30,transfer,Payment observed,Review payment evidence,TX-103259
EV-TX-103263,EXT-10087,2026-09-14T14:51:00+05:30,transfer,Payment observed,Review payment evidence,TX-103263
EV-TX-103264,EXT-10087,2026-09-14T14:57:00+05:30,transfer,Payment observed,Review payment evidence,TX-103264
EV-TX-103265,EXT-10087,2026-09-14T14:59:00+05:30,transfer,Payment observed,Review payment evidence,TX-103265
EV-TX-103268,EXT-10087,2026-09-23T12:00:00+05:30,transfer,Payment observed,Review payment evidence,TX-103268
EV-TX-103271,EXT-10087,2026-09-28T12:00:00+05:30,transfer,Payment observed,Review payment evidence,TX-103271
EV-TX-103278,EXT-10087,2026-10-23T12:00:00+05:30,transfer,Payment observed,Review payment evidence,TX-103278
EV-TX-103287,EXT-10088,2026-08-06T12:00:00+05:30,transfer,Payment observed,Review payment evidence,TX-103287
EV-TX-103289,EXT-10088,2026-08-12T12:00:00+05:30,transfer,Payment observed,Review payment evidence,TX-103289
EV-TX-103296,EXT-10088,2026-09-06T12:00:00+05:30,transfer,Payment observed,Review payment evidence,TX-103296
EV-TX-103298,EXT-10088,2026-09-12T12:00:00+05:30,transfer,Payment observed,Review payment evidence,TX-103298
EV-TX-103300,EXT-10088,2026-09-15T17:05:00+05:30,transfer,Payment observed,Review payment evidence,TX-103300
EV-TX-103301,EXT-10088,2026-09-15T17:08:00+05:30,transfer,Payment observed,Review payment evidence,TX-103301
EV-TX-103302,EXT-10088,2026-09-15T17:23:00+05:30,transfer,Payment observed,Review payment evidence,TX-103302
EV-TX-103309,EXT-10088,2026-10-06T12:00:00+05:30,transfer,Payment observed,Review payment evidence,TX-103309
EV-TX-103312,EXT-10088,2026-10-12T12:00:00+05:30,transfer,Payment observed,Review payment evidence,TX-103312
EV-TX-103323,EXT-10089,2026-08-07T12:00:00+05:30,transfer,Payment observed,Review payment evidence,TX-103323
EV-TX-103326,EXT-10089,2026-08-19T12:00:00+05:30,transfer,Payment observed,Review payment evidence,TX-103326
EV-TX-103329,EXT-10089,2026-08-23T12:00:00+05:30,transfer,Payment observed,Review payment evidence,TX-103329
EV-TX-103333,EXT-10089,2026-09-07T12:00:00+05:30,transfer,Payment observed,Review payment evidence,TX-103333
EV-TX-103336,EXT-10089,2026-09-19T12:00:00+05:30,transfer,Payment observed,Review payment evidence,TX-103336
EV-TX-103339,EXT-10089,2026-09-23T12:00:00+05:30,transfer,Payment observed,Review payment evidence,TX-103339
EV-TX-103343,EXT-10089,2026-10-07T12:00:00+05:30,transfer,Payment observed,Review payment evidence,TX-103343
EV-TX-103346,EXT-10089,2026-10-19T12:00:00+05:30,transfer,Payment observed,Review payment evidence,TX-103346
EV-TX-103349,EXT-10089,2026-10-23T12:00:00+05:30,transfer,Payment observed,Review payment evidence,TX-103349
EV-TX-103359,EXT-10090,2026-08-09T12:00:00+05:30,transfer,Payment observed,Review payment evidence,TX-103359
EV-TX-103362,EXT-10090,2026-08-23T12:00:00+05:30,transfer,Payment observed,Review payment evidence,TX-103362
EV-TX-103367,EXT-10090,2026-09-09T12:00:00+05:30,transfer,Payment observed,Review payment evidence,TX-103367
EV-TX-103368,EXT-10090,2026-09-09T17:24:00+05:30,transfer,Payment observed,Review payment evidence,TX-103368
EV-TX-103369,EXT-10090,2026-09-09T17:31:00+05:30,transfer,Payment observed,Review payment evidence,TX-103369
EV-TX-103371,EXT-10090,2026-09-20T13:59:00+05:30,transfer,Payment observed,Review payment evidence,TX-103371
EV-TX-103372,EXT-10090,2026-09-20T14:06:00+05:30,transfer,Payment observed,Review payment evidence,TX-103372
EV-TX-103380,EXT-10090,2026-10-09T12:00:00+05:30,transfer,Payment observed,Review payment evidence,TX-103380
EV-TX-103392,EXT-10091,2026-08-13T12:00:00+05:30,transfer,Payment observed,Review payment evidence,TX-103392
EV-TX-103394,EXT-10091,2026-08-19T12:00:00+05:30,transfer,Payment observed,Review payment evidence,TX-103394
EV-TX-103396,EXT-10091,2026-08-21T12:00:00+05:30,transfer,Payment observed,Review payment evidence,TX-103396
EV-TX-103399,EXT-10091,2026-08-24T12:00:00+05:30,transfer,Payment observed,Review payment evidence,TX-103399
EV-TX-103429,EXT-10092,2026-08-03T12:00:00+05:30,transfer,Payment observed,Review payment evidence,TX-103429
EV-TX-103433,EXT-10092,2026-08-20T12:00:00+05:30,transfer,Payment observed,Review payment evidence,TX-103433
EV-TX-103435,EXT-10092,2026-08-21T12:00:00+05:30,transfer,Payment observed,Review payment evidence,TX-103435
EV-TX-103439,EXT-10092,2026-09-03T12:00:00+05:30,transfer,Payment observed,Review payment evidence,TX-103439
EV-TX-103442,EXT-10092,2026-09-13T13:31:00+05:30,transfer,Payment observed,Review payment evidence,TX-103442
EV-TX-103443,EXT-10092,2026-09-13T13:35:00+05:30,transfer,Payment observed,Review payment evidence,TX-103443
EV-TX-103444,EXT-10092,2026-09-13T13:37:00+05:30,transfer,Payment observed,Review payment evidence,TX-103444
EV-TX-103446,EXT-10092,2026-09-19T14:55:00+05:30,transfer,Payment observed,Review payment evidence,TX-103446
EV-TX-103447,EXT-10092,2026-09-20T12:00:00+05:30,transfer,Payment observed,Review payment evidence,TX-103447
EV-TX-103468,EXT-10093,2026-08-03T12:00:00+05:30,transfer,Payment observed,Review payment evidence,TX-103468
EV-TX-103471,EXT-10093,2026-08-14T12:00:00+05:30,transfer,Payment observed,Review payment evidence,TX-103471
EV-TX-103476,EXT-10093,2026-08-26T12:00:00+05:30,transfer,Payment observed,Review payment evidence,TX-103476
EV-TX-103478,EXT-10093,2026-09-03T12:00:00+05:30,transfer,Payment observed,Review payment evidence,TX-103478
EV-TX-103481,EXT-10093,2026-09-14T12:00:00+05:30,transfer,Payment observed,Review payment evidence,TX-103481
EV-TX-103483,EXT-10093,2026-09-19T14:00:00+05:30,transfer,Payment observed,Review payment evidence,TX-103483
EV-TX-103484,EXT-10093,2026-09-19T14:03:00+05:30,transfer,Payment observed,Review payment evidence,TX-103484
EV-TX-103485,EXT-10093,2026-09-19T14:06:00+05:30,transfer,Payment observed,Review payment evidence,TX-103485
EV-TX-103486,EXT-10093,2026-09-19T14:14:00+05:30,transfer,Payment observed,Review payment evidence,TX-103486
EV-TX-103490,EXT-10093,2026-09-26T12:00:00+05:30,transfer,Payment observed,Review payment evidence,TX-103490
EV-TX-103492,EXT-10093,2026-10-03T12:00:00+05:30,transfer,Payment observed,Review payment evidence,TX-103492
EV-TX-103495,EXT-10093,2026-10-14T12:00:00+05:30,transfer,Payment observed,Review payment evidence,TX-103495
EV-TX-103500,EXT-10093,2026-10-26T12:00:00+05:30,transfer,Payment observed,Review payment evidence,TX-103500
EV-TX-103502,EXT-10093,2026-11-03T12:00:00+05:30,transfer,Payment observed,Review payment evidence,TX-103502
EV-TX-103506,EXT-10094,2026-08-03T12:00:00+05:30,transfer,Payment observed,Review payment evidence,TX-103506
EV-TX-103508,EXT-10094,2026-08-10T12:00:00+05:30,transfer,Payment observed,Review payment evidence,TX-103508
EV-TX-103509,EXT-10094,2026-08-12T12:00:00+05:30,transfer,Payment observed,Review payment evidence,TX-103509
EV-TX-103511,EXT-10094,2026-08-19T12:00:00+05:30,transfer,Payment observed,Review payment evidence,TX-103511
EV-TX-103517,EXT-10094,2026-09-03T12:00:00+05:30,transfer,Payment observed,Review payment evidence,TX-103517
EV-TX-103519,EXT-10094,2026-09-10T12:00:00+05:30,transfer,Payment observed,Review payment evidence,TX-103519
EV-TX-103520,EXT-10094,2026-09-12T12:00:00+05:30,transfer,Payment observed,Review payment evidence,TX-103520
EV-TX-103521,EXT-10094,2026-09-12T14:00:00+05:30,transfer,Payment observed,Review payment evidence,TX-103521
EV-TX-103522,EXT-10094,2026-09-12T14:03:00+05:30,transfer,Payment observed,Review payment evidence,TX-103522
EV-TX-103523,EXT-10094,2026-09-12T14:06:00+05:30,transfer,Payment observed,Review payment evidence,TX-103523
EV-TX-103524,EXT-10094,2026-09-12T14:14:00+05:30,transfer,Payment observed,Review payment evidence,TX-103524
EV-TX-103526,EXT-10094,2026-09-19T12:00:00+05:30,transfer,Payment observed,Review payment evidence,TX-103526
EV-TX-103532,EXT-10094,2026-10-03T12:00:00+05:30,transfer,Payment observed,Review payment evidence,TX-103532
EV-TX-103534,EXT-10094,2026-10-10T12:00:00+05:30,transfer,Payment observed,Review payment evidence,TX-103534
EV-TX-103535,EXT-10094,2026-10-12T12:00:00+05:30,transfer,Payment observed,Review payment evidence,TX-103535
EV-TX-103537,EXT-10094,2026-10-19T12:00:00+05:30,transfer,Payment observed,Review payment evidence,TX-103537
EV-TX-103543,EXT-10094,2026-11-03T12:00:00+05:30,transfer,Payment observed,Review payment evidence,TX-103543
EV-TX-103547,EXT-10095,2026-08-06T12:00:00+05:30,transfer,Payment observed,Review payment evidence,TX-103547
EV-TX-103549,EXT-10095,2026-08-09T12:00:00+05:30,transfer,Payment observed,Review payment evidence,TX-103549
EV-TX-103554,EXT-10095,2026-08-26T12:00:00+05:30,transfer,Payment observed,Review payment evidence,TX-103554
EV-TX-103557,EXT-10095,2026-09-06T12:00:00+05:30,transfer,Payment observed,Review payment evidence,TX-103557
EV-TX-103559,EXT-10095,2026-09-09T12:00:00+05:30,transfer,Payment observed,Review payment evidence,TX-103559
EV-TX-103560,EXT-10095,2026-09-10T16:59:00+05:30,transfer,Payment observed,Review payment evidence,TX-103560
EV-TX-103561,EXT-10095,2026-09-10T17:09:00+05:30,transfer,Payment observed,Review payment evidence,TX-103561
EV-TX-103562,EXT-10095,2026-09-10T17:05:00+05:30,transfer,Payment observed,Review payment evidence,TX-103562
EV-TX-103563,EXT-10095,2026-09-11T15:29:00+05:30,transfer,Payment observed,Review payment evidence,TX-103563
EV-TX-103564,EXT-10095,2026-09-11T15:34:00+05:30,transfer,Payment observed,Review payment evidence,TX-103564
EV-TX-103566,EXT-10095,2026-09-17T13:55:00+05:30,transfer,Payment observed,Review payment evidence,TX-103566
EV-TX-103567,EXT-10095,2026-09-17T14:01:00+05:30,transfer,Payment observed,Review payment evidence,TX-103567
EV-TX-103575,EXT-10095,2026-10-06T12:00:00+05:30,transfer,Payment observed,Review payment evidence,TX-103575
EV-TX-103577,EXT-10095,2026-10-09T12:00:00+05:30,transfer,Payment observed,Review payment evidence,TX-103577
EV-TX-103582,EXT-10095,2026-10-26T12:00:00+05:30,transfer,Payment observed,Review payment evidence,TX-103582
EV-TX-103589,EXT-10096,2026-08-04T12:00:00+05:30,transfer,Payment observed,Review payment evidence,TX-103589
EV-TX-103591,EXT-10096,2026-08-10T12:00:00+05:30,transfer,Payment observed,Review payment evidence,TX-103591
EV-TX-103593,EXT-10096,2026-08-17T12:00:00+05:30,transfer,Payment observed,Review payment evidence,TX-103593
EV-TX-103596,EXT-10096,2026-08-28T12:00:00+05:30,transfer,Payment observed,Review payment evidence,TX-103596
EV-TX-103600,EXT-10096,2026-09-04T12:00:00+05:30,transfer,Payment observed,Review payment evidence,TX-103600
EV-TX-103602,EXT-10096,2026-09-10T12:00:00+05:30,transfer,Payment observed,Review payment evidence,TX-103602
EV-TX-103604,EXT-10096,2026-09-16T16:59:00+05:30,transfer,Payment observed,Review payment evidence,TX-103604
EV-TX-103605,EXT-10096,2026-09-16T17:08:00+05:30,transfer,Payment observed,Review payment evidence,TX-103605
EV-TX-103606,EXT-10096,2026-09-17T12:00:00+05:30,transfer,Payment observed,Review payment evidence,TX-103606
EV-TX-103609,EXT-10096,2026-09-28T12:00:00+05:30,transfer,Payment observed,Review payment evidence,TX-103609
EV-TX-103613,EXT-10096,2026-10-04T12:00:00+05:30,transfer,Payment observed,Review payment evidence,TX-103613
EV-TX-103615,EXT-10096,2026-10-10T12:00:00+05:30,transfer,Payment observed,Review payment evidence,TX-103615
EV-TX-103617,EXT-10096,2026-10-17T12:00:00+05:30,transfer,Payment observed,Review payment evidence,TX-103617
EV-TX-103620,EXT-10096,2026-10-28T12:00:00+05:30,transfer,Payment observed,Review payment evidence,TX-103620
EV-TX-103624,EXT-10096,2026-11-04T12:00:00+05:30,transfer,Payment observed,Review payment evidence,TX-103624
EV-TX-103628,EXT-10097,2026-08-03T12:00:00+05:30,transfer,Payment observed,Review payment evidence,TX-103628
EV-TX-103630,EXT-10097,2026-08-14T12:00:00+05:30,transfer,Payment observed,Review payment evidence,TX-103630
EV-TX-103632,EXT-10097,2026-08-18T12:00:00+05:30,transfer,Payment observed,Review payment evidence,TX-103632
EV-TX-103634,EXT-10097,2026-08-21T12:00:00+05:30,transfer,Payment observed,Review payment evidence,TX-103634
EV-TX-103640,EXT-10097,2026-09-03T12:00:00+05:30,transfer,Payment observed,Review payment evidence,TX-103640
EV-TX-103643,EXT-10097,2026-09-10T15:29:00+05:30,transfer,Payment observed,Review payment evidence,TX-103643
EV-TX-103644,EXT-10097,2026-09-10T15:36:00+05:30,transfer,Payment observed,Review payment evidence,TX-103644
EV-TX-103645,EXT-10097,2026-09-13T10:00:00+05:30,transfer,Payment observed,Review payment evidence,TX-103645
EV-TX-103646,EXT-10097,2026-09-14T12:00:00+05:30,transfer,Payment observed,Review payment evidence,TX-103646
EV-TX-103648,EXT-10097,2026-09-18T12:00:00+05:30,transfer,Payment observed,Review payment evidence,TX-103648
EV-TX-103650,EXT-10097,2026-09-21T12:00:00+05:30,transfer,Payment observed,Review payment evidence,TX-103650
EV-TX-103656,EXT-10097,2026-10-03T12:00:00+05:30,transfer,Payment observed,Review payment evidence,TX-103656
EV-TX-103658,EXT-10097,2026-10-14T12:00:00+05:30,transfer,Payment observed,Review payment evidence,TX-103658
EV-TX-103660,EXT-10097,2026-10-18T12:00:00+05:30,transfer,Payment observed,Review payment evidence,TX-103660
EV-TX-103662,EXT-10097,2026-10-21T12:00:00+05:30,transfer,Payment observed,Review payment evidence,TX-103662
EV-TX-103667,EXT-10097,2026-11-03T12:00:00+05:30,transfer,Payment observed,Review payment evidence,TX-103667
EV-TX-103670,EXT-10098,2026-08-07T12:00:00+05:30,transfer,Payment observed,Review payment evidence,TX-103670
EV-TX-103672,EXT-10098,2026-08-09T12:00:00+05:30,transfer,Payment observed,Review payment evidence,TX-103672
EV-TX-103678,EXT-10098,2026-08-28T12:00:00+05:30,transfer,Payment observed,Review payment evidence,TX-103678
EV-TX-103681,EXT-10098,2026-09-07T12:00:00+05:30,transfer,Payment observed,Review payment evidence,TX-103681
EV-TX-103682,EXT-10098,2026-09-08T16:45:00+05:30,transfer,Payment observed,Review payment evidence,TX-103682
EV-TX-103683,EXT-10098,2026-09-08T16:54:00+05:30,transfer,Payment observed,Review payment evidence,TX-103683
EV-TX-103685,EXT-10098,2026-09-09T12:00:00+05:30,transfer,Payment observed,Review payment evidence,TX-103685
EV-TX-103693,EXT-10098,2026-09-28T12:00:00+05:30,transfer,Payment observed,Review payment evidence,TX-103693
EV-TX-103696,EXT-10098,2026-10-07T12:00:00+05:30,transfer,Payment observed,Review payment evidence,TX-103696
EV-TX-103698,EXT-10098,2026-10-09T12:00:00+05:30,transfer,Payment observed,Review payment evidence,TX-103698
EV-TX-103706,EXT-10098,2026-10-28T12:00:00+05:30,transfer,Payment observed,Review payment evidence,TX-103706
EV-TX-103712,EXT-10099,2026-08-08T12:00:00+05:30,transfer,Payment observed,Review payment evidence,TX-103712
EV-TX-103714,EXT-10099,2026-08-10T12:00:00+05:30,transfer,Payment observed,Review payment evidence,TX-103714
EV-TX-103716,EXT-10099,2026-08-15T12:00:00+05:30,transfer,Payment observed,Review payment evidence,TX-103716
EV-TX-103717,EXT-10099,2026-08-16T12:00:00+05:30,transfer,Payment observed,Review payment evidence,TX-103717
EV-TX-103725,EXT-10099,2026-09-08T12:00:00+05:30,transfer,Payment observed,Review payment evidence,TX-103725
EV-TX-103727,EXT-10099,2026-09-09T14:06:00+05:30,transfer,Payment observed,Review payment evidence,TX-103727
EV-TX-103728,EXT-10099,2026-09-09T14:12:00+05:30,transfer,Payment observed,Review payment evidence,TX-103728
EV-TX-103729,EXT-10099,2026-09-10T12:00:00+05:30,transfer,Payment observed,Review payment evidence,TX-103729
EV-TX-103730,EXT-10099,2026-09-10T14:55:00+05:30,transfer,Payment observed,Review payment evidence,TX-103730
EV-TX-103731,EXT-10099,2026-09-10T15:03:00+05:30,transfer,Payment observed,Review payment evidence,TX-103731
EV-TX-103732,EXT-10099,2026-09-10T15:03:00+05:30,transfer,Payment observed,Review payment evidence,TX-103732
EV-TX-103734,EXT-10099,2026-09-15T12:00:00+05:30,transfer,Payment observed,Review payment evidence,TX-103734
EV-TX-103735,EXT-10099,2026-09-16T12:00:00+05:30,transfer,Payment observed,Review payment evidence,TX-103735
EV-TX-103743,EXT-10099,2026-10-08T12:00:00+05:30,transfer,Payment observed,Review payment evidence,TX-103743
EV-TX-103745,EXT-10099,2026-10-10T12:00:00+05:30,transfer,Payment observed,Review payment evidence,TX-103745
EV-TX-103747,EXT-10099,2026-10-15T12:00:00+05:30,transfer,Payment observed,Review payment evidence,TX-103747
EV-TX-103748,EXT-10099,2026-10-16T12:00:00+05:30,transfer,Payment observed,Review payment evidence,TX-103748
EV-TX-103757,EXT-10100,2026-08-08T12:00:00+05:30,transfer,Payment observed,Review payment evidence,TX-103757
EV-TX-103759,EXT-10100,2026-08-09T12:00:00+05:30,transfer,Payment observed,Review payment evidence,TX-103759
EV-TX-103762,EXT-10100,2026-08-22T12:00:00+05:30,transfer,Payment observed,Review payment evidence,TX-103762
EV-TX-103764,EXT-10100,2026-08-27T12:00:00+05:30,transfer,Payment observed,Review payment evidence,TX-103764
EV-TX-103767,EXT-10100,2026-09-08T12:00:00+05:30,transfer,Payment observed,Review payment evidence,TX-103767
EV-TX-103769,EXT-10100,2026-09-09T12:00:00+05:30,transfer,Payment observed,Review payment evidence,TX-103769
EV-TX-103772,EXT-10100,2026-09-22T12:00:00+05:30,transfer,Payment observed,Review payment evidence,TX-103772
EV-TX-103774,EXT-10100,2026-09-27T12:00:00+05:30,transfer,Payment observed,Review payment evidence,TX-103774
EV-TX-103777,EXT-10100,2026-10-08T12:00:00+05:30,transfer,Payment observed,Review payment evidence,TX-103777
EV-TX-103779,EXT-10100,2026-10-09T12:00:00+05:30,transfer,Payment observed,Review payment evidence,TX-103779
EV-TX-103782,EXT-10100,2026-10-22T12:00:00+05:30,transfer,Payment observed,Review payment evidence,TX-103782
EV-TX-103784,EXT-10100,2026-10-27T12:00:00+05:30,transfer,Payment observed,Review payment evidence,TX-103784
EV-TX-103788,EXT-10101,2026-08-03T12:00:00+05:30,transfer,Payment observed,Review payment evidence,TX-103788
EV-TX-103789,EXT-10101,2026-08-05T12:00:00+05:30,transfer,Payment observed,Review payment evidence,TX-103789
EV-TX-103791,EXT-10101,2026-08-12T12:00:00+05:30,transfer,Payment observed,Review payment evidence,TX-103791
EV-TX-103793,EXT-10101,2026-08-18T12:00:00+05:30,transfer,Payment observed,Review payment evidence,TX-103793
EV-TX-103800,EXT-10101,2026-09-03T12:00:00+05:30,transfer,Payment observed,Review payment evidence,TX-103800
EV-TX-103801,EXT-10101,2026-09-05T12:00:00+05:30,transfer,Payment observed,Review payment evidence,TX-103801
EV-TX-103803,EXT-10101,2026-09-12T12:00:00+05:30,transfer,Payment observed,Review payment evidence,TX-103803
EV-TX-103805,EXT-10101,2026-09-18T12:00:00+05:30,transfer,Payment observed,Review payment evidence,TX-103805
EV-TX-103806,EXT-10101,2026-09-20T17:28:00+05:30,transfer,Payment observed,Review payment evidence,TX-103806
EV-TX-103807,EXT-10101,2026-09-20T17:35:00+05:30,transfer,Payment observed,Review payment evidence,TX-103807
EV-TX-103817,EXT-10101,2026-10-03T12:00:00+05:30,transfer,Payment observed,Review payment evidence,TX-103817
EV-TX-103818,EXT-10101,2026-10-05T12:00:00+05:30,transfer,Payment observed,Review payment evidence,TX-103818
EV-TX-103820,EXT-10101,2026-10-12T12:00:00+05:30,transfer,Payment observed,Review payment evidence,TX-103820
EV-TX-103822,EXT-10101,2026-10-18T12:00:00+05:30,transfer,Payment observed,Review payment evidence,TX-103822
EV-TX-103829,EXT-10101,2026-11-03T12:00:00+05:30,transfer,Payment observed,Review payment evidence,TX-103829
EV-TX-103830,EXT-10101,2026-11-05T12:00:00+05:30,transfer,Payment observed,Review payment evidence,TX-103830
EV-TX-103833,EXT-10102,2026-08-04T12:00:00+05:30,transfer,Payment observed,Review payment evidence,TX-103833
EV-TX-103835,EXT-10102,2026-08-09T12:00:00+05:30,transfer,Payment observed,Review payment evidence,TX-103835
EV-TX-103836,EXT-10102,2026-08-10T12:00:00+05:30,transfer,Payment observed,Review payment evidence,TX-103836
EV-TX-103844,EXT-10102,2026-09-04T12:00:00+05:30,transfer,Payment observed,Review payment evidence,TX-103844
EV-TX-103846,EXT-10102,2026-09-09T12:00:00+05:30,transfer,Payment observed,Review payment evidence,TX-103846
EV-TX-103847,EXT-10102,2026-09-10T12:00:00+05:30,transfer,Payment observed,Review payment evidence,TX-103847
EV-TX-103848,EXT-10102,2026-09-10T16:28:00+05:30,transfer,Payment observed,Review payment evidence,TX-103848
EV-TX-103849,EXT-10102,2026-09-10T16:38:00+05:30,transfer,Payment observed,Review payment evidence,TX-103849
EV-TX-103859,EXT-10102,2026-10-04T12:00:00+05:30,transfer,Payment observed,Review payment evidence,TX-103859
EV-TX-103872,EXT-10102,2026-11-04T12:00:00+05:30,transfer,Payment observed,Review payment evidence,TX-103872
EV-TX-103876,EXT-10103,2026-08-04T12:00:00+05:30,transfer,Payment observed,Review payment evidence,TX-103876
EV-TX-103879,EXT-10103,2026-08-17T12:00:00+05:30,transfer,Payment observed,Review payment evidence,TX-103879
EV-TX-103880,EXT-10103,2026-08-18T12:00:00+05:30,transfer,Payment observed,Review payment evidence,TX-103880
EV-TX-103882,EXT-10103,2026-08-21T12:00:00+05:30,transfer,Payment observed,Review payment evidence,TX-103882
EV-TX-103898,EXT-10103,2026-10-04T12:00:00+05:30,transfer,Payment observed,Review payment evidence,TX-103898
EV-TX-103911,EXT-10103,2026-11-04T12:00:00+05:30,transfer,Payment observed,Review payment evidence,TX-103911
EV-TX-103915,EXT-10104,2026-08-07T12:00:00+05:30,transfer,Payment observed,Review payment evidence,TX-103915
EV-TX-103917,EXT-10104,2026-08-13T12:00:00+05:30,transfer,Payment observed,Review payment evidence,TX-103917
EV-TX-103921,EXT-10104,2026-08-23T12:00:00+05:30,transfer,Payment observed,Review payment evidence,TX-103921
EV-TX-103922,EXT-10104,2026-08-25T12:00:00+05:30,transfer,Payment observed,Review payment evidence,TX-103922
EV-TX-103926,EXT-10104,2026-09-07T12:00:00+05:30,transfer,Payment observed,Review payment evidence,TX-103926
EV-TX-103927,EXT-10104,2026-09-08T16:07:00+05:30,transfer,Payment observed,Review payment evidence,TX-103927
EV-TX-103928,EXT-10104,2026-09-08T16:11:00+05:30,transfer,Payment observed,Review payment evidence,TX-103928
EV-TX-103930,EXT-10104,2026-09-10T16:00:00+05:30,transfer,Payment observed,Review payment evidence,TX-103930
EV-TX-103931,EXT-10104,2026-09-10T16:08:00+05:30,transfer,Payment observed,Review payment evidence,TX-103931
EV-TX-103932,EXT-10104,2026-09-13T12:00:00+05:30,transfer,Payment observed,Review payment evidence,TX-103932
EV-TX-103943,EXT-10104,2026-10-07T12:00:00+05:30,transfer,Payment observed,Review payment evidence,TX-103943
EV-TX-103945,EXT-10104,2026-10-13T12:00:00+05:30,transfer,Payment observed,Review payment evidence,TX-103945
EV-TX-103959,EXT-10105,2026-08-05T12:00:00+05:30,transfer,Payment observed,Review payment evidence,TX-103959
EV-TX-103961,EXT-10105,2026-08-12T12:00:00+05:30,transfer,Payment observed,Review payment evidence,TX-103961
EV-TX-103969,EXT-10105,2026-09-05T12:00:00+05:30,transfer,Payment observed,Review payment evidence,TX-103969
EV-TX-103971,EXT-10105,2026-09-11T16:43:00+05:30,transfer,Payment observed,Review payment evidence,TX-103971
EV-TX-103972,EXT-10105,2026-09-11T16:51:00+05:30,transfer,Payment observed,Review payment evidence,TX-103972
EV-TX-103973,EXT-10105,2026-09-12T12:00:00+05:30,transfer,Payment observed,Review payment evidence,TX-103973
EV-TX-103974,EXT-10105,2026-09-12T14:00:00+05:30,transfer,Payment observed,Review payment evidence,TX-103974
EV-TX-103975,EXT-10105,2026-09-12T14:03:00+05:30,transfer,Payment observed,Review payment evidence,TX-103975
EV-TX-103976,EXT-10105,2026-09-12T14:06:00+05:30,transfer,Payment observed,Review payment evidence,TX-103976
EV-TX-103977,EXT-10105,2026-09-12T14:14:00+05:30,transfer,Payment observed,Review payment evidence,TX-103977
EV-TX-103985,EXT-10105,2026-10-05T12:00:00+05:30,transfer,Payment observed,Review payment evidence,TX-103985
EV-TX-103987,EXT-10105,2026-10-12T12:00:00+05:30,transfer,Payment observed,Review payment evidence,TX-103987
EV-TX-103996,EXT-10105,2026-11-05T12:00:00+05:30,transfer,Payment observed,Review payment evidence,TX-103996
EV-TX-104001,EXT-10106,2026-08-14T12:00:00+05:30,transfer,Payment observed,Review payment evidence,TX-104001
EV-TX-104005,EXT-10106,2026-08-23T12:00:00+05:30,transfer,Payment observed,Review payment evidence,TX-104005
EV-TX-104007,EXT-10106,2026-08-27T12:00:00+05:30,transfer,Payment observed,Review payment evidence,TX-104007
EV-TX-104011,EXT-10106,2026-09-11T14:00:00+05:30,transfer,Payment observed,Review payment evidence,TX-104011
EV-TX-104012,EXT-10106,2026-09-11T14:03:00+05:30,transfer,Payment observed,Review payment evidence,TX-104012
EV-TX-104013,EXT-10106,2026-09-11T14:06:00+05:30,transfer,Payment observed,Review payment evidence,TX-104013
EV-TX-104014,EXT-10106,2026-09-11T14:14:00+05:30,transfer,Payment observed,Review payment evidence,TX-104014
EV-TX-104015,EXT-10106,2026-09-12T16:00:00+05:30,transfer,Payment observed,Review payment evidence,TX-104015
EV-TX-104016,EXT-10106,2026-09-12T16:06:00+05:30,transfer,Payment observed,Review payment evidence,TX-104016
EV-TX-104017,EXT-10106,2026-09-14T12:00:00+05:30,transfer,Payment observed,Review payment evidence,TX-104017
EV-TX-104021,EXT-10106,2026-09-23T12:00:00+05:30,transfer,Payment observed,Review payment evidence,TX-104021
EV-TX-104023,EXT-10106,2026-09-27T12:00:00+05:30,transfer,Payment observed,Review payment evidence,TX-104023
EV-TX-104027,EXT-10106,2026-10-14T12:00:00+05:30,transfer,Payment observed,Review payment evidence,TX-104027
EV-TX-104031,EXT-10106,2026-10-23T12:00:00+05:30,transfer,Payment observed,Review payment evidence,TX-104031
EV-TX-104033,EXT-10106,2026-10-27T12:00:00+05:30,transfer,Payment observed,Review payment evidence,TX-104033
EV-TX-104039,EXT-10107,2026-08-05T12:00:00+05:30,transfer,Payment observed,Review payment evidence,TX-104039
EV-TX-104040,EXT-10107,2026-08-06T12:00:00+05:30,transfer,Payment observed,Review payment evidence,TX-104040
EV-TX-104044,EXT-10107,2026-08-21T12:00:00+05:30,transfer,Payment observed,Review payment evidence,TX-104044
EV-TX-104049,EXT-10107,2026-09-05T12:00:00+05:30,transfer,Payment observed,Review payment evidence,TX-104049
EV-TX-104050,EXT-10107,2026-09-06T12:00:00+05:30,transfer,Payment observed,Review payment evidence,TX-104050
EV-TX-104052,EXT-10107,2026-09-10T14:52:00+05:30,transfer,Payment observed,Review payment evidence,TX-104052
EV-TX-104054,EXT-10107,2026-09-16T14:02:00+05:30,transfer,Payment observed,Review payment evidence,TX-104054
EV-TX-104055,EXT-10107,2026-09-16T14:12:00+05:30,transfer,Payment observed,Review payment evidence,TX-104055
EV-TX-104057,EXT-10107,2026-09-21T12:00:00+05:30,transfer,Payment observed,Review payment evidence,TX-104057
EV-TX-104063,EXT-10107,2026-10-05T12:00:00+05:30,transfer,Payment observed,Review payment evidence,TX-104063
EV-TX-104064,EXT-10107,2026-10-06T12:00:00+05:30,transfer,Payment observed,Review payment evidence,TX-104064
EV-TX-104068,EXT-10107,2026-10-21T12:00:00+05:30,transfer,Payment observed,Review payment evidence,TX-104068
EV-TX-104073,EXT-10107,2026-11-05T12:00:00+05:30,transfer,Payment observed,Review payment evidence,TX-104073
EV-TX-104077,EXT-10108,2026-08-05T12:00:00+05:30,transfer,Payment observed,Review payment evidence,TX-104077
EV-TX-104078,EXT-10108,2026-08-07T12:00:00+05:30,transfer,Payment observed,Review payment evidence,TX-104078
EV-TX-104086,EXT-10108,2026-09-05T12:00:00+05:30,transfer,Payment observed,Review payment evidence,TX-104086
EV-TX-104087,EXT-10108,2026-09-07T12:00:00+05:30,transfer,Payment observed,Review payment evidence,TX-104087
EV-TX-104090,EXT-10108,2026-09-19T13:40:00+05:30,transfer,Payment observed,Review payment evidence,TX-104090
EV-TX-104091,EXT-10108,2026-09-19T13:46:00+05:30,transfer,Payment observed,Review payment evidence,TX-104091
EV-TX-104092,EXT-10108,2026-09-19T13:54:00+05:30,transfer,Payment observed,Review payment evidence,TX-104092
EV-TX-104098,EXT-10108,2026-10-05T12:00:00+05:30,transfer,Payment observed,Review payment evidence,TX-104098
EV-TX-104099,EXT-10108,2026-10-07T12:00:00+05:30,transfer,Payment observed,Review payment evidence,TX-104099
EV-TX-104107,EXT-10108,2026-11-05T12:00:00+05:30,transfer,Payment observed,Review payment evidence,TX-104107
EV-TX-104112,EXT-10109,2026-08-12T12:00:00+05:30,transfer,Payment observed,Review payment evidence,TX-104112
EV-TX-104116,EXT-10109,2026-08-21T12:00:00+05:30,transfer,Payment observed,Review payment evidence,TX-104116
EV-TX-104121,EXT-10109,2026-09-12T12:00:00+05:30,transfer,Payment observed,Review payment evidence,TX-104121
EV-TX-104123,EXT-10109,2026-09-18T17:04:00+05:30,transfer,Payment observed,Review payment evidence,TX-104123
EV-TX-104124,EXT-10109,2026-09-18T17:11:00+05:30,transfer,Payment observed,Review payment evidence,TX-104124
EV-TX-104125,EXT-10109,2026-09-18T17:24:00+05:30,transfer,Payment observed,Review payment evidence,TX-104125
EV-TX-104129,EXT-10109,2026-09-21T10:00:00+05:30,transfer,Payment observed,Review payment evidence,TX-104129
EV-TX-104135,EXT-10109,2026-10-12T12:00:00+05:30,transfer,Payment observed,Review payment evidence,TX-104135
EV-TX-104139,EXT-10109,2026-10-21T12:00:00+05:30,transfer,Payment observed,Review payment evidence,TX-104139
EV-TX-104146,EXT-10110,2026-08-05T12:00:00+05:30,transfer,Payment observed,Review payment evidence,TX-104146
EV-TX-104150,EXT-10110,2026-08-21T12:00:00+05:30,transfer,Payment observed,Review payment evidence,TX-104150
EV-TX-104154,EXT-10110,2026-09-05T12:00:00+05:30,transfer,Payment observed,Review payment evidence,TX-104154
EV-TX-104156,EXT-10110,2026-09-11T13:41:00+05:30,transfer,Payment observed,Review payment evidence,TX-104156
EV-TX-104157,EXT-10110,2026-09-11T13:44:00+05:30,transfer,Payment observed,Review payment evidence,TX-104157
EV-TX-104159,EXT-10110,2026-09-18T15:36:00+05:30,transfer,Payment observed,Review payment evidence,TX-104159
EV-TX-104160,EXT-10110,2026-09-18T15:40:00+05:30,transfer,Payment observed,Review payment evidence,TX-104160
EV-TX-104161,EXT-10110,2026-09-18T15:50:00+05:30,transfer,Payment observed,Review payment evidence,TX-104161
EV-TX-104163,EXT-10110,2026-09-21T12:00:00+05:30,transfer,Payment observed,Review payment evidence,TX-104163
EV-TX-104168,EXT-10110,2026-10-05T12:00:00+05:30,transfer,Payment observed,Review payment evidence,TX-104168
EV-TX-104172,EXT-10110,2026-10-21T12:00:00+05:30,transfer,Payment observed,Review payment evidence,TX-104172
EV-TX-104177,EXT-10110,2026-11-05T12:00:00+05:30,transfer,Payment observed,Review payment evidence,TX-104177
EV-TX-104179,EXT-10111,2026-08-02T12:00:00+05:30,transfer,Payment observed,Review payment evidence,TX-104179
EV-TX-104181,EXT-10111,2026-08-03T12:00:00+05:30,transfer,Payment observed,Review payment evidence,TX-104181
EV-TX-104182,EXT-10111,2026-08-05T12:00:00+05:30,transfer,Payment observed,Review payment evidence,TX-104182
EV-TX-104183,EXT-10111,2026-08-06T12:00:00+05:30,transfer,Payment observed,Review payment evidence,TX-104183
EV-TX-104191,EXT-10111,2026-09-02T12:00:00+05:30,transfer,Payment observed,Review payment evidence,TX-104191
EV-TX-104193,EXT-10111,2026-09-03T12:00:00+05:30,transfer,Payment observed,Review payment evidence,TX-104193
EV-TX-104194,EXT-10111,2026-09-05T12:00:00+05:30,transfer,Payment observed,Review payment evidence,TX-104194
EV-TX-104195,EXT-10111,2026-09-06T12:00:00+05:30,transfer,Payment observed,Review payment evidence,TX-104195
EV-TX-104198,EXT-10111,2026-09-16T13:58:00+05:30,transfer,Payment observed,Review payment evidence,TX-104198
EV-TX-104199,EXT-10111,2026-09-16T14:06:00+05:30,transfer,Payment observed,Review payment evidence,TX-104199
EV-TX-104207,EXT-10111,2026-10-02T12:00:00+05:30,transfer,Payment observed,Review payment evidence,TX-104207
EV-TX-104209,EXT-10111,2026-10-03T12:00:00+05:30,transfer,Payment observed,Review payment evidence,TX-104209
EV-TX-104211,EXT-10111,2026-10-05T12:00:00+05:30,transfer,Payment observed,Review payment evidence,TX-104211
EV-TX-104212,EXT-10111,2026-10-06T12:00:00+05:30,transfer,Payment observed,Review payment evidence,TX-104212
EV-TX-104222,EXT-10111,2026-11-02T12:00:00+05:30,transfer,Payment observed,Review payment evidence,TX-104222
EV-TX-104225,EXT-10111,2026-11-03T12:00:00+05:30,transfer,Payment observed,Review payment evidence,TX-104225
EV-TX-104226,EXT-10111,2026-11-05T12:00:00+05:30,transfer,Payment observed,Review payment evidence,TX-104226
EV-TX-104231,EXT-10112,2026-08-05T12:00:00+05:30,transfer,Payment observed,Review payment evidence,TX-104231
EV-TX-104233,EXT-10112,2026-08-14T12:00:00+05:30,transfer,Payment observed,Review payment evidence,TX-104233
EV-TX-104235,EXT-10112,2026-08-17T12:00:00+05:30,transfer,Payment observed,Review payment evidence,TX-104235
EV-TX-104236,EXT-10112,2026-08-19T12:00:00+05:30,transfer,Payment observed,Review payment evidence,TX-104236
EV-TX-104242,EXT-10112,2026-09-05T12:00:00+05:30,transfer,Payment observed,Review payment evidence,TX-104242
EV-TX-104244,EXT-10112,2026-09-14T12:00:00+05:30,transfer,Payment observed,Review payment evidence,TX-104244
EV-TX-104246,EXT-10112,2026-09-16T14:04:00+05:30,transfer,Payment observed,Review payment evidence,TX-104246
EV-TX-104247,EXT-10112,2026-09-16T14:13:00+05:30,transfer,Payment observed,Review payment evidence,TX-104247
EV-TX-104248,EXT-10112,2026-09-16T14:12:00+05:30,transfer,Payment observed,Review payment evidence,TX-104248
EV-TX-104249,EXT-10112,2026-09-17T12:00:00+05:30,transfer,Payment observed,Review payment evidence,TX-104249
EV-TX-104250,EXT-10112,2026-09-19T12:00:00+05:30,transfer,Payment observed,Review payment evidence,TX-104250
EV-TX-104258,EXT-10112,2026-10-05T12:00:00+05:30,transfer,Payment observed,Review payment evidence,TX-104258
EV-TX-104260,EXT-10112,2026-10-14T12:00:00+05:30,transfer,Payment observed,Review payment evidence,TX-104260
EV-TX-104270,EXT-10112,2026-11-05T12:00:00+05:30,transfer,Payment observed,Review payment evidence,TX-104270
EV-TX-104274,EXT-10113,2026-08-06T12:00:00+05:30,transfer,Payment observed,Review payment evidence,TX-104274
EV-TX-104275,EXT-10113,2026-08-07T12:00:00+05:30,transfer,Payment observed,Review payment evidence,TX-104275
EV-TX-104283,EXT-10113,2026-09-06T12:00:00+05:30,transfer,Payment observed,Review payment evidence,TX-104283
EV-TX-104284,EXT-10113,2026-09-07T12:00:00+05:30,transfer,Payment observed,Review payment evidence,TX-104284
EV-TX-104292,EXT-10113,2026-10-06T12:00:00+05:30,transfer,Payment observed,Review payment evidence,TX-104292
EV-TX-104293,EXT-10113,2026-10-07T12:00:00+05:30,transfer,Payment observed,Review payment evidence,TX-104293
EV-TX-104307,EXT-10114,2026-08-25T12:00:00+05:30,transfer,Payment observed,Review payment evidence,TX-104307
EV-TX-104309,EXT-10114,2026-08-26T12:00:00+05:30,transfer,Payment observed,Review payment evidence,TX-104309
EV-TX-104313,EXT-10114,2026-09-12T15:20:00+05:30,transfer,Payment observed,Review payment evidence,TX-104313
EV-TX-104314,EXT-10114,2026-09-12T15:28:00+05:30,transfer,Payment observed,Review payment evidence,TX-104314
EV-TX-104315,EXT-10114,2026-09-12T15:32:00+05:30,transfer,Payment observed,Review payment evidence,TX-104315
EV-TX-104317,EXT-10114,2026-09-18T16:10:00+05:30,transfer,Payment observed,Review payment evidence,TX-104317
EV-TX-104319,EXT-10114,2026-09-25T12:00:00+05:30,transfer,Payment observed,Review payment evidence,TX-104319
EV-TX-104341,EXT-10115,2026-08-05T12:00:00+05:30,transfer,Payment observed,Review payment evidence,TX-104341
EV-TX-104342,EXT-10115,2026-08-08T12:00:00+05:30,transfer,Payment observed,Review payment evidence,TX-104342
EV-TX-104344,EXT-10115,2026-08-09T12:00:00+05:30,transfer,Payment observed,Review payment evidence,TX-104344
EV-TX-104346,EXT-10115,2026-08-15T12:00:00+05:30,transfer,Payment observed,Review payment evidence,TX-104346
EV-TX-104351,EXT-10115,2026-09-05T12:00:00+05:30,transfer,Payment observed,Review payment evidence,TX-104351
EV-TX-104352,EXT-10115,2026-09-08T12:00:00+05:30,transfer,Payment observed,Review payment evidence,TX-104352
EV-TX-104354,EXT-10115,2026-09-09T12:00:00+05:30,transfer,Payment observed,Review payment evidence,TX-104354
EV-TX-104356,EXT-10115,2026-09-15T12:00:00+05:30,transfer,Payment observed,Review payment evidence,TX-104356
EV-TX-104357,EXT-10115,2026-09-15T17:54:00+05:30,transfer,Payment observed,Review payment evidence,TX-104357
EV-TX-104358,EXT-10115,2026-09-15T17:57:00+05:30,transfer,Payment observed,Review payment evidence,TX-104358
EV-TX-104365,EXT-10115,2026-10-05T12:00:00+05:30,transfer,Payment observed,Review payment evidence,TX-104365
EV-TX-104366,EXT-10115,2026-10-08T12:00:00+05:30,transfer,Payment observed,Review payment evidence,TX-104366
EV-TX-104378,EXT-10115,2026-11-05T12:00:00+05:30,transfer,Payment observed,Review payment evidence,TX-104378
EV-TX-104385,EXT-10116,2026-08-21T12:00:00+05:30,transfer,Payment observed,Review payment evidence,TX-104385
EV-TX-104387,EXT-10116,2026-08-24T12:00:00+05:30,transfer,Payment observed,Review payment evidence,TX-104387
EV-TX-104389,EXT-10116,2026-08-28T12:00:00+05:30,transfer,Payment observed,Review payment evidence,TX-104389
EV-TX-104393,EXT-10116,2026-09-13T14:57:00+05:30,transfer,Payment observed,Review payment evidence,TX-104393
EV-TX-104394,EXT-10116,2026-09-13T15:00:00+05:30,transfer,Payment observed,Review payment evidence,TX-104394
EV-TX-104395,EXT-10116,2026-09-13T15:03:00+05:30,transfer,Payment observed,Review payment evidence,TX-104395
EV-TX-104396,EXT-10116,2026-09-13T15:27:00+05:30,transfer,Payment observed,Review payment evidence,TX-104396
EV-TX-104399,EXT-10116,2026-09-21T12:00:00+05:30,transfer,Payment observed,Review payment evidence,TX-104399
EV-TX-104408,EXT-10116,2026-10-21T12:00:00+05:30,transfer,Payment observed,Review payment evidence,TX-104408
EV-TX-104409,EXT-10116,2026-10-24T12:00:00+05:30,transfer,Payment observed,Review payment evidence,TX-104409
EV-TX-104420,EXT-10117,2026-08-18T12:00:00+05:30,transfer,Payment observed,Review payment evidence,TX-104420
EV-TX-104421,EXT-10117,2026-08-19T12:00:00+05:30,transfer,Payment observed,Review payment evidence,TX-104421
EV-TX-104424,EXT-10117,2026-08-26T12:00:00+05:30,transfer,Payment observed,Review payment evidence,TX-104424
EV-TX-104429,EXT-10117,2026-09-09T13:13:00+05:30,transfer,Payment observed,Review payment evidence,TX-104429
EV-TX-104430,EXT-10117,2026-09-09T13:23:00+05:30,transfer,Payment observed,Review payment evidence,TX-104430
EV-TX-104431,EXT-10117,2026-09-11T14:00:00+05:30,transfer,Payment observed,Review payment evidence,TX-104431
EV-TX-104432,EXT-10117,2026-09-11T14:03:00+05:30,transfer,Payment observed,Review payment evidence,TX-104432
EV-TX-104433,EXT-10117,2026-09-11T14:06:00+05:30,transfer,Payment observed,Review payment evidence,TX-104433
EV-TX-104434,EXT-10117,2026-09-11T14:14:00+05:30,transfer,Payment observed,Review payment evidence,TX-104434
EV-TX-104436,EXT-10117,2026-09-18T12:00:00+05:30,transfer,Payment observed,Review payment evidence,TX-104436
EV-TX-104437,EXT-10117,2026-09-19T12:00:00+05:30,transfer,Payment observed,Review payment evidence,TX-104437
EV-TX-104446,EXT-10117,2026-10-18T12:00:00+05:30,transfer,Payment observed,Review payment evidence,TX-104446
EV-TX-104447,EXT-10117,2026-10-19T12:00:00+05:30,transfer,Payment observed,Review payment evidence,TX-104447
EV-TX-104458,EXT-10118,2026-08-03T12:00:00+05:30,transfer,Payment observed,Review payment evidence,TX-104458
EV-TX-104460,EXT-10118,2026-08-11T12:00:00+05:30,transfer,Payment observed,Review payment evidence,TX-104460
EV-TX-104462,EXT-10118,2026-08-20T12:00:00+05:30,transfer,Payment observed,Review payment evidence,TX-104462
EV-TX-104468,EXT-10118,2026-09-03T12:00:00+05:30,transfer,Payment observed,Review payment evidence,TX-104468
EV-TX-104470,EXT-10118,2026-09-11T12:00:00+05:30,transfer,Payment observed,Review payment evidence,TX-104470
EV-TX-104471,EXT-10118,2026-09-11T13:51:00+05:30,transfer,Payment observed,Review payment evidence,TX-104471
EV-TX-104472,EXT-10118,2026-09-11T13:55:00+05:30,transfer,Payment observed,Review payment evidence,TX-104472
EV-TX-104473,EXT-10118,2026-09-11T14:03:00+05:30,transfer,Payment observed,Review payment evidence,TX-104473
EV-TX-104475,EXT-10118,2026-09-15T14:00:00+05:30,transfer,Payment observed,Review payment evidence,TX-104475
EV-TX-104476,EXT-10118,2026-09-15T14:03:00+05:30,transfer,Payment observed,Review payment evidence,TX-104476
EV-TX-104477,EXT-10118,2026-09-15T14:06:00+05:30,transfer,Payment observed,Review payment evidence,TX-104477
EV-TX-104478,EXT-10118,2026-09-15T14:14:00+05:30,transfer,Payment observed,Review payment evidence,TX-104478
EV-TX-104479,EXT-10118,2026-09-20T12:00:00+05:30,transfer,Payment observed,Review payment evidence,TX-104479
EV-TX-104485,EXT-10118,2026-10-03T12:00:00+05:30,transfer,Payment observed,Review payment evidence,TX-104485
EV-TX-104487,EXT-10118,2026-10-11T12:00:00+05:30,transfer,Payment observed,Review payment evidence,TX-104487
EV-TX-104489,EXT-10118,2026-10-20T12:00:00+05:30,transfer,Payment observed,Review payment evidence,TX-104489
EV-TX-104495,EXT-10118,2026-11-03T12:00:00+05:30,transfer,Payment observed,Review payment evidence,TX-104495
EV-TX-104498,EXT-10119,2026-08-06T12:00:00+05:30,transfer,Payment observed,Review payment evidence,TX-104498
EV-TX-104501,EXT-10119,2026-08-17T12:00:00+05:30,transfer,Payment observed,Review payment evidence,TX-104501
EV-TX-104502,EXT-10119,2026-08-19T12:00:00+05:30,transfer,Payment observed,Review payment evidence,TX-104502
EV-TX-104504,EXT-10119,2026-08-24T12:00:00+05:30,transfer,Payment observed,Review payment evidence,TX-104504
EV-TX-104510,EXT-10119,2026-09-06T12:00:00+05:30,transfer,Payment observed,Review payment evidence,TX-104510
EV-TX-104512,EXT-10119,2026-09-11T15:27:00+05:30,transfer,Payment observed,Review payment evidence,TX-104512
EV-TX-104513,EXT-10119,2026-09-11T15:33:00+05:30,transfer,Payment observed,Review payment evidence,TX-104513
EV-TX-104514,EXT-10119,2026-09-11T15:37:00+05:30,transfer,Payment observed,Review payment evidence,TX-104514
EV-TX-104524,EXT-10119,2026-10-06T12:00:00+05:30,transfer,Payment observed,Review payment evidence,TX-104524
EV-TX-104527,EXT-10119,2026-10-17T12:00:00+05:30,transfer,Payment observed,Review payment evidence,TX-104527
EV-TX-104528,EXT-10119,2026-10-19T12:00:00+05:30,transfer,Payment observed,Review payment evidence,TX-104528
EV-TX-104541,EXT-10120,2026-08-15T12:00:00+05:30,transfer,Payment observed,Review payment evidence,TX-104541
EV-TX-104543,EXT-10120,2026-08-21T12:00:00+05:30,transfer,Payment observed,Review payment evidence,TX-104543
EV-TX-104547,EXT-10120,2026-09-08T15:03:00+05:30,transfer,Payment observed,Review payment evidence,TX-104547
EV-TX-104548,EXT-10120,2026-09-08T15:08:00+05:30,transfer,Payment observed,Review payment evidence,TX-104548
EV-TX-104551,EXT-10120,2026-09-15T12:00:00+05:30,transfer,Payment observed,Review payment evidence,TX-104551
EV-TX-104553,EXT-10120,2026-09-21T12:00:00+05:30,transfer,Payment observed,Review payment evidence,TX-104553
EV-TX-104559,EXT-10120,2026-10-15T12:00:00+05:30,transfer,Payment observed,Review payment evidence,TX-104559
EV-TX-104561,EXT-10120,2026-10-21T12:00:00+05:30,transfer,Payment observed,Review payment evidence,TX-104561
EV-TX-104567,EXT-10121,2026-08-04T12:00:00+05:30,transfer,Payment observed,Review payment evidence,TX-104567
EV-TX-104568,EXT-10121,2026-08-08T12:00:00+05:30,transfer,Payment observed,Review payment evidence,TX-104568
EV-TX-104570,EXT-10121,2026-08-13T12:00:00+05:30,transfer,Payment observed,Review payment evidence,TX-104570
EV-TX-104571,EXT-10121,2026-08-14T12:00:00+05:30,transfer,Payment observed,Review payment evidence,TX-104571
EV-TX-104579,EXT-10121,2026-09-04T12:00:00+05:30,transfer,Payment observed,Review payment evidence,TX-104579
EV-TX-104580,EXT-10121,2026-09-08T12:00:00+05:30,transfer,Payment observed,Review payment evidence,TX-104580
EV-TX-104582,EXT-10121,2026-09-12T14:45:00+05:30,transfer,Payment observed,Review payment evidence,TX-104582
EV-TX-104583,EXT-10121,2026-09-12T14:53:00+05:30,transfer,Payment observed,Review payment evidence,TX-104583
EV-TX-104584,EXT-10121,2026-09-13T12:00:00+05:30,transfer,Payment observed,Review payment evidence,TX-104584
EV-TX-104585,EXT-10121,2026-09-14T12:00:00+05:30,transfer,Payment observed,Review payment evidence,TX-104585
EV-TX-104588,EXT-10121,2026-09-15T10:00:00+05:30,transfer,Payment observed,Review payment evidence,TX-104588
EV-TX-104596,EXT-10121,2026-10-04T12:00:00+05:30,transfer,Payment observed,Review payment evidence,TX-104596
EV-TX-104597,EXT-10121,2026-10-08T12:00:00+05:30,transfer,Payment observed,Review payment evidence,TX-104597
EV-TX-104599,EXT-10121,2026-10-13T12:00:00+05:30,transfer,Payment observed,Review payment evidence,TX-104599
EV-TX-104600,EXT-10121,2026-10-14T12:00:00+05:30,transfer,Payment observed,Review payment evidence,TX-104600
EV-TX-104611,EXT-10121,2026-11-04T12:00:00+05:30,transfer,Payment observed,Review payment evidence,TX-104611
EV-TX-104615,EXT-10122,2026-08-05T12:00:00+05:30,transfer,Payment observed,Review payment evidence,TX-104615
EV-TX-104616,EXT-10122,2026-08-06T12:00:00+05:30,transfer,Payment observed,Review payment evidence,TX-104616
EV-TX-104618,EXT-10122,2026-08-13T12:00:00+05:30,transfer,Payment observed,Review payment evidence,TX-104618
EV-TX-104621,EXT-10122,2026-08-24T12:00:00+05:30,transfer,Payment observed,Review payment evidence,TX-104621
EV-TX-104626,EXT-10122,2026-09-05T12:00:00+05:30,transfer,Payment observed,Review payment evidence,TX-104626
EV-TX-104627,EXT-10122,2026-09-06T12:00:00+05:30,transfer,Payment observed,Review payment evidence,TX-104627
EV-TX-104629,EXT-10122,2026-09-12T14:00:00+05:30,transfer,Payment observed,Review payment evidence,TX-104629
EV-TX-104630,EXT-10122,2026-09-12T14:09:00+05:30,transfer,Payment observed,Review payment evidence,TX-104630
EV-TX-104631,EXT-10122,2026-09-13T12:00:00+05:30,transfer,Payment observed,Review payment evidence,TX-104631
EV-TX-104633,EXT-10122,2026-09-17T14:26:00+05:30,transfer,Payment observed,Review payment evidence,TX-104633
EV-TX-104634,EXT-10122,2026-09-17T14:34:00+05:30,transfer,Payment observed,Review payment evidence,TX-104634
EV-TX-104642,EXT-10122,2026-10-05T12:00:00+05:30,transfer,Payment observed,Review payment evidence,TX-104642
EV-TX-104643,EXT-10122,2026-10-06T12:00:00+05:30,transfer,Payment observed,Review payment evidence,TX-104643
EV-TX-104645,EXT-10122,2026-10-13T12:00:00+05:30,transfer,Payment observed,Review payment evidence,TX-104645
EV-TX-104648,EXT-10122,2026-10-24T12:00:00+05:30,transfer,Payment observed,Review payment evidence,TX-104648
EV-TX-104654,EXT-10122,2026-11-05T12:00:00+05:30,transfer,Payment observed,Review payment evidence,TX-104654
EV-TX-104658,EXT-10123,2026-08-06T12:00:00+05:30,transfer,Payment observed,Review payment evidence,TX-104658
EV-TX-104661,EXT-10123,2026-08-16T12:00:00+05:30,transfer,Payment observed,Review payment evidence,TX-104661
EV-TX-104662,EXT-10123,2026-08-20T12:00:00+05:30,transfer,Payment observed,Review payment evidence,TX-104662
EV-TX-104666,EXT-10123,2026-08-27T12:00:00+05:30,transfer,Payment observed,Review payment evidence,TX-104666
EV-TX-104669,EXT-10123,2026-09-06T12:00:00+05:30,transfer,Payment observed,Review payment evidence,TX-104669
EV-TX-104671,EXT-10123,2026-09-13T13:08:00+05:30,transfer,Payment observed,Review payment evidence,TX-104671
EV-TX-104672,EXT-10123,2026-09-13T13:16:00+05:30,transfer,Payment observed,Review payment evidence,TX-104672
EV-TX-104674,EXT-10123,2026-09-15T16:36:00+05:30,transfer,Payment observed,Review payment evidence,TX-104674
EV-TX-104675,EXT-10123,2026-09-15T16:40:00+05:30,transfer,Payment observed,Review payment evidence,TX-104675
EV-TX-104676,EXT-10123,2026-09-16T12:00:00+05:30,transfer,Payment observed,Review payment evidence,TX-104676
EV-TX-104677,EXT-10123,2026-09-20T12:00:00+05:30,transfer,Payment observed,Review payment evidence,TX-104677
EV-TX-104681,EXT-10123,2026-09-27T12:00:00+05:30,transfer,Payment observed,Review payment evidence,TX-104681
EV-TX-104684,EXT-10123,2026-10-06T12:00:00+05:30,transfer,Payment observed,Review payment evidence,TX-104684
EV-TX-104687,EXT-10123,2026-10-16T12:00:00+05:30,transfer,Payment observed,Review payment evidence,TX-104687
EV-TX-104688,EXT-10123,2026-10-20T12:00:00+05:30,transfer,Payment observed,Review payment evidence,TX-104688
EV-TX-104692,EXT-10123,2026-10-27T12:00:00+05:30,transfer,Payment observed,Review payment evidence,TX-104692
EV-TX-104701,EXT-10124,2026-08-22T12:00:00+05:30,transfer,Payment observed,Review payment evidence,TX-104701
EV-TX-104704,EXT-10124,2026-08-28T12:00:00+05:30,transfer,Payment observed,Review payment evidence,TX-104704
EV-TX-104709,EXT-10124,2026-09-19T13:58:00+05:30,transfer,Payment observed,Review payment evidence,TX-104709
EV-TX-104710,EXT-10124,2026-09-19T14:05:00+05:30,transfer,Payment observed,Review payment evidence,TX-104710
EV-TX-104712,EXT-10124,2026-09-22T12:00:00+05:30,transfer,Payment observed,Review payment evidence,TX-104712
EV-TX-104715,EXT-10124,2026-09-28T12:00:00+05:30,transfer,Payment observed,Review payment evidence,TX-104715
EV-TX-104722,EXT-10124,2026-10-22T12:00:00+05:30,transfer,Payment observed,Review payment evidence,TX-104722
EV-TX-104732,EXT-10125,2026-08-05T12:00:00+05:30,transfer,Payment observed,Review payment evidence,TX-104732
EV-TX-104734,EXT-10125,2026-08-09T12:00:00+05:30,transfer,Payment observed,Review payment evidence,TX-104734
EV-TX-104735,EXT-10125,2026-08-14T12:00:00+05:30,transfer,Payment observed,Review payment evidence,TX-104735
EV-TX-104738,EXT-10125,2026-08-21T12:00:00+05:30,transfer,Payment observed,Review payment evidence,TX-104738
EV-TX-104743,EXT-10125,2026-09-05T12:00:00+05:30,transfer,Payment observed,Review payment evidence,TX-104743
EV-TX-104745,EXT-10125,2026-09-09T12:00:00+05:30,transfer,Payment observed,Review payment evidence,TX-104745
EV-TX-104746,EXT-10125,2026-09-12T15:39:00+05:30,transfer,Payment observed,Review payment evidence,TX-104746
EV-TX-104747,EXT-10125,2026-09-12T15:47:00+05:30,transfer,Payment observed,Review payment evidence,TX-104747
EV-TX-104748,EXT-10125,2026-09-12T15:55:00+05:30,transfer,Payment observed,Review payment evidence,TX-104748
EV-TX-104749,EXT-10125,2026-09-14T12:00:00+05:30,transfer,Payment observed,Review payment evidence,TX-104749
EV-TX-104752,EXT-10125,2026-09-21T12:00:00+05:30,transfer,Payment observed,Review payment evidence,TX-104752
EV-TX-104757,EXT-10125,2026-10-05T12:00:00+05:30,transfer,Payment observed,Review payment evidence,TX-104757
EV-TX-104759,EXT-10125,2026-10-09T12:00:00+05:30,transfer,Payment observed,Review payment evidence,TX-104759
EV-TX-104760,EXT-10125,2026-10-14T12:00:00+05:30,transfer,Payment observed,Review payment evidence,TX-104760
EV-TX-104763,EXT-10125,2026-10-21T12:00:00+05:30,transfer,Payment observed,Review payment evidence,TX-104763
EV-TX-104768,EXT-10125,2026-11-05T12:00:00+05:30,transfer,Payment observed,Review payment evidence,TX-104768
EV-TX-104772,EXT-10126,2026-08-06T12:00:00+05:30,transfer,Payment observed,Review payment evidence,TX-104772
EV-TX-104774,EXT-10126,2026-08-14T12:00:00+05:30,transfer,Payment observed,Review payment evidence,TX-104774
EV-TX-104777,EXT-10126,2026-08-24T12:00:00+05:30,transfer,Payment observed,Review payment evidence,TX-104777
EV-TX-104782,EXT-10126,2026-09-06T12:00:00+05:30,transfer,Payment observed,Review payment evidence,TX-104782
EV-TX-104783,EXT-10126,2026-09-08T13:24:00+05:30,transfer,Payment observed,Review payment evidence,TX-104783
EV-TX-104785,EXT-10126,2026-09-14T12:00:00+05:30,transfer,Payment observed,Review payment evidence,TX-104785
EV-TX-104788,EXT-10126,2026-09-24T12:00:00+05:30,transfer,Payment observed,Review payment evidence,TX-104788
EV-TX-104794,EXT-10126,2026-10-06T12:00:00+05:30,transfer,Payment observed,Review payment evidence,TX-104794
EV-TX-104796,EXT-10126,2026-10-14T12:00:00+05:30,transfer,Payment observed,Review payment evidence,TX-104796
EV-TX-104808,EXT-10127,2026-08-02T12:00:00+05:30,transfer,Payment observed,Review payment evidence,TX-104808
EV-TX-104810,EXT-10127,2026-08-07T12:00:00+05:30,transfer,Payment observed,Review payment evidence,TX-104810
EV-TX-104814,EXT-10127,2026-08-23T12:00:00+05:30,transfer,Payment observed,Review payment evidence,TX-104814
EV-TX-104829,EXT-10127,2026-10-02T12:00:00+05:30,transfer,Payment observed,Review payment evidence,TX-104829
EV-TX-104832,EXT-10127,2026-10-07T12:00:00+05:30,transfer,Payment observed,Review payment evidence,TX-104832
EV-TX-104843,EXT-10127,2026-11-02T12:00:00+05:30,transfer,Payment observed,Review payment evidence,TX-104843
EV-TX-104850,EXT-10128,2026-08-16T12:00:00+05:30,transfer,Payment observed,Review payment evidence,TX-104850
EV-TX-104852,EXT-10128,2026-08-25T12:00:00+05:30,transfer,Payment observed,Review payment evidence,TX-104852
EV-TX-104854,EXT-10128,2026-08-26T12:00:00+05:30,transfer,Payment observed,Review payment evidence,TX-104854
EV-TX-104860,EXT-10128,2026-09-16T12:00:00+05:30,transfer,Payment observed,Review payment evidence,TX-104860
EV-TX-104861,EXT-10128,2026-09-16T13:48:00+05:30,transfer,Payment observed,Review payment evidence,TX-104861
EV-TX-104862,EXT-10128,2026-09-16T13:53:00+05:30,transfer,Payment observed,Review payment evidence,TX-104862
EV-TX-104863,EXT-10128,2026-09-16T14:00:00+05:30,transfer,Payment observed,Review payment evidence,TX-104863
EV-TX-104864,EXT-10128,2026-09-18T17:25:00+05:30,transfer,Payment observed,Review payment evidence,TX-104864
EV-TX-104865,EXT-10128,2026-09-18T17:29:00+05:30,transfer,Payment observed,Review payment evidence,TX-104865
EV-TX-104866,EXT-10128,2026-09-18T17:31:00+05:30,transfer,Payment observed,Review payment evidence,TX-104866
EV-TX-104868,EXT-10128,2026-09-25T12:00:00+05:30,transfer,Payment observed,Review payment evidence,TX-104868
EV-TX-104870,EXT-10128,2026-09-26T12:00:00+05:30,transfer,Payment observed,Review payment evidence,TX-104870
EV-TX-104892,EXT-10129,2026-08-14T12:00:00+05:30,transfer,Payment observed,Review payment evidence,TX-104892
EV-TX-104894,EXT-10129,2026-08-18T12:00:00+05:30,transfer,Payment observed,Review payment evidence,TX-104894
EV-TX-104895,EXT-10129,2026-08-20T12:00:00+05:30,transfer,Payment observed,Review payment evidence,TX-104895
EV-TX-104902,EXT-10129,2026-09-14T12:00:00+05:30,transfer,Payment observed,Review payment evidence,TX-104902
EV-TX-104904,EXT-10129,2026-09-18T12:00:00+05:30,transfer,Payment observed,Review payment evidence,TX-104904
EV-TX-104905,EXT-10129,2026-09-20T12:00:00+05:30,transfer,Payment observed,Review payment evidence,TX-104905
EV-TX-104906,EXT-10129,2026-09-20T14:00:00+05:30,transfer,Payment observed,Review payment evidence,TX-104906
EV-TX-104907,EXT-10129,2026-09-20T14:03:00+05:30,transfer,Payment observed,Review payment evidence,TX-104907
EV-TX-104908,EXT-10129,2026-09-20T14:06:00+05:30,transfer,Payment observed,Review payment evidence,TX-104908
EV-TX-104909,EXT-10129,2026-09-20T14:14:00+05:30,transfer,Payment observed,Review payment evidence,TX-104909
EV-TX-104917,EXT-10129,2026-10-14T12:00:00+05:30,transfer,Payment observed,Review payment evidence,TX-104917
EV-TX-104919,EXT-10129,2026-10-18T12:00:00+05:30,transfer,Payment observed,Review payment evidence,TX-104919
EV-TX-104920,EXT-10129,2026-10-20T12:00:00+05:30,transfer,Payment observed,Review payment evidence,TX-104920
EV-TX-104930,EXT-10130,2026-08-05T12:00:00+05:30,transfer,Payment observed,Review payment evidence,TX-104930
EV-TX-104931,EXT-10130,2026-08-08T12:00:00+05:30,transfer,Payment observed,Review payment evidence,TX-104931
EV-TX-104933,EXT-10130,2026-08-09T12:00:00+05:30,transfer,Payment observed,Review payment evidence,TX-104933
EV-TX-104937,EXT-10130,2026-08-27T12:00:00+05:30,transfer,Payment observed,Review payment evidence,TX-104937
EV-TX-104940,EXT-10130,2026-09-05T12:00:00+05:30,transfer,Payment observed,Review payment evidence,TX-104940
EV-TX-104941,EXT-10130,2026-09-08T12:00:00+05:30,transfer,Payment observed,Review payment evidence,TX-104941
EV-TX-104943,EXT-10130,2026-09-09T12:00:00+05:30,transfer,Payment observed,Review payment evidence,TX-104943
EV-TX-104945,EXT-10130,2026-09-17T14:00:00+05:30,transfer,Payment observed,Review payment evidence,TX-104945
EV-TX-104946,EXT-10130,2026-09-17T14:03:00+05:30,transfer,Payment observed,Review payment evidence,TX-104946
EV-TX-104947,EXT-10130,2026-09-17T14:06:00+05:30,transfer,Payment observed,Review payment evidence,TX-104947
EV-TX-104948,EXT-10130,2026-09-17T14:14:00+05:30,transfer,Payment observed,Review payment evidence,TX-104948
EV-TX-104951,EXT-10130,2026-09-27T12:00:00+05:30,transfer,Payment observed,Review payment evidence,TX-104951
EV-TX-104954,EXT-10130,2026-10-05T12:00:00+05:30,transfer,Payment observed,Review payment evidence,TX-104954
EV-TX-104955,EXT-10130,2026-10-08T12:00:00+05:30,transfer,Payment observed,Review payment evidence,TX-104955
EV-TX-104957,EXT-10130,2026-10-09T12:00:00+05:30,transfer,Payment observed,Review payment evidence,TX-104957
EV-TX-104961,EXT-10130,2026-10-27T12:00:00+05:30,transfer,Payment observed,Review payment evidence,TX-104961
EV-TX-104964,EXT-10130,2026-11-05T12:00:00+05:30,transfer,Payment observed,Review payment evidence,TX-104964
EV-TX-104968,EXT-10131,2026-08-20T12:00:00+05:30,transfer,Payment observed,Review payment evidence,TX-104968
EV-TX-104972,EXT-10131,2026-08-22T12:00:00+05:30,transfer,Payment observed,Review payment evidence,TX-104972
EV-TX-104974,EXT-10131,2026-08-27T12:00:00+05:30,transfer,Payment observed,Review payment evidence,TX-104974
EV-TX-104978,EXT-10131,2026-09-09T16:47:00+05:30,transfer,Payment observed,Review payment evidence,TX-104978
EV-TX-104979,EXT-10131,2026-09-09T16:54:00+05:30,transfer,Payment observed,Review payment evidence,TX-104979
EV-TX-104980,EXT-10131,2026-09-09T17:01:00+05:30,transfer,Payment observed,Review payment evidence,TX-104980
EV-TX-104982,EXT-10131,2026-09-15T16:04:00+05:30,transfer,Payment observed,Review payment evidence,TX-104982
EV-TX-104983,EXT-10131,2026-09-20T12:00:00+05:30,transfer,Payment observed,Review payment evidence,TX-104983
EV-TX-104994,EXT-10131,2026-10-20T12:00:00+05:30,transfer,Payment observed,Review payment evidence,TX-104994
EV-TX-105005,EXT-10132,2026-08-05T12:00:00+05:30,transfer,Payment observed,Review payment evidence,TX-105005
EV-TX-105006,EXT-10132,2026-08-06T12:00:00+05:30,transfer,Payment observed,Review payment evidence,TX-105006
EV-TX-105009,EXT-10132,2026-08-20T12:00:00+05:30,transfer,Payment observed,Review payment evidence,TX-105009
EV-TX-105011,EXT-10132,2026-08-21T12:00:00+05:30,transfer,Payment observed,Review payment evidence,TX-105011
EV-TX-105016,EXT-10132,2026-09-05T12:00:00+05:30,transfer,Payment observed,Review payment evidence,TX-105016
EV-TX-105017,EXT-10132,2026-09-06T12:00:00+05:30,transfer,Payment observed,Review payment evidence,TX-105017
EV-TX-105020,EXT-10132,2026-09-16T16:19:00+05:30,transfer,Payment observed,Review payment evidence,TX-105020
EV-TX-105021,EXT-10132,2026-09-16T16:25:00+05:30,transfer,Payment observed,Review payment evidence,TX-105021
EV-TX-105022,EXT-10132,2026-09-16T13:29:00+05:30,transfer,Payment observed,Review payment evidence,TX-105022
EV-TX-105023,EXT-10132,2026-09-16T13:32:00+05:30,transfer,Payment observed,Review payment evidence,TX-105023
EV-TX-105024,EXT-10132,2026-09-20T12:00:00+05:30,transfer,Payment observed,Review payment evidence,TX-105024
EV-TX-105026,EXT-10132,2026-09-21T12:00:00+05:30,transfer,Payment observed,Review payment evidence,TX-105026
EV-TX-105031,EXT-10132,2026-10-05T12:00:00+05:30,transfer,Payment observed,Review payment evidence,TX-105031
EV-TX-105032,EXT-10132,2026-10-06T12:00:00+05:30,transfer,Payment observed,Review payment evidence,TX-105032
EV-TX-105035,EXT-10132,2026-10-20T12:00:00+05:30,transfer,Payment observed,Review payment evidence,TX-105035
EV-TX-105037,EXT-10132,2026-10-21T12:00:00+05:30,transfer,Payment observed,Review payment evidence,TX-105037
EV-TX-105042,EXT-10132,2026-11-05T12:00:00+05:30,transfer,Payment observed,Review payment evidence,TX-105042
EV-TX-105045,EXT-10133,2026-08-05T12:00:00+05:30,transfer,Payment observed,Review payment evidence,TX-105045
EV-TX-105047,EXT-10133,2026-08-10T12:00:00+05:30,transfer,Payment observed,Review payment evidence,TX-105047
EV-TX-105048,EXT-10133,2026-08-13T12:00:00+05:30,transfer,Payment observed,Review payment evidence,TX-105048
EV-TX-105049,EXT-10133,2026-08-14T12:00:00+05:30,transfer,Payment observed,Review payment evidence,TX-105049
EV-TX-105056,EXT-10133,2026-09-05T12:00:00+05:30,transfer,Payment observed,Review payment evidence,TX-105056
EV-TX-105057,EXT-10133,2026-09-08T16:37:00+05:30,transfer,Payment observed,Review payment evidence,TX-105057
EV-TX-105058,EXT-10133,2026-09-08T16:42:00+05:30,transfer,Payment observed,Review payment evidence,TX-105058
EV-TX-105060,EXT-10133,2026-09-10T12:00:00+05:30,transfer,Payment observed,Review payment evidence,TX-105060
EV-TX-105061,EXT-10133,2026-09-11T10:00:00+05:30,transfer,Payment observed,Review payment evidence,TX-105061
EV-TX-105062,EXT-10133,2026-09-13T12:00:00+05:30,transfer,Payment observed,Review payment evidence,TX-105062
EV-TX-105063,EXT-10133,2026-09-14T12:00:00+05:30,transfer,Payment observed,Review payment evidence,TX-105063
EV-TX-105065,EXT-10133,2026-09-15T17:53:00+05:30,transfer,Payment observed,Review payment evidence,TX-105065
EV-TX-105066,EXT-10133,2026-09-15T17:56:00+05:30,transfer,Payment observed,Review payment evidence,TX-105066
EV-TX-105067,EXT-10133,2026-09-15T18:01:00+05:30,transfer,Payment observed,Review payment evidence,TX-105067
EV-TX-105075,EXT-10133,2026-10-05T12:00:00+05:30,transfer,Payment observed,Review payment evidence,TX-105075
EV-TX-105077,EXT-10133,2026-10-10T12:00:00+05:30,transfer,Payment observed,Review payment evidence,TX-105077
EV-TX-105078,EXT-10133,2026-10-13T12:00:00+05:30,transfer,Payment observed,Review payment evidence,TX-105078
EV-TX-105079,EXT-10133,2026-10-14T12:00:00+05:30,transfer,Payment observed,Review payment evidence,TX-105079
EV-TX-105088,EXT-10133,2026-11-05T12:00:00+05:30,transfer,Payment observed,Review payment evidence,TX-105088
EV-TX-105092,EXT-10134,2026-08-08T12:00:00+05:30,transfer,Payment observed,Review payment evidence,TX-105092
EV-TX-105096,EXT-10134,2026-08-22T12:00:00+05:30,transfer,Payment observed,Review payment evidence,TX-105096
EV-TX-105097,EXT-10134,2026-08-25T12:00:00+05:30,transfer,Payment observed,Review payment evidence,TX-105097
EV-TX-105102,EXT-10134,2026-09-08T12:00:00+05:30,transfer,Payment observed,Review payment evidence,TX-105102
EV-TX-105105,EXT-10134,2026-09-18T13:58:00+05:30,transfer,Payment observed,Review payment evidence,TX-105105
EV-TX-105106,EXT-10134,2026-09-18T14:05:00+05:30,transfer,Payment observed,Review payment evidence,TX-105106
EV-TX-105107,EXT-10134,2026-09-18T14:16:00+05:30,transfer,Payment observed,Review payment evidence,TX-105107
EV-TX-105109,EXT-10134,2026-09-22T12:00:00+05:30,transfer,Payment observed,Review payment evidence,TX-105109
EV-TX-105110,EXT-10134,2026-09-25T12:00:00+05:30,transfer,Payment observed,Review payment evidence,TX-105110
EV-TX-105116,EXT-10134,2026-10-08T12:00:00+05:30,transfer,Payment observed,Review payment evidence,TX-105116
EV-TX-105120,EXT-10134,2026-10-22T12:00:00+05:30,transfer,Payment observed,Review payment evidence,TX-105120
EV-TX-105121,EXT-10134,2026-10-25T12:00:00+05:30,transfer,Payment observed,Review payment evidence,TX-105121
EV-TX-105129,EXT-10135,2026-08-04T12:00:00+05:30,transfer,Payment observed,Review payment evidence,TX-105129
EV-TX-105133,EXT-10135,2026-08-22T12:00:00+05:30,transfer,Payment observed,Review payment evidence,TX-105133
EV-TX-105138,EXT-10135,2026-09-04T12:00:00+05:30,transfer,Payment observed,Review payment evidence,TX-105138
EV-TX-105140,EXT-10135,2026-09-11T13:51:00+05:30,transfer,Payment observed,Review payment evidence,TX-105140
EV-TX-105141,EXT-10135,2026-09-14T17:09:00+05:30,transfer,Payment observed,Review payment evidence,TX-105141
EV-TX-105142,EXT-10135,2026-09-14T17:17:00+05:30,transfer,Payment observed,Review payment evidence,TX-105142
EV-TX-105145,EXT-10135,2026-09-22T12:00:00+05:30,transfer,Payment observed,Review payment evidence,TX-105145
EV-TX-105150,EXT-10135,2026-10-04T12:00:00+05:30,transfer,Payment observed,Review payment evidence,TX-105150
EV-TX-105154,EXT-10135,2026-10-22T12:00:00+05:30,transfer,Payment observed,Review payment evidence,TX-105154
EV-TX-105159,EXT-10135,2026-11-04T12:00:00+05:30,transfer,Payment observed,Review payment evidence,TX-105159
EV-TX-105163,EXT-10136,2026-08-03T12:00:00+05:30,transfer,Payment observed,Review payment evidence,TX-105163
EV-TX-105164,EXT-10136,2026-08-08T12:00:00+05:30,transfer,Payment observed,Review payment evidence,TX-105164
EV-TX-105170,EXT-10136,2026-08-28T12:00:00+05:30,transfer,Payment observed,Review payment evidence,TX-105170
EV-TX-105173,EXT-10136,2026-09-03T12:00:00+05:30,transfer,Payment observed,Review payment evidence,TX-105173
EV-TX-105174,EXT-10136,2026-09-08T12:00:00+05:30,transfer,Payment observed,Review payment evidence,TX-105174
EV-TX-105180,EXT-10136,2026-09-28T12:00:00+05:30,transfer,Payment observed,Review payment evidence,TX-105180
EV-TX-105183,EXT-10136,2026-10-03T12:00:00+05:30,transfer,Payment observed,Review payment evidence,TX-105183
EV-TX-105184,EXT-10136,2026-10-08T12:00:00+05:30,transfer,Payment observed,Review payment evidence,TX-105184
EV-TX-105190,EXT-10136,2026-10-28T12:00:00+05:30,transfer,Payment observed,Review payment evidence,TX-105190
EV-TX-105193,EXT-10136,2026-11-03T12:00:00+05:30,transfer,Payment observed,Review payment evidence,TX-105193
EV-TX-105196,EXT-10137,2026-08-02T12:00:00+05:30,transfer,Payment observed,Review payment evidence,TX-105196
EV-TX-105200,EXT-10137,2026-08-19T12:00:00+05:30,transfer,Payment observed,Review payment evidence,TX-105200
EV-TX-105201,EXT-10137,2026-08-20T12:00:00+05:30,transfer,Payment observed,Review payment evidence,TX-105201
EV-TX-105204,EXT-10137,2026-08-26T12:00:00+05:30,transfer,Payment observed,Review payment evidence,TX-105204
EV-TX-105207,EXT-10137,2026-09-02T12:00:00+05:30,transfer,Payment observed,Review payment evidence,TX-105207
EV-TX-105211,EXT-10137,2026-09-19T12:00:00+05:30,transfer,Payment observed,Review payment evidence,TX-105211
EV-TX-105212,EXT-10137,2026-09-20T12:00:00+05:30,transfer,Payment observed,Review payment evidence,TX-105212
EV-TX-105215,EXT-10137,2026-09-26T12:00:00+05:30,transfer,Payment observed,Review payment evidence,TX-105215
EV-TX-105218,EXT-10137,2026-10-02T12:00:00+05:30,transfer,Payment observed,Review payment evidence,TX-105218
EV-TX-105222,EXT-10137,2026-10-19T12:00:00+05:30,transfer,Payment observed,Review payment evidence,TX-105222
EV-TX-105223,EXT-10137,2026-10-20T12:00:00+05:30,transfer,Payment observed,Review payment evidence,TX-105223
EV-TX-105226,EXT-10137,2026-10-26T12:00:00+05:30,transfer,Payment observed,Review payment evidence,TX-105226
EV-TX-105229,EXT-10137,2026-11-02T12:00:00+05:30,transfer,Payment observed,Review payment evidence,TX-105229
EV-TX-105234,EXT-10138,2026-08-07T12:00:00+05:30,transfer,Payment observed,Review payment evidence,TX-105234
EV-TX-105236,EXT-10138,2026-08-13T12:00:00+05:30,transfer,Payment observed,Review payment evidence,TX-105236
EV-TX-105237,EXT-10138,2026-08-14T12:00:00+05:30,transfer,Payment observed,Review payment evidence,TX-105237
EV-TX-105244,EXT-10138,2026-09-07T12:00:00+05:30,transfer,Payment observed,Review payment evidence,TX-105244
EV-TX-105246,EXT-10138,2026-09-13T12:00:00+05:30,transfer,Payment observed,Review payment evidence,TX-105246
EV-TX-105247,EXT-10138,2026-09-14T12:00:00+05:30,transfer,Payment observed,Review payment evidence,TX-105247
EV-TX-105249,EXT-10138,2026-09-18T13:50:00+05:30,transfer,Payment observed,Review payment evidence,TX-105249
EV-TX-105250,EXT-10138,2026-09-18T13:55:00+05:30,transfer,Payment observed,Review payment evidence,TX-105250
EV-TX-105251,EXT-10138,2026-09-19T17:21:00+05:30,transfer,Payment observed,Review payment evidence,TX-105251
EV-TX-105252,EXT-10138,2026-09-19T17:26:00+05:30,transfer,Payment observed,Review payment evidence,TX-105252
EV-TX-105259,EXT-10138,2026-10-07T12:00:00+05:30,transfer,Payment observed,Review payment evidence,TX-105259
EV-TX-105261,EXT-10138,2026-10-13T12:00:00+05:30,transfer,Payment observed,Review payment evidence,TX-105261
EV-TX-105262,EXT-10138,2026-10-14T12:00:00+05:30,transfer,Payment observed,Review payment evidence,TX-105262
EV-TX-105275,EXT-10139,2026-08-03T12:00:00+05:30,transfer,Payment observed,Review payment evidence,TX-105275
EV-TX-105278,EXT-10139,2026-08-16T12:00:00+05:30,transfer,Payment observed,Review payment evidence,TX-105278
EV-TX-105282,EXT-10139,2026-08-28T12:00:00+05:30,transfer,Payment observed,Review payment evidence,TX-105282
EV-TX-105284,EXT-10139,2026-09-03T12:00:00+05:30,transfer,Payment observed,Review payment evidence,TX-105284
EV-TX-105287,EXT-10139,2026-09-16T12:00:00+05:30,transfer,Payment observed,Review payment evidence,TX-105287
EV-TX-105293,EXT-10139,2026-10-03T12:00:00+05:30,transfer,Payment observed,Review payment evidence,TX-105293
EV-TX-105304,EXT-10139,2026-11-03T12:00:00+05:30,transfer,Payment observed,Review payment evidence,TX-105304
EV-TX-105309,EXT-10140,2026-08-13T12:00:00+05:30,transfer,Payment observed,Review payment evidence,TX-105309
EV-TX-105312,EXT-10140,2026-08-23T12:00:00+05:30,transfer,Payment observed,Review payment evidence,TX-105312
EV-TX-105317,EXT-10140,2026-09-13T12:00:00+05:30,transfer,Payment observed,Review payment evidence,TX-105317
EV-TX-105318,EXT-10140,2026-09-14T13:59:00+05:30,transfer,Payment observed,Review payment evidence,TX-105318
EV-TX-105319,EXT-10140,2026-09-14T14:09:00+05:30,transfer,Payment observed,Review payment evidence,TX-105319
EV-TX-105322,EXT-10140,2026-09-23T12:00:00+05:30,transfer,Payment observed,Review payment evidence,TX-105322
EV-TX-105327,EXT-10140,2026-10-13T12:00:00+05:30,transfer,Payment observed,Review payment evidence,TX-105327
EV-TX-105330,EXT-10140,2026-10-23T12:00:00+05:30,transfer,Payment observed,Review payment evidence,TX-105330
EV-TX-105337,EXT-10141,2026-08-11T12:00:00+05:30,transfer,Payment observed,Review payment evidence,TX-105337
EV-TX-105343,EXT-10141,2026-08-26T12:00:00+05:30,transfer,Payment observed,Review payment evidence,TX-105343
EV-TX-105347,EXT-10141,2026-09-11T12:00:00+05:30,transfer,Payment observed,Review payment evidence,TX-105347
EV-TX-105349,EXT-10141,2026-09-15T16:57:00+05:30,transfer,Payment observed,Review payment evidence,TX-105349
EV-TX-105350,EXT-10141,2026-09-15T17:00:00+05:30,transfer,Payment observed,Review payment evidence,TX-105350
EV-TX-105351,EXT-10141,2026-09-16T14:00:00+05:30,transfer,Payment observed,Review payment evidence,TX-105351
EV-TX-105352,EXT-10141,2026-09-16T14:03:00+05:30,transfer,Payment observed,Review payment evidence,TX-105352
EV-TX-105353,EXT-10141,2026-09-16T14:06:00+05:30,transfer,Payment observed,Review payment evidence,TX-105353
EV-TX-105354,EXT-10141,2026-09-16T14:14:00+05:30,transfer,Payment observed,Review payment evidence,TX-105354
EV-TX-105359,EXT-10141,2026-09-26T12:00:00+05:30,transfer,Payment observed,Review payment evidence,TX-105359
EV-TX-105363,EXT-10141,2026-10-11T12:00:00+05:30,transfer,Payment observed,Review payment evidence,TX-105363
EV-TX-105369,EXT-10141,2026-10-26T12:00:00+05:30,transfer,Payment observed,Review payment evidence,TX-105369
EV-TX-105376,EXT-10142,2026-08-14T12:00:00+05:30,transfer,Payment observed,Review payment evidence,TX-105376
EV-TX-105380,EXT-10142,2026-08-23T12:00:00+05:30,transfer,Payment observed,Review payment evidence,TX-105380
EV-TX-105382,EXT-10142,2026-08-26T12:00:00+05:30,transfer,Payment observed,Review payment evidence,TX-105382
EV-TX-105386,EXT-10142,2026-09-14T12:00:00+05:30,transfer,Payment observed,Review payment evidence,TX-105386
EV-TX-105388,EXT-10142,2026-09-18T14:00:00+05:30,transfer,Payment observed,Review payment evidence,TX-105388
EV-TX-105389,EXT-10142,2026-09-18T14:03:00+05:30,transfer,Payment observed,Review payment evidence,TX-105389
EV-TX-105390,EXT-10142,2026-09-18T14:06:00+05:30,transfer,Payment observed,Review payment evidence,TX-105390
EV-TX-105391,EXT-10142,2026-09-18T14:14:00+05:30,transfer,Payment observed,Review payment evidence,TX-105391
EV-TX-105394,EXT-10142,2026-09-23T12:00:00+05:30,transfer,Payment observed,Review payment evidence,TX-105394
EV-TX-105396,EXT-10142,2026-09-26T12:00:00+05:30,transfer,Payment observed,Review payment evidence,TX-105396
EV-TX-105400,EXT-10142,2026-10-14T12:00:00+05:30,transfer,Payment observed,Review payment evidence,TX-105400
EV-TX-105404,EXT-10142,2026-10-23T12:00:00+05:30,transfer,Payment observed,Review payment evidence,TX-105404
EV-TX-105406,EXT-10142,2026-10-26T12:00:00+05:30,transfer,Payment observed,Review payment evidence,TX-105406
EV-TX-105412,EXT-10143,2026-08-05T12:00:00+05:30,transfer,Payment observed,Review payment evidence,TX-105412
EV-TX-105416,EXT-10143,2026-08-24T12:00:00+05:30,transfer,Payment observed,Review payment evidence,TX-105416
EV-TX-105421,EXT-10143,2026-09-05T12:00:00+05:30,transfer,Payment observed,Review payment evidence,TX-105421
EV-TX-105424,EXT-10143,2026-09-18T16:47:00+05:30,transfer,Payment observed,Review payment evidence,TX-105424
EV-TX-105425,EXT-10143,2026-09-18T16:55:00+05:30,transfer,Payment observed,Review payment evidence,TX-105425
EV-TX-105426,EXT-10143,2026-09-18T17:07:00+05:30,transfer,Payment observed,Review payment evidence,TX-105426
EV-TX-105428,EXT-10143,2026-09-24T12:00:00+05:30,transfer,Payment observed,Review payment evidence,TX-105428
EV-TX-105429,EXT-10143,2026-09-24T17:00:00+05:30,transfer,Payment observed,Review payment evidence,TX-105429
EV-TX-105430,EXT-10143,2026-09-24T17:10:00+05:30,transfer,Payment observed,Review payment evidence,TX-105430
EV-TX-105435,EXT-10143,2026-10-05T12:00:00+05:30,transfer,Payment observed,Review payment evidence,TX-105435
EV-TX-105439,EXT-10143,2026-10-24T12:00:00+05:30,transfer,Payment observed,Review payment evidence,TX-105439
EV-TX-105444,EXT-10143,2026-11-05T12:00:00+05:30,transfer,Payment observed,Review payment evidence,TX-105444
EV-TX-105447,EXT-10144,2026-08-04T12:00:00+05:30,transfer,Payment observed,Review payment evidence,TX-105447
EV-TX-105449,EXT-10144,2026-08-08T12:00:00+05:30,transfer,Payment observed,Review payment evidence,TX-105449
EV-TX-105451,EXT-10144,2026-08-09T12:00:00+05:30,transfer,Payment observed,Review payment evidence,TX-105451
EV-TX-105454,EXT-10144,2026-08-23T12:00:00+05:30,transfer,Payment observed,Review payment evidence,TX-105454
EV-TX-105458,EXT-10144,2026-09-04T12:00:00+05:30,transfer,Payment observed,Review payment evidence,TX-105458
EV-TX-105460,EXT-10144,2026-09-08T12:00:00+05:30,transfer,Payment observed,Review payment evidence,TX-105460
EV-TX-105462,EXT-10144,2026-09-09T12:00:00+05:30,transfer,Payment observed,Review payment evidence,TX-105462
EV-TX-105464,EXT-10144,2026-09-15T16:13:00+05:30,transfer,Payment observed,Review payment evidence,TX-105464
EV-TX-105465,EXT-10144,2026-09-15T16:22:00+05:30,transfer,Payment observed,Review payment evidence,TX-105465
EV-TX-105466,EXT-10144,2026-09-19T13:22:00+05:30,transfer,Payment observed,Review payment evidence,TX-105466
EV-TX-105467,EXT-10144,2026-09-19T13:26:00+05:30,transfer,Payment observed,Review payment evidence,TX-105467
EV-TX-105468,EXT-10144,2026-09-19T13:36:00+05:30,transfer,Payment observed,Review payment evidence,TX-105468
EV-TX-105470,EXT-10144,2026-09-23T12:00:00+05:30,transfer,Payment observed,Review payment evidence,TX-105470
EV-TX-105474,EXT-10144,2026-10-04T12:00:00+05:30,transfer,Payment observed,Review payment evidence,TX-105474
EV-TX-105476,EXT-10144,2026-10-08T12:00:00+05:30,transfer,Payment observed,Review payment evidence,TX-105476
EV-TX-105478,EXT-10144,2026-10-09T12:00:00+05:30,transfer,Payment observed,Review payment evidence,TX-105478
EV-TX-105481,EXT-10144,2026-10-23T12:00:00+05:30,transfer,Payment observed,Review payment evidence,TX-105481
EV-TX-105485,EXT-10144,2026-11-04T12:00:00+05:30,transfer,Payment observed,Review payment evidence,TX-105485
EV-TX-105491,EXT-10145,2026-08-12T12:00:00+05:30,transfer,Payment observed,Review payment evidence,TX-105491
EV-TX-105493,EXT-10145,2026-08-15T12:00:00+05:30,transfer,Payment observed,Review payment evidence,TX-105493
EV-TX-105500,EXT-10145,2026-09-12T12:00:00+05:30,transfer,Payment observed,Review payment evidence,TX-105500
EV-TX-105501,EXT-10145,2026-09-13T17:36:00+05:30,transfer,Payment observed,Review payment evidence,TX-105501
EV-TX-105502,EXT-10145,2026-09-13T17:39:00+05:30,transfer,Payment observed,Review payment evidence,TX-105502
EV-TX-105504,EXT-10145,2026-09-15T12:00:00+05:30,transfer,Payment observed,Review payment evidence,TX-105504
EV-TX-105505,EXT-10145,2026-09-16T10:00:00+05:30,transfer,Payment observed,Review payment evidence,TX-105505
EV-TX-105506,EXT-10145,2026-09-18T13:32:00+05:30,transfer,Payment observed,Review payment evidence,TX-105506
EV-TX-105507,EXT-10145,2026-09-18T13:39:00+05:30,transfer,Payment observed,Review payment evidence,TX-105507
EV-TX-105508,EXT-10145,2026-09-18T13:46:00+05:30,transfer,Payment observed,Review payment evidence,TX-105508
EV-TX-105515,EXT-10145,2026-10-12T12:00:00+05:30,transfer,Payment observed,Review payment evidence,TX-105515
EV-TX-105517,EXT-10145,2026-10-15T12:00:00+05:30,transfer,Payment observed,Review payment evidence,TX-105517
EV-TX-105527,EXT-10146,2026-08-15T12:00:00+05:30,transfer,Payment observed,Review payment evidence,TX-105527
EV-TX-105528,EXT-10146,2026-08-16T12:00:00+05:30,transfer,Payment observed,Review payment evidence,TX-105528
EV-TX-105529,EXT-10146,2026-08-19T12:00:00+05:30,transfer,Payment observed,Review payment evidence,TX-105529
EV-TX-105537,EXT-10146,2026-09-12T14:23:00+05:30,transfer,Payment observed,Review payment evidence,TX-105537
EV-TX-105538,EXT-10146,2026-09-12T14:33:00+05:30,transfer,Payment observed,Review payment evidence,TX-105538
EV-TX-105550,EXT-10146,2026-10-15T12:00:00+05:30,transfer,Payment observed,Review payment evidence,TX-105550
EV-TX-105565,EXT-10147,2026-08-21T12:00:00+05:30,transfer,Payment observed,Review payment evidence,TX-105565
EV-TX-105567,EXT-10147,2026-08-28T12:00:00+05:30,transfer,Payment observed,Review payment evidence,TX-105567
EV-TX-105571,EXT-10147,2026-09-13T16:01:00+05:30,transfer,Payment observed,Review payment evidence,TX-105571
EV-TX-105575,EXT-10147,2026-09-21T12:00:00+05:30,transfer,Payment observed,Review payment evidence,TX-105575
EV-TX-105577,EXT-10147,2026-09-28T12:00:00+05:30,transfer,Payment observed,Review payment evidence,TX-105577
EV-TX-105584,EXT-10147,2026-10-21T12:00:00+05:30,transfer,Payment observed,Review payment evidence,TX-105584
EV-TX-105586,EXT-10147,2026-10-28T12:00:00+05:30,transfer,Payment observed,Review payment evidence,TX-105586
EV-TX-105592,EXT-10148,2026-08-07T12:00:00+05:30,transfer,Payment observed,Review payment evidence,TX-105592
EV-TX-105594,EXT-10148,2026-08-10T12:00:00+05:30,transfer,Payment observed,Review payment evidence,TX-105594
EV-TX-105598,EXT-10148,2026-08-23T12:00:00+05:30,transfer,Payment observed,Review payment evidence,TX-105598
EV-TX-105602,EXT-10148,2026-09-07T12:00:00+05:30,transfer,Payment observed,Review payment evidence,TX-105602
EV-TX-105604,EXT-10148,2026-09-10T12:00:00+05:30,transfer,Payment observed,Review payment evidence,TX-105604
EV-TX-105608,EXT-10148,2026-09-23T12:00:00+05:30,transfer,Payment observed,Review payment evidence,TX-105608
EV-TX-105612,EXT-10148,2026-10-07T12:00:00+05:30,transfer,Payment observed,Review payment evidence,TX-105612
EV-TX-105614,EXT-10148,2026-10-10T12:00:00+05:30,transfer,Payment observed,Review payment evidence,TX-105614
EV-TX-105617,EXT-10148,2026-10-23T12:00:00+05:30,transfer,Payment observed,Review payment evidence,TX-105617
EV-TX-105625,EXT-10149,2026-08-03T12:00:00+05:30,transfer,Payment observed,Review payment evidence,TX-105625
EV-TX-105627,EXT-10149,2026-08-10T12:00:00+05:30,transfer,Payment observed,Review payment evidence,TX-105627
EV-TX-105630,EXT-10149,2026-08-24T12:00:00+05:30,transfer,Payment observed,Review payment evidence,TX-105630
EV-TX-105633,EXT-10149,2026-08-27T12:00:00+05:30,transfer,Payment observed,Review payment evidence,TX-105633
EV-TX-105636,EXT-10149,2026-09-03T12:00:00+05:30,transfer,Payment observed,Review payment evidence,TX-105636
EV-TX-105638,EXT-10149,2026-09-10T12:00:00+05:30,transfer,Payment observed,Review payment evidence,TX-105638
EV-TX-105640,EXT-10149,2026-09-16T13:33:00+05:30,transfer,Payment observed,Review payment evidence,TX-105640
EV-TX-105641,EXT-10149,2026-09-16T13:36:00+05:30,transfer,Payment observed,Review payment evidence,TX-105641
EV-TX-105642,EXT-10149,2026-09-16T13:41:00+05:30,transfer,Payment observed,Review payment evidence,TX-105642
EV-TX-105644,EXT-10149,2026-09-24T12:00:00+05:30,transfer,Payment observed,Review payment evidence,TX-105644
EV-TX-105647,EXT-10149,2026-09-27T12:00:00+05:30,transfer,Payment observed,Review payment evidence,TX-105647
EV-TX-105650,EXT-10149,2026-10-03T12:00:00+05:30,transfer,Payment observed,Review payment evidence,TX-105650
EV-TX-105652,EXT-10149,2026-10-10T12:00:00+05:30,transfer,Payment observed,Review payment evidence,TX-105652
EV-TX-105655,EXT-10149,2026-10-24T12:00:00+05:30,transfer,Payment observed,Review payment evidence,TX-105655
EV-TX-105658,EXT-10149,2026-10-27T12:00:00+05:30,transfer,Payment observed,Review payment evidence,TX-105658
EV-TX-105661,EXT-10149,2026-11-03T12:00:00+05:30,transfer,Payment observed,Review payment evidence,TX-105661
EV-TX-105665,EXT-10150,2026-08-12T12:00:00+05:30,transfer,Payment observed,Review payment evidence,TX-105665
EV-TX-105667,EXT-10150,2026-08-16T12:00:00+05:30,transfer,Payment observed,Review payment evidence,TX-105667
EV-TX-105669,EXT-10150,2026-08-21T12:00:00+05:30,transfer,Payment observed,Review payment evidence,TX-105669
EV-TX-105674,EXT-10150,2026-09-12T12:00:00+05:30,transfer,Payment observed,Review payment evidence,TX-105674
EV-TX-105675,EXT-10150,2026-09-12T16:11:00+05:30,transfer,Payment observed,Review payment evidence,TX-105675
EV-TX-105676,EXT-10150,2026-09-12T16:15:00+05:30,transfer,Payment observed,Review payment evidence,TX-105676
EV-TX-105677,EXT-10150,2026-09-12T16:23:00+05:30,transfer,Payment observed,Review payment evidence,TX-105677
EV-TX-105679,EXT-10150,2026-09-16T12:00:00+05:30,transfer,Payment observed,Review payment evidence,TX-105679
EV-TX-105680,EXT-10150,2026-09-18T16:25:00+05:30,transfer,Payment observed,Review payment evidence,TX-105680
EV-TX-105681,EXT-10150,2026-09-18T16:34:00+05:30,transfer,Payment observed,Review payment evidence,TX-105681
EV-TX-105683,EXT-10150,2026-09-21T12:00:00+05:30,transfer,Payment observed,Review payment evidence,TX-105683
EV-TX-105689,EXT-10150,2026-10-12T12:00:00+05:30,transfer,Payment observed,Review payment evidence,TX-105689
EV-TX-105691,EXT-10150,2026-10-16T12:00:00+05:30,transfer,Payment observed,Review payment evidence,TX-105691
EV-TX-105703,EXT-10151,2026-08-23T12:00:00+05:30,transfer,Payment observed,Review payment evidence,TX-105703
EV-TX-105706,EXT-10151,2026-08-28T12:00:00+05:30,transfer,Payment observed,Review payment evidence,TX-105706
EV-TX-105711,EXT-10151,2026-09-16T14:12:00+05:30,transfer,Payment observed,Review payment evidence,TX-105711
EV-TX-105712,EXT-10151,2026-09-16T14:19:00+05:30,transfer,Payment observed,Review payment evidence,TX-105712
EV-TX-105714,EXT-10151,2026-09-23T12:00:00+05:30,transfer,Payment observed,Review payment evidence,TX-105714
EV-TX-105717,EXT-10151,2026-09-28T12:00:00+05:30,transfer,Payment observed,Review payment evidence,TX-105717
EV-TX-105738,EXT-10152,2026-08-03T12:00:00+05:30,transfer,Payment observed,Review payment evidence,TX-105738
EV-TX-105742,EXT-10152,2026-08-22T12:00:00+05:30,transfer,Payment observed,Review payment evidence,TX-105742
EV-TX-105759,EXT-10152,2026-10-03T12:00:00+05:30,transfer,Payment observed,Review payment evidence,TX-105759
EV-TX-105767,EXT-10153,2026-08-02T12:00:00+05:30,transfer,Payment observed,Review payment evidence,TX-105767
EV-TX-105770,EXT-10153,2026-08-11T12:00:00+05:30,transfer,Payment observed,Review payment evidence,TX-105770
EV-TX-105772,EXT-10153,2026-08-17T12:00:00+05:30,transfer,Payment observed,Review payment evidence,TX-105772
EV-TX-105777,EXT-10153,2026-09-02T12:00:00+05:30,transfer,Payment observed,Review payment evidence,TX-105777
EV-TX-105780,EXT-10153,2026-09-11T12:00:00+05:30,transfer,Payment observed,Review payment evidence,TX-105780
EV-TX-105781,EXT-10153,2026-09-12T14:00:00+05:30,transfer,Payment observed,Review payment evidence,TX-105781
EV-TX-105782,EXT-10153,2026-09-12T14:03:00+05:30,transfer,Payment observed,Review payment evidence,TX-105782
EV-TX-105783,EXT-10153,2026-09-12T14:06:00+05:30,transfer,Payment observed,Review payment evidence,TX-105783
EV-TX-105784,EXT-10153,2026-09-12T14:14:00+05:30,transfer,Payment observed,Review payment evidence,TX-105784
EV-TX-105786,EXT-10153,2026-09-17T12:00:00+05:30,transfer,Payment observed,Review payment evidence,TX-105786
EV-TX-105791,EXT-10153,2026-10-02T12:00:00+05:30,transfer,Payment observed,Review payment evidence,TX-105791
EV-TX-105794,EXT-10153,2026-10-11T12:00:00+05:30,transfer,Payment observed,Review payment evidence,TX-105794
EV-TX-105796,EXT-10153,2026-10-17T12:00:00+05:30,transfer,Payment observed,Review payment evidence,TX-105796
EV-TX-105801,EXT-10153,2026-11-02T12:00:00+05:30,transfer,Payment observed,Review payment evidence,TX-105801
EV-TX-105809,EXT-10154,2026-08-21T12:00:00+05:30,transfer,Payment observed,Review payment evidence,TX-105809
EV-TX-105811,EXT-10154,2026-08-25T12:00:00+05:30,transfer,Payment observed,Review payment evidence,TX-105811
EV-TX-105816,EXT-10154,2026-09-12T14:00:00+05:30,transfer,Payment observed,Review payment evidence,TX-105816
EV-TX-105817,EXT-10154,2026-09-12T14:03:00+05:30,transfer,Payment observed,Review payment evidence,TX-105817
EV-TX-105818,EXT-10154,2026-09-12T14:06:00+05:30,transfer,Payment observed,Review payment evidence,TX-105818
EV-TX-105819,EXT-10154,2026-09-12T14:14:00+05:30,transfer,Payment observed,Review payment evidence,TX-105819
EV-TX-105820,EXT-10154,2026-09-14T13:26:00+05:30,transfer,Payment observed,Review payment evidence,TX-105820
EV-TX-105821,EXT-10154,2026-09-14T13:35:00+05:30,transfer,Payment observed,Review payment evidence,TX-105821
EV-TX-105822,EXT-10154,2026-09-14T13:42:00+05:30,transfer,Payment observed,Review payment evidence,TX-105822
EV-TX-105825,EXT-10154,2026-09-21T12:00:00+05:30,transfer,Payment observed,Review payment evidence,TX-105825
EV-TX-105827,EXT-10154,2026-09-25T12:00:00+05:30,transfer,Payment observed,Review payment evidence,TX-105827
EV-TX-105834,EXT-10154,2026-10-21T12:00:00+05:30,transfer,Payment observed,Review payment evidence,TX-105834
EV-TX-105836,EXT-10154,2026-10-25T12:00:00+05:30,transfer,Payment observed,Review payment evidence,TX-105836
EV-TX-105843,EXT-10155,2026-08-06T12:00:00+05:30,transfer,Payment observed,Review payment evidence,TX-105843
EV-TX-105845,EXT-10155,2026-08-09T12:00:00+05:30,transfer,Payment observed,Review payment evidence,TX-105845
EV-TX-105848,EXT-10155,2026-08-24T12:00:00+05:30,transfer,Payment observed,Review payment evidence,TX-105848
EV-TX-105854,EXT-10155,2026-09-06T12:00:00+05:30,transfer,Payment observed,Review payment evidence,TX-105854
EV-TX-105855,EXT-10155,2026-09-08T16:19:00+05:30,transfer,Payment observed,Review payment evidence,TX-105855
EV-TX-105856,EXT-10155,2026-09-08T16:26:00+05:30,transfer,Payment observed,Review payment evidence,TX-105856
EV-TX-105858,EXT-10155,2026-09-09T12:00:00+05:30,transfer,Payment observed,Review payment evidence,TX-105858
EV-TX-105860,EXT-10155,2026-09-15T13:20:00+05:30,transfer,Payment observed,Review payment evidence,TX-105860
EV-TX-105861,EXT-10155,2026-09-15T13:29:00+05:30,transfer,Payment observed,Review payment evidence,TX-105861
EV-TX-105869,EXT-10155,2026-10-06T12:00:00+05:30,transfer,Payment observed,Review payment evidence,TX-105869
EV-TX-105871,EXT-10155,2026-10-09T12:00:00+05:30,transfer,Payment observed,Review payment evidence,TX-105871
EV-TX-105874,EXT-10155,2026-10-24T12:00:00+05:30,transfer,Payment observed,Review payment evidence,TX-105874
EV-TX-105877,EXT-10155,2026-10-27T12:00:00+05:30,transfer,Payment observed,Review payment evidence,TX-105877
EV-TX-105882,EXT-10156,2026-08-03T12:00:00+05:30,transfer,Payment observed,Review payment evidence,TX-105882
EV-TX-105885,EXT-10156,2026-08-15T12:00:00+05:30,transfer,Payment observed,Review payment evidence,TX-105885
EV-TX-105886,EXT-10156,2026-08-16T12:00:00+05:30,transfer,Payment observed,Review payment evidence,TX-105886
EV-TX-105893,EXT-10156,2026-09-03T12:00:00+05:30,transfer,Payment observed,Review payment evidence,TX-105893
EV-TX-105896,EXT-10156,2026-09-15T12:00:00+05:30,transfer,Payment observed,Review payment evidence,TX-105896
EV-TX-105897,EXT-10156,2026-09-16T12:00:00+05:30,transfer,Payment observed,Review payment evidence,TX-105897
EV-TX-105898,EXT-10156,2026-09-18T17:15:00+05:30,transfer,Payment observed,Review payment evidence,TX-105898
EV-TX-105899,EXT-10156,2026-09-18T17:21:00+05:30,transfer,Payment observed,Review payment evidence,TX-105899
EV-TX-105906,EXT-10156,2026-10-03T12:00:00+05:30,transfer,Payment observed,Review payment evidence,TX-105906
EV-TX-105909,EXT-10156,2026-10-15T12:00:00+05:30,transfer,Payment observed,Review payment evidence,TX-105909
EV-TX-105910,EXT-10156,2026-10-16T12:00:00+05:30,transfer,Payment observed,Review payment evidence,TX-105910
EV-TX-105918,EXT-10156,2026-11-03T12:00:00+05:30,transfer,Payment observed,Review payment evidence,TX-105918
EV-TX-105922,EXT-10157,2026-08-07T12:00:00+05:30,transfer,Payment observed,Review payment evidence,TX-105922
EV-TX-105924,EXT-10157,2026-08-09T12:00:00+05:30,transfer,Payment observed,Review payment evidence,TX-105924
EV-TX-105926,EXT-10157,2026-08-15T12:00:00+05:30,transfer,Payment observed,Review payment evidence,TX-105926
EV-TX-105934,EXT-10157,2026-09-07T12:00:00+05:30,transfer,Payment observed,Review payment evidence,TX-105934
EV-TX-105936,EXT-10157,2026-09-09T12:00:00+05:30,transfer,Payment observed,Review payment evidence,TX-105936
EV-TX-105937,EXT-10157,2026-09-13T15:57:00+05:30,transfer,Payment observed,Review payment evidence,TX-105937
EV-TX-105938,EXT-10157,2026-09-13T16:07:00+05:30,transfer,Payment observed,Review payment evidence,TX-105938
EV-TX-105939,EXT-10157,2026-09-13T16:09:00+05:30,transfer,Payment observed,Review payment evidence,TX-105939
EV-TX-105941,EXT-10157,2026-09-15T12:00:00+05:30,transfer,Payment observed,Review payment evidence,TX-105941
EV-TX-105942,EXT-10157,2026-09-16T10:00:00+05:30,transfer,Payment observed,Review payment evidence,TX-105942
EV-TX-105948,EXT-10157,2026-10-07T12:00:00+05:30,transfer,Payment observed,Review payment evidence,TX-105948
EV-TX-105950,EXT-10157,2026-10-09T12:00:00+05:30,transfer,Payment observed,Review payment evidence,TX-105950
EV-TX-105952,EXT-10157,2026-10-15T12:00:00+05:30,transfer,Payment observed,Review payment evidence,TX-105952
EV-TX-105961,EXT-10158,2026-08-03T12:00:00+05:30,transfer,Payment observed,Review payment evidence,TX-105961
EV-TX-105973,EXT-10158,2026-09-03T12:00:00+05:30,transfer,Payment observed,Review payment evidence,TX-105973
EV-TX-105975,EXT-10158,2026-09-09T16:33:00+05:30,transfer,Payment observed,Review payment evidence,TX-105975
EV-TX-105976,EXT-10158,2026-09-09T16:42:00+05:30,transfer,Payment observed,Review payment evidence,TX-105976
EV-TX-105977,EXT-10158,2026-09-11T12:00:00+05:30,transfer,Payment observed,Review payment evidence,TX-105977
EV-TX-105985,EXT-10158,2026-10-03T12:00:00+05:30,transfer,Payment observed,Review payment evidence,TX-105985
EV-TX-105987,EXT-10158,2026-10-11T12:00:00+05:30,transfer,Payment observed,Review payment evidence,TX-105987
EV-TX-105991,EXT-10158,2026-11-03T12:00:00+05:30,transfer,Payment observed,Review payment evidence,TX-105991
EV-TX-105994,EXT-10159,2026-08-07T12:00:00+05:30,transfer,Payment observed,Review payment evidence,TX-105994
EV-TX-105996,EXT-10159,2026-08-12T12:00:00+05:30,transfer,Payment observed,Review payment evidence,TX-105996
EV-TX-105998,EXT-10159,2026-08-18T12:00:00+05:30,transfer,Payment observed,Review payment evidence,TX-105998
EV-TX-105999,EXT-10159,2026-08-20T12:00:00+05:30,transfer,Payment observed,Review payment evidence,TX-105999
EV-TX-106006,EXT-10159,2026-09-07T12:00:00+05:30,transfer,Payment observed,Review payment evidence,TX-106006
EV-TX-106008,EXT-10159,2026-09-12T12:00:00+05:30,transfer,Payment observed,Review payment evidence,TX-106008
EV-TX-106018,EXT-10159,2026-10-07T12:00:00+05:30,transfer,Payment observed,Review payment evidence,TX-106018
EV-TX-106020,EXT-10159,2026-10-12T12:00:00+05:30,transfer,Payment observed,Review payment evidence,TX-106020
EV-TX-106022,EXT-10159,2026-10-18T12:00:00+05:30,transfer,Payment observed,Review payment evidence,TX-106022
EV-TX-106023,EXT-10159,2026-10-20T12:00:00+05:30,transfer,Payment observed,Review payment evidence,TX-106023
EV-TX-106031,EXT-10160,2026-08-02T12:00:00+05:30,transfer,Payment observed,Review payment evidence,TX-106031
EV-TX-106033,EXT-10160,2026-08-08T12:00:00+05:30,transfer,Payment observed,Review payment evidence,TX-106033
EV-TX-106036,EXT-10160,2026-08-19T12:00:00+05:30,transfer,Payment observed,Review payment evidence,TX-106036
EV-TX-106038,EXT-10160,2026-08-21T12:00:00+05:30,transfer,Payment observed,Review payment evidence,TX-106038
EV-TX-106041,EXT-10160,2026-09-02T12:00:00+05:30,transfer,Payment observed,Review payment evidence,TX-106041
EV-TX-106043,EXT-10160,2026-09-08T12:00:00+05:30,transfer,Payment observed,Review payment evidence,TX-106043
EV-TX-106046,EXT-10160,2026-09-19T12:00:00+05:30,transfer,Payment observed,Review payment evidence,TX-106046
EV-TX-106048,EXT-10160,2026-09-21T12:00:00+05:30,transfer,Payment observed,Review payment evidence,TX-106048
EV-TX-106051,EXT-10160,2026-10-02T12:00:00+05:30,transfer,Payment observed,Review payment evidence,TX-106051
EV-TX-106053,EXT-10160,2026-10-08T12:00:00+05:30,transfer,Payment observed,Review payment evidence,TX-106053
EV-TX-106056,EXT-10160,2026-10-19T12:00:00+05:30,transfer,Payment observed,Review payment evidence,TX-106056
EV-TX-106058,EXT-10160,2026-10-21T12:00:00+05:30,transfer,Payment observed,Review payment evidence,TX-106058
EV-TX-106061,EXT-10160,2026-11-02T12:00:00+05:30,transfer,Payment observed,Review payment evidence,TX-106061
EV-TX-106065,EXT-10161,2026-08-08T12:00:00+05:30,transfer,Payment observed,Review payment evidence,TX-106065
EV-TX-106067,EXT-10161,2026-08-13T12:00:00+05:30,transfer,Payment observed,Review payment evidence,TX-106067
EV-TX-106068,EXT-10161,2026-08-14T12:00:00+05:30,transfer,Payment observed,Review payment evidence,TX-106068
EV-TX-106072,EXT-10161,2026-08-26T12:00:00+05:30,transfer,Payment observed,Review payment evidence,TX-106072
EV-TX-106078,EXT-10161,2026-09-08T12:00:00+05:30,transfer,Payment observed,Review payment evidence,TX-106078
EV-TX-106080,EXT-10161,2026-09-13T12:00:00+05:30,transfer,Payment observed,Review payment evidence,TX-106080
EV-TX-106081,EXT-10161,2026-09-14T12:00:00+05:30,transfer,Payment observed,Review payment evidence,TX-106081
EV-TX-106083,EXT-10161,2026-09-16T16:55:00+05:30,transfer,Payment observed,Review payment evidence,TX-106083
EV-TX-106084,EXT-10161,2026-09-16T16:59:00+05:30,transfer,Payment observed,Review payment evidence,TX-106084
EV-TX-106093,EXT-10161,2026-10-08T12:00:00+05:30,transfer,Payment observed,Review payment evidence,TX-106093
EV-TX-106095,EXT-10161,2026-10-13T12:00:00+05:30,transfer,Payment observed,Review payment evidence,TX-106095
EV-TX-106096,EXT-10161,2026-10-14T12:00:00+05:30,transfer,Payment observed,Review payment evidence,TX-106096
EV-TX-106100,EXT-10161,2026-10-26T12:00:00+05:30,transfer,Payment observed,Review payment evidence,TX-106100
EV-TX-106110,EXT-10162,2026-08-03T12:00:00+05:30,transfer,Payment observed,Review payment evidence,TX-106110
EV-TX-106112,EXT-10162,2026-08-09T12:00:00+05:30,transfer,Payment observed,Review payment evidence,TX-106112
EV-TX-106116,EXT-10162,2026-08-25T12:00:00+05:30,transfer,Payment observed,Review payment evidence,TX-106116
EV-TX-106118,EXT-10162,2026-08-26T12:00:00+05:30,transfer,Payment observed,Review payment evidence,TX-106118
EV-TX-106121,EXT-10162,2026-09-03T12:00:00+05:30,transfer,Payment observed,Review payment evidence,TX-106121
EV-TX-106123,EXT-10162,2026-09-09T12:00:00+05:30,transfer,Payment observed,Review payment evidence,TX-106123
EV-TX-106124,EXT-10162,2026-09-10T17:12:00+05:30,transfer,Payment observed,Review payment evidence,TX-106124
EV-TX-106125,EXT-10162,2026-09-10T17:18:00+05:30,transfer,Payment observed,Review payment evidence,TX-106125
EV-TX-106126,EXT-10162,2026-09-10T17:32:00+05:30,transfer,Payment observed,Review payment evidence,TX-106126
EV-TX-106130,EXT-10162,2026-09-25T12:00:00+05:30,transfer,Payment observed,Review payment evidence,TX-106130
EV-TX-106132,EXT-10162,2026-09-26T12:00:00+05:30,transfer,Payment observed,Review payment evidence,TX-106132
EV-TX-106135,EXT-10162,2026-10-03T12:00:00+05:30,transfer,Payment observed,Review payment evidence,TX-106135
EV-TX-106137,EXT-10162,2026-10-09T12:00:00+05:30,transfer,Payment observed,Review payment evidence,TX-106137
EV-TX-106147,EXT-10162,2026-11-03T12:00:00+05:30,transfer,Payment observed,Review payment evidence,TX-106147
EV-TX-106152,EXT-10163,2026-08-12T12:00:00+05:30,transfer,Payment observed,Review payment evidence,TX-106152
EV-TX-106155,EXT-10163,2026-08-24T12:00:00+05:30,transfer,Payment observed,Review payment evidence,TX-106155
EV-TX-106160,EXT-10163,2026-09-12T12:00:00+05:30,transfer,Payment observed,Review payment evidence,TX-106160
EV-TX-106163,EXT-10163,2026-09-24T12:00:00+05:30,transfer,Payment observed,Review payment evidence,TX-106163
EV-TX-106169,EXT-10163,2026-10-12T12:00:00+05:30,transfer,Payment observed,Review payment evidence,TX-106169
EV-TX-106172,EXT-10163,2026-10-24T12:00:00+05:30,transfer,Payment observed,Review payment evidence,TX-106172
EV-TX-106180,EXT-10164,2026-08-08T12:00:00+05:30,transfer,Payment observed,Review payment evidence,TX-106180
EV-TX-106184,EXT-10164,2026-08-21T12:00:00+05:30,transfer,Payment observed,Review payment evidence,TX-106184
EV-TX-106186,EXT-10164,2026-08-22T12:00:00+05:30,transfer,Payment observed,Review payment evidence,TX-106186
EV-TX-106190,EXT-10164,2026-09-08T12:00:00+05:30,transfer,Payment observed,Review payment evidence,TX-106190
EV-TX-106192,EXT-10164,2026-09-11T15:09:00+05:30,transfer,Payment observed,Review payment evidence,TX-106192
EV-TX-106193,EXT-10164,2026-09-11T15:13:00+05:30,transfer,Payment observed,Review payment evidence,TX-106193
EV-TX-106196,EXT-10164,2026-09-21T12:00:00+05:30,transfer,Payment observed,Review payment evidence,TX-106196
EV-TX-106198,EXT-10164,2026-09-22T12:00:00+05:30,transfer,Payment observed,Review payment evidence,TX-106198
EV-TX-106203,EXT-10164,2026-10-08T12:00:00+05:30,transfer,Payment observed,Review payment evidence,TX-106203
EV-TX-106207,EXT-10164,2026-10-21T12:00:00+05:30,transfer,Payment observed,Review payment evidence,TX-106207
EV-TX-106209,EXT-10164,2026-10-22T12:00:00+05:30,transfer,Payment observed,Review payment evidence,TX-106209
EV-TX-106219,EXT-10165,2026-08-09T12:00:00+05:30,transfer,Payment observed,Review payment evidence,TX-106219
EV-TX-106220,EXT-10165,2026-08-12T12:00:00+05:30,transfer,Payment observed,Review payment evidence,TX-106220
EV-TX-106223,EXT-10165,2026-08-21T12:00:00+05:30,transfer,Payment observed,Review payment evidence,TX-106223
EV-TX-106229,EXT-10165,2026-09-09T12:00:00+05:30,transfer,Payment observed,Review payment evidence,TX-106229
EV-TX-106230,EXT-10165,2026-09-12T12:00:00+05:30,transfer,Payment observed,Review payment evidence,TX-106230
EV-TX-106232,EXT-10165,2026-09-18T14:00:00+05:30,transfer,Payment observed,Review payment evidence,TX-106232
EV-TX-106233,EXT-10165,2026-09-18T14:03:00+05:30,transfer,Payment observed,Review payment evidence,TX-106233
EV-TX-106234,EXT-10165,2026-09-18T14:06:00+05:30,transfer,Payment observed,Review payment evidence,TX-106234
EV-TX-106235,EXT-10165,2026-09-18T14:14:00+05:30,transfer,Payment observed,Review payment evidence,TX-106235
EV-TX-106237,EXT-10165,2026-09-21T12:00:00+05:30,transfer,Payment observed,Review payment evidence,TX-106237
EV-TX-106244,EXT-10165,2026-10-09T12:00:00+05:30,transfer,Payment observed,Review payment evidence,TX-106244
EV-TX-106245,EXT-10165,2026-10-12T12:00:00+05:30,transfer,Payment observed,Review payment evidence,TX-106245
EV-TX-106248,EXT-10165,2026-10-21T12:00:00+05:30,transfer,Payment observed,Review payment evidence,TX-106248
EV-TX-106258,EXT-10166,2026-08-17T12:00:00+05:30,transfer,Payment observed,Review payment evidence,TX-106258
EV-TX-106259,EXT-10166,2026-08-19T12:00:00+05:30,transfer,Payment observed,Review payment evidence,TX-106259
EV-TX-106262,EXT-10166,2026-08-26T12:00:00+05:30,transfer,Payment observed,Review payment evidence,TX-106262
EV-TX-106268,EXT-10166,2026-09-14T14:00:00+05:30,transfer,Payment observed,Review payment evidence,TX-106268
EV-TX-106269,EXT-10166,2026-09-14T14:03:00+05:30,transfer,Payment observed,Review payment evidence,TX-106269
EV-TX-106270,EXT-10166,2026-09-14T14:06:00+05:30,transfer,Payment observed,Review payment evidence,TX-106270
EV-TX-106271,EXT-10166,2026-09-14T14:14:00+05:30,transfer,Payment observed,Review payment evidence,TX-106271
EV-TX-106273,EXT-10166,2026-09-17T12:00:00+05:30,transfer,Payment observed,Review payment evidence,TX-106273
EV-TX-106274,EXT-10166,2026-09-19T12:00:00+05:30,transfer,Payment observed,Review payment evidence,TX-106274
EV-TX-106277,EXT-10166,2026-09-26T12:00:00+05:30,transfer,Payment observed,Review payment evidence,TX-106277
EV-TX-106284,EXT-10166,2026-10-17T12:00:00+05:30,transfer,Payment observed,Review payment evidence,TX-106284
EV-TX-106285,EXT-10166,2026-10-19T12:00:00+05:30,transfer,Payment observed,Review payment evidence,TX-106285
EV-TX-106288,EXT-10166,2026-10-26T12:00:00+05:30,transfer,Payment observed,Review payment evidence,TX-106288
EV-TX-106296,EXT-10167,2026-08-14T12:00:00+05:30,transfer,Payment observed,Review payment evidence,TX-106296
EV-TX-106300,EXT-10167,2026-08-25T12:00:00+05:30,transfer,Payment observed,Review payment evidence,TX-106300
EV-TX-106302,EXT-10167,2026-08-26T12:00:00+05:30,transfer,Payment observed,Review payment evidence,TX-106302
EV-TX-106306,EXT-10167,2026-09-14T12:00:00+05:30,transfer,Payment observed,Review payment evidence,TX-106306
EV-TX-106308,EXT-10167,2026-09-18T14:37:00+05:30,transfer,Payment observed,Review payment evidence,TX-106308
EV-TX-106309,EXT-10167,2026-09-18T14:41:00+05:30,transfer,Payment observed,Review payment evidence,TX-106309
EV-TX-106311,EXT-10167,2026-09-24T14:51:00+05:30,transfer,Payment observed,Review payment evidence,TX-106311
EV-TX-106312,EXT-10167,2026-09-25T12:00:00+05:30,transfer,Payment observed,Review payment evidence,TX-106312
EV-TX-106319,EXT-10167,2026-10-14T12:00:00+05:30,transfer,Payment observed,Review payment evidence,TX-106319
EV-TX-106323,EXT-10167,2026-10-25T12:00:00+05:30,transfer,Payment observed,Review payment evidence,TX-106323
EV-TX-106332,EXT-10168,2026-08-05T12:00:00+05:30,transfer,Payment observed,Review payment evidence,TX-106332
EV-TX-106337,EXT-10168,2026-08-23T12:00:00+05:30,transfer,Payment observed,Review payment evidence,TX-106337
EV-TX-106341,EXT-10168,2026-09-05T12:00:00+05:30,transfer,Payment observed,Review payment evidence,TX-106341
EV-TX-106343,EXT-10168,2026-09-12T16:20:00+05:30,transfer,Payment observed,Review payment evidence,TX-106343
EV-TX-106344,EXT-10168,2026-09-12T16:27:00+05:30,transfer,Payment observed,Review payment evidence,TX-106344
EV-TX-106348,EXT-10168,2026-09-23T12:00:00+05:30,transfer,Payment observed,Review payment evidence,TX-106348
EV-TX-106352,EXT-10168,2026-10-05T12:00:00+05:30,transfer,Payment observed,Review payment evidence,TX-106352
EV-TX-106357,EXT-10168,2026-10-23T12:00:00+05:30,transfer,Payment observed,Review payment evidence,TX-106357
EV-TX-106361,EXT-10168,2026-11-05T12:00:00+05:30,transfer,Payment observed,Review payment evidence,TX-106361
EV-TX-106365,EXT-10169,2026-08-04T12:00:00+05:30,transfer,Payment observed,Review payment evidence,TX-106365
EV-TX-106366,EXT-10169,2026-08-05T12:00:00+05:30,transfer,Payment observed,Review payment evidence,TX-106366
EV-TX-106370,EXT-10169,2026-08-23T12:00:00+05:30,transfer,Payment observed,Review payment evidence,TX-106370
EV-TX-106375,EXT-10169,2026-09-04T12:00:00+05:30,transfer,Payment observed,Review payment evidence,TX-106375
EV-TX-106376,EXT-10169,2026-09-05T12:00:00+05:30,transfer,Payment observed,Review payment evidence,TX-106376
EV-TX-106378,EXT-10169,2026-09-14T14:53:00+05:30,transfer,Payment observed,Review payment evidence,TX-106378
EV-TX-106379,EXT-10169,2026-09-14T15:00:00+05:30,transfer,Payment observed,Review payment evidence,TX-106379
EV-TX-106380,EXT-10169,2026-09-14T15:07:00+05:30,transfer,Payment observed,Review payment evidence,TX-106380
EV-TX-106382,EXT-10169,2026-09-20T15:14:00+05:30,transfer,Payment observed,Review payment evidence,TX-106382
EV-TX-106383,EXT-10169,2026-09-20T15:24:00+05:30,transfer,Payment observed,Review payment evidence,TX-106383
EV-TX-106385,EXT-10169,2026-09-23T12:00:00+05:30,transfer,Payment observed,Review payment evidence,TX-106385
EV-TX-106386,EXT-10169,2026-09-23T10:00:00+05:30,transfer,Payment observed,Review payment evidence,TX-106386
EV-TX-106391,EXT-10169,2026-10-04T12:00:00+05:30,transfer,Payment observed,Review payment evidence,TX-106391
EV-TX-106392,EXT-10169,2026-10-05T12:00:00+05:30,transfer,Payment observed,Review payment evidence,TX-106392
EV-TX-106396,EXT-10169,2026-10-23T12:00:00+05:30,transfer,Payment observed,Review payment evidence,TX-106396
EV-TX-106401,EXT-10169,2026-11-04T12:00:00+05:30,transfer,Payment observed,Review payment evidence,TX-106401
EV-TX-106402,EXT-10169,2026-11-05T12:00:00+05:30,transfer,Payment observed,Review payment evidence,TX-106402
EV-TX-106406,EXT-10170,2026-08-04T12:00:00+05:30,transfer,Payment observed,Review payment evidence,TX-106406
EV-TX-106408,EXT-10170,2026-08-12T12:00:00+05:30,transfer,Payment observed,Review payment evidence,TX-106408
EV-TX-106414,EXT-10170,2026-09-04T12:00:00+05:30,transfer,Payment observed,Review payment evidence,TX-106414
EV-TX-106416,EXT-10170,2026-09-12T12:00:00+05:30,transfer,Payment observed,Review payment evidence,TX-106416
EV-TX-106417,EXT-10170,2026-09-13T14:40:00+05:30,transfer,Payment observed,Review payment evidence,TX-106417
EV-TX-106418,EXT-10170,2026-09-13T14:46:00+05:30,transfer,Payment observed,Review payment evidence,TX-106418
EV-TX-106424,EXT-10170,2026-10-04T12:00:00+05:30,transfer,Payment observed,Review payment evidence,TX-106424
EV-TX-106426,EXT-10170,2026-10-12T12:00:00+05:30,transfer,Payment observed,Review payment evidence,TX-106426
EV-TX-106432,EXT-10170,2026-11-04T12:00:00+05:30,transfer,Payment observed,Review payment evidence,TX-106432
EV-TX-106435,EXT-10171,2026-08-05T12:00:00+05:30,transfer,Payment observed,Review payment evidence,TX-106435
EV-TX-106439,EXT-10171,2026-08-21T12:00:00+05:30,transfer,Payment observed,Review payment evidence,TX-106439
EV-TX-106440,EXT-10171,2026-08-22T12:00:00+05:30,transfer,Payment observed,Review payment evidence,TX-106440
EV-TX-106446,EXT-10171,2026-09-05T12:00:00+05:30,transfer,Payment observed,Review payment evidence,TX-106446
EV-TX-106449,EXT-10171,2026-09-16T13:41:00+05:30,transfer,Payment observed,Review payment evidence,TX-106449
EV-TX-106451,EXT-10171,2026-09-21T12:00:00+05:30,transfer,Payment observed,Review payment evidence,TX-106451
EV-TX-106452,EXT-10171,2026-09-22T12:00:00+05:30,transfer,Payment observed,Review payment evidence,TX-106452
EV-TX-106458,EXT-10171,2026-10-05T12:00:00+05:30,transfer,Payment observed,Review payment evidence,TX-106458
EV-TX-106462,EXT-10171,2026-10-21T12:00:00+05:30,transfer,Payment observed,Review payment evidence,TX-106462
EV-TX-106463,EXT-10171,2026-10-22T12:00:00+05:30,transfer,Payment observed,Review payment evidence,TX-106463
EV-TX-106469,EXT-10171,2026-11-05T12:00:00+05:30,transfer,Payment observed,Review payment evidence,TX-106469
EV-TX-106474,EXT-10172,2026-08-13T12:00:00+05:30,transfer,Payment observed,Review payment evidence,TX-106474
EV-TX-106476,EXT-10172,2026-08-15T12:00:00+05:30,transfer,Payment observed,Review payment evidence,TX-106476
EV-TX-106483,EXT-10172,2026-09-13T12:00:00+05:30,transfer,Payment observed,Review payment evidence,TX-106483
EV-TX-106485,EXT-10172,2026-09-15T12:00:00+05:30,transfer,Payment observed,Review payment evidence,TX-106485
EV-TX-106486,EXT-10172,2026-09-19T16:55:00+05:30,transfer,Payment observed,Review payment evidence,TX-106486
EV-TX-106487,EXT-10172,2026-09-19T17:05:00+05:30,transfer,Payment observed,Review payment evidence,TX-106487
EV-TX-106488,EXT-10172,2026-09-19T17:15:00+05:30,transfer,Payment observed,Review payment evidence,TX-106488
EV-TX-106497,EXT-10172,2026-10-13T12:00:00+05:30,transfer,Payment observed,Review payment evidence,TX-106497
EV-TX-106499,EXT-10172,2026-10-15T12:00:00+05:30,transfer,Payment observed,Review payment evidence,TX-106499
EV-TX-106508,EXT-10173,2026-08-06T12:00:00+05:30,transfer,Payment observed,Review payment evidence,TX-106508
EV-TX-106510,EXT-10173,2026-08-13T12:00:00+05:30,transfer,Payment observed,Review payment evidence,TX-106510
EV-TX-106520,EXT-10173,2026-09-06T12:00:00+05:30,transfer,Payment observed,Review payment evidence,TX-106520
EV-TX-106522,EXT-10173,2026-09-13T12:00:00+05:30,transfer,Payment observed,Review payment evidence,TX-106522
EV-TX-106529,EXT-10173,2026-10-06T12:00:00+05:30,transfer,Payment observed,Review payment evidence,TX-106529
EV-TX-106531,EXT-10173,2026-10-13T12:00:00+05:30,transfer,Payment observed,Review payment evidence,TX-106531
EV-TX-106538,EXT-10174,2026-08-06T12:00:00+05:30,transfer,Payment observed,Review payment evidence,TX-106538
EV-TX-106543,EXT-10174,2026-08-24T12:00:00+05:30,transfer,Payment observed,Review payment evidence,TX-106543
EV-TX-106545,EXT-10174,2026-08-28T12:00:00+05:30,transfer,Payment observed,Review payment evidence,TX-106545
EV-TX-106548,EXT-10174,2026-09-06T12:00:00+05:30,transfer,Payment observed,Review payment evidence,TX-106548
EV-TX-106550,EXT-10174,2026-09-13T17:32:00+05:30,transfer,Payment observed,Review payment evidence,TX-106550
EV-TX-106551,EXT-10174,2026-09-13T17:40:00+05:30,transfer,Payment observed,Review payment evidence,TX-106551
EV-TX-106552,EXT-10174,2026-09-13T17:50:00+05:30,transfer,Payment observed,Review payment evidence,TX-106552
EV-TX-106554,EXT-10174,2026-09-17T17:41:00+05:30,transfer,Payment observed,Review payment evidence,TX-106554
EV-TX-106555,EXT-10174,2026-09-17T17:47:00+05:30,transfer,Payment observed,Review payment evidence,TX-106555
EV-TX-106558,EXT-10174,2026-09-24T12:00:00+05:30,transfer,Payment observed,Review payment evidence,TX-106558
EV-TX-106560,EXT-10174,2026-09-28T12:00:00+05:30,transfer,Payment observed,Review payment evidence,TX-106560
EV-TX-106563,EXT-10174,2026-10-06T12:00:00+05:30,transfer,Payment observed,Review payment evidence,TX-106563
EV-TX-106581,EXT-10175,2026-08-13T12:00:00+05:30,transfer,Payment observed,Review payment evidence,TX-106581
EV-TX-106583,EXT-10175,2026-08-15T12:00:00+05:30,transfer,Payment observed,Review payment evidence,TX-106583
EV-TX-106585,EXT-10175,2026-08-22T12:00:00+05:30,transfer,Payment observed,Review payment evidence,TX-106585
EV-TX-106587,EXT-10175,2026-08-23T12:00:00+05:30,transfer,Payment observed,Review payment evidence,TX-106587
EV-TX-106591,EXT-10175,2026-09-13T12:00:00+05:30,transfer,Payment observed,Review payment evidence,TX-106591
EV-TX-106593,EXT-10175,2026-09-15T12:00:00+05:30,transfer,Payment observed,Review payment evidence,TX-106593
EV-TX-106594,EXT-10175,2026-09-20T17:19:00+05:30,transfer,Payment observed,Review payment evidence,TX-106594
EV-TX-106595,EXT-10175,2026-09-20T17:22:00+05:30,transfer,Payment observed,Review payment evidence,TX-106595
EV-TX-106597,EXT-10175,2026-09-22T12:00:00+05:30,transfer,Payment observed,Review payment evidence,TX-106597
EV-TX-106599,EXT-10175,2026-09-23T12:00:00+05:30,transfer,Payment observed,Review payment evidence,TX-106599
EV-TX-106604,EXT-10175,2026-10-13T12:00:00+05:30,transfer,Payment observed,Review payment evidence,TX-106604
EV-TX-106606,EXT-10175,2026-10-15T12:00:00+05:30,transfer,Payment observed,Review payment evidence,TX-106606
EV-TX-106608,EXT-10175,2026-10-22T12:00:00+05:30,transfer,Payment observed,Review payment evidence,TX-106608
EV-TX-106609,EXT-10175,2026-10-23T12:00:00+05:30,transfer,Payment observed,Review payment evidence,TX-106609
EV-TX-106618,EXT-10176,2026-08-09T12:00:00+05:30,transfer,Payment observed,Review payment evidence,TX-106618
EV-TX-106620,EXT-10176,2026-08-20T12:00:00+05:30,transfer,Payment observed,Review payment evidence,TX-106620
EV-TX-106622,EXT-10176,2026-08-22T12:00:00+05:30,transfer,Payment observed,Review payment evidence,TX-106622
EV-TX-106628,EXT-10176,2026-09-09T12:00:00+05:30,transfer,Payment observed,Review payment evidence,TX-106628
EV-TX-106630,EXT-10176,2026-09-20T12:00:00+05:30,transfer,Payment observed,Review payment evidence,TX-106630
EV-TX-106631,EXT-10176,2026-09-20T17:45:00+05:30,transfer,Payment observed,Review payment evidence,TX-106631
EV-TX-106632,EXT-10176,2026-09-20T17:53:00+05:30,transfer,Payment observed,Review payment evidence,TX-106632
EV-TX-106633,EXT-10176,2026-09-20T18:05:00+05:30,transfer,Payment observed,Review payment evidence,TX-106633
EV-TX-106634,EXT-10176,2026-09-20T15:32:00+05:30,transfer,Payment observed,Review payment evidence,TX-106634
EV-TX-106635,EXT-10176,2026-09-20T15:38:00+05:30,transfer,Payment observed,Review payment evidence,TX-106635
EV-TX-106636,EXT-10176,2026-09-20T15:38:00+05:30,transfer,Payment observed,Review payment evidence,TX-106636
EV-TX-106638,EXT-10176,2026-09-22T12:00:00+05:30,transfer,Payment observed,Review payment evidence,TX-106638
EV-TX-106658,EXT-10177,2026-08-06T12:00:00+05:30,transfer,Payment observed,Review payment evidence,TX-106658
EV-TX-106660,EXT-10177,2026-08-12T12:00:00+05:30,transfer,Payment observed,Review payment evidence,TX-106660
EV-TX-106662,EXT-10177,2026-08-17T12:00:00+05:30,transfer,Payment observed,Review payment evidence,TX-106662
EV-TX-106664,EXT-10177,2026-08-25T12:00:00+05:30,transfer,Payment observed,Review payment evidence,TX-106664
EV-TX-106669,EXT-10177,2026-09-06T12:00:00+05:30,transfer,Payment observed,Review payment evidence,TX-106669
EV-TX-106671,EXT-10177,2026-09-12T12:00:00+05:30,transfer,Payment observed,Review payment evidence,TX-106671
EV-TX-106672,EXT-10177,2026-09-12T16:45:00+05:30,transfer,Payment observed,Review payment evidence,TX-106672
EV-TX-106673,EXT-10177,2026-09-12T16:50:00+05:30,transfer,Payment observed,Review payment evidence,TX-106673
EV-TX-106674,EXT-10177,2026-09-12T16:57:00+05:30,transfer,Payment observed,Review payment evidence,TX-106674
EV-TX-106676,EXT-10177,2026-09-17T12:00:00+05:30,transfer,Payment observed,Review payment evidence,TX-106676
EV-TX-106677,EXT-10177,2026-09-18T14:00:00+05:30,transfer,Payment observed,Review payment evidence,TX-106677
EV-TX-106678,EXT-10177,2026-09-18T14:03:00+05:30,transfer,Payment observed,Review payment evidence,TX-106678
EV-TX-106679,EXT-10177,2026-09-18T14:06:00+05:30,transfer,Payment observed,Review payment evidence,TX-106679
EV-TX-106680,EXT-10177,2026-09-18T14:14:00+05:30,transfer,Payment observed,Review payment evidence,TX-106680
EV-TX-106682,EXT-10177,2026-09-25T12:00:00+05:30,transfer,Payment observed,Review payment evidence,TX-106682
EV-TX-106688,EXT-10177,2026-10-06T12:00:00+05:30,transfer,Payment observed,Review payment evidence,TX-106688
EV-TX-106690,EXT-10177,2026-10-12T12:00:00+05:30,transfer,Payment observed,Review payment evidence,TX-106690
EV-TX-106704,EXT-10178,2026-08-12T12:00:00+05:30,transfer,Payment observed,Review payment evidence,TX-106704
EV-TX-106706,EXT-10178,2026-08-20T12:00:00+05:30,transfer,Payment observed,Review payment evidence,TX-106706
EV-TX-106708,EXT-10178,2026-08-25T12:00:00+05:30,transfer,Payment observed,Review payment evidence,TX-106708
EV-TX-106715,EXT-10178,2026-09-12T12:00:00+05:30,transfer,Payment observed,Review payment evidence,TX-106715
EV-TX-106716,EXT-10178,2026-09-13T17:36:00+05:30,transfer,Payment observed,Review payment evidence,TX-106716
EV-TX-106717,EXT-10178,2026-09-13T17:41:00+05:30,transfer,Payment observed,Review payment evidence,TX-106717
EV-TX-106718,EXT-10178,2026-09-13T17:46:00+05:30,transfer,Payment observed,Review payment evidence,TX-106718
EV-TX-106719,EXT-10178,2026-09-13T14:00:00+05:30,transfer,Payment observed,Review payment evidence,TX-106719
EV-TX-106720,EXT-10178,2026-09-13T14:03:00+05:30,transfer,Payment observed,Review payment evidence,TX-106720
EV-TX-106721,EXT-10178,2026-09-13T14:06:00+05:30,transfer,Payment observed,Review payment evidence,TX-106721
EV-TX-106722,EXT-10178,2026-09-13T14:14:00+05:30,transfer,Payment observed,Review payment evidence,TX-106722
EV-TX-106724,EXT-10178,2026-09-20T12:00:00+05:30,transfer,Payment observed,Review payment evidence,TX-106724
EV-TX-106726,EXT-10178,2026-09-25T12:00:00+05:30,transfer,Payment observed,Review payment evidence,TX-106726
EV-TX-106733,EXT-10178,2026-10-12T12:00:00+05:30,transfer,Payment observed,Review payment evidence,TX-106733
EV-TX-106735,EXT-10178,2026-10-20T12:00:00+05:30,transfer,Payment observed,Review payment evidence,TX-106735
EV-TX-106745,EXT-10179,2026-08-04T12:00:00+05:30,transfer,Payment observed,Review payment evidence,TX-106745
EV-TX-106749,EXT-10179,2026-08-20T12:00:00+05:30,transfer,Payment observed,Review payment evidence,TX-106749
EV-TX-106751,EXT-10179,2026-08-23T12:00:00+05:30,transfer,Payment observed,Review payment evidence,TX-106751
EV-TX-106755,EXT-10179,2026-09-04T12:00:00+05:30,transfer,Payment observed,Review payment evidence,TX-106755
EV-TX-106758,EXT-10179,2026-09-11T17:29:00+05:30,transfer,Payment observed,Review payment evidence,TX-106758
EV-TX-106760,EXT-10179,2026-09-17T13:37:00+05:30,transfer,Payment observed,Review payment evidence,TX-106760
EV-TX-106761,EXT-10179,2026-09-17T13:45:00+05:30,transfer,Payment observed,Review payment evidence,TX-106761
EV-TX-106762,EXT-10179,2026-09-20T12:00:00+05:30,transfer,Payment observed,Review payment evidence,TX-106762
EV-TX-106773,EXT-10179,2026-10-20T12:00:00+05:30,transfer,Payment observed,Review payment evidence,TX-106773
EV-TX-106775,EXT-10179,2026-10-23T12:00:00+05:30,transfer,Payment observed,Review payment evidence,TX-106775
EV-TX-106789,EXT-10180,2026-08-23T12:00:00+05:30,transfer,Payment observed,Review payment evidence,TX-106789
EV-TX-106790,EXT-10180,2026-08-25T12:00:00+05:30,transfer,Payment observed,Review payment evidence,TX-106790
EV-TX-106792,EXT-10180,2026-08-28T12:00:00+05:30,transfer,Payment observed,Review payment evidence,TX-106792
EV-TX-106796,EXT-10180,2026-09-10T16:05:00+05:30,transfer,Payment observed,Review payment evidence,TX-106796
EV-TX-106797,EXT-10180,2026-09-10T16:11:00+05:30,transfer,Payment observed,Review payment evidence,TX-106797
EV-TX-106800,EXT-10180,2026-09-23T12:00:00+05:30,transfer,Payment observed,Review payment evidence,TX-106800
EV-TX-106801,EXT-10180,2026-09-25T12:00:00+05:30,transfer,Payment observed,Review payment evidence,TX-106801
EV-TX-106803,EXT-10180,2026-09-28T12:00:00+05:30,transfer,Payment observed,Review payment evidence,TX-106803
EV-TX-106809,EXT-10180,2026-10-23T12:00:00+05:30,transfer,Payment observed,Review payment evidence,TX-106809
EV-TX-106810,EXT-10180,2026-10-25T12:00:00+05:30,transfer,Payment observed,Review payment evidence,TX-106810
EV-TX-106812,EXT-10180,2026-10-28T12:00:00+05:30,transfer,Payment observed,Review payment evidence,TX-106812
EV-TX-106818,EXT-10181,2026-08-09T12:00:00+05:30,transfer,Payment observed,Review payment evidence,TX-106818
EV-TX-106820,EXT-10181,2026-08-18T12:00:00+05:30,transfer,Payment observed,Review payment evidence,TX-106820
EV-TX-106822,EXT-10181,2026-08-23T12:00:00+05:30,transfer,Payment observed,Review payment evidence,TX-106822
EV-TX-106829,EXT-10181,2026-09-09T12:00:00+05:30,transfer,Payment observed,Review payment evidence,TX-106829
EV-TX-106830,EXT-10181,2026-09-12T14:50:00+05:30,transfer,Payment observed,Review payment evidence,TX-106830
EV-TX-106831,EXT-10181,2026-09-12T14:54:00+05:30,transfer,Payment observed,Review payment evidence,TX-106831
EV-TX-106833,EXT-10181,2026-09-15T10:00:00+05:30,transfer,Payment observed,Review payment evidence,TX-106833
EV-TX-106834,EXT-10181,2026-09-18T12:00:00+05:30,transfer,Payment observed,Review payment evidence,TX-106834
EV-TX-106836,EXT-10181,2026-09-23T12:00:00+05:30,transfer,Payment observed,Review payment evidence,TX-106836
EV-TX-106844,EXT-10181,2026-10-09T12:00:00+05:30,transfer,Payment observed,Review payment evidence,TX-106844
EV-TX-106846,EXT-10181,2026-10-18T12:00:00+05:30,transfer,Payment observed,Review payment evidence,TX-106846
EV-TX-106856,EXT-10182,2026-08-02T12:00:00+05:30,transfer,Payment observed,Review payment evidence,TX-106856
EV-TX-106860,EXT-10182,2026-08-16T12:00:00+05:30,transfer,Payment observed,Review payment evidence,TX-106860
EV-TX-106867,EXT-10182,2026-09-02T12:00:00+05:30,transfer,Payment observed,Review payment evidence,TX-106867
EV-TX-106879,EXT-10182,2026-10-02T12:00:00+05:30,transfer,Payment observed,Review payment evidence,TX-106879
EV-TX-106891,EXT-10182,2026-11-02T12:00:00+05:30,transfer,Payment observed,Review payment evidence,TX-106891
EV-TX-106895,EXT-10183,2026-08-04T12:00:00+05:30,transfer,Payment observed,Review payment evidence,TX-106895
EV-TX-106898,EXT-10183,2026-08-15T12:00:00+05:30,transfer,Payment observed,Review payment evidence,TX-106898
EV-TX-106904,EXT-10183,2026-09-04T12:00:00+05:30,transfer,Payment observed,Review payment evidence,TX-106904
EV-TX-106907,EXT-10183,2026-09-15T12:00:00+05:30,transfer,Payment observed,Review payment evidence,TX-106907
EV-TX-106908,EXT-10183,2026-09-20T14:28:00+05:30,transfer,Payment observed,Review payment evidence,TX-106908
EV-TX-106909,EXT-10183,2026-09-20T14:32:00+05:30,transfer,Payment observed,Review payment evidence,TX-106909
EV-TX-106915,EXT-10183,2026-10-04T12:00:00+05:30,transfer,Payment observed,Review payment evidence,TX-106915
EV-TX-106918,EXT-10183,2026-10-15T12:00:00+05:30,transfer,Payment observed,Review payment evidence,TX-106918
EV-TX-106924,EXT-10183,2026-11-04T12:00:00+05:30,transfer,Payment observed,Review payment evidence,TX-106924
EV-TX-106927,EXT-10184,2026-08-02T12:00:00+05:30,transfer,Payment observed,Review payment evidence,TX-106927
EV-TX-106930,EXT-10184,2026-08-13T12:00:00+05:30,transfer,Payment observed,Review payment evidence,TX-106930
EV-TX-106936,EXT-10184,2026-09-02T12:00:00+05:30,transfer,Payment observed,Review payment evidence,TX-106936
EV-TX-106939,EXT-10184,2026-09-09T15:14:00+05:30,transfer,Payment observed,Review payment evidence,TX-106939
EV-TX-106940,EXT-10184,2026-09-09T15:22:00+05:30,transfer,Payment observed,Review payment evidence,TX-106940
EV-TX-106941,EXT-10184,2026-09-13T12:00:00+05:30,transfer,Payment observed,Review payment evidence,TX-106941
EV-TX-106948,EXT-10184,2026-10-02T12:00:00+05:30,transfer,Payment observed,Review payment evidence,TX-106948
EV-TX-106951,EXT-10184,2026-10-13T12:00:00+05:30,transfer,Payment observed,Review payment evidence,TX-106951
EV-TX-106957,EXT-10184,2026-11-02T12:00:00+05:30,transfer,Payment observed,Review payment evidence,TX-106957
EV-TX-106963,EXT-10185,2026-08-08T12:00:00+05:30,transfer,Payment observed,Review payment evidence,TX-106963
EV-TX-106967,EXT-10185,2026-08-24T12:00:00+05:30,transfer,Payment observed,Review payment evidence,TX-106967
EV-TX-106972,EXT-10185,2026-09-08T12:00:00+05:30,transfer,Payment observed,Review payment evidence,TX-106972
EV-TX-106975,EXT-10185,2026-09-19T13:59:00+05:30,transfer,Payment observed,Review payment evidence,TX-106975
EV-TX-106976,EXT-10185,2026-09-19T14:05:00+05:30,transfer,Payment observed,Review payment evidence,TX-106976
EV-TX-106977,EXT-10185,2026-09-19T14:19:00+05:30,transfer,Payment observed,Review payment evidence,TX-106977
EV-TX-106979,EXT-10185,2026-09-24T12:00:00+05:30,transfer,Payment observed,Review payment evidence,TX-106979
EV-TX-106984,EXT-10185,2026-10-08T12:00:00+05:30,transfer,Payment observed,Review payment evidence,TX-106984
EV-TX-106988,EXT-10185,2026-10-24T12:00:00+05:30,transfer,Payment observed,Review payment evidence,TX-106988
EV-TX-106998,EXT-10186,2026-08-12T12:00:00+05:30,transfer,Payment observed,Review payment evidence,TX-106998
EV-TX-107000,EXT-10186,2026-08-16T12:00:00+05:30,transfer,Payment observed,Review payment evidence,TX-107000
EV-TX-107002,EXT-10186,2026-08-22T12:00:00+05:30,transfer,Payment observed,Review payment evidence,TX-107002
EV-TX-107008,EXT-10186,2026-09-11T13:15:00+05:30,transfer,Payment observed,Review payment evidence,TX-107008
EV-TX-107009,EXT-10186,2026-09-11T13:20:00+05:30,transfer,Payment observed,Review payment evidence,TX-107009
EV-TX-107010,EXT-10186,2026-09-12T12:00:00+05:30,transfer,Payment observed,Review payment evidence,TX-107010
EV-TX-107012,EXT-10186,2026-09-15T13:59:00+05:30,transfer,Payment observed,Review payment evidence,TX-107012
EV-TX-107013,EXT-10186,2026-09-15T14:08:00+05:30,transfer,Payment observed,Review payment evidence,TX-107013
EV-TX-107014,EXT-10186,2026-09-16T12:00:00+05:30,transfer,Payment observed,Review payment evidence,TX-107014
EV-TX-107016,EXT-10186,2026-09-22T12:00:00+05:30,transfer,Payment observed,Review payment evidence,TX-107016
EV-TX-107023,EXT-10186,2026-10-12T12:00:00+05:30,transfer,Payment observed,Review payment evidence,TX-107023
EV-TX-107038,EXT-10187,2026-08-11T12:00:00+05:30,transfer,Payment observed,Review payment evidence,TX-107038
EV-TX-107040,EXT-10187,2026-08-18T12:00:00+05:30,transfer,Payment observed,Review payment evidence,TX-107040
EV-TX-107043,EXT-10187,2026-08-26T12:00:00+05:30,transfer,Payment observed,Review payment evidence,TX-107043
EV-TX-107047,EXT-10187,2026-09-11T12:00:00+05:30,transfer,Payment observed,Review payment evidence,TX-107047
EV-TX-107069,EXT-10188,2026-08-04T12:00:00+05:30,transfer,Payment observed,Review payment evidence,TX-107069
EV-TX-107073,EXT-10188,2026-08-21T12:00:00+05:30,transfer,Payment observed,Review payment evidence,TX-107073
EV-TX-107075,EXT-10188,2026-08-27T12:00:00+05:30,transfer,Payment observed,Review payment evidence,TX-107075
EV-TX-107079,EXT-10188,2026-09-04T12:00:00+05:30,transfer,Payment observed,Review payment evidence,TX-107079
EV-TX-107082,EXT-10188,2026-09-17T17:43:00+05:30,transfer,Payment observed,Review payment evidence,TX-107082
EV-TX-107083,EXT-10188,2026-09-17T17:49:00+05:30,transfer,Payment observed,Review payment evidence,TX-107083
EV-TX-107085,EXT-10188,2026-09-21T12:00:00+05:30,transfer,Payment observed,Review payment evidence,TX-107085
EV-TX-107091,EXT-10188,2026-10-04T12:00:00+05:30,transfer,Payment observed,Review payment evidence,TX-107091
EV-TX-107103,EXT-10188,2026-11-04T12:00:00+05:30,transfer,Payment observed,Review payment evidence,TX-107103
EV-TX-107107,EXT-10189,2026-08-03T12:00:00+05:30,transfer,Payment observed,Review payment evidence,TX-107107
EV-TX-107110,EXT-10189,2026-08-16T12:00:00+05:30,transfer,Payment observed,Review payment evidence,TX-107110
EV-TX-107113,EXT-10189,2026-08-24T12:00:00+05:30,transfer,Payment observed,Review payment evidence,TX-107113
EV-TX-107117,EXT-10189,2026-09-03T12:00:00+05:30,transfer,Payment observed,Review payment evidence,TX-107117
EV-TX-107119,EXT-10189,2026-09-14T13:35:00+05:30,transfer,Payment observed,Review payment evidence,TX-107119
EV-TX-107120,EXT-10189,2026-09-14T13:43:00+05:30,transfer,Payment observed,Review payment evidence,TX-107120
EV-TX-107121,EXT-10189,2026-09-14T13:41:00+05:30,transfer,Payment observed,Review payment evidence,TX-107121
EV-TX-107123,EXT-10189,2026-09-16T12:00:00+05:30,transfer,Payment observed,Review payment evidence,TX-107123
EV-TX-107124,EXT-10189,2026-09-16T14:00:00+05:30,transfer,Payment observed,Review payment evidence,TX-107124
EV-TX-107125,EXT-10189,2026-09-16T14:03:00+05:30,transfer,Payment observed,Review payment evidence,TX-107125
EV-TX-107126,EXT-10189,2026-09-16T14:06:00+05:30,transfer,Payment observed,Review payment evidence,TX-107126
EV-TX-107127,EXT-10189,2026-09-16T14:14:00+05:30,transfer,Payment observed,Review payment evidence,TX-107127
EV-TX-107130,EXT-10189,2026-09-24T12:00:00+05:30,transfer,Payment observed,Review payment evidence,TX-107130
EV-TX-107134,EXT-10189,2026-10-03T12:00:00+05:30,transfer,Payment observed,Review payment evidence,TX-107134
EV-TX-107137,EXT-10189,2026-10-16T12:00:00+05:30,transfer,Payment observed,Review payment evidence,TX-107137
EV-TX-107140,EXT-10189,2026-10-24T12:00:00+05:30,transfer,Payment observed,Review payment evidence,TX-107140
EV-TX-107144,EXT-10189,2026-11-03T12:00:00+05:30,transfer,Payment observed,Review payment evidence,TX-107144
EV-TX-107147,EXT-10190,2026-08-07T12:00:00+05:30,transfer,Payment observed,Review payment evidence,TX-107147
EV-TX-107151,EXT-10190,2026-08-24T12:00:00+05:30,transfer,Payment observed,Review payment evidence,TX-107151
EV-TX-107155,EXT-10190,2026-09-07T12:00:00+05:30,transfer,Payment observed,Review payment evidence,TX-107155
EV-TX-107156,EXT-10190,2026-09-08T14:00:00+05:30,transfer,Payment observed,Review payment evidence,TX-107156
EV-TX-107157,EXT-10190,2026-09-08T14:03:00+05:30,transfer,Payment observed,Review payment evidence,TX-107157
EV-TX-107158,EXT-10190,2026-09-08T14:06:00+05:30,transfer,Payment observed,Review payment evidence,TX-107158
EV-TX-107159,EXT-10190,2026-09-08T14:14:00+05:30,transfer,Payment observed,Review payment evidence,TX-107159
EV-TX-107163,EXT-10190,2026-09-24T12:00:00+05:30,transfer,Payment observed,Review payment evidence,TX-107163
EV-TX-107167,EXT-10190,2026-10-07T12:00:00+05:30,transfer,Payment observed,Review payment evidence,TX-107167
EV-TX-107171,EXT-10190,2026-10-24T12:00:00+05:30,transfer,Payment observed,Review payment evidence,TX-107171
EV-TX-107176,EXT-10191,2026-08-03T12:00:00+05:30,transfer,Payment observed,Review payment evidence,TX-107176
EV-TX-107189,EXT-10191,2026-09-03T12:00:00+05:30,transfer,Payment observed,Review payment evidence,TX-107189
EV-TX-107192,EXT-10191,2026-09-15T16:34:00+05:30,transfer,Payment observed,Review payment evidence,TX-107192
EV-TX-107193,EXT-10191,2026-09-15T16:39:00+05:30,transfer,Payment observed,Review payment evidence,TX-107193
EV-TX-107194,EXT-10191,2026-09-20T12:00:00+05:30,transfer,Payment observed,Review payment evidence,TX-107194
EV-TX-107196,EXT-10191,2026-09-21T15:21:00+05:30,transfer,Payment observed,Review payment evidence,TX-107196
EV-TX-107197,EXT-10191,2026-09-21T15:24:00+05:30,transfer,Payment observed,Review payment evidence,TX-107197
EV-TX-107198,EXT-10191,2026-09-21T15:31:00+05:30,transfer,Payment observed,Review payment evidence,TX-107198
EV-TX-107199,EXT-10191,2026-09-24T12:00:00+05:30,transfer,Payment observed,Review payment evidence,TX-107199
EV-TX-107206,EXT-10191,2026-10-03T12:00:00+05:30,transfer,Payment observed,Review payment evidence,TX-107206
EV-TX-107209,EXT-10191,2026-10-20T12:00:00+05:30,transfer,Payment observed,Review payment evidence,TX-107209
EV-TX-107211,EXT-10191,2026-10-24T12:00:00+05:30,transfer,Payment observed,Review payment evidence,TX-107211
EV-TX-107218,EXT-10191,2026-11-03T12:00:00+05:30,transfer,Payment observed,Review payment evidence,TX-107218
EV-TX-107222,EXT-10192,2026-08-07T12:00:00+05:30,transfer,Payment observed,Review payment evidence,TX-107222
EV-TX-107224,EXT-10192,2026-08-10T12:00:00+05:30,transfer,Payment observed,Review payment evidence,TX-107224
EV-TX-107228,EXT-10192,2026-08-25T12:00:00+05:30,transfer,Payment observed,Review payment evidence,TX-107228
EV-TX-107230,EXT-10192,2026-08-26T12:00:00+05:30,transfer,Payment observed,Review payment evidence,TX-107230
EV-TX-107233,EXT-10192,2026-09-07T12:00:00+05:30,transfer,Payment observed,Review payment evidence,TX-107233
EV-TX-107235,EXT-10192,2026-09-10T12:00:00+05:30,transfer,Payment observed,Review payment evidence,TX-107235
EV-TX-107236,EXT-10192,2026-09-12T14:18:00+05:30,transfer,Payment observed,Review payment evidence,TX-107236
EV-TX-107237,EXT-10192,2026-09-12T14:27:00+05:30,transfer,Payment observed,Review payment evidence,TX-107237
EV-TX-107239,EXT-10192,2026-09-16T13:54:00+05:30,transfer,Payment observed,Review payment evidence,TX-107239
EV-TX-107240,EXT-10192,2026-09-16T14:02:00+05:30,transfer,Payment observed,Review payment evidence,TX-107240
EV-TX-107243,EXT-10192,2026-09-25T12:00:00+05:30,transfer,Payment observed,Review payment evidence,TX-107243
EV-TX-107248,EXT-10192,2026-10-07T12:00:00+05:30,transfer,Payment observed,Review payment evidence,TX-107248
EV-TX-107250,EXT-10192,2026-10-10T12:00:00+05:30,transfer,Payment observed,Review payment evidence,TX-107250
EV-TX-107254,EXT-10192,2026-10-25T12:00:00+05:30,transfer,Payment observed,Review payment evidence,TX-107254
EV-TX-107264,EXT-10193,2026-08-13T12:00:00+05:30,transfer,Payment observed,Review payment evidence,TX-107264
EV-TX-107266,EXT-10193,2026-08-15T12:00:00+05:30,transfer,Payment observed,Review payment evidence,TX-107266
EV-TX-107269,EXT-10193,2026-08-27T12:00:00+05:30,transfer,Payment observed,Review payment evidence,TX-107269
EV-TX-107274,EXT-10193,2026-09-13T12:00:00+05:30,transfer,Payment observed,Review payment evidence,TX-107274
EV-TX-107276,EXT-10193,2026-09-15T12:00:00+05:30,transfer,Payment observed,Review payment evidence,TX-107276
EV-TX-107277,EXT-10193,2026-09-20T14:04:00+05:30,transfer,Payment observed,Review payment evidence,TX-107277
EV-TX-107279,EXT-10193,2026-09-23T10:00:00+05:30,transfer,Payment observed,Review payment evidence,TX-107279
EV-TX-107281,EXT-10193,2026-09-27T12:00:00+05:30,transfer,Payment observed,Review payment evidence,TX-107281
EV-TX-107286,EXT-10193,2026-10-13T12:00:00+05:30,transfer,Payment observed,Review payment evidence,TX-107286
EV-TX-107288,EXT-10193,2026-10-15T12:00:00+05:30,transfer,Payment observed,Review payment evidence,TX-107288
EV-TX-107291,EXT-10193,2026-10-27T12:00:00+05:30,transfer,Payment observed,Review payment evidence,TX-107291
EV-TX-107300,EXT-10194,2026-08-16T12:00:00+05:30,transfer,Payment observed,Review payment evidence,TX-107300
EV-TX-107301,EXT-10194,2026-08-20T12:00:00+05:30,transfer,Payment observed,Review payment evidence,TX-107301
EV-TX-107307,EXT-10194,2026-09-08T14:27:00+05:30,transfer,Payment observed,Review payment evidence,TX-107307
EV-TX-107308,EXT-10194,2026-09-08T14:33:00+05:30,transfer,Payment observed,Review payment evidence,TX-107308
EV-TX-107310,EXT-10194,2026-09-12T14:42:00+05:30,transfer,Payment observed,Review payment evidence,TX-107310
EV-TX-107311,EXT-10194,2026-09-12T14:47:00+05:30,transfer,Payment observed,Review payment evidence,TX-107311
EV-TX-107312,EXT-10194,2026-09-12T14:52:00+05:30,transfer,Payment observed,Review payment evidence,TX-107312
EV-TX-107314,EXT-10194,2026-09-16T12:00:00+05:30,transfer,Payment observed,Review payment evidence,TX-107314
EV-TX-107315,EXT-10194,2026-09-20T12:00:00+05:30,transfer,Payment observed,Review payment evidence,TX-107315
EV-TX-107324,EXT-10194,2026-10-16T12:00:00+05:30,transfer,Payment observed,Review payment evidence,TX-107324
EV-TX-107325,EXT-10194,2026-10-20T12:00:00+05:30,transfer,Payment observed,Review payment evidence,TX-107325
EV-TX-107335,EXT-10195,2026-08-03T12:00:00+05:30,transfer,Payment observed,Review payment evidence,TX-107335
EV-TX-107338,EXT-10195,2026-08-16T12:00:00+05:30,transfer,Payment observed,Review payment evidence,TX-107338
EV-TX-107339,EXT-10195,2026-08-17T12:00:00+05:30,transfer,Payment observed,Review payment evidence,TX-107339
EV-TX-107340,EXT-10195,2026-08-18T12:00:00+05:30,transfer,Payment observed,Review payment evidence,TX-107340
EV-TX-107346,EXT-10195,2026-09-03T12:00:00+05:30,transfer,Payment observed,Review payment evidence,TX-107346
EV-TX-107348,EXT-10195,2026-09-09T16:53:00+05:30,transfer,Payment observed,Review payment evidence,TX-107348
EV-TX-107349,EXT-10195,2026-09-09T17:00:00+05:30,transfer,Payment observed,Review payment evidence,TX-107349
EV-TX-107350,EXT-10195,2026-09-09T17:05:00+05:30,transfer,Payment observed,Review payment evidence,TX-107350
EV-TX-107352,EXT-10195,2026-09-16T12:00:00+05:30,transfer,Payment observed,Review payment evidence,TX-107352
EV-TX-107353,EXT-10195,2026-09-17T12:00:00+05:30,transfer,Payment observed,Review payment evidence,TX-107353
EV-TX-107354,EXT-10195,2026-09-18T12:00:00+05:30,transfer,Payment observed,Review payment evidence,TX-107354
EV-TX-107355,EXT-10195,2026-09-19T17:44:00+05:30,transfer,Payment observed,Review payment evidence,TX-107355
EV-TX-107356,EXT-10195,2026-09-19T17:51:00+05:30,transfer,Payment observed,Review payment evidence,TX-107356
EV-TX-107364,EXT-10195,2026-10-03T12:00:00+05:30,transfer,Payment observed,Review payment evidence,TX-107364
EV-TX-107367,EXT-10195,2026-10-16T12:00:00+05:30,transfer,Payment observed,Review payment evidence,TX-107367
EV-TX-107368,EXT-10195,2026-10-17T12:00:00+05:30,transfer,Payment observed,Review payment evidence,TX-107368
EV-TX-107369,EXT-10195,2026-10-18T12:00:00+05:30,transfer,Payment observed,Review payment evidence,TX-107369
EV-TX-107377,EXT-10195,2026-11-03T12:00:00+05:30,transfer,Payment observed,Review payment evidence,TX-107377
EV-TX-107381,EXT-10196,2026-08-05T12:00:00+05:30,transfer,Payment observed,Review payment evidence,TX-107381
EV-TX-107383,EXT-10196,2026-08-09T12:00:00+05:30,transfer,Payment observed,Review payment evidence,TX-107383
EV-TX-107385,EXT-10196,2026-08-19T12:00:00+05:30,transfer,Payment observed,Review payment evidence,TX-107385
EV-TX-107387,EXT-10196,2026-08-21T12:00:00+05:30,transfer,Payment observed,Review payment evidence,TX-107387
EV-TX-107392,EXT-10196,2026-09-05T12:00:00+05:30,transfer,Payment observed,Review payment evidence,TX-107392
EV-TX-107394,EXT-10196,2026-09-09T12:00:00+05:30,transfer,Payment observed,Review payment evidence,TX-107394
EV-TX-107396,EXT-10196,2026-09-19T12:00:00+05:30,transfer,Payment observed,Review payment evidence,TX-107396
EV-TX-107398,EXT-10196,2026-09-21T12:00:00+05:30,transfer,Payment observed,Review payment evidence,TX-107398
EV-TX-107404,EXT-10196,2026-10-05T12:00:00+05:30,transfer,Payment observed,Review payment evidence,TX-107404
EV-TX-107406,EXT-10196,2026-10-09T12:00:00+05:30,transfer,Payment observed,Review payment evidence,TX-107406
EV-TX-107408,EXT-10196,2026-10-19T12:00:00+05:30,transfer,Payment observed,Review payment evidence,TX-107408
EV-TX-107410,EXT-10196,2026-10-21T12:00:00+05:30,transfer,Payment observed,Review payment evidence,TX-107410
EV-TX-107416,EXT-10196,2026-11-05T12:00:00+05:30,transfer,Payment observed,Review payment evidence,TX-107416
EV-TX-107420,EXT-10197,2026-08-08T12:00:00+05:30,transfer,Payment observed,Review payment evidence,TX-107420
EV-TX-107422,EXT-10197,2026-08-09T12:00:00+05:30,transfer,Payment observed,Review payment evidence,TX-107422
EV-TX-107423,EXT-10197,2026-08-10T12:00:00+05:30,transfer,Payment observed,Review payment evidence,TX-107423
EV-TX-107430,EXT-10197,2026-09-08T12:00:00+05:30,transfer,Payment observed,Review payment evidence,TX-107430
EV-TX-107432,EXT-10197,2026-09-09T12:00:00+05:30,transfer,Payment observed,Review payment evidence,TX-107432
EV-TX-107433,EXT-10197,2026-09-10T12:00:00+05:30,transfer,Payment observed,Review payment evidence,TX-107433
EV-TX-107435,EXT-10197,2026-09-17T17:28:00+05:30,transfer,Payment observed,Review payment evidence,TX-107435
EV-TX-107436,EXT-10197,2026-09-17T17:38:00+05:30,transfer,Payment observed,Review payment evidence,TX-107436
EV-TX-107442,EXT-10197,2026-10-08T12:00:00+05:30,transfer,Payment observed,Review payment evidence,TX-107442
EV-TX-107444,EXT-10197,2026-10-09T12:00:00+05:30,transfer,Payment observed,Review payment evidence,TX-107444
EV-TX-107445,EXT-10197,2026-10-10T12:00:00+05:30,transfer,Payment observed,Review payment evidence,TX-107445
EV-TX-107456,EXT-10198,2026-08-12T12:00:00+05:30,transfer,Payment observed,Review payment evidence,TX-107456
EV-TX-107459,EXT-10198,2026-08-23T12:00:00+05:30,transfer,Payment observed,Review payment evidence,TX-107459
EV-TX-107464,EXT-10198,2026-09-08T17:24:00+05:30,transfer,Payment observed,Review payment evidence,TX-107464
EV-TX-107465,EXT-10198,2026-09-08T17:29:00+05:30,transfer,Payment observed,Review payment evidence,TX-107465
EV-TX-107466,EXT-10198,2026-09-08T17:38:00+05:30,transfer,Payment observed,Review payment evidence,TX-107466
EV-TX-107490,EXT-10199,2026-08-18T12:00:00+05:30,transfer,Payment observed,Review payment evidence,TX-107490
EV-TX-107492,EXT-10199,2026-08-21T12:00:00+05:30,transfer,Payment observed,Review payment evidence,TX-107492
EV-TX-107499,EXT-10199,2026-09-14T13:58:00+05:30,transfer,Payment observed,Review payment evidence,TX-107499
EV-TX-107500,EXT-10199,2026-09-14T14:08:00+05:30,transfer,Payment observed,Review payment evidence,TX-107500
EV-TX-107502,EXT-10199,2026-09-18T12:00:00+05:30,transfer,Payment observed,Review payment evidence,TX-107502
EV-TX-107504,EXT-10199,2026-09-21T12:00:00+05:30,transfer,Payment observed,Review payment evidence,TX-107504
EV-TX-107526,EXT-10200,2026-08-15T12:00:00+05:30,transfer,Payment observed,Review payment evidence,TX-107526
EV-TX-107527,EXT-10200,2026-08-17T12:00:00+05:30,transfer,Payment observed,Review payment evidence,TX-107527
EV-TX-107528,EXT-10200,2026-08-20T12:00:00+05:30,transfer,Payment observed,Review payment evidence,TX-107528
EV-TX-107531,EXT-10200,2026-08-27T12:00:00+05:30,transfer,Payment observed,Review payment evidence,TX-107531
EV-TX-107535,EXT-10200,2026-09-13T17:54:00+05:30,transfer,Payment observed,Review payment evidence,TX-107535
EV-TX-107536,EXT-10200,2026-09-13T17:58:00+05:30,transfer,Payment observed,Review payment evidence,TX-107536
EV-TX-107538,EXT-10200,2026-09-15T12:00:00+05:30,transfer,Payment observed,Review payment evidence,TX-107538
EV-TX-107539,EXT-10200,2026-09-17T12:00:00+05:30,transfer,Payment observed,Review payment evidence,TX-107539
EV-TX-107540,EXT-10200,2026-09-20T12:00:00+05:30,transfer,Payment observed,Review payment evidence,TX-107540
EV-TX-107543,EXT-10200,2026-09-27T12:00:00+05:30,transfer,Payment observed,Review payment evidence,TX-107543
EV-TX-107548,EXT-10200,2026-10-15T12:00:00+05:30,transfer,Payment observed,Review payment evidence,TX-107548
EV-TX-107549,EXT-10200,2026-10-17T12:00:00+05:30,transfer,Payment observed,Review payment evidence,TX-107549
EV-TX-107550,EXT-10200,2026-10-20T12:00:00+05:30,transfer,Payment observed,Review payment evidence,TX-107550
EV-TX-107553,EXT-10200,2026-10-27T12:00:00+05:30,transfer,Payment observed,Review payment evidence,TX-107553
EV-TX-107557,EXT-10201,2026-08-02T12:00:00+05:30,transfer,Payment observed,Review payment evidence,TX-107557
EV-TX-107559,EXT-10201,2026-08-07T12:00:00+05:30,transfer,Payment observed,Review payment evidence,TX-107559
EV-TX-107561,EXT-10201,2026-08-14T12:00:00+05:30,transfer,Payment observed,Review payment evidence,TX-107561
EV-TX-107567,EXT-10201,2026-08-27T12:00:00+05:30,transfer,Payment observed,Review payment evidence,TX-107567
EV-TX-107569,EXT-10201,2026-09-02T12:00:00+05:30,transfer,Payment observed,Review payment evidence,TX-107569
EV-TX-107571,EXT-10201,2026-09-07T12:00:00+05:30,transfer,Payment observed,Review payment evidence,TX-107571
EV-TX-107573,EXT-10201,2026-09-11T14:00:00+05:30,transfer,Payment observed,Review payment evidence,TX-107573
EV-TX-107574,EXT-10201,2026-09-11T14:03:00+05:30,transfer,Payment observed,Review payment evidence,TX-107574
EV-TX-107575,EXT-10201,2026-09-11T14:06:00+05:30,transfer,Payment observed,Review payment evidence,TX-107575
EV-TX-107576,EXT-10201,2026-09-11T14:14:00+05:30,transfer,Payment observed,Review payment evidence,TX-107576
EV-TX-107577,EXT-10201,2026-09-14T12:00:00+05:30,transfer,Payment observed,Review payment evidence,TX-107577
EV-TX-107583,EXT-10201,2026-09-27T12:00:00+05:30,transfer,Payment observed,Review payment evidence,TX-107583
EV-TX-107585,EXT-10201,2026-10-02T12:00:00+05:30,transfer,Payment observed,Review payment evidence,TX-107585
EV-TX-107587,EXT-10201,2026-10-07T12:00:00+05:30,transfer,Payment observed,Review payment evidence,TX-107587
EV-TX-107589,EXT-10201,2026-10-14T12:00:00+05:30,transfer,Payment observed,Review payment evidence,TX-107589
EV-TX-107595,EXT-10201,2026-10-27T12:00:00+05:30,transfer,Payment observed,Review payment evidence,TX-107595
EV-TX-107599,EXT-10201,2026-11-02T12:00:00+05:30,transfer,Payment observed,Review payment evidence,TX-107599
EV-TX-107604,EXT-10202,2026-08-04T12:00:00+05:30,transfer,Payment observed,Review payment evidence,TX-107604
EV-TX-107607,EXT-10202,2026-08-15T12:00:00+05:30,transfer,Payment observed,Review payment evidence,TX-107607
EV-TX-107609,EXT-10202,2026-08-21T12:00:00+05:30,transfer,Payment observed,Review payment evidence,TX-107609
EV-TX-107612,EXT-10202,2026-08-26T12:00:00+05:30,transfer,Payment observed,Review payment evidence,TX-107612
EV-TX-107615,EXT-10202,2026-09-04T12:00:00+05:30,transfer,Payment observed,Review payment evidence,TX-107615
EV-TX-107616,EXT-10202,2026-09-08T14:00:00+05:30,transfer,Payment observed,Review payment evidence,TX-107616
EV-TX-107617,EXT-10202,2026-09-08T14:03:00+05:30,transfer,Payment observed,Review payment evidence,TX-107617
EV-TX-107618,EXT-10202,2026-09-08T14:06:00+05:30,transfer,Payment observed,Review payment evidence,TX-107618
EV-TX-107619,EXT-10202,2026-09-08T14:14:00+05:30,transfer,Payment observed,Review payment evidence,TX-107619
EV-TX-107622,EXT-10202,2026-09-15T12:00:00+05:30,transfer,Payment observed,Review payment evidence,TX-107622
EV-TX-107624,EXT-10202,2026-09-21T12:00:00+05:30,transfer,Payment observed,Review payment evidence,TX-107624
EV-TX-107627,EXT-10202,2026-09-26T12:00:00+05:30,transfer,Payment observed,Review payment evidence,TX-107627
EV-TX-107630,EXT-10202,2026-10-04T12:00:00+05:30,transfer,Payment observed,Review payment evidence,TX-107630
EV-TX-107633,EXT-10202,2026-10-15T12:00:00+05:30,transfer,Payment observed,Review payment evidence,TX-107633
EV-TX-107635,EXT-10202,2026-10-21T12:00:00+05:30,transfer,Payment observed,Review payment evidence,TX-107635
EV-TX-107638,EXT-10202,2026-10-26T12:00:00+05:30,transfer,Payment observed,Review payment evidence,TX-107638
EV-TX-107641,EXT-10202,2026-11-04T12:00:00+05:30,transfer,Payment observed,Review payment evidence,TX-107641
EV-TX-107644,EXT-10203,2026-08-02T12:00:00+05:30,transfer,Payment observed,Review payment evidence,TX-107644
EV-TX-107646,EXT-10203,2026-08-03T12:00:00+05:30,transfer,Payment observed,Review payment evidence,TX-107646
EV-TX-107647,EXT-10203,2026-08-07T12:00:00+05:30,transfer,Payment observed,Review payment evidence,TX-107647
EV-TX-107650,EXT-10203,2026-08-16T12:00:00+05:30,transfer,Payment observed,Review payment evidence,TX-107650
EV-TX-107655,EXT-10203,2026-09-02T12:00:00+05:30,transfer,Payment observed,Review payment evidence,TX-107655
EV-TX-107657,EXT-10203,2026-09-03T12:00:00+05:30,transfer,Payment observed,Review payment evidence,TX-107657
EV-TX-107658,EXT-10203,2026-09-07T12:00:00+05:30,transfer,Payment observed,Review payment evidence,TX-107658
EV-TX-107661,EXT-10203,2026-09-16T12:00:00+05:30,transfer,Payment observed,Review payment evidence,TX-107661
EV-TX-107662,EXT-10203,2026-09-16T13:10:00+05:30,transfer,Payment observed,Review payment evidence,TX-107662
EV-TX-107663,EXT-10203,2026-09-16T13:16:00+05:30,transfer,Payment observed,Review payment evidence,TX-107663
EV-TX-107664,EXT-10203,2026-09-16T13:16:00+05:30,transfer,Payment observed,Review payment evidence,TX-107664
EV-TX-107666,EXT-10203,2026-09-22T13:06:00+05:30,transfer,Payment observed,Review payment evidence,TX-107666
EV-TX-107667,EXT-10203,2026-09-22T13:11:00+05:30,transfer,Payment observed,Review payment evidence,TX-107667
EV-TX-107672,EXT-10203,2026-10-02T12:00:00+05:30,transfer,Payment observed,Review payment evidence,TX-107672
EV-TX-107674,EXT-10203,2026-10-03T12:00:00+05:30,transfer,Payment observed,Review payment evidence,TX-107674
EV-TX-107676,EXT-10203,2026-10-07T12:00:00+05:30,transfer,Payment observed,Review payment evidence,TX-107676
EV-TX-107679,EXT-10203,2026-10-16T12:00:00+05:30,transfer,Payment observed,Review payment evidence,TX-107679
EV-TX-107684,EXT-10203,2026-11-02T12:00:00+05:30,transfer,Payment observed,Review payment evidence,TX-107684
EV-TX-107687,EXT-10203,2026-11-03T12:00:00+05:30,transfer,Payment observed,Review payment evidence,TX-107687
EV-TX-107691,EXT-10204,2026-08-08T12:00:00+05:30,transfer,Payment observed,Review payment evidence,TX-107691
EV-TX-107693,EXT-10204,2026-08-12T12:00:00+05:30,transfer,Payment observed,Review payment evidence,TX-107693
EV-TX-107695,EXT-10204,2026-08-17T12:00:00+05:30,transfer,Payment observed,Review payment evidence,TX-107695
EV-TX-107701,EXT-10204,2026-09-08T12:00:00+05:30,transfer,Payment observed,Review payment evidence,TX-107701
EV-TX-107703,EXT-10204,2026-09-12T12:00:00+05:30,transfer,Payment observed,Review payment evidence,TX-107703
EV-TX-107705,EXT-10204,2026-09-16T16:44:00+05:30,transfer,Payment observed,Review payment evidence,TX-107705
EV-TX-107706,EXT-10204,2026-09-16T16:47:00+05:30,transfer,Payment observed,Review payment evidence,TX-107706
EV-TX-107707,EXT-10204,2026-09-16T16:54:00+05:30,transfer,Payment observed,Review payment evidence,TX-107707
EV-TX-107708,EXT-10204,2026-09-17T12:00:00+05:30,transfer,Payment observed,Review payment evidence,TX-107708
EV-TX-107714,EXT-10204,2026-10-08T12:00:00+05:30,transfer,Payment observed,Review payment evidence,TX-107714
EV-TX-107716,EXT-10204,2026-10-12T12:00:00+05:30,transfer,Payment observed,Review payment evidence,TX-107716
EV-TX-107718,EXT-10204,2026-10-17T12:00:00+05:30,transfer,Payment observed,Review payment evidence,TX-107718
EV-TX-107727,EXT-10205,2026-08-05T12:00:00+05:30,transfer,Payment observed,Review payment evidence,TX-107727
EV-TX-107728,EXT-10205,2026-08-08T12:00:00+05:30,transfer,Payment observed,Review payment evidence,TX-107728
EV-TX-107730,EXT-10205,2026-08-13T12:00:00+05:30,transfer,Payment observed,Review payment evidence,TX-107730
EV-TX-107737,EXT-10205,2026-09-05T12:00:00+05:30,transfer,Payment observed,Review payment evidence,TX-107737
EV-TX-107738,EXT-10205,2026-09-08T12:00:00+05:30,transfer,Payment observed,Review payment evidence,TX-107738
EV-TX-107740,EXT-10205,2026-09-13T12:00:00+05:30,transfer,Payment observed,Review payment evidence,TX-107740
EV-TX-107741,EXT-10205,2026-09-13T16:32:00+05:30,transfer,Payment observed,Review payment evidence,TX-107741
EV-TX-107742,EXT-10205,2026-09-13T16:37:00+05:30,transfer,Payment observed,Review payment evidence,TX-107742
EV-TX-107744,EXT-10205,2026-09-16T10:00:00+05:30,transfer,Payment observed,Review payment evidence,TX-107744
EV-TX-107751,EXT-10205,2026-10-05T12:00:00+05:30,transfer,Payment observed,Review payment evidence,TX-107751
EV-TX-107752,EXT-10205,2026-10-08T12:00:00+05:30,transfer,Payment observed,Review payment evidence,TX-107752
EV-TX-107754,EXT-10205,2026-10-13T12:00:00+05:30,transfer,Payment observed,Review payment evidence,TX-107754
EV-TX-107762,EXT-10205,2026-11-05T12:00:00+05:30,transfer,Payment observed,Review payment evidence,TX-107762
EV-TX-107766,EXT-10206,2026-08-06T12:00:00+05:30,transfer,Payment observed,Review payment evidence,TX-107766
EV-TX-107768,EXT-10206,2026-08-14T12:00:00+05:30,transfer,Payment observed,Review payment evidence,TX-107768
EV-TX-107770,EXT-10206,2026-08-15T12:00:00+05:30,transfer,Payment observed,Review payment evidence,TX-107770
EV-TX-107774,EXT-10206,2026-08-28T12:00:00+05:30,transfer,Payment observed,Review payment evidence,TX-107774
EV-TX-107777,EXT-10206,2026-09-06T12:00:00+05:30,transfer,Payment observed,Review payment evidence,TX-107777
EV-TX-107779,EXT-10206,2026-09-14T12:00:00+05:30,transfer,Payment observed,Review payment evidence,TX-107779
EV-TX-107781,EXT-10206,2026-09-15T12:00:00+05:30,transfer,Payment observed,Review payment evidence,TX-107781
EV-TX-107782,EXT-10206,2026-09-16T14:07:00+05:30,transfer,Payment observed,Review payment evidence,TX-107782
EV-TX-107783,EXT-10206,2026-09-16T14:13:00+05:30,transfer,Payment observed,Review payment evidence,TX-107783
EV-TX-107784,EXT-10206,2026-09-16T14:21:00+05:30,transfer,Payment observed,Review payment evidence,TX-107784
EV-TX-107792,EXT-10206,2026-10-06T12:00:00+05:30,transfer,Payment observed,Review payment evidence,TX-107792
EV-TX-107794,EXT-10206,2026-10-14T12:00:00+05:30,transfer,Payment observed,Review payment evidence,TX-107794
EV-TX-107796,EXT-10206,2026-10-15T12:00:00+05:30,transfer,Payment observed,Review payment evidence,TX-107796
EV-TX-107807,EXT-10207,2026-08-06T12:00:00+05:30,transfer,Payment observed,Review payment evidence,TX-107807
EV-TX-107809,EXT-10207,2026-08-12T12:00:00+05:30,transfer,Payment observed,Review payment evidence,TX-107809
EV-TX-107813,EXT-10207,2026-08-22T12:00:00+05:30,transfer,Payment observed,Review payment evidence,TX-107813
EV-TX-107817,EXT-10207,2026-09-06T12:00:00+05:30,transfer,Payment observed,Review payment evidence,TX-107817
EV-TX-107819,EXT-10207,2026-09-11T16:59:00+05:30,transfer,Payment observed,Review payment evidence,TX-107819
EV-TX-107820,EXT-10207,2026-09-11T17:06:00+05:30,transfer,Payment observed,Review payment evidence,TX-107820
EV-TX-107821,EXT-10207,2026-09-12T12:00:00+05:30,transfer,Payment observed,Review payment evidence,TX-107821
EV-TX-107825,EXT-10207,2026-09-22T12:00:00+05:30,transfer,Payment observed,Review payment evidence,TX-107825
EV-TX-107829,EXT-10207,2026-10-06T12:00:00+05:30,transfer,Payment observed,Review payment evidence,TX-107829
EV-TX-107831,EXT-10207,2026-10-12T12:00:00+05:30,transfer,Payment observed,Review payment evidence,TX-107831
EV-TX-107835,EXT-10207,2026-10-22T12:00:00+05:30,transfer,Payment observed,Review payment evidence,TX-107835
EV-TX-107844,EXT-10208,2026-08-18T12:00:00+05:30,transfer,Payment observed,Review payment evidence,TX-107844
EV-TX-107848,EXT-10208,2026-08-27T12:00:00+05:30,transfer,Payment observed,Review payment evidence,TX-107848
EV-TX-107853,EXT-10208,2026-09-18T12:00:00+05:30,transfer,Payment observed,Review payment evidence,TX-107853
EV-TX-107857,EXT-10208,2026-09-27T12:00:00+05:30,transfer,Payment observed,Review payment evidence,TX-107857
EV-TX-107862,EXT-10208,2026-10-18T12:00:00+05:30,transfer,Payment observed,Review payment evidence,TX-107862
EV-TX-107866,EXT-10208,2026-10-27T12:00:00+05:30,transfer,Payment observed,Review payment evidence,TX-107866
EV-TX-107873,EXT-10209,2026-08-18T12:00:00+05:30,transfer,Payment observed,Review payment evidence,TX-107873
EV-TX-107875,EXT-10209,2026-08-22T12:00:00+05:30,transfer,Payment observed,Review payment evidence,TX-107875
EV-TX-107879,EXT-10209,2026-08-28T12:00:00+05:30,transfer,Payment observed,Review payment evidence,TX-107879
EV-TX-107883,EXT-10209,2026-09-18T12:00:00+05:30,transfer,Payment observed,Review payment evidence,TX-107883
EV-TX-107885,EXT-10209,2026-09-22T12:00:00+05:30,transfer,Payment observed,Review payment evidence,TX-107885
EV-TX-107889,EXT-10209,2026-09-28T12:00:00+05:30,transfer,Payment observed,Review payment evidence,TX-107889
EV-TX-107893,EXT-10209,2026-10-18T12:00:00+05:30,transfer,Payment observed,Review payment evidence,TX-107893
EV-TX-107895,EXT-10209,2026-10-22T12:00:00+05:30,transfer,Payment observed,Review payment evidence,TX-107895
EV-TX-107899,EXT-10209,2026-10-28T12:00:00+05:30,transfer,Payment observed,Review payment evidence,TX-107899
EV-TX-107904,EXT-10210,2026-08-07T12:00:00+05:30,transfer,Payment observed,Review payment evidence,TX-107904
EV-TX-107906,EXT-10210,2026-08-11T12:00:00+05:30,transfer,Payment observed,Review payment evidence,TX-107906
EV-TX-107908,EXT-10210,2026-08-15T12:00:00+05:30,transfer,Payment observed,Review payment evidence,TX-107908
EV-TX-107911,EXT-10210,2026-08-26T12:00:00+05:30,transfer,Payment observed,Review payment evidence,TX-107911
EV-TX-107914,EXT-10210,2026-09-07T12:00:00+05:30,transfer,Payment observed,Review payment evidence,TX-107914
EV-TX-107916,EXT-10210,2026-09-11T12:00:00+05:30,transfer,Payment observed,Review payment evidence,TX-107916
EV-TX-107918,EXT-10210,2026-09-15T12:00:00+05:30,transfer,Payment observed,Review payment evidence,TX-107918
EV-TX-107919,EXT-10210,2026-09-19T17:09:00+05:30,transfer,Payment observed,Review payment evidence,TX-107919
EV-TX-107922,EXT-10210,2026-09-26T12:00:00+05:30,transfer,Payment observed,Review payment evidence,TX-107922
EV-TX-107925,EXT-10210,2026-10-07T12:00:00+05:30,transfer,Payment observed,Review payment evidence,TX-107925
EV-TX-107927,EXT-10210,2026-10-11T12:00:00+05:30,transfer,Payment observed,Review payment evidence,TX-107927
EV-TX-107929,EXT-10210,2026-10-15T12:00:00+05:30,transfer,Payment observed,Review payment evidence,TX-107929
EV-TX-107932,EXT-10210,2026-10-26T12:00:00+05:30,transfer,Payment observed,Review payment evidence,TX-107932
EV-TX-107938,EXT-10211,2026-08-20T12:00:00+05:30,transfer,Payment observed,Review payment evidence,TX-107938
EV-TX-107942,EXT-10211,2026-08-25T12:00:00+05:30,transfer,Payment observed,Review payment evidence,TX-107942
EV-TX-107947,EXT-10211,2026-09-12T15:24:00+05:30,transfer,Payment observed,Review payment evidence,TX-107947
EV-TX-107948,EXT-10211,2026-09-12T15:27:00+05:30,transfer,Payment observed,Review payment evidence,TX-107948
EV-TX-107950,EXT-10211,2026-09-20T12:00:00+05:30,transfer,Payment observed,Review payment evidence,TX-107950
EV-TX-107954,EXT-10211,2026-09-25T12:00:00+05:30,transfer,Payment observed,Review payment evidence,TX-107954
EV-TX-107975,EXT-10212,2026-08-06T12:00:00+05:30,transfer,Payment observed,Review payment evidence,TX-107975
EV-TX-107976,EXT-10212,2026-08-07T12:00:00+05:30,transfer,Payment observed,Review payment evidence,TX-107976
EV-TX-107984,EXT-10212,2026-08-28T12:00:00+05:30,transfer,Payment observed,Review payment evidence,TX-107984
EV-TX-107987,EXT-10212,2026-09-06T12:00:00+05:30,transfer,Payment observed,Review payment evidence,TX-107987
EV-TX-107988,EXT-10212,2026-09-07T12:00:00+05:30,transfer,Payment observed,Review payment evidence,TX-107988
EV-TX-107990,EXT-10212,2026-09-14T15:43:00+05:30,transfer,Payment observed,Review payment evidence,TX-107990
EV-TX-107991,EXT-10212,2026-09-14T15:51:00+05:30,transfer,Payment observed,Review payment evidence,TX-107991
EV-TX-107999,EXT-10212,2026-09-28T12:00:00+05:30,transfer,Payment observed,Review payment evidence,TX-107999
EV-TX-108002,EXT-10212,2026-10-06T12:00:00+05:30,transfer,Payment observed,Review payment evidence,TX-108002
EV-TX-108012,EXT-10212,2026-10-28T12:00:00+05:30,transfer,Payment observed,Review payment evidence,TX-108012
EV-TX-108017,EXT-10213,2026-08-02T12:00:00+05:30,transfer,Payment observed,Review payment evidence,TX-108017
EV-TX-108022,EXT-10213,2026-08-23T12:00:00+05:30,transfer,Payment observed,Review payment evidence,TX-108022
EV-TX-108027,EXT-10213,2026-09-02T12:00:00+05:30,transfer,Payment observed,Review payment evidence,TX-108027
EV-TX-108030,EXT-10213,2026-09-09T15:25:00+05:30,transfer,Payment observed,Review payment evidence,TX-108030
EV-TX-108031,EXT-10213,2026-09-09T15:32:00+05:30,transfer,Payment observed,Review payment evidence,TX-108031
EV-TX-108033,EXT-10213,2026-09-16T14:00:00+05:30,transfer,Payment observed,Review payment evidence,TX-108033
EV-TX-108034,EXT-10213,2026-09-16T14:03:00+05:30,transfer,Payment observed,Review payment evidence,TX-108034
EV-TX-108035,EXT-10213,2026-09-16T14:06:00+05:30,transfer,Payment observed,Review payment evidence,TX-108035
EV-TX-108036,EXT-10213,2026-09-16T14:14:00+05:30,transfer,Payment observed,Review payment evidence,TX-108036
EV-TX-108038,EXT-10213,2026-09-23T12:00:00+05:30,transfer,Payment observed,Review payment evidence,TX-108038
EV-TX-108043,EXT-10213,2026-10-02T12:00:00+05:30,transfer,Payment observed,Review payment evidence,TX-108043
EV-TX-108054,EXT-10213,2026-11-02T12:00:00+05:30,transfer,Payment observed,Review payment evidence,TX-108054
EV-TX-108061,EXT-10214,2026-08-16T12:00:00+05:30,transfer,Payment observed,Review payment evidence,TX-108061
EV-TX-108062,EXT-10214,2026-08-17T12:00:00+05:30,transfer,Payment observed,Review payment evidence,TX-108062
EV-TX-108069,EXT-10214,2026-09-11T14:00:00+05:30,transfer,Payment observed,Review payment evidence,TX-108069
EV-TX-108070,EXT-10214,2026-09-11T14:03:00+05:30,transfer,Payment observed,Review payment evidence,TX-108070
EV-TX-108071,EXT-10214,2026-09-11T14:06:00+05:30,transfer,Payment observed,Review payment evidence,TX-108071
EV-TX-108072,EXT-10214,2026-09-11T14:14:00+05:30,transfer,Payment observed,Review payment evidence,TX-108072
EV-TX-108074,EXT-10214,2026-09-16T12:00:00+05:30,transfer,Payment observed,Review payment evidence,TX-108074
EV-TX-108075,EXT-10214,2026-09-17T12:00:00+05:30,transfer,Payment observed,Review payment evidence,TX-108075
EV-TX-108083,EXT-10214,2026-10-16T12:00:00+05:30,transfer,Payment observed,Review payment evidence,TX-108083
EV-TX-108084,EXT-10214,2026-10-17T12:00:00+05:30,transfer,Payment observed,Review payment evidence,TX-108084
EV-TX-108093,EXT-10215,2026-08-06T12:00:00+05:30,transfer,Payment observed,Review payment evidence,TX-108093
EV-TX-108095,EXT-10215,2026-08-13T12:00:00+05:30,transfer,Payment observed,Review payment evidence,TX-108095
EV-TX-108097,EXT-10215,2026-08-15T12:00:00+05:30,transfer,Payment observed,Review payment evidence,TX-108097
EV-TX-108103,EXT-10215,2026-09-06T12:00:00+05:30,transfer,Payment observed,Review payment evidence,TX-108103
EV-TX-108105,EXT-10215,2026-09-13T12:00:00+05:30,transfer,Payment observed,Review payment evidence,TX-108105
EV-TX-108107,EXT-10215,2026-09-15T12:00:00+05:30,transfer,Payment observed,Review payment evidence,TX-108107
EV-TX-108108,EXT-10215,2026-09-16T14:57:00+05:30,transfer,Payment observed,Review payment evidence,TX-108108
EV-TX-108109,EXT-10215,2026-09-16T15:05:00+05:30,transfer,Payment observed,Review payment evidence,TX-108109
EV-TX-108110,EXT-10215,2026-09-20T17:44:00+05:30,transfer,Payment observed,Review payment evidence,TX-108110
EV-TX-108111,EXT-10215,2026-09-20T17:52:00+05:30,transfer,Payment observed,Review payment evidence,TX-108111
EV-TX-108114,EXT-10215,2026-09-22T13:10:00+05:30,transfer,Payment observed,Review payment evidence,TX-108114
EV-TX-108115,EXT-10215,2026-09-22T13:14:00+05:30,transfer,Payment observed,Review payment evidence,TX-108115
EV-TX-108121,EXT-10215,2026-10-06T12:00:00+05:30,transfer,Payment observed,Review payment evidence,TX-108121
EV-TX-108124,EXT-10215,2026-10-13T12:00:00+05:30,transfer,Payment observed,Review payment evidence,TX-108124
EV-TX-108126,EXT-10215,2026-10-15T12:00:00+05:30,transfer,Payment observed,Review payment evidence,TX-108126
EV-TX-108135,EXT-10216,2026-08-07T12:00:00+05:30,transfer,Payment observed,Review payment evidence,TX-108135
EV-TX-108138,EXT-10216,2026-08-19T12:00:00+05:30,transfer,Payment observed,Review payment evidence,TX-108138
EV-TX-108140,EXT-10216,2026-08-23T12:00:00+05:30,transfer,Payment observed,Review payment evidence,TX-108140
EV-TX-108145,EXT-10216,2026-09-07T12:00:00+05:30,transfer,Payment observed,Review payment evidence,TX-108145
EV-TX-108147,EXT-10216,2026-09-14T17:38:00+05:30,transfer,Payment observed,Review payment evidence,TX-108147
EV-TX-108148,EXT-10216,2026-09-14T17:45:00+05:30,transfer,Payment observed,Review payment evidence,TX-108148
EV-TX-108150,EXT-10216,2026-09-19T12:00:00+05:30,transfer,Payment observed,Review payment evidence,TX-108150
EV-TX-108152,EXT-10216,2026-09-23T12:00:00+05:30,transfer,Payment observed,Review payment evidence,TX-108152
EV-TX-108157,EXT-10216,2026-10-07T12:00:00+05:30,transfer,Payment observed,Review payment evidence,TX-108157
EV-TX-108160,EXT-10216,2026-10-19T12:00:00+05:30,transfer,Payment observed,Review payment evidence,TX-108160
EV-TX-108162,EXT-10216,2026-10-23T12:00:00+05:30,transfer,Payment observed,Review payment evidence,TX-108162
EV-TX-108170,EXT-10217,2026-08-03T12:00:00+05:30,transfer,Payment observed,Review payment evidence,TX-108170
EV-TX-108173,EXT-10217,2026-08-19T12:00:00+05:30,transfer,Payment observed,Review payment evidence,TX-108173
EV-TX-108179,EXT-10217,2026-09-03T12:00:00+05:30,transfer,Payment observed,Review payment evidence,TX-108179
EV-TX-108182,EXT-10217,2026-09-19T12:00:00+05:30,transfer,Payment observed,Review payment evidence,TX-108182
EV-TX-108183,EXT-10217,2026-09-20T15:01:00+05:30,transfer,Payment observed,Review payment evidence,TX-108183
EV-TX-108184,EXT-10217,2026-09-20T15:09:00+05:30,transfer,Payment observed,Review payment evidence,TX-108184
EV-TX-108186,EXT-10217,2026-09-23T10:00:00+05:30,transfer,Payment observed,Review payment evidence,TX-108186
EV-TX-108191,EXT-10217,2026-10-03T12:00:00+05:30,transfer,Payment observed,Review payment evidence,TX-108191
EV-TX-108194,EXT-10217,2026-10-19T12:00:00+05:30,transfer,Payment observed,Review payment evidence,TX-108194
EV-TX-108200,EXT-10217,2026-11-03T12:00:00+05:30,transfer,Payment observed,Review payment evidence,TX-108200
EV-TX-108206,EXT-10218,2026-08-17T12:00:00+05:30,transfer,Payment observed,Review payment evidence,TX-108206
EV-TX-108207,EXT-10218,2026-08-18T12:00:00+05:30,transfer,Payment observed,Review payment evidence,TX-108207
EV-TX-108211,EXT-10218,2026-08-27T12:00:00+05:30,transfer,Payment observed,Review payment evidence,TX-108211
EV-TX-108215,EXT-10218,2026-09-13T14:57:00+05:30,transfer,Payment observed,Review payment evidence,TX-108215
EV-TX-108216,EXT-10218,2026-09-13T15:02:00+05:30,transfer,Payment observed,Review payment evidence,TX-108216
EV-TX-108217,EXT-10218,2026-09-13T15:17:00+05:30,transfer,Payment observed,Review payment evidence,TX-108217
EV-TX-108219,EXT-10218,2026-09-17T12:00:00+05:30,transfer,Payment observed,Review payment evidence,TX-108219
EV-TX-108220,EXT-10218,2026-09-17T13:23:00+05:30,transfer,Payment observed,Review payment evidence,TX-108220
EV-TX-108221,EXT-10218,2026-09-17T13:28:00+05:30,transfer,Payment observed,Review payment evidence,TX-108221
EV-TX-108222,EXT-10218,2026-09-18T12:00:00+05:30,transfer,Payment observed,Review payment evidence,TX-108222
EV-TX-108232,EXT-10218,2026-10-17T12:00:00+05:30,transfer,Payment observed,Review payment evidence,TX-108232
EV-TX-108233,EXT-10218,2026-10-18T12:00:00+05:30,transfer,Payment observed,Review payment evidence,TX-108233
EV-TX-108237,EXT-10218,2026-10-27T12:00:00+05:30,transfer,Payment observed,Review payment evidence,TX-108237
EV-TX-108245,EXT-10219,2026-08-14T12:00:00+05:30,transfer,Payment observed,Review payment evidence,TX-108245
EV-TX-108247,EXT-10219,2026-08-16T12:00:00+05:30,transfer,Payment observed,Review payment evidence,TX-108247
EV-TX-108250,EXT-10219,2026-08-25T12:00:00+05:30,transfer,Payment observed,Review payment evidence,TX-108250
EV-TX-108255,EXT-10219,2026-09-10T14:45:00+05:30,transfer,Payment observed,Review payment evidence,TX-108255
EV-TX-108256,EXT-10219,2026-09-10T14:54:00+05:30,transfer,Payment observed,Review payment evidence,TX-108256
EV-TX-108257,EXT-10219,2026-09-14T12:00:00+05:30,transfer,Payment observed,Review payment evidence,TX-108257
EV-TX-108259,EXT-10219,2026-09-16T12:00:00+05:30,transfer,Payment observed,Review payment evidence,TX-108259
EV-TX-108260,EXT-10219,2026-09-20T16:26:00+05:30,transfer,Payment observed,Review payment evidence,TX-108260
EV-TX-108261,EXT-10219,2026-09-20T16:32:00+05:30,transfer,Payment observed,Review payment evidence,TX-108261
EV-TX-108264,EXT-10219,2026-09-25T12:00:00+05:30,transfer,Payment observed,Review payment evidence,TX-108264
EV-TX-108269,EXT-10219,2026-10-14T12:00:00+05:30,transfer,Payment observed,Review payment evidence,TX-108269
EV-TX-108271,EXT-10219,2026-10-16T12:00:00+05:30,transfer,Payment observed,Review payment evidence,TX-108271
EV-TX-108274,EXT-10219,2026-10-25T12:00:00+05:30,transfer,Payment observed,Review payment evidence,TX-108274
EV-TX-108280,EXT-10220,2026-08-06T12:00:00+05:30,transfer,Payment observed,Review payment evidence,TX-108280
EV-TX-108282,EXT-10220,2026-08-11T12:00:00+05:30,transfer,Payment observed,Review payment evidence,TX-108282
EV-TX-108290,EXT-10220,2026-08-28T12:00:00+05:30,transfer,Payment observed,Review payment evidence,TX-108290
EV-TX-108292,EXT-10220,2026-09-06T12:00:00+05:30,transfer,Payment observed,Review payment evidence,TX-108292
EV-TX-108294,EXT-10220,2026-09-11T12:00:00+05:30,transfer,Payment observed,Review payment evidence,TX-108294
EV-TX-108296,EXT-10220,2026-09-19T17:49:00+05:30,transfer,Payment observed,Review payment evidence,TX-108296
EV-TX-108297,EXT-10220,2026-09-19T17:53:00+05:30,transfer,Payment observed,Review payment evidence,TX-108297
EV-TX-108301,EXT-10220,2026-09-28T12:00:00+05:30,transfer,Payment observed,Review payment evidence,TX-108301
EV-TX-108303,EXT-10220,2026-10-06T12:00:00+05:30,transfer,Payment observed,Review payment evidence,TX-108303
EV-TX-108305,EXT-10220,2026-10-11T12:00:00+05:30,transfer,Payment observed,Review payment evidence,TX-108305
EV-TX-108309,EXT-10220,2026-10-28T12:00:00+05:30,transfer,Payment observed,Review payment evidence,TX-108309
EV-TX-108313,EXT-10221,2026-08-07T12:00:00+05:30,transfer,Payment observed,Review payment evidence,TX-108313
EV-TX-108315,EXT-10221,2026-08-10T12:00:00+05:30,transfer,Payment observed,Review payment evidence,TX-108315
EV-TX-108318,EXT-10221,2026-08-21T12:00:00+05:30,transfer,Payment observed,Review payment evidence,TX-108318
EV-TX-108324,EXT-10221,2026-09-07T12:00:00+05:30,transfer,Payment observed,Review payment evidence,TX-108324
EV-TX-108326,EXT-10221,2026-09-10T12:00:00+05:30,transfer,Payment observed,Review payment evidence,TX-108326
EV-TX-108328,EXT-10221,2026-09-20T13:59:00+05:30,transfer,Payment observed,Review payment evidence,TX-108328
EV-TX-108329,EXT-10221,2026-09-20T14:06:00+05:30,transfer,Payment observed,Review payment evidence,TX-108329
EV-TX-108330,EXT-10221,2026-09-20T14:19:00+05:30,transfer,Payment observed,Review payment evidence,TX-108330
EV-TX-108332,EXT-10221,2026-09-21T12:00:00+05:30,transfer,Payment observed,Review payment evidence,TX-108332
EV-TX-108339,EXT-10221,2026-10-07T12:00:00+05:30,transfer,Payment observed,Review payment evidence,TX-108339
EV-TX-108341,EXT-10221,2026-10-10T12:00:00+05:30,transfer,Payment observed,Review payment evidence,TX-108341
EV-TX-108344,EXT-10221,2026-10-21T12:00:00+05:30,transfer,Payment observed,Review payment evidence,TX-108344
EV-TX-108353,EXT-10222,2026-08-03T12:00:00+05:30,transfer,Payment observed,Review payment evidence,TX-108353
EV-TX-108354,EXT-10222,2026-08-04T12:00:00+05:30,transfer,Payment observed,Review payment evidence,TX-108354
EV-TX-108357,EXT-10222,2026-08-20T12:00:00+05:30,transfer,Payment observed,Review payment evidence,TX-108357
EV-TX-108363,EXT-10222,2026-09-03T12:00:00+05:30,transfer,Payment observed,Review payment evidence,TX-108363
EV-TX-108364,EXT-10222,2026-09-04T12:00:00+05:30,transfer,Payment observed,Review payment evidence,TX-108364
EV-TX-108366,EXT-10222,2026-09-09T17:16:00+05:30,transfer,Payment observed,Review payment evidence,TX-108366
EV-TX-108367,EXT-10222,2026-09-09T17:20:00+05:30,transfer,Payment observed,Review payment evidence,TX-108367
EV-TX-108377,EXT-10222,2026-10-03T12:00:00+05:30,transfer,Payment observed,Review payment evidence,TX-108377
EV-TX-108378,EXT-10222,2026-10-04T12:00:00+05:30,transfer,Payment observed,Review payment evidence,TX-108378
EV-TX-108389,EXT-10222,2026-11-03T12:00:00+05:30,transfer,Payment observed,Review payment evidence,TX-108389
EV-TX-108391,EXT-10222,2026-11-04T12:00:00+05:30,transfer,Payment observed,Review payment evidence,TX-108391
EV-TX-108395,EXT-10223,2026-08-08T12:00:00+05:30,transfer,Payment observed,Review payment evidence,TX-108395
EV-TX-108400,EXT-10223,2026-08-22T12:00:00+05:30,transfer,Payment observed,Review payment evidence,TX-108400
EV-TX-108401,EXT-10223,2026-08-24T12:00:00+05:30,transfer,Payment observed,Review payment evidence,TX-108401
EV-TX-108404,EXT-10223,2026-09-08T12:00:00+05:30,transfer,Payment observed,Review payment evidence,TX-108404
EV-TX-108406,EXT-10223,2026-09-13T14:57:00+05:30,transfer,Payment observed,Review payment evidence,TX-108406
EV-TX-108407,EXT-10223,2026-09-13T15:01:00+05:30,transfer,Payment observed,Review payment evidence,TX-108407
EV-TX-108418,EXT-10223,2026-10-08T12:00:00+05:30,transfer,Payment observed,Review payment evidence,TX-108418
EV-TX-108424,EXT-10224,2026-08-02T12:00:00+05:30,transfer,Payment observed,Review payment evidence,TX-108424
EV-TX-108426,EXT-10224,2026-08-04T12:00:00+05:30,transfer,Payment observed,Review payment evidence,TX-108426
EV-TX-108427,EXT-10224,2026-08-08T12:00:00+05:30,transfer,Payment observed,Review payment evidence,TX-108427
EV-TX-108429,EXT-10224,2026-08-09T12:00:00+05:30,transfer,Payment observed,Review payment evidence,TX-108429
EV-TX-108435,EXT-10224,2026-09-02T12:00:00+05:30,transfer,Payment observed,Review payment evidence,TX-108435
EV-TX-108437,EXT-10224,2026-09-04T12:00:00+05:30,transfer,Payment observed,Review payment evidence,TX-108437
EV-TX-108438,EXT-10224,2026-09-08T12:00:00+05:30,transfer,Payment observed,Review payment evidence,TX-108438
EV-TX-108440,EXT-10224,2026-09-09T12:00:00+05:30,transfer,Payment observed,Review payment evidence,TX-108440
EV-TX-108441,EXT-10224,2026-09-14T14:02:00+05:30,transfer,Payment observed,Review payment evidence,TX-108441
EV-TX-108442,EXT-10224,2026-09-14T14:06:00+05:30,transfer,Payment observed,Review payment evidence,TX-108442
EV-TX-108448,EXT-10224,2026-10-02T12:00:00+05:30,transfer,Payment observed,Review payment evidence,TX-108448
EV-TX-108450,EXT-10224,2026-10-04T12:00:00+05:30,transfer,Payment observed,Review payment evidence,TX-108450
EV-TX-108451,EXT-10224,2026-10-08T12:00:00+05:30,transfer,Payment observed,Review payment evidence,TX-108451
EV-TX-108453,EXT-10224,2026-10-09T12:00:00+05:30,transfer,Payment observed,Review payment evidence,TX-108453
EV-TX-108460,EXT-10224,2026-11-02T12:00:00+05:30,transfer,Payment observed,Review payment evidence,TX-108460
EV-TX-108463,EXT-10224,2026-11-04T12:00:00+05:30,transfer,Payment observed,Review payment evidence,TX-108463
EV-TX-108467,EXT-10225,2026-08-05T12:00:00+05:30,transfer,Payment observed,Review payment evidence,TX-108467
EV-TX-108468,EXT-10225,2026-08-06T12:00:00+05:30,transfer,Payment observed,Review payment evidence,TX-108468
EV-TX-108472,EXT-10225,2026-08-21T12:00:00+05:30,transfer,Payment observed,Review payment evidence,TX-108472
EV-TX-108475,EXT-10225,2026-08-27T12:00:00+05:30,transfer,Payment observed,Review payment evidence,TX-108475
EV-TX-108478,EXT-10225,2026-09-05T12:00:00+05:30,transfer,Payment observed,Review payment evidence,TX-108478
EV-TX-108479,EXT-10225,2026-09-06T12:00:00+05:30,transfer,Payment observed,Review payment evidence,TX-108479
EV-TX-108481,EXT-10225,2026-09-09T14:00:00+05:30,transfer,Payment observed,Review payment evidence,TX-108481
EV-TX-108482,EXT-10225,2026-09-09T14:03:00+05:30,transfer,Payment observed,Review payment evidence,TX-108482
EV-TX-108483,EXT-10225,2026-09-09T14:06:00+05:30,transfer,Payment observed,Review payment evidence,TX-108483
EV-TX-108484,EXT-10225,2026-09-09T14:14:00+05:30,transfer,Payment observed,Review payment evidence,TX-108484
EV-TX-108487,EXT-10225,2026-09-21T12:00:00+05:30,transfer,Payment observed,Review payment evidence,TX-108487
EV-TX-108490,EXT-10225,2026-09-27T12:00:00+05:30,transfer,Payment observed,Review payment evidence,TX-108490
EV-TX-108493,EXT-10225,2026-10-05T12:00:00+05:30,transfer,Payment observed,Review payment evidence,TX-108493
EV-TX-108494,EXT-10225,2026-10-06T12:00:00+05:30,transfer,Payment observed,Review payment evidence,TX-108494
EV-TX-108498,EXT-10225,2026-10-21T12:00:00+05:30,transfer,Payment observed,Review payment evidence,TX-108498
EV-TX-108504,EXT-10225,2026-11-05T12:00:00+05:30,transfer,Payment observed,Review payment evidence,TX-108504
EV-TX-108507,EXT-10226,2026-08-04T12:00:00+05:30,transfer,Payment observed,Review payment evidence,TX-108507
EV-TX-108508,EXT-10226,2026-08-05T12:00:00+05:30,transfer,Payment observed,Review payment evidence,TX-108508
EV-TX-108509,EXT-10226,2026-08-06T12:00:00+05:30,transfer,Payment observed,Review payment evidence,TX-108509
EV-TX-108510,EXT-10226,2026-08-08T12:00:00+05:30,transfer,Payment observed,Review payment evidence,TX-108510
EV-TX-108522,EXT-10226,2026-09-04T12:00:00+05:30,transfer,Payment observed,Review payment evidence,TX-108522
EV-TX-108523,EXT-10226,2026-09-05T12:00:00+05:30,transfer,Payment observed,Review payment evidence,TX-108523
EV-TX-108524,EXT-10226,2026-09-06T12:00:00+05:30,transfer,Payment observed,Review payment evidence,TX-108524
EV-TX-108529,EXT-10226,2026-09-19T14:00:00+05:30,transfer,Payment observed,Review payment evidence,TX-108529
EV-TX-108530,EXT-10226,2026-09-19T14:03:00+05:30,transfer,Payment observed,Review payment evidence,TX-108530
EV-TX-108531,EXT-10226,2026-09-19T14:06:00+05:30,transfer,Payment observed,Review payment evidence,TX-108531
EV-TX-108532,EXT-10226,2026-09-19T14:14:00+05:30,transfer,Payment observed,Review payment evidence,TX-108532
EV-TX-108539,EXT-10226,2026-10-04T12:00:00+05:30,transfer,Payment observed,Review payment evidence,TX-108539
EV-TX-108540,EXT-10226,2026-10-05T12:00:00+05:30,transfer,Payment observed,Review payment evidence,TX-108540
EV-TX-108541,EXT-10226,2026-10-06T12:00:00+05:30,transfer,Payment observed,Review payment evidence,TX-108541
EV-TX-108542,EXT-10226,2026-10-08T12:00:00+05:30,transfer,Payment observed,Review payment evidence,TX-108542
EV-TX-108554,EXT-10226,2026-11-04T12:00:00+05:30,transfer,Payment observed,Review payment evidence,TX-108554
EV-TX-108555,EXT-10226,2026-11-05T12:00:00+05:30,transfer,Payment observed,Review payment evidence,TX-108555
EV-TX-108559,EXT-10227,2026-08-07T12:00:00+05:30,transfer,Payment observed,Review payment evidence,TX-108559
EV-TX-108561,EXT-10227,2026-08-09T12:00:00+05:30,transfer,Payment observed,Review payment evidence,TX-108561
EV-TX-108563,EXT-10227,2026-08-16T12:00:00+05:30,transfer,Payment observed,Review payment evidence,TX-108563
EV-TX-108565,EXT-10227,2026-08-24T12:00:00+05:30,transfer,Payment observed,Review payment evidence,TX-108565
EV-TX-108570,EXT-10227,2026-09-07T12:00:00+05:30,transfer,Payment observed,Review payment evidence,TX-108570
EV-TX-108572,EXT-10227,2026-09-09T12:00:00+05:30,transfer,Payment observed,Review payment evidence,TX-108572
EV-TX-108573,EXT-10227,2026-09-12T16:00:00+05:30,transfer,Payment observed,Review payment evidence,TX-108573
EV-TX-108574,EXT-10227,2026-09-12T16:03:00+05:30,transfer,Payment observed,Review payment evidence,TX-108574
EV-TX-108575,EXT-10227,2026-09-12T16:16:00+05:30,transfer,Payment observed,Review payment evidence,TX-108575
EV-TX-108577,EXT-10227,2026-09-16T12:00:00+05:30,transfer,Payment observed,Review payment evidence,TX-108577
EV-TX-108578,EXT-10227,2026-09-18T14:45:00+05:30,transfer,Payment observed,Review payment evidence,TX-108578
EV-TX-108579,EXT-10227,2026-09-18T14:53:00+05:30,transfer,Payment observed,Review payment evidence,TX-108579
EV-TX-108581,EXT-10227,2026-09-24T12:00:00+05:30,transfer,Payment observed,Review payment evidence,TX-108581
EV-TX-108588,EXT-10227,2026-10-07T12:00:00+05:30,transfer,Payment observed,Review payment evidence,TX-108588
EV-TX-108590,EXT-10227,2026-10-09T12:00:00+05:30,transfer,Payment observed,Review payment evidence,TX-108590
EV-TX-108592,EXT-10227,2026-10-16T12:00:00+05:30,transfer,Payment observed,Review payment evidence,TX-108592
EV-TX-108594,EXT-10227,2026-10-24T12:00:00+05:30,transfer,Payment observed,Review payment evidence,TX-108594
EV-TX-108603,EXT-10228,2026-08-09T12:00:00+05:30,transfer,Payment observed,Review payment evidence,TX-108603
EV-TX-108605,EXT-10228,2026-08-17T12:00:00+05:30,transfer,Payment observed,Review payment evidence,TX-108605
EV-TX-108606,EXT-10228,2026-08-20T12:00:00+05:30,transfer,Payment observed,Review payment evidence,TX-108606
EV-TX-108609,EXT-10228,2026-08-26T12:00:00+05:30,transfer,Payment observed,Review payment evidence,TX-108609
EV-TX-108613,EXT-10228,2026-09-08T13:44:00+05:30,transfer,Payment observed,Review payment evidence,TX-108613
EV-TX-108614,EXT-10228,2026-09-08T13:48:00+05:30,transfer,Payment observed,Review payment evidence,TX-108614
EV-TX-108615,EXT-10228,2026-09-08T13:52:00+05:30,transfer,Payment observed,Review payment evidence,TX-108615
EV-TX-108617,EXT-10228,2026-09-09T12:00:00+05:30,transfer,Payment observed,Review payment evidence,TX-108617
EV-TX-108618,EXT-10228,2026-09-12T17:54:00+05:30,transfer,Payment observed,Review payment evidence,TX-108618
EV-TX-108619,EXT-10228,2026-09-12T18:02:00+05:30,transfer,Payment observed,Review payment evidence,TX-108619
EV-TX-108620,EXT-10228,2026-09-12T18:12:00+05:30,transfer,Payment observed,Review payment evidence,TX-108620
EV-TX-108622,EXT-10228,2026-09-17T12:00:00+05:30,transfer,Payment observed,Review payment evidence,TX-108622
EV-TX-108623,EXT-10228,2026-09-20T12:00:00+05:30,transfer,Payment observed,Review payment evidence,TX-108623
EV-TX-108626,EXT-10228,2026-09-26T12:00:00+05:30,transfer,Payment observed,Review payment evidence,TX-108626
EV-TX-108631,EXT-10228,2026-10-09T12:00:00+05:30,transfer,Payment observed,Review payment evidence,TX-108631
EV-TX-108633,EXT-10228,2026-10-17T12:00:00+05:30,transfer,Payment observed,Review payment evidence,TX-108633
EV-TX-108634,EXT-10228,2026-10-20T12:00:00+05:30,transfer,Payment observed,Review payment evidence,TX-108634
EV-TX-108637,EXT-10228,2026-10-26T12:00:00+05:30,transfer,Payment observed,Review payment evidence,TX-108637
EV-TX-108643,EXT-10229,2026-08-08T12:00:00+05:30,transfer,Payment observed,Review payment evidence,TX-108643
EV-TX-108646,EXT-10229,2026-08-15T12:00:00+05:30,transfer,Payment observed,Review payment evidence,TX-108646
EV-TX-108647,EXT-10229,2026-08-19T12:00:00+05:30,transfer,Payment observed,Review payment evidence,TX-108647
EV-TX-108655,EXT-10229,2026-09-08T12:00:00+05:30,transfer,Payment observed,Review payment evidence,TX-108655
EV-TX-108658,EXT-10229,2026-09-15T12:00:00+05:30,transfer,Payment observed,Review payment evidence,TX-108658
EV-TX-108666,EXT-10229,2026-10-08T12:00:00+05:30,transfer,Payment observed,Review payment evidence,TX-108666
EV-TX-108669,EXT-10229,2026-10-15T12:00:00+05:30,transfer,Payment observed,Review payment evidence,TX-108669
EV-TX-108670,EXT-10229,2026-10-19T12:00:00+05:30,transfer,Payment observed,Review payment evidence,TX-108670
EV-TX-108680,EXT-10230,2026-08-04T12:00:00+05:30,transfer,Payment observed,Review payment evidence,TX-108680
EV-TX-108681,EXT-10230,2026-08-05T12:00:00+05:30,transfer,Payment observed,Review payment evidence,TX-108681
EV-TX-108682,EXT-10230,2026-08-07T12:00:00+05:30,transfer,Payment observed,Review payment evidence,TX-108682
EV-TX-108685,EXT-10230,2026-08-15T12:00:00+05:30,transfer,Payment observed,Review payment evidence,TX-108685
EV-TX-108690,EXT-10230,2026-09-04T12:00:00+05:30,transfer,Payment observed,Review payment evidence,TX-108690
EV-TX-108691,EXT-10230,2026-09-05T12:00:00+05:30,transfer,Payment observed,Review payment evidence,TX-108691
EV-TX-108692,EXT-10230,2026-09-07T12:00:00+05:30,transfer,Payment observed,Review payment evidence,TX-108692
EV-TX-108695,EXT-10230,2026-09-15T12:00:00+05:30,transfer,Payment observed,Review payment evidence,TX-108695
EV-TX-108696,EXT-10230,2026-09-20T14:49:00+05:30,transfer,Payment observed,Review payment evidence,TX-108696
EV-TX-108697,EXT-10230,2026-09-20T14:53:00+05:30,transfer,Payment observed,Review payment evidence,TX-108697
EV-TX-108698,EXT-10230,2026-09-20T15:07:00+05:30,transfer,Payment observed,Review payment evidence,TX-108698
EV-TX-108703,EXT-10230,2026-10-04T12:00:00+05:30,transfer,Payment observed,Review payment evidence,TX-108703
EV-TX-108704,EXT-10230,2026-10-05T12:00:00+05:30,transfer,Payment observed,Review payment evidence,TX-108704
EV-TX-108705,EXT-10230,2026-10-07T12:00:00+05:30,transfer,Payment observed,Review payment evidence,TX-108705
EV-TX-108708,EXT-10230,2026-10-15T12:00:00+05:30,transfer,Payment observed,Review payment evidence,TX-108708
EV-TX-108713,EXT-10230,2026-11-04T12:00:00+05:30,transfer,Payment observed,Review payment evidence,TX-108713
EV-TX-108714,EXT-10230,2026-11-05T12:00:00+05:30,transfer,Payment observed,Review payment evidence,TX-108714
EV-TX-108718,EXT-10231,2026-08-13T12:00:00+05:30,transfer,Payment observed,Review payment evidence,TX-108718
EV-TX-108720,EXT-10231,2026-08-16T12:00:00+05:30,transfer,Payment observed,Review payment evidence,TX-108720
EV-TX-108728,EXT-10231,2026-09-13T12:00:00+05:30,transfer,Payment observed,Review payment evidence,TX-108728
EV-TX-108730,EXT-10231,2026-09-16T12:00:00+05:30,transfer,Payment observed,Review payment evidence,TX-108730
EV-TX-108731,EXT-10231,2026-09-19T13:25:00+05:30,transfer,Payment observed,Review payment evidence,TX-108731
EV-TX-108732,EXT-10231,2026-09-19T13:33:00+05:30,transfer,Payment observed,Review payment evidence,TX-108732
EV-TX-108740,EXT-10231,2026-10-13T12:00:00+05:30,transfer,Payment observed,Review payment evidence,TX-108740
EV-TX-108742,EXT-10231,2026-10-16T12:00:00+05:30,transfer,Payment observed,Review payment evidence,TX-108742
EV-TX-108754,EXT-10232,2026-08-16T12:00:00+05:30,transfer,Payment observed,Review payment evidence,TX-108754
EV-TX-108755,EXT-10232,2026-08-18T12:00:00+05:30,transfer,Payment observed,Review payment evidence,TX-108755
EV-TX-108758,EXT-10232,2026-08-23T12:00:00+05:30,transfer,Payment observed,Review payment evidence,TX-108758
EV-TX-108765,EXT-10232,2026-09-16T12:00:00+05:30,transfer,Payment observed,Review payment evidence,TX-108765
EV-TX-108766,EXT-10232,2026-09-18T12:00:00+05:30,transfer,Payment observed,Review payment evidence,TX-108766
EV-TX-108768,EXT-10232,2026-09-23T12:00:00+05:30,transfer,Payment observed,Review payment evidence,TX-108768
EV-TX-108776,EXT-10232,2026-10-16T12:00:00+05:30,transfer,Payment observed,Review payment evidence,TX-108776
EV-TX-108777,EXT-10232,2026-10-18T12:00:00+05:30,transfer,Payment observed,Review payment evidence,TX-108777
EV-TX-108790,EXT-10233,2026-08-18T12:00:00+05:30,transfer,Payment observed,Review payment evidence,TX-108790
EV-TX-108793,EXT-10233,2026-08-23T12:00:00+05:30,transfer,Payment observed,Review payment evidence,TX-108793
EV-TX-108794,EXT-10233,2026-08-24T12:00:00+05:30,transfer,Payment observed,Review payment evidence,TX-108794
EV-TX-108800,EXT-10233,2026-09-18T12:00:00+05:30,transfer,Payment observed,Review payment evidence,TX-108800
EV-TX-108803,EXT-10233,2026-09-23T12:00:00+05:30,transfer,Payment observed,Review payment evidence,TX-108803
EV-TX-108804,EXT-10233,2026-09-24T12:00:00+05:30,transfer,Payment observed,Review payment evidence,TX-108804
EV-TX-108810,EXT-10233,2026-10-18T12:00:00+05:30,transfer,Payment observed,Review payment evidence,TX-108810
EV-TX-108813,EXT-10233,2026-10-23T12:00:00+05:30,transfer,Payment observed,Review payment evidence,TX-108813
EV-TX-108814,EXT-10233,2026-10-24T12:00:00+05:30,transfer,Payment observed,Review payment evidence,TX-108814
EV-TX-108820,EXT-10234,2026-08-04T12:00:00+05:30,transfer,Payment observed,Review payment evidence,TX-108820
EV-TX-108827,EXT-10234,2026-08-28T12:00:00+05:30,transfer,Payment observed,Review payment evidence,TX-108827
EV-TX-108829,EXT-10234,2026-09-04T12:00:00+05:30,transfer,Payment observed,Review payment evidence,TX-108829
EV-TX-108831,EXT-10234,2026-09-08T16:04:00+05:30,transfer,Payment observed,Review payment evidence,TX-108831
EV-TX-108832,EXT-10234,2026-09-08T16:08:00+05:30,transfer,Payment observed,Review payment evidence,TX-108832
EV-TX-108834,EXT-10234,2026-09-10T14:23:00+05:30,transfer,Payment observed,Review payment evidence,TX-108834
EV-TX-108835,EXT-10234,2026-09-10T14:31:00+05:30,transfer,Payment observed,Review payment evidence,TX-108835
EV-TX-108854,EXT-10235,2026-08-02T12:00:00+05:30,transfer,Payment observed,Review payment evidence,TX-108854
EV-TX-108856,EXT-10235,2026-08-04T12:00:00+05:30,transfer,Payment observed,Review payment evidence,TX-108856
EV-TX-108859,EXT-10235,2026-08-16T12:00:00+05:30,transfer,Payment observed,Review payment evidence,TX-108859
EV-TX-108861,EXT-10235,2026-08-24T12:00:00+05:30,transfer,Payment observed,Review payment evidence,TX-108861
EV-TX-108865,EXT-10235,2026-09-02T12:00:00+05:30,transfer,Payment observed,Review payment evidence,TX-108865
EV-TX-108867,EXT-10235,2026-09-04T12:00:00+05:30,transfer,Payment observed,Review payment evidence,TX-108867
EV-TX-108870,EXT-10235,2026-09-16T12:00:00+05:30,transfer,Payment observed,Review payment evidence,TX-108870
EV-TX-108872,EXT-10235,2026-09-24T12:00:00+05:30,transfer,Payment observed,Review payment evidence,TX-108872
EV-TX-108875,EXT-10235,2026-10-02T12:00:00+05:30,transfer,Payment observed,Review payment evidence,TX-108875
EV-TX-108877,EXT-10235,2026-10-04T12:00:00+05:30,transfer,Payment observed,Review payment evidence,TX-108877
EV-TX-108880,EXT-10235,2026-10-16T12:00:00+05:30,transfer,Payment observed,Review payment evidence,TX-108880
EV-TX-108887,EXT-10235,2026-11-02T12:00:00+05:30,transfer,Payment observed,Review payment evidence,TX-108887
EV-TX-108893,EXT-10236,2026-08-08T12:00:00+05:30,transfer,Payment observed,Review payment evidence,TX-108893
EV-TX-108895,EXT-10236,2026-08-11T12:00:00+05:30,transfer,Payment observed,Review payment evidence,TX-108895
EV-TX-108897,EXT-10236,2026-08-17T12:00:00+05:30,transfer,Payment observed,Review payment evidence,TX-108897
EV-TX-108899,EXT-10236,2026-08-25T12:00:00+05:30,transfer,Payment observed,Review payment evidence,TX-108899
EV-TX-108905,EXT-10236,2026-09-08T12:00:00+05:30,transfer,Payment observed,Review payment evidence,TX-108905
EV-TX-108907,EXT-10236,2026-09-09T16:18:00+05:30,transfer,Payment observed,Review payment evidence,TX-108907
EV-TX-108908,EXT-10236,2026-09-11T12:00:00+05:30,transfer,Payment observed,Review payment evidence,TX-108908
EV-TX-108918,EXT-10236,2026-10-08T12:00:00+05:30,transfer,Payment observed,Review payment evidence,TX-108918
EV-TX-108933,EXT-10237,2026-08-03T12:00:00+05:30,transfer,Payment observed,Review payment evidence,TX-108933
EV-TX-108935,EXT-10237,2026-08-09T12:00:00+05:30,transfer,Payment observed,Review payment evidence,TX-108935
EV-TX-108937,EXT-10237,2026-08-20T12:00:00+05:30,transfer,Payment observed,Review payment evidence,TX-108937
EV-TX-108939,EXT-10237,2026-08-24T12:00:00+05:30,transfer,Payment observed,Review payment evidence,TX-108939
EV-TX-108944,EXT-10237,2026-09-03T12:00:00+05:30,transfer,Payment observed,Review payment evidence,TX-108944
EV-TX-108946,EXT-10237,2026-09-09T12:00:00+05:30,transfer,Payment observed,Review payment evidence,TX-108946
EV-TX-108947,EXT-10237,2026-09-12T16:22:00+05:30,transfer,Payment observed,Review payment evidence,TX-108947
EV-TX-108948,EXT-10237,2026-09-12T16:29:00+05:30,transfer,Payment observed,Review payment evidence,TX-108948
EV-TX-108950,EXT-10237,2026-09-15T14:00:00+05:30,transfer,Payment observed,Review payment evidence,TX-108950
EV-TX-108951,EXT-10237,2026-09-15T14:03:00+05:30,transfer,Payment observed,Review payment evidence,TX-108951
EV-TX-108952,EXT-10237,2026-09-15T14:06:00+05:30,transfer,Payment observed,Review payment evidence,TX-108952
EV-TX-108953,EXT-10237,2026-09-15T14:14:00+05:30,transfer,Payment observed,Review payment evidence,TX-108953
EV-TX-108954,EXT-10237,2026-09-20T12:00:00+05:30,transfer,Payment observed,Review payment evidence,TX-108954
EV-TX-108956,EXT-10237,2026-09-24T12:00:00+05:30,transfer,Payment observed,Review payment evidence,TX-108956
EV-TX-108961,EXT-10237,2026-10-03T12:00:00+05:30,transfer,Payment observed,Review payment evidence,TX-108961
EV-TX-108963,EXT-10237,2026-10-09T12:00:00+05:30,transfer,Payment observed,Review payment evidence,TX-108963
EV-TX-108965,EXT-10237,2026-10-20T12:00:00+05:30,transfer,Payment observed,Review payment evidence,TX-108965
EV-TX-108967,EXT-10237,2026-10-24T12:00:00+05:30,transfer,Payment observed,Review payment evidence,TX-108967
EV-TX-108972,EXT-10237,2026-11-03T12:00:00+05:30,transfer,Payment observed,Review payment evidence,TX-108972
EV-TX-108976,EXT-10238,2026-08-11T12:00:00+05:30,transfer,Payment observed,Review payment evidence,TX-108976
EV-TX-108979,EXT-10238,2026-08-21T12:00:00+05:30,transfer,Payment observed,Review payment evidence,TX-108979
EV-TX-108986,EXT-10238,2026-09-09T14:00:00+05:30,transfer,Payment observed,Review payment evidence,TX-108986
EV-TX-108987,EXT-10238,2026-09-09T14:03:00+05:30,transfer,Payment observed,Review payment evidence,TX-108987
EV-TX-108988,EXT-10238,2026-09-09T14:06:00+05:30,transfer,Payment observed,Review payment evidence,TX-108988
EV-TX-108989,EXT-10238,2026-09-09T14:14:00+05:30,transfer,Payment observed,Review payment evidence,TX-108989
EV-TX-108990,EXT-10238,2026-09-11T12:00:00+05:30,transfer,Payment observed,Review payment evidence,TX-108990
EV-TX-108993,EXT-10238,2026-09-21T12:00:00+05:30,transfer,Payment observed,Review payment evidence,TX-108993
EV-TX-108995,EXT-10238,2026-09-24T12:00:00+05:30,transfer,Payment observed,Review payment evidence,TX-108995
EV-TX-109002,EXT-10238,2026-10-11T12:00:00+05:30,transfer,Payment observed,Review payment evidence,TX-109002
EV-TX-109005,EXT-10238,2026-10-21T12:00:00+05:30,transfer,Payment observed,Review payment evidence,TX-109005
EV-TX-109006,EXT-10238,2026-10-24T12:00:00+05:30,transfer,Payment observed,Review payment evidence,TX-109006
EV-TX-109009,EXT-10238,2026-10-27T12:00:00+05:30,transfer,Payment observed,Review payment evidence,TX-109009
EV-TX-109016,EXT-10239,2026-08-08T12:00:00+05:30,transfer,Payment observed,Review payment evidence,TX-109016
EV-TX-109018,EXT-10239,2026-08-13T12:00:00+05:30,transfer,Payment observed,Review payment evidence,TX-109018
EV-TX-109021,EXT-10239,2026-08-22T12:00:00+05:30,transfer,Payment observed,Review payment evidence,TX-109021
EV-TX-109028,EXT-10239,2026-09-08T12:00:00+05:30,transfer,Payment observed,Review payment evidence,TX-109028
EV-TX-109030,EXT-10239,2026-09-13T12:00:00+05:30,transfer,Payment observed,Review payment evidence,TX-109030
EV-TX-109032,EXT-10239,2026-09-19T15:09:00+05:30,transfer,Payment observed,Review payment evidence,TX-109032
EV-TX-109033,EXT-10239,2026-09-19T15:13:00+05:30,transfer,Payment observed,Review payment evidence,TX-109033
EV-TX-109041,EXT-10239,2026-10-08T12:00:00+05:30,transfer,Payment observed,Review payment evidence,TX-109041
EV-TX-109043,EXT-10239,2026-10-13T12:00:00+05:30,transfer,Payment observed,Review payment evidence,TX-109043
EV-TX-109046,EXT-10239,2026-10-22T12:00:00+05:30,transfer,Payment observed,Review payment evidence,TX-109046
EV-TX-109055,EXT-10240,2026-08-08T12:00:00+05:30,transfer,Payment observed,Review payment evidence,TX-109055
EV-TX-109057,EXT-10240,2026-08-09T12:00:00+05:30,transfer,Payment observed,Review payment evidence,TX-109057
EV-TX-109061,EXT-10240,2026-08-26T12:00:00+05:30,transfer,Payment observed,Review payment evidence,TX-109061
EV-TX-109064,EXT-10240,2026-09-08T12:00:00+05:30,transfer,Payment observed,Review payment evidence,TX-109064
EV-TX-109065,EXT-10240,2026-09-08T13:23:00+05:30,transfer,Payment observed,Review payment evidence,TX-109065
EV-TX-109066,EXT-10240,2026-09-08T13:32:00+05:30,transfer,Payment observed,Review payment evidence,TX-109066
EV-TX-109068,EXT-10240,2026-09-09T12:00:00+05:30,transfer,Payment observed,Review payment evidence,TX-109068
EV-TX-109070,EXT-10240,2026-09-17T14:35:00+05:30,transfer,Payment observed,Review payment evidence,TX-109070
EV-TX-109071,EXT-10240,2026-09-17T14:41:00+05:30,transfer,Payment observed,Review payment evidence,TX-109071
EV-TX-109072,EXT-10240,2026-09-17T14:45:00+05:30,transfer,Payment observed,Review payment evidence,TX-109072
EV-TX-109075,EXT-10240,2026-09-26T12:00:00+05:30,transfer,Payment observed,Review payment evidence,TX-109075
EV-TX-109078,EXT-10240,2026-10-08T12:00:00+05:30,transfer,Payment observed,Review payment evidence,TX-109078
EV-TX-109080,EXT-10240,2026-10-09T12:00:00+05:30,transfer,Payment observed,Review payment evidence,TX-109080
EV-TX-109084,EXT-10240,2026-10-26T12:00:00+05:30,transfer,Payment observed,Review payment evidence,TX-109084
EV-TX-109089,EXT-10241,2026-08-13T12:00:00+05:30,transfer,Payment observed,Review payment evidence,TX-109089
EV-TX-109091,EXT-10241,2026-08-17T12:00:00+05:30,transfer,Payment observed,Review payment evidence,TX-109091
EV-TX-109099,EXT-10241,2026-09-13T12:00:00+05:30,transfer,Payment observed,Review payment evidence,TX-109099
EV-TX-109100,EXT-10241,2026-09-14T15:08:00+05:30,transfer,Payment observed,Review payment evidence,TX-109100
EV-TX-109101,EXT-10241,2026-09-14T15:13:00+05:30,transfer,Payment observed,Review payment evidence,TX-109101
EV-TX-109103,EXT-10241,2026-09-17T12:00:00+05:30,transfer,Payment observed,Review payment evidence,TX-109103
EV-TX-109104,EXT-10241,2026-09-17T10:00:00+05:30,transfer,Payment observed,Review payment evidence,TX-109104
EV-TX-109112,EXT-10241,2026-10-13T12:00:00+05:30,transfer,Payment observed,Review payment evidence,TX-109112
EV-TX-109114,EXT-10241,2026-10-17T12:00:00+05:30,transfer,Payment observed,Review payment evidence,TX-109114
EV-TX-109125,EXT-10242,2026-08-10T12:00:00+05:30,transfer,Payment observed,Review payment evidence,TX-109125
EV-TX-109126,EXT-10242,2026-08-11T12:00:00+05:30,transfer,Payment observed,Review payment evidence,TX-109126
EV-TX-109127,EXT-10242,2026-08-12T12:00:00+05:30,transfer,Payment observed,Review payment evidence,TX-109127
EV-TX-109130,EXT-10242,2026-08-24T12:00:00+05:30,transfer,Payment observed,Review payment evidence,TX-109130
EV-TX-109136,EXT-10242,2026-09-10T12:00:00+05:30,transfer,Payment observed,Review payment evidence,TX-109136
EV-TX-109137,EXT-10242,2026-09-10T13:02:00+05:30,transfer,Payment observed,Review payment evidence,TX-109137
EV-TX-109138,EXT-10242,2026-09-10T13:12:00+05:30,transfer,Payment observed,Review payment evidence,TX-109138
EV-TX-109139,EXT-10242,2026-09-11T12:00:00+05:30,transfer,Payment observed,Review payment evidence,TX-109139
EV-TX-109140,EXT-10242,2026-09-12T12:00:00+05:30,transfer,Payment observed,Review payment evidence,TX-109140
EV-TX-109151,EXT-10242,2026-10-10T12:00:00+05:30,transfer,Payment observed,Review payment evidence,TX-109151
EV-TX-109152,EXT-10242,2026-10-11T12:00:00+05:30,transfer,Payment observed,Review payment evidence,TX-109152
EV-TX-109153,EXT-10242,2026-10-12T12:00:00+05:30,transfer,Payment observed,Review payment evidence,TX-109153
EV-TX-109156,EXT-10242,2026-10-24T12:00:00+05:30,transfer,Payment observed,Review payment evidence,TX-109156
EV-TX-109167,EXT-10243,2026-08-22T12:00:00+05:30,transfer,Payment observed,Review payment evidence,TX-109167
EV-TX-109169,EXT-10243,2026-08-25T12:00:00+05:30,transfer,Payment observed,Review payment evidence,TX-109169
EV-TX-109174,EXT-10243,2026-09-12T15:39:00+05:30,transfer,Payment observed,Review payment evidence,TX-109174
EV-TX-109175,EXT-10243,2026-09-12T15:43:00+05:30,transfer,Payment observed,Review payment evidence,TX-109175
EV-TX-109178,EXT-10243,2026-09-22T12:00:00+05:30,transfer,Payment observed,Review payment evidence,TX-109178
EV-TX-109180,EXT-10243,2026-09-25T12:00:00+05:30,transfer,Payment observed,Review payment evidence,TX-109180
EV-TX-109187,EXT-10243,2026-10-22T12:00:00+05:30,transfer,Payment observed,Review payment evidence,TX-109187
EV-TX-109189,EXT-10243,2026-10-25T12:00:00+05:30,transfer,Payment observed,Review payment evidence,TX-109189
EV-TX-109197,EXT-10244,2026-08-09T12:00:00+05:30,transfer,Payment observed,Review payment evidence,TX-109197
EV-TX-109199,EXT-10244,2026-08-15T12:00:00+05:30,transfer,Payment observed,Review payment evidence,TX-109199
EV-TX-109206,EXT-10244,2026-09-09T12:00:00+05:30,transfer,Payment observed,Review payment evidence,TX-109206
EV-TX-109207,EXT-10244,2026-09-14T14:20:00+05:30,transfer,Payment observed,Review payment evidence,TX-109207
EV-TX-109208,EXT-10244,2026-09-14T14:23:00+05:30,transfer,Payment observed,Review payment evidence,TX-109208
EV-TX-109210,EXT-10244,2026-09-15T12:00:00+05:30,transfer,Payment observed,Review payment evidence,TX-109210
EV-TX-109221,EXT-10244,2026-10-09T12:00:00+05:30,transfer,Payment observed,Review payment evidence,TX-109221
EV-TX-109223,EXT-10244,2026-10-15T12:00:00+05:30,transfer,Payment observed,Review payment evidence,TX-109223
EV-TX-109232,EXT-10245,2026-08-06T12:00:00+05:30,transfer,Payment observed,Review payment evidence,TX-109232
EV-TX-109234,EXT-10245,2026-08-13T12:00:00+05:30,transfer,Payment observed,Review payment evidence,TX-109234
EV-TX-109236,EXT-10245,2026-08-19T12:00:00+05:30,transfer,Payment observed,Review payment evidence,TX-109236
EV-TX-109237,EXT-10245,2026-08-20T12:00:00+05:30,transfer,Payment observed,Review payment evidence,TX-109237
EV-TX-109243,EXT-10245,2026-09-06T12:00:00+05:30,transfer,Payment observed,Review payment evidence,TX-109243
EV-TX-109245,EXT-10245,2026-09-13T12:00:00+05:30,transfer,Payment observed,Review payment evidence,TX-109245
EV-TX-109247,EXT-10245,2026-09-19T12:00:00+05:30,transfer,Payment observed,Review payment evidence,TX-109247
EV-TX-109248,EXT-10245,2026-09-20T12:00:00+05:30,transfer,Payment observed,Review payment evidence,TX-109248
EV-TX-109254,EXT-10245,2026-10-06T12:00:00+05:30,transfer,Payment observed,Review payment evidence,TX-109254
EV-TX-109256,EXT-10245,2026-10-13T12:00:00+05:30,transfer,Payment observed,Review payment evidence,TX-109256
EV-TX-109258,EXT-10245,2026-10-19T12:00:00+05:30,transfer,Payment observed,Review payment evidence,TX-109258
EV-TX-109259,EXT-10245,2026-10-20T12:00:00+05:30,transfer,Payment observed,Review payment evidence,TX-109259
EV-TX-109267,EXT-10246,2026-08-02T12:00:00+05:30,transfer,Payment observed,Review payment evidence,TX-109267
EV-TX-109270,EXT-10246,2026-08-13T12:00:00+05:30,transfer,Payment observed,Review payment evidence,TX-109270
EV-TX-109272,EXT-10246,2026-08-16T12:00:00+05:30,transfer,Payment observed,Review payment evidence,TX-109272
EV-TX-109273,EXT-10246,2026-08-17T12:00:00+05:30,transfer,Payment observed,Review payment evidence,TX-109273
EV-TX-109278,EXT-10246,2026-09-02T12:00:00+05:30,transfer,Payment observed,Review payment evidence,TX-109278
EV-TX-109281,EXT-10246,2026-09-13T12:00:00+05:30,transfer,Payment observed,Review payment evidence,TX-109281
EV-TX-109282,EXT-10246,2026-09-13T14:56:00+05:30,transfer,Payment observed,Review payment evidence,TX-109282
EV-TX-109283,EXT-10246,2026-09-13T15:05:00+05:30,transfer,Payment observed,Review payment evidence,TX-109283
EV-TX-109285,EXT-10246,2026-09-16T12:00:00+05:30,transfer,Payment observed,Review payment evidence,TX-109285
EV-TX-109292,EXT-10246,2026-10-02T12:00:00+05:30,transfer,Payment observed,Review payment evidence,TX-109292
EV-TX-109304,EXT-10246,2026-11-02T12:00:00+05:30,transfer,Payment observed,Review payment evidence,TX-109304
EV-TX-109309,EXT-10247,2026-08-02T12:00:00+05:30,transfer,Payment observed,Review payment evidence,TX-109309
EV-TX-109313,EXT-10247,2026-08-09T12:00:00+05:30,transfer,Payment observed,Review payment evidence,TX-109313
EV-TX-109314,EXT-10247,2026-08-12T12:00:00+05:30,transfer,Payment observed,Review payment evidence,TX-109314
EV-TX-109317,EXT-10247,2026-08-21T12:00:00+05:30,transfer,Payment observed,Review payment evidence,TX-109317
EV-TX-109320,EXT-10247,2026-09-02T12:00:00+05:30,transfer,Payment observed,Review payment evidence,TX-109320
EV-TX-109323,EXT-10247,2026-09-09T12:00:00+05:30,transfer,Payment observed,Review payment evidence,TX-109323
EV-TX-109324,EXT-10247,2026-09-12T12:00:00+05:30,transfer,Payment observed,Review payment evidence,TX-109324
EV-TX-109327,EXT-10247,2026-09-21T12:00:00+05:30,transfer,Payment observed,Review payment evidence,TX-109327
EV-TX-109335,EXT-10247,2026-10-09T12:00:00+05:30,transfer,Payment observed,Review payment evidence,TX-109335
EV-TX-109336,EXT-10247,2026-10-12T12:00:00+05:30,transfer,Payment observed,Review payment evidence,TX-109336
EV-TX-109350,EXT-10248,2026-08-09T12:00:00+05:30,transfer,Payment observed,Review payment evidence,TX-109350
EV-TX-109353,EXT-10248,2026-08-23T12:00:00+05:30,transfer,Payment observed,Review payment evidence,TX-109353
EV-TX-109359,EXT-10248,2026-09-09T12:00:00+05:30,transfer,Payment observed,Review payment evidence,TX-109359
EV-TX-109360,EXT-10248,2026-09-13T13:51:00+05:30,transfer,Payment observed,Review payment evidence,TX-109360
EV-TX-109361,EXT-10248,2026-09-13T14:00:00+05:30,transfer,Payment observed,Review payment evidence,TX-109361
EV-TX-109363,EXT-10248,2026-09-16T13:40:00+05:30,transfer,Payment observed,Review payment evidence,TX-109363
EV-TX-109364,EXT-10248,2026-09-16T13:49:00+05:30,transfer,Payment observed,Review payment evidence,TX-109364
EV-TX-109366,EXT-10248,2026-09-23T12:00:00+05:30,transfer,Payment observed,Review payment evidence,TX-109366
EV-TX-109374,EXT-10248,2026-10-09T12:00:00+05:30,transfer,Payment observed,Review payment evidence,TX-109374
EV-TX-109387,EXT-10249,2026-08-10T12:00:00+05:30,transfer,Payment observed,Review payment evidence,TX-109387
EV-TX-109388,EXT-10249,2026-08-12T12:00:00+05:30,transfer,Payment observed,Review payment evidence,TX-109388
EV-TX-109390,EXT-10249,2026-08-20T12:00:00+05:30,transfer,Payment observed,Review payment evidence,TX-109390
EV-TX-109398,EXT-10249,2026-09-10T12:00:00+05:30,transfer,Payment observed,Review payment evidence,TX-109398
EV-TX-109399,EXT-10249,2026-09-12T12:00:00+05:30,transfer,Payment observed,Review payment evidence,TX-109399
EV-TX-109401,EXT-10249,2026-09-15T14:00:00+05:30,transfer,Payment observed,Review payment evidence,TX-109401
EV-TX-109402,EXT-10249,2026-09-15T14:03:00+05:30,transfer,Payment observed,Review payment evidence,TX-109402
EV-TX-109403,EXT-10249,2026-09-15T14:06:00+05:30,transfer,Payment observed,Review payment evidence,TX-109403
EV-TX-109404,EXT-10249,2026-09-15T14:14:00+05:30,transfer,Payment observed,Review payment evidence,TX-109404
EV-TX-109405,EXT-10249,2026-09-20T12:00:00+05:30,transfer,Payment observed,Review payment evidence,TX-109405
EV-TX-109415,EXT-10249,2026-10-10T12:00:00+05:30,transfer,Payment observed,Review payment evidence,TX-109415
EV-TX-109416,EXT-10249,2026-10-12T12:00:00+05:30,transfer,Payment observed,Review payment evidence,TX-109416
EV-TX-109418,EXT-10249,2026-10-20T12:00:00+05:30,transfer,Payment observed,Review payment evidence,TX-109418
EV-TX-109430,EXT-10250,2026-08-20T12:00:00+05:30,transfer,Payment observed,Review payment evidence,TX-109430
EV-TX-109432,EXT-10250,2026-08-21T12:00:00+05:30,transfer,Payment observed,Review payment evidence,TX-109432
EV-TX-109433,EXT-10250,2026-08-24T12:00:00+05:30,transfer,Payment observed,Review payment evidence,TX-109433
EV-TX-109435,EXT-10250,2026-08-26T12:00:00+05:30,transfer,Payment observed,Review payment evidence,TX-109435
EV-TX-109438,EXT-10250,2026-09-08T14:00:00+05:30,transfer,Payment observed,Review payment evidence,TX-109438
EV-TX-109439,EXT-10250,2026-09-08T14:03:00+05:30,transfer,Payment observed,Review payment evidence,TX-109439
EV-TX-109440,EXT-10250,2026-09-08T14:06:00+05:30,transfer,Payment observed,Review payment evidence,TX-109440
EV-TX-109441,EXT-10250,2026-09-08T14:14:00+05:30,transfer,Payment observed,Review payment evidence,TX-109441
EV-TX-109443,EXT-10250,2026-09-13T13:02:00+05:30,transfer,Payment observed,Review payment evidence,TX-109443
EV-TX-109444,EXT-10250,2026-09-13T13:11:00+05:30,transfer,Payment observed,Review payment evidence,TX-109444
EV-TX-109446,EXT-10250,2026-09-20T12:00:00+05:30,transfer,Payment observed,Review payment evidence,TX-109446
EV-TX-109448,EXT-10250,2026-09-21T12:00:00+05:30,transfer,Payment observed,Review payment evidence,TX-109448
EV-TX-109449,EXT-10250,2026-09-24T12:00:00+05:30,transfer,Payment observed,Review payment evidence,TX-109449
EV-TX-109451,EXT-10250,2026-09-26T12:00:00+05:30,transfer,Payment observed,Review payment evidence,TX-109451
EV-TX-109456,EXT-10250,2026-10-20T12:00:00+05:30,transfer,Payment observed,Review payment evidence,TX-109456
EV-TX-109458,EXT-10250,2026-10-21T12:00:00+05:30,transfer,Payment observed,Review payment evidence,TX-109458
EV-TX-109459,EXT-10250,2026-10-24T12:00:00+05:30,transfer,Payment observed,Review payment evidence,TX-109459
EV-TX-109461,EXT-10250,2026-10-26T12:00:00+05:30,transfer,Payment observed,Review payment evidence,TX-109461
EV-TX-109465,EXT-10251,2026-08-07T12:00:00+05:30,transfer,Payment observed,Review payment evidence,TX-109465
EV-TX-109474,EXT-10251,2026-08-28T12:00:00+05:30,transfer,Payment observed,Review payment evidence,TX-109474
EV-TX-109478,EXT-10251,2026-09-07T12:00:00+05:30,transfer,Payment observed,Review payment evidence,TX-109478
EV-TX-109479,EXT-10251,2026-09-08T14:25:00+05:30,transfer,Payment observed,Review payment evidence,TX-109479
EV-TX-109480,EXT-10251,2026-09-08T14:33:00+05:30,transfer,Payment observed,Review payment evidence,TX-109480
EV-TX-109481,EXT-10251,2026-09-08T14:33:00+05:30,transfer,Payment observed,Review payment evidence,TX-109481
EV-TX-109482,EXT-10251,2026-09-08T13:46:00+05:30,transfer,Payment observed,Review payment evidence,TX-109482
EV-TX-109484,EXT-10251,2026-09-14T15:51:00+05:30,transfer,Payment observed,Review payment evidence,TX-109484
EV-TX-109485,EXT-10251,2026-09-14T15:58:00+05:30,transfer,Payment observed,Review payment evidence,TX-109485
EV-TX-109493,EXT-10251,2026-09-28T12:00:00+05:30,transfer,Payment observed,Review payment evidence,TX-109493
EV-TX-109497,EXT-10251,2026-10-07T12:00:00+05:30,transfer,Payment observed,Review payment evidence,TX-109497
EV-TX-109506,EXT-10251,2026-10-28T12:00:00+05:30,transfer,Payment observed,Review payment evidence,TX-109506
EV-TX-109515,EXT-10252,2026-08-18T12:00:00+05:30,transfer,Payment observed,Review payment evidence,TX-109515
EV-TX-109517,EXT-10252,2026-08-23T12:00:00+05:30,transfer,Payment observed,Review payment evidence,TX-109517
EV-TX-109519,EXT-10252,2026-08-28T12:00:00+05:30,transfer,Payment observed,Review payment evidence,TX-109519
EV-TX-109525,EXT-10252,2026-09-16T17:15:00+05:30,transfer,Payment observed,Review payment evidence,TX-109525
EV-TX-109526,EXT-10252,2026-09-18T12:00:00+05:30,transfer,Payment observed,Review payment evidence,TX-109526
EV-TX-109528,EXT-10252,2026-09-23T12:00:00+05:30,transfer,Payment observed,Review payment evidence,TX-109528
EV-TX-109530,EXT-10252,2026-09-28T12:00:00+05:30,transfer,Payment observed,Review payment evidence,TX-109530
EV-TX-109536,EXT-10252,2026-10-18T12:00:00+05:30,transfer,Payment observed,Review payment evidence,TX-109536
EV-TX-109538,EXT-10252,2026-10-23T12:00:00+05:30,transfer,Payment observed,Review payment evidence,TX-109538
EV-TX-109540,EXT-10252,2026-10-28T12:00:00+05:30,transfer,Payment observed,Review payment evidence,TX-109540
EV-TX-109547,EXT-10253,2026-08-05T12:00:00+05:30,transfer,Payment observed,Review payment evidence,TX-109547
EV-TX-109548,EXT-10253,2026-08-08T12:00:00+05:30,transfer,Payment observed,Review payment evidence,TX-109548
EV-TX-109550,EXT-10253,2026-08-11T12:00:00+05:30,transfer,Payment observed,Review payment evidence,TX-109550
EV-TX-109557,EXT-10253,2026-09-05T12:00:00+05:30,transfer,Payment observed,Review payment evidence,TX-109557
EV-TX-109558,EXT-10253,2026-09-08T12:00:00+05:30,transfer,Payment observed,Review payment evidence,TX-109558
EV-TX-109559,EXT-10253,2026-09-08T14:03:00+05:30,transfer,Payment observed,Review payment evidence,TX-109559
EV-TX-109560,EXT-10253,2026-09-08T14:13:00+05:30,transfer,Payment observed,Review payment evidence,TX-109560
EV-TX-109561,EXT-10253,2026-09-08T17:01:00+05:30,transfer,Payment observed,Review payment evidence,TX-109561
EV-TX-109562,EXT-10253,2026-09-08T17:11:00+05:30,transfer,Payment observed,Review payment evidence,TX-109562
EV-TX-109563,EXT-10253,2026-09-08T17:21:00+05:30,transfer,Payment observed,Review payment evidence,TX-109563
EV-TX-109565,EXT-10253,2026-09-11T12:00:00+05:30,transfer,Payment observed,Review payment evidence,TX-109565
EV-TX-109566,EXT-10253,2026-09-11T10:00:00+05:30,transfer,Payment observed,Review payment evidence,TX-109566
EV-TX-109574,EXT-10253,2026-10-05T12:00:00+05:30,transfer,Payment observed,Review payment evidence,TX-109574
EV-TX-109575,EXT-10253,2026-10-08T12:00:00+05:30,transfer,Payment observed,Review payment evidence,TX-109575
EV-TX-109577,EXT-10253,2026-10-11T12:00:00+05:30,transfer,Payment observed,Review payment evidence,TX-109577
EV-TX-109587,EXT-10253,2026-11-05T12:00:00+05:30,transfer,Payment observed,Review payment evidence,TX-109587
EV-TX-109592,EXT-10254,2026-08-10T12:00:00+05:30,transfer,Payment observed,Review payment evidence,TX-109592
EV-TX-109597,EXT-10254,2026-08-26T12:00:00+05:30,transfer,Payment observed,Review payment evidence,TX-109597
EV-TX-109601,EXT-10254,2026-09-10T12:00:00+05:30,transfer,Payment observed,Review payment evidence,TX-109601
EV-TX-109603,EXT-10254,2026-09-15T13:01:00+05:30,transfer,Payment observed,Review payment evidence,TX-109603
EV-TX-109604,EXT-10254,2026-09-15T13:05:00+05:30,transfer,Payment observed,Review payment evidence,TX-109604
EV-TX-109605,EXT-10254,2026-09-16T13:48:00+05:30,transfer,Payment observed,Review payment evidence,TX-109605
EV-TX-109609,EXT-10254,2026-09-26T12:00:00+05:30,transfer,Payment observed,Review payment evidence,TX-109609
EV-TX-109613,EXT-10254,2026-10-10T12:00:00+05:30,transfer,Payment observed,Review payment evidence,TX-109613
EV-TX-109618,EXT-10254,2026-10-26T12:00:00+05:30,transfer,Payment observed,Review payment evidence,TX-109618
EV-TX-109624,EXT-10255,2026-08-07T12:00:00+05:30,transfer,Payment observed,Review payment evidence,TX-109624
EV-TX-109627,EXT-10255,2026-08-16T12:00:00+05:30,transfer,Payment observed,Review payment evidence,TX-109627
EV-TX-109629,EXT-10255,2026-08-25T12:00:00+05:30,transfer,Payment observed,Review payment evidence,TX-109629
EV-TX-109632,EXT-10255,2026-08-28T12:00:00+05:30,transfer,Payment observed,Review payment evidence,TX-109632
EV-TX-109635,EXT-10255,2026-09-07T12:00:00+05:30,transfer,Payment observed,Review payment evidence,TX-109635
EV-TX-109638,EXT-10255,2026-09-16T12:00:00+05:30,transfer,Payment observed,Review payment evidence,TX-109638
EV-TX-109639,EXT-10255,2026-09-20T17:15:00+05:30,transfer,Payment observed,Review payment evidence,TX-109639
EV-TX-109640,EXT-10255,2026-09-20T17:20:00+05:30,transfer,Payment observed,Review payment evidence,TX-109640
EV-TX-109642,EXT-10255,2026-09-25T12:00:00+05:30,transfer,Payment observed,Review payment evidence,TX-109642
EV-TX-109645,EXT-10255,2026-09-28T12:00:00+05:30,transfer,Payment observed,Review payment evidence,TX-109645
EV-TX-109648,EXT-10255,2026-10-07T12:00:00+05:30,transfer,Payment observed,Review payment evidence,TX-109648
EV-TX-109651,EXT-10255,2026-10-16T12:00:00+05:30,transfer,Payment observed,Review payment evidence,TX-109651
EV-TX-109653,EXT-10255,2026-10-25T12:00:00+05:30,transfer,Payment observed,Review payment evidence,TX-109653
EV-TX-109656,EXT-10255,2026-10-28T12:00:00+05:30,transfer,Payment observed,Review payment evidence,TX-109656
EV-TX-109662,EXT-10256,2026-08-03T12:00:00+05:30,transfer,Payment observed,Review payment evidence,TX-109662
EV-TX-109665,EXT-10256,2026-08-17T12:00:00+05:30,transfer,Payment observed,Review payment evidence,TX-109665
EV-TX-109669,EXT-10256,2026-08-28T12:00:00+05:30,transfer,Payment observed,Review payment evidence,TX-109669
EV-TX-109672,EXT-10256,2026-09-03T12:00:00+05:30,transfer,Payment observed,Review payment evidence,TX-109672
EV-TX-109674,EXT-10256,2026-09-09T15:20:00+05:30,transfer,Payment observed,Review payment evidence,TX-109674
EV-TX-109675,EXT-10256,2026-09-09T15:23:00+05:30,transfer,Payment observed,Review payment evidence,TX-109675
EV-TX-109677,EXT-10256,2026-09-17T12:00:00+05:30,transfer,Payment observed,Review payment evidence,TX-109677
EV-TX-109685,EXT-10256,2026-10-03T12:00:00+05:30,transfer,Payment observed,Review payment evidence,TX-109685
EV-TX-109688,EXT-10256,2026-10-17T12:00:00+05:30,transfer,Payment observed,Review payment evidence,TX-109688
EV-TX-109691,EXT-10256,2026-10-28T12:00:00+05:30,transfer,Payment observed,Review payment evidence,TX-109691
EV-TX-109695,EXT-10256,2026-11-03T12:00:00+05:30,transfer,Payment observed,Review payment evidence,TX-109695
EV-TX-109699,EXT-10257,2026-08-13T12:00:00+05:30,transfer,Payment observed,Review payment evidence,TX-109699
EV-TX-109702,EXT-10257,2026-08-25T12:00:00+05:30,transfer,Payment observed,Review payment evidence,TX-109702
EV-TX-109708,EXT-10257,2026-09-10T15:38:00+05:30,transfer,Payment observed,Review payment evidence,TX-109708
EV-TX-109709,EXT-10257,2026-09-10T15:41:00+05:30,transfer,Payment observed,Review payment evidence,TX-109709
EV-TX-109710,EXT-10257,2026-09-13T12:00:00+05:30,transfer,Payment observed,Review payment evidence,TX-109710
EV-TX-109713,EXT-10257,2026-09-25T12:00:00+05:30,transfer,Payment observed,Review payment evidence,TX-109713
EV-TX-109719,EXT-10257,2026-10-13T12:00:00+05:30,transfer,Payment observed,Review payment evidence,TX-109719
EV-TX-109722,EXT-10257,2026-10-25T12:00:00+05:30,transfer,Payment observed,Review payment evidence,TX-109722
EV-TX-109729,EXT-10258,2026-08-08T12:00:00+05:30,transfer,Payment observed,Review payment evidence,TX-109729
EV-TX-109734,EXT-10258,2026-08-21T12:00:00+05:30,transfer,Payment observed,Review payment evidence,TX-109734
EV-TX-109738,EXT-10258,2026-09-08T12:00:00+05:30,transfer,Payment observed,Review payment evidence,TX-109738
EV-TX-109741,EXT-10258,2026-09-16T17:09:00+05:30,transfer,Payment observed,Review payment evidence,TX-109741
EV-TX-109742,EXT-10258,2026-09-16T17:15:00+05:30,transfer,Payment observed,Review payment evidence,TX-109742
EV-TX-109743,EXT-10258,2026-09-16T17:15:00+05:30,transfer,Payment observed,Review payment evidence,TX-109743
EV-TX-109746,EXT-10258,2026-09-21T12:00:00+05:30,transfer,Payment observed,Review payment evidence,TX-109746
EV-TX-109750,EXT-10258,2026-10-08T12:00:00+05:30,transfer,Payment observed,Review payment evidence,TX-109750
EV-TX-109755,EXT-10258,2026-10-21T12:00:00+05:30,transfer,Payment observed,Review payment evidence,TX-109755
EV-TX-109764,EXT-10259,2026-08-09T12:00:00+05:30,transfer,Payment observed,Review payment evidence,TX-109764
EV-TX-109766,EXT-10259,2026-08-20T12:00:00+05:30,transfer,Payment observed,Review payment evidence,TX-109766
EV-TX-109768,EXT-10259,2026-08-22T12:00:00+05:30,transfer,Payment observed,Review payment evidence,TX-109768
EV-TX-109771,EXT-10259,2026-08-26T12:00:00+05:30,transfer,Payment observed,Review payment evidence,TX-109771
EV-TX-109774,EXT-10259,2026-09-09T12:00:00+05:30,transfer,Payment observed,Review payment evidence,TX-109774
EV-TX-109775,EXT-10259,2026-09-10T13:22:00+05:30,transfer,Payment observed,Review payment evidence,TX-109775
EV-TX-109776,EXT-10259,2026-09-10T13:27:00+05:30,transfer,Payment observed,Review payment evidence,TX-109776
EV-TX-109778,EXT-10259,2026-09-20T12:00:00+05:30,transfer,Payment observed,Review payment evidence,TX-109778
EV-TX-109780,EXT-10259,2026-09-22T12:00:00+05:30,transfer,Payment observed,Review payment evidence,TX-109780
EV-TX-109788,EXT-10259,2026-10-09T12:00:00+05:30,transfer,Payment observed,Review payment evidence,TX-109788
EV-TX-109802,EXT-10260,2026-08-17T12:00:00+05:30,transfer,Payment observed,Review payment evidence,TX-109802
EV-TX-109803,EXT-10260,2026-08-18T12:00:00+05:30,transfer,Payment observed,Review payment evidence,TX-109803
EV-TX-109805,EXT-10260,2026-08-21T12:00:00+05:30,transfer,Payment observed,Review payment evidence,TX-109805
EV-TX-109811,EXT-10260,2026-09-17T12:00:00+05:30,transfer,Payment observed,Review payment evidence,TX-109811
EV-TX-109812,EXT-10260,2026-09-18T12:00:00+05:30,transfer,Payment observed,Review payment evidence,TX-109812
EV-TX-109813,EXT-10260,2026-09-18T13:22:00+05:30,transfer,Payment observed,Review payment evidence,TX-109813
EV-TX-109814,EXT-10260,2026-09-18T13:27:00+05:30,transfer,Payment observed,Review payment evidence,TX-109814
EV-TX-109816,EXT-10260,2026-09-21T12:00:00+05:30,transfer,Payment observed,Review payment evidence,TX-109816
EV-TX-109822,EXT-10260,2026-10-17T12:00:00+05:30,transfer,Payment observed,Review payment evidence,TX-109822
EV-TX-109823,EXT-10260,2026-10-18T12:00:00+05:30,transfer,Payment observed,Review payment evidence,TX-109823
EV-TX-109825,EXT-10260,2026-10-21T12:00:00+05:30,transfer,Payment observed,Review payment evidence,TX-109825
EV-TX-109831,EXT-10261,2026-08-04T12:00:00+05:30,transfer,Payment observed,Review payment evidence,TX-109831
EV-TX-109832,EXT-10261,2026-08-05T12:00:00+05:30,transfer,Payment observed,Review payment evidence,TX-109832
EV-TX-109843,EXT-10261,2026-09-04T12:00:00+05:30,transfer,Payment observed,Review payment evidence,TX-109843
EV-TX-109844,EXT-10261,2026-09-05T12:00:00+05:30,transfer,Payment observed,Review payment evidence,TX-109844
EV-TX-109845,EXT-10261,2026-09-08T14:57:00+05:30,transfer,Payment observed,Review payment evidence,TX-109845
EV-TX-109846,EXT-10261,2026-09-08T15:01:00+05:30,transfer,Payment observed,Review payment evidence,TX-109846
EV-TX-109849,EXT-10261,2026-09-19T14:00:00+05:30,transfer,Payment observed,Review payment evidence,TX-109849
EV-TX-109850,EXT-10261,2026-09-19T14:03:00+05:30,transfer,Payment observed,Review payment evidence,TX-109850
EV-TX-109851,EXT-10261,2026-09-19T14:06:00+05:30,transfer,Payment observed,Review payment evidence,TX-109851
EV-TX-109852,EXT-10261,2026-09-19T14:14:00+05:30,transfer,Payment observed,Review payment evidence,TX-109852
EV-TX-109860,EXT-10261,2026-10-04T12:00:00+05:30,transfer,Payment observed,Review payment evidence,TX-109860
EV-TX-109861,EXT-10261,2026-10-05T12:00:00+05:30,transfer,Payment observed,Review payment evidence,TX-109861
EV-TX-109871,EXT-10261,2026-11-04T12:00:00+05:30,transfer,Payment observed,Review payment evidence,TX-109871
EV-TX-109872,EXT-10261,2026-11-05T12:00:00+05:30,transfer,Payment observed,Review payment evidence,TX-109872
EV-TX-109878,EXT-10262,2026-08-11T12:00:00+05:30,transfer,Payment observed,Review payment evidence,TX-109878
EV-TX-109880,EXT-10262,2026-08-15T12:00:00+05:30,transfer,Payment observed,Review payment evidence,TX-109880
EV-TX-109882,EXT-10262,2026-08-22T12:00:00+05:30,transfer,Payment observed,Review payment evidence,TX-109882
EV-TX-109888,EXT-10262,2026-09-11T12:00:00+05:30,transfer,Payment observed,Review payment evidence,TX-109888
EV-TX-109890,EXT-10262,2026-09-15T12:00:00+05:30,transfer,Payment observed,Review payment evidence,TX-109890
EV-TX-109891,EXT-10262,2026-09-20T14:00:00+05:30,transfer,Payment observed,Review payment evidence,TX-109891
EV-TX-109892,EXT-10262,2026-09-20T14:03:00+05:30,transfer,Payment observed,Review payment evidence,TX-109892
EV-TX-109893,EXT-10262,2026-09-20T14:06:00+05:30,transfer,Payment observed,Review payment evidence,TX-109893
EV-TX-109894,EXT-10262,2026-09-20T14:14:00+05:30,transfer,Payment observed,Review payment evidence,TX-109894
EV-TX-109896,EXT-10262,2026-09-22T12:00:00+05:30,transfer,Payment observed,Review payment evidence,TX-109896
EV-TX-109902,EXT-10262,2026-10-11T12:00:00+05:30,transfer,Payment observed,Review payment evidence,TX-109902
EV-TX-109904,EXT-10262,2026-10-15T12:00:00+05:30,transfer,Payment observed,Review payment evidence,TX-109904
EV-TX-109906,EXT-10262,2026-10-22T12:00:00+05:30,transfer,Payment observed,Review payment evidence,TX-109906
EV-TX-109915,EXT-10263,2026-08-11T12:00:00+05:30,transfer,Payment observed,Review payment evidence,TX-109915
EV-TX-109916,EXT-10263,2026-08-14T12:00:00+05:30,transfer,Payment observed,Review payment evidence,TX-109916
EV-TX-109918,EXT-10263,2026-08-18T12:00:00+05:30,transfer,Payment observed,Review payment evidence,TX-109918
EV-TX-109921,EXT-10263,2026-08-25T12:00:00+05:30,transfer,Payment observed,Review payment evidence,TX-109921
EV-TX-109926,EXT-10263,2026-09-09T17:06:00+05:30,transfer,Payment observed,Review payment evidence,TX-109926
EV-TX-109927,EXT-10263,2026-09-09T17:16:00+05:30,transfer,Payment observed,Review payment evidence,TX-109927
EV-TX-109928,EXT-10263,2026-09-11T12:00:00+05:30,transfer,Payment observed,Review payment evidence,TX-109928
EV-TX-109929,EXT-10263,2026-09-12T15:43:00+05:30,transfer,Payment observed,Review payment evidence,TX-109929
EV-TX-109930,EXT-10263,2026-09-12T15:48:00+05:30,transfer,Payment observed,Review payment evidence,TX-109930
EV-TX-109931,EXT-10263,2026-09-12T15:49:00+05:30,transfer,Payment observed,Review payment evidence,TX-109931
EV-TX-109932,EXT-10263,2026-09-14T12:00:00+05:30,transfer,Payment observed,Review payment evidence,TX-109932
EV-TX-109934,EXT-10263,2026-09-15T16:21:00+05:30,transfer,Payment observed,Review payment evidence,TX-109934
EV-TX-109935,EXT-10263,2026-09-15T16:27:00+05:30,transfer,Payment observed,Review payment evidence,TX-109935
EV-TX-109936,EXT-10263,2026-09-18T12:00:00+05:30,transfer,Payment observed,Review payment evidence,TX-109936
EV-TX-109939,EXT-10263,2026-09-25T12:00:00+05:30,transfer,Payment observed,Review payment evidence,TX-109939
EV-TX-109946,EXT-10263,2026-10-11T12:00:00+05:30,transfer,Payment observed,Review payment evidence,TX-109946
EV-TX-109947,EXT-10263,2026-10-14T12:00:00+05:30,transfer,Payment observed,Review payment evidence,TX-109947
EV-TX-109949,EXT-10263,2026-10-18T12:00:00+05:30,transfer,Payment observed,Review payment evidence,TX-109949
EV-TX-109952,EXT-10263,2026-10-25T12:00:00+05:30,transfer,Payment observed,Review payment evidence,TX-109952
EV-TX-109960,EXT-10264,2026-08-10T12:00:00+05:30,transfer,Payment observed,Review payment evidence,TX-109960
EV-TX-109961,EXT-10264,2026-08-13T12:00:00+05:30,transfer,Payment observed,Review payment evidence,TX-109961
EV-TX-109963,EXT-10264,2026-08-16T12:00:00+05:30,transfer,Payment observed,Review payment evidence,TX-109963
EV-TX-109964,EXT-10264,2026-08-19T12:00:00+05:30,transfer,Payment observed,Review payment evidence,TX-109964
EV-TX-109971,EXT-10264,2026-09-10T12:00:00+05:30,transfer,Payment observed,Review payment evidence,TX-109971
EV-TX-109972,EXT-10264,2026-09-10T14:46:00+05:30,transfer,Payment observed,Review payment evidence,TX-109972
EV-TX-109973,EXT-10264,2026-09-10T14:53:00+05:30,transfer,Payment observed,Review payment evidence,TX-109973
EV-TX-109974,EXT-10264,2026-09-10T14:54:00+05:30,transfer,Payment observed,Review payment evidence,TX-109974
EV-TX-109975,EXT-10264,2026-09-13T12:00:00+05:30,transfer,Payment observed,Review payment evidence,TX-109975
EV-TX-109977,EXT-10264,2026-09-15T13:47:00+05:30,transfer,Payment observed,Review payment evidence,TX-109977
EV-TX-109978,EXT-10264,2026-09-15T13:52:00+05:30,transfer,Payment observed,Review payment evidence,TX-109978
EV-TX-109979,EXT-10264,2026-09-16T12:00:00+05:30,transfer,Payment observed,Review payment evidence,TX-109979
EV-TX-109980,EXT-10264,2026-09-19T12:00:00+05:30,transfer,Payment observed,Review payment evidence,TX-109980
EV-TX-109987,EXT-10264,2026-10-10T12:00:00+05:30,transfer,Payment observed,Review payment evidence,TX-109987
EV-TX-109988,EXT-10264,2026-10-13T12:00:00+05:30,transfer,Payment observed,Review payment evidence,TX-109988
EV-TX-109990,EXT-10264,2026-10-16T12:00:00+05:30,transfer,Payment observed,Review payment evidence,TX-109990
EV-TX-109991,EXT-10264,2026-10-19T12:00:00+05:30,transfer,Payment observed,Review payment evidence,TX-109991
EV-TX-110000,EXT-10265,2026-08-06T12:00:00+05:30,transfer,Payment observed,Review payment evidence,TX-110000
EV-TX-110003,EXT-10265,2026-08-15T12:00:00+05:30,transfer,Payment observed,Review payment evidence,TX-110003
EV-TX-110005,EXT-10265,2026-08-21T12:00:00+05:30,transfer,Payment observed,Review payment evidence,TX-110005
EV-TX-110010,EXT-10265,2026-09-06T12:00:00+05:30,transfer,Payment observed,Review payment evidence,TX-110010
EV-TX-110012,EXT-10265,2026-09-09T15:41:00+05:30,transfer,Payment observed,Review payment evidence,TX-110012
EV-TX-110013,EXT-10265,2026-09-09T15:46:00+05:30,transfer,Payment observed,Review payment evidence,TX-110013
EV-TX-110014,EXT-10265,2026-09-12T10:00:00+05:30,transfer,Payment observed,Review payment evidence,TX-110014
EV-TX-110016,EXT-10265,2026-09-15T12:00:00+05:30,transfer,Payment observed,Review payment evidence,TX-110016
EV-TX-110018,EXT-10265,2026-09-21T12:00:00+05:30,transfer,Payment observed,Review payment evidence,TX-110018
EV-TX-110023,EXT-10265,2026-10-06T12:00:00+05:30,transfer,Payment observed,Review payment evidence,TX-110023
EV-TX-110026,EXT-10265,2026-10-15T12:00:00+05:30,transfer,Payment observed,Review payment evidence,TX-110026
EV-TX-110028,EXT-10265,2026-10-21T12:00:00+05:30,transfer,Payment observed,Review payment evidence,TX-110028
EV-TX-110034,EXT-10266,2026-08-02T12:00:00+05:30,transfer,Payment observed,Review payment evidence,TX-110034
EV-TX-110036,EXT-10266,2026-08-05T12:00:00+05:30,transfer,Payment observed,Review payment evidence,TX-110036
EV-TX-110038,EXT-10266,2026-08-14T12:00:00+05:30,transfer,Payment observed,Review payment evidence,TX-110038
EV-TX-110041,EXT-10266,2026-08-21T12:00:00+05:30,transfer,Payment observed,Review payment evidence,TX-110041
EV-TX-110045,EXT-10266,2026-09-02T12:00:00+05:30,transfer,Payment observed,Review payment evidence,TX-110045
EV-TX-110047,EXT-10266,2026-09-05T12:00:00+05:30,transfer,Payment observed,Review payment evidence,TX-110047
EV-TX-110049,EXT-10266,2026-09-14T12:00:00+05:30,transfer,Payment observed,Review payment evidence,TX-110049
EV-TX-110051,EXT-10266,2026-09-17T17:06:00+05:30,transfer,Payment observed,Review payment evidence,TX-110051
EV-TX-110052,EXT-10266,2026-09-17T17:10:00+05:30,transfer,Payment observed,Review payment evidence,TX-110052
EV-TX-110054,EXT-10266,2026-09-21T12:00:00+05:30,transfer,Payment observed,Review payment evidence,TX-110054
EV-TX-110060,EXT-10266,2026-10-02T12:00:00+05:30,transfer,Payment observed,Review payment evidence,TX-110060
EV-TX-110062,EXT-10266,2026-10-05T12:00:00+05:30,transfer,Payment observed,Review payment evidence,TX-110062
EV-TX-110064,EXT-10266,2026-10-14T12:00:00+05:30,transfer,Payment observed,Review payment evidence,TX-110064
EV-TX-110067,EXT-10266,2026-10-21T12:00:00+05:30,transfer,Payment observed,Review payment evidence,TX-110067
EV-TX-110071,EXT-10266,2026-11-02T12:00:00+05:30,transfer,Payment observed,Review payment evidence,TX-110071
EV-TX-110073,EXT-10266,2026-11-05T12:00:00+05:30,transfer,Payment observed,Review payment evidence,TX-110073
EV-TX-110076,EXT-10267,2026-08-02T12:00:00+05:30,transfer,Payment observed,Review payment evidence,TX-110076
EV-TX-110078,EXT-10267,2026-08-04T12:00:00+05:30,transfer,Payment observed,Review payment evidence,TX-110078
EV-TX-110080,EXT-10267,2026-08-14T12:00:00+05:30,transfer,Payment observed,Review payment evidence,TX-110080
EV-TX-110082,EXT-10267,2026-08-16T12:00:00+05:30,transfer,Payment observed,Review payment evidence,TX-110082
EV-TX-110087,EXT-10267,2026-09-02T12:00:00+05:30,transfer,Payment observed,Review payment evidence,TX-110087
EV-TX-110089,EXT-10267,2026-09-04T12:00:00+05:30,transfer,Payment observed,Review payment evidence,TX-110089
EV-TX-110091,EXT-10267,2026-09-10T13:04:00+05:30,transfer,Payment observed,Review payment evidence,TX-110091
EV-TX-110092,EXT-10267,2026-09-10T13:14:00+05:30,transfer,Payment observed,Review payment evidence,TX-110092
EV-TX-110093,EXT-10267,2026-09-14T12:00:00+05:30,transfer,Payment observed,Review payment evidence,TX-110093
EV-TX-110095,EXT-10267,2026-09-15T13:53:00+05:30,transfer,Payment observed,Review payment evidence,TX-110095
EV-TX-110096,EXT-10267,2026-09-15T13:56:00+05:30,transfer,Payment observed,Review payment evidence,TX-110096
EV-TX-110097,EXT-10267,2026-09-16T12:00:00+05:30,transfer,Payment observed,Review payment evidence,TX-110097
EV-TX-110102,EXT-10267,2026-10-02T12:00:00+05:30,transfer,Payment observed,Review payment evidence,TX-110102
EV-TX-110104,EXT-10267,2026-10-04T12:00:00+05:30,transfer,Payment observed,Review payment evidence,TX-110104
EV-TX-110106,EXT-10267,2026-10-14T12:00:00+05:30,transfer,Payment observed,Review payment evidence,TX-110106
EV-TX-110108,EXT-10267,2026-10-16T12:00:00+05:30,transfer,Payment observed,Review payment evidence,TX-110108
EV-TX-110113,EXT-10267,2026-11-02T12:00:00+05:30,transfer,Payment observed,Review payment evidence,TX-110113
EV-TX-110115,EXT-10267,2026-11-04T12:00:00+05:30,transfer,Payment observed,Review payment evidence,TX-110115
EV-TX-110119,EXT-10268,2026-08-05T12:00:00+05:30,transfer,Payment observed,Review payment evidence,TX-110119
EV-TX-110121,EXT-10268,2026-08-10T12:00:00+05:30,transfer,Payment observed,Review payment evidence,TX-110121
EV-TX-110128,EXT-10268,2026-09-05T12:00:00+05:30,transfer,Payment observed,Review payment evidence,TX-110128
EV-TX-110130,EXT-10268,2026-09-10T12:00:00+05:30,transfer,Payment observed,Review payment evidence,TX-110130
EV-TX-110137,EXT-10268,2026-10-05T12:00:00+05:30,transfer,Payment observed,Review payment evidence,TX-110137
EV-TX-110139,EXT-10268,2026-10-10T12:00:00+05:30,transfer,Payment observed,Review payment evidence,TX-110139
EV-TX-110146,EXT-10268,2026-11-05T12:00:00+05:30,transfer,Payment observed,Review payment evidence,TX-110146
EV-TX-110149,EXT-10269,2026-08-02T12:00:00+05:30,transfer,Payment observed,Review payment evidence,TX-110149
EV-TX-110151,EXT-10269,2026-08-05T12:00:00+05:30,transfer,Payment observed,Review payment evidence,TX-110151
EV-TX-110153,EXT-10269,2026-08-09T12:00:00+05:30,transfer,Payment observed,Review payment evidence,TX-110153
EV-TX-110155,EXT-10269,2026-08-17T12:00:00+05:30,transfer,Payment observed,Review payment evidence,TX-110155
EV-TX-110160,EXT-10269,2026-09-02T12:00:00+05:30,transfer,Payment observed,Review payment evidence,TX-110160
EV-TX-110162,EXT-10269,2026-09-05T12:00:00+05:30,transfer,Payment observed,Review payment evidence,TX-110162
EV-TX-110164,EXT-10269,2026-09-09T12:00:00+05:30,transfer,Payment observed,Review payment evidence,TX-110164
EV-TX-110166,EXT-10269,2026-09-17T12:00:00+05:30,transfer,Payment observed,Review payment evidence,TX-110166
EV-TX-110171,EXT-10269,2026-10-02T12:00:00+05:30,transfer,Payment observed,Review payment evidence,TX-110171
EV-TX-110173,EXT-10269,2026-10-05T12:00:00+05:30,transfer,Payment observed,Review payment evidence,TX-110173
EV-TX-110175,EXT-10269,2026-10-09T12:00:00+05:30,transfer,Payment observed,Review payment evidence,TX-110175
EV-TX-110177,EXT-10269,2026-10-17T12:00:00+05:30,transfer,Payment observed,Review payment evidence,TX-110177
EV-TX-110182,EXT-10269,2026-11-02T12:00:00+05:30,transfer,Payment observed,Review payment evidence,TX-110182
EV-TX-110184,EXT-10269,2026-11-05T12:00:00+05:30,transfer,Payment observed,Review payment evidence,TX-110184
EV-TX-110187,EXT-10270,2026-08-02T12:00:00+05:30,transfer,Payment observed,Review payment evidence,TX-110187
EV-TX-110190,EXT-10270,2026-08-09T12:00:00+05:30,transfer,Payment observed,Review payment evidence,TX-110190
EV-TX-110193,EXT-10270,2026-08-25T12:00:00+05:30,transfer,Payment observed,Review payment evidence,TX-110193
EV-TX-110196,EXT-10270,2026-09-02T12:00:00+05:30,transfer,Payment observed,Review payment evidence,TX-110196
EV-TX-110199,EXT-10270,2026-09-09T12:00:00+05:30,transfer,Payment observed,Review payment evidence,TX-110199
EV-TX-110200,EXT-10270,2026-09-11T15:22:00+05:30,transfer,Payment observed,Review payment evidence,TX-110200
EV-TX-110201,EXT-10270,2026-09-11T15:32:00+05:30,transfer,Payment observed,Review payment evidence,TX-110201
EV-TX-110203,EXT-10270,2026-09-17T16:57:00+05:30,transfer,Payment observed,Review payment evidence,TX-110203
EV-TX-110204,EXT-10270,2026-09-17T17:04:00+05:30,transfer,Payment observed,Review payment evidence,TX-110204
EV-TX-110205,EXT-10270,2026-09-17T17:13:00+05:30,transfer,Payment observed,Review payment evidence,TX-110205
EV-TX-110207,EXT-10270,2026-09-25T12:00:00+05:30,transfer,Payment observed,Review payment evidence,TX-110207
EV-TX-110211,EXT-10270,2026-10-02T12:00:00+05:30,transfer,Payment observed,Review payment evidence,TX-110211
EV-TX-110214,EXT-10270,2026-10-09T12:00:00+05:30,transfer,Payment observed,Review payment evidence,TX-110214
EV-TX-110222,EXT-10270,2026-11-02T12:00:00+05:30,transfer,Payment observed,Review payment evidence,TX-110222
EV-TX-110229,EXT-10271,2026-08-23T12:00:00+05:30,transfer,Payment observed,Review payment evidence,TX-110229
EV-TX-110230,EXT-10271,2026-08-25T12:00:00+05:30,transfer,Payment observed,Review payment evidence,TX-110230
EV-TX-110237,EXT-10271,2026-09-18T13:43:00+05:30,transfer,Payment observed,Review payment evidence,TX-110237
EV-TX-110238,EXT-10271,2026-09-18T13:53:00+05:30,transfer,Payment observed,Review payment evidence,TX-110238
EV-TX-110240,EXT-10271,2026-09-23T12:00:00+05:30,transfer,Payment observed,Review payment evidence,TX-110240
EV-TX-110241,EXT-10271,2026-09-25T12:00:00+05:30,transfer,Payment observed,Review payment evidence,TX-110241
EV-TX-110262,EXT-10272,2026-08-06T12:00:00+05:30,transfer,Payment observed,Review payment evidence,TX-110262
EV-TX-110264,EXT-10272,2026-08-13T12:00:00+05:30,transfer,Payment observed,Review payment evidence,TX-110264
EV-TX-110268,EXT-10272,2026-08-28T12:00:00+05:30,transfer,Payment observed,Review payment evidence,TX-110268
EV-TX-110272,EXT-10272,2026-09-06T12:00:00+05:30,transfer,Payment observed,Review payment evidence,TX-110272
EV-TX-110274,EXT-10272,2026-09-11T13:31:00+05:30,transfer,Payment observed,Review payment evidence,TX-110274
EV-TX-110275,EXT-10272,2026-09-11T13:36:00+05:30,transfer,Payment observed,Review payment evidence,TX-110275
EV-TX-110276,EXT-10272,2026-09-11T13:37:00+05:30,transfer,Payment observed,Review payment evidence,TX-110276
EV-TX-110277,EXT-10272,2026-09-11T14:36:00+05:30,transfer,Payment observed,Review payment evidence,TX-110277
EV-TX-110278,EXT-10272,2026-09-11T14:41:00+05:30,transfer,Payment observed,Review payment evidence,TX-110278
EV-TX-110279,EXT-10272,2026-09-11T14:42:00+05:30,transfer,Payment observed,Review payment evidence,TX-110279
EV-TX-110280,EXT-10272,2026-09-13T12:00:00+05:30,transfer,Payment observed,Review payment evidence,TX-110280
EV-TX-110284,EXT-10272,2026-09-28T12:00:00+05:30,transfer,Payment observed,Review payment evidence,TX-110284
EV-TX-110289,EXT-10272,2026-10-06T12:00:00+05:30,transfer,Payment observed,Review payment evidence,TX-110289
EV-TX-110291,EXT-10272,2026-10-13T12:00:00+05:30,transfer,Payment observed,Review payment evidence,TX-110291
EV-TX-110304,EXT-10273,2026-08-07T12:00:00+05:30,transfer,Payment observed,Review payment evidence,TX-110304
EV-TX-110306,EXT-10273,2026-08-14T12:00:00+05:30,transfer,Payment observed,Review payment evidence,TX-110306
EV-TX-110308,EXT-10273,2026-08-19T12:00:00+05:30,transfer,Payment observed,Review payment evidence,TX-110308
EV-TX-110310,EXT-10273,2026-08-21T12:00:00+05:30,transfer,Payment observed,Review payment evidence,TX-110310
EV-TX-110315,EXT-10273,2026-09-07T12:00:00+05:30,transfer,Payment observed,Review payment evidence,TX-110315
EV-TX-110317,EXT-10273,2026-09-11T16:20:00+05:30,transfer,Payment observed,Review payment evidence,TX-110317
EV-TX-110318,EXT-10273,2026-09-11T16:28:00+05:30,transfer,Payment observed,Review payment evidence,TX-110318
EV-TX-110319,EXT-10273,2026-09-14T12:00:00+05:30,transfer,Payment observed,Review payment evidence,TX-110319
EV-TX-110320,EXT-10273,2026-09-14T14:00:00+05:30,transfer,Payment observed,Review payment evidence,TX-110320
EV-TX-110321,EXT-10273,2026-09-14T14:03:00+05:30,transfer,Payment observed,Review payment evidence,TX-110321
EV-TX-110322,EXT-10273,2026-09-14T14:06:00+05:30,transfer,Payment observed,Review payment evidence,TX-110322
EV-TX-110323,EXT-10273,2026-09-14T14:14:00+05:30,transfer,Payment observed,Review payment evidence,TX-110323
EV-TX-110325,EXT-10273,2026-09-19T12:00:00+05:30,transfer,Payment observed,Review payment evidence,TX-110325
EV-TX-110327,EXT-10273,2026-09-21T12:00:00+05:30,transfer,Payment observed,Review payment evidence,TX-110327
EV-TX-110334,EXT-10273,2026-10-07T12:00:00+05:30,transfer,Payment observed,Review payment evidence,TX-110334
EV-TX-110336,EXT-10273,2026-10-14T12:00:00+05:30,transfer,Payment observed,Review payment evidence,TX-110336
EV-TX-110338,EXT-10273,2026-10-19T12:00:00+05:30,transfer,Payment observed,Review payment evidence,TX-110338
EV-TX-110351,EXT-10274,2026-08-14T12:00:00+05:30,transfer,Payment observed,Review payment evidence,TX-110351
EV-TX-110353,EXT-10274,2026-08-16T12:00:00+05:30,transfer,Payment observed,Review payment evidence,TX-110353
EV-TX-110354,EXT-10274,2026-08-17T12:00:00+05:30,transfer,Payment observed,Review payment evidence,TX-110354
EV-TX-110355,EXT-10274,2026-08-20T12:00:00+05:30,transfer,Payment observed,Review payment evidence,TX-110355
EV-TX-110362,EXT-10274,2026-09-14T12:00:00+05:30,transfer,Payment observed,Review payment evidence,TX-110362
EV-TX-110364,EXT-10274,2026-09-16T12:00:00+05:30,transfer,Payment observed,Review payment evidence,TX-110364
EV-TX-110365,EXT-10274,2026-09-17T12:00:00+05:30,transfer,Payment observed,Review payment evidence,TX-110365
EV-TX-110366,EXT-10274,2026-09-18T14:00:00+05:30,transfer,Payment observed,Review payment evidence,TX-110366
EV-TX-110367,EXT-10274,2026-09-18T14:03:00+05:30,transfer,Payment observed,Review payment evidence,TX-110367
EV-TX-110368,EXT-10274,2026-09-18T14:06:00+05:30,transfer,Payment observed,Review payment evidence,TX-110368
EV-TX-110369,EXT-10274,2026-09-18T14:14:00+05:30,transfer,Payment observed,Review payment evidence,TX-110369
EV-TX-110370,EXT-10274,2026-09-20T12:00:00+05:30,transfer,Payment observed,Review payment evidence,TX-110370
EV-TX-110377,EXT-10274,2026-10-14T12:00:00+05:30,transfer,Payment observed,Review payment evidence,TX-110377
EV-TX-110379,EXT-10274,2026-10-16T12:00:00+05:30,transfer,Payment observed,Review payment evidence,TX-110379
EV-TX-110380,EXT-10274,2026-10-17T12:00:00+05:30,transfer,Payment observed,Review payment evidence,TX-110380
EV-TX-110381,EXT-10274,2026-10-20T12:00:00+05:30,transfer,Payment observed,Review payment evidence,TX-110381
EV-TX-110390,EXT-10275,2026-08-04T12:00:00+05:30,transfer,Payment observed,Review payment evidence,TX-110390
EV-TX-110392,EXT-10275,2026-08-12T12:00:00+05:30,transfer,Payment observed,Review payment evidence,TX-110392
EV-TX-110394,EXT-10275,2026-08-18T12:00:00+05:30,transfer,Payment observed,Review payment evidence,TX-110394
EV-TX-110396,EXT-10275,2026-08-22T12:00:00+05:30,transfer,Payment observed,Review payment evidence,TX-110396
EV-TX-110401,EXT-10275,2026-09-04T12:00:00+05:30,transfer,Payment observed,Review payment evidence,TX-110401
EV-TX-110403,EXT-10275,2026-09-09T17:06:00+05:30,transfer,Payment observed,Review payment evidence,TX-110403
EV-TX-110404,EXT-10275,2026-09-09T17:12:00+05:30,transfer,Payment observed,Review payment evidence,TX-110404
EV-TX-110405,EXT-10275,2026-09-09T17:18:00+05:30,transfer,Payment observed,Review payment evidence,TX-110405
EV-TX-110406,EXT-10275,2026-09-12T12:00:00+05:30,transfer,Payment observed,Review payment evidence,TX-110406
EV-TX-110408,EXT-10275,2026-09-16T16:54:00+05:30,transfer,Payment observed,Review payment evidence,TX-110408
EV-TX-110409,EXT-10275,2026-09-16T17:01:00+05:30,transfer,Payment observed,Review payment evidence,TX-110409
EV-TX-110410,EXT-10275,2026-09-18T12:00:00+05:30,transfer,Payment observed,Review payment evidence,TX-110410
EV-TX-110412,EXT-10275,2026-09-22T12:00:00+05:30,transfer,Payment observed,Review payment evidence,TX-110412
EV-TX-110413,EXT-10275,2026-09-22T15:42:00+05:30,transfer,Payment observed,Review payment evidence,TX-110413
EV-TX-110414,EXT-10275,2026-09-22T15:51:00+05:30,transfer,Payment observed,Review payment evidence,TX-110414
EV-TX-110420,EXT-10275,2026-10-04T12:00:00+05:30,transfer,Payment observed,Review payment evidence,TX-110420
EV-TX-110422,EXT-10275,2026-10-12T12:00:00+05:30,transfer,Payment observed,Review payment evidence,TX-110422
EV-TX-110424,EXT-10275,2026-10-18T12:00:00+05:30,transfer,Payment observed,Review payment evidence,TX-110424
EV-TX-110426,EXT-10275,2026-10-22T12:00:00+05:30,transfer,Payment observed,Review payment evidence,TX-110426
EV-TX-110432,EXT-10275,2026-11-04T12:00:00+05:30,transfer,Payment observed,Review payment evidence,TX-110432
EV-TX-110436,EXT-10276,2026-08-05T12:00:00+05:30,transfer,Payment observed,Review payment evidence,TX-110436
EV-TX-110438,EXT-10276,2026-08-14T12:00:00+05:30,transfer,Payment observed,Review payment evidence,TX-110438
EV-TX-110440,EXT-10276,2026-08-15T12:00:00+05:30,transfer,Payment observed,Review payment evidence,TX-110440
EV-TX-110446,EXT-10276,2026-09-05T12:00:00+05:30,transfer,Payment observed,Review payment evidence,TX-110446
EV-TX-110448,EXT-10276,2026-09-14T12:00:00+05:30,transfer,Payment observed,Review payment evidence,TX-110448
EV-TX-110450,EXT-10276,2026-09-15T12:00:00+05:30,transfer,Payment observed,Review payment evidence,TX-110450
EV-TX-110451,EXT-10276,2026-09-18T16:31:00+05:30,transfer,Payment observed,Review payment evidence,TX-110451
EV-TX-110452,EXT-10276,2026-09-18T16:35:00+05:30,transfer,Payment observed,Review payment evidence,TX-110452
EV-TX-110458,EXT-10276,2026-10-05T12:00:00+05:30,transfer,Payment observed,Review payment evidence,TX-110458
EV-TX-110460,EXT-10276,2026-10-14T12:00:00+05:30,transfer,Payment observed,Review payment evidence,TX-110460
EV-TX-110462,EXT-10276,2026-10-15T12:00:00+05:30,transfer,Payment observed,Review payment evidence,TX-110462
EV-TX-110468,EXT-10276,2026-11-05T12:00:00+05:30,transfer,Payment observed,Review payment evidence,TX-110468
EV-TX-110472,EXT-10277,2026-08-07T12:00:00+05:30,transfer,Payment observed,Review payment evidence,TX-110472
EV-TX-110474,EXT-10277,2026-08-09T12:00:00+05:30,transfer,Payment observed,Review payment evidence,TX-110474
EV-TX-110476,EXT-10277,2026-08-19T12:00:00+05:30,transfer,Payment observed,Review payment evidence,TX-110476
EV-TX-110482,EXT-10277,2026-09-07T12:00:00+05:30,transfer,Payment observed,Review payment evidence,TX-110482
EV-TX-110484,EXT-10277,2026-09-09T12:00:00+05:30,transfer,Payment observed,Review payment evidence,TX-110484
EV-TX-110486,EXT-10277,2026-09-16T15:07:00+05:30,transfer,Payment observed,Review payment evidence,TX-110486
EV-TX-110487,EXT-10277,2026-09-19T12:00:00+05:30,transfer,Payment observed,Review payment evidence,TX-110487
EV-TX-110488,EXT-10277,2026-09-19T10:00:00+05:30,transfer,Payment observed,Review payment evidence,TX-110488
EV-TX-110494,EXT-10277,2026-10-07T12:00:00+05:30,transfer,Payment observed,Review payment evidence,TX-110494
EV-TX-110496,EXT-10277,2026-10-09T12:00:00+05:30,transfer,Payment observed,Review payment evidence,TX-110496
EV-TX-110498,EXT-10277,2026-10-19T12:00:00+05:30,transfer,Payment observed,Review payment evidence,TX-110498
EV-TX-110507,EXT-10278,2026-08-03T12:00:00+05:30,transfer,Payment observed,Review payment evidence,TX-110507
EV-TX-110508,EXT-10278,2026-08-08T12:00:00+05:30,transfer,Payment observed,Review payment evidence,TX-110508
EV-TX-110510,EXT-10278,2026-08-12T12:00:00+05:30,transfer,Payment observed,Review payment evidence,TX-110510
EV-TX-110517,EXT-10278,2026-09-03T12:00:00+05:30,transfer,Payment observed,Review payment evidence,TX-110517
EV-TX-110518,EXT-10278,2026-09-08T12:00:00+05:30,transfer,Payment observed,Review payment evidence,TX-110518
EV-TX-110520,EXT-10278,2026-09-12T12:00:00+05:30,transfer,Payment observed,Review payment evidence,TX-110520
EV-TX-110522,EXT-10278,2026-09-18T14:47:00+05:30,transfer,Payment observed,Review payment evidence,TX-110522
EV-TX-110523,EXT-10278,2026-09-18T14:54:00+05:30,transfer,Payment observed,Review payment evidence,TX-110523
EV-TX-110524,EXT-10278,2026-09-18T15:01:00+05:30,transfer,Payment observed,Review payment evidence,TX-110524
EV-TX-110525,EXT-10278,2026-09-18T16:40:00+05:30,transfer,Payment observed,Review payment evidence,TX-110525
EV-TX-110531,EXT-10278,2026-10-03T12:00:00+05:30,transfer,Payment observed,Review payment evidence,TX-110531
EV-TX-110532,EXT-10278,2026-10-08T12:00:00+05:30,transfer,Payment observed,Review payment evidence,TX-110532
EV-TX-110534,EXT-10278,2026-10-12T12:00:00+05:30,transfer,Payment observed,Review payment evidence,TX-110534
EV-TX-110541,EXT-10278,2026-11-03T12:00:00+05:30,transfer,Payment observed,Review payment evidence,TX-110541
EV-TX-110545,EXT-10279,2026-08-05T12:00:00+05:30,transfer,Payment observed,Review payment evidence,TX-110545
EV-TX-110547,EXT-10279,2026-08-09T12:00:00+05:30,transfer,Payment observed,Review payment evidence,TX-110547
EV-TX-110551,EXT-10279,2026-08-24T12:00:00+05:30,transfer,Payment observed,Review payment evidence,TX-110551
EV-TX-110555,EXT-10279,2026-09-05T12:00:00+05:30,transfer,Payment observed,Review payment evidence,TX-110555
EV-TX-110557,EXT-10279,2026-09-09T12:00:00+05:30,transfer,Payment observed,Review payment evidence,TX-110557
EV-TX-110559,EXT-10279,2026-09-19T15:28:00+05:30,transfer,Payment observed,Review payment evidence,TX-110559
EV-TX-110560,EXT-10279,2026-09-19T15:37:00+05:30,transfer,Payment observed,Review payment evidence,TX-110560
EV-TX-110563,EXT-10279,2026-09-24T12:00:00+05:30,transfer,Payment observed,Review payment evidence,TX-110563
EV-TX-110567,EXT-10279,2026-10-05T12:00:00+05:30,transfer,Payment observed,Review payment evidence,TX-110567
EV-TX-110569,EXT-10279,2026-10-09T12:00:00+05:30,transfer,Payment observed,Review payment evidence,TX-110569
EV-TX-110573,EXT-10279,2026-10-24T12:00:00+05:30,transfer,Payment observed,Review payment evidence,TX-110573
EV-TX-110577,EXT-10279,2026-11-05T12:00:00+05:30,transfer,Payment observed,Review payment evidence,TX-110577
EV-TX-110581,EXT-10280,2026-08-08T12:00:00+05:30,transfer,Payment observed,Review payment evidence,TX-110581
EV-TX-110584,EXT-10280,2026-08-16T12:00:00+05:30,transfer,Payment observed,Review payment evidence,TX-110584
EV-TX-110589,EXT-10280,2026-09-08T12:00:00+05:30,transfer,Payment observed,Review payment evidence,TX-110589
EV-TX-110592,EXT-10280,2026-09-16T12:00:00+05:30,transfer,Payment observed,Review payment evidence,TX-110592
EV-TX-110597,EXT-10280,2026-10-08T12:00:00+05:30,transfer,Payment observed,Review payment evidence,TX-110597
EV-TX-110600,EXT-10280,2026-10-16T12:00:00+05:30,transfer,Payment observed,Review payment evidence,TX-110600
EV-TX-110605,EXT-10281,2026-08-02T12:00:00+05:30,transfer,Payment observed,Review payment evidence,TX-110605
EV-TX-110608,EXT-10281,2026-08-05T12:00:00+05:30,transfer,Payment observed,Review payment evidence,TX-110608
EV-TX-110609,EXT-10281,2026-08-06T12:00:00+05:30,transfer,Payment observed,Review payment evidence,TX-110609
EV-TX-110616,EXT-10281,2026-09-02T12:00:00+05:30,transfer,Payment observed,Review payment evidence,TX-110616
EV-TX-110619,EXT-10281,2026-09-05T12:00:00+05:30,transfer,Payment observed,Review payment evidence,TX-110619
EV-TX-110620,EXT-10281,2026-09-06T12:00:00+05:30,transfer,Payment observed,Review payment evidence,TX-110620
EV-TX-110627,EXT-10281,2026-10-02T12:00:00+05:30,transfer,Payment observed,Review payment evidence,TX-110627
EV-TX-110630,EXT-10281,2026-10-05T12:00:00+05:30,transfer,Payment observed,Review payment evidence,TX-110630
EV-TX-110631,EXT-10281,2026-10-06T12:00:00+05:30,transfer,Payment observed,Review payment evidence,TX-110631
EV-TX-110638,EXT-10281,2026-11-02T12:00:00+05:30,transfer,Payment observed,Review payment evidence,TX-110638
EV-TX-110641,EXT-10281,2026-11-05T12:00:00+05:30,transfer,Payment observed,Review payment evidence,TX-110641
EV-TX-110644,EXT-10282,2026-08-03T12:00:00+05:30,transfer,Payment observed,Review payment evidence,TX-110644
EV-TX-110651,EXT-10282,2026-08-27T12:00:00+05:30,transfer,Payment observed,Review payment evidence,TX-110651
EV-TX-110653,EXT-10282,2026-09-03T12:00:00+05:30,transfer,Payment observed,Review payment evidence,TX-110653
EV-TX-110656,EXT-10282,2026-09-10T16:20:00+05:30,transfer,Payment observed,Review payment evidence,TX-110656
EV-TX-110657,EXT-10282,2026-09-10T16:24:00+05:30,transfer,Payment observed,Review payment evidence,TX-110657
EV-TX-110658,EXT-10282,2026-09-10T16:38:00+05:30,transfer,Payment observed,Review payment evidence,TX-110658
EV-TX-110679,EXT-10283,2026-08-02T12:00:00+05:30,transfer,Payment observed,Review payment evidence,TX-110679
EV-TX-110681,EXT-10283,2026-08-06T12:00:00+05:30,transfer,Payment observed,Review payment evidence,TX-110681
EV-TX-110685,EXT-10283,2026-08-23T12:00:00+05:30,transfer,Payment observed,Review payment evidence,TX-110685
EV-TX-110688,EXT-10283,2026-09-02T12:00:00+05:30,transfer,Payment observed,Review payment evidence,TX-110688
EV-TX-110690,EXT-10283,2026-09-06T12:00:00+05:30,transfer,Payment observed,Review payment evidence,TX-110690
EV-TX-110694,EXT-10283,2026-09-23T12:00:00+05:30,transfer,Payment observed,Review payment evidence,TX-110694
EV-TX-110698,EXT-10283,2026-10-02T12:00:00+05:30,transfer,Payment observed,Review payment evidence,TX-110698
EV-TX-110700,EXT-10283,2026-10-06T12:00:00+05:30,transfer,Payment observed,Review payment evidence,TX-110700
EV-TX-110704,EXT-10283,2026-10-23T12:00:00+05:30,transfer,Payment observed,Review payment evidence,TX-110704
EV-TX-110708,EXT-10283,2026-11-02T12:00:00+05:30,transfer,Payment observed,Review payment evidence,TX-110708
EV-TX-110713,EXT-10284,2026-08-08T12:00:00+05:30,transfer,Payment observed,Review payment evidence,TX-110713
EV-TX-110717,EXT-10284,2026-08-24T12:00:00+05:30,transfer,Payment observed,Review payment evidence,TX-110717
EV-TX-110722,EXT-10284,2026-09-08T12:00:00+05:30,transfer,Payment observed,Review payment evidence,TX-110722
EV-TX-110725,EXT-10284,2026-09-18T17:42:00+05:30,transfer,Payment observed,Review payment evidence,TX-110725
EV-TX-110726,EXT-10284,2026-09-18T17:51:00+05:30,transfer,Payment observed,Review payment evidence,TX-110726
EV-TX-110728,EXT-10284,2026-09-24T12:00:00+05:30,transfer,Payment observed,Review payment evidence,TX-110728
EV-TX-110734,EXT-10284,2026-10-08T12:00:00+05:30,transfer,Payment observed,Review payment evidence,TX-110734
EV-TX-110748,EXT-10285,2026-08-04T12:00:00+05:30,transfer,Payment observed,Review payment evidence,TX-110748
EV-TX-110759,EXT-10285,2026-09-04T12:00:00+05:30,transfer,Payment observed,Review payment evidence,TX-110759
EV-TX-110760,EXT-10285,2026-09-08T14:05:00+05:30,transfer,Payment observed,Review payment evidence,TX-110760
EV-TX-110761,EXT-10285,2026-09-08T14:10:00+05:30,transfer,Payment observed,Review payment evidence,TX-110761
EV-TX-110764,EXT-10285,2026-09-16T14:00:00+05:30,transfer,Payment observed,Review payment evidence,TX-110764
EV-TX-110765,EXT-10285,2026-09-16T14:03:00+05:30,transfer,Payment observed,Review payment evidence,TX-110765
EV-TX-110766,EXT-10285,2026-09-16T14:06:00+05:30,transfer,Payment observed,Review payment evidence,TX-110766
EV-TX-110767,EXT-10285,2026-09-16T14:14:00+05:30,transfer,Payment observed,Review payment evidence,TX-110767
EV-TX-110768,EXT-10285,2026-09-18T12:00:00+05:30,transfer,Payment observed,Review payment evidence,TX-110768
EV-TX-110776,EXT-10285,2026-10-04T12:00:00+05:30,transfer,Payment observed,Review payment evidence,TX-110776
EV-TX-110779,EXT-10285,2026-10-18T12:00:00+05:30,transfer,Payment observed,Review payment evidence,TX-110779
EV-TX-110783,EXT-10285,2026-11-04T12:00:00+05:30,transfer,Payment observed,Review payment evidence,TX-110783
EV-TX-110788,EXT-10286,2026-08-12T12:00:00+05:30,transfer,Payment observed,Review payment evidence,TX-110788
EV-TX-110790,EXT-10286,2026-08-19T12:00:00+05:30,transfer,Payment observed,Review payment evidence,TX-110790
EV-TX-110797,EXT-10286,2026-09-11T14:00:00+05:30,transfer,Payment observed,Review payment evidence,TX-110797
EV-TX-110798,EXT-10286,2026-09-11T14:03:00+05:30,transfer,Payment observed,Review payment evidence,TX-110798
EV-TX-110799,EXT-10286,2026-09-11T14:06:00+05:30,transfer,Payment observed,Review payment evidence,TX-110799
EV-TX-110800,EXT-10286,2026-09-11T14:14:00+05:30,transfer,Payment observed,Review payment evidence,TX-110800
EV-TX-110801,EXT-10286,2026-09-12T12:00:00+05:30,transfer,Payment observed,Review payment evidence,TX-110801
EV-TX-110803,EXT-10286,2026-09-19T12:00:00+05:30,transfer,Payment observed,Review payment evidence,TX-110803
EV-TX-110810,EXT-10286,2026-10-12T12:00:00+05:30,transfer,Payment observed,Review payment evidence,TX-110810
EV-TX-110812,EXT-10286,2026-10-19T12:00:00+05:30,transfer,Payment observed,Review payment evidence,TX-110812
EV-TX-110821,EXT-10287,2026-08-04T12:00:00+05:30,transfer,Payment observed,Review payment evidence,TX-110821
EV-TX-110823,EXT-10287,2026-08-09T12:00:00+05:30,transfer,Payment observed,Review payment evidence,TX-110823
EV-TX-110824,EXT-10287,2026-08-12T12:00:00+05:30,transfer,Payment observed,Review payment evidence,TX-110824
EV-TX-110829,EXT-10287,2026-08-28T12:00:00+05:30,transfer,Payment observed,Review payment evidence,TX-110829
EV-TX-110832,EXT-10287,2026-09-04T12:00:00+05:30,transfer,Payment observed,Review payment evidence,TX-110832
EV-TX-110834,EXT-10287,2026-09-09T12:00:00+05:30,transfer,Payment observed,Review payment evidence,TX-110834
EV-TX-110835,EXT-10287,2026-09-12T12:00:00+05:30,transfer,Payment observed,Review payment evidence,TX-110835
EV-TX-110837,EXT-10287,2026-09-20T14:59:00+05:30,transfer,Payment observed,Review payment evidence,TX-110837
EV-TX-110838,EXT-10287,2026-09-20T15:07:00+05:30,transfer,Payment observed,Review payment evidence,TX-110838
EV-TX-110842,EXT-10287,2026-09-26T14:26:00+05:30,transfer,Payment observed,Review payment evidence,TX-110842
EV-TX-110843,EXT-10287,2026-09-26T14:35:00+05:30,transfer,Payment observed,Review payment evidence,TX-110843
EV-TX-110844,EXT-10287,2026-09-26T14:32:00+05:30,transfer,Payment observed,Review payment evidence,TX-110844
EV-TX-110845,EXT-10287,2026-09-28T12:00:00+05:30,transfer,Payment observed,Review payment evidence,TX-110845
EV-TX-110848,EXT-10287,2026-10-04T12:00:00+05:30,transfer,Payment observed,Review payment evidence,TX-110848
EV-TX-110850,EXT-10287,2026-10-09T12:00:00+05:30,transfer,Payment observed,Review payment evidence,TX-110850
EV-TX-110851,EXT-10287,2026-10-12T12:00:00+05:30,transfer,Payment observed,Review payment evidence,TX-110851
EV-TX-110856,EXT-10287,2026-10-28T12:00:00+05:30,transfer,Payment observed,Review payment evidence,TX-110856
EV-TX-110860,EXT-10287,2026-11-04T12:00:00+05:30,transfer,Payment observed,Review payment evidence,TX-110860
EV-TX-110863,EXT-10288,2026-08-04T12:00:00+05:30,transfer,Payment observed,Review payment evidence,TX-110863
EV-TX-110865,EXT-10288,2026-08-05T12:00:00+05:30,transfer,Payment observed,Review payment evidence,TX-110865
EV-TX-110867,EXT-10288,2026-08-14T12:00:00+05:30,transfer,Payment observed,Review payment evidence,TX-110867
EV-TX-110870,EXT-10288,2026-08-21T12:00:00+05:30,transfer,Payment observed,Review payment evidence,TX-110870
EV-TX-110874,EXT-10288,2026-09-04T12:00:00+05:30,transfer,Payment observed,Review payment evidence,TX-110874
EV-TX-110876,EXT-10288,2026-09-05T12:00:00+05:30,transfer,Payment observed,Review payment evidence,TX-110876
EV-TX-110878,EXT-10288,2026-09-14T12:00:00+05:30,transfer,Payment observed,Review payment evidence,TX-110878
EV-TX-110880,EXT-10288,2026-09-18T16:17:00+05:30,transfer,Payment observed,Review payment evidence,TX-110880
EV-TX-110881,EXT-10288,2026-09-18T16:21:00+05:30,transfer,Payment observed,Review payment evidence,TX-110881
EV-TX-110883,EXT-10288,2026-09-21T12:00:00+05:30,transfer,Payment observed,Review payment evidence,TX-110883
EV-TX-110887,EXT-10288,2026-10-04T12:00:00+05:30,transfer,Payment observed,Review payment evidence,TX-110887
EV-TX-110889,EXT-10288,2026-10-05T12:00:00+05:30,transfer,Payment observed,Review payment evidence,TX-110889
EV-TX-110891,EXT-10288,2026-10-14T12:00:00+05:30,transfer,Payment observed,Review payment evidence,TX-110891
EV-TX-110894,EXT-10288,2026-10-21T12:00:00+05:30,transfer,Payment observed,Review payment evidence,TX-110894
EV-TX-110898,EXT-10288,2026-11-04T12:00:00+05:30,transfer,Payment observed,Review payment evidence,TX-110898
EV-TX-110900,EXT-10288,2026-11-05T12:00:00+05:30,transfer,Payment observed,Review payment evidence,TX-110900
EV-TX-110904,EXT-10289,2026-08-05T12:00:00+05:30,transfer,Payment observed,Review payment evidence,TX-110904
EV-TX-110907,EXT-10289,2026-08-18T12:00:00+05:30,transfer,Payment observed,Review payment evidence,TX-110907
EV-TX-110909,EXT-10289,2026-08-21T12:00:00+05:30,transfer,Payment observed,Review payment evidence,TX-110909
EV-TX-110911,EXT-10289,2026-08-25T12:00:00+05:30,transfer,Payment observed,Review payment evidence,TX-110911
EV-TX-110915,EXT-10289,2026-09-05T12:00:00+05:30,transfer,Payment observed,Review payment evidence,TX-110915
EV-TX-110917,EXT-10289,2026-09-11T16:36:00+05:30,transfer,Payment observed,Review payment evidence,TX-110917
EV-TX-110918,EXT-10289,2026-09-11T16:44:00+05:30,transfer,Payment observed,Review payment evidence,TX-110918
EV-TX-110919,EXT-10289,2026-09-14T17:02:00+05:30,transfer,Payment observed,Review payment evidence,TX-110919
EV-TX-110920,EXT-10289,2026-09-14T17:06:00+05:30,transfer,Payment observed,Review payment evidence,TX-110920
EV-TX-110921,EXT-10289,2026-09-14T17:22:00+05:30,transfer,Payment observed,Review payment evidence,TX-110921
EV-TX-110922,EXT-10289,2026-09-14T10:00:00+05:30,transfer,Payment observed,Review payment evidence,TX-110922
EV-TX-110924,EXT-10289,2026-09-18T12:00:00+05:30,transfer,Payment observed,Review payment evidence,TX-110924
EV-TX-110926,EXT-10289,2026-09-21T12:00:00+05:30,transfer,Payment observed,Review payment evidence,TX-110926
EV-TX-110928,EXT-10289,2026-09-25T12:00:00+05:30,transfer,Payment observed,Review payment evidence,TX-110928
EV-TX-110933,EXT-10289,2026-10-05T12:00:00+05:30,transfer,Payment observed,Review payment evidence,TX-110933
EV-TX-110936,EXT-10289,2026-10-18T12:00:00+05:30,transfer,Payment observed,Review payment evidence,TX-110936
EV-TX-110938,EXT-10289,2026-10-21T12:00:00+05:30,transfer,Payment observed,Review payment evidence,TX-110938
EV-TX-110940,EXT-10289,2026-10-25T12:00:00+05:30,transfer,Payment observed,Review payment evidence,TX-110940
EV-TX-110945,EXT-10289,2026-11-05T12:00:00+05:30,transfer,Payment observed,Review payment evidence,TX-110945
EV-TX-110952,EXT-10290,2026-08-22T12:00:00+05:30,transfer,Payment observed,Review payment evidence,TX-110952
EV-TX-110954,EXT-10290,2026-08-27T12:00:00+05:30,transfer,Payment observed,Review payment evidence,TX-110954
EV-TX-110958,EXT-10290,2026-09-11T13:47:00+05:30,transfer,Payment observed,Review payment evidence,TX-110958
EV-TX-110959,EXT-10290,2026-09-11T13:50:00+05:30,transfer,Payment observed,Review payment evidence,TX-110959
EV-TX-110962,EXT-10290,2026-09-22T12:00:00+05:30,transfer,Payment observed,Review payment evidence,TX-110962
EV-TX-110964,EXT-10290,2026-09-27T12:00:00+05:30,transfer,Payment observed,Review payment evidence,TX-110964
EV-TX-110970,EXT-10290,2026-10-22T12:00:00+05:30,transfer,Payment observed,Review payment evidence,TX-110970
EV-TX-110972,EXT-10290,2026-10-27T12:00:00+05:30,transfer,Payment observed,Review payment evidence,TX-110972
EV-TX-110977,EXT-10291,2026-08-11T12:00:00+05:30,transfer,Payment observed,Review payment evidence,TX-110977
EV-TX-110978,EXT-10291,2026-08-14T12:00:00+05:30,transfer,Payment observed,Review payment evidence,TX-110978
EV-TX-110987,EXT-10291,2026-09-11T12:00:00+05:30,transfer,Payment observed,Review payment evidence,TX-110987
EV-TX-110988,EXT-10291,2026-09-14T12:00:00+05:30,transfer,Payment observed,Review payment evidence,TX-110988
EV-TX-110990,EXT-10291,2026-09-16T15:03:00+05:30,transfer,Payment observed,Review payment evidence,TX-110990
EV-TX-111015,EXT-10292,2026-08-08T12:00:00+05:30,transfer,Payment observed,Review payment evidence,TX-111015
EV-TX-111018,EXT-10292,2026-08-19T12:00:00+05:30,transfer,Payment observed,Review payment evidence,TX-111018
EV-TX-111020,EXT-10292,2026-08-21T12:00:00+05:30,transfer,Payment observed,Review payment evidence,TX-111020
EV-TX-111023,EXT-10292,2026-08-27T12:00:00+05:30,transfer,Payment observed,Review payment evidence,TX-111023
EV-TX-111026,EXT-10292,2026-09-08T12:00:00+05:30,transfer,Payment observed,Review payment evidence,TX-111026
EV-TX-111029,EXT-10292,2026-09-19T12:00:00+05:30,transfer,Payment observed,Review payment evidence,TX-111029
EV-TX-111031,EXT-10292,2026-09-21T12:00:00+05:30,transfer,Payment observed,Review payment evidence,TX-111031
EV-TX-111034,EXT-10292,2026-09-27T12:00:00+05:30,transfer,Payment observed,Review payment evidence,TX-111034
EV-TX-111038,EXT-10292,2026-10-08T12:00:00+05:30,transfer,Payment observed,Review payment evidence,TX-111038
EV-TX-111041,EXT-10292,2026-10-19T12:00:00+05:30,transfer,Payment observed,Review payment evidence,TX-111041
EV-TX-111043,EXT-10292,2026-10-21T12:00:00+05:30,transfer,Payment observed,Review payment evidence,TX-111043
EV-TX-111045,EXT-10292,2026-10-27T12:00:00+05:30,transfer,Payment observed,Review payment evidence,TX-111045
EV-TX-111051,EXT-10293,2026-08-02T12:00:00+05:30,transfer,Payment observed,Review payment evidence,TX-111051
EV-TX-111053,EXT-10293,2026-08-07T12:00:00+05:30,transfer,Payment observed,Review payment evidence,TX-111053
EV-TX-111056,EXT-10293,2026-08-17T12:00:00+05:30,transfer,Payment observed,Review payment evidence,TX-111056
EV-TX-111059,EXT-10293,2026-08-26T12:00:00+05:30,transfer,Payment observed,Review payment evidence,TX-111059
EV-TX-111062,EXT-10293,2026-09-02T12:00:00+05:30,transfer,Payment observed,Review payment evidence,TX-111062
EV-TX-111064,EXT-10293,2026-09-07T12:00:00+05:30,transfer,Payment observed,Review payment evidence,TX-111064
EV-TX-111067,EXT-10293,2026-09-17T12:00:00+05:30,transfer,Payment observed,Review payment evidence,TX-111067
EV-TX-111068,EXT-10293,2026-09-18T13:27:00+05:30,transfer,Payment observed,Review payment evidence,TX-111068
EV-TX-111069,EXT-10293,2026-09-18T13:33:00+05:30,transfer,Payment observed,Review payment evidence,TX-111069
EV-TX-111072,EXT-10293,2026-09-26T12:00:00+05:30,transfer,Payment observed,Review payment evidence,TX-111072
EV-TX-111075,EXT-10293,2026-10-02T12:00:00+05:30,transfer,Payment observed,Review payment evidence,TX-111075
EV-TX-111077,EXT-10293,2026-10-07T12:00:00+05:30,transfer,Payment observed,Review payment evidence,TX-111077
EV-TX-111080,EXT-10293,2026-10-17T12:00:00+05:30,transfer,Payment observed,Review payment evidence,TX-111080
EV-TX-111083,EXT-10293,2026-10-26T12:00:00+05:30,transfer,Payment observed,Review payment evidence,TX-111083
EV-TX-111086,EXT-10293,2026-11-02T12:00:00+05:30,transfer,Payment observed,Review payment evidence,TX-111086
EV-TX-111091,EXT-10294,2026-08-03T12:00:00+05:30,transfer,Payment observed,Review payment evidence,TX-111091
EV-TX-111092,EXT-10294,2026-08-08T12:00:00+05:30,transfer,Payment observed,Review payment evidence,TX-111092
EV-TX-111095,EXT-10294,2026-08-18T12:00:00+05:30,transfer,Payment observed,Review payment evidence,TX-111095
EV-TX-111098,EXT-10294,2026-08-23T12:00:00+05:30,transfer,Payment observed,Review payment evidence,TX-111098
EV-TX-111102,EXT-10294,2026-09-03T12:00:00+05:30,transfer,Payment observed,Review payment evidence,TX-111102
EV-TX-111103,EXT-10294,2026-09-08T12:00:00+05:30,transfer,Payment observed,Review payment evidence,TX-111103
EV-TX-111105,EXT-10294,2026-09-13T16:15:00+05:30,transfer,Payment observed,Review payment evidence,TX-111105
EV-TX-111106,EXT-10294,2026-09-13T16:20:00+05:30,transfer,Payment observed,Review payment evidence,TX-111106
EV-TX-111107,EXT-10294,2026-09-13T16:21:00+05:30,transfer,Payment observed,Review payment evidence,TX-111107
EV-TX-111109,EXT-10294,2026-09-18T12:00:00+05:30,transfer,Payment observed,Review payment evidence,TX-111109
EV-TX-111128,EXT-10294,2026-11-03T12:00:00+05:30,transfer,Payment observed,Review payment evidence,TX-111128
EV-TX-111133,EXT-10295,2026-08-06T12:00:00+05:30,transfer,Payment observed,Review payment evidence,TX-111133
EV-TX-111135,EXT-10295,2026-08-12T12:00:00+05:30,transfer,Payment observed,Review payment evidence,TX-111135
EV-TX-111139,EXT-10295,2026-08-25T12:00:00+05:30,transfer,Payment observed,Review payment evidence,TX-111139
EV-TX-111153,EXT-10295,2026-10-06T12:00:00+05:30,transfer,Payment observed,Review payment evidence,TX-111153
EV-TX-111158,EXT-10296,2026-08-02T12:00:00+05:30,transfer,Payment observed,Review payment evidence,TX-111158
EV-TX-111161,EXT-10296,2026-08-09T12:00:00+05:30,transfer,Payment observed,Review payment evidence,TX-111161
EV-TX-111164,EXT-10296,2026-08-25T12:00:00+05:30,transfer,Payment observed,Review payment evidence,TX-111164
EV-TX-111168,EXT-10296,2026-09-02T12:00:00+05:30,transfer,Payment observed,Review payment evidence,TX-111168
EV-TX-111171,EXT-10296,2026-09-09T12:00:00+05:30,transfer,Payment observed,Review payment evidence,TX-111171
EV-TX-111173,EXT-10296,2026-09-15T16:29:00+05:30,transfer,Payment observed,Review payment evidence,TX-111173
EV-TX-111174,EXT-10296,2026-09-15T16:39:00+05:30,transfer,Payment observed,Review payment evidence,TX-111174
EV-TX-111176,EXT-10296,2026-09-25T12:00:00+05:30,transfer,Payment observed,Review payment evidence,TX-111176
EV-TX-111180,EXT-10296,2026-10-02T12:00:00+05:30,transfer,Payment observed,Review payment evidence,TX-111180
EV-TX-111192,EXT-10296,2026-11-02T12:00:00+05:30,transfer,Payment observed,Review payment evidence,TX-111192
EV-TX-111197,EXT-10297,2026-08-05T12:00:00+05:30,transfer,Payment observed,Review payment evidence,TX-111197
EV-TX-111201,EXT-10297,2026-08-23T12:00:00+05:30,transfer,Payment observed,Review payment evidence,TX-111201
EV-TX-111204,EXT-10297,2026-08-28T12:00:00+05:30,transfer,Payment observed,Review payment evidence,TX-111204
EV-TX-111207,EXT-10297,2026-09-05T12:00:00+05:30,transfer,Payment observed,Review payment evidence,TX-111207
EV-TX-111209,EXT-10297,2026-09-14T14:00:00+05:30,transfer,Payment observed,Review payment evidence,TX-111209
EV-TX-111210,EXT-10297,2026-09-14T14:03:00+05:30,transfer,Payment observed,Review payment evidence,TX-111210
EV-TX-111211,EXT-10297,2026-09-14T14:06:00+05:30,transfer,Payment observed,Review payment evidence,TX-111211
EV-TX-111212,EXT-10297,2026-09-14T14:14:00+05:30,transfer,Payment observed,Review payment evidence,TX-111212
EV-TX-111215,EXT-10297,2026-09-23T12:00:00+05:30,transfer,Payment observed,Review payment evidence,TX-111215
EV-TX-111218,EXT-10297,2026-09-28T12:00:00+05:30,transfer,Payment observed,Review payment evidence,TX-111218
EV-TX-111221,EXT-10297,2026-10-05T12:00:00+05:30,transfer,Payment observed,Review payment evidence,TX-111221
EV-TX-111225,EXT-10297,2026-10-23T12:00:00+05:30,transfer,Payment observed,Review payment evidence,TX-111225
EV-TX-111228,EXT-10297,2026-10-28T12:00:00+05:30,transfer,Payment observed,Review payment evidence,TX-111228
EV-TX-111231,EXT-10297,2026-11-05T12:00:00+05:30,transfer,Payment observed,Review payment evidence,TX-111231
EV-TX-111236,EXT-10298,2026-08-11T12:00:00+05:30,transfer,Payment observed,Review payment evidence,TX-111236
EV-TX-111238,EXT-10298,2026-08-19T12:00:00+05:30,transfer,Payment observed,Review payment evidence,TX-111238
EV-TX-111240,EXT-10298,2026-08-24T12:00:00+05:30,transfer,Payment observed,Review payment evidence,TX-111240
EV-TX-111242,EXT-10298,2026-08-26T12:00:00+05:30,transfer,Payment observed,Review payment evidence,TX-111242
EV-TX-111247,EXT-10298,2026-09-11T12:00:00+05:30,transfer,Payment observed,Review payment evidence,TX-111247
EV-TX-111249,EXT-10298,2026-09-18T14:00:00+05:30,transfer,Payment observed,Review payment evidence,TX-111249
EV-TX-111250,EXT-10298,2026-09-18T14:03:00+05:30,transfer,Payment observed,Review payment evidence,TX-111250
EV-TX-111251,EXT-10298,2026-09-18T14:06:00+05:30,transfer,Payment observed,Review payment evidence,TX-111251
EV-TX-111252,EXT-10298,2026-09-18T14:14:00+05:30,transfer,Payment observed,Review payment evidence,TX-111252
EV-TX-111253,EXT-10298,2026-09-19T12:00:00+05:30,transfer,Payment observed,Review payment evidence,TX-111253
EV-TX-111254,EXT-10298,2026-09-20T13:58:00+05:30,transfer,Payment observed,Review payment evidence,TX-111254
EV-TX-111255,EXT-10298,2026-09-20T14:06:00+05:30,transfer,Payment observed,Review payment evidence,TX-111255
EV-TX-111257,EXT-10298,2026-09-24T12:00:00+05:30,transfer,Payment observed,Review payment evidence,TX-111257
EV-TX-111259,EXT-10298,2026-09-26T12:00:00+05:30,transfer,Payment observed,Review payment evidence,TX-111259
EV-TX-111264,EXT-10298,2026-10-11T12:00:00+05:30,transfer,Payment observed,Review payment evidence,TX-111264
EV-TX-111266,EXT-10298,2026-10-19T12:00:00+05:30,transfer,Payment observed,Review payment evidence,TX-111266
EV-TX-111268,EXT-10298,2026-10-24T12:00:00+05:30,transfer,Payment observed,Review payment evidence,TX-111268
EV-TX-111270,EXT-10298,2026-10-26T12:00:00+05:30,transfer,Payment observed,Review payment evidence,TX-111270
EV-TX-111278,EXT-10299,2026-08-13T12:00:00+05:30,transfer,Payment observed,Review payment evidence,TX-111278
EV-TX-111281,EXT-10299,2026-08-22T12:00:00+05:30,transfer,Payment observed,Review payment evidence,TX-111281
EV-TX-111286,EXT-10299,2026-09-08T17:44:00+05:30,transfer,Payment observed,Review payment evidence,TX-111286
EV-TX-111287,EXT-10299,2026-09-08T17:50:00+05:30,transfer,Payment observed,Review payment evidence,TX-111287
EV-TX-111289,EXT-10299,2026-09-13T12:00:00+05:30,transfer,Payment observed,Review payment evidence,TX-111289
EV-TX-111300,EXT-10299,2026-10-13T12:00:00+05:30,transfer,Payment observed,Review payment evidence,TX-111300
EV-TX-111313,EXT-10300,2026-08-05T12:00:00+05:30,transfer,Payment observed,Review payment evidence,TX-111313
EV-TX-111315,EXT-10300,2026-08-14T12:00:00+05:30,transfer,Payment observed,Review payment evidence,TX-111315
EV-TX-111321,EXT-10300,2026-09-05T12:00:00+05:30,transfer,Payment observed,Review payment evidence,TX-111321
EV-TX-111323,EXT-10300,2026-09-09T16:48:00+05:30,transfer,Payment observed,Review payment evidence,TX-111323
EV-TX-111324,EXT-10300,2026-09-09T16:53:00+05:30,transfer,Payment observed,Review payment evidence,TX-111324
EV-TX-111325,EXT-10300,2026-09-14T12:00:00+05:30,transfer,Payment observed,Review payment evidence,TX-111325
EV-TX-111327,EXT-10300,2026-09-16T17:14:00+05:30,transfer,Payment observed,Review payment evidence,TX-111327
EV-TX-111332,EXT-10300,2026-10-05T12:00:00+05:30,transfer,Payment observed,Review payment evidence,TX-111332
EV-TX-111334,EXT-10300,2026-10-14T12:00:00+05:30,transfer,Payment observed,Review payment evidence,TX-111334
EV-TX-111340,EXT-10300,2026-11-05T12:00:00+05:30,transfer,Payment observed,Review payment evidence,TX-111340
EV-TX-111342,EXT-10301,2026-08-02T12:00:00+05:30,transfer,Payment observed,Review payment evidence,TX-111342
EV-TX-111344,EXT-10301,2026-08-06T12:00:00+05:30,transfer,Payment observed,Review payment evidence,TX-111344
EV-TX-111347,EXT-10301,2026-08-20T12:00:00+05:30,transfer,Payment observed,Review payment evidence,TX-111347
EV-TX-111349,EXT-10301,2026-08-23T12:00:00+05:30,transfer,Payment observed,Review payment evidence,TX-111349
EV-TX-111354,EXT-10301,2026-09-02T12:00:00+05:30,transfer,Payment observed,Review payment evidence,TX-111354
EV-TX-111356,EXT-10301,2026-09-06T12:00:00+05:30,transfer,Payment observed,Review payment evidence,TX-111356
EV-TX-111359,EXT-10301,2026-09-16T14:36:00+05:30,transfer,Payment observed,Review payment evidence,TX-111359
EV-TX-111360,EXT-10301,2026-09-19T10:00:00+05:30,transfer,Payment observed,Review payment evidence,TX-111360
EV-TX-111361,EXT-10301,2026-09-20T12:00:00+05:30,transfer,Payment observed,Review payment evidence,TX-111361
EV-TX-111363,EXT-10301,2026-09-23T12:00:00+05:30,transfer,Payment observed,Review payment evidence,TX-111363
EV-TX-111368,EXT-10301,2026-10-02T12:00:00+05:30,transfer,Payment observed,Review payment evidence,TX-111368
EV-TX-111370,EXT-10301,2026-10-06T12:00:00+05:30,transfer,Payment observed,Review payment evidence,TX-111370
EV-TX-111373,EXT-10301,2026-10-20T12:00:00+05:30,transfer,Payment observed,Review payment evidence,TX-111373
EV-TX-111375,EXT-10301,2026-10-23T12:00:00+05:30,transfer,Payment observed,Review payment evidence,TX-111375
EV-TX-111380,EXT-10301,2026-11-02T12:00:00+05:30,transfer,Payment observed,Review payment evidence,TX-111380
EV-TX-111386,EXT-10302,2026-08-17T12:00:00+05:30,transfer,Payment observed,Review payment evidence,TX-111386
EV-TX-111392,EXT-10302,2026-08-28T12:00:00+05:30,transfer,Payment observed,Review payment evidence,TX-111392
EV-TX-111396,EXT-10302,2026-09-09T13:03:00+05:30,transfer,Payment observed,Review payment evidence,TX-111396
EV-TX-111397,EXT-10302,2026-09-09T13:06:00+05:30,transfer,Payment observed,Review payment evidence,TX-111397
EV-TX-111399,EXT-10302,2026-09-17T12:00:00+05:30,transfer,Payment observed,Review payment evidence,TX-111399
EV-TX-111400,EXT-10302,2026-09-17T17:18:00+05:30,transfer,Payment observed,Review payment evidence,TX-111400
EV-TX-111401,EXT-10302,2026-09-17T17:27:00+05:30,transfer,Payment observed,Review payment evidence,TX-111401
EV-TX-111407,EXT-10302,2026-09-28T12:00:00+05:30,transfer,Payment observed,Review payment evidence,TX-111407
EV-TX-111412,EXT-10302,2026-10-17T12:00:00+05:30,transfer,Payment observed,Review payment evidence,TX-111412
EV-TX-111417,EXT-10302,2026-10-28T12:00:00+05:30,transfer,Payment observed,Review payment evidence,TX-111417
EV-TX-111424,EXT-10303,2026-08-10T12:00:00+05:30,transfer,Payment observed,Review payment evidence,TX-111424
EV-TX-111426,EXT-10303,2026-08-15T12:00:00+05:30,transfer,Payment observed,Review payment evidence,TX-111426
EV-TX-111433,EXT-10303,2026-09-10T12:00:00+05:30,transfer,Payment observed,Review payment evidence,TX-111433
EV-TX-111434,EXT-10303,2026-09-12T15:16:00+05:30,transfer,Payment observed,Review payment evidence,TX-111434
EV-TX-111435,EXT-10303,2026-09-12T15:19:00+05:30,transfer,Payment observed,Review payment evidence,TX-111435
EV-TX-111437,EXT-10303,2026-09-15T12:00:00+05:30,transfer,Payment observed,Review payment evidence,TX-111437
EV-TX-111444,EXT-10303,2026-10-10T12:00:00+05:30,transfer,Payment observed,Review payment evidence,TX-111444
EV-TX-111446,EXT-10303,2026-10-15T12:00:00+05:30,transfer,Payment observed,Review payment evidence,TX-111446
EV-TX-111454,EXT-10304,2026-08-02T12:00:00+05:30,transfer,Payment observed,Review payment evidence,TX-111454
EV-TX-111459,EXT-10304,2026-08-22T12:00:00+05:30,transfer,Payment observed,Review payment evidence,TX-111459
EV-TX-111461,EXT-10304,2026-08-26T12:00:00+05:30,transfer,Payment observed,Review payment evidence,TX-111461
EV-TX-111464,EXT-10304,2026-09-02T12:00:00+05:30,transfer,Payment observed,Review payment evidence,TX-111464
EV-TX-111469,EXT-10304,2026-09-22T12:00:00+05:30,transfer,Payment observed,Review payment evidence,TX-111469
EV-TX-111471,EXT-10304,2026-09-26T12:00:00+05:30,transfer,Payment observed,Review payment evidence,TX-111471
EV-TX-111475,EXT-10304,2026-10-02T12:00:00+05:30,transfer,Payment observed,Review payment evidence,TX-111475
EV-TX-111480,EXT-10304,2026-10-22T12:00:00+05:30,transfer,Payment observed,Review payment evidence,TX-111480
EV-TX-111484,EXT-10304,2026-11-02T12:00:00+05:30,transfer,Payment observed,Review payment evidence,TX-111484
EV-TX-111491,EXT-10305,2026-08-15T12:00:00+05:30,transfer,Payment observed,Review payment evidence,TX-111491
EV-TX-111492,EXT-10305,2026-08-18T12:00:00+05:30,transfer,Payment observed,Review payment evidence,TX-111492
EV-TX-111497,EXT-10305,2026-08-28T12:00:00+05:30,transfer,Payment observed,Review payment evidence,TX-111497
EV-TX-111501,EXT-10305,2026-09-15T12:00:00+05:30,transfer,Payment observed,Review payment evidence,TX-111501
EV-TX-111502,EXT-10305,2026-09-16T15:15:00+05:30,transfer,Payment observed,Review payment evidence,TX-111502
EV-TX-111503,EXT-10305,2026-09-16T15:19:00+05:30,transfer,Payment observed,Review payment evidence,TX-111503
EV-TX-111504,EXT-10305,2026-09-18T12:00:00+05:30,transfer,Payment observed,Review payment evidence,TX-111504
EV-TX-111509,EXT-10305,2026-09-28T12:00:00+05:30,transfer,Payment observed,Review payment evidence,TX-111509
EV-TX-111513,EXT-10305,2026-10-15T12:00:00+05:30,transfer,Payment observed,Review payment evidence,TX-111513
EV-TX-111514,EXT-10305,2026-10-18T12:00:00+05:30,transfer,Payment observed,Review payment evidence,TX-111514
EV-TX-111519,EXT-10305,2026-10-28T12:00:00+05:30,transfer,Payment observed,Review payment evidence,TX-111519
EV-TX-111527,EXT-10306,2026-08-21T12:00:00+05:30,transfer,Payment observed,Review payment evidence,TX-111527
EV-TX-111529,EXT-10306,2026-08-25T12:00:00+05:30,transfer,Payment observed,Review payment evidence,TX-111529
EV-TX-111535,EXT-10306,2026-09-15T13:56:00+05:30,transfer,Payment observed,Review payment evidence,TX-111535
EV-TX-111536,EXT-10306,2026-09-15T14:05:00+05:30,transfer,Payment observed,Review payment evidence,TX-111536
EV-TX-111538,EXT-10306,2026-09-21T12:00:00+05:30,transfer,Payment observed,Review payment evidence,TX-111538
EV-TX-111540,EXT-10306,2026-09-25T12:00:00+05:30,transfer,Payment observed,Review payment evidence,TX-111540
EV-TX-111555,EXT-10307,2026-08-07T12:00:00+05:30,transfer,Payment observed,Review payment evidence,TX-111555
EV-TX-111558,EXT-10307,2026-08-17T12:00:00+05:30,transfer,Payment observed,Review payment evidence,TX-111558
EV-TX-111562,EXT-10307,2026-08-27T12:00:00+05:30,transfer,Payment observed,Review payment evidence,TX-111562
EV-TX-111565,EXT-10307,2026-09-07T12:00:00+05:30,transfer,Payment observed,Review payment evidence,TX-111565
EV-TX-111568,EXT-10307,2026-09-17T12:00:00+05:30,transfer,Payment observed,Review payment evidence,TX-111568
EV-TX-111572,EXT-10307,2026-09-27T12:00:00+05:30,transfer,Payment observed,Review payment evidence,TX-111572
EV-TX-111574,EXT-10307,2026-10-07T12:00:00+05:30,transfer,Payment observed,Review payment evidence,TX-111574
EV-TX-111577,EXT-10307,2026-10-17T12:00:00+05:30,transfer,Payment observed,Review payment evidence,TX-111577
EV-TX-111581,EXT-10307,2026-10-27T12:00:00+05:30,transfer,Payment observed,Review payment evidence,TX-111581
EV-TX-111589,EXT-10308,2026-08-21T12:00:00+05:30,transfer,Payment observed,Review payment evidence,TX-111589
EV-TX-111590,EXT-10308,2026-08-22T12:00:00+05:30,transfer,Payment observed,Review payment evidence,TX-111590
EV-TX-111596,EXT-10308,2026-09-09T13:18:00+05:30,transfer,Payment observed,Review payment evidence,TX-111596
EV-TX-111597,EXT-10308,2026-09-09T13:23:00+05:30,transfer,Payment observed,Review payment evidence,TX-111597
EV-TX-111623,EXT-10309,2026-08-09T12:00:00+05:30,transfer,Payment observed,Review payment evidence,TX-111623
EV-TX-111624,EXT-10309,2026-08-12T12:00:00+05:30,transfer,Payment observed,Review payment evidence,TX-111624
EV-TX-111634,EXT-10309,2026-09-09T12:00:00+05:30,transfer,Payment observed,Review payment evidence,TX-111634
EV-TX-111635,EXT-10309,2026-09-12T12:00:00+05:30,transfer,Payment observed,Review payment evidence,TX-111635
EV-TX-111637,EXT-10309,2026-09-18T14:00:00+05:30,transfer,Payment observed,Review payment evidence,TX-111637
EV-TX-111638,EXT-10309,2026-09-18T14:03:00+05:30,transfer,Payment observed,Review payment evidence,TX-111638
EV-TX-111639,EXT-10309,2026-09-18T14:06:00+05:30,transfer,Payment observed,Review payment evidence,TX-111639
EV-TX-111640,EXT-10309,2026-09-18T14:14:00+05:30,transfer,Payment observed,Review payment evidence,TX-111640
EV-TX-111647,EXT-10309,2026-10-09T12:00:00+05:30,transfer,Payment observed,Review payment evidence,TX-111647
EV-TX-111648,EXT-10309,2026-10-12T12:00:00+05:30,transfer,Payment observed,Review payment evidence,TX-111648
EV-TX-111658,EXT-10310,2026-08-05T12:00:00+05:30,transfer,Payment observed,Review payment evidence,TX-111658
EV-TX-111659,EXT-10310,2026-08-06T12:00:00+05:30,transfer,Payment observed,Review payment evidence,TX-111659
EV-TX-111662,EXT-10310,2026-08-20T12:00:00+05:30,transfer,Payment observed,Review payment evidence,TX-111662
EV-TX-111667,EXT-10310,2026-09-05T12:00:00+05:30,transfer,Payment observed,Review payment evidence,TX-111667
EV-TX-111668,EXT-10310,2026-09-06T12:00:00+05:30,transfer,Payment observed,Review payment evidence,TX-111668
EV-TX-111670,EXT-10310,2026-09-12T14:00:00+05:30,transfer,Payment observed,Review payment evidence,TX-111670
EV-TX-111671,EXT-10310,2026-09-12T14:03:00+05:30,transfer,Payment observed,Review payment evidence,TX-111671
EV-TX-111672,EXT-10310,2026-09-12T14:06:00+05:30,transfer,Payment observed,Review payment evidence,TX-111672
EV-TX-111673,EXT-10310,2026-09-12T14:14:00+05:30,transfer,Payment observed,Review payment evidence,TX-111673
EV-TX-111674,EXT-10310,2026-09-14T16:41:00+05:30,transfer,Payment observed,Review payment evidence,TX-111674
EV-TX-111675,EXT-10310,2026-09-14T16:44:00+05:30,transfer,Payment observed,Review payment evidence,TX-111675
EV-TX-111677,EXT-10310,2026-09-20T12:00:00+05:30,transfer,Payment observed,Review payment evidence,TX-111677
EV-TX-111682,EXT-10310,2026-10-05T12:00:00+05:30,transfer,Payment observed,Review payment evidence,TX-111682
EV-TX-111683,EXT-10310,2026-10-06T12:00:00+05:30,transfer,Payment observed,Review payment evidence,TX-111683
EV-TX-111686,EXT-10310,2026-10-20T12:00:00+05:30,transfer,Payment observed,Review payment evidence,TX-111686
EV-TX-111691,EXT-10310,2026-11-05T12:00:00+05:30,transfer,Payment observed,Review payment evidence,TX-111691
EV-TX-111695,EXT-10311,2026-08-20T12:00:00+05:30,transfer,Payment observed,Review payment evidence,TX-111695
EV-TX-111697,EXT-10311,2026-08-23T12:00:00+05:30,transfer,Payment observed,Review payment evidence,TX-111697
EV-TX-111698,EXT-10311,2026-08-25T12:00:00+05:30,transfer,Payment observed,Review payment evidence,TX-111698
EV-TX-111702,EXT-10311,2026-08-28T12:00:00+05:30,transfer,Payment observed,Review payment evidence,TX-111702
EV-TX-111705,EXT-10311,2026-09-08T16:38:00+05:30,transfer,Payment observed,Review payment evidence,TX-111705
EV-TX-111706,EXT-10311,2026-09-08T16:47:00+05:30,transfer,Payment observed,Review payment evidence,TX-111706
EV-TX-111708,EXT-10311,2026-09-14T14:16:00+05:30,transfer,Payment observed,Review payment evidence,TX-111708
EV-TX-111709,EXT-10311,2026-09-14T14:26:00+05:30,transfer,Payment observed,Review payment evidence,TX-111709
EV-TX-111711,EXT-10311,2026-09-20T12:00:00+05:30,transfer,Payment observed,Review payment evidence,TX-111711
EV-TX-111713,EXT-10311,2026-09-23T12:00:00+05:30,transfer,Payment observed,Review payment evidence,TX-111713
EV-TX-111714,EXT-10311,2026-09-25T12:00:00+05:30,transfer,Payment observed,Review payment evidence,TX-111714
EV-TX-111718,EXT-10311,2026-09-28T12:00:00+05:30,transfer,Payment observed,Review payment evidence,TX-111718
EV-TX-111724,EXT-10311,2026-10-20T12:00:00+05:30,transfer,Payment observed,Review payment evidence,TX-111724
EV-TX-111726,EXT-10311,2026-10-23T12:00:00+05:30,transfer,Payment observed,Review payment evidence,TX-111726
EV-TX-111727,EXT-10311,2026-10-25T12:00:00+05:30,transfer,Payment observed,Review payment evidence,TX-111727
EV-TX-111731,EXT-10311,2026-10-28T12:00:00+05:30,transfer,Payment observed,Review payment evidence,TX-111731
EV-TX-111737,EXT-10312,2026-08-07T12:00:00+05:30,transfer,Payment observed,Review payment evidence,TX-111737
EV-TX-111742,EXT-10312,2026-08-27T12:00:00+05:30,transfer,Payment observed,Review payment evidence,TX-111742
EV-TX-111746,EXT-10312,2026-09-07T12:00:00+05:30,transfer,Payment observed,Review payment evidence,TX-111746
EV-TX-111748,EXT-10312,2026-09-13T13:53:00+05:30,transfer,Payment observed,Review payment evidence,TX-111748
EV-TX-111749,EXT-10312,2026-09-13T13:56:00+05:30,transfer,Payment observed,Review payment evidence,TX-111749
EV-TX-111750,EXT-10312,2026-09-13T14:07:00+05:30,transfer,Payment observed,Review payment evidence,TX-111750
EV-TX-111752,EXT-10312,2026-09-19T16:22:00+05:30,transfer,Payment observed,Review payment evidence,TX-111752
EV-TX-111753,EXT-10312,2026-09-19T16:25:00+05:30,transfer,Payment observed,Review payment evidence,TX-111753
EV-TX-111756,EXT-10312,2026-09-27T12:00:00+05:30,transfer,Payment observed,Review payment evidence,TX-111756
EV-TX-111760,EXT-10312,2026-10-07T12:00:00+05:30,transfer,Payment observed,Review payment evidence,TX-111760
EV-TX-111765,EXT-10312,2026-10-27T12:00:00+05:30,transfer,Payment observed,Review payment evidence,TX-111765
EV-TX-111773,EXT-10313,2026-08-14T12:00:00+05:30,transfer,Payment observed,Review payment evidence,TX-111773
EV-TX-111775,EXT-10313,2026-08-16T12:00:00+05:30,transfer,Payment observed,Review payment evidence,TX-111775
EV-TX-111776,EXT-10313,2026-08-17T12:00:00+05:30,transfer,Payment observed,Review payment evidence,TX-111776
EV-TX-111779,EXT-10313,2026-08-22T12:00:00+05:30,transfer,Payment observed,Review payment evidence,TX-111779
EV-TX-111784,EXT-10313,2026-09-14T12:00:00+05:30,transfer,Payment observed,Review payment evidence,TX-111784
EV-TX-111785,EXT-10313,2026-09-14T16:21:00+05:30,transfer,Payment observed,Review payment evidence,TX-111785
EV-TX-111786,EXT-10313,2026-09-14T16:24:00+05:30,transfer,Payment observed,Review payment evidence,TX-111786
EV-TX-111787,EXT-10313,2026-09-14T16:27:00+05:30,transfer,Payment observed,Review payment evidence,TX-111787
EV-TX-111789,EXT-10313,2026-09-16T12:00:00+05:30,transfer,Payment observed,Review payment evidence,TX-111789
EV-TX-111790,EXT-10313,2026-09-17T12:00:00+05:30,transfer,Payment observed,Review payment evidence,TX-111790
EV-TX-111791,EXT-10313,2026-09-19T15:20:00+05:30,transfer,Payment observed,Review payment evidence,TX-111791
EV-TX-111792,EXT-10313,2026-09-19T15:29:00+05:30,transfer,Payment observed,Review payment evidence,TX-111792
EV-TX-111795,EXT-10313,2026-09-22T10:00:00+05:30,transfer,Payment observed,Review payment evidence,TX-111795
EV-TX-111802,EXT-10313,2026-10-14T12:00:00+05:30,transfer,Payment observed,Review payment evidence,TX-111802
EV-TX-111804,EXT-10313,2026-10-16T12:00:00+05:30,transfer,Payment observed,Review payment evidence,TX-111804
EV-TX-111805,EXT-10313,2026-10-17T12:00:00+05:30,transfer,Payment observed,Review payment evidence,TX-111805
EV-TX-111808,EXT-10313,2026-10-22T12:00:00+05:30,transfer,Payment observed,Review payment evidence,TX-111808
EV-TX-111816,EXT-10314,2026-08-02T12:00:00+05:30,transfer,Payment observed,Review payment evidence,TX-111816
EV-TX-111820,EXT-10314,2026-08-15T12:00:00+05:30,transfer,Payment observed,Review payment evidence,TX-111820
EV-TX-111825,EXT-10314,2026-09-02T12:00:00+05:30,transfer,Payment observed,Review payment evidence,TX-111825
EV-TX-111828,EXT-10314,2026-09-12T13:20:00+05:30,transfer,Payment observed,Review payment evidence,TX-111828
EV-TX-111829,EXT-10314,2026-09-12T13:27:00+05:30,transfer,Payment observed,Review payment evidence,TX-111829
EV-TX-111830,EXT-10314,2026-09-12T13:26:00+05:30,transfer,Payment observed,Review payment evidence,TX-111830
EV-TX-111832,EXT-10314,2026-09-15T12:00:00+05:30,transfer,Payment observed,Review payment evidence,TX-111832
EV-TX-111837,EXT-10314,2026-10-02T12:00:00+05:30,transfer,Payment observed,Review payment evidence,TX-111837
EV-TX-111841,EXT-10314,2026-10-15T12:00:00+05:30,transfer,Payment observed,Review payment evidence,TX-111841
EV-TX-111846,EXT-10314,2026-11-02T12:00:00+05:30,transfer,Payment observed,Review payment evidence,TX-111846
EV-TX-111851,EXT-10315,2026-08-03T12:00:00+05:30,transfer,Payment observed,Review payment evidence,TX-111851
EV-TX-111855,EXT-10315,2026-08-23T12:00:00+05:30,transfer,Payment observed,Review payment evidence,TX-111855
EV-TX-111856,EXT-10315,2026-08-25T12:00:00+05:30,transfer,Payment observed,Review payment evidence,TX-111856
EV-TX-111861,EXT-10315,2026-09-03T12:00:00+05:30,transfer,Payment observed,Review payment evidence,TX-111861
EV-TX-111863,EXT-10315,2026-09-10T15:33:00+05:30,transfer,Payment observed,Review payment evidence,TX-111863
EV-TX-111864,EXT-10315,2026-09-10T15:39:00+05:30,transfer,Payment observed,Review payment evidence,TX-111864
EV-TX-111867,EXT-10315,2026-09-23T12:00:00+05:30,transfer,Payment observed,Review payment evidence,TX-111867
EV-TX-111868,EXT-10315,2026-09-25T12:00:00+05:30,transfer,Payment observed,Review payment evidence,TX-111868
EV-TX-111874,EXT-10315,2026-10-03T12:00:00+05:30,transfer,Payment observed,Review payment evidence,TX-111874
EV-TX-111878,EXT-10315,2026-10-23T12:00:00+05:30,transfer,Payment observed,Review payment evidence,TX-111878
EV-TX-111879,EXT-10315,2026-10-25T12:00:00+05:30,transfer,Payment observed,Review payment evidence,TX-111879
EV-TX-111885,EXT-10315,2026-11-03T12:00:00+05:30,transfer,Payment observed,Review payment evidence,TX-111885
EV-TX-111889,EXT-10316,2026-08-08T12:00:00+05:30,transfer,Payment observed,Review payment evidence,TX-111889
EV-TX-111895,EXT-10316,2026-08-26T12:00:00+05:30,transfer,Payment observed,Review payment evidence,TX-111895
EV-TX-111898,EXT-10316,2026-09-08T12:00:00+05:30,transfer,Payment observed,Review payment evidence,TX-111898
EV-TX-111904,EXT-10316,2026-09-26T12:00:00+05:30,transfer,Payment observed,Review payment evidence,TX-111904
EV-TX-111907,EXT-10316,2026-10-08T12:00:00+05:30,transfer,Payment observed,Review payment evidence,TX-111907
EV-TX-111913,EXT-10316,2026-10-26T12:00:00+05:30,transfer,Payment observed,Review payment evidence,TX-111913
EV-TX-111919,EXT-10317,2026-08-05T12:00:00+05:30,transfer,Payment observed,Review payment evidence,TX-111919
EV-TX-111923,EXT-10317,2026-08-24T12:00:00+05:30,transfer,Payment observed,Review payment evidence,TX-111923
EV-TX-111928,EXT-10317,2026-09-05T12:00:00+05:30,transfer,Payment observed,Review payment evidence,TX-111928
EV-TX-111932,EXT-10317,2026-09-24T12:00:00+05:30,transfer,Payment observed,Review payment evidence,TX-111932
EV-TX-111938,EXT-10317,2026-10-05T12:00:00+05:30,transfer,Payment observed,Review payment evidence,TX-111938
EV-TX-111948,EXT-10317,2026-11-05T12:00:00+05:30,transfer,Payment observed,Review payment evidence,TX-111948
EV-TX-111953,EXT-10318,2026-08-09T12:00:00+05:30,transfer,Payment observed,Review payment evidence,TX-111953
EV-TX-111955,EXT-10318,2026-08-20T12:00:00+05:30,transfer,Payment observed,Review payment evidence,TX-111955
EV-TX-111962,EXT-10318,2026-09-09T12:00:00+05:30,transfer,Payment observed,Review payment evidence,TX-111962
EV-TX-111964,EXT-10318,2026-09-18T15:37:00+05:30,transfer,Payment observed,Review payment evidence,TX-111964
EV-TX-111965,EXT-10318,2026-09-18T15:42:00+05:30,transfer,Payment observed,Review payment evidence,TX-111965
EV-TX-111966,EXT-10318,2026-09-18T15:49:00+05:30,transfer,Payment observed,Review payment evidence,TX-111966
EV-TX-111967,EXT-10318,2026-09-19T15:13:00+05:30,transfer,Payment observed,Review payment evidence,TX-111967
EV-TX-111968,EXT-10318,2026-09-19T15:23:00+05:30,transfer,Payment observed,Review payment evidence,TX-111968
EV-TX-111969,EXT-10318,2026-09-20T12:00:00+05:30,transfer,Payment observed,Review payment evidence,TX-111969
EV-TX-111992,EXT-10319,2026-08-06T12:00:00+05:30,transfer,Payment observed,Review payment evidence,TX-111992
EV-TX-111995,EXT-10319,2026-08-16T12:00:00+05:30,transfer,Payment observed,Review payment evidence,TX-111995
EV-TX-111996,EXT-10319,2026-08-17T12:00:00+05:30,transfer,Payment observed,Review payment evidence,TX-111996
EV-TX-112001,EXT-10319,2026-09-06T12:00:00+05:30,transfer,Payment observed,Review payment evidence,TX-112001
EV-TX-112004,EXT-10319,2026-09-16T12:00:00+05:30,transfer,Payment observed,Review payment evidence,TX-112004
EV-TX-112005,EXT-10319,2026-09-17T12:00:00+05:30,transfer,Payment observed,Review payment evidence,TX-112005
EV-TX-112011,EXT-10319,2026-10-06T12:00:00+05:30,transfer,Payment observed,Review payment evidence,TX-112011
EV-TX-112014,EXT-10319,2026-10-16T12:00:00+05:30,transfer,Payment observed,Review payment evidence,TX-112014
EV-TX-112015,EXT-10319,2026-10-17T12:00:00+05:30,transfer,Payment observed,Review payment evidence,TX-112015
EV-TX-112025,EXT-10320,2026-08-12T12:00:00+05:30,transfer,Payment observed,Review payment evidence,TX-112025
EV-TX-112026,EXT-10320,2026-08-14T12:00:00+05:30,transfer,Payment observed,Review payment evidence,TX-112026
EV-TX-112037,EXT-10320,2026-09-10T16:25:00+05:30,transfer,Payment observed,Review payment evidence,TX-112037
EV-TX-112038,EXT-10320,2026-09-10T16:33:00+05:30,transfer,Payment observed,Review payment evidence,TX-112038
EV-TX-112039,EXT-10320,2026-09-12T12:00:00+05:30,transfer,Payment observed,Review payment evidence,TX-112039
EV-TX-112040,EXT-10320,2026-09-14T12:00:00+05:30,transfer,Payment observed,Review payment evidence,TX-112040
EV-TX-112049,EXT-10320,2026-10-12T12:00:00+05:30,transfer,Payment observed,Review payment evidence,TX-112049
EV-TX-112050,EXT-10320,2026-10-14T12:00:00+05:30,transfer,Payment observed,Review payment evidence,TX-112050
EV-TX-112057,EXT-10321,2026-08-04T12:00:00+05:30,transfer,Payment observed,Review payment evidence,TX-112057
EV-TX-112059,EXT-10321,2026-08-13T12:00:00+05:30,transfer,Payment observed,Review payment evidence,TX-112059
EV-TX-112060,EXT-10321,2026-08-14T12:00:00+05:30,transfer,Payment observed,Review payment evidence,TX-112060
EV-TX-112062,EXT-10321,2026-08-19T12:00:00+05:30,transfer,Payment observed,Review payment evidence,TX-112062
EV-TX-112071,EXT-10321,2026-09-04T12:00:00+05:30,transfer,Payment observed,Review payment evidence,TX-112071
EV-TX-112072,EXT-10321,2026-09-08T14:00:00+05:30,transfer,Payment observed,Review payment evidence,TX-112072
EV-TX-112073,EXT-10321,2026-09-08T14:03:00+05:30,transfer,Payment observed,Review payment evidence,TX-112073
EV-TX-112074,EXT-10321,2026-09-08T14:06:00+05:30,transfer,Payment observed,Review payment evidence,TX-112074
EV-TX-112075,EXT-10321,2026-09-08T14:14:00+05:30,transfer,Payment observed,Review payment evidence,TX-112075
EV-TX-112089,EXT-10321,2026-10-04T12:00:00+05:30,transfer,Payment observed,Review payment evidence,TX-112089
EV-TX-112094,EXT-10321,2026-11-04T12:00:00+05:30,transfer,Payment observed,Review payment evidence,TX-112094
EV-TX-112097,EXT-10322,2026-08-05T12:00:00+05:30,transfer,Payment observed,Review payment evidence,TX-112097
EV-TX-112108,EXT-10322,2026-09-05T12:00:00+05:30,transfer,Payment observed,Review payment evidence,TX-112108
EV-TX-112109,EXT-10322,2026-09-08T14:00:00+05:30,transfer,Payment observed,Review payment evidence,TX-112109
EV-TX-112110,EXT-10322,2026-09-08T14:03:00+05:30,transfer,Payment observed,Review payment evidence,TX-112110
EV-TX-112111,EXT-10322,2026-09-08T14:06:00+05:30,transfer,Payment observed,Review payment evidence,TX-112111
EV-TX-112112,EXT-10322,2026-09-08T14:14:00+05:30,transfer,Payment observed,Review payment evidence,TX-112112
EV-TX-112115,EXT-10322,2026-09-19T12:00:00+05:30,transfer,Payment observed,Review payment evidence,TX-112115
EV-TX-112123,EXT-10322,2026-10-05T12:00:00+05:30,transfer,Payment observed,Review payment evidence,TX-112123
EV-TX-112126,EXT-10322,2026-10-19T12:00:00+05:30,transfer,Payment observed,Review payment evidence,TX-112126
EV-TX-112132,EXT-10322,2026-11-05T12:00:00+05:30,transfer,Payment observed,Review payment evidence,TX-112132
EV-TX-112135,EXT-10323,2026-08-06T12:00:00+05:30,transfer,Payment observed,Review payment evidence,TX-112135
EV-TX-112137,EXT-10323,2026-08-13T12:00:00+05:30,transfer,Payment observed,Review payment evidence,TX-112137
EV-TX-112139,EXT-10323,2026-08-19T12:00:00+05:30,transfer,Payment observed,Review payment evidence,TX-112139
EV-TX-112145,EXT-10323,2026-09-06T12:00:00+05:30,transfer,Payment observed,Review payment evidence,TX-112145
EV-TX-112147,EXT-10323,2026-09-13T12:00:00+05:30,transfer,Payment observed,Review payment evidence,TX-112147
EV-TX-112149,EXT-10323,2026-09-16T13:36:00+05:30,transfer,Payment observed,Review payment evidence,TX-112149
EV-TX-112150,EXT-10323,2026-09-16T13:46:00+05:30,transfer,Payment observed,Review payment evidence,TX-112150
EV-TX-112151,EXT-10323,2026-09-17T16:21:00+05:30,transfer,Payment observed,Review payment evidence,TX-112151
EV-TX-112152,EXT-10323,2026-09-17T16:24:00+05:30,transfer,Payment observed,Review payment evidence,TX-112152
EV-TX-112153,EXT-10323,2026-09-19T12:00:00+05:30,transfer,Payment observed,Review payment evidence,TX-112153
EV-TX-112155,EXT-10323,2026-09-22T13:47:00+05:30,transfer,Payment observed,Review payment evidence,TX-112155
EV-TX-112161,EXT-10323,2026-10-06T12:00:00+05:30,transfer,Payment observed,Review payment evidence,TX-112161
EV-TX-112163,EXT-10323,2026-10-13T12:00:00+05:30,transfer,Payment observed,Review payment evidence,TX-112163
EV-TX-112165,EXT-10323,2026-10-19T12:00:00+05:30,transfer,Payment observed,Review payment evidence,TX-112165
EV-TX-112176,EXT-10324,2026-08-18T12:00:00+05:30,transfer,Payment observed,Review payment evidence,TX-112176
EV-TX-112178,EXT-10324,2026-08-25T12:00:00+05:30,transfer,Payment observed,Review payment evidence,TX-112178
EV-TX-112181,EXT-10324,2026-08-27T12:00:00+05:30,transfer,Payment observed,Review payment evidence,TX-112181
EV-TX-112185,EXT-10324,2026-09-09T14:49:00+05:30,transfer,Payment observed,Review payment evidence,TX-112185
EV-TX-112186,EXT-10324,2026-09-09T14:54:00+05:30,transfer,Payment observed,Review payment evidence,TX-112186
EV-TX-112188,EXT-10324,2026-09-18T12:00:00+05:30,transfer,Payment observed,Review payment evidence,TX-112188
EV-TX-112189,EXT-10324,2026-09-20T16:01:00+05:30,transfer,Payment observed,Review payment evidence,TX-112189
EV-TX-112190,EXT-10324,2026-09-20T16:06:00+05:30,transfer,Payment observed,Review payment evidence,TX-112190
EV-TX-112192,EXT-10324,2026-09-25T12:00:00+05:30,transfer,Payment observed,Review payment evidence,TX-112192
EV-TX-112195,EXT-10324,2026-09-27T12:00:00+05:30,transfer,Payment observed,Review payment evidence,TX-112195
EV-TX-112200,EXT-10324,2026-10-18T12:00:00+05:30,transfer,Payment observed,Review payment evidence,TX-112200
EV-TX-112202,EXT-10324,2026-10-25T12:00:00+05:30,transfer,Payment observed,Review payment evidence,TX-112202
EV-TX-112205,EXT-10324,2026-10-27T12:00:00+05:30,transfer,Payment observed,Review payment evidence,TX-112205
EV-TX-112211,EXT-10325,2026-08-06T12:00:00+05:30,transfer,Payment observed,Review payment evidence,TX-112211
EV-TX-112213,EXT-10325,2026-08-09T12:00:00+05:30,transfer,Payment observed,Review payment evidence,TX-112213
EV-TX-112220,EXT-10325,2026-09-06T12:00:00+05:30,transfer,Payment observed,Review payment evidence,TX-112220
EV-TX-112222,EXT-10325,2026-09-09T12:00:00+05:30,transfer,Payment observed,Review payment evidence,TX-112222
EV-TX-112224,EXT-10325,2026-09-15T16:23:00+05:30,transfer,Payment observed,Review payment evidence,TX-112224
EV-TX-112225,EXT-10325,2026-09-15T16:28:00+05:30,transfer,Payment observed,Review payment evidence,TX-112225
EV-TX-112226,EXT-10325,2026-09-18T10:00:00+05:30,transfer,Payment observed,Review payment evidence,TX-112226
EV-TX-112227,EXT-10325,2026-09-19T15:04:00+05:30,transfer,Payment observed,Review payment evidence,TX-112227
EV-TX-112228,EXT-10325,2026-09-19T15:11:00+05:30,transfer,Payment observed,Review payment evidence,TX-112228
EV-TX-112229,EXT-10325,2026-09-19T15:20:00+05:30,transfer,Payment observed,Review payment evidence,TX-112229
EV-TX-112235,EXT-10325,2026-10-06T12:00:00+05:30,transfer,Payment observed,Review payment evidence,TX-112235
EV-TX-112237,EXT-10325,2026-10-09T12:00:00+05:30,transfer,Payment observed,Review payment evidence,TX-112237
EV-TX-112247,EXT-10326,2026-08-06T12:00:00+05:30,transfer,Payment observed,Review payment evidence,TX-112247
EV-TX-112250,EXT-10326,2026-08-15T12:00:00+05:30,transfer,Payment observed,Review payment evidence,TX-112250
EV-TX-112256,EXT-10326,2026-09-06T12:00:00+05:30,transfer,Payment observed,Review payment evidence,TX-112256
EV-TX-112257,EXT-10326,2026-09-08T15:03:00+05:30,transfer,Payment observed,Review payment evidence,TX-112257
EV-TX-112258,EXT-10326,2026-09-08T15:11:00+05:30,transfer,Payment observed,Review payment evidence,TX-112258
EV-TX-112259,EXT-10326,2026-09-08T15:09:00+05:30,transfer,Payment observed,Review payment evidence,TX-112259
EV-TX-112261,EXT-10326,2026-09-13T15:04:00+05:30,transfer,Payment observed,Review payment evidence,TX-112261
EV-TX-112262,EXT-10326,2026-09-13T15:07:00+05:30,transfer,Payment observed,Review payment evidence,TX-112262
EV-TX-112263,EXT-10326,2026-09-13T15:14:00+05:30,transfer,Payment observed,Review payment evidence,TX-112263
EV-TX-112265,EXT-10326,2026-09-15T12:00:00+05:30,transfer,Payment observed,Review payment evidence,TX-112265
EV-TX-112273,EXT-10326,2026-10-06T12:00:00+05:30,transfer,Payment observed,Review payment evidence,TX-112273
EV-TX-112276,EXT-10326,2026-10-15T12:00:00+05:30,transfer,Payment observed,Review payment evidence,TX-112276
EV-TX-112285,EXT-10327,2026-08-04T12:00:00+05:30,transfer,Payment observed,Review payment evidence,TX-112285
EV-TX-112286,EXT-10327,2026-08-07T12:00:00+05:30,transfer,Payment observed,Review payment evidence,TX-112286
EV-TX-112288,EXT-10327,2026-08-13T12:00:00+05:30,transfer,Payment observed,Review payment evidence,TX-112288
EV-TX-112295,EXT-10327,2026-09-04T12:00:00+05:30,transfer,Payment observed,Review payment evidence,TX-112295
EV-TX-112296,EXT-10327,2026-09-07T12:00:00+05:30,transfer,Payment observed,Review payment evidence,TX-112296
EV-TX-112298,EXT-10327,2026-09-11T13:21:00+05:30,transfer,Payment observed,Review payment evidence,TX-112298
EV-TX-112299,EXT-10327,2026-09-13T12:00:00+05:30,transfer,Payment observed,Review payment evidence,TX-112299
EV-TX-112306,EXT-10327,2026-10-04T12:00:00+05:30,transfer,Payment observed,Review payment evidence,TX-112306
EV-TX-112307,EXT-10327,2026-10-07T12:00:00+05:30,transfer,Payment observed,Review payment evidence,TX-112307
EV-TX-112309,EXT-10327,2026-10-13T12:00:00+05:30,transfer,Payment observed,Review payment evidence,TX-112309
EV-TX-112317,EXT-10327,2026-11-04T12:00:00+05:30,transfer,Payment observed,Review payment evidence,TX-112317
EV-TX-112321,EXT-10328,2026-08-08T12:00:00+05:30,transfer,Payment observed,Review payment evidence,TX-112321
EV-TX-112323,EXT-10328,2026-08-12T12:00:00+05:30,transfer,Payment observed,Review payment evidence,TX-112323
EV-TX-112328,EXT-10328,2026-08-26T12:00:00+05:30,transfer,Payment observed,Review payment evidence,TX-112328
EV-TX-112331,EXT-10328,2026-09-08T12:00:00+05:30,transfer,Payment observed,Review payment evidence,TX-112331
EV-TX-112333,EXT-10328,2026-09-12T12:00:00+05:30,transfer,Payment observed,Review payment evidence,TX-112333
EV-TX-112334,EXT-10328,2026-09-13T17:09:00+05:30,transfer,Payment observed,Review payment evidence,TX-112334
EV-TX-112335,EXT-10328,2026-09-13T17:15:00+05:30,transfer,Payment observed,Review payment evidence,TX-112335
EV-TX-112340,EXT-10328,2026-09-26T12:00:00+05:30,transfer,Payment observed,Review payment evidence,TX-112340
EV-TX-112343,EXT-10328,2026-10-08T12:00:00+05:30,transfer,Payment observed,Review payment evidence,TX-112343
EV-TX-112345,EXT-10328,2026-10-12T12:00:00+05:30,transfer,Payment observed,Review payment evidence,TX-112345
EV-TX-112350,EXT-10328,2026-10-26T12:00:00+05:30,transfer,Payment observed,Review payment evidence,TX-112350
EV-TX-112354,EXT-10329,2026-08-02T12:00:00+05:30,transfer,Payment observed,Review payment evidence,TX-112354
EV-TX-112359,EXT-10329,2026-08-18T12:00:00+05:30,transfer,Payment observed,Review payment evidence,TX-112359
EV-TX-112361,EXT-10329,2026-08-24T12:00:00+05:30,transfer,Payment observed,Review payment evidence,TX-112361
EV-TX-112364,EXT-10329,2026-09-02T12:00:00+05:30,transfer,Payment observed,Review payment evidence,TX-112364
EV-TX-112369,EXT-10329,2026-09-18T12:00:00+05:30,transfer,Payment observed,Review payment evidence,TX-112369
EV-TX-112371,EXT-10329,2026-09-24T12:00:00+05:30,transfer,Payment observed,Review payment evidence,TX-112371
EV-TX-112374,EXT-10329,2026-10-02T12:00:00+05:30,transfer,Payment observed,Review payment evidence,TX-112374
EV-TX-112379,EXT-10329,2026-10-18T12:00:00+05:30,transfer,Payment observed,Review payment evidence,TX-112379
EV-TX-112381,EXT-10329,2026-10-24T12:00:00+05:30,transfer,Payment observed,Review payment evidence,TX-112381
EV-TX-112384,EXT-10329,2026-11-02T12:00:00+05:30,transfer,Payment observed,Review payment evidence,TX-112384
EV-TX-112390,EXT-10330,2026-08-07T12:00:00+05:30,transfer,Payment observed,Review payment evidence,TX-112390
EV-TX-112394,EXT-10330,2026-08-21T12:00:00+05:30,transfer,Payment observed,Review payment evidence,TX-112394
EV-TX-112396,EXT-10330,2026-08-26T12:00:00+05:30,transfer,Payment observed,Review payment evidence,TX-112396
EV-TX-112397,EXT-10330,2026-08-28T12:00:00+05:30,transfer,Payment observed,Review payment evidence,TX-112397
EV-TX-112400,EXT-10330,2026-09-07T12:00:00+05:30,transfer,Payment observed,Review payment evidence,TX-112400
EV-TX-112403,EXT-10330,2026-09-18T15:15:00+05:30,transfer,Payment observed,Review payment evidence,TX-112403
EV-TX-112405,EXT-10330,2026-09-21T12:00:00+05:30,transfer,Payment observed,Review payment evidence,TX-112405
EV-TX-112407,EXT-10330,2026-09-26T12:00:00+05:30,transfer,Payment observed,Review payment evidence,TX-112407
EV-TX-112410,EXT-10330,2026-10-07T12:00:00+05:30,transfer,Payment observed,Review payment evidence,TX-112410
EV-TX-112421,EXT-10331,2026-08-06T12:00:00+05:30,transfer,Payment observed,Review payment evidence,TX-112421
EV-TX-112423,EXT-10331,2026-08-14T12:00:00+05:30,transfer,Payment observed,Review payment evidence,TX-112423
EV-TX-112425,EXT-10331,2026-08-20T12:00:00+05:30,transfer,Payment observed,Review payment evidence,TX-112425
EV-TX-112431,EXT-10331,2026-09-06T12:00:00+05:30,transfer,Payment observed,Review payment evidence,TX-112431
EV-TX-112433,EXT-10331,2026-09-14T12:00:00+05:30,transfer,Payment observed,Review payment evidence,TX-112433
EV-TX-112435,EXT-10331,2026-09-20T12:00:00+05:30,transfer,Payment observed,Review payment evidence,TX-112435
EV-TX-112442,EXT-10331,2026-10-06T12:00:00+05:30,transfer,Payment observed,Review payment evidence,TX-112442
EV-TX-112463,EXT-10332,2026-08-27T12:00:00+05:30,transfer,Payment observed,Review payment evidence,TX-112463
EV-TX-112464,EXT-10332,2026-08-28T12:00:00+05:30,transfer,Payment observed,Review payment evidence,TX-112464
EV-TX-112468,EXT-10332,2026-09-10T13:25:00+05:30,transfer,Payment observed,Review payment evidence,TX-112468
EV-TX-112469,EXT-10332,2026-09-10T13:32:00+05:30,transfer,Payment observed,Review payment evidence,TX-112469
EV-TX-112495,EXT-10333,2026-08-14T12:00:00+05:30,transfer,Payment observed,Review payment evidence,TX-112495
EV-TX-112498,EXT-10333,2026-08-21T12:00:00+05:30,transfer,Payment observed,Review payment evidence,TX-112498
EV-TX-112504,EXT-10333,2026-09-13T14:00:00+05:30,transfer,Payment observed,Review payment evidence,TX-112504
EV-TX-112505,EXT-10333,2026-09-13T14:03:00+05:30,transfer,Payment observed,Review payment evidence,TX-112505
EV-TX-112506,EXT-10333,2026-09-13T14:06:00+05:30,transfer,Payment observed,Review payment evidence,TX-112506
EV-TX-112507,EXT-10333,2026-09-13T14:14:00+05:30,transfer,Payment observed,Review payment evidence,TX-112507
EV-TX-112508,EXT-10333,2026-09-14T12:00:00+05:30,transfer,Payment observed,Review payment evidence,TX-112508
EV-TX-112511,EXT-10333,2026-09-21T12:00:00+05:30,transfer,Payment observed,Review payment evidence,TX-112511
EV-TX-112517,EXT-10333,2026-10-14T12:00:00+05:30,transfer,Payment observed,Review payment evidence,TX-112517
EV-TX-112520,EXT-10333,2026-10-21T12:00:00+05:30,transfer,Payment observed,Review payment evidence,TX-112520
EV-TX-112529,EXT-10334,2026-08-09T12:00:00+05:30,transfer,Payment observed,Review payment evidence,TX-112529
EV-TX-112531,EXT-10334,2026-08-18T12:00:00+05:30,transfer,Payment observed,Review payment evidence,TX-112531
EV-TX-112533,EXT-10334,2026-08-23T12:00:00+05:30,transfer,Payment observed,Review payment evidence,TX-112533
EV-TX-112534,EXT-10334,2026-08-24T12:00:00+05:30,transfer,Payment observed,Review payment evidence,TX-112534
EV-TX-112540,EXT-10334,2026-09-09T12:00:00+05:30,transfer,Payment observed,Review payment evidence,TX-112540
EV-TX-112541,EXT-10334,2026-09-10T13:15:00+05:30,transfer,Payment observed,Review payment evidence,TX-112541
EV-TX-112542,EXT-10334,2026-09-10T13:24:00+05:30,transfer,Payment observed,Review payment evidence,TX-112542
EV-TX-112543,EXT-10334,2026-09-14T14:00:00+05:30,transfer,Payment observed,Review payment evidence,TX-112543
EV-TX-112544,EXT-10334,2026-09-14T14:03:00+05:30,transfer,Payment observed,Review payment evidence,TX-112544
EV-TX-112545,EXT-10334,2026-09-14T14:06:00+05:30,transfer,Payment observed,Review payment evidence,TX-112545
EV-TX-112546,EXT-10334,2026-09-14T14:14:00+05:30,transfer,Payment observed,Review payment evidence,TX-112546
EV-TX-112548,EXT-10334,2026-09-18T12:00:00+05:30,transfer,Payment observed,Review payment evidence,TX-112548
EV-TX-112550,EXT-10334,2026-09-23T12:00:00+05:30,transfer,Payment observed,Review payment evidence,TX-112550
EV-TX-112551,EXT-10334,2026-09-24T12:00:00+05:30,transfer,Payment observed,Review payment evidence,TX-112551
EV-TX-112560,EXT-10334,2026-10-09T12:00:00+05:30,transfer,Payment observed,Review payment evidence,TX-112560
EV-TX-112562,EXT-10334,2026-10-18T12:00:00+05:30,transfer,Payment observed,Review payment evidence,TX-112562
EV-TX-112564,EXT-10334,2026-10-23T12:00:00+05:30,transfer,Payment observed,Review payment evidence,TX-112564
EV-TX-112565,EXT-10334,2026-10-24T12:00:00+05:30,transfer,Payment observed,Review payment evidence,TX-112565
EV-TX-112574,EXT-10335,2026-08-08T12:00:00+05:30,transfer,Payment observed,Review payment evidence,TX-112574
EV-TX-112577,EXT-10335,2026-08-19T12:00:00+05:30,transfer,Payment observed,Review payment evidence,TX-112577
EV-TX-112580,EXT-10335,2026-08-26T12:00:00+05:30,transfer,Payment observed,Review payment evidence,TX-112580
EV-TX-112584,EXT-10335,2026-09-08T12:00:00+05:30,transfer,Payment observed,Review payment evidence,TX-112584
EV-TX-112585,EXT-10335,2026-09-08T15:10:00+05:30,transfer,Payment observed,Review payment evidence,TX-112585
EV-TX-112586,EXT-10335,2026-09-08T15:16:00+05:30,transfer,Payment observed,Review payment evidence,TX-112586
EV-TX-112588,EXT-10335,2026-09-14T15:21:00+05:30,transfer,Payment observed,Review payment evidence,TX-112588
EV-TX-112589,EXT-10335,2026-09-14T15:28:00+05:30,transfer,Payment observed,Review payment evidence,TX-112589
EV-TX-112590,EXT-10335,2026-09-14T15:27:00+05:30,transfer,Payment observed,Review payment evidence,TX-112590
EV-TX-112592,EXT-10335,2026-09-15T17:48:00+05:30,transfer,Payment observed,Review payment evidence,TX-112592
EV-TX-112593,EXT-10335,2026-09-15T17:55:00+05:30,transfer,Payment observed,Review payment evidence,TX-112593
EV-TX-112594,EXT-10335,2026-09-15T18:06:00+05:30,transfer,Payment observed,Review payment evidence,TX-112594
EV-TX-112595,EXT-10335,2026-09-19T12:00:00+05:30,transfer,Payment observed,Review payment evidence,TX-112595
EV-TX-112603,EXT-10335,2026-10-08T12:00:00+05:30,transfer,Payment observed,Review payment evidence,TX-112603
EV-TX-112606,EXT-10335,2026-10-19T12:00:00+05:30,transfer,Payment observed,Review payment evidence,TX-112606
EV-TX-112609,EXT-10335,2026-10-26T12:00:00+05:30,transfer,Payment observed,Review payment evidence,TX-112609
EV-TX-112615,EXT-10336,2026-08-04T12:00:00+05:30,transfer,Payment observed,Review payment evidence,TX-112615
EV-TX-112617,EXT-10336,2026-08-08T12:00:00+05:30,transfer,Payment observed,Review payment evidence,TX-112617
EV-TX-112620,EXT-10336,2026-08-16T12:00:00+05:30,transfer,Payment observed,Review payment evidence,TX-112620
EV-TX-112623,EXT-10336,2026-08-28T12:00:00+05:30,transfer,Payment observed,Review payment evidence,TX-112623
EV-TX-112626,EXT-10336,2026-09-04T12:00:00+05:30,transfer,Payment observed,Review payment evidence,TX-112626
EV-TX-112628,EXT-10336,2026-09-08T12:00:00+05:30,transfer,Payment observed,Review payment evidence,TX-112628
EV-TX-112631,EXT-10336,2026-09-16T12:00:00+05:30,transfer,Payment observed,Review payment evidence,TX-112631
EV-TX-112632,EXT-10336,2026-09-17T14:16:00+05:30,transfer,Payment observed,Review payment evidence,TX-112632
EV-TX-112635,EXT-10336,2026-09-28T12:00:00+05:30,transfer,Payment observed,Review payment evidence,TX-112635
EV-TX-112638,EXT-10336,2026-10-04T12:00:00+05:30,transfer,Payment observed,Review payment evidence,TX-112638
EV-TX-112640,EXT-10336,2026-10-08T12:00:00+05:30,transfer,Payment observed,Review payment evidence,TX-112640
EV-TX-112643,EXT-10336,2026-10-16T12:00:00+05:30,transfer,Payment observed,Review payment evidence,TX-112643
EV-TX-112646,EXT-10336,2026-10-28T12:00:00+05:30,transfer,Payment observed,Review payment evidence,TX-112646
EV-TX-112649,EXT-10336,2026-11-04T12:00:00+05:30,transfer,Payment observed,Review payment evidence,TX-112649
EV-TX-112653,EXT-10337,2026-08-02T12:00:00+05:30,transfer,Payment observed,Review payment evidence,TX-112653
EV-TX-112657,EXT-10337,2026-08-18T12:00:00+05:30,transfer,Payment observed,Review payment evidence,TX-112657
EV-TX-112662,EXT-10337,2026-09-02T12:00:00+05:30,transfer,Payment observed,Review payment evidence,TX-112662
EV-TX-112665,EXT-10337,2026-09-09T16:19:00+05:30,transfer,Payment observed,Review payment evidence,TX-112665
EV-TX-112666,EXT-10337,2026-09-12T10:00:00+05:30,transfer,Payment observed,Review payment evidence,TX-112666
EV-TX-112668,EXT-10337,2026-09-18T12:00:00+05:30,transfer,Payment observed,Review payment evidence,TX-112668
EV-TX-112673,EXT-10337,2026-10-02T12:00:00+05:30,transfer,Payment observed,Review payment evidence,TX-112673
EV-TX-112677,EXT-10337,2026-10-18T12:00:00+05:30,transfer,Payment observed,Review payment evidence,TX-112677
EV-TX-112682,EXT-10337,2026-11-02T12:00:00+05:30,transfer,Payment observed,Review payment evidence,TX-112682
EV-TX-112686,EXT-10338,2026-08-03T12:00:00+05:30,transfer,Payment observed,Review payment evidence,TX-112686
EV-TX-112690,EXT-10338,2026-08-24T12:00:00+05:30,transfer,Payment observed,Review payment evidence,TX-112690
EV-TX-112695,EXT-10338,2026-09-03T12:00:00+05:30,transfer,Payment observed,Review payment evidence,TX-112695
EV-TX-112697,EXT-10338,2026-09-14T16:13:00+05:30,transfer,Payment observed,Review payment evidence,TX-112697
EV-TX-112698,EXT-10338,2026-09-14T16:18:00+05:30,transfer,Payment observed,Review payment evidence,TX-112698
EV-TX-112699,EXT-10338,2026-09-14T16:23:00+05:30,transfer,Payment observed,Review payment evidence,TX-112699
EV-TX-112701,EXT-10338,2026-09-17T13:50:00+05:30,transfer,Payment observed,Review payment evidence,TX-112701
EV-TX-112702,EXT-10338,2026-09-17T13:56:00+05:30,transfer,Payment observed,Review payment evidence,TX-112702
EV-TX-112710,EXT-10338,2026-10-03T12:00:00+05:30,transfer,Payment observed,Review payment evidence,TX-112710
EV-TX-112714,EXT-10338,2026-10-24T12:00:00+05:30,transfer,Payment observed,Review payment evidence,TX-112714
EV-TX-112719,EXT-10338,2026-11-03T12:00:00+05:30,transfer,Payment observed,Review payment evidence,TX-112719
EV-TX-112724,EXT-10339,2026-08-14T12:00:00+05:30,transfer,Payment observed,Review payment evidence,TX-112724
EV-TX-112726,EXT-10339,2026-08-18T12:00:00+05:30,transfer,Payment observed,Review payment evidence,TX-112726
EV-TX-112733,EXT-10339,2026-09-13T13:02:00+05:30,transfer,Payment observed,Review payment evidence,TX-112733
EV-TX-112734,EXT-10339,2026-09-13T13:06:00+05:30,transfer,Payment observed,Review payment evidence,TX-112734
EV-TX-112735,EXT-10339,2026-09-14T12:00:00+05:30,transfer,Payment observed,Review payment evidence,TX-112735
EV-TX-112736,EXT-10339,2026-09-14T14:33:00+05:30,transfer,Payment observed,Review payment evidence,TX-112736
EV-TX-112737,EXT-10339,2026-09-14T14:36:00+05:30,transfer,Payment observed,Review payment evidence,TX-112737
EV-TX-112738,EXT-10339,2026-09-14T14:47:00+05:30,transfer,Payment observed,Review payment evidence,TX-112738
EV-TX-112740,EXT-10339,2026-09-18T12:00:00+05:30,transfer,Payment observed,Review payment evidence,TX-112740
EV-TX-112749,EXT-10339,2026-10-14T12:00:00+05:30,transfer,Payment observed,Review payment evidence,TX-112749
EV-TX-112751,EXT-10339,2026-10-18T12:00:00+05:30,transfer,Payment observed,Review payment evidence,TX-112751
EV-TX-112760,EXT-10340,2026-08-06T12:00:00+05:30,transfer,Payment observed,Review payment evidence,TX-112760
EV-TX-112765,EXT-10340,2026-08-27T12:00:00+05:30,transfer,Payment observed,Review payment evidence,TX-112765
EV-TX-112766,EXT-10340,2026-08-28T12:00:00+05:30,transfer,Payment observed,Review payment evidence,TX-112766
EV-TX-112769,EXT-10340,2026-09-06T12:00:00+05:30,transfer,Payment observed,Review payment evidence,TX-112769
EV-TX-112774,EXT-10340,2026-09-27T12:00:00+05:30,transfer,Payment observed,Review payment evidence,TX-112774
EV-TX-112775,EXT-10340,2026-09-28T12:00:00+05:30,transfer,Payment observed,Review payment evidence,TX-112775
EV-TX-112778,EXT-10340,2026-10-06T12:00:00+05:30,transfer,Payment observed,Review payment evidence,TX-112778
EV-TX-112783,EXT-10340,2026-10-27T12:00:00+05:30,transfer,Payment observed,Review payment evidence,TX-112783
EV-TX-112784,EXT-10340,2026-10-28T12:00:00+05:30,transfer,Payment observed,Review payment evidence,TX-112784
EV-TX-112790,EXT-10341,2026-08-09T12:00:00+05:30,transfer,Payment observed,Review payment evidence,TX-112790
EV-TX-112792,EXT-10341,2026-08-19T12:00:00+05:30,transfer,Payment observed,Review payment evidence,TX-112792
EV-TX-112796,EXT-10341,2026-08-25T12:00:00+05:30,transfer,Payment observed,Review payment evidence,TX-112796
EV-TX-112801,EXT-10341,2026-09-09T12:00:00+05:30,transfer,Payment observed,Review payment evidence,TX-112801
EV-TX-112803,EXT-10341,2026-09-19T12:00:00+05:30,transfer,Payment observed,Review payment evidence,TX-112803
EV-TX-112807,EXT-10341,2026-09-25T12:00:00+05:30,transfer,Payment observed,Review payment evidence,TX-112807
EV-TX-112812,EXT-10341,2026-10-09T12:00:00+05:30,transfer,Payment observed,Review payment evidence,TX-112812
EV-TX-112814,EXT-10341,2026-10-19T12:00:00+05:30,transfer,Payment observed,Review payment evidence,TX-112814
EV-TX-112818,EXT-10341,2026-10-25T12:00:00+05:30,transfer,Payment observed,Review payment evidence,TX-112818
EV-TX-112825,EXT-10342,2026-08-07T12:00:00+05:30,transfer,Payment observed,Review payment evidence,TX-112825
EV-TX-112827,EXT-10342,2026-08-11T12:00:00+05:30,transfer,Payment observed,Review payment evidence,TX-112827
EV-TX-112829,EXT-10342,2026-08-18T12:00:00+05:30,transfer,Payment observed,Review payment evidence,TX-112829
EV-TX-112831,EXT-10342,2026-08-22T12:00:00+05:30,transfer,Payment observed,Review payment evidence,TX-112831
EV-TX-112837,EXT-10342,2026-09-07T12:00:00+05:30,transfer,Payment observed,Review payment evidence,TX-112837
EV-TX-112849,EXT-10342,2026-10-07T12:00:00+05:30,transfer,Payment observed,Review payment evidence,TX-112849
EV-TX-112863,EXT-10343,2026-08-06T12:00:00+05:30,transfer,Payment observed,Review payment evidence,TX-112863
EV-TX-112865,EXT-10343,2026-08-13T12:00:00+05:30,transfer,Payment observed,Review payment evidence,TX-112865
EV-TX-112871,EXT-10343,2026-09-06T12:00:00+05:30,transfer,Payment observed,Review payment evidence,TX-112871
EV-TX-112873,EXT-10343,2026-09-13T12:00:00+05:30,transfer,Payment observed,Review payment evidence,TX-112873
EV-TX-112875,EXT-10343,2026-09-19T15:23:00+05:30,transfer,Payment observed,Review payment evidence,TX-112875
EV-TX-112876,EXT-10343,2026-09-19T15:28:00+05:30,transfer,Payment observed,Review payment evidence,TX-112876
EV-TX-112877,EXT-10343,2026-09-19T15:31:00+05:30,transfer,Payment observed,Review payment evidence,TX-112877
EV-TX-112883,EXT-10343,2026-10-06T12:00:00+05:30,transfer,Payment observed,Review payment evidence,TX-112883
EV-TX-112885,EXT-10343,2026-10-13T12:00:00+05:30,transfer,Payment observed,Review payment evidence,TX-112885
EV-TX-112895,EXT-10344,2026-08-05T12:00:00+05:30,transfer,Payment observed,Review payment evidence,TX-112895
EV-TX-112897,EXT-10344,2026-08-11T12:00:00+05:30,transfer,Payment observed,Review payment evidence,TX-112897
EV-TX-112900,EXT-10344,2026-08-25T12:00:00+05:30,transfer,Payment observed,Review payment evidence,TX-112900
EV-TX-112902,EXT-10344,2026-08-26T12:00:00+05:30,transfer,Payment observed,Review payment evidence,TX-112902
EV-TX-112919,EXT-10344,2026-10-05T12:00:00+05:30,transfer,Payment observed,Review payment evidence,TX-112919
EV-TX-112928,EXT-10344,2026-11-05T12:00:00+05:30,transfer,Payment observed,Review payment evidence,TX-112928
EV-TX-112932,EXT-10345,2026-08-07T12:00:00+05:30,transfer,Payment observed,Review payment evidence,TX-112932
EV-TX-112938,EXT-10345,2026-08-26T12:00:00+05:30,transfer,Payment observed,Review payment evidence,TX-112938
EV-TX-112941,EXT-10345,2026-09-07T12:00:00+05:30,transfer,Payment observed,Review payment evidence,TX-112941
EV-TX-112943,EXT-10345,2026-09-12T14:00:00+05:30,transfer,Payment observed,Review payment evidence,TX-112943
EV-TX-112944,EXT-10345,2026-09-12T14:03:00+05:30,transfer,Payment observed,Review payment evidence,TX-112944
EV-TX-112945,EXT-10345,2026-09-12T14:06:00+05:30,transfer,Payment observed,Review payment evidence,TX-112945
EV-TX-112946,EXT-10345,2026-09-12T14:14:00+05:30,transfer,Payment observed,Review payment evidence,TX-112946
EV-TX-112951,EXT-10345,2026-09-26T12:00:00+05:30,transfer,Payment observed,Review payment evidence,TX-112951
EV-TX-112954,EXT-10345,2026-10-07T12:00:00+05:30,transfer,Payment observed,Review payment evidence,TX-112954
EV-TX-112960,EXT-10345,2026-10-26T12:00:00+05:30,transfer,Payment observed,Review payment evidence,TX-112960
EV-TX-112967,EXT-10346,2026-08-09T12:00:00+05:30,transfer,Payment observed,Review payment evidence,TX-112967
EV-TX-112968,EXT-10346,2026-08-12T12:00:00+05:30,transfer,Payment observed,Review payment evidence,TX-112968
EV-TX-112970,EXT-10346,2026-08-20T12:00:00+05:30,transfer,Payment observed,Review payment evidence,TX-112970
EV-TX-112977,EXT-10346,2026-09-09T12:00:00+05:30,transfer,Payment observed,Review payment evidence,TX-112977
EV-TX-112978,EXT-10346,2026-09-10T14:00:00+05:30,transfer,Payment observed,Review payment evidence,TX-112978
EV-TX-112979,EXT-10346,2026-09-10T14:03:00+05:30,transfer,Payment observed,Review payment evidence,TX-112979
EV-TX-112980,EXT-10346,2026-09-10T14:06:00+05:30,transfer,Payment observed,Review payment evidence,TX-112980
EV-TX-112981,EXT-10346,2026-09-10T14:14:00+05:30,transfer,Payment observed,Review payment evidence,TX-112981
EV-TX-112982,EXT-10346,2026-09-12T12:00:00+05:30,transfer,Payment observed,Review payment evidence,TX-112982
EV-TX-112984,EXT-10346,2026-09-20T12:00:00+05:30,transfer,Payment observed,Review payment evidence,TX-112984
EV-TX-112985,EXT-10346,2026-09-20T15:45:00+05:30,transfer,Payment observed,Review payment evidence,TX-112985
EV-TX-112986,EXT-10346,2026-09-20T15:49:00+05:30,transfer,Payment observed,Review payment evidence,TX-112986
EV-TX-112993,EXT-10346,2026-10-09T12:00:00+05:30,transfer,Payment observed,Review payment evidence,TX-112993
EV-TX-112994,EXT-10346,2026-10-12T12:00:00+05:30,transfer,Payment observed,Review payment evidence,TX-112994
EV-TX-112996,EXT-10346,2026-10-20T12:00:00+05:30,transfer,Payment observed,Review payment evidence,TX-112996
EV-TX-113005,EXT-10347,2026-08-04T12:00:00+05:30,transfer,Payment observed,Review payment evidence,TX-113005
EV-TX-113006,EXT-10347,2026-08-05T12:00:00+05:30,transfer,Payment observed,Review payment evidence,TX-113006
EV-TX-113010,EXT-10347,2026-08-22T12:00:00+05:30,transfer,Payment observed,Review payment evidence,TX-113010
EV-TX-113013,EXT-10347,2026-08-26T12:00:00+05:30,transfer,Payment observed,Review payment evidence,TX-113013
EV-TX-113016,EXT-10347,2026-09-04T12:00:00+05:30,transfer,Payment observed,Review payment evidence,TX-113016
EV-TX-113017,EXT-10347,2026-09-05T12:00:00+05:30,transfer,Payment observed,Review payment evidence,TX-113017
EV-TX-113020,EXT-10347,2026-09-19T16:45:00+05:30,transfer,Payment observed,Review payment evidence,TX-113020
EV-TX-113022,EXT-10347,2026-09-22T12:00:00+05:30,transfer,Payment observed,Review payment evidence,TX-113022
EV-TX-113024,EXT-10347,2026-09-25T17:15:00+05:30,transfer,Payment observed,Review payment evidence,TX-113024
EV-TX-113025,EXT-10347,2026-09-25T17:18:00+05:30,transfer,Payment observed,Review payment evidence,TX-113025
EV-TX-113026,EXT-10347,2026-09-25T17:29:00+05:30,transfer,Payment observed,Review payment evidence,TX-113026
EV-TX-113032,EXT-10347,2026-10-04T12:00:00+05:30,transfer,Payment observed,Review payment evidence,TX-113032
EV-TX-113033,EXT-10347,2026-10-05T12:00:00+05:30,transfer,Payment observed,Review payment evidence,TX-113033
EV-TX-113043,EXT-10347,2026-11-04T12:00:00+05:30,transfer,Payment observed,Review payment evidence,TX-113043
EV-TX-113044,EXT-10347,2026-11-05T12:00:00+05:30,transfer,Payment observed,Review payment evidence,TX-113044
EV-TX-113050,EXT-10348,2026-08-15T12:00:00+05:30,transfer,Payment observed,Review payment evidence,TX-113050
EV-TX-113052,EXT-10348,2026-08-21T12:00:00+05:30,transfer,Payment observed,Review payment evidence,TX-113052
EV-TX-113054,EXT-10348,2026-08-25T12:00:00+05:30,transfer,Payment observed,Review payment evidence,TX-113054
EV-TX-113060,EXT-10348,2026-09-15T12:00:00+05:30,transfer,Payment observed,Review payment evidence,TX-113060
EV-TX-113061,EXT-10348,2026-09-19T15:27:00+05:30,transfer,Payment observed,Review payment evidence,TX-113061
EV-TX-113062,EXT-10348,2026-09-19T15:36:00+05:30,transfer,Payment observed,Review payment evidence,TX-113062
EV-TX-113063,EXT-10348,2026-09-19T15:39:00+05:30,transfer,Payment observed,Review payment evidence,TX-113063
EV-TX-113065,EXT-10348,2026-09-21T12:00:00+05:30,transfer,Payment observed,Review payment evidence,TX-113065
EV-TX-113067,EXT-10348,2026-09-25T12:00:00+05:30,transfer,Payment observed,Review payment evidence,TX-113067
EV-TX-113073,EXT-10348,2026-10-15T12:00:00+05:30,transfer,Payment observed,Review payment evidence,TX-113073
EV-TX-113075,EXT-10348,2026-10-21T12:00:00+05:30,transfer,Payment observed,Review payment evidence,TX-113075
EV-TX-113077,EXT-10348,2026-10-25T12:00:00+05:30,transfer,Payment observed,Review payment evidence,TX-113077
EV-TX-113085,EXT-10349,2026-08-09T12:00:00+05:30,transfer,Payment observed,Review payment evidence,TX-113085
EV-TX-113087,EXT-10349,2026-08-17T12:00:00+05:30,transfer,Payment observed,Review payment evidence,TX-113087
EV-TX-113095,EXT-10349,2026-09-09T12:00:00+05:30,transfer,Payment observed,Review payment evidence,TX-113095
EV-TX-113096,EXT-10349,2026-09-13T15:06:00+05:30,transfer,Payment observed,Review payment evidence,TX-113096
EV-TX-113098,EXT-10349,2026-09-16T10:00:00+05:30,transfer,Payment observed,Review payment evidence,TX-113098
EV-TX-113099,EXT-10349,2026-09-17T12:00:00+05:30,transfer,Payment observed,Review payment evidence,TX-113099
EV-TX-113106,EXT-10349,2026-10-09T12:00:00+05:30,transfer,Payment observed,Review payment evidence,TX-113106
EV-TX-113108,EXT-10349,2026-10-17T12:00:00+05:30,transfer,Payment observed,Review payment evidence,TX-113108
EV-TX-113116,EXT-10350,2026-08-08T12:00:00+05:30,transfer,Payment observed,Review payment evidence,TX-113116
EV-TX-113119,EXT-10350,2026-08-16T12:00:00+05:30,transfer,Payment observed,Review payment evidence,TX-113119
EV-TX-113121,EXT-10350,2026-08-22T12:00:00+05:30,transfer,Payment observed,Review payment evidence,TX-113121
EV-TX-113124,EXT-10350,2026-08-28T12:00:00+05:30,transfer,Payment observed,Review payment evidence,TX-113124
EV-TX-113126,EXT-10350,2026-09-08T12:00:00+05:30,transfer,Payment observed,Review payment evidence,TX-113126
EV-TX-113127,EXT-10350,2026-09-08T15:44:00+05:30,transfer,Payment observed,Review payment evidence,TX-113127
EV-TX-113128,EXT-10350,2026-09-08T15:52:00+05:30,transfer,Payment observed,Review payment evidence,TX-113128
EV-TX-113129,EXT-10350,2026-09-08T16:02:00+05:30,transfer,Payment observed,Review payment evidence,TX-113129
EV-TX-113139,EXT-10350,2026-09-28T12:00:00+05:30,transfer,Payment observed,Review payment evidence,TX-113139
EV-TX-113141,EXT-10350,2026-10-08T12:00:00+05:30,transfer,Payment observed,Review payment evidence,TX-113141
EV-TX-113144,EXT-10350,2026-10-16T12:00:00+05:30,transfer,Payment observed,Review payment evidence,TX-113144
EV-TX-113146,EXT-10350,2026-10-22T12:00:00+05:30,transfer,Payment observed,Review payment evidence,TX-113146
EV-TX-113150,EXT-10350,2026-10-28T12:00:00+05:30,transfer,Payment observed,Review payment evidence,TX-113150
EV-TX-113155,EXT-10351,2026-08-10T12:00:00+05:30,transfer,Payment observed,Review payment evidence,TX-113155
EV-TX-113158,EXT-10351,2026-08-21T12:00:00+05:30,transfer,Payment observed,Review payment evidence,TX-113158
EV-TX-113160,EXT-10351,2026-08-26T12:00:00+05:30,transfer,Payment observed,Review payment evidence,TX-113160
EV-TX-113166,EXT-10351,2026-09-09T16:41:00+05:30,transfer,Payment observed,Review payment evidence,TX-113166
EV-TX-113167,EXT-10351,2026-09-09T16:47:00+05:30,transfer,Payment observed,Review payment evidence,TX-113167
EV-TX-113168,EXT-10351,2026-09-10T12:00:00+05:30,transfer,Payment observed,Review payment evidence,TX-113168
EV-TX-113171,EXT-10351,2026-09-21T12:00:00+05:30,transfer,Payment observed,Review payment evidence,TX-113171
EV-TX-113173,EXT-10351,2026-09-26T12:00:00+05:30,transfer,Payment observed,Review payment evidence,TX-113173
EV-TX-113180,EXT-10351,2026-10-10T12:00:00+05:30,transfer,Payment observed,Review payment evidence,TX-113180
EV-TX-113183,EXT-10351,2026-10-21T12:00:00+05:30,transfer,Payment observed,Review payment evidence,TX-113183
EV-TX-113185,EXT-10351,2026-10-26T12:00:00+05:30,transfer,Payment observed,Review payment evidence,TX-113185
EV-TX-113194,EXT-10352,2026-08-02T12:00:00+05:30,transfer,Payment observed,Review payment evidence,TX-113194
EV-TX-113199,EXT-10352,2026-08-24T12:00:00+05:30,transfer,Payment observed,Review payment evidence,TX-113199
EV-TX-113203,EXT-10352,2026-09-02T12:00:00+05:30,transfer,Payment observed,Review payment evidence,TX-113203
EV-TX-113208,EXT-10352,2026-09-24T12:00:00+05:30,transfer,Payment observed,Review payment evidence,TX-113208
EV-TX-113212,EXT-10352,2026-10-02T12:00:00+05:30,transfer,Payment observed,Review payment evidence,TX-113212
EV-TX-113217,EXT-10352,2026-10-24T12:00:00+05:30,transfer,Payment observed,Review payment evidence,TX-113217
EV-TX-113221,EXT-10352,2026-11-02T12:00:00+05:30,transfer,Payment observed,Review payment evidence,TX-113221
EV-TX-113228,EXT-10353,2026-08-19T12:00:00+05:30,transfer,Payment observed,Review payment evidence,TX-113228
EV-TX-113229,EXT-10353,2026-08-20T12:00:00+05:30,transfer,Payment observed,Review payment evidence,TX-113229
EV-TX-113233,EXT-10353,2026-08-26T12:00:00+05:30,transfer,Payment observed,Review payment evidence,TX-113233
EV-TX-113234,EXT-10353,2026-08-28T12:00:00+05:30,transfer,Payment observed,Review payment evidence,TX-113234
EV-TX-113239,EXT-10353,2026-09-17T16:28:00+05:30,transfer,Payment observed,Review payment evidence,TX-113239
EV-TX-113240,EXT-10353,2026-09-17T16:34:00+05:30,transfer,Payment observed,Review payment evidence,TX-113240
EV-TX-113241,EXT-10353,2026-09-19T12:00:00+05:30,transfer,Payment observed,Review payment evidence,TX-113241
EV-TX-113242,EXT-10353,2026-09-20T12:00:00+05:30,transfer,Payment observed,Review payment evidence,TX-113242
EV-TX-113246,EXT-10353,2026-09-26T12:00:00+05:30,transfer,Payment observed,Review payment evidence,TX-113246
EV-TX-113247,EXT-10353,2026-09-28T12:00:00+05:30,transfer,Payment observed,Review payment evidence,TX-113247
EV-TX-113252,EXT-10353,2026-10-19T12:00:00+05:30,transfer,Payment observed,Review payment evidence,TX-113252
EV-TX-113253,EXT-10353,2026-10-20T12:00:00+05:30,transfer,Payment observed,Review payment evidence,TX-113253
EV-TX-113257,EXT-10353,2026-10-26T12:00:00+05:30,transfer,Payment observed,Review payment evidence,TX-113257
EV-TX-113258,EXT-10353,2026-10-28T12:00:00+05:30,transfer,Payment observed,Review payment evidence,TX-113258
EV-TX-113262,EXT-10354,2026-08-02T12:00:00+05:30,transfer,Payment observed,Review payment evidence,TX-113262
EV-TX-113264,EXT-10354,2026-08-03T12:00:00+05:30,transfer,Payment observed,Review payment evidence,TX-113264
EV-TX-113267,EXT-10354,2026-08-13T12:00:00+05:30,transfer,Payment observed,Review payment evidence,TX-113267
EV-TX-113272,EXT-10354,2026-09-02T12:00:00+05:30,transfer,Payment observed,Review payment evidence,TX-113272
EV-TX-113278,EXT-10354,2026-09-09T14:43:00+05:30,transfer,Payment observed,Review payment evidence,TX-113278
EV-TX-113279,EXT-10354,2026-09-09T14:49:00+05:30,transfer,Payment observed,Review payment evidence,TX-113279
EV-TX-113280,EXT-10354,2026-09-09T15:01:00+05:30,transfer,Payment observed,Review payment evidence,TX-113280
EV-TX-113281,EXT-10354,2026-09-10T13:49:00+05:30,transfer,Payment observed,Review payment evidence,TX-113281
EV-TX-113282,EXT-10354,2026-09-10T13:54:00+05:30,transfer,Payment observed,Review payment evidence,TX-113282
EV-TX-113283,EXT-10354,2026-09-13T12:00:00+05:30,transfer,Payment observed,Review payment evidence,TX-113283
EV-TX-113295,EXT-10354,2026-10-13T12:00:00+05:30,transfer,Payment observed,Review payment evidence,TX-113295
EV-TX-113308,EXT-10355,2026-08-03T12:00:00+05:30,transfer,Payment observed,Review payment evidence,TX-113308
EV-TX-113309,EXT-10355,2026-08-08T12:00:00+05:30,transfer,Payment observed,Review payment evidence,TX-113309
EV-TX-113311,EXT-10355,2026-08-11T12:00:00+05:30,transfer,Payment observed,Review payment evidence,TX-113311
EV-TX-113313,EXT-10355,2026-08-15T12:00:00+05:30,transfer,Payment observed,Review payment evidence,TX-113313
EV-TX-113330,EXT-10355,2026-10-03T12:00:00+05:30,transfer,Payment observed,Review payment evidence,TX-113330
EV-TX-113341,EXT-10355,2026-11-03T12:00:00+05:30,transfer,Payment observed,Review payment evidence,TX-113341
EV-TX-113346,EXT-10356,2026-08-13T12:00:00+05:30,transfer,Payment observed,Review payment evidence,TX-113346
EV-TX-113350,EXT-10356,2026-08-27T12:00:00+05:30,transfer,Payment observed,Review payment evidence,TX-113350
EV-TX-113352,EXT-10356,2026-08-28T12:00:00+05:30,transfer,Payment observed,Review payment evidence,TX-113352
EV-TX-113355,EXT-10356,2026-09-08T13:09:00+05:30,transfer,Payment observed,Review payment evidence,TX-113355
EV-TX-113356,EXT-10356,2026-09-08T13:14:00+05:30,transfer,Payment observed,Review payment evidence,TX-113356
EV-TX-113357,EXT-10356,2026-09-08T13:25:00+05:30,transfer,Payment observed,Review payment evidence,TX-113357
EV-TX-113367,EXT-10356,2026-09-28T12:00:00+05:30,transfer,Payment observed,Review payment evidence,TX-113367
EV-TX-113371,EXT-10356,2026-10-13T12:00:00+05:30,transfer,Payment observed,Review payment evidence,TX-113371
EV-TX-113377,EXT-10356,2026-10-28T12:00:00+05:30,transfer,Payment observed,Review payment evidence,TX-113377
EV-TX-113383,EXT-10357,2026-08-16T12:00:00+05:30,transfer,Payment observed,Review payment evidence,TX-113383
EV-TX-113385,EXT-10357,2026-08-21T12:00:00+05:30,transfer,Payment observed,Review payment evidence,TX-113385
EV-TX-113393,EXT-10357,2026-09-16T12:00:00+05:30,transfer,Payment observed,Review payment evidence,TX-113393
EV-TX-113394,EXT-10357,2026-09-20T14:00:00+05:30,transfer,Payment observed,Review payment evidence,TX-113394
EV-TX-113395,EXT-10357,2026-09-20T14:03:00+05:30,transfer,Payment observed,Review payment evidence,TX-113395
EV-TX-113396,EXT-10357,2026-09-20T14:06:00+05:30,transfer,Payment observed,Review payment evidence,TX-113396
EV-TX-113397,EXT-10357,2026-09-20T14:14:00+05:30,transfer,Payment observed,Review payment evidence,TX-113397
EV-TX-113399,EXT-10357,2026-09-21T12:00:00+05:30,transfer,Payment observed,Review payment evidence,TX-113399
EV-TX-113407,EXT-10357,2026-10-16T12:00:00+05:30,transfer,Payment observed,Review payment evidence,TX-113407
EV-TX-113409,EXT-10357,2026-10-21T12:00:00+05:30,transfer,Payment observed,Review payment evidence,TX-113409
EV-TX-113417,EXT-10358,2026-08-06T12:00:00+05:30,transfer,Payment observed,Review payment evidence,TX-113417
EV-TX-113419,EXT-10358,2026-08-12T12:00:00+05:30,transfer,Payment observed,Review payment evidence,TX-113419
EV-TX-113426,EXT-10358,2026-09-06T12:00:00+05:30,transfer,Payment observed,Review payment evidence,TX-113426
EV-TX-113427,EXT-10358,2026-09-08T14:00:00+05:30,transfer,Payment observed,Review payment evidence,TX-113427
EV-TX-113428,EXT-10358,2026-09-08T14:03:00+05:30,transfer,Payment observed,Review payment evidence,TX-113428
EV-TX-113429,EXT-10358,2026-09-08T14:06:00+05:30,transfer,Payment observed,Review payment evidence,TX-113429
EV-TX-113430,EXT-10358,2026-09-08T14:14:00+05:30,transfer,Payment observed,Review payment evidence,TX-113430
EV-TX-113432,EXT-10358,2026-09-12T12:00:00+05:30,transfer,Payment observed,Review payment evidence,TX-113432
EV-TX-113439,EXT-10358,2026-10-06T12:00:00+05:30,transfer,Payment observed,Review payment evidence,TX-113439
EV-TX-113441,EXT-10358,2026-10-12T12:00:00+05:30,transfer,Payment observed,Review payment evidence,TX-113441
EV-TX-113452,EXT-10359,2026-08-09T12:00:00+05:30,transfer,Payment observed,Review payment evidence,TX-113452
EV-TX-113453,EXT-10359,2026-08-10T12:00:00+05:30,transfer,Payment observed,Review payment evidence,TX-113453
EV-TX-113457,EXT-10359,2026-08-22T12:00:00+05:30,transfer,Payment observed,Review payment evidence,TX-113457
EV-TX-113459,EXT-10359,2026-08-26T12:00:00+05:30,transfer,Payment observed,Review payment evidence,TX-113459
EV-TX-113463,EXT-10359,2026-09-09T12:00:00+05:30,transfer,Payment observed,Review payment evidence,TX-113463
EV-TX-113464,EXT-10359,2026-09-10T12:00:00+05:30,transfer,Payment observed,Review payment evidence,TX-113464
EV-TX-113465,EXT-10359,2026-09-10T13:01:00+05:30,transfer,Payment observed,Review payment evidence,TX-113465
EV-TX-113467,EXT-10359,2026-09-16T13:12:00+05:30,transfer,Payment observed,Review payment evidence,TX-113467
EV-TX-113470,EXT-10359,2026-09-22T12:00:00+05:30,transfer,Payment observed,Review payment evidence,TX-113470
EV-TX-113472,EXT-10359,2026-09-26T12:00:00+05:30,transfer,Payment observed,Review payment evidence,TX-113472
EV-TX-113477,EXT-10359,2026-10-09T12:00:00+05:30,transfer,Payment observed,Review payment evidence,TX-113477
EV-TX-113478,EXT-10359,2026-10-10T12:00:00+05:30,transfer,Payment observed,Review payment evidence,TX-113478
EV-TX-113490,EXT-10360,2026-08-03T12:00:00+05:30,transfer,Payment observed,Review payment evidence,TX-113490
EV-TX-113492,EXT-10360,2026-08-14T12:00:00+05:30,transfer,Payment observed,Review payment evidence,TX-113492
EV-TX-113496,EXT-10360,2026-08-27T12:00:00+05:30,transfer,Payment observed,Review payment evidence,TX-113496
EV-TX-113499,EXT-10360,2026-09-03T12:00:00+05:30,transfer,Payment observed,Review payment evidence,TX-113499
EV-TX-113501,EXT-10360,2026-09-14T12:00:00+05:30,transfer,Payment observed,Review payment evidence,TX-113501
EV-TX-113503,EXT-10360,2026-09-17T16:21:00+05:30,transfer,Payment observed,Review payment evidence,TX-113503
EV-TX-113504,EXT-10360,2026-09-17T16:31:00+05:30,transfer,Payment observed,Review payment evidence,TX-113504
EV-TX-113507,EXT-10360,2026-09-27T12:00:00+05:30,transfer,Payment observed,Review payment evidence,TX-113507
EV-TX-113510,EXT-10360,2026-10-03T12:00:00+05:30,transfer,Payment observed,Review payment evidence,TX-113510
EV-TX-113512,EXT-10360,2026-10-14T12:00:00+05:30,transfer,Payment observed,Review payment evidence,TX-113512
EV-TX-113516,EXT-10360,2026-10-27T12:00:00+05:30,transfer,Payment observed,Review payment evidence,TX-113516
EV-TX-113519,EXT-10360,2026-11-03T12:00:00+05:30,transfer,Payment observed,Review payment evidence,TX-113519
EV-TX-113523,EXT-10361,2026-08-11T12:00:00+05:30,transfer,Payment observed,Review payment evidence,TX-113523
EV-TX-113526,EXT-10361,2026-08-22T12:00:00+05:30,transfer,Payment observed,Review payment evidence,TX-113526
EV-TX-113530,EXT-10361,2026-08-26T12:00:00+05:30,transfer,Payment observed,Review payment evidence,TX-113530
EV-TX-113534,EXT-10361,2026-09-11T12:00:00+05:30,transfer,Payment observed,Review payment evidence,TX-113534
EV-TX-113537,EXT-10361,2026-09-22T12:00:00+05:30,transfer,Payment observed,Review payment evidence,TX-113537
EV-TX-113541,EXT-10361,2026-09-26T12:00:00+05:30,transfer,Payment observed,Review payment evidence,TX-113541
EV-TX-113545,EXT-10361,2026-10-11T12:00:00+05:30,transfer,Payment observed,Review payment evidence,TX-113545
EV-TX-113548,EXT-10361,2026-10-22T12:00:00+05:30,transfer,Payment observed,Review payment evidence,TX-113548
EV-TX-113550,EXT-10361,2026-10-26T12:00:00+05:30,transfer,Payment observed,Review payment evidence,TX-113550
EV-TX-113559,EXT-10362,2026-08-12T12:00:00+05:30,transfer,Payment observed,Review payment evidence,TX-113559
EV-TX-113561,EXT-10362,2026-08-16T12:00:00+05:30,transfer,Payment observed,Review payment evidence,TX-113561
EV-TX-113563,EXT-10362,2026-08-23T12:00:00+05:30,transfer,Payment observed,Review payment evidence,TX-113563
EV-TX-113566,EXT-10362,2026-08-28T12:00:00+05:30,transfer,Payment observed,Review payment evidence,TX-113566
EV-TX-113571,EXT-10362,2026-09-12T12:00:00+05:30,transfer,Payment observed,Review payment evidence,TX-113571
EV-TX-113573,EXT-10362,2026-09-16T12:00:00+05:30,transfer,Payment observed,Review payment evidence,TX-113573
EV-TX-113575,EXT-10362,2026-09-23T12:00:00+05:30,transfer,Payment observed,Review payment evidence,TX-113575
EV-TX-113582,EXT-10362,2026-10-12T12:00:00+05:30,transfer,Payment observed,Review payment evidence,TX-113582
EV-TX-113584,EXT-10362,2026-10-16T12:00:00+05:30,transfer,Payment observed,Review payment evidence,TX-113584
EV-TX-113586,EXT-10362,2026-10-23T12:00:00+05:30,transfer,Payment observed,Review payment evidence,TX-113586
EV-TX-113596,EXT-10363,2026-08-14T12:00:00+05:30,transfer,Payment observed,Review payment evidence,TX-113596
EV-TX-113598,EXT-10363,2026-08-17T12:00:00+05:30,transfer,Payment observed,Review payment evidence,TX-113598
EV-TX-113599,EXT-10363,2026-08-19T12:00:00+05:30,transfer,Payment observed,Review payment evidence,TX-113599
EV-TX-113606,EXT-10363,2026-09-12T16:37:00+05:30,transfer,Payment observed,Review payment evidence,TX-113606
EV-TX-113607,EXT-10363,2026-09-12T16:45:00+05:30,transfer,Payment observed,Review payment evidence,TX-113607
EV-TX-113608,EXT-10363,2026-09-12T16:45:00+05:30,transfer,Payment observed,Review payment evidence,TX-113608
EV-TX-113609,EXT-10363,2026-09-14T12:00:00+05:30,transfer,Payment observed,Review payment evidence,TX-113609
EV-TX-113611,EXT-10363,2026-09-17T12:00:00+05:30,transfer,Payment observed,Review payment evidence,TX-113611
EV-TX-113612,EXT-10363,2026-09-19T12:00:00+05:30,transfer,Payment observed,Review payment evidence,TX-113612
EV-TX-113619,EXT-10363,2026-10-14T12:00:00+05:30,transfer,Payment observed,Review payment evidence,TX-113619
EV-TX-113621,EXT-10363,2026-10-17T12:00:00+05:30,transfer,Payment observed,Review payment evidence,TX-113621
EV-TX-113622,EXT-10363,2026-10-19T12:00:00+05:30,transfer,Payment observed,Review payment evidence,TX-113622
EV-TX-113629,EXT-10364,2026-08-02T12:00:00+05:30,transfer,Payment observed,Review payment evidence,TX-113629
EV-TX-113633,EXT-10364,2026-08-12T12:00:00+05:30,transfer,Payment observed,Review payment evidence,TX-113633
EV-TX-113635,EXT-10364,2026-08-19T12:00:00+05:30,transfer,Payment observed,Review payment evidence,TX-113635
EV-TX-113637,EXT-10364,2026-08-25T12:00:00+05:30,transfer,Payment observed,Review payment evidence,TX-113637
EV-TX-113640,EXT-10364,2026-09-02T12:00:00+05:30,transfer,Payment observed,Review payment evidence,TX-113640
EV-TX-113644,EXT-10364,2026-09-12T12:00:00+05:30,transfer,Payment observed,Review payment evidence,TX-113644
EV-TX-113646,EXT-10364,2026-09-19T12:00:00+05:30,transfer,Payment observed,Review payment evidence,TX-113646
EV-TX-113648,EXT-10364,2026-09-25T12:00:00+05:30,transfer,Payment observed,Review payment evidence,TX-113648
EV-TX-113650,EXT-10364,2026-10-02T12:00:00+05:30,transfer,Payment observed,Review payment evidence,TX-113650
EV-TX-113670,EXT-10365,2026-08-14T12:00:00+05:30,transfer,Payment observed,Review payment evidence,TX-113670
EV-TX-113673,EXT-10365,2026-08-22T12:00:00+05:30,transfer,Payment observed,Review payment evidence,TX-113673
EV-TX-113680,EXT-10365,2026-09-14T12:00:00+05:30,transfer,Payment observed,Review payment evidence,TX-113680
EV-TX-113683,EXT-10365,2026-09-22T12:00:00+05:30,transfer,Payment observed,Review payment evidence,TX-113683
EV-TX-113689,EXT-10365,2026-10-14T12:00:00+05:30,transfer,Payment observed,Review payment evidence,TX-113689
EV-TX-113692,EXT-10365,2026-10-22T12:00:00+05:30,transfer,Payment observed,Review payment evidence,TX-113692
EV-TX-113700,EXT-10366,2026-08-04T12:00:00+05:30,transfer,Payment observed,Review payment evidence,TX-113700
EV-TX-113702,EXT-10366,2026-08-11T12:00:00+05:30,transfer,Payment observed,Review payment evidence,TX-113702
EV-TX-113712,EXT-10366,2026-09-04T12:00:00+05:30,transfer,Payment observed,Review payment evidence,TX-113712
EV-TX-113714,EXT-10366,2026-09-11T12:00:00+05:30,transfer,Payment observed,Review payment evidence,TX-113714
EV-TX-113716,EXT-10366,2026-09-16T12:00:00+05:30,transfer,Payment observed,Review payment evidence,TX-113716
EV-TX-113717,EXT-10366,2026-09-16T14:00:00+05:30,transfer,Payment observed,Review payment evidence,TX-113717
EV-TX-113718,EXT-10366,2026-09-16T14:03:00+05:30,transfer,Payment observed,Review payment evidence,TX-113718
EV-TX-113719,EXT-10366,2026-09-16T14:06:00+05:30,transfer,Payment observed,Review payment evidence,TX-113719
EV-TX-113720,EXT-10366,2026-09-16T14:14:00+05:30,transfer,Payment observed,Review payment evidence,TX-113720
EV-TX-113721,EXT-10366,2026-09-19T12:00:00+05:30,transfer,Payment observed,Review payment evidence,TX-113721
EV-TX-113727,EXT-10366,2026-10-04T12:00:00+05:30,transfer,Payment observed,Review payment evidence,TX-113727
EV-TX-113730,EXT-10366,2026-10-11T12:00:00+05:30,transfer,Payment observed,Review payment evidence,TX-113730
EV-TX-113732,EXT-10366,2026-10-16T12:00:00+05:30,transfer,Payment observed,Review payment evidence,TX-113732
EV-TX-113733,EXT-10366,2026-10-19T12:00:00+05:30,transfer,Payment observed,Review payment evidence,TX-113733
EV-TX-113741,EXT-10366,2026-11-04T12:00:00+05:30,transfer,Payment observed,Review payment evidence,TX-113741
EV-TX-113744,EXT-10367,2026-08-02T12:00:00+05:30,transfer,Payment observed,Review payment evidence,TX-113744
EV-TX-113746,EXT-10367,2026-08-07T12:00:00+05:30,transfer,Payment observed,Review payment evidence,TX-113746
EV-TX-113753,EXT-10367,2026-09-02T12:00:00+05:30,transfer,Payment observed,Review payment evidence,TX-113753
EV-TX-113755,EXT-10367,2026-09-07T12:00:00+05:30,transfer,Payment observed,Review payment evidence,TX-113755
EV-TX-113758,EXT-10367,2026-09-16T17:28:00+05:30,transfer,Payment observed,Review payment evidence,TX-113758
EV-TX-113759,EXT-10367,2026-09-16T17:36:00+05:30,transfer,Payment observed,Review payment evidence,TX-113759
EV-TX-113764,EXT-10367,2026-10-02T12:00:00+05:30,transfer,Payment observed,Review payment evidence,TX-113764
EV-TX-113766,EXT-10367,2026-10-07T12:00:00+05:30,transfer,Payment observed,Review payment evidence,TX-113766
EV-TX-113773,EXT-10367,2026-11-02T12:00:00+05:30,transfer,Payment observed,Review payment evidence,TX-113773
EV-TX-113778,EXT-10368,2026-08-08T12:00:00+05:30,transfer,Payment observed,Review payment evidence,TX-113778
EV-TX-113784,EXT-10368,2026-08-26T12:00:00+05:30,transfer,Payment observed,Review payment evidence,TX-113784
EV-TX-113787,EXT-10368,2026-09-08T12:00:00+05:30,transfer,Payment observed,Review payment evidence,TX-113787
EV-TX-113793,EXT-10368,2026-09-26T12:00:00+05:30,transfer,Payment observed,Review payment evidence,TX-113793
EV-TX-113796,EXT-10368,2026-10-08T12:00:00+05:30,transfer,Payment observed,Review payment evidence,TX-113796
EV-TX-113802,EXT-10368,2026-10-26T12:00:00+05:30,transfer,Payment observed,Review payment evidence,TX-113802
EV-TX-113808,EXT-10369,2026-08-07T12:00:00+05:30,transfer,Payment observed,Review payment evidence,TX-113808
EV-TX-113811,EXT-10369,2026-08-15T12:00:00+05:30,transfer,Payment observed,Review payment evidence,TX-113811
EV-TX-113815,EXT-10369,2026-08-26T12:00:00+05:30,transfer,Payment observed,Review payment evidence,TX-113815
EV-TX-113818,EXT-10369,2026-09-07T12:00:00+05:30,transfer,Payment observed,Review payment evidence,TX-113818
EV-TX-113820,EXT-10369,2026-09-09T13:13:00+05:30,transfer,Payment observed,Review payment evidence,TX-113820
EV-TX-113821,EXT-10369,2026-09-09T13:22:00+05:30,transfer,Payment observed,Review payment evidence,TX-113821
EV-TX-113823,EXT-10369,2026-09-15T12:00:00+05:30,transfer,Payment observed,Review payment evidence,TX-113823
EV-TX-113824,EXT-10369,2026-09-18T14:00:00+05:30,transfer,Payment observed,Review payment evidence,TX-113824
EV-TX-113825,EXT-10369,2026-09-18T14:03:00+05:30,transfer,Payment observed,Review payment evidence,TX-113825
EV-TX-113826,EXT-10369,2026-09-18T14:06:00+05:30,transfer,Payment observed,Review payment evidence,TX-113826
EV-TX-113827,EXT-10369,2026-09-18T14:14:00+05:30,transfer,Payment observed,Review payment evidence,TX-113827
EV-TX-113831,EXT-10369,2026-09-26T12:00:00+05:30,transfer,Payment observed,Review payment evidence,TX-113831
EV-TX-113834,EXT-10369,2026-10-07T12:00:00+05:30,transfer,Payment observed,Review payment evidence,TX-113834
EV-TX-113837,EXT-10369,2026-10-15T12:00:00+05:30,transfer,Payment observed,Review payment evidence,TX-113837
EV-TX-113841,EXT-10369,2026-10-26T12:00:00+05:30,transfer,Payment observed,Review payment evidence,TX-113841
EV-TX-113847,EXT-10370,2026-08-07T12:00:00+05:30,transfer,Payment observed,Review payment evidence,TX-113847
EV-TX-113851,EXT-10370,2026-08-24T12:00:00+05:30,transfer,Payment observed,Review payment evidence,TX-113851
EV-TX-113855,EXT-10370,2026-09-07T12:00:00+05:30,transfer,Payment observed,Review payment evidence,TX-113855
EV-TX-113858,EXT-10370,2026-09-15T14:31:00+05:30,transfer,Payment observed,Review payment evidence,TX-113858
EV-TX-113859,EXT-10370,2026-09-15T14:36:00+05:30,transfer,Payment observed,Review payment evidence,TX-113859
EV-TX-113861,EXT-10370,2026-09-24T12:00:00+05:30,transfer,Payment observed,Review payment evidence,TX-113861
EV-TX-113865,EXT-10370,2026-10-07T12:00:00+05:30,transfer,Payment observed,Review payment evidence,TX-113865
EV-TX-113869,EXT-10370,2026-10-24T12:00:00+05:30,transfer,Payment observed,Review payment evidence,TX-113869
EV-TX-113876,EXT-10371,2026-08-11T12:00:00+05:30,transfer,Payment observed,Review payment evidence,TX-113876
EV-TX-113882,EXT-10371,2026-08-28T12:00:00+05:30,transfer,Payment observed,Review payment evidence,TX-113882
EV-TX-113885,EXT-10371,2026-09-08T14:48:00+05:30,transfer,Payment observed,Review payment evidence,TX-113885
EV-TX-113886,EXT-10371,2026-09-08T14:53:00+05:30,transfer,Payment observed,Review payment evidence,TX-113886
EV-TX-113888,EXT-10371,2026-09-11T12:00:00+05:30,transfer,Payment observed,Review payment evidence,TX-113888
EV-TX-113894,EXT-10371,2026-09-28T12:00:00+05:30,transfer,Payment observed,Review payment evidence,TX-113894
EV-TX-113899,EXT-10371,2026-10-11T12:00:00+05:30,transfer,Payment observed,Review payment evidence,TX-113899
EV-TX-113904,EXT-10371,2026-10-28T12:00:00+05:30,transfer,Payment observed,Review payment evidence,TX-113904
EV-TX-113912,EXT-10372,2026-08-03T12:00:00+05:30,transfer,Payment observed,Review payment evidence,TX-113912
EV-TX-113913,EXT-10372,2026-08-05T12:00:00+05:30,transfer,Payment observed,Review payment evidence,TX-113913
EV-TX-113915,EXT-10372,2026-08-11T12:00:00+05:30,transfer,Payment observed,Review payment evidence,TX-113915
EV-TX-113918,EXT-10372,2026-08-22T12:00:00+05:30,transfer,Payment observed,Review payment evidence,TX-113918
EV-TX-113923,EXT-10372,2026-09-03T12:00:00+05:30,transfer,Payment observed,Review payment evidence,TX-113923
EV-TX-113924,EXT-10372,2026-09-05T12:00:00+05:30,transfer,Payment observed,Review payment evidence,TX-113924
EV-TX-113926,EXT-10372,2026-09-11T12:00:00+05:30,transfer,Payment observed,Review payment evidence,TX-113926
EV-TX-113929,EXT-10372,2026-09-22T12:00:00+05:30,transfer,Payment observed,Review payment evidence,TX-113929
EV-TX-113934,EXT-10372,2026-10-03T12:00:00+05:30,transfer,Payment observed,Review payment evidence,TX-113934
EV-TX-113935,EXT-10372,2026-10-05T12:00:00+05:30,transfer,Payment observed,Review payment evidence,TX-113935
EV-TX-113937,EXT-10372,2026-10-11T12:00:00+05:30,transfer,Payment observed,Review payment evidence,TX-113937
EV-TX-113940,EXT-10372,2026-10-22T12:00:00+05:30,transfer,Payment observed,Review payment evidence,TX-113940
EV-TX-113945,EXT-10372,2026-11-03T12:00:00+05:30,transfer,Payment observed,Review payment evidence,TX-113945
EV-TX-113946,EXT-10372,2026-11-05T12:00:00+05:30,transfer,Payment observed,Review payment evidence,TX-113946
EV-TX-113950,EXT-10373,2026-08-04T12:00:00+05:30,transfer,Payment observed,Review payment evidence,TX-113950
EV-TX-113952,EXT-10373,2026-08-13T12:00:00+05:30,transfer,Payment observed,Review payment evidence,TX-113952
EV-TX-113959,EXT-10373,2026-09-04T12:00:00+05:30,transfer,Payment observed,Review payment evidence,TX-113959
EV-TX-113961,EXT-10373,2026-09-12T16:34:00+05:30,transfer,Payment observed,Review payment evidence,TX-113961
EV-TX-113962,EXT-10373,2026-09-12T16:44:00+05:30,transfer,Payment observed,Review payment evidence,TX-113962
EV-TX-113963,EXT-10373,2026-09-13T12:00:00+05:30,transfer,Payment observed,Review payment evidence,TX-113963
EV-TX-113970,EXT-10373,2026-10-04T12:00:00+05:30,transfer,Payment observed,Review payment evidence,TX-113970
EV-TX-113972,EXT-10373,2026-10-13T12:00:00+05:30,transfer,Payment observed,Review payment evidence,TX-113972
EV-TX-113979,EXT-10373,2026-11-04T12:00:00+05:30,transfer,Payment observed,Review payment evidence,TX-113979
EV-TX-113982,EXT-10374,2026-08-08T12:00:00+05:30,transfer,Payment observed,Review payment evidence,TX-113982
EV-TX-113985,EXT-10374,2026-08-19T12:00:00+05:30,transfer,Payment observed,Review payment evidence,TX-113985
EV-TX-113991,EXT-10374,2026-09-08T12:00:00+05:30,transfer,Payment observed,Review payment evidence,TX-113991
EV-TX-113994,EXT-10374,2026-09-19T12:00:00+05:30,transfer,Payment observed,Review payment evidence,TX-113994
EV-TX-114000,EXT-10374,2026-10-08T12:00:00+05:30,transfer,Payment observed,Review payment evidence,TX-114000
EV-TX-114003,EXT-10374,2026-10-19T12:00:00+05:30,transfer,Payment observed,Review payment evidence,TX-114003
EV-TX-114011,EXT-10375,2026-08-02T12:00:00+05:30,transfer,Payment observed,Review payment evidence,TX-114011
EV-TX-114013,EXT-10375,2026-08-03T12:00:00+05:30,transfer,Payment observed,Review payment evidence,TX-114013
EV-TX-114014,EXT-10375,2026-08-07T12:00:00+05:30,transfer,Payment observed,Review payment evidence,TX-114014
EV-TX-114021,EXT-10375,2026-09-02T12:00:00+05:30,transfer,Payment observed,Review payment evidence,TX-114021
EV-TX-114023,EXT-10375,2026-09-03T12:00:00+05:30,transfer,Payment observed,Review payment evidence,TX-114023
EV-TX-114024,EXT-10375,2026-09-07T12:00:00+05:30,transfer,Payment observed,Review payment evidence,TX-114024
EV-TX-114032,EXT-10375,2026-10-02T12:00:00+05:30,transfer,Payment observed,Review payment evidence,TX-114032
EV-TX-114034,EXT-10375,2026-10-03T12:00:00+05:30,transfer,Payment observed,Review payment evidence,TX-114034
EV-TX-114035,EXT-10375,2026-10-07T12:00:00+05:30,transfer,Payment observed,Review payment evidence,TX-114035
EV-TX-114043,EXT-10375,2026-11-02T12:00:00+05:30,transfer,Payment observed,Review payment evidence,TX-114043
EV-TX-114045,EXT-10375,2026-11-03T12:00:00+05:30,transfer,Payment observed,Review payment evidence,TX-114045
EV-TX-114050,EXT-10376,2026-08-06T12:00:00+05:30,transfer,Payment observed,Review payment evidence,TX-114050
EV-TX-114054,EXT-10376,2026-08-24T12:00:00+05:30,transfer,Payment observed,Review payment evidence,TX-114054
EV-TX-114059,EXT-10376,2026-09-06T12:00:00+05:30,transfer,Payment observed,Review payment evidence,TX-114059
EV-TX-114060,EXT-10376,2026-09-08T14:00:00+05:30,transfer,Payment observed,Review payment evidence,TX-114060
EV-TX-114061,EXT-10376,2026-09-08T14:03:00+05:30,transfer,Payment observed,Review payment evidence,TX-114061
EV-TX-114062,EXT-10376,2026-09-08T14:06:00+05:30,transfer,Payment observed,Review payment evidence,TX-114062
EV-TX-114063,EXT-10376,2026-09-08T14:14:00+05:30,transfer,Payment observed,Review payment evidence,TX-114063
EV-TX-114067,EXT-10376,2026-09-24T12:00:00+05:30,transfer,Payment observed,Review payment evidence,TX-114067
EV-TX-114072,EXT-10376,2026-10-06T12:00:00+05:30,transfer,Payment observed,Review payment evidence,TX-114072
EV-TX-114076,EXT-10376,2026-10-24T12:00:00+05:30,transfer,Payment observed,Review payment evidence,TX-114076
EV-TX-114084,EXT-10377,2026-08-05T12:00:00+05:30,transfer,Payment observed,Review payment evidence,TX-114084
EV-TX-114087,EXT-10377,2026-08-16T12:00:00+05:30,transfer,Payment observed,Review payment evidence,TX-114087
EV-TX-114093,EXT-10377,2026-09-05T12:00:00+05:30,transfer,Payment observed,Review payment evidence,TX-114093
EV-TX-114096,EXT-10377,2026-09-16T12:00:00+05:30,transfer,Payment observed,Review payment evidence,TX-114096
EV-TX-114102,EXT-10377,2026-10-05T12:00:00+05:30,transfer,Payment observed,Review payment evidence,TX-114102
EV-TX-114105,EXT-10377,2026-10-16T12:00:00+05:30,transfer,Payment observed,Review payment evidence,TX-114105
EV-TX-114111,EXT-10377,2026-11-05T12:00:00+05:30,transfer,Payment observed,Review payment evidence,TX-114111
EV-TX-114115,EXT-10378,2026-08-07T12:00:00+05:30,transfer,Payment observed,Review payment evidence,TX-114115
EV-TX-114116,EXT-10378,2026-08-08T12:00:00+05:30,transfer,Payment observed,Review payment evidence,TX-114116
EV-TX-114118,EXT-10378,2026-08-14T12:00:00+05:30,transfer,Payment observed,Review payment evidence,TX-114118
EV-TX-114123,EXT-10378,2026-08-26T12:00:00+05:30,transfer,Payment observed,Review payment evidence,TX-114123
EV-TX-114126,EXT-10378,2026-09-07T12:00:00+05:30,transfer,Payment observed,Review payment evidence,TX-114126
EV-TX-114127,EXT-10378,2026-09-08T12:00:00+05:30,transfer,Payment observed,Review payment evidence,TX-114127
EV-TX-114129,EXT-10378,2026-09-14T12:00:00+05:30,transfer,Payment observed,Review payment evidence,TX-114129
EV-TX-114131,EXT-10378,2026-09-19T16:01:00+05:30,transfer,Payment observed,Review payment evidence,TX-114131
EV-TX-114132,EXT-10378,2026-09-19T16:05:00+05:30,transfer,Payment observed,Review payment evidence,TX-114132
EV-TX-114133,EXT-10378,2026-09-19T16:19:00+05:30,transfer,Payment observed,Review payment evidence,TX-114133
EV-TX-114137,EXT-10378,2026-09-26T12:00:00+05:30,transfer,Payment observed,Review payment evidence,TX-114137
EV-TX-114140,EXT-10378,2026-10-07T12:00:00+05:30,transfer,Payment observed,Review payment evidence,TX-114140
EV-TX-114141,EXT-10378,2026-10-08T12:00:00+05:30,transfer,Payment observed,Review payment evidence,TX-114141
EV-TX-114143,EXT-10378,2026-10-14T12:00:00+05:30,transfer,Payment observed,Review payment evidence,TX-114143
EV-TX-114148,EXT-10378,2026-10-26T12:00:00+05:30,transfer,Payment observed,Review payment evidence,TX-114148
EV-TX-114155,EXT-10379,2026-08-14T12:00:00+05:30,transfer,Payment observed,Review payment evidence,TX-114155
EV-TX-114157,EXT-10379,2026-08-20T12:00:00+05:30,transfer,Payment observed,Review payment evidence,TX-114157
EV-TX-114159,EXT-10379,2026-08-21T12:00:00+05:30,transfer,Payment observed,Review payment evidence,TX-114159
EV-TX-114160,EXT-10379,2026-08-23T12:00:00+05:30,transfer,Payment observed,Review payment evidence,TX-114160
EV-TX-114166,EXT-10379,2026-09-14T12:00:00+05:30,transfer,Payment observed,Review payment evidence,TX-114166
EV-TX-114168,EXT-10379,2026-09-20T12:00:00+05:30,transfer,Payment observed,Review payment evidence,TX-114168
EV-TX-114170,EXT-10379,2026-09-21T12:00:00+05:30,transfer,Payment observed,Review payment evidence,TX-114170
EV-TX-114171,EXT-10379,2026-09-23T12:00:00+05:30,transfer,Payment observed,Review payment evidence,TX-114171
EV-TX-114177,EXT-10379,2026-10-14T12:00:00+05:30,transfer,Payment observed,Review payment evidence,TX-114177
EV-TX-114179,EXT-10379,2026-10-20T12:00:00+05:30,transfer,Payment observed,Review payment evidence,TX-114179
EV-TX-114181,EXT-10379,2026-10-21T12:00:00+05:30,transfer,Payment observed,Review payment evidence,TX-114181
EV-TX-114182,EXT-10379,2026-10-23T12:00:00+05:30,transfer,Payment observed,Review payment evidence,TX-114182
EV-TX-114191,EXT-10380,2026-08-07T12:00:00+05:30,transfer,Payment observed,Review payment evidence,TX-114191
EV-TX-114193,EXT-10380,2026-08-10T12:00:00+05:30,transfer,Payment observed,Review payment evidence,TX-114193
EV-TX-114197,EXT-10380,2026-08-26T12:00:00+05:30,transfer,Payment observed,Review payment evidence,TX-114197
EV-TX-114200,EXT-10380,2026-09-07T12:00:00+05:30,transfer,Payment observed,Review payment evidence,TX-114200
EV-TX-114202,EXT-10380,2026-09-10T12:00:00+05:30,transfer,Payment observed,Review payment evidence,TX-114202
EV-TX-114204,EXT-10380,2026-09-15T17:29:00+05:30,transfer,Payment observed,Review payment evidence,TX-114204
EV-TX-114205,EXT-10380,2026-09-15T17:37:00+05:30,transfer,Payment observed,Review payment evidence,TX-114205
EV-TX-114206,EXT-10380,2026-09-16T14:34:00+05:30,transfer,Payment observed,Review payment evidence,TX-114206
EV-TX-114207,EXT-10380,2026-09-16T14:44:00+05:30,transfer,Payment observed,Review payment evidence,TX-114207
EV-TX-114213,EXT-10380,2026-10-07T12:00:00+05:30,transfer,Payment observed,Review payment evidence,TX-114213
EV-TX-114215,EXT-10380,2026-10-10T12:00:00+05:30,transfer,Payment observed,Review payment evidence,TX-114215
EV-TX-114224,EXT-10381,2026-08-02T12:00:00+05:30,transfer,Payment observed,Review payment evidence,TX-114224
EV-TX-114227,EXT-10381,2026-08-14T12:00:00+05:30,transfer,Payment observed,Review payment evidence,TX-114227
EV-TX-114229,EXT-10381,2026-08-18T12:00:00+05:30,transfer,Payment observed,Review payment evidence,TX-114229
EV-TX-114231,EXT-10381,2026-08-22T12:00:00+05:30,transfer,Payment observed,Review payment evidence,TX-114231
EV-TX-114238,EXT-10381,2026-09-02T12:00:00+05:30,transfer,Payment observed,Review payment evidence,TX-114238
EV-TX-114241,EXT-10381,2026-09-14T12:00:00+05:30,transfer,Payment observed,Review payment evidence,TX-114241
EV-TX-114243,EXT-10381,2026-09-18T12:00:00+05:30,transfer,Payment observed,Review payment evidence,TX-114243
EV-TX-114249,EXT-10381,2026-10-02T12:00:00+05:30,transfer,Payment observed,Review payment evidence,TX-114249
EV-TX-114265,EXT-10381,2026-11-02T12:00:00+05:30,transfer,Payment observed,Review payment evidence,TX-114265
EV-TX-114273,EXT-10382,2026-08-23T12:00:00+05:30,transfer,Payment observed,Review payment evidence,TX-114273
EV-TX-114276,EXT-10382,2026-08-26T12:00:00+05:30,transfer,Payment observed,Review payment evidence,TX-114276
EV-TX-114277,EXT-10382,2026-08-27T12:00:00+05:30,transfer,Payment observed,Review payment evidence,TX-114277
EV-TX-114281,EXT-10382,2026-09-12T16:43:00+05:30,transfer,Payment observed,Review payment evidence,TX-114281
EV-TX-114282,EXT-10382,2026-09-12T16:47:00+05:30,transfer,Payment observed,Review payment evidence,TX-114282
EV-TX-114283,EXT-10382,2026-09-12T17:01:00+05:30,transfer,Payment observed,Review payment evidence,TX-114283
EV-TX-114286,EXT-10382,2026-09-23T12:00:00+05:30,transfer,Payment observed,Review payment evidence,TX-114286
EV-TX-114289,EXT-10382,2026-09-26T12:00:00+05:30,transfer,Payment observed,Review payment evidence,TX-114289
EV-TX-114290,EXT-10382,2026-09-27T12:00:00+05:30,transfer,Payment observed,Review payment evidence,TX-114290
EV-TX-114296,EXT-10382,2026-10-23T12:00:00+05:30,transfer,Payment observed,Review payment evidence,TX-114296
EV-TX-114299,EXT-10382,2026-10-26T12:00:00+05:30,transfer,Payment observed,Review payment evidence,TX-114299
EV-TX-114300,EXT-10382,2026-10-27T12:00:00+05:30,transfer,Payment observed,Review payment evidence,TX-114300
EV-TX-114304,EXT-10383,2026-08-02T12:00:00+05:30,transfer,Payment observed,Review payment evidence,TX-114304
EV-TX-114308,EXT-10383,2026-08-17T12:00:00+05:30,transfer,Payment observed,Review payment evidence,TX-114308
EV-TX-114310,EXT-10383,2026-08-22T12:00:00+05:30,transfer,Payment observed,Review payment evidence,TX-114310
EV-TX-114315,EXT-10383,2026-09-02T12:00:00+05:30,transfer,Payment observed,Review payment evidence,TX-114315
EV-TX-114319,EXT-10383,2026-09-17T12:00:00+05:30,transfer,Payment observed,Review payment evidence,TX-114319
EV-TX-114321,EXT-10383,2026-09-22T12:00:00+05:30,transfer,Payment observed,Review payment evidence,TX-114321
EV-TX-114326,EXT-10383,2026-10-02T12:00:00+05:30,transfer,Payment observed,Review payment evidence,TX-114326
EV-TX-114337,EXT-10383,2026-11-02T12:00:00+05:30,transfer,Payment observed,Review payment evidence,TX-114337
EV-TX-114342,EXT-10384,2026-08-06T12:00:00+05:30,transfer,Payment observed,Review payment evidence,TX-114342
EV-TX-114343,EXT-10384,2026-08-07T12:00:00+05:30,transfer,Payment observed,Review payment evidence,TX-114343
EV-TX-114344,EXT-10384,2026-08-08T12:00:00+05:30,transfer,Payment observed,Review payment evidence,TX-114344
EV-TX-114350,EXT-10384,2026-08-28T12:00:00+05:30,transfer,Payment observed,Review payment evidence,TX-114350
EV-TX-114353,EXT-10384,2026-09-06T12:00:00+05:30,transfer,Payment observed,Review payment evidence,TX-114353
EV-TX-114354,EXT-10384,2026-09-07T12:00:00+05:30,transfer,Payment observed,Review payment evidence,TX-114354
EV-TX-114355,EXT-10384,2026-09-08T12:00:00+05:30,transfer,Payment observed,Review payment evidence,TX-114355
EV-TX-114361,EXT-10384,2026-09-28T12:00:00+05:30,transfer,Payment observed,Review payment evidence,TX-114361
EV-TX-114364,EXT-10384,2026-10-06T12:00:00+05:30,transfer,Payment observed,Review payment evidence,TX-114364
EV-TX-114365,EXT-10384,2026-10-07T12:00:00+05:30,transfer,Payment observed,Review payment evidence,TX-114365
EV-TX-114366,EXT-10384,2026-10-08T12:00:00+05:30,transfer,Payment observed,Review payment evidence,TX-114366
EV-TX-114372,EXT-10384,2026-10-28T12:00:00+05:30,transfer,Payment observed,Review payment evidence,TX-114372
EV-TX-114377,EXT-10385,2026-08-03T12:00:00+05:30,transfer,Payment observed,Review payment evidence,TX-114377
EV-TX-114381,EXT-10385,2026-08-23T12:00:00+05:30,transfer,Payment observed,Review payment evidence,TX-114381
EV-TX-114386,EXT-10385,2026-09-03T12:00:00+05:30,transfer,Payment observed,Review payment evidence,TX-114386
EV-TX-114390,EXT-10385,2026-09-23T12:00:00+05:30,transfer,Payment observed,Review payment evidence,TX-114390
EV-TX-114395,EXT-10385,2026-10-03T12:00:00+05:30,transfer,Payment observed,Review payment evidence,TX-114395
EV-TX-114399,EXT-10385,2026-10-23T12:00:00+05:30,transfer,Payment observed,Review payment evidence,TX-114399
EV-TX-114404,EXT-10385,2026-11-03T12:00:00+05:30,transfer,Payment observed,Review payment evidence,TX-114404
EV-TX-114407,EXT-10386,2026-08-04T12:00:00+05:30,transfer,Payment observed,Review payment evidence,TX-114407
EV-TX-114409,EXT-10386,2026-08-13T12:00:00+05:30,transfer,Payment observed,Review payment evidence,TX-114409
EV-TX-114411,EXT-10386,2026-08-19T12:00:00+05:30,transfer,Payment observed,Review payment evidence,TX-114411
EV-TX-114419,EXT-10386,2026-09-04T12:00:00+05:30,transfer,Payment observed,Review payment evidence,TX-114419
EV-TX-114421,EXT-10386,2026-09-13T12:00:00+05:30,transfer,Payment observed,Review payment evidence,TX-114421
EV-TX-114423,EXT-10386,2026-09-15T14:22:00+05:30,transfer,Payment observed,Review payment evidence,TX-114423
EV-TX-114424,EXT-10386,2026-09-15T14:25:00+05:30,transfer,Payment observed,Review payment evidence,TX-114424
EV-TX-114425,EXT-10386,2026-09-19T12:00:00+05:30,transfer,Payment observed,Review payment evidence,TX-114425
EV-TX-114427,EXT-10386,2026-09-22T12:00:00+05:30,transfer,Payment observed,Review payment evidence,TX-114427
EV-TX-114433,EXT-10386,2026-10-04T12:00:00+05:30,transfer,Payment observed,Review payment evidence,TX-114433
EV-TX-114435,EXT-10386,2026-10-13T12:00:00+05:30,transfer,Payment observed,Review payment evidence,TX-114435
EV-TX-114437,EXT-10386,2026-10-19T12:00:00+05:30,transfer,Payment observed,Review payment evidence,TX-114437
EV-TX-114440,EXT-10386,2026-10-22T12:00:00+05:30,transfer,Payment observed,Review payment evidence,TX-114440
EV-TX-114446,EXT-10386,2026-11-04T12:00:00+05:30,transfer,Payment observed,Review payment evidence,TX-114446
EV-TX-114450,EXT-10387,2026-08-08T12:00:00+05:30,transfer,Payment observed,Review payment evidence,TX-114450
EV-TX-114452,EXT-10387,2026-08-11T12:00:00+05:30,transfer,Payment observed,Review payment evidence,TX-114452
EV-TX-114455,EXT-10387,2026-08-21T12:00:00+05:30,transfer,Payment observed,Review payment evidence,TX-114455
EV-TX-114460,EXT-10387,2026-09-08T12:00:00+05:30,transfer,Payment observed,Review payment evidence,TX-114460
EV-TX-114462,EXT-10387,2026-09-11T12:00:00+05:30,transfer,Payment observed,Review payment evidence,TX-114462
EV-TX-114465,EXT-10387,2026-09-21T12:00:00+05:30,transfer,Payment observed,Review payment evidence,TX-114465
EV-TX-114470,EXT-10387,2026-10-08T12:00:00+05:30,transfer,Payment observed,Review payment evidence,TX-114470
EV-TX-114472,EXT-10387,2026-10-11T12:00:00+05:30,transfer,Payment observed,Review payment evidence,TX-114472
EV-TX-114475,EXT-10387,2026-10-21T12:00:00+05:30,transfer,Payment observed,Review payment evidence,TX-114475
EV-TX-114484,EXT-10388,2026-08-11T12:00:00+05:30,transfer,Payment observed,Review payment evidence,TX-114484
EV-TX-114486,EXT-10388,2026-08-16T12:00:00+05:30,transfer,Payment observed,Review payment evidence,TX-114486
EV-TX-114487,EXT-10388,2026-08-18T12:00:00+05:30,transfer,Payment observed,Review payment evidence,TX-114487
EV-TX-114494,EXT-10388,2026-09-11T12:00:00+05:30,transfer,Payment observed,Review payment evidence,TX-114494
EV-TX-114495,EXT-10388,2026-09-13T14:57:00+05:30,transfer,Payment observed,Review payment evidence,TX-114495
EV-TX-114496,EXT-10388,2026-09-13T15:06:00+05:30,transfer,Payment observed,Review payment evidence,TX-114496
EV-TX-114497,EXT-10388,2026-09-13T15:15:00+05:30,transfer,Payment observed,Review payment evidence,TX-114497
EV-TX-114499,EXT-10388,2026-09-16T12:00:00+05:30,transfer,Payment observed,Review payment evidence,TX-114499
EV-TX-114500,EXT-10388,2026-09-17T17:44:00+05:30,transfer,Payment observed,Review payment evidence,TX-114500
EV-TX-114501,EXT-10388,2026-09-18T12:00:00+05:30,transfer,Payment observed,Review payment evidence,TX-114501
EV-TX-114510,EXT-10388,2026-10-11T12:00:00+05:30,transfer,Payment observed,Review payment evidence,TX-114510
EV-TX-114512,EXT-10388,2026-10-16T12:00:00+05:30,transfer,Payment observed,Review payment evidence,TX-114512
EV-TX-114513,EXT-10388,2026-10-18T12:00:00+05:30,transfer,Payment observed,Review payment evidence,TX-114513
EV-TX-114521,EXT-10389,2026-08-02T12:00:00+05:30,transfer,Payment observed,Review payment evidence,TX-114521
EV-TX-114525,EXT-10389,2026-08-16T12:00:00+05:30,transfer,Payment observed,Review payment evidence,TX-114525
EV-TX-114526,EXT-10389,2026-08-18T12:00:00+05:30,transfer,Payment observed,Review payment evidence,TX-114526
EV-TX-114527,EXT-10389,2026-08-20T12:00:00+05:30,transfer,Payment observed,Review payment evidence,TX-114527
EV-TX-114532,EXT-10389,2026-09-02T12:00:00+05:30,transfer,Payment observed,Review payment evidence,TX-114532
EV-TX-114536,EXT-10389,2026-09-16T12:00:00+05:30,transfer,Payment observed,Review payment evidence,TX-114536
EV-TX-114537,EXT-10389,2026-09-18T12:00:00+05:30,transfer,Payment observed,Review payment evidence,TX-114537
EV-TX-114538,EXT-10389,2026-09-20T12:00:00+05:30,transfer,Payment observed,Review payment evidence,TX-114538
EV-TX-114543,EXT-10389,2026-10-02T12:00:00+05:30,transfer,Payment observed,Review payment evidence,TX-114543
EV-TX-114547,EXT-10389,2026-10-16T12:00:00+05:30,transfer,Payment observed,Review payment evidence,TX-114547
EV-TX-114548,EXT-10389,2026-10-18T12:00:00+05:30,transfer,Payment observed,Review payment evidence,TX-114548
EV-TX-114549,EXT-10389,2026-10-20T12:00:00+05:30,transfer,Payment observed,Review payment evidence,TX-114549
EV-TX-114555,EXT-10389,2026-11-02T12:00:00+05:30,transfer,Payment observed,Review payment evidence,TX-114555
EV-TX-114562,EXT-10390,2026-08-11T12:00:00+05:30,transfer,Payment observed,Review payment evidence,TX-114562
EV-TX-114566,EXT-10390,2026-08-26T12:00:00+05:30,transfer,Payment observed,Review payment evidence,TX-114566
EV-TX-114570,EXT-10390,2026-09-11T12:00:00+05:30,transfer,Payment observed,Review payment evidence,TX-114570
EV-TX-114572,EXT-10390,2026-09-15T17:09:00+05:30,transfer,Payment observed,Review payment evidence,TX-114572
EV-TX-114573,EXT-10390,2026-09-15T17:13:00+05:30,transfer,Payment observed,Review payment evidence,TX-114573
EV-TX-114576,EXT-10390,2026-09-26T12:00:00+05:30,transfer,Payment observed,Review payment evidence,TX-114576
EV-TX-114580,EXT-10390,2026-10-11T12:00:00+05:30,transfer,Payment observed,Review payment evidence,TX-114580
EV-TX-114584,EXT-10390,2026-10-26T12:00:00+05:30,transfer,Payment observed,Review payment evidence,TX-114584
EV-TX-114590,EXT-10391,2026-08-13T12:00:00+05:30,transfer,Payment observed,Review payment evidence,TX-114590
EV-TX-114592,EXT-10391,2026-08-16T12:00:00+05:30,transfer,Payment observed,Review payment evidence,TX-114592
EV-TX-114594,EXT-10391,2026-08-24T12:00:00+05:30,transfer,Payment observed,Review payment evidence,TX-114594
EV-TX-114600,EXT-10391,2026-09-08T16:16:00+05:30,transfer,Payment observed,Review payment evidence,TX-114600
EV-TX-114601,EXT-10391,2026-09-08T16:23:00+05:30,transfer,Payment observed,Review payment evidence,TX-114601
EV-TX-114602,EXT-10391,2026-09-08T16:22:00+05:30,transfer,Payment observed,Review payment evidence,TX-114602
EV-TX-114604,EXT-10391,2026-09-13T12:00:00+05:30,transfer,Payment observed,Review payment evidence,TX-114604
EV-TX-114606,EXT-10391,2026-09-16T12:00:00+05:30,transfer,Payment observed,Review payment evidence,TX-114606
EV-TX-114616,EXT-10391,2026-10-13T12:00:00+05:30,transfer,Payment observed,Review payment evidence,TX-114616
EV-TX-114618,EXT-10391,2026-10-16T12:00:00+05:30,transfer,Payment observed,Review payment evidence,TX-114618
EV-TX-114629,EXT-10392,2026-08-03T12:00:00+05:30,transfer,Payment observed,Review payment evidence,TX-114629
EV-TX-114631,EXT-10392,2026-08-11T12:00:00+05:30,transfer,Payment observed,Review payment evidence,TX-114631
EV-TX-114632,EXT-10392,2026-08-14T12:00:00+05:30,transfer,Payment observed,Review payment evidence,TX-114632
EV-TX-114635,EXT-10392,2026-08-21T12:00:00+05:30,transfer,Payment observed,Review payment evidence,TX-114635
EV-TX-114640,EXT-10392,2026-09-03T12:00:00+05:30,transfer,Payment observed,Review payment evidence,TX-114640
EV-TX-114642,EXT-10392,2026-09-11T12:00:00+05:30,transfer,Payment observed,Review payment evidence,TX-114642
EV-TX-114643,EXT-10392,2026-09-14T12:00:00+05:30,transfer,Payment observed,Review payment evidence,TX-114643
EV-TX-114645,EXT-10392,2026-09-15T16:31:00+05:30,transfer,Payment observed,Review payment evidence,TX-114645
EV-TX-114646,EXT-10392,2026-09-15T16:38:00+05:30,transfer,Payment observed,Review payment evidence,TX-114646
EV-TX-114648,EXT-10392,2026-09-21T12:00:00+05:30,transfer,Payment observed,Review payment evidence,TX-114648
EV-TX-114653,EXT-10392,2026-10-03T12:00:00+05:30,transfer,Payment observed,Review payment evidence,TX-114653
EV-TX-114655,EXT-10392,2026-10-11T12:00:00+05:30,transfer,Payment observed,Review payment evidence,TX-114655
EV-TX-114656,EXT-10392,2026-10-14T12:00:00+05:30,transfer,Payment observed,Review payment evidence,TX-114656
EV-TX-114659,EXT-10392,2026-10-21T12:00:00+05:30,transfer,Payment observed,Review payment evidence,TX-114659
EV-TX-114664,EXT-10392,2026-11-03T12:00:00+05:30,transfer,Payment observed,Review payment evidence,TX-114664
EV-TX-114668,EXT-10393,2026-08-03T12:00:00+05:30,transfer,Payment observed,Review payment evidence,TX-114668
EV-TX-114669,EXT-10393,2026-08-04T12:00:00+05:30,transfer,Payment observed,Review payment evidence,TX-114669
EV-TX-114672,EXT-10393,2026-08-17T12:00:00+05:30,transfer,Payment observed,Review payment evidence,TX-114672
EV-TX-114678,EXT-10393,2026-09-03T12:00:00+05:30,transfer,Payment observed,Review payment evidence,TX-114678
EV-TX-114679,EXT-10393,2026-09-04T12:00:00+05:30,transfer,Payment observed,Review payment evidence,TX-114679
EV-TX-114682,EXT-10393,2026-09-17T12:00:00+05:30,transfer,Payment observed,Review payment evidence,TX-114682
EV-TX-114688,EXT-10393,2026-10-03T12:00:00+05:30,transfer,Payment observed,Review payment evidence,TX-114688
EV-TX-114689,EXT-10393,2026-10-04T12:00:00+05:30,transfer,Payment observed,Review payment evidence,TX-114689
EV-TX-114692,EXT-10393,2026-10-17T12:00:00+05:30,transfer,Payment observed,Review payment evidence,TX-114692
EV-TX-114698,EXT-10393,2026-11-03T12:00:00+05:30,transfer,Payment observed,Review payment evidence,TX-114698
EV-TX-114699,EXT-10393,2026-11-04T12:00:00+05:30,transfer,Payment observed,Review payment evidence,TX-114699
EV-TX-114702,EXT-10394,2026-08-02T12:00:00+05:30,transfer,Payment observed,Review payment evidence,TX-114702
EV-TX-114704,EXT-10394,2026-08-03T12:00:00+05:30,transfer,Payment observed,Review payment evidence,TX-114704
EV-TX-114708,EXT-10394,2026-08-25T12:00:00+05:30,transfer,Payment observed,Review payment evidence,TX-114708
EV-TX-114712,EXT-10394,2026-09-02T12:00:00+05:30,transfer,Payment observed,Review payment evidence,TX-114712
EV-TX-114714,EXT-10394,2026-09-03T12:00:00+05:30,transfer,Payment observed,Review payment evidence,TX-114714
EV-TX-114716,EXT-10394,2026-09-11T16:34:00+05:30,transfer,Payment observed,Review payment evidence,TX-114716
EV-TX-114717,EXT-10394,2026-09-11T16:37:00+05:30,transfer,Payment observed,Review payment evidence,TX-114717
EV-TX-114720,EXT-10394,2026-09-25T12:00:00+05:30,transfer,Payment observed,Review payment evidence,TX-114720
EV-TX-114724,EXT-10394,2026-10-02T12:00:00+05:30,transfer,Payment observed,Review payment evidence,TX-114724
EV-TX-114726,EXT-10394,2026-10-03T12:00:00+05:30,transfer,Payment observed,Review payment evidence,TX-114726
EV-TX-114730,EXT-10394,2026-10-25T12:00:00+05:30,transfer,Payment observed,Review payment evidence,TX-114730
EV-TX-114735,EXT-10394,2026-11-02T12:00:00+05:30,transfer,Payment observed,Review payment evidence,TX-114735
EV-TX-114737,EXT-10394,2026-11-03T12:00:00+05:30,transfer,Payment observed,Review payment evidence,TX-114737
EV-TX-114742,EXT-10395,2026-08-10T12:00:00+05:30,transfer,Payment observed,Review payment evidence,TX-114742
EV-TX-114743,EXT-10395,2026-08-12T12:00:00+05:30,transfer,Payment observed,Review payment evidence,TX-114743
EV-TX-114747,EXT-10395,2026-08-25T12:00:00+05:30,transfer,Payment observed,Review payment evidence,TX-114747
EV-TX-114752,EXT-10395,2026-09-10T12:00:00+05:30,transfer,Payment observed,Review payment evidence,TX-114752
EV-TX-114753,EXT-10395,2026-09-12T12:00:00+05:30,transfer,Payment observed,Review payment evidence,TX-114753
EV-TX-114758,EXT-10395,2026-09-25T12:00:00+05:30,transfer,Payment observed,Review payment evidence,TX-114758
EV-TX-114766,EXT-10395,2026-10-10T12:00:00+05:30,transfer,Payment observed,Review payment evidence,TX-114766
EV-TX-114781,EXT-10396,2026-08-15T12:00:00+05:30,transfer,Payment observed,Review payment evidence,TX-114781
EV-TX-114782,EXT-10396,2026-08-18T12:00:00+05:30,transfer,Payment observed,Review payment evidence,TX-114782
EV-TX-114790,EXT-10396,2026-09-15T12:00:00+05:30,transfer,Payment observed,Review payment evidence,TX-114790
EV-TX-114791,EXT-10396,2026-09-18T12:00:00+05:30,transfer,Payment observed,Review payment evidence,TX-114791
EV-TX-114792,EXT-10396,2026-09-20T15:28:00+05:30,transfer,Payment observed,Review payment evidence,TX-114792
EV-TX-114793,EXT-10396,2026-09-20T15:38:00+05:30,transfer,Payment observed,Review payment evidence,TX-114793
EV-TX-114804,EXT-10396,2026-10-15T12:00:00+05:30,transfer,Payment observed,Review payment evidence,TX-114804
EV-TX-114805,EXT-10396,2026-10-18T12:00:00+05:30,transfer,Payment observed,Review payment evidence,TX-114805
EV-TX-114814,EXT-10397,2026-08-02T12:00:00+05:30,transfer,Payment observed,Review payment evidence,TX-114814
EV-TX-114818,EXT-10397,2026-08-19T12:00:00+05:30,transfer,Payment observed,Review payment evidence,TX-114818
EV-TX-114823,EXT-10397,2026-09-02T12:00:00+05:30,transfer,Payment observed,Review payment evidence,TX-114823
EV-TX-114826,EXT-10397,2026-09-10T13:44:00+05:30,transfer,Payment observed,Review payment evidence,TX-114826
EV-TX-114827,EXT-10397,2026-09-10T13:47:00+05:30,transfer,Payment observed,Review payment evidence,TX-114827
EV-TX-114829,EXT-10397,2026-09-19T12:00:00+05:30,transfer,Payment observed,Review payment evidence,TX-114829
EV-TX-114834,EXT-10397,2026-10-02T12:00:00+05:30,transfer,Payment observed,Review payment evidence,TX-114834
EV-TX-114838,EXT-10397,2026-10-19T12:00:00+05:30,transfer,Payment observed,Review payment evidence,TX-114838
EV-TX-114843,EXT-10397,2026-11-02T12:00:00+05:30,transfer,Payment observed,Review payment evidence,TX-114843
EV-TX-114848,EXT-10398,2026-08-04T12:00:00+05:30,transfer,Payment observed,Review payment evidence,TX-114848
EV-TX-114849,EXT-10398,2026-08-08T12:00:00+05:30,transfer,Payment observed,Review payment evidence,TX-114849
EV-TX-114851,EXT-10398,2026-08-12T12:00:00+05:30,transfer,Payment observed,Review payment evidence,TX-114851
EV-TX-114855,EXT-10398,2026-08-26T12:00:00+05:30,transfer,Payment observed,Review payment evidence,TX-114855
EV-TX-114859,EXT-10398,2026-09-04T12:00:00+05:30,transfer,Payment observed,Review payment evidence,TX-114859
EV-TX-114860,EXT-10398,2026-09-08T12:00:00+05:30,transfer,Payment observed,Review payment evidence,TX-114860
EV-TX-114862,EXT-10398,2026-09-12T12:00:00+05:30,transfer,Payment observed,Review payment evidence,TX-114862
EV-TX-114863,EXT-10398,2026-09-12T16:42:00+05:30,transfer,Payment observed,Review payment evidence,TX-114863
EV-TX-114864,EXT-10398,2026-09-12T16:52:00+05:30,transfer,Payment observed,Review payment evidence,TX-114864
EV-TX-114865,EXT-10398,2026-09-14T13:08:00+05:30,transfer,Payment observed,Review payment evidence,TX-114865
EV-TX-114866,EXT-10398,2026-09-14T13:14:00+05:30,transfer,Payment observed,Review payment evidence,TX-114866
EV-TX-114867,EXT-10398,2026-09-14T13:22:00+05:30,transfer,Payment observed,Review payment evidence,TX-114867
EV-TX-114872,EXT-10398,2026-09-26T12:00:00+05:30,transfer,Payment observed,Review payment evidence,TX-114872
EV-TX-114875,EXT-10398,2026-10-04T12:00:00+05:30,transfer,Payment observed,Review payment evidence,TX-114875
EV-TX-114876,EXT-10398,2026-10-08T12:00:00+05:30,transfer,Payment observed,Review payment evidence,TX-114876
EV-TX-114878,EXT-10398,2026-10-12T12:00:00+05:30,transfer,Payment observed,Review payment evidence,TX-114878
EV-TX-114886,EXT-10398,2026-11-04T12:00:00+05:30,transfer,Payment observed,Review payment evidence,TX-114886
EV-TX-114890,EXT-10399,2026-08-07T12:00:00+05:30,transfer,Payment observed,Review payment evidence,TX-114890
EV-TX-114891,EXT-10399,2026-08-08T12:00:00+05:30,transfer,Payment observed,Review payment evidence,TX-114891
EV-TX-114893,EXT-10399,2026-08-13T12:00:00+05:30,transfer,Payment observed,Review payment evidence,TX-114893
EV-TX-114902,EXT-10399,2026-09-07T12:00:00+05:30,transfer,Payment observed,Review payment evidence,TX-114902
EV-TX-114904,EXT-10399,2026-09-08T12:00:00+05:30,transfer,Payment observed,Review payment evidence,TX-114904
EV-TX-114906,EXT-10399,2026-09-13T12:00:00+05:30,transfer,Payment observed,Review payment evidence,TX-114906
EV-TX-114909,EXT-10399,2026-09-23T12:00:00+05:30,transfer,Payment observed,Review payment evidence,TX-114909
EV-TX-114916,EXT-10399,2026-10-07T12:00:00+05:30,transfer,Payment observed,Review payment evidence,TX-114916
EV-TX-114917,EXT-10399,2026-10-08T12:00:00+05:30,transfer,Payment observed,Review payment evidence,TX-114917
EV-TX-114919,EXT-10399,2026-10-13T12:00:00+05:30,transfer,Payment observed,Review payment evidence,TX-114919
EV-TX-114922,EXT-10399,2026-10-23T12:00:00+05:30,transfer,Payment observed,Review payment evidence,TX-114922
EV-TX-114931,EXT-10400,2026-08-03T12:00:00+05:30,transfer,Payment observed,Review payment evidence,TX-114931
EV-TX-114932,EXT-10400,2026-08-07T12:00:00+05:30,transfer,Payment observed,Review payment evidence,TX-114932
EV-TX-114936,EXT-10400,2026-08-21T12:00:00+05:30,transfer,Payment observed,Review payment evidence,TX-114936
EV-TX-114940,EXT-10400,2026-09-03T12:00:00+05:30,transfer,Payment observed,Review payment evidence,TX-114940
EV-TX-114941,EXT-10400,2026-09-07T12:00:00+05:30,transfer,Payment observed,Review payment evidence,TX-114941
EV-TX-114944,EXT-10400,2026-09-16T15:45:00+05:30,transfer,Payment observed,Review payment evidence,TX-114944
EV-TX-114945,EXT-10400,2026-09-16T15:51:00+05:30,transfer,Payment observed,Review payment evidence,TX-114945
EV-TX-114947,EXT-10400,2026-09-21T12:00:00+05:30,transfer,Payment observed,Review payment evidence,TX-114947
EV-TX-114951,EXT-10400,2026-10-03T12:00:00+05:30,transfer,Payment observed,Review payment evidence,TX-114951
EV-TX-114952,EXT-10400,2026-10-07T12:00:00+05:30,transfer,Payment observed,Review payment evidence,TX-114952
EV-TX-114956,EXT-10400,2026-10-21T12:00:00+05:30,transfer,Payment observed,Review payment evidence,TX-114956
EV-TX-114960,EXT-10400,2026-11-03T12:00:00+05:30,transfer,Payment observed,Review payment evidence,TX-114960
EV-TX-114962,EXT-10401,2026-08-03T12:00:00+05:30,transfer,Payment observed,Review payment evidence,TX-114962
EV-TX-114963,EXT-10401,2026-08-04T12:00:00+05:30,transfer,Payment observed,Review payment evidence,TX-114963
EV-TX-114972,EXT-10401,2026-09-03T12:00:00+05:30,transfer,Payment observed,Review payment evidence,TX-114972
EV-TX-114973,EXT-10401,2026-09-04T12:00:00+05:30,transfer,Payment observed,Review payment evidence,TX-114973
EV-TX-114984,EXT-10401,2026-10-03T12:00:00+05:30,transfer,Payment observed,Review payment evidence,TX-114984
EV-TX-114985,EXT-10401,2026-10-04T12:00:00+05:30,transfer,Payment observed,Review payment evidence,TX-114985
EV-TX-114995,EXT-10401,2026-11-03T12:00:00+05:30,transfer,Payment observed,Review payment evidence,TX-114995
EV-TX-114996,EXT-10401,2026-11-04T12:00:00+05:30,transfer,Payment observed,Review payment evidence,TX-114996
EV-TX-114999,EXT-10402,2026-08-06T12:00:00+05:30,transfer,Payment observed,Review payment evidence,TX-114999
EV-TX-115001,EXT-10402,2026-08-10T12:00:00+05:30,transfer,Payment observed,Review payment evidence,TX-115001
EV-TX-115003,EXT-10402,2026-08-16T12:00:00+05:30,transfer,Payment observed,Review payment evidence,TX-115003
EV-TX-115005,EXT-10402,2026-08-23T12:00:00+05:30,transfer,Payment observed,Review payment evidence,TX-115005
EV-TX-115010,EXT-10402,2026-09-06T12:00:00+05:30,transfer,Payment observed,Review payment evidence,TX-115010
EV-TX-115012,EXT-10402,2026-09-10T12:00:00+05:30,transfer,Payment observed,Review payment evidence,TX-115012
EV-TX-115014,EXT-10402,2026-09-16T12:00:00+05:30,transfer,Payment observed,Review payment evidence,TX-115014
EV-TX-115015,EXT-10402,2026-09-17T13:08:00+05:30,transfer,Payment observed,Review payment evidence,TX-115015
EV-TX-115016,EXT-10402,2026-09-17T13:11:00+05:30,transfer,Payment observed,Review payment evidence,TX-115016
EV-TX-115017,EXT-10402,2026-09-17T13:22:00+05:30,transfer,Payment observed,Review payment evidence,TX-115017
EV-TX-115019,EXT-10402,2026-09-23T12:00:00+05:30,transfer,Payment observed,Review payment evidence,TX-115019
EV-TX-115024,EXT-10402,2026-10-06T12:00:00+05:30,transfer,Payment observed,Review payment evidence,TX-115024
EV-TX-115026,EXT-10402,2026-10-10T12:00:00+05:30,transfer,Payment observed,Review payment evidence,TX-115026
EV-TX-115028,EXT-10402,2026-10-16T12:00:00+05:30,transfer,Payment observed,Review payment evidence,TX-115028
EV-TX-115030,EXT-10402,2026-10-23T12:00:00+05:30,transfer,Payment observed,Review payment evidence,TX-115030
EV-TX-115040,EXT-10403,2026-08-10T12:00:00+05:30,transfer,Payment observed,Review payment evidence,TX-115040
EV-TX-115041,EXT-10403,2026-08-11T12:00:00+05:30,transfer,Payment observed,Review payment evidence,TX-115041
EV-TX-115042,EXT-10403,2026-08-13T12:00:00+05:30,transfer,Payment observed,Review payment evidence,TX-115042
EV-TX-115047,EXT-10403,2026-08-27T12:00:00+05:30,transfer,Payment observed,Review payment evidence,TX-115047
EV-TX-115051,EXT-10403,2026-09-10T12:00:00+05:30,transfer,Payment observed,Review payment evidence,TX-115051
EV-TX-115052,EXT-10403,2026-09-11T12:00:00+05:30,transfer,Payment observed,Review payment evidence,TX-115052
EV-TX-115053,EXT-10403,2026-09-13T12:00:00+05:30,transfer,Payment observed,Review payment evidence,TX-115053
EV-TX-115055,EXT-10403,2026-09-17T15:20:00+05:30,transfer,Payment observed,Review payment evidence,TX-115055
EV-TX-115056,EXT-10403,2026-09-17T15:30:00+05:30,transfer,Payment observed,Review payment evidence,TX-115056
EV-TX-115060,EXT-10403,2026-09-27T12:00:00+05:30,transfer,Payment observed,Review payment evidence,TX-115060
EV-TX-115064,EXT-10403,2026-10-10T12:00:00+05:30,transfer,Payment observed,Review payment evidence,TX-115064
EV-TX-115065,EXT-10403,2026-10-11T12:00:00+05:30,transfer,Payment observed,Review payment evidence,TX-115065
EV-TX-115066,EXT-10403,2026-10-13T12:00:00+05:30,transfer,Payment observed,Review payment evidence,TX-115066
EV-TX-115071,EXT-10403,2026-10-27T12:00:00+05:30,transfer,Payment observed,Review payment evidence,TX-115071
EV-TX-115079,EXT-10404,2026-08-18T12:00:00+05:30,transfer,Payment observed,Review payment evidence,TX-115079
EV-TX-115082,EXT-10404,2026-08-25T12:00:00+05:30,transfer,Payment observed,Review payment evidence,TX-115082
EV-TX-115084,EXT-10404,2026-08-26T12:00:00+05:30,transfer,Payment observed,Review payment evidence,TX-115084
EV-TX-115088,EXT-10404,2026-09-11T13:06:00+05:30,transfer,Payment observed,Review payment evidence,TX-115088
EV-TX-115100,EXT-10404,2026-10-18T12:00:00+05:30,transfer,Payment observed,Review payment evidence,TX-115100
EV-TX-115102,EXT-10404,2026-10-25T12:00:00+05:30,transfer,Payment observed,Review payment evidence,TX-115102
EV-TX-115110,EXT-10405,2026-08-05T12:00:00+05:30,transfer,Payment observed,Review payment evidence,TX-115110
EV-TX-115111,EXT-10405,2026-08-08T12:00:00+05:30,transfer,Payment observed,Review payment evidence,TX-115111
EV-TX-115115,EXT-10405,2026-08-21T12:00:00+05:30,transfer,Payment observed,Review payment evidence,TX-115115
EV-TX-115120,EXT-10405,2026-09-05T12:00:00+05:30,transfer,Payment observed,Review payment evidence,TX-115120
EV-TX-115121,EXT-10405,2026-09-08T12:00:00+05:30,transfer,Payment observed,Review payment evidence,TX-115121
EV-TX-115125,EXT-10405,2026-09-21T12:00:00+05:30,transfer,Payment observed,Review payment evidence,TX-115125
EV-TX-115130,EXT-10405,2026-10-05T12:00:00+05:30,transfer,Payment observed,Review payment evidence,TX-115130
EV-TX-115131,EXT-10405,2026-10-08T12:00:00+05:30,transfer,Payment observed,Review payment evidence,TX-115131
EV-TX-115135,EXT-10405,2026-10-21T12:00:00+05:30,transfer,Payment observed,Review payment evidence,TX-115135
EV-TX-115140,EXT-10405,2026-11-05T12:00:00+05:30,transfer,Payment observed,Review payment evidence,TX-115140
EV-TX-115144,EXT-10406,2026-08-06T12:00:00+05:30,transfer,Payment observed,Review payment evidence,TX-115144
EV-TX-115150,EXT-10406,2026-08-26T12:00:00+05:30,transfer,Payment observed,Review payment evidence,TX-115150
EV-TX-115151,EXT-10406,2026-08-27T12:00:00+05:30,transfer,Payment observed,Review payment evidence,TX-115151
EV-TX-115154,EXT-10406,2026-09-06T12:00:00+05:30,transfer,Payment observed,Review payment evidence,TX-115154
EV-TX-115157,EXT-10406,2026-09-16T15:10:00+05:30,transfer,Payment observed,Review payment evidence,TX-115157
EV-TX-115158,EXT-10406,2026-09-16T15:18:00+05:30,transfer,Payment observed,Review payment evidence,TX-115158
EV-TX-115162,EXT-10406,2026-09-26T12:00:00+05:30,transfer,Payment observed,Review payment evidence,TX-115162
EV-TX-115166,EXT-10406,2026-10-06T12:00:00+05:30,transfer,Payment observed,Review payment evidence,TX-115166
EV-TX-115172,EXT-10406,2026-10-26T12:00:00+05:30,transfer,Payment observed,Review payment evidence,TX-115172
EV-TX-115173,EXT-10406,2026-10-27T12:00:00+05:30,transfer,Payment observed,Review payment evidence,TX-115173
EV-TX-115180,EXT-10407,2026-08-04T12:00:00+05:30,transfer,Payment observed,Review payment evidence,TX-115180
EV-TX-115182,EXT-10407,2026-08-11T12:00:00+05:30,transfer,Payment observed,Review payment evidence,TX-115182
EV-TX-115183,EXT-10407,2026-08-12T12:00:00+05:30,transfer,Payment observed,Review payment evidence,TX-115183
EV-TX-115185,EXT-10407,2026-08-20T12:00:00+05:30,transfer,Payment observed,Review payment evidence,TX-115185
EV-TX-115191,EXT-10407,2026-09-04T12:00:00+05:30,transfer,Payment observed,Review payment evidence,TX-115191
EV-TX-115193,EXT-10407,2026-09-11T12:00:00+05:30,transfer,Payment observed,Review payment evidence,TX-115193
EV-TX-115194,EXT-10407,2026-09-12T12:00:00+05:30,transfer,Payment observed,Review payment evidence,TX-115194
EV-TX-115195,EXT-10407,2026-09-14T16:43:00+05:30,transfer,Payment observed,Review payment evidence,TX-115195
EV-TX-115196,EXT-10407,2026-09-14T16:48:00+05:30,transfer,Payment observed,Review payment evidence,TX-115196
EV-TX-115197,EXT-10407,2026-09-14T16:59:00+05:30,transfer,Payment observed,Review payment evidence,TX-115197
EV-TX-115199,EXT-10407,2026-09-15T17:44:00+05:30,transfer,Payment observed,Review payment evidence,TX-115199
EV-TX-115200,EXT-10407,2026-09-20T12:00:00+05:30,transfer,Payment observed,Review payment evidence,TX-115200
EV-TX-115208,EXT-10407,2026-10-04T12:00:00+05:30,transfer,Payment observed,Review payment evidence,TX-115208
EV-TX-115210,EXT-10407,2026-10-11T12:00:00+05:30,transfer,Payment observed,Review payment evidence,TX-115210
EV-TX-115211,EXT-10407,2026-10-12T12:00:00+05:30,transfer,Payment observed,Review payment evidence,TX-115211
EV-TX-115213,EXT-10407,2026-10-20T12:00:00+05:30,transfer,Payment observed,Review payment evidence,TX-115213
EV-TX-115221,EXT-10407,2026-11-04T12:00:00+05:30,transfer,Payment observed,Review payment evidence,TX-115221
EV-TX-115224,EXT-10408,2026-08-05T12:00:00+05:30,transfer,Payment observed,Review payment evidence,TX-115224
EV-TX-115226,EXT-10408,2026-08-09T12:00:00+05:30,transfer,Payment observed,Review payment evidence,TX-115226
EV-TX-115229,EXT-10408,2026-08-23T12:00:00+05:30,transfer,Payment observed,Review payment evidence,TX-115229
EV-TX-115230,EXT-10408,2026-08-25T12:00:00+05:30,transfer,Payment observed,Review payment evidence,TX-115230
EV-TX-115236,EXT-10408,2026-09-05T12:00:00+05:30,transfer,Payment observed,Review payment evidence,TX-115236
EV-TX-115238,EXT-10408,2026-09-09T12:00:00+05:30,transfer,Payment observed,Review payment evidence,TX-115238
EV-TX-115239,EXT-10408,2026-09-12T15:24:00+05:30,transfer,Payment observed,Review payment evidence,TX-115239
EV-TX-115240,EXT-10408,2026-09-12T15:31:00+05:30,transfer,Payment observed,Review payment evidence,TX-115240
EV-TX-115243,EXT-10408,2026-09-23T12:00:00+05:30,transfer,Payment observed,Review payment evidence,TX-115243
EV-TX-115245,EXT-10408,2026-09-25T12:00:00+05:30,transfer,Payment observed,Review payment evidence,TX-115245
EV-TX-115251,EXT-10408,2026-10-05T12:00:00+05:30,transfer,Payment observed,Review payment evidence,TX-115251
EV-TX-115253,EXT-10408,2026-10-09T12:00:00+05:30,transfer,Payment observed,Review payment evidence,TX-115253
EV-TX-115256,EXT-10408,2026-10-23T12:00:00+05:30,transfer,Payment observed,Review payment evidence,TX-115256
EV-TX-115258,EXT-10408,2026-10-25T12:00:00+05:30,transfer,Payment observed,Review payment evidence,TX-115258
EV-TX-115264,EXT-10408,2026-11-05T12:00:00+05:30,transfer,Payment observed,Review payment evidence,TX-115264
EV-TX-115269,EXT-10409,2026-08-12T12:00:00+05:30,transfer,Payment observed,Review payment evidence,TX-115269
EV-TX-115270,EXT-10409,2026-08-13T12:00:00+05:30,transfer,Payment observed,Review payment evidence,TX-115270
EV-TX-115278,EXT-10409,2026-09-12T12:00:00+05:30,transfer,Payment observed,Review payment evidence,TX-115278
EV-TX-115279,EXT-10409,2026-09-13T12:00:00+05:30,transfer,Payment observed,Review payment evidence,TX-115279
EV-TX-115287,EXT-10409,2026-10-12T12:00:00+05:30,transfer,Payment observed,Review payment evidence,TX-115287
EV-TX-115288,EXT-10409,2026-10-13T12:00:00+05:30,transfer,Payment observed,Review payment evidence,TX-115288
EV-TX-115298,EXT-10410,2026-08-05T12:00:00+05:30,transfer,Payment observed,Review payment evidence,TX-115298
EV-TX-115299,EXT-10410,2026-08-07T12:00:00+05:30,transfer,Payment observed,Review payment evidence,TX-115299
EV-TX-115303,EXT-10410,2026-08-21T12:00:00+05:30,transfer,Payment observed,Review payment evidence,TX-115303
EV-TX-115307,EXT-10410,2026-09-05T12:00:00+05:30,transfer,Payment observed,Review payment evidence,TX-115307
EV-TX-115308,EXT-10410,2026-09-07T12:00:00+05:30,transfer,Payment observed,Review payment evidence,TX-115308
EV-TX-115312,EXT-10410,2026-09-21T12:00:00+05:30,transfer,Payment observed,Review payment evidence,TX-115312
EV-TX-115316,EXT-10410,2026-10-05T12:00:00+05:30,transfer,Payment observed,Review payment evidence,TX-115316
EV-TX-115317,EXT-10410,2026-10-07T12:00:00+05:30,transfer,Payment observed,Review payment evidence,TX-115317
EV-TX-115321,EXT-10410,2026-10-21T12:00:00+05:30,transfer,Payment observed,Review payment evidence,TX-115321
EV-TX-115325,EXT-10410,2026-11-05T12:00:00+05:30,transfer,Payment observed,Review payment evidence,TX-115325
EV-TX-115328,EXT-10411,2026-08-03T12:00:00+05:30,transfer,Payment observed,Review payment evidence,TX-115328
EV-TX-115329,EXT-10411,2026-08-04T12:00:00+05:30,transfer,Payment observed,Review payment evidence,TX-115329
EV-TX-115330,EXT-10411,2026-08-06T12:00:00+05:30,transfer,Payment observed,Review payment evidence,TX-115330
EV-TX-115333,EXT-10411,2026-08-15T12:00:00+05:30,transfer,Payment observed,Review payment evidence,TX-115333
EV-TX-115340,EXT-10411,2026-09-03T12:00:00+05:30,transfer,Payment observed,Review payment evidence,TX-115340
EV-TX-115341,EXT-10411,2026-09-04T12:00:00+05:30,transfer,Payment observed,Review payment evidence,TX-115341
EV-TX-115342,EXT-10411,2026-09-06T12:00:00+05:30,transfer,Payment observed,Review payment evidence,TX-115342
EV-TX-115345,EXT-10411,2026-09-15T12:00:00+05:30,transfer,Payment observed,Review payment evidence,TX-115345
EV-TX-115352,EXT-10411,2026-10-03T12:00:00+05:30,transfer,Payment observed,Review payment evidence,TX-115352
EV-TX-115353,EXT-10411,2026-10-04T12:00:00+05:30,transfer,Payment observed,Review payment evidence,TX-115353
EV-TX-115354,EXT-10411,2026-10-06T12:00:00+05:30,transfer,Payment observed,Review payment evidence,TX-115354
EV-TX-115357,EXT-10411,2026-10-15T12:00:00+05:30,transfer,Payment observed,Review payment evidence,TX-115357
EV-TX-115364,EXT-10411,2026-11-03T12:00:00+05:30,transfer,Payment observed,Review payment evidence,TX-115364
EV-TX-115365,EXT-10411,2026-11-04T12:00:00+05:30,transfer,Payment observed,Review payment evidence,TX-115365
EV-TX-115372,EXT-10412,2026-08-22T12:00:00+05:30,transfer,Payment observed,Review payment evidence,TX-115372
EV-TX-115373,EXT-10412,2026-08-25T12:00:00+05:30,transfer,Payment observed,Review payment evidence,TX-115373
EV-TX-115381,EXT-10412,2026-09-22T12:00:00+05:30,transfer,Payment observed,Review payment evidence,TX-115381
EV-TX-115382,EXT-10412,2026-09-25T12:00:00+05:30,transfer,Payment observed,Review payment evidence,TX-115382
EV-TX-115390,EXT-10412,2026-10-22T12:00:00+05:30,transfer,Payment observed,Review payment evidence,TX-115390
EV-TX-115391,EXT-10412,2026-10-25T12:00:00+05:30,transfer,Payment observed,Review payment evidence,TX-115391
EV-TX-115398,EXT-10413,2026-08-06T12:00:00+05:30,transfer,Payment observed,Review payment evidence,TX-115398
EV-TX-115401,EXT-10413,2026-08-19T12:00:00+05:30,transfer,Payment observed,Review payment evidence,TX-115401
EV-TX-115403,EXT-10413,2026-08-22T12:00:00+05:30,transfer,Payment observed,Review payment evidence,TX-115403
EV-TX-115405,EXT-10413,2026-08-26T12:00:00+05:30,transfer,Payment observed,Review payment evidence,TX-115405
EV-TX-115409,EXT-10413,2026-09-06T12:00:00+05:30,transfer,Payment observed,Review payment evidence,TX-115409
EV-TX-115412,EXT-10413,2026-09-19T12:00:00+05:30,transfer,Payment observed,Review payment evidence,TX-115412
EV-TX-115414,EXT-10413,2026-09-22T12:00:00+05:30,transfer,Payment observed,Review payment evidence,TX-115414
EV-TX-115416,EXT-10413,2026-09-26T12:00:00+05:30,transfer,Payment observed,Review payment evidence,TX-115416
EV-TX-115420,EXT-10413,2026-10-06T12:00:00+05:30,transfer,Payment observed,Review payment evidence,TX-115420
EV-TX-115423,EXT-10413,2026-10-19T12:00:00+05:30,transfer,Payment observed,Review payment evidence,TX-115423
EV-TX-115425,EXT-10413,2026-10-22T12:00:00+05:30,transfer,Payment observed,Review payment evidence,TX-115425
EV-TX-115427,EXT-10413,2026-10-26T12:00:00+05:30,transfer,Payment observed,Review payment evidence,TX-115427
EV-TX-115437,EXT-10414,2026-08-21T12:00:00+05:30,transfer,Payment observed,Review payment evidence,TX-115437
EV-TX-115438,EXT-10414,2026-08-24T12:00:00+05:30,transfer,Payment observed,Review payment evidence,TX-115438
EV-TX-115444,EXT-10414,2026-09-10T15:03:00+05:30,transfer,Payment observed,Review payment evidence,TX-115444
EV-TX-115445,EXT-10414,2026-09-10T15:12:00+05:30,transfer,Payment observed,Review payment evidence,TX-115445
EV-TX-115448,EXT-10414,2026-09-21T12:00:00+05:30,transfer,Payment observed,Review payment evidence,TX-115448
EV-TX-115449,EXT-10414,2026-09-24T12:00:00+05:30,transfer,Payment observed,Review payment evidence,TX-115449
EV-TX-115457,EXT-10414,2026-10-21T12:00:00+05:30,transfer,Payment observed,Review payment evidence,TX-115457
EV-TX-115458,EXT-10414,2026-10-24T12:00:00+05:30,transfer,Payment observed,Review payment evidence,TX-115458
EV-TX-115467,EXT-10415,2026-08-10T12:00:00+05:30,transfer,Payment observed,Review payment evidence,TX-115467
EV-TX-115469,EXT-10415,2026-08-20T12:00:00+05:30,transfer,Payment observed,Review payment evidence,TX-115469
EV-TX-115473,EXT-10415,2026-08-26T12:00:00+05:30,transfer,Payment observed,Review payment evidence,TX-115473
EV-TX-115474,EXT-10415,2026-08-28T12:00:00+05:30,transfer,Payment observed,Review payment evidence,TX-115474
EV-TX-115478,EXT-10415,2026-09-10T12:00:00+05:30,transfer,Payment observed,Review payment evidence,TX-115478
EV-TX-115480,EXT-10415,2026-09-15T17:43:00+05:30,transfer,Payment observed,Review payment evidence,TX-115480
EV-TX-115481,EXT-10415,2026-09-15T17:47:00+05:30,transfer,Payment observed,Review payment evidence,TX-115481
EV-TX-115482,EXT-10415,2026-09-15T17:51:00+05:30,transfer,Payment observed,Review payment evidence,TX-115482
EV-TX-115483,EXT-10415,2026-09-20T12:00:00+05:30,transfer,Payment observed,Review payment evidence,TX-115483
EV-TX-115487,EXT-10415,2026-09-26T12:00:00+05:30,transfer,Payment observed,Review payment evidence,TX-115487
EV-TX-115488,EXT-10415,2026-09-28T12:00:00+05:30,transfer,Payment observed,Review payment evidence,TX-115488
EV-TX-115492,EXT-10415,2026-10-10T12:00:00+05:30,transfer,Payment observed,Review payment evidence,TX-115492
EV-TX-115494,EXT-10415,2026-10-20T12:00:00+05:30,transfer,Payment observed,Review payment evidence,TX-115494
EV-TX-115498,EXT-10415,2026-10-26T12:00:00+05:30,transfer,Payment observed,Review payment evidence,TX-115498
EV-TX-115499,EXT-10415,2026-10-28T12:00:00+05:30,transfer,Payment observed,Review payment evidence,TX-115499
EV-TX-115506,EXT-10416,2026-08-09T12:00:00+05:30,transfer,Payment observed,Review payment evidence,TX-115506
EV-TX-115507,EXT-10416,2026-08-10T12:00:00+05:30,transfer,Payment observed,Review payment evidence,TX-115507
EV-TX-115510,EXT-10416,2026-08-22T12:00:00+05:30,transfer,Payment observed,Review payment evidence,TX-115510
EV-TX-115512,EXT-10416,2026-08-26T12:00:00+05:30,transfer,Payment observed,Review payment evidence,TX-115512
EV-TX-115517,EXT-10416,2026-09-09T12:00:00+05:30,transfer,Payment observed,Review payment evidence,TX-115517
EV-TX-115518,EXT-10416,2026-09-10T12:00:00+05:30,transfer,Payment observed,Review payment evidence,TX-115518
EV-TX-115521,EXT-10416,2026-09-22T12:00:00+05:30,transfer,Payment observed,Review payment evidence,TX-115521
EV-TX-115523,EXT-10416,2026-09-26T12:00:00+05:30,transfer,Payment observed,Review payment evidence,TX-115523
EV-TX-115528,EXT-10416,2026-10-09T12:00:00+05:30,transfer,Payment observed,Review payment evidence,TX-115528
EV-TX-115529,EXT-10416,2026-10-10T12:00:00+05:30,transfer,Payment observed,Review payment evidence,TX-115529
EV-TX-115532,EXT-10416,2026-10-22T12:00:00+05:30,transfer,Payment observed,Review payment evidence,TX-115532
EV-TX-115534,EXT-10416,2026-10-26T12:00:00+05:30,transfer,Payment observed,Review payment evidence,TX-115534
EV-TX-115543,EXT-10417,2026-08-22T12:00:00+05:30,transfer,Payment observed,Review payment evidence,TX-115543
EV-TX-115545,EXT-10417,2026-08-26T12:00:00+05:30,transfer,Payment observed,Review payment evidence,TX-115545
EV-TX-115550,EXT-10417,2026-09-14T16:12:00+05:30,transfer,Payment observed,Review payment evidence,TX-115550
EV-TX-115551,EXT-10417,2026-09-14T16:17:00+05:30,transfer,Payment observed,Review payment evidence,TX-115551
EV-TX-115552,EXT-10417,2026-09-14T16:24:00+05:30,transfer,Payment observed,Review payment evidence,TX-115552
EV-TX-115555,EXT-10417,2026-09-22T12:00:00+05:30,transfer,Payment observed,Review payment evidence,TX-115555
EV-TX-115558,EXT-10417,2026-09-26T12:00:00+05:30,transfer,Payment observed,Review payment evidence,TX-115558
EV-TX-115565,EXT-10417,2026-10-22T12:00:00+05:30,transfer,Payment observed,Review payment evidence,TX-115565
EV-TX-115568,EXT-10417,2026-10-26T12:00:00+05:30,transfer,Payment observed,Review payment evidence,TX-115568
EV-TX-115573,EXT-10418,2026-08-08T12:00:00+05:30,transfer,Payment observed,Review payment evidence,TX-115573
EV-TX-115575,EXT-10418,2026-08-10T12:00:00+05:30,transfer,Payment observed,Review payment evidence,TX-115575
EV-TX-115576,EXT-10418,2026-08-12T12:00:00+05:30,transfer,Payment observed,Review payment evidence,TX-115576
EV-TX-115577,EXT-10418,2026-08-13T12:00:00+05:30,transfer,Payment observed,Review payment evidence,TX-115577
EV-TX-115584,EXT-10418,2026-09-08T12:00:00+05:30,transfer,Payment observed,Review payment evidence,TX-115584
EV-TX-115586,EXT-10418,2026-09-10T12:00:00+05:30,transfer,Payment observed,Review payment evidence,TX-115586
EV-TX-115587,EXT-10418,2026-09-12T12:00:00+05:30,transfer,Payment observed,Review payment evidence,TX-115587
EV-TX-115588,EXT-10418,2026-09-13T12:00:00+05:30,transfer,Payment observed,Review payment evidence,TX-115588
EV-TX-115595,EXT-10418,2026-10-08T12:00:00+05:30,transfer,Payment observed,Review payment evidence,TX-115595
EV-TX-115597,EXT-10418,2026-10-10T12:00:00+05:30,transfer,Payment observed,Review payment evidence,TX-115597
EV-TX-115598,EXT-10418,2026-10-12T12:00:00+05:30,transfer,Payment observed,Review payment evidence,TX-115598
EV-TX-115599,EXT-10418,2026-10-13T12:00:00+05:30,transfer,Payment observed,Review payment evidence,TX-115599
EV-TX-115608,EXT-10419,2026-08-08T12:00:00+05:30,transfer,Payment observed,Review payment evidence,TX-115608
EV-TX-115615,EXT-10419,2026-08-28T12:00:00+05:30,transfer,Payment observed,Review payment evidence,TX-115615
EV-TX-115618,EXT-10419,2026-09-08T12:00:00+05:30,transfer,Payment observed,Review payment evidence,TX-115618
EV-TX-115628,EXT-10419,2026-09-28T12:00:00+05:30,transfer,Payment observed,Review payment evidence,TX-115628
EV-TX-115631,EXT-10419,2026-10-08T12:00:00+05:30,transfer,Payment observed,Review payment evidence,TX-115631
EV-TX-115641,EXT-10419,2026-10-28T12:00:00+05:30,transfer,Payment observed,Review payment evidence,TX-115641
EV-TX-115646,EXT-10420,2026-08-03T12:00:00+05:30,transfer,Payment observed,Review payment evidence,TX-115646
EV-TX-115650,EXT-10420,2026-08-15T12:00:00+05:30,transfer,Payment observed,Review payment evidence,TX-115650
EV-TX-115652,EXT-10420,2026-08-24T12:00:00+05:30,transfer,Payment observed,Review payment evidence,TX-115652
EV-TX-115654,EXT-10420,2026-08-27T12:00:00+05:30,transfer,Payment observed,Review payment evidence,TX-115654
EV-TX-115656,EXT-10420,2026-09-03T12:00:00+05:30,transfer,Payment observed,Review payment evidence,TX-115656
EV-TX-115660,EXT-10420,2026-09-15T12:00:00+05:30,transfer,Payment observed,Review payment evidence,TX-115660
EV-TX-115662,EXT-10420,2026-09-24T12:00:00+05:30,transfer,Payment observed,Review payment evidence,TX-115662
EV-TX-115664,EXT-10420,2026-09-27T12:00:00+05:30,transfer,Payment observed,Review payment evidence,TX-115664
EV-TX-115666,EXT-10420,2026-10-03T12:00:00+05:30,transfer,Payment observed,Review payment evidence,TX-115666
EV-TX-115670,EXT-10420,2026-10-15T12:00:00+05:30,transfer,Payment observed,Review payment evidence,TX-115670
EV-TX-115672,EXT-10420,2026-10-24T12:00:00+05:30,transfer,Payment observed,Review payment evidence,TX-115672
EV-TX-115674,EXT-10420,2026-10-27T12:00:00+05:30,transfer,Payment observed,Review payment evidence,TX-115674
EV-TX-115676,EXT-10420,2026-11-03T12:00:00+05:30,transfer,Payment observed,Review payment evidence,TX-115676
EV-TX-115680,EXT-10421,2026-08-03T12:00:00+05:30,transfer,Payment observed,Review payment evidence,TX-115680
EV-TX-115681,EXT-10421,2026-08-06T12:00:00+05:30,transfer,Payment observed,Review payment evidence,TX-115681
EV-TX-115685,EXT-10421,2026-08-22T12:00:00+05:30,transfer,Payment observed,Review payment evidence,TX-115685
EV-TX-115687,EXT-10421,2026-08-27T12:00:00+05:30,transfer,Payment observed,Review payment evidence,TX-115687
EV-TX-115692,EXT-10421,2026-09-03T12:00:00+05:30,transfer,Payment observed,Review payment evidence,TX-115692
EV-TX-115693,EXT-10421,2026-09-06T12:00:00+05:30,transfer,Payment observed,Review payment evidence,TX-115693
EV-TX-115697,EXT-10421,2026-09-22T12:00:00+05:30,transfer,Payment observed,Review payment evidence,TX-115697
EV-TX-115699,EXT-10421,2026-09-27T12:00:00+05:30,transfer,Payment observed,Review payment evidence,TX-115699
EV-TX-115703,EXT-10421,2026-10-03T12:00:00+05:30,transfer,Payment observed,Review payment evidence,TX-115703
EV-TX-115706,EXT-10421,2026-10-06T12:00:00+05:30,transfer,Payment observed,Review payment evidence,TX-115706
EV-TX-115723,EXT-10422,2026-08-04T12:00:00+05:30,transfer,Payment observed,Review payment evidence,TX-115723
EV-TX-115725,EXT-10422,2026-08-05T12:00:00+05:30,transfer,Payment observed,Review payment evidence,TX-115725
EV-TX-115727,EXT-10422,2026-08-14T12:00:00+05:30,transfer,Payment observed,Review payment evidence,TX-115727
EV-TX-115729,EXT-10422,2026-08-20T12:00:00+05:30,transfer,Payment observed,Review payment evidence,TX-115729
EV-TX-115734,EXT-10422,2026-09-04T12:00:00+05:30,transfer,Payment observed,Review payment evidence,TX-115734
EV-TX-115736,EXT-10422,2026-09-05T12:00:00+05:30,transfer,Payment observed,Review payment evidence,TX-115736
EV-TX-115738,EXT-10422,2026-09-14T12:00:00+05:30,transfer,Payment observed,Review payment evidence,TX-115738
EV-TX-115740,EXT-10422,2026-09-20T12:00:00+05:30,transfer,Payment observed,Review payment evidence,TX-115740
EV-TX-115745,EXT-10422,2026-10-04T12:00:00+05:30,transfer,Payment observed,Review payment evidence,TX-115745
EV-TX-115747,EXT-10422,2026-10-05T12:00:00+05:30,transfer,Payment observed,Review payment evidence,TX-115747
EV-TX-115749,EXT-10422,2026-10-14T12:00:00+05:30,transfer,Payment observed,Review payment evidence,TX-115749
EV-TX-115751,EXT-10422,2026-10-20T12:00:00+05:30,transfer,Payment observed,Review payment evidence,TX-115751
EV-TX-115756,EXT-10422,2026-11-04T12:00:00+05:30,transfer,Payment observed,Review payment evidence,TX-115756
EV-TX-115758,EXT-10422,2026-11-05T12:00:00+05:30,transfer,Payment observed,Review payment evidence,TX-115758
EV-TX-115761,EXT-10423,2026-08-04T12:00:00+05:30,transfer,Payment observed,Review payment evidence,TX-115761
EV-TX-115764,EXT-10423,2026-08-12T12:00:00+05:30,transfer,Payment observed,Review payment evidence,TX-115764
EV-TX-115767,EXT-10423,2026-08-22T12:00:00+05:30,transfer,Payment observed,Review payment evidence,TX-115767
EV-TX-115770,EXT-10423,2026-08-27T12:00:00+05:30,transfer,Payment observed,Review payment evidence,TX-115770
EV-TX-115772,EXT-10423,2026-09-04T12:00:00+05:30,transfer,Payment observed,Review payment evidence,TX-115772
EV-TX-115775,EXT-10423,2026-09-12T12:00:00+05:30,transfer,Payment observed,Review payment evidence,TX-115775
EV-TX-115778,EXT-10423,2026-09-22T12:00:00+05:30,transfer,Payment observed,Review payment evidence,TX-115778
EV-TX-115787,EXT-10423,2026-10-12T12:00:00+05:30,transfer,Payment observed,Review payment evidence,TX-115787
EV-TX-115790,EXT-10423,2026-10-22T12:00:00+05:30,transfer,Payment observed,Review payment evidence,TX-115790
EV-TX-115793,EXT-10423,2026-10-27T12:00:00+05:30,transfer,Payment observed,Review payment evidence,TX-115793
EV-TX-115799,EXT-10424,2026-08-02T12:00:00+05:30,transfer,Payment observed,Review payment evidence,TX-115799
EV-TX-115803,EXT-10424,2026-08-16T12:00:00+05:30,transfer,Payment observed,Review payment evidence,TX-115803
EV-TX-115807,EXT-10424,2026-09-02T12:00:00+05:30,transfer,Payment observed,Review payment evidence,TX-115807
EV-TX-115812,EXT-10424,2026-09-16T12:00:00+05:30,transfer,Payment observed,Review payment evidence,TX-115812
EV-TX-115817,EXT-10424,2026-10-02T12:00:00+05:30,transfer,Payment observed,Review payment evidence,TX-115817
EV-TX-115821,EXT-10424,2026-10-16T12:00:00+05:30,transfer,Payment observed,Review payment evidence,TX-115821
EV-TX-115826,EXT-10424,2026-11-02T12:00:00+05:30,transfer,Payment observed,Review payment evidence,TX-115826
EV-TX-115830,EXT-10425,2026-08-04T12:00:00+05:30,transfer,Payment observed,Review payment evidence,TX-115830
EV-TX-115833,EXT-10425,2026-08-09T12:00:00+05:30,transfer,Payment observed,Review payment evidence,TX-115833
EV-TX-115835,EXT-10425,2026-08-16T12:00:00+05:30,transfer,Payment observed,Review payment evidence,TX-115835
EV-TX-115839,EXT-10425,2026-08-28T12:00:00+05:30,transfer,Payment observed,Review payment evidence,TX-115839
EV-TX-115841,EXT-10425,2026-09-04T12:00:00+05:30,transfer,Payment observed,Review payment evidence,TX-115841
EV-TX-115843,EXT-10425,2026-09-08T13:01:00+05:30,transfer,Payment observed,Review payment evidence,TX-115843
EV-TX-115844,EXT-10425,2026-09-08T13:08:00+05:30,transfer,Payment observed,Review payment evidence,TX-115844
EV-TX-115845,EXT-10425,2026-09-08T13:07:00+05:30,transfer,Payment observed,Review payment evidence,TX-115845
EV-TX-115847,EXT-10425,2026-09-09T12:00:00+05:30,transfer,Payment observed,Review payment evidence,TX-115847
EV-TX-115849,EXT-10425,2026-09-16T12:00:00+05:30,transfer,Payment observed,Review payment evidence,TX-115849
EV-TX-115853,EXT-10425,2026-09-28T12:00:00+05:30,transfer,Payment observed,Review payment evidence,TX-115853
EV-TX-115855,EXT-10425,2026-10-04T12:00:00+05:30,transfer,Payment observed,Review payment evidence,TX-115855
EV-TX-115858,EXT-10425,2026-10-09T12:00:00+05:30,transfer,Payment observed,Review payment evidence,TX-115858
EV-TX-115860,EXT-10425,2026-10-16T12:00:00+05:30,transfer,Payment observed,Review payment evidence,TX-115860
EV-TX-115864,EXT-10425,2026-10-28T12:00:00+05:30,transfer,Payment observed,Review payment evidence,TX-115864
EV-TX-115866,EXT-10425,2026-11-04T12:00:00+05:30,transfer,Payment observed,Review payment evidence,TX-115866
EV-TX-115872,EXT-10426,2026-08-10T12:00:00+05:30,transfer,Payment observed,Review payment evidence,TX-115872
EV-TX-115873,EXT-10426,2026-08-11T12:00:00+05:30,transfer,Payment observed,Review payment evidence,TX-115873
EV-TX-115884,EXT-10426,2026-09-09T16:27:00+05:30,transfer,Payment observed,Review payment evidence,TX-115884
EV-TX-115885,EXT-10426,2026-09-09T16:34:00+05:30,transfer,Payment observed,Review payment evidence,TX-115885
EV-TX-115886,EXT-10426,2026-09-10T12:00:00+05:30,transfer,Payment observed,Review payment evidence,TX-115886
EV-TX-115887,EXT-10426,2026-09-11T12:00:00+05:30,transfer,Payment observed,Review payment evidence,TX-115887
EV-TX-115898,EXT-10426,2026-10-10T12:00:00+05:30,transfer,Payment observed,Review payment evidence,TX-115898
EV-TX-115911,EXT-10427,2026-08-06T12:00:00+05:30,transfer,Payment observed,Review payment evidence,TX-115911
EV-TX-115912,EXT-10427,2026-08-08T12:00:00+05:30,transfer,Payment observed,Review payment evidence,TX-115912
EV-TX-115915,EXT-10427,2026-08-17T12:00:00+05:30,transfer,Payment observed,Review payment evidence,TX-115915
EV-TX-115921,EXT-10427,2026-09-06T12:00:00+05:30,transfer,Payment observed,Review payment evidence,TX-115921
EV-TX-115922,EXT-10427,2026-09-08T12:00:00+05:30,transfer,Payment observed,Review payment evidence,TX-115922
EV-TX-115925,EXT-10427,2026-09-17T12:00:00+05:30,transfer,Payment observed,Review payment evidence,TX-115925
EV-TX-115932,EXT-10427,2026-10-06T12:00:00+05:30,transfer,Payment observed,Review payment evidence,TX-115932
EV-TX-115933,EXT-10427,2026-10-08T12:00:00+05:30,transfer,Payment observed,Review payment evidence,TX-115933
EV-TX-115936,EXT-10427,2026-10-17T12:00:00+05:30,transfer,Payment observed,Review payment evidence,TX-115936
EV-TX-115947,EXT-10428,2026-08-10T12:00:00+05:30,transfer,Payment observed,Review payment evidence,TX-115947
EV-TX-115948,EXT-10428,2026-08-11T12:00:00+05:30,transfer,Payment observed,Review payment evidence,TX-115948
EV-TX-115956,EXT-10428,2026-09-10T12:00:00+05:30,transfer,Payment observed,Review payment evidence,TX-115956
EV-TX-115957,EXT-10428,2026-09-11T12:00:00+05:30,transfer,Payment observed,Review payment evidence,TX-115957
EV-TX-115958,EXT-10428,2026-09-12T17:48:00+05:30,transfer,Payment observed,Review payment evidence,TX-115958
EV-TX-115959,EXT-10428,2026-09-12T17:52:00+05:30,transfer,Payment observed,Review payment evidence,TX-115959
EV-TX-115967,EXT-10428,2026-10-10T12:00:00+05:30,transfer,Payment observed,Review payment evidence,TX-115967
EV-TX-115968,EXT-10428,2026-10-11T12:00:00+05:30,transfer,Payment observed,Review payment evidence,TX-115968
EV-TX-115978,EXT-10429,2026-08-13T12:00:00+05:30,transfer,Payment observed,Review payment evidence,TX-115978
EV-TX-115988,EXT-10429,2026-09-10T14:11:00+05:30,transfer,Payment observed,Review payment evidence,TX-115988
EV-TX-115989,EXT-10429,2026-09-10T14:20:00+05:30,transfer,Payment observed,Review payment evidence,TX-115989
EV-TX-115990,EXT-10429,2026-09-13T12:00:00+05:30,transfer,Payment observed,Review payment evidence,TX-115990
EV-TX-115994,EXT-10429,2026-09-26T12:00:00+05:30,transfer,Payment observed,Review payment evidence,TX-115994
EV-TX-115999,EXT-10429,2026-10-13T12:00:00+05:30,transfer,Payment observed,Review payment evidence,TX-115999
EV-TX-116003,EXT-10429,2026-10-26T12:00:00+05:30,transfer,Payment observed,Review payment evidence,TX-116003
EV-TX-116009,EXT-10430,2026-08-02T12:00:00+05:30,transfer,Payment observed,Review payment evidence,TX-116009
EV-TX-116014,EXT-10430,2026-08-23T12:00:00+05:30,transfer,Payment observed,Review payment evidence,TX-116014
EV-TX-116017,EXT-10430,2026-09-02T12:00:00+05:30,transfer,Payment observed,Review payment evidence,TX-116017
EV-TX-116021,EXT-10430,2026-09-15T17:57:00+05:30,transfer,Payment observed,Review payment evidence,TX-116021
EV-TX-116022,EXT-10430,2026-09-15T18:03:00+05:30,transfer,Payment observed,Review payment evidence,TX-116022
EV-TX-116023,EXT-10430,2026-09-16T17:13:00+05:30,transfer,Payment observed,Review payment evidence,TX-116023
EV-TX-116024,EXT-10430,2026-09-16T17:21:00+05:30,transfer,Payment observed,Review payment evidence,TX-116024
EV-TX-116026,EXT-10430,2026-09-23T12:00:00+05:30,transfer,Payment observed,Review payment evidence,TX-116026
EV-TX-116029,EXT-10430,2026-10-02T12:00:00+05:30,transfer,Payment observed,Review payment evidence,TX-116029
EV-TX-116034,EXT-10430,2026-10-23T12:00:00+05:30,transfer,Payment observed,Review payment evidence,TX-116034
EV-TX-116037,EXT-10430,2026-11-02T12:00:00+05:30,transfer,Payment observed,Review payment evidence,TX-116037
EV-TX-116042,EXT-10431,2026-08-10T12:00:00+05:30,transfer,Payment observed,Review payment evidence,TX-116042
EV-TX-116044,EXT-10431,2026-08-15T12:00:00+05:30,transfer,Payment observed,Review payment evidence,TX-116044
EV-TX-116048,EXT-10431,2026-08-25T12:00:00+05:30,transfer,Payment observed,Review payment evidence,TX-116048
EV-TX-116056,EXT-10431,2026-09-10T12:00:00+05:30,transfer,Payment observed,Review payment evidence,TX-116056
EV-TX-116058,EXT-10431,2026-09-15T12:00:00+05:30,transfer,Payment observed,Review payment evidence,TX-116058
EV-TX-116068,EXT-10431,2026-10-10T12:00:00+05:30,transfer,Payment observed,Review payment evidence,TX-116068
EV-TX-116082,EXT-10432,2026-08-06T12:00:00+05:30,transfer,Payment observed,Review payment evidence,TX-116082
EV-TX-116084,EXT-10432,2026-08-11T12:00:00+05:30,transfer,Payment observed,Review payment evidence,TX-116084
EV-TX-116086,EXT-10432,2026-08-18T12:00:00+05:30,transfer,Payment observed,Review payment evidence,TX-116086
EV-TX-116092,EXT-10432,2026-09-06T12:00:00+05:30,transfer,Payment observed,Review payment evidence,TX-116092
EV-TX-116094,EXT-10432,2026-09-11T12:00:00+05:30,transfer,Payment observed,Review payment evidence,TX-116094
EV-TX-116096,EXT-10432,2026-09-18T12:00:00+05:30,transfer,Payment observed,Review payment evidence,TX-116096
EV-TX-116104,EXT-10432,2026-10-06T12:00:00+05:30,transfer,Payment observed,Review payment evidence,TX-116104
EV-TX-116106,EXT-10432,2026-10-11T12:00:00+05:30,transfer,Payment observed,Review payment evidence,TX-116106
EV-TX-116108,EXT-10432,2026-10-18T12:00:00+05:30,transfer,Payment observed,Review payment evidence,TX-116108
EV-TX-116119,EXT-10433,2026-08-03T12:00:00+05:30,transfer,Payment observed,Review payment evidence,TX-116119
EV-TX-116121,EXT-10433,2026-08-10T12:00:00+05:30,transfer,Payment observed,Review payment evidence,TX-116121
EV-TX-116123,EXT-10433,2026-08-19T12:00:00+05:30,transfer,Payment observed,Review payment evidence,TX-116123
EV-TX-116130,EXT-10433,2026-09-03T12:00:00+05:30,transfer,Payment observed,Review payment evidence,TX-116130
EV-TX-116132,EXT-10433,2026-09-10T12:00:00+05:30,transfer,Payment observed,Review payment evidence,TX-116132
EV-TX-116133,EXT-10433,2026-09-11T13:25:00+05:30,transfer,Payment observed,Review payment evidence,TX-116133
EV-TX-116134,EXT-10433,2026-09-11T13:33:00+05:30,transfer,Payment observed,Review payment evidence,TX-116134
EV-TX-116136,EXT-10433,2026-09-19T12:00:00+05:30,transfer,Payment observed,Review payment evidence,TX-116136
EV-TX-116144,EXT-10433,2026-10-03T12:00:00+05:30,transfer,Payment observed,Review payment evidence,TX-116144
EV-TX-116146,EXT-10433,2026-10-10T12:00:00+05:30,transfer,Payment observed,Review payment evidence,TX-116146
EV-TX-116148,EXT-10433,2026-10-19T12:00:00+05:30,transfer,Payment observed,Review payment evidence,TX-116148
EV-TX-116155,EXT-10433,2026-11-03T12:00:00+05:30,transfer,Payment observed,Review payment evidence,TX-116155
EV-TX-116159,EXT-10434,2026-08-08T12:00:00+05:30,transfer,Payment observed,Review payment evidence,TX-116159
EV-TX-116161,EXT-10434,2026-08-14T12:00:00+05:30,transfer,Payment observed,Review payment evidence,TX-116161
EV-TX-116165,EXT-10434,2026-08-24T12:00:00+05:30,transfer,Payment observed,Review payment evidence,TX-116165
EV-TX-116169,EXT-10434,2026-09-08T12:00:00+05:30,transfer,Payment observed,Review payment evidence,TX-116169
EV-TX-116171,EXT-10434,2026-09-13T13:46:00+05:30,transfer,Payment observed,Review payment evidence,TX-116171
EV-TX-116172,EXT-10434,2026-09-13T13:55:00+05:30,transfer,Payment observed,Review payment evidence,TX-116172
EV-TX-116173,EXT-10434,2026-09-14T12:00:00+05:30,transfer,Payment observed,Review payment evidence,TX-116173
EV-TX-116178,EXT-10434,2026-09-24T12:00:00+05:30,transfer,Payment observed,Review payment evidence,TX-116178
EV-TX-116184,EXT-10434,2026-10-08T12:00:00+05:30,transfer,Payment observed,Review payment evidence,TX-116184
EV-TX-116186,EXT-10434,2026-10-14T12:00:00+05:30,transfer,Payment observed,Review payment evidence,TX-116186
EV-TX-116190,EXT-10434,2026-10-24T12:00:00+05:30,transfer,Payment observed,Review payment evidence,TX-116190
EV-TX-116198,EXT-10435,2026-08-05T12:00:00+05:30,transfer,Payment observed,Review payment evidence,TX-116198
EV-TX-116200,EXT-10435,2026-08-09T12:00:00+05:30,transfer,Payment observed,Review payment evidence,TX-116200
EV-TX-116207,EXT-10435,2026-09-05T12:00:00+05:30,transfer,Payment observed,Review payment evidence,TX-116207
EV-TX-116209,EXT-10435,2026-09-09T12:00:00+05:30,transfer,Payment observed,Review payment evidence,TX-116209
EV-TX-116216,EXT-10435,2026-10-05T12:00:00+05:30,transfer,Payment observed,Review payment evidence,TX-116216
EV-TX-116218,EXT-10435,2026-10-09T12:00:00+05:30,transfer,Payment observed,Review payment evidence,TX-116218
EV-TX-116225,EXT-10435,2026-11-05T12:00:00+05:30,transfer,Payment observed,Review payment evidence,TX-116225
EV-TX-116231,EXT-10436,2026-08-15T12:00:00+05:30,transfer,Payment observed,Review payment evidence,TX-116231
EV-TX-116232,EXT-10436,2026-08-17T12:00:00+05:30,transfer,Payment observed,Review payment evidence,TX-116232
EV-TX-116234,EXT-10436,2026-08-24T12:00:00+05:30,transfer,Payment observed,Review payment evidence,TX-116234
EV-TX-116242,EXT-10436,2026-09-14T13:14:00+05:30,transfer,Payment observed,Review payment evidence,TX-116242
EV-TX-116243,EXT-10436,2026-09-14T13:20:00+05:30,transfer,Payment observed,Review payment evidence,TX-116243
EV-TX-116261,EXT-10437,2026-08-02T12:00:00+05:30,transfer,Payment observed,Review payment evidence,TX-116261
EV-TX-116267,EXT-10437,2026-08-25T12:00:00+05:30,transfer,Payment observed,Review payment evidence,TX-116267
EV-TX-116270,EXT-10437,2026-09-02T12:00:00+05:30,transfer,Payment observed,Review payment evidence,TX-116270
EV-TX-116276,EXT-10437,2026-09-25T12:00:00+05:30,transfer,Payment observed,Review payment evidence,TX-116276
EV-TX-116279,EXT-10437,2026-10-02T12:00:00+05:30,transfer,Payment observed,Review payment evidence,TX-116279
EV-TX-116285,EXT-10437,2026-10-25T12:00:00+05:30,transfer,Payment observed,Review payment evidence,TX-116285
EV-TX-116288,EXT-10437,2026-11-02T12:00:00+05:30,transfer,Payment observed,Review payment evidence,TX-116288
EV-TX-116293,EXT-10438,2026-08-06T12:00:00+05:30,transfer,Payment observed,Review payment evidence,TX-116293
EV-TX-116295,EXT-10438,2026-08-10T12:00:00+05:30,transfer,Payment observed,Review payment evidence,TX-116295
EV-TX-116298,EXT-10438,2026-08-21T12:00:00+05:30,transfer,Payment observed,Review payment evidence,TX-116298
EV-TX-116301,EXT-10438,2026-08-26T12:00:00+05:30,transfer,Payment observed,Review payment evidence,TX-116301
EV-TX-116304,EXT-10438,2026-09-06T12:00:00+05:30,transfer,Payment observed,Review payment evidence,TX-116304
EV-TX-116306,EXT-10438,2026-09-10T12:00:00+05:30,transfer,Payment observed,Review payment evidence,TX-116306
EV-TX-116309,EXT-10438,2026-09-21T12:00:00+05:30,transfer,Payment observed,Review payment evidence,TX-116309
EV-TX-116312,EXT-10438,2026-09-26T12:00:00+05:30,transfer,Payment observed,Review payment evidence,TX-116312
EV-TX-116315,EXT-10438,2026-10-06T12:00:00+05:30,transfer,Payment observed,Review payment evidence,TX-116315
EV-TX-116317,EXT-10438,2026-10-10T12:00:00+05:30,transfer,Payment observed,Review payment evidence,TX-116317
EV-TX-116320,EXT-10438,2026-10-21T12:00:00+05:30,transfer,Payment observed,Review payment evidence,TX-116320
EV-TX-116323,EXT-10438,2026-10-26T12:00:00+05:30,transfer,Payment observed,Review payment evidence,TX-116323
EV-TX-116329,EXT-10439,2026-08-06T12:00:00+05:30,transfer,Payment observed,Review payment evidence,TX-116329
EV-TX-116331,EXT-10439,2026-08-12T12:00:00+05:30,transfer,Payment observed,Review payment evidence,TX-116331
EV-TX-116333,EXT-10439,2026-08-18T12:00:00+05:30,transfer,Payment observed,Review payment evidence,TX-116333
EV-TX-116336,EXT-10439,2026-08-23T12:00:00+05:30,transfer,Payment observed,Review payment evidence,TX-116336
EV-TX-116340,EXT-10439,2026-09-06T12:00:00+05:30,transfer,Payment observed,Review payment evidence,TX-116340
EV-TX-116342,EXT-10439,2026-09-12T12:00:00+05:30,transfer,Payment observed,Review payment evidence,TX-116342
EV-TX-116344,EXT-10439,2026-09-18T12:00:00+05:30,transfer,Payment observed,Review payment evidence,TX-116344
EV-TX-116347,EXT-10439,2026-09-23T12:00:00+05:30,transfer,Payment observed,Review payment evidence,TX-116347
EV-TX-116351,EXT-10439,2026-10-06T12:00:00+05:30,transfer,Payment observed,Review payment evidence,TX-116351
EV-TX-116353,EXT-10439,2026-10-12T12:00:00+05:30,transfer,Payment observed,Review payment evidence,TX-116353
EV-TX-116355,EXT-10439,2026-10-18T12:00:00+05:30,transfer,Payment observed,Review payment evidence,TX-116355
EV-TX-116358,EXT-10439,2026-10-23T12:00:00+05:30,transfer,Payment observed,Review payment evidence,TX-116358
EV-TX-116365,EXT-10440,2026-08-03T12:00:00+05:30,transfer,Payment observed,Review payment evidence,TX-116365
EV-TX-116368,EXT-10440,2026-08-16T12:00:00+05:30,transfer,Payment observed,Review payment evidence,TX-116368
EV-TX-116370,EXT-10440,2026-08-25T12:00:00+05:30,transfer,Payment observed,Review payment evidence,TX-116370
EV-TX-116374,EXT-10440,2026-09-03T12:00:00+05:30,transfer,Payment observed,Review payment evidence,TX-116374
EV-TX-116377,EXT-10440,2026-09-16T12:00:00+05:30,transfer,Payment observed,Review payment evidence,TX-116377
EV-TX-116378,EXT-10440,2026-09-19T17:14:00+05:30,transfer,Payment observed,Review payment evidence,TX-116378
EV-TX-116379,EXT-10440,2026-09-19T17:23:00+05:30,transfer,Payment observed,Review payment evidence,TX-116379
EV-TX-116381,EXT-10440,2026-09-25T12:00:00+05:30,transfer,Payment observed,Review payment evidence,TX-116381
EV-TX-116385,EXT-10440,2026-10-03T12:00:00+05:30,transfer,Payment observed,Review payment evidence,TX-116385
EV-TX-116388,EXT-10440,2026-10-16T12:00:00+05:30,transfer,Payment observed,Review payment evidence,TX-116388
EV-TX-116390,EXT-10440,2026-10-25T12:00:00+05:30,transfer,Payment observed,Review payment evidence,TX-116390
EV-TX-116395,EXT-10440,2026-11-03T12:00:00+05:30,transfer,Payment observed,Review payment evidence,TX-116395
EV-TX-116397,EXT-10441,2026-08-06T12:00:00+05:30,transfer,Payment observed,Review payment evidence,TX-116397
EV-TX-116399,EXT-10441,2026-08-09T12:00:00+05:30,transfer,Payment observed,Review payment evidence,TX-116399
EV-TX-116410,EXT-10441,2026-09-06T12:00:00+05:30,transfer,Payment observed,Review payment evidence,TX-116410
EV-TX-116423,EXT-10441,2026-10-06T12:00:00+05:30,transfer,Payment observed,Review payment evidence,TX-116423
EV-TX-116437,EXT-10442,2026-08-06T12:00:00+05:30,transfer,Payment observed,Review payment evidence,TX-116437
EV-TX-116443,EXT-10442,2026-08-27T12:00:00+05:30,transfer,Payment observed,Review payment evidence,TX-116443
EV-TX-116444,EXT-10442,2026-08-28T12:00:00+05:30,transfer,Payment observed,Review payment evidence,TX-116444
EV-TX-116447,EXT-10442,2026-09-06T12:00:00+05:30,transfer,Payment observed,Review payment evidence,TX-116447
EV-TX-116453,EXT-10442,2026-09-27T12:00:00+05:30,transfer,Payment observed,Review payment evidence,TX-116453
EV-TX-116454,EXT-10442,2026-09-28T12:00:00+05:30,transfer,Payment observed,Review payment evidence,TX-116454
EV-TX-116457,EXT-10442,2026-10-06T12:00:00+05:30,transfer,Payment observed,Review payment evidence,TX-116457
EV-TX-116463,EXT-10442,2026-10-27T12:00:00+05:30,transfer,Payment observed,Review payment evidence,TX-116463
EV-TX-116464,EXT-10442,2026-10-28T12:00:00+05:30,transfer,Payment observed,Review payment evidence,TX-116464
EV-TX-116469,EXT-10443,2026-08-02T12:00:00+05:30,transfer,Payment observed,Review payment evidence,TX-116469
EV-TX-116471,EXT-10443,2026-08-05T12:00:00+05:30,transfer,Payment observed,Review payment evidence,TX-116471
EV-TX-116478,EXT-10443,2026-09-02T12:00:00+05:30,transfer,Payment observed,Review payment evidence,TX-116478
EV-TX-116480,EXT-10443,2026-09-05T12:00:00+05:30,transfer,Payment observed,Review payment evidence,TX-116480
EV-TX-116487,EXT-10443,2026-10-02T12:00:00+05:30,transfer,Payment observed,Review payment evidence,TX-116487
EV-TX-116489,EXT-10443,2026-10-05T12:00:00+05:30,transfer,Payment observed,Review payment evidence,TX-116489
EV-TX-116496,EXT-10443,2026-11-02T12:00:00+05:30,transfer,Payment observed,Review payment evidence,TX-116496
EV-TX-116498,EXT-10443,2026-11-05T12:00:00+05:30,transfer,Payment observed,Review payment evidence,TX-116498
EV-TX-116502,EXT-10444,2026-08-05T12:00:00+05:30,transfer,Payment observed,Review payment evidence,TX-116502
EV-TX-116505,EXT-10444,2026-08-18T12:00:00+05:30,transfer,Payment observed,Review payment evidence,TX-116505
EV-TX-116506,EXT-10444,2026-08-19T12:00:00+05:30,transfer,Payment observed,Review payment evidence,TX-116506
EV-TX-116508,EXT-10444,2026-08-23T12:00:00+05:30,transfer,Payment observed,Review payment evidence,TX-116508
EV-TX-116513,EXT-10444,2026-09-05T12:00:00+05:30,transfer,Payment observed,Review payment evidence,TX-116513
EV-TX-116516,EXT-10444,2026-09-18T12:00:00+05:30,transfer,Payment observed,Review payment evidence,TX-116516
EV-TX-116517,EXT-10444,2026-09-19T12:00:00+05:30,transfer,Payment observed,Review payment evidence,TX-116517
EV-TX-116519,EXT-10444,2026-09-23T12:00:00+05:30,transfer,Payment observed,Review payment evidence,TX-116519
EV-TX-116525,EXT-10444,2026-10-05T12:00:00+05:30,transfer,Payment observed,Review payment evidence,TX-116525
EV-TX-116529,EXT-10444,2026-10-18T12:00:00+05:30,transfer,Payment observed,Review payment evidence,TX-116529
EV-TX-116530,EXT-10444,2026-10-19T12:00:00+05:30,transfer,Payment observed,Review payment evidence,TX-116530
EV-TX-116538,EXT-10444,2026-11-05T12:00:00+05:30,transfer,Payment observed,Review payment evidence,TX-116538
EV-TX-116543,EXT-10445,2026-08-10T12:00:00+05:30,transfer,Payment observed,Review payment evidence,TX-116543
EV-TX-116548,EXT-10445,2026-08-27T12:00:00+05:30,transfer,Payment observed,Review payment evidence,TX-116548
EV-TX-116553,EXT-10445,2026-09-10T12:00:00+05:30,transfer,Payment observed,Review payment evidence,TX-116553
EV-TX-116558,EXT-10445,2026-09-27T12:00:00+05:30,transfer,Payment observed,Review payment evidence,TX-116558
EV-TX-116562,EXT-10445,2026-10-10T12:00:00+05:30,transfer,Payment observed,Review payment evidence,TX-116562
EV-TX-116567,EXT-10445,2026-10-27T12:00:00+05:30,transfer,Payment observed,Review payment evidence,TX-116567
EV-TX-116573,EXT-10446,2026-08-08T12:00:00+05:30,transfer,Payment observed,Review payment evidence,TX-116573
EV-TX-116575,EXT-10446,2026-08-14T12:00:00+05:30,transfer,Payment observed,Review payment evidence,TX-116575
EV-TX-116578,EXT-10446,2026-08-23T12:00:00+05:30,transfer,Payment observed,Review payment evidence,TX-116578
EV-TX-116580,EXT-10446,2026-08-26T12:00:00+05:30,transfer,Payment observed,Review payment evidence,TX-116580
EV-TX-116584,EXT-10446,2026-09-08T12:00:00+05:30,transfer,Payment observed,Review payment evidence,TX-116584
EV-TX-116586,EXT-10446,2026-09-13T13:07:00+05:30,transfer,Payment observed,Review payment evidence,TX-116586
EV-TX-116587,EXT-10446,2026-09-13T13:14:00+05:30,transfer,Payment observed,Review payment evidence,TX-116587
EV-TX-116588,EXT-10446,2026-09-14T12:00:00+05:30,transfer,Payment observed,Review payment evidence,TX-116588
EV-TX-116591,EXT-10446,2026-09-23T12:00:00+05:30,transfer,Payment observed,Review payment evidence,TX-116591
EV-TX-116597,EXT-10446,2026-10-08T12:00:00+05:30,transfer,Payment observed,Review payment evidence,TX-116597
EV-TX-116599,EXT-10446,2026-10-14T12:00:00+05:30,transfer,Payment observed,Review payment evidence,TX-116599
EV-TX-116612,EXT-10447,2026-08-06T12:00:00+05:30,transfer,Payment observed,Review payment evidence,TX-116612
EV-TX-116616,EXT-10447,2026-08-22T12:00:00+05:30,transfer,Payment observed,Review payment evidence,TX-116616
EV-TX-116619,EXT-10447,2026-08-26T12:00:00+05:30,transfer,Payment observed,Review payment evidence,TX-116619
EV-TX-116622,EXT-10447,2026-09-06T12:00:00+05:30,transfer,Payment observed,Review payment evidence,TX-116622
EV-TX-116625,EXT-10447,2026-09-16T14:48:00+05:30,transfer,Payment observed,Review payment evidence,TX-116625
EV-TX-116626,EXT-10447,2026-09-16T14:54:00+05:30,transfer,Payment observed,Review payment evidence,TX-116626
EV-TX-116628,EXT-10447,2026-09-22T12:00:00+05:30,transfer,Payment observed,Review payment evidence,TX-116628
EV-TX-116631,EXT-10447,2026-09-26T12:00:00+05:30,transfer,Payment observed,Review payment evidence,TX-116631
EV-TX-116635,EXT-10447,2026-10-06T12:00:00+05:30,transfer,Payment observed,Review payment evidence,TX-116635
EV-TX-116639,EXT-10447,2026-10-22T12:00:00+05:30,transfer,Payment observed,Review payment evidence,TX-116639
EV-TX-116643,EXT-10447,2026-10-26T12:00:00+05:30,transfer,Payment observed,Review payment evidence,TX-116643
EV-TX-116650,EXT-10448,2026-08-12T12:00:00+05:30,transfer,Payment observed,Review payment evidence,TX-116650
EV-TX-116652,EXT-10448,2026-08-16T12:00:00+05:30,transfer,Payment observed,Review payment evidence,TX-116652
EV-TX-116654,EXT-10448,2026-08-23T12:00:00+05:30,transfer,Payment observed,Review payment evidence,TX-116654
EV-TX-116661,EXT-10448,2026-09-12T12:00:00+05:30,transfer,Payment observed,Review payment evidence,TX-116661
EV-TX-116672,EXT-10448,2026-10-12T12:00:00+05:30,transfer,Payment observed,Review payment evidence,TX-116672
EV-TX-116683,EXT-10449,2026-08-02T12:00:00+05:30,transfer,Payment observed,Review payment evidence,TX-116683
EV-TX-116686,EXT-10449,2026-08-07T12:00:00+05:30,transfer,Payment observed,Review payment evidence,TX-116686
EV-TX-116692,EXT-10449,2026-09-02T12:00:00+05:30,transfer,Payment observed,Review payment evidence,TX-116692
EV-TX-116695,EXT-10449,2026-09-07T12:00:00+05:30,transfer,Payment observed,Review payment evidence,TX-116695
EV-TX-116698,EXT-10449,2026-09-15T14:11:00+05:30,transfer,Payment observed,Review payment evidence,TX-116698
EV-TX-116699,EXT-10449,2026-09-15T14:17:00+05:30,transfer,Payment observed,Review payment evidence,TX-116699
EV-TX-116700,EXT-10449,2026-09-15T14:29:00+05:30,transfer,Payment observed,Review payment evidence,TX-116700
EV-TX-116704,EXT-10449,2026-10-02T12:00:00+05:30,transfer,Payment observed,Review payment evidence,TX-116704
EV-TX-116707,EXT-10449,2026-10-07T12:00:00+05:30,transfer,Payment observed,Review payment evidence,TX-116707
EV-TX-116713,EXT-10449,2026-11-02T12:00:00+05:30,transfer,Payment observed,Review payment evidence,TX-116713
EV-TX-116717,EXT-10450,2026-08-02T12:00:00+05:30,transfer,Payment observed,Review payment evidence,TX-116717
EV-TX-116719,EXT-10450,2026-08-04T12:00:00+05:30,transfer,Payment observed,Review payment evidence,TX-116719
EV-TX-116721,EXT-10450,2026-08-07T12:00:00+05:30,transfer,Payment observed,Review payment evidence,TX-116721
EV-TX-116725,EXT-10450,2026-08-22T12:00:00+05:30,transfer,Payment observed,Review payment evidence,TX-116725
EV-TX-116727,EXT-10450,2026-09-02T12:00:00+05:30,transfer,Payment observed,Review payment evidence,TX-116727
EV-TX-116729,EXT-10450,2026-09-04T12:00:00+05:30,transfer,Payment observed,Review payment evidence,TX-116729
EV-TX-116731,EXT-10450,2026-09-07T12:00:00+05:30,transfer,Payment observed,Review payment evidence,TX-116731
EV-TX-116734,EXT-10450,2026-09-15T16:58:00+05:30,transfer,Payment observed,Review payment evidence,TX-116734
EV-TX-116735,EXT-10450,2026-09-15T17:06:00+05:30,transfer,Payment observed,Review payment evidence,TX-116735
EV-TX-116737,EXT-10450,2026-09-22T12:00:00+05:30,transfer,Payment observed,Review payment evidence,TX-116737
EV-TX-116739,EXT-10450,2026-10-02T12:00:00+05:30,transfer,Payment observed,Review payment evidence,TX-116739
EV-TX-116741,EXT-10450,2026-10-04T12:00:00+05:30,transfer,Payment observed,Review payment evidence,TX-116741
EV-TX-116743,EXT-10450,2026-10-07T12:00:00+05:30,transfer,Payment observed,Review payment evidence,TX-116743
EV-TX-116747,EXT-10450,2026-10-22T12:00:00+05:30,transfer,Payment observed,Review payment evidence,TX-116747
EV-TX-116749,EXT-10450,2026-11-02T12:00:00+05:30,transfer,Payment observed,Review payment evidence,TX-116749
EV-TX-116751,EXT-10450,2026-11-04T12:00:00+05:30,transfer,Payment observed,Review payment evidence,TX-116751
EV-TX-116755,EXT-10451,2026-08-06T12:00:00+05:30,transfer,Payment observed,Review payment evidence,TX-116755
EV-TX-116758,EXT-10451,2026-08-15T12:00:00+05:30,transfer,Payment observed,Review payment evidence,TX-116758
EV-TX-116762,EXT-10451,2026-08-25T12:00:00+05:30,transfer,Payment observed,Review payment evidence,TX-116762
EV-TX-116764,EXT-10451,2026-08-27T12:00:00+05:30,transfer,Payment observed,Review payment evidence,TX-116764
EV-TX-116767,EXT-10451,2026-09-06T12:00:00+05:30,transfer,Payment observed,Review payment evidence,TX-116767
EV-TX-116770,EXT-10451,2026-09-15T12:00:00+05:30,transfer,Payment observed,Review payment evidence,TX-116770
EV-TX-116771,EXT-10451,2026-09-19T15:06:00+05:30,transfer,Payment observed,Review payment evidence,TX-116771
EV-TX-116772,EXT-10451,2026-09-19T15:15:00+05:30,transfer,Payment observed,Review payment evidence,TX-116772
EV-TX-116776,EXT-10451,2026-09-25T12:00:00+05:30,transfer,Payment observed,Review payment evidence,TX-116776
EV-TX-116778,EXT-10451,2026-09-27T12:00:00+05:30,transfer,Payment observed,Review payment evidence,TX-116778
EV-TX-116781,EXT-10451,2026-10-06T12:00:00+05:30,transfer,Payment observed,Review payment evidence,TX-116781
EV-TX-116784,EXT-10451,2026-10-15T12:00:00+05:30,transfer,Payment observed,Review payment evidence,TX-116784
EV-TX-116788,EXT-10451,2026-10-25T12:00:00+05:30,transfer,Payment observed,Review payment evidence,TX-116788
EV-TX-116790,EXT-10451,2026-10-27T12:00:00+05:30,transfer,Payment observed,Review payment evidence,TX-116790
EV-TX-116797,EXT-10452,2026-08-03T12:00:00+05:30,transfer,Payment observed,Review payment evidence,TX-116797
EV-TX-116799,EXT-10452,2026-08-09T12:00:00+05:30,transfer,Payment observed,Review payment evidence,TX-116799
EV-TX-116803,EXT-10452,2026-08-27T12:00:00+05:30,transfer,Payment observed,Review payment evidence,TX-116803
EV-TX-116804,EXT-10452,2026-08-28T12:00:00+05:30,transfer,Payment observed,Review payment evidence,TX-116804
EV-TX-116808,EXT-10452,2026-09-03T12:00:00+05:30,transfer,Payment observed,Review payment evidence,TX-116808
EV-TX-116810,EXT-10452,2026-09-09T12:00:00+05:30,transfer,Payment observed,Review payment evidence,TX-116810
EV-TX-116812,EXT-10452,2026-09-19T16:11:00+05:30,transfer,Payment observed,Review payment evidence,TX-116812
EV-TX-116813,EXT-10452,2026-09-19T16:17:00+05:30,transfer,Payment observed,Review payment evidence,TX-116813
EV-TX-116814,EXT-10452,2026-09-19T16:29:00+05:30,transfer,Payment observed,Review payment evidence,TX-116814
EV-TX-116817,EXT-10452,2026-09-27T12:00:00+05:30,transfer,Payment observed,Review payment evidence,TX-116817
EV-TX-116819,EXT-10452,2026-09-28T12:00:00+05:30,transfer,Payment observed,Review payment evidence,TX-116819
EV-TX-116822,EXT-10452,2026-10-03T12:00:00+05:30,transfer,Payment observed,Review payment evidence,TX-116822
EV-TX-116825,EXT-10452,2026-10-09T12:00:00+05:30,transfer,Payment observed,Review payment evidence,TX-116825
EV-TX-116829,EXT-10452,2026-10-27T12:00:00+05:30,transfer,Payment observed,Review payment evidence,TX-116829
EV-TX-116830,EXT-10452,2026-10-28T12:00:00+05:30,transfer,Payment observed,Review payment evidence,TX-116830
EV-TX-116834,EXT-10452,2026-11-03T12:00:00+05:30,transfer,Payment observed,Review payment evidence,TX-116834
EV-TX-116839,EXT-10453,2026-08-13T12:00:00+05:30,transfer,Payment observed,Review payment evidence,TX-116839
EV-TX-116841,EXT-10453,2026-08-20T12:00:00+05:30,transfer,Payment observed,Review payment evidence,TX-116841
EV-TX-116843,EXT-10453,2026-08-25T12:00:00+05:30,transfer,Payment observed,Review payment evidence,TX-116843
EV-TX-116846,EXT-10453,2026-08-26T12:00:00+05:30,transfer,Payment observed,Review payment evidence,TX-116846
EV-TX-116849,EXT-10453,2026-09-08T14:54:00+05:30,transfer,Payment observed,Review payment evidence,TX-116849
EV-TX-116850,EXT-10453,2026-09-08T15:02:00+05:30,transfer,Payment observed,Review payment evidence,TX-116850
EV-TX-116852,EXT-10453,2026-09-13T12:00:00+05:30,transfer,Payment observed,Review payment evidence,TX-116852
EV-TX-116854,EXT-10453,2026-09-20T12:00:00+05:30,transfer,Payment observed,Review payment evidence,TX-116854
EV-TX-116856,EXT-10453,2026-09-25T12:00:00+05:30,transfer,Payment observed,Review payment evidence,TX-116856
EV-TX-116859,EXT-10453,2026-09-26T12:00:00+05:30,transfer,Payment observed,Review payment evidence,TX-116859
EV-TX-116863,EXT-10453,2026-10-13T12:00:00+05:30,transfer,Payment observed,Review payment evidence,TX-116863
EV-TX-116865,EXT-10453,2026-10-20T12:00:00+05:30,transfer,Payment observed,Review payment evidence,TX-116865
EV-TX-116867,EXT-10453,2026-10-25T12:00:00+05:30,transfer,Payment observed,Review payment evidence,TX-116867
EV-TX-116870,EXT-10453,2026-10-26T12:00:00+05:30,transfer,Payment observed,Review payment evidence,TX-116870
EV-TX-116876,EXT-10454,2026-08-03T12:00:00+05:30,transfer,Payment observed,Review payment evidence,TX-116876
EV-TX-116878,EXT-10454,2026-08-11T12:00:00+05:30,transfer,Payment observed,Review payment evidence,TX-116878
EV-TX-116885,EXT-10454,2026-09-03T12:00:00+05:30,transfer,Payment observed,Review payment evidence,TX-116885
EV-TX-116887,EXT-10454,2026-09-11T12:00:00+05:30,transfer,Payment observed,Review payment evidence,TX-116887
EV-TX-116894,EXT-10454,2026-10-03T12:00:00+05:30,transfer,Payment observed,Review payment evidence,TX-116894
EV-TX-116896,EXT-10454,2026-10-11T12:00:00+05:30,transfer,Payment observed,Review payment evidence,TX-116896
EV-TX-116903,EXT-10454,2026-11-03T12:00:00+05:30,transfer,Payment observed,Review payment evidence,TX-116903
EV-TX-116908,EXT-10455,2026-08-18T12:00:00+05:30,transfer,Payment observed,Review payment evidence,TX-116908
EV-TX-116910,EXT-10455,2026-08-21T12:00:00+05:30,transfer,Payment observed,Review payment evidence,TX-116910
EV-TX-116911,EXT-10455,2026-08-23T12:00:00+05:30,transfer,Payment observed,Review payment evidence,TX-116911
EV-TX-116918,EXT-10455,2026-09-09T17:43:00+05:30,transfer,Payment observed,Review payment evidence,TX-116918
EV-TX-116919,EXT-10455,2026-09-09T17:49:00+05:30,transfer,Payment observed,Review payment evidence,TX-116919
EV-TX-116920,EXT-10455,2026-09-09T17:49:00+05:30,transfer,Payment observed,Review payment evidence,TX-116920
EV-TX-116922,EXT-10455,2026-09-18T12:00:00+05:30,transfer,Payment observed,Review payment evidence,TX-116922
EV-TX-116924,EXT-10455,2026-09-21T12:00:00+05:30,transfer,Payment observed,Review payment evidence,TX-116924
EV-TX-116925,EXT-10455,2026-09-23T12:00:00+05:30,transfer,Payment observed,Review payment evidence,TX-116925
EV-TX-116932,EXT-10455,2026-10-18T12:00:00+05:30,transfer,Payment observed,Review payment evidence,TX-116932
EV-TX-116934,EXT-10455,2026-10-21T12:00:00+05:30,transfer,Payment observed,Review payment evidence,TX-116934
EV-TX-116935,EXT-10455,2026-10-23T12:00:00+05:30,transfer,Payment observed,Review payment evidence,TX-116935
EV-TX-116943,EXT-10456,2026-08-08T12:00:00+05:30,transfer,Payment observed,Review payment evidence,TX-116943
EV-TX-116945,EXT-10456,2026-08-11T12:00:00+05:30,transfer,Payment observed,Review payment evidence,TX-116945
EV-TX-116946,EXT-10456,2026-08-12T12:00:00+05:30,transfer,Payment observed,Review payment evidence,TX-116946
EV-TX-116953,EXT-10456,2026-09-08T12:00:00+05:30,transfer,Payment observed,Review payment evidence,TX-116953
EV-TX-116955,EXT-10456,2026-09-10T13:51:00+05:30,transfer,Payment observed,Review payment evidence,TX-116955
EV-TX-116956,EXT-10456,2026-09-10T13:54:00+05:30,transfer,Payment observed,Review payment evidence,TX-116956
EV-TX-116957,EXT-10456,2026-09-11T12:00:00+05:30,transfer,Payment observed,Review payment evidence,TX-116957
EV-TX-116958,EXT-10456,2026-09-12T12:00:00+05:30,transfer,Payment observed,Review payment evidence,TX-116958
EV-TX-116965,EXT-10456,2026-10-08T12:00:00+05:30,transfer,Payment observed,Review payment evidence,TX-116965
EV-TX-116967,EXT-10456,2026-10-11T12:00:00+05:30,transfer,Payment observed,Review payment evidence,TX-116967
EV-TX-116968,EXT-10456,2026-10-12T12:00:00+05:30,transfer,Payment observed,Review payment evidence,TX-116968
EV-TX-116978,EXT-10457,2026-08-07T12:00:00+05:30,transfer,Payment observed,Review payment evidence,TX-116978
EV-TX-116981,EXT-10457,2026-08-17T12:00:00+05:30,transfer,Payment observed,Review payment evidence,TX-116981
EV-TX-116983,EXT-10457,2026-08-24T12:00:00+05:30,transfer,Payment observed,Review payment evidence,TX-116983
EV-TX-116985,EXT-10457,2026-08-27T12:00:00+05:30,transfer,Payment observed,Review payment evidence,TX-116985
EV-TX-116989,EXT-10457,2026-09-07T12:00:00+05:30,transfer,Payment observed,Review payment evidence,TX-116989
EV-TX-116992,EXT-10457,2026-09-15T17:47:00+05:30,transfer,Payment observed,Review payment evidence,TX-116992
EV-TX-116993,EXT-10457,2026-09-15T17:52:00+05:30,transfer,Payment observed,Review payment evidence,TX-116993
EV-TX-116994,EXT-10457,2026-09-15T18:03:00+05:30,transfer,Payment observed,Review payment evidence,TX-116994
EV-TX-116995,EXT-10457,2026-09-17T12:00:00+05:30,transfer,Payment observed,Review payment evidence,TX-116995
EV-TX-116997,EXT-10457,2026-09-24T12:00:00+05:30,transfer,Payment observed,Review payment evidence,TX-116997
EV-TX-116999,EXT-10457,2026-09-27T12:00:00+05:30,transfer,Payment observed,Review payment evidence,TX-116999
EV-TX-117003,EXT-10457,2026-10-07T12:00:00+05:30,transfer,Payment observed,Review payment evidence,TX-117003
EV-TX-117006,EXT-10457,2026-10-17T12:00:00+05:30,transfer,Payment observed,Review payment evidence,TX-117006
EV-TX-117008,EXT-10457,2026-10-24T12:00:00+05:30,transfer,Payment observed,Review payment evidence,TX-117008
EV-TX-117010,EXT-10457,2026-10-27T12:00:00+05:30,transfer,Payment observed,Review payment evidence,TX-117010
EV-TX-117020,EXT-10458,2026-08-21T12:00:00+05:30,transfer,Payment observed,Review payment evidence,TX-117020
EV-TX-117021,EXT-10458,2026-08-25T12:00:00+05:30,transfer,Payment observed,Review payment evidence,TX-117021
EV-TX-117029,EXT-10458,2026-09-21T12:00:00+05:30,transfer,Payment observed,Review payment evidence,TX-117029
EV-TX-117030,EXT-10458,2026-09-25T12:00:00+05:30,transfer,Payment observed,Review payment evidence,TX-117030
EV-TX-117038,EXT-10458,2026-10-21T12:00:00+05:30,transfer,Payment observed,Review payment evidence,TX-117038
EV-TX-117039,EXT-10458,2026-10-25T12:00:00+05:30,transfer,Payment observed,Review payment evidence,TX-117039
EV-TX-117047,EXT-10459,2026-08-08T12:00:00+05:30,transfer,Payment observed,Review payment evidence,TX-117047
EV-TX-117049,EXT-10459,2026-08-09T12:00:00+05:30,transfer,Payment observed,Review payment evidence,TX-117049
EV-TX-117051,EXT-10459,2026-08-17T12:00:00+05:30,transfer,Payment observed,Review payment evidence,TX-117051
EV-TX-117055,EXT-10459,2026-08-26T12:00:00+05:30,transfer,Payment observed,Review payment evidence,TX-117055
EV-TX-117058,EXT-10459,2026-09-08T12:00:00+05:30,transfer,Payment observed,Review payment evidence,TX-117058
EV-TX-117060,EXT-10459,2026-09-09T12:00:00+05:30,transfer,Payment observed,Review payment evidence,TX-117060
EV-TX-117061,EXT-10459,2026-09-12T17:56:00+05:30,transfer,Payment observed,Review payment evidence,TX-117061
EV-TX-117062,EXT-10459,2026-09-12T17:59:00+05:30,transfer,Payment observed,Review payment evidence,TX-117062
EV-TX-117064,EXT-10459,2026-09-17T12:00:00+05:30,transfer,Payment observed,Review payment evidence,TX-117064
EV-TX-117068,EXT-10459,2026-09-26T12:00:00+05:30,transfer,Payment observed,Review payment evidence,TX-117068
EV-TX-117072,EXT-10459,2026-10-08T12:00:00+05:30,transfer,Payment observed,Review payment evidence,TX-117072
EV-TX-117074,EXT-10459,2026-10-09T12:00:00+05:30,transfer,Payment observed,Review payment evidence,TX-117074
EV-TX-117076,EXT-10459,2026-10-17T12:00:00+05:30,transfer,Payment observed,Review payment evidence,TX-117076
EV-TX-117086,EXT-10460,2026-08-03T12:00:00+05:30,transfer,Payment observed,Review payment evidence,TX-117086
EV-TX-117097,EXT-10460,2026-09-03T12:00:00+05:30,transfer,Payment observed,Review payment evidence,TX-117097
EV-TX-117098,EXT-10460,2026-09-08T14:18:00+05:30,transfer,Payment observed,Review payment evidence,TX-117098
EV-TX-117099,EXT-10460,2026-09-08T14:26:00+05:30,transfer,Payment observed,Review payment evidence,TX-117099
EV-TX-117104,EXT-10460,2026-09-26T12:00:00+05:30,transfer,Payment observed,Review payment evidence,TX-117104
EV-TX-117107,EXT-10460,2026-10-03T12:00:00+05:30,transfer,Payment observed,Review payment evidence,TX-117107
EV-TX-117112,EXT-10460,2026-10-26T12:00:00+05:30,transfer,Payment observed,Review payment evidence,TX-117112
EV-TX-117115,EXT-10460,2026-11-03T12:00:00+05:30,transfer,Payment observed,Review payment evidence,TX-117115
EV-TX-117119,EXT-10461,2026-08-09T12:00:00+05:30,transfer,Payment observed,Review payment evidence,TX-117119
EV-TX-117121,EXT-10461,2026-08-17T12:00:00+05:30,transfer,Payment observed,Review payment evidence,TX-117121
EV-TX-117123,EXT-10461,2026-08-21T12:00:00+05:30,transfer,Payment observed,Review payment evidence,TX-117123
EV-TX-117130,EXT-10461,2026-09-09T12:00:00+05:30,transfer,Payment observed,Review payment evidence,TX-117130
EV-TX-117132,EXT-10461,2026-09-15T17:59:00+05:30,transfer,Payment observed,Review payment evidence,TX-117132
EV-TX-117133,EXT-10461,2026-09-15T18:02:00+05:30,transfer,Payment observed,Review payment evidence,TX-117133
EV-TX-117134,EXT-10461,2026-09-17T12:00:00+05:30,transfer,Payment observed,Review payment evidence,TX-117134
EV-TX-117136,EXT-10461,2026-09-21T12:00:00+05:30,transfer,Payment observed,Review payment evidence,TX-117136
EV-TX-117143,EXT-10461,2026-10-09T12:00:00+05:30,transfer,Payment observed,Review payment evidence,TX-117143
EV-TX-117145,EXT-10461,2026-10-17T12:00:00+05:30,transfer,Payment observed,Review payment evidence,TX-117145
EV-TX-117155,EXT-10462,2026-08-11T12:00:00+05:30,transfer,Payment observed,Review payment evidence,TX-117155
EV-TX-117156,EXT-10462,2026-08-13T12:00:00+05:30,transfer,Payment observed,Review payment evidence,TX-117156
EV-TX-117166,EXT-10462,2026-09-08T14:10:00+05:30,transfer,Payment observed,Review payment evidence,TX-117166
EV-TX-117167,EXT-10462,2026-09-08T14:20:00+05:30,transfer,Payment observed,Review payment evidence,TX-117167
EV-TX-117168,EXT-10462,2026-09-08T14:26:00+05:30,transfer,Payment observed,Review payment evidence,TX-117168
EV-TX-117170,EXT-10462,2026-09-11T12:00:00+05:30,transfer,Payment observed,Review payment evidence,TX-117170
EV-TX-117171,EXT-10462,2026-09-13T12:00:00+05:30,transfer,Payment observed,Review payment evidence,TX-117171
EV-TX-117174,EXT-10462,2026-09-16T14:00:00+05:30,transfer,Payment observed,Review payment evidence,TX-117174
EV-TX-117175,EXT-10462,2026-09-16T14:03:00+05:30,transfer,Payment observed,Review payment evidence,TX-117175
EV-TX-117176,EXT-10462,2026-09-16T14:06:00+05:30,transfer,Payment observed,Review payment evidence,TX-117176
EV-TX-117177,EXT-10462,2026-09-16T14:14:00+05:30,transfer,Payment observed,Review payment evidence,TX-117177
EV-TX-117178,EXT-10462,2026-09-17T12:00:00+05:30,transfer,Payment observed,Review payment evidence,TX-117178
EV-TX-117187,EXT-10462,2026-10-11T12:00:00+05:30,transfer,Payment observed,Review payment evidence,TX-117187
EV-TX-117188,EXT-10462,2026-10-13T12:00:00+05:30,transfer,Payment observed,Review payment evidence,TX-117188
EV-TX-117190,EXT-10462,2026-10-17T12:00:00+05:30,transfer,Payment observed,Review payment evidence,TX-117190
EV-TX-117200,EXT-10463,2026-08-13T12:00:00+05:30,transfer,Payment observed,Review payment evidence,TX-117200
EV-TX-117202,EXT-10463,2026-08-18T12:00:00+05:30,transfer,Payment observed,Review payment evidence,TX-117202
EV-TX-117209,EXT-10463,2026-09-11T15:17:00+05:30,transfer,Payment observed,Review payment evidence,TX-117209
EV-TX-117210,EXT-10463,2026-09-11T15:20:00+05:30,transfer,Payment observed,Review payment evidence,TX-117210
EV-TX-117211,EXT-10463,2026-09-11T15:35:00+05:30,transfer,Payment observed,Review payment evidence,TX-117211
EV-TX-117212,EXT-10463,2026-09-13T12:00:00+05:30,transfer,Payment observed,Review payment evidence,TX-117212
EV-TX-117214,EXT-10463,2026-09-18T12:00:00+05:30,transfer,Payment observed,Review payment evidence,TX-117214
EV-TX-117223,EXT-10463,2026-10-13T12:00:00+05:30,transfer,Payment observed,Review payment evidence,TX-117223
EV-TX-117225,EXT-10463,2026-10-18T12:00:00+05:30,transfer,Payment observed,Review payment evidence,TX-117225
EV-TX-117235,EXT-10464,2026-08-14T12:00:00+05:30,transfer,Payment observed,Review payment evidence,TX-117235
EV-TX-117237,EXT-10464,2026-08-17T12:00:00+05:30,transfer,Payment observed,Review payment evidence,TX-117237
EV-TX-117238,EXT-10464,2026-08-18T12:00:00+05:30,transfer,Payment observed,Review payment evidence,TX-117238
EV-TX-117245,EXT-10464,2026-09-14T12:00:00+05:30,transfer,Payment observed,Review payment evidence,TX-117245
EV-TX-117247,EXT-10464,2026-09-17T12:00:00+05:30,transfer,Payment observed,Review payment evidence,TX-117247
EV-TX-117248,EXT-10464,2026-09-18T12:00:00+05:30,transfer,Payment observed,Review payment evidence,TX-117248
EV-TX-117255,EXT-10464,2026-10-14T12:00:00+05:30,transfer,Payment observed,Review payment evidence,TX-117255
EV-TX-117257,EXT-10464,2026-10-17T12:00:00+05:30,transfer,Payment observed,Review payment evidence,TX-117257
EV-TX-117258,EXT-10464,2026-10-18T12:00:00+05:30,transfer,Payment observed,Review payment evidence,TX-117258
EV-TX-117267,EXT-10465,2026-08-06T12:00:00+05:30,transfer,Payment observed,Review payment evidence,TX-117267
EV-TX-117269,EXT-10465,2026-08-13T12:00:00+05:30,transfer,Payment observed,Review payment evidence,TX-117269
EV-TX-117276,EXT-10465,2026-09-06T12:00:00+05:30,transfer,Payment observed,Review payment evidence,TX-117276
EV-TX-117278,EXT-10465,2026-09-13T12:00:00+05:30,transfer,Payment observed,Review payment evidence,TX-117278
EV-TX-117285,EXT-10465,2026-10-06T12:00:00+05:30,transfer,Payment observed,Review payment evidence,TX-117285
EV-TX-117287,EXT-10465,2026-10-13T12:00:00+05:30,transfer,Payment observed,Review payment evidence,TX-117287
EV-TX-117297,EXT-10466,2026-08-05T12:00:00+05:30,transfer,Payment observed,Review payment evidence,TX-117297
EV-TX-117300,EXT-10466,2026-08-17T12:00:00+05:30,transfer,Payment observed,Review payment evidence,TX-117300
EV-TX-117301,EXT-10466,2026-08-18T12:00:00+05:30,transfer,Payment observed,Review payment evidence,TX-117301
EV-TX-117307,EXT-10466,2026-09-05T12:00:00+05:30,transfer,Payment observed,Review payment evidence,TX-117307
EV-TX-117310,EXT-10466,2026-09-17T12:00:00+05:30,transfer,Payment observed,Review payment evidence,TX-117310
EV-TX-117311,EXT-10466,2026-09-18T12:00:00+05:30,transfer,Payment observed,Review payment evidence,TX-117311
EV-TX-117317,EXT-10466,2026-10-05T12:00:00+05:30,transfer,Payment observed,Review payment evidence,TX-117317
EV-TX-117320,EXT-10466,2026-10-17T12:00:00+05:30,transfer,Payment observed,Review payment evidence,TX-117320
EV-TX-117321,EXT-10466,2026-10-18T12:00:00+05:30,transfer,Payment observed,Review payment evidence,TX-117321
EV-TX-117329,EXT-10466,2026-11-05T12:00:00+05:30,transfer,Payment observed,Review payment evidence,TX-117329
EV-TX-117333,EXT-10467,2026-08-11T12:00:00+05:30,transfer,Payment observed,Review payment evidence,TX-117333
EV-TX-117334,EXT-10467,2026-08-12T12:00:00+05:30,transfer,Payment observed,Review payment evidence,TX-117334
EV-TX-117336,EXT-10467,2026-08-15T12:00:00+05:30,transfer,Payment observed,Review payment evidence,TX-117336
EV-TX-117343,EXT-10467,2026-09-11T12:00:00+05:30,transfer,Payment observed,Review payment evidence,TX-117343
EV-TX-117344,EXT-10467,2026-09-12T12:00:00+05:30,transfer,Payment observed,Review payment evidence,TX-117344
EV-TX-117346,EXT-10467,2026-09-15T12:00:00+05:30,transfer,Payment observed,Review payment evidence,TX-117346
EV-TX-117353,EXT-10467,2026-10-11T12:00:00+05:30,transfer,Payment observed,Review payment evidence,TX-117353
EV-TX-117354,EXT-10467,2026-10-12T12:00:00+05:30,transfer,Payment observed,Review payment evidence,TX-117354
EV-TX-117356,EXT-10467,2026-10-15T12:00:00+05:30,transfer,Payment observed,Review payment evidence,TX-117356
EV-TX-117367,EXT-10468,2026-08-09T12:00:00+05:30,transfer,Payment observed,Review payment evidence,TX-117367
EV-TX-117370,EXT-10468,2026-08-23T12:00:00+05:30,transfer,Payment observed,Review payment evidence,TX-117370
EV-TX-117371,EXT-10468,2026-08-24T12:00:00+05:30,transfer,Payment observed,Review payment evidence,TX-117371
EV-TX-117377,EXT-10468,2026-09-09T12:00:00+05:30,transfer,Payment observed,Review payment evidence,TX-117377
EV-TX-117380,EXT-10468,2026-09-23T12:00:00+05:30,transfer,Payment observed,Review payment evidence,TX-117380
EV-TX-117381,EXT-10468,2026-09-24T12:00:00+05:30,transfer,Payment observed,Review payment evidence,TX-117381
EV-TX-117387,EXT-10468,2026-10-09T12:00:00+05:30,transfer,Payment observed,Review payment evidence,TX-117387
EV-TX-117390,EXT-10468,2026-10-23T12:00:00+05:30,transfer,Payment observed,Review payment evidence,TX-117390
EV-TX-117391,EXT-10468,2026-10-24T12:00:00+05:30,transfer,Payment observed,Review payment evidence,TX-117391
EV-TX-117399,EXT-10469,2026-08-08T12:00:00+05:30,transfer,Payment observed,Review payment evidence,TX-117399
EV-TX-117401,EXT-10469,2026-08-14T12:00:00+05:30,transfer,Payment observed,Review payment evidence,TX-117401
EV-TX-117403,EXT-10469,2026-08-20T12:00:00+05:30,transfer,Payment observed,Review payment evidence,TX-117403
EV-TX-117409,EXT-10469,2026-09-08T12:00:00+05:30,transfer,Payment observed,Review payment evidence,TX-117409
EV-TX-117411,EXT-10469,2026-09-14T12:00:00+05:30,transfer,Payment observed,Review payment evidence,TX-117411
EV-TX-117413,EXT-10469,2026-09-20T12:00:00+05:30,transfer,Payment observed,Review payment evidence,TX-117413
EV-TX-117419,EXT-10469,2026-10-08T12:00:00+05:30,transfer,Payment observed,Review payment evidence,TX-117419
EV-TX-117421,EXT-10469,2026-10-14T12:00:00+05:30,transfer,Payment observed,Review payment evidence,TX-117421
EV-TX-117423,EXT-10469,2026-10-20T12:00:00+05:30,transfer,Payment observed,Review payment evidence,TX-117423
EV-TX-117434,EXT-10470,2026-08-19T12:00:00+05:30,transfer,Payment observed,Review payment evidence,TX-117434
EV-TX-117436,EXT-10470,2026-08-23T12:00:00+05:30,transfer,Payment observed,Review payment evidence,TX-117436
EV-TX-117441,EXT-10470,2026-09-10T14:48:00+05:30,transfer,Payment observed,Review payment evidence,TX-117441
EV-TX-117442,EXT-10470,2026-09-10T14:51:00+05:30,transfer,Payment observed,Review payment evidence,TX-117442
EV-TX-117444,EXT-10470,2026-09-19T12:00:00+05:30,transfer,Payment observed,Review payment evidence,TX-117444
EV-TX-117446,EXT-10470,2026-09-23T12:00:00+05:30,transfer,Payment observed,Review payment evidence,TX-117446
EV-TX-117462,EXT-10471,2026-08-03T12:00:00+05:30,transfer,Payment observed,Review payment evidence,TX-117462
EV-TX-117464,EXT-10471,2026-08-14T12:00:00+05:30,transfer,Payment observed,Review payment evidence,TX-117464
EV-TX-117472,EXT-10471,2026-09-03T12:00:00+05:30,transfer,Payment observed,Review payment evidence,TX-117472
EV-TX-117474,EXT-10471,2026-09-14T12:00:00+05:30,transfer,Payment observed,Review payment evidence,TX-117474
EV-TX-117483,EXT-10471,2026-10-03T12:00:00+05:30,transfer,Payment observed,Review payment evidence,TX-117483
EV-TX-117485,EXT-10471,2026-10-14T12:00:00+05:30,transfer,Payment observed,Review payment evidence,TX-117485
EV-TX-117492,EXT-10471,2026-11-03T12:00:00+05:30,transfer,Payment observed,Review payment evidence,TX-117492
EV-TX-117498,EXT-10472,2026-08-09T12:00:00+05:30,transfer,Payment observed,Review payment evidence,TX-117498
EV-TX-117499,EXT-10472,2026-08-13T12:00:00+05:30,transfer,Payment observed,Review payment evidence,TX-117499
EV-TX-117502,EXT-10472,2026-08-22T12:00:00+05:30,transfer,Payment observed,Review payment evidence,TX-117502
EV-TX-117503,EXT-10472,2026-08-24T12:00:00+05:30,transfer,Payment observed,Review payment evidence,TX-117503
EV-TX-117509,EXT-10472,2026-09-09T12:00:00+05:30,transfer,Payment observed,Review payment evidence,TX-117509
EV-TX-117510,EXT-10472,2026-09-13T12:00:00+05:30,transfer,Payment observed,Review payment evidence,TX-117510
EV-TX-117511,EXT-10472,2026-09-13T14:00:00+05:30,transfer,Payment observed,Review payment evidence,TX-117511
EV-TX-117512,EXT-10472,2026-09-13T14:03:00+05:30,transfer,Payment observed,Review payment evidence,TX-117512
EV-TX-117513,EXT-10472,2026-09-13T14:06:00+05:30,transfer,Payment observed,Review payment evidence,TX-117513
EV-TX-117514,EXT-10472,2026-09-13T14:14:00+05:30,transfer,Payment observed,Review payment evidence,TX-117514
EV-TX-117516,EXT-10472,2026-09-18T16:24:00+05:30,transfer,Payment observed,Review payment evidence,TX-117516
EV-TX-117517,EXT-10472,2026-09-18T16:28:00+05:30,transfer,Payment observed,Review payment evidence,TX-117517
EV-TX-117518,EXT-10472,2026-09-18T16:42:00+05:30,transfer,Payment observed,Review payment evidence,TX-117518
EV-TX-117520,EXT-10472,2026-09-22T12:00:00+05:30,transfer,Payment observed,Review payment evidence,TX-117520
EV-TX-117521,EXT-10472,2026-09-24T12:00:00+05:30,transfer,Payment observed,Review payment evidence,TX-117521
EV-TX-117527,EXT-10472,2026-10-09T12:00:00+05:30,transfer,Payment observed,Review payment evidence,TX-117527
EV-TX-117528,EXT-10472,2026-10-13T12:00:00+05:30,transfer,Payment observed,Review payment evidence,TX-117528
EV-TX-117531,EXT-10472,2026-10-22T12:00:00+05:30,transfer,Payment observed,Review payment evidence,TX-117531
EV-TX-117532,EXT-10472,2026-10-24T12:00:00+05:30,transfer,Payment observed,Review payment evidence,TX-117532
EV-TX-117538,EXT-10473,2026-08-02T12:00:00+05:30,transfer,Payment observed,Review payment evidence,TX-117538
EV-TX-117540,EXT-10473,2026-08-08T12:00:00+05:30,transfer,Payment observed,Review payment evidence,TX-117540
EV-TX-117551,EXT-10473,2026-09-02T12:00:00+05:30,transfer,Payment observed,Review payment evidence,TX-117551
EV-TX-117553,EXT-10473,2026-09-08T12:00:00+05:30,transfer,Payment observed,Review payment evidence,TX-117553
EV-TX-117555,EXT-10473,2026-09-13T12:00:00+05:30,transfer,Payment observed,Review payment evidence,TX-117555
EV-TX-117557,EXT-10473,2026-09-18T17:36:00+05:30,transfer,Payment observed,Review payment evidence,TX-117557
EV-TX-117558,EXT-10473,2026-09-18T17:41:00+05:30,transfer,Payment observed,Review payment evidence,TX-117558
EV-TX-117565,EXT-10473,2026-10-02T12:00:00+05:30,transfer,Payment observed,Review payment evidence,TX-117565
EV-TX-117570,EXT-10473,2026-11-02T12:00:00+05:30,transfer,Payment observed,Review payment evidence,TX-117570
EV-TX-117576,EXT-10474,2026-08-09T12:00:00+05:30,transfer,Payment observed,Review payment evidence,TX-117576
EV-TX-117578,EXT-10474,2026-08-18T12:00:00+05:30,transfer,Payment observed,Review payment evidence,TX-117578
EV-TX-117585,EXT-10474,2026-09-09T12:00:00+05:30,transfer,Payment observed,Review payment evidence,TX-117585
EV-TX-117587,EXT-10474,2026-09-18T12:00:00+05:30,transfer,Payment observed,Review payment evidence,TX-117587
EV-TX-117594,EXT-10474,2026-10-09T12:00:00+05:30,transfer,Payment observed,Review payment evidence,TX-117594
EV-TX-117596,EXT-10474,2026-10-18T12:00:00+05:30,transfer,Payment observed,Review payment evidence,TX-117596
EV-TX-117607,EXT-10475,2026-08-19T12:00:00+05:30,transfer,Payment observed,Review payment evidence,TX-117607
EV-TX-117610,EXT-10475,2026-08-26T12:00:00+05:30,transfer,Payment observed,Review payment evidence,TX-117610
EV-TX-117615,EXT-10475,2026-09-13T17:53:00+05:30,transfer,Payment observed,Review payment evidence,TX-117615
EV-TX-117616,EXT-10475,2026-09-13T17:58:00+05:30,transfer,Payment observed,Review payment evidence,TX-117616
EV-TX-117618,EXT-10475,2026-09-19T12:00:00+05:30,transfer,Payment observed,Review payment evidence,TX-117618
EV-TX-117622,EXT-10475,2026-09-26T12:00:00+05:30,transfer,Payment observed,Review payment evidence,TX-117622
EV-TX-117640,EXT-10476,2026-08-02T12:00:00+05:30,transfer,Payment observed,Review payment evidence,TX-117640
EV-TX-117642,EXT-10476,2026-08-04T12:00:00+05:30,transfer,Payment observed,Review payment evidence,TX-117642
EV-TX-117645,EXT-10476,2026-08-15T12:00:00+05:30,transfer,Payment observed,Review payment evidence,TX-117645
EV-TX-117646,EXT-10476,2026-08-19T12:00:00+05:30,transfer,Payment observed,Review payment evidence,TX-117646
EV-TX-117651,EXT-10476,2026-09-02T12:00:00+05:30,transfer,Payment observed,Review payment evidence,TX-117651
EV-TX-117653,EXT-10476,2026-09-04T12:00:00+05:30,transfer,Payment observed,Review payment evidence,TX-117653
EV-TX-117656,EXT-10476,2026-09-15T12:00:00+05:30,transfer,Payment observed,Review payment evidence,TX-117656
EV-TX-117657,EXT-10476,2026-09-19T12:00:00+05:30,transfer,Payment observed,Review payment evidence,TX-117657
EV-TX-117658,EXT-10476,2026-09-19T14:54:00+05:30,transfer,Payment observed,Review payment evidence,TX-117658
EV-TX-117659,EXT-10476,2026-09-19T14:58:00+05:30,transfer,Payment observed,Review payment evidence,TX-117659
EV-TX-117660,EXT-10476,2026-09-19T15:00:00+05:30,transfer,Payment observed,Review payment evidence,TX-117660
EV-TX-117664,EXT-10476,2026-10-02T12:00:00+05:30,transfer,Payment observed,Review payment evidence,TX-117664
EV-TX-117666,EXT-10476,2026-10-04T12:00:00+05:30,transfer,Payment observed,Review payment evidence,TX-117666
EV-TX-117670,EXT-10476,2026-10-15T12:00:00+05:30,transfer,Payment observed,Review payment evidence,TX-117670
EV-TX-117671,EXT-10476,2026-10-19T12:00:00+05:30,transfer,Payment observed,Review payment evidence,TX-117671
EV-TX-117676,EXT-10476,2026-11-02T12:00:00+05:30,transfer,Payment observed,Review payment evidence,TX-117676
EV-TX-117678,EXT-10476,2026-11-04T12:00:00+05:30,transfer,Payment observed,Review payment evidence,TX-117678
EV-TX-117684,EXT-10477,2026-08-15T12:00:00+05:30,transfer,Payment observed,Review payment evidence,TX-117684
EV-TX-117685,EXT-10477,2026-08-18T12:00:00+05:30,transfer,Payment observed,Review payment evidence,TX-117685
EV-TX-117688,EXT-10477,2026-08-23T12:00:00+05:30,transfer,Payment observed,Review payment evidence,TX-117688
EV-TX-117694,EXT-10477,2026-09-15T12:00:00+05:30,transfer,Payment observed,Review payment evidence,TX-117694
EV-TX-117695,EXT-10477,2026-09-17T16:54:00+05:30,transfer,Payment observed,Review payment evidence,TX-117695
EV-TX-117696,EXT-10477,2026-09-17T16:59:00+05:30,transfer,Payment observed,Review payment evidence,TX-117696
EV-TX-117697,EXT-10477,2026-09-17T17:14:00+05:30,transfer,Payment observed,Review payment evidence,TX-117697
EV-TX-117698,EXT-10477,2026-09-18T12:00:00+05:30,transfer,Payment observed,Review payment evidence,TX-117698
EV-TX-117701,EXT-10477,2026-09-23T12:00:00+05:30,transfer,Payment observed,Review payment evidence,TX-117701
EV-TX-117708,EXT-10477,2026-10-15T12:00:00+05:30,transfer,Payment observed,Review payment evidence,TX-117708
EV-TX-117709,EXT-10477,2026-10-18T12:00:00+05:30,transfer,Payment observed,Review payment evidence,TX-117709
EV-TX-117722,EXT-10478,2026-08-13T12:00:00+05:30,transfer,Payment observed,Review payment evidence,TX-117722
EV-TX-117725,EXT-10478,2026-08-23T12:00:00+05:30,transfer,Payment observed,Review payment evidence,TX-117725
EV-TX-117727,EXT-10478,2026-08-26T12:00:00+05:30,transfer,Payment observed,Review payment evidence,TX-117727
EV-TX-117732,EXT-10478,2026-09-13T12:00:00+05:30,transfer,Payment observed,Review payment evidence,TX-117732
EV-TX-117734,EXT-10478,2026-09-19T18:00:00+05:30,transfer,Payment observed,Review payment evidence,TX-117734
EV-TX-117735,EXT-10478,2026-09-19T18:10:00+05:30,transfer,Payment observed,Review payment evidence,TX-117735
EV-TX-117736,EXT-10478,2026-09-19T18:16:00+05:30,transfer,Payment observed,Review payment evidence,TX-117736
EV-TX-117738,EXT-10478,2026-09-23T12:00:00+05:30,transfer,Payment observed,Review payment evidence,TX-117738
EV-TX-117745,EXT-10478,2026-10-13T12:00:00+05:30,transfer,Payment observed,Review payment evidence,TX-117745
EV-TX-117748,EXT-10478,2026-10-23T12:00:00+05:30,transfer,Payment observed,Review payment evidence,TX-117748
EV-TX-117750,EXT-10478,2026-10-26T12:00:00+05:30,transfer,Payment observed,Review payment evidence,TX-117750
EV-TX-117757,EXT-10479,2026-08-05T12:00:00+05:30,transfer,Payment observed,Review payment evidence,TX-117757
EV-TX-117758,EXT-10479,2026-08-08T12:00:00+05:30,transfer,Payment observed,Review payment evidence,TX-117758
EV-TX-117760,EXT-10479,2026-08-09T12:00:00+05:30,transfer,Payment observed,Review payment evidence,TX-117760
EV-TX-117767,EXT-10479,2026-09-05T12:00:00+05:30,transfer,Payment observed,Review payment evidence,TX-117767
EV-TX-117768,EXT-10479,2026-09-08T12:00:00+05:30,transfer,Payment observed,Review payment evidence,TX-117768
EV-TX-117770,EXT-10479,2026-09-09T12:00:00+05:30,transfer,Payment observed,Review payment evidence,TX-117770
EV-TX-117771,EXT-10479,2026-09-09T14:00:00+05:30,transfer,Payment observed,Review payment evidence,TX-117771
EV-TX-117772,EXT-10479,2026-09-09T14:03:00+05:30,transfer,Payment observed,Review payment evidence,TX-117772
EV-TX-117773,EXT-10479,2026-09-09T14:06:00+05:30,transfer,Payment observed,Review payment evidence,TX-117773
EV-TX-117774,EXT-10479,2026-09-09T14:14:00+05:30,transfer,Payment observed,Review payment evidence,TX-117774
EV-TX-117781,EXT-10479,2026-10-05T12:00:00+05:30,transfer,Payment observed,Review payment evidence,TX-117781
EV-TX-117782,EXT-10479,2026-10-08T12:00:00+05:30,transfer,Payment observed,Review payment evidence,TX-117782
EV-TX-117784,EXT-10479,2026-10-09T12:00:00+05:30,transfer,Payment observed,Review payment evidence,TX-117784
EV-TX-117791,EXT-10479,2026-11-05T12:00:00+05:30,transfer,Payment observed,Review payment evidence,TX-117791
EV-TX-117795,EXT-10480,2026-08-03T12:00:00+05:30,transfer,Payment observed,Review payment evidence,TX-117795
EV-TX-117797,EXT-10480,2026-08-10T12:00:00+05:30,transfer,Payment observed,Review payment evidence,TX-117797
EV-TX-117803,EXT-10480,2026-09-03T12:00:00+05:30,transfer,Payment observed,Review payment evidence,TX-117803
EV-TX-117805,EXT-10480,2026-09-10T12:00:00+05:30,transfer,Payment observed,Review payment evidence,TX-117805
EV-TX-117811,EXT-10480,2026-10-03T12:00:00+05:30,transfer,Payment observed,Review payment evidence,TX-117811
EV-TX-117813,EXT-10480,2026-10-10T12:00:00+05:30,transfer,Payment observed,Review payment evidence,TX-117813
EV-TX-117819,EXT-10480,2026-11-03T12:00:00+05:30,transfer,Payment observed,Review payment evidence,TX-117819
EV-TX-117823,EXT-10481,2026-08-16T12:00:00+05:30,transfer,Payment observed,Review payment evidence,TX-117823
EV-TX-117824,EXT-10481,2026-08-17T12:00:00+05:30,transfer,Payment observed,Review payment evidence,TX-117824
EV-TX-117833,EXT-10481,2026-09-16T12:00:00+05:30,transfer,Payment observed,Review payment evidence,TX-117833
EV-TX-117834,EXT-10481,2026-09-17T12:00:00+05:30,transfer,Payment observed,Review payment evidence,TX-117834
EV-TX-117835,EXT-10481,2026-09-19T16:11:00+05:30,transfer,Payment observed,Review payment evidence,TX-117835
EV-TX-117836,EXT-10481,2026-09-19T16:16:00+05:30,transfer,Payment observed,Review payment evidence,TX-117836
EV-TX-117845,EXT-10481,2026-10-16T12:00:00+05:30,transfer,Payment observed,Review payment evidence,TX-117845
EV-TX-117846,EXT-10481,2026-10-17T12:00:00+05:30,transfer,Payment observed,Review payment evidence,TX-117846
EV-TX-117858,EXT-10482,2026-08-15T12:00:00+05:30,transfer,Payment observed,Review payment evidence,TX-117858
EV-TX-117860,EXT-10482,2026-08-24T12:00:00+05:30,transfer,Payment observed,Review payment evidence,TX-117860
EV-TX-117867,EXT-10482,2026-09-15T12:00:00+05:30,transfer,Payment observed,Review payment evidence,TX-117867
EV-TX-117869,EXT-10482,2026-09-24T12:00:00+05:30,transfer,Payment observed,Review payment evidence,TX-117869
EV-TX-117876,EXT-10482,2026-10-15T12:00:00+05:30,transfer,Payment observed,Review payment evidence,TX-117876
EV-TX-117878,EXT-10482,2026-10-24T12:00:00+05:30,transfer,Payment observed,Review payment evidence,TX-117878
EV-TX-117889,EXT-10483,2026-08-24T12:00:00+05:30,transfer,Payment observed,Review payment evidence,TX-117889
EV-TX-117891,EXT-10483,2026-08-26T12:00:00+05:30,transfer,Payment observed,Review payment evidence,TX-117891
EV-TX-117898,EXT-10483,2026-09-24T12:00:00+05:30,transfer,Payment observed,Review payment evidence,TX-117898
EV-TX-117900,EXT-10483,2026-09-26T12:00:00+05:30,transfer,Payment observed,Review payment evidence,TX-117900
EV-TX-117907,EXT-10483,2026-10-24T12:00:00+05:30,transfer,Payment observed,Review payment evidence,TX-117907
EV-TX-117909,EXT-10483,2026-10-26T12:00:00+05:30,transfer,Payment observed,Review payment evidence,TX-117909
EV-TX-117920,EXT-10484,2026-08-23T12:00:00+05:30,transfer,Payment observed,Review payment evidence,TX-117920
EV-TX-117922,EXT-10484,2026-08-27T12:00:00+05:30,transfer,Payment observed,Review payment evidence,TX-117922
EV-TX-117929,EXT-10484,2026-09-23T12:00:00+05:30,transfer,Payment observed,Review payment evidence,TX-117929
EV-TX-117931,EXT-10484,2026-09-27T12:00:00+05:30,transfer,Payment observed,Review payment evidence,TX-117931
EV-TX-117938,EXT-10484,2026-10-23T12:00:00+05:30,transfer,Payment observed,Review payment evidence,TX-117938
EV-TX-117940,EXT-10484,2026-10-27T12:00:00+05:30,transfer,Payment observed,Review payment evidence,TX-117940
EV-TX-117947,EXT-10485,2026-08-14T12:00:00+05:30,transfer,Payment observed,Review payment evidence,TX-117947
EV-TX-117949,EXT-10485,2026-08-17T12:00:00+05:30,transfer,Payment observed,Review payment evidence,TX-117949
EV-TX-117950,EXT-10485,2026-08-20T12:00:00+05:30,transfer,Payment observed,Review payment evidence,TX-117950
EV-TX-117957,EXT-10485,2026-09-14T12:00:00+05:30,transfer,Payment observed,Review payment evidence,TX-117957
EV-TX-117959,EXT-10485,2026-09-17T12:00:00+05:30,transfer,Payment observed,Review payment evidence,TX-117959
EV-TX-117960,EXT-10485,2026-09-20T12:00:00+05:30,transfer,Payment observed,Review payment evidence,TX-117960
EV-TX-117967,EXT-10485,2026-10-14T12:00:00+05:30,transfer,Payment observed,Review payment evidence,TX-117967
EV-TX-117969,EXT-10485,2026-10-17T12:00:00+05:30,transfer,Payment observed,Review payment evidence,TX-117969
EV-TX-117970,EXT-10485,2026-10-20T12:00:00+05:30,transfer,Payment observed,Review payment evidence,TX-117970
EV-TX-117980,EXT-10486,2026-08-14T12:00:00+05:30,transfer,Payment observed,Review payment evidence,TX-117980
EV-TX-117982,EXT-10486,2026-08-18T12:00:00+05:30,transfer,Payment observed,Review payment evidence,TX-117982
EV-TX-117984,EXT-10486,2026-08-23T12:00:00+05:30,transfer,Payment observed,Review payment evidence,TX-117984
EV-TX-117986,EXT-10486,2026-08-28T12:00:00+05:30,transfer,Payment observed,Review payment evidence,TX-117986
EV-TX-117991,EXT-10486,2026-09-14T12:00:00+05:30,transfer,Payment observed,Review payment evidence,TX-117991
EV-TX-117993,EXT-10486,2026-09-18T12:00:00+05:30,transfer,Payment observed,Review payment evidence,TX-117993
EV-TX-117995,EXT-10486,2026-09-23T12:00:00+05:30,transfer,Payment observed,Review payment evidence,TX-117995
EV-TX-117997,EXT-10486,2026-09-28T12:00:00+05:30,transfer,Payment observed,Review payment evidence,TX-117997
EV-TX-118002,EXT-10486,2026-10-14T12:00:00+05:30,transfer,Payment observed,Review payment evidence,TX-118002
EV-TX-118004,EXT-10486,2026-10-18T12:00:00+05:30,transfer,Payment observed,Review payment evidence,TX-118004
EV-TX-118006,EXT-10486,2026-10-23T12:00:00+05:30,transfer,Payment observed,Review payment evidence,TX-118006
EV-TX-118008,EXT-10486,2026-10-28T12:00:00+05:30,transfer,Payment observed,Review payment evidence,TX-118008
EV-TX-118013,EXT-10487,2026-08-02T12:00:00+05:30,transfer,Payment observed,Review payment evidence,TX-118013
EV-TX-118019,EXT-10487,2026-08-23T12:00:00+05:30,transfer,Payment observed,Review payment evidence,TX-118019
EV-TX-118022,EXT-10487,2026-09-02T12:00:00+05:30,transfer,Payment observed,Review payment evidence,TX-118022
EV-TX-118027,EXT-10487,2026-09-16T16:54:00+05:30,transfer,Payment observed,Review payment evidence,TX-118027
EV-TX-118028,EXT-10487,2026-09-16T16:59:00+05:30,transfer,Payment observed,Review payment evidence,TX-118028
EV-TX-118029,EXT-10487,2026-09-16T17:08:00+05:30,transfer,Payment observed,Review payment evidence,TX-118029
EV-TX-118031,EXT-10487,2026-09-23T12:00:00+05:30,transfer,Payment observed,Review payment evidence,TX-118031
EV-TX-118033,EXT-10487,2026-10-02T12:00:00+05:30,transfer,Payment observed,Review payment evidence,TX-118033
EV-TX-118041,EXT-10487,2026-10-23T12:00:00+05:30,transfer,Payment observed,Review payment evidence,TX-118041
EV-TX-118043,EXT-10487,2026-11-02T12:00:00+05:30,transfer,Payment observed,Review payment evidence,TX-118043
EV-TX-118052,EXT-10488,2026-08-17T12:00:00+05:30,transfer,Payment observed,Review payment evidence,TX-118052
EV-TX-118053,EXT-10488,2026-08-20T12:00:00+05:30,transfer,Payment observed,Review payment evidence,TX-118053
EV-TX-118056,EXT-10488,2026-08-24T12:00:00+05:30,transfer,Payment observed,Review payment evidence,TX-118056
EV-TX-118062,EXT-10488,2026-09-17T12:00:00+05:30,transfer,Payment observed,Review payment evidence,TX-118062
EV-TX-118063,EXT-10488,2026-09-20T12:00:00+05:30,transfer,Payment observed,Review payment evidence,TX-118063
EV-TX-118066,EXT-10488,2026-09-24T12:00:00+05:30,transfer,Payment observed,Review payment evidence,TX-118066
EV-TX-118072,EXT-10488,2026-10-17T12:00:00+05:30,transfer,Payment observed,Review payment evidence,TX-118072
EV-TX-118073,EXT-10488,2026-10-20T12:00:00+05:30,transfer,Payment observed,Review payment evidence,TX-118073
EV-TX-118076,EXT-10488,2026-10-24T12:00:00+05:30,transfer,Payment observed,Review payment evidence,TX-118076
EV-TX-118084,EXT-10489,2026-08-19T12:00:00+05:30,transfer,Payment observed,Review payment evidence,TX-118084
EV-TX-118086,EXT-10489,2026-08-24T12:00:00+05:30,transfer,Payment observed,Review payment evidence,TX-118086
EV-TX-118087,EXT-10489,2026-08-25T12:00:00+05:30,transfer,Payment observed,Review payment evidence,TX-118087
EV-TX-118089,EXT-10489,2026-08-26T12:00:00+05:30,transfer,Payment observed,Review payment evidence,TX-118089
EV-TX-118094,EXT-10489,2026-09-12T15:06:00+05:30,transfer,Payment observed,Review payment evidence,TX-118094
EV-TX-118095,EXT-10489,2026-09-12T15:15:00+05:30,transfer,Payment observed,Review payment evidence,TX-118095
EV-TX-118097,EXT-10489,2026-09-19T12:00:00+05:30,transfer,Payment observed,Review payment evidence,TX-118097
EV-TX-118099,EXT-10489,2026-09-24T12:00:00+05:30,transfer,Payment observed,Review payment evidence,TX-118099
EV-TX-118100,EXT-10489,2026-09-25T12:00:00+05:30,transfer,Payment observed,Review payment evidence,TX-118100
EV-TX-118102,EXT-10489,2026-09-26T12:00:00+05:30,transfer,Payment observed,Review payment evidence,TX-118102
EV-TX-118109,EXT-10489,2026-10-19T12:00:00+05:30,transfer,Payment observed,Review payment evidence,TX-118109
EV-TX-118112,EXT-10489,2026-10-24T12:00:00+05:30,transfer,Payment observed,Review payment evidence,TX-118112
EV-TX-118113,EXT-10489,2026-10-25T12:00:00+05:30,transfer,Payment observed,Review payment evidence,TX-118113
EV-TX-118115,EXT-10489,2026-10-26T12:00:00+05:30,transfer,Payment observed,Review payment evidence,TX-118115
EV-TX-118120,EXT-10490,2026-08-06T12:00:00+05:30,transfer,Payment observed,Review payment evidence,TX-118120
EV-TX-118122,EXT-10490,2026-08-13T12:00:00+05:30,transfer,Payment observed,Review payment evidence,TX-118122
EV-TX-118125,EXT-10490,2026-08-23T12:00:00+05:30,transfer,Payment observed,Review payment evidence,TX-118125
EV-TX-118126,EXT-10490,2026-08-25T12:00:00+05:30,transfer,Payment observed,Review payment evidence,TX-118126
EV-TX-118130,EXT-10490,2026-09-06T12:00:00+05:30,transfer,Payment observed,Review payment evidence,TX-118130
EV-TX-118132,EXT-10490,2026-09-13T12:00:00+05:30,transfer,Payment observed,Review payment evidence,TX-118132
EV-TX-118134,EXT-10490,2026-09-16T17:52:00+05:30,transfer,Payment observed,Review payment evidence,TX-118134
EV-TX-118135,EXT-10490,2026-09-16T17:57:00+05:30,transfer,Payment observed,Review payment evidence,TX-118135
EV-TX-118137,EXT-10490,2026-09-23T12:00:00+05:30,transfer,Payment observed,Review payment evidence,TX-118137
EV-TX-118138,EXT-10490,2026-09-25T12:00:00+05:30,transfer,Payment observed,Review payment evidence,TX-118138
EV-TX-118142,EXT-10490,2026-10-06T12:00:00+05:30,transfer,Payment observed,Review payment evidence,TX-118142
EV-TX-118144,EXT-10490,2026-10-13T12:00:00+05:30,transfer,Payment observed,Review payment evidence,TX-118144
EV-TX-118147,EXT-10490,2026-10-23T12:00:00+05:30,transfer,Payment observed,Review payment evidence,TX-118147
EV-TX-118148,EXT-10490,2026-10-25T12:00:00+05:30,transfer,Payment observed,Review payment evidence,TX-118148
EV-TX-118156,EXT-10491,2026-08-09T12:00:00+05:30,transfer,Payment observed,Review payment evidence,TX-118156
EV-TX-118158,EXT-10491,2026-08-19T12:00:00+05:30,transfer,Payment observed,Review payment evidence,TX-118158
EV-TX-118163,EXT-10491,2026-08-28T12:00:00+05:30,transfer,Payment observed,Review payment evidence,TX-118163
EV-TX-118169,EXT-10491,2026-09-09T12:00:00+05:30,transfer,Payment observed,Review payment evidence,TX-118169
EV-TX-118171,EXT-10491,2026-09-15T14:53:00+05:30,transfer,Payment observed,Review payment evidence,TX-118171
EV-TX-118172,EXT-10491,2026-09-15T15:02:00+05:30,transfer,Payment observed,Review payment evidence,TX-118172
EV-TX-118173,EXT-10491,2026-09-15T15:13:00+05:30,transfer,Payment observed,Review payment evidence,TX-118173
EV-TX-118174,EXT-10491,2026-09-19T12:00:00+05:30,transfer,Payment observed,Review payment evidence,TX-118174
EV-TX-118177,EXT-10491,2026-09-28T12:00:00+05:30,transfer,Payment observed,Review payment evidence,TX-118177
EV-TX-118184,EXT-10491,2026-10-09T12:00:00+05:30,transfer,Payment observed,Review payment evidence,TX-118184
EV-TX-118186,EXT-10491,2026-10-19T12:00:00+05:30,transfer,Payment observed,Review payment evidence,TX-118186
EV-TX-118196,EXT-10492,2026-08-04T12:00:00+05:30,transfer,Payment observed,Review payment evidence,TX-118196
EV-TX-118197,EXT-10492,2026-08-06T12:00:00+05:30,transfer,Payment observed,Review payment evidence,TX-118197
EV-TX-118205,EXT-10492,2026-09-04T12:00:00+05:30,transfer,Payment observed,Review payment evidence,TX-118205
EV-TX-118206,EXT-10492,2026-09-06T12:00:00+05:30,transfer,Payment observed,Review payment evidence,TX-118206
EV-TX-118214,EXT-10492,2026-10-04T12:00:00+05:30,transfer,Payment observed,Review payment evidence,TX-118214
EV-TX-118215,EXT-10492,2026-10-06T12:00:00+05:30,transfer,Payment observed,Review payment evidence,TX-118215
EV-TX-118223,EXT-10492,2026-11-04T12:00:00+05:30,transfer,Payment observed,Review payment evidence,TX-118223
EV-TX-118227,EXT-10493,2026-08-05T12:00:00+05:30,transfer,Payment observed,Review payment evidence,TX-118227
EV-TX-118231,EXT-10493,2026-08-21T12:00:00+05:30,transfer,Payment observed,Review payment evidence,TX-118231
EV-TX-118236,EXT-10493,2026-09-05T12:00:00+05:30,transfer,Payment observed,Review payment evidence,TX-118236
EV-TX-118239,EXT-10493,2026-09-16T16:15:00+05:30,transfer,Payment observed,Review payment evidence,TX-118239
EV-TX-118240,EXT-10493,2026-09-16T16:22:00+05:30,transfer,Payment observed,Review payment evidence,TX-118240
EV-TX-118242,EXT-10493,2026-09-21T12:00:00+05:30,transfer,Payment observed,Review payment evidence,TX-118242
EV-TX-118248,EXT-10493,2026-10-05T12:00:00+05:30,transfer,Payment observed,Review payment evidence,TX-118248
EV-TX-118258,EXT-10493,2026-11-05T12:00:00+05:30,transfer,Payment observed,Review payment evidence,TX-118258
EV-TX-118261,EXT-10494,2026-08-02T12:00:00+05:30,transfer,Payment observed,Review payment evidence,TX-118261
EV-TX-118263,EXT-10494,2026-08-08T12:00:00+05:30,transfer,Payment observed,Review payment evidence,TX-118263
EV-TX-118266,EXT-10494,2026-08-15T12:00:00+05:30,transfer,Payment observed,Review payment evidence,TX-118266
EV-TX-118267,EXT-10494,2026-08-20T12:00:00+05:30,transfer,Payment observed,Review payment evidence,TX-118267
EV-TX-118272,EXT-10494,2026-09-02T12:00:00+05:30,transfer,Payment observed,Review payment evidence,TX-118272
EV-TX-118274,EXT-10494,2026-09-08T12:00:00+05:30,transfer,Payment observed,Review payment evidence,TX-118274
EV-TX-118277,EXT-10494,2026-09-15T12:00:00+05:30,transfer,Payment observed,Review payment evidence,TX-118277
EV-TX-118278,EXT-10494,2026-09-18T14:00:00+05:30,transfer,Payment observed,Review payment evidence,TX-118278
EV-TX-118279,EXT-10494,2026-09-18T14:03:00+05:30,transfer,Payment observed,Review payment evidence,TX-118279
EV-TX-118280,EXT-10494,2026-09-18T14:06:00+05:30,transfer,Payment observed,Review payment evidence,TX-118280
EV-TX-118281,EXT-10494,2026-09-18T14:14:00+05:30,transfer,Payment observed,Review payment evidence,TX-118281
EV-TX-118282,EXT-10494,2026-09-20T12:00:00+05:30,transfer,Payment observed,Review payment evidence,TX-118282
EV-TX-118287,EXT-10494,2026-10-02T12:00:00+05:30,transfer,Payment observed,Review payment evidence,TX-118287
EV-TX-118289,EXT-10494,2026-10-08T12:00:00+05:30,transfer,Payment observed,Review payment evidence,TX-118289
EV-TX-118292,EXT-10494,2026-10-15T12:00:00+05:30,transfer,Payment observed,Review payment evidence,TX-118292
EV-TX-118293,EXT-10494,2026-10-20T12:00:00+05:30,transfer,Payment observed,Review payment evidence,TX-118293
EV-TX-118298,EXT-10494,2026-11-02T12:00:00+05:30,transfer,Payment observed,Review payment evidence,TX-118298
EV-TX-118307,EXT-10495,2026-08-23T12:00:00+05:30,transfer,Payment observed,Review payment evidence,TX-118307
EV-TX-118309,EXT-10495,2026-08-26T12:00:00+05:30,transfer,Payment observed,Review payment evidence,TX-118309
EV-TX-118310,EXT-10495,2026-08-28T12:00:00+05:30,transfer,Payment observed,Review payment evidence,TX-118310
EV-TX-118317,EXT-10495,2026-09-23T12:00:00+05:30,transfer,Payment observed,Review payment evidence,TX-118317
EV-TX-118319,EXT-10495,2026-09-26T12:00:00+05:30,transfer,Payment observed,Review payment evidence,TX-118319
EV-TX-118320,EXT-10495,2026-09-28T12:00:00+05:30,transfer,Payment observed,Review payment evidence,TX-118320
EV-TX-118327,EXT-10495,2026-10-23T12:00:00+05:30,transfer,Payment observed,Review payment evidence,TX-118327
EV-TX-118329,EXT-10495,2026-10-26T12:00:00+05:30,transfer,Payment observed,Review payment evidence,TX-118329
EV-TX-118335,EXT-10496,2026-08-08T12:00:00+05:30,transfer,Payment observed,Review payment evidence,TX-118335
EV-TX-118338,EXT-10496,2026-08-17T12:00:00+05:30,transfer,Payment observed,Review payment evidence,TX-118338
EV-TX-118342,EXT-10496,2026-08-26T12:00:00+05:30,transfer,Payment observed,Review payment evidence,TX-118342
EV-TX-118345,EXT-10496,2026-09-08T12:00:00+05:30,transfer,Payment observed,Review payment evidence,TX-118345
EV-TX-118347,EXT-10496,2026-09-12T14:00:00+05:30,transfer,Payment observed,Review payment evidence,TX-118347
EV-TX-118348,EXT-10496,2026-09-12T14:03:00+05:30,transfer,Payment observed,Review payment evidence,TX-118348
EV-TX-118349,EXT-10496,2026-09-12T14:06:00+05:30,transfer,Payment observed,Review payment evidence,TX-118349
EV-TX-118350,EXT-10496,2026-09-12T14:14:00+05:30,transfer,Payment observed,Review payment evidence,TX-118350
EV-TX-118351,EXT-10496,2026-09-13T15:07:00+05:30,transfer,Payment observed,Review payment evidence,TX-118351
EV-TX-118352,EXT-10496,2026-09-13T15:14:00+05:30,transfer,Payment observed,Review payment evidence,TX-118352
EV-TX-118354,EXT-10496,2026-09-17T12:00:00+05:30,transfer,Payment observed,Review payment evidence,TX-118354
EV-TX-118358,EXT-10496,2026-09-26T12:00:00+05:30,transfer,Payment observed,Review payment evidence,TX-118358
EV-TX-118361,EXT-10496,2026-10-08T12:00:00+05:30,transfer,Payment observed,Review payment evidence,TX-118361
EV-TX-118364,EXT-10496,2026-10-17T12:00:00+05:30,transfer,Payment observed,Review payment evidence,TX-118364
EV-TX-118368,EXT-10496,2026-10-26T12:00:00+05:30,transfer,Payment observed,Review payment evidence,TX-118368
EV-TX-118375,EXT-10497,2026-08-12T12:00:00+05:30,transfer,Payment observed,Review payment evidence,TX-118375
EV-TX-118376,EXT-10497,2026-08-14T12:00:00+05:30,transfer,Payment observed,Review payment evidence,TX-118376
EV-TX-118378,EXT-10497,2026-08-19T12:00:00+05:30,transfer,Payment observed,Review payment evidence,TX-118378
EV-TX-118381,EXT-10497,2026-08-25T12:00:00+05:30,transfer,Payment observed,Review payment evidence,TX-118381
EV-TX-118386,EXT-10497,2026-09-12T12:00:00+05:30,transfer,Payment observed,Review payment evidence,TX-118386
EV-TX-118387,EXT-10497,2026-09-14T12:00:00+05:30,transfer,Payment observed,Review payment evidence,TX-118387
EV-TX-118389,EXT-10497,2026-09-19T12:00:00+05:30,transfer,Payment observed,Review payment evidence,TX-118389
EV-TX-118392,EXT-10497,2026-09-25T12:00:00+05:30,transfer,Payment observed,Review payment evidence,TX-118392
EV-TX-118410,EXT-10498,2026-08-02T12:00:00+05:30,transfer,Payment observed,Review payment evidence,TX-118410
EV-TX-118414,EXT-10498,2026-08-18T12:00:00+05:30,transfer,Payment observed,Review payment evidence,TX-118414
EV-TX-118416,EXT-10498,2026-08-23T12:00:00+05:30,transfer,Payment observed,Review payment evidence,TX-118416
EV-TX-118420,EXT-10498,2026-09-02T12:00:00+05:30,transfer,Payment observed,Review payment evidence,TX-118420
EV-TX-118424,EXT-10498,2026-09-18T12:00:00+05:30,transfer,Payment observed,Review payment evidence,TX-118424
EV-TX-118426,EXT-10498,2026-09-23T12:00:00+05:30,transfer,Payment observed,Review payment evidence,TX-118426
EV-TX-118430,EXT-10498,2026-10-02T12:00:00+05:30,transfer,Payment observed,Review payment evidence,TX-118430
EV-TX-118434,EXT-10498,2026-10-18T12:00:00+05:30,transfer,Payment observed,Review payment evidence,TX-118434
EV-TX-118436,EXT-10498,2026-10-23T12:00:00+05:30,transfer,Payment observed,Review payment evidence,TX-118436
EV-TX-118440,EXT-10498,2026-11-02T12:00:00+05:30,transfer,Payment observed,Review payment evidence,TX-118440
EV-TX-118444,EXT-10499,2026-08-04T12:00:00+05:30,transfer,Payment observed,Review payment evidence,TX-118444
EV-TX-118446,EXT-10499,2026-08-05T12:00:00+05:30,transfer,Payment observed,Review payment evidence,TX-118446
EV-TX-118447,EXT-10499,2026-08-07T12:00:00+05:30,transfer,Payment observed,Review payment evidence,TX-118447
EV-TX-118453,EXT-10499,2026-08-26T12:00:00+05:30,transfer,Payment observed,Review payment evidence,TX-118453
EV-TX-118455,EXT-10499,2026-09-04T12:00:00+05:30,transfer,Payment observed,Review payment evidence,TX-118455
EV-TX-118457,EXT-10499,2026-09-05T12:00:00+05:30,transfer,Payment observed,Review payment evidence,TX-118457
EV-TX-118458,EXT-10499,2026-09-07T12:00:00+05:30,transfer,Payment observed,Review payment evidence,TX-118458
EV-TX-118464,EXT-10499,2026-09-26T12:00:00+05:30,transfer,Payment observed,Review payment evidence,TX-118464
EV-TX-118466,EXT-10499,2026-10-04T12:00:00+05:30,transfer,Payment observed,Review payment evidence,TX-118466
EV-TX-118468,EXT-10499,2026-10-05T12:00:00+05:30,transfer,Payment observed,Review payment evidence,TX-118468
EV-TX-118469,EXT-10499,2026-10-07T12:00:00+05:30,transfer,Payment observed,Review payment evidence,TX-118469
EV-TX-118475,EXT-10499,2026-10-26T12:00:00+05:30,transfer,Payment observed,Review payment evidence,TX-118475
EV-TX-118477,EXT-10499,2026-11-04T12:00:00+05:30,transfer,Payment observed,Review payment evidence,TX-118477
EV-TX-118479,EXT-10499,2026-11-05T12:00:00+05:30,transfer,Payment observed,Review payment evidence,TX-118479
EV-TX-118484,EXT-10500,2026-08-09T12:00:00+05:30,transfer,Payment observed,Review payment evidence,TX-118484
EV-TX-118485,EXT-10500,2026-08-14T12:00:00+05:30,transfer,Payment observed,Review payment evidence,TX-118485
EV-TX-118487,EXT-10500,2026-08-18T12:00:00+05:30,transfer,Payment observed,Review payment evidence,TX-118487
EV-TX-118488,EXT-10500,2026-08-19T12:00:00+05:30,transfer,Payment observed,Review payment evidence,TX-118488
EV-TX-118494,EXT-10500,2026-09-09T12:00:00+05:30,transfer,Payment observed,Review payment evidence,TX-118494
EV-TX-118495,EXT-10500,2026-09-12T16:18:00+05:30,transfer,Payment observed,Review payment evidence,TX-118495
EV-TX-118496,EXT-10500,2026-09-12T16:22:00+05:30,transfer,Payment observed,Review payment evidence,TX-118496
EV-TX-118497,EXT-10500,2026-09-14T12:00:00+05:30,transfer,Payment observed,Review payment evidence,TX-118497
EV-TX-118499,EXT-10500,2026-09-18T12:00:00+05:30,transfer,Payment observed,Review payment evidence,TX-118499
EV-TX-118500,EXT-10500,2026-09-19T12:00:00+05:30,transfer,Payment observed,Review payment evidence,TX-118500
EV-TX-118507,EXT-10500,2026-10-09T12:00:00+05:30,transfer,Payment observed,Review payment evidence,TX-118507
EV-TX-118508,EXT-10500,2026-10-14T12:00:00+05:30,transfer,Payment observed,Review payment evidence,TX-118508
EV-TX-118510,EXT-10500,2026-10-18T12:00:00+05:30,transfer,Payment observed,Review payment evidence,TX-118510
EV-TX-118511,EXT-10500,2026-10-19T12:00:00+05:30,transfer,Payment observed,Review payment evidence,TX-118511
EV-TX-118519,EXT-10501,2026-08-15T12:00:00+05:30,transfer,Payment observed,Review payment evidence,TX-118519
EV-TX-118520,EXT-10501,2026-08-16T12:00:00+05:30,transfer,Payment observed,Review payment evidence,TX-118520
EV-TX-118521,EXT-10501,2026-08-17T12:00:00+05:30,transfer,Payment observed,Review payment evidence,TX-118521
EV-TX-118523,EXT-10501,2026-08-22T12:00:00+05:30,transfer,Payment observed,Review payment evidence,TX-118523
EV-TX-118531,EXT-10501,2026-09-15T12:00:00+05:30,transfer,Payment observed,Review payment evidence,TX-118531
EV-TX-118532,EXT-10501,2026-09-16T12:00:00+05:30,transfer,Payment observed,Review payment evidence,TX-118532
EV-TX-118533,EXT-10501,2026-09-17T12:00:00+05:30,transfer,Payment observed,Review payment evidence,TX-118533
EV-TX-118534,EXT-10501,2026-09-20T14:54:00+05:30,transfer,Payment observed,Review payment evidence,TX-118534
EV-TX-118535,EXT-10501,2026-09-20T15:02:00+05:30,transfer,Payment observed,Review payment evidence,TX-118535
EV-TX-118537,EXT-10501,2026-09-22T12:00:00+05:30,transfer,Payment observed,Review payment evidence,TX-118537
EV-TX-118545,EXT-10501,2026-10-15T12:00:00+05:30,transfer,Payment observed,Review payment evidence,TX-118545
EV-TX-118546,EXT-10501,2026-10-16T12:00:00+05:30,transfer,Payment observed,Review payment evidence,TX-118546
EV-TX-118547,EXT-10501,2026-10-17T12:00:00+05:30,transfer,Payment observed,Review payment evidence,TX-118547
EV-TX-118549,EXT-10501,2026-10-22T12:00:00+05:30,transfer,Payment observed,Review payment evidence,TX-118549
EV-TX-118558,EXT-10502,2026-08-05T12:00:00+05:30,transfer,Payment observed,Review payment evidence,TX-118558
EV-TX-118560,EXT-10502,2026-08-12T12:00:00+05:30,transfer,Payment observed,Review payment evidence,TX-118560
EV-TX-118561,EXT-10502,2026-08-13T12:00:00+05:30,transfer,Payment observed,Review payment evidence,TX-118561
EV-TX-118563,EXT-10502,2026-08-20T12:00:00+05:30,transfer,Payment observed,Review payment evidence,TX-118563
EV-TX-118569,EXT-10502,2026-09-05T12:00:00+05:30,transfer,Payment observed,Review payment evidence,TX-118569
EV-TX-118571,EXT-10502,2026-09-12T12:00:00+05:30,transfer,Payment observed,Review payment evidence,TX-118571
EV-TX-118572,EXT-10502,2026-09-12T15:39:00+05:30,transfer,Payment observed,Review payment evidence,TX-118572
EV-TX-118573,EXT-10502,2026-09-12T15:42:00+05:30,transfer,Payment observed,Review payment evidence,TX-118573
EV-TX-118574,EXT-10502,2026-09-12T15:53:00+05:30,transfer,Payment observed,Review payment evidence,TX-118574
EV-TX-118575,EXT-10502,2026-09-13T12:00:00+05:30,transfer,Payment observed,Review payment evidence,TX-118575
EV-TX-118577,EXT-10502,2026-09-20T12:00:00+05:30,transfer,Payment observed,Review payment evidence,TX-118577
EV-TX-118583,EXT-10502,2026-10-05T12:00:00+05:30,transfer,Payment observed,Review payment evidence,TX-118583
EV-TX-118585,EXT-10502,2026-10-12T12:00:00+05:30,transfer,Payment observed,Review payment evidence,TX-118585
EV-TX-118586,EXT-10502,2026-10-13T12:00:00+05:30,transfer,Payment observed,Review payment evidence,TX-118586
EV-TX-118588,EXT-10502,2026-10-20T12:00:00+05:30,transfer,Payment observed,Review payment evidence,TX-118588
EV-TX-118596,EXT-10502,2026-11-05T12:00:00+05:30,transfer,Payment observed,Review payment evidence,TX-118596
EV-TX-118599,EXT-10503,2026-08-05T12:00:00+05:30,transfer,Payment observed,Review payment evidence,TX-118599
EV-TX-118611,EXT-10503,2026-09-05T12:00:00+05:30,transfer,Payment observed,Review payment evidence,TX-118611
EV-TX-118613,EXT-10503,2026-09-12T12:00:00+05:30,transfer,Payment observed,Review payment evidence,TX-118613
EV-TX-118622,EXT-10503,2026-10-05T12:00:00+05:30,transfer,Payment observed,Review payment evidence,TX-118622
EV-TX-118624,EXT-10503,2026-10-12T12:00:00+05:30,transfer,Payment observed,Review payment evidence,TX-118624
EV-TX-118631,EXT-10503,2026-11-05T12:00:00+05:30,transfer,Payment observed,Review payment evidence,TX-118631
EV-TX-118635,EXT-10504,2026-08-08T12:00:00+05:30,transfer,Payment observed,Review payment evidence,TX-118635
EV-TX-118639,EXT-10504,2026-08-22T12:00:00+05:30,transfer,Payment observed,Review payment evidence,TX-118639
EV-TX-118644,EXT-10504,2026-09-08T12:00:00+05:30,transfer,Payment observed,Review payment evidence,TX-118644
EV-TX-118648,EXT-10504,2026-09-22T12:00:00+05:30,transfer,Payment observed,Review payment evidence,TX-118648
EV-TX-118653,EXT-10504,2026-10-08T12:00:00+05:30,transfer,Payment observed,Review payment evidence,TX-118653
EV-TX-118657,EXT-10504,2026-10-22T12:00:00+05:30,transfer,Payment observed,Review payment evidence,TX-118657
EV-TX-118666,EXT-10505,2026-08-13T12:00:00+05:30,transfer,Payment observed,Review payment evidence,TX-118666
EV-TX-118668,EXT-10505,2026-08-17T12:00:00+05:30,transfer,Payment observed,Review payment evidence,TX-118668
EV-TX-118670,EXT-10505,2026-08-21T12:00:00+05:30,transfer,Payment observed,Review payment evidence,TX-118670
EV-TX-118676,EXT-10505,2026-09-13T12:00:00+05:30,transfer,Payment observed,Review payment evidence,TX-118676
EV-TX-118678,EXT-10505,2026-09-17T12:00:00+05:30,transfer,Payment observed,Review payment evidence,TX-118678
EV-TX-118680,EXT-10505,2026-09-21T12:00:00+05:30,transfer,Payment observed,Review payment evidence,TX-118680
EV-TX-118686,EXT-10505,2026-10-13T12:00:00+05:30,transfer,Payment observed,Review payment evidence,TX-118686
EV-TX-118688,EXT-10505,2026-10-17T12:00:00+05:30,transfer,Payment observed,Review payment evidence,TX-118688
EV-TX-118690,EXT-10505,2026-10-21T12:00:00+05:30,transfer,Payment observed,Review payment evidence,TX-118690
EV-TX-118698,EXT-10506,2026-08-06T12:00:00+05:30,transfer,Payment observed,Review payment evidence,TX-118698
EV-TX-118700,EXT-10506,2026-08-12T12:00:00+05:30,transfer,Payment observed,Review payment evidence,TX-118700
EV-TX-118705,EXT-10506,2026-08-26T12:00:00+05:30,transfer,Payment observed,Review payment evidence,TX-118705
EV-TX-118708,EXT-10506,2026-09-06T12:00:00+05:30,transfer,Payment observed,Review payment evidence,TX-118708
EV-TX-118710,EXT-10506,2026-09-12T12:00:00+05:30,transfer,Payment observed,Review payment evidence,TX-118710
EV-TX-118715,EXT-10506,2026-09-26T12:00:00+05:30,transfer,Payment observed,Review payment evidence,TX-118715
EV-TX-118718,EXT-10506,2026-10-06T12:00:00+05:30,transfer,Payment observed,Review payment evidence,TX-118718
EV-TX-118720,EXT-10506,2026-10-12T12:00:00+05:30,transfer,Payment observed,Review payment evidence,TX-118720
EV-TX-118725,EXT-10506,2026-10-26T12:00:00+05:30,transfer,Payment observed,Review payment evidence,TX-118725
EV-TX-118731,EXT-10507,2026-08-03T12:00:00+05:30,transfer,Payment observed,Review payment evidence,TX-118731
EV-TX-118734,EXT-10507,2026-08-15T12:00:00+05:30,transfer,Payment observed,Review payment evidence,TX-118734
EV-TX-118735,EXT-10507,2026-08-17T12:00:00+05:30,transfer,Payment observed,Review payment evidence,TX-118735
EV-TX-118741,EXT-10507,2026-09-03T12:00:00+05:30,transfer,Payment observed,Review payment evidence,TX-118741
EV-TX-118744,EXT-10507,2026-09-15T12:00:00+05:30,transfer,Payment observed,Review payment evidence,TX-118744
EV-TX-118745,EXT-10507,2026-09-17T12:00:00+05:30,transfer,Payment observed,Review payment evidence,TX-118745
EV-TX-118752,EXT-10507,2026-10-03T12:00:00+05:30,transfer,Payment observed,Review payment evidence,TX-118752
EV-TX-118755,EXT-10507,2026-10-15T12:00:00+05:30,transfer,Payment observed,Review payment evidence,TX-118755
EV-TX-118756,EXT-10507,2026-10-17T12:00:00+05:30,transfer,Payment observed,Review payment evidence,TX-118756
EV-TX-118763,EXT-10507,2026-11-03T12:00:00+05:30,transfer,Payment observed,Review payment evidence,TX-118763
EV-TX-118769,EXT-10508,2026-08-12T12:00:00+05:30,transfer,Payment observed,Review payment evidence,TX-118769
EV-TX-118770,EXT-10508,2026-08-14T12:00:00+05:30,transfer,Payment observed,Review payment evidence,TX-118770
EV-TX-118772,EXT-10508,2026-08-15T12:00:00+05:30,transfer,Payment observed,Review payment evidence,TX-118772
EV-TX-118775,EXT-10508,2026-08-25T12:00:00+05:30,transfer,Payment observed,Review payment evidence,TX-118775
EV-TX-118780,EXT-10508,2026-09-10T14:00:00+05:30,transfer,Payment observed,Review payment evidence,TX-118780
EV-TX-118781,EXT-10508,2026-09-10T14:03:00+05:30,transfer,Payment observed,Review payment evidence,TX-118781
EV-TX-118782,EXT-10508,2026-09-10T14:06:00+05:30,transfer,Payment observed,Review payment evidence,TX-118782
EV-TX-118783,EXT-10508,2026-09-10T14:14:00+05:30,transfer,Payment observed,Review payment evidence,TX-118783
EV-TX-118784,EXT-10508,2026-09-12T12:00:00+05:30,transfer,Payment observed,Review payment evidence,TX-118784
EV-TX-118785,EXT-10508,2026-09-12T16:26:00+05:30,transfer,Payment observed,Review payment evidence,TX-118785
EV-TX-118786,EXT-10508,2026-09-12T16:29:00+05:30,transfer,Payment observed,Review payment evidence,TX-118786
EV-TX-118787,EXT-10508,2026-09-14T12:00:00+05:30,transfer,Payment observed,Review payment evidence,TX-118787
EV-TX-118789,EXT-10508,2026-09-15T12:00:00+05:30,transfer,Payment observed,Review payment evidence,TX-118789
EV-TX-118792,EXT-10508,2026-09-25T12:00:00+05:30,transfer,Payment observed,Review payment evidence,TX-118792
EV-TX-118799,EXT-10508,2026-10-12T12:00:00+05:30,transfer,Payment observed,Review payment evidence,TX-118799
EV-TX-118800,EXT-10508,2026-10-14T12:00:00+05:30,transfer,Payment observed,Review payment evidence,TX-118800
EV-TX-118802,EXT-10508,2026-10-15T12:00:00+05:30,transfer,Payment observed,Review payment evidence,TX-118802
EV-TX-118805,EXT-10508,2026-10-25T12:00:00+05:30,transfer,Payment observed,Review payment evidence,TX-118805
EV-TX-118814,EXT-10509,2026-08-08T12:00:00+05:30,transfer,Payment observed,Review payment evidence,TX-118814
EV-TX-118817,EXT-10509,2026-08-15T12:00:00+05:30,transfer,Payment observed,Review payment evidence,TX-118817
EV-TX-118823,EXT-10509,2026-09-08T12:00:00+05:30,transfer,Payment observed,Review payment evidence,TX-118823
EV-TX-118826,EXT-10509,2026-09-15T12:00:00+05:30,transfer,Payment observed,Review payment evidence,TX-118826
EV-TX-118832,EXT-10509,2026-10-08T12:00:00+05:30,transfer,Payment observed,Review payment evidence,TX-118832
EV-TX-118835,EXT-10509,2026-10-15T12:00:00+05:30,transfer,Payment observed,Review payment evidence,TX-118835
EV-TX-118844,EXT-10510,2026-08-07T12:00:00+05:30,transfer,Payment observed,Review payment evidence,TX-118844
EV-TX-118846,EXT-10510,2026-08-12T12:00:00+05:30,transfer,Payment observed,Review payment evidence,TX-118846
EV-TX-118847,EXT-10510,2026-08-13T12:00:00+05:30,transfer,Payment observed,Review payment evidence,TX-118847
EV-TX-118850,EXT-10510,2026-08-21T12:00:00+05:30,transfer,Payment observed,Review payment evidence,TX-118850
EV-TX-118854,EXT-10510,2026-09-07T12:00:00+05:30,transfer,Payment observed,Review payment evidence,TX-118854
EV-TX-118856,EXT-10510,2026-09-12T12:00:00+05:30,transfer,Payment observed,Review payment evidence,TX-118856
EV-TX-118857,EXT-10510,2026-09-13T12:00:00+05:30,transfer,Payment observed,Review payment evidence,TX-118857
EV-TX-118858,EXT-10510,2026-09-13T14:05:00+05:30,transfer,Payment observed,Review payment evidence,TX-118858
EV-TX-118859,EXT-10510,2026-09-13T14:11:00+05:30,transfer,Payment observed,Review payment evidence,TX-118859
EV-TX-118862,EXT-10510,2026-09-21T12:00:00+05:30,transfer,Payment observed,Review payment evidence,TX-118862
EV-TX-118868,EXT-10510,2026-10-07T12:00:00+05:30,transfer,Payment observed,Review payment evidence,TX-118868
EV-TX-118870,EXT-10510,2026-10-12T12:00:00+05:30,transfer,Payment observed,Review payment evidence,TX-118870
EV-TX-118871,EXT-10510,2026-10-13T12:00:00+05:30,transfer,Payment observed,Review payment evidence,TX-118871
EV-TX-118874,EXT-10510,2026-10-21T12:00:00+05:30,transfer,Payment observed,Review payment evidence,TX-118874
EV-TX-118884,EXT-10511,2026-08-16T12:00:00+05:30,transfer,Payment observed,Review payment evidence,TX-118884
EV-TX-118888,EXT-10511,2026-08-28T12:00:00+05:30,transfer,Payment observed,Review payment evidence,TX-118888
EV-TX-118894,EXT-10511,2026-09-16T12:00:00+05:30,transfer,Payment observed,Review payment evidence,TX-118894
EV-TX-118897,EXT-10511,2026-09-28T12:00:00+05:30,transfer,Payment observed,Review payment evidence,TX-118897
EV-TX-118904,EXT-10511,2026-10-16T12:00:00+05:30,transfer,Payment observed,Review payment evidence,TX-118904
EV-TX-118907,EXT-10511,2026-10-28T12:00:00+05:30,transfer,Payment observed,Review payment evidence,TX-118907
EV-TX-118915,EXT-10512,2026-08-04T12:00:00+05:30,transfer,Payment observed,Review payment evidence,TX-118915
EV-TX-118917,EXT-10512,2026-08-12T12:00:00+05:30,transfer,Payment observed,Review payment evidence,TX-118917
EV-TX-118919,EXT-10512,2026-08-18T12:00:00+05:30,transfer,Payment observed,Review payment evidence,TX-118919
EV-TX-118922,EXT-10512,2026-08-26T12:00:00+05:30,transfer,Payment observed,Review payment evidence,TX-118922
EV-TX-118926,EXT-10512,2026-09-04T12:00:00+05:30,transfer,Payment observed,Review payment evidence,TX-118926
EV-TX-118928,EXT-10512,2026-09-12T12:00:00+05:30,transfer,Payment observed,Review payment evidence,TX-118928
EV-TX-118930,EXT-10512,2026-09-18T12:00:00+05:30,transfer,Payment observed,Review payment evidence,TX-118930
EV-TX-118938,EXT-10512,2026-10-04T12:00:00+05:30,transfer,Payment observed,Review payment evidence,TX-118938
EV-TX-118940,EXT-10512,2026-10-12T12:00:00+05:30,transfer,Payment observed,Review payment evidence,TX-118940
EV-TX-118942,EXT-10512,2026-10-18T12:00:00+05:30,transfer,Payment observed,Review payment evidence,TX-118942
EV-TX-118949,EXT-10512,2026-11-04T12:00:00+05:30,transfer,Payment observed,Review payment evidence,TX-118949
EV-TX-118953,EXT-10513,2026-08-03T12:00:00+05:30,transfer,Payment observed,Review payment evidence,TX-118953
EV-TX-118954,EXT-10513,2026-08-06T12:00:00+05:30,transfer,Payment observed,Review payment evidence,TX-118954
EV-TX-118957,EXT-10513,2026-08-19T12:00:00+05:30,transfer,Payment observed,Review payment evidence,TX-118957
EV-TX-118963,EXT-10513,2026-09-03T12:00:00+05:30,transfer,Payment observed,Review payment evidence,TX-118963
EV-TX-118964,EXT-10513,2026-09-06T12:00:00+05:30,transfer,Payment observed,Review payment evidence,TX-118964
EV-TX-118967,EXT-10513,2026-09-19T12:00:00+05:30,transfer,Payment observed,Review payment evidence,TX-118967
EV-TX-118973,EXT-10513,2026-10-03T12:00:00+05:30,transfer,Payment observed,Review payment evidence,TX-118973
EV-TX-118974,EXT-10513,2026-10-06T12:00:00+05:30,transfer,Payment observed,Review payment evidence,TX-118974
EV-TX-118977,EXT-10513,2026-10-19T12:00:00+05:30,transfer,Payment observed,Review payment evidence,TX-118977
EV-TX-118983,EXT-10513,2026-11-03T12:00:00+05:30,transfer,Payment observed,Review payment evidence,TX-118983
EV-TX-118986,EXT-10514,2026-08-02T12:00:00+05:30,transfer,Payment observed,Review payment evidence,TX-118986
EV-TX-118988,EXT-10514,2026-08-03T12:00:00+05:30,transfer,Payment observed,Review payment evidence,TX-118988
EV-TX-118990,EXT-10514,2026-08-10T12:00:00+05:30,transfer,Payment observed,Review payment evidence,TX-118990
EV-TX-118992,EXT-10514,2026-08-15T12:00:00+05:30,transfer,Payment observed,Review payment evidence,TX-118992
EV-TX-118997,EXT-10514,2026-09-02T12:00:00+05:30,transfer,Payment observed,Review payment evidence,TX-118997
EV-TX-119000,EXT-10514,2026-09-03T12:00:00+05:30,transfer,Payment observed,Review payment evidence,TX-119000
EV-TX-119002,EXT-10514,2026-09-10T12:00:00+05:30,transfer,Payment observed,Review payment evidence,TX-119002
EV-TX-119004,EXT-10514,2026-09-15T12:00:00+05:30,transfer,Payment observed,Review payment evidence,TX-119004
EV-TX-119005,EXT-10514,2026-09-19T15:17:00+05:30,transfer,Payment observed,Review payment evidence,TX-119005
EV-TX-119006,EXT-10514,2026-09-19T15:22:00+05:30,transfer,Payment observed,Review payment evidence,TX-119006
EV-TX-119012,EXT-10514,2026-10-02T12:00:00+05:30,transfer,Payment observed,Review payment evidence,TX-119012
EV-TX-119014,EXT-10514,2026-10-03T12:00:00+05:30,transfer,Payment observed,Review payment evidence,TX-119014
EV-TX-119018,EXT-10514,2026-10-10T12:00:00+05:30,transfer,Payment observed,Review payment evidence,TX-119018
EV-TX-119026,EXT-10514,2026-11-02T12:00:00+05:30,transfer,Payment observed,Review payment evidence,TX-119026
EV-TX-119029,EXT-10514,2026-11-03T12:00:00+05:30,transfer,Payment observed,Review payment evidence,TX-119029
EV-TX-119033,EXT-10515,2026-08-03T12:00:00+05:30,transfer,Payment observed,Review payment evidence,TX-119033
EV-TX-119035,EXT-10515,2026-08-13T12:00:00+05:30,transfer,Payment observed,Review payment evidence,TX-119035
EV-TX-119037,EXT-10515,2026-08-20T12:00:00+05:30,transfer,Payment observed,Review payment evidence,TX-119037
EV-TX-119043,EXT-10515,2026-09-03T12:00:00+05:30,transfer,Payment observed,Review payment evidence,TX-119043
EV-TX-119045,EXT-10515,2026-09-13T12:00:00+05:30,transfer,Payment observed,Review payment evidence,TX-119045
EV-TX-119047,EXT-10515,2026-09-15T15:46:00+05:30,transfer,Payment observed,Review payment evidence,TX-119047
EV-TX-119048,EXT-10515,2026-09-15T15:50:00+05:30,transfer,Payment observed,Review payment evidence,TX-119048
EV-TX-119049,EXT-10515,2026-09-15T15:54:00+05:30,transfer,Payment observed,Review payment evidence,TX-119049
EV-TX-119050,EXT-10515,2026-09-20T12:00:00+05:30,transfer,Payment observed,Review payment evidence,TX-119050
EV-TX-119058,EXT-10515,2026-10-03T12:00:00+05:30,transfer,Payment observed,Review payment evidence,TX-119058
EV-TX-119060,EXT-10515,2026-10-13T12:00:00+05:30,transfer,Payment observed,Review payment evidence,TX-119060
EV-TX-119062,EXT-10515,2026-10-20T12:00:00+05:30,transfer,Payment observed,Review payment evidence,TX-119062
EV-TX-119070,EXT-10515,2026-11-03T12:00:00+05:30,transfer,Payment observed,Review payment evidence,TX-119070
EV-TX-119073,EXT-10516,2026-08-07T12:00:00+05:30,transfer,Payment observed,Review payment evidence,TX-119073
EV-TX-119076,EXT-10516,2026-08-20T12:00:00+05:30,transfer,Payment observed,Review payment evidence,TX-119076
EV-TX-119079,EXT-10516,2026-08-25T12:00:00+05:30,transfer,Payment observed,Review payment evidence,TX-119079
EV-TX-119083,EXT-10516,2026-09-07T12:00:00+05:30,transfer,Payment observed,Review payment evidence,TX-119083
EV-TX-119086,EXT-10516,2026-09-20T12:00:00+05:30,transfer,Payment observed,Review payment evidence,TX-119086
EV-TX-119089,EXT-10516,2026-09-25T12:00:00+05:30,transfer,Payment observed,Review payment evidence,TX-119089
EV-TX-119093,EXT-10516,2026-10-07T12:00:00+05:30,transfer,Payment observed,Review payment evidence,TX-119093
EV-TX-119096,EXT-10516,2026-10-20T12:00:00+05:30,transfer,Payment observed,Review payment evidence,TX-119096
EV-TX-119099,EXT-10516,2026-10-25T12:00:00+05:30,transfer,Payment observed,Review payment evidence,TX-119099
EV-TX-119105,EXT-10517,2026-08-02T12:00:00+05:30,transfer,Payment observed,Review payment evidence,TX-119105
EV-TX-119108,EXT-10517,2026-08-09T12:00:00+05:30,transfer,Payment observed,Review payment evidence,TX-119108
EV-TX-119110,EXT-10517,2026-08-19T12:00:00+05:30,transfer,Payment observed,Review payment evidence,TX-119110
EV-TX-119115,EXT-10517,2026-09-02T12:00:00+05:30,transfer,Payment observed,Review payment evidence,TX-119115
EV-TX-119118,EXT-10517,2026-09-09T12:00:00+05:30,transfer,Payment observed,Review payment evidence,TX-119118
EV-TX-119120,EXT-10517,2026-09-19T12:00:00+05:30,transfer,Payment observed,Review payment evidence,TX-119120
EV-TX-119125,EXT-10517,2026-10-02T12:00:00+05:30,transfer,Payment observed,Review payment evidence,TX-119125
EV-TX-119128,EXT-10517,2026-10-09T12:00:00+05:30,transfer,Payment observed,Review payment evidence,TX-119128
EV-TX-119130,EXT-10517,2026-10-19T12:00:00+05:30,transfer,Payment observed,Review payment evidence,TX-119130
EV-TX-119134,EXT-10517,2026-11-02T12:00:00+05:30,transfer,Payment observed,Review payment evidence,TX-119134
EV-TX-119140,EXT-10518,2026-08-05T12:00:00+05:30,transfer,Payment observed,Review payment evidence,TX-119140
EV-TX-119143,EXT-10518,2026-08-19T12:00:00+05:30,transfer,Payment observed,Review payment evidence,TX-119143
EV-TX-119149,EXT-10518,2026-09-05T12:00:00+05:30,transfer,Payment observed,Review payment evidence,TX-119149
EV-TX-119152,EXT-10518,2026-09-19T12:00:00+05:30,transfer,Payment observed,Review payment evidence,TX-119152
EV-TX-119153,EXT-10518,2026-09-19T13:19:00+05:30,transfer,Payment observed,Review payment evidence,TX-119153
EV-TX-119154,EXT-10518,2026-09-19T13:22:00+05:30,transfer,Payment observed,Review payment evidence,TX-119154
EV-TX-119160,EXT-10518,2026-10-05T12:00:00+05:30,transfer,Payment observed,Review payment evidence,TX-119160
EV-TX-119163,EXT-10518,2026-10-19T12:00:00+05:30,transfer,Payment observed,Review payment evidence,TX-119163
EV-TX-119170,EXT-10518,2026-11-05T12:00:00+05:30,transfer,Payment observed,Review payment evidence,TX-119170
EV-TX-119175,EXT-10519,2026-08-13T12:00:00+05:30,transfer,Payment observed,Review payment evidence,TX-119175
EV-TX-119179,EXT-10519,2026-08-27T12:00:00+05:30,transfer,Payment observed,Review payment evidence,TX-119179
EV-TX-119184,EXT-10519,2026-09-13T12:00:00+05:30,transfer,Payment observed,Review payment evidence,TX-119184
EV-TX-119188,EXT-10519,2026-09-27T12:00:00+05:30,transfer,Payment observed,Review payment evidence,TX-119188
EV-TX-119193,EXT-10519,2026-10-13T12:00:00+05:30,transfer,Payment observed,Review payment evidence,TX-119193
EV-TX-119197,EXT-10519,2026-10-27T12:00:00+05:30,transfer,Payment observed,Review payment evidence,TX-119197
EV-TX-119203,EXT-10520,2026-08-02T12:00:00+05:30,transfer,Payment observed,Review payment evidence,TX-119203
EV-TX-119205,EXT-10520,2026-08-04T12:00:00+05:30,transfer,Payment observed,Review payment evidence,TX-119205
EV-TX-119209,EXT-10520,2026-08-22T12:00:00+05:30,transfer,Payment observed,Review payment evidence,TX-119209
EV-TX-119212,EXT-10520,2026-09-02T12:00:00+05:30,transfer,Payment observed,Review payment evidence,TX-119212
EV-TX-119214,EXT-10520,2026-09-04T12:00:00+05:30,transfer,Payment observed,Review payment evidence,TX-119214
EV-TX-119217,EXT-10520,2026-09-17T16:14:00+05:30,transfer,Payment observed,Review payment evidence,TX-119217
EV-TX-119218,EXT-10520,2026-09-17T16:21:00+05:30,transfer,Payment observed,Review payment evidence,TX-119218
EV-TX-119220,EXT-10520,2026-09-22T12:00:00+05:30,transfer,Payment observed,Review payment evidence,TX-119220
EV-TX-119223,EXT-10520,2026-10-02T12:00:00+05:30,transfer,Payment observed,Review payment evidence,TX-119223
EV-TX-119225,EXT-10520,2026-10-04T12:00:00+05:30,transfer,Payment observed,Review payment evidence,TX-119225
EV-TX-119229,EXT-10520,2026-10-22T12:00:00+05:30,transfer,Payment observed,Review payment evidence,TX-119229
EV-TX-119232,EXT-10520,2026-11-02T12:00:00+05:30,transfer,Payment observed,Review payment evidence,TX-119232
EV-TX-119234,EXT-10520,2026-11-04T12:00:00+05:30,transfer,Payment observed,Review payment evidence,TX-119234
EV-TX-119238,EXT-10521,2026-08-09T12:00:00+05:30,transfer,Payment observed,Review payment evidence,TX-119238
EV-TX-119241,EXT-10521,2026-08-22T12:00:00+05:30,transfer,Payment observed,Review payment evidence,TX-119241
EV-TX-119244,EXT-10521,2026-08-27T12:00:00+05:30,transfer,Payment observed,Review payment evidence,TX-119244
EV-TX-119249,EXT-10521,2026-09-09T12:00:00+05:30,transfer,Payment observed,Review payment evidence,TX-119249
EV-TX-119252,EXT-10521,2026-09-22T12:00:00+05:30,transfer,Payment observed,Review payment evidence,TX-119252
EV-TX-119256,EXT-10521,2026-09-27T12:00:00+05:30,transfer,Payment observed,Review payment evidence,TX-119256
EV-TX-119260,EXT-10521,2026-10-09T12:00:00+05:30,transfer,Payment observed,Review payment evidence,TX-119260
EV-TX-119263,EXT-10521,2026-10-22T12:00:00+05:30,transfer,Payment observed,Review payment evidence,TX-119263
EV-TX-119267,EXT-10521,2026-10-27T12:00:00+05:30,transfer,Payment observed,Review payment evidence,TX-119267
EV-TX-119276,EXT-10522,2026-08-16T12:00:00+05:30,transfer,Payment observed,Review payment evidence,TX-119276
EV-TX-119277,EXT-10522,2026-08-18T12:00:00+05:30,transfer,Payment observed,Review payment evidence,TX-119277
EV-TX-119279,EXT-10522,2026-08-21T12:00:00+05:30,transfer,Payment observed,Review payment evidence,TX-119279
EV-TX-119286,EXT-10522,2026-09-16T12:00:00+05:30,transfer,Payment observed,Review payment evidence,TX-119286
EV-TX-119287,EXT-10522,2026-09-17T15:44:00+05:30,transfer,Payment observed,Review payment evidence,TX-119287
EV-TX-119288,EXT-10522,2026-09-17T15:53:00+05:30,transfer,Payment observed,Review payment evidence,TX-119288
EV-TX-119289,EXT-10522,2026-09-18T12:00:00+05:30,transfer,Payment observed,Review payment evidence,TX-119289
EV-TX-119291,EXT-10522,2026-09-21T12:00:00+05:30,transfer,Payment observed,Review payment evidence,TX-119291
EV-TX-119298,EXT-10522,2026-10-16T12:00:00+05:30,transfer,Payment observed,Review payment evidence,TX-119298
EV-TX-119299,EXT-10522,2026-10-18T12:00:00+05:30,transfer,Payment observed,Review payment evidence,TX-119299
EV-TX-119301,EXT-10522,2026-10-21T12:00:00+05:30,transfer,Payment observed,Review payment evidence,TX-119301
EV-TX-119309,EXT-10523,2026-08-07T12:00:00+05:30,transfer,Payment observed,Review payment evidence,TX-119309
EV-TX-119311,EXT-10523,2026-08-12T12:00:00+05:30,transfer,Payment observed,Review payment evidence,TX-119311
EV-TX-119318,EXT-10523,2026-09-07T12:00:00+05:30,transfer,Payment observed,Review payment evidence,TX-119318
EV-TX-119320,EXT-10523,2026-09-12T12:00:00+05:30,transfer,Payment observed,Review payment evidence,TX-119320
EV-TX-119327,EXT-10523,2026-10-07T12:00:00+05:30,transfer,Payment observed,Review payment evidence,TX-119327
EV-TX-119329,EXT-10523,2026-10-12T12:00:00+05:30,transfer,Payment observed,Review payment evidence,TX-119329
EV-TX-119339,EXT-10524,2026-08-12T12:00:00+05:30,transfer,Payment observed,Review payment evidence,TX-119339
EV-TX-119341,EXT-10524,2026-08-16T12:00:00+05:30,transfer,Payment observed,Review payment evidence,TX-119341
EV-TX-119349,EXT-10524,2026-09-12T12:00:00+05:30,transfer,Payment observed,Review payment evidence,TX-119349
EV-TX-119350,EXT-10524,2026-09-12T13:57:00+05:30,transfer,Payment observed,Review payment evidence,TX-119350
EV-TX-119351,EXT-10524,2026-09-12T14:03:00+05:30,transfer,Payment observed,Review payment evidence,TX-119351
EV-TX-119353,EXT-10524,2026-09-16T12:00:00+05:30,transfer,Payment observed,Review payment evidence,TX-119353
EV-TX-119360,EXT-10524,2026-10-12T12:00:00+05:30,transfer,Payment observed,Review payment evidence,TX-119360
EV-TX-119362,EXT-10524,2026-10-16T12:00:00+05:30,transfer,Payment observed,Review payment evidence,TX-119362
EV-TX-119371,EXT-10525,2026-08-06T12:00:00+05:30,transfer,Payment observed,Review payment evidence,TX-119371
EV-TX-119372,EXT-10525,2026-08-07T12:00:00+05:30,transfer,Payment observed,Review payment evidence,TX-119372
EV-TX-119374,EXT-10525,2026-08-11T12:00:00+05:30,transfer,Payment observed,Review payment evidence,TX-119374
EV-TX-119381,EXT-10525,2026-09-06T12:00:00+05:30,transfer,Payment observed,Review payment evidence,TX-119381
EV-TX-119382,EXT-10525,2026-09-07T12:00:00+05:30,transfer,Payment observed,Review payment evidence,TX-119382
EV-TX-119384,EXT-10525,2026-09-10T13:03:00+05:30,transfer,Payment observed,Review payment evidence,TX-119384
EV-TX-119385,EXT-10525,2026-09-10T13:10:00+05:30,transfer,Payment observed,Review payment evidence,TX-119385
EV-TX-119386,EXT-10525,2026-09-11T12:00:00+05:30,transfer,Payment observed,Review payment evidence,TX-119386
EV-TX-119396,EXT-10525,2026-10-06T12:00:00+05:30,transfer,Payment observed,Review payment evidence,TX-119396
EV-TX-119397,EXT-10525,2026-10-07T12:00:00+05:30,transfer,Payment observed,Review payment evidence,TX-119397
EV-TX-119410,EXT-10526,2026-08-06T12:00:00+05:30,transfer,Payment observed,Review payment evidence,TX-119410
EV-TX-119414,EXT-10526,2026-08-22T12:00:00+05:30,transfer,Payment observed,Review payment evidence,TX-119414
EV-TX-119419,EXT-10526,2026-09-06T12:00:00+05:30,transfer,Payment observed,Review payment evidence,TX-119419
EV-TX-119423,EXT-10526,2026-09-22T12:00:00+05:30,transfer,Payment observed,Review payment evidence,TX-119423
EV-TX-119428,EXT-10526,2026-10-06T12:00:00+05:30,transfer,Payment observed,Review payment evidence,TX-119428
EV-TX-119432,EXT-10526,2026-10-22T12:00:00+05:30,transfer,Payment observed,Review payment evidence,TX-119432
EV-TX-119442,EXT-10527,2026-08-16T12:00:00+05:30,transfer,Payment observed,Review payment evidence,TX-119442
EV-TX-119446,EXT-10527,2026-08-27T12:00:00+05:30,transfer,Payment observed,Review payment evidence,TX-119446
EV-TX-119451,EXT-10527,2026-09-16T12:00:00+05:30,transfer,Payment observed,Review payment evidence,TX-119451
EV-TX-119455,EXT-10527,2026-09-27T12:00:00+05:30,transfer,Payment observed,Review payment evidence,TX-119455
EV-TX-119460,EXT-10527,2026-10-16T12:00:00+05:30,transfer,Payment observed,Review payment evidence,TX-119460
EV-TX-119464,EXT-10527,2026-10-27T12:00:00+05:30,transfer,Payment observed,Review payment evidence,TX-119464
EV-TX-119470,EXT-10528,2026-08-03T12:00:00+05:30,transfer,Payment observed,Review payment evidence,TX-119470
EV-TX-119471,EXT-10528,2026-08-04T12:00:00+05:30,transfer,Payment observed,Review payment evidence,TX-119471
EV-TX-119473,EXT-10528,2026-08-09T12:00:00+05:30,transfer,Payment observed,Review payment evidence,TX-119473
EV-TX-119478,EXT-10528,2026-08-27T12:00:00+05:30,transfer,Payment observed,Review payment evidence,TX-119478
EV-TX-119481,EXT-10528,2026-09-03T12:00:00+05:30,transfer,Payment observed,Review payment evidence,TX-119481
EV-TX-119482,EXT-10528,2026-09-04T12:00:00+05:30,transfer,Payment observed,Review payment evidence,TX-119482
EV-TX-119484,EXT-10528,2026-09-09T12:00:00+05:30,transfer,Payment observed,Review payment evidence,TX-119484
EV-TX-119486,EXT-10528,2026-09-17T14:30:00+05:30,transfer,Payment observed,Review payment evidence,TX-119486
EV-TX-119487,EXT-10528,2026-09-17T14:34:00+05:30,transfer,Payment observed,Review payment evidence,TX-119487
EV-TX-119491,EXT-10528,2026-09-27T12:00:00+05:30,transfer,Payment observed,Review payment evidence,TX-119491
EV-TX-119494,EXT-10528,2026-10-03T12:00:00+05:30,transfer,Payment observed,Review payment evidence,TX-119494
EV-TX-119495,EXT-10528,2026-10-04T12:00:00+05:30,transfer,Payment observed,Review payment evidence,TX-119495
EV-TX-119497,EXT-10528,2026-10-09T12:00:00+05:30,transfer,Payment observed,Review payment evidence,TX-119497
EV-TX-119502,EXT-10528,2026-10-27T12:00:00+05:30,transfer,Payment observed,Review payment evidence,TX-119502
EV-TX-119505,EXT-10528,2026-11-03T12:00:00+05:30,transfer,Payment observed,Review payment evidence,TX-119505
EV-TX-119506,EXT-10528,2026-11-04T12:00:00+05:30,transfer,Payment observed,Review payment evidence,TX-119506
EV-TX-119511,EXT-10529,2026-08-11T12:00:00+05:30,transfer,Payment observed,Review payment evidence,TX-119511
EV-TX-119514,EXT-10529,2026-08-24T12:00:00+05:30,transfer,Payment observed,Review payment evidence,TX-119514
EV-TX-119520,EXT-10529,2026-09-11T12:00:00+05:30,transfer,Payment observed,Review payment evidence,TX-119520
EV-TX-119523,EXT-10529,2026-09-24T12:00:00+05:30,transfer,Payment observed,Review payment evidence,TX-119523
EV-TX-119529,EXT-10529,2026-10-11T12:00:00+05:30,transfer,Payment observed,Review payment evidence,TX-119529
EV-TX-119532,EXT-10529,2026-10-24T12:00:00+05:30,transfer,Payment observed,Review payment evidence,TX-119532
EV-TX-119541,EXT-10530,2026-08-10T12:00:00+05:30,transfer,Payment observed,Review payment evidence,TX-119541
EV-TX-119542,EXT-10530,2026-08-12T12:00:00+05:30,transfer,Payment observed,Review payment evidence,TX-119542
EV-TX-119549,EXT-10530,2026-09-10T12:00:00+05:30,transfer,Payment observed,Review payment evidence,TX-119549
EV-TX-119550,EXT-10530,2026-09-10T13:44:00+05:30,transfer,Payment observed,Review payment evidence,TX-119550
EV-TX-119551,EXT-10530,2026-09-10T13:47:00+05:30,transfer,Payment observed,Review payment evidence,TX-119551
EV-TX-119552,EXT-10530,2026-09-12T12:00:00+05:30,transfer,Payment observed,Review payment evidence,TX-119552
EV-TX-119559,EXT-10530,2026-10-10T12:00:00+05:30,transfer,Payment observed,Review payment evidence,TX-119559
EV-TX-119560,EXT-10530,2026-10-12T12:00:00+05:30,transfer,Payment observed,Review payment evidence,TX-119560
EV-TX-119567,EXT-10531,2026-08-08T12:00:00+05:30,transfer,Payment observed,Review payment evidence,TX-119567
EV-TX-119570,EXT-10531,2026-08-18T12:00:00+05:30,transfer,Payment observed,Review payment evidence,TX-119570
EV-TX-119571,EXT-10531,2026-08-19T12:00:00+05:30,transfer,Payment observed,Review payment evidence,TX-119571
EV-TX-119578,EXT-10531,2026-09-08T12:00:00+05:30,transfer,Payment observed,Review payment evidence,TX-119578
EV-TX-119580,EXT-10531,2026-09-13T13:15:00+05:30,transfer,Payment observed,Review payment evidence,TX-119580
EV-TX-119581,EXT-10531,2026-09-13T13:19:00+05:30,transfer,Payment observed,Review payment evidence,TX-119581
EV-TX-119583,EXT-10531,2026-09-18T12:00:00+05:30,transfer,Payment observed,Review payment evidence,TX-119583
EV-TX-119584,EXT-10531,2026-09-19T12:00:00+05:30,transfer,Payment observed,Review payment evidence,TX-119584
EV-TX-119615,EXT-10532,2026-08-21T12:00:00+05:30,transfer,Payment observed,Review payment evidence,TX-119615
EV-TX-119616,EXT-10532,2026-08-24T12:00:00+05:30,transfer,Payment observed,Review payment evidence,TX-119616
EV-TX-119621,EXT-10532,2026-09-12T16:11:00+05:30,transfer,Payment observed,Review payment evidence,TX-119621
EV-TX-119622,EXT-10532,2026-09-12T16:14:00+05:30,transfer,Payment observed,Review payment evidence,TX-119622
EV-TX-119623,EXT-10532,2026-09-12T16:21:00+05:30,transfer,Payment observed,Review payment evidence,TX-119623
EV-TX-119627,EXT-10532,2026-09-21T12:00:00+05:30,transfer,Payment observed,Review payment evidence,TX-119627
EV-TX-119628,EXT-10532,2026-09-24T12:00:00+05:30,transfer,Payment observed,Review payment evidence,TX-119628
EV-TX-119636,EXT-10532,2026-10-21T12:00:00+05:30,transfer,Payment observed,Review payment evidence,TX-119636
EV-TX-119637,EXT-10532,2026-10-24T12:00:00+05:30,transfer,Payment observed,Review payment evidence,TX-119637
EV-TX-119645,EXT-10533,2026-08-09T12:00:00+05:30,transfer,Payment observed,Review payment evidence,TX-119645
EV-TX-119646,EXT-10533,2026-08-10T12:00:00+05:30,transfer,Payment observed,Review payment evidence,TX-119646
EV-TX-119649,EXT-10533,2026-08-21T12:00:00+05:30,transfer,Payment observed,Review payment evidence,TX-119649
EV-TX-119655,EXT-10533,2026-09-09T12:00:00+05:30,transfer,Payment observed,Review payment evidence,TX-119655
EV-TX-119656,EXT-10533,2026-09-09T13:30:00+05:30,transfer,Payment observed,Review payment evidence,TX-119656
EV-TX-119657,EXT-10533,2026-09-09T13:36:00+05:30,transfer,Payment observed,Review payment evidence,TX-119657
EV-TX-119658,EXT-10533,2026-09-09T13:48:00+05:30,transfer,Payment observed,Review payment evidence,TX-119658
EV-TX-119659,EXT-10533,2026-09-10T12:00:00+05:30,transfer,Payment observed,Review payment evidence,TX-119659
EV-TX-119662,EXT-10533,2026-09-21T12:00:00+05:30,transfer,Payment observed,Review payment evidence,TX-119662
EV-TX-119668,EXT-10533,2026-10-09T12:00:00+05:30,transfer,Payment observed,Review payment evidence,TX-119668
EV-TX-119669,EXT-10533,2026-10-10T12:00:00+05:30,transfer,Payment observed,Review payment evidence,TX-119669
EV-TX-119672,EXT-10533,2026-10-21T12:00:00+05:30,transfer,Payment observed,Review payment evidence,TX-119672
EV-TX-119679,EXT-10534,2026-08-02T12:00:00+05:30,transfer,Payment observed,Review payment evidence,TX-119679
EV-TX-119681,EXT-10534,2026-08-07T12:00:00+05:30,transfer,Payment observed,Review payment evidence,TX-119681
EV-TX-119685,EXT-10534,2026-08-22T12:00:00+05:30,transfer,Payment observed,Review payment evidence,TX-119685
EV-TX-119689,EXT-10534,2026-09-02T12:00:00+05:30,transfer,Payment observed,Review payment evidence,TX-119689
EV-TX-119691,EXT-10534,2026-09-07T12:00:00+05:30,transfer,Payment observed,Review payment evidence,TX-119691
EV-TX-119695,EXT-10534,2026-09-22T12:00:00+05:30,transfer,Payment observed,Review payment evidence,TX-119695
EV-TX-119699,EXT-10534,2026-10-02T12:00:00+05:30,transfer,Payment observed,Review payment evidence,TX-119699
EV-TX-119701,EXT-10534,2026-10-07T12:00:00+05:30,transfer,Payment observed,Review payment evidence,TX-119701
EV-TX-119705,EXT-10534,2026-10-22T12:00:00+05:30,transfer,Payment observed,Review payment evidence,TX-119705
EV-TX-119709,EXT-10534,2026-11-02T12:00:00+05:30,transfer,Payment observed,Review payment evidence,TX-119709
EV-TX-119717,EXT-10535,2026-08-16T12:00:00+05:30,transfer,Payment observed,Review payment evidence,TX-119717
EV-TX-119721,EXT-10535,2026-08-27T12:00:00+05:30,transfer,Payment observed,Review payment evidence,TX-119721
EV-TX-119726,EXT-10535,2026-09-16T12:00:00+05:30,transfer,Payment observed,Review payment evidence,TX-119726
EV-TX-119730,EXT-10535,2026-09-27T12:00:00+05:30,transfer,Payment observed,Review payment evidence,TX-119730
EV-TX-119735,EXT-10535,2026-10-16T12:00:00+05:30,transfer,Payment observed,Review payment evidence,TX-119735
EV-TX-119738,EXT-10535,2026-10-27T12:00:00+05:30,transfer,Payment observed,Review payment evidence,TX-119738
EV-TX-119745,EXT-10536,2026-08-07T12:00:00+05:30,transfer,Payment observed,Review payment evidence,TX-119745
EV-TX-119747,EXT-10536,2026-08-09T12:00:00+05:30,transfer,Payment observed,Review payment evidence,TX-119747
EV-TX-119752,EXT-10536,2026-08-26T12:00:00+05:30,transfer,Payment observed,Review payment evidence,TX-119752
EV-TX-119753,EXT-10536,2026-08-27T12:00:00+05:30,transfer,Payment observed,Review payment evidence,TX-119753
EV-TX-119756,EXT-10536,2026-09-07T12:00:00+05:30,transfer,Payment observed,Review payment evidence,TX-119756
EV-TX-119758,EXT-10536,2026-09-09T12:00:00+05:30,transfer,Payment observed,Review payment evidence,TX-119758
EV-TX-119763,EXT-10536,2026-09-26T12:00:00+05:30,transfer,Payment observed,Review payment evidence,TX-119763
EV-TX-119764,EXT-10536,2026-09-27T12:00:00+05:30,transfer,Payment observed,Review payment evidence,TX-119764
EV-TX-119767,EXT-10536,2026-10-07T12:00:00+05:30,transfer,Payment observed,Review payment evidence,TX-119767
EV-TX-119769,EXT-10536,2026-10-09T12:00:00+05:30,transfer,Payment observed,Review payment evidence,TX-119769
EV-TX-119774,EXT-10536,2026-10-26T12:00:00+05:30,transfer,Payment observed,Review payment evidence,TX-119774
EV-TX-119775,EXT-10536,2026-10-27T12:00:00+05:30,transfer,Payment observed,Review payment evidence,TX-119775
EV-TX-119783,EXT-10537,2026-08-17T12:00:00+05:30,transfer,Payment observed,Review payment evidence,TX-119783
EV-TX-119784,EXT-10537,2026-08-20T12:00:00+05:30,transfer,Payment observed,Review payment evidence,TX-119784
EV-TX-119786,EXT-10537,2026-08-21T12:00:00+05:30,transfer,Payment observed,Review payment evidence,TX-119786
EV-TX-119793,EXT-10537,2026-09-17T12:00:00+05:30,transfer,Payment observed,Review payment evidence,TX-119793
EV-TX-119794,EXT-10537,2026-09-20T12:00:00+05:30,transfer,Payment observed,Review payment evidence,TX-119794
EV-TX-119796,EXT-10537,2026-09-21T12:00:00+05:30,transfer,Payment observed,Review payment evidence,TX-119796
EV-TX-119803,EXT-10537,2026-10-17T12:00:00+05:30,transfer,Payment observed,Review payment evidence,TX-119803
EV-TX-119804,EXT-10537,2026-10-20T12:00:00+05:30,transfer,Payment observed,Review payment evidence,TX-119804
EV-TX-119806,EXT-10537,2026-10-21T12:00:00+05:30,transfer,Payment observed,Review payment evidence,TX-119806
EV-TX-119814,EXT-10538,2026-08-05T12:00:00+05:30,transfer,Payment observed,Review payment evidence,TX-119814
EV-TX-119815,EXT-10538,2026-08-08T12:00:00+05:30,transfer,Payment observed,Review payment evidence,TX-119815
EV-TX-119817,EXT-10538,2026-08-11T12:00:00+05:30,transfer,Payment observed,Review payment evidence,TX-119817
EV-TX-119819,EXT-10538,2026-08-16T12:00:00+05:30,transfer,Payment observed,Review payment evidence,TX-119819
EV-TX-119825,EXT-10538,2026-09-05T12:00:00+05:30,transfer,Payment observed,Review payment evidence,TX-119825
EV-TX-119826,EXT-10538,2026-09-08T12:00:00+05:30,transfer,Payment observed,Review payment evidence,TX-119826
EV-TX-119828,EXT-10538,2026-09-11T12:00:00+05:30,transfer,Payment observed,Review payment evidence,TX-119828
EV-TX-119830,EXT-10538,2026-09-16T12:00:00+05:30,transfer,Payment observed,Review payment evidence,TX-119830
EV-TX-119836,EXT-10538,2026-10-05T12:00:00+05:30,transfer,Payment observed,Review payment evidence,TX-119836
EV-TX-119837,EXT-10538,2026-10-08T12:00:00+05:30,transfer,Payment observed,Review payment evidence,TX-119837
EV-TX-119839,EXT-10538,2026-10-11T12:00:00+05:30,transfer,Payment observed,Review payment evidence,TX-119839
EV-TX-119841,EXT-10538,2026-10-16T12:00:00+05:30,transfer,Payment observed,Review payment evidence,TX-119841
EV-TX-119849,EXT-10538,2026-11-05T12:00:00+05:30,transfer,Payment observed,Review payment evidence,TX-119849
EV-TX-119852,EXT-10539,2026-08-02T12:00:00+05:30,transfer,Payment observed,Review payment evidence,TX-119852
EV-TX-119854,EXT-10539,2026-08-06T12:00:00+05:30,transfer,Payment observed,Review payment evidence,TX-119854
EV-TX-119857,EXT-10539,2026-08-19T12:00:00+05:30,transfer,Payment observed,Review payment evidence,TX-119857
EV-TX-119862,EXT-10539,2026-09-02T12:00:00+05:30,transfer,Payment observed,Review payment evidence,TX-119862
EV-TX-119864,EXT-10539,2026-09-06T12:00:00+05:30,transfer,Payment observed,Review payment evidence,TX-119864
EV-TX-119867,EXT-10539,2026-09-19T12:00:00+05:30,transfer,Payment observed,Review payment evidence,TX-119867
EV-TX-119872,EXT-10539,2026-10-02T12:00:00+05:30,transfer,Payment observed,Review payment evidence,TX-119872
EV-TX-119874,EXT-10539,2026-10-06T12:00:00+05:30,transfer,Payment observed,Review payment evidence,TX-119874
EV-TX-119877,EXT-10539,2026-10-19T12:00:00+05:30,transfer,Payment observed,Review payment evidence,TX-119877
EV-TX-119882,EXT-10539,2026-11-02T12:00:00+05:30,transfer,Payment observed,Review payment evidence,TX-119882
EV-TX-119887,EXT-10540,2026-08-04T12:00:00+05:30,transfer,Payment observed,Review payment evidence,TX-119887
EV-TX-119889,EXT-10540,2026-08-11T12:00:00+05:30,transfer,Payment observed,Review payment evidence,TX-119889
EV-TX-119890,EXT-10540,2026-08-13T12:00:00+05:30,transfer,Payment observed,Review payment evidence,TX-119890
EV-TX-119896,EXT-10540,2026-09-04T12:00:00+05:30,transfer,Payment observed,Review payment evidence,TX-119896
EV-TX-119898,EXT-10540,2026-09-11T12:00:00+05:30,transfer,Payment observed,Review payment evidence,TX-119898
EV-TX-119899,EXT-10540,2026-09-13T12:00:00+05:30,transfer,Payment observed,Review payment evidence,TX-119899
EV-TX-119905,EXT-10540,2026-10-04T12:00:00+05:30,transfer,Payment observed,Review payment evidence,TX-119905
EV-TX-119907,EXT-10540,2026-10-11T12:00:00+05:30,transfer,Payment observed,Review payment evidence,TX-119907
EV-TX-119908,EXT-10540,2026-10-13T12:00:00+05:30,transfer,Payment observed,Review payment evidence,TX-119908
EV-TX-119914,EXT-10540,2026-11-04T12:00:00+05:30,transfer,Payment observed,Review payment evidence,TX-119914
EV-TX-119916,EXT-10541,2026-08-03T12:00:00+05:30,transfer,Payment observed,Review payment evidence,TX-119916
EV-TX-119924,EXT-10541,2026-08-28T12:00:00+05:30,transfer,Payment observed,Review payment evidence,TX-119924
EV-TX-119926,EXT-10541,2026-09-03T12:00:00+05:30,transfer,Payment observed,Review payment evidence,TX-119926
EV-TX-119934,EXT-10541,2026-09-28T12:00:00+05:30,transfer,Payment observed,Review payment evidence,TX-119934
EV-TX-119936,EXT-10541,2026-10-03T12:00:00+05:30,transfer,Payment observed,Review payment evidence,TX-119936
EV-TX-119944,EXT-10541,2026-10-28T12:00:00+05:30,transfer,Payment observed,Review payment evidence,TX-119944
EV-TX-119946,EXT-10541,2026-11-03T12:00:00+05:30,transfer,Payment observed,Review payment evidence,TX-119946
EV-TX-119951,EXT-10542,2026-08-11T12:00:00+05:30,transfer,Payment observed,Review payment evidence,TX-119951
EV-TX-119953,EXT-10542,2026-08-15T12:00:00+05:30,transfer,Payment observed,Review payment evidence,TX-119953
EV-TX-119954,EXT-10542,2026-08-16T12:00:00+05:30,transfer,Payment observed,Review payment evidence,TX-119954
EV-TX-119956,EXT-10542,2026-08-23T12:00:00+05:30,transfer,Payment observed,Review payment evidence,TX-119956
EV-TX-119963,EXT-10542,2026-09-09T15:39:00+05:30,transfer,Payment observed,Review payment evidence,TX-119963
EV-TX-119964,EXT-10542,2026-09-09T15:46:00+05:30,transfer,Payment observed,Review payment evidence,TX-119964
EV-TX-119965,EXT-10542,2026-09-09T15:51:00+05:30,transfer,Payment observed,Review payment evidence,TX-119965
EV-TX-119966,EXT-10542,2026-09-11T12:00:00+05:30,transfer,Payment observed,Review payment evidence,TX-119966
EV-TX-119968,EXT-10542,2026-09-15T12:00:00+05:30,transfer,Payment observed,Review payment evidence,TX-119968
EV-TX-119969,EXT-10542,2026-09-16T12:00:00+05:30,transfer,Payment observed,Review payment evidence,TX-119969
EV-TX-119978,EXT-10542,2026-10-11T12:00:00+05:30,transfer,Payment observed,Review payment evidence,TX-119978
EV-TX-119980,EXT-10542,2026-10-15T12:00:00+05:30,transfer,Payment observed,Review payment evidence,TX-119980
EV-TX-119981,EXT-10542,2026-10-16T12:00:00+05:30,transfer,Payment observed,Review payment evidence,TX-119981
EV-TX-119992,EXT-10543,2026-08-08T12:00:00+05:30,transfer,Payment observed,Review payment evidence,TX-119992
EV-TX-119994,EXT-10543,2026-08-12T12:00:00+05:30,transfer,Payment observed,Review payment evidence,TX-119994
EV-TX-120001,EXT-10543,2026-09-08T12:00:00+05:30,transfer,Payment observed,Review payment evidence,TX-120001
EV-TX-120003,EXT-10543,2026-09-12T12:00:00+05:30,transfer,Payment observed,Review payment evidence,TX-120003
EV-TX-120010,EXT-10543,2026-10-08T12:00:00+05:30,transfer,Payment observed,Review payment evidence,TX-120010
EV-TX-120012,EXT-10543,2026-10-12T12:00:00+05:30,transfer,Payment observed,Review payment evidence,TX-120012
EV-TX-120021,EXT-10544,2026-08-04T12:00:00+05:30,transfer,Payment observed,Review payment evidence,TX-120021
EV-TX-120025,EXT-10544,2026-08-16T12:00:00+05:30,transfer,Payment observed,Review payment evidence,TX-120025
EV-TX-120026,EXT-10544,2026-08-20T12:00:00+05:30,transfer,Payment observed,Review payment evidence,TX-120026
EV-TX-120028,EXT-10544,2026-08-21T12:00:00+05:30,transfer,Payment observed,Review payment evidence,TX-120028
EV-TX-120032,EXT-10544,2026-09-04T12:00:00+05:30,transfer,Payment observed,Review payment evidence,TX-120032
EV-TX-120036,EXT-10544,2026-09-16T12:00:00+05:30,transfer,Payment observed,Review payment evidence,TX-120036
EV-TX-120037,EXT-10544,2026-09-20T12:00:00+05:30,transfer,Payment observed,Review payment evidence,TX-120037
EV-TX-120039,EXT-10544,2026-09-21T12:00:00+05:30,transfer,Payment observed,Review payment evidence,TX-120039
EV-TX-120043,EXT-10544,2026-10-04T12:00:00+05:30,transfer,Payment observed,Review payment evidence,TX-120043
EV-TX-120047,EXT-10544,2026-10-16T12:00:00+05:30,transfer,Payment observed,Review payment evidence,TX-120047
EV-TX-120048,EXT-10544,2026-10-20T12:00:00+05:30,transfer,Payment observed,Review payment evidence,TX-120048
EV-TX-120050,EXT-10544,2026-10-21T12:00:00+05:30,transfer,Payment observed,Review payment evidence,TX-120050
EV-TX-120060,EXT-10545,2026-08-04T12:00:00+05:30,transfer,Payment observed,Review payment evidence,TX-120060
EV-TX-120063,EXT-10545,2026-08-15T12:00:00+05:30,transfer,Payment observed,Review payment evidence,TX-120063
EV-TX-120070,EXT-10545,2026-09-04T12:00:00+05:30,transfer,Payment observed,Review payment evidence,TX-120070
EV-TX-120081,EXT-10545,2026-10-04T12:00:00+05:30,transfer,Payment observed,Review payment evidence,TX-120081
EV-TX-120095,EXT-10546,2026-08-05T12:00:00+05:30,transfer,Payment observed,Review payment evidence,TX-120095
EV-TX-120096,EXT-10546,2026-08-06T12:00:00+05:30,transfer,Payment observed,Review payment evidence,TX-120096
EV-TX-120097,EXT-10546,2026-08-07T12:00:00+05:30,transfer,Payment observed,Review payment evidence,TX-120097
EV-TX-120102,EXT-10546,2026-08-24T12:00:00+05:30,transfer,Payment observed,Review payment evidence,TX-120102
EV-TX-120106,EXT-10546,2026-09-05T12:00:00+05:30,transfer,Payment observed,Review payment evidence,TX-120106
EV-TX-120107,EXT-10546,2026-09-06T12:00:00+05:30,transfer,Payment observed,Review payment evidence,TX-120107
EV-TX-120108,EXT-10546,2026-09-07T12:00:00+05:30,transfer,Payment observed,Review payment evidence,TX-120108
EV-TX-120112,EXT-10546,2026-09-24T12:00:00+05:30,transfer,Payment observed,Review payment evidence,TX-120112
EV-TX-120117,EXT-10546,2026-10-05T12:00:00+05:30,transfer,Payment observed,Review payment evidence,TX-120117
EV-TX-120134,EXT-10547,2026-08-14T12:00:00+05:30,transfer,Payment observed,Review payment evidence,TX-120134
EV-TX-120136,EXT-10547,2026-08-20T12:00:00+05:30,transfer,Payment observed,Review payment evidence,TX-120136
EV-TX-120143,EXT-10547,2026-09-14T12:00:00+05:30,transfer,Payment observed,Review payment evidence,TX-120143
EV-TX-120145,EXT-10547,2026-09-20T12:00:00+05:30,transfer,Payment observed,Review payment evidence,TX-120145
EV-TX-120146,EXT-10547,2026-09-20T16:46:00+05:30,transfer,Payment observed,Review payment evidence,TX-120146
EV-TX-120147,EXT-10547,2026-09-20T16:54:00+05:30,transfer,Payment observed,Review payment evidence,TX-120147
EV-TX-120155,EXT-10547,2026-10-14T12:00:00+05:30,transfer,Payment observed,Review payment evidence,TX-120155
EV-TX-120168,EXT-10548,2026-08-05T12:00:00+05:30,transfer,Payment observed,Review payment evidence,TX-120168
EV-TX-120171,EXT-10548,2026-08-20T12:00:00+05:30,transfer,Payment observed,Review payment evidence,TX-120171
EV-TX-120175,EXT-10548,2026-08-26T12:00:00+05:30,transfer,Payment observed,Review payment evidence,TX-120175
EV-TX-120178,EXT-10548,2026-09-05T12:00:00+05:30,transfer,Payment observed,Review payment evidence,TX-120178
EV-TX-120180,EXT-10548,2026-09-12T13:45:00+05:30,transfer,Payment observed,Review payment evidence,TX-120180
EV-TX-120181,EXT-10548,2026-09-12T13:53:00+05:30,transfer,Payment observed,Review payment evidence,TX-120181
EV-TX-120183,EXT-10548,2026-09-20T12:00:00+05:30,transfer,Payment observed,Review payment evidence,TX-120183
EV-TX-120187,EXT-10548,2026-09-26T12:00:00+05:30,transfer,Payment observed,Review payment evidence,TX-120187
EV-TX-120190,EXT-10548,2026-10-05T12:00:00+05:30,transfer,Payment observed,Review payment evidence,TX-120190
EV-TX-120193,EXT-10548,2026-10-20T12:00:00+05:30,transfer,Payment observed,Review payment evidence,TX-120193
EV-TX-120197,EXT-10548,2026-10-26T12:00:00+05:30,transfer,Payment observed,Review payment evidence,TX-120197
EV-TX-120200,EXT-10548,2026-11-05T12:00:00+05:30,transfer,Payment observed,Review payment evidence,TX-120200
EV-TX-120204,EXT-10549,2026-08-04T12:00:00+05:30,transfer,Payment observed,Review payment evidence,TX-120204
EV-TX-120205,EXT-10549,2026-08-08T12:00:00+05:30,transfer,Payment observed,Review payment evidence,TX-120205
EV-TX-120210,EXT-10549,2026-08-26T12:00:00+05:30,transfer,Payment observed,Review payment evidence,TX-120210
EV-TX-120214,EXT-10549,2026-09-04T12:00:00+05:30,transfer,Payment observed,Review payment evidence,TX-120214
EV-TX-120215,EXT-10549,2026-09-08T12:00:00+05:30,transfer,Payment observed,Review payment evidence,TX-120215
EV-TX-120220,EXT-10549,2026-09-26T12:00:00+05:30,transfer,Payment observed,Review payment evidence,TX-120220
EV-TX-120224,EXT-10549,2026-10-04T12:00:00+05:30,transfer,Payment observed,Review payment evidence,TX-120224
EV-TX-120225,EXT-10549,2026-10-08T12:00:00+05:30,transfer,Payment observed,Review payment evidence,TX-120225
EV-TX-120230,EXT-10549,2026-10-26T12:00:00+05:30,transfer,Payment observed,Review payment evidence,TX-120230
EV-TX-120234,EXT-10549,2026-11-04T12:00:00+05:30,transfer,Payment observed,Review payment evidence,TX-120234
EV-TX-120236,EXT-10550,2026-08-02T12:00:00+05:30,transfer,Payment observed,Review payment evidence,TX-120236
EV-TX-120238,EXT-10550,2026-08-05T12:00:00+05:30,transfer,Payment observed,Review payment evidence,TX-120238
EV-TX-120239,EXT-10550,2026-08-08T12:00:00+05:30,transfer,Payment observed,Review payment evidence,TX-120239
EV-TX-120244,EXT-10550,2026-08-27T12:00:00+05:30,transfer,Payment observed,Review payment evidence,TX-120244
EV-TX-120246,EXT-10550,2026-09-02T12:00:00+05:30,transfer,Payment observed,Review payment evidence,TX-120246
EV-TX-120248,EXT-10550,2026-09-05T12:00:00+05:30,transfer,Payment observed,Review payment evidence,TX-120248
EV-TX-120249,EXT-10550,2026-09-08T12:00:00+05:30,transfer,Payment observed,Review payment evidence,TX-120249
EV-TX-120250,EXT-10550,2026-09-08T15:41:00+05:30,transfer,Payment observed,Review payment evidence,TX-120250
EV-TX-120251,EXT-10550,2026-09-08T15:48:00+05:30,transfer,Payment observed,Review payment evidence,TX-120251
EV-TX-120256,EXT-10550,2026-09-27T12:00:00+05:30,transfer,Payment observed,Review payment evidence,TX-120256
EV-TX-120258,EXT-10550,2026-10-02T12:00:00+05:30,transfer,Payment observed,Review payment evidence,TX-120258
EV-TX-120260,EXT-10550,2026-10-05T12:00:00+05:30,transfer,Payment observed,Review payment evidence,TX-120260
EV-TX-120261,EXT-10550,2026-10-08T12:00:00+05:30,transfer,Payment observed,Review payment evidence,TX-120261
EV-TX-120266,EXT-10550,2026-10-27T12:00:00+05:30,transfer,Payment observed,Review payment evidence,TX-120266
EV-TX-120268,EXT-10550,2026-11-02T12:00:00+05:30,transfer,Payment observed,Review payment evidence,TX-120268
EV-TX-120270,EXT-10550,2026-11-05T12:00:00+05:30,transfer,Payment observed,Review payment evidence,TX-120270
EV-TX-120272,EXT-10551,2026-08-02T12:00:00+05:30,transfer,Payment observed,Review payment evidence,TX-120272
EV-TX-120280,EXT-10551,2026-08-28T12:00:00+05:30,transfer,Payment observed,Review payment evidence,TX-120280
EV-TX-120282,EXT-10551,2026-09-02T12:00:00+05:30,transfer,Payment observed,Review payment evidence,TX-120282
EV-TX-120285,EXT-10551,2026-09-14T14:00:00+05:30,transfer,Payment observed,Review payment evidence,TX-120285
EV-TX-120286,EXT-10551,2026-09-14T14:03:00+05:30,transfer,Payment observed,Review payment evidence,TX-120286
EV-TX-120287,EXT-10551,2026-09-14T14:06:00+05:30,transfer,Payment observed,Review payment evidence,TX-120287
EV-TX-120288,EXT-10551,2026-09-14T14:14:00+05:30,transfer,Payment observed,Review payment evidence,TX-120288
EV-TX-120294,EXT-10551,2026-09-28T12:00:00+05:30,transfer,Payment observed,Review payment evidence,TX-120294
EV-TX-120296,EXT-10551,2026-10-02T12:00:00+05:30,transfer,Payment observed,Review payment evidence,TX-120296
EV-TX-120304,EXT-10551,2026-10-28T12:00:00+05:30,transfer,Payment observed,Review payment evidence,TX-120304
EV-TX-120306,EXT-10551,2026-11-02T12:00:00+05:30,transfer,Payment observed,Review payment evidence,TX-120306
EV-TX-120310,EXT-10552,2026-08-05T12:00:00+05:30,transfer,Payment observed,Review payment evidence,TX-120310
EV-TX-120311,EXT-10552,2026-08-08T12:00:00+05:30,transfer,Payment observed,Review payment evidence,TX-120311
EV-TX-120317,EXT-10552,2026-08-27T12:00:00+05:30,transfer,Payment observed,Review payment evidence,TX-120317
EV-TX-120320,EXT-10552,2026-09-05T12:00:00+05:30,transfer,Payment observed,Review payment evidence,TX-120320
EV-TX-120321,EXT-10552,2026-09-08T12:00:00+05:30,transfer,Payment observed,Review payment evidence,TX-120321
EV-TX-120322,EXT-10552,2026-09-08T18:00:00+05:30,transfer,Payment observed,Review payment evidence,TX-120322
EV-TX-120323,EXT-10552,2026-09-08T18:09:00+05:30,transfer,Payment observed,Review payment evidence,TX-120323
EV-TX-120329,EXT-10552,2026-09-27T12:00:00+05:30,transfer,Payment observed,Review payment evidence,TX-120329
EV-TX-120332,EXT-10552,2026-10-05T12:00:00+05:30,transfer,Payment observed,Review payment evidence,TX-120332
EV-TX-120333,EXT-10552,2026-10-08T12:00:00+05:30,transfer,Payment observed,Review payment evidence,TX-120333
EV-TX-120339,EXT-10552,2026-10-27T12:00:00+05:30,transfer,Payment observed,Review payment evidence,TX-120339
EV-TX-120342,EXT-10552,2026-11-05T12:00:00+05:30,transfer,Payment observed,Review payment evidence,TX-120342
EV-TX-120346,EXT-10553,2026-08-07T12:00:00+05:30,transfer,Payment observed,Review payment evidence,TX-120346
EV-TX-120348,EXT-10553,2026-08-12T12:00:00+05:30,transfer,Payment observed,Review payment evidence,TX-120348
EV-TX-120350,EXT-10553,2026-08-19T12:00:00+05:30,transfer,Payment observed,Review payment evidence,TX-120350
EV-TX-120356,EXT-10553,2026-09-07T12:00:00+05:30,transfer,Payment observed,Review payment evidence,TX-120356
EV-TX-120358,EXT-10553,2026-09-12T12:00:00+05:30,transfer,Payment observed,Review payment evidence,TX-120358
EV-TX-120360,EXT-10553,2026-09-19T12:00:00+05:30,transfer,Payment observed,Review payment evidence,TX-120360
EV-TX-120366,EXT-10553,2026-10-07T12:00:00+05:30,transfer,Payment observed,Review payment evidence,TX-120366
EV-TX-120368,EXT-10553,2026-10-12T12:00:00+05:30,transfer,Payment observed,Review payment evidence,TX-120368
EV-TX-120370,EXT-10553,2026-10-19T12:00:00+05:30,transfer,Payment observed,Review payment evidence,TX-120370
EV-TX-120380,EXT-10554,2026-08-10T12:00:00+05:30,transfer,Payment observed,Review payment evidence,TX-120380
EV-TX-120381,EXT-10554,2026-08-11T12:00:00+05:30,transfer,Payment observed,Review payment evidence,TX-120381
EV-TX-120382,EXT-10554,2026-08-14T12:00:00+05:30,transfer,Payment observed,Review payment evidence,TX-120382
EV-TX-120384,EXT-10554,2026-08-17T12:00:00+05:30,transfer,Payment observed,Review payment evidence,TX-120384
EV-TX-120392,EXT-10554,2026-09-10T12:00:00+05:30,transfer,Payment observed,Review payment evidence,TX-120392
EV-TX-120393,EXT-10554,2026-09-11T12:00:00+05:30,transfer,Payment observed,Review payment evidence,TX-120393
EV-TX-120404,EXT-10554,2026-10-10T12:00:00+05:30,transfer,Payment observed,Review payment evidence,TX-120404
EV-TX-120405,EXT-10554,2026-10-11T12:00:00+05:30,transfer,Payment observed,Review payment evidence,TX-120405
EV-TX-120417,EXT-10555,2026-08-05T12:00:00+05:30,transfer,Payment observed,Review payment evidence,TX-120417
EV-TX-120420,EXT-10555,2026-08-19T12:00:00+05:30,transfer,Payment observed,Review payment evidence,TX-120420
EV-TX-120428,EXT-10555,2026-09-05T12:00:00+05:30,transfer,Payment observed,Review payment evidence,TX-120428
EV-TX-120431,EXT-10555,2026-09-19T12:00:00+05:30,transfer,Payment observed,Review payment evidence,TX-120431
EV-TX-120432,EXT-10555,2026-09-20T12:00:00+05:30,transfer,Payment observed,Review payment evidence,TX-120432
EV-TX-120440,EXT-10555,2026-10-05T12:00:00+05:30,transfer,Payment observed,Review payment evidence,TX-120440
EV-TX-120452,EXT-10555,2026-11-05T12:00:00+05:30,transfer,Payment observed,Review payment evidence,TX-120452
EV-TX-120455,EXT-10556,2026-08-08T12:00:00+05:30,transfer,Payment observed,Review payment evidence,TX-120455
EV-TX-120457,EXT-10556,2026-08-11T12:00:00+05:30,transfer,Payment observed,Review payment evidence,TX-120457
EV-TX-120459,EXT-10556,2026-08-15T12:00:00+05:30,transfer,Payment observed,Review payment evidence,TX-120459
EV-TX-120461,EXT-10556,2026-08-21T12:00:00+05:30,transfer,Payment observed,Review payment evidence,TX-120461
EV-TX-120466,EXT-10556,2026-09-08T12:00:00+05:30,transfer,Payment observed,Review payment evidence,TX-120466
EV-TX-120468,EXT-10556,2026-09-11T12:00:00+05:30,transfer,Payment observed,Review payment evidence,TX-120468
EV-TX-120470,EXT-10556,2026-09-15T12:00:00+05:30,transfer,Payment observed,Review payment evidence,TX-120470
EV-TX-120472,EXT-10556,2026-09-21T12:00:00+05:30,transfer,Payment observed,Review payment evidence,TX-120472
EV-TX-120477,EXT-10556,2026-10-08T12:00:00+05:30,transfer,Payment observed,Review payment evidence,TX-120477
EV-TX-120479,EXT-10556,2026-10-11T12:00:00+05:30,transfer,Payment observed,Review payment evidence,TX-120479
EV-TX-120481,EXT-10556,2026-10-15T12:00:00+05:30,transfer,Payment observed,Review payment evidence,TX-120481
EV-TX-120483,EXT-10556,2026-10-21T12:00:00+05:30,transfer,Payment observed,Review payment evidence,TX-120483
EV-TX-120493,EXT-10557,2026-08-20T12:00:00+05:30,transfer,Payment observed,Review payment evidence,TX-120493
EV-TX-120496,EXT-10557,2026-08-25T12:00:00+05:30,transfer,Payment observed,Review payment evidence,TX-120496
EV-TX-120502,EXT-10557,2026-09-20T12:00:00+05:30,transfer,Payment observed,Review payment evidence,TX-120502
EV-TX-120513,EXT-10557,2026-10-20T12:00:00+05:30,transfer,Payment observed,Review payment evidence,TX-120513
EV-TX-120516,EXT-10557,2026-10-25T12:00:00+05:30,transfer,Payment observed,Review payment evidence,TX-120516
EV-TX-120526,EXT-10558,2026-08-11T12:00:00+05:30,transfer,Payment observed,Review payment evidence,TX-120526
EV-TX-120528,EXT-10558,2026-08-15T12:00:00+05:30,transfer,Payment observed,Review payment evidence,TX-120528
EV-TX-120529,EXT-10558,2026-08-20T12:00:00+05:30,transfer,Payment observed,Review payment evidence,TX-120529
EV-TX-120531,EXT-10558,2026-08-22T12:00:00+05:30,transfer,Payment observed,Review payment evidence,TX-120531
EV-TX-120537,EXT-10558,2026-09-11T12:00:00+05:30,transfer,Payment observed,Review payment evidence,TX-120537
EV-TX-120539,EXT-10558,2026-09-15T12:00:00+05:30,transfer,Payment observed,Review payment evidence,TX-120539
EV-TX-120540,EXT-10558,2026-09-20T12:00:00+05:30,transfer,Payment observed,Review payment evidence,TX-120540
EV-TX-120542,EXT-10558,2026-09-22T12:00:00+05:30,transfer,Payment observed,Review payment evidence,TX-120542
EV-TX-120548,EXT-10558,2026-10-11T12:00:00+05:30,transfer,Payment observed,Review payment evidence,TX-120548
EV-TX-120550,EXT-10558,2026-10-15T12:00:00+05:30,transfer,Payment observed,Review payment evidence,TX-120550
EV-TX-120551,EXT-10558,2026-10-20T12:00:00+05:30,transfer,Payment observed,Review payment evidence,TX-120551
EV-TX-120553,EXT-10558,2026-10-22T12:00:00+05:30,transfer,Payment observed,Review payment evidence,TX-120553
EV-TX-120562,EXT-10559,2026-08-13T12:00:00+05:30,transfer,Payment observed,Review payment evidence,TX-120562
EV-TX-120563,EXT-10559,2026-08-14T12:00:00+05:30,transfer,Payment observed,Review payment evidence,TX-120563
EV-TX-120571,EXT-10559,2026-09-13T12:00:00+05:30,transfer,Payment observed,Review payment evidence,TX-120571
EV-TX-120572,EXT-10559,2026-09-14T12:00:00+05:30,transfer,Payment observed,Review payment evidence,TX-120572
EV-TX-120580,EXT-10559,2026-10-13T12:00:00+05:30,transfer,Payment observed,Review payment evidence,TX-120580
EV-TX-120581,EXT-10559,2026-10-14T12:00:00+05:30,transfer,Payment observed,Review payment evidence,TX-120581
EV-TX-120592,EXT-10560,2026-08-10T12:00:00+05:30,transfer,Payment observed,Review payment evidence,TX-120592
EV-TX-120595,EXT-10560,2026-08-23T12:00:00+05:30,transfer,Payment observed,Review payment evidence,TX-120595
EV-TX-120600,EXT-10560,2026-09-10T12:00:00+05:30,transfer,Payment observed,Review payment evidence,TX-120600
EV-TX-120601,EXT-10560,2026-09-14T17:37:00+05:30,transfer,Payment observed,Review payment evidence,TX-120601
EV-TX-120602,EXT-10560,2026-09-14T17:41:00+05:30,transfer,Payment observed,Review payment evidence,TX-120602
EV-TX-120604,EXT-10560,2026-09-17T13:31:00+05:30,transfer,Payment observed,Review payment evidence,TX-120604
EV-TX-120605,EXT-10560,2026-09-17T13:37:00+05:30,transfer,Payment observed,Review payment evidence,TX-120605
EV-TX-120607,EXT-10560,2026-09-23T12:00:00+05:30,transfer,Payment observed,Review payment evidence,TX-120607
EV-TX-120613,EXT-10560,2026-10-10T12:00:00+05:30,transfer,Payment observed,Review payment evidence,TX-120613
EV-TX-120616,EXT-10560,2026-10-23T12:00:00+05:30,transfer,Payment observed,Review payment evidence,TX-120616
EV-TX-120622,EXT-10561,2026-08-04T12:00:00+05:30,transfer,Payment observed,Review payment evidence,TX-120622
EV-TX-120625,EXT-10561,2026-08-09T12:00:00+05:30,transfer,Payment observed,Review payment evidence,TX-120625
EV-TX-120626,EXT-10561,2026-08-14T12:00:00+05:30,transfer,Payment observed,Review payment evidence,TX-120626
EV-TX-120638,EXT-10561,2026-09-09T12:00:00+05:30,transfer,Payment observed,Review payment evidence,TX-120638
EV-TX-120639,EXT-10561,2026-09-14T12:00:00+05:30,transfer,Payment observed,Review payment evidence,TX-120639
EV-TX-120652,EXT-10561,2026-10-09T12:00:00+05:30,transfer,Payment observed,Review payment evidence,TX-120652
EV-TX-120653,EXT-10561,2026-10-14T12:00:00+05:30,transfer,Payment observed,Review payment evidence,TX-120653
EV-TX-120658,EXT-10562,2026-08-07T12:00:00+05:30,transfer,Payment observed,Review payment evidence,TX-120658
EV-TX-120660,EXT-10562,2026-08-13T12:00:00+05:30,transfer,Payment observed,Review payment evidence,TX-120660
EV-TX-120662,EXT-10562,2026-08-20T12:00:00+05:30,transfer,Payment observed,Review payment evidence,TX-120662
EV-TX-120668,EXT-10562,2026-09-07T12:00:00+05:30,transfer,Payment observed,Review payment evidence,TX-120668
EV-TX-120670,EXT-10562,2026-09-11T16:14:00+05:30,transfer,Payment observed,Review payment evidence,TX-120670
EV-TX-120671,EXT-10562,2026-09-11T16:21:00+05:30,transfer,Payment observed,Review payment evidence,TX-120671
EV-TX-120672,EXT-10562,2026-09-13T12:00:00+05:30,transfer,Payment observed,Review payment evidence,TX-120672
EV-TX-120674,EXT-10562,2026-09-20T12:00:00+05:30,transfer,Payment observed,Review payment evidence,TX-120674
EV-TX-120681,EXT-10562,2026-10-07T12:00:00+05:30,transfer,Payment observed,Review payment evidence,TX-120681
EV-TX-120683,EXT-10562,2026-10-13T12:00:00+05:30,transfer,Payment observed,Review payment evidence,TX-120683
EV-TX-120699,EXT-10563,2026-08-11T12:00:00+05:30,transfer,Payment observed,Review payment evidence,TX-120699
EV-TX-120703,EXT-10563,2026-08-22T12:00:00+05:30,transfer,Payment observed,Review payment evidence,TX-120703
EV-TX-120708,EXT-10563,2026-09-11T12:00:00+05:30,transfer,Payment observed,Review payment evidence,TX-120708
EV-TX-120712,EXT-10563,2026-09-22T12:00:00+05:30,transfer,Payment observed,Review payment evidence,TX-120712
EV-TX-120717,EXT-10563,2026-10-11T12:00:00+05:30,transfer,Payment observed,Review payment evidence,TX-120717
EV-TX-120721,EXT-10563,2026-10-22T12:00:00+05:30,transfer,Payment observed,Review payment evidence,TX-120721
EV-TX-120729,EXT-10564,2026-08-10T12:00:00+05:30,transfer,Payment observed,Review payment evidence,TX-120729
EV-TX-120731,EXT-10564,2026-08-16T12:00:00+05:30,transfer,Payment observed,Review payment evidence,TX-120731
EV-TX-120732,EXT-10564,2026-08-19T12:00:00+05:30,transfer,Payment observed,Review payment evidence,TX-120732
EV-TX-120734,EXT-10564,2026-08-24T12:00:00+05:30,transfer,Payment observed,Review payment evidence,TX-120734
EV-TX-120740,EXT-10564,2026-09-10T12:00:00+05:30,transfer,Payment observed,Review payment evidence,TX-120740
EV-TX-120741,EXT-10564,2026-09-10T14:00:00+05:30,transfer,Payment observed,Review payment evidence,TX-120741
EV-TX-120742,EXT-10564,2026-09-10T14:03:00+05:30,transfer,Payment observed,Review payment evidence,TX-120742
EV-TX-120743,EXT-10564,2026-09-10T14:06:00+05:30,transfer,Payment observed,Review payment evidence,TX-120743
EV-TX-120744,EXT-10564,2026-09-10T14:14:00+05:30,transfer,Payment observed,Review payment evidence,TX-120744
EV-TX-120746,EXT-10564,2026-09-16T12:00:00+05:30,transfer,Payment observed,Review payment evidence,TX-120746
EV-TX-120747,EXT-10564,2026-09-19T12:00:00+05:30,transfer,Payment observed,Review payment evidence,TX-120747
EV-TX-120748,EXT-10564,2026-09-19T16:46:00+05:30,transfer,Payment observed,Review payment evidence,TX-120748
EV-TX-120749,EXT-10564,2026-09-19T16:53:00+05:30,transfer,Payment observed,Review payment evidence,TX-120749
EV-TX-120751,EXT-10564,2026-09-24T12:00:00+05:30,transfer,Payment observed,Review payment evidence,TX-120751
EV-TX-120758,EXT-10564,2026-10-10T12:00:00+05:30,transfer,Payment observed,Review payment evidence,TX-120758
EV-TX-120760,EXT-10564,2026-10-16T12:00:00+05:30,transfer,Payment observed,Review payment evidence,TX-120760
EV-TX-120761,EXT-10564,2026-10-19T12:00:00+05:30,transfer,Payment observed,Review payment evidence,TX-120761
EV-TX-120763,EXT-10564,2026-10-24T12:00:00+05:30,transfer,Payment observed,Review payment evidence,TX-120763
EV-TX-120772,EXT-10565,2026-08-13T12:00:00+05:30,transfer,Payment observed,Review payment evidence,TX-120772
EV-TX-120773,EXT-10565,2026-08-14T12:00:00+05:30,transfer,Payment observed,Review payment evidence,TX-120773
EV-TX-120781,EXT-10565,2026-09-13T12:00:00+05:30,transfer,Payment observed,Review payment evidence,TX-120781
EV-TX-120782,EXT-10565,2026-09-14T12:00:00+05:30,transfer,Payment observed,Review payment evidence,TX-120782
EV-TX-120790,EXT-10565,2026-10-13T12:00:00+05:30,transfer,Payment observed,Review payment evidence,TX-120790
EV-TX-120791,EXT-10565,2026-10-14T12:00:00+05:30,transfer,Payment observed,Review payment evidence,TX-120791
EV-TX-120802,EXT-10566,2026-08-12T12:00:00+05:30,transfer,Payment observed,Review payment evidence,TX-120802
EV-TX-120804,EXT-10566,2026-08-17T12:00:00+05:30,transfer,Payment observed,Review payment evidence,TX-120804
EV-TX-120811,EXT-10566,2026-09-12T12:00:00+05:30,transfer,Payment observed,Review payment evidence,TX-120811
EV-TX-120813,EXT-10566,2026-09-15T16:31:00+05:30,transfer,Payment observed,Review payment evidence,TX-120813
EV-TX-120814,EXT-10566,2026-09-15T16:38:00+05:30,transfer,Payment observed,Review payment evidence,TX-120814
EV-TX-120815,EXT-10566,2026-09-17T12:00:00+05:30,transfer,Payment observed,Review payment evidence,TX-120815
EV-TX-120832,EXT-10567,2026-08-08T12:00:00+05:30,transfer,Payment observed,Review payment evidence,TX-120832
EV-TX-120834,EXT-10567,2026-08-12T12:00:00+05:30,transfer,Payment observed,Review payment evidence,TX-120834
EV-TX-120839,EXT-10567,2026-08-26T12:00:00+05:30,transfer,Payment observed,Review payment evidence,TX-120839
EV-TX-120842,EXT-10567,2026-09-08T12:00:00+05:30,transfer,Payment observed,Review payment evidence,TX-120842
EV-TX-120843,EXT-10567,2026-09-08T17:34:00+05:30,transfer,Payment observed,Review payment evidence,TX-120843
EV-TX-120844,EXT-10567,2026-09-08T17:43:00+05:30,transfer,Payment observed,Review payment evidence,TX-120844
EV-TX-120846,EXT-10567,2026-09-12T12:00:00+05:30,transfer,Payment observed,Review payment evidence,TX-120846
EV-TX-120856,EXT-10567,2026-10-08T12:00:00+05:30,transfer,Payment observed,Review payment evidence,TX-120856
EV-TX-120858,EXT-10567,2026-10-12T12:00:00+05:30,transfer,Payment observed,Review payment evidence,TX-120858
EV-TX-120871,EXT-10568,2026-08-03T12:00:00+05:30,transfer,Payment observed,Review payment evidence,TX-120871
EV-TX-120875,EXT-10568,2026-08-21T12:00:00+05:30,transfer,Payment observed,Review payment evidence,TX-120875
EV-TX-120880,EXT-10568,2026-09-03T12:00:00+05:30,transfer,Payment observed,Review payment evidence,TX-120880
EV-TX-120883,EXT-10568,2026-09-20T14:58:00+05:30,transfer,Payment observed,Review payment evidence,TX-120883
EV-TX-120884,EXT-10568,2026-09-20T15:05:00+05:30,transfer,Payment observed,Review payment evidence,TX-120884
EV-TX-120885,EXT-10568,2026-09-20T15:12:00+05:30,transfer,Payment observed,Review payment evidence,TX-120885
EV-TX-120887,EXT-10568,2026-09-21T12:00:00+05:30,transfer,Payment observed,Review payment evidence,TX-120887
EV-TX-120892,EXT-10568,2026-10-03T12:00:00+05:30,transfer,Payment observed,Review payment evidence,TX-120892
EV-TX-120896,EXT-10568,2026-10-21T12:00:00+05:30,transfer,Payment observed,Review payment evidence,TX-120896
EV-TX-120901,EXT-10568,2026-11-03T12:00:00+05:30,transfer,Payment observed,Review payment evidence,TX-120901
EV-TX-120907,EXT-10569,2026-08-20T12:00:00+05:30,transfer,Payment observed,Review payment evidence,TX-120907
EV-TX-120909,EXT-10569,2026-08-21T12:00:00+05:30,transfer,Payment observed,Review payment evidence,TX-120909
EV-TX-120918,EXT-10569,2026-09-20T12:00:00+05:30,transfer,Payment observed,Review payment evidence,TX-120918
EV-TX-120929,EXT-10569,2026-10-20T12:00:00+05:30,transfer,Payment observed,Review payment evidence,TX-120929
EV-TX-120937,EXT-10570,2026-08-02T12:00:00+05:30,transfer,Payment observed,Review payment evidence,TX-120937
EV-TX-120940,EXT-10570,2026-08-12T12:00:00+05:30,transfer,Payment observed,Review payment evidence,TX-120940
EV-TX-120942,EXT-10570,2026-08-15T12:00:00+05:30,transfer,Payment observed,Review payment evidence,TX-120942
EV-TX-120944,EXT-10570,2026-08-24T12:00:00+05:30,transfer,Payment observed,Review payment evidence,TX-120944
EV-TX-120947,EXT-10570,2026-09-02T12:00:00+05:30,transfer,Payment observed,Review payment evidence,TX-120947
EV-TX-120950,EXT-10570,2026-09-12T12:00:00+05:30,transfer,Payment observed,Review payment evidence,TX-120950
EV-TX-120952,EXT-10570,2026-09-15T12:00:00+05:30,transfer,Payment observed,Review payment evidence,TX-120952
EV-TX-120954,EXT-10570,2026-09-24T12:00:00+05:30,transfer,Payment observed,Review payment evidence,TX-120954
EV-TX-120957,EXT-10570,2026-10-02T12:00:00+05:30,transfer,Payment observed,Review payment evidence,TX-120957
EV-TX-120960,EXT-10570,2026-10-12T12:00:00+05:30,transfer,Payment observed,Review payment evidence,TX-120960
EV-TX-120962,EXT-10570,2026-10-15T12:00:00+05:30,transfer,Payment observed,Review payment evidence,TX-120962
EV-TX-120964,EXT-10570,2026-10-24T12:00:00+05:30,transfer,Payment observed,Review payment evidence,TX-120964
EV-TX-120968,EXT-10570,2026-11-02T12:00:00+05:30,transfer,Payment observed,Review payment evidence,TX-120968
EV-TX-120972,EXT-10571,2026-08-08T12:00:00+05:30,transfer,Payment observed,Review payment evidence,TX-120972
EV-TX-120976,EXT-10571,2026-08-22T12:00:00+05:30,transfer,Payment observed,Review payment evidence,TX-120976
EV-TX-120980,EXT-10571,2026-08-26T12:00:00+05:30,transfer,Payment observed,Review payment evidence,TX-120980
EV-TX-120983,EXT-10571,2026-09-08T12:00:00+05:30,transfer,Payment observed,Review payment evidence,TX-120983
EV-TX-120985,EXT-10571,2026-09-11T13:03:00+05:30,transfer,Payment observed,Review payment evidence,TX-120985
EV-TX-120986,EXT-10571,2026-09-11T13:06:00+05:30,transfer,Payment observed,Review payment evidence,TX-120986
EV-TX-120989,EXT-10571,2026-09-22T12:00:00+05:30,transfer,Payment observed,Review payment evidence,TX-120989
EV-TX-120993,EXT-10571,2026-09-26T12:00:00+05:30,transfer,Payment observed,Review payment evidence,TX-120993
EV-TX-120997,EXT-10571,2026-10-08T12:00:00+05:30,transfer,Payment observed,Review payment evidence,TX-120997
EV-TX-121001,EXT-10571,2026-10-22T12:00:00+05:30,transfer,Payment observed,Review payment evidence,TX-121001
EV-TX-121011,EXT-10572,2026-08-06T12:00:00+05:30,transfer,Payment observed,Review payment evidence,TX-121011
EV-TX-121013,EXT-10572,2026-08-10T12:00:00+05:30,transfer,Payment observed,Review payment evidence,TX-121013
EV-TX-121015,EXT-10572,2026-08-17T12:00:00+05:30,transfer,Payment observed,Review payment evidence,TX-121015
EV-TX-121016,EXT-10572,2026-08-18T12:00:00+05:30,transfer,Payment observed,Review payment evidence,TX-121016
EV-TX-121024,EXT-10572,2026-09-06T12:00:00+05:30,transfer,Payment observed,Review payment evidence,TX-121024
EV-TX-121026,EXT-10572,2026-09-10T12:00:00+05:30,transfer,Payment observed,Review payment evidence,TX-121026
EV-TX-121028,EXT-10572,2026-09-17T12:00:00+05:30,transfer,Payment observed,Review payment evidence,TX-121028
EV-TX-121029,EXT-10572,2026-09-18T12:00:00+05:30,transfer,Payment observed,Review payment evidence,TX-121029
EV-TX-121037,EXT-10572,2026-10-06T12:00:00+05:30,transfer,Payment observed,Review payment evidence,TX-121037
EV-TX-121039,EXT-10572,2026-10-10T12:00:00+05:30,transfer,Payment observed,Review payment evidence,TX-121039
EV-TX-121041,EXT-10572,2026-10-17T12:00:00+05:30,transfer,Payment observed,Review payment evidence,TX-121041
EV-TX-121042,EXT-10572,2026-10-18T12:00:00+05:30,transfer,Payment observed,Review payment evidence,TX-121042
EV-TX-121050,EXT-10573,2026-08-07T12:00:00+05:30,transfer,Payment observed,Review payment evidence,TX-121050
EV-TX-121062,EXT-10573,2026-09-07T12:00:00+05:30,transfer,Payment observed,Review payment evidence,TX-121062
EV-TX-121066,EXT-10573,2026-09-23T12:00:00+05:30,transfer,Payment observed,Review payment evidence,TX-121066
EV-TX-121071,EXT-10573,2026-10-07T12:00:00+05:30,transfer,Payment observed,Review payment evidence,TX-121071
EV-TX-121075,EXT-10573,2026-10-23T12:00:00+05:30,transfer,Payment observed,Review payment evidence,TX-121075
EV-TX-121085,EXT-10574,2026-08-15T12:00:00+05:30,transfer,Payment observed,Review payment evidence,TX-121085
EV-TX-121086,EXT-10574,2026-08-19T12:00:00+05:30,transfer,Payment observed,Review payment evidence,TX-121086
EV-TX-121094,EXT-10574,2026-09-15T12:00:00+05:30,transfer,Payment observed,Review payment evidence,TX-121094
EV-TX-121117,EXT-10575,2026-08-07T12:00:00+05:30,transfer,Payment observed,Review payment evidence,TX-121117
EV-TX-121118,EXT-10575,2026-08-08T12:00:00+05:30,transfer,Payment observed,Review payment evidence,TX-121118
EV-TX-121120,EXT-10575,2026-08-12T12:00:00+05:30,transfer,Payment observed,Review payment evidence,TX-121120
EV-TX-121125,EXT-10575,2026-08-26T12:00:00+05:30,transfer,Payment observed,Review payment evidence,TX-121125
EV-TX-121128,EXT-10575,2026-09-07T12:00:00+05:30,transfer,Payment observed,Review payment evidence,TX-121128
EV-TX-121129,EXT-10575,2026-09-08T12:00:00+05:30,transfer,Payment observed,Review payment evidence,TX-121129
EV-TX-121131,EXT-10575,2026-09-12T12:00:00+05:30,transfer,Payment observed,Review payment evidence,TX-121131
EV-TX-121133,EXT-10575,2026-09-19T16:09:00+05:30,transfer,Payment observed,Review payment evidence,TX-121133
EV-TX-121134,EXT-10575,2026-09-19T16:19:00+05:30,transfer,Payment observed,Review payment evidence,TX-121134
EV-TX-121138,EXT-10575,2026-09-26T12:00:00+05:30,transfer,Payment observed,Review payment evidence,TX-121138
EV-TX-121141,EXT-10575,2026-10-07T12:00:00+05:30,transfer,Payment observed,Review payment evidence,TX-121141
EV-TX-121142,EXT-10575,2026-10-08T12:00:00+05:30,transfer,Payment observed,Review payment evidence,TX-121142
EV-TX-121144,EXT-10575,2026-10-12T12:00:00+05:30,transfer,Payment observed,Review payment evidence,TX-121144
EV-TX-121149,EXT-10575,2026-10-26T12:00:00+05:30,transfer,Payment observed,Review payment evidence,TX-121149
EV-TX-121154,EXT-10576,2026-08-03T12:00:00+05:30,transfer,Payment observed,Review payment evidence,TX-121154
EV-TX-121157,EXT-10576,2026-08-09T12:00:00+05:30,transfer,Payment observed,Review payment evidence,TX-121157
EV-TX-121158,EXT-10576,2026-08-10T12:00:00+05:30,transfer,Payment observed,Review payment evidence,TX-121158
EV-TX-121164,EXT-10576,2026-09-03T12:00:00+05:30,transfer,Payment observed,Review payment evidence,TX-121164
EV-TX-121167,EXT-10576,2026-09-09T12:00:00+05:30,transfer,Payment observed,Review payment evidence,TX-121167
EV-TX-121168,EXT-10576,2026-09-10T12:00:00+05:30,transfer,Payment observed,Review payment evidence,TX-121168
EV-TX-121170,EXT-10576,2026-09-15T17:06:00+05:30,transfer,Payment observed,Review payment evidence,TX-121170
EV-TX-121171,EXT-10576,2026-09-15T17:10:00+05:30,transfer,Payment observed,Review payment evidence,TX-121171
EV-TX-121172,EXT-10576,2026-09-15T17:18:00+05:30,transfer,Payment observed,Review payment evidence,TX-121172
EV-TX-121177,EXT-10576,2026-10-03T12:00:00+05:30,transfer,Payment observed,Review payment evidence,TX-121177
EV-TX-121180,EXT-10576,2026-10-09T12:00:00+05:30,transfer,Payment observed,Review payment evidence,TX-121180
EV-TX-121181,EXT-10576,2026-10-10T12:00:00+05:30,transfer,Payment observed,Review payment evidence,TX-121181
EV-TX-121187,EXT-10576,2026-11-03T12:00:00+05:30,transfer,Payment observed,Review payment evidence,TX-121187
EV-TX-121191,EXT-10577,2026-08-02T12:00:00+05:30,transfer,Payment observed,Review payment evidence,TX-121191
EV-TX-121193,EXT-10577,2026-08-06T12:00:00+05:30,transfer,Payment observed,Review payment evidence,TX-121193
EV-TX-121194,EXT-10577,2026-08-08T12:00:00+05:30,transfer,Payment observed,Review payment evidence,TX-121194
EV-TX-121201,EXT-10577,2026-09-02T12:00:00+05:30,transfer,Payment observed,Review payment evidence,TX-121201
EV-TX-121203,EXT-10577,2026-09-06T12:00:00+05:30,transfer,Payment observed,Review payment evidence,TX-121203
EV-TX-121204,EXT-10577,2026-09-08T12:00:00+05:30,transfer,Payment observed,Review payment evidence,TX-121204
EV-TX-121205,EXT-10577,2026-09-08T14:18:00+05:30,transfer,Payment observed,Review payment evidence,TX-121205
EV-TX-121206,EXT-10577,2026-09-08T14:25:00+05:30,transfer,Payment observed,Review payment evidence,TX-121206
EV-TX-121213,EXT-10577,2026-10-02T12:00:00+05:30,transfer,Payment observed,Review payment evidence,TX-121213
EV-TX-121215,EXT-10577,2026-10-06T12:00:00+05:30,transfer,Payment observed,Review payment evidence,TX-121215
EV-TX-121216,EXT-10577,2026-10-08T12:00:00+05:30,transfer,Payment observed,Review payment evidence,TX-121216
EV-TX-121223,EXT-10577,2026-11-02T12:00:00+05:30,transfer,Payment observed,Review payment evidence,TX-121223
EV-TX-121231,EXT-10578,2026-08-20T12:00:00+05:30,transfer,Payment observed,Review payment evidence,TX-121231
EV-TX-121233,EXT-10578,2026-08-24T12:00:00+05:30,transfer,Payment observed,Review payment evidence,TX-121233
EV-TX-121235,EXT-10578,2026-08-28T12:00:00+05:30,transfer,Payment observed,Review payment evidence,TX-121235
EV-TX-121241,EXT-10578,2026-09-20T12:00:00+05:30,transfer,Payment observed,Review payment evidence,TX-121241
EV-TX-121243,EXT-10578,2026-09-24T12:00:00+05:30,transfer,Payment observed,Review payment evidence,TX-121243
EV-TX-121251,EXT-10578,2026-10-20T12:00:00+05:30,transfer,Payment observed,Review payment evidence,TX-121251
EV-TX-121253,EXT-10578,2026-10-24T12:00:00+05:30,transfer,Payment observed,Review payment evidence,TX-121253
EV-TX-121261,EXT-10579,2026-08-02T12:00:00+05:30,transfer,Payment observed,Review payment evidence,TX-121261
EV-TX-121263,EXT-10579,2026-08-07T12:00:00+05:30,transfer,Payment observed,Review payment evidence,TX-121263
EV-TX-121271,EXT-10579,2026-09-02T12:00:00+05:30,transfer,Payment observed,Review payment evidence,TX-121271
EV-TX-121274,EXT-10579,2026-09-07T12:00:00+05:30,transfer,Payment observed,Review payment evidence,TX-121274
EV-TX-121282,EXT-10579,2026-10-02T12:00:00+05:30,transfer,Payment observed,Review payment evidence,TX-121282
EV-TX-121284,EXT-10579,2026-10-07T12:00:00+05:30,transfer,Payment observed,Review payment evidence,TX-121284
EV-TX-121291,EXT-10579,2026-11-02T12:00:00+05:30,transfer,Payment observed,Review payment evidence,TX-121291
EV-TX-121297,EXT-10580,2026-08-11T12:00:00+05:30,transfer,Payment observed,Review payment evidence,TX-121297
EV-TX-121299,EXT-10580,2026-08-18T12:00:00+05:30,transfer,Payment observed,Review payment evidence,TX-121299
EV-TX-121302,EXT-10580,2026-08-27T12:00:00+05:30,transfer,Payment observed,Review payment evidence,TX-121302
EV-TX-121303,EXT-10580,2026-08-28T12:00:00+05:30,transfer,Payment observed,Review payment evidence,TX-121303
EV-TX-121307,EXT-10580,2026-09-11T12:00:00+05:30,transfer,Payment observed,Review payment evidence,TX-121307
EV-TX-121309,EXT-10580,2026-09-18T12:00:00+05:30,transfer,Payment observed,Review payment evidence,TX-121309
EV-TX-121312,EXT-10580,2026-09-27T12:00:00+05:30,transfer,Payment observed,Review payment evidence,TX-121312
EV-TX-121313,EXT-10580,2026-09-28T12:00:00+05:30,transfer,Payment observed,Review payment evidence,TX-121313
EV-TX-121317,EXT-10580,2026-10-11T12:00:00+05:30,transfer,Payment observed,Review payment evidence,TX-121317
EV-TX-121328,EXT-10581,2026-08-06T12:00:00+05:30,transfer,Payment observed,Review payment evidence,TX-121328
EV-TX-121329,EXT-10581,2026-08-08T12:00:00+05:30,transfer,Payment observed,Review payment evidence,TX-121329
EV-TX-121333,EXT-10581,2026-08-25T12:00:00+05:30,transfer,Payment observed,Review payment evidence,TX-121333
EV-TX-121335,EXT-10581,2026-08-27T12:00:00+05:30,transfer,Payment observed,Review payment evidence,TX-121335
EV-TX-121340,EXT-10581,2026-09-06T12:00:00+05:30,transfer,Payment observed,Review payment evidence,TX-121340
EV-TX-121341,EXT-10581,2026-09-08T12:00:00+05:30,transfer,Payment observed,Review payment evidence,TX-121341
EV-TX-121344,EXT-10581,2026-09-18T17:57:00+05:30,transfer,Payment observed,Review payment evidence,TX-121344
EV-TX-121345,EXT-10581,2026-09-18T18:01:00+05:30,transfer,Payment observed,Review payment evidence,TX-121345
EV-TX-121347,EXT-10581,2026-09-25T12:00:00+05:30,transfer,Payment observed,Review payment evidence,TX-121347
EV-TX-121349,EXT-10581,2026-09-27T12:00:00+05:30,transfer,Payment observed,Review payment evidence,TX-121349
EV-TX-121355,EXT-10581,2026-10-06T12:00:00+05:30,transfer,Payment observed,Review payment evidence,TX-121355
EV-TX-121356,EXT-10581,2026-10-08T12:00:00+05:30,transfer,Payment observed,Review payment evidence,TX-121356
EV-TX-121360,EXT-10581,2026-10-25T12:00:00+05:30,transfer,Payment observed,Review payment evidence,TX-121360
EV-TX-121362,EXT-10581,2026-10-27T12:00:00+05:30,transfer,Payment observed,Review payment evidence,TX-121362
EV-TX-121371,EXT-10582,2026-08-07T12:00:00+05:30,transfer,Payment observed,Review payment evidence,TX-121371
EV-TX-121373,EXT-10582,2026-08-11T12:00:00+05:30,transfer,Payment observed,Review payment evidence,TX-121373
EV-TX-121375,EXT-10582,2026-08-16T12:00:00+05:30,transfer,Payment observed,Review payment evidence,TX-121375
EV-TX-121377,EXT-10582,2026-08-22T12:00:00+05:30,transfer,Payment observed,Review payment evidence,TX-121377
EV-TX-121382,EXT-10582,2026-09-07T12:00:00+05:30,transfer,Payment observed,Review payment evidence,TX-121382
EV-TX-121384,EXT-10582,2026-09-10T17:57:00+05:30,transfer,Payment observed,Review payment evidence,TX-121384
EV-TX-121385,EXT-10582,2026-09-11T12:00:00+05:30,transfer,Payment observed,Review payment evidence,TX-121385
EV-TX-121387,EXT-10582,2026-09-16T12:00:00+05:30,transfer,Payment observed,Review payment evidence,TX-121387
EV-TX-121389,EXT-10582,2026-09-22T12:00:00+05:30,transfer,Payment observed,Review payment evidence,TX-121389
EV-TX-121395,EXT-10582,2026-10-07T12:00:00+05:30,transfer,Payment observed,Review payment evidence,TX-121395
EV-TX-121397,EXT-10582,2026-10-11T12:00:00+05:30,transfer,Payment observed,Review payment evidence,TX-121397
EV-TX-121399,EXT-10582,2026-10-16T12:00:00+05:30,transfer,Payment observed,Review payment evidence,TX-121399
EV-TX-121401,EXT-10582,2026-10-22T12:00:00+05:30,transfer,Payment observed,Review payment evidence,TX-121401
EV-TX-121412,EXT-10583,2026-08-06T12:00:00+05:30,transfer,Payment observed,Review payment evidence,TX-121412
EV-TX-121416,EXT-10583,2026-08-23T12:00:00+05:30,transfer,Payment observed,Review payment evidence,TX-121416
EV-TX-121417,EXT-10583,2026-08-25T12:00:00+05:30,transfer,Payment observed,Review payment evidence,TX-121417
EV-TX-121423,EXT-10583,2026-09-06T12:00:00+05:30,transfer,Payment observed,Review payment evidence,TX-121423
EV-TX-121427,EXT-10583,2026-09-23T12:00:00+05:30,transfer,Payment observed,Review payment evidence,TX-121427
EV-TX-121428,EXT-10583,2026-09-25T12:00:00+05:30,transfer,Payment observed,Review payment evidence,TX-121428
EV-TX-121434,EXT-10583,2026-10-06T12:00:00+05:30,transfer,Payment observed,Review payment evidence,TX-121434
EV-TX-121438,EXT-10583,2026-10-23T12:00:00+05:30,transfer,Payment observed,Review payment evidence,TX-121438
EV-TX-121439,EXT-10583,2026-10-25T12:00:00+05:30,transfer,Payment observed,Review payment evidence,TX-121439
EV-TX-121449,EXT-10584,2026-08-12T12:00:00+05:30,transfer,Payment observed,Review payment evidence,TX-121449
EV-TX-121451,EXT-10584,2026-08-15T12:00:00+05:30,transfer,Payment observed,Review payment evidence,TX-121451
EV-TX-121452,EXT-10584,2026-08-18T12:00:00+05:30,transfer,Payment observed,Review payment evidence,TX-121452
EV-TX-121456,EXT-10584,2026-08-27T12:00:00+05:30,transfer,Payment observed,Review payment evidence,TX-121456
EV-TX-121460,EXT-10584,2026-09-12T12:00:00+05:30,transfer,Payment observed,Review payment evidence,TX-121460
EV-TX-121462,EXT-10584,2026-09-15T12:00:00+05:30,transfer,Payment observed,Review payment evidence,TX-121462
EV-TX-121463,EXT-10584,2026-09-18T12:00:00+05:30,transfer,Payment observed,Review payment evidence,TX-121463
EV-TX-121467,EXT-10584,2026-09-27T12:00:00+05:30,transfer,Payment observed,Review payment evidence,TX-121467
EV-TX-121471,EXT-10584,2026-10-12T12:00:00+05:30,transfer,Payment observed,Review payment evidence,TX-121471
EV-TX-121473,EXT-10584,2026-10-15T12:00:00+05:30,transfer,Payment observed,Review payment evidence,TX-121473
EV-TX-121474,EXT-10584,2026-10-18T12:00:00+05:30,transfer,Payment observed,Review payment evidence,TX-121474
EV-TX-121478,EXT-10584,2026-10-27T12:00:00+05:30,transfer,Payment observed,Review payment evidence,TX-121478
EV-TX-121484,EXT-10585,2026-08-04T12:00:00+05:30,transfer,Payment observed,Review payment evidence,TX-121484
EV-TX-121487,EXT-10585,2026-08-10T12:00:00+05:30,transfer,Payment observed,Review payment evidence,TX-121487
EV-TX-121498,EXT-10585,2026-09-10T12:00:00+05:30,transfer,Payment observed,Review payment evidence,TX-121498
EV-TX-121509,EXT-10585,2026-10-10T12:00:00+05:30,transfer,Payment observed,Review payment evidence,TX-121509
EV-TX-121521,EXT-10586,2026-08-10T12:00:00+05:30,transfer,Payment observed,Review payment evidence,TX-121521
EV-TX-121531,EXT-10586,2026-09-10T12:00:00+05:30,transfer,Payment observed,Review payment evidence,TX-121531
EV-TX-121534,EXT-10586,2026-09-21T12:00:00+05:30,transfer,Payment observed,Review payment evidence,TX-121534
EV-TX-121535,EXT-10586,2026-09-23T12:00:00+05:30,transfer,Payment observed,Review payment evidence,TX-121535
EV-TX-121542,EXT-10586,2026-10-10T12:00:00+05:30,transfer,Payment observed,Review payment evidence,TX-121542
EV-TX-121545,EXT-10586,2026-10-21T12:00:00+05:30,transfer,Payment observed,Review payment evidence,TX-121545
EV-TX-121555,EXT-10587,2026-08-13T12:00:00+05:30,transfer,Payment observed,Review payment evidence,TX-121555
EV-TX-121558,EXT-10587,2026-08-23T12:00:00+05:30,transfer,Payment observed,Review payment evidence,TX-121558
EV-TX-121564,EXT-10587,2026-09-13T12:00:00+05:30,transfer,Payment observed,Review payment evidence,TX-121564
EV-TX-121567,EXT-10587,2026-09-23T12:00:00+05:30,transfer,Payment observed,Review payment evidence,TX-121567
EV-TX-121573,EXT-10587,2026-10-13T12:00:00+05:30,transfer,Payment observed,Review payment evidence,TX-121573
EV-TX-121576,EXT-10587,2026-10-23T12:00:00+05:30,transfer,Payment observed,Review payment evidence,TX-121576
EV-TX-121583,EXT-10588,2026-08-02T12:00:00+05:30,transfer,Payment observed,Review payment evidence,TX-121583
EV-TX-121587,EXT-10588,2026-08-16T12:00:00+05:30,transfer,Payment observed,Review payment evidence,TX-121587
EV-TX-121589,EXT-10588,2026-08-22T12:00:00+05:30,transfer,Payment observed,Review payment evidence,TX-121589
EV-TX-121590,EXT-10588,2026-08-23T12:00:00+05:30,transfer,Payment observed,Review payment evidence,TX-121590
EV-TX-121594,EXT-10588,2026-09-02T12:00:00+05:30,transfer,Payment observed,Review payment evidence,TX-121594
EV-TX-121598,EXT-10588,2026-09-16T12:00:00+05:30,transfer,Payment observed,Review payment evidence,TX-121598
EV-TX-121600,EXT-10588,2026-09-22T12:00:00+05:30,transfer,Payment observed,Review payment evidence,TX-121600
EV-TX-121604,EXT-10588,2026-10-02T12:00:00+05:30,transfer,Payment observed,Review payment evidence,TX-121604
EV-TX-121618,EXT-10588,2026-11-02T12:00:00+05:30,transfer,Payment observed,Review payment evidence,TX-121618
EV-TX-121623,EXT-10589,2026-08-03T12:00:00+05:30,transfer,Payment observed,Review payment evidence,TX-121623
EV-TX-121625,EXT-10589,2026-08-09T12:00:00+05:30,transfer,Payment observed,Review payment evidence,TX-121625
EV-TX-121627,EXT-10589,2026-08-16T12:00:00+05:30,transfer,Payment observed,Review payment evidence,TX-121627
EV-TX-121628,EXT-10589,2026-08-19T12:00:00+05:30,transfer,Payment observed,Review payment evidence,TX-121628
EV-TX-121634,EXT-10589,2026-09-03T12:00:00+05:30,transfer,Payment observed,Review payment evidence,TX-121634
EV-TX-121637,EXT-10589,2026-09-09T12:00:00+05:30,transfer,Payment observed,Review payment evidence,TX-121637
EV-TX-121639,EXT-10589,2026-09-16T12:00:00+05:30,transfer,Payment observed,Review payment evidence,TX-121639
EV-TX-121640,EXT-10589,2026-09-19T12:00:00+05:30,transfer,Payment observed,Review payment evidence,TX-121640
EV-TX-121649,EXT-10589,2026-10-03T12:00:00+05:30,transfer,Payment observed,Review payment evidence,TX-121649
EV-TX-121651,EXT-10589,2026-10-09T12:00:00+05:30,transfer,Payment observed,Review payment evidence,TX-121651
EV-TX-121653,EXT-10589,2026-10-16T12:00:00+05:30,transfer,Payment observed,Review payment evidence,TX-121653
EV-TX-121654,EXT-10589,2026-10-19T12:00:00+05:30,transfer,Payment observed,Review payment evidence,TX-121654
EV-TX-121662,EXT-10589,2026-11-03T12:00:00+05:30,transfer,Payment observed,Review payment evidence,TX-121662
EV-TX-121665,EXT-10590,2026-08-06T12:00:00+05:30,transfer,Payment observed,Review payment evidence,TX-121665
EV-TX-121666,EXT-10590,2026-08-07T12:00:00+05:30,transfer,Payment observed,Review payment evidence,TX-121666
EV-TX-121669,EXT-10590,2026-08-16T12:00:00+05:30,transfer,Payment observed,Review payment evidence,TX-121669
EV-TX-121670,EXT-10590,2026-08-17T12:00:00+05:30,transfer,Payment observed,Review payment evidence,TX-121670
EV-TX-121675,EXT-10590,2026-09-06T12:00:00+05:30,transfer,Payment observed,Review payment evidence,TX-121675
EV-TX-121676,EXT-10590,2026-09-07T12:00:00+05:30,transfer,Payment observed,Review payment evidence,TX-121676
EV-TX-121679,EXT-10590,2026-09-16T12:00:00+05:30,transfer,Payment observed,Review payment evidence,TX-121679
EV-TX-121680,EXT-10590,2026-09-17T12:00:00+05:30,transfer,Payment observed,Review payment evidence,TX-121680
EV-TX-121685,EXT-10590,2026-10-06T12:00:00+05:30,transfer,Payment observed,Review payment evidence,TX-121685
EV-TX-121686,EXT-10590,2026-10-07T12:00:00+05:30,transfer,Payment observed,Review payment evidence,TX-121686
EV-TX-121689,EXT-10590,2026-10-16T12:00:00+05:30,transfer,Payment observed,Review payment evidence,TX-121689
EV-TX-121690,EXT-10590,2026-10-17T12:00:00+05:30,transfer,Payment observed,Review payment evidence,TX-121690
EV-TX-121698,EXT-10591,2026-08-14T12:00:00+05:30,transfer,Payment observed,Review payment evidence,TX-121698
EV-TX-121700,EXT-10591,2026-08-20T12:00:00+05:30,transfer,Payment observed,Review payment evidence,TX-121700
EV-TX-121711,EXT-10591,2026-09-14T12:00:00+05:30,transfer,Payment observed,Review payment evidence,TX-121711
EV-TX-121713,EXT-10591,2026-09-16T14:00:00+05:30,transfer,Payment observed,Review payment evidence,TX-121713
EV-TX-121714,EXT-10591,2026-09-16T14:03:00+05:30,transfer,Payment observed,Review payment evidence,TX-121714
EV-TX-121715,EXT-10591,2026-09-16T14:06:00+05:30,transfer,Payment observed,Review payment evidence,TX-121715
EV-TX-121716,EXT-10591,2026-09-16T14:14:00+05:30,transfer,Payment observed,Review payment evidence,TX-121716
EV-TX-121717,EXT-10591,2026-09-18T15:57:00+05:30,transfer,Payment observed,Review payment evidence,TX-121717
EV-TX-121718,EXT-10591,2026-09-18T16:01:00+05:30,transfer,Payment observed,Review payment evidence,TX-121718
EV-TX-121719,EXT-10591,2026-09-20T12:00:00+05:30,transfer,Payment observed,Review payment evidence,TX-121719
EV-TX-121747,EXT-10592,2026-08-13T12:00:00+05:30,transfer,Payment observed,Review payment evidence,TX-121747
EV-TX-121749,EXT-10592,2026-08-17T12:00:00+05:30,transfer,Payment observed,Review payment evidence,TX-121749
EV-TX-121756,EXT-10592,2026-09-13T12:00:00+05:30,transfer,Payment observed,Review payment evidence,TX-121756
EV-TX-121758,EXT-10592,2026-09-17T12:00:00+05:30,transfer,Payment observed,Review payment evidence,TX-121758
EV-TX-121765,EXT-10592,2026-10-13T12:00:00+05:30,transfer,Payment observed,Review payment evidence,TX-121765
EV-TX-121767,EXT-10592,2026-10-17T12:00:00+05:30,transfer,Payment observed,Review payment evidence,TX-121767
EV-TX-121776,EXT-10593,2026-08-07T12:00:00+05:30,transfer,Payment observed,Review payment evidence,TX-121776
EV-TX-121781,EXT-10593,2026-08-25T12:00:00+05:30,transfer,Payment observed,Review payment evidence,TX-121781
EV-TX-121785,EXT-10593,2026-09-07T12:00:00+05:30,transfer,Payment observed,Review payment evidence,TX-121785
EV-TX-121787,EXT-10593,2026-09-13T15:50:00+05:30,transfer,Payment observed,Review payment evidence,TX-121787
EV-TX-121788,EXT-10593,2026-09-13T15:59:00+05:30,transfer,Payment observed,Review payment evidence,TX-121788
EV-TX-121792,EXT-10593,2026-09-25T12:00:00+05:30,transfer,Payment observed,Review payment evidence,TX-121792
EV-TX-121796,EXT-10593,2026-10-07T12:00:00+05:30,transfer,Payment observed,Review payment evidence,TX-121796
EV-TX-121801,EXT-10593,2026-10-25T12:00:00+05:30,transfer,Payment observed,Review payment evidence,TX-121801
EV-TX-121807,EXT-10594,2026-08-02T12:00:00+05:30,transfer,Payment observed,Review payment evidence,TX-121807
EV-TX-121809,EXT-10594,2026-08-03T12:00:00+05:30,transfer,Payment observed,Review payment evidence,TX-121809
EV-TX-121813,EXT-10594,2026-08-25T12:00:00+05:30,transfer,Payment observed,Review payment evidence,TX-121813
EV-TX-121817,EXT-10594,2026-09-02T12:00:00+05:30,transfer,Payment observed,Review payment evidence,TX-121817
EV-TX-121819,EXT-10594,2026-09-03T12:00:00+05:30,transfer,Payment observed,Review payment evidence,TX-121819
EV-TX-121823,EXT-10594,2026-09-25T12:00:00+05:30,transfer,Payment observed,Review payment evidence,TX-121823
EV-TX-121827,EXT-10594,2026-10-02T12:00:00+05:30,transfer,Payment observed,Review payment evidence,TX-121827
EV-TX-121829,EXT-10594,2026-10-03T12:00:00+05:30,transfer,Payment observed,Review payment evidence,TX-121829
EV-TX-121833,EXT-10594,2026-10-25T12:00:00+05:30,transfer,Payment observed,Review payment evidence,TX-121833
EV-TX-121837,EXT-10594,2026-11-02T12:00:00+05:30,transfer,Payment observed,Review payment evidence,TX-121837
EV-TX-121839,EXT-10594,2026-11-03T12:00:00+05:30,transfer,Payment observed,Review payment evidence,TX-121839
EV-TX-121842,EXT-10595,2026-08-02T12:00:00+05:30,transfer,Payment observed,Review payment evidence,TX-121842
EV-TX-121844,EXT-10595,2026-08-08T12:00:00+05:30,transfer,Payment observed,Review payment evidence,TX-121844
EV-TX-121847,EXT-10595,2026-08-19T12:00:00+05:30,transfer,Payment observed,Review payment evidence,TX-121847
EV-TX-121849,EXT-10595,2026-08-22T12:00:00+05:30,transfer,Payment observed,Review payment evidence,TX-121849
EV-TX-121853,EXT-10595,2026-09-02T12:00:00+05:30,transfer,Payment observed,Review payment evidence,TX-121853
EV-TX-121855,EXT-10595,2026-09-08T12:00:00+05:30,transfer,Payment observed,Review payment evidence,TX-121855
EV-TX-121858,EXT-10595,2026-09-19T12:00:00+05:30,transfer,Payment observed,Review payment evidence,TX-121858
EV-TX-121860,EXT-10595,2026-09-22T12:00:00+05:30,transfer,Payment observed,Review payment evidence,TX-121860
EV-TX-121864,EXT-10595,2026-10-02T12:00:00+05:30,transfer,Payment observed,Review payment evidence,TX-121864
EV-TX-121866,EXT-10595,2026-10-08T12:00:00+05:30,transfer,Payment observed,Review payment evidence,TX-121866
EV-TX-121869,EXT-10595,2026-10-19T12:00:00+05:30,transfer,Payment observed,Review payment evidence,TX-121869
EV-TX-121871,EXT-10595,2026-10-22T12:00:00+05:30,transfer,Payment observed,Review payment evidence,TX-121871
EV-TX-121875,EXT-10595,2026-11-02T12:00:00+05:30,transfer,Payment observed,Review payment evidence,TX-121875
EV-TX-121879,EXT-10596,2026-08-03T12:00:00+05:30,transfer,Payment observed,Review payment evidence,TX-121879
EV-TX-121883,EXT-10596,2026-08-18T12:00:00+05:30,transfer,Payment observed,Review payment evidence,TX-121883
EV-TX-121888,EXT-10596,2026-09-03T12:00:00+05:30,transfer,Payment observed,Review payment evidence,TX-121888
EV-TX-121892,EXT-10596,2026-09-18T12:00:00+05:30,transfer,Payment observed,Review payment evidence,TX-121892
EV-TX-121897,EXT-10596,2026-10-03T12:00:00+05:30,transfer,Payment observed,Review payment evidence,TX-121897
EV-TX-121901,EXT-10596,2026-10-18T12:00:00+05:30,transfer,Payment observed,Review payment evidence,TX-121901
EV-TX-121906,EXT-10596,2026-11-03T12:00:00+05:30,transfer,Payment observed,Review payment evidence,TX-121906
EV-TX-121913,EXT-10597,2026-08-17T12:00:00+05:30,transfer,Payment observed,Review payment evidence,TX-121913
EV-TX-121915,EXT-10597,2026-08-21T12:00:00+05:30,transfer,Payment observed,Review payment evidence,TX-121915
EV-TX-121917,EXT-10597,2026-08-25T12:00:00+05:30,transfer,Payment observed,Review payment evidence,TX-121917
EV-TX-121923,EXT-10597,2026-09-17T12:00:00+05:30,transfer,Payment observed,Review payment evidence,TX-121923
EV-TX-121925,EXT-10597,2026-09-21T12:00:00+05:30,transfer,Payment observed,Review payment evidence,TX-121925
EV-TX-121927,EXT-10597,2026-09-25T12:00:00+05:30,transfer,Payment observed,Review payment evidence,TX-121927
EV-TX-121933,EXT-10597,2026-10-17T12:00:00+05:30,transfer,Payment observed,Review payment evidence,TX-121933
EV-TX-121935,EXT-10597,2026-10-21T12:00:00+05:30,transfer,Payment observed,Review payment evidence,TX-121935
EV-TX-121937,EXT-10597,2026-10-25T12:00:00+05:30,transfer,Payment observed,Review payment evidence,TX-121937
EV-TX-121944,EXT-10598,2026-08-04T12:00:00+05:30,transfer,Payment observed,Review payment evidence,TX-121944
EV-TX-121946,EXT-10598,2026-08-12T12:00:00+05:30,transfer,Payment observed,Review payment evidence,TX-121946
EV-TX-121947,EXT-10598,2026-08-14T12:00:00+05:30,transfer,Payment observed,Review payment evidence,TX-121947
EV-TX-121954,EXT-10598,2026-09-04T12:00:00+05:30,transfer,Payment observed,Review payment evidence,TX-121954
EV-TX-121956,EXT-10598,2026-09-12T12:00:00+05:30,transfer,Payment observed,Review payment evidence,TX-121956
EV-TX-121957,EXT-10598,2026-09-14T12:00:00+05:30,transfer,Payment observed,Review payment evidence,TX-121957
EV-TX-121959,EXT-10598,2026-09-17T18:00:00+05:30,transfer,Payment observed,Review payment evidence,TX-121959
EV-TX-121960,EXT-10598,2026-09-17T18:05:00+05:30,transfer,Payment observed,Review payment evidence,TX-121960
EV-TX-121966,EXT-10598,2026-10-04T12:00:00+05:30,transfer,Payment observed,Review payment evidence,TX-121966
EV-TX-121968,EXT-10598,2026-10-12T12:00:00+05:30,transfer,Payment observed,Review payment evidence,TX-121968
EV-TX-121969,EXT-10598,2026-10-14T12:00:00+05:30,transfer,Payment observed,Review payment evidence,TX-121969
EV-TX-121976,EXT-10598,2026-11-04T12:00:00+05:30,transfer,Payment observed,Review payment evidence,TX-121976
EV-TX-121982,EXT-10599,2026-08-16T12:00:00+05:30,transfer,Payment observed,Review payment evidence,TX-121982
EV-TX-121985,EXT-10599,2026-08-25T12:00:00+05:30,transfer,Payment observed,Review payment evidence,TX-121985
EV-TX-121991,EXT-10599,2026-09-16T12:00:00+05:30,transfer,Payment observed,Review payment evidence,TX-121991
EV-TX-121994,EXT-10599,2026-09-25T12:00:00+05:30,transfer,Payment observed,Review payment evidence,TX-121994
EV-TX-122000,EXT-10599,2026-10-16T12:00:00+05:30,transfer,Payment observed,Review payment evidence,TX-122000
EV-TX-122003,EXT-10599,2026-10-25T12:00:00+05:30,transfer,Payment observed,Review payment evidence,TX-122003
EV-TX-122012,EXT-10600,2026-08-08T12:00:00+05:30,transfer,Payment observed,Review payment evidence,TX-122012
EV-TX-122014,EXT-10600,2026-08-14T12:00:00+05:30,transfer,Payment observed,Review payment evidence,TX-122014
EV-TX-122020,EXT-10600,2026-09-08T12:00:00+05:30,transfer,Payment observed,Review payment evidence,TX-122020
EV-TX-122022,EXT-10600,2026-09-14T12:00:00+05:30,transfer,Payment observed,Review payment evidence,TX-122022
EV-TX-122028,EXT-10600,2026-10-08T12:00:00+05:30,transfer,Payment observed,Review payment evidence,TX-122028
EV-TX-122030,EXT-10600,2026-10-14T12:00:00+05:30,transfer,Payment observed,Review payment evidence,TX-122030
EV-TX-122037,EXT-10601,2026-08-06T12:00:00+05:30,transfer,Payment observed,Review payment evidence,TX-122037
EV-TX-122039,EXT-10601,2026-08-09T12:00:00+05:30,transfer,Payment observed,Review payment evidence,TX-122039
EV-TX-122042,EXT-10601,2026-08-21T12:00:00+05:30,transfer,Payment observed,Review payment evidence,TX-122042
EV-TX-122045,EXT-10601,2026-08-28T12:00:00+05:30,transfer,Payment observed,Review payment evidence,TX-122045
EV-TX-122049,EXT-10601,2026-09-06T12:00:00+05:30,transfer,Payment observed,Review payment evidence,TX-122049
EV-TX-122051,EXT-10601,2026-09-09T12:00:00+05:30,transfer,Payment observed,Review payment evidence,TX-122051
EV-TX-122058,EXT-10601,2026-09-28T12:00:00+05:30,transfer,Payment observed,Review payment evidence,TX-122058
EV-TX-122062,EXT-10601,2026-10-06T12:00:00+05:30,transfer,Payment observed,Review payment evidence,TX-122062
EV-TX-122064,EXT-10601,2026-10-09T12:00:00+05:30,transfer,Payment observed,Review payment evidence,TX-122064
EV-TX-122072,EXT-10601,2026-10-28T12:00:00+05:30,transfer,Payment observed,Review payment evidence,TX-122072
EV-TX-122077,EXT-10602,2026-08-02T12:00:00+05:30,transfer,Payment observed,Review payment evidence,TX-122077
EV-TX-122080,EXT-10602,2026-08-05T12:00:00+05:30,transfer,Payment observed,Review payment evidence,TX-122080
EV-TX-122082,EXT-10602,2026-08-12T12:00:00+05:30,transfer,Payment observed,Review payment evidence,TX-122082
EV-TX-122085,EXT-10602,2026-08-21T12:00:00+05:30,transfer,Payment observed,Review payment evidence,TX-122085
EV-TX-122088,EXT-10602,2026-09-02T12:00:00+05:30,transfer,Payment observed,Review payment evidence,TX-122088
EV-TX-122091,EXT-10602,2026-09-05T12:00:00+05:30,transfer,Payment observed,Review payment evidence,TX-122091
EV-TX-122093,EXT-10602,2026-09-12T12:00:00+05:30,transfer,Payment observed,Review payment evidence,TX-122093
EV-TX-122094,EXT-10602,2026-09-12T15:59:00+05:30,transfer,Payment observed,Review payment evidence,TX-122094
EV-TX-122095,EXT-10602,2026-09-12T16:02:00+05:30,transfer,Payment observed,Review payment evidence,TX-122095
EV-TX-122096,EXT-10602,2026-09-12T16:19:00+05:30,transfer,Payment observed,Review payment evidence,TX-122096
EV-TX-122099,EXT-10602,2026-09-21T12:00:00+05:30,transfer,Payment observed,Review payment evidence,TX-122099
EV-TX-122102,EXT-10602,2026-10-02T12:00:00+05:30,transfer,Payment observed,Review payment evidence,TX-122102
EV-TX-122106,EXT-10602,2026-10-05T12:00:00+05:30,transfer,Payment observed,Review payment evidence,TX-122106
EV-TX-122109,EXT-10602,2026-10-12T12:00:00+05:30,transfer,Payment observed,Review payment evidence,TX-122109
EV-TX-122112,EXT-10602,2026-10-21T12:00:00+05:30,transfer,Payment observed,Review payment evidence,TX-122112
EV-TX-122115,EXT-10602,2026-11-02T12:00:00+05:30,transfer,Payment observed,Review payment evidence,TX-122115
EV-TX-122119,EXT-10602,2026-11-05T12:00:00+05:30,transfer,Payment observed,Review payment evidence,TX-122119
EV-TX-122124,EXT-10603,2026-08-14T12:00:00+05:30,transfer,Payment observed,Review payment evidence,TX-122124
EV-TX-122126,EXT-10603,2026-08-18T12:00:00+05:30,transfer,Payment observed,Review payment evidence,TX-122126
EV-TX-122134,EXT-10603,2026-09-14T12:00:00+05:30,transfer,Payment observed,Review payment evidence,TX-122134
EV-TX-122136,EXT-10603,2026-09-17T17:56:00+05:30,transfer,Payment observed,Review payment evidence,TX-122136
EV-TX-122137,EXT-10603,2026-09-17T18:05:00+05:30,transfer,Payment observed,Review payment evidence,TX-122137
EV-TX-122138,EXT-10603,2026-09-17T18:08:00+05:30,transfer,Payment observed,Review payment evidence,TX-122138
EV-TX-122139,EXT-10603,2026-09-18T12:00:00+05:30,transfer,Payment observed,Review payment evidence,TX-122139
EV-TX-122147,EXT-10603,2026-10-14T12:00:00+05:30,transfer,Payment observed,Review payment evidence,TX-122147
EV-TX-122149,EXT-10603,2026-10-18T12:00:00+05:30,transfer,Payment observed,Review payment evidence,TX-122149
EV-TX-122158,EXT-10604,2026-08-03T12:00:00+05:30,transfer,Payment observed,Review payment evidence,TX-122158
EV-TX-122160,EXT-10604,2026-08-09T12:00:00+05:30,transfer,Payment observed,Review payment evidence,TX-122160
EV-TX-122167,EXT-10604,2026-09-03T12:00:00+05:30,transfer,Payment observed,Review payment evidence,TX-122167
EV-TX-122169,EXT-10604,2026-09-09T12:00:00+05:30,transfer,Payment observed,Review payment evidence,TX-122169
EV-TX-122176,EXT-10604,2026-10-03T12:00:00+05:30,transfer,Payment observed,Review payment evidence,TX-122176
EV-TX-122178,EXT-10604,2026-10-09T12:00:00+05:30,transfer,Payment observed,Review payment evidence,TX-122178
EV-TX-122185,EXT-10604,2026-11-03T12:00:00+05:30,transfer,Payment observed,Review payment evidence,TX-122185
EV-TX-122188,EXT-10605,2026-08-05T12:00:00+05:30,transfer,Payment observed,Review payment evidence,TX-122188
EV-TX-122190,EXT-10605,2026-08-09T12:00:00+05:30,transfer,Payment observed,Review payment evidence,TX-122190
EV-TX-122200,EXT-10605,2026-09-05T12:00:00+05:30,transfer,Payment observed,Review payment evidence,TX-122200
EV-TX-122202,EXT-10605,2026-09-09T12:00:00+05:30,transfer,Payment observed,Review payment evidence,TX-122202
EV-TX-122212,EXT-10605,2026-10-05T12:00:00+05:30,transfer,Payment observed,Review payment evidence,TX-122212
EV-TX-122214,EXT-10605,2026-10-09T12:00:00+05:30,transfer,Payment observed,Review payment evidence,TX-122214
EV-TX-122217,EXT-10605,2026-10-24T12:00:00+05:30,transfer,Payment observed,Review payment evidence,TX-122217
EV-TX-122223,EXT-10605,2026-11-05T12:00:00+05:30,transfer,Payment observed,Review payment evidence,TX-122223
EV-TX-122228,EXT-10606,2026-08-09T12:00:00+05:30,transfer,Payment observed,Review payment evidence,TX-122228
EV-TX-122230,EXT-10606,2026-08-19T12:00:00+05:30,transfer,Payment observed,Review payment evidence,TX-122230
EV-TX-122233,EXT-10606,2026-08-25T12:00:00+05:30,transfer,Payment observed,Review payment evidence,TX-122233
EV-TX-122235,EXT-10606,2026-08-26T12:00:00+05:30,transfer,Payment observed,Review payment evidence,TX-122235
EV-TX-122239,EXT-10606,2026-09-09T12:00:00+05:30,transfer,Payment observed,Review payment evidence,TX-122239
EV-TX-122241,EXT-10606,2026-09-19T12:00:00+05:30,transfer,Payment observed,Review payment evidence,TX-122241
EV-TX-122242,EXT-10606,2026-09-19T14:25:00+05:30,transfer,Payment observed,Review payment evidence,TX-122242
EV-TX-122243,EXT-10606,2026-09-19T14:32:00+05:30,transfer,Payment observed,Review payment evidence,TX-122243
EV-TX-122244,EXT-10606,2026-09-19T14:37:00+05:30,transfer,Payment observed,Review payment evidence,TX-122244
EV-TX-122247,EXT-10606,2026-09-25T12:00:00+05:30,transfer,Payment observed,Review payment evidence,TX-122247
EV-TX-122249,EXT-10606,2026-09-26T12:00:00+05:30,transfer,Payment observed,Review payment evidence,TX-122249
EV-TX-122253,EXT-10606,2026-10-09T12:00:00+05:30,transfer,Payment observed,Review payment evidence,TX-122253
EV-TX-122255,EXT-10606,2026-10-19T12:00:00+05:30,transfer,Payment observed,Review payment evidence,TX-122255
EV-TX-122257,EXT-10606,2026-10-25T12:00:00+05:30,transfer,Payment observed,Review payment evidence,TX-122257
EV-TX-122267,EXT-10607,2026-08-10T12:00:00+05:30,transfer,Payment observed,Review payment evidence,TX-122267
EV-TX-122268,EXT-10607,2026-08-12T12:00:00+05:30,transfer,Payment observed,Review payment evidence,TX-122268
EV-TX-122270,EXT-10607,2026-08-15T12:00:00+05:30,transfer,Payment observed,Review payment evidence,TX-122270
EV-TX-122277,EXT-10607,2026-09-10T12:00:00+05:30,transfer,Payment observed,Review payment evidence,TX-122277
EV-TX-122278,EXT-10607,2026-09-12T12:00:00+05:30,transfer,Payment observed,Review payment evidence,TX-122278
EV-TX-122280,EXT-10607,2026-09-15T12:00:00+05:30,transfer,Payment observed,Review payment evidence,TX-122280
EV-TX-122287,EXT-10607,2026-10-10T12:00:00+05:30,transfer,Payment observed,Review payment evidence,TX-122287
EV-TX-122288,EXT-10607,2026-10-12T12:00:00+05:30,transfer,Payment observed,Review payment evidence,TX-122288
EV-TX-122290,EXT-10607,2026-10-15T12:00:00+05:30,transfer,Payment observed,Review payment evidence,TX-122290
EV-TX-122300,EXT-10608,2026-08-11T12:00:00+05:30,transfer,Payment observed,Review payment evidence,TX-122300
EV-TX-122301,EXT-10608,2026-08-12T12:00:00+05:30,transfer,Payment observed,Review payment evidence,TX-122301
EV-TX-122302,EXT-10608,2026-08-14T12:00:00+05:30,transfer,Payment observed,Review payment evidence,TX-122302
EV-TX-122304,EXT-10608,2026-08-20T12:00:00+05:30,transfer,Payment observed,Review payment evidence,TX-122304
EV-TX-122312,EXT-10608,2026-09-11T12:00:00+05:30,transfer,Payment observed,Review payment evidence,TX-122312
EV-TX-122313,EXT-10608,2026-09-12T12:00:00+05:30,transfer,Payment observed,Review payment evidence,TX-122313
EV-TX-122314,EXT-10608,2026-09-14T12:00:00+05:30,transfer,Payment observed,Review payment evidence,TX-122314
EV-TX-122316,EXT-10608,2026-09-20T12:00:00+05:30,transfer,Payment observed,Review payment evidence,TX-122316
EV-TX-122326,EXT-10608,2026-10-11T12:00:00+05:30,transfer,Payment observed,Review payment evidence,TX-122326
EV-TX-122327,EXT-10608,2026-10-12T12:00:00+05:30,transfer,Payment observed,Review payment evidence,TX-122327
EV-TX-122328,EXT-10608,2026-10-14T12:00:00+05:30,transfer,Payment observed,Review payment evidence,TX-122328
EV-TX-122330,EXT-10608,2026-10-20T12:00:00+05:30,transfer,Payment observed,Review payment evidence,TX-122330
EV-TX-122343,EXT-10609,2026-08-19T12:00:00+05:30,transfer,Payment observed,Review payment evidence,TX-122343
EV-TX-122347,EXT-10609,2026-08-27T12:00:00+05:30,transfer,Payment observed,Review payment evidence,TX-122347
EV-TX-122350,EXT-10609,2026-09-08T14:09:00+05:30,transfer,Payment observed,Review payment evidence,TX-122350
EV-TX-122351,EXT-10609,2026-09-08T14:13:00+05:30,transfer,Payment observed,Review payment evidence,TX-122351
EV-TX-122354,EXT-10609,2026-09-19T12:00:00+05:30,transfer,Payment observed,Review payment evidence,TX-122354
EV-TX-122358,EXT-10609,2026-09-27T12:00:00+05:30,transfer,Payment observed,Review payment evidence,TX-122358
EV-TX-122363,EXT-10609,2026-10-19T12:00:00+05:30,transfer,Payment observed,Review payment evidence,TX-122363
EV-TX-122367,EXT-10609,2026-10-27T12:00:00+05:30,transfer,Payment observed,Review payment evidence,TX-122367
EV-TX-122374,EXT-10610,2026-08-11T12:00:00+05:30,transfer,Payment observed,Review payment evidence,TX-122374
EV-TX-122376,EXT-10610,2026-08-17T12:00:00+05:30,transfer,Payment observed,Review payment evidence,TX-122376
EV-TX-122379,EXT-10610,2026-08-27T12:00:00+05:30,transfer,Payment observed,Review payment evidence,TX-122379
EV-TX-122382,EXT-10610,2026-09-08T13:41:00+05:30,transfer,Payment observed,Review payment evidence,TX-122382
EV-TX-122383,EXT-10610,2026-09-08T13:46:00+05:30,transfer,Payment observed,Review payment evidence,TX-122383
EV-TX-122384,EXT-10610,2026-09-08T13:47:00+05:30,transfer,Payment observed,Review payment evidence,TX-122384
EV-TX-122386,EXT-10610,2026-09-11T12:00:00+05:30,transfer,Payment observed,Review payment evidence,TX-122386
EV-TX-122388,EXT-10610,2026-09-17T12:00:00+05:30,transfer,Payment observed,Review payment evidence,TX-122388
EV-TX-122395,EXT-10610,2026-10-11T12:00:00+05:30,transfer,Payment observed,Review payment evidence,TX-122395
EV-TX-122397,EXT-10610,2026-10-17T12:00:00+05:30,transfer,Payment observed,Review payment evidence,TX-122397
EV-TX-122400,EXT-10610,2026-10-27T12:00:00+05:30,transfer,Payment observed,Review payment evidence,TX-122400
EV-TX-122407,EXT-10611,2026-08-20T12:00:00+05:30,transfer,Payment observed,Review payment evidence,TX-122407
EV-TX-122411,EXT-10611,2026-08-23T12:00:00+05:30,transfer,Payment observed,Review payment evidence,TX-122411
EV-TX-122419,EXT-10611,2026-09-20T12:00:00+05:30,transfer,Payment observed,Review payment evidence,TX-122419
EV-TX-122423,EXT-10611,2026-09-23T12:00:00+05:30,transfer,Payment observed,Review payment evidence,TX-122423
EV-TX-122431,EXT-10611,2026-10-20T12:00:00+05:30,transfer,Payment observed,Review payment evidence,TX-122431
EV-TX-122434,EXT-10611,2026-10-23T12:00:00+05:30,transfer,Payment observed,Review payment evidence,TX-122434
EV-TX-122443,EXT-10612,2026-08-05T12:00:00+05:30,transfer,Payment observed,Review payment evidence,TX-122443
EV-TX-122445,EXT-10612,2026-08-10T12:00:00+05:30,transfer,Payment observed,Review payment evidence,TX-122445
EV-TX-122446,EXT-10612,2026-08-11T12:00:00+05:30,transfer,Payment observed,Review payment evidence,TX-122446
EV-TX-122450,EXT-10612,2026-08-25T12:00:00+05:30,transfer,Payment observed,Review payment evidence,TX-122450
EV-TX-122454,EXT-10612,2026-09-05T12:00:00+05:30,transfer,Payment observed,Review payment evidence,TX-122454
EV-TX-122456,EXT-10612,2026-09-10T12:00:00+05:30,transfer,Payment observed,Review payment evidence,TX-122456
EV-TX-122457,EXT-10612,2026-09-11T12:00:00+05:30,transfer,Payment observed,Review payment evidence,TX-122457
EV-TX-122466,EXT-10612,2026-10-05T12:00:00+05:30,transfer,Payment observed,Review payment evidence,TX-122466
EV-TX-122468,EXT-10612,2026-10-10T12:00:00+05:30,transfer,Payment observed,Review payment evidence,TX-122468
EV-TX-122469,EXT-10612,2026-10-11T12:00:00+05:30,transfer,Payment observed,Review payment evidence,TX-122469
EV-TX-122479,EXT-10612,2026-11-05T12:00:00+05:30,transfer,Payment observed,Review payment evidence,TX-122479
EV-TX-122482,EXT-10613,2026-08-05T12:00:00+05:30,transfer,Payment observed,Review payment evidence,TX-122482
EV-TX-122484,EXT-10613,2026-08-11T12:00:00+05:30,transfer,Payment observed,Review payment evidence,TX-122484
EV-TX-122487,EXT-10613,2026-08-21T12:00:00+05:30,transfer,Payment observed,Review payment evidence,TX-122487
EV-TX-122492,EXT-10613,2026-09-05T12:00:00+05:30,transfer,Payment observed,Review payment evidence,TX-122492
EV-TX-122494,EXT-10613,2026-09-11T12:00:00+05:30,transfer,Payment observed,Review payment evidence,TX-122494
EV-TX-122497,EXT-10613,2026-09-21T12:00:00+05:30,transfer,Payment observed,Review payment evidence,TX-122497
EV-TX-122503,EXT-10613,2026-10-05T12:00:00+05:30,transfer,Payment observed,Review payment evidence,TX-122503
EV-TX-122505,EXT-10613,2026-10-11T12:00:00+05:30,transfer,Payment observed,Review payment evidence,TX-122505
EV-TX-122508,EXT-10613,2026-10-21T12:00:00+05:30,transfer,Payment observed,Review payment evidence,TX-122508
EV-TX-122514,EXT-10613,2026-11-05T12:00:00+05:30,transfer,Payment observed,Review payment evidence,TX-122514
EV-TX-122517,EXT-10614,2026-08-02T12:00:00+05:30,transfer,Payment observed,Review payment evidence,TX-122517
EV-TX-122521,EXT-10614,2026-08-16T12:00:00+05:30,transfer,Payment observed,Review payment evidence,TX-122521
EV-TX-122522,EXT-10614,2026-08-17T12:00:00+05:30,transfer,Payment observed,Review payment evidence,TX-122522
EV-TX-122525,EXT-10614,2026-08-25T12:00:00+05:30,transfer,Payment observed,Review payment evidence,TX-122525
EV-TX-122528,EXT-10614,2026-09-02T12:00:00+05:30,transfer,Payment observed,Review payment evidence,TX-122528
EV-TX-122532,EXT-10614,2026-09-16T12:00:00+05:30,transfer,Payment observed,Review payment evidence,TX-122532
EV-TX-122533,EXT-10614,2026-09-17T12:00:00+05:30,transfer,Payment observed,Review payment evidence,TX-122533
EV-TX-122536,EXT-10614,2026-09-25T12:00:00+05:30,transfer,Payment observed,Review payment evidence,TX-122536
EV-TX-122539,EXT-10614,2026-10-02T12:00:00+05:30,transfer,Payment observed,Review payment evidence,TX-122539
EV-TX-122543,EXT-10614,2026-10-16T12:00:00+05:30,transfer,Payment observed,Review payment evidence,TX-122543
EV-TX-122544,EXT-10614,2026-10-17T12:00:00+05:30,transfer,Payment observed,Review payment evidence,TX-122544
EV-TX-122547,EXT-10614,2026-10-25T12:00:00+05:30,transfer,Payment observed,Review payment evidence,TX-122547
EV-TX-122550,EXT-10614,2026-11-02T12:00:00+05:30,transfer,Payment observed,Review payment evidence,TX-122550
EV-TX-122554,EXT-10615,2026-08-02T12:00:00+05:30,transfer,Payment observed,Review payment evidence,TX-122554
EV-TX-122559,EXT-10615,2026-08-24T12:00:00+05:30,transfer,Payment observed,Review payment evidence,TX-122559
EV-TX-122563,EXT-10615,2026-09-02T12:00:00+05:30,transfer,Payment observed,Review payment evidence,TX-122563
EV-TX-122568,EXT-10615,2026-09-24T12:00:00+05:30,transfer,Payment observed,Review payment evidence,TX-122568
EV-TX-122572,EXT-10615,2026-10-02T12:00:00+05:30,transfer,Payment observed,Review payment evidence,TX-122572
EV-TX-122577,EXT-10615,2026-10-24T12:00:00+05:30,transfer,Payment observed,Review payment evidence,TX-122577
EV-TX-122581,EXT-10615,2026-11-02T12:00:00+05:30,transfer,Payment observed,Review payment evidence,TX-122581
EV-TX-122587,EXT-10616,2026-08-06T12:00:00+05:30,transfer,Payment observed,Review payment evidence,TX-122587
EV-TX-122588,EXT-10616,2026-08-07T12:00:00+05:30,transfer,Payment observed,Review payment evidence,TX-122588
EV-TX-122591,EXT-10616,2026-08-16T12:00:00+05:30,transfer,Payment observed,Review payment evidence,TX-122591
EV-TX-122597,EXT-10616,2026-09-06T12:00:00+05:30,transfer,Payment observed,Review payment evidence,TX-122597
EV-TX-122598,EXT-10616,2026-09-07T12:00:00+05:30,transfer,Payment observed,Review payment evidence,TX-122598
EV-TX-122601,EXT-10616,2026-09-16T12:00:00+05:30,transfer,Payment observed,Review payment evidence,TX-122601
EV-TX-122607,EXT-10616,2026-10-06T12:00:00+05:30,transfer,Payment observed,Review payment evidence,TX-122607
EV-TX-122608,EXT-10616,2026-10-07T12:00:00+05:30,transfer,Payment observed,Review payment evidence,TX-122608
EV-TX-122611,EXT-10616,2026-10-16T12:00:00+05:30,transfer,Payment observed,Review payment evidence,TX-122611
EV-TX-122620,EXT-10617,2026-08-09T12:00:00+05:30,transfer,Payment observed,Review payment evidence,TX-122620
EV-TX-122622,EXT-10617,2026-08-20T12:00:00+05:30,transfer,Payment observed,Review payment evidence,TX-122622
EV-TX-122625,EXT-10617,2026-08-26T12:00:00+05:30,transfer,Payment observed,Review payment evidence,TX-122625
EV-TX-122630,EXT-10617,2026-09-09T12:00:00+05:30,transfer,Payment observed,Review payment evidence,TX-122630
EV-TX-122632,EXT-10617,2026-09-20T12:00:00+05:30,transfer,Payment observed,Review payment evidence,TX-122632
EV-TX-122635,EXT-10617,2026-09-26T12:00:00+05:30,transfer,Payment observed,Review payment evidence,TX-122635
EV-TX-122640,EXT-10617,2026-10-09T12:00:00+05:30,transfer,Payment observed,Review payment evidence,TX-122640
EV-TX-122642,EXT-10617,2026-10-20T12:00:00+05:30,transfer,Payment observed,Review payment evidence,TX-122642
EV-TX-122645,EXT-10617,2026-10-26T12:00:00+05:30,transfer,Payment observed,Review payment evidence,TX-122645
EV-TX-122654,EXT-10618,2026-08-16T12:00:00+05:30,transfer,Payment observed,Review payment evidence,TX-122654
EV-TX-122656,EXT-10618,2026-08-21T12:00:00+05:30,transfer,Payment observed,Review payment evidence,TX-122656
EV-TX-122657,EXT-10618,2026-08-25T12:00:00+05:30,transfer,Payment observed,Review payment evidence,TX-122657
EV-TX-122664,EXT-10618,2026-09-16T12:00:00+05:30,transfer,Payment observed,Review payment evidence,TX-122664
EV-TX-122666,EXT-10618,2026-09-21T12:00:00+05:30,transfer,Payment observed,Review payment evidence,TX-122666
EV-TX-122667,EXT-10618,2026-09-25T12:00:00+05:30,transfer,Payment observed,Review payment evidence,TX-122667
EV-TX-122674,EXT-10618,2026-10-16T12:00:00+05:30,transfer,Payment observed,Review payment evidence,TX-122674
EV-TX-122676,EXT-10618,2026-10-21T12:00:00+05:30,transfer,Payment observed,Review payment evidence,TX-122676
EV-TX-122677,EXT-10618,2026-10-25T12:00:00+05:30,transfer,Payment observed,Review payment evidence,TX-122677
EV-TX-122685,EXT-10619,2026-08-07T12:00:00+05:30,transfer,Payment observed,Review payment evidence,TX-122685
EV-TX-122686,EXT-10619,2026-08-08T12:00:00+05:30,transfer,Payment observed,Review payment evidence,TX-122686
EV-TX-122689,EXT-10619,2026-08-16T12:00:00+05:30,transfer,Payment observed,Review payment evidence,TX-122689
EV-TX-122690,EXT-10619,2026-08-19T12:00:00+05:30,transfer,Payment observed,Review payment evidence,TX-122690
EV-TX-122696,EXT-10619,2026-09-07T12:00:00+05:30,transfer,Payment observed,Review payment evidence,TX-122696
EV-TX-122697,EXT-10619,2026-09-08T12:00:00+05:30,transfer,Payment observed,Review payment evidence,TX-122697
EV-TX-122700,EXT-10619,2026-09-16T12:00:00+05:30,transfer,Payment observed,Review payment evidence,TX-122700
EV-TX-122701,EXT-10619,2026-09-19T12:00:00+05:30,transfer,Payment observed,Review payment evidence,TX-122701
EV-TX-122707,EXT-10619,2026-10-07T12:00:00+05:30,transfer,Payment observed,Review payment evidence,TX-122707
EV-TX-122708,EXT-10619,2026-10-08T12:00:00+05:30,transfer,Payment observed,Review payment evidence,TX-122708
EV-TX-122711,EXT-10619,2026-10-16T12:00:00+05:30,transfer,Payment observed,Review payment evidence,TX-122711
EV-TX-122712,EXT-10619,2026-10-19T12:00:00+05:30,transfer,Payment observed,Review payment evidence,TX-122712
EV-TX-122724,EXT-10620,2026-08-19T12:00:00+05:30,transfer,Payment observed,Review payment evidence,TX-122724
EV-TX-122726,EXT-10620,2026-08-24T12:00:00+05:30,transfer,Payment observed,Review payment evidence,TX-122726
EV-TX-122732,EXT-10620,2026-09-16T13:33:00+05:30,transfer,Payment observed,Review payment evidence,TX-122732
EV-TX-122733,EXT-10620,2026-09-19T12:00:00+05:30,transfer,Payment observed,Review payment evidence,TX-122733
EV-TX-122735,EXT-10620,2026-09-24T12:00:00+05:30,transfer,Payment observed,Review payment evidence,TX-122735
EV-TX-122741,EXT-10620,2026-10-19T12:00:00+05:30,transfer,Payment observed,Review payment evidence,TX-122741
EV-TX-122743,EXT-10620,2026-10-24T12:00:00+05:30,transfer,Payment observed,Review payment evidence,TX-122743
EV-TX-122749,EXT-10621,2026-08-06T12:00:00+05:30,transfer,Payment observed,Review payment evidence,TX-122749
EV-TX-122756,EXT-10621,2026-08-26T12:00:00+05:30,transfer,Payment observed,Review payment evidence,TX-122756
EV-TX-122759,EXT-10621,2026-09-06T12:00:00+05:30,transfer,Payment observed,Review payment evidence,TX-122759
EV-TX-122766,EXT-10621,2026-09-26T12:00:00+05:30,transfer,Payment observed,Review payment evidence,TX-122766
EV-TX-122769,EXT-10621,2026-10-06T12:00:00+05:30,transfer,Payment observed,Review payment evidence,TX-122769
EV-TX-122776,EXT-10621,2026-10-26T12:00:00+05:30,transfer,Payment observed,Review payment evidence,TX-122776
EV-TX-122783,EXT-10622,2026-08-14T12:00:00+05:30,transfer,Payment observed,Review payment evidence,TX-122783
EV-TX-122785,EXT-10622,2026-08-18T12:00:00+05:30,transfer,Payment observed,Review payment evidence,TX-122785
EV-TX-122787,EXT-10622,2026-08-21T12:00:00+05:30,transfer,Payment observed,Review payment evidence,TX-122787
EV-TX-122790,EXT-10622,2026-08-28T12:00:00+05:30,transfer,Payment observed,Review payment evidence,TX-122790
EV-TX-122794,EXT-10622,2026-09-14T12:00:00+05:30,transfer,Payment observed,Review payment evidence,TX-122794
EV-TX-122796,EXT-10622,2026-09-18T12:00:00+05:30,transfer,Payment observed,Review payment evidence,TX-122796
EV-TX-122798,EXT-10622,2026-09-21T12:00:00+05:30,transfer,Payment observed,Review payment evidence,TX-122798
EV-TX-122801,EXT-10622,2026-09-28T12:00:00+05:30,transfer,Payment observed,Review payment evidence,TX-122801
EV-TX-122806,EXT-10622,2026-10-14T12:00:00+05:30,transfer,Payment observed,Review payment evidence,TX-122806
EV-TX-122808,EXT-10622,2026-10-18T12:00:00+05:30,transfer,Payment observed,Review payment evidence,TX-122808
EV-TX-122810,EXT-10622,2026-10-21T12:00:00+05:30,transfer,Payment observed,Review payment evidence,TX-122810
EV-TX-122820,EXT-10623,2026-08-04T12:00:00+05:30,transfer,Payment observed,Review payment evidence,TX-122820
EV-TX-122824,EXT-10623,2026-08-21T12:00:00+05:30,transfer,Payment observed,Review payment evidence,TX-122824
EV-TX-122829,EXT-10623,2026-09-04T12:00:00+05:30,transfer,Payment observed,Review payment evidence,TX-122829
EV-TX-122833,EXT-10623,2026-09-21T12:00:00+05:30,transfer,Payment observed,Review payment evidence,TX-122833
EV-TX-122838,EXT-10623,2026-10-04T12:00:00+05:30,transfer,Payment observed,Review payment evidence,TX-122838
EV-TX-122842,EXT-10623,2026-10-21T12:00:00+05:30,transfer,Payment observed,Review payment evidence,TX-122842
EV-TX-122847,EXT-10623,2026-11-04T12:00:00+05:30,transfer,Payment observed,Review payment evidence,TX-122847
EV-TX-122850,EXT-10624,2026-08-03T12:00:00+05:30,transfer,Payment observed,Review payment evidence,TX-122850
EV-TX-122854,EXT-10624,2026-08-16T12:00:00+05:30,transfer,Payment observed,Review payment evidence,TX-122854
EV-TX-122859,EXT-10624,2026-09-03T12:00:00+05:30,transfer,Payment observed,Review payment evidence,TX-122859
EV-TX-122863,EXT-10624,2026-09-16T12:00:00+05:30,transfer,Payment observed,Review payment evidence,TX-122863
EV-TX-122864,EXT-10624,2026-09-17T13:11:00+05:30,transfer,Payment observed,Review payment evidence,TX-122864
EV-TX-122865,EXT-10624,2026-09-17T13:16:00+05:30,transfer,Payment observed,Review payment evidence,TX-122865
EV-TX-122870,EXT-10624,2026-10-03T12:00:00+05:30,transfer,Payment observed,Review payment evidence,TX-122870
EV-TX-122874,EXT-10624,2026-10-16T12:00:00+05:30,transfer,Payment observed,Review payment evidence,TX-122874
EV-TX-122879,EXT-10624,2026-11-03T12:00:00+05:30,transfer,Payment observed,Review payment evidence,TX-122879
EV-TX-122883,EXT-10625,2026-08-04T12:00:00+05:30,transfer,Payment observed,Review payment evidence,TX-122883
EV-TX-122887,EXT-10625,2026-08-23T12:00:00+05:30,transfer,Payment observed,Review payment evidence,TX-122887
EV-TX-122888,EXT-10625,2026-08-25T12:00:00+05:30,transfer,Payment observed,Review payment evidence,TX-122888
EV-TX-122894,EXT-10625,2026-09-04T12:00:00+05:30,transfer,Payment observed,Review payment evidence,TX-122894
EV-TX-122898,EXT-10625,2026-09-23T12:00:00+05:30,transfer,Payment observed,Review payment evidence,TX-122898
EV-TX-122899,EXT-10625,2026-09-25T12:00:00+05:30,transfer,Payment observed,Review payment evidence,TX-122899
EV-TX-122905,EXT-10625,2026-10-04T12:00:00+05:30,transfer,Payment observed,Review payment evidence,TX-122905
EV-TX-122909,EXT-10625,2026-10-23T12:00:00+05:30,transfer,Payment observed,Review payment evidence,TX-122909
EV-TX-122910,EXT-10625,2026-10-25T12:00:00+05:30,transfer,Payment observed,Review payment evidence,TX-122910
EV-TX-122916,EXT-10625,2026-11-04T12:00:00+05:30,transfer,Payment observed,Review payment evidence,TX-122916
EV-TX-122919,EXT-10626,2026-08-04T12:00:00+05:30,transfer,Payment observed,Review payment evidence,TX-122919
EV-TX-122921,EXT-10626,2026-08-05T12:00:00+05:30,transfer,Payment observed,Review payment evidence,TX-122921
EV-TX-122928,EXT-10626,2026-09-04T12:00:00+05:30,transfer,Payment observed,Review payment evidence,TX-122928
EV-TX-122930,EXT-10626,2026-09-05T12:00:00+05:30,transfer,Payment observed,Review payment evidence,TX-122930
EV-TX-122932,EXT-10626,2026-09-09T16:22:00+05:30,transfer,Payment observed,Review payment evidence,TX-122932
EV-TX-122933,EXT-10626,2026-09-09T16:25:00+05:30,transfer,Payment observed,Review payment evidence,TX-122933
EV-TX-122934,EXT-10626,2026-09-09T16:32:00+05:30,transfer,Payment observed,Review payment evidence,TX-122934
EV-TX-122940,EXT-10626,2026-10-04T12:00:00+05:30,transfer,Payment observed,Review payment evidence,TX-122940
EV-TX-122942,EXT-10626,2026-10-05T12:00:00+05:30,transfer,Payment observed,Review payment evidence,TX-122942
EV-TX-122949,EXT-10626,2026-11-04T12:00:00+05:30,transfer,Payment observed,Review payment evidence,TX-122949
EV-TX-122951,EXT-10626,2026-11-05T12:00:00+05:30,transfer,Payment observed,Review payment evidence,TX-122951
EV-TX-122956,EXT-10627,2026-08-11T12:00:00+05:30,transfer,Payment observed,Review payment evidence,TX-122956
EV-TX-122961,EXT-10627,2026-08-27T12:00:00+05:30,transfer,Payment observed,Review payment evidence,TX-122961
EV-TX-122962,EXT-10627,2026-08-28T12:00:00+05:30,transfer,Payment observed,Review payment evidence,TX-122962
EV-TX-122966,EXT-10627,2026-09-11T12:00:00+05:30,transfer,Payment observed,Review payment evidence,TX-122966
EV-TX-122968,EXT-10627,2026-09-16T17:07:00+05:30,transfer,Payment observed,Review payment evidence,TX-122968
EV-TX-122969,EXT-10627,2026-09-16T17:14:00+05:30,transfer,Payment observed,Review payment evidence,TX-122969
EV-TX-122973,EXT-10627,2026-09-27T12:00:00+05:30,transfer,Payment observed,Review payment evidence,TX-122973
EV-TX-122974,EXT-10627,2026-09-28T12:00:00+05:30,transfer,Payment observed,Review payment evidence,TX-122974
EV-TX-122978,EXT-10627,2026-10-11T12:00:00+05:30,transfer,Payment observed,Review payment evidence,TX-122978
EV-TX-122983,EXT-10627,2026-10-27T12:00:00+05:30,transfer,Payment observed,Review payment evidence,TX-122983
EV-TX-122984,EXT-10627,2026-10-28T12:00:00+05:30,transfer,Payment observed,Review payment evidence,TX-122984
EV-TX-122990,EXT-10628,2026-08-04T12:00:00+05:30,transfer,Payment observed,Review payment evidence,TX-122990
EV-TX-122993,EXT-10628,2026-08-16T12:00:00+05:30,transfer,Payment observed,Review payment evidence,TX-122993
EV-TX-122996,EXT-10628,2026-08-24T12:00:00+05:30,transfer,Payment observed,Review payment evidence,TX-122996
EV-TX-123001,EXT-10628,2026-09-04T12:00:00+05:30,transfer,Payment observed,Review payment evidence,TX-123001
EV-TX-123003,EXT-10628,2026-09-14T13:22:00+05:30,transfer,Payment observed,Review payment evidence,TX-123003
EV-TX-123004,EXT-10628,2026-09-14T13:25:00+05:30,transfer,Payment observed,Review payment evidence,TX-123004
EV-TX-123006,EXT-10628,2026-09-16T12:00:00+05:30,transfer,Payment observed,Review payment evidence,TX-123006
EV-TX-123009,EXT-10628,2026-09-24T12:00:00+05:30,transfer,Payment observed,Review payment evidence,TX-123009
EV-TX-123015,EXT-10628,2026-10-04T12:00:00+05:30,transfer,Payment observed,Review payment evidence,TX-123015
EV-TX-123018,EXT-10628,2026-10-16T12:00:00+05:30,transfer,Payment observed,Review payment evidence,TX-123018
EV-TX-123020,EXT-10628,2026-10-24T12:00:00+05:30,transfer,Payment observed,Review payment evidence,TX-123020
EV-TX-123026,EXT-10628,2026-11-04T12:00:00+05:30,transfer,Payment observed,Review payment evidence,TX-123026
EV-TX-123029,EXT-10629,2026-08-03T12:00:00+05:30,transfer,Payment observed,Review payment evidence,TX-123029
EV-TX-123030,EXT-10629,2026-08-07T12:00:00+05:30,transfer,Payment observed,Review payment evidence,TX-123030
EV-TX-123034,EXT-10629,2026-08-22T12:00:00+05:30,transfer,Payment observed,Review payment evidence,TX-123034
EV-TX-123040,EXT-10629,2026-09-03T12:00:00+05:30,transfer,Payment observed,Review payment evidence,TX-123040
EV-TX-123041,EXT-10629,2026-09-07T12:00:00+05:30,transfer,Payment observed,Review payment evidence,TX-123041
EV-TX-123046,EXT-10629,2026-09-22T12:00:00+05:30,transfer,Payment observed,Review payment evidence,TX-123046
EV-TX-123050,EXT-10629,2026-10-03T12:00:00+05:30,transfer,Payment observed,Review payment evidence,TX-123050
EV-TX-123051,EXT-10629,2026-10-07T12:00:00+05:30,transfer,Payment observed,Review payment evidence,TX-123051
EV-TX-123056,EXT-10629,2026-10-22T12:00:00+05:30,transfer,Payment observed,Review payment evidence,TX-123056
EV-TX-123060,EXT-10629,2026-11-03T12:00:00+05:30,transfer,Payment observed,Review payment evidence,TX-123060
EV-TX-123066,EXT-10630,2026-08-18T12:00:00+05:30,transfer,Payment observed,Review payment evidence,TX-123066
EV-TX-123069,EXT-10630,2026-08-26T12:00:00+05:30,transfer,Payment observed,Review payment evidence,TX-123069
EV-TX-123070,EXT-10630,2026-08-28T12:00:00+05:30,transfer,Payment observed,Review payment evidence,TX-123070
EV-TX-123074,EXT-10630,2026-09-14T17:09:00+05:30,transfer,Payment observed,Review payment evidence,TX-123074
EV-TX-123075,EXT-10630,2026-09-14T17:14:00+05:30,transfer,Payment observed,Review payment evidence,TX-123075
EV-TX-123077,EXT-10630,2026-09-18T12:00:00+05:30,transfer,Payment observed,Review payment evidence,TX-123077
EV-TX-123086,EXT-10630,2026-10-18T12:00:00+05:30,transfer,Payment observed,Review payment evidence,TX-123086
EV-TX-123094,EXT-10631,2026-08-07T12:00:00+05:30,transfer,Payment observed,Review payment evidence,TX-123094
EV-TX-123097,EXT-10631,2026-08-16T12:00:00+05:30,transfer,Payment observed,Review payment evidence,TX-123097
EV-TX-123098,EXT-10631,2026-08-18T12:00:00+05:30,transfer,Payment observed,Review payment evidence,TX-123098
EV-TX-123101,EXT-10631,2026-08-26T12:00:00+05:30,transfer,Payment observed,Review payment evidence,TX-123101
EV-TX-123106,EXT-10631,2026-09-07T12:00:00+05:30,transfer,Payment observed,Review payment evidence,TX-123106
EV-TX-123109,EXT-10631,2026-09-16T12:00:00+05:30,transfer,Payment observed,Review payment evidence,TX-123109
EV-TX-123110,EXT-10631,2026-09-18T12:00:00+05:30,transfer,Payment observed,Review payment evidence,TX-123110
EV-TX-123113,EXT-10631,2026-09-26T12:00:00+05:30,transfer,Payment observed,Review payment evidence,TX-123113
EV-TX-123118,EXT-10631,2026-10-07T12:00:00+05:30,transfer,Payment observed,Review payment evidence,TX-123118
EV-TX-123121,EXT-10631,2026-10-16T12:00:00+05:30,transfer,Payment observed,Review payment evidence,TX-123121
EV-TX-123122,EXT-10631,2026-10-18T12:00:00+05:30,transfer,Payment observed,Review payment evidence,TX-123122
EV-TX-123125,EXT-10631,2026-10-26T12:00:00+05:30,transfer,Payment observed,Review payment evidence,TX-123125
EV-TX-123132,EXT-10632,2026-08-04T12:00:00+05:30,transfer,Payment observed,Review payment evidence,TX-123132
EV-TX-123133,EXT-10632,2026-08-06T12:00:00+05:30,transfer,Payment observed,Review payment evidence,TX-123133
EV-TX-123145,EXT-10632,2026-09-04T12:00:00+05:30,transfer,Payment observed,Review payment evidence,TX-123145
EV-TX-123146,EXT-10632,2026-09-06T12:00:00+05:30,transfer,Payment observed,Review payment evidence,TX-123146
EV-TX-123148,EXT-10632,2026-09-12T14:00:00+05:30,transfer,Payment observed,Review payment evidence,TX-123148
EV-TX-123149,EXT-10632,2026-09-12T14:03:00+05:30,transfer,Payment observed,Review payment evidence,TX-123149
EV-TX-123150,EXT-10632,2026-09-12T14:08:00+05:30,transfer,Payment observed,Review payment evidence,TX-123150
EV-TX-123151,EXT-10632,2026-09-13T12:00:00+05:30,transfer,Payment observed,Review payment evidence,TX-123151
EV-TX-123161,EXT-10632,2026-10-04T12:00:00+05:30,transfer,Payment observed,Review payment evidence,TX-123161
EV-TX-123162,EXT-10632,2026-10-06T12:00:00+05:30,transfer,Payment observed,Review payment evidence,TX-123162
EV-TX-123164,EXT-10632,2026-10-13T12:00:00+05:30,transfer,Payment observed,Review payment evidence,TX-123164
EV-TX-123166,EXT-10632,2026-10-15T12:00:00+05:30,transfer,Payment observed,Review payment evidence,TX-123166
EV-TX-123172,EXT-10632,2026-11-04T12:00:00+05:30,transfer,Payment observed,Review payment evidence,TX-123172
EV-TX-123175,EXT-10633,2026-08-02T12:00:00+05:30,transfer,Payment observed,Review payment evidence,TX-123175
EV-TX-123177,EXT-10633,2026-08-05T12:00:00+05:30,transfer,Payment observed,Review payment evidence,TX-123177
EV-TX-123179,EXT-10633,2026-08-09T12:00:00+05:30,transfer,Payment observed,Review payment evidence,TX-123179
EV-TX-123181,EXT-10633,2026-08-19T12:00:00+05:30,transfer,Payment observed,Review payment evidence,TX-123181
EV-TX-123186,EXT-10633,2026-09-02T12:00:00+05:30,transfer,Payment observed,Review payment evidence,TX-123186
EV-TX-123188,EXT-10633,2026-09-05T12:00:00+05:30,transfer,Payment observed,Review payment evidence,TX-123188
EV-TX-123190,EXT-10633,2026-09-09T12:00:00+05:30,transfer,Payment observed,Review payment evidence,TX-123190
EV-TX-123192,EXT-10633,2026-09-19T12:00:00+05:30,transfer,Payment observed,Review payment evidence,TX-123192
EV-TX-123197,EXT-10633,2026-10-02T12:00:00+05:30,transfer,Payment observed,Review payment evidence,TX-123197
EV-TX-123199,EXT-10633,2026-10-05T12:00:00+05:30,transfer,Payment observed,Review payment evidence,TX-123199
EV-TX-123201,EXT-10633,2026-10-09T12:00:00+05:30,transfer,Payment observed,Review payment evidence,TX-123201
EV-TX-123203,EXT-10633,2026-10-19T12:00:00+05:30,transfer,Payment observed,Review payment evidence,TX-123203
EV-TX-123208,EXT-10633,2026-11-02T12:00:00+05:30,transfer,Payment observed,Review payment evidence,TX-123208
EV-TX-123211,EXT-10633,2026-11-05T12:00:00+05:30,transfer,Payment observed,Review payment evidence,TX-123211
EV-TX-123214,EXT-10634,2026-08-02T12:00:00+05:30,transfer,Payment observed,Review payment evidence,TX-123214
EV-TX-123217,EXT-10634,2026-08-09T12:00:00+05:30,transfer,Payment observed,Review payment evidence,TX-123217
EV-TX-123218,EXT-10634,2026-08-13T12:00:00+05:30,transfer,Payment observed,Review payment evidence,TX-123218
EV-TX-123223,EXT-10634,2026-08-28T12:00:00+05:30,transfer,Payment observed,Review payment evidence,TX-123223
EV-TX-123225,EXT-10634,2026-09-02T12:00:00+05:30,transfer,Payment observed,Review payment evidence,TX-123225
EV-TX-123228,EXT-10634,2026-09-09T12:00:00+05:30,transfer,Payment observed,Review payment evidence,TX-123228
EV-TX-123229,EXT-10634,2026-09-13T12:00:00+05:30,transfer,Payment observed,Review payment evidence,TX-123229
EV-TX-123234,EXT-10634,2026-09-28T12:00:00+05:30,transfer,Payment observed,Review payment evidence,TX-123234
EV-TX-123236,EXT-10634,2026-10-02T12:00:00+05:30,transfer,Payment observed,Review payment evidence,TX-123236
EV-TX-123239,EXT-10634,2026-10-09T12:00:00+05:30,transfer,Payment observed,Review payment evidence,TX-123239
EV-TX-123240,EXT-10634,2026-10-13T12:00:00+05:30,transfer,Payment observed,Review payment evidence,TX-123240
EV-TX-123245,EXT-10634,2026-10-28T12:00:00+05:30,transfer,Payment observed,Review payment evidence,TX-123245
EV-TX-123247,EXT-10634,2026-11-02T12:00:00+05:30,transfer,Payment observed,Review payment evidence,TX-123247
EV-TX-123256,EXT-10635,2026-08-21T12:00:00+05:30,transfer,Payment observed,Review payment evidence,TX-123256
EV-TX-123258,EXT-10635,2026-08-26T12:00:00+05:30,transfer,Payment observed,Review payment evidence,TX-123258
EV-TX-123265,EXT-10635,2026-09-21T12:00:00+05:30,transfer,Payment observed,Review payment evidence,TX-123265
EV-TX-123267,EXT-10635,2026-09-26T12:00:00+05:30,transfer,Payment observed,Review payment evidence,TX-123267
EV-TX-123274,EXT-10635,2026-10-21T12:00:00+05:30,transfer,Payment observed,Review payment evidence,TX-123274
EV-TX-123276,EXT-10635,2026-10-26T12:00:00+05:30,transfer,Payment observed,Review payment evidence,TX-123276
EV-TX-123282,EXT-10636,2026-08-07T12:00:00+05:30,transfer,Payment observed,Review payment evidence,TX-123282
EV-TX-123285,EXT-10636,2026-08-17T12:00:00+05:30,transfer,Payment observed,Review payment evidence,TX-123285
EV-TX-123287,EXT-10636,2026-08-23T12:00:00+05:30,transfer,Payment observed,Review payment evidence,TX-123287
EV-TX-123289,EXT-10636,2026-08-26T12:00:00+05:30,transfer,Payment observed,Review payment evidence,TX-123289
EV-TX-123293,EXT-10636,2026-09-07T12:00:00+05:30,transfer,Payment observed,Review payment evidence,TX-123293
EV-TX-123296,EXT-10636,2026-09-17T12:00:00+05:30,transfer,Payment observed,Review payment evidence,TX-123296
EV-TX-123298,EXT-10636,2026-09-23T12:00:00+05:30,transfer,Payment observed,Review payment evidence,TX-123298
EV-TX-123300,EXT-10636,2026-09-26T12:00:00+05:30,transfer,Payment observed,Review payment evidence,TX-123300
EV-TX-123304,EXT-10636,2026-10-07T12:00:00+05:30,transfer,Payment observed,Review payment evidence,TX-123304
EV-TX-123307,EXT-10636,2026-10-17T12:00:00+05:30,transfer,Payment observed,Review payment evidence,TX-123307
EV-TX-123309,EXT-10636,2026-10-23T12:00:00+05:30,transfer,Payment observed,Review payment evidence,TX-123309
EV-TX-123311,EXT-10636,2026-10-26T12:00:00+05:30,transfer,Payment observed,Review payment evidence,TX-123311
EV-TX-123320,EXT-10637,2026-08-09T12:00:00+05:30,transfer,Payment observed,Review payment evidence,TX-123320
EV-TX-123322,EXT-10637,2026-08-18T12:00:00+05:30,transfer,Payment observed,Review payment evidence,TX-123322
EV-TX-123324,EXT-10637,2026-08-24T12:00:00+05:30,transfer,Payment observed,Review payment evidence,TX-123324
EV-TX-123330,EXT-10637,2026-09-09T12:00:00+05:30,transfer,Payment observed,Review payment evidence,TX-123330
EV-TX-123332,EXT-10637,2026-09-18T12:00:00+05:30,transfer,Payment observed,Review payment evidence,TX-123332
EV-TX-123334,EXT-10637,2026-09-24T12:00:00+05:30,transfer,Payment observed,Review payment evidence,TX-123334
EV-TX-123340,EXT-10637,2026-10-09T12:00:00+05:30,transfer,Payment observed,Review payment evidence,TX-123340
EV-TX-123342,EXT-10637,2026-10-18T12:00:00+05:30,transfer,Payment observed,Review payment evidence,TX-123342
EV-TX-123344,EXT-10637,2026-10-24T12:00:00+05:30,transfer,Payment observed,Review payment evidence,TX-123344
EV-TX-123351,EXT-10638,2026-08-02T12:00:00+05:30,transfer,Payment observed,Review payment evidence,TX-123351
EV-TX-123353,EXT-10638,2026-08-05T12:00:00+05:30,transfer,Payment observed,Review payment evidence,TX-123353
EV-TX-123359,EXT-10638,2026-08-27T12:00:00+05:30,transfer,Payment observed,Review payment evidence,TX-123359
EV-TX-123361,EXT-10638,2026-09-02T12:00:00+05:30,transfer,Payment observed,Review payment evidence,TX-123361
EV-TX-123363,EXT-10638,2026-09-05T12:00:00+05:30,transfer,Payment observed,Review payment evidence,TX-123363
EV-TX-123366,EXT-10638,2026-09-17T16:50:00+05:30,transfer,Payment observed,Review payment evidence,TX-123366
EV-TX-123367,EXT-10638,2026-09-17T16:59:00+05:30,transfer,Payment observed,Review payment evidence,TX-123367
EV-TX-123371,EXT-10638,2026-09-27T12:00:00+05:30,transfer,Payment observed,Review payment evidence,TX-123371
EV-TX-123373,EXT-10638,2026-10-02T12:00:00+05:30,transfer,Payment observed,Review payment evidence,TX-123373
EV-TX-123375,EXT-10638,2026-10-05T12:00:00+05:30,transfer,Payment observed,Review payment evidence,TX-123375
EV-TX-123383,EXT-10638,2026-11-02T12:00:00+05:30,transfer,Payment observed,Review payment evidence,TX-123383
EV-TX-123385,EXT-10638,2026-11-05T12:00:00+05:30,transfer,Payment observed,Review payment evidence,TX-123385
EV-TX-123389,EXT-10639,2026-08-06T12:00:00+05:30,transfer,Payment observed,Review payment evidence,TX-123389
EV-TX-123392,EXT-10639,2026-08-15T12:00:00+05:30,transfer,Payment observed,Review payment evidence,TX-123392
EV-TX-123395,EXT-10639,2026-08-27T12:00:00+05:30,transfer,Payment observed,Review payment evidence,TX-123395
EV-TX-123399,EXT-10639,2026-09-06T12:00:00+05:30,transfer,Payment observed,Review payment evidence,TX-123399
EV-TX-123401,EXT-10639,2026-09-14T14:00:00+05:30,transfer,Payment observed,Review payment evidence,TX-123401
EV-TX-123402,EXT-10639,2026-09-14T14:03:00+05:30,transfer,Payment observed,Review payment evidence,TX-123402
EV-TX-123403,EXT-10639,2026-09-14T14:06:00+05:30,transfer,Payment observed,Review payment evidence,TX-123403
EV-TX-123404,EXT-10639,2026-09-14T14:14:00+05:30,transfer,Payment observed,Review payment evidence,TX-123404
EV-TX-123406,EXT-10639,2026-09-15T12:00:00+05:30,transfer,Payment observed,Review payment evidence,TX-123406
EV-TX-123407,EXT-10639,2026-09-15T15:30:00+05:30,transfer,Payment observed,Review payment evidence,TX-123407
EV-TX-123408,EXT-10639,2026-09-15T15:37:00+05:30,transfer,Payment observed,Review payment evidence,TX-123408
EV-TX-123409,EXT-10639,2026-09-15T15:42:00+05:30,transfer,Payment observed,Review payment evidence,TX-123409
EV-TX-123412,EXT-10639,2026-09-27T12:00:00+05:30,transfer,Payment observed,Review payment evidence,TX-123412
EV-TX-123416,EXT-10639,2026-10-06T12:00:00+05:30,transfer,Payment observed,Review payment evidence,TX-123416
EV-TX-123419,EXT-10639,2026-10-15T12:00:00+05:30,transfer,Payment observed,Review payment evidence,TX-123419
EV-TX-123422,EXT-10639,2026-10-27T12:00:00+05:30,transfer,Payment observed,Review payment evidence,TX-123422
EV-TX-123429,EXT-10640,2026-08-06T12:00:00+05:30,transfer,Payment observed,Review payment evidence,TX-123429
EV-TX-123434,EXT-10640,2026-08-27T12:00:00+05:30,transfer,Payment observed,Review payment evidence,TX-123434
EV-TX-123437,EXT-10640,2026-09-06T12:00:00+05:30,transfer,Payment observed,Review payment evidence,TX-123437
EV-TX-123442,EXT-10640,2026-09-27T12:00:00+05:30,transfer,Payment observed,Review payment evidence,TX-123442
EV-TX-123445,EXT-10640,2026-10-06T12:00:00+05:30,transfer,Payment observed,Review payment evidence,TX-123445
EV-TX-123450,EXT-10640,2026-10-27T12:00:00+05:30,transfer,Payment observed,Review payment evidence,TX-123450
EV-TX-123455,EXT-10641,2026-08-06T12:00:00+05:30,transfer,Payment observed,Review payment evidence,TX-123455
EV-TX-123457,EXT-10641,2026-08-09T12:00:00+05:30,transfer,Payment observed,Review payment evidence,TX-123457
EV-TX-123458,EXT-10641,2026-08-12T12:00:00+05:30,transfer,Payment observed,Review payment evidence,TX-123458
EV-TX-123460,EXT-10641,2026-08-17T12:00:00+05:30,transfer,Payment observed,Review payment evidence,TX-123460
EV-TX-123467,EXT-10641,2026-09-06T12:00:00+05:30,transfer,Payment observed,Review payment evidence,TX-123467
EV-TX-123469,EXT-10641,2026-09-09T12:00:00+05:30,transfer,Payment observed,Review payment evidence,TX-123469
EV-TX-123470,EXT-10641,2026-09-12T12:00:00+05:30,transfer,Payment observed,Review payment evidence,TX-123470
EV-TX-123472,EXT-10641,2026-09-17T12:00:00+05:30,transfer,Payment observed,Review payment evidence,TX-123472
EV-TX-123473,EXT-10641,2026-09-17T13:17:00+05:30,transfer,Payment observed,Review payment evidence,TX-123473
EV-TX-123474,EXT-10641,2026-09-17T13:25:00+05:30,transfer,Payment observed,Review payment evidence,TX-123474
EV-TX-123483,EXT-10641,2026-10-06T12:00:00+05:30,transfer,Payment observed,Review payment evidence,TX-123483
EV-TX-123487,EXT-10641,2026-10-09T12:00:00+05:30,transfer,Payment observed,Review payment evidence,TX-123487
EV-TX-123488,EXT-10641,2026-10-12T12:00:00+05:30,transfer,Payment observed,Review payment evidence,TX-123488
EV-TX-123502,EXT-10642,2026-08-07T12:00:00+05:30,transfer,Payment observed,Review payment evidence,TX-123502
EV-TX-123504,EXT-10642,2026-08-11T12:00:00+05:30,transfer,Payment observed,Review payment evidence,TX-123504
EV-TX-123505,EXT-10642,2026-08-13T12:00:00+05:30,transfer,Payment observed,Review payment evidence,TX-123505
EV-TX-123512,EXT-10642,2026-09-07T12:00:00+05:30,transfer,Payment observed,Review payment evidence,TX-123512
EV-TX-123514,EXT-10642,2026-09-11T12:00:00+05:30,transfer,Payment observed,Review payment evidence,TX-123514
EV-TX-123515,EXT-10642,2026-09-13T12:00:00+05:30,transfer,Payment observed,Review payment evidence,TX-123515
EV-TX-123522,EXT-10642,2026-10-07T12:00:00+05:30,transfer,Payment observed,Review payment evidence,TX-123522
EV-TX-123524,EXT-10642,2026-10-11T12:00:00+05:30,transfer,Payment observed,Review payment evidence,TX-123524
EV-TX-123525,EXT-10642,2026-10-13T12:00:00+05:30,transfer,Payment observed,Review payment evidence,TX-123525
EV-TX-123535,EXT-10643,2026-08-05T12:00:00+05:30,transfer,Payment observed,Review payment evidence,TX-123535
EV-TX-123536,EXT-10643,2026-08-06T12:00:00+05:30,transfer,Payment observed,Review payment evidence,TX-123536
EV-TX-123542,EXT-10643,2026-08-26T12:00:00+05:30,transfer,Payment observed,Review payment evidence,TX-123542
EV-TX-123543,EXT-10643,2026-08-27T12:00:00+05:30,transfer,Payment observed,Review payment evidence,TX-123543
EV-TX-123546,EXT-10643,2026-09-05T12:00:00+05:30,transfer,Payment observed,Review payment evidence,TX-123546
EV-TX-123547,EXT-10643,2026-09-06T12:00:00+05:30,transfer,Payment observed,Review payment evidence,TX-123547
EV-TX-123550,EXT-10643,2026-09-15T13:49:00+05:30,transfer,Payment observed,Review payment evidence,TX-123550
EV-TX-123551,EXT-10643,2026-09-15T13:54:00+05:30,transfer,Payment observed,Review payment evidence,TX-123551
EV-TX-123552,EXT-10643,2026-09-15T14:03:00+05:30,transfer,Payment observed,Review payment evidence,TX-123552
EV-TX-123553,EXT-10643,2026-09-17T15:58:00+05:30,transfer,Payment observed,Review payment evidence,TX-123553
EV-TX-123554,EXT-10643,2026-09-17T16:01:00+05:30,transfer,Payment observed,Review payment evidence,TX-123554
EV-TX-123557,EXT-10643,2026-09-26T12:00:00+05:30,transfer,Payment observed,Review payment evidence,TX-123557
EV-TX-123559,EXT-10643,2026-09-27T12:00:00+05:30,transfer,Payment observed,Review payment evidence,TX-123559
EV-TX-123563,EXT-10643,2026-10-05T12:00:00+05:30,transfer,Payment observed,Review payment evidence,TX-123563
EV-TX-123564,EXT-10643,2026-10-06T12:00:00+05:30,transfer,Payment observed,Review payment evidence,TX-123564
EV-TX-123570,EXT-10643,2026-10-26T12:00:00+05:30,transfer,Payment observed,Review payment evidence,TX-123570
EV-TX-123571,EXT-10643,2026-10-27T12:00:00+05:30,transfer,Payment observed,Review payment evidence,TX-123571
EV-TX-123574,EXT-10643,2026-11-05T12:00:00+05:30,transfer,Payment observed,Review payment evidence,TX-123574
EV-TX-123577,EXT-10644,2026-08-03T12:00:00+05:30,transfer,Payment observed,Review payment evidence,TX-123577
EV-TX-123579,EXT-10644,2026-08-05T12:00:00+05:30,transfer,Payment observed,Review payment evidence,TX-123579
EV-TX-123580,EXT-10644,2026-08-08T12:00:00+05:30,transfer,Payment observed,Review payment evidence,TX-123580
EV-TX-123583,EXT-10644,2026-08-15T12:00:00+05:30,transfer,Payment observed,Review payment evidence,TX-123583
EV-TX-123591,EXT-10644,2026-09-05T12:00:00+05:30,transfer,Payment observed,Review payment evidence,TX-123591
EV-TX-123603,EXT-10644,2026-10-05T12:00:00+05:30,transfer,Payment observed,Review payment evidence,TX-123603
EV-TX-123604,EXT-10644,2026-10-08T12:00:00+05:30,transfer,Payment observed,Review payment evidence,TX-123604
EV-TX-123616,EXT-10644,2026-11-05T12:00:00+05:30,transfer,Payment observed,Review payment evidence,TX-123616
EV-TX-123620,EXT-10645,2026-08-08T12:00:00+05:30,transfer,Payment observed,Review payment evidence,TX-123620
EV-TX-123622,EXT-10645,2026-08-09T12:00:00+05:30,transfer,Payment observed,Review payment evidence,TX-123622
EV-TX-123625,EXT-10645,2026-08-22T12:00:00+05:30,transfer,Payment observed,Review payment evidence,TX-123625
EV-TX-123630,EXT-10645,2026-09-08T12:00:00+05:30,transfer,Payment observed,Review payment evidence,TX-123630
EV-TX-123632,EXT-10645,2026-09-09T12:00:00+05:30,transfer,Payment observed,Review payment evidence,TX-123632
EV-TX-123633,EXT-10645,2026-09-11T13:24:00+05:30,transfer,Payment observed,Review payment evidence,TX-123633
EV-TX-123634,EXT-10645,2026-09-11T13:33:00+05:30,transfer,Payment observed,Review payment evidence,TX-123634
EV-TX-123635,EXT-10645,2026-09-11T13:42:00+05:30,transfer,Payment observed,Review payment evidence,TX-123635
EV-TX-123638,EXT-10645,2026-09-22T12:00:00+05:30,transfer,Payment observed,Review payment evidence,TX-123638
EV-TX-123644,EXT-10645,2026-10-08T12:00:00+05:30,transfer,Payment observed,Review payment evidence,TX-123644
EV-TX-123646,EXT-10645,2026-10-09T12:00:00+05:30,transfer,Payment observed,Review payment evidence,TX-123646
EV-TX-123659,EXT-10646,2026-08-07T12:00:00+05:30,transfer,Payment observed,Review payment evidence,TX-123659
EV-TX-123661,EXT-10646,2026-08-09T12:00:00+05:30,transfer,Payment observed,Review payment evidence,TX-123661
EV-TX-123664,EXT-10646,2026-08-24T12:00:00+05:30,transfer,Payment observed,Review payment evidence,TX-123664
EV-TX-123669,EXT-10646,2026-09-07T12:00:00+05:30,transfer,Payment observed,Review payment evidence,TX-123669
EV-TX-123671,EXT-10646,2026-09-09T12:00:00+05:30,transfer,Payment observed,Review payment evidence,TX-123671
EV-TX-123674,EXT-10646,2026-09-24T12:00:00+05:30,transfer,Payment observed,Review payment evidence,TX-123674
EV-TX-123680,EXT-10646,2026-10-07T12:00:00+05:30,transfer,Payment observed,Review payment evidence,TX-123680
EV-TX-123682,EXT-10646,2026-10-09T12:00:00+05:30,transfer,Payment observed,Review payment evidence,TX-123682
EV-TX-123685,EXT-10646,2026-10-24T12:00:00+05:30,transfer,Payment observed,Review payment evidence,TX-123685
EV-TX-123695,EXT-10647,2026-08-11T12:00:00+05:30,transfer,Payment observed,Review payment evidence,TX-123695
EV-TX-123698,EXT-10647,2026-08-21T12:00:00+05:30,transfer,Payment observed,Review payment evidence,TX-123698
EV-TX-123704,EXT-10647,2026-09-11T12:00:00+05:30,transfer,Payment observed,Review payment evidence,TX-123704
EV-TX-123707,EXT-10647,2026-09-21T12:00:00+05:30,transfer,Payment observed,Review payment evidence,TX-123707
EV-TX-123713,EXT-10647,2026-10-11T12:00:00+05:30,transfer,Payment observed,Review payment evidence,TX-123713
EV-TX-123716,EXT-10647,2026-10-21T12:00:00+05:30,transfer,Payment observed,Review payment evidence,TX-123716
EV-TX-123724,EXT-10648,2026-08-03T12:00:00+05:30,transfer,Payment observed,Review payment evidence,TX-123724
EV-TX-123726,EXT-10648,2026-08-12T12:00:00+05:30,transfer,Payment observed,Review payment evidence,TX-123726
EV-TX-123727,EXT-10648,2026-08-14T12:00:00+05:30,transfer,Payment observed,Review payment evidence,TX-123727
EV-TX-123730,EXT-10648,2026-08-22T12:00:00+05:30,transfer,Payment observed,Review payment evidence,TX-123730
EV-TX-123735,EXT-10648,2026-09-03T12:00:00+05:30,transfer,Payment observed,Review payment evidence,TX-123735
EV-TX-123737,EXT-10648,2026-09-12T12:00:00+05:30,transfer,Payment observed,Review payment evidence,TX-123737
EV-TX-123738,EXT-10648,2026-09-14T12:00:00+05:30,transfer,Payment observed,Review payment evidence,TX-123738
EV-TX-123741,EXT-10648,2026-09-22T12:00:00+05:30,transfer,Payment observed,Review payment evidence,TX-123741
EV-TX-123747,EXT-10648,2026-10-03T12:00:00+05:30,transfer,Payment observed,Review payment evidence,TX-123747
EV-TX-123759,EXT-10648,2026-11-03T12:00:00+05:30,transfer,Payment observed,Review payment evidence,TX-123759
EV-TX-123763,EXT-10649,2026-08-05T12:00:00+05:30,transfer,Payment observed,Review payment evidence,TX-123763
EV-TX-123764,EXT-10649,2026-08-08T12:00:00+05:30,transfer,Payment observed,Review payment evidence,TX-123764
EV-TX-123767,EXT-10649,2026-08-16T12:00:00+05:30,transfer,Payment observed,Review payment evidence,TX-123767
EV-TX-123769,EXT-10649,2026-08-23T12:00:00+05:30,transfer,Payment observed,Review payment evidence,TX-123769
EV-TX-123774,EXT-10649,2026-09-05T12:00:00+05:30,transfer,Payment observed,Review payment evidence,TX-123774
EV-TX-123775,EXT-10649,2026-09-08T12:00:00+05:30,transfer,Payment observed,Review payment evidence,TX-123775
EV-TX-123777,EXT-10649,2026-09-14T18:00:00+05:30,transfer,Payment observed,Review payment evidence,TX-123777
EV-TX-123778,EXT-10649,2026-09-14T18:09:00+05:30,transfer,Payment observed,Review payment evidence,TX-123778
EV-TX-123780,EXT-10649,2026-09-16T12:00:00+05:30,transfer,Payment observed,Review payment evidence,TX-123780
EV-TX-123782,EXT-10649,2026-09-23T12:00:00+05:30,transfer,Payment observed,Review payment evidence,TX-123782
EV-TX-123787,EXT-10649,2026-10-05T12:00:00+05:30,transfer,Payment observed,Review payment evidence,TX-123787
EV-TX-123788,EXT-10649,2026-10-08T12:00:00+05:30,transfer,Payment observed,Review payment evidence,TX-123788
EV-TX-123791,EXT-10649,2026-10-16T12:00:00+05:30,transfer,Payment observed,Review payment evidence,TX-123791
EV-TX-123793,EXT-10649,2026-10-23T12:00:00+05:30,transfer,Payment observed,Review payment evidence,TX-123793
EV-TX-123798,EXT-10649,2026-11-05T12:00:00+05:30,transfer,Payment observed,Review payment evidence,TX-123798
EV-TX-123802,EXT-10650,2026-08-04T12:00:00+05:30,transfer,Payment observed,Review payment evidence,TX-123802
EV-TX-123804,EXT-10650,2026-08-09T12:00:00+05:30,transfer,Payment observed,Review payment evidence,TX-123804
EV-TX-123805,EXT-10650,2026-08-11T12:00:00+05:30,transfer,Payment observed,Review payment evidence,TX-123805
EV-TX-123806,EXT-10650,2026-08-13T12:00:00+05:30,transfer,Payment observed,Review payment evidence,TX-123806
EV-TX-123812,EXT-10650,2026-09-04T12:00:00+05:30,transfer,Payment observed,Review payment evidence,TX-123812
EV-TX-123814,EXT-10650,2026-09-09T12:00:00+05:30,transfer,Payment observed,Review payment evidence,TX-123814
EV-TX-123815,EXT-10650,2026-09-11T12:00:00+05:30,transfer,Payment observed,Review payment evidence,TX-123815
EV-TX-123816,EXT-10650,2026-09-13T12:00:00+05:30,transfer,Payment observed,Review payment evidence,TX-123816
EV-TX-123818,EXT-10650,2026-09-16T16:28:00+05:30,transfer,Payment observed,Review payment evidence,TX-123818
EV-TX-123819,EXT-10650,2026-09-16T16:34:00+05:30,transfer,Payment observed,Review payment evidence,TX-123819
EV-TX-123820,EXT-10650,2026-09-16T16:34:00+05:30,transfer,Payment observed,Review payment evidence,TX-123820
EV-TX-123825,EXT-10650,2026-10-04T12:00:00+05:30,transfer,Payment observed,Review payment evidence,TX-123825
EV-TX-123827,EXT-10650,2026-10-09T12:00:00+05:30,transfer,Payment observed,Review payment evidence,TX-123827
EV-TX-123828,EXT-10650,2026-10-11T12:00:00+05:30,transfer,Payment observed,Review payment evidence,TX-123828
EV-TX-123829,EXT-10650,2026-10-13T12:00:00+05:30,transfer,Payment observed,Review payment evidence,TX-123829
EV-TX-123835,EXT-10650,2026-11-04T12:00:00+05:30,transfer,Payment observed,Review payment evidence,TX-123835
EV-TX-123838,EXT-10651,2026-08-03T12:00:00+05:30,transfer,Payment observed,Review payment evidence,TX-123838
EV-TX-123839,EXT-10651,2026-08-06T12:00:00+05:30,transfer,Payment observed,Review payment evidence,TX-123839
EV-TX-123842,EXT-10651,2026-08-15T12:00:00+05:30,transfer,Payment observed,Review payment evidence,TX-123842
EV-TX-123843,EXT-10651,2026-08-19T12:00:00+05:30,transfer,Payment observed,Review payment evidence,TX-123843
EV-TX-123850,EXT-10651,2026-09-03T12:00:00+05:30,transfer,Payment observed,Review payment evidence,TX-123850
EV-TX-123851,EXT-10651,2026-09-06T12:00:00+05:30,transfer,Payment observed,Review payment evidence,TX-123851
EV-TX-123853,EXT-10651,2026-09-09T14:32:00+05:30,transfer,Payment observed,Review payment evidence,TX-123853
EV-TX-123854,EXT-10651,2026-09-09T14:36:00+05:30,transfer,Payment observed,Review payment evidence,TX-123854
EV-TX-123856,EXT-10651,2026-09-15T12:00:00+05:30,transfer,Payment observed,Review payment evidence,TX-123856
EV-TX-123857,EXT-10651,2026-09-19T12:00:00+05:30,transfer,Payment observed,Review payment evidence,TX-123857
EV-TX-123866,EXT-10651,2026-10-03T12:00:00+05:30,transfer,Payment observed,Review payment evidence,TX-123866
EV-TX-123867,EXT-10651,2026-10-06T12:00:00+05:30,transfer,Payment observed,Review payment evidence,TX-123867
EV-TX-123870,EXT-10651,2026-10-15T12:00:00+05:30,transfer,Payment observed,Review payment evidence,TX-123870
EV-TX-123879,EXT-10651,2026-11-03T12:00:00+05:30,transfer,Payment observed,Review payment evidence,TX-123879
EV-TX-123884,EXT-10652,2026-08-19T12:00:00+05:30,transfer,Payment observed,Review payment evidence,TX-123884
EV-TX-123885,EXT-10652,2026-08-20T12:00:00+05:30,transfer,Payment observed,Review payment evidence,TX-123885
EV-TX-123887,EXT-10652,2026-08-21T12:00:00+05:30,transfer,Payment observed,Review payment evidence,TX-123887
EV-TX-123888,EXT-10652,2026-08-25T12:00:00+05:30,transfer,Payment observed,Review payment evidence,TX-123888
EV-TX-123895,EXT-10652,2026-09-19T12:00:00+05:30,transfer,Payment observed,Review payment evidence,TX-123895
EV-TX-123896,EXT-10652,2026-09-20T12:00:00+05:30,transfer,Payment observed,Review payment evidence,TX-123896
EV-TX-123898,EXT-10652,2026-09-21T12:00:00+05:30,transfer,Payment observed,Review payment evidence,TX-123898
EV-TX-123899,EXT-10652,2026-09-25T12:00:00+05:30,transfer,Payment observed,Review payment evidence,TX-123899
EV-TX-123906,EXT-10652,2026-10-19T12:00:00+05:30,transfer,Payment observed,Review payment evidence,TX-123906
EV-TX-123907,EXT-10652,2026-10-20T12:00:00+05:30,transfer,Payment observed,Review payment evidence,TX-123907
EV-TX-123909,EXT-10652,2026-10-21T12:00:00+05:30,transfer,Payment observed,Review payment evidence,TX-123909
EV-TX-123910,EXT-10652,2026-10-25T12:00:00+05:30,transfer,Payment observed,Review payment evidence,TX-123910
EV-TX-123918,EXT-10653,2026-08-03T12:00:00+05:30,transfer,Payment observed,Review payment evidence,TX-123918
EV-TX-123921,EXT-10653,2026-08-18T12:00:00+05:30,transfer,Payment observed,Review payment evidence,TX-123921
EV-TX-123927,EXT-10653,2026-09-03T12:00:00+05:30,transfer,Payment observed,Review payment evidence,TX-123927
EV-TX-123930,EXT-10653,2026-09-18T12:00:00+05:30,transfer,Payment observed,Review payment evidence,TX-123930
EV-TX-123936,EXT-10653,2026-10-03T12:00:00+05:30,transfer,Payment observed,Review payment evidence,TX-123936
EV-TX-123939,EXT-10653,2026-10-18T12:00:00+05:30,transfer,Payment observed,Review payment evidence,TX-123939
EV-TX-123945,EXT-10653,2026-11-03T12:00:00+05:30,transfer,Payment observed,Review payment evidence,TX-123945
EV-TX-123950,EXT-10654,2026-08-09T12:00:00+05:30,transfer,Payment observed,Review payment evidence,TX-123950
EV-TX-123951,EXT-10654,2026-08-10T12:00:00+05:30,transfer,Payment observed,Review payment evidence,TX-123951
EV-TX-123952,EXT-10654,2026-08-12T12:00:00+05:30,transfer,Payment observed,Review payment evidence,TX-123952
EV-TX-123955,EXT-10654,2026-08-21T12:00:00+05:30,transfer,Payment observed,Review payment evidence,TX-123955
EV-TX-123961,EXT-10654,2026-09-09T12:00:00+05:30,transfer,Payment observed,Review payment evidence,TX-123961
EV-TX-123962,EXT-10654,2026-09-10T12:00:00+05:30,transfer,Payment observed,Review payment evidence,TX-123962
EV-TX-123963,EXT-10654,2026-09-12T12:00:00+05:30,transfer,Payment observed,Review payment evidence,TX-123963
EV-TX-123965,EXT-10654,2026-09-17T16:28:00+05:30,transfer,Payment observed,Review payment evidence,TX-123965
EV-TX-123966,EXT-10654,2026-09-17T16:37:00+05:30,transfer,Payment observed,Review payment evidence,TX-123966
EV-TX-123968,EXT-10654,2026-09-21T12:00:00+05:30,transfer,Payment observed,Review payment evidence,TX-123968
EV-TX-123974,EXT-10654,2026-10-09T12:00:00+05:30,transfer,Payment observed,Review payment evidence,TX-123974
EV-TX-123975,EXT-10654,2026-10-10T12:00:00+05:30,transfer,Payment observed,Review payment evidence,TX-123975
EV-TX-123976,EXT-10654,2026-10-12T12:00:00+05:30,transfer,Payment observed,Review payment evidence,TX-123976
EV-TX-123979,EXT-10654,2026-10-21T12:00:00+05:30,transfer,Payment observed,Review payment evidence,TX-123979
EV-TX-123987,EXT-10655,2026-08-06T12:00:00+05:30,transfer,Payment observed,Review payment evidence,TX-123987
EV-TX-123990,EXT-10655,2026-08-17T12:00:00+05:30,transfer,Payment observed,Review payment evidence,TX-123990
EV-TX-123996,EXT-10655,2026-09-06T12:00:00+05:30,transfer,Payment observed,Review payment evidence,TX-123996
EV-TX-123999,EXT-10655,2026-09-17T12:00:00+05:30,transfer,Payment observed,Review payment evidence,TX-123999
EV-TX-124005,EXT-10655,2026-10-06T12:00:00+05:30,transfer,Payment observed,Review payment evidence,TX-124005
EV-TX-124008,EXT-10655,2026-10-17T12:00:00+05:30,transfer,Payment observed,Review payment evidence,TX-124008
EV-TX-124017,EXT-10656,2026-08-07T12:00:00+05:30,transfer,Payment observed,Review payment evidence,TX-124017
EV-TX-124021,EXT-10656,2026-08-24T12:00:00+05:30,transfer,Payment observed,Review payment evidence,TX-124021
EV-TX-124026,EXT-10656,2026-09-07T12:00:00+05:30,transfer,Payment observed,Review payment evidence,TX-124026
EV-TX-124028,EXT-10656,2026-09-11T14:16:00+05:30,transfer,Payment observed,Review payment evidence,TX-124028
EV-TX-124029,EXT-10656,2026-09-11T14:23:00+05:30,transfer,Payment observed,Review payment evidence,TX-124029
EV-TX-124032,EXT-10656,2026-09-24T12:00:00+05:30,transfer,Payment observed,Review payment evidence,TX-124032
EV-TX-124037,EXT-10656,2026-10-07T12:00:00+05:30,transfer,Payment observed,Review payment evidence,TX-124037
EV-TX-124041,EXT-10656,2026-10-24T12:00:00+05:30,transfer,Payment observed,Review payment evidence,TX-124041
EV-TX-124050,EXT-10657,2026-08-11T12:00:00+05:30,transfer,Payment observed,Review payment evidence,TX-124050
EV-TX-124054,EXT-10657,2026-08-24T12:00:00+05:30,transfer,Payment observed,Review payment evidence,TX-124054
EV-TX-124056,EXT-10657,2026-08-27T12:00:00+05:30,transfer,Payment observed,Review payment evidence,TX-124056
EV-TX-124057,EXT-10657,2026-08-28T12:00:00+05:30,transfer,Payment observed,Review payment evidence,TX-124057
EV-TX-124061,EXT-10657,2026-09-11T12:00:00+05:30,transfer,Payment observed,Review payment evidence,TX-124061
EV-TX-124065,EXT-10657,2026-09-24T12:00:00+05:30,transfer,Payment observed,Review payment evidence,TX-124065
EV-TX-124068,EXT-10657,2026-09-27T12:00:00+05:30,transfer,Payment observed,Review payment evidence,TX-124068
EV-TX-124074,EXT-10657,2026-10-11T12:00:00+05:30,transfer,Payment observed,Review payment evidence,TX-124074
EV-TX-124078,EXT-10657,2026-10-24T12:00:00+05:30,transfer,Payment observed,Review payment evidence,TX-124078
EV-TX-124091,EXT-10658,2026-08-17T12:00:00+05:30,transfer,Payment observed,Review payment evidence,TX-124091
EV-TX-124093,EXT-10658,2026-08-22T12:00:00+05:30,transfer,Payment observed,Review payment evidence,TX-124093
EV-TX-124096,EXT-10658,2026-08-28T12:00:00+05:30,transfer,Payment observed,Review payment evidence,TX-124096
EV-TX-124101,EXT-10658,2026-09-17T12:00:00+05:30,transfer,Payment observed,Review payment evidence,TX-124101
EV-TX-124103,EXT-10658,2026-09-22T12:00:00+05:30,transfer,Payment observed,Review payment evidence,TX-124103
EV-TX-124106,EXT-10658,2026-09-28T12:00:00+05:30,transfer,Payment observed,Review payment evidence,TX-124106
EV-TX-124111,EXT-10658,2026-10-17T12:00:00+05:30,transfer,Payment observed,Review payment evidence,TX-124111
EV-TX-124113,EXT-10658,2026-10-22T12:00:00+05:30,transfer,Payment observed,Review payment evidence,TX-124113
EV-TX-124116,EXT-10658,2026-10-28T12:00:00+05:30,transfer,Payment observed,Review payment evidence,TX-124116
EV-TX-124124,EXT-10659,2026-08-20T12:00:00+05:30,transfer,Payment observed,Review payment evidence,TX-124124
EV-TX-124126,EXT-10659,2026-08-21T12:00:00+05:30,transfer,Payment observed,Review payment evidence,TX-124126
EV-TX-124132,EXT-10659,2026-09-09T14:11:00+05:30,transfer,Payment observed,Review payment evidence,TX-124132
EV-TX-124133,EXT-10659,2026-09-09T14:21:00+05:30,transfer,Payment observed,Review payment evidence,TX-124133
EV-TX-124135,EXT-10659,2026-09-20T12:00:00+05:30,transfer,Payment observed,Review payment evidence,TX-124135
EV-TX-124137,EXT-10659,2026-09-21T12:00:00+05:30,transfer,Payment observed,Review payment evidence,TX-124137
EV-TX-124146,EXT-10659,2026-10-20T12:00:00+05:30,transfer,Payment observed,Review payment evidence,TX-124146
EV-TX-124148,EXT-10659,2026-10-21T12:00:00+05:30,transfer,Payment observed,Review payment evidence,TX-124148
EV-TX-124156,EXT-10660,2026-08-08T12:00:00+05:30,transfer,Payment observed,Review payment evidence,TX-124156
EV-TX-124159,EXT-10660,2026-08-17T12:00:00+05:30,transfer,Payment observed,Review payment evidence,TX-124159
EV-TX-124164,EXT-10660,2026-09-08T12:00:00+05:30,transfer,Payment observed,Review payment evidence,TX-124164
EV-TX-124166,EXT-10660,2026-09-12T14:32:00+05:30,transfer,Payment observed,Review payment evidence,TX-124166
EV-TX-124167,EXT-10660,2026-09-12T14:38:00+05:30,transfer,Payment observed,Review payment evidence,TX-124167
EV-TX-124169,EXT-10660,2026-09-17T12:00:00+05:30,transfer,Payment observed,Review payment evidence,TX-124169
EV-TX-124170,EXT-10660,2026-09-19T14:00:00+05:30,transfer,Payment observed,Review payment evidence,TX-124170
EV-TX-124171,EXT-10660,2026-09-19T14:03:00+05:30,transfer,Payment observed,Review payment evidence,TX-124171
EV-TX-124172,EXT-10660,2026-09-19T14:06:00+05:30,transfer,Payment observed,Review payment evidence,TX-124172
EV-TX-124173,EXT-10660,2026-09-19T14:14:00+05:30,transfer,Payment observed,Review payment evidence,TX-124173
EV-TX-124178,EXT-10660,2026-10-08T12:00:00+05:30,transfer,Payment observed,Review payment evidence,TX-124178
EV-TX-124181,EXT-10660,2026-10-17T12:00:00+05:30,transfer,Payment observed,Review payment evidence,TX-124181
EV-TX-124187,EXT-10661,2026-08-04T12:00:00+05:30,transfer,Payment observed,Review payment evidence,TX-124187
EV-TX-124188,EXT-10661,2026-08-06T12:00:00+05:30,transfer,Payment observed,Review payment evidence,TX-124188
EV-TX-124194,EXT-10661,2026-08-24T12:00:00+05:30,transfer,Payment observed,Review payment evidence,TX-124194
EV-TX-124198,EXT-10661,2026-09-04T12:00:00+05:30,transfer,Payment observed,Review payment evidence,TX-124198
EV-TX-124199,EXT-10661,2026-09-06T12:00:00+05:30,transfer,Payment observed,Review payment evidence,TX-124199
EV-TX-124201,EXT-10661,2026-09-10T14:41:00+05:30,transfer,Payment observed,Review payment evidence,TX-124201
EV-TX-124202,EXT-10661,2026-09-10T14:51:00+05:30,transfer,Payment observed,Review payment evidence,TX-124202
EV-TX-124206,EXT-10661,2026-09-24T12:00:00+05:30,transfer,Payment observed,Review payment evidence,TX-124206
EV-TX-124213,EXT-10661,2026-10-04T12:00:00+05:30,transfer,Payment observed,Review payment evidence,TX-124213
EV-TX-124214,EXT-10661,2026-10-06T12:00:00+05:30,transfer,Payment observed,Review payment evidence,TX-124214
EV-TX-124218,EXT-10661,2026-10-24T12:00:00+05:30,transfer,Payment observed,Review payment evidence,TX-124218
EV-TX-124225,EXT-10661,2026-11-04T12:00:00+05:30,transfer,Payment observed,Review payment evidence,TX-124225
EV-TX-124231,EXT-10662,2026-08-18T12:00:00+05:30,transfer,Payment observed,Review payment evidence,TX-124231
EV-TX-124234,EXT-10662,2026-08-25T12:00:00+05:30,transfer,Payment observed,Review payment evidence,TX-124234
EV-TX-124240,EXT-10662,2026-09-18T12:00:00+05:30,transfer,Payment observed,Review payment evidence,TX-124240
EV-TX-124243,EXT-10662,2026-09-25T12:00:00+05:30,transfer,Payment observed,Review payment evidence,TX-124243
EV-TX-124249,EXT-10662,2026-10-18T12:00:00+05:30,transfer,Payment observed,Review payment evidence,TX-124249
EV-TX-124252,EXT-10662,2026-10-25T12:00:00+05:30,transfer,Payment observed,Review payment evidence,TX-124252
EV-TX-124257,EXT-10663,2026-08-02T12:00:00+05:30,transfer,Payment observed,Review payment evidence,TX-124257
EV-TX-124260,EXT-10663,2026-08-11T12:00:00+05:30,transfer,Payment observed,Review payment evidence,TX-124260
EV-TX-124262,EXT-10663,2026-08-15T12:00:00+05:30,transfer,Payment observed,Review payment evidence,TX-124262
EV-TX-124267,EXT-10663,2026-09-02T12:00:00+05:30,transfer,Payment observed,Review payment evidence,TX-124267
EV-TX-124270,EXT-10663,2026-09-11T12:00:00+05:30,transfer,Payment observed,Review payment evidence,TX-124270
EV-TX-124272,EXT-10663,2026-09-15T12:00:00+05:30,transfer,Payment observed,Review payment evidence,TX-124272
EV-TX-124273,EXT-10663,2026-09-17T15:08:00+05:30,transfer,Payment observed,Review payment evidence,TX-124273
EV-TX-124274,EXT-10663,2026-09-17T15:12:00+05:30,transfer,Payment observed,Review payment evidence,TX-124274
EV-TX-124279,EXT-10663,2026-10-02T12:00:00+05:30,transfer,Payment observed,Review payment evidence,TX-124279
EV-TX-124282,EXT-10663,2026-10-11T12:00:00+05:30,transfer,Payment observed,Review payment evidence,TX-124282
EV-TX-124284,EXT-10663,2026-10-15T12:00:00+05:30,transfer,Payment observed,Review payment evidence,TX-124284
EV-TX-124289,EXT-10663,2026-11-02T12:00:00+05:30,transfer,Payment observed,Review payment evidence,TX-124289
EV-TX-124294,EXT-10664,2026-08-08T12:00:00+05:30,transfer,Payment observed,Review payment evidence,TX-124294
EV-TX-124300,EXT-10664,2026-08-26T12:00:00+05:30,transfer,Payment observed,Review payment evidence,TX-124300
EV-TX-124303,EXT-10664,2026-09-08T12:00:00+05:30,transfer,Payment observed,Review payment evidence,TX-124303
EV-TX-124309,EXT-10664,2026-09-26T12:00:00+05:30,transfer,Payment observed,Review payment evidence,TX-124309
EV-TX-124312,EXT-10664,2026-10-08T12:00:00+05:30,transfer,Payment observed,Review payment evidence,TX-124312
EV-TX-124318,EXT-10664,2026-10-26T12:00:00+05:30,transfer,Payment observed,Review payment evidence,TX-124318
EV-TX-124323,EXT-10665,2026-08-03T12:00:00+05:30,transfer,Payment observed,Review payment evidence,TX-124323
EV-TX-124326,EXT-10665,2026-08-17T12:00:00+05:30,transfer,Payment observed,Review payment evidence,TX-124326
EV-TX-124328,EXT-10665,2026-08-23T12:00:00+05:30,transfer,Payment observed,Review payment evidence,TX-124328
EV-TX-124333,EXT-10665,2026-09-03T12:00:00+05:30,transfer,Payment observed,Review payment evidence,TX-124333
EV-TX-124336,EXT-10665,2026-09-17T12:00:00+05:30,transfer,Payment observed,Review payment evidence,TX-124336
EV-TX-124338,EXT-10665,2026-09-23T12:00:00+05:30,transfer,Payment observed,Review payment evidence,TX-124338
EV-TX-124343,EXT-10665,2026-10-03T12:00:00+05:30,transfer,Payment observed,Review payment evidence,TX-124343
EV-TX-124346,EXT-10665,2026-10-17T12:00:00+05:30,transfer,Payment observed,Review payment evidence,TX-124346
EV-TX-124348,EXT-10665,2026-10-23T12:00:00+05:30,transfer,Payment observed,Review payment evidence,TX-124348
EV-TX-124353,EXT-10665,2026-11-03T12:00:00+05:30,transfer,Payment observed,Review payment evidence,TX-124353
EV-TX-124357,EXT-10666,2026-08-08T12:00:00+05:30,transfer,Payment observed,Review payment evidence,TX-124357
EV-TX-124360,EXT-10666,2026-08-16T12:00:00+05:30,transfer,Payment observed,Review payment evidence,TX-124360
EV-TX-124361,EXT-10666,2026-08-19T12:00:00+05:30,transfer,Payment observed,Review payment evidence,TX-124361
EV-TX-124363,EXT-10666,2026-08-25T12:00:00+05:30,transfer,Payment observed,Review payment evidence,TX-124363
EV-TX-124368,EXT-10666,2026-09-08T12:00:00+05:30,transfer,Payment observed,Review payment evidence,TX-124368
EV-TX-124370,EXT-10666,2026-09-14T15:05:00+05:30,transfer,Payment observed,Review payment evidence,TX-124370
EV-TX-124371,EXT-10666,2026-09-14T15:12:00+05:30,transfer,Payment observed,Review payment evidence,TX-124371
EV-TX-124373,EXT-10666,2026-09-16T12:00:00+05:30,transfer,Payment observed,Review payment evidence,TX-124373
EV-TX-124381,EXT-10666,2026-10-08T12:00:00+05:30,transfer,Payment observed,Review payment evidence,TX-124381
EV-TX-124384,EXT-10666,2026-10-16T12:00:00+05:30,transfer,Payment observed,Review payment evidence,TX-124384
EV-TX-124395,EXT-10667,2026-08-08T12:00:00+05:30,transfer,Payment observed,Review payment evidence,TX-124395
EV-TX-124397,EXT-10667,2026-08-13T12:00:00+05:30,transfer,Payment observed,Review payment evidence,TX-124397
EV-TX-124404,EXT-10667,2026-09-08T12:00:00+05:30,transfer,Payment observed,Review payment evidence,TX-124404
EV-TX-124406,EXT-10667,2026-09-13T12:00:00+05:30,transfer,Payment observed,Review payment evidence,TX-124406
EV-TX-124408,EXT-10667,2026-09-17T16:04:00+05:30,transfer,Payment observed,Review payment evidence,TX-124408
EV-TX-124409,EXT-10667,2026-09-17T16:10:00+05:30,transfer,Payment observed,Review payment evidence,TX-124409
EV-TX-124410,EXT-10667,2026-09-17T16:16:00+05:30,transfer,Payment observed,Review payment evidence,TX-124410
EV-TX-124416,EXT-10667,2026-10-08T12:00:00+05:30,transfer,Payment observed,Review payment evidence,TX-124416
EV-TX-124418,EXT-10667,2026-10-13T12:00:00+05:30,transfer,Payment observed,Review payment evidence,TX-124418
EV-TX-124427,EXT-10668,2026-08-02T12:00:00+05:30,transfer,Payment observed,Review payment evidence,TX-124427
EV-TX-124430,EXT-10668,2026-08-14T12:00:00+05:30,transfer,Payment observed,Review payment evidence,TX-124430
EV-TX-124432,EXT-10668,2026-08-15T12:00:00+05:30,transfer,Payment observed,Review payment evidence,TX-124432
EV-TX-124436,EXT-10668,2026-08-26T12:00:00+05:30,transfer,Payment observed,Review payment evidence,TX-124436
EV-TX-124438,EXT-10668,2026-09-02T12:00:00+05:30,transfer,Payment observed,Review payment evidence,TX-124438
EV-TX-124441,EXT-10668,2026-09-14T12:00:00+05:30,transfer,Payment observed,Review payment evidence,TX-124441
EV-TX-124443,EXT-10668,2026-09-15T12:00:00+05:30,transfer,Payment observed,Review payment evidence,TX-124443
EV-TX-124444,EXT-10668,2026-09-20T17:31:00+05:30,transfer,Payment observed,Review payment evidence,TX-124444
EV-TX-124445,EXT-10668,2026-09-20T17:34:00+05:30,transfer,Payment observed,Review payment evidence,TX-124445
EV-TX-124446,EXT-10668,2026-09-20T17:37:00+05:30,transfer,Payment observed,Review payment evidence,TX-124446
EV-TX-124450,EXT-10668,2026-09-26T12:00:00+05:30,transfer,Payment observed,Review payment evidence,TX-124450
EV-TX-124452,EXT-10668,2026-10-02T12:00:00+05:30,transfer,Payment observed,Review payment evidence,TX-124452
EV-TX-124455,EXT-10668,2026-10-14T12:00:00+05:30,transfer,Payment observed,Review payment evidence,TX-124455
EV-TX-124457,EXT-10668,2026-10-15T12:00:00+05:30,transfer,Payment observed,Review payment evidence,TX-124457
EV-TX-124461,EXT-10668,2026-10-26T12:00:00+05:30,transfer,Payment observed,Review payment evidence,TX-124461
EV-TX-124463,EXT-10668,2026-11-02T12:00:00+05:30,transfer,Payment observed,Review payment evidence,TX-124463
EV-TX-124468,EXT-10669,2026-08-06T12:00:00+05:30,transfer,Payment observed,Review payment evidence,TX-124468
EV-TX-124469,EXT-10669,2026-08-07T12:00:00+05:30,transfer,Payment observed,Review payment evidence,TX-124469
EV-TX-124472,EXT-10669,2026-08-20T12:00:00+05:30,transfer,Payment observed,Review payment evidence,TX-124472
EV-TX-124475,EXT-10669,2026-08-25T12:00:00+05:30,transfer,Payment observed,Review payment evidence,TX-124475
EV-TX-124479,EXT-10669,2026-09-06T12:00:00+05:30,transfer,Payment observed,Review payment evidence,TX-124479
EV-TX-124480,EXT-10669,2026-09-07T12:00:00+05:30,transfer,Payment observed,Review payment evidence,TX-124480
EV-TX-124483,EXT-10669,2026-09-19T17:25:00+05:30,transfer,Payment observed,Review payment evidence,TX-124483
EV-TX-124484,EXT-10669,2026-09-19T17:35:00+05:30,transfer,Payment observed,Review payment evidence,TX-124484
EV-TX-124485,EXT-10669,2026-09-20T12:00:00+05:30,transfer,Payment observed,Review payment evidence,TX-124485
EV-TX-124488,EXT-10669,2026-09-25T12:00:00+05:30,transfer,Payment observed,Review payment evidence,TX-124488
EV-TX-124493,EXT-10669,2026-10-06T12:00:00+05:30,transfer,Payment observed,Review payment evidence,TX-124493
EV-TX-124494,EXT-10669,2026-10-07T12:00:00+05:30,transfer,Payment observed,Review payment evidence,TX-124494
EV-TX-124497,EXT-10669,2026-10-20T12:00:00+05:30,transfer,Payment observed,Review payment evidence,TX-124497
EV-TX-124509,EXT-10670,2026-08-07T12:00:00+05:30,transfer,Payment observed,Review payment evidence,TX-124509
EV-TX-124511,EXT-10670,2026-08-10T12:00:00+05:30,transfer,Payment observed,Review payment evidence,TX-124511
EV-TX-124512,EXT-10670,2026-08-13T12:00:00+05:30,transfer,Payment observed,Review payment evidence,TX-124512
EV-TX-124514,EXT-10670,2026-08-15T12:00:00+05:30,transfer,Payment observed,Review payment evidence,TX-124514
EV-TX-124519,EXT-10670,2026-09-07T12:00:00+05:30,transfer,Payment observed,Review payment evidence,TX-124519
EV-TX-124521,EXT-10670,2026-09-10T12:00:00+05:30,transfer,Payment observed,Review payment evidence,TX-124521
EV-TX-124522,EXT-10670,2026-09-13T12:00:00+05:30,transfer,Payment observed,Review payment evidence,TX-124522
EV-TX-124524,EXT-10670,2026-09-15T12:00:00+05:30,transfer,Payment observed,Review payment evidence,TX-124524
EV-TX-124529,EXT-10670,2026-10-07T12:00:00+05:30,transfer,Payment observed,Review payment evidence,TX-124529
EV-TX-124531,EXT-10670,2026-10-10T12:00:00+05:30,transfer,Payment observed,Review payment evidence,TX-124531
EV-TX-124532,EXT-10670,2026-10-13T12:00:00+05:30,transfer,Payment observed,Review payment evidence,TX-124532
EV-TX-124534,EXT-10670,2026-10-15T12:00:00+05:30,transfer,Payment observed,Review payment evidence,TX-124534
EV-TX-124546,EXT-10671,2026-08-18T12:00:00+05:30,transfer,Payment observed,Review payment evidence,TX-124546
EV-TX-124551,EXT-10671,2026-08-28T12:00:00+05:30,transfer,Payment observed,Review payment evidence,TX-124551
EV-TX-124558,EXT-10671,2026-09-18T12:00:00+05:30,transfer,Payment observed,Review payment evidence,TX-124558
EV-TX-124561,EXT-10671,2026-09-28T12:00:00+05:30,transfer,Payment observed,Review payment evidence,TX-124561
EV-TX-124569,EXT-10671,2026-10-18T12:00:00+05:30,transfer,Payment observed,Review payment evidence,TX-124569
EV-TX-124584,EXT-10672,2026-08-13T12:00:00+05:30,transfer,Payment observed,Review payment evidence,TX-124584
EV-TX-124587,EXT-10672,2026-08-23T12:00:00+05:30,transfer,Payment observed,Review payment evidence,TX-124587
EV-TX-124590,EXT-10672,2026-08-28T12:00:00+05:30,transfer,Payment observed,Review payment evidence,TX-124590
EV-TX-124594,EXT-10672,2026-09-13T12:00:00+05:30,transfer,Payment observed,Review payment evidence,TX-124594
EV-TX-124598,EXT-10672,2026-09-23T12:00:00+05:30,transfer,Payment observed,Review payment evidence,TX-124598
EV-TX-124600,EXT-10672,2026-09-28T12:00:00+05:30,transfer,Payment observed,Review payment evidence,TX-124600
EV-TX-124604,EXT-10672,2026-10-13T12:00:00+05:30,transfer,Payment observed,Review payment evidence,TX-124604
EV-TX-124608,EXT-10672,2026-10-23T12:00:00+05:30,transfer,Payment observed,Review payment evidence,TX-124608
EV-TX-124610,EXT-10672,2026-10-28T12:00:00+05:30,transfer,Payment observed,Review payment evidence,TX-124610
EV-TX-124616,EXT-10673,2026-08-12T12:00:00+05:30,transfer,Payment observed,Review payment evidence,TX-124616
EV-TX-124619,EXT-10673,2026-08-21T12:00:00+05:30,transfer,Payment observed,Review payment evidence,TX-124619
EV-TX-124620,EXT-10673,2026-08-23T12:00:00+05:30,transfer,Payment observed,Review payment evidence,TX-124620
EV-TX-124623,EXT-10673,2026-08-26T12:00:00+05:30,transfer,Payment observed,Review payment evidence,TX-124623
EV-TX-124627,EXT-10673,2026-09-12T12:00:00+05:30,transfer,Payment observed,Review payment evidence,TX-124627
EV-TX-124630,EXT-10673,2026-09-21T12:00:00+05:30,transfer,Payment observed,Review payment evidence,TX-124630
EV-TX-124631,EXT-10673,2026-09-23T12:00:00+05:30,transfer,Payment observed,Review payment evidence,TX-124631
EV-TX-124634,EXT-10673,2026-09-26T12:00:00+05:30,transfer,Payment observed,Review payment evidence,TX-124634
EV-TX-124639,EXT-10673,2026-10-12T12:00:00+05:30,transfer,Payment observed,Review payment evidence,TX-124639
EV-TX-124642,EXT-10673,2026-10-21T12:00:00+05:30,transfer,Payment observed,Review payment evidence,TX-124642
EV-TX-124643,EXT-10673,2026-10-23T12:00:00+05:30,transfer,Payment observed,Review payment evidence,TX-124643
EV-TX-124646,EXT-10673,2026-10-26T12:00:00+05:30,transfer,Payment observed,Review payment evidence,TX-124646
EV-TX-124652,EXT-10674,2026-08-04T12:00:00+05:30,transfer,Payment observed,Review payment evidence,TX-124652
EV-TX-124655,EXT-10674,2026-08-18T12:00:00+05:30,transfer,Payment observed,Review payment evidence,TX-124655
EV-TX-124658,EXT-10674,2026-08-24T12:00:00+05:30,transfer,Payment observed,Review payment evidence,TX-124658
EV-TX-124662,EXT-10674,2026-09-04T12:00:00+05:30,transfer,Payment observed,Review payment evidence,TX-124662
EV-TX-124664,EXT-10674,2026-09-09T13:40:00+05:30,transfer,Payment observed,Review payment evidence,TX-124664
EV-TX-124665,EXT-10674,2026-09-09T13:46:00+05:30,transfer,Payment observed,Review payment evidence,TX-124665
EV-TX-124667,EXT-10674,2026-09-18T12:00:00+05:30,transfer,Payment observed,Review payment evidence,TX-124667
EV-TX-124670,EXT-10674,2026-09-24T12:00:00+05:30,transfer,Payment observed,Review payment evidence,TX-124670
EV-TX-124676,EXT-10674,2026-10-04T12:00:00+05:30,transfer,Payment observed,Review payment evidence,TX-124676
EV-TX-124679,EXT-10674,2026-10-18T12:00:00+05:30,transfer,Payment observed,Review payment evidence,TX-124679
EV-TX-124682,EXT-10674,2026-10-24T12:00:00+05:30,transfer,Payment observed,Review payment evidence,TX-124682
EV-TX-124688,EXT-10674,2026-11-04T12:00:00+05:30,transfer,Payment observed,Review payment evidence,TX-124688
EV-TX-124692,EXT-10675,2026-08-09T12:00:00+05:30,transfer,Payment observed,Review payment evidence,TX-124692
EV-TX-124693,EXT-10675,2026-08-10T12:00:00+05:30,transfer,Payment observed,Review payment evidence,TX-124693
EV-TX-124702,EXT-10675,2026-09-09T12:00:00+05:30,transfer,Payment observed,Review payment evidence,TX-124702
EV-TX-124703,EXT-10675,2026-09-10T12:00:00+05:30,transfer,Payment observed,Review payment evidence,TX-124703
EV-TX-124705,EXT-10675,2026-09-19T17:58:00+05:30,transfer,Payment observed,Review payment evidence,TX-124705
EV-TX-124706,EXT-10675,2026-09-19T18:05:00+05:30,transfer,Payment observed,Review payment evidence,TX-124706
EV-TX-124715,EXT-10675,2026-10-09T12:00:00+05:30,transfer,Payment observed,Review payment evidence,TX-124715
EV-TX-124716,EXT-10675,2026-10-10T12:00:00+05:30,transfer,Payment observed,Review payment evidence,TX-124716
EV-TX-124731,EXT-10676,2026-08-15T12:00:00+05:30,transfer,Payment observed,Review payment evidence,TX-124731
EV-TX-124733,EXT-10676,2026-08-23T12:00:00+05:30,transfer,Payment observed,Review payment evidence,TX-124733
EV-TX-124736,EXT-10676,2026-08-26T12:00:00+05:30,transfer,Payment observed,Review payment evidence,TX-124736
EV-TX-124741,EXT-10676,2026-09-15T12:00:00+05:30,transfer,Payment observed,Review payment evidence,TX-124741
EV-TX-124743,EXT-10676,2026-09-23T12:00:00+05:30,transfer,Payment observed,Review payment evidence,TX-124743
EV-TX-124746,EXT-10676,2026-09-26T12:00:00+05:30,transfer,Payment observed,Review payment evidence,TX-124746
EV-TX-124751,EXT-10676,2026-10-15T12:00:00+05:30,transfer,Payment observed,Review payment evidence,TX-124751
EV-TX-124753,EXT-10676,2026-10-23T12:00:00+05:30,transfer,Payment observed,Review payment evidence,TX-124753
EV-TX-124756,EXT-10676,2026-10-26T12:00:00+05:30,transfer,Payment observed,Review payment evidence,TX-124756
EV-TX-124763,EXT-10677,2026-08-03T12:00:00+05:30,transfer,Payment observed,Review payment evidence,TX-124763
EV-TX-124767,EXT-10677,2026-08-21T12:00:00+05:30,transfer,Payment observed,Review payment evidence,TX-124767
EV-TX-124768,EXT-10677,2026-08-22T12:00:00+05:30,transfer,Payment observed,Review payment evidence,TX-124768
EV-TX-124770,EXT-10677,2026-08-27T12:00:00+05:30,transfer,Payment observed,Review payment evidence,TX-124770
EV-TX-124774,EXT-10677,2026-09-03T12:00:00+05:30,transfer,Payment observed,Review payment evidence,TX-124774
EV-TX-124775,EXT-10677,2026-09-08T13:25:00+05:30,transfer,Payment observed,Review payment evidence,TX-124775
EV-TX-124776,EXT-10677,2026-09-08T13:33:00+05:30,transfer,Payment observed,Review payment evidence,TX-124776
EV-TX-124780,EXT-10677,2026-09-21T12:00:00+05:30,transfer,Payment observed,Review payment evidence,TX-124780
EV-TX-124781,EXT-10677,2026-09-22T12:00:00+05:30,transfer,Payment observed,Review payment evidence,TX-124781
EV-TX-124783,EXT-10677,2026-09-27T12:00:00+05:30,transfer,Payment observed,Review payment evidence,TX-124783
EV-TX-124787,EXT-10677,2026-10-03T12:00:00+05:30,transfer,Payment observed,Review payment evidence,TX-124787
EV-TX-124791,EXT-10677,2026-10-21T12:00:00+05:30,transfer,Payment observed,Review payment evidence,TX-124791
EV-TX-124792,EXT-10677,2026-10-22T12:00:00+05:30,transfer,Payment observed,Review payment evidence,TX-124792
EV-TX-124794,EXT-10677,2026-10-27T12:00:00+05:30,transfer,Payment observed,Review payment evidence,TX-124794
EV-TX-124798,EXT-10677,2026-11-03T12:00:00+05:30,transfer,Payment observed,Review payment evidence,TX-124798
EV-TX-124802,EXT-10678,2026-08-03T12:00:00+05:30,transfer,Payment observed,Review payment evidence,TX-124802
EV-TX-124808,EXT-10678,2026-08-26T12:00:00+05:30,transfer,Payment observed,Review payment evidence,TX-124808
EV-TX-124811,EXT-10678,2026-09-03T12:00:00+05:30,transfer,Payment observed,Review payment evidence,TX-124811
EV-TX-124813,EXT-10678,2026-09-10T14:09:00+05:30,transfer,Payment observed,Review payment evidence,TX-124813
EV-TX-124814,EXT-10678,2026-09-10T14:17:00+05:30,transfer,Payment observed,Review payment evidence,TX-124814
EV-TX-124815,EXT-10678,2026-09-10T14:17:00+05:30,transfer,Payment observed,Review payment evidence,TX-124815
EV-TX-124820,EXT-10678,2026-09-26T12:00:00+05:30,transfer,Payment observed,Review payment evidence,TX-124820
EV-TX-124823,EXT-10678,2026-10-03T12:00:00+05:30,transfer,Payment observed,Review payment evidence,TX-124823
EV-TX-124836,EXT-10678,2026-11-03T12:00:00+05:30,transfer,Payment observed,Review payment evidence,TX-124836
EV-TX-124842,EXT-10679,2026-08-17T12:00:00+05:30,transfer,Payment observed,Review payment evidence,TX-124842
EV-TX-124845,EXT-10679,2026-08-21T12:00:00+05:30,transfer,Payment observed,Review payment evidence,TX-124845
EV-TX-124846,EXT-10679,2026-08-22T12:00:00+05:30,transfer,Payment observed,Review payment evidence,TX-124846
EV-TX-124848,EXT-10679,2026-08-28T12:00:00+05:30,transfer,Payment observed,Review payment evidence,TX-124848
EV-TX-124852,EXT-10679,2026-09-11T15:13:00+05:30,transfer,Payment observed,Review payment evidence,TX-124852
EV-TX-124853,EXT-10679,2026-09-11T15:16:00+05:30,transfer,Payment observed,Review payment evidence,TX-124853
EV-TX-124855,EXT-10679,2026-09-17T12:00:00+05:30,transfer,Payment observed,Review payment evidence,TX-124855
EV-TX-124858,EXT-10679,2026-09-21T12:00:00+05:30,transfer,Payment observed,Review payment evidence,TX-124858
EV-TX-124859,EXT-10679,2026-09-22T12:00:00+05:30,transfer,Payment observed,Review payment evidence,TX-124859
EV-TX-124861,EXT-10679,2026-09-28T12:00:00+05:30,transfer,Payment observed,Review payment evidence,TX-124861
EV-TX-124866,EXT-10679,2026-10-17T12:00:00+05:30,transfer,Payment observed,Review payment evidence,TX-124866
EV-TX-124869,EXT-10679,2026-10-21T12:00:00+05:30,transfer,Payment observed,Review payment evidence,TX-124869
EV-TX-124870,EXT-10679,2026-10-22T12:00:00+05:30,transfer,Payment observed,Review payment evidence,TX-124870
EV-TX-124872,EXT-10679,2026-10-28T12:00:00+05:30,transfer,Payment observed,Review payment evidence,TX-124872
EV-TX-124879,EXT-10680,2026-08-09T12:00:00+05:30,transfer,Payment observed,Review payment evidence,TX-124879
EV-TX-124882,EXT-10680,2026-08-24T12:00:00+05:30,transfer,Payment observed,Review payment evidence,TX-124882
EV-TX-124887,EXT-10680,2026-09-09T12:00:00+05:30,transfer,Payment observed,Review payment evidence,TX-124887
EV-TX-124888,EXT-10680,2026-09-12T14:56:00+05:30,transfer,Payment observed,Review payment evidence,TX-124888
EV-TX-124889,EXT-10680,2026-09-12T15:01:00+05:30,transfer,Payment observed,Review payment evidence,TX-124889
EV-TX-124892,EXT-10680,2026-09-24T12:00:00+05:30,transfer,Payment observed,Review payment evidence,TX-124892
EV-TX-124897,EXT-10680,2026-10-09T12:00:00+05:30,transfer,Payment observed,Review payment evidence,TX-124897
EV-TX-124900,EXT-10680,2026-10-24T12:00:00+05:30,transfer,Payment observed,Review payment evidence,TX-124900
EV-TX-124906,EXT-10681,2026-08-03T12:00:00+05:30,transfer,Payment observed,Review payment evidence,TX-124906
EV-TX-124908,EXT-10681,2026-08-14T12:00:00+05:30,transfer,Payment observed,Review payment evidence,TX-124908
EV-TX-124910,EXT-10681,2026-08-18T12:00:00+05:30,transfer,Payment observed,Review payment evidence,TX-124910
EV-TX-124917,EXT-10681,2026-09-03T12:00:00+05:30,transfer,Payment observed,Review payment evidence,TX-124917
EV-TX-124919,EXT-10681,2026-09-14T12:00:00+05:30,transfer,Payment observed,Review payment evidence,TX-124919
EV-TX-124921,EXT-10681,2026-09-17T17:14:00+05:30,transfer,Payment observed,Review payment evidence,TX-124921
EV-TX-124922,EXT-10681,2026-09-17T17:20:00+05:30,transfer,Payment observed,Review payment evidence,TX-124922
EV-TX-124923,EXT-10681,2026-09-18T12:00:00+05:30,transfer,Payment observed,Review payment evidence,TX-124923
EV-TX-124931,EXT-10681,2026-10-03T12:00:00+05:30,transfer,Payment observed,Review payment evidence,TX-124931
EV-TX-124933,EXT-10681,2026-10-14T12:00:00+05:30,transfer,Payment observed,Review payment evidence,TX-124933
EV-TX-124935,EXT-10681,2026-10-18T12:00:00+05:30,transfer,Payment observed,Review payment evidence,TX-124935
EV-TX-124941,EXT-10681,2026-11-03T12:00:00+05:30,transfer,Payment observed,Review payment evidence,TX-124941
EV-TX-124947,EXT-10682,2026-08-05T12:00:00+05:30,transfer,Payment observed,Review payment evidence,TX-124947
EV-TX-124950,EXT-10682,2026-08-17T12:00:00+05:30,transfer,Payment observed,Review payment evidence,TX-124950
EV-TX-124957,EXT-10682,2026-09-05T12:00:00+05:30,transfer,Payment observed,Review payment evidence,TX-124957
EV-TX-124961,EXT-10682,2026-09-15T13:15:00+05:30,transfer,Payment observed,Review payment evidence,TX-124961
EV-TX-124962,EXT-10682,2026-09-15T13:22:00+05:30,transfer,Payment observed,Review payment evidence,TX-124962
EV-TX-124963,EXT-10682,2026-09-17T12:00:00+05:30,transfer,Payment observed,Review payment evidence,TX-124963
EV-TX-124969,EXT-10682,2026-10-05T12:00:00+05:30,transfer,Payment observed,Review payment evidence,TX-124969
EV-TX-124973,EXT-10682,2026-10-17T12:00:00+05:30,transfer,Payment observed,Review payment evidence,TX-124973
EV-TX-124980,EXT-10682,2026-11-05T12:00:00+05:30,transfer,Payment observed,Review payment evidence,TX-124980
EV-TX-124982,EXT-10683,2026-08-02T12:00:00+05:30,transfer,Payment observed,Review payment evidence,TX-124982
EV-TX-124984,EXT-10683,2026-08-04T12:00:00+05:30,transfer,Payment observed,Review payment evidence,TX-124984
EV-TX-124989,EXT-10683,2026-08-23T12:00:00+05:30,transfer,Payment observed,Review payment evidence,TX-124989
EV-TX-124992,EXT-10683,2026-09-02T12:00:00+05:30,transfer,Payment observed,Review payment evidence,TX-124992
EV-TX-124994,EXT-10683,2026-09-04T12:00:00+05:30,transfer,Payment observed,Review payment evidence,TX-124994
EV-TX-124997,EXT-10683,2026-09-11T14:45:00+05:30,transfer,Payment observed,Review payment evidence,TX-124997
EV-TX-124998,EXT-10683,2026-09-11T14:48:00+05:30,transfer,Payment observed,Review payment evidence,TX-124998
EV-TX-125001,EXT-10683,2026-09-23T12:00:00+05:30,transfer,Payment observed,Review payment evidence,TX-125001
EV-TX-125004,EXT-10683,2026-10-02T12:00:00+05:30,transfer,Payment observed,Review payment evidence,TX-125004
EV-TX-125006,EXT-10683,2026-10-04T12:00:00+05:30,transfer,Payment observed,Review payment evidence,TX-125006
EV-TX-125011,EXT-10683,2026-10-23T12:00:00+05:30,transfer,Payment observed,Review payment evidence,TX-125011
EV-TX-125014,EXT-10683,2026-11-02T12:00:00+05:30,transfer,Payment observed,Review payment evidence,TX-125014
EV-TX-125016,EXT-10683,2026-11-04T12:00:00+05:30,transfer,Payment observed,Review payment evidence,TX-125016
EV-TX-125020,EXT-10684,2026-08-04T12:00:00+05:30,transfer,Payment observed,Review payment evidence,TX-125020
EV-TX-125023,EXT-10684,2026-08-10T12:00:00+05:30,transfer,Payment observed,Review payment evidence,TX-125023
EV-TX-125025,EXT-10684,2026-08-15T12:00:00+05:30,transfer,Payment observed,Review payment evidence,TX-125025
EV-TX-125030,EXT-10684,2026-09-04T12:00:00+05:30,transfer,Payment observed,Review payment evidence,TX-125030
EV-TX-125033,EXT-10684,2026-09-10T12:00:00+05:30,transfer,Payment observed,Review payment evidence,TX-125033
EV-TX-125035,EXT-10684,2026-09-15T12:00:00+05:30,transfer,Payment observed,Review payment evidence,TX-125035
EV-TX-125040,EXT-10684,2026-10-04T12:00:00+05:30,transfer,Payment observed,Review payment evidence,TX-125040
EV-TX-125043,EXT-10684,2026-10-10T12:00:00+05:30,transfer,Payment observed,Review payment evidence,TX-125043
EV-TX-125045,EXT-10684,2026-10-15T12:00:00+05:30,transfer,Payment observed,Review payment evidence,TX-125045
EV-TX-125050,EXT-10684,2026-11-04T12:00:00+05:30,transfer,Payment observed,Review payment evidence,TX-125050
EV-TX-125057,EXT-10685,2026-08-16T12:00:00+05:30,transfer,Payment observed,Review payment evidence,TX-125057
EV-TX-125058,EXT-10685,2026-08-20T12:00:00+05:30,transfer,Payment observed,Review payment evidence,TX-125058
EV-TX-125060,EXT-10685,2026-08-25T12:00:00+05:30,transfer,Payment observed,Review payment evidence,TX-125060
EV-TX-125065,EXT-10685,2026-09-08T14:01:00+05:30,transfer,Payment observed,Review payment evidence,TX-125065
EV-TX-125066,EXT-10685,2026-09-08T14:11:00+05:30,transfer,Payment observed,Review payment evidence,TX-125066
EV-TX-125067,EXT-10685,2026-09-08T14:09:00+05:30,transfer,Payment observed,Review payment evidence,TX-125067
EV-TX-125070,EXT-10685,2026-09-16T12:00:00+05:30,transfer,Payment observed,Review payment evidence,TX-125070
EV-TX-125071,EXT-10685,2026-09-20T12:00:00+05:30,transfer,Payment observed,Review payment evidence,TX-125071
EV-TX-125073,EXT-10685,2026-09-25T12:00:00+05:30,transfer,Payment observed,Review payment evidence,TX-125073
EV-TX-125081,EXT-10685,2026-10-16T12:00:00+05:30,transfer,Payment observed,Review payment evidence,TX-125081
EV-TX-125082,EXT-10685,2026-10-20T12:00:00+05:30,transfer,Payment observed,Review payment evidence,TX-125082
EV-TX-125084,EXT-10685,2026-10-25T12:00:00+05:30,transfer,Payment observed,Review payment evidence,TX-125084
EV-TX-125093,EXT-10686,2026-08-11T12:00:00+05:30,transfer,Payment observed,Review payment evidence,TX-125093
EV-TX-125095,EXT-10686,2026-08-16T12:00:00+05:30,transfer,Payment observed,Review payment evidence,TX-125095
EV-TX-125100,EXT-10686,2026-08-28T12:00:00+05:30,transfer,Payment observed,Review payment evidence,TX-125100
EV-TX-125103,EXT-10686,2026-09-11T12:00:00+05:30,transfer,Payment observed,Review payment evidence,TX-125103
EV-TX-125104,EXT-10686,2026-09-13T13:16:00+05:30,transfer,Payment observed,Review payment evidence,TX-125104
EV-TX-125105,EXT-10686,2026-09-13T13:26:00+05:30,transfer,Payment observed,Review payment evidence,TX-125105
EV-TX-125106,EXT-10686,2026-09-13T13:28:00+05:30,transfer,Payment observed,Review payment evidence,TX-125106
EV-TX-125108,EXT-10686,2026-09-16T12:00:00+05:30,transfer,Payment observed,Review payment evidence,TX-125108
EV-TX-125113,EXT-10686,2026-09-28T12:00:00+05:30,transfer,Payment observed,Review payment evidence,TX-125113
EV-TX-125117,EXT-10686,2026-10-11T12:00:00+05:30,transfer,Payment observed,Review payment evidence,TX-125117
EV-TX-125119,EXT-10686,2026-10-16T12:00:00+05:30,transfer,Payment observed,Review payment evidence,TX-125119
EV-TX-125125,EXT-10686,2026-10-28T12:00:00+05:30,transfer,Payment observed,Review payment evidence,TX-125125
EV-TX-125131,EXT-10687,2026-08-08T12:00:00+05:30,transfer,Payment observed,Review payment evidence,TX-125131
EV-TX-125134,EXT-10687,2026-08-17T12:00:00+05:30,transfer,Payment observed,Review payment evidence,TX-125134
EV-TX-125138,EXT-10687,2026-08-28T12:00:00+05:30,transfer,Payment observed,Review payment evidence,TX-125138
EV-TX-125141,EXT-10687,2026-09-08T12:00:00+05:30,transfer,Payment observed,Review payment evidence,TX-125141
EV-TX-125144,EXT-10687,2026-09-17T12:00:00+05:30,transfer,Payment observed,Review payment evidence,TX-125144
EV-TX-125145,EXT-10687,2026-09-20T13:56:00+05:30,transfer,Payment observed,Review payment evidence,TX-125145
EV-TX-125146,EXT-10687,2026-09-20T14:02:00+05:30,transfer,Payment observed,Review payment evidence,TX-125146
EV-TX-125147,EXT-10687,2026-09-20T14:08:00+05:30,transfer,Payment observed,Review payment evidence,TX-125147
EV-TX-125151,EXT-10687,2026-09-28T12:00:00+05:30,transfer,Payment observed,Review payment evidence,TX-125151
EV-TX-125154,EXT-10687,2026-10-08T12:00:00+05:30,transfer,Payment observed,Review payment evidence,TX-125154
EV-TX-125157,EXT-10687,2026-10-17T12:00:00+05:30,transfer,Payment observed,Review payment evidence,TX-125157
EV-TX-125161,EXT-10687,2026-10-28T12:00:00+05:30,transfer,Payment observed,Review payment evidence,TX-125161
EV-TX-125169,EXT-10688,2026-08-18T12:00:00+05:30,transfer,Payment observed,Review payment evidence,TX-125169
EV-TX-125173,EXT-10688,2026-08-27T12:00:00+05:30,transfer,Payment observed,Review payment evidence,TX-125173
EV-TX-125174,EXT-10688,2026-08-28T12:00:00+05:30,transfer,Payment observed,Review payment evidence,TX-125174
EV-TX-125179,EXT-10688,2026-09-17T17:46:00+05:30,transfer,Payment observed,Review payment evidence,TX-125179
EV-TX-125180,EXT-10688,2026-09-17T17:53:00+05:30,transfer,Payment observed,Review payment evidence,TX-125180
EV-TX-125181,EXT-10688,2026-09-18T12:00:00+05:30,transfer,Payment observed,Review payment evidence,TX-125181
EV-TX-125185,EXT-10688,2026-09-27T12:00:00+05:30,transfer,Payment observed,Review payment evidence,TX-125185
EV-TX-125186,EXT-10688,2026-09-28T12:00:00+05:30,transfer,Payment observed,Review payment evidence,TX-125186
EV-TX-125191,EXT-10688,2026-10-18T12:00:00+05:30,transfer,Payment observed,Review payment evidence,TX-125191
EV-TX-125195,EXT-10688,2026-10-27T12:00:00+05:30,transfer,Payment observed,Review payment evidence,TX-125195
EV-TX-125196,EXT-10688,2026-10-28T12:00:00+05:30,transfer,Payment observed,Review payment evidence,TX-125196
EV-TX-125204,EXT-10689,2026-08-09T12:00:00+05:30,transfer,Payment observed,Review payment evidence,TX-125204
EV-TX-125208,EXT-10689,2026-08-27T12:00:00+05:30,transfer,Payment observed,Review payment evidence,TX-125208
EV-TX-125213,EXT-10689,2026-09-09T12:00:00+05:30,transfer,Payment observed,Review payment evidence,TX-125213
EV-TX-125217,EXT-10689,2026-09-27T12:00:00+05:30,transfer,Payment observed,Review payment evidence,TX-125217
EV-TX-125222,EXT-10689,2026-10-09T12:00:00+05:30,transfer,Payment observed,Review payment evidence,TX-125222
EV-TX-125226,EXT-10689,2026-10-27T12:00:00+05:30,transfer,Payment observed,Review payment evidence,TX-125226
EV-TX-125233,EXT-10690,2026-08-03T12:00:00+05:30,transfer,Payment observed,Review payment evidence,TX-125233
EV-TX-125234,EXT-10690,2026-08-08T12:00:00+05:30,transfer,Payment observed,Review payment evidence,TX-125234
EV-TX-125237,EXT-10690,2026-08-15T12:00:00+05:30,transfer,Payment observed,Review payment evidence,TX-125237
EV-TX-125238,EXT-10690,2026-08-20T12:00:00+05:30,transfer,Payment observed,Review payment evidence,TX-125238
EV-TX-125243,EXT-10690,2026-09-03T12:00:00+05:30,transfer,Payment observed,Review payment evidence,TX-125243
EV-TX-125244,EXT-10690,2026-09-08T12:00:00+05:30,transfer,Payment observed,Review payment evidence,TX-125244
EV-TX-125247,EXT-10690,2026-09-15T12:00:00+05:30,transfer,Payment observed,Review payment evidence,TX-125247
EV-TX-125248,EXT-10690,2026-09-20T12:00:00+05:30,transfer,Payment observed,Review payment evidence,TX-125248
EV-TX-125253,EXT-10690,2026-10-03T12:00:00+05:30,transfer,Payment observed,Review payment evidence,TX-125253
EV-TX-125254,EXT-10690,2026-10-08T12:00:00+05:30,transfer,Payment observed,Review payment evidence,TX-125254
EV-TX-125257,EXT-10690,2026-10-15T12:00:00+05:30,transfer,Payment observed,Review payment evidence,TX-125257
EV-TX-125258,EXT-10690,2026-10-20T12:00:00+05:30,transfer,Payment observed,Review payment evidence,TX-125258
EV-TX-125263,EXT-10690,2026-11-03T12:00:00+05:30,transfer,Payment observed,Review payment evidence,TX-125263
EV-TX-125266,EXT-10691,2026-08-06T12:00:00+05:30,transfer,Payment observed,Review payment evidence,TX-125266
EV-TX-125268,EXT-10691,2026-08-13T12:00:00+05:30,transfer,Payment observed,Review payment evidence,TX-125268
EV-TX-125270,EXT-10691,2026-08-15T12:00:00+05:30,transfer,Payment observed,Review payment evidence,TX-125270
EV-TX-125271,EXT-10691,2026-08-20T12:00:00+05:30,transfer,Payment observed,Review payment evidence,TX-125271
EV-TX-125278,EXT-10691,2026-09-06T12:00:00+05:30,transfer,Payment observed,Review payment evidence,TX-125278
EV-TX-125280,EXT-10691,2026-09-13T12:00:00+05:30,transfer,Payment observed,Review payment evidence,TX-125280
EV-TX-125282,EXT-10691,2026-09-15T12:00:00+05:30,transfer,Payment observed,Review payment evidence,TX-125282
EV-TX-125283,EXT-10691,2026-09-20T12:00:00+05:30,transfer,Payment observed,Review payment evidence,TX-125283
EV-TX-125290,EXT-10691,2026-10-06T12:00:00+05:30,transfer,Payment observed,Review payment evidence,TX-125290
EV-TX-125292,EXT-10691,2026-10-13T12:00:00+05:30,transfer,Payment observed,Review payment evidence,TX-125292
EV-TX-125294,EXT-10691,2026-10-15T12:00:00+05:30,transfer,Payment observed,Review payment evidence,TX-125294
EV-TX-125295,EXT-10691,2026-10-20T12:00:00+05:30,transfer,Payment observed,Review payment evidence,TX-125295
EV-TX-125305,EXT-10692,2026-08-12T12:00:00+05:30,transfer,Payment observed,Review payment evidence,TX-125305
EV-TX-125309,EXT-10692,2026-08-25T12:00:00+05:30,transfer,Payment observed,Review payment evidence,TX-125309
EV-TX-125311,EXT-10692,2026-08-27T12:00:00+05:30,transfer,Payment observed,Review payment evidence,TX-125311
EV-TX-125315,EXT-10692,2026-09-12T12:00:00+05:30,transfer,Payment observed,Review payment evidence,TX-125315
EV-TX-125317,EXT-10692,2026-09-15T15:42:00+05:30,transfer,Payment observed,Review payment evidence,TX-125317
EV-TX-125318,EXT-10692,2026-09-15T15:50:00+05:30,transfer,Payment observed,Review payment evidence,TX-125318
EV-TX-125321,EXT-10692,2026-09-25T12:00:00+05:30,transfer,Payment observed,Review payment evidence,TX-125321
EV-TX-125327,EXT-10692,2026-10-12T12:00:00+05:30,transfer,Payment observed,Review payment evidence,TX-125327
EV-TX-125331,EXT-10692,2026-10-25T12:00:00+05:30,transfer,Payment observed,Review payment evidence,TX-125331
EV-TX-125333,EXT-10692,2026-10-27T12:00:00+05:30,transfer,Payment observed,Review payment evidence,TX-125333
EV-TX-125338,EXT-10693,2026-08-04T12:00:00+05:30,transfer,Payment observed,Review payment evidence,TX-125338
EV-TX-125341,EXT-10693,2026-08-19T12:00:00+05:30,transfer,Payment observed,Review payment evidence,TX-125341
EV-TX-125343,EXT-10693,2026-08-22T12:00:00+05:30,transfer,Payment observed,Review payment evidence,TX-125343
EV-TX-125348,EXT-10693,2026-09-04T12:00:00+05:30,transfer,Payment observed,Review payment evidence,TX-125348
EV-TX-125351,EXT-10693,2026-09-19T12:00:00+05:30,transfer,Payment observed,Review payment evidence,TX-125351
EV-TX-125353,EXT-10693,2026-09-22T12:00:00+05:30,transfer,Payment observed,Review payment evidence,TX-125353
EV-TX-125358,EXT-10693,2026-10-04T12:00:00+05:30,transfer,Payment observed,Review payment evidence,TX-125358
EV-TX-125361,EXT-10693,2026-10-19T12:00:00+05:30,transfer,Payment observed,Review payment evidence,TX-125361
EV-TX-125363,EXT-10693,2026-10-22T12:00:00+05:30,transfer,Payment observed,Review payment evidence,TX-125363
EV-TX-125368,EXT-10693,2026-11-04T12:00:00+05:30,transfer,Payment observed,Review payment evidence,TX-125368
EV-TX-125371,EXT-10694,2026-08-03T12:00:00+05:30,transfer,Payment observed,Review payment evidence,TX-125371
EV-TX-125374,EXT-10694,2026-08-11T12:00:00+05:30,transfer,Payment observed,Review payment evidence,TX-125374
EV-TX-125377,EXT-10694,2026-08-21T12:00:00+05:30,transfer,Payment observed,Review payment evidence,TX-125377
EV-TX-125382,EXT-10694,2026-09-03T12:00:00+05:30,transfer,Payment observed,Review payment evidence,TX-125382
EV-TX-125385,EXT-10694,2026-09-11T12:00:00+05:30,transfer,Payment observed,Review payment evidence,TX-125385
EV-TX-125387,EXT-10694,2026-09-17T14:22:00+05:30,transfer,Payment observed,Review payment evidence,TX-125387
EV-TX-125388,EXT-10694,2026-09-17T14:30:00+05:30,transfer,Payment observed,Review payment evidence,TX-125388
EV-TX-125390,EXT-10694,2026-09-21T12:00:00+05:30,transfer,Payment observed,Review payment evidence,TX-125390
EV-TX-125398,EXT-10694,2026-10-11T12:00:00+05:30,transfer,Payment observed,Review payment evidence,TX-125398
EV-TX-125401,EXT-10694,2026-10-21T12:00:00+05:30,transfer,Payment observed,Review payment evidence,TX-125401
EV-TX-125411,EXT-10695,2026-08-09T12:00:00+05:30,transfer,Payment observed,Review payment evidence,TX-125411
EV-TX-125412,EXT-10695,2026-08-11T12:00:00+05:30,transfer,Payment observed,Review payment evidence,TX-125412
EV-TX-125413,EXT-10695,2026-08-13T12:00:00+05:30,transfer,Payment observed,Review payment evidence,TX-125413
EV-TX-125421,EXT-10695,2026-09-09T12:00:00+05:30,transfer,Payment observed,Review payment evidence,TX-125421
EV-TX-125422,EXT-10695,2026-09-11T12:00:00+05:30,transfer,Payment observed,Review payment evidence,TX-125422
EV-TX-125423,EXT-10695,2026-09-13T12:00:00+05:30,transfer,Payment observed,Review payment evidence,TX-125423
EV-TX-125431,EXT-10695,2026-10-09T12:00:00+05:30,transfer,Payment observed,Review payment evidence,TX-125431
EV-TX-125432,EXT-10695,2026-10-11T12:00:00+05:30,transfer,Payment observed,Review payment evidence,TX-125432
EV-TX-125433,EXT-10695,2026-10-13T12:00:00+05:30,transfer,Payment observed,Review payment evidence,TX-125433
EV-TX-125444,EXT-10696,2026-08-10T12:00:00+05:30,transfer,Payment observed,Review payment evidence,TX-125444
EV-TX-125448,EXT-10696,2026-08-25T12:00:00+05:30,transfer,Payment observed,Review payment evidence,TX-125448
EV-TX-125453,EXT-10696,2026-09-10T12:00:00+05:30,transfer,Payment observed,Review payment evidence,TX-125453
EV-TX-125457,EXT-10696,2026-09-25T12:00:00+05:30,transfer,Payment observed,Review payment evidence,TX-125457
EV-TX-125462,EXT-10696,2026-10-10T12:00:00+05:30,transfer,Payment observed,Review payment evidence,TX-125462
EV-TX-125466,EXT-10696,2026-10-25T12:00:00+05:30,transfer,Payment observed,Review payment evidence,TX-125466
EV-TX-125475,EXT-10697,2026-08-04T12:00:00+05:30,transfer,Payment observed,Review payment evidence,TX-125475
EV-TX-125477,EXT-10697,2026-08-10T12:00:00+05:30,transfer,Payment observed,Review payment evidence,TX-125477
EV-TX-125478,EXT-10697,2026-08-12T12:00:00+05:30,transfer,Payment observed,Review payment evidence,TX-125478
EV-TX-125481,EXT-10697,2026-08-22T12:00:00+05:30,transfer,Payment observed,Review payment evidence,TX-125481
EV-TX-125487,EXT-10697,2026-09-04T12:00:00+05:30,transfer,Payment observed,Review payment evidence,TX-125487
EV-TX-125489,EXT-10697,2026-09-10T12:00:00+05:30,transfer,Payment observed,Review payment evidence,TX-125489
EV-TX-125490,EXT-10697,2026-09-12T12:00:00+05:30,transfer,Payment observed,Review payment evidence,TX-125490
EV-TX-125500,EXT-10697,2026-10-04T12:00:00+05:30,transfer,Payment observed,Review payment evidence,TX-125500
EV-TX-125502,EXT-10697,2026-10-10T12:00:00+05:30,transfer,Payment observed,Review payment evidence,TX-125502
EV-TX-125517,EXT-10698,2026-08-09T12:00:00+05:30,transfer,Payment observed,Review payment evidence,TX-125517
EV-TX-125518,EXT-10698,2026-08-10T12:00:00+05:30,transfer,Payment observed,Review payment evidence,TX-125518
EV-TX-125520,EXT-10698,2026-08-17T12:00:00+05:30,transfer,Payment observed,Review payment evidence,TX-125520
EV-TX-125524,EXT-10698,2026-08-25T12:00:00+05:30,transfer,Payment observed,Review payment evidence,TX-125524
EV-TX-125530,EXT-10698,2026-09-09T12:00:00+05:30,transfer,Payment observed,Review payment evidence,TX-125530
EV-TX-125531,EXT-10698,2026-09-10T12:00:00+05:30,transfer,Payment observed,Review payment evidence,TX-125531
EV-TX-125532,EXT-10698,2026-09-14T15:02:00+05:30,transfer,Payment observed,Review payment evidence,TX-125532
EV-TX-125533,EXT-10698,2026-09-14T15:08:00+05:30,transfer,Payment observed,Review payment evidence,TX-125533
EV-TX-125534,EXT-10698,2026-09-14T15:12:00+05:30,transfer,Payment observed,Review payment evidence,TX-125534
EV-TX-125536,EXT-10698,2026-09-17T12:00:00+05:30,transfer,Payment observed,Review payment evidence,TX-125536
EV-TX-125546,EXT-10698,2026-10-09T12:00:00+05:30,transfer,Payment observed,Review payment evidence,TX-125546
EV-TX-125547,EXT-10698,2026-10-10T12:00:00+05:30,transfer,Payment observed,Review payment evidence,TX-125547
EV-TX-125549,EXT-10698,2026-10-17T12:00:00+05:30,transfer,Payment observed,Review payment evidence,TX-125549
EV-TX-125559,EXT-10699,2026-08-02T12:00:00+05:30,transfer,Payment observed,Review payment evidence,TX-125559
EV-TX-125563,EXT-10699,2026-08-15T12:00:00+05:30,transfer,Payment observed,Review payment evidence,TX-125563
EV-TX-125566,EXT-10699,2026-08-24T12:00:00+05:30,transfer,Payment observed,Review payment evidence,TX-125566
EV-TX-125569,EXT-10699,2026-08-28T12:00:00+05:30,transfer,Payment observed,Review payment evidence,TX-125569
EV-TX-125570,EXT-10699,2026-09-02T12:00:00+05:30,transfer,Payment observed,Review payment evidence,TX-125570
EV-TX-125574,EXT-10699,2026-09-15T12:00:00+05:30,transfer,Payment observed,Review payment evidence,TX-125574
EV-TX-125577,EXT-10699,2026-09-24T12:00:00+05:30,transfer,Payment observed,Review payment evidence,TX-125577
EV-TX-125580,EXT-10699,2026-09-28T12:00:00+05:30,transfer,Payment observed,Review payment evidence,TX-125580
EV-TX-125581,EXT-10699,2026-10-02T12:00:00+05:30,transfer,Payment observed,Review payment evidence,TX-125581
EV-TX-125585,EXT-10699,2026-10-15T12:00:00+05:30,transfer,Payment observed,Review payment evidence,TX-125585
EV-TX-125588,EXT-10699,2026-10-24T12:00:00+05:30,transfer,Payment observed,Review payment evidence,TX-125588
EV-TX-125591,EXT-10699,2026-10-28T12:00:00+05:30,transfer,Payment observed,Review payment evidence,TX-125591
EV-TX-125592,EXT-10699,2026-11-02T12:00:00+05:30,transfer,Payment observed,Review payment evidence,TX-125592
EV-TX-125598,EXT-10700,2026-08-12T12:00:00+05:30,transfer,Payment observed,Review payment evidence,TX-125598
EV-TX-125600,EXT-10700,2026-08-15T12:00:00+05:30,transfer,Payment observed,Review payment evidence,TX-125600
EV-TX-125601,EXT-10700,2026-08-18T12:00:00+05:30,transfer,Payment observed,Review payment evidence,TX-125601
EV-TX-125607,EXT-10700,2026-09-12T12:00:00+05:30,transfer,Payment observed,Review payment evidence,TX-125607
EV-TX-125609,EXT-10700,2026-09-15T12:00:00+05:30,transfer,Payment observed,Review payment evidence,TX-125609
EV-TX-125610,EXT-10700,2026-09-18T12:00:00+05:30,transfer,Payment observed,Review payment evidence,TX-125610
EV-TX-125616,EXT-10700,2026-10-12T12:00:00+05:30,transfer,Payment observed,Review payment evidence,TX-125616
EV-TX-125618,EXT-10700,2026-10-15T12:00:00+05:30,transfer,Payment observed,Review payment evidence,TX-125618
EV-TX-125619,EXT-10700,2026-10-18T12:00:00+05:30,transfer,Payment observed,Review payment evidence,TX-125619
EV-TX-125625,EXT-10701,2026-08-02T12:00:00+05:30,transfer,Payment observed,Review payment evidence,TX-125625
EV-TX-125628,EXT-10701,2026-08-13T12:00:00+05:30,transfer,Payment observed,Review payment evidence,TX-125628
EV-TX-125629,EXT-10701,2026-08-14T12:00:00+05:30,transfer,Payment observed,Review payment evidence,TX-125629
EV-TX-125631,EXT-10701,2026-08-20T12:00:00+05:30,transfer,Payment observed,Review payment evidence,TX-125631
EV-TX-125635,EXT-10701,2026-09-02T12:00:00+05:30,transfer,Payment observed,Review payment evidence,TX-125635
EV-TX-125640,EXT-10701,2026-09-13T12:00:00+05:30,transfer,Payment observed,Review payment evidence,TX-125640
EV-TX-125641,EXT-10701,2026-09-14T12:00:00+05:30,transfer,Payment observed,Review payment evidence,TX-125641
EV-TX-125643,EXT-10701,2026-09-20T12:00:00+05:30,transfer,Payment observed,Review payment evidence,TX-125643
EV-TX-125649,EXT-10701,2026-10-02T12:00:00+05:30,transfer,Payment observed,Review payment evidence,TX-125649
EV-TX-125653,EXT-10701,2026-10-13T12:00:00+05:30,transfer,Payment observed,Review payment evidence,TX-125653
EV-TX-125654,EXT-10701,2026-10-14T12:00:00+05:30,transfer,Payment observed,Review payment evidence,TX-125654
EV-TX-125656,EXT-10701,2026-10-20T12:00:00+05:30,transfer,Payment observed,Review payment evidence,TX-125656
EV-TX-125662,EXT-10701,2026-11-02T12:00:00+05:30,transfer,Payment observed,Review payment evidence,TX-125662
EV-TX-125669,EXT-10702,2026-08-10T12:00:00+05:30,transfer,Payment observed,Review payment evidence,TX-125669
EV-TX-125670,EXT-10702,2026-08-11T12:00:00+05:30,transfer,Payment observed,Review payment evidence,TX-125670
EV-TX-125672,EXT-10702,2026-08-18T12:00:00+05:30,transfer,Payment observed,Review payment evidence,TX-125672
EV-TX-125679,EXT-10702,2026-09-10T12:00:00+05:30,transfer,Payment observed,Review payment evidence,TX-125679
EV-TX-125680,EXT-10702,2026-09-11T12:00:00+05:30,transfer,Payment observed,Review payment evidence,TX-125680
EV-TX-125681,EXT-10702,2026-09-14T14:14:00+05:30,transfer,Payment observed,Review payment evidence,TX-125681
EV-TX-125682,EXT-10702,2026-09-14T14:22:00+05:30,transfer,Payment observed,Review payment evidence,TX-125682
EV-TX-125684,EXT-10702,2026-09-18T12:00:00+05:30,transfer,Payment observed,Review payment evidence,TX-125684
EV-TX-125691,EXT-10702,2026-10-10T12:00:00+05:30,transfer,Payment observed,Review payment evidence,TX-125691
EV-TX-125692,EXT-10702,2026-10-11T12:00:00+05:30,transfer,Payment observed,Review payment evidence,TX-125692
EV-TX-125694,EXT-10702,2026-10-18T12:00:00+05:30,transfer,Payment observed,Review payment evidence,TX-125694
EV-TX-125703,EXT-10703,2026-08-08T12:00:00+05:30,transfer,Payment observed,Review payment evidence,TX-125703
EV-TX-125708,EXT-10703,2026-08-25T12:00:00+05:30,transfer,Payment observed,Review payment evidence,TX-125708
EV-TX-125712,EXT-10703,2026-09-08T12:00:00+05:30,transfer,Payment observed,Review payment evidence,TX-125712
EV-TX-125717,EXT-10703,2026-09-25T12:00:00+05:30,transfer,Payment observed,Review payment evidence,TX-125717
EV-TX-125721,EXT-10703,2026-10-08T12:00:00+05:30,transfer,Payment observed,Review payment evidence,TX-125721
EV-TX-125726,EXT-10703,2026-10-25T12:00:00+05:30,transfer,Payment observed,Review payment evidence,TX-125726
EV-TX-125733,EXT-10704,2026-08-04T12:00:00+05:30,transfer,Payment observed,Review payment evidence,TX-125733
EV-TX-125736,EXT-10704,2026-08-17T12:00:00+05:30,transfer,Payment observed,Review payment evidence,TX-125736
EV-TX-125737,EXT-10704,2026-08-19T12:00:00+05:30,transfer,Payment observed,Review payment evidence,TX-125737
EV-TX-125743,EXT-10704,2026-09-04T12:00:00+05:30,transfer,Payment observed,Review payment evidence,TX-125743
EV-TX-125746,EXT-10704,2026-09-17T12:00:00+05:30,transfer,Payment observed,Review payment evidence,TX-125746
EV-TX-125747,EXT-10704,2026-09-19T12:00:00+05:30,transfer,Payment observed,Review payment evidence,TX-125747
EV-TX-125753,EXT-10704,2026-10-04T12:00:00+05:30,transfer,Payment observed,Review payment evidence,TX-125753
EV-TX-125756,EXT-10704,2026-10-17T12:00:00+05:30,transfer,Payment observed,Review payment evidence,TX-125756
EV-TX-125757,EXT-10704,2026-10-19T12:00:00+05:30,transfer,Payment observed,Review payment evidence,TX-125757
EV-TX-125763,EXT-10704,2026-11-04T12:00:00+05:30,transfer,Payment observed,Review payment evidence,TX-125763
EV-TX-125767,EXT-10705,2026-08-04T12:00:00+05:30,transfer,Payment observed,Review payment evidence,TX-125767
EV-TX-125769,EXT-10705,2026-08-11T12:00:00+05:30,transfer,Payment observed,Review payment evidence,TX-125769
EV-TX-125770,EXT-10705,2026-08-12T12:00:00+05:30,transfer,Payment observed,Review payment evidence,TX-125770
EV-TX-125772,EXT-10705,2026-08-17T12:00:00+05:30,transfer,Payment observed,Review payment evidence,TX-125772
EV-TX-125778,EXT-10705,2026-09-04T12:00:00+05:30,transfer,Payment observed,Review payment evidence,TX-125778
EV-TX-125780,EXT-10705,2026-09-11T12:00:00+05:30,transfer,Payment observed,Review payment evidence,TX-125780
EV-TX-125781,EXT-10705,2026-09-12T12:00:00+05:30,transfer,Payment observed,Review payment evidence,TX-125781
EV-TX-125791,EXT-10705,2026-10-04T12:00:00+05:30,transfer,Payment observed,Review payment evidence,TX-125791
EV-TX-125793,EXT-10705,2026-10-11T12:00:00+05:30,transfer,Payment observed,Review payment evidence,TX-125793
EV-TX-125794,EXT-10705,2026-10-12T12:00:00+05:30,transfer,Payment observed,Review payment evidence,TX-125794
EV-TX-125796,EXT-10705,2026-10-17T12:00:00+05:30,transfer,Payment observed,Review payment evidence,TX-125796
EV-TX-125804,EXT-10705,2026-11-04T12:00:00+05:30,transfer,Payment observed,Review payment evidence,TX-125804
EV-TX-125808,EXT-10706,2026-08-04T12:00:00+05:30,transfer,Payment observed,Review payment evidence,TX-125808
EV-TX-125809,EXT-10706,2026-08-06T12:00:00+05:30,transfer,Payment observed,Review payment evidence,TX-125809
EV-TX-125812,EXT-10706,2026-08-16T12:00:00+05:30,transfer,Payment observed,Review payment evidence,TX-125812
EV-TX-125818,EXT-10706,2026-09-04T12:00:00+05:30,transfer,Payment observed,Review payment evidence,TX-125818
EV-TX-125819,EXT-10706,2026-09-06T12:00:00+05:30,transfer,Payment observed,Review payment evidence,TX-125819
EV-TX-125822,EXT-10706,2026-09-16T12:00:00+05:30,transfer,Payment observed,Review payment evidence,TX-125822
EV-TX-125828,EXT-10706,2026-10-04T12:00:00+05:30,transfer,Payment observed,Review payment evidence,TX-125828
EV-TX-125829,EXT-10706,2026-10-06T12:00:00+05:30,transfer,Payment observed,Review payment evidence,TX-125829
EV-TX-125832,EXT-10706,2026-10-16T12:00:00+05:30,transfer,Payment observed,Review payment evidence,TX-125832
EV-TX-125838,EXT-10706,2026-11-04T12:00:00+05:30,transfer,Payment observed,Review payment evidence,TX-125838
EV-TX-125841,EXT-10707,2026-08-06T12:00:00+05:30,transfer,Payment observed,Review payment evidence,TX-125841
EV-TX-125844,EXT-10707,2026-08-15T12:00:00+05:30,transfer,Payment observed,Review payment evidence,TX-125844
EV-TX-125851,EXT-10707,2026-09-06T12:00:00+05:30,transfer,Payment observed,Review payment evidence,TX-125851
EV-TX-125854,EXT-10707,2026-09-15T12:00:00+05:30,transfer,Payment observed,Review payment evidence,TX-125854
EV-TX-125860,EXT-10707,2026-10-06T12:00:00+05:30,transfer,Payment observed,Review payment evidence,TX-125860
EV-TX-125863,EXT-10707,2026-10-15T12:00:00+05:30,transfer,Payment observed,Review payment evidence,TX-125863
EV-TX-125874,EXT-10708,2026-08-06T12:00:00+05:30,transfer,Payment observed,Review payment evidence,TX-125874
EV-TX-125876,EXT-10708,2026-08-10T12:00:00+05:30,transfer,Payment observed,Review payment evidence,TX-125876
EV-TX-125879,EXT-10708,2026-08-22T12:00:00+05:30,transfer,Payment observed,Review payment evidence,TX-125879
EV-TX-125884,EXT-10708,2026-09-06T12:00:00+05:30,transfer,Payment observed,Review payment evidence,TX-125884
EV-TX-125886,EXT-10708,2026-09-10T12:00:00+05:30,transfer,Payment observed,Review payment evidence,TX-125886
EV-TX-125887,EXT-10708,2026-09-14T14:32:00+05:30,transfer,Payment observed,Review payment evidence,TX-125887
EV-TX-125888,EXT-10708,2026-09-14T14:39:00+05:30,transfer,Payment observed,Review payment evidence,TX-125888
EV-TX-125896,EXT-10708,2026-10-06T12:00:00+05:30,transfer,Payment observed,Review payment evidence,TX-125896
EV-TX-125910,EXT-10709,2026-08-14T12:00:00+05:30,transfer,Payment observed,Review payment evidence,TX-125910
EV-TX-125914,EXT-10709,2026-08-27T12:00:00+05:30,transfer,Payment observed,Review payment evidence,TX-125914
EV-TX-125919,EXT-10709,2026-09-14T12:00:00+05:30,transfer,Payment observed,Review payment evidence,TX-125919
EV-TX-125921,EXT-10709,2026-09-15T13:59:00+05:30,transfer,Payment observed,Review payment evidence,TX-125921
EV-TX-125922,EXT-10709,2026-09-15T14:06:00+05:30,transfer,Payment observed,Review payment evidence,TX-125922
EV-TX-125925,EXT-10709,2026-09-27T12:00:00+05:30,transfer,Payment observed,Review payment evidence,TX-125925
EV-TX-125931,EXT-10709,2026-10-14T12:00:00+05:30,transfer,Payment observed,Review payment evidence,TX-125931
EV-TX-125935,EXT-10709,2026-10-27T12:00:00+05:30,transfer,Payment observed,Review payment evidence,TX-125935
EV-TX-125943,EXT-10710,2026-08-05T12:00:00+05:30,transfer,Payment observed,Review payment evidence,TX-125943
EV-TX-125946,EXT-10710,2026-08-19T12:00:00+05:30,transfer,Payment observed,Review payment evidence,TX-125946
EV-TX-125947,EXT-10710,2026-08-20T12:00:00+05:30,transfer,Payment observed,Review payment evidence,TX-125947
EV-TX-125952,EXT-10710,2026-09-05T12:00:00+05:30,transfer,Payment observed,Review payment evidence,TX-125952
EV-TX-125954,EXT-10710,2026-09-12T13:12:00+05:30,transfer,Payment observed,Review payment evidence,TX-125954
EV-TX-125955,EXT-10710,2026-09-12T13:19:00+05:30,transfer,Payment observed,Review payment evidence,TX-125955
EV-TX-125956,EXT-10710,2026-09-12T13:44:00+05:30,transfer,Payment observed,Review payment evidence,TX-125956
EV-TX-125958,EXT-10710,2026-09-19T12:00:00+05:30,transfer,Payment observed,Review payment evidence,TX-125958
EV-TX-125959,EXT-10710,2026-09-20T12:00:00+05:30,transfer,Payment observed,Review payment evidence,TX-125959
EV-TX-125966,EXT-10710,2026-10-05T12:00:00+05:30,transfer,Payment observed,Review payment evidence,TX-125966
EV-TX-125969,EXT-10710,2026-10-19T12:00:00+05:30,transfer,Payment observed,Review payment evidence,TX-125969
EV-TX-125970,EXT-10710,2026-10-20T12:00:00+05:30,transfer,Payment observed,Review payment evidence,TX-125970
EV-TX-125975,EXT-10710,2026-11-05T12:00:00+05:30,transfer,Payment observed,Review payment evidence,TX-125975
EV-TX-125976,EXT-10711,2026-08-02T12:00:00+05:30,transfer,Payment observed,Review payment evidence,TX-125976
EV-TX-125978,EXT-10711,2026-08-03T12:00:00+05:30,transfer,Payment observed,Review payment evidence,TX-125978
EV-TX-125981,EXT-10711,2026-08-09T12:00:00+05:30,transfer,Payment observed,Review payment evidence,TX-125981
EV-TX-125983,EXT-10711,2026-08-17T12:00:00+05:30,transfer,Payment observed,Review payment evidence,TX-125983
EV-TX-125988,EXT-10711,2026-09-02T12:00:00+05:30,transfer,Payment observed,Review payment evidence,TX-125988
EV-TX-125990,EXT-10711,2026-09-03T12:00:00+05:30,transfer,Payment observed,Review payment evidence,TX-125990
EV-TX-125993,EXT-10711,2026-09-09T12:00:00+05:30,transfer,Payment observed,Review payment evidence,TX-125993
EV-TX-125995,EXT-10711,2026-09-17T12:00:00+05:30,transfer,Payment observed,Review payment evidence,TX-125995
EV-TX-126000,EXT-10711,2026-10-02T12:00:00+05:30,transfer,Payment observed,Review payment evidence,TX-126000
EV-TX-126002,EXT-10711,2026-10-03T12:00:00+05:30,transfer,Payment observed,Review payment evidence,TX-126002
EV-TX-126005,EXT-10711,2026-10-09T12:00:00+05:30,transfer,Payment observed,Review payment evidence,TX-126005
EV-TX-126007,EXT-10711,2026-10-17T12:00:00+05:30,transfer,Payment observed,Review payment evidence,TX-126007
EV-TX-126011,EXT-10711,2026-11-02T12:00:00+05:30,transfer,Payment observed,Review payment evidence,TX-126011
EV-TX-126018,EXT-10712,2026-08-05T12:00:00+05:30,transfer,Payment observed,Review payment evidence,TX-126018
EV-TX-126019,EXT-10712,2026-08-07T12:00:00+05:30,transfer,Payment observed,Review payment evidence,TX-126019
EV-TX-126021,EXT-10712,2026-08-14T12:00:00+05:30,transfer,Payment observed,Review payment evidence,TX-126021
EV-TX-126023,EXT-10712,2026-08-15T12:00:00+05:30,transfer,Payment observed,Review payment evidence,TX-126023
EV-TX-126029,EXT-10712,2026-09-05T12:00:00+05:30,transfer,Payment observed,Review payment evidence,TX-126029
EV-TX-126030,EXT-10712,2026-09-07T12:00:00+05:30,transfer,Payment observed,Review payment evidence,TX-126030
EV-TX-126032,EXT-10712,2026-09-14T12:00:00+05:30,transfer,Payment observed,Review payment evidence,TX-126032
EV-TX-126034,EXT-10712,2026-09-15T12:00:00+05:30,transfer,Payment observed,Review payment evidence,TX-126034
EV-TX-126042,EXT-10712,2026-10-05T12:00:00+05:30,transfer,Payment observed,Review payment evidence,TX-126042
EV-TX-126043,EXT-10712,2026-10-07T12:00:00+05:30,transfer,Payment observed,Review payment evidence,TX-126043
EV-TX-126045,EXT-10712,2026-10-14T12:00:00+05:30,transfer,Payment observed,Review payment evidence,TX-126045
EV-TX-126047,EXT-10712,2026-10-15T12:00:00+05:30,transfer,Payment observed,Review payment evidence,TX-126047
EV-TX-126055,EXT-10712,2026-11-05T12:00:00+05:30,transfer,Payment observed,Review payment evidence,TX-126055
EV-TX-126061,EXT-10713,2026-08-17T12:00:00+05:30,transfer,Payment observed,Review payment evidence,TX-126061
EV-TX-126062,EXT-10713,2026-08-18T12:00:00+05:30,transfer,Payment observed,Review payment evidence,TX-126062
EV-TX-126064,EXT-10713,2026-08-23T12:00:00+05:30,transfer,Payment observed,Review payment evidence,TX-126064
EV-TX-126071,EXT-10713,2026-09-17T12:00:00+05:30,transfer,Payment observed,Review payment evidence,TX-126071
EV-TX-126072,EXT-10713,2026-09-18T12:00:00+05:30,transfer,Payment observed,Review payment evidence,TX-126072
EV-TX-126074,EXT-10713,2026-09-23T12:00:00+05:30,transfer,Payment observed,Review payment evidence,TX-126074
EV-TX-126081,EXT-10713,2026-10-17T12:00:00+05:30,transfer,Payment observed,Review payment evidence,TX-126081
EV-TX-126082,EXT-10713,2026-10-18T12:00:00+05:30,transfer,Payment observed,Review payment evidence,TX-126082
EV-TX-126084,EXT-10713,2026-10-23T12:00:00+05:30,transfer,Payment observed,Review payment evidence,TX-126084
EV-TX-126092,EXT-10714,2026-08-10T12:00:00+05:30,transfer,Payment observed,Review payment evidence,TX-126092
EV-TX-126094,EXT-10714,2026-08-18T12:00:00+05:30,transfer,Payment observed,Review payment evidence,TX-126094
EV-TX-126103,EXT-10714,2026-09-10T12:00:00+05:30,transfer,Payment observed,Review payment evidence,TX-126103
EV-TX-126105,EXT-10714,2026-09-18T12:00:00+05:30,transfer,Payment observed,Review payment evidence,TX-126105
EV-TX-126114,EXT-10714,2026-10-10T12:00:00+05:30,transfer,Payment observed,Review payment evidence,TX-126114
EV-TX-126116,EXT-10714,2026-10-18T12:00:00+05:30,transfer,Payment observed,Review payment evidence,TX-126116
EV-TX-126125,EXT-10715,2026-08-05T12:00:00+05:30,transfer,Payment observed,Review payment evidence,TX-126125
EV-TX-126127,EXT-10715,2026-08-11T12:00:00+05:30,transfer,Payment observed,Review payment evidence,TX-126127
EV-TX-126130,EXT-10715,2026-08-23T12:00:00+05:30,transfer,Payment observed,Review payment evidence,TX-126130
EV-TX-126136,EXT-10715,2026-09-05T12:00:00+05:30,transfer,Payment observed,Review payment evidence,TX-126136
EV-TX-126138,EXT-10715,2026-09-10T14:53:00+05:30,transfer,Payment observed,Review payment evidence,TX-126138
EV-TX-126139,EXT-10715,2026-09-10T14:58:00+05:30,transfer,Payment observed,Review payment evidence,TX-126139
EV-TX-126140,EXT-10715,2026-09-10T15:03:00+05:30,transfer,Payment observed,Review payment evidence,TX-126140
EV-TX-126141,EXT-10715,2026-09-11T12:00:00+05:30,transfer,Payment observed,Review payment evidence,TX-126141
EV-TX-126151,EXT-10715,2026-10-05T12:00:00+05:30,transfer,Payment observed,Review payment evidence,TX-126151
EV-TX-126153,EXT-10715,2026-10-11T12:00:00+05:30,transfer,Payment observed,Review payment evidence,TX-126153
EV-TX-126163,EXT-10715,2026-11-05T12:00:00+05:30,transfer,Payment observed,Review payment evidence,TX-126163
EV-TX-126167,EXT-10716,2026-08-05T12:00:00+05:30,transfer,Payment observed,Review payment evidence,TX-126167
EV-TX-126169,EXT-10716,2026-08-12T12:00:00+05:30,transfer,Payment observed,Review payment evidence,TX-126169
EV-TX-126170,EXT-10716,2026-08-14T12:00:00+05:30,transfer,Payment observed,Review payment evidence,TX-126170
EV-TX-126173,EXT-10716,2026-08-25T12:00:00+05:30,transfer,Payment observed,Review payment evidence,TX-126173
EV-TX-126178,EXT-10716,2026-09-05T12:00:00+05:30,transfer,Payment observed,Review payment evidence,TX-126178
EV-TX-126180,EXT-10716,2026-09-12T12:00:00+05:30,transfer,Payment observed,Review payment evidence,TX-126180
EV-TX-126181,EXT-10716,2026-09-14T12:00:00+05:30,transfer,Payment observed,Review payment evidence,TX-126181
EV-TX-126184,EXT-10716,2026-09-25T12:00:00+05:30,transfer,Payment observed,Review payment evidence,TX-126184
EV-TX-126189,EXT-10716,2026-10-05T12:00:00+05:30,transfer,Payment observed,Review payment evidence,TX-126189
EV-TX-126191,EXT-10716,2026-10-12T12:00:00+05:30,transfer,Payment observed,Review payment evidence,TX-126191
EV-TX-126192,EXT-10716,2026-10-14T12:00:00+05:30,transfer,Payment observed,Review payment evidence,TX-126192
EV-TX-126195,EXT-10716,2026-10-25T12:00:00+05:30,transfer,Payment observed,Review payment evidence,TX-126195
EV-TX-126200,EXT-10716,2026-11-05T12:00:00+05:30,transfer,Payment observed,Review payment evidence,TX-126200
EV-TX-126203,EXT-10717,2026-08-07T12:00:00+05:30,transfer,Payment observed,Review payment evidence,TX-126203
EV-TX-126205,EXT-10717,2026-08-12T12:00:00+05:30,transfer,Payment observed,Review payment evidence,TX-126205
EV-TX-126209,EXT-10717,2026-08-25T12:00:00+05:30,transfer,Payment observed,Review payment evidence,TX-126209
EV-TX-126215,EXT-10717,2026-09-07T12:00:00+05:30,transfer,Payment observed,Review payment evidence,TX-126215
EV-TX-126217,EXT-10717,2026-09-12T12:00:00+05:30,transfer,Payment observed,Review payment evidence,TX-126217
EV-TX-126218,EXT-10717,2026-09-12T17:39:00+05:30,transfer,Payment observed,Review payment evidence,TX-126218
EV-TX-126219,EXT-10717,2026-09-12T17:47:00+05:30,transfer,Payment observed,Review payment evidence,TX-126219
EV-TX-126223,EXT-10717,2026-09-25T12:00:00+05:30,transfer,Payment observed,Review payment evidence,TX-126223
EV-TX-126229,EXT-10717,2026-10-07T12:00:00+05:30,transfer,Payment observed,Review payment evidence,TX-126229
EV-TX-126231,EXT-10717,2026-10-12T12:00:00+05:30,transfer,Payment observed,Review payment evidence,TX-126231
EV-TX-126235,EXT-10717,2026-10-25T12:00:00+05:30,transfer,Payment observed,Review payment evidence,TX-126235
EV-TX-126244,EXT-10718,2026-08-02T12:00:00+05:30,transfer,Payment observed,Review payment evidence,TX-126244
EV-TX-126247,EXT-10718,2026-08-12T12:00:00+05:30,transfer,Payment observed,Review payment evidence,TX-126247
EV-TX-126251,EXT-10718,2026-08-27T12:00:00+05:30,transfer,Payment observed,Review payment evidence,TX-126251
EV-TX-126254,EXT-10718,2026-09-02T12:00:00+05:30,transfer,Payment observed,Review payment evidence,TX-126254
EV-TX-126258,EXT-10718,2026-09-12T12:00:00+05:30,transfer,Payment observed,Review payment evidence,TX-126258
EV-TX-126259,EXT-10718,2026-09-12T14:56:00+05:30,transfer,Payment observed,Review payment evidence,TX-126259
EV-TX-126267,EXT-10718,2026-10-02T12:00:00+05:30,transfer,Payment observed,Review payment evidence,TX-126267
EV-TX-126271,EXT-10718,2026-10-12T12:00:00+05:30,transfer,Payment observed,Review payment evidence,TX-126271
EV-TX-126279,EXT-10718,2026-11-02T12:00:00+05:30,transfer,Payment observed,Review payment evidence,TX-126279
EV-TX-126286,EXT-10719,2026-08-12T12:00:00+05:30,transfer,Payment observed,Review payment evidence,TX-126286
EV-TX-126289,EXT-10719,2026-08-24T12:00:00+05:30,transfer,Payment observed,Review payment evidence,TX-126289
EV-TX-126295,EXT-10719,2026-09-12T12:00:00+05:30,transfer,Payment observed,Review payment evidence,TX-126295
EV-TX-126298,EXT-10719,2026-09-24T12:00:00+05:30,transfer,Payment observed,Review payment evidence,TX-126298
EV-TX-126304,EXT-10719,2026-10-12T12:00:00+05:30,transfer,Payment observed,Review payment evidence,TX-126304
EV-TX-126307,EXT-10719,2026-10-24T12:00:00+05:30,transfer,Payment observed,Review payment evidence,TX-126307
EV-TX-126315,EXT-10720,2026-08-05T12:00:00+05:30,transfer,Payment observed,Review payment evidence,TX-126315
EV-TX-126317,EXT-10720,2026-08-10T12:00:00+05:30,transfer,Payment observed,Review payment evidence,TX-126317
EV-TX-126323,EXT-10720,2026-09-05T12:00:00+05:30,transfer,Payment observed,Review payment evidence,TX-126323
EV-TX-126325,EXT-10720,2026-09-10T12:00:00+05:30,transfer,Payment observed,Review payment evidence,TX-126325
EV-TX-126331,EXT-10720,2026-10-05T12:00:00+05:30,transfer,Payment observed,Review payment evidence,TX-126331
EV-TX-126333,EXT-10720,2026-10-10T12:00:00+05:30,transfer,Payment observed,Review payment evidence,TX-126333
EV-TX-126339,EXT-10720,2026-11-05T12:00:00+05:30,transfer,Payment observed,Review payment evidence,TX-126339
EV-TX-126342,EXT-10721,2026-08-04T12:00:00+05:30,transfer,Payment observed,Review payment evidence,TX-126342
EV-TX-126344,EXT-10721,2026-08-12T12:00:00+05:30,transfer,Payment observed,Review payment evidence,TX-126344
EV-TX-126352,EXT-10721,2026-09-04T12:00:00+05:30,transfer,Payment observed,Review payment evidence,TX-126352
EV-TX-126354,EXT-10721,2026-09-12T12:00:00+05:30,transfer,Payment observed,Review payment evidence,TX-126354
EV-TX-126356,EXT-10721,2026-09-15T16:19:00+05:30,transfer,Payment observed,Review payment evidence,TX-126356
EV-TX-126357,EXT-10721,2026-09-15T16:27:00+05:30,transfer,Payment observed,Review payment evidence,TX-126357
EV-TX-126367,EXT-10721,2026-10-04T12:00:00+05:30,transfer,Payment observed,Review payment evidence,TX-126367
EV-TX-126369,EXT-10721,2026-10-12T12:00:00+05:30,transfer,Payment observed,Review payment evidence,TX-126369
EV-TX-126379,EXT-10721,2026-11-04T12:00:00+05:30,transfer,Payment observed,Review payment evidence,TX-126379
EV-TX-126382,EXT-10722,2026-08-04T12:00:00+05:30,transfer,Payment observed,Review payment evidence,TX-126382
EV-TX-126383,EXT-10722,2026-08-06T12:00:00+05:30,transfer,Payment observed,Review payment evidence,TX-126383
EV-TX-126395,EXT-10722,2026-09-04T12:00:00+05:30,transfer,Payment observed,Review payment evidence,TX-126395
EV-TX-126396,EXT-10722,2026-09-06T12:00:00+05:30,transfer,Payment observed,Review payment evidence,TX-126396
EV-TX-126398,EXT-10722,2026-09-09T12:00:00+05:30,transfer,Payment observed,Review payment evidence,TX-126398
EV-TX-126399,EXT-10722,2026-09-11T16:49:00+05:30,transfer,Payment observed,Review payment evidence,TX-126399
EV-TX-126400,EXT-10722,2026-09-11T16:57:00+05:30,transfer,Payment observed,Review payment evidence,TX-126400
EV-TX-126402,EXT-10722,2026-09-16T15:46:00+05:30,transfer,Payment observed,Review payment evidence,TX-126402
EV-TX-126403,EXT-10722,2026-09-16T15:53:00+05:30,transfer,Payment observed,Review payment evidence,TX-126403
EV-TX-126404,EXT-10722,2026-09-16T15:56:00+05:30,transfer,Payment observed,Review payment evidence,TX-126404
EV-TX-126412,EXT-10722,2026-10-04T12:00:00+05:30,transfer,Payment observed,Review payment evidence,TX-126412
EV-TX-126413,EXT-10722,2026-10-06T12:00:00+05:30,transfer,Payment observed,Review payment evidence,TX-126413
EV-TX-126415,EXT-10722,2026-10-09T12:00:00+05:30,transfer,Payment observed,Review payment evidence,TX-126415
EV-TX-126419,EXT-10722,2026-10-25T12:00:00+05:30,transfer,Payment observed,Review payment evidence,TX-126419
EV-TX-126425,EXT-10722,2026-11-04T12:00:00+05:30,transfer,Payment observed,Review payment evidence,TX-126425
EV-TX-126432,EXT-10723,2026-08-22T12:00:00+05:30,transfer,Payment observed,Review payment evidence,TX-126432
EV-TX-126433,EXT-10723,2026-08-25T12:00:00+05:30,transfer,Payment observed,Review payment evidence,TX-126433
EV-TX-126436,EXT-10723,2026-08-28T12:00:00+05:30,transfer,Payment observed,Review payment evidence,TX-126436
EV-TX-126440,EXT-10723,2026-09-13T17:18:00+05:30,transfer,Payment observed,Review payment evidence,TX-126440
EV-TX-126441,EXT-10723,2026-09-13T17:24:00+05:30,transfer,Payment observed,Review payment evidence,TX-126441
EV-TX-126442,EXT-10723,2026-09-13T17:24:00+05:30,transfer,Payment observed,Review payment evidence,TX-126442
EV-TX-126445,EXT-10723,2026-09-22T12:00:00+05:30,transfer,Payment observed,Review payment evidence,TX-126445
EV-TX-126447,EXT-10723,2026-09-25T12:00:00+05:30,transfer,Payment observed,Review payment evidence,TX-126447
EV-TX-126456,EXT-10723,2026-10-22T12:00:00+05:30,transfer,Payment observed,Review payment evidence,TX-126456
EV-TX-126458,EXT-10723,2026-10-25T12:00:00+05:30,transfer,Payment observed,Review payment evidence,TX-126458
EV-TX-126465,EXT-10724,2026-08-02T12:00:00+05:30,transfer,Payment observed,Review payment evidence,TX-126465
EV-TX-126468,EXT-10724,2026-08-12T12:00:00+05:30,transfer,Payment observed,Review payment evidence,TX-126468
EV-TX-126470,EXT-10724,2026-08-18T12:00:00+05:30,transfer,Payment observed,Review payment evidence,TX-126470
EV-TX-126477,EXT-10724,2026-09-02T12:00:00+05:30,transfer,Payment observed,Review payment evidence,TX-126477
EV-TX-126489,EXT-10724,2026-10-02T12:00:00+05:30,transfer,Payment observed,Review payment evidence,TX-126489
EV-TX-126505,EXT-10724,2026-11-02T12:00:00+05:30,transfer,Payment observed,Review payment evidence,TX-126505
EV-TX-126513,EXT-10725,2026-08-16T12:00:00+05:30,transfer,Payment observed,Review payment evidence,TX-126513
EV-TX-126514,EXT-10725,2026-08-18T12:00:00+05:30,transfer,Payment observed,Review payment evidence,TX-126514
EV-TX-126523,EXT-10725,2026-09-16T12:00:00+05:30,transfer,Payment observed,Review payment evidence,TX-126523
EV-TX-126548,EXT-10726,2026-08-16T12:00:00+05:30,transfer,Payment observed,Review payment evidence,TX-126548
EV-TX-126551,EXT-10726,2026-08-27T12:00:00+05:30,transfer,Payment observed,Review payment evidence,TX-126551
EV-TX-126556,EXT-10726,2026-09-11T13:49:00+05:30,transfer,Payment observed,Review payment evidence,TX-126556
EV-TX-126557,EXT-10726,2026-09-11T13:53:00+05:30,transfer,Payment observed,Review payment evidence,TX-126557
EV-TX-126559,EXT-10726,2026-09-16T12:00:00+05:30,transfer,Payment observed,Review payment evidence,TX-126559
EV-TX-126562,EXT-10726,2026-09-27T12:00:00+05:30,transfer,Payment observed,Review payment evidence,TX-126562
EV-TX-126568,EXT-10726,2026-10-16T12:00:00+05:30,transfer,Payment observed,Review payment evidence,TX-126568
EV-TX-126571,EXT-10726,2026-10-27T12:00:00+05:30,transfer,Payment observed,Review payment evidence,TX-126571
EV-TX-126578,EXT-10727,2026-08-06T12:00:00+05:30,transfer,Payment observed,Review payment evidence,TX-126578
EV-TX-126584,EXT-10727,2026-08-28T12:00:00+05:30,transfer,Payment observed,Review payment evidence,TX-126584
EV-TX-126587,EXT-10727,2026-09-06T12:00:00+05:30,transfer,Payment observed,Review payment evidence,TX-126587
EV-TX-126593,EXT-10727,2026-09-28T12:00:00+05:30,transfer,Payment observed,Review payment evidence,TX-126593
EV-TX-126596,EXT-10727,2026-10-06T12:00:00+05:30,transfer,Payment observed,Review payment evidence,TX-126596
EV-TX-126602,EXT-10727,2026-10-28T12:00:00+05:30,transfer,Payment observed,Review payment evidence,TX-126602
EV-TX-126608,EXT-10728,2026-08-04T12:00:00+05:30,transfer,Payment observed,Review payment evidence,TX-126608
EV-TX-126611,EXT-10728,2026-08-18T12:00:00+05:30,transfer,Payment observed,Review payment evidence,TX-126611
EV-TX-126615,EXT-10728,2026-08-28T12:00:00+05:30,transfer,Payment observed,Review payment evidence,TX-126615
EV-TX-126619,EXT-10728,2026-09-04T12:00:00+05:30,transfer,Payment observed,Review payment evidence,TX-126619
EV-TX-126631,EXT-10728,2026-10-04T12:00:00+05:30,transfer,Payment observed,Review payment evidence,TX-126631
EV-TX-126643,EXT-10728,2026-11-04T12:00:00+05:30,transfer,Payment observed,Review payment evidence,TX-126643
EV-TX-126647,EXT-10729,2026-08-06T12:00:00+05:30,transfer,Payment observed,Review payment evidence,TX-126647
EV-TX-126649,EXT-10729,2026-08-09T12:00:00+05:30,transfer,Payment observed,Review payment evidence,TX-126649
EV-TX-126651,EXT-10729,2026-08-18T12:00:00+05:30,transfer,Payment observed,Review payment evidence,TX-126651
EV-TX-126655,EXT-10729,2026-08-27T12:00:00+05:30,transfer,Payment observed,Review payment evidence,TX-126655
EV-TX-126658,EXT-10729,2026-09-06T12:00:00+05:30,transfer,Payment observed,Review payment evidence,TX-126658
EV-TX-126660,EXT-10729,2026-09-09T12:00:00+05:30,transfer,Payment observed,Review payment evidence,TX-126660
EV-TX-126661,EXT-10729,2026-09-09T13:44:00+05:30,transfer,Payment observed,Review payment evidence,TX-126661
EV-TX-126662,EXT-10729,2026-09-09T13:51:00+05:30,transfer,Payment observed,Review payment evidence,TX-126662
EV-TX-126663,EXT-10729,2026-09-09T14:02:00+05:30,transfer,Payment observed,Review payment evidence,TX-126663
EV-TX-126665,EXT-10729,2026-09-18T12:00:00+05:30,transfer,Payment observed,Review payment evidence,TX-126665
EV-TX-126669,EXT-10729,2026-09-27T12:00:00+05:30,transfer,Payment observed,Review payment evidence,TX-126669
EV-TX-126672,EXT-10729,2026-10-06T12:00:00+05:30,transfer,Payment observed,Review payment evidence,TX-126672
EV-TX-126674,EXT-10729,2026-10-09T12:00:00+05:30,transfer,Payment observed,Review payment evidence,TX-126674
EV-TX-126676,EXT-10729,2026-10-18T12:00:00+05:30,transfer,Payment observed,Review payment evidence,TX-126676
EV-TX-126681,EXT-10729,2026-10-27T12:00:00+05:30,transfer,Payment observed,Review payment evidence,TX-126681
EV-TX-126689,EXT-10730,2026-08-13T12:00:00+05:30,transfer,Payment observed,Review payment evidence,TX-126689
EV-TX-126691,EXT-10730,2026-08-18T12:00:00+05:30,transfer,Payment observed,Review payment evidence,TX-126691
EV-TX-126697,EXT-10730,2026-09-13T12:00:00+05:30,transfer,Payment observed,Review payment evidence,TX-126697
EV-TX-126699,EXT-10730,2026-09-18T12:00:00+05:30,transfer,Payment observed,Review payment evidence,TX-126699
EV-TX-126705,EXT-10730,2026-10-13T12:00:00+05:30,transfer,Payment observed,Review payment evidence,TX-126705
EV-TX-126707,EXT-10730,2026-10-18T12:00:00+05:30,transfer,Payment observed,Review payment evidence,TX-126707
EV-TX-126716,EXT-10731,2026-08-17T12:00:00+05:30,transfer,Payment observed,Review payment evidence,TX-126716
EV-TX-126717,EXT-10731,2026-08-20T12:00:00+05:30,transfer,Payment observed,Review payment evidence,TX-126717
EV-TX-126721,EXT-10731,2026-08-23T12:00:00+05:30,transfer,Payment observed,Review payment evidence,TX-126721
EV-TX-126727,EXT-10731,2026-09-09T14:00:00+05:30,transfer,Payment observed,Review payment evidence,TX-126727
EV-TX-126728,EXT-10731,2026-09-09T14:03:00+05:30,transfer,Payment observed,Review payment evidence,TX-126728
EV-TX-126729,EXT-10731,2026-09-09T14:06:00+05:30,transfer,Payment observed,Review payment evidence,TX-126729
EV-TX-126730,EXT-10731,2026-09-09T14:14:00+05:30,transfer,Payment observed,Review payment evidence,TX-126730
EV-TX-126732,EXT-10731,2026-09-15T14:53:00+05:30,transfer,Payment observed,Review payment evidence,TX-126732
EV-TX-126733,EXT-10731,2026-09-15T14:56:00+05:30,transfer,Payment observed,Review payment evidence,TX-126733
EV-TX-126734,EXT-10731,2026-09-17T12:00:00+05:30,transfer,Payment observed,Review payment evidence,TX-126734
EV-TX-126735,EXT-10731,2026-09-20T12:00:00+05:30,transfer,Payment observed,Review payment evidence,TX-126735
EV-TX-126748,EXT-10731,2026-10-17T12:00:00+05:30,transfer,Payment observed,Review payment evidence,TX-126748
EV-TX-126771,EXT-10732,2026-09-17T12:00:00+05:30,transfer,Payment observed,Review payment evidence,TX-126771
EV-TX-126774,EXT-10732,2026-09-25T12:00:00+05:30,transfer,Payment observed,Review payment evidence,TX-126774
EV-TX-126776,EXT-10732,2026-09-27T12:00:00+05:30,transfer,Payment observed,Review payment evidence,TX-126776
EV-TX-126782,EXT-10732,2026-10-17T12:00:00+05:30,transfer,Payment observed,Review payment evidence,TX-126782
EV-TX-126785,EXT-10732,2026-10-25T12:00:00+05:30,transfer,Payment observed,Review payment evidence,TX-126785
EV-TX-126787,EXT-10732,2026-10-27T12:00:00+05:30,transfer,Payment observed,Review payment evidence,TX-126787
EV-TX-126794,EXT-10733,2026-08-12T12:00:00+05:30,transfer,Payment observed,Review payment evidence,TX-126794
EV-TX-126795,EXT-10733,2026-08-14T12:00:00+05:30,transfer,Payment observed,Review payment evidence,TX-126795
EV-TX-126799,EXT-10733,2026-08-24T12:00:00+05:30,transfer,Payment observed,Review payment evidence,TX-126799
EV-TX-126804,EXT-10733,2026-09-12T12:00:00+05:30,transfer,Payment observed,Review payment evidence,TX-126804
EV-TX-126805,EXT-10733,2026-09-14T12:00:00+05:30,transfer,Payment observed,Review payment evidence,TX-126805
EV-TX-126809,EXT-10733,2026-09-24T12:00:00+05:30,transfer,Payment observed,Review payment evidence,TX-126809
EV-TX-126814,EXT-10733,2026-10-12T12:00:00+05:30,transfer,Payment observed,Review payment evidence,TX-126814
EV-TX-126815,EXT-10733,2026-10-14T12:00:00+05:30,transfer,Payment observed,Review payment evidence,TX-126815
EV-TX-126819,EXT-10733,2026-10-24T12:00:00+05:30,transfer,Payment observed,Review payment evidence,TX-126819
EV-TX-126826,EXT-10734,2026-08-08T12:00:00+05:30,transfer,Payment observed,Review payment evidence,TX-126826
EV-TX-126829,EXT-10734,2026-08-15T12:00:00+05:30,transfer,Payment observed,Review payment evidence,TX-126829
EV-TX-126835,EXT-10734,2026-09-08T12:00:00+05:30,transfer,Payment observed,Review payment evidence,TX-126835
EV-TX-126838,EXT-10734,2026-09-15T12:00:00+05:30,transfer,Payment observed,Review payment evidence,TX-126838
EV-TX-126839,EXT-10734,2026-09-18T13:59:00+05:30,transfer,Payment observed,Review payment evidence,TX-126839
EV-TX-126840,EXT-10734,2026-09-18T14:09:00+05:30,transfer,Payment observed,Review payment evidence,TX-126840
EV-TX-126862,EXT-10735,2026-08-06T12:00:00+05:30,transfer,Payment observed,Review payment evidence,TX-126862
EV-TX-126864,EXT-10735,2026-08-13T12:00:00+05:30,transfer,Payment observed,Review payment evidence,TX-126864
EV-TX-126867,EXT-10735,2026-08-21T12:00:00+05:30,transfer,Payment observed,Review payment evidence,TX-126867
EV-TX-126872,EXT-10735,2026-09-06T12:00:00+05:30,transfer,Payment observed,Review payment evidence,TX-126872
EV-TX-126874,EXT-10735,2026-09-13T12:00:00+05:30,transfer,Payment observed,Review payment evidence,TX-126874
EV-TX-126876,EXT-10735,2026-09-17T17:49:00+05:30,transfer,Payment observed,Review payment evidence,TX-126876
EV-TX-126877,EXT-10735,2026-09-17T17:59:00+05:30,transfer,Payment observed,Review payment evidence,TX-126877
EV-TX-126878,EXT-10735,2026-09-17T18:01:00+05:30,transfer,Payment observed,Review payment evidence,TX-126878
EV-TX-126880,EXT-10735,2026-09-21T12:00:00+05:30,transfer,Payment observed,Review payment evidence,TX-126880
EV-TX-126887,EXT-10735,2026-10-06T12:00:00+05:30,transfer,Payment observed,Review payment evidence,TX-126887
EV-TX-126903,EXT-10736,2026-08-06T12:00:00+05:30,transfer,Payment observed,Review payment evidence,TX-126903
EV-TX-126905,EXT-10736,2026-08-11T12:00:00+05:30,transfer,Payment observed,Review payment evidence,TX-126905
EV-TX-126907,EXT-10736,2026-08-15T12:00:00+05:30,transfer,Payment observed,Review payment evidence,TX-126907
EV-TX-126910,EXT-10736,2026-08-24T12:00:00+05:30,transfer,Payment observed,Review payment evidence,TX-126910
EV-TX-126914,EXT-10736,2026-09-06T12:00:00+05:30,transfer,Payment observed,Review payment evidence,TX-126914
EV-TX-126916,EXT-10736,2026-09-11T12:00:00+05:30,transfer,Payment observed,Review payment evidence,TX-126916
EV-TX-126918,EXT-10736,2026-09-15T12:00:00+05:30,transfer,Payment observed,Review payment evidence,TX-126918
EV-TX-126921,EXT-10736,2026-09-24T12:00:00+05:30,transfer,Payment observed,Review payment evidence,TX-126921
EV-TX-126925,EXT-10736,2026-10-06T12:00:00+05:30,transfer,Payment observed,Review payment evidence,TX-126925
EV-TX-126927,EXT-10736,2026-10-11T12:00:00+05:30,transfer,Payment observed,Review payment evidence,TX-126927
EV-TX-126929,EXT-10736,2026-10-15T12:00:00+05:30,transfer,Payment observed,Review payment evidence,TX-126929
EV-TX-126931,EXT-10736,2026-10-24T12:00:00+05:30,transfer,Payment observed,Review payment evidence,TX-126931
EV-TX-126941,EXT-10737,2026-08-12T12:00:00+05:30,transfer,Payment observed,Review payment evidence,TX-126941
EV-TX-126943,EXT-10737,2026-08-17T12:00:00+05:30,transfer,Payment observed,Review payment evidence,TX-126943
EV-TX-126944,EXT-10737,2026-08-18T12:00:00+05:30,transfer,Payment observed,Review payment evidence,TX-126944
EV-TX-126951,EXT-10737,2026-09-12T12:00:00+05:30,transfer,Payment observed,Review payment evidence,TX-126951
EV-TX-126953,EXT-10737,2026-09-17T12:00:00+05:30,transfer,Payment observed,Review payment evidence,TX-126953
EV-TX-126954,EXT-10737,2026-09-18T12:00:00+05:30,transfer,Payment observed,Review payment evidence,TX-126954
EV-TX-126961,EXT-10737,2026-10-12T12:00:00+05:30,transfer,Payment observed,Review payment evidence,TX-126961
EV-TX-126963,EXT-10737,2026-10-17T12:00:00+05:30,transfer,Payment observed,Review payment evidence,TX-126963
EV-TX-126964,EXT-10737,2026-10-18T12:00:00+05:30,transfer,Payment observed,Review payment evidence,TX-126964
EV-TX-126973,EXT-10738,2026-08-03T12:00:00+05:30,transfer,Payment observed,Review payment evidence,TX-126973
EV-TX-126974,EXT-10738,2026-08-04T12:00:00+05:30,transfer,Payment observed,Review payment evidence,TX-126974
EV-TX-126982,EXT-10738,2026-09-03T12:00:00+05:30,transfer,Payment observed,Review payment evidence,TX-126982
EV-TX-126983,EXT-10738,2026-09-04T12:00:00+05:30,transfer,Payment observed,Review payment evidence,TX-126983
EV-TX-126985,EXT-10738,2026-09-14T16:59:00+05:30,transfer,Payment observed,Review payment evidence,TX-126985
EV-TX-126986,EXT-10738,2026-09-14T17:02:00+05:30,transfer,Payment observed,Review payment evidence,TX-126986
EV-TX-126993,EXT-10738,2026-10-03T12:00:00+05:30,transfer,Payment observed,Review payment evidence,TX-126993
EV-TX-126994,EXT-10738,2026-10-04T12:00:00+05:30,transfer,Payment observed,Review payment evidence,TX-126994
EV-TX-127002,EXT-10738,2026-11-03T12:00:00+05:30,transfer,Payment observed,Review payment evidence,TX-127002
EV-TX-127003,EXT-10738,2026-11-04T12:00:00+05:30,transfer,Payment observed,Review payment evidence,TX-127003
EV-TX-127007,EXT-10739,2026-08-08T12:00:00+05:30,transfer,Payment observed,Review payment evidence,TX-127007
EV-TX-127010,EXT-10739,2026-08-19T12:00:00+05:30,transfer,Payment observed,Review payment evidence,TX-127010
EV-TX-127011,EXT-10739,2026-08-20T12:00:00+05:30,transfer,Payment observed,Review payment evidence,TX-127011
EV-TX-127013,EXT-10739,2026-08-23T12:00:00+05:30,transfer,Payment observed,Review payment evidence,TX-127013
EV-TX-127018,EXT-10739,2026-09-08T12:00:00+05:30,transfer,Payment observed,Review payment evidence,TX-127018
EV-TX-127021,EXT-10739,2026-09-19T12:00:00+05:30,transfer,Payment observed,Review payment evidence,TX-127021
EV-TX-127022,EXT-10739,2026-09-20T12:00:00+05:30,transfer,Payment observed,Review payment evidence,TX-127022
EV-TX-127024,EXT-10739,2026-09-23T12:00:00+05:30,transfer,Payment observed,Review payment evidence,TX-127024
EV-TX-127029,EXT-10739,2026-10-08T12:00:00+05:30,transfer,Payment observed,Review payment evidence,TX-127029
EV-TX-127032,EXT-10739,2026-10-19T12:00:00+05:30,transfer,Payment observed,Review payment evidence,TX-127032
EV-TX-127033,EXT-10739,2026-10-20T12:00:00+05:30,transfer,Payment observed,Review payment evidence,TX-127033
EV-TX-127035,EXT-10739,2026-10-23T12:00:00+05:30,transfer,Payment observed,Review payment evidence,TX-127035
EV-TX-127044,EXT-10740,2026-08-11T12:00:00+05:30,transfer,Payment observed,Review payment evidence,TX-127044
EV-TX-127047,EXT-10740,2026-08-22T12:00:00+05:30,transfer,Payment observed,Review payment evidence,TX-127047
EV-TX-127048,EXT-10740,2026-08-25T12:00:00+05:30,transfer,Payment observed,Review payment evidence,TX-127048
EV-TX-127053,EXT-10740,2026-09-11T12:00:00+05:30,transfer,Payment observed,Review payment evidence,TX-127053
EV-TX-127054,EXT-10740,2026-09-14T17:55:00+05:30,transfer,Payment observed,Review payment evidence,TX-127054
EV-TX-127055,EXT-10740,2026-09-14T18:05:00+05:30,transfer,Payment observed,Review payment evidence,TX-127055
EV-TX-127056,EXT-10740,2026-09-14T18:01:00+05:30,transfer,Payment observed,Review payment evidence,TX-127056
EV-TX-127059,EXT-10740,2026-09-22T12:00:00+05:30,transfer,Payment observed,Review payment evidence,TX-127059
EV-TX-127060,EXT-10740,2026-09-25T12:00:00+05:30,transfer,Payment observed,Review payment evidence,TX-127060
EV-TX-127065,EXT-10740,2026-10-11T12:00:00+05:30,transfer,Payment observed,Review payment evidence,TX-127065
EV-TX-127068,EXT-10740,2026-10-22T12:00:00+05:30,transfer,Payment observed,Review payment evidence,TX-127068
EV-TX-127069,EXT-10740,2026-10-25T12:00:00+05:30,transfer,Payment observed,Review payment evidence,TX-127069
EV-TX-127074,EXT-10741,2026-08-02T12:00:00+05:30,transfer,Payment observed,Review payment evidence,TX-127074
EV-TX-127077,EXT-10741,2026-08-12T12:00:00+05:30,transfer,Payment observed,Review payment evidence,TX-127077
EV-TX-127079,EXT-10741,2026-08-20T12:00:00+05:30,transfer,Payment observed,Review payment evidence,TX-127079
EV-TX-127087,EXT-10741,2026-09-02T12:00:00+05:30,transfer,Payment observed,Review payment evidence,TX-127087
EV-TX-127090,EXT-10741,2026-09-12T12:00:00+05:30,transfer,Payment observed,Review payment evidence,TX-127090
EV-TX-127092,EXT-10741,2026-09-20T12:00:00+05:30,transfer,Payment observed,Review payment evidence,TX-127092
EV-TX-127097,EXT-10741,2026-10-02T12:00:00+05:30,transfer,Payment observed,Review payment evidence,TX-127097
EV-TX-127113,EXT-10741,2026-11-02T12:00:00+05:30,transfer,Payment observed,Review payment evidence,TX-127113
EV-TX-127120,EXT-10742,2026-08-14T12:00:00+05:30,transfer,Payment observed,Review payment evidence,TX-127120
EV-TX-127125,EXT-10742,2026-08-27T12:00:00+05:30,transfer,Payment observed,Review payment evidence,TX-127125
EV-TX-127129,EXT-10742,2026-09-13T16:15:00+05:30,transfer,Payment observed,Review payment evidence,TX-127129
EV-TX-127130,EXT-10742,2026-09-13T16:20:00+05:30,transfer,Payment observed,Review payment evidence,TX-127130
EV-TX-127131,EXT-10742,2026-09-13T16:27:00+05:30,transfer,Payment observed,Review payment evidence,TX-127131
EV-TX-127132,EXT-10742,2026-09-14T12:00:00+05:30,transfer,Payment observed,Review payment evidence,TX-127132
EV-TX-127137,EXT-10742,2026-09-27T12:00:00+05:30,transfer,Payment observed,Review payment evidence,TX-127137
EV-TX-127141,EXT-10742,2026-10-14T12:00:00+05:30,transfer,Payment observed,Review payment evidence,TX-127141
EV-TX-127146,EXT-10742,2026-10-27T12:00:00+05:30,transfer,Payment observed,Review payment evidence,TX-127146
EV-TX-127153,EXT-10743,2026-08-13T12:00:00+05:30,transfer,Payment observed,Review payment evidence,TX-127153
EV-TX-127155,EXT-10743,2026-08-19T12:00:00+05:30,transfer,Payment observed,Review payment evidence,TX-127155
EV-TX-127158,EXT-10743,2026-08-21T12:00:00+05:30,transfer,Payment observed,Review payment evidence,TX-127158
EV-TX-127163,EXT-10743,2026-09-13T12:00:00+05:30,transfer,Payment observed,Review payment evidence,TX-127163
EV-TX-127165,EXT-10743,2026-09-19T12:00:00+05:30,transfer,Payment observed,Review payment evidence,TX-127165
EV-TX-127166,EXT-10743,2026-09-19T17:57:00+05:30,transfer,Payment observed,Review payment evidence,TX-127166
EV-TX-127167,EXT-10743,2026-09-19T18:07:00+05:30,transfer,Payment observed,Review payment evidence,TX-127167
EV-TX-127169,EXT-10743,2026-09-21T12:00:00+05:30,transfer,Payment observed,Review payment evidence,TX-127169
EV-TX-127175,EXT-10743,2026-10-13T12:00:00+05:30,transfer,Payment observed,Review payment evidence,TX-127175
EV-TX-127177,EXT-10743,2026-10-19T12:00:00+05:30,transfer,Payment observed,Review payment evidence,TX-127177
EV-TX-127179,EXT-10743,2026-10-21T12:00:00+05:30,transfer,Payment observed,Review payment evidence,TX-127179
EV-TX-127188,EXT-10744,2026-08-16T12:00:00+05:30,transfer,Payment observed,Review payment evidence,TX-127188
EV-TX-127189,EXT-10744,2026-08-19T12:00:00+05:30,transfer,Payment observed,Review payment evidence,TX-127189
EV-TX-127191,EXT-10744,2026-08-21T12:00:00+05:30,transfer,Payment observed,Review payment evidence,TX-127191
EV-TX-127198,EXT-10744,2026-09-16T12:00:00+05:30,transfer,Payment observed,Review payment evidence,TX-127198
EV-TX-127199,EXT-10744,2026-09-19T12:00:00+05:30,transfer,Payment observed,Review payment evidence,TX-127199
EV-TX-127201,EXT-10744,2026-09-21T12:00:00+05:30,transfer,Payment observed,Review payment evidence,TX-127201
EV-TX-127208,EXT-10744,2026-10-16T12:00:00+05:30,transfer,Payment observed,Review payment evidence,TX-127208
EV-TX-127209,EXT-10744,2026-10-19T12:00:00+05:30,transfer,Payment observed,Review payment evidence,TX-127209
EV-TX-127211,EXT-10744,2026-10-21T12:00:00+05:30,transfer,Payment observed,Review payment evidence,TX-127211
EV-TX-127220,EXT-10745,2026-08-12T12:00:00+05:30,transfer,Payment observed,Review payment evidence,TX-127220
EV-TX-127223,EXT-10745,2026-08-22T12:00:00+05:30,transfer,Payment observed,Review payment evidence,TX-127223
EV-TX-127229,EXT-10745,2026-09-12T12:00:00+05:30,transfer,Payment observed,Review payment evidence,TX-127229
EV-TX-127232,EXT-10745,2026-09-22T12:00:00+05:30,transfer,Payment observed,Review payment evidence,TX-127232
EV-TX-127238,EXT-10745,2026-10-12T12:00:00+05:30,transfer,Payment observed,Review payment evidence,TX-127238
EV-TX-127241,EXT-10745,2026-10-22T12:00:00+05:30,transfer,Payment observed,Review payment evidence,TX-127241
EV-TX-127252,EXT-10746,2026-08-22T12:00:00+05:30,transfer,Payment observed,Review payment evidence,TX-127252
EV-TX-127253,EXT-10746,2026-08-23T12:00:00+05:30,transfer,Payment observed,Review payment evidence,TX-127253
EV-TX-127256,EXT-10746,2026-08-26T12:00:00+05:30,transfer,Payment observed,Review payment evidence,TX-127256
EV-TX-127257,EXT-10746,2026-08-28T12:00:00+05:30,transfer,Payment observed,Review payment evidence,TX-127257
EV-TX-127263,EXT-10746,2026-09-22T12:00:00+05:30,transfer,Payment observed,Review payment evidence,TX-127263
EV-TX-127264,EXT-10746,2026-09-23T12:00:00+05:30,transfer,Payment observed,Review payment evidence,TX-127264
EV-TX-127267,EXT-10746,2026-09-26T12:00:00+05:30,transfer,Payment observed,Review payment evidence,TX-127267
EV-TX-127268,EXT-10746,2026-09-28T12:00:00+05:30,transfer,Payment observed,Review payment evidence,TX-127268
EV-TX-127274,EXT-10746,2026-10-22T12:00:00+05:30,transfer,Payment observed,Review payment evidence,TX-127274
EV-TX-127275,EXT-10746,2026-10-23T12:00:00+05:30,transfer,Payment observed,Review payment evidence,TX-127275
EV-TX-127278,EXT-10746,2026-10-26T12:00:00+05:30,transfer,Payment observed,Review payment evidence,TX-127278
EV-TX-127284,EXT-10747,2026-08-02T12:00:00+05:30,transfer,Payment observed,Review payment evidence,TX-127284
EV-TX-127286,EXT-10747,2026-08-04T12:00:00+05:30,transfer,Payment observed,Review payment evidence,TX-127286
EV-TX-127290,EXT-10747,2026-08-22T12:00:00+05:30,transfer,Payment observed,Review payment evidence,TX-127290
EV-TX-127294,EXT-10747,2026-09-02T12:00:00+05:30,transfer,Payment observed,Review payment evidence,TX-127294
EV-TX-127296,EXT-10747,2026-09-04T12:00:00+05:30,transfer,Payment observed,Review payment evidence,TX-127296
EV-TX-127300,EXT-10747,2026-09-22T12:00:00+05:30,transfer,Payment observed,Review payment evidence,TX-127300
EV-TX-127305,EXT-10747,2026-10-02T12:00:00+05:30,transfer,Payment observed,Review payment evidence,TX-127305
EV-TX-127307,EXT-10747,2026-10-04T12:00:00+05:30,transfer,Payment observed,Review payment evidence,TX-127307
EV-TX-127317,EXT-10747,2026-11-02T12:00:00+05:30,transfer,Payment observed,Review payment evidence,TX-127317
EV-TX-127321,EXT-10747,2026-11-04T12:00:00+05:30,transfer,Payment observed,Review payment evidence,TX-127321
EV-TX-127324,EXT-10748,2026-08-04T12:00:00+05:30,transfer,Payment observed,Review payment evidence,TX-127324
EV-TX-127328,EXT-10748,2026-08-16T12:00:00+05:30,transfer,Payment observed,Review payment evidence,TX-127328
EV-TX-127329,EXT-10748,2026-08-17T12:00:00+05:30,transfer,Payment observed,Review payment evidence,TX-127329
EV-TX-127333,EXT-10748,2026-08-28T12:00:00+05:30,transfer,Payment observed,Review payment evidence,TX-127333
EV-TX-127338,EXT-10748,2026-09-14T15:24:00+05:30,transfer,Payment observed,Review payment evidence,TX-127338
EV-TX-127339,EXT-10748,2026-09-14T15:27:00+05:30,transfer,Payment observed,Review payment evidence,TX-127339
EV-TX-127340,EXT-10748,2026-09-14T15:32:00+05:30,transfer,Payment observed,Review payment evidence,TX-127340
EV-TX-127342,EXT-10748,2026-09-16T12:00:00+05:30,transfer,Payment observed,Review payment evidence,TX-127342
EV-TX-127343,EXT-10748,2026-09-17T12:00:00+05:30,transfer,Payment observed,Review payment evidence,TX-127343
EV-TX-127354,EXT-10748,2026-10-16T12:00:00+05:30,transfer,Payment observed,Review payment evidence,TX-127354
EV-TX-127355,EXT-10748,2026-10-17T12:00:00+05:30,transfer,Payment observed,Review payment evidence,TX-127355
EV-TX-127358,EXT-10748,2026-10-28T12:00:00+05:30,transfer,Payment observed,Review payment evidence,TX-127358
EV-TX-127365,EXT-10749,2026-08-06T12:00:00+05:30,transfer,Payment observed,Review payment evidence,TX-127365
EV-TX-127367,EXT-10749,2026-08-09T12:00:00+05:30,transfer,Payment observed,Review payment evidence,TX-127367
EV-TX-127369,EXT-10749,2026-08-15T12:00:00+05:30,transfer,Payment observed,Review payment evidence,TX-127369
EV-TX-127375,EXT-10749,2026-09-06T12:00:00+05:30,transfer,Payment observed,Review payment evidence,TX-127375
EV-TX-127377,EXT-10749,2026-09-09T12:00:00+05:30,transfer,Payment observed,Review payment evidence,TX-127377
EV-TX-127379,EXT-10749,2026-09-15T12:00:00+05:30,transfer,Payment observed,Review payment evidence,TX-127379
EV-TX-127385,EXT-10749,2026-10-06T12:00:00+05:30,transfer,Payment observed,Review payment evidence,TX-127385
EV-TX-127387,EXT-10749,2026-10-09T12:00:00+05:30,transfer,Payment observed,Review payment evidence,TX-127387
EV-TX-127389,EXT-10749,2026-10-15T12:00:00+05:30,transfer,Payment observed,Review payment evidence,TX-127389
EV-TX-127399,EXT-10750,2026-08-13T12:00:00+05:30,transfer,Payment observed,Review payment evidence,TX-127399
EV-TX-127401,EXT-10750,2026-08-20T12:00:00+05:30,transfer,Payment observed,Review payment evidence,TX-127401
EV-TX-127404,EXT-10750,2026-08-28T12:00:00+05:30,transfer,Payment observed,Review payment evidence,TX-127404
EV-TX-127408,EXT-10750,2026-09-13T12:00:00+05:30,transfer,Payment observed,Review payment evidence,TX-127408
EV-TX-127410,EXT-10750,2026-09-17T13:51:00+05:30,transfer,Payment observed,Review payment evidence,TX-127410
EV-TX-127411,EXT-10750,2026-09-17T13:55:00+05:30,transfer,Payment observed,Review payment evidence,TX-127411
EV-TX-127412,EXT-10750,2026-09-20T12:00:00+05:30,transfer,Payment observed,Review payment evidence,TX-127412
EV-TX-127415,EXT-10750,2026-09-28T12:00:00+05:30,transfer,Payment observed,Review payment evidence,TX-127415
EV-TX-127419,EXT-10750,2026-10-13T12:00:00+05:30,transfer,Payment observed,Review payment evidence,TX-127419
EV-TX-127421,EXT-10750,2026-10-20T12:00:00+05:30,transfer,Payment observed,Review payment evidence,TX-127421
EV-TX-127424,EXT-10750,2026-10-28T12:00:00+05:30,transfer,Payment observed,Review payment evidence,TX-127424
EV-TX-127428,EXT-10751,2026-08-04T12:00:00+05:30,transfer,Payment observed,Review payment evidence,TX-127428
EV-TX-127430,EXT-10751,2026-08-11T12:00:00+05:30,transfer,Payment observed,Review payment evidence,TX-127430
EV-TX-127436,EXT-10751,2026-08-28T12:00:00+05:30,transfer,Payment observed,Review payment evidence,TX-127436
EV-TX-127440,EXT-10751,2026-09-04T12:00:00+05:30,transfer,Payment observed,Review payment evidence,TX-127440
EV-TX-127442,EXT-10751,2026-09-11T12:00:00+05:30,transfer,Payment observed,Review payment evidence,TX-127442
EV-TX-127443,EXT-10751,2026-09-13T17:52:00+05:30,transfer,Payment observed,Review payment evidence,TX-127443
EV-TX-127444,EXT-10751,2026-09-13T17:55:00+05:30,transfer,Payment observed,Review payment evidence,TX-127444
EV-TX-127445,EXT-10751,2026-09-13T18:12:00+05:30,transfer,Payment observed,Review payment evidence,TX-127445
EV-TX-127451,EXT-10751,2026-09-28T12:00:00+05:30,transfer,Payment observed,Review payment evidence,TX-127451
EV-TX-127455,EXT-10751,2026-10-04T12:00:00+05:30,transfer,Payment observed,Review payment evidence,TX-127455
EV-TX-127465,EXT-10751,2026-10-28T12:00:00+05:30,transfer,Payment observed,Review payment evidence,TX-127465
EV-TX-127469,EXT-10751,2026-11-04T12:00:00+05:30,transfer,Payment observed,Review payment evidence,TX-127469
EV-TX-127474,EXT-10752,2026-08-12T12:00:00+05:30,transfer,Payment observed,Review payment evidence,TX-127474
EV-TX-127475,EXT-10752,2026-08-14T12:00:00+05:30,transfer,Payment observed,Review payment evidence,TX-127475
EV-TX-127479,EXT-10752,2026-08-25T12:00:00+05:30,transfer,Payment observed,Review payment evidence,TX-127479
EV-TX-127484,EXT-10752,2026-09-12T12:00:00+05:30,transfer,Payment observed,Review payment evidence,TX-127484
EV-TX-127485,EXT-10752,2026-09-12T17:51:00+05:30,transfer,Payment observed,Review payment evidence,TX-127485
EV-TX-127486,EXT-10752,2026-09-12T18:00:00+05:30,transfer,Payment observed,Review payment evidence,TX-127486
EV-TX-127487,EXT-10752,2026-09-14T12:00:00+05:30,transfer,Payment observed,Review payment evidence,TX-127487
EV-TX-127491,EXT-10752,2026-09-25T12:00:00+05:30,transfer,Payment observed,Review payment evidence,TX-127491
EV-TX-127496,EXT-10752,2026-10-12T12:00:00+05:30,transfer,Payment observed,Review payment evidence,TX-127496
EV-TX-127497,EXT-10752,2026-10-14T12:00:00+05:30,transfer,Payment observed,Review payment evidence,TX-127497
EV-TX-127501,EXT-10752,2026-10-25T12:00:00+05:30,transfer,Payment observed,Review payment evidence,TX-127501
EV-TX-127507,EXT-10753,2026-08-05T12:00:00+05:30,transfer,Payment observed,Review payment evidence,TX-127507
EV-TX-127508,EXT-10753,2026-08-06T12:00:00+05:30,transfer,Payment observed,Review payment evidence,TX-127508
EV-TX-127509,EXT-10753,2026-08-08T12:00:00+05:30,transfer,Payment observed,Review payment evidence,TX-127509
EV-TX-127517,EXT-10753,2026-09-05T12:00:00+05:30,transfer,Payment observed,Review payment evidence,TX-127517
EV-TX-127518,EXT-10753,2026-09-06T12:00:00+05:30,transfer,Payment observed,Review payment evidence,TX-127518
EV-TX-127519,EXT-10753,2026-09-08T12:00:00+05:30,transfer,Payment observed,Review payment evidence,TX-127519
EV-TX-127522,EXT-10753,2026-09-17T14:12:00+05:30,transfer,Payment observed,Review payment evidence,TX-127522
EV-TX-127523,EXT-10753,2026-09-17T14:22:00+05:30,transfer,Payment observed,Review payment evidence,TX-127523
EV-TX-127529,EXT-10753,2026-10-05T12:00:00+05:30,transfer,Payment observed,Review payment evidence,TX-127529
EV-TX-127530,EXT-10753,2026-10-06T12:00:00+05:30,transfer,Payment observed,Review payment evidence,TX-127530
EV-TX-127531,EXT-10753,2026-10-08T12:00:00+05:30,transfer,Payment observed,Review payment evidence,TX-127531
EV-TX-127539,EXT-10753,2026-11-05T12:00:00+05:30,transfer,Payment observed,Review payment evidence,TX-127539
EV-TX-127545,EXT-10754,2026-08-16T12:00:00+05:30,transfer,Payment observed,Review payment evidence,TX-127545
EV-TX-127546,EXT-10754,2026-08-20T12:00:00+05:30,transfer,Payment observed,Review payment evidence,TX-127546
EV-TX-127553,EXT-10754,2026-09-10T14:00:00+05:30,transfer,Payment observed,Review payment evidence,TX-127553
EV-TX-127554,EXT-10754,2026-09-10T14:03:00+05:30,transfer,Payment observed,Review payment evidence,TX-127554
EV-TX-127555,EXT-10754,2026-09-10T14:06:00+05:30,transfer,Payment observed,Review payment evidence,TX-127555
EV-TX-127556,EXT-10754,2026-09-10T14:14:00+05:30,transfer,Payment observed,Review payment evidence,TX-127556
EV-TX-127558,EXT-10754,2026-09-16T12:00:00+05:30,transfer,Payment observed,Review payment evidence,TX-127558
EV-TX-127559,EXT-10754,2026-09-20T12:00:00+05:30,transfer,Payment observed,Review payment evidence,TX-127559
EV-TX-127567,EXT-10754,2026-10-16T12:00:00+05:30,transfer,Payment observed,Review payment evidence,TX-127567
EV-TX-127568,EXT-10754,2026-10-20T12:00:00+05:30,transfer,Payment observed,Review payment evidence,TX-127568
EV-TX-127578,EXT-10755,2026-08-09T12:00:00+05:30,transfer,Payment observed,Review payment evidence,TX-127578
EV-TX-127580,EXT-10755,2026-08-15T12:00:00+05:30,transfer,Payment observed,Review payment evidence,TX-127580
EV-TX-127581,EXT-10755,2026-08-17T12:00:00+05:30,transfer,Payment observed,Review payment evidence,TX-127581
EV-TX-127583,EXT-10755,2026-08-25T12:00:00+05:30,transfer,Payment observed,Review payment evidence,TX-127583
EV-TX-127590,EXT-10755,2026-09-09T12:00:00+05:30,transfer,Payment observed,Review payment evidence,TX-127590
EV-TX-127592,EXT-10755,2026-09-15T12:00:00+05:30,transfer,Payment observed,Review payment evidence,TX-127592
EV-TX-127593,EXT-10755,2026-09-17T12:00:00+05:30,transfer,Payment observed,Review payment evidence,TX-127593
EV-TX-127595,EXT-10755,2026-09-25T12:00:00+05:30,transfer,Payment observed,Review payment evidence,TX-127595
EV-TX-127602,EXT-10755,2026-10-09T12:00:00+05:30,transfer,Payment observed,Review payment evidence,TX-127602
EV-TX-127604,EXT-10755,2026-10-15T12:00:00+05:30,transfer,Payment observed,Review payment evidence,TX-127604
EV-TX-127616,EXT-10756,2026-08-15T12:00:00+05:30,transfer,Payment observed,Review payment evidence,TX-127616
EV-TX-127617,EXT-10756,2026-08-18T12:00:00+05:30,transfer,Payment observed,Review payment evidence,TX-127617
EV-TX-127622,EXT-10756,2026-08-28T12:00:00+05:30,transfer,Payment observed,Review payment evidence,TX-127622
EV-TX-127626,EXT-10756,2026-09-15T12:00:00+05:30,transfer,Payment observed,Review payment evidence,TX-127626
EV-TX-127627,EXT-10756,2026-09-18T12:00:00+05:30,transfer,Payment observed,Review payment evidence,TX-127627
EV-TX-127632,EXT-10756,2026-09-28T12:00:00+05:30,transfer,Payment observed,Review payment evidence,TX-127632
EV-TX-127636,EXT-10756,2026-10-15T12:00:00+05:30,transfer,Payment observed,Review payment evidence,TX-127636
EV-TX-127637,EXT-10756,2026-10-18T12:00:00+05:30,transfer,Payment observed,Review payment evidence,TX-127637
EV-TX-127642,EXT-10756,2026-10-28T12:00:00+05:30,transfer,Payment observed,Review payment evidence,TX-127642
EV-TX-127646,EXT-10757,2026-08-06T12:00:00+05:30,transfer,Payment observed,Review payment evidence,TX-127646
EV-TX-127649,EXT-10757,2026-08-19T12:00:00+05:30,transfer,Payment observed,Review payment evidence,TX-127649
EV-TX-127655,EXT-10757,2026-09-06T12:00:00+05:30,transfer,Payment observed,Review payment evidence,TX-127655
EV-TX-127658,EXT-10757,2026-09-19T12:00:00+05:30,transfer,Payment observed,Review payment evidence,TX-127658
EV-TX-127664,EXT-10757,2026-10-06T12:00:00+05:30,transfer,Payment observed,Review payment evidence,TX-127664
EV-TX-127667,EXT-10757,2026-10-19T12:00:00+05:30,transfer,Payment observed,Review payment evidence,TX-127667
EV-TX-127678,EXT-10758,2026-08-16T12:00:00+05:30,transfer,Payment observed,Review payment evidence,TX-127678
EV-TX-127679,EXT-10758,2026-08-17T12:00:00+05:30,transfer,Payment observed,Review payment evidence,TX-127679
EV-TX-127681,EXT-10758,2026-08-24T12:00:00+05:30,transfer,Payment observed,Review payment evidence,TX-127681
EV-TX-127688,EXT-10758,2026-09-16T12:00:00+05:30,transfer,Payment observed,Review payment evidence,TX-127688
EV-TX-127689,EXT-10758,2026-09-17T12:00:00+05:30,transfer,Payment observed,Review payment evidence,TX-127689
EV-TX-127690,EXT-10758,2026-09-18T15:19:00+05:30,transfer,Payment observed,Review payment evidence,TX-127690
EV-TX-127692,EXT-10758,2026-09-24T12:00:00+05:30,transfer,Payment observed,Review payment evidence,TX-127692
EV-TX-127700,EXT-10758,2026-10-16T12:00:00+05:30,transfer,Payment observed,Review payment evidence,TX-127700
EV-TX-127701,EXT-10758,2026-10-17T12:00:00+05:30,transfer,Payment observed,Review payment evidence,TX-127701
EV-TX-127703,EXT-10758,2026-10-24T12:00:00+05:30,transfer,Payment observed,Review payment evidence,TX-127703
EV-TX-127711,EXT-10759,2026-08-03T12:00:00+05:30,transfer,Payment observed,Review payment evidence,TX-127711
EV-TX-127712,EXT-10759,2026-08-08T12:00:00+05:30,transfer,Payment observed,Review payment evidence,TX-127712
EV-TX-127715,EXT-10759,2026-08-15T12:00:00+05:30,transfer,Payment observed,Review payment evidence,TX-127715
EV-TX-127716,EXT-10759,2026-08-19T12:00:00+05:30,transfer,Payment observed,Review payment evidence,TX-127716
EV-TX-127722,EXT-10759,2026-09-03T12:00:00+05:30,transfer,Payment observed,Review payment evidence,TX-127722
EV-TX-127723,EXT-10759,2026-09-08T12:00:00+05:30,transfer,Payment observed,Review payment evidence,TX-127723
EV-TX-127726,EXT-10759,2026-09-15T12:00:00+05:30,transfer,Payment observed,Review payment evidence,TX-127726
EV-TX-127727,EXT-10759,2026-09-19T12:00:00+05:30,transfer,Payment observed,Review payment evidence,TX-127727
EV-TX-127728,EXT-10759,2026-09-20T16:16:00+05:30,transfer,Payment observed,Review payment evidence,TX-127728
EV-TX-127729,EXT-10759,2026-09-20T16:22:00+05:30,transfer,Payment observed,Review payment evidence,TX-127729
EV-TX-127730,EXT-10759,2026-09-20T16:36:00+05:30,transfer,Payment observed,Review payment evidence,TX-127730
EV-TX-127736,EXT-10759,2026-10-03T12:00:00+05:30,transfer,Payment observed,Review payment evidence,TX-127736
EV-TX-127737,EXT-10759,2026-10-08T12:00:00+05:30,transfer,Payment observed,Review payment evidence,TX-127737
EV-TX-127740,EXT-10759,2026-10-15T12:00:00+05:30,transfer,Payment observed,Review payment evidence,TX-127740
EV-TX-127741,EXT-10759,2026-10-19T12:00:00+05:30,transfer,Payment observed,Review payment evidence,TX-127741
EV-TX-127747,EXT-10759,2026-11-03T12:00:00+05:30,transfer,Payment observed,Review payment evidence,TX-127747
EV-TX-127761,EXT-10760,2026-09-17T16:25:00+05:30,transfer,Payment observed,Review payment evidence,TX-127761
EV-TX-127762,EXT-10760,2026-09-17T16:29:00+05:30,transfer,Payment observed,Review payment evidence,TX-127762
EV-TX-127763,EXT-10760,2026-09-18T12:00:00+05:30,transfer,Payment observed,Review payment evidence,TX-127763
EV-TX-127765,EXT-10760,2026-09-22T12:00:00+05:30,transfer,Payment observed,Review payment evidence,TX-127765
EV-TX-127771,EXT-10760,2026-10-18T12:00:00+05:30,transfer,Payment observed,Review payment evidence,TX-127771
EV-TX-127781,EXT-10761,2026-08-13T12:00:00+05:30,transfer,Payment observed,Review payment evidence,TX-127781
EV-TX-127783,EXT-10761,2026-08-19T12:00:00+05:30,transfer,Payment observed,Review payment evidence,TX-127783
EV-TX-127784,EXT-10761,2026-08-20T12:00:00+05:30,transfer,Payment observed,Review payment evidence,TX-127784
EV-TX-127792,EXT-10761,2026-09-13T12:00:00+05:30,transfer,Payment observed,Review payment evidence,TX-127792
EV-TX-127794,EXT-10761,2026-09-19T12:00:00+05:30,transfer,Payment observed,Review payment evidence,TX-127794
EV-TX-127795,EXT-10761,2026-09-20T12:00:00+05:30,transfer,Payment observed,Review payment evidence,TX-127795
EV-TX-127807,EXT-10761,2026-10-13T12:00:00+05:30,transfer,Payment observed,Review payment evidence,TX-127807
EV-TX-127809,EXT-10761,2026-10-19T12:00:00+05:30,transfer,Payment observed,Review payment evidence,TX-127809
EV-TX-127821,EXT-10762,2026-08-10T12:00:00+05:30,transfer,Payment observed,Review payment evidence,TX-127821
EV-TX-127825,EXT-10762,2026-08-22T12:00:00+05:30,transfer,Payment observed,Review payment evidence,TX-127825
EV-TX-127827,EXT-10762,2026-08-27T12:00:00+05:30,transfer,Payment observed,Review payment evidence,TX-127827
EV-TX-127831,EXT-10762,2026-09-10T12:00:00+05:30,transfer,Payment observed,Review payment evidence,TX-127831
EV-TX-127835,EXT-10762,2026-09-22T12:00:00+05:30,transfer,Payment observed,Review payment evidence,TX-127835
EV-TX-127837,EXT-10762,2026-09-27T12:00:00+05:30,transfer,Payment observed,Review payment evidence,TX-127837
EV-TX-127841,EXT-10762,2026-10-10T12:00:00+05:30,transfer,Payment observed,Review payment evidence,TX-127841
EV-TX-127845,EXT-10762,2026-10-22T12:00:00+05:30,transfer,Payment observed,Review payment evidence,TX-127845
EV-TX-127847,EXT-10762,2026-10-27T12:00:00+05:30,transfer,Payment observed,Review payment evidence,TX-127847
EV-TX-127854,EXT-10763,2026-08-11T12:00:00+05:30,transfer,Payment observed,Review payment evidence,TX-127854
EV-TX-127856,EXT-10763,2026-08-16T12:00:00+05:30,transfer,Payment observed,Review payment evidence,TX-127856
EV-TX-127857,EXT-10763,2026-08-19T12:00:00+05:30,transfer,Payment observed,Review payment evidence,TX-127857
EV-TX-127860,EXT-10763,2026-08-26T12:00:00+05:30,transfer,Payment observed,Review payment evidence,TX-127860
EV-TX-127865,EXT-10763,2026-09-11T12:00:00+05:30,transfer,Payment observed,Review payment evidence,TX-127865
EV-TX-127867,EXT-10763,2026-09-16T12:00:00+05:30,transfer,Payment observed,Review payment evidence,TX-127867
EV-TX-127868,EXT-10763,2026-09-18T16:29:00+05:30,transfer,Payment observed,Review payment evidence,TX-127868
EV-TX-127869,EXT-10763,2026-09-18T16:34:00+05:30,transfer,Payment observed,Review payment evidence,TX-127869
EV-TX-127870,EXT-10763,2026-09-19T12:00:00+05:30,transfer,Payment observed,Review payment evidence,TX-127870
EV-TX-127873,EXT-10763,2026-09-26T12:00:00+05:30,transfer,Payment observed,Review payment evidence,TX-127873
EV-TX-127878,EXT-10763,2026-10-11T12:00:00+05:30,transfer,Payment observed,Review payment evidence,TX-127878
EV-TX-127880,EXT-10763,2026-10-16T12:00:00+05:30,transfer,Payment observed,Review payment evidence,TX-127880
EV-TX-127881,EXT-10763,2026-10-19T12:00:00+05:30,transfer,Payment observed,Review payment evidence,TX-127881
EV-TX-127884,EXT-10763,2026-10-26T12:00:00+05:30,transfer,Payment observed,Review payment evidence,TX-127884
EV-TX-127892,EXT-10764,2026-08-12T12:00:00+05:30,transfer,Payment observed,Review payment evidence,TX-127892
EV-TX-127894,EXT-10764,2026-08-18T12:00:00+05:30,transfer,Payment observed,Review payment evidence,TX-127894
EV-TX-127896,EXT-10764,2026-08-24T12:00:00+05:30,transfer,Payment observed,Review payment evidence,TX-127896
EV-TX-127902,EXT-10764,2026-09-12T12:00:00+05:30,transfer,Payment observed,Review payment evidence,TX-127902
EV-TX-127904,EXT-10764,2026-09-18T12:00:00+05:30,transfer,Payment observed,Review payment evidence,TX-127904
EV-TX-127906,EXT-10764,2026-09-24T12:00:00+05:30,transfer,Payment observed,Review payment evidence,TX-127906
EV-TX-127912,EXT-10764,2026-10-12T12:00:00+05:30,transfer,Payment observed,Review payment evidence,TX-127912
EV-TX-127914,EXT-10764,2026-10-18T12:00:00+05:30,transfer,Payment observed,Review payment evidence,TX-127914
EV-TX-127916,EXT-10764,2026-10-24T12:00:00+05:30,transfer,Payment observed,Review payment evidence,TX-127916
EV-TX-127926,EXT-10765,2026-08-19T12:00:00+05:30,transfer,Payment observed,Review payment evidence,TX-127926
EV-TX-127929,EXT-10765,2026-08-21T12:00:00+05:30,transfer,Payment observed,Review payment evidence,TX-127929
EV-TX-127931,EXT-10765,2026-08-28T12:00:00+05:30,transfer,Payment observed,Review payment evidence,TX-127931
EV-TX-127936,EXT-10765,2026-09-19T12:00:00+05:30,transfer,Payment observed,Review payment evidence,TX-127936
EV-TX-127937,EXT-10765,2026-09-20T13:10:00+05:30,transfer,Payment observed,Review payment evidence,TX-127937
EV-TX-127938,EXT-10765,2026-09-20T13:13:00+05:30,transfer,Payment observed,Review payment evidence,TX-127938
EV-TX-127939,EXT-10765,2026-09-20T13:18:00+05:30,transfer,Payment observed,Review payment evidence,TX-127939
EV-TX-127942,EXT-10765,2026-09-21T12:00:00+05:30,transfer,Payment observed,Review payment evidence,TX-127942
EV-TX-127950,EXT-10765,2026-10-19T12:00:00+05:30,transfer,Payment observed,Review payment evidence,TX-127950
EV-TX-127952,EXT-10765,2026-10-21T12:00:00+05:30,transfer,Payment observed,Review payment evidence,TX-127952
EV-TX-127962,EXT-10766,2026-08-14T12:00:00+05:30,transfer,Payment observed,Review payment evidence,TX-127962
EV-TX-127964,EXT-10766,2026-08-19T12:00:00+05:30,transfer,Payment observed,Review payment evidence,TX-127964
EV-TX-127968,EXT-10766,2026-08-26T12:00:00+05:30,transfer,Payment observed,Review payment evidence,TX-127968
EV-TX-127969,EXT-10766,2026-08-28T12:00:00+05:30,transfer,Payment observed,Review payment evidence,TX-127969
EV-TX-127973,EXT-10766,2026-09-14T12:00:00+05:30,transfer,Payment observed,Review payment evidence,TX-127973
EV-TX-127975,EXT-10766,2026-09-15T17:45:00+05:30,transfer,Payment observed,Review payment evidence,TX-127975
EV-TX-127976,EXT-10766,2026-09-15T17:51:00+05:30,transfer,Payment observed,Review payment evidence,TX-127976
EV-TX-127977,EXT-10766,2026-09-15T17:55:00+05:30,transfer,Payment observed,Review payment evidence,TX-127977
EV-TX-127978,EXT-10766,2026-09-19T12:00:00+05:30,transfer,Payment observed,Review payment evidence,TX-127978
EV-TX-127982,EXT-10766,2026-09-26T12:00:00+05:30,transfer,Payment observed,Review payment evidence,TX-127982
EV-TX-127983,EXT-10766,2026-09-28T12:00:00+05:30,transfer,Payment observed,Review payment evidence,TX-127983
EV-TX-127988,EXT-10766,2026-10-14T12:00:00+05:30,transfer,Payment observed,Review payment evidence,TX-127988
EV-TX-127990,EXT-10766,2026-10-19T12:00:00+05:30,transfer,Payment observed,Review payment evidence,TX-127990
EV-TX-127994,EXT-10766,2026-10-26T12:00:00+05:30,transfer,Payment observed,Review payment evidence,TX-127994
EV-TX-127995,EXT-10766,2026-10-28T12:00:00+05:30,transfer,Payment observed,Review payment evidence,TX-127995
EV-TX-128003,EXT-10767,2026-08-09T12:00:00+05:30,transfer,Payment observed,Review payment evidence,TX-128003
EV-TX-128004,EXT-10767,2026-08-12T12:00:00+05:30,transfer,Payment observed,Review payment evidence,TX-128004
EV-TX-128012,EXT-10767,2026-09-09T12:00:00+05:30,transfer,Payment observed,Review payment evidence,TX-128012
EV-TX-128013,EXT-10767,2026-09-12T12:00:00+05:30,transfer,Payment observed,Review payment evidence,TX-128013
EV-TX-128021,EXT-10767,2026-10-09T12:00:00+05:30,transfer,Payment observed,Review payment evidence,TX-128021
EV-TX-128022,EXT-10767,2026-10-12T12:00:00+05:30,transfer,Payment observed,Review payment evidence,TX-128022
