repayment_id,loan_id,customer_id,installment_num,due_date,amount_due,amount_due_paise,amount_paid,amount_paid_paise,payment_date,payment_transaction_ids,days_delayed,repayment_status,principal_before_paise,interest_due_paise
RP-1-0-0,LN-1-0,EXT-10001,2,2026-08-26,19631.14,1963114,19631.14,1963114,2026-08-26,TX-100041,0,on_time,22268679,195140
RP-1-0-1,LN-1-1,EXT-10001,2,2026-08-26,12123.94,1212394,12123.94,1212394,2026-08-26,TX-100042,0,on_time,36207586,379105
RP-1-1-0,LN-1-0,EXT-10001,3,2026-09-26,19631.14,1963114,19631.14,1963114,2026-10-05,TX-100056;TX-100061,9,late,20500705,179648
RP-1-1-1,LN-1-1,EXT-10001,3,2026-09-26,12123.94,1212394,12123.94,1212394,2026-10-05,TX-100062,9,late,35374297,370381
RP-1-2-0,LN-1-0,EXT-10001,4,2026-10-26,19631.14,1963114,0,0,,,0,missed,18717239,164019
RP-1-2-1,LN-1-1,EXT-10001,4,2026-10-26,12123.94,1212394,0,0,,,0,missed,34532284,361565
RP-2-0-0,LN-2-0,EXT-10002,2,2026-08-23,10672.36,1067236,10672.36,1067236,2026-08-23,TX-100084,0,on_time,21537539,309225
RP-2-1-0,LN-2-0,EXT-10002,3,2026-09-23,10672.36,1067236,10672.36,1067236,2026-10-02,TX-100100,9,late,20779528,298342
RP-2-2-0,LN-2-0,EXT-10002,4,2026-10-23,10672.36,1067236,10672.36,1067236,2026-11-01,TX-100113,9,late,20010634,287303
RP-3-0-0,LN-3-0,EXT-10003,2,2026-08-26,39953.48,3995348,39953.48,3995348,2026-08-26,TX-100124,0,on_time,43623282,647282
RP-3-1-0,LN-3-0,EXT-10003,3,2026-09-26,39953.48,3995348,39953.48,3995348,2026-10-05,TX-100135;TX-100138,9,late,40275216,597604
RP-3-2-0,LN-3-0,EXT-10003,4,2026-10-26,39953.48,3995348,39953.48,3995348,2026-11-01,TX-100145;TX-100146;TX-100148,6,late,36877472,547188
RP-4-0-0,LN-4-0,EXT-10004,2,2026-08-24,9531.7,953170,9531.7,953170,2026-08-24,TX-100156,0,on_time,19435944,261805
RP-4-1-0,LN-4-0,EXT-10004,3,2026-09-24,9531.7,953170,9531.7,953170,2026-09-24,TX-100165,0,on_time,18744579,252493
RP-4-2-0,LN-4-0,EXT-10004,4,2026-10-24,9531.7,953170,9531.7,953170,2026-10-24,TX-100174,0,on_time,18043902,243054
RP-5-0-0,LN-5-0,EXT-10005,2,2026-08-22,5080.45,508045,5080.45,508045,2026-08-22,TX-100188,0,on_time,10545201,126092
RP-5-1-0,LN-5-0,EXT-10005,3,2026-09-22,5080.45,508045,5080.45,508045,2026-10-07,TX-100205,15,late,10163248,121525
RP-5-2-0,LN-5-0,EXT-10005,4,2026-10-22,5080.45,508045,5080.45,508045,2026-10-22,TX-100211,0,on_time,9776728,116904
RP-6-0-0,LN-6-0,EXT-10006,2,2026-08-24,8600.56,860056,8600.56,860056,2026-08-24,TX-100227,0,on_time,25121669,295586
RP-6-1-0,LN-6-0,EXT-10006,3,2026-09-24,8600.56,860056,4199.79,419979,2026-11-02,TX-100253,39,partial,24557199,288944
RP-6-2-0,LN-6-0,EXT-10006,4,2026-10-24,8600.56,860056,0,0,,,0,missed,24557199,288944
RP-7-0-0,LN-7-0,EXT-10007,2,2026-08-27,60141.34,6014134,60141.34,6014134,2026-08-30,TX-100267,3,late,66102819,910528
RP-7-1-0,LN-7-0,EXT-10007,3,2026-09-27,60141.34,6014134,32790.35,3279035,2026-10-30,TX-100288,33,partial,60999213,840229
RP-7-2-0,LN-7-0,EXT-10007,4,2026-10-27,60141.34,6014134,0,0,,,0,missed,60999213,840229
RP-8-0-0,LN-8-0,EXT-10008,2,2026-08-25,20675.5,2067550,20675.5,2067550,2026-08-25,TX-100298,0,on_time,61862586,640963
RP-8-1-0,LN-8-0,EXT-10008,3,2026-09-25,20675.5,2067550,20675.5,2067550,2026-10-01,TX-100312,6,late,60435999,626182
RP-8-2-0,LN-8-0,EXT-10008,4,2026-10-25,20675.5,2067550,20675.5,2067550,2026-11-03,TX-100325,9,late,58994631,611248
RP-9-0-0,LN-9-0,EXT-10009,2,2026-08-22,11974.82,1197482,11974.82,1197482,2026-08-22,TX-100334,0,on_time,25031121,284376
RP-9-1-0,LN-9-0,EXT-10009,3,2026-09-22,11974.82,1197482,11974.82,1197482,2026-09-22,TX-100349,0,on_time,24118015,274003
RP-9-2-0,LN-9-0,EXT-10009,4,2026-10-22,11974.82,1197482,11974.82,1197482,2026-10-25,TX-100358,3,late,23194536,263511
RP-11-0-0,LN-11-0,EXT-10011,2,2026-08-26,12350.43,1235043,12350.43,1235043,2026-08-26,TX-100411,0,on_time,36295735,414071
RP-11-0-1,LN-11-1,EXT-10011,2,2026-08-26,16998.77,1699877,16998.77,1699877,2026-08-26,TX-100412,0,on_time,35799057,384139
RP-11-1-0,LN-11-0,EXT-10011,3,2026-09-26,12350.43,1235043,12350.43,1235043,2026-09-29,TX-100430,3,late,35474763,404705
RP-11-1-1,LN-11-1,EXT-10011,3,2026-09-26,16998.77,1699877,16998.77,1699877,2026-09-29,TX-100431,3,late,34483319,370020
RP-11-2-0,LN-11-0,EXT-10011,4,2026-10-26,12350.43,1235043,12350.43,1235043,2026-10-29,TX-100441,3,late,34644425,395232
RP-11-2-1,LN-11-1,EXT-10011,4,2026-10-26,16998.77,1699877,16998.77,1699877,2026-10-29,TX-100442,3,late,33153462,355750
RP-12-0-0,LN-12-0,EXT-10012,2,2026-08-24,49739.73,4973973,49739.73,4973973,2026-08-24,TX-100452,0,on_time,54656666,755018
RP-12-1-0,LN-12-0,EXT-10012,3,2026-09-24,49739.73,4973973,49739.73,4973973,2026-09-24,TX-100467,0,on_time,50437711,696738
RP-12-2-0,LN-12-0,EXT-10012,4,2026-10-24,49739.73,4973973,49739.73,4973973,2026-10-24,TX-100477,0,on_time,46160476,637653
RP-13-0-0,LN-13-0,EXT-10013,2,2026-08-27,22866.06,2286606,22866.06,2286606,2026-08-27,TX-100491,0,on_time,49388475,425239
RP-13-1-0,LN-13-0,EXT-10013,3,2026-09-27,22866.06,2286606,22866.06,2286606,2026-09-27,TX-100506,0,on_time,47527108,409212
RP-13-2-0,LN-13-0,EXT-10013,4,2026-10-27,22866.06,2286606,22866.06,2286606,2026-10-27,TX-100515,0,on_time,45649714,393048
RP-14-0-0,LN-14-0,EXT-10014,2,2026-08-26,22324.44,2232444,22324.44,2232444,2026-08-26,TX-100528,0,on_time,24816412,297048
RP-14-1-0,LN-14-0,EXT-10014,3,2026-09-26,22324.44,2232444,22324.44,2232444,2026-10-02,TX-100539;TX-100541,6,late,22881016,273882
RP-14-2-0,LN-14-0,EXT-10014,4,2026-10-26,22324.44,2232444,22324.44,2232444,2026-10-26,TX-100549,0,on_time,20922454,250438
RP-15-0-0,LN-15-0,EXT-10015,2,2026-08-21,27380.41,2738041,27380.41,2738041,2026-08-21,TX-100560,0,on_time,30647089,333300
RP-15-1-0,LN-15-0,EXT-10015,3,2026-09-21,27380.41,2738041,27380.41,2738041,2026-09-21,TX-100571,0,on_time,28242348,307147
RP-15-2-0,LN-15-0,EXT-10015,4,2026-10-21,27380.41,2738041,27380.41,2738041,2026-10-21,TX-100580,0,on_time,25811454,280710
RP-16-0-0,LN-16-0,EXT-10016,2,2026-08-24,40332.95,4033295,40332.95,4033295,2026-08-24,TX-100594,0,on_time,45059051,503663
RP-16-1-0,LN-16-0,EXT-10016,3,2026-09-24,40332.95,4033295,40332.95,4033295,2026-09-27,TX-100606,3,late,41529419,464209
RP-16-2-0,LN-16-0,EXT-10016,4,2026-10-24,40332.95,4033295,40332.95,4033295,2026-10-24,TX-100616,0,on_time,37960333,424314
RP-17-0-0,LN-17-0,EXT-10017,2,2026-08-23,11097.76,1109776,11097.76,1109776,2026-08-23,TX-100630,0,on_time,23164291,265999
RP-17-1-0,LN-17-0,EXT-10017,3,2026-09-23,11097.76,1109776,11097.76,1109776,2026-10-02,TX-100644;TX-100645;TX-100648,9,late,22320514,256310
RP-17-2-0,LN-17-0,EXT-10017,4,2026-10-23,11097.76,1109776,11097.76,1109776,2026-11-01,TX-100660,9,late,21467048,246510
RP-18-0-0,LN-18-0,EXT-10018,2,2026-08-24,1922.25,192225,1922.25,192225,2026-08-24,TX-100671,0,on_time,5415644,75284
RP-18-1-0,LN-18-0,EXT-10018,3,2026-09-24,1922.25,192225,1922.25,192225,2026-09-24,TX-100682,0,on_time,5298703,73659
RP-18-2-0,LN-18-0,EXT-10018,4,2026-10-24,1922.25,192225,1922.25,192225,2026-11-05,TX-100692;TX-100699,12,late,5180137,72010
RP-19-0-0,LN-19-0,EXT-10019,2,2026-08-27,15776.48,1577648,15776.48,1577648,2026-08-27,TX-100711,0,on_time,31272591,497276
RP-19-1-0,LN-19-0,EXT-10019,3,2026-09-27,15776.48,1577648,15776.48,1577648,2026-10-03,TX-100723,6,late,30192219,480097
RP-19-2-0,LN-19-0,EXT-10019,4,2026-10-27,15776.48,1577648,6161.03,616103,2026-11-02,TX-100733,6,partial,29094668,462644
RP-21-0-0,LN-21-0,EXT-10021,2,2026-08-20,3404.67,340467,3404.67,340467,2026-08-29,TX-100777;TX-100783,9,late,9457427,139464
RP-21-0-1,LN-21-1,EXT-10021,2,2026-08-20,6148.97,614897,6148.97,614897,2026-08-29,TX-100784,9,late,13227175,118387
RP-21-1-0,LN-21-0,EXT-10021,3,2026-09-20,3404.67,340467,3404.67,340467,2026-09-20,TX-100794,0,on_time,9256424,136500
RP-21-1-1,LN-21-1,EXT-10021,3,2026-09-20,6148.97,614897,6148.97,614897,2026-09-29,TX-100799,9,late,12730665,113943
RP-21-2-0,LN-21-0,EXT-10021,4,2026-10-20,3404.67,340467,3404.67,340467,2026-10-20,TX-100805,0,on_time,9052457,133492
RP-21-2-1,LN-21-1,EXT-10021,4,2026-10-20,6148.97,614897,6148.97,614897,2026-10-29,TX-100806;TX-100812,9,late,12229711,109459
RP-22-0-0,LN-22-0,EXT-10022,2,2026-08-28,18838.03,1883803,18838.03,1883803,2026-09-03,TX-100826;TX-100827;TX-100830,6,late,54232509,684396
RP-22-1-0,LN-22-0,EXT-10022,3,2026-09-28,18838.03,1883803,18838.03,1883803,2026-09-28,TX-100843,0,on_time,53033102,669260
RP-22-2-0,LN-22-0,EXT-10022,4,2026-10-28,18838.03,1883803,18838.03,1883803,2026-10-31,TX-100854;TX-100855,3,late,51818559,653933
RP-23-0-0,LN-23-0,EXT-10023,2,2026-08-26,10846.97,1084697,10846.97,1084697,2026-08-26,TX-100868,0,on_time,32076931,354236
RP-23-1-0,LN-23-0,EXT-10023,3,2026-09-26,10846.97,1084697,10846.97,1084697,2026-10-02,TX-100883,6,late,31346470,346170
RP-23-2-0,LN-23-0,EXT-10023,4,2026-10-26,10846.97,1084697,10846.97,1084697,2026-11-01,TX-100892,6,late,30607943,338014
RP-24-0-0,LN-24-0,EXT-10024,2,2026-08-20,41507.46,4150746,41507.46,4150746,2026-08-20,TX-100901,0,on_time,87752667,913030
RP-24-1-0,LN-24-0,EXT-10024,3,2026-09-20,41507.46,4150746,41507.46,4150746,2026-09-20,TX-100912,0,on_time,84514951,879343
RP-24-2-0,LN-24-0,EXT-10024,4,2026-10-20,41507.46,4150746,41507.46,4150746,2026-10-20,TX-100921,0,on_time,81243548,845305
RP-25-0-0,LN-25-0,EXT-10025,2,2026-08-28,21283.12,2128312,21283.12,2128312,2026-08-28,TX-100938,0,on_time,64156960,637004
RP-25-1-0,LN-25-0,EXT-10025,3,2026-09-28,21283.12,2128312,21283.12,2128312,2026-09-28,TX-100952,0,on_time,62665652,622197
RP-25-2-0,LN-25-0,EXT-10025,4,2026-10-28,21283.12,2128312,21283.12,2128312,2026-10-28,TX-100963,0,on_time,61159537,607243
RP-26-0-0,LN-26-0,EXT-10026,2,2026-08-22,22587.97,2258797,22587.97,2258797,2026-08-22,TX-100974,0,on_time,48793059,419677
RP-26-1-0,LN-26-0,EXT-10026,3,2026-09-22,22587.97,2258797,22587.97,2258797,2026-09-28,TX-100985;TX-100989,6,late,46953939,403859
RP-26-2-0,LN-26-0,EXT-10026,4,2026-10-22,22587.97,2258797,22587.97,2258797,2026-10-22,TX-100996,0,on_time,45099001,387904
RP-27-0-0,LN-27-0,EXT-10027,2,2026-08-24,42235.29,4223529,42235.29,4223529,2026-08-24,TX-101010,0,on_time,47879494,424344
RP-27-1-0,LN-27-0,EXT-10027,3,2026-09-24,42235.29,4223529,42235.29,4223529,2026-10-03,TX-101023;TX-101028,9,late,44080309,390673
RP-27-2-0,LN-27-0,EXT-10027,4,2026-10-24,42235.29,4223529,42235.29,4223529,2026-11-02,TX-101034;TX-101037,9,late,40247453,356703
RP-28-0-0,LN-28-0,EXT-10028,2,2026-08-21,22567.6,2256760,22567.6,2256760,2026-08-30,TX-101050,9,late,24565794,376481
RP-28-1-0,LN-28-0,EXT-10028,3,2026-09-21,22567.6,2256760,22567.6,2256760,2026-09-30,TX-101063,9,late,22685515,347665
RP-28-2-0,LN-28-0,EXT-10028,4,2026-10-21,22567.6,2256760,22567.6,2256760,2026-10-30,TX-101074,9,late,20776420,318407
RP-29-0-0,LN-29-0,EXT-10029,2,2026-08-28,8625.99,862599,8625.99,862599,2026-08-28,TX-101088,0,on_time,23607012,369257
RP-29-1-0,LN-29-0,EXT-10029,3,2026-09-28,8625.99,862599,8625.99,862599,2026-09-28,TX-101099,0,on_time,23113670,361540
RP-29-2-0,LN-29-0,EXT-10029,4,2026-10-28,8625.99,862599,8625.99,862599,2026-10-28,TX-101110,0,on_time,22612611,353703
RP-31-0-0,LN-31-0,EXT-10031,2,2026-08-22,16197.52,1619752,16197.52,1619752,2026-08-22,TX-101156,0,on_time,48460545,502314
RP-31-0-1,LN-31-1,EXT-10031,2,2026-08-22,39384.8,3938480,39384.8,3938480,2026-08-28,TX-101157;TX-101158;TX-101162,6,late,43735895,530710
RP-31-1-0,LN-31-0,EXT-10031,3,2026-09-22,16197.52,1619752,16197.52,1619752,2026-09-25,TX-101168;TX-101169,3,late,47343107,490731
RP-31-1-1,LN-31-1,EXT-10031,3,2026-09-22,39384.8,3938480,39384.8,3938480,2026-10-28,TX-101183,36,late,40328125,489358
RP-31-2-0,LN-31-0,EXT-10031,4,2026-10-22,16197.52,1619752,2284.3,228430,2026-10-28,TX-101184,6,partial,46214086,479028
RP-31-2-1,LN-31-1,EXT-10031,4,2026-10-22,39384.8,3938480,0,0,,,0,missed,40328125,489358
RP-32-0-0,LN-32-0,EXT-10032,2,2026-08-24,17241.56,1724156,17241.56,1724156,2026-08-30,TX-101198,6,late,18776397,286436
RP-32-1-0,LN-32-0,EXT-10032,3,2026-09-24,17241.56,1724156,17241.56,1724156,2026-09-30,TX-101213,6,late,17338677,264503
RP-32-2-0,LN-32-0,EXT-10032,4,2026-10-24,17241.56,1724156,6291.23,629123,2026-10-30,TX-101224,6,partial,15879024,242236
RP-33-0-0,LN-33-0,EXT-10033,2,2026-08-28,7384.02,738402,7384.02,738402,2026-08-28,TX-101236,0,on_time,15928025,138871
RP-33-1-0,LN-33-0,EXT-10033,3,2026-09-28,7384.02,738402,7384.02,738402,2026-09-28,TX-101249,0,on_time,15328494,133644
RP-33-2-0,LN-33-0,EXT-10033,4,2026-10-28,7384.02,738402,7384.02,738402,2026-10-28,TX-101258,0,on_time,14723736,128371
RP-34-0-0,LN-34-0,EXT-10034,2,2026-08-23,18834.93,1883493,18834.93,1883493,2026-08-23,TX-101271,0,on_time,20560980,305721
RP-34-1-0,LN-34-0,EXT-10034,3,2026-09-23,18834.93,1883493,18834.93,1883493,2026-09-23,TX-101287,0,on_time,18983208,282261
RP-34-2-0,LN-34-0,EXT-10034,4,2026-10-23,18834.93,1883493,18834.93,1883493,2026-10-23,TX-101297,0,on_time,17381976,258453
RP-35-0-0,LN-35-0,EXT-10035,2,2026-08-24,68504.05,6850405,68504.05,6850405,2026-08-30,TX-101312;TX-101314,6,late,76167798,909012
RP-35-1-0,LN-35-0,EXT-10035,3,2026-09-24,68504.05,6850405,68504.05,6850405,2026-09-30,TX-101332,6,late,70226405,838105
RP-35-2-0,LN-35-0,EXT-10035,4,2026-10-24,68504.05,6850405,68504.05,6850405,2026-10-30,TX-101345,6,late,64214105,766353
RP-36-0-0,LN-36-0,EXT-10036,2,2026-08-24,17985.22,1798522,17985.22,1798522,2026-08-24,TX-101356,0,on_time,19542770,305107
RP-36-1-0,LN-36-0,EXT-10036,3,2026-09-24,17985.22,1798522,17985.22,1798522,2026-09-24,TX-101368,0,on_time,18049355,281791
RP-36-2-0,LN-36-0,EXT-10036,4,2026-10-24,17985.22,1798522,17985.22,1798522,2026-10-24,TX-101378,0,on_time,16532624,258111
RP-37-0-0,LN-37-0,EXT-10037,2,2026-08-24,72289.31,7228931,72289.31,7228931,2026-08-30,TX-101392;TX-101395,6,late,80876702,885479
RP-37-1-0,LN-37-0,EXT-10037,3,2026-09-24,72289.31,7228931,72289.31,7228931,2026-09-30,TX-101412,6,late,74533250,816027
RP-37-2-0,LN-37-0,EXT-10037,4,2026-10-24,72289.31,7228931,72289.31,7228931,2026-10-30,TX-101424,6,late,68120346,745816
RP-38-0-0,LN-38-0,EXT-10038,2,2026-08-27,9660.81,966081,9660.81,966081,2026-08-27,TX-101436,0,on_time,26334269,418230
RP-38-1-0,LN-38-0,EXT-10038,3,2026-09-27,9660.81,966081,9660.81,966081,2026-10-03,TX-101446;TX-101449,6,late,25786418,409529
RP-38-2-0,LN-38-0,EXT-10038,4,2026-10-27,9660.81,966081,9660.81,966081,2026-10-27,TX-101456,0,on_time,25229866,400690
RP-39-0-0,LN-39-0,EXT-10039,2,2026-08-25,2873.12,287312,2873.12,287312,2026-08-25,TX-101468,0,on_time,8229745,106312
RP-39-1-0,LN-39-0,EXT-10039,3,2026-09-25,2873.12,287312,2873.12,287312,2026-09-25,TX-101483,0,on_time,8048745,103974
RP-39-2-0,LN-39-0,EXT-10039,4,2026-10-25,2873.12,287312,2873.12,287312,2026-10-25,TX-101493,0,on_time,7865407,101605
RP-41-0-0,LN-41-0,EXT-10041,2,2026-08-26,5582.66,558266,5582.66,558266,2026-08-29,TX-101537,3,late,16614046,177341
RP-41-0-1,LN-41-1,EXT-10041,2,2026-08-26,11343.97,1134397,11343.97,1134397,2026-08-29,TX-101538,3,late,31978729,443420
RP-41-1-0,LN-41-0,EXT-10041,3,2026-09-26,5582.66,558266,5582.66,558266,2026-09-29,TX-101552,3,late,16233121,173275
RP-41-1-1,LN-41-1,EXT-10041,3,2026-09-26,11343.97,1134397,11343.97,1134397,2026-10-02,TX-101553,6,late,31287752,433839
RP-41-2-0,LN-41-0,EXT-10041,4,2026-10-26,5582.66,558266,5582.66,558266,2026-10-29,TX-101564,3,late,15848130,169166
RP-41-2-1,LN-41-1,EXT-10041,4,2026-10-26,11343.97,1134397,11343.97,1134397,2026-10-29,TX-101565,3,late,30587194,424125
RP-42-0-0,LN-42-0,EXT-10042,2,2026-08-24,12908.17,1290817,12908.17,1290817,2026-08-24,TX-101576,0,on_time,14089136,209806
RP-42-1-0,LN-42-0,EXT-10042,3,2026-09-24,12908.17,1290817,12908.17,1290817,2026-11-05,TX-101598;TX-101610,42,late,13008125,193708
RP-42-2-0,LN-42-0,EXT-10042,4,2026-10-24,12908.17,1290817,12908.17,1290817,2026-11-05,TX-101611,12,late,12582124,187365
RP-43-0-0,LN-43-0,EXT-10043,2,2026-08-23,24730.78,2473078,24730.78,2473078,2026-08-29,TX-101622,6,late,72462735,839348
RP-43-1-0,LN-43-0,EXT-10043,3,2026-09-23,24730.78,2473078,11658.76,1165876,2026-10-29,TX-101629;TX-101639,36,partial,70829005,820424
RP-43-2-0,LN-43-0,EXT-10043,4,2026-10-23,24730.78,2473078,4254.95,425495,2026-11-01,TX-101640,9,partial,70829005,820424
RP-44-0-0,LN-44-0,EXT-10044,2,2026-08-24,16996.99,1699699,16996.99,1699699,2026-08-24,TX-101649,0,on_time,36243016,351023
RP-44-1-0,LN-44-0,EXT-10044,3,2026-09-24,16996.99,1699699,16996.99,1699699,2026-11-02,TX-101665;TX-101666;TX-101676,39,late,34894340,337960
RP-44-2-0,LN-44-0,EXT-10044,4,2026-10-24,16996.99,1699699,16996.99,1699699,2026-11-02,TX-101677,9,late,34070385,329980
RP-45-0-0,LN-45-0,EXT-10045,2,2026-08-20,65633.72,6563372,65633.72,6563372,2026-08-20,TX-101685,0,on_time,72543255,934569
RP-45-1-0,LN-45-0,EXT-10045,3,2026-09-20,65633.72,6563372,65633.72,6563372,2026-10-02,TX-101701;TX-101707,12,late,66914452,862053
RP-45-2-0,LN-45-0,EXT-10045,4,2026-10-20,65633.72,6563372,65633.72,6563372,2026-11-01,TX-101712;TX-101718,12,late,61213133,788604
RP-46-0-0,LN-46-0,EXT-10046,2,2026-08-22,44152.24,4415224,44152.24,4415224,2026-08-22,TX-101729,0,on_time,47744042,782632
RP-46-1-0,LN-46-0,EXT-10046,3,2026-09-22,44152.24,4415224,44152.24,4415224,2026-09-22,TX-101744,0,on_time,44111450,723086
RP-46-2-0,LN-46-0,EXT-10046,4,2026-10-22,44152.24,4415224,44152.24,4415224,2026-11-03,TX-101755;TX-101760,12,late,40419312,662563
RP-47-0-0,LN-47-0,EXT-10047,2,2026-08-21,11310.8,1131080,11310.8,1131080,2026-08-21,TX-101769,0,on_time,34733552,307725
RP-47-1-0,LN-47-0,EXT-10047,3,2026-09-21,11310.8,1131080,11310.8,1131080,2026-10-06,TX-101790,15,late,33910197,300430
RP-47-2-0,LN-47-0,EXT-10047,4,2026-10-21,11310.8,1131080,11310.8,1131080,2026-10-21,TX-101795,0,on_time,33079547,293071
RP-48-0-0,LN-48-0,EXT-10048,2,2026-08-22,23884.23,2388423,23884.23,2388423,2026-08-22,TX-101810,0,on_time,64764965,1049133
RP-48-1-0,LN-48-0,EXT-10048,3,2026-09-22,23884.23,2388423,23884.23,2388423,2026-09-22,TX-101822,0,on_time,63425675,1027438
RP-48-2-0,LN-48-0,EXT-10048,4,2026-10-22,23884.23,2388423,23884.23,2388423,2026-10-22,TX-101832,0,on_time,62064690,1005391
RP-49-0-0,LN-49-0,EXT-10049,2,2026-08-27,24625.91,2462591,24625.91,2462591,2026-08-30,TX-101848,3,late,75008991,699703
RP-49-1-0,LN-49-0,EXT-10049,3,2026-09-27,24625.91,2462591,24625.91,2462591,2026-09-27,TX-101860,0,on_time,73246103,683258
RP-49-2-0,LN-49-0,EXT-10049,4,2026-10-27,24625.91,2462591,24625.91,2462591,2026-10-27,TX-101870,0,on_time,71466770,666660
RP-51-0-0,LN-51-0,EXT-10051,2,2026-08-27,9551.57,955157,9551.57,955157,2026-08-27,TX-101917,0,on_time,27625270,341089
RP-51-0-1,LN-51-1,EXT-10051,2,2026-08-27,20706.39,2070639,20706.39,2070639,2026-08-27,TX-101918,0,on_time,56359811,900127
RP-51-1-0,LN-51-0,EXT-10051,3,2026-09-27,9551.57,955157,9551.57,955157,2026-10-06,TX-101934,9,late,27011202,333507
RP-51-1-1,LN-51-1,EXT-10051,3,2026-09-27,20706.39,2070639,20706.39,2070639,2026-10-06,TX-101935,9,late,55189299,881433
RP-51-2-0,LN-51-0,EXT-10051,4,2026-10-27,9551.57,955157,9551.57,955157,2026-11-05,TX-101947,9,late,26389552,325832
RP-51-2-1,LN-51-1,EXT-10051,4,2026-10-27,20706.39,2070639,20706.39,2070639,2026-11-05,TX-101948,9,late,54000093,862440
RP-52-0-0,LN-52-0,EXT-10052,2,2026-08-26,20420.44,2042044,20420.44,2042044,2026-08-26,TX-101960,0,on_time,56546776,844451
RP-52-1-0,LN-52-0,EXT-10052,3,2026-09-26,20420.44,2042044,20420.44,2042044,2026-10-02,TX-101971;TX-101972;TX-101974,6,late,55349183,826566
RP-52-2-0,LN-52-0,EXT-10052,4,2026-10-26,20420.44,2042044,20420.44,2042044,2026-10-26,TX-101984,0,on_time,54133705,808415
RP-53-0-0,LN-53-0,EXT-10053,2,2026-08-25,29933.14,2993314,29933.14,2993314,2026-08-25,TX-101996,0,on_time,33088968,425543
RP-53-1-0,LN-53-0,EXT-10053,3,2026-09-25,29933.14,2993314,29933.14,2993314,2026-09-28,TX-102011,3,late,30521197,392520
RP-53-2-0,LN-53-0,EXT-10053,4,2026-10-25,29933.14,2993314,29933.14,2993314,2026-10-28,TX-102019;TX-102023,3,late,27920403,359073
RP-54-0-0,LN-54-0,EXT-10054,2,2026-08-21,4427.53,442753,4427.53,442753,2026-08-24,TX-102033;TX-102034,3,late,9514966,85930
RP-54-1-0,LN-54-0,EXT-10054,3,2026-09-21,4427.53,442753,4427.53,442753,2026-09-30,TX-102052,9,late,9158143,82707
RP-54-2-0,LN-54-0,EXT-10054,4,2026-10-21,4427.53,442753,4427.53,442753,2026-10-30,TX-102064,9,late,8798097,79456
RP-55-0-0,LN-55-0,EXT-10055,2,2026-08-20,4598.99,459899,4598.99,459899,2026-08-23,TX-102074,3,late,14218847,120436
RP-55-1-0,LN-55-0,EXT-10055,3,2026-09-20,4598.99,459899,4598.99,459899,2026-10-05,TX-102089,15,late,13879384,117561
RP-55-2-0,LN-55-0,EXT-10055,4,2026-10-20,4598.99,459899,4598.99,459899,2026-10-20,TX-102092,0,on_time,13537046,114661
RP-56-0-0,LN-56-0,EXT-10056,2,2026-08-26,7070.83,707083,7070.83,707083,2026-08-26,TX-102110,0,on_time,8016477,70934
RP-56-1-0,LN-56-0,EXT-10056,3,2026-09-26,7070.83,707083,7070.83,707083,2026-10-05,TX-102128,9,late,7380328,65305
RP-56-2-0,LN-56-0,EXT-10056,4,2026-10-26,7070.83,707083,0,0,,,0,missed,6738550,59627
RP-57-0-0,LN-57-0,EXT-10057,2,2026-08-21,5343.97,534397,5343.97,534397,2026-08-21,TX-102146,0,on_time,15884703,170663
RP-57-1-0,LN-57-0,EXT-10057,3,2026-09-21,5343.97,534397,5343.97,534397,2026-09-21,TX-102159,0,on_time,15520969,166755
RP-57-2-0,LN-57-0,EXT-10057,4,2026-10-21,5343.97,534397,5343.97,534397,2026-10-21,TX-102168,0,on_time,15153327,162805
RP-58-0-0,LN-58-0,EXT-10058,2,2026-08-24,19084.12,1908412,19084.12,1908412,2026-08-24,TX-102182,0,on_time,56424021,623815
RP-58-1-0,LN-58-0,EXT-10058,3,2026-09-24,19084.12,1908412,19084.12,1908412,2026-09-24,TX-102198,0,on_time,55139424,609612
RP-58-2-0,LN-58-0,EXT-10058,4,2026-10-24,19084.12,1908412,19084.12,1908412,2026-10-24,TX-102207,0,on_time,53840624,595253
RP-59-0-0,LN-59-0,EXT-10059,2,2026-08-23,11971.02,1197102,11971.02,1197102,2026-08-29,TX-102223,6,late,36993460,314358
RP-59-1-0,LN-59-0,EXT-10059,3,2026-09-23,11971.02,1197102,11971.02,1197102,2026-09-29,TX-102237,6,late,36110716,306857
RP-59-2-0,LN-59-0,EXT-10059,4,2026-10-23,11971.02,1197102,11971.02,1197102,2026-10-29,TX-102246;TX-102249,6,late,35220471,299292
RP-61-0-0,LN-61-0,EXT-10061,2,2026-08-21,9312.69,931269,9312.69,931269,2026-08-21,TX-102286,0,on_time,19700479,203954
RP-61-0-1,LN-61-1,EXT-10061,2,2026-08-21,5386.15,538615,5386.15,538615,2026-08-21,TX-102287,0,on_time,11142347,136400
RP-61-1-0,LN-61-0,EXT-10061,3,2026-09-21,9312.69,931269,9312.69,931269,2026-09-21,TX-102301,0,on_time,18973164,196424
RP-61-1-1,LN-61-1,EXT-10061,3,2026-09-21,5386.15,538615,5386.15,538615,2026-09-21,TX-102302,0,on_time,10740132,131476
RP-61-2-0,LN-61-0,EXT-10061,4,2026-10-21,9312.69,931269,9312.69,931269,2026-10-21,TX-102311,0,on_time,18238319,188817
RP-61-2-1,LN-61-1,EXT-10061,4,2026-10-21,5386.15,538615,5386.15,538615,2026-10-21,TX-102312,0,on_time,10332993,126492
RP-62-0-0,LN-62-0,EXT-10062,2,2026-08-28,10727.36,1072736,10727.36,1072736,2026-09-03,TX-102327;TX-102328;TX-102331,6,late,32176725,328752
RP-62-1-0,LN-62-0,EXT-10062,3,2026-09-28,10727.36,1072736,10727.36,1072736,2026-10-01,TX-102345,3,late,31432741,321151
RP-62-2-0,LN-62-0,EXT-10062,4,2026-10-28,10727.36,1072736,10727.36,1072736,2026-11-03,TX-102357,6,late,30681156,313472
RP-63-0-0,LN-63-0,EXT-10063,2,2026-08-21,75370.4,7537040,75370.4,7537040,2026-08-21,TX-102365,0,on_time,85654892,725640
RP-63-1-0,LN-63-0,EXT-10063,3,2026-09-21,75370.4,7537040,75370.4,7537040,2026-09-21,TX-102378,0,on_time,78843492,667936
RP-63-2-0,LN-63-0,EXT-10063,4,2026-10-21,75370.4,7537040,75370.4,7537040,2026-10-21,TX-102387,0,on_time,71974388,609743
RP-64-0-0,LN-64-0,EXT-10064,2,2026-08-21,7070.71,707071,7070.71,707071,2026-08-21,TX-102400,0,on_time,15107052,143794
RP-64-1-0,LN-64-0,EXT-10064,3,2026-09-21,7070.71,707071,7070.71,707071,2026-09-21,TX-102410,0,on_time,14543775,138432
RP-64-2-0,LN-64-0,EXT-10064,4,2026-10-21,7070.71,707071,7070.71,707071,2026-10-21,TX-102420,0,on_time,13975136,133020
RP-65-0-0,LN-65-0,EXT-10065,2,2026-08-20,38158.54,3815854,38158.54,3815854,2026-08-20,TX-102432,0,on_time,41453780,648693
RP-65-1-0,LN-65-0,EXT-10065,3,2026-09-20,38158.54,3815854,38158.54,3815854,2026-09-20,TX-102445,0,on_time,38286619,599131
RP-65-2-0,LN-65-0,EXT-10065,4,2026-10-20,38158.54,3815854,38158.54,3815854,2026-10-20,TX-102455,0,on_time,35069896,548794
RP-66-0-0,LN-66-0,EXT-10066,2,2026-08-23,13274.35,1327435,13274.35,1327435,2026-08-23,TX-102470,0,on_time,15032613,135704
RP-66-1-0,LN-66-0,EXT-10066,3,2026-09-23,13274.35,1327435,13274.35,1327435,2026-10-05,TX-102485;TX-102487,12,late,13840882,124946
RP-66-2-0,LN-66-0,EXT-10066,4,2026-10-23,13274.35,1327435,12809.13,1280913,2026-11-01,TX-102497,9,partial,12638393,114091
RP-67-0-0,LN-67-0,EXT-10067,2,2026-08-25,3635.53,363553,3635.53,363553,2026-08-25,TX-102508,0,on_time,7525232,91748
RP-67-1-0,LN-67-0,EXT-10067,3,2026-09-25,3635.53,363553,3635.53,363553,2026-10-01,TX-102523,6,late,7253427,88434
RP-67-2-0,LN-67-0,EXT-10067,4,2026-10-25,3635.53,363553,1809.33,180933,2026-11-03,TX-102536,9,partial,6978308,85080
RP-68-0-0,LN-68-0,EXT-10068,2,2026-08-20,9963.87,996387,9963.87,996387,2026-08-20,TX-102544,0,on_time,30058466,297120
RP-68-1-0,LN-68-0,EXT-10068,3,2026-09-20,9963.87,996387,9963.87,996387,2026-10-02,TX-102561,12,late,29359199,290208
RP-68-2-0,LN-68-0,EXT-10068,4,2026-10-20,9963.87,996387,9963.87,996387,2026-11-04,TX-102575,15,late,28653020,283228
RP-69-0-0,LN-69-0,EXT-10069,2,2026-08-24,13489.55,1348955,13489.55,1348955,2026-08-24,TX-102585,0,on_time,41456508,365425
RP-69-1-0,LN-69-0,EXT-10069,3,2026-09-24,13489.55,1348955,13489.55,1348955,2026-09-24,TX-102599,0,on_time,40472978,356756
RP-69-2-0,LN-69-0,EXT-10069,4,2026-10-24,13489.55,1348955,13489.55,1348955,2026-10-24,TX-102609,0,on_time,39480779,348010
RP-71-0-0,LN-71-0,EXT-10071,2,2026-08-24,26612.32,2661232,26612.32,2661232,2026-08-24,TX-102659,0,on_time,53720907,769973
RP-71-0-1,LN-71-1,EXT-10071,2,2026-08-24,51636.53,5163653,51636.53,5163653,2026-08-24,TX-102660,0,on_time,57362169,692710
RP-71-1-0,LN-71-0,EXT-10071,3,2026-09-24,26612.32,2661232,26612.32,2661232,2026-10-03,TX-102676,9,late,51829648,742866
RP-71-1-1,LN-71-1,EXT-10071,3,2026-09-24,51636.53,5163653,51636.53,5163653,2026-11-02,TX-102677;TX-102679;TX-102689,39,late,52891226,638719
RP-71-2-0,LN-71-0,EXT-10071,4,2026-10-24,26612.32,2661232,26612.32,2661232,2026-11-02,TX-102690,9,late,49911282,715370
RP-71-2-1,LN-71-1,EXT-10071,4,2026-10-24,51636.53,5163653,24902.3,2490230,2026-11-02,TX-102691,9,partial,50067298,604617
RP-72-0-0,LN-72-0,EXT-10072,2,2026-08-24,20106.74,2010674,20106.74,2010674,2026-08-24,TX-102703,0,on_time,22645657,224026
RP-72-1-0,LN-72-0,EXT-10072,3,2026-09-24,20106.74,2010674,20106.74,2010674,2026-10-03,TX-102717;TX-102721,9,late,20859009,206351
RP-72-2-0,LN-72-0,EXT-10072,4,2026-10-24,20106.74,2010674,20106.74,2010674,2026-10-24,TX-102728,0,on_time,19054686,188502
RP-73-0-0,LN-73-0,EXT-10073,2,2026-08-23,30335.22,3033522,30335.22,3033522,2026-08-29,TX-102739;TX-102743,6,late,83817705,1262763
RP-73-1-0,LN-73-0,EXT-10073,3,2026-09-23,30335.22,3033522,30335.22,3033522,2026-09-29,TX-102753;TX-102756,6,late,82046946,1236085
RP-73-2-0,LN-73-0,EXT-10073,4,2026-10-23,30335.22,3033522,30335.22,3033522,2026-10-23,TX-102763,0,on_time,80249509,1209006
RP-74-0-0,LN-74-0,EXT-10074,2,2026-08-28,4219.8,421980,4219.8,421980,2026-08-31,TX-102776,3,late,12463268,138549
RP-74-1-0,LN-74-0,EXT-10074,3,2026-09-28,4219.8,421980,4219.8,421980,2026-10-01,TX-102790,3,late,12179837,135398
RP-74-2-0,LN-74-0,EXT-10074,4,2026-10-28,4219.8,421980,4219.8,421980,2026-11-03,TX-102802,6,late,11893255,132212
RP-75-0-0,LN-75-0,EXT-10075,2,2026-08-26,13162.51,1316251,13162.51,1316251,2026-08-26,TX-102812,0,on_time,35926098,567749
RP-75-1-0,LN-75-0,EXT-10075,3,2026-09-26,13162.51,1316251,13162.51,1316251,2026-10-02,TX-102828,6,late,35177596,555920
RP-75-2-0,LN-75-0,EXT-10075,4,2026-10-26,13162.51,1316251,13162.51,1316251,2026-10-26,TX-102836,0,on_time,34417265,543905
RP-76-0-0,LN-76-0,EXT-10076,2,2026-08-24,10589.48,1058948,10589.48,1058948,2026-08-24,TX-102848,0,on_time,31472267,338395
RP-76-1-0,LN-76-0,EXT-10076,3,2026-09-24,10589.48,1058948,10589.48,1058948,2026-09-24,TX-102859,0,on_time,30751714,330648
RP-76-2-0,LN-76-0,EXT-10076,4,2026-10-24,10589.48,1058948,10589.48,1058948,2026-10-24,TX-102870,0,on_time,30023414,322817
RP-77-0-0,LN-77-0,EXT-10077,2,2026-08-28,43761.97,4376197,43761.97,4376197,2026-08-28,TX-102884,0,on_time,49532598,451234
RP-77-1-0,LN-77-0,EXT-10077,3,2026-09-28,43761.97,4376197,43761.97,4376197,2026-10-01,TX-102896,3,late,45607635,415478
RP-77-2-0,LN-77-0,EXT-10077,4,2026-10-28,43761.97,4376197,43761.97,4376197,2026-11-03,TX-102906,6,late,41646916,379396
RP-78-0-0,LN-78-0,EXT-10078,2,2026-08-24,17495.38,1749538,6972.88,697288,2026-10-08,TX-102915;TX-102921;TX-102932;TX-102934,45,partial,19021194,295245
RP-78-1-0,LN-78-0,EXT-10078,3,2026-09-24,17495.38,1749538,7539.47,753947,2026-11-05,TX-102933;TX-102937,42,partial,18967391,294410
RP-78-2-0,LN-78-0,EXT-10078,4,2026-10-24,17495.38,1749538,1298.9,129890,2026-11-05,TX-102938,12,partial,18619151,289005
RP-79-0-0,LN-79-0,EXT-10079,2,2026-08-22,3984.37,398437,3984.37,398437,2026-08-22,TX-102947,0,on_time,11439465,146195
RP-79-1-0,LN-79-0,EXT-10079,3,2026-09-22,3984.37,398437,3984.37,398437,2026-09-22,TX-102955,0,on_time,11187223,142972
RP-79-2-0,LN-79-0,EXT-10079,4,2026-10-22,3984.37,398437,3984.37,398437,2026-10-22,TX-102964,0,on_time,10931758,139707
RP-81-0-0,LN-81-0,EXT-10081,2,2026-08-23,53075.59,5307559,53075.59,5307559,2026-09-07,TX-103008;TX-103009;TX-103014,15,late,58928469,716772
RP-81-0-1,LN-81-1,EXT-10081,2,2026-08-23,24143.3,2414330,24143.3,2414330,2026-08-23,TX-103005,0,on_time,26338858,394354
RP-81-1-0,LN-81-0,EXT-10081,3,2026-09-23,53075.59,5307559,53075.59,5307559,2026-10-05,TX-103032,12,late,54337682,660932
RP-81-1-1,LN-81-1,EXT-10081,3,2026-09-23,24143.3,2414330,24143.3,2414330,2026-10-05,TX-103033,12,late,24318882,364110
RP-81-2-0,LN-81-0,EXT-10081,4,2026-10-23,53075.59,5307559,0,0,,,0,missed,49691055,604413
RP-81-2-1,LN-81-1,EXT-10081,4,2026-10-23,24143.3,2414330,0,0,,,0,missed,22268662,333414
RP-82-0-0,LN-82-0,EXT-10082,2,2026-08-28,13597.47,1359747,13597.47,1359747,2026-09-06,TX-103058,9,late,14730737,237097
RP-82-1-0,LN-82-0,EXT-10082,3,2026-09-28,13597.47,1359747,13597.47,1359747,2026-10-07,TX-103077,9,late,13608087,219028
RP-82-2-0,LN-82-0,EXT-10082,4,2026-10-28,13597.47,1359747,0,0,,,0,missed,12467368,200667
RP-83-0-0,LN-83-0,EXT-10083,2,2026-08-24,20249.66,2024966,20249.66,2024966,2026-08-24,TX-103096,0,on_time,22923223,208296
RP-83-1-0,LN-83-0,EXT-10083,3,2026-09-24,20249.66,2024966,20249.66,2024966,2026-10-06,TX-103115,12,late,21106553,191788
RP-83-2-0,LN-83-0,EXT-10083,4,2026-10-24,20249.66,2024966,20249.66,2024966,2026-11-02,TX-103127,9,late,19273375,175131
RP-84-0-0,LN-84-0,EXT-10084,2,2026-08-24,29051.7,2905170,29051.7,2905170,2026-08-24,TX-103139,0,on_time,32045338,423167
RP-84-1-0,LN-84-0,EXT-10084,3,2026-09-24,29051.7,2905170,29051.7,2905170,2026-09-24,TX-103153,0,on_time,29563335,390391
RP-84-2-0,LN-84-0,EXT-10084,4,2026-10-24,29051.7,2905170,29051.7,2905170,2026-11-02,TX-103163;TX-103166,9,late,27048556,357183
RP-85-0-0,LN-85-0,EXT-10085,2,2026-08-22,30852.13,3085213,30852.13,3085213,2026-08-22,TX-103177,0,on_time,34464979,385609
RP-85-1-0,LN-85-0,EXT-10085,3,2026-09-22,30852.13,3085213,30852.13,3085213,2026-10-01,TX-103192;TX-103196,9,late,31765375,355404
RP-85-2-0,LN-85-0,EXT-10085,4,2026-10-22,30852.13,3085213,30852.13,3085213,2026-11-03,TX-103204;TX-103209,12,late,29035566,324862
RP-86-0-0,LN-86-0,EXT-10086,2,2026-08-25,11344.67,1134467,11344.67,1134467,2026-08-25,TX-103219,0,on_time,33269593,383668
RP-86-1-0,LN-86-0,EXT-10086,3,2026-09-25,11344.67,1134467,11344.67,1134467,2026-10-01,TX-103236,6,late,32518794,375009
RP-86-2-0,LN-86-0,EXT-10086,4,2026-10-25,11344.67,1134467,11344.67,1134467,2026-10-31,TX-103245;TX-103246,6,late,31759336,366251
RP-87-0-0,LN-87-0,EXT-10087,2,2026-08-26,58258.86,5825886,58258.86,5825886,2026-08-26,TX-103258,0,on_time,65704423,635882
RP-87-1-0,LN-87-0,EXT-10087,3,2026-09-26,58258.86,5825886,58258.86,5825886,2026-10-02,TX-103270;TX-103273,6,late,60514419,585654
RP-87-2-0,LN-87-0,EXT-10087,4,2026-10-26,58258.86,5825886,58258.86,5825886,2026-11-04,TX-103283,9,late,55274187,534939
RP-88-0-0,LN-88-0,EXT-10088,2,2026-08-25,28063.24,2806324,28063.24,2806324,2026-08-25,TX-103292,0,on_time,60346802,541844
RP-88-1-0,LN-88-0,EXT-10088,3,2026-09-25,28063.24,2806324,28063.24,2806324,2026-10-07,TX-103310,12,late,58082322,521511
RP-88-2-0,LN-88-0,EXT-10088,4,2026-10-25,28063.24,2806324,28063.24,2806324,2026-10-25,TX-103315,0,on_time,55797509,500997
RP-89-0-0,LN-89-0,EXT-10089,2,2026-08-21,50543.36,5054336,50543.36,5054336,2026-08-21,TX-103328,0,on_time,56145700,678352
RP-89-1-0,LN-89-0,EXT-10089,3,2026-09-21,50543.36,5054336,50543.36,5054336,2026-09-21,TX-103338,0,on_time,51769716,625482
RP-89-2-0,LN-89-0,EXT-10089,4,2026-10-21,50543.36,5054336,50543.36,5054336,2026-10-21,TX-103348,0,on_time,47340862,571972
RP-91-0-0,LN-91-0,EXT-10091,2,2026-08-22,38711.2,3871120,24921.04,2492104,2026-11-02,TX-103397;TX-103425,72,partial,43983043,374248
RP-91-0-1,LN-91-1,EXT-10091,2,2026-08-22,10870.37,1087037,1116.21,111621,2026-08-22,TX-103398,0,partial,23497019,200804
RP-91-1-0,LN-91-0,EXT-10091,3,2026-09-22,38711.2,3871120,22221.72,2222172,2026-10-01,TX-103413,9,partial,42408225,360848
RP-91-1-1,LN-91-1,EXT-10091,3,2026-09-22,10870.37,1087037,1230.24,123024,2026-10-01,TX-103414,9,partial,23497019,200804
RP-91-2-0,LN-91-0,EXT-10091,4,2026-10-22,38711.2,3871120,0,0,,,0,missed,40546901,345010
RP-91-2-1,LN-91-1,EXT-10091,4,2026-10-22,10870.37,1087037,0,0,,,0,missed,23497019,200804
RP-92-0-0,LN-92-0,EXT-10092,2,2026-08-26,75713.72,7571372,75713.72,7571372,2026-08-26,TX-103437,0,on_time,82439371,1259921
RP-92-1-0,LN-92-0,EXT-10092,3,2026-09-26,75713.72,7571372,55313.15,5531315,2026-10-05,TX-103455,9,partial,76127920,1163463
RP-92-2-0,LN-92-0,EXT-10092,4,2026-10-26,75713.72,7571372,0,0,,,0,missed,71760068,1096709
RP-93-0-0,LN-93-0,EXT-10093,2,2026-08-25,15782.41,1578241,15782.41,1578241,2026-08-25,TX-103474,0,on_time,33609899,329145
RP-93-1-0,LN-93-0,EXT-10093,3,2026-09-25,15782.41,1578241,15782.41,1578241,2026-09-25,TX-103488,0,on_time,32360803,316912
RP-93-2-0,LN-93-0,EXT-10093,4,2026-10-25,15782.41,1578241,15782.41,1578241,2026-10-25,TX-103498,0,on_time,31099474,304560
RP-94-0-0,LN-94-0,EXT-10094,2,2026-08-21,18255.09,1825509,18255.09,1825509,2026-08-21,TX-103513,0,on_time,36572082,548030
RP-94-1-0,LN-94-0,EXT-10094,3,2026-09-21,18255.09,1825509,18255.09,1825509,2026-09-21,TX-103528,0,on_time,35294603,528887
RP-94-2-0,LN-94-0,EXT-10094,4,2026-10-21,18255.09,1825509,18255.09,1825509,2026-10-21,TX-103539,0,on_time,33997981,509457
RP-95-0-0,LN-95-0,EXT-10095,2,2026-08-25,17530.29,1753029,17530.29,1753029,2026-08-25,TX-103552,0,on_time,34604605,562737
RP-95-1-0,LN-95-0,EXT-10095,3,2026-09-25,17530.29,1753029,17530.29,1753029,2026-10-01,TX-103573,6,late,33414313,543381
RP-95-2-0,LN-95-0,EXT-10095,4,2026-10-25,17530.29,1753029,17530.29,1753029,2026-11-03,TX-103580;TX-103585,9,late,32204665,523710
RP-96-0-0,LN-96-0,EXT-10096,2,2026-08-28,7636.6,763660,7636.6,763660,2026-08-28,TX-103597,0,on_time,21635206,293577
RP-96-1-0,LN-96-0,EXT-10096,3,2026-09-28,7636.6,763660,7636.6,763660,2026-09-28,TX-103610,0,on_time,21165123,287198
RP-96-2-0,LN-96-0,EXT-10096,4,2026-10-28,7636.6,763660,7636.6,763660,2026-10-28,TX-103621,0,on_time,20688661,280733
RP-97-0-0,LN-97-0,EXT-10097,2,2026-08-22,15596.13,1559613,15596.13,1559613,2026-09-03,TX-103635;TX-103641,12,late,43424118,634264
RP-97-1-0,LN-97-0,EXT-10097,3,2026-09-22,15596.13,1559613,15596.13,1559613,2026-10-01,TX-103651;TX-103654,9,late,42498769,620748
RP-97-2-0,LN-97-0,EXT-10097,4,2026-10-22,15596.13,1559613,0,0,,,0,missed,41559904,607034
RP-98-0-0,LN-98-0,EXT-10098,2,2026-08-21,9783.93,978393,9783.93,978393,2026-08-30,TX-103679,9,late,29426818,296017
RP-98-1-0,LN-98-0,EXT-10098,3,2026-09-21,9783.93,978393,9783.93,978393,2026-09-30,TX-103694,9,late,28744442,289152
RP-98-2-0,LN-98-0,EXT-10098,4,2026-10-21,9783.93,978393,9783.93,978393,2026-10-30,TX-103707,9,late,28055201,282219
RP-99-0-0,LN-99-0,EXT-10099,2,2026-08-23,4782.3,478230,4782.3,478230,2026-09-01,TX-103723,9,late,14052409,160427
RP-99-1-0,LN-99-0,EXT-10099,3,2026-09-23,4782.3,478230,4782.3,478230,2026-10-02,TX-103737;TX-103741,9,late,13734606,156799
RP-99-2-0,LN-99-0,EXT-10099,4,2026-10-23,4782.3,478230,4782.3,478230,2026-10-23,TX-103750,0,on_time,13413175,153129
RP-101-0-0,LN-101-0,EXT-10101,2,2026-08-25,18457.56,1845756,18457.56,1845756,2026-08-25,TX-103795,0,on_time,37634698,507102
RP-101-0-1,LN-101-1,EXT-10101,2,2026-08-25,27464.31,2746431,27464.31,2746431,2026-08-25,TX-103796,0,on_time,56554890,714430
RP-101-1-0,LN-101-0,EXT-10101,3,2026-09-25,18457.56,1845756,18457.56,1845756,2026-09-28,TX-103809;TX-103814,3,late,36296044,489065
RP-101-1-1,LN-101-1,EXT-10101,3,2026-09-25,27464.31,2746431,27464.31,2746431,2026-09-28,TX-103810;TX-103815,3,late,54522889,688760
RP-101-2-0,LN-101-0,EXT-10101,4,2026-10-25,18457.56,1845756,18457.56,1845756,2026-10-28,TX-103826,3,late,34939353,470784
RP-101-2-1,LN-101-1,EXT-10101,4,2026-10-25,27464.31,2746431,27464.31,2746431,2026-10-31,TX-103827,6,late,52465218,662767
RP-102-0-0,LN-102-0,EXT-10102,2,2026-08-26,73371.91,7337191,73371.91,7337191,2026-08-29,TX-103840;TX-103842,3,late,79944510,1212958
RP-102-1-0,LN-102-0,EXT-10102,3,2026-09-26,73371.91,7337191,55722.85,5572285,2026-10-29,TX-103857;TX-103869,33,partial,73820277,1120038
RP-102-2-0,LN-102-0,EXT-10102,4,2026-10-26,73371.91,7337191,874.82,87482,2026-11-01,TX-103870,6,partial,73820277,1120038
RP-103-0-0,LN-103-0,EXT-10103,2,2026-08-26,26516.22,2651622,12083.63,1208363,2026-10-01,TX-103895,36,partial,29805531,304175
RP-103-1-0,LN-103-0,EXT-10103,3,2026-09-26,26516.22,2651622,7003.44,700344,2026-11-01,TX-103896;TX-103908,36,partial,29805531,304175
RP-103-2-0,LN-103-0,EXT-10103,4,2026-10-26,26516.22,2651622,1426.13,142613,2026-11-01,TX-103909,6,partial,28901343,294948
RP-104-0-0,LN-104-0,EXT-10104,2,2026-08-21,41655.11,4165511,41655.11,4165511,2026-08-21,TX-103920,0,on_time,84424418,1181048
RP-104-1-0,LN-104-0,EXT-10104,3,2026-09-21,41655.11,4165511,27936.31,2793631,2026-11-05,TX-103942;TX-103955,45,partial,81439955,1139297
RP-104-2-0,LN-104-0,EXT-10104,4,2026-10-21,41655.11,4165511,140.77,14077,2026-11-05,TX-103956,15,partial,81420596,1139027
RP-105-0-0,LN-105-0,EXT-10105,2,2026-08-25,51255.8,5125580,51255.8,5125580,2026-08-28,TX-103964;TX-103967,3,late,101170847,1645881
RP-105-1-0,LN-105-0,EXT-10105,3,2026-09-25,51255.8,5125580,51255.8,5125580,2026-10-01,TX-103980;TX-103983,6,late,97691148,1589272
RP-105-2-0,LN-105-0,EXT-10105,4,2026-10-25,51255.8,5125580,51255.8,5125580,2026-10-28,TX-103990;TX-103994,3,late,94154840,1531742
RP-106-0-0,LN-106-0,EXT-10106,2,2026-08-21,25922.36,2592236,25922.36,2592236,2026-08-21,TX-104004,0,on_time,74118458,965344
RP-106-1-0,LN-106-0,EXT-10106,3,2026-09-21,25922.36,2592236,25922.36,2592236,2026-09-21,TX-104020,0,on_time,72491566,944154
RP-106-2-0,LN-106-0,EXT-10106,4,2026-10-21,25922.36,2592236,25922.36,2592236,2026-10-21,TX-104030,0,on_time,70843484,922689
RP-107-0-0,LN-107-0,EXT-10107,2,2026-08-21,7340.24,734024,7340.24,734024,2026-08-21,TX-104045,0,on_time,21409861,253700
RP-107-1-0,LN-107-0,EXT-10107,3,2026-09-21,7340.24,734024,7340.24,734024,2026-10-03,TX-104062,12,late,20929537,248008
RP-107-2-0,LN-107-0,EXT-10107,4,2026-10-21,7340.24,734024,7340.24,734024,2026-10-21,TX-104069,0,on_time,20443521,242249
RP-108-0-0,LN-108-0,EXT-10108,2,2026-08-20,7139.16,713916,7139.16,713916,2026-08-20,TX-104081,0,on_time,21986876,191128
RP-108-1-0,LN-108-0,EXT-10108,3,2026-09-20,7139.16,713916,7139.16,713916,2026-09-20,TX-104093,0,on_time,21464088,186584
RP-108-2-0,LN-108-0,EXT-10108,4,2026-10-20,7139.16,713916,7139.16,713916,2026-10-20,TX-104102,0,on_time,20936756,182000
RP-109-0-0,LN-109-0,EXT-10109,2,2026-08-20,27007.9,2700790,27007.9,2700790,2026-08-20,TX-104114,0,on_time,57557783,560119
RP-109-1-0,LN-109-0,EXT-10109,3,2026-09-20,27007.9,2700790,27007.9,2700790,2026-09-23,TX-104126;TX-104130,3,late,55417112,539287
RP-109-2-0,LN-109-0,EXT-10109,4,2026-10-20,27007.9,2700790,27007.9,2700790,2026-10-20,TX-104137,0,on_time,53255609,518253
RP-111-0-0,LN-111-0,EXT-10111,2,2026-08-21,27684.08,2768408,27684.08,2768408,2026-08-21,TX-104187,0,on_time,56545598,753522
RP-111-0-1,LN-111-1,EXT-10111,2,2026-08-21,54078.87,5407887,54078.87,5407887,2026-08-21,TX-104188,0,on_time,59493798,810786
RP-111-1-0,LN-111-0,EXT-10111,3,2026-09-21,27684.08,2768408,27684.08,2768408,2026-09-21,TX-104201,0,on_time,54530712,726672
RP-111-1-1,LN-111-1,EXT-10111,3,2026-09-21,54078.87,5407887,54078.87,5407887,2026-10-03,TX-104202;TX-104203;TX-104210,12,late,54896697,748137
RP-111-2-0,LN-111-0,EXT-10111,4,2026-10-21,27684.08,2768408,27684.08,2768408,2026-11-05,TX-104227,15,late,52488976,699464
RP-111-2-1,LN-111-1,EXT-10111,4,2026-10-21,54078.87,5407887,54078.87,5407887,2026-11-02,TX-104223,12,late,50236947,684633
RP-112-0-0,LN-112-0,EXT-10112,2,2026-08-25,27321.2,2732120,27321.2,2732120,2026-08-25,TX-104238,0,on_time,29982221,420531
RP-112-1-0,LN-112-0,EXT-10112,3,2026-09-25,27321.2,2732120,27321.2,2732120,2026-10-01,TX-104256,6,late,27670632,388108
RP-112-2-0,LN-112-0,EXT-10112,4,2026-10-25,27321.2,2732120,27321.2,2732120,2026-11-03,TX-104269,9,late,25326620,355231
RP-113-0-0,LN-113-0,EXT-10113,2,2026-08-24,18469.89,1846989,18469.89,1846989,2026-08-24,TX-104279,0,on_time,50099500,810585
RP-113-1-0,LN-113-0,EXT-10113,3,2026-09-24,18469.89,1846989,18469.89,1846989,2026-09-24,TX-104288,0,on_time,49063096,793816
RP-113-2-0,LN-113-0,EXT-10113,4,2026-10-24,18469.89,1846989,18469.89,1846989,2026-10-24,TX-104297,0,on_time,48009923,776777
RP-114-0-0,LN-114-0,EXT-10114,2,2026-08-21,11295.27,1129527,11295.27,1129527,2026-08-21,TX-104306,0,on_time,22737096,331382
RP-114-1-0,LN-114-0,EXT-10114,3,2026-09-21,11295.27,1129527,4169.57,416957,2026-10-30,TX-104323;TX-104334,39,partial,21938951,319749
RP-114-2-0,LN-114-0,EXT-10114,4,2026-10-21,11295.27,1129527,2808.46,280846,2026-10-30,TX-104335,9,partial,21938951,319749
RP-115-0-0,LN-115-0,EXT-10115,2,2026-08-26,22921.25,2292125,22921.25,2292125,2026-08-26,TX-104349,0,on_time,48313377,514908
RP-115-1-0,LN-115-0,EXT-10115,3,2026-09-26,22921.25,2292125,22921.25,2292125,2026-10-02,TX-104361;TX-104363,6,late,46536160,495967
RP-115-2-0,LN-115-0,EXT-10115,4,2026-10-26,22921.25,2292125,22921.25,2292125,2026-11-01,TX-104376,6,late,44740002,476824
RP-116-0-0,LN-116-0,EXT-10116,2,2026-08-22,15291.38,1529138,15291.38,1529138,2026-08-22,TX-104386,0,on_time,33011572,285594
RP-116-1-0,LN-116-0,EXT-10116,3,2026-09-22,15291.38,1529138,15291.38,1529138,2026-10-01,TX-104403,9,late,31768028,274836
RP-116-2-0,LN-116-0,EXT-10116,4,2026-10-22,15291.38,1529138,7372.02,737202,2026-11-03,TX-104414,12,partial,30513726,263984
RP-117-0-0,LN-117-0,EXT-10117,2,2026-08-27,34067.55,3406755,34067.55,3406755,2026-08-27,TX-104425,0,on_time,67909357,1046959
RP-117-1-0,LN-117-0,EXT-10117,3,2026-09-27,34067.55,3406755,34067.55,3406755,2026-10-03,TX-104443,6,late,65549561,1010578
RP-117-2-0,LN-117-0,EXT-10117,4,2026-10-27,34067.55,3406755,34067.55,3406755,2026-11-02,TX-104453,6,late,63153384,973636
RP-118-0-0,LN-118-0,EXT-10118,2,2026-08-23,6235.54,623554,6235.54,623554,2026-08-23,TX-104464,0,on_time,17796427,233712
RP-118-1-0,LN-118-0,EXT-10118,3,2026-09-23,6235.54,623554,6235.54,623554,2026-09-23,TX-104481,0,on_time,17406585,228592
RP-118-2-0,LN-118-0,EXT-10118,4,2026-10-23,6235.54,623554,6235.54,623554,2026-10-23,TX-104491,0,on_time,17011623,223405
RP-119-0-0,LN-119-0,EXT-10119,2,2026-08-25,35044.38,3504438,35044.38,3504438,2026-08-28,TX-104505;TX-104508,3,late,38773683,493127
RP-119-1-0,LN-119-0,EXT-10119,3,2026-09-25,35044.38,3504438,35044.38,3504438,2026-09-28,TX-104522,3,late,35762372,454829
RP-119-2-0,LN-119-0,EXT-10119,4,2026-10-25,35044.38,3504438,35044.38,3504438,2026-10-28,TX-104534,3,late,32712763,416044
RP-121-0-0,LN-121-0,EXT-10121,2,2026-08-22,23458.23,2345823,23458.23,2345823,2026-08-22,TX-104574,0,on_time,49795443,501129
RP-121-0-1,LN-121-1,EXT-10121,2,2026-08-22,24932.6,2493260,24932.6,2493260,2026-08-22,TX-104575,0,on_time,73517142,824372
RP-121-1-0,LN-121-0,EXT-10121,3,2026-09-22,23458.23,2345823,23458.23,2345823,2026-10-01,TX-104593,9,late,47950749,482564
RP-121-1-1,LN-121-1,EXT-10121,3,2026-09-22,24932.6,2493260,24932.6,2493260,2026-10-01,TX-104594,9,late,71848254,805658
RP-121-2-0,LN-121-0,EXT-10121,4,2026-10-22,23458.23,2345823,23458.23,2345823,2026-11-03,TX-104609,12,late,46087490,463813
RP-121-2-1,LN-121-1,EXT-10121,4,2026-10-22,24932.6,2493260,24932.6,2493260,2026-11-03,TX-104610,12,late,70160652,786735
RP-122-0-0,LN-122-0,EXT-10122,2,2026-08-24,14329.42,1432942,14329.42,1432942,2026-08-24,TX-104622,0,on_time,41215048,522342
RP-122-1-0,LN-122-0,EXT-10122,3,2026-09-24,14329.42,1432942,14329.42,1432942,2026-10-03,TX-104641,9,late,40304448,510802
RP-122-2-0,LN-122-0,EXT-10122,4,2026-10-24,14329.42,1432942,14329.42,1432942,2026-11-02,TX-104649;TX-104652,9,late,39382308,499115
RP-123-0-0,LN-123-0,EXT-10123,2,2026-08-26,22336.91,2233691,22336.91,2233691,2026-08-26,TX-104665,0,on_time,60767538,972357
RP-123-1-0,LN-123-0,EXT-10123,3,2026-09-26,22336.91,2233691,22336.91,2233691,2026-09-26,TX-104680,0,on_time,59506204,952174
RP-123-2-0,LN-123-0,EXT-10123,4,2026-10-26,22336.91,2233691,22336.91,2233691,2026-10-26,TX-104691,0,on_time,58224687,931668
RP-124-0-0,LN-124-0,EXT-10124,2,2026-08-25,7395.04,739504,7395.04,739504,2026-08-25,TX-104702,0,on_time,14757137,226125
RP-124-1-0,LN-124-0,EXT-10124,3,2026-09-25,7395.04,739504,7395.04,739504,2026-10-01,TX-104713;TX-104717,6,late,14243758,218258
RP-124-2-0,LN-124-0,EXT-10124,4,2026-10-25,7395.04,739504,7395.04,739504,2026-11-03,TX-104723;TX-104728,9,late,13722512,210271
RP-125-0-0,LN-125-0,EXT-10125,2,2026-08-21,16448.29,1644829,16448.29,1644829,2026-08-21,TX-104739,0,on_time,48827376,528345
RP-125-1-0,LN-125-0,EXT-10125,3,2026-09-21,16448.29,1644829,16448.29,1644829,2026-09-21,TX-104753,0,on_time,47710892,516264
RP-125-2-0,LN-125-0,EXT-10125,4,2026-10-21,16448.29,1644829,16448.29,1644829,2026-10-21,TX-104764,0,on_time,46582327,504052
RP-126-0-0,LN-126-0,EXT-10126,2,2026-08-27,6490.68,649068,6490.68,649068,2026-08-27,TX-104779,0,on_time,18520548,243460
RP-126-1-0,LN-126-0,EXT-10126,3,2026-09-27,6490.68,649068,6490.68,649068,2026-10-03,TX-104793,6,late,18114940,238128
RP-126-2-0,LN-126-0,EXT-10126,4,2026-10-27,6490.68,649068,6490.68,649068,2026-11-02,TX-104804,6,late,17704000,232726
RP-127-0-0,LN-127-0,EXT-10127,2,2026-08-23,11654.14,1165414,11654.14,1165414,2026-10-01,TX-104828,39,late,24364220,276510
RP-127-1-0,LN-127-0,EXT-10127,3,2026-09-23,11654.14,1165414,11654.14,1165414,2026-10-02,TX-104830,9,late,24364220,276510
RP-127-2-0,LN-127-0,EXT-10127,4,2026-10-23,11654.14,1165414,11654.14,1165414,2026-11-01,TX-104842,9,late,22586412,256333
RP-128-0-0,LN-128-0,EXT-10128,2,2026-08-27,20843.92,2084392,20843.92,2084392,2026-08-27,TX-104855,0,on_time,40967522,681628
RP-128-1-0,LN-128-0,EXT-10128,3,2026-09-27,20843.92,2084392,20843.92,2084392,2026-11-05,TX-104874;TX-104886,39,late,39564758,658288
RP-128-2-0,LN-128-0,EXT-10128,4,2026-10-27,20843.92,2084392,17889.69,1788969,2026-11-05,TX-104887,9,partial,38224697,635992
RP-129-0-0,LN-129-0,EXT-10129,2,2026-08-25,40252.15,4025215,40252.15,4025215,2026-08-25,TX-104897,0,on_time,83696385,988287
RP-129-1-0,LN-129-0,EXT-10129,3,2026-09-25,40252.15,4025215,40252.15,4025215,2026-10-01,TX-104911;TX-104914,6,late,80659457,952427
RP-129-2-0,LN-129-0,EXT-10129,4,2026-10-25,40252.15,4025215,40252.15,4025215,2026-11-03,TX-104922;TX-104926,9,late,77586669,916143
RP-131-0-0,LN-131-0,EXT-10131,2,2026-08-21,18788.76,1878876,18788.76,1878876,2026-08-21,TX-104970,0,on_time,37271883,590228
RP-131-0-1,LN-131-1,EXT-10131,2,2026-08-21,12564.05,1256405,12564.05,1256405,2026-08-21,TX-104971,0,on_time,35224677,499935
RP-131-1-0,LN-131-0,EXT-10131,3,2026-09-21,18788.76,1878876,18788.76,1878876,2026-09-30,TX-104989,9,late,35983235,569822
RP-131-1-1,LN-131-1,EXT-10131,3,2026-09-21,12564.05,1256405,12564.05,1256405,2026-09-30,TX-104990,9,late,34468207,489199
RP-131-2-0,LN-131-0,EXT-10131,4,2026-10-21,18788.76,1878876,18788.76,1878876,2026-10-30,TX-105000,9,late,34674181,549092
RP-131-2-1,LN-131-1,EXT-10131,4,2026-10-21,12564.05,1256405,12564.05,1256405,2026-10-30,TX-105001,9,late,33701001,478310
RP-132-0-0,LN-132-0,EXT-10132,2,2026-08-26,24319.93,2431993,24319.93,2431993,2026-08-26,TX-105013,0,on_time,49530078,672330
RP-132-1-0,LN-132-0,EXT-10132,3,2026-09-26,24319.93,2431993,24319.93,2431993,2026-09-26,TX-105028,0,on_time,47770415,648444
RP-132-2-0,LN-132-0,EXT-10132,4,2026-10-26,24319.93,2431993,24319.93,2431993,2026-10-29,TX-105040,3,late,45986866,624233
RP-133-0-0,LN-133-0,EXT-10133,2,2026-08-26,12828.33,1282833,12828.33,1282833,2026-08-26,TX-105053,0,on_time,14066595,199088
RP-133-1-0,LN-133-0,EXT-10133,3,2026-09-26,12828.33,1282833,12828.33,1282833,2026-09-29,TX-105073,3,late,12982850,183750
RP-133-2-0,LN-133-0,EXT-10133,4,2026-10-26,12828.33,1282833,12828.33,1282833,2026-10-29,TX-105086,3,late,11883767,168194
RP-134-0-0,LN-134-0,EXT-10134,2,2026-08-28,27279.66,2727966,27279.66,2727966,2026-08-28,TX-105099,0,on_time,81371441,857682
RP-134-1-0,LN-134-0,EXT-10134,3,2026-09-28,27279.66,2727966,27279.66,2727966,2026-10-07,TX-105115,9,late,79501157,837969
RP-134-2-0,LN-134-0,EXT-10134,4,2026-10-28,27279.66,2727966,0,0,,,0,missed,77611160,818047
RP-135-0-0,LN-135-0,EXT-10135,2,2026-08-25,46427.95,4642795,46427.95,4642795,2026-08-25,TX-105134,0,on_time,99000141,958767
RP-135-1-0,LN-135-0,EXT-10135,3,2026-09-25,46427.95,4642795,46427.95,4642795,2026-09-25,TX-105146,0,on_time,95316113,923089
RP-135-2-0,LN-135-0,EXT-10135,4,2026-10-25,46427.95,4642795,46427.95,4642795,2026-10-25,TX-105155,0,on_time,91596407,887065
RP-136-0-0,LN-136-0,EXT-10136,2,2026-08-27,27129.11,2712911,27129.11,2712911,2026-08-27,TX-105169,0,on_time,29534265,452133
RP-136-1-0,LN-136-0,EXT-10136,3,2026-09-27,27129.11,2712911,27129.11,2712911,2026-09-27,TX-105179,0,on_time,27273487,417523
RP-136-2-0,LN-136-0,EXT-10136,4,2026-10-27,27129.11,2712911,27129.11,2712911,2026-10-27,TX-105189,0,on_time,24978099,382383
RP-137-0-0,LN-137-0,EXT-10137,2,2026-08-27,23250.81,2325081,23250.81,2325081,2026-08-27,TX-105205,0,on_time,26193477,258054
RP-137-1-0,LN-137-0,EXT-10137,3,2026-09-27,23250.81,2325081,23250.81,2325081,2026-09-27,TX-105216,0,on_time,24126450,237690
RP-137-2-0,LN-137-0,EXT-10137,4,2026-10-27,23250.81,2325081,23250.81,2325081,2026-10-27,TX-105227,0,on_time,22039059,217125
RP-138-0-0,LN-138-0,EXT-10138,2,2026-08-28,4931.23,493123,4931.23,493123,2026-08-28,TX-105241,0,on_time,14462182,166733
RP-138-1-0,LN-138-0,EXT-10138,3,2026-09-28,4931.23,493123,4931.23,493123,2026-10-01,TX-105257,3,late,14135792,162970
RP-138-2-0,LN-138-0,EXT-10138,4,2026-10-28,4931.23,493123,4931.23,493123,2026-11-03,TX-105271,6,late,13805639,159164
RP-139-0-0,LN-139-0,EXT-10139,2,2026-08-21,24807.52,2480752,24807.52,2480752,2026-08-21,TX-105280,0,on_time,27643364,320264
RP-139-1-0,LN-139-0,EXT-10139,3,2026-09-21,24807.52,2480752,1225.74,122574,2026-11-02,TX-105301,42,partial,25482876,295234
RP-139-2-0,LN-139-0,EXT-10139,4,2026-10-21,24807.52,2480752,1158.0,115800,2026-11-02,TX-105302,12,partial,25482876,295234
RP-141-0-0,LN-141-0,EXT-10141,2,2026-08-22,36423.52,3642352,36423.52,3642352,2026-08-22,TX-105340,0,on_time,75404027,918427
RP-141-0-1,LN-141-1,EXT-10141,2,2026-08-22,24937.73,2493773,24937.73,2493773,2026-08-22,TX-105341,0,on_time,27209223,406791
RP-141-1-0,LN-141-0,EXT-10141,3,2026-09-22,36423.52,3642352,36423.52,3642352,2026-09-22,TX-105356,0,on_time,72680102,885250
RP-141-1-1,LN-141-1,EXT-10141,3,2026-09-22,24937.73,2493773,24937.73,2493773,2026-09-22,TX-105357,0,on_time,25122241,375590
RP-141-2-0,LN-141-0,EXT-10141,4,2026-10-22,36423.52,3642352,36423.52,3642352,2026-10-22,TX-105366,0,on_time,69923000,851668
RP-141-2-1,LN-141-1,EXT-10141,4,2026-10-22,24937.73,2493773,24937.73,2493773,2026-10-28,TX-105367;TX-105371,6,late,23004058,343922
RP-142-0-0,LN-142-0,EXT-10142,2,2026-08-21,15476.3,1547630,15476.3,1547630,2026-08-21,TX-105379,0,on_time,32012810,392149
RP-142-1-0,LN-142-0,EXT-10142,3,2026-09-21,15476.3,1547630,15476.3,1547630,2026-09-21,TX-105393,0,on_time,30857329,377995
RP-142-2-0,LN-142-0,EXT-10142,4,2026-10-21,15476.3,1547630,15476.3,1547630,2026-10-21,TX-105403,0,on_time,29687694,363667
RP-143-0-0,LN-143-0,EXT-10143,2,2026-08-25,8142.5,814250,8142.5,814250,2026-08-28,TX-105418,3,late,23395951,297926
RP-143-1-0,LN-143-0,EXT-10143,3,2026-09-25,8142.5,814250,8142.5,814250,2026-09-25,TX-105431,0,on_time,22879627,291351
RP-143-2-0,LN-143-0,EXT-10143,4,2026-10-25,8142.5,814250,8142.5,814250,2026-10-25,TX-105440,0,on_time,22356728,284692
RP-144-0-0,LN-144-0,EXT-10144,2,2026-08-28,20186.43,2018643,20186.43,2018643,2026-08-28,TX-105456,0,on_time,55466544,854208
RP-144-1-0,LN-144-0,EXT-10144,3,2026-09-28,20186.43,2018643,20186.43,2018643,2026-09-28,TX-105472,0,on_time,54302109,836275
RP-144-2-0,LN-144-0,EXT-10144,4,2026-10-28,20186.43,2018643,20186.43,2018643,2026-10-28,TX-105483,0,on_time,53119741,818066
RP-145-0-0,LN-145-0,EXT-10145,2,2026-08-25,11360.61,1136061,11360.61,1136061,2026-08-25,TX-105495,0,on_time,12613339,153430
RP-145-1-0,LN-145-0,EXT-10145,3,2026-09-25,11360.61,1136061,11360.61,1136061,2026-09-25,TX-105510,0,on_time,11630708,141477
RP-145-2-0,LN-145-0,EXT-10145,4,2026-10-25,11360.61,1136061,11360.61,1136061,2026-10-25,TX-105519,0,on_time,10636124,129379
RP-146-0-0,LN-146-0,EXT-10146,2,2026-08-22,37308.73,3730873,37308.73,3730873,2026-08-28,TX-105534,6,late,40302525,667299
RP-146-1-0,LN-146-0,EXT-10146,3,2026-09-22,37308.73,3730873,37308.73,3730873,2026-09-28,TX-105546,6,late,37238951,616575
RP-146-2-0,LN-146-0,EXT-10146,4,2026-10-22,37308.73,3730873,37308.73,3730873,2026-10-28,TX-105556,6,late,34124653,565010
RP-147-0-0,LN-147-0,EXT-10147,2,2026-08-20,32722.77,3272277,32722.77,3272277,2026-08-20,TX-105563,0,on_time,70423596,627556
RP-147-1-0,LN-147-0,EXT-10147,3,2026-09-20,32722.77,3272277,32722.77,3272277,2026-09-20,TX-105573,0,on_time,67778875,603989
RP-147-2-0,LN-147-0,EXT-10147,4,2026-10-20,32722.77,3272277,32722.77,3272277,2026-10-20,TX-105582,0,on_time,65110587,580211
RP-148-0-0,LN-148-0,EXT-10148,2,2026-08-21,22630.85,2263085,22630.85,2263085,2026-08-21,TX-105597,0,on_time,48709585,433633
RP-148-1-0,LN-148-0,EXT-10148,3,2026-09-21,22630.85,2263085,22630.85,2263085,2026-09-21,TX-105607,0,on_time,46880133,417346
RP-148-2-0,LN-148-0,EXT-10148,4,2026-10-21,22630.85,2263085,22630.85,2263085,2026-10-24,TX-105618,3,late,45034394,400915
RP-149-0-0,LN-149-0,EXT-10149,2,2026-08-25,22043.44,2204344,22043.44,2204344,2026-08-25,TX-105631,0,on_time,46517560,491179
RP-149-1-0,LN-149-0,EXT-10149,3,2026-09-25,22043.44,2204344,22043.44,2204344,2026-09-25,TX-105645,0,on_time,44804395,473090
RP-149-2-0,LN-149-0,EXT-10149,4,2026-10-25,22043.44,2204344,22043.44,2204344,2026-10-25,TX-105656,0,on_time,43073141,454809
RP-151-0-0,LN-151-0,EXT-10151,2,2026-08-26,15190.56,1519056,15190.56,1519056,2026-08-29,TX-105707,3,late,43819060,547830
RP-151-0-1,LN-151-1,EXT-10151,2,2026-08-26,37209.39,3720939,37209.39,3720939,2026-08-26,TX-105705,0,on_time,76204070,998165
RP-151-1-0,LN-151-0,EXT-10151,3,2026-09-26,15190.56,1519056,15190.56,1519056,2026-10-02,TX-105716;TX-105719,6,late,42847834,535687
RP-151-1-1,LN-151-1,EXT-10151,3,2026-09-26,37209.39,3720939,29264.52,2926452,2026-11-01,TX-105720;TX-105732,36,partial,73481296,962501
RP-151-2-0,LN-151-0,EXT-10151,4,2026-10-26,15190.56,1519056,3577.71,357771,2026-11-01,TX-105733,6,partial,41864465,523393
RP-151-2-1,LN-151-1,EXT-10151,4,2026-10-26,37209.39,3720939,0,0,,,0,missed,73481296,962501
RP-152-0-0,LN-152-0,EXT-10152,2,2026-08-26,23633.77,2363377,18153.18,1815318,2026-09-01,TX-105744;TX-105746,6,partial,26348964,303116
RP-152-1-0,LN-152-0,EXT-10152,3,2026-09-26,23633.77,2363377,5656.33,565633,2026-11-01,TX-105763,36,partial,24836762,285720
RP-152-2-0,LN-152-0,EXT-10152,4,2026-10-26,23633.77,2363377,0,0,,,0,missed,24836762,285720
RP-153-0-0,LN-153-0,EXT-10153,2,2026-08-23,21569.51,2156951,21569.51,2156951,2026-08-26,TX-105775,3,late,58770099,934929
RP-153-1-0,LN-153-0,EXT-10153,3,2026-09-23,21569.51,2156951,21569.51,2156951,2026-09-23,TX-105788,0,on_time,57548077,915489
RP-153-2-0,LN-153-0,EXT-10153,4,2026-10-23,21569.51,2156951,21569.51,2156951,2026-10-23,TX-105798,0,on_time,56306615,895740
RP-154-0-0,LN-154-0,EXT-10154,2,2026-08-23,42425.03,4242503,42425.03,4242503,2026-08-23,TX-105810,0,on_time,47368750,533846
RP-154-1-0,LN-154-0,EXT-10154,3,2026-09-23,42425.03,4242503,42425.03,4242503,2026-09-23,TX-105826,0,on_time,43660093,492049
RP-154-2-0,LN-154-0,EXT-10154,4,2026-10-23,42425.03,4242503,42425.03,4242503,2026-10-23,TX-105835,0,on_time,39909639,449782
RP-155-0-0,LN-155-0,EXT-10155,2,2026-08-25,8151.36,815136,8151.36,815136,2026-09-03,TX-105853,9,late,22229109,352465
RP-155-1-0,LN-155-0,EXT-10155,3,2026-09-25,8151.36,815136,8151.36,815136,2026-10-01,TX-105867,6,late,21766438,345129
RP-155-2-0,LN-155-0,EXT-10155,4,2026-10-25,8151.36,815136,8151.36,815136,2026-10-25,TX-105875,0,on_time,21296431,337676
RP-156-0-0,LN-156-0,EXT-10156,2,2026-08-26,6337.39,633739,6337.39,633739,2026-08-29,TX-105889;TX-105891,3,late,17090912,282524
RP-156-1-0,LN-156-0,EXT-10156,3,2026-09-26,6337.39,633739,6337.39,633739,2026-09-29,TX-105902;TX-105904,3,late,16739697,276718
RP-156-2-0,LN-156-0,EXT-10156,4,2026-10-26,6337.39,633739,6337.39,633739,2026-10-29,TX-105916,3,late,16382676,270817
RP-157-0-0,LN-157-0,EXT-10157,2,2026-08-23,14754.9,1475490,14754.9,1475490,2026-09-01,TX-105928;TX-105932,9,late,30750725,357098
RP-157-1-0,LN-157-0,EXT-10157,3,2026-09-23,14754.9,1475490,14754.9,1475490,2026-09-23,TX-105944,0,on_time,29632333,344110
RP-157-2-0,LN-157-0,EXT-10157,4,2026-10-23,14754.9,1475490,14754.9,1475490,2026-11-04,TX-105954;TX-105958,12,late,28500953,330972
RP-158-0-0,LN-158-0,EXT-10158,2,2026-08-21,15651.63,1565163,15651.63,1565163,2026-08-30,TX-105971,9,late,17357988,214255
RP-158-1-0,LN-158-0,EXT-10158,3,2026-09-21,15651.63,1565163,15651.63,1565163,2026-09-30,TX-105983,9,late,16007080,197581
RP-158-2-0,LN-158-0,EXT-10158,4,2026-10-21,15651.63,1565163,15651.63,1565163,2026-10-30,TX-105989,9,late,14639498,180700
RP-159-0-0,LN-159-0,EXT-10159,2,2026-08-27,5941.3,594130,5941.3,594130,2026-08-30,TX-106004,3,late,6756762,56492
RP-159-1-0,LN-159-0,EXT-10159,3,2026-09-27,5941.3,594130,5941.3,594130,2026-09-30,TX-106016,3,late,6219124,51997
RP-159-2-0,LN-159-0,EXT-10159,4,2026-10-27,5941.3,594130,5941.3,594130,2026-10-30,TX-106027,3,late,5676991,47464
RP-161-0-0,LN-161-0,EXT-10161,2,2026-08-27,5492.97,549297,5492.97,549297,2026-09-05,TX-106076,9,late,11778743,108537
RP-161-0-1,LN-161-1,EXT-10161,2,2026-08-27,4915.99,491599,4915.99,491599,2026-09-05,TX-106077,9,late,14260248,173588
RP-161-1-0,LN-161-0,EXT-10161,3,2026-09-27,5492.97,549297,5492.97,549297,2026-10-06,TX-106091,9,late,11337983,104476
RP-161-1-1,LN-161-1,EXT-10161,3,2026-09-27,4915.99,491599,4915.99,491599,2026-10-06,TX-106092,9,late,13942237,169717
RP-161-2-0,LN-161-0,EXT-10161,4,2026-10-27,5492.97,549297,5492.97,549297,2026-11-05,TX-106101;TX-106102;TX-106105,9,late,10893162,100377
RP-161-2-1,LN-161-1,EXT-10161,4,2026-10-27,4915.99,491599,4915.99,491599,2026-11-05,TX-106106,9,late,13620355,165798
RP-162-0-0,LN-162-0,EXT-10162,2,2026-08-24,9525.18,952518,9525.18,952518,2026-08-24,TX-106115,0,on_time,26220170,400926
RP-162-1-0,LN-162-0,EXT-10162,3,2026-09-24,9525.18,952518,9525.18,952518,2026-09-24,TX-106129,0,on_time,25668578,392492
RP-162-2-0,LN-162-0,EXT-10162,4,2026-10-24,9525.18,952518,9525.18,952518,2026-11-02,TX-106145,9,late,25108552,383929
RP-163-0-0,LN-163-0,EXT-10163,2,2026-08-25,2427.81,242781,2427.81,242781,2026-08-25,TX-106156,0,on_time,6868571,93775
RP-163-1-0,LN-163-0,EXT-10163,3,2026-09-25,2427.81,242781,2427.81,242781,2026-09-28,TX-106165,3,late,6719565,91741
RP-163-2-0,LN-163-0,EXT-10163,4,2026-10-25,2427.81,242781,2427.81,242781,2026-10-25,TX-106173,0,on_time,6568525,89679
RP-164-0-0,LN-164-0,EXT-10164,2,2026-08-21,17501.42,1750142,17501.42,1750142,2026-08-21,TX-106185,0,on_time,47411376,770798
RP-164-1-0,LN-164-0,EXT-10164,3,2026-09-21,17501.42,1750142,17501.42,1750142,2026-09-21,TX-106197,0,on_time,46432032,754876
RP-164-2-0,LN-164-0,EXT-10164,4,2026-10-21,17501.42,1750142,17501.42,1750142,2026-11-02,TX-106208;TX-106213,12,late,45436766,738696
RP-165-0-0,LN-165-0,EXT-10165,2,2026-08-23,5116.5,511650,5116.5,511650,2026-08-23,TX-106224,0,on_time,10680587,122566
RP-165-1-0,LN-165-0,EXT-10165,3,2026-09-23,5116.5,511650,5116.5,511650,2026-10-02,TX-106241,9,late,10291503,118101
RP-165-2-0,LN-165-0,EXT-10165,4,2026-10-23,5116.5,511650,5116.5,511650,2026-11-01,TX-106252,9,late,9897954,113585
RP-166-0-0,LN-166-0,EXT-10166,2,2026-08-26,31490.6,3149060,31490.6,3149060,2026-09-01,TX-106263;TX-106265,6,late,66858612,671784
RP-166-1-0,LN-166-0,EXT-10166,3,2026-09-26,31490.6,3149060,31490.6,3149060,2026-09-29,TX-106278;TX-106280,3,late,64381336,646893
RP-166-2-0,LN-166-0,EXT-10166,4,2026-10-26,31490.6,3149060,31490.6,3149060,2026-10-29,TX-106289;TX-106291,3,late,61879169,621752
RP-167-0-0,LN-167-0,EXT-10167,2,2026-08-22,8102.12,810212,8102.12,810212,2026-08-22,TX-106299,0,on_time,22722247,322069
RP-167-1-0,LN-167-0,EXT-10167,3,2026-09-22,8102.12,810212,8102.12,810212,2026-09-28,TX-106316,6,late,22234104,315150
RP-167-2-0,LN-167-0,EXT-10167,4,2026-10-22,8102.12,810212,8102.12,810212,2026-10-28,TX-106322;TX-106327,6,late,21739042,308133
RP-168-0-0,LN-168-0,EXT-10168,2,2026-08-22,15811.76,1581176,15811.76,1581176,2026-08-22,TX-106336,0,on_time,45038888,596705
RP-168-1-0,LN-168-0,EXT-10168,3,2026-09-22,15811.76,1581176,15811.76,1581176,2026-09-22,TX-106347,0,on_time,44054417,583662
RP-168-2-0,LN-168-0,EXT-10168,4,2026-10-22,15811.76,1581176,15811.76,1581176,2026-10-22,TX-106356,0,on_time,43056903,570447
RP-169-0-0,LN-169-0,EXT-10169,2,2026-08-24,35780.68,3578068,35780.68,3578068,2026-08-24,TX-106371,0,on_time,76152213,749592
RP-169-1-0,LN-169-0,EXT-10169,3,2026-09-24,35780.68,3578068,35780.68,3578068,2026-09-24,TX-106387,0,on_time,73323737,721750
RP-169-2-0,LN-169-0,EXT-10169,4,2026-10-24,35780.68,3578068,35780.68,3578068,2026-10-24,TX-106397,0,on_time,70467419,693634
RP-171-0-0,LN-171-0,EXT-10171,2,2026-08-28,37306.6,3730660,37306.6,3730660,2026-08-28,TX-106442,0,on_time,41497480,492496
RP-171-0-1,LN-171-1,EXT-10171,2,2026-08-28,30563.99,3056399,30563.99,3056399,2026-08-28,TX-106443,0,on_time,60688574,956052
RP-171-1-0,LN-171-0,EXT-10171,3,2026-09-28,37306.6,3730660,37306.6,3730660,2026-09-28,TX-106454,0,on_time,38259316,454065
RP-171-1-1,LN-171-1,EXT-10171,3,2026-09-28,30563.99,3056399,30563.99,3056399,2026-09-28,TX-106455,0,on_time,58588227,922965
RP-171-2-0,LN-171-0,EXT-10171,4,2026-10-28,37306.6,3730660,37306.6,3730660,2026-10-28,TX-106465,0,on_time,34982721,415178
RP-171-2-1,LN-171-1,EXT-10171,4,2026-10-28,30563.99,3056399,30563.99,3056399,2026-10-28,TX-106466,0,on_time,56454793,889356
RP-172-0-0,LN-172-0,EXT-10172,2,2026-08-22,23235.24,2323524,23235.24,2323524,2026-08-22,TX-106478,0,on_time,47567918,624555
RP-172-1-0,LN-172-0,EXT-10172,3,2026-09-22,23235.24,2323524,23235.24,2323524,2026-10-01,TX-106494,9,late,45868949,602248
RP-172-2-0,LN-172-0,EXT-10172,4,2026-10-22,23235.24,2323524,23235.24,2323524,2026-11-03,TX-106505,12,late,44147673,579648
RP-173-0-0,LN-173-0,EXT-10173,2,2026-08-25,3427.85,342785,3427.85,342785,2026-08-28,TX-106518,3,late,10426396,98103
RP-173-1-0,LN-173-0,EXT-10173,3,2026-09-25,3427.85,342785,3427.85,342785,2026-09-28,TX-106527,3,late,10181714,95801
RP-173-2-0,LN-173-0,EXT-10173,4,2026-10-25,3427.85,342785,3427.85,342785,2026-10-28,TX-106533,3,late,9934730,93477
RP-174-0-0,LN-174-0,EXT-10174,2,2026-08-23,10258.46,1025846,10258.46,1025846,2026-08-23,TX-106542,0,on_time,29576805,370657
RP-174-1-0,LN-174-0,EXT-10174,3,2026-09-23,10258.46,1025846,10258.46,1025846,2026-11-01,TX-106557;TX-106573,39,late,28921616,362446
RP-174-2-0,LN-174-0,EXT-10174,4,2026-10-23,10258.46,1025846,2702.87,270287,2026-11-04,TX-106574;TX-106576,12,partial,28921616,362446
RP-175-0-0,LN-175-0,EXT-10175,2,2026-08-22,15263.52,1526352,15263.52,1526352,2026-08-22,TX-106586,0,on_time,16990363,199702
RP-175-1-0,LN-175-0,EXT-10175,3,2026-09-22,15263.52,1526352,15263.52,1526352,2026-09-22,TX-106598,0,on_time,15663713,184109
RP-175-2-0,LN-175-0,EXT-10175,4,2026-10-22,15263.52,1526352,15263.52,1526352,2026-10-25,TX-106610,3,late,14321470,168332
RP-176-0-0,LN-176-0,EXT-10176,2,2026-08-28,29372.02,2937202,29372.02,2937202,2026-08-28,TX-106624,0,on_time,33241301,303427
RP-176-1-0,LN-176-0,EXT-10176,3,2026-09-28,29372.02,2937202,24674.02,2467402,2026-11-03,TX-106642;TX-106654,36,partial,30607526,279385
RP-176-2-0,LN-176-0,EXT-10176,4,2026-10-28,29372.02,2937202,0,0,,,0,missed,28651299,261529
RP-177-0-0,LN-177-0,EXT-10177,2,2026-08-28,41717.37,4171737,41717.37,4171737,2026-08-28,TX-106666,0,on_time,82439726,1332817
RP-177-1-0,LN-177-0,EXT-10177,3,2026-09-28,41717.37,4171737,41717.37,4171737,2026-10-01,TX-106684;TX-106686,3,late,79600806,1286919
RP-177-2-0,LN-177-0,EXT-10177,4,2026-10-28,41717.37,4171737,41717.37,4171737,2026-11-03,TX-106699,6,late,76715988,1240280
RP-178-0-0,LN-178-0,EXT-10178,2,2026-08-27,49161.33,4916133,49161.33,4916133,2026-08-30,TX-106710;TX-106711,3,late,54612383,659522
RP-178-1-0,LN-178-0,EXT-10178,3,2026-09-27,49161.33,4916133,49161.33,4916133,2026-10-03,TX-106731,6,late,50355772,608117
RP-178-2-0,LN-178-0,EXT-10178,4,2026-10-27,49161.33,4916133,49161.33,4916133,2026-11-02,TX-106741,6,late,46047756,556092
RP-179-0-0,LN-179-0,EXT-10179,2,2026-08-24,34365.47,3436547,34365.47,3436547,2026-08-24,TX-106752,0,on_time,93160621,1510662
RP-179-1-0,LN-179-0,EXT-10179,3,2026-09-24,34365.47,3436547,34365.47,3436547,2026-10-06,TX-106770,12,late,91234736,1479432
RP-179-2-0,LN-179-0,EXT-10179,4,2026-10-24,34365.47,3436547,34365.47,3436547,2026-11-05,TX-106776;TX-106782,12,late,89277621,1447696
RP-181-0-0,LN-181-0,EXT-10181,2,2026-08-26,9758.57,975857,9758.57,975857,2026-08-29,TX-106825,3,late,27740306,370867
RP-181-0-1,LN-181-1,EXT-10181,2,2026-08-26,8173.21,817321,8173.21,817321,2026-08-26,TX-106824,0,on_time,22299233,352939
RP-181-1-0,LN-181-0,EXT-10181,3,2026-09-26,9758.57,975857,9758.57,975857,2026-10-02,TX-106838;TX-106840,6,late,27135316,362779
RP-181-1-1,LN-181-1,EXT-10181,3,2026-09-26,8173.21,817321,8173.21,817321,2026-10-02,TX-106841,6,late,21834851,345589
RP-181-2-0,LN-181-0,EXT-10181,4,2026-10-26,9758.57,975857,9758.57,975857,2026-11-01,TX-106852,6,late,26522238,354582
RP-181-2-1,LN-181-1,EXT-10181,4,2026-10-26,8173.21,817321,8173.21,817321,2026-11-01,TX-106853,6,late,21363119,338123
RP-182-0-0,LN-182-0,EXT-10182,2,2026-08-25,45982.19,4598219,45982.19,4598219,2026-08-28,TX-106866,3,late,52224237,447523
RP-182-1-0,LN-182-0,EXT-10182,3,2026-09-25,45982.19,4598219,45982.19,4598219,2026-09-28,TX-106878,3,late,48073541,411954
RP-182-2-0,LN-182-0,EXT-10182,4,2026-10-25,45982.19,4598219,45982.19,4598219,2026-10-28,TX-106890,3,late,43887276,376081
RP-183-0-0,LN-183-0,EXT-10183,2,2026-08-24,16389.64,1638964,16389.64,1638964,2026-08-24,TX-106900,0,on_time,18224128,217346
RP-183-1-0,LN-183-0,EXT-10183,3,2026-09-24,16389.64,1638964,16389.64,1638964,2026-09-24,TX-106911,0,on_time,16802510,200391
RP-183-2-0,LN-183-0,EXT-10183,4,2026-10-24,16389.64,1638964,16389.64,1638964,2026-10-24,TX-106920,0,on_time,15363937,183234
RP-184-0-0,LN-184-0,EXT-10184,2,2026-08-25,14626.39,1462639,14626.39,1462639,2026-08-25,TX-106933,0,on_time,40479224,605890
RP-184-1-0,LN-184-0,EXT-10184,3,2026-09-25,14626.39,1462639,14626.39,1462639,2026-10-01,TX-106944;TX-106947,6,late,39622475,593066
RP-184-2-0,LN-184-0,EXT-10184,4,2026-10-25,14626.39,1462639,14626.39,1462639,2026-11-03,TX-106954;TX-106959,9,late,38752902,580050
RP-185-0-0,LN-185-0,EXT-10185,2,2026-08-27,52236.03,5223603,52236.03,5223603,2026-08-27,TX-106969,0,on_time,57418259,790204
RP-185-1-0,LN-185-0,EXT-10185,3,2026-09-27,52236.03,5223603,52236.03,5223603,2026-09-27,TX-106981,0,on_time,52984860,729191
RP-185-2-0,LN-185-0,EXT-10185,4,2026-10-27,52236.03,5223603,52236.03,5223603,2026-11-05,TX-106990;TX-106993,9,late,48490448,667338
RP-186-0-0,LN-186-0,EXT-10186,2,2026-08-27,26015.4,2601540,26015.4,2601540,2026-08-27,TX-107004,0,on_time,29167041,309613
RP-186-1-0,LN-186-0,EXT-10186,3,2026-09-27,26015.4,2601540,26015.4,2601540,2026-11-02,TX-107021;TX-107031,36,late,26875114,285284
RP-186-2-0,LN-186-0,EXT-10186,4,2026-10-27,26015.4,2601540,26015.4,2601540,2026-11-02,TX-107032,6,late,24718811,262394
RP-187-0-0,LN-187-0,EXT-10187,2,2026-08-25,75661.44,7566144,75661.44,7566144,2026-08-28,TX-107044,3,late,84484964,951068
RP-187-1-0,LN-187-0,EXT-10187,3,2026-09-25,75661.44,7566144,12165.72,1216572,2026-11-03,TX-107055;TX-107064,39,partial,77869888,876601
RP-187-2-0,LN-187-0,EXT-10187,4,2026-10-25,75661.44,7566144,311.97,31197,2026-11-03,TX-107065,9,partial,77869888,876601
RP-188-0-0,LN-188-0,EXT-10188,2,2026-08-24,18067.8,1806780,18067.8,1806780,2026-08-27,TX-107076,3,late,19596658,311711
RP-188-1-0,LN-188-0,EXT-10188,3,2026-09-24,18067.8,1806780,18067.8,1806780,2026-10-03,TX-107090,9,late,18101589,287930
RP-188-2-0,LN-188-0,EXT-10188,4,2026-10-24,18067.8,1806780,18067.8,1806780,2026-11-02,TX-107101,9,late,16582739,263771
RP-189-0-0,LN-189-0,EXT-10189,2,2026-08-23,30321.91,3032191,30321.91,3032191,2026-08-23,TX-107112,0,on_time,33216604,475271
RP-189-1-0,LN-189-0,EXT-10189,3,2026-09-23,30321.91,3032191,30321.91,3032191,2026-09-23,TX-107129,0,on_time,30659684,438686
RP-189-2-0,LN-189-0,EXT-10189,4,2026-10-23,30321.91,3032191,30321.91,3032191,2026-10-23,TX-107139,0,on_time,28066179,401578
RP-191-0-0,LN-191-0,EXT-10191,2,2026-08-25,32771.29,3277129,32771.29,3277129,2026-08-28,TX-107186,3,late,68750937,760019
RP-191-0-1,LN-191-1,EXT-10191,2,2026-08-25,18592.33,1859233,18592.33,1859233,2026-08-28,TX-107187,3,late,53628322,670676
RP-191-1-0,LN-191-0,EXT-10191,3,2026-09-25,32771.29,3277129,32771.29,3277129,2026-09-28,TX-107203,3,late,66233827,732193
RP-191-1-1,LN-191-1,EXT-10191,3,2026-09-25,18592.33,1859233,18592.33,1859233,2026-09-28,TX-107204,3,late,52439765,655812
RP-191-2-0,LN-191-0,EXT-10191,4,2026-10-25,32771.29,3277129,32771.29,3277129,2026-10-28,TX-107215,3,late,63688891,704059
RP-191-2-1,LN-191-1,EXT-10191,4,2026-10-25,18592.33,1859233,18592.33,1859233,2026-10-28,TX-107216,3,late,51236344,640762
RP-192-0-0,LN-192-0,EXT-10192,2,2026-08-23,28645.38,2864538,28645.38,2864538,2026-08-23,TX-107227,0,on_time,32159838,334371
RP-192-1-0,LN-192-0,EXT-10192,3,2026-09-23,28645.38,2864538,28645.38,2864538,2026-09-23,TX-107242,0,on_time,29629671,308065
RP-192-2-0,LN-192-0,EXT-10192,4,2026-10-23,28645.38,2864538,28645.38,2864538,2026-11-01,TX-107253;TX-107258,9,late,27073198,281485
RP-193-0-0,LN-193-0,EXT-10193,2,2026-08-27,25523.22,2552322,25523.22,2552322,2026-08-27,TX-107270,0,on_time,52033107,701827
RP-193-1-0,LN-193-0,EXT-10193,3,2026-09-27,25523.22,2552322,25523.22,2552322,2026-09-27,TX-107282,0,on_time,50182612,676867
RP-193-2-0,LN-193-0,EXT-10193,4,2026-10-27,25523.22,2552322,25523.22,2552322,2026-10-27,TX-107292,0,on_time,48307157,651571
RP-194-0-0,LN-194-0,EXT-10194,2,2026-08-23,32624.12,3262412,32624.12,3262412,2026-08-23,TX-107303,0,on_time,67088432,855288
RP-194-1-0,LN-194-0,EXT-10194,3,2026-09-23,32624.12,3262412,32624.12,3262412,2026-10-02,TX-107317;TX-107320,9,late,64681308,824600
RP-194-2-0,LN-194-0,EXT-10194,4,2026-10-23,32624.12,3262412,32624.12,3262412,2026-11-01,TX-107327;TX-107330,9,late,62243496,793522
RP-195-0-0,LN-195-0,EXT-10195,2,2026-08-26,15646.8,1564680,15646.8,1564680,2026-08-26,TX-107343,0,on_time,30867024,503655
RP-195-1-0,LN-195-0,EXT-10195,3,2026-09-26,15646.8,1564680,15646.8,1564680,2026-10-02,TX-107359;TX-107360;TX-107362,6,late,29805999,486342
RP-195-2-0,LN-195-0,EXT-10195,4,2026-10-26,15646.8,1564680,15646.8,1564680,2026-11-01,TX-107372;TX-107373;TX-107375,6,late,28727661,468747
RP-196-0-0,LN-196-0,EXT-10196,2,2026-08-24,80478.07,8047807,80478.07,8047807,2026-08-24,TX-107388,0,on_time,87701263,1328396
RP-196-1-0,LN-196-0,EXT-10196,3,2026-09-24,80478.07,8047807,80478.07,8047807,2026-10-03,TX-107399;TX-107403,9,late,80981852,1226619
RP-196-2-0,LN-196-0,EXT-10196,4,2026-10-24,80478.07,8047807,80478.07,8047807,2026-11-02,TX-107411;TX-107414,9,late,74160664,1123299
RP-197-0-0,LN-197-0,EXT-10197,2,2026-08-24,8791.35,879135,8791.35,879135,2026-08-24,TX-107426,0,on_time,17299448,286046
RP-197-1-0,LN-197-0,EXT-10197,3,2026-09-24,8791.35,879135,8791.35,879135,2026-09-24,TX-107438,0,on_time,16706359,276240
RP-197-2-0,LN-197-0,EXT-10197,4,2026-10-24,8791.35,879135,8791.35,879135,2026-10-24,TX-107448,0,on_time,16103464,266271
RP-198-0-0,LN-198-0,EXT-10198,2,2026-08-25,34124.71,3412471,8549.81,854981,2026-11-02,TX-107484,69,partial,38357445,391514
RP-198-1-0,LN-198-0,EXT-10198,3,2026-09-25,34124.71,3412471,0,0,,,0,missed,38357445,391514
RP-198-2-0,LN-198-0,EXT-10198,4,2026-10-25,34124.71,3412471,0,0,,,0,missed,38357445,391514
RP-199-0-0,LN-199-0,EXT-10199,2,2026-08-27,13582.36,1358236,13582.36,1358236,2026-08-30,TX-107494;TX-107496,3,late,14797206,224808
RP-199-1-0,LN-199-0,EXT-10199,3,2026-09-27,13582.36,1358236,13582.36,1358236,2026-10-30,TX-107517,33,late,13663778,207588
RP-199-2-0,LN-199-0,EXT-10199,4,2026-10-27,13582.36,1358236,10125.64,1012564,2026-10-30,TX-107518,3,partial,13663778,207588
RP-201-0-0,LN-201-0,EXT-10201,2,2026-08-23,10530.0,1053000,10530.0,1053000,2026-08-23,TX-107564,0,on_time,29937442,399989
RP-201-0-1,LN-201-1,EXT-10201,2,2026-08-23,6291.42,629142,6291.42,629142,2026-08-23,TX-107565,0,on_time,17719749,246646
RP-201-1-0,LN-201-0,EXT-10201,3,2026-09-23,10530.0,1053000,10530.0,1053000,2026-09-23,TX-107580,0,on_time,29284431,391264
RP-201-1-1,LN-201-1,EXT-10201,3,2026-09-23,6291.42,629142,6291.42,629142,2026-09-23,TX-107581,0,on_time,17337253,241322
RP-201-2-0,LN-201-0,EXT-10201,4,2026-10-23,10530.0,1053000,10530.0,1053000,2026-11-01,TX-107592;TX-107597,9,late,28622695,382423
RP-201-2-1,LN-201-1,EXT-10201,4,2026-10-23,6291.42,629142,6291.42,629142,2026-11-01,TX-107593;TX-107598,9,late,16949433,235923
RP-202-0-0,LN-202-0,EXT-10202,2,2026-08-22,34414.41,3441441,34414.41,3441441,2026-08-22,TX-107610,0,on_time,38932033,357883
RP-202-1-0,LN-202-0,EXT-10202,3,2026-09-22,34414.41,3441441,34414.41,3441441,2026-09-22,TX-107625,0,on_time,35848475,329537
RP-202-2-0,LN-202-0,EXT-10202,4,2026-10-22,34414.41,3441441,34414.41,3441441,2026-10-22,TX-107636,0,on_time,32736571,300931
RP-203-0-0,LN-203-0,EXT-10203,2,2026-08-27,30801.16,3080116,30801.16,3080116,2026-08-27,TX-107653,0,on_time,33953536,451803
RP-203-1-0,LN-203-0,EXT-10203,3,2026-09-27,30801.16,3080116,30801.16,3080116,2026-10-03,TX-107669;TX-107670;TX-107675,6,late,31325223,416829
RP-203-2-0,LN-203-0,EXT-10203,4,2026-10-27,30801.16,3080116,30801.16,3080116,2026-11-02,TX-107685,6,late,28661936,381390
RP-204-0-0,LN-204-0,EXT-10204,2,2026-08-26,23667.04,2366704,23667.04,2366704,2026-08-26,TX-107698,0,on_time,49207110,581362
RP-204-1-0,LN-204-0,EXT-10204,3,2026-09-26,23667.04,2366704,23667.04,2366704,2026-09-26,TX-107711,0,on_time,47421768,560268
RP-204-2-0,LN-204-0,EXT-10204,4,2026-10-26,23667.04,2366704,23667.04,2366704,2026-10-26,TX-107721,0,on_time,45615332,538926
RP-205-0-0,LN-205-0,EXT-10205,2,2026-08-27,10860.64,1086064,10860.64,1086064,2026-08-27,TX-107734,0,on_time,29897524,457083
RP-205-1-0,LN-205-0,EXT-10205,3,2026-09-27,10860.64,1086064,10860.64,1086064,2026-10-03,TX-107747;TX-107750,6,late,29268543,447467
RP-205-2-0,LN-205-0,EXT-10205,4,2026-10-27,10860.64,1086064,10860.64,1086064,2026-11-02,TX-107758;TX-107760,6,late,28629946,437704
RP-206-0-0,LN-206-0,EXT-10206,2,2026-08-20,24442.17,2444217,24442.17,2444217,2026-08-20,TX-107771,0,on_time,73983533,716950
RP-206-1-0,LN-206-0,EXT-10206,3,2026-09-20,24442.17,2444217,24442.17,2444217,2026-10-02,TX-107785;TX-107790,12,late,72256266,700211
RP-206-2-0,LN-206-0,EXT-10206,4,2026-10-20,24442.17,2444217,24442.17,2444217,2026-11-01,TX-107797;TX-107802,12,late,70512260,683311
RP-207-0-0,LN-207-0,EXT-10207,2,2026-08-21,21841.07,2184107,21841.07,2184107,2026-08-21,TX-107812,0,on_time,60509638,901891
RP-207-1-0,LN-207-0,EXT-10207,3,2026-09-21,21841.07,2184107,21841.07,2184107,2026-09-21,TX-107824,0,on_time,59227422,882780
RP-207-2-0,LN-207-0,EXT-10207,4,2026-10-21,21841.07,2184107,21841.07,2184107,2026-10-21,TX-107834,0,on_time,57926095,863384
RP-208-0-0,LN-208-0,EXT-10208,2,2026-08-21,7866.42,786642,7866.42,786642,2026-08-21,TX-107846,0,on_time,23766921,232848
RP-208-1-0,LN-208-0,EXT-10208,3,2026-09-21,7866.42,786642,7866.42,786642,2026-09-21,TX-107855,0,on_time,23213127,227423
RP-208-2-0,LN-208-0,EXT-10208,4,2026-10-21,7866.42,786642,7866.42,786642,2026-10-21,TX-107864,0,on_time,22653908,221944
RP-209-0-0,LN-209-0,EXT-10209,2,2026-08-23,19747.27,1974727,19747.27,1974727,2026-08-23,TX-107876,0,on_time,41495649,452991
RP-209-1-0,LN-209-0,EXT-10209,3,2026-09-23,19747.27,1974727,19747.27,1974727,2026-09-23,TX-107886,0,on_time,39973913,436379
RP-209-2-0,LN-209-0,EXT-10209,4,2026-10-23,19747.27,1974727,19747.27,1974727,2026-10-23,TX-107896,0,on_time,38435565,419585
RP-211-0-0,LN-211-0,EXT-10211,2,2026-08-24,21979.48,2197948,21979.48,2197948,2026-08-24,TX-107940,0,on_time,24738513,247317
RP-211-0-1,LN-211-1,EXT-10211,2,2026-08-24,25537.45,2553745,25537.45,2553745,2026-08-24,TX-107941,0,on_time,76036518,809485
RP-211-1-0,LN-211-0,EXT-10211,3,2026-09-24,21979.48,2197948,16653.09,1665309,2026-10-30,TX-107952;TX-107968,36,partial,22787882,227816
RP-211-1-1,LN-211-1,EXT-10211,3,2026-09-24,25537.45,2553745,4822.06,482206,2026-10-30,TX-107953;TX-107969,36,partial,74292258,790915
RP-211-2-0,LN-211-0,EXT-10211,4,2026-10-24,21979.48,2197948,1692.52,169252,2026-11-02,TX-107970,9,partial,22787168,227809
RP-211-2-1,LN-211-1,EXT-10211,4,2026-10-24,25537.45,2553745,0,0,,,0,missed,74292258,790915
RP-212-0-0,LN-212-0,EXT-10212,2,2026-08-22,21559.47,2155947,21559.47,2155947,2026-08-28,TX-107980;TX-107985,6,late,45304990,494466
RP-212-1-0,LN-212-0,EXT-10212,3,2026-09-22,21559.47,2155947,21559.47,2155947,2026-10-28,TX-108000;TX-108013,36,late,43643509,476333
RP-212-2-0,LN-212-0,EXT-10212,4,2026-10-22,21559.47,2155947,21017.18,2101718,2026-10-28,TX-108014,6,partial,43643509,476333
RP-213-0-0,LN-213-0,EXT-10213,2,2026-08-26,31587.47,3158747,31587.47,3158747,2026-08-29,TX-108024;TX-108026,3,late,34506811,509128
RP-213-1-0,LN-213-0,EXT-10213,3,2026-09-26,31587.47,3158747,31587.47,3158747,2026-09-29,TX-108042,3,late,31857192,470034
RP-213-2-0,LN-213-0,EXT-10213,4,2026-10-26,31587.47,3158747,31587.47,3158747,2026-10-29,TX-108053,3,late,29168479,430364
RP-214-0-0,LN-214-0,EXT-10214,2,2026-08-22,27688.68,2768868,27688.68,2768868,2026-08-22,TX-108064,0,on_time,54864610,874208
RP-214-1-0,LN-214-0,EXT-10214,3,2026-09-22,27688.68,2768868,27688.68,2768868,2026-09-25,TX-108077,3,late,52969950,844019
RP-214-2-0,LN-214-0,EXT-10214,4,2026-10-22,27688.68,2768868,27688.68,2768868,2026-10-22,TX-108086,0,on_time,51045101,813348
RP-215-0-0,LN-215-0,EXT-10215,2,2026-08-21,17402.25,1740225,17402.25,1740225,2026-08-21,TX-108099,0,on_time,36888231,375602
RP-215-1-0,LN-215-0,EXT-10215,3,2026-09-21,17402.25,1740225,17402.25,1740225,2026-10-06,TX-108113;TX-108122,15,late,35523608,361707
RP-215-2-0,LN-215-0,EXT-10215,4,2026-10-21,17402.25,1740225,17402.25,1740225,2026-10-21,TX-108128,0,on_time,34145090,347671
RP-216-0-0,LN-216-0,EXT-10216,2,2026-08-28,24393.58,2439358,24393.58,2439358,2026-08-28,TX-108142,0,on_time,49558133,683130
RP-216-1-0,LN-216-0,EXT-10216,3,2026-09-28,24393.58,2439358,24393.58,2439358,2026-09-28,TX-108154,0,on_time,47801905,658921
RP-216-2-0,LN-216-0,EXT-10216,4,2026-10-28,24393.58,2439358,24393.58,2439358,2026-10-28,TX-108164,0,on_time,46021468,634379
RP-217-0-0,LN-217-0,EXT-10217,2,2026-08-23,14825.58,1482558,14825.58,1482558,2026-08-23,TX-108175,0,on_time,16544508,187834
RP-217-1-0,LN-217-0,EXT-10217,3,2026-09-23,14825.58,1482558,14825.58,1482558,2026-09-23,TX-108187,0,on_time,15249784,173135
RP-217-2-0,LN-217-0,EXT-10217,4,2026-10-23,14825.58,1482558,14825.58,1482558,2026-10-23,TX-108196,0,on_time,13940361,158268
RP-218-0-0,LN-218-0,EXT-10218,2,2026-08-26,26327.14,2632714,26327.14,2632714,2026-08-26,TX-108210,0,on_time,28929761,399616
RP-218-1-0,LN-218-0,EXT-10218,3,2026-09-26,26327.14,2632714,26327.14,2632714,2026-10-02,TX-108228,6,late,26696663,368770
RP-218-2-0,LN-218-0,EXT-10218,4,2026-10-26,26327.14,2632714,26327.14,2632714,2026-11-01,TX-108236;TX-108239,6,late,24432719,337497
RP-219-0-0,LN-219-0,EXT-10219,2,2026-08-24,16181.72,1618172,16181.72,1618172,2026-08-24,TX-108249,0,on_time,31877791,524002
RP-219-1-0,LN-219-0,EXT-10219,3,2026-09-24,16181.72,1618172,16181.72,1618172,2026-09-24,TX-108263,0,on_time,30783621,506016
RP-219-2-0,LN-219-0,EXT-10219,4,2026-10-24,16181.72,1618172,16181.72,1618172,2026-10-24,TX-108273,0,on_time,29671465,487735
RP-221-0-0,LN-221-0,EXT-10221,2,2026-08-27,23630.4,2363040,23630.4,2363040,2026-08-27,TX-108320,0,on_time,51106801,434408
RP-221-0-1,LN-221-1,EXT-10221,2,2026-08-27,23643.19,2364319,23643.19,2364319,2026-08-27,TX-108321,0,on_time,51230433,427454
RP-221-1-0,LN-221-0,EXT-10221,3,2026-09-27,23630.4,2363040,23630.4,2363040,2026-09-27,TX-108334,0,on_time,49178169,418014
RP-221-1-1,LN-221-1,EXT-10221,3,2026-09-27,23643.19,2364319,23643.19,2364319,2026-10-03,TX-108335;TX-108338,6,late,49293568,411293
RP-221-2-0,LN-221-0,EXT-10221,4,2026-10-27,23630.4,2363040,23630.4,2363040,2026-11-02,TX-108347,6,late,47233143,401482
RP-221-2-1,LN-221-1,EXT-10221,4,2026-10-27,23643.19,2364319,23643.19,2364319,2026-11-02,TX-108348,6,late,47340542,394998
RP-222-0-0,LN-222-0,EXT-10222,2,2026-08-22,3818.82,381882,3818.82,381882,2026-08-22,TX-108359,0,on_time,7616888,117037
RP-222-1-0,LN-222-0,EXT-10222,3,2026-09-22,3818.82,381882,3818.82,381882,2026-10-01,TX-108375,9,late,7352043,112968
RP-222-2-0,LN-222-0,EXT-10222,4,2026-10-22,3818.82,381882,537.54,53754,2026-11-03,TX-108390,12,partial,7083129,108836
RP-223-0-0,LN-223-0,EXT-10223,2,2026-08-20,14524.3,1452430,14524.3,1452430,2026-08-20,TX-108398,0,on_time,16215370,182974
RP-223-1-0,LN-223-0,EXT-10223,3,2026-09-20,14524.3,1452430,14524.3,1452430,2026-10-05,TX-108417,15,late,14945914,168650
RP-223-2-0,LN-223-0,EXT-10223,4,2026-10-20,14524.3,1452430,0,0,,,0,missed,13662134,154164
RP-224-0-0,LN-224-0,EXT-10224,2,2026-08-27,19443.93,1944393,19443.93,1944393,2026-08-27,TX-108433,0,on_time,39623775,535793
RP-224-1-0,LN-224-0,EXT-10224,3,2026-09-27,19443.93,1944393,19443.93,1944393,2026-09-27,TX-108446,0,on_time,38215175,516746
RP-224-2-0,LN-224-0,EXT-10224,4,2026-10-27,19443.93,1944393,2511.75,251175,2026-11-02,TX-108461,6,partial,36787528,497441
RP-225-0-0,LN-225-0,EXT-10225,2,2026-08-21,8846.99,884699,8846.99,884699,2026-08-21,TX-108473,0,on_time,18040602,242938
RP-225-1-0,LN-225-0,EXT-10225,3,2026-09-21,8846.99,884699,8846.99,884699,2026-09-21,TX-108488,0,on_time,17398841,234296
RP-225-2-0,LN-225-0,EXT-10225,4,2026-10-21,8846.99,884699,8846.99,884699,2026-11-02,TX-108502,12,late,16748438,225537
RP-226-0-0,LN-226-0,EXT-10226,2,2026-08-26,15578.79,1557879,15578.79,1557879,2026-08-29,TX-108520,3,late,31117393,474294
RP-226-1-0,LN-226-0,EXT-10226,3,2026-09-26,15578.79,1557879,15578.79,1557879,2026-09-29,TX-108537,3,late,30033808,457778
RP-226-2-0,LN-226-0,EXT-10226,4,2026-10-26,15578.79,1557879,15578.79,1557879,2026-10-29,TX-108552,3,late,28933707,441010
RP-227-0-0,LN-227-0,EXT-10227,2,2026-08-24,43662.91,4366291,43662.91,4366291,2026-08-24,TX-108566,0,on_time,48303944,615203
RP-227-1-0,LN-227-0,EXT-10227,3,2026-09-24,43662.91,4366291,43662.91,4366291,2026-10-03,TX-108582;TX-108587,9,late,44552856,567429
RP-227-2-0,LN-227-0,EXT-10227,4,2026-10-24,43662.91,4366291,43662.91,4366291,2026-11-02,TX-108598,9,late,40753994,519046
RP-228-0-0,LN-228-0,EXT-10228,2,2026-08-28,14094.91,1409491,14094.91,1409491,2026-08-28,TX-108611,0,on_time,15701847,182598
RP-228-1-0,LN-228-0,EXT-10228,3,2026-09-28,14094.91,1409491,14094.91,1409491,2026-09-28,TX-108628,0,on_time,14474954,168330
RP-228-2-0,LN-228-0,EXT-10228,4,2026-10-28,14094.91,1409491,14094.91,1409491,2026-10-28,TX-108639,0,on_time,13233793,153897
RP-229-0-0,LN-229-0,EXT-10229,2,2026-08-24,2475.75,247575,2475.75,247575,2026-08-30,TX-108653,6,late,7488117,72894
RP-229-1-0,LN-229-0,EXT-10229,3,2026-09-24,2475.75,247575,2475.75,247575,2026-09-30,TX-108664,6,late,7313436,71193
RP-229-2-0,LN-229-0,EXT-10229,4,2026-10-24,2475.75,247575,2475.75,247575,2026-10-30,TX-108676,6,late,7137054,69476
RP-231-0-0,LN-231-0,EXT-10231,2,2026-08-21,30167.76,3016776,30167.76,3016776,2026-08-21,TX-108722,0,on_time,32746298,516717
RP-231-0-1,LN-231-1,EXT-10231,2,2026-08-21,12995.79,1299579,12995.79,1299579,2026-08-24,TX-108723,3,late,35393647,564007
RP-231-1-0,LN-231-0,EXT-10231,3,2026-09-21,30167.76,3016776,30167.76,3016776,2026-09-21,TX-108734,0,on_time,30246239,477268
RP-231-1-1,LN-231-1,EXT-10231,3,2026-09-21,12995.79,1299579,12995.79,1299579,2026-09-21,TX-108735,0,on_time,34658075,552285
RP-231-2-0,LN-231-0,EXT-10231,4,2026-10-21,30167.76,3016776,30167.76,3016776,2026-10-21,TX-108744,0,on_time,27706731,437196
RP-231-2-1,LN-231-1,EXT-10231,4,2026-10-21,12995.79,1299579,12995.79,1299579,2026-10-21,TX-108745,0,on_time,33910781,540377
RP-232-0-0,LN-232-0,EXT-10232,2,2026-08-21,12057.13,1205713,12057.13,1205713,2026-08-21,TX-108757,0,on_time,24334731,349159
RP-232-1-0,LN-232-0,EXT-10232,3,2026-09-21,12057.13,1205713,12057.13,1205713,2026-10-03,TX-108773,12,late,23478177,336869
RP-232-2-0,LN-232-0,EXT-10232,4,2026-10-21,12057.13,1205713,12057.13,1205713,2026-11-02,TX-108783,12,late,22609333,324402
RP-233-0-0,LN-233-0,EXT-10233,2,2026-08-22,29852.43,2985243,29852.43,2985243,2026-08-22,TX-108792,0,on_time,32607779,481693
RP-233-1-0,LN-233-0,EXT-10233,3,2026-09-22,29852.43,2985243,29852.43,2985243,2026-09-22,TX-108802,0,on_time,30104229,444710
RP-233-2-0,LN-233-0,EXT-10233,4,2026-10-22,29852.43,2985243,29852.43,2985243,2026-10-22,TX-108812,0,on_time,27563696,407180
RP-234-0-0,LN-234-0,EXT-10234,2,2026-08-26,16064.22,1606422,16064.22,1606422,2026-08-26,TX-108826,0,on_time,31825446,507581
RP-234-1-0,LN-234-0,EXT-10234,3,2026-09-26,16064.22,1606422,16064.22,1606422,2026-10-05,TX-108845,9,late,30726605,490056
RP-234-2-0,LN-234-0,EXT-10234,4,2026-10-26,16064.22,1606422,0,0,,,0,missed,29610239,472251
RP-235-0-0,LN-235-0,EXT-10235,2,2026-08-26,12356.52,1235652,12356.52,1235652,2026-08-26,TX-108863,0,on_time,35248725,463920
RP-235-1-0,LN-235-0,EXT-10235,3,2026-09-26,12356.52,1235652,12356.52,1235652,2026-09-26,TX-108874,0,on_time,34476993,453763
RP-235-2-0,LN-235-0,EXT-10235,4,2026-10-26,12356.52,1235652,952.42,95242,2026-10-29,TX-108886,3,partial,33695104,443472
RP-236-0-0,LN-236-0,EXT-10236,2,2026-08-28,18594.65,1859465,18594.65,1859465,2026-09-03,TX-108901;TX-108904,6,late,39073815,426536
RP-236-1-0,LN-236-0,EXT-10236,3,2026-09-28,18594.65,1859465,18594.65,1859465,2026-10-01,TX-108916,3,late,37640886,410894
RP-236-2-0,LN-236-0,EXT-10236,4,2026-10-28,18594.65,1859465,18594.65,1859465,2026-11-03,TX-108929,6,late,36192315,395081
RP-237-0-0,LN-237-0,EXT-10237,2,2026-08-28,20453.35,2045335,20453.35,2045335,2026-08-28,TX-108941,0,on_time,40881060,620772
RP-237-1-0,LN-237-0,EXT-10237,3,2026-09-28,20453.35,2045335,20453.35,2045335,2026-09-28,TX-108958,0,on_time,39456497,599140
RP-237-2-0,LN-237-0,EXT-10237,4,2026-10-28,20453.35,2045335,20453.35,2045335,2026-10-28,TX-108969,0,on_time,38010302,577180
RP-238-0-0,LN-238-0,EXT-10238,2,2026-08-23,21256.55,2125655,21256.55,2125655,2026-08-29,TX-108983,6,late,43514392,571562
RP-238-1-0,LN-238-0,EXT-10238,3,2026-09-23,21256.55,2125655,21256.55,2125655,2026-09-29,TX-108994;TX-108999,6,late,41960299,551149
RP-238-2-0,LN-238-0,EXT-10238,4,2026-10-23,21256.55,2125655,21256.55,2125655,2026-10-29,TX-109008;TX-109011,6,late,40385793,530467
RP-239-0-0,LN-239-0,EXT-10239,2,2026-08-24,2983.95,298395,2983.95,298395,2026-09-02,TX-109022;TX-109026,9,late,6413735,57832
RP-239-1-0,LN-239-0,EXT-10239,3,2026-09-24,2983.95,298395,2983.95,298395,2026-10-03,TX-109040,9,late,6173172,55662
RP-239-2-0,LN-239-0,EXT-10239,4,2026-10-24,2983.95,298395,2983.95,298395,2026-11-02,TX-109050,9,late,5930439,53474
RP-241-0-0,LN-241-0,EXT-10241,2,2026-08-28,28236.47,2823647,28236.47,2823647,2026-08-28,TX-109095,0,on_time,56007775,887429
RP-241-0-1,LN-241-1,EXT-10241,2,2026-08-28,14268.96,1426896,14268.96,1426896,2026-08-28,TX-109096,0,on_time,30519188,287763
RP-241-1-0,LN-241-0,EXT-10241,3,2026-09-28,28236.47,2823647,28236.47,2823647,2026-09-28,TX-109108,0,on_time,54071557,856750
RP-241-1-1,LN-241-1,EXT-10241,3,2026-09-28,14268.96,1426896,14268.96,1426896,2026-09-28,TX-109109,0,on_time,29380055,277022
RP-241-2-0,LN-241-0,EXT-10241,4,2026-10-28,28236.47,2823647,28236.47,2823647,2026-10-28,TX-109118,0,on_time,52104660,825585
RP-241-2-1,LN-241-1,EXT-10241,4,2026-10-28,14268.96,1426896,14268.96,1426896,2026-10-28,TX-109119,0,on_time,28230181,266180
RP-242-0-0,LN-242-0,EXT-10242,2,2026-08-28,16469.82,1646982,16469.82,1646982,2026-08-28,TX-109132,0,on_time,33357423,468600
RP-242-1-0,LN-242-0,EXT-10242,3,2026-09-28,16469.82,1646982,16469.82,1646982,2026-10-07,TX-109149,9,late,32179041,452046
RP-242-2-0,LN-242-0,EXT-10242,4,2026-10-28,16469.82,1646982,0,0,,,0,missed,30984105,435260
RP-243-0-0,LN-243-0,EXT-10243,2,2026-08-22,13162.54,1316254,13162.54,1316254,2026-08-22,TX-109168,0,on_time,26595186,379068
RP-243-1-0,LN-243-0,EXT-10243,3,2026-09-22,13162.54,1316254,13162.54,1316254,2026-09-22,TX-109179,0,on_time,25658000,365710
RP-243-2-0,LN-243-0,EXT-10243,4,2026-10-22,13162.54,1316254,13162.54,1316254,2026-10-22,TX-109188,0,on_time,24707456,352162
RP-244-0-0,LN-244-0,EXT-10244,2,2026-08-20,32302.2,3230220,32302.2,3230220,2026-08-20,TX-109200,0,on_time,69646122,609961
RP-244-1-0,LN-244-0,EXT-10244,3,2026-09-20,32302.2,3230220,32302.2,3230220,2026-10-05,TX-109211;TX-109219,15,late,67025863,587013
RP-244-2-0,LN-244-0,EXT-10244,4,2026-10-20,32302.2,3230220,32302.2,3230220,2026-10-20,TX-109224,0,on_time,64382656,563863
RP-245-0-0,LN-245-0,EXT-10245,2,2026-08-25,9977.26,997726,9977.26,997726,2026-08-25,TX-109239,0,on_time,27005807,440422
RP-245-1-0,LN-245-0,EXT-10245,3,2026-09-25,9977.26,997726,9977.26,997726,2026-09-25,TX-109250,0,on_time,26448503,431333
RP-245-2-0,LN-245-0,EXT-10245,4,2026-10-25,9977.26,997726,9977.26,997726,2026-10-25,TX-109261,0,on_time,25882110,422096
RP-246-0-0,LN-246-0,EXT-10246,2,2026-08-28,8285.91,828591,8285.91,828591,2026-08-28,TX-109276,0,on_time,23287898,327086
RP-246-1-0,LN-246-0,EXT-10246,3,2026-09-28,8285.91,828591,4864.78,486478,2026-11-03,TX-109291;TX-109306,36,partial,22786393,320042
RP-246-2-0,LN-246-0,EXT-10246,4,2026-10-28,8285.91,828591,741.12,74112,2026-11-03,TX-109307,6,partial,22742240,319422
RP-247-0-0,LN-247-0,EXT-10247,2,2026-08-25,8684.84,868484,8684.84,868484,2026-08-25,TX-109318,0,on_time,23860703,367632
RP-247-1-0,LN-247-0,EXT-10247,3,2026-09-25,8684.84,868484,5820.18,582018,2026-10-07,TX-109333,12,partial,23359851,359915
RP-247-2-0,LN-247-0,EXT-10247,4,2026-10-25,8684.84,868484,0,0,,,0,missed,23137748,356493
RP-248-0-0,LN-248-0,EXT-10248,2,2026-08-23,6554.6,655460,6554.6,655460,2026-08-23,TX-109354,0,on_time,19056395,229445
RP-248-1-0,LN-248-0,EXT-10248,3,2026-09-23,6554.6,655460,6554.6,655460,2026-10-02,TX-109367;TX-109371,9,late,18630380,224316
RP-248-2-0,LN-248-0,EXT-10248,4,2026-10-23,6554.6,655460,6554.6,655460,2026-11-01,TX-109382,9,late,18199236,219125
RP-249-0-0,LN-249-0,EXT-10249,2,2026-08-20,40528.17,4052817,40528.17,4052817,2026-08-29,TX-109395,9,late,80491657,1266462
RP-249-1-0,LN-249-0,EXT-10249,3,2026-09-20,40528.17,4052817,40528.17,4052817,2026-09-29,TX-109406;TX-109408;TX-109412,9,late,77705302,1222622
RP-249-2-0,LN-249-0,EXT-10249,4,2026-10-20,40528.17,4052817,40528.17,4052817,2026-10-20,TX-109419,0,on_time,74875107,1178091
RP-251-0-0,LN-251-0,EXT-10251,2,2026-08-22,10099.14,1009914,10099.14,1009914,2026-08-28,TX-109475,6,late,30063694,320409
RP-251-0-1,LN-251-1,EXT-10251,2,2026-08-22,8763.43,876343,8763.43,876343,2026-08-28,TX-109476,6,late,23603009,392028
RP-251-1-0,LN-251-0,EXT-10251,3,2026-09-22,10099.14,1009914,10099.14,1009914,2026-09-28,TX-109494,6,late,29374189,313060
RP-251-1-1,LN-251-1,EXT-10251,3,2026-09-22,8763.43,876343,8763.43,876343,2026-09-28,TX-109495,6,late,23118694,383984
RP-251-2-0,LN-251-0,EXT-10251,4,2026-10-22,10099.14,1009914,10099.14,1009914,2026-10-28,TX-109501;TX-109502;TX-109507,6,late,28677335,305633
RP-251-2-1,LN-251-1,EXT-10251,4,2026-10-22,8763.43,876343,8763.43,876343,2026-10-28,TX-109508,6,late,22626335,375806
RP-252-0-0,LN-252-0,EXT-10252,2,2026-08-28,9702.32,970232,9702.32,970232,2026-08-28,TX-109520,0,on_time,19504092,286531
RP-252-1-0,LN-252-0,EXT-10252,3,2026-09-28,9702.32,970232,9702.32,970232,2026-09-28,TX-109531,0,on_time,18820391,276487
RP-252-2-0,LN-252-0,EXT-10252,4,2026-10-28,9702.32,970232,9702.32,970232,2026-10-28,TX-109541,0,on_time,18126646,266296
RP-253-0-0,LN-253-0,EXT-10253,2,2026-08-24,6791.12,679112,6791.12,679112,2026-08-24,TX-109553,0,on_time,7397859,112501
RP-253-1-0,LN-253-0,EXT-10253,3,2026-09-24,6791.12,679112,6791.12,679112,2026-10-03,TX-109569;TX-109573,9,late,6831248,103884
RP-253-2-0,LN-253-0,EXT-10253,4,2026-10-24,6791.12,679112,6791.12,679112,2026-11-02,TX-109585,9,late,6256020,95137
RP-254-0-0,LN-254-0,EXT-10254,2,2026-08-23,9231.69,923169,9231.69,923169,2026-08-23,TX-109595,0,on_time,18455742,279909
RP-254-1-0,LN-254-0,EXT-10254,3,2026-09-23,9231.69,923169,9231.69,923169,2026-09-23,TX-109607,0,on_time,17812482,270153
RP-254-2-0,LN-254-0,EXT-10254,4,2026-10-23,9231.69,923169,9231.69,923169,2026-10-23,TX-109616,0,on_time,17159466,260249
RP-255-0-0,LN-255-0,EXT-10255,2,2026-08-26,34097.79,3409779,34097.79,3409779,2026-08-26,TX-109631,0,on_time,37120472,568314
RP-255-1-0,LN-255-0,EXT-10255,3,2026-09-26,34097.79,3409779,34097.79,3409779,2026-09-26,TX-109644,0,on_time,34279007,524812
RP-255-2-0,LN-255-0,EXT-10255,4,2026-10-26,34097.79,3409779,34097.79,3409779,2026-10-26,TX-109655,0,on_time,31394040,480643
RP-256-0-0,LN-256-0,EXT-10256,2,2026-08-23,18443.59,1844359,18443.59,1844359,2026-08-23,TX-109667,0,on_time,37633999,504719
RP-256-1-0,LN-256-0,EXT-10256,3,2026-09-23,18443.59,1844359,18443.59,1844359,2026-10-02,TX-109683,9,late,36294359,486753
RP-256-2-0,LN-256-0,EXT-10256,4,2026-10-23,18443.59,1844359,18443.59,1844359,2026-11-01,TX-109693,9,late,34936753,468546
RP-257-0-0,LN-257-0,EXT-10257,2,2026-08-26,10054.99,1005499,10054.99,1005499,2026-08-26,TX-109704,0,on_time,27332513,438689
RP-257-1-0,LN-257-0,EXT-10257,3,2026-09-26,10054.99,1005499,10054.99,1005499,2026-09-26,TX-109715,0,on_time,26765703,429592
RP-257-2-0,LN-257-0,EXT-10257,4,2026-10-26,10054.99,1005499,10054.99,1005499,2026-10-26,TX-109724,0,on_time,26189796,420348
RP-258-0-0,LN-258-0,EXT-10258,2,2026-08-20,28853.67,2885367,28853.67,2885367,2026-08-20,TX-109732,0,on_time,56962814,925807
RP-258-1-0,LN-258-0,EXT-10258,3,2026-09-20,28853.67,2885367,28853.67,2885367,2026-09-20,TX-109744,0,on_time,55003254,893959
RP-258-2-0,LN-258-0,EXT-10258,4,2026-10-20,28853.67,2885367,28853.67,2885367,2026-10-20,TX-109753,0,on_time,53011846,861593
RP-259-0-0,LN-259-0,EXT-10259,2,2026-08-25,35256.48,3525648,35256.48,3525648,2026-08-25,TX-109769,0,on_time,74470065,780477
RP-259-1-0,LN-259-0,EXT-10259,3,2026-09-25,35256.48,3525648,35256.48,3525648,2026-10-07,TX-109786,12,late,71724894,751707
RP-259-2-0,LN-259-0,EXT-10259,4,2026-10-25,35256.48,3525648,0,0,,,0,missed,68950953,722635
RP-261-0-0,LN-261-0,EXT-10261,2,2026-08-24,12591.36,1259136,12591.36,1259136,2026-09-02,TX-109836;TX-109840,9,late,26913541,255230
RP-261-0-1,LN-261-1,EXT-10261,2,2026-08-24,7948.51,794851,7948.51,794851,2026-09-02,TX-109837;TX-109841,9,late,23073293,279906
RP-261-1-0,LN-261-0,EXT-10261,3,2026-09-24,12591.36,1259136,12591.36,1259136,2026-10-03,TX-109854;TX-109858,9,late,25909635,245710
RP-261-1-1,LN-261-1,EXT-10261,3,2026-09-24,7948.51,794851,7948.51,794851,2026-10-03,TX-109859,9,late,22558348,273659
RP-261-2-0,LN-261-0,EXT-10261,4,2026-10-24,12591.36,1259136,12385.17,1238517,2026-11-05,TX-109873,12,partial,24896209,236099
RP-261-2-1,LN-261-1,EXT-10261,4,2026-10-24,7948.51,794851,7948.51,794851,2026-11-02,TX-109869,9,late,22037156,267336
RP-262-0-0,LN-262-0,EXT-10262,2,2026-08-23,36730.39,3673039,36730.39,3673039,2026-08-23,TX-109883,0,on_time,76834698,868117
RP-262-1-0,LN-262-0,EXT-10262,3,2026-09-23,36730.39,3673039,36730.39,3673039,2026-09-23,TX-109897,0,on_time,74029776,836425
RP-262-2-0,LN-262-0,EXT-10262,4,2026-10-23,36730.39,3673039,36730.39,3673039,2026-10-23,TX-109907,0,on_time,71193162,804376
RP-263-0-0,LN-263-0,EXT-10263,2,2026-08-23,16279.32,1627932,16279.32,1627932,2026-08-23,TX-109920,0,on_time,33138234,451218
RP-263-1-0,LN-263-0,EXT-10263,3,2026-09-23,16279.32,1627932,16279.32,1627932,2026-10-02,TX-109938;TX-109943,9,late,31961520,435196
RP-263-2-0,LN-263-0,EXT-10263,4,2026-10-23,16279.32,1627932,16279.32,1627932,2026-10-23,TX-109951,0,on_time,30768784,418955
RP-264-0-0,LN-264-0,EXT-10264,2,2026-08-24,3149.99,314999,3149.99,314999,2026-08-24,TX-109966,0,on_time,8590481,136191
RP-264-1-0,LN-264-0,EXT-10264,3,2026-09-24,3149.99,314999,3149.99,314999,2026-09-24,TX-109982,0,on_time,8411673,133357
RP-264-2-0,LN-264-0,EXT-10264,4,2026-10-24,3149.99,314999,3149.99,314999,2026-10-24,TX-109993,0,on_time,8230031,130477
RP-265-0-0,LN-265-0,EXT-10265,2,2026-08-24,10977.95,1097795,10977.95,1097795,2026-08-24,TX-110006,0,on_time,21964452,331605
RP-265-1-0,LN-265-0,EXT-10265,3,2026-09-24,10977.95,1097795,10977.95,1097795,2026-09-24,TX-110019,0,on_time,21198262,320037
RP-265-2-0,LN-265-0,EXT-10265,4,2026-10-24,10977.95,1097795,10977.95,1097795,2026-10-24,TX-110029,0,on_time,20420504,308295
RP-266-0-0,LN-266-0,EXT-10266,2,2026-08-22,11855.02,1185502,11855.02,1185502,2026-08-22,TX-110042,0,on_time,35370162,372333
RP-266-1-0,LN-266-0,EXT-10266,3,2026-09-22,11855.02,1185502,11855.02,1185502,2026-09-28,TX-110055;TX-110059,6,late,34556993,363773
RP-266-2-0,LN-266-0,EXT-10266,4,2026-10-22,11855.02,1185502,11855.02,1185502,2026-10-25,TX-110068,3,late,33735264,355123
RP-267-0-0,LN-267-0,EXT-10267,2,2026-08-21,15171.46,1517146,15171.46,1517146,2026-08-21,TX-110084,0,on_time,16631073,236157
RP-267-1-0,LN-267-0,EXT-10267,3,2026-09-21,15171.46,1517146,15171.46,1517146,2026-09-21,TX-110099,0,on_time,15350084,217967
RP-267-2-0,LN-267-0,EXT-10267,4,2026-10-21,15171.46,1517146,15171.46,1517146,2026-10-21,TX-110110,0,on_time,14050905,199519
RP-268-0-0,LN-268-0,EXT-10268,2,2026-08-27,51818.92,5181892,51818.92,5181892,2026-08-27,TX-110125,0,on_time,56072920,912951
RP-268-1-0,LN-268-0,EXT-10268,3,2026-09-27,51818.92,5181892,51818.92,5181892,2026-09-27,TX-110134,0,on_time,51803979,843446
RP-268-2-0,LN-268-0,EXT-10268,4,2026-10-27,51818.92,5181892,51818.92,5181892,2026-10-27,TX-110143,0,on_time,47465533,772810
RP-269-0-0,LN-269-0,EXT-10269,2,2026-08-26,18701.29,1870129,18701.29,1870129,2026-08-26,TX-110158,0,on_time,53098254,713632
RP-269-1-0,LN-269-0,EXT-10269,3,2026-09-26,18701.29,1870129,18701.29,1870129,2026-09-26,TX-110169,0,on_time,51941757,698089
RP-269-2-0,LN-269-0,EXT-10269,4,2026-10-26,18701.29,1870129,18701.29,1870129,2026-10-26,TX-110180,0,on_time,50769717,682337
RP-271-0-0,LN-271-0,EXT-10271,2,2026-08-27,9997.59,999759,9997.59,999759,2026-08-27,TX-110232,0,on_time,29865871,312210
RP-271-0-1,LN-271-1,EXT-10271,2,2026-08-27,20449.26,2044926,20449.26,2044926,2026-08-27,TX-110233,0,on_time,22766219,267046
RP-271-1-0,LN-271-0,EXT-10271,3,2026-09-27,9997.59,999759,9997.59,999759,2026-10-03,TX-110246,6,late,29178322,305023
RP-271-1-1,LN-271-1,EXT-10271,3,2026-09-27,20449.26,2044926,20449.26,2044926,2026-11-02,TX-110247;TX-110256,36,late,20988339,246191
RP-271-2-0,LN-271-0,EXT-10271,4,2026-10-27,9997.59,999759,0,0,,,0,missed,28483586,297760
RP-271-2-1,LN-271-1,EXT-10271,4,2026-10-27,20449.26,2044926,8817.78,881778,2026-11-02,TX-110257,6,partial,20988339,246191
RP-272-0-0,LN-272-0,EXT-10272,2,2026-08-28,10260.12,1026012,10260.12,1026012,2026-08-28,TX-110269,0,on_time,30835102,311568
RP-272-1-0,LN-272-0,EXT-10272,3,2026-09-28,10260.12,1026012,10260.12,1026012,2026-10-04,TX-110285;TX-110288,6,late,30120658,304349
RP-272-2-0,LN-272-0,EXT-10272,4,2026-10-28,10260.12,1026012,10260.12,1026012,2026-11-03,TX-110300,6,late,29398995,297057
RP-273-0-0,LN-273-0,EXT-10273,2,2026-08-21,34441.6,3444160,34441.6,3444160,2026-08-21,TX-110311,0,on_time,38639197,406172
RP-273-1-0,LN-273-0,EXT-10273,3,2026-09-21,34441.6,3444160,34441.6,3444160,2026-10-06,TX-110333,15,late,35601209,374237
RP-273-2-0,LN-273-0,EXT-10273,4,2026-10-21,34441.6,3444160,34441.6,3444160,2026-11-05,TX-110346,15,late,32531286,341966
RP-274-0-0,LN-274-0,EXT-10274,2,2026-08-23,52598.88,5259888,52598.88,5259888,2026-08-23,TX-110357,0,on_time,59677362,521123
RP-274-1-0,LN-274-0,EXT-10274,3,2026-09-23,52598.88,5259888,52598.88,5259888,2026-09-23,TX-110372,0,on_time,54938597,479742
RP-274-2-0,LN-274-0,EXT-10274,4,2026-10-23,52598.88,5259888,52598.88,5259888,2026-10-23,TX-110383,0,on_time,50158451,438000
RP-275-0-0,LN-275-0,EXT-10275,2,2026-08-24,21440.09,2144009,21440.09,2144009,2026-08-24,TX-110397,0,on_time,42739628,658785
RP-275-1-0,LN-275-0,EXT-10275,3,2026-09-24,21440.09,2144009,21440.09,2144009,2026-10-03,TX-110419,9,late,41254404,635892
RP-275-2-0,LN-275-0,EXT-10275,4,2026-10-24,21440.09,2144009,21440.09,2144009,2026-11-02,TX-110430,9,late,39746287,612646
RP-276-0-0,LN-276-0,EXT-10276,2,2026-08-22,10746.06,1074606,10746.06,1074606,2026-08-22,TX-110442,0,on_time,31456345,366136
RP-276-1-0,LN-276-0,EXT-10276,3,2026-09-22,10746.06,1074606,10746.06,1074606,2026-09-22,TX-110454,0,on_time,30747875,357890
RP-276-2-0,LN-276-0,EXT-10276,4,2026-10-22,10746.06,1074606,10746.06,1074606,2026-10-22,TX-110464,0,on_time,30031159,349548
RP-277-0-0,LN-277-0,EXT-10277,2,2026-08-28,29351.72,2935172,29351.72,2935172,2026-08-28,TX-110479,0,on_time,32578162,397902
RP-277-1-0,LN-277-0,EXT-10277,3,2026-09-28,29351.72,2935172,29351.72,2935172,2026-09-28,TX-110491,0,on_time,30040892,366912
RP-277-2-0,LN-277-0,EXT-10277,4,2026-10-28,29351.72,2935172,29351.72,2935172,2026-10-28,TX-110501,0,on_time,27472632,335544
RP-278-0-0,LN-278-0,EXT-10278,2,2026-08-20,7253.14,725314,7253.14,725314,2026-08-20,TX-110512,0,on_time,22110072,205240
RP-278-1-0,LN-278-0,EXT-10278,3,2026-09-20,7253.14,725314,7253.14,725314,2026-09-20,TX-110526,0,on_time,21589998,200413
RP-278-2-0,LN-278-0,EXT-10278,4,2026-10-20,7253.14,725314,7253.14,725314,2026-10-20,TX-110536,0,on_time,21065097,195540
RP-279-0-0,LN-279-0,EXT-10279,2,2026-08-22,27934.06,2793406,27934.06,2793406,2026-08-22,TX-110550,0,on_time,59027792,616580
RP-279-1-0,LN-279-0,EXT-10279,3,2026-09-22,27934.06,2793406,27934.06,2793406,2026-09-22,TX-110562,0,on_time,56850966,593842
RP-279-2-0,LN-279-0,EXT-10279,4,2026-10-22,27934.06,2793406,27934.06,2793406,2026-10-22,TX-110572,0,on_time,54651402,570866
RP-281-0-0,LN-281-0,EXT-10281,2,2026-08-23,17891.53,1789153,17891.53,1789153,2026-08-23,TX-110613,0,on_time,38508939,342819
RP-281-0-1,LN-281-1,EXT-10281,2,2026-08-23,58300.46,5830046,58300.46,5830046,2026-08-23,TX-110614,0,on_time,64633050,801509
RP-281-1-0,LN-281-0,EXT-10281,3,2026-09-23,17891.53,1789153,17891.53,1789153,2026-09-23,TX-110624,0,on_time,37062605,329944
RP-281-1-1,LN-281-1,EXT-10281,3,2026-09-23,58300.46,5830046,58300.46,5830046,2026-09-23,TX-110625,0,on_time,59604513,739151
RP-281-2-0,LN-281-0,EXT-10281,4,2026-10-23,17891.53,1789153,17891.53,1789153,2026-10-23,TX-110635,0,on_time,35603396,316953
RP-281-2-1,LN-281-1,EXT-10281,4,2026-10-23,58300.46,5830046,58300.46,5830046,2026-10-23,TX-110636,0,on_time,54513618,676019
RP-282-0-0,LN-282-0,EXT-10282,2,2026-08-20,18462.71,1846271,18462.71,1846271,2026-08-23,TX-110649,3,late,39303561,386099
RP-282-1-0,LN-282-0,EXT-10282,3,2026-09-20,18462.71,1846271,18462.71,1846271,2026-09-20,TX-110660,0,on_time,37843389,371755
RP-282-2-0,LN-282-0,EXT-10282,4,2026-10-20,18462.71,1846271,0,0,,,0,missed,36368873,357270
RP-283-0-0,LN-283-0,EXT-10283,2,2026-08-25,28978.24,2897824,28978.24,2897824,2026-08-25,TX-110686,0,on_time,57070465,939527
RP-283-1-0,LN-283-0,EXT-10283,3,2026-09-25,28978.24,2897824,28978.24,2897824,2026-09-25,TX-110695,0,on_time,55112168,907289
RP-283-2-0,LN-283-0,EXT-10283,4,2026-10-25,28978.24,2897824,28978.24,2897824,2026-10-25,TX-110705,0,on_time,53121633,874519
RP-284-0-0,LN-284-0,EXT-10284,2,2026-08-24,3786.56,378656,3786.56,378656,2026-08-24,TX-110718,0,on_time,7905859,90599
RP-284-1-0,LN-284-0,EXT-10284,3,2026-09-24,3786.56,378656,3786.56,378656,2026-10-03,TX-110733,9,late,7617802,87297
RP-284-2-0,LN-284-0,EXT-10284,4,2026-10-24,3786.56,378656,3786.56,378656,2026-11-02,TX-110744,9,late,7326443,83959
RP-285-0-0,LN-285-0,EXT-10285,2,2026-08-23,6989.48,698948,6989.48,698948,2026-08-29,TX-110757,6,late,15133308,127235
RP-285-1-0,LN-285-0,EXT-10285,3,2026-09-23,6989.48,698948,6989.48,698948,2026-09-29,TX-110774,6,late,14561595,122428
RP-285-2-0,LN-285-0,EXT-10285,4,2026-10-23,6989.48,698948,6989.48,698948,2026-10-29,TX-110781,6,late,13985075,117581
RP-286-0-0,LN-286-0,EXT-10286,2,2026-08-21,16039.43,1603943,16039.43,1603943,2026-08-21,TX-110792,0,on_time,45977579,591900
RP-286-1-0,LN-286-0,EXT-10286,3,2026-09-21,16039.43,1603943,16039.43,1603943,2026-09-21,TX-110805,0,on_time,44965536,578871
RP-286-2-0,LN-286-0,EXT-10286,4,2026-10-21,16039.43,1603943,16039.43,1603943,2026-10-21,TX-110814,0,on_time,43940464,565675
RP-287-0-0,LN-287-0,EXT-10287,2,2026-08-21,12717.54,1271754,12717.54,1271754,2026-08-21,TX-110827,0,on_time,14441726,124104
RP-287-1-0,LN-287-0,EXT-10287,3,2026-09-21,12717.54,1271754,12717.54,1271754,2026-09-21,TX-110840,0,on_time,13294076,114242
RP-287-2-0,LN-287-0,EXT-10287,4,2026-10-21,12717.54,1271754,12717.54,1271754,2026-11-02,TX-110854;TX-110858,12,late,12136564,104295
RP-288-0-0,LN-288-0,EXT-10288,2,2026-08-24,47187.46,4718746,47187.46,4718746,2026-08-24,TX-110871,0,on_time,52105881,679126
RP-288-1-0,LN-288-0,EXT-10288,3,2026-09-24,47187.46,4718746,47187.46,4718746,2026-09-24,TX-110884,0,on_time,48066261,626476
RP-288-2-0,LN-288-0,EXT-10288,4,2026-10-24,47187.46,4718746,47187.46,4718746,2026-10-24,TX-110895,0,on_time,43973991,573139
RP-289-0-0,LN-289-0,EXT-10289,2,2026-08-24,7786.13,778613,7786.13,778613,2026-08-24,TX-110910,0,on_time,16604049,160687
RP-289-1-0,LN-289-0,EXT-10289,3,2026-09-24,7786.13,778613,7786.13,778613,2026-09-24,TX-110927,0,on_time,15986123,154707
RP-289-2-0,LN-289-0,EXT-10289,4,2026-10-24,7786.13,778613,7786.13,778613,2026-10-24,TX-110939,0,on_time,15362217,148669
RP-291-0-0,LN-291-0,EXT-10291,2,2026-08-22,17221.95,1722195,17221.95,1722195,2026-08-22,TX-110981,0,on_time,18925918,261197
RP-291-0-1,LN-291-1,EXT-10291,2,2026-08-22,21144.38,2114438,21144.38,2114438,2026-08-22,TX-110982,0,on_time,23871313,227126
RP-291-1-0,LN-291-0,EXT-10291,3,2026-09-22,17221.95,1722195,17221.95,1722195,2026-09-28,TX-110992;TX-110993;TX-110997,6,late,17464920,241033
RP-291-1-1,LN-291-1,EXT-10291,3,2026-09-22,21144.38,2114438,21144.38,2114438,2026-09-28,TX-110998,6,late,21984001,209169
RP-291-2-0,LN-291-0,EXT-10291,4,2026-10-22,17221.95,1722195,17221.95,1722195,2026-10-28,TX-111009,6,late,15983758,220592
RP-291-2-1,LN-291-1,EXT-10291,4,2026-10-22,21144.38,2114438,21144.38,2114438,2026-10-28,TX-111010,6,late,20078732,191041
RP-292-0-0,LN-292-0,EXT-10292,2,2026-08-24,25620.72,2562072,25620.72,2562072,2026-08-24,TX-111021,0,on_time,28037206,405874
RP-292-1-0,LN-292-0,EXT-10292,3,2026-09-24,25620.72,2562072,25620.72,2562072,2026-10-03,TX-111032;TX-111037,9,late,25881008,374660
RP-292-2-0,LN-292-0,EXT-10292,4,2026-10-24,25620.72,2562072,25620.72,2562072,2026-11-02,TX-111047,9,late,23693596,342994
RP-293-0-0,LN-293-0,EXT-10293,2,2026-08-26,9864.65,986465,9864.65,986465,2026-08-26,TX-111060,0,on_time,10746625,163326
RP-293-1-0,LN-293-0,EXT-10293,3,2026-09-26,9864.65,986465,9864.65,986465,2026-09-26,TX-111073,0,on_time,9923486,150816
RP-293-2-0,LN-293-0,EXT-10293,4,2026-10-26,9864.65,986465,9864.65,986465,2026-10-26,TX-111084,0,on_time,9087837,138116
RP-294-0-0,LN-294-0,EXT-10294,2,2026-08-22,38263.7,3826370,38263.7,3826370,2026-08-22,TX-111097,0,on_time,41922115,598941
RP-294-1-0,LN-294-0,EXT-10294,3,2026-09-22,38263.7,3826370,30638.39,3063839,2026-10-01,TX-111115,9,partial,38694686,552831
RP-294-2-0,LN-294-0,EXT-10294,4,2026-10-22,38263.7,3826370,2006.81,200681,2026-11-03,TX-111129,12,partial,36183678,516956
RP-295-0-0,LN-295-0,EXT-10295,2,2026-08-20,57291.17,5729117,2258.14,225814,2026-08-20,TX-111137,0,partial,63852188,737881
RP-295-1-0,LN-295-0,EXT-10295,3,2026-09-20,57291.17,5729117,0,0,,,0,missed,63852188,737881
RP-295-2-0,LN-295-0,EXT-10295,4,2026-10-20,57291.17,5729117,0,0,,,0,missed,63852188,737881
RP-296-0-0,LN-296-0,EXT-10296,2,2026-08-27,45375.91,4537591,45375.91,4537591,2026-08-27,TX-111166,0,on_time,50519383,592230
RP-296-1-0,LN-296-0,EXT-10296,3,2026-09-27,45375.91,4537591,0,0,,,0,missed,46574022,545979
RP-296-2-0,LN-296-0,EXT-10296,4,2026-10-27,45375.91,4537591,0,0,,,0,missed,46574022,545979
RP-297-0-0,LN-297-0,EXT-10297,2,2026-08-24,20022.65,2002265,20022.65,2002265,2026-08-24,TX-111202,0,on_time,55848046,809787
RP-297-1-0,LN-297-0,EXT-10297,3,2026-09-24,20022.65,2002265,20022.65,2002265,2026-09-24,TX-111216,0,on_time,54655568,792497
RP-297-2-0,LN-297-0,EXT-10297,4,2026-10-24,20022.65,2002265,20022.65,2002265,2026-10-27,TX-111227,3,late,53445800,774955
RP-298-0-0,LN-298-0,EXT-10298,2,2026-08-28,7094.08,709408,7094.08,709408,2026-08-28,TX-111243,0,on_time,15277122,135323
RP-298-1-0,LN-298-0,EXT-10298,3,2026-09-28,7094.08,709408,7094.08,709408,2026-09-28,TX-111260,0,on_time,14703037,130238
RP-298-2-0,LN-298-0,EXT-10298,4,2026-10-28,7094.08,709408,7094.08,709408,2026-10-28,TX-111271,0,on_time,14123867,125108
RP-299-0-0,LN-299-0,EXT-10299,2,2026-08-25,18095.24,1809524,18095.24,1809524,2026-08-25,TX-111282,0,on_time,20581450,171668
RP-299-1-0,LN-299-0,EXT-10299,3,2026-09-25,18095.24,1809524,18095.24,1809524,2026-10-01,TX-111297,6,late,18943594,158007
RP-299-2-0,LN-299-0,EXT-10299,4,2026-10-25,18095.24,1809524,18095.24,1809524,2026-11-03,TX-111309,9,late,17292077,144232
RP-301-0-0,LN-301-0,EXT-10301,2,2026-08-24,15621.58,1562158,15621.58,1562158,2026-08-24,TX-111350,0,on_time,45613827,537624
RP-301-0-1,LN-301-1,EXT-10301,2,2026-08-24,13097.27,1309727,13097.27,1309727,2026-08-24,TX-111351,0,on_time,26461227,377337
RP-301-1-0,LN-301-0,EXT-10301,3,2026-09-24,15621.58,1562158,15621.58,1562158,2026-09-24,TX-111364,0,on_time,44589293,525548
RP-301-1-1,LN-301-1,EXT-10301,3,2026-09-24,13097.27,1309727,13097.27,1309727,2026-09-24,TX-111365,0,on_time,25528837,364041
RP-301-2-0,LN-301-0,EXT-10301,4,2026-10-24,15621.58,1562158,15621.58,1562158,2026-10-24,TX-111376,0,on_time,43552683,513330
RP-301-2-1,LN-301-1,EXT-10301,4,2026-10-24,13097.27,1309727,13097.27,1309727,2026-10-24,TX-111377,0,on_time,24583151,350556
RP-302-0-0,LN-302-0,EXT-10302,2,2026-08-22,32554.13,3255413,32554.13,3255413,2026-08-28,TX-111388;TX-111393,6,late,66035611,918952
RP-302-1-0,LN-302-0,EXT-10302,3,2026-09-22,32554.13,3255413,32554.13,3255413,2026-09-28,TX-111408,6,late,63699150,886437
RP-302-2-0,LN-302-0,EXT-10302,4,2026-10-22,32554.13,3255413,32554.13,3255413,2026-10-28,TX-111414;TX-111418,6,late,61330174,853471
RP-303-0-0,LN-303-0,EXT-10303,2,2026-08-23,44572.79,4457279,44572.79,4457279,2026-08-23,TX-111428,0,on_time,49873276,545148
RP-303-1-0,LN-303-0,EXT-10303,3,2026-09-23,44572.79,4457279,44572.79,4457279,2026-09-23,TX-111439,0,on_time,45961145,502386
RP-303-2-0,LN-303-0,EXT-10303,4,2026-10-23,44572.79,4457279,44572.79,4457279,2026-10-23,TX-111448,0,on_time,42006252,459156
RP-304-0-0,LN-304-0,EXT-10304,2,2026-08-28,28007.78,2800778,28007.78,2800778,2026-08-28,TX-111462,0,on_time,30261931,499975
RP-304-1-0,LN-304-0,EXT-10304,3,2026-09-28,28007.78,2800778,28007.78,2800778,2026-10-01,TX-111472;TX-111474,3,late,27961128,461962
RP-304-2-0,LN-304-0,EXT-10304,4,2026-10-28,28007.78,2800778,28007.78,2800778,2026-11-03,TX-111486,6,late,25622312,423321
RP-305-0-0,LN-305-0,EXT-10305,2,2026-08-20,14722.31,1472231,14722.31,1472231,2026-08-20,TX-111493,0,on_time,41293336,585006
RP-305-1-0,LN-305-0,EXT-10305,3,2026-09-20,14722.31,1472231,14722.31,1472231,2026-09-20,TX-111505,0,on_time,40406111,572437
RP-305-2-0,LN-305-0,EXT-10305,4,2026-10-20,14722.31,1472231,14722.31,1472231,2026-10-20,TX-111515,0,on_time,39506317,559689
RP-306-0-0,LN-306-0,EXT-10306,2,2026-08-24,4478.8,447880,4478.8,447880,2026-08-24,TX-111528,0,on_time,12400624,185290
RP-306-1-0,LN-306-0,EXT-10306,3,2026-09-24,4478.8,447880,4478.8,447880,2026-09-24,TX-111539,0,on_time,12138034,181367
RP-306-2-0,LN-306-0,EXT-10306,4,2026-10-24,4478.8,447880,0,0,,,0,missed,11871521,177384
RP-307-0-0,LN-307-0,EXT-10307,2,2026-08-23,29898.17,2989817,29898.17,2989817,2026-08-23,TX-111560,0,on_time,33175604,406644
RP-307-1-0,LN-307-0,EXT-10307,3,2026-09-23,29898.17,2989817,29898.17,2989817,2026-09-26,TX-111571,3,late,30592431,374982
RP-307-2-0,LN-307-0,EXT-10307,4,2026-10-23,29898.17,2989817,29898.17,2989817,2026-10-23,TX-111579,0,on_time,27977596,342931
RP-308-0-0,LN-308-0,EXT-10308,2,2026-08-28,56285.46,5628546,56285.46,5628546,2026-08-28,TX-111593,0,on_time,61700361,876161
RP-308-1-0,LN-308-0,EXT-10308,3,2026-09-28,56285.46,5628546,27041.87,2704187,2026-10-28,TX-111604;TX-111616,30,partial,56947976,808675
RP-308-2-0,LN-308-0,EXT-10308,4,2026-10-28,56285.46,5628546,4246.54,424654,2026-10-28,TX-111617,0,partial,55749640,791659
RP-309-0-0,LN-309-0,EXT-10309,2,2026-08-20,15306.05,1530605,15306.05,1530605,2026-08-29,TX-111626;TX-111631,9,late,46373880,446832
RP-309-1-0,LN-309-0,EXT-10309,3,2026-09-20,15306.05,1530605,15306.05,1530605,2026-09-20,TX-111641,0,on_time,45290107,436389
RP-309-2-0,LN-309-0,EXT-10309,4,2026-10-20,15306.05,1530605,15306.05,1530605,2026-10-20,TX-111650,0,on_time,44195891,425846
RP-311-0-0,LN-311-0,EXT-10311,2,2026-08-25,7352.81,735281,7352.81,735281,2026-08-25,TX-111699,0,on_time,15638498,154819
RP-311-0-1,LN-311-1,EXT-10311,2,2026-08-25,9272.1,927210,9272.1,927210,2026-08-31,TX-111703,6,late,27834830,283045
RP-311-1-0,LN-311-0,EXT-10311,3,2026-09-25,7352.81,735281,7352.81,735281,2026-09-28,TX-111719,3,late,15058036,149072
RP-311-1-1,LN-311-1,EXT-10311,3,2026-09-25,9272.1,927210,9272.1,927210,2026-09-28,TX-111720,3,late,27190665,276495
RP-311-2-0,LN-311-0,EXT-10311,4,2026-10-25,7352.81,735281,7352.81,735281,2026-10-28,TX-111732,3,late,14471827,143269
RP-311-2-1,LN-311-1,EXT-10311,4,2026-10-25,9272.1,927210,9272.1,927210,2026-10-28,TX-111733,3,late,26539950,269878
RP-312-0-0,LN-312-0,EXT-10312,2,2026-08-28,12442.92,1244292,12442.92,1244292,2026-08-28,TX-111744,0,on_time,26189219,282313
RP-312-1-0,LN-312-0,EXT-10312,3,2026-09-28,12442.92,1244292,12442.92,1244292,2026-09-28,TX-111758,0,on_time,25227240,271943
RP-312-2-0,LN-312-0,EXT-10312,4,2026-10-28,12442.92,1244292,12442.92,1244292,2026-10-28,TX-111767,0,on_time,24254891,261462
RP-313-0-0,LN-313-0,EXT-10313,2,2026-08-21,23745.92,2374592,23745.92,2374592,2026-08-21,TX-111778,0,on_time,26697587,271508
RP-313-1-0,LN-313-0,EXT-10313,3,2026-09-21,23745.92,2374592,23745.92,2374592,2026-10-03,TX-111796;TX-111800,12,late,24594503,250120
RP-313-2-0,LN-313-0,EXT-10313,4,2026-10-21,23745.92,2374592,23745.92,2374592,2026-11-02,TX-111807;TX-111812,12,late,22470031,228515
RP-314-0-0,LN-314-0,EXT-10314,2,2026-08-22,41615.16,4161516,41615.16,4161516,2026-08-22,TX-111822,0,on_time,87464471,953377
RP-314-1-0,LN-314-0,EXT-10314,3,2026-09-22,41615.16,4161516,41615.16,4161516,2026-09-22,TX-111834,0,on_time,84256332,918408
RP-314-2-0,LN-314-0,EXT-10314,4,2026-10-22,41615.16,4161516,41615.16,4161516,2026-10-22,TX-111843,0,on_time,81013224,883058
RP-315-0-0,LN-315-0,EXT-10315,2,2026-08-26,20344.69,2034469,20344.69,2034469,2026-08-26,TX-111858,0,on_time,22554245,279738
RP-315-1-0,LN-315-0,EXT-10315,3,2026-09-26,20344.69,2034469,20344.69,2034469,2026-10-02,TX-111870;TX-111872,6,late,20799514,257975
RP-315-2-0,LN-315-0,EXT-10315,4,2026-10-26,20344.69,2034469,20344.69,2034469,2026-11-01,TX-111881;TX-111883,6,late,19023020,235941
RP-316-0-0,LN-316-0,EXT-10316,2,2026-08-23,12594.05,1259405,12594.05,1259405,2026-08-23,TX-111893,0,on_time,35854129,476164
RP-316-1-0,LN-316-0,EXT-10316,3,2026-09-23,12594.05,1259405,12594.05,1259405,2026-09-23,TX-111902,0,on_time,35070888,465762
RP-316-2-0,LN-316-0,EXT-10316,4,2026-10-23,12594.05,1259405,12594.05,1259405,2026-10-23,TX-111911,0,on_time,34277245,455222
RP-317-0-0,LN-317-0,EXT-10317,2,2026-08-24,16970.56,1697056,16970.56,1697056,2026-08-24,TX-111924,0,on_time,18363270,299057
RP-317-1-0,LN-317-0,EXT-10317,3,2026-09-24,16970.56,1697056,16970.56,1697056,2026-10-03,TX-111937,9,late,16965271,276289
RP-317-2-0,LN-317-0,EXT-10317,4,2026-10-24,16970.56,1697056,16970.56,1697056,2026-11-02,TX-111946,9,late,15544504,253151
RP-318-0-0,LN-318-0,EXT-10318,2,2026-08-26,37816.43,3781643,37816.43,3781643,2026-08-26,TX-111958,0,on_time,75591682,1147312
RP-318-1-0,LN-318-0,EXT-10318,3,2026-09-26,37816.43,3781643,37816.43,3781643,2026-10-02,TX-111975,6,late,72957351,1107328
RP-318-2-0,LN-318-0,EXT-10318,4,2026-10-26,37816.43,3781643,37816.43,3781643,2026-11-01,TX-111987,6,late,70283036,1066738
RP-319-0-0,LN-319-0,EXT-10319,2,2026-08-26,5525.8,552580,5525.8,552580,2026-08-26,TX-111999,0,on_time,15286139,229208
RP-319-1-0,LN-319-0,EXT-10319,3,2026-09-26,5525.8,552580,5525.8,552580,2026-09-26,TX-112008,0,on_time,14962767,224359
RP-319-2-0,LN-319-0,EXT-10319,4,2026-10-26,5525.8,552580,5525.8,552580,2026-10-26,TX-112018,0,on_time,14634546,219438
RP-321-0-0,LN-321-0,EXT-10321,2,2026-08-26,8315.52,831552,8315.52,831552,2026-09-01,TX-112068,6,late,24747624,264129
RP-321-0-1,LN-321-1,EXT-10321,2,2026-08-26,42041.63,4204163,42041.63,4204163,2026-10-01,TX-112069;TX-112085,36,late,47647306,424283
RP-321-1-0,LN-321-0,EXT-10321,3,2026-09-26,8315.52,831552,8315.52,831552,2026-10-02,TX-112086,6,late,24180201,258073
RP-321-1-1,LN-321-1,EXT-10321,3,2026-09-26,42041.63,4204163,36283.58,3628358,2026-10-02,TX-112087,6,partial,44725678,398267
RP-321-2-0,LN-321-0,EXT-10321,4,2026-10-26,8315.52,831552,8315.52,831552,2026-11-01,TX-112091,6,late,23606722,251953
RP-321-2-1,LN-321-1,EXT-10321,4,2026-10-26,42041.63,4204163,39431.76,3943176,2026-11-01,TX-112092,6,partial,40637335,361862
RP-322-0-0,LN-322-0,EXT-10322,2,2026-08-22,24883.11,2488311,24883.11,2488311,2026-08-28,TX-112106,6,late,50984106,665772
RP-322-1-0,LN-322-0,EXT-10322,3,2026-09-22,24883.11,2488311,24883.11,2488311,2026-09-28,TX-112117;TX-112118;TX-112121,6,late,49161567,641972
RP-322-2-0,LN-322-0,EXT-10322,4,2026-10-22,24883.11,2488311,24883.11,2488311,2026-10-22,TX-112128,0,on_time,47315228,617862
RP-323-0-0,LN-323-0,EXT-10323,2,2026-08-21,13256.22,1325622,13256.22,1325622,2026-08-21,TX-112141,0,on_time,36424186,560954
RP-323-1-0,LN-323-0,EXT-10323,3,2026-09-21,13256.22,1325622,13256.22,1325622,2026-09-30,TX-112159,9,late,35659518,549177
RP-323-2-0,LN-323-0,EXT-10323,4,2026-10-21,13256.22,1325622,13256.22,1325622,2026-10-21,TX-112167,0,on_time,34883073,537220
RP-324-0-0,LN-324-0,EXT-10324,2,2026-08-26,29541.0,2954100,29541.0,2954100,2026-08-26,TX-112180,0,on_time,33600543,280145
RP-324-1-0,LN-324-0,EXT-10324,3,2026-09-26,29541.0,2954100,29541.0,2954100,2026-09-26,TX-112194,0,on_time,30926588,257850
RP-324-2-0,LN-324-0,EXT-10324,4,2026-10-26,29541.0,2954100,29541.0,2954100,2026-10-26,TX-112204,0,on_time,28230338,235370
RP-325-0-0,LN-325-0,EXT-10325,2,2026-08-25,32734.63,3273463,32734.63,3273463,2026-08-25,TX-112216,0,on_time,65919558,958542
RP-325-1-0,LN-325-0,EXT-10325,3,2026-09-25,32734.63,3273463,32734.63,3273463,2026-09-25,TX-112231,0,on_time,63604637,924880
RP-325-2-0,LN-325-0,EXT-10325,4,2026-10-25,32734.63,3273463,32734.63,3273463,2026-10-25,TX-112240,0,on_time,61256054,890729
RP-326-0-0,LN-326-0,EXT-10326,2,2026-08-26,22170.58,2217058,22170.58,2217058,2026-08-26,TX-112253,0,on_time,24592876,302724
RP-326-1-0,LN-326-0,EXT-10326,3,2026-09-26,22170.58,2217058,22170.58,2217058,2026-10-02,TX-112271,6,late,22678542,279160
RP-326-2-0,LN-326-0,EXT-10326,4,2026-10-26,22170.58,2217058,22170.58,2217058,2026-11-01,TX-112280,6,late,20740644,255305
RP-327-0-0,LN-327-0,EXT-10327,2,2026-08-26,13859.32,1385932,13859.32,1385932,2026-08-26,TX-112292,0,on_time,28104043,391899
RP-327-1-0,LN-327-0,EXT-10327,3,2026-09-26,13859.32,1385932,13859.32,1385932,2026-09-29,TX-112303,3,late,27110010,378038
RP-327-2-0,LN-327-0,EXT-10327,4,2026-10-26,13859.32,1385932,13859.32,1385932,2026-10-29,TX-112313;TX-112314,3,late,26102116,363983
RP-328-0-0,LN-328-0,EXT-10328,2,2026-08-21,19689.02,1968902,19689.02,1968902,2026-08-21,TX-112326,0,on_time,21874826,263745
RP-328-1-0,LN-328-0,EXT-10328,3,2026-09-21,19689.02,1968902,19689.02,1968902,2026-09-21,TX-112338,0,on_time,20169669,243186
RP-328-2-0,LN-328-0,EXT-10328,4,2026-10-21,19689.02,1968902,19689.02,1968902,2026-10-21,TX-112348,0,on_time,18443953,222379
RP-329-0-0,LN-329-0,EXT-10329,2,2026-08-28,11610.27,1161027,11610.27,1161027,2026-08-28,TX-112363,0,on_time,34058543,392176
RP-329-1-0,LN-329-0,EXT-10329,3,2026-09-28,11610.27,1161027,11610.27,1161027,2026-09-28,TX-112373,0,on_time,33289692,383322
RP-329-2-0,LN-329-0,EXT-10329,4,2026-10-28,11610.27,1161027,11610.27,1161027,2026-10-28,TX-112383,0,on_time,32511987,374367
RP-331-0-0,LN-331-0,EXT-10331,2,2026-08-20,21763.59,2176359,21763.59,2176359,2026-08-20,TX-112426,0,on_time,45522008,514691
RP-331-0-1,LN-331-1,EXT-10331,2,2026-08-20,15688.39,1568839,15688.39,1568839,2026-08-20,TX-112427,0,on_time,47780737,446005
RP-331-1-0,LN-331-0,EXT-10331,3,2026-09-20,21763.59,2176359,20918.6,2091860,2026-11-01,TX-112452,42,partial,43860340,495903
RP-331-1-1,LN-331-1,EXT-10331,3,2026-09-20,15688.39,1568839,4421.56,442156,2026-11-01,TX-112453,42,partial,46657903,435524
RP-331-2-0,LN-331-0,EXT-10331,4,2026-10-20,21763.59,2176359,0,0,,,0,missed,43860340,495903
RP-331-2-1,LN-331-1,EXT-10331,4,2026-10-20,15688.39,1568839,0,0,,,0,missed,46657903,435524
RP-332-0-0,LN-332-0,EXT-10332,2,2026-08-25,9987.51,998751,9987.51,998751,2026-08-25,TX-112461,0,on_time,10793738,177941
RP-332-1-0,LN-332-0,EXT-10332,3,2026-09-25,9987.51,998751,9987.51,998751,2026-11-03,TX-112477;TX-112489,39,late,9972928,164410
RP-332-2-0,LN-332-0,EXT-10332,4,2026-10-25,9987.51,998751,894.17,89417,2026-11-03,TX-112490,9,partial,9543436,157329
RP-333-0-0,LN-333-0,EXT-10333,2,2026-08-27,5479.06,547906,5479.06,547906,2026-08-27,TX-112500,0,on_time,15825391,196649
RP-333-1-0,LN-333-0,EXT-10333,3,2026-09-27,5479.06,547906,5479.06,547906,2026-09-27,TX-112513,0,on_time,15474134,192284
RP-333-2-0,LN-333-0,EXT-10333,4,2026-10-27,5479.06,547906,5479.06,547906,2026-10-27,TX-112522,0,on_time,15118512,187865
RP-334-0-0,LN-334-0,EXT-10334,2,2026-08-25,28721.24,2872124,28721.24,2872124,2026-08-25,TX-112535,0,on_time,59438010,725723
RP-334-1-0,LN-334-0,EXT-10334,3,2026-09-25,28721.24,2872124,28721.24,2872124,2026-10-07,TX-112553;TX-112554;TX-112558,12,late,57291609,699516
RP-334-2-0,LN-334-0,EXT-10334,4,2026-10-25,28721.24,2872124,28721.24,2872124,2026-10-25,TX-112566,0,on_time,55119001,672989
RP-335-0-0,LN-335-0,EXT-10335,2,2026-08-27,18264.13,1826413,18264.13,1826413,2026-08-27,TX-112581,0,on_time,49745290,792492
RP-335-1-0,LN-335-0,EXT-10335,3,2026-09-27,18264.13,1826413,18264.13,1826413,2026-10-03,TX-112602,6,late,48711369,776021
RP-335-2-0,LN-335-0,EXT-10335,4,2026-10-27,18264.13,1826413,18264.13,1826413,2026-11-02,TX-112611,6,late,47660977,759287
RP-336-0-0,LN-336-0,EXT-10336,2,2026-08-28,8258.39,825839,8258.39,825839,2026-08-28,TX-112624,0,on_time,22342132,365039
RP-336-1-0,LN-336-0,EXT-10336,3,2026-09-28,8258.39,825839,8258.39,825839,2026-09-28,TX-112636,0,on_time,21881332,357510
RP-336-2-0,LN-336-0,EXT-10336,4,2026-10-28,8258.39,825839,8258.39,825839,2026-10-28,TX-112647,0,on_time,21413003,349858
RP-337-0-0,LN-337-0,EXT-10337,2,2026-08-21,6880.38,688038,6880.38,688038,2026-08-21,TX-112659,0,on_time,19215522,277158
RP-337-1-0,LN-337-0,EXT-10337,3,2026-09-21,6880.38,688038,6880.38,688038,2026-09-21,TX-112670,0,on_time,18804642,271232
RP-337-2-0,LN-337-0,EXT-10337,4,2026-10-21,6880.38,688038,6880.38,688038,2026-10-21,TX-112679,0,on_time,18387836,265220
RP-338-0-0,LN-338-0,EXT-10338,2,2026-08-26,3725.37,372537,3725.37,372537,2026-08-29,TX-112693,3,late,10234997,157698
RP-338-1-0,LN-338-0,EXT-10338,3,2026-09-26,3725.37,372537,3725.37,372537,2026-09-29,TX-112708,3,late,10020158,154388
RP-338-2-0,LN-338-0,EXT-10338,4,2026-10-26,3725.37,372537,3725.37,372537,2026-10-29,TX-112717,3,late,9802009,151027
RP-339-0-0,LN-339-0,EXT-10339,2,2026-08-20,7046.98,704698,7046.98,704698,2026-08-20,TX-112727,0,on_time,20827000,230730
RP-339-1-0,LN-339-0,EXT-10339,3,2026-09-20,7046.98,704698,7046.98,704698,2026-10-02,TX-112746,12,late,20353032,225479
RP-339-2-0,LN-339-0,EXT-10339,4,2026-10-20,7046.98,704698,7046.98,704698,2026-10-20,TX-112752,0,on_time,19873813,220170
RP-341-0-0,LN-341-0,EXT-10341,2,2026-08-21,11452.5,1145250,11452.5,1145250,2026-08-24,TX-112794,3,late,33979600,368707
RP-341-0-1,LN-341-1,EXT-10341,2,2026-08-21,10874.09,1087409,10874.09,1087409,2026-08-24,TX-112795,3,late,32422426,342529
RP-341-1-0,LN-341-0,EXT-10341,3,2026-09-21,11452.5,1145250,11452.5,1145250,2026-09-21,TX-112805,0,on_time,33203057,360281
RP-341-1-1,LN-341-1,EXT-10341,3,2026-09-21,10874.09,1087409,10874.09,1087409,2026-09-21,TX-112806,0,on_time,31677546,334660
RP-341-2-0,LN-341-0,EXT-10341,4,2026-10-21,11452.5,1145250,11452.5,1145250,2026-10-21,TX-112816,0,on_time,32418088,351763
RP-341-2-1,LN-341-1,EXT-10341,4,2026-10-21,10874.09,1087409,10874.09,1087409,2026-10-21,TX-112817,0,on_time,30924797,326708
RP-342-0-0,LN-342-0,EXT-10342,2,2026-08-27,68339.67,6833967,37977.28,3797728,2026-08-30,TX-112833;TX-112834,3,partial,75465335,983181
RP-342-1-0,LN-342-0,EXT-10342,3,2026-09-27,68339.67,6833967,39453.6,3945360,2026-11-05,TX-112859,39,partial,72650788,946513
RP-342-2-0,LN-342-0,EXT-10342,4,2026-10-27,68339.67,6833967,0,0,,,0,missed,72650788,946513
RP-343-0-0,LN-343-0,EXT-10343,2,2026-08-28,11199.61,1119961,11199.61,1119961,2026-08-28,TX-112869,0,on_time,12222538,182284
RP-343-1-0,LN-343-0,EXT-10343,3,2026-09-28,11199.61,1119961,11199.61,1119961,2026-09-28,TX-112880,0,on_time,11284861,168300
RP-343-2-0,LN-343-0,EXT-10343,4,2026-10-28,11199.61,1119961,11199.61,1119961,2026-10-28,TX-112889,0,on_time,10333200,154107
RP-344-0-0,LN-344-0,EXT-10344,2,2026-08-27,6061.57,606157,6061.57,606157,2026-10-02,TX-112904;TX-112916,36,late,12715847,140632
RP-344-1-0,LN-344-0,EXT-10344,3,2026-09-27,6061.57,606157,6061.57,606157,2026-11-02,TX-112918;TX-112925,36,late,12361871,136717
RP-344-2-0,LN-344-0,EXT-10344,4,2026-10-27,6061.57,606157,6061.57,606157,2026-11-02,TX-112926,6,late,12250322,135483
RP-345-0-0,LN-345-0,EXT-10345,2,2026-08-21,16529.61,1652961,16529.61,1652961,2026-08-21,TX-112936,0,on_time,44734310,729967
RP-345-1-0,LN-345-0,EXT-10345,3,2026-09-21,16529.61,1652961,16529.61,1652961,2026-09-21,TX-112949,0,on_time,43811316,714906
RP-345-2-0,LN-345-0,EXT-10345,4,2026-10-21,16529.61,1652961,16529.61,1652961,2026-10-21,TX-112958,0,on_time,42873261,699599
RP-346-0-0,LN-346-0,EXT-10346,2,2026-08-20,19764.61,1976461,19764.61,1976461,2026-08-20,TX-112971,0,on_time,54385217,832869
RP-346-1-0,LN-346-0,EXT-10346,3,2026-09-20,19764.61,1976461,19764.61,1976461,2026-09-20,TX-112987,0,on_time,53241625,815356
RP-346-2-0,LN-346-0,EXT-10346,4,2026-10-20,19764.61,1976461,19764.61,1976461,2026-10-20,TX-112997,0,on_time,52080520,797574
RP-347-0-0,LN-347-0,EXT-10347,2,2026-08-22,60270.26,6027026,60270.26,6027026,2026-08-22,TX-113011,0,on_time,67746895,691351
RP-347-1-0,LN-347-0,EXT-10347,3,2026-09-22,60270.26,6027026,60270.26,6027026,2026-10-01,TX-113023;TX-113030,9,late,62411220,636901
RP-347-2-0,LN-347-0,EXT-10347,4,2026-10-22,60270.26,6027026,0,0,,,0,missed,57021095,581896
RP-348-0-0,LN-348-0,EXT-10348,2,2026-08-22,24609.35,2460935,24609.35,2460935,2026-08-22,TX-113053,0,on_time,52043441,540163
RP-348-1-0,LN-348-0,EXT-10348,3,2026-09-22,24609.35,2460935,24609.35,2460935,2026-09-22,TX-113066,0,on_time,50122669,520227
RP-348-2-0,LN-348-0,EXT-10348,4,2026-10-22,24609.35,2460935,24609.35,2460935,2026-10-22,TX-113076,0,on_time,48181961,500085
RP-349-0-0,LN-349-0,EXT-10349,2,2026-08-25,15312.61,1531261,15312.61,1531261,2026-08-25,TX-113089,0,on_time,42356236,635312
RP-349-1-0,LN-349-0,EXT-10349,3,2026-09-25,15312.61,1531261,15312.61,1531261,2026-09-25,TX-113101,0,on_time,41460287,621873
RP-349-2-0,LN-349-0,EXT-10349,4,2026-10-25,15312.61,1531261,15312.61,1531261,2026-10-25,TX-113110,0,on_time,40550899,608233
RP-351-0-0,LN-351-0,EXT-10351,2,2026-08-26,11950.51,1195051,11950.51,1195051,2026-08-26,TX-113161,0,on_time,32332309,528170
RP-351-0-1,LN-351-1,EXT-10351,2,2026-08-26,19966.79,1996679,19966.79,1996679,2026-08-26,TX-113162,0,on_time,59577103,626860
RP-351-1-0,LN-351-0,EXT-10351,3,2026-09-26,11950.51,1195051,11950.51,1195051,2026-09-26,TX-113174,0,on_time,31665428,517276
RP-351-1-1,LN-351-1,EXT-10351,3,2026-09-26,19966.79,1996679,19966.79,1996679,2026-10-02,TX-113175;TX-113177,6,late,58207284,612447
RP-351-2-0,LN-351-0,EXT-10351,4,2026-10-26,11950.51,1195051,11950.51,1195051,2026-10-26,TX-113186,0,on_time,30987653,506204
RP-351-2-1,LN-351-1,EXT-10351,4,2026-10-26,19966.79,1996679,19966.79,1996679,2026-11-01,TX-113187;TX-113188;TX-113190,6,late,56823052,597883
RP-352-0-0,LN-352-0,EXT-10352,2,2026-08-26,4929.16,492916,4929.16,492916,2026-08-26,TX-113201,0,on_time,13436937,213363
RP-352-1-0,LN-352-0,EXT-10352,3,2026-09-26,4929.16,492916,4929.16,492916,2026-09-26,TX-113210,0,on_time,13157384,208924
RP-352-2-0,LN-352-0,EXT-10352,4,2026-10-26,4929.16,492916,4929.16,492916,2026-10-26,TX-113219,0,on_time,12873392,204414
RP-353-0-0,LN-353-0,EXT-10353,2,2026-08-23,75254.55,7525455,75254.55,7525455,2026-08-23,TX-113231,0,on_time,84238020,915323
RP-353-1-0,LN-353-0,EXT-10353,3,2026-09-23,75254.55,7525455,75254.55,7525455,2026-09-23,TX-113244,0,on_time,77627888,843498
RP-353-2-0,LN-353-0,EXT-10353,4,2026-10-23,75254.55,7525455,75254.55,7525455,2026-10-23,TX-113255,0,on_time,70945931,770893
RP-354-0-0,LN-354-0,EXT-10354,2,2026-08-28,6953.58,695358,6953.58,695358,2026-09-06,TX-113271;TX-113276,9,late,7526858,122157
RP-354-1-0,LN-354-0,EXT-10354,3,2026-09-28,6953.58,695358,2374.44,237444,2026-10-07,TX-113293,9,partial,6953657,112854
RP-354-2-0,LN-354-0,EXT-10354,4,2026-10-28,6953.58,695358,0,0,,,0,missed,6829067,110832
RP-355-0-0,LN-355-0,EXT-10355,2,2026-08-25,6167.04,616704,6167.04,616704,2026-08-25,TX-113315,0,on_time,18424670,192501
RP-355-1-0,LN-355-0,EXT-10355,3,2026-09-25,6167.04,616704,6167.04,616704,2026-10-01,TX-113328,6,late,18000467,188069
RP-355-2-0,LN-355-0,EXT-10355,4,2026-10-25,6167.04,616704,200.47,20047,2026-11-03,TX-113342,9,partial,17571832,183591
RP-356-0-0,LN-356-0,EXT-10356,2,2026-08-23,9742.29,974229,9742.29,974229,2026-08-29,TX-113353,6,late,27296535,388430
RP-356-1-0,LN-356-0,EXT-10356,3,2026-09-23,9742.29,974229,9742.29,974229,2026-09-29,TX-113368,6,late,26710736,380094
RP-356-2-0,LN-356-0,EXT-10356,4,2026-10-23,9742.29,974229,0,0,,,0,missed,26116601,371639
RP-357-0-0,LN-357-0,EXT-10357,2,2026-08-24,8277.76,827776,8277.76,827776,2026-08-30,TX-113389,6,late,24439534,272210
RP-357-1-0,LN-357-0,EXT-10357,3,2026-09-24,8277.76,827776,8277.76,827776,2026-09-30,TX-113400;TX-113403,6,late,23883968,266022
RP-357-2-0,LN-357-0,EXT-10357,4,2026-10-24,8277.76,827776,8277.76,827776,2026-10-24,TX-113410,0,on_time,23322214,259765
RP-358-0-0,LN-358-0,EXT-10358,2,2026-08-21,21512.41,2151241,21512.41,2151241,2026-08-21,TX-113422,0,on_time,23929330,283947
RP-358-1-0,LN-358-0,EXT-10358,3,2026-09-21,21512.41,2151241,21512.41,2151241,2026-09-21,TX-113435,0,on_time,22062036,261790
RP-358-2-0,LN-358-0,EXT-10358,4,2026-10-21,21512.41,2151241,21512.41,2151241,2026-10-24,TX-113444,3,late,20172585,239370
RP-359-0-0,LN-359-0,EXT-10359,2,2026-08-21,41507.87,4150787,41507.87,4150787,2026-08-21,TX-113456,0,on_time,45754926,609013
RP-359-1-0,LN-359-0,EXT-10359,3,2026-09-21,41507.87,4150787,41507.87,4150787,2026-10-03,TX-113469;TX-113475,12,late,42213152,561871
RP-359-2-0,LN-359-0,EXT-10359,4,2026-10-21,41507.87,4150787,41507.87,4150787,2026-11-02,TX-113486,12,late,38624236,514101
RP-361-0-0,LN-361-0,EXT-10361,2,2026-08-25,3165.5,316550,3165.5,316550,2026-08-25,TX-113527,0,on_time,6506946,83177
RP-361-0-1,LN-361-1,EXT-10361,2,2026-08-25,9582.48,958248,9582.48,958248,2026-08-25,TX-113528,0,on_time,19423148,271558
RP-361-1-0,LN-361-0,EXT-10361,3,2026-09-25,3165.5,316550,3165.5,316550,2026-09-25,TX-113538,0,on_time,6273573,80194
RP-361-1-1,LN-361-1,EXT-10361,3,2026-09-25,9582.48,958248,9582.48,958248,2026-09-25,TX-113539,0,on_time,18736458,261958
RP-361-2-0,LN-361-0,EXT-10361,4,2026-10-25,3165.5,316550,3165.5,316550,2026-11-03,TX-113553,9,late,6037217,77172
RP-361-2-1,LN-361-1,EXT-10361,4,2026-10-25,9582.48,958248,9582.48,958248,2026-11-03,TX-113554,9,late,18040168,252223
RP-362-0-0,LN-362-0,EXT-10362,2,2026-08-27,3550.58,355058,3550.58,355058,2026-09-02,TX-113565;TX-113568,6,late,10937037,94952
RP-362-1-0,LN-362-0,EXT-10362,3,2026-09-27,3550.58,355058,3550.58,355058,2026-10-03,TX-113580,6,late,10676931,92694
RP-362-2-0,LN-362-0,EXT-10362,4,2026-10-27,3550.58,355058,3550.58,355058,2026-11-02,TX-113590,6,late,10414567,90416
RP-363-0-0,LN-363-0,EXT-10363,2,2026-08-23,15804.13,1580413,15804.13,1580413,2026-08-23,TX-113601,0,on_time,17616228,203225
RP-363-1-0,LN-363-0,EXT-10363,3,2026-09-23,15804.13,1580413,15804.13,1580413,2026-09-23,TX-113614,0,on_time,16239040,187338
RP-363-2-0,LN-363-0,EXT-10363,4,2026-10-23,15804.13,1580413,15804.13,1580413,2026-10-26,TX-113625,3,late,14845965,171267
RP-364-0-0,LN-364-0,EXT-10364,2,2026-08-26,34527.58,3452758,34527.58,3452758,2026-08-26,TX-113639,0,on_time,39024048,364413
RP-364-1-0,LN-364-0,EXT-10364,3,2026-09-26,34527.58,3452758,26700.05,2670005,2026-10-08,TX-113654;TX-113655,12,partial,35935703,335574
RP-364-2-0,LN-364-0,EXT-10364,4,2026-10-26,34527.58,3452758,0,0,,,0,missed,33601272,313774
RP-365-0-0,LN-365-0,EXT-10365,2,2026-08-24,19070.78,1907078,19070.78,1907078,2026-08-30,TX-113677,6,late,55853172,648441
RP-365-1-0,LN-365-0,EXT-10365,3,2026-09-24,19070.78,1907078,19070.78,1907078,2026-09-24,TX-113684,0,on_time,54594535,633829
RP-365-2-0,LN-365-0,EXT-10365,4,2026-10-24,19070.78,1907078,19070.78,1907078,2026-10-24,TX-113693,0,on_time,53321286,619047
RP-366-0-0,LN-366-0,EXT-10366,2,2026-08-23,20135.73,2013573,20135.73,2013573,2026-09-01,TX-113710,9,late,43429111,379111
RP-366-1-0,LN-366-0,EXT-10366,3,2026-09-23,20135.73,2013573,20135.73,2013573,2026-10-05,TX-113728,12,late,41794649,364843
RP-366-2-0,LN-366-0,EXT-10366,4,2026-10-23,20135.73,2013573,20135.73,2013573,2026-11-01,TX-113739,9,late,40145919,350450
RP-367-0-0,LN-367-0,EXT-10367,2,2026-08-20,5178.44,517844,5178.44,517844,2026-08-20,TX-113749,0,on_time,15792074,146224
RP-367-1-0,LN-367-0,EXT-10367,3,2026-09-20,5178.44,517844,5178.44,517844,2026-09-20,TX-113760,0,on_time,15420454,142783
RP-367-2-0,LN-367-0,EXT-10367,4,2026-10-20,5178.44,517844,5178.44,517844,2026-10-20,TX-113769,0,on_time,15045393,139310
RP-368-0-0,LN-368-0,EXT-10368,2,2026-08-24,21832.28,2183228,21832.28,2183228,2026-08-24,TX-113782,0,on_time,47148617,406539
RP-368-1-0,LN-368-0,EXT-10368,3,2026-09-24,21832.28,2183228,21832.28,2183228,2026-09-24,TX-113791,0,on_time,45371928,391219
RP-368-2-0,LN-368-0,EXT-10368,4,2026-10-24,21832.28,2183228,21832.28,2183228,2026-10-24,TX-113800,0,on_time,43579919,375768
RP-369-0-0,LN-369-0,EXT-10369,2,2026-08-22,11764.38,1176438,11764.38,1176438,2026-08-22,TX-113813,0,on_time,31945201,514776
RP-369-1-0,LN-369-0,EXT-10369,3,2026-09-22,11764.38,1176438,11764.38,1176438,2026-09-22,TX-113829,0,on_time,31283539,504113
RP-369-2-0,LN-369-0,EXT-10369,4,2026-10-22,11764.38,1176438,11764.38,1176438,2026-10-22,TX-113839,0,on_time,30611214,493279
RP-371-0-0,LN-371-0,EXT-10371,2,2026-08-26,21706.49,2170649,21706.49,2170649,2026-08-26,TX-113880,0,on_time,63769201,728802
RP-371-0-1,LN-371-1,EXT-10371,2,2026-08-26,53020.18,5302018,53020.18,5302018,2026-08-26,TX-113881,0,on_time,59557375,614121
RP-371-1-0,LN-371-0,EXT-10371,3,2026-09-26,21706.49,2170649,21706.49,2170649,2026-09-26,TX-113892,0,on_time,62327354,712324
RP-371-1-1,LN-371-1,EXT-10371,3,2026-09-26,53020.18,5302018,53020.18,5302018,2026-10-02,TX-113893;TX-113896,6,late,54869478,565782
RP-371-2-0,LN-371-0,EXT-10371,4,2026-10-26,21706.49,2170649,21706.49,2170649,2026-11-01,TX-113906,6,late,60869029,695657
RP-371-2-1,LN-371-1,EXT-10371,4,2026-10-26,53020.18,5302018,53020.18,5302018,2026-11-01,TX-113903;TX-113907,6,late,50133242,516945
RP-372-0-0,LN-372-0,EXT-10372,2,2026-08-23,14438.28,1443828,14438.28,1443828,2026-08-23,TX-113919,0,on_time,42862613,463684
RP-372-1-0,LN-372-0,EXT-10372,3,2026-09-23,14438.28,1443828,14438.28,1443828,2026-09-23,TX-113930,0,on_time,41882469,453081
RP-372-2-0,LN-372-0,EXT-10372,4,2026-10-23,14438.28,1443828,14438.28,1443828,2026-10-23,TX-113941,0,on_time,40891722,442363
RP-373-0-0,LN-373-0,EXT-10373,2,2026-08-26,12859.35,1285935,12859.35,1285935,2026-08-26,TX-113956,0,on_time,26904247,303612
RP-373-1-0,LN-373-0,EXT-10373,3,2026-09-26,12859.35,1285935,12859.35,1285935,2026-09-26,TX-113967,0,on_time,25921924,292527
RP-373-2-0,LN-373-0,EXT-10373,4,2026-10-26,12859.35,1285935,12859.35,1285935,2026-10-29,TX-113976,3,late,24928516,281316
RP-374-0-0,LN-374-0,EXT-10374,2,2026-08-27,3010.91,301091,3010.91,301091,2026-08-27,TX-113988,0,on_time,6159912,81229
RP-374-1-0,LN-374-0,EXT-10374,3,2026-09-27,3010.91,301091,3010.91,301091,2026-09-27,TX-113997,0,on_time,5940050,78329
RP-374-2-0,LN-374-0,EXT-10374,4,2026-10-27,3010.91,301091,3010.91,301091,2026-10-27,TX-114006,0,on_time,5717288,75392
RP-375-0-0,LN-375-0,EXT-10375,2,2026-08-28,7184.4,718440,7184.4,718440,2026-08-28,TX-114019,0,on_time,22104175,193413
RP-375-1-0,LN-375-0,EXT-10375,3,2026-09-28,7184.4,718440,7184.4,718440,2026-10-01,TX-114031,3,late,21579148,188819
RP-375-2-0,LN-375-0,EXT-10375,4,2026-10-28,7184.4,718440,7184.4,718440,2026-11-03,TX-114046,6,late,21049527,184185
RP-376-0-0,LN-376-0,EXT-10376,2,2026-08-26,11641.81,1164181,11641.81,1164181,2026-08-26,TX-114056,0,on_time,24825391,240328
RP-376-1-0,LN-376-0,EXT-10376,3,2026-09-26,11641.81,1164181,11641.81,1164181,2026-09-26,TX-114069,0,on_time,23901538,231385
RP-376-2-0,LN-376-0,EXT-10376,4,2026-10-26,11641.81,1164181,11641.81,1164181,2026-10-26,TX-114078,0,on_time,22968742,222355
RP-377-0-0,LN-377-0,EXT-10377,2,2026-08-20,21165.47,2116547,21165.47,2116547,2026-08-20,TX-114088,0,on_time,63144979,664911
RP-377-1-0,LN-377-0,EXT-10377,3,2026-09-20,21165.47,2116547,21165.47,2116547,2026-09-20,TX-114097,0,on_time,61693343,649626
RP-377-2-0,LN-377-0,EXT-10377,4,2026-10-20,21165.47,2116547,21165.47,2116547,2026-10-20,TX-114106,0,on_time,60226422,634179
RP-378-0-0,LN-378-0,EXT-10378,2,2026-08-22,19935.61,1993561,19935.61,1993561,2026-08-22,TX-114121,0,on_time,21557204,353398
RP-378-1-0,LN-378-0,EXT-10378,3,2026-09-22,19935.61,1993561,19935.61,1993561,2026-09-22,TX-114135,0,on_time,19917041,326510
RP-378-2-0,LN-378-0,EXT-10378,4,2026-10-22,19935.61,1993561,19935.61,1993561,2026-10-25,TX-114146,3,late,18249990,299181
RP-379-0-0,LN-379-0,EXT-10379,2,2026-08-26,20573.51,2057351,20573.51,2057351,2026-08-29,TX-114162,3,late,22923269,265908
RP-379-1-0,LN-379-0,EXT-10379,3,2026-09-26,20573.51,2057351,20573.51,2057351,2026-09-26,TX-114173,0,on_time,21131826,245127
RP-379-2-0,LN-379-0,EXT-10379,4,2026-10-26,20573.51,2057351,20573.51,2057351,2026-11-01,TX-114186,6,late,19319602,224106
RP-381-0-0,LN-381-0,EXT-10381,2,2026-08-23,9619.28,961928,9619.28,961928,2026-09-01,TX-114232;TX-114236,9,late,26175024,418482
RP-381-0-1,LN-381-1,EXT-10381,2,2026-08-23,5654.8,565480,5654.8,565480,2026-09-01,TX-114237,9,late,16163878,210794
RP-381-1-0,LN-381-0,EXT-10381,3,2026-09-23,9619.28,961928,9619.28,961928,2026-10-02,TX-114250,9,late,25631578,409793
RP-381-1-1,LN-381-1,EXT-10381,3,2026-09-23,5654.8,565480,5654.8,565480,2026-11-01,TX-114251;TX-114262,39,late,15809192,206169
RP-381-2-0,LN-381-0,EXT-10381,4,2026-10-23,9619.28,961928,9619.28,961928,2026-11-01,TX-114263,9,late,25079443,400966
RP-381-2-1,LN-381-1,EXT-10381,4,2026-10-23,5654.8,565480,5654.8,565480,2026-11-01,TX-114264,9,late,15537445,202625
RP-382-0-0,LN-382-0,EXT-10382,2,2026-08-24,13497.08,1349708,13497.08,1349708,2026-08-24,TX-114274,0,on_time,41429031,368090
RP-382-1-0,LN-382-0,EXT-10382,3,2026-09-24,13497.08,1349708,13497.08,1349708,2026-09-24,TX-114287,0,on_time,40447413,359369
RP-382-2-0,LN-382-0,EXT-10382,4,2026-10-24,13497.08,1349708,13497.08,1349708,2026-10-24,TX-114297,0,on_time,39457074,350570
RP-383-0-0,LN-383-0,EXT-10383,2,2026-08-27,4680.05,468005,4680.05,468005,2026-08-30,TX-114314,3,late,13670143,160844
RP-383-1-0,LN-383-0,EXT-10383,3,2026-09-27,4680.05,468005,4680.05,468005,2026-09-30,TX-114323;TX-114325,3,late,13362982,157230
RP-383-2-0,LN-383-0,EXT-10383,4,2026-10-27,4680.05,468005,4680.05,468005,2026-10-30,TX-114336,3,late,13052207,153573
RP-384-0-0,LN-384-0,EXT-10384,2,2026-08-24,21937.14,2193714,21937.14,2193714,2026-08-24,TX-114348,0,on_time,46763163,454074
RP-384-1-0,LN-384-0,EXT-10384,3,2026-09-24,21937.14,2193714,21937.14,2193714,2026-09-24,TX-114359,0,on_time,45023523,437182
RP-384-2-0,LN-384-0,EXT-10384,4,2026-10-24,21937.14,2193714,21937.14,2193714,2026-10-24,TX-114370,0,on_time,43266991,420126
RP-385-0-0,LN-385-0,EXT-10385,2,2026-08-28,22349.56,2234956,22349.56,2234956,2026-08-28,TX-114384,0,on_time,24154798,398031
RP-385-1-0,LN-385-0,EXT-10385,3,2026-09-28,22349.56,2234956,22349.56,2234956,2026-09-28,TX-114393,0,on_time,22317873,367761
RP-385-2-0,LN-385-0,EXT-10385,4,2026-10-28,22349.56,2234956,22349.56,2234956,2026-10-28,TX-114402,0,on_time,20450678,336993
RP-386-0-0,LN-386-0,EXT-10386,2,2026-08-21,13288.47,1328847,13288.47,1328847,2026-08-30,TX-114417,9,late,37639483,511223
RP-386-1-0,LN-386-0,EXT-10386,3,2026-09-21,13288.47,1328847,13288.47,1328847,2026-09-30,TX-114431,9,late,36821859,500118
RP-386-2-0,LN-386-0,EXT-10386,4,2026-10-21,13288.47,1328847,13288.47,1328847,2026-10-30,TX-114439;TX-114444,9,late,35993130,488862
RP-387-0-0,LN-387-0,EXT-10387,2,2026-08-28,16967.01,1696701,16967.01,1696701,2026-08-28,TX-114457,0,on_time,19180562,178485
RP-387-1-0,LN-387-0,EXT-10387,3,2026-09-28,16967.01,1696701,16967.01,1696701,2026-09-28,TX-114467,0,on_time,17662346,164357
RP-387-2-0,LN-387-0,EXT-10387,4,2026-10-28,16967.01,1696701,16967.01,1696701,2026-10-28,TX-114477,0,on_time,16130002,150098
RP-388-0-0,LN-388-0,EXT-10388,2,2026-08-26,13075.11,1307511,13075.11,1307511,2026-08-26,TX-114490,0,on_time,36126647,544299
RP-388-1-0,LN-388-0,EXT-10388,3,2026-09-26,13075.11,1307511,13075.11,1307511,2026-10-05,TX-114504;TX-114505;TX-114508,9,late,35363435,532800
RP-388-2-0,LN-388-0,EXT-10388,4,2026-10-26,13075.11,1307511,13075.11,1307511,2026-10-26,TX-114516,0,on_time,34588724,521128
RP-389-0-0,LN-389-0,EXT-10389,2,2026-08-24,7265.21,726521,7265.21,726521,2026-08-24,TX-114529,0,on_time,14930599,191165
RP-389-1-0,LN-389-0,EXT-10389,3,2026-09-24,7265.21,726521,7265.21,726521,2026-09-24,TX-114540,0,on_time,14395243,184311
RP-389-2-0,LN-389-0,EXT-10389,4,2026-10-24,7265.21,726521,0,0,,,0,missed,13853033,177368
RP-391-0-0,LN-391-0,EXT-10391,2,2026-08-27,20326.33,2032633,20326.33,2032633,2026-09-02,TX-114597,6,late,41791887,533411
RP-391-0-1,LN-391-1,EXT-10391,2,2026-08-27,22526.96,2252696,22526.96,2252696,2026-09-02,TX-114598,6,late,68638930,638943
RP-391-1-0,LN-391-0,EXT-10391,3,2026-09-27,20326.33,2032633,20326.33,2032633,2026-10-03,TX-114613,6,late,40292665,514275
RP-391-1-1,LN-391-1,EXT-10391,3,2026-09-27,22526.96,2252696,22526.96,2252696,2026-10-03,TX-114614,6,late,67025177,623921
RP-391-2-0,LN-391-0,EXT-10391,4,2026-10-27,20326.33,2032633,20326.33,2032633,2026-11-02,TX-114624,6,late,38774307,494896
RP-391-2-1,LN-391-1,EXT-10391,4,2026-10-27,22526.96,2252696,22526.96,2252696,2026-11-02,TX-114625,6,late,65396402,608759
RP-392-0-0,LN-392-0,EXT-10392,2,2026-08-23,7953.76,795376,7953.76,795376,2026-08-23,TX-114636,0,on_time,16432929,202952
RP-392-1-0,LN-392-0,EXT-10392,3,2026-09-23,7953.76,795376,7953.76,795376,2026-09-23,TX-114649,0,on_time,15840505,195636
RP-392-2-0,LN-392-0,EXT-10392,4,2026-10-23,7953.76,795376,7953.76,795376,2026-10-23,TX-114660,0,on_time,15240765,188229
RP-393-0-0,LN-393-0,EXT-10393,2,2026-08-22,21257.58,2125758,21257.58,2125758,2026-08-22,TX-114674,0,on_time,45612944,417826
RP-393-1-0,LN-393-0,EXT-10393,3,2026-09-22,21257.58,2125758,21257.58,2125758,2026-09-22,TX-114684,0,on_time,43905012,402181
RP-393-2-0,LN-393-0,EXT-10393,4,2026-10-22,21257.58,2125758,21257.58,2125758,2026-10-22,TX-114694,0,on_time,42181435,386392
RP-394-0-0,LN-394-0,EXT-10394,2,2026-08-26,10355.25,1035525,10355.25,1035525,2026-08-26,TX-114710,0,on_time,22352793,193590
RP-394-1-0,LN-394-0,EXT-10394,3,2026-09-26,10355.25,1035525,10355.25,1035525,2026-09-26,TX-114722,0,on_time,21510858,186298
RP-394-2-0,LN-394-0,EXT-10394,4,2026-10-26,10355.25,1035525,10355.25,1035525,2026-11-01,TX-114732;TX-114734,6,late,20661631,178943
RP-395-0-0,LN-395-0,EXT-10395,2,2026-08-21,23398.81,2339881,23398.81,2339881,2026-08-21,TX-114746,0,on_time,25963680,318261
RP-395-1-0,LN-395-0,EXT-10395,3,2026-09-21,23398.81,2339881,23398.81,2339881,2026-10-06,TX-114756;TX-114757;TX-114763;TX-114764,15,late,23942060,293480
RP-395-2-0,LN-395-0,EXT-10395,4,2026-10-21,23398.81,2339881,21391.49,2139149,2026-11-02,TX-114774,12,partial,21895659,268395
RP-396-0-0,LN-396-0,EXT-10396,2,2026-08-26,13550.51,1355051,13550.51,1355051,2026-08-26,TX-114785,0,on_time,14815158,216616
RP-396-1-0,LN-396-0,EXT-10396,3,2026-09-26,13550.51,1355051,13550.51,1355051,2026-10-05,TX-114796;TX-114797;TX-114801,9,late,13676723,199971
RP-396-2-0,LN-396-0,EXT-10396,4,2026-10-26,13550.51,1355051,1151.38,115138,2026-10-26,TX-114808,0,partial,12521643,183082
RP-397-0-0,LN-397-0,EXT-10397,2,2026-08-24,22325.92,2232592,22325.92,2232592,2026-08-24,TX-114820,0,on_time,68214895,624115
RP-397-1-0,LN-397-0,EXT-10397,3,2026-09-24,22325.92,2232592,22325.92,2232592,2026-09-24,TX-114831,0,on_time,66606418,609399
RP-397-2-0,LN-397-0,EXT-10397,4,2026-10-24,22325.92,2232592,22325.92,2232592,2026-10-24,TX-114840,0,on_time,64983225,594548
RP-398-0-0,LN-398-0,EXT-10398,2,2026-08-25,4483.97,448397,4483.97,448397,2026-08-28,TX-114856,3,late,12463761,183300
RP-398-1-0,LN-398-0,EXT-10398,3,2026-09-25,4483.97,448397,4483.97,448397,2026-09-25,TX-114870,0,on_time,12198664,179402
RP-398-2-0,LN-398-0,EXT-10398,4,2026-10-25,4483.97,448397,4483.97,448397,2026-11-03,TX-114885,9,late,11929669,175446
RP-399-0-0,LN-399-0,EXT-10399,2,2026-08-26,19180.86,1918086,19180.86,1918086,2026-09-07,TX-114903,12,late,54417099,733896
RP-399-1-0,LN-399-0,EXT-10399,3,2026-09-26,19180.86,1918086,19180.86,1918086,2026-10-02,TX-114911;TX-114912,6,late,53232909,717926
RP-399-2-0,LN-399-0,EXT-10399,4,2026-10-26,19180.86,1918086,19180.86,1918086,2026-10-29,TX-114924;TX-114925,3,late,52032749,701740
RP-401-0-0,LN-401-0,EXT-10401,2,2026-08-28,21421.74,2142174,21421.74,2142174,2026-08-28,TX-114969,0,on_time,44273075,545551
RP-401-0-1,LN-401-1,EXT-10401,2,2026-08-28,27659.27,2765927,27659.27,2765927,2026-08-28,TX-114970,0,on_time,59152222,558313
RP-401-1-0,LN-401-0,EXT-10401,3,2026-09-28,21421.74,2142174,21421.74,2142174,2026-09-28,TX-114981,0,on_time,42676452,525877
RP-401-1-1,LN-401-1,EXT-10401,3,2026-09-28,27659.27,2765927,27659.27,2765927,2026-09-28,TX-114982,0,on_time,56944608,537476
RP-401-2-0,LN-401-0,EXT-10401,4,2026-10-28,21421.74,2142174,21421.74,2142174,2026-10-28,TX-114992,0,on_time,41060155,505960
RP-401-2-1,LN-401-1,EXT-10401,4,2026-10-28,27659.27,2765927,27659.27,2765927,2026-10-28,TX-114993,0,on_time,54716157,516443
RP-402-0-0,LN-402-0,EXT-10402,2,2026-08-27,26984.34,2698434,26984.34,2698434,2026-08-27,TX-115007,0,on_time,79796850,881336
RP-402-1-0,LN-402-0,EXT-10402,3,2026-09-27,26984.34,2698434,26984.34,2698434,2026-09-30,TX-115022,3,late,77979752,861267
RP-402-2-0,LN-402-0,EXT-10402,4,2026-10-27,26984.34,2698434,26984.34,2698434,2026-10-30,TX-115032;TX-115034,3,late,76142585,840976
RP-403-0-0,LN-403-0,EXT-10403,2,2026-08-24,7835.24,783524,7835.24,783524,2026-08-24,TX-115045,0,on_time,23836292,224043
RP-403-1-0,LN-403-0,EXT-10403,3,2026-09-24,7835.24,783524,7835.24,783524,2026-09-24,TX-115058,0,on_time,23276811,218785
RP-403-2-0,LN-403-0,EXT-10403,4,2026-10-24,7835.24,783524,7835.24,783524,2026-10-24,TX-115069,0,on_time,22712072,213476
RP-404-0-0,LN-404-0,EXT-10404,2,2026-08-24,66934.37,6693437,66934.37,6693437,2026-08-24,TX-115081,0,on_time,73537708,1017976
RP-404-1-0,LN-404-0,EXT-10404,3,2026-09-24,66934.37,6693437,66934.37,6693437,2026-10-03,TX-115097,9,late,67862247,939411
RP-404-2-0,LN-404-0,EXT-10404,4,2026-10-24,66934.37,6693437,66934.37,6693437,2026-11-02,TX-115106,9,late,62108221,859759
RP-405-0-0,LN-405-0,EXT-10405,2,2026-08-23,11672.77,1167277,11672.77,1167277,2026-08-23,TX-115116,0,on_time,25266511,213001
RP-405-1-0,LN-405-0,EXT-10405,3,2026-09-23,11672.77,1167277,11672.77,1167277,2026-09-23,TX-115126,0,on_time,24312235,204956
RP-405-2-0,LN-405-0,EXT-10405,4,2026-10-23,11672.77,1167277,11672.77,1167277,2026-10-23,TX-115136,0,on_time,23349914,196844
RP-406-0-0,LN-406-0,EXT-10406,2,2026-08-23,13830.03,1383003,13830.03,1383003,2026-08-23,TX-115148,0,on_time,39249677,528559
RP-406-1-0,LN-406-0,EXT-10406,3,2026-09-23,13830.03,1383003,13830.03,1383003,2026-10-02,TX-115160;TX-115164,9,late,38395233,517053
RP-406-2-0,LN-406-0,EXT-10406,4,2026-10-23,13830.03,1383003,13830.03,1383003,2026-11-01,TX-115170;TX-115175,9,late,37529283,505391
RP-407-0-0,LN-407-0,EXT-10407,2,2026-08-22,24919.29,2491929,24919.29,2491929,2026-08-22,TX-115187,0,on_time,72416570,873802
RP-407-1-0,LN-407-0,EXT-10407,3,2026-09-22,24919.29,2491929,24919.29,2491929,2026-10-01,TX-115206,9,late,70798443,854278
RP-407-2-0,LN-407-0,EXT-10407,4,2026-10-22,24919.29,2491929,24919.29,2491929,2026-11-03,TX-115215;TX-115220,12,late,69160792,834517
RP-408-0-0,LN-408-0,EXT-10408,2,2026-08-23,20940.54,2094054,20940.54,2094054,2026-08-29,TX-115234,6,late,22893864,334901
RP-408-1-0,LN-408-0,EXT-10408,3,2026-09-23,20940.54,2094054,20940.54,2094054,2026-09-29,TX-115244;TX-115249,6,late,21134711,309167
RP-408-2-0,LN-408-0,EXT-10408,4,2026-10-23,20940.54,2094054,20940.54,2094054,2026-10-29,TX-115257;TX-115262,6,late,19349824,283057
RP-409-0-0,LN-409-0,EXT-10409,2,2026-08-20,26779.76,2677976,26779.76,2677976,2026-08-20,TX-115272,0,on_time,30243074,286233
RP-409-1-0,LN-409-0,EXT-10409,3,2026-09-20,26779.76,2677976,26779.76,2677976,2026-09-20,TX-115281,0,on_time,27851331,263597
RP-409-2-0,LN-409-0,EXT-10409,4,2026-10-20,26779.76,2677976,26779.76,2677976,2026-10-20,TX-115290,0,on_time,25436952,240746
RP-411-0-0,LN-411-0,EXT-10411,2,2026-08-27,15489.57,1548957,15489.57,1548957,2026-08-27,TX-115336,0,on_time,47200906,439110
RP-411-0-1,LN-411-1,EXT-10411,2,2026-08-27,20224.87,2022487,20224.87,2022487,2026-08-27,TX-115337,0,on_time,22661996,242627
RP-411-1-0,LN-411-0,EXT-10411,3,2026-09-27,15489.57,1548957,15489.57,1548957,2026-09-27,TX-115348,0,on_time,46091059,428785
RP-411-1-1,LN-411-1,EXT-10411,3,2026-09-27,20224.87,2022487,20224.87,2022487,2026-09-27,TX-115349,0,on_time,20882136,223571
RP-411-2-0,LN-411-0,EXT-10411,4,2026-10-27,15489.57,1548957,15489.57,1548957,2026-10-27,TX-115360,0,on_time,44970887,418364
RP-411-2-1,LN-411-1,EXT-10411,4,2026-10-27,20224.87,2022487,20224.87,2022487,2026-10-27,TX-115361,0,on_time,19083220,204311
RP-412-0-0,LN-412-0,EXT-10412,2,2026-08-28,15272.61,1527261,15272.61,1527261,2026-08-28,TX-115375,0,on_time,16987065,201796
RP-412-1-0,LN-412-0,EXT-10412,3,2026-09-28,15272.61,1527261,15272.61,1527261,2026-09-28,TX-115384,0,on_time,15661600,186051
RP-412-2-0,LN-412-0,EXT-10412,4,2026-10-28,15272.61,1527261,15272.61,1527261,2026-10-28,TX-115393,0,on_time,14320390,170118
RP-413-0-0,LN-413-0,EXT-10413,2,2026-08-28,14228.43,1422843,14228.43,1422843,2026-08-28,TX-115407,0,on_time,28291329,442311
RP-413-1-0,LN-413-0,EXT-10413,3,2026-09-28,14228.43,1422843,14228.43,1422843,2026-09-28,TX-115418,0,on_time,27310797,426982
RP-413-2-0,LN-413-0,EXT-10413,4,2026-10-28,14228.43,1422843,14228.43,1422843,2026-10-28,TX-115429,0,on_time,26314936,411412
RP-414-0-0,LN-414-0,EXT-10414,2,2026-08-23,12452.25,1245225,12452.25,1245225,2026-09-01,TX-115441,9,late,34288886,523623
RP-414-1-0,LN-414-0,EXT-10414,3,2026-09-23,12452.25,1245225,12452.25,1245225,2026-09-29,TX-115451,6,late,33567284,512603
RP-414-2-0,LN-414-0,EXT-10414,4,2026-10-23,12452.25,1245225,12452.25,1245225,2026-11-01,TX-115461,9,late,32834662,501415
RP-415-0-0,LN-415-0,EXT-10415,2,2026-08-23,34163.05,3416305,34163.05,3416305,2026-08-23,TX-115471,0,on_time,69762743,931048
RP-415-1-0,LN-415-0,EXT-10415,3,2026-09-23,34163.05,3416305,34163.05,3416305,2026-09-23,TX-115485,0,on_time,67277486,897880
RP-415-2-0,LN-415-0,EXT-10415,4,2026-10-23,34163.05,3416305,34163.05,3416305,2026-10-23,TX-115496,0,on_time,64759061,864269
RP-416-0-0,LN-416-0,EXT-10416,2,2026-08-26,24430.69,2443069,24430.69,2443069,2026-08-26,TX-115513,0,on_time,69151829,942078
RP-416-1-0,LN-416-0,EXT-10416,3,2026-09-26,24430.69,2443069,24430.69,2443069,2026-09-26,TX-115524,0,on_time,67650838,921630
RP-416-2-0,LN-416-0,EXT-10416,4,2026-10-26,24430.69,2443069,24430.69,2443069,2026-10-26,TX-115535,0,on_time,66129399,900903
RP-417-0-0,LN-417-0,EXT-10417,2,2026-08-23,34851.25,3485125,34851.25,3485125,2026-08-26,TX-115546,3,late,69993518,1033956
RP-417-1-0,LN-417-0,EXT-10417,3,2026-09-23,34851.25,3485125,34851.25,3485125,2026-09-29,TX-115556;TX-115560,6,late,67542349,997747
RP-417-2-0,LN-417-0,EXT-10417,4,2026-10-23,34851.25,3485125,34851.25,3485125,2026-10-23,TX-115566,0,on_time,65054971,961003
RP-418-0-0,LN-418-0,EXT-10418,2,2026-08-25,8664.07,866407,8664.07,866407,2026-08-28,TX-115582,3,late,26801777,226167
RP-418-1-0,LN-418-0,EXT-10418,3,2026-09-25,8664.07,866407,8664.07,866407,2026-10-01,TX-115593,6,late,26161537,220764
RP-418-2-0,LN-418-0,EXT-10418,4,2026-10-25,8664.07,866407,8664.07,866407,2026-10-31,TX-115604,6,late,25515894,215316
RP-419-0-0,LN-419-0,EXT-10419,2,2026-08-27,52031.31,5203131,52031.31,5203131,2026-08-30,TX-115616,3,late,56854726,836513
RP-419-1-0,LN-419-0,EXT-10419,3,2026-09-27,52031.31,5203131,52031.31,5203131,2026-09-30,TX-115629,3,late,52488108,772266
RP-419-2-0,LN-419-0,EXT-10419,4,2026-10-27,52031.31,5203131,52031.31,5203131,2026-10-30,TX-115642,3,late,48057243,707074
RP-421-0-0,LN-421-0,EXT-10421,2,2026-08-24,32274.93,3227493,32274.93,3227493,2026-08-30,TX-115688,6,late,36316391,364635
RP-421-0-1,LN-421-1,EXT-10421,2,2026-08-24,26069.71,2606971,26069.71,2606971,2026-09-02,TX-115690,9,late,29248958,307148
RP-421-1-0,LN-421-0,EXT-10421,3,2026-09-24,32274.93,3227493,32274.93,3227493,2026-10-03,TX-115700;TX-115704,9,late,33453533,335890
RP-421-1-1,LN-421-1,EXT-10421,3,2026-09-24,26069.71,2606971,26069.71,2606971,2026-11-02,TX-115705;TX-115716,39,late,26949135,282997
RP-421-2-0,LN-421-0,EXT-10421,4,2026-10-24,32274.93,3227493,32274.93,3227493,2026-11-02,TX-115717,9,late,30561930,306857
RP-421-2-1,LN-421-1,EXT-10421,4,2026-10-24,26069.71,2606971,3416.88,341688,2026-11-02,TX-115718,9,partial,26263491,275797
RP-422-0-0,LN-422-0,EXT-10422,2,2026-08-24,9765.34,976534,9765.34,976534,2026-08-24,TX-115731,0,on_time,28906130,317596
RP-422-1-0,LN-422-0,EXT-10422,3,2026-09-24,9765.34,976534,9765.34,976534,2026-09-24,TX-115742,0,on_time,28247192,310357
RP-422-2-0,LN-422-0,EXT-10422,4,2026-10-24,9765.34,976534,9765.34,976534,2026-10-24,TX-115753,0,on_time,27581015,303037
RP-423-0-0,LN-423-0,EXT-10423,2,2026-08-23,6803.61,680361,6803.61,680361,2026-08-23,TX-115768,0,on_time,14537328,138291
RP-423-1-0,LN-423-0,EXT-10423,3,2026-09-23,6803.61,680361,6803.61,680361,2026-10-05,TX-115779;TX-115785,12,late,13995258,133135
RP-423-2-0,LN-423-0,EXT-10423,4,2026-10-23,6803.61,680361,6803.61,680361,2026-10-23,TX-115791,0,on_time,13448032,127929
RP-424-0-0,LN-424-0,EXT-10424,2,2026-08-22,13473.05,1347305,13473.05,1347305,2026-09-03,TX-115809,12,late,37765610,536448
RP-424-1-0,LN-424-0,EXT-10424,3,2026-09-22,13473.05,1347305,13473.05,1347305,2026-09-25,TX-115814,3,late,36954753,524930
RP-424-2-0,LN-424-0,EXT-10424,4,2026-10-22,13473.05,1347305,13473.05,1347305,2026-10-28,TX-115824,6,late,36132378,513248
RP-425-0-0,LN-425-0,EXT-10425,2,2026-08-25,17406.79,1740679,17406.79,1740679,2026-08-25,TX-115837,0,on_time,18929385,293096
RP-425-1-0,LN-425-0,EXT-10425,3,2026-09-25,17406.79,1740679,17406.79,1740679,2026-09-25,TX-115851,0,on_time,17481802,270682
RP-425-2-0,LN-425-0,EXT-10425,4,2026-10-25,17406.79,1740679,17406.79,1740679,2026-10-25,TX-115862,0,on_time,16011805,247921
RP-426-0-0,LN-426-0,EXT-10426,2,2026-08-22,69862.04,6986204,69862.04,6986204,2026-09-03,TX-115876;TX-115877;TX-115882,12,late,76040840,1166479
RP-426-1-0,LN-426-0,EXT-10426,3,2026-09-22,69862.04,6986204,69862.04,6986204,2026-10-01,TX-115895,9,late,70221115,1077204
RP-426-2-0,LN-426-0,EXT-10426,4,2026-10-22,69862.04,6986204,65534.87,6553487,2026-11-03,TX-115907,12,partial,64312115,986559
RP-427-0-0,LN-427-0,EXT-10427,2,2026-08-28,34980.6,3498060,34980.6,3498060,2026-08-28,TX-115918,0,on_time,39289562,405769
RP-427-1-0,LN-427-0,EXT-10427,3,2026-09-28,34980.6,3498060,34980.6,3498060,2026-10-04,TX-115928;TX-115931,6,late,36197271,373833
RP-427-2-0,LN-427-0,EXT-10427,4,2026-10-28,34980.6,3498060,34980.6,3498060,2026-11-03,TX-115942,6,late,33073044,341567
RP-428-0-0,LN-428-0,EXT-10428,2,2026-08-26,41775.62,4177562,41775.62,4177562,2026-08-26,TX-115952,0,on_time,85601130,1117373
RP-428-1-0,LN-428-0,EXT-10428,3,2026-09-26,41775.62,4177562,41775.62,4177562,2026-09-26,TX-115963,0,on_time,82540941,1077428
RP-428-2-0,LN-428-0,EXT-10428,4,2026-10-26,41775.62,4177562,41775.62,4177562,2026-10-26,TX-115972,0,on_time,79440807,1036961
RP-429-0-0,LN-429-0,EXT-10429,2,2026-08-28,8221.43,822143,8221.43,822143,2026-09-03,TX-115986,6,late,25439253,214281
RP-429-1-0,LN-429-0,EXT-10429,3,2026-09-28,8221.43,822143,8221.43,822143,2026-10-04,TX-115997,6,late,24831391,209161
RP-429-2-0,LN-429-0,EXT-10429,4,2026-10-28,8221.43,822143,8221.43,822143,2026-10-31,TX-116005,3,late,24218409,203998
RP-431-0-0,LN-431-0,EXT-10431,2,2026-08-22,37161.78,3716178,37161.78,3716178,2026-09-03,TX-116046;TX-116053,12,late,40325955,638279
RP-431-0-1,LN-431-1,EXT-10431,2,2026-08-22,6553.23,655323,6553.23,655323,2026-09-03,TX-116047;TX-116054,12,late,13209403,190979
RP-431-1-0,LN-431-0,EXT-10431,3,2026-09-22,37161.78,3716178,37161.78,3716178,2026-10-01,TX-116064,9,late,37248056,589562
RP-431-1-1,LN-431-1,EXT-10431,3,2026-09-22,6553.23,655323,6553.23,655323,2026-10-01,TX-116065,9,late,12745059,184266
RP-431-2-0,LN-431-0,EXT-10431,4,2026-10-22,37161.78,3716178,37161.78,3716178,2026-11-03,TX-116077,12,late,34121440,540074
RP-431-2-1,LN-431-1,EXT-10431,4,2026-10-22,6553.23,655323,6553.23,655323,2026-11-03,TX-116078,12,late,12274002,177455
RP-432-0-0,LN-432-0,EXT-10432,2,2026-08-21,14991.28,1499128,14991.28,1499128,2026-08-30,TX-116089,9,late,46186160,400530
RP-432-1-0,LN-432-0,EXT-10432,3,2026-09-21,14991.28,1499128,14991.28,1499128,2026-10-03,TX-116103,12,late,45087562,391003
RP-432-2-0,LN-432-0,EXT-10432,4,2026-10-21,14991.28,1499128,14991.28,1499128,2026-11-02,TX-116114,12,late,43979437,381393
RP-433-0-0,LN-433-0,EXT-10433,2,2026-08-23,20083.02,2008302,20083.02,2008302,2026-09-01,TX-116128,9,late,43399658,371816
RP-433-1-0,LN-433-0,EXT-10433,3,2026-09-23,20083.02,2008302,20083.02,2008302,2026-10-02,TX-116142,9,late,41763172,357796
RP-433-2-0,LN-433-0,EXT-10433,4,2026-10-23,20083.02,2008302,20083.02,2008302,2026-11-01,TX-116153,9,late,40112666,343655
RP-434-0-0,LN-434-0,EXT-10434,2,2026-08-20,9215.39,921539,9215.39,921539,2026-08-20,TX-116163,0,on_time,27616150,283632
RP-434-1-0,LN-434-0,EXT-10434,3,2026-09-20,9215.39,921539,9215.39,921539,2026-10-02,TX-116175;TX-116177;TX-116182,12,late,26978243,277080
RP-434-2-0,LN-434-0,EXT-10434,4,2026-10-20,9215.39,921539,9215.39,921539,2026-11-01,TX-116189;TX-116193,12,late,26333784,270461
RP-435-0-0,LN-435-0,EXT-10435,2,2026-08-24,15146.26,1514626,15146.26,1514626,2026-08-24,TX-116203,0,on_time,29973666,480915
RP-435-1-0,LN-435-0,EXT-10435,3,2026-09-24,15146.26,1514626,15146.26,1514626,2026-09-24,TX-116212,0,on_time,28939955,464330
RP-435-2-0,LN-435-0,EXT-10435,4,2026-10-24,15146.26,1514626,15146.26,1514626,2026-10-24,TX-116221,0,on_time,27889659,447478
RP-436-0-0,LN-436-0,EXT-10436,2,2026-08-25,24109.59,2410959,24109.59,2410959,2026-09-03,TX-116235;TX-116237;TX-116240,9,late,71433392,780928
RP-436-1-0,LN-436-0,EXT-10436,3,2026-09-25,24109.59,2410959,8776.04,877604,2026-10-01,TX-116251,6,partial,69803361,763108
RP-436-2-0,LN-436-0,EXT-10436,4,2026-10-25,24109.59,2410959,0,0,,,0,missed,69688865,761856
RP-437-0-0,LN-437-0,EXT-10437,2,2026-08-28,13453.35,1345335,13453.35,1345335,2026-08-28,TX-116269,0,on_time,38027899,521169
RP-437-1-0,LN-437-0,EXT-10437,3,2026-09-28,13453.35,1345335,13453.35,1345335,2026-09-28,TX-116278,0,on_time,37203733,509874
RP-437-2-0,LN-437-0,EXT-10437,4,2026-10-28,13453.35,1345335,13453.35,1345335,2026-10-28,TX-116287,0,on_time,36368272,498424
RP-438-0-0,LN-438-0,EXT-10438,2,2026-08-22,3026.8,302680,3026.8,302680,2026-08-22,TX-116299,0,on_time,8883573,102028
RP-438-1-0,LN-438-0,EXT-10438,3,2026-09-22,3026.8,302680,3026.8,302680,2026-09-22,TX-116310,0,on_time,8682921,99723
RP-438-2-0,LN-438-0,EXT-10438,4,2026-10-22,3026.8,302680,3026.8,302680,2026-10-22,TX-116321,0,on_time,8479964,97392
RP-439-0-0,LN-439-0,EXT-10439,2,2026-08-20,8709.16,870916,8709.16,870916,2026-08-20,TX-116334,0,on_time,25650250,289371
RP-439-1-0,LN-439-0,EXT-10439,3,2026-09-20,8709.16,870916,8709.16,870916,2026-09-20,TX-116345,0,on_time,25068705,282811
RP-439-2-0,LN-439-0,EXT-10439,4,2026-10-20,8709.16,870916,8709.16,870916,2026-10-20,TX-116356,0,on_time,24480600,276176
RP-441-0-0,LN-441-0,EXT-10441,2,2026-08-28,10715.78,1071578,10715.78,1071578,2026-08-28,TX-116407,0,on_time,21341667,330652
RP-441-0-1,LN-441-1,EXT-10441,2,2026-08-28,6394.24,639424,6394.24,639424,2026-08-28,TX-116408,0,on_time,13413854,148339
RP-441-1-0,LN-441-0,EXT-10441,3,2026-09-28,10715.78,1071578,10715.78,1071578,2026-09-28,TX-116420,0,on_time,20600741,319172
RP-441-1-1,LN-441-1,EXT-10441,3,2026-09-28,6394.24,639424,6394.24,639424,2026-09-28,TX-116421,0,on_time,12922769,142909
RP-441-2-0,LN-441-0,EXT-10441,4,2026-10-28,10715.78,1071578,10715.78,1071578,2026-10-28,TX-116431,0,on_time,19848335,307515
RP-441-2-1,LN-441-1,EXT-10441,4,2026-10-28,6394.24,639424,6394.24,639424,2026-10-28,TX-116432,0,on_time,12426254,137418
RP-442-0-0,LN-442-0,EXT-10442,2,2026-08-25,26339.65,2633965,26339.65,2633965,2026-08-25,TX-116441,0,on_time,28918961,403393
RP-442-1-0,LN-442-0,EXT-10442,3,2026-09-25,26339.65,2633965,26339.65,2633965,2026-09-25,TX-116451,0,on_time,26688389,372279
RP-442-2-0,LN-442-0,EXT-10442,4,2026-10-25,26339.65,2633965,26339.65,2633965,2026-11-03,TX-116461;TX-116467,9,late,24426703,340730
RP-443-0-0,LN-443-0,EXT-10443,2,2026-08-27,7339.01,733901,7339.01,733901,2026-08-27,TX-116476,0,on_time,7976335,124247
RP-443-1-0,LN-443-0,EXT-10443,3,2026-09-27,7339.01,733901,7339.01,733901,2026-09-27,TX-116485,0,on_time,7366681,114750
RP-443-2-0,LN-443-0,EXT-10443,4,2026-10-27,7339.01,733901,7339.01,733901,2026-10-27,TX-116494,0,on_time,6747530,105106
RP-444-0-0,LN-444-0,EXT-10444,2,2026-08-24,13780.98,1378098,13780.98,1378098,2026-08-24,TX-116509,0,on_time,39314158,517312
RP-444-1-0,LN-444-0,EXT-10444,3,2026-09-24,13780.98,1378098,13780.98,1378098,2026-10-06,TX-116520;TX-116526,12,late,38453372,505985
RP-444-2-0,LN-444-0,EXT-10444,4,2026-10-24,13780.98,1378098,13780.98,1378098,2026-11-05,TX-116539,12,late,37581259,494510
RP-445-0-0,LN-445-0,EXT-10445,2,2026-08-24,23663.31,2366331,23663.31,2366331,2026-08-30,TX-116546;TX-116550,6,late,48336965,643800
RP-445-1-0,LN-445-0,EXT-10445,3,2026-09-24,23663.31,2366331,23663.31,2366331,2026-09-24,TX-116556,0,on_time,46614434,620858
RP-445-2-0,LN-445-0,EXT-10445,4,2026-10-24,23663.31,2366331,23663.31,2366331,2026-10-24,TX-116565,0,on_time,44868961,597610
RP-446-0-0,LN-446-0,EXT-10446,2,2026-08-28,13567.55,1356755,13567.55,1356755,2026-08-28,TX-116581,0,on_time,15039586,186772
RP-446-1-0,LN-446-0,EXT-10446,3,2026-09-28,13567.55,1356755,13567.55,1356755,2026-10-01,TX-116595,3,late,13869603,172242
RP-446-2-0,LN-446-0,EXT-10446,4,2026-10-28,13567.55,1356755,13567.55,1356755,2026-11-03,TX-116608,6,late,12685090,157532
RP-447-0-0,LN-447-0,EXT-10447,2,2026-08-22,14065.11,1406511,14065.11,1406511,2026-08-22,TX-116617,0,on_time,27936580,439356
RP-447-1-0,LN-447-0,EXT-10447,3,2026-09-22,14065.11,1406511,14065.11,1406511,2026-10-01,TX-116629;TX-116633,9,late,26969425,424146
RP-447-2-0,LN-447-0,EXT-10447,4,2026-10-22,14065.11,1406511,14065.11,1406511,2026-10-25,TX-116640;TX-116641,3,late,25987060,408696
RP-448-0-0,LN-448-0,EXT-10448,2,2026-08-24,88559.97,8855997,88559.97,8855997,2026-09-02,TX-116658,9,late,98257459,1206037
RP-448-1-0,LN-448-0,EXT-10448,3,2026-09-24,88559.97,8855997,88559.97,8855997,2026-10-03,TX-116670,9,late,90607499,1112139
RP-448-2-0,LN-448-0,EXT-10448,4,2026-10-24,88559.97,8855997,88559.97,8855997,2026-11-02,TX-116680,9,late,82863641,1017089
RP-449-0-0,LN-449-0,EXT-10449,2,2026-08-23,29102.18,2910218,29102.18,2910218,2026-08-26,TX-116691,3,late,58564978,855015
RP-449-1-0,LN-449-0,EXT-10449,3,2026-09-23,29102.18,2910218,29102.18,2910218,2026-09-29,TX-116703,6,late,56509775,825010
RP-449-2-0,LN-449-0,EXT-10449,4,2026-10-23,29102.18,2910218,29102.18,2910218,2026-10-29,TX-116712,6,late,54424567,794567
RP-451-0-0,LN-451-0,EXT-10451,2,2026-08-23,25097.1,2509710,25097.1,2509710,2026-08-23,TX-116760,0,on_time,73534229,851863
RP-451-0-1,LN-451-1,EXT-10451,2,2026-08-23,29567.24,2956724,29567.24,2956724,2026-08-23,TX-116761,0,on_time,59423521,874189
RP-451-1-0,LN-451-0,EXT-10451,3,2026-09-23,25097.1,2509710,25097.1,2509710,2026-09-23,TX-116774,0,on_time,71876382,832658
RP-451-1-1,LN-451-1,EXT-10451,3,2026-09-23,29567.24,2956724,29567.24,2956724,2026-09-23,TX-116775,0,on_time,57340986,843553
RP-451-2-0,LN-451-0,EXT-10451,4,2026-10-23,25097.1,2509710,25097.1,2509710,2026-10-23,TX-116786,0,on_time,70199330,813230
RP-451-2-1,LN-451-1,EXT-10451,4,2026-10-23,29567.24,2956724,29567.24,2956724,2026-11-01,TX-116787;TX-116792,9,late,55227815,812466
RP-452-0-0,LN-452-0,EXT-10452,2,2026-08-27,79914.76,7991476,79914.76,7991476,2026-08-30,TX-116805,3,late,88081351,1174029
RP-452-1-0,LN-452-0,EXT-10452,3,2026-09-27,79914.76,7991476,79914.76,7991476,2026-10-03,TX-116818;TX-116823,6,late,81263904,1083160
RP-452-2-0,LN-452-0,EXT-10452,4,2026-10-27,79914.76,7991476,79914.76,7991476,2026-11-02,TX-116832,6,late,74355588,991079
RP-453-0-0,LN-453-0,EXT-10453,2,2026-08-25,9155.2,915520,9155.2,915520,2026-08-25,TX-116844,0,on_time,26371003,331952
RP-453-1-0,LN-453-0,EXT-10453,3,2026-09-25,9155.2,915520,9155.2,915520,2026-09-25,TX-116857,0,on_time,25787435,324606
RP-453-2-0,LN-453-0,EXT-10453,4,2026-10-25,9155.2,915520,9155.2,915520,2026-10-25,TX-116868,0,on_time,25196521,317168
RP-454-0-0,LN-454-0,EXT-10454,2,2026-08-25,4018.92,401892,4018.92,401892,2026-08-25,TX-116881,0,on_time,8560885,83646
RP-454-1-0,LN-454-0,EXT-10454,3,2026-09-25,4018.92,401892,4018.92,401892,2026-09-25,TX-116890,0,on_time,8242639,80537
RP-454-2-0,LN-454-0,EXT-10454,4,2026-10-25,4018.92,401892,4018.92,401892,2026-10-25,TX-116899,0,on_time,7921284,77397
RP-455-0-0,LN-455-0,EXT-10455,2,2026-08-27,22348.44,2234844,22348.44,2234844,2026-08-30,TX-116913;TX-116915,3,late,60580754,982549
RP-455-1-0,LN-455-0,EXT-10455,3,2026-09-27,22348.44,2234844,22348.44,2234844,2026-09-30,TX-116928,3,late,59328459,962238
RP-455-2-0,LN-455-0,EXT-10455,4,2026-10-27,22348.44,2234844,22348.44,2234844,2026-10-27,TX-116937,0,on_time,58055853,941598
RP-456-0-0,LN-456-0,EXT-10456,2,2026-08-23,27230.82,2723082,27230.82,2723082,2026-08-23,TX-116949,0,on_time,54255073,838702
RP-456-1-0,LN-456-0,EXT-10456,3,2026-09-23,27230.82,2723082,27230.82,2723082,2026-09-23,TX-116961,0,on_time,52370693,809572
RP-456-2-0,LN-456-0,EXT-10456,4,2026-10-23,27230.82,2723082,27230.82,2723082,2026-10-23,TX-116971,0,on_time,50457183,779992
RP-457-0-0,LN-457-0,EXT-10457,2,2026-08-28,45019.34,4501934,45019.34,4501934,2026-08-28,TX-116986,0,on_time,49126502,733426
RP-457-1-0,LN-457-0,EXT-10457,3,2026-09-28,45019.34,4501934,45019.34,4501934,2026-09-28,TX-117000,0,on_time,45357994,677165
RP-457-2-0,LN-457-0,EXT-10457,4,2026-10-28,45019.34,4501934,45019.34,4501934,2026-10-28,TX-117011,0,on_time,41533225,620063
RP-458-0-0,LN-458-0,EXT-10458,2,2026-08-24,10445.09,1044509,10445.09,1044509,2026-09-02,TX-117024,9,late,30527437,358133
RP-458-1-0,LN-458-0,EXT-10458,3,2026-09-24,10445.09,1044509,10445.09,1044509,2026-09-30,TX-117032,6,late,29841061,350080
RP-458-2-0,LN-458-0,EXT-10458,4,2026-10-24,10445.09,1044509,10445.09,1044509,2026-10-27,TX-117041,3,late,29146632,341934
RP-459-0-0,LN-459-0,EXT-10459,2,2026-08-25,12722.91,1272291,12722.91,1272291,2026-08-25,TX-117053,0,on_time,13757523,225581
RP-459-1-0,LN-459-0,EXT-10459,3,2026-09-25,12722.91,1272291,12722.91,1272291,2026-10-01,TX-117066;TX-117070,6,late,12710813,208418
RP-459-2-0,LN-459-0,EXT-10459,4,2026-10-25,12722.91,1272291,12722.91,1272291,2026-11-03,TX-117083,9,late,11646940,190974
RP-461-0-0,LN-461-0,EXT-10461,2,2026-08-23,15108.19,1510819,15108.19,1510819,2026-08-23,TX-117124,0,on_time,29990282,473217
RP-461-0-1,LN-461-1,EXT-10461,2,2026-08-23,14450.16,1445016,14450.16,1445016,2026-08-23,TX-117125,0,on_time,16134417,181772
RP-461-1-0,LN-461-0,EXT-10461,3,2026-09-23,15108.19,1510819,15108.19,1510819,2026-09-23,TX-117137,0,on_time,28952680,456844
RP-461-1-1,LN-461-1,EXT-10461,3,2026-09-23,14450.16,1445016,14450.16,1445016,2026-10-02,TX-117140,9,late,14871173,167540
RP-461-2-0,LN-461-0,EXT-10461,4,2026-10-23,15108.19,1510819,0,0,,,0,missed,27898705,440214
RP-461-2-1,LN-461-1,EXT-10461,4,2026-10-23,14450.16,1445016,0,0,,,0,missed,13593697,153148
RP-462-0-0,LN-462-0,EXT-10462,2,2026-08-22,6638.31,663831,6638.31,663831,2026-08-28,TX-117164,6,late,18791232,255922
RP-462-1-0,LN-462-0,EXT-10462,3,2026-09-22,6638.31,663831,6638.31,663831,2026-09-28,TX-117184,6,late,18383323,250367
RP-462-2-0,LN-462-0,EXT-10462,4,2026-10-22,6638.31,663831,6638.31,663831,2026-10-28,TX-117194,6,late,17969859,244736
RP-463-0-0,LN-463-0,EXT-10463,2,2026-08-26,15763.66,1576366,15763.66,1576366,2026-08-26,TX-117205,0,on_time,48318093,433216
RP-463-1-0,LN-463-0,EXT-10463,3,2026-09-26,15763.66,1576366,15763.66,1576366,2026-10-05,TX-117221,9,late,47174943,422967
RP-463-2-0,LN-463-0,EXT-10463,4,2026-10-26,15763.66,1576366,15763.66,1576366,2026-10-26,TX-117228,0,on_time,46021544,412625
RP-464-0-0,LN-464-0,EXT-10464,2,2026-08-21,10180.67,1018067,10180.67,1018067,2026-08-21,TX-117240,0,on_time,21384044,234198
RP-464-1-0,LN-464-0,EXT-10464,3,2026-09-21,10180.67,1018067,10180.67,1018067,2026-09-21,TX-117250,0,on_time,20600175,225613
RP-464-2-0,LN-464-0,EXT-10464,4,2026-10-21,10180.67,1018067,10180.67,1018067,2026-10-21,TX-117260,0,on_time,19807721,216934
RP-465-0-0,LN-465-0,EXT-10465,2,2026-08-22,22133.76,2213376,22133.76,2213376,2026-08-22,TX-117272,0,on_time,24320014,336232
RP-465-1-0,LN-465-0,EXT-10465,3,2026-09-22,22133.76,2213376,22133.76,2213376,2026-09-22,TX-117281,0,on_time,22442870,310280
RP-465-2-0,LN-465-0,EXT-10465,4,2026-10-22,22133.76,2213376,22133.76,2213376,2026-10-22,TX-117290,0,on_time,20539774,283969
RP-466-0-0,LN-466-0,EXT-10466,2,2026-08-23,16658.88,1665888,16658.88,1665888,2026-08-23,TX-117303,0,on_time,44859336,745618
RP-466-1-0,LN-466-0,EXT-10466,3,2026-09-23,16658.88,1665888,16658.88,1665888,2026-10-02,TX-117315,9,late,43939066,730322
RP-466-2-0,LN-466-0,EXT-10466,4,2026-10-23,16658.88,1665888,16658.88,1665888,2026-11-01,TX-117323;TX-117327,9,late,43003500,714772
RP-467-0-0,LN-467-0,EXT-10467,2,2026-08-25,42125.2,4212520,42125.2,4212520,2026-08-25,TX-117338,0,on_time,47418739,473160
RP-467-1-0,LN-467-0,EXT-10467,3,2026-09-25,42125.2,4212520,42125.2,4212520,2026-09-25,TX-117348,0,on_time,43679379,435847
RP-467-2-0,LN-467-0,EXT-10467,4,2026-10-25,42125.2,4212520,42125.2,4212520,2026-10-28,TX-117358;TX-117361,3,late,39902706,398163
RP-468-0-0,LN-468-0,EXT-10468,2,2026-08-24,8129.05,812905,8129.05,812905,2026-08-24,TX-117372,0,on_time,25101310,214420
RP-468-1-0,LN-468-0,EXT-10468,3,2026-09-24,8129.05,812905,8129.05,812905,2026-09-24,TX-117382,0,on_time,24502825,209307
RP-468-2-0,LN-468-0,EXT-10468,4,2026-10-24,8129.05,812905,8129.05,812905,2026-10-24,TX-117392,0,on_time,23899227,204151
RP-469-0-0,LN-469-0,EXT-10469,2,2026-08-24,19897.23,1989723,19897.23,1989723,2026-08-24,TX-117405,0,on_time,40629284,542398
RP-469-1-0,LN-469-0,EXT-10469,3,2026-09-24,19897.23,1989723,19897.23,1989723,2026-09-24,TX-117415,0,on_time,39181959,523076
RP-469-2-0,LN-469-0,EXT-10469,4,2026-10-24,19897.23,1989723,19897.23,1989723,2026-10-24,TX-117425,0,on_time,37715312,503496
RP-471-0-0,LN-471-0,EXT-10471,2,2026-08-28,5700.45,570045,5700.45,570045,2026-08-28,TX-117468,0,on_time,17436492,158419
RP-471-0-1,LN-471-1,EXT-10471,2,2026-08-28,25503.03,2550303,25503.03,2550303,2026-08-28,TX-117469,0,on_time,28475889,320760
RP-471-1-0,LN-471-0,EXT-10471,3,2026-09-28,5700.45,570045,5700.45,570045,2026-09-28,TX-117478,0,on_time,17024866,154679
RP-471-1-1,LN-471-1,EXT-10471,3,2026-09-28,25503.03,2550303,25503.03,2550303,2026-10-01,TX-117479;TX-117481,3,late,26246346,295645
RP-471-2-0,LN-471-0,EXT-10471,4,2026-10-28,5700.45,570045,5700.45,570045,2026-11-03,TX-117489;TX-117493,6,late,16609500,150906
RP-471-2-1,LN-471-1,EXT-10471,4,2026-10-28,25503.03,2550303,25503.03,2550303,2026-11-03,TX-117494,6,late,23991688,270248
RP-472-0-0,LN-472-0,EXT-10472,2,2026-08-27,8107.07,810707,8107.07,810707,2026-08-27,TX-117505,0,on_time,22398998,337529
RP-472-1-0,LN-472-0,EXT-10472,3,2026-09-27,8107.07,810707,8107.07,810707,2026-09-27,TX-117523,0,on_time,21925820,330398
RP-472-2-0,LN-472-0,EXT-10472,4,2026-10-27,8107.07,810707,8107.07,810707,2026-10-27,TX-117534,0,on_time,21445511,323161
RP-473-0-0,LN-473-0,EXT-10473,2,2026-08-20,9621.09,962109,9621.09,962109,2026-08-29,TX-117550,9,late,28146961,328574
RP-473-1-0,LN-473-0,EXT-10473,3,2026-09-20,9621.09,962109,9621.09,962109,2026-09-29,TX-117564,9,late,27513426,321178
RP-473-2-0,LN-473-0,EXT-10473,4,2026-10-20,9621.09,962109,9621.09,962109,2026-10-29,TX-117569,9,late,26872495,313696
RP-474-0-0,LN-474-0,EXT-10474,2,2026-08-21,38475.44,3847544,38475.44,3847544,2026-08-21,TX-117580,0,on_time,42739980,516409
RP-474-1-0,LN-474-0,EXT-10474,3,2026-09-21,38475.44,3847544,38475.44,3847544,2026-09-21,TX-117589,0,on_time,39408845,476161
RP-474-2-0,LN-474-0,EXT-10474,4,2026-10-21,38475.44,3847544,38475.44,3847544,2026-10-21,TX-117598,0,on_time,36037462,435426
RP-475-0-0,LN-475-0,EXT-10475,2,2026-08-23,44101.92,4410192,44101.92,4410192,2026-08-26,TX-117611,3,late,49758475,478353
RP-475-1-0,LN-475-0,EXT-10475,3,2026-09-23,44101.92,4410192,24433.55,2443355,2026-10-05,TX-117620;TX-117626,12,partial,45826636,440554
RP-475-2-0,LN-475-0,EXT-10475,4,2026-10-23,44101.92,4410192,0,0,,,0,missed,43823835,421300
RP-476-0-0,LN-476-0,EXT-10476,2,2026-08-23,4005.22,400522,4005.22,400522,2026-08-23,TX-117648,0,on_time,11902635,128038
RP-476-1-0,LN-476-0,EXT-10476,3,2026-09-23,4005.22,400522,4005.22,400522,2026-10-05,TX-117667,12,late,11630151,125107
RP-476-2-0,LN-476-0,EXT-10476,4,2026-10-23,4005.22,400522,4005.22,400522,2026-10-23,TX-117673,0,on_time,11354736,122144
RP-477-0-0,LN-477-0,EXT-10477,2,2026-08-20,34739.52,3473952,34739.52,3473952,2026-08-20,TX-117686,0,on_time,37527162,621347
RP-477-1-0,LN-477-0,EXT-10477,3,2026-09-20,34739.52,3473952,34739.52,3473952,2026-09-20,TX-117699,0,on_time,34674557,574115
RP-477-2-0,LN-477-0,EXT-10477,4,2026-10-20,34739.52,3473952,34739.52,3473952,2026-11-01,TX-117710;TX-117716,12,late,31774720,526102
RP-478-0-0,LN-478-0,EXT-10478,2,2026-08-28,13073.09,1307309,13073.09,1307309,2026-09-06,TX-117730,9,late,27332636,310034
RP-478-1-0,LN-478-0,EXT-10478,3,2026-09-28,13073.09,1307309,13073.09,1307309,2026-10-04,TX-117743,6,late,26335361,298722
RP-478-2-0,LN-478-0,EXT-10478,4,2026-10-28,13073.09,1307309,13073.09,1307309,2026-11-03,TX-117753,6,late,25326774,287282
RP-479-0-0,LN-479-0,EXT-10479,2,2026-08-25,21031.76,2103176,21031.76,2103176,2026-08-25,TX-117763,0,on_time,63141819,641816
RP-479-1-0,LN-479-0,EXT-10479,3,2026-09-25,21031.76,2103176,21031.76,2103176,2026-09-25,TX-117777,0,on_time,61680459,626961
RP-479-2-0,LN-479-0,EXT-10479,4,2026-10-25,21031.76,2103176,21031.76,2103176,2026-10-25,TX-117787,0,on_time,60204244,611956
RP-481-0-0,LN-481-0,EXT-10481,2,2026-08-24,11631.96,1163196,11631.96,1163196,2026-08-24,TX-117826,0,on_time,34970245,352637
RP-481-0-1,LN-481-1,EXT-10481,2,2026-08-24,25467.47,2546747,25467.47,2546747,2026-08-24,TX-117827,0,on_time,51550581,726777
RP-481-1-0,LN-481-0,EXT-10481,3,2026-09-24,11631.96,1163196,11631.96,1163196,2026-09-24,TX-117838,0,on_time,34159686,344463
RP-481-1-1,LN-481-1,EXT-10481,3,2026-09-24,25467.47,2546747,25467.47,2546747,2026-09-24,TX-117839,0,on_time,49730611,701119
RP-481-2-0,LN-481-0,EXT-10481,4,2026-10-24,11631.96,1163196,11631.96,1163196,2026-10-24,TX-117848,0,on_time,33340953,336207
RP-481-2-1,LN-481-1,EXT-10481,4,2026-10-24,25467.47,2546747,25467.47,2546747,2026-10-24,TX-117849,0,on_time,47884983,675098
RP-482-0-0,LN-482-0,EXT-10482,2,2026-08-28,10540.56,1054056,10540.56,1054056,2026-08-31,TX-117862,3,late,28656509,459693
RP-482-1-0,LN-482-0,EXT-10482,3,2026-09-28,10540.56,1054056,10540.56,1054056,2026-09-28,TX-117871,0,on_time,28062146,450159
RP-482-2-0,LN-482-0,EXT-10482,4,2026-10-28,10540.56,1054056,10540.56,1054056,2026-10-28,TX-117880,0,on_time,27458249,440472
RP-483-0-0,LN-483-0,EXT-10483,2,2026-08-27,31693.5,3169350,31693.5,3169350,2026-09-02,TX-117893,6,late,35782685,340180
RP-483-1-0,LN-483-0,EXT-10483,3,2026-09-27,31693.5,3169350,31693.5,3169350,2026-09-30,TX-117901,3,late,32953515,313284
RP-483-2-0,LN-483-0,EXT-10483,4,2026-10-27,31693.5,3169350,31693.5,3169350,2026-11-02,TX-117911,6,late,30097449,286131
RP-484-0-0,LN-484-0,EXT-10484,2,2026-08-21,40621.89,4062189,40621.89,4062189,2026-08-21,TX-117919,0,on_time,46111452,399052
RP-484-1-0,LN-484-0,EXT-10484,3,2026-09-21,40621.89,4062189,40621.89,4062189,2026-09-21,TX-117928,0,on_time,42448315,367351
RP-484-2-0,LN-484-0,EXT-10484,4,2026-10-21,40621.89,4062189,40621.89,4062189,2026-10-21,TX-117937,0,on_time,38753477,335376
RP-485-0-0,LN-485-0,EXT-10485,2,2026-08-27,8318.54,831854,8318.54,831854,2026-08-27,TX-117953,0,on_time,16607055,253865
RP-485-1-0,LN-485-0,EXT-10485,3,2026-09-27,8318.54,831854,8318.54,831854,2026-09-27,TX-117963,0,on_time,16029066,245030
RP-485-2-0,LN-485-0,EXT-10485,4,2026-10-27,8318.54,831854,8318.54,831854,2026-10-27,TX-117973,0,on_time,15442242,236059
RP-486-0-0,LN-486-0,EXT-10486,2,2026-08-23,12710.15,1271015,12710.15,1271015,2026-08-29,TX-117987,6,late,27419774,238833
RP-486-1-0,LN-486-0,EXT-10486,3,2026-09-23,12710.15,1271015,12710.15,1271015,2026-09-29,TX-117998,6,late,26387592,229843
RP-486-2-0,LN-486-0,EXT-10486,4,2026-10-23,12710.15,1271015,12710.15,1271015,2026-11-01,TX-118010,9,late,25346420,220774
RP-487-0-0,LN-487-0,EXT-10487,2,2026-08-28,17636.53,1763653,17636.53,1763653,2026-08-28,TX-118021,0,on_time,35980517,483113
RP-487-1-0,LN-487-0,EXT-10487,3,2026-09-28,17636.53,1763653,17636.53,1763653,2026-10-07,TX-118037,9,late,34699977,465919
RP-487-2-0,LN-487-0,EXT-10487,4,2026-10-28,17636.53,1763653,0,0,,,0,missed,33402243,448495
RP-488-0-0,LN-488-0,EXT-10488,2,2026-08-23,16944.86,1694486,16944.86,1694486,2026-08-23,TX-118055,0,on_time,34776578,449221
RP-488-1-0,LN-488-0,EXT-10488,3,2026-09-23,16944.86,1694486,16944.86,1694486,2026-09-23,TX-118065,0,on_time,33531313,433135
RP-488-2-0,LN-488-0,EXT-10488,4,2026-10-23,16944.86,1694486,16944.86,1694486,2026-10-23,TX-118075,0,on_time,32269962,416842
RP-489-0-0,LN-489-0,EXT-10489,2,2026-08-20,9340.42,934042,9340.42,934042,2026-08-26,TX-118090,6,late,18625822,286561
RP-489-1-0,LN-489-0,EXT-10489,3,2026-09-20,9340.42,934042,9340.42,934042,2026-09-29,TX-118103;TX-118105,9,late,17978341,276600
RP-489-2-0,LN-489-0,EXT-10489,4,2026-10-20,9340.42,934042,9340.42,934042,2026-10-23,TX-118111,3,late,17320899,266485
RP-491-0-0,LN-491-0,EXT-10491,2,2026-08-26,14454.46,1445446,14454.46,1445446,2026-08-26,TX-118161,0,on_time,16261209,163783
RP-491-0-1,LN-491-1,EXT-10491,2,2026-08-26,16594.37,1659437,16594.37,1659437,2026-09-07,TX-118162;TX-118167,12,late,46764507,649341
RP-491-1-0,LN-491-0,EXT-10491,3,2026-09-26,14454.46,1445446,14454.46,1445446,2026-10-05,TX-118181,9,late,14979546,150874
RP-491-1-1,LN-491-1,EXT-10491,3,2026-09-26,16594.37,1659437,16594.37,1659437,2026-10-05,TX-118182,9,late,45754411,635315
RP-491-2-0,LN-491-0,EXT-10491,4,2026-10-26,14454.46,1445446,0,0,,,0,missed,13684974,137835
RP-491-2-1,LN-491-1,EXT-10491,4,2026-10-26,16594.37,1659437,0,0,,,0,missed,44730289,621095
RP-492-0-0,LN-492-0,EXT-10492,2,2026-08-25,15188.44,1518844,15188.44,1518844,2026-08-25,TX-118201,0,on_time,17270884,144747
RP-492-1-0,LN-492-0,EXT-10492,3,2026-09-25,15188.44,1518844,15188.44,1518844,2026-09-25,TX-118210,0,on_time,15896787,133231
RP-492-2-0,LN-492-0,EXT-10492,4,2026-10-25,15188.44,1518844,15188.44,1518844,2026-10-25,TX-118219,0,on_time,14511174,121618
RP-493-0-0,LN-493-0,EXT-10493,2,2026-08-26,11116.64,1111664,11116.64,1111664,2026-08-26,TX-118233,0,on_time,12446826,134747
RP-493-1-0,LN-493-0,EXT-10493,3,2026-09-26,11116.64,1111664,11116.64,1111664,2026-10-02,TX-118244;TX-118246,6,late,11469909,124171
RP-493-2-0,LN-493-0,EXT-10493,4,2026-10-26,11116.64,1111664,11116.64,1111664,2026-11-04,TX-118257,9,late,10482416,113481
RP-494-0-0,LN-494-0,EXT-10494,2,2026-08-27,11136.18,1113618,11136.18,1113618,2026-08-27,TX-118270,0,on_time,12134177,184037
RP-494-1-0,LN-494-0,EXT-10494,3,2026-09-27,11136.18,1113618,11136.18,1113618,2026-09-27,TX-118285,0,on_time,11204596,169938
RP-494-2-0,LN-494-0,EXT-10494,4,2026-10-27,11136.18,1113618,11136.18,1113618,2026-10-27,TX-118296,0,on_time,10260916,155626
RP-495-0-0,LN-495-0,EXT-10495,2,2026-08-20,22723.02,2272302,22723.02,2272302,2026-08-20,TX-118305,0,on_time,46101455,640852
RP-495-1-0,LN-495-0,EXT-10495,3,2026-09-20,22723.02,2272302,22723.02,2272302,2026-09-20,TX-118315,0,on_time,44470005,618174
RP-495-2-0,LN-495-0,EXT-10495,4,2026-10-20,22723.02,2272302,22723.02,2272302,2026-10-20,TX-118325,0,on_time,42815877,595180
RP-496-0-0,LN-496-0,EXT-10496,2,2026-08-21,12926.41,1292641,12926.41,1292641,2026-08-21,TX-118340,0,on_time,36297121,511780
RP-496-1-0,LN-496-0,EXT-10496,3,2026-09-21,12926.41,1292641,12926.41,1292641,2026-09-21,TX-118356,0,on_time,35516260,500770
RP-496-2-0,LN-496-0,EXT-10496,4,2026-10-21,12926.41,1292641,12926.41,1292641,2026-10-21,TX-118366,0,on_time,34724389,489605
RP-497-0-0,LN-497-0,EXT-10497,2,2026-08-20,19823.6,1982360,19823.6,1982360,2026-08-20,TX-118379,0,on_time,40848847,513657
RP-497-1-0,LN-497-0,EXT-10497,3,2026-09-20,19823.6,1982360,19823.6,1982360,2026-10-02,TX-118390;TX-118396,12,late,39380144,495189
RP-497-2-0,LN-497-0,EXT-10497,4,2026-10-20,19823.6,1982360,4408.27,440827,2026-11-04,TX-118408,15,partial,37892973,476488
RP-498-0-0,LN-498-0,EXT-10498,2,2026-08-23,15771.58,1577158,15771.58,1577158,2026-08-23,TX-118417,0,on_time,46675493,513392
RP-498-1-0,LN-498-0,EXT-10498,3,2026-09-23,15771.58,1577158,15771.58,1577158,2026-09-23,TX-118427,0,on_time,45611727,501691
RP-498-2-0,LN-498-0,EXT-10498,4,2026-10-23,15771.58,1577158,15771.58,1577158,2026-10-26,TX-118438,3,late,44536260,489862
RP-499-0-0,LN-499-0,EXT-10499,2,2026-08-22,29947.16,2994716,29947.16,2994716,2026-08-22,TX-118451,0,on_time,34032660,288449
RP-499-1-0,LN-499-0,EXT-10499,3,2026-09-22,29947.16,2994716,29947.16,2994716,2026-09-22,TX-118462,0,on_time,31326393,265512
RP-499-2-0,LN-499-0,EXT-10499,4,2026-10-22,29947.16,2994716,29947.16,2994716,2026-10-22,TX-118473,0,on_time,28597189,242380
RP-501-0-0,LN-501-0,EXT-10501,2,2026-08-27,18404.14,1840414,18404.14,1840414,2026-08-27,TX-118525,0,on_time,38605092,427188
RP-501-0-1,LN-501-1,EXT-10501,2,2026-08-27,21119.33,2111933,21119.33,2111933,2026-08-27,TX-118526,0,on_time,61576033,731087
RP-501-1-0,LN-501-0,EXT-10501,3,2026-09-27,18404.14,1840414,18404.14,1840414,2026-09-27,TX-118539,0,on_time,37191866,411550
RP-501-1-1,LN-501-1,EXT-10501,3,2026-09-27,21119.33,2111933,21119.33,2111933,2026-09-30,TX-118541,3,late,60195187,714692
RP-501-2-0,LN-501-0,EXT-10501,4,2026-10-27,18404.14,1840414,18404.14,1840414,2026-10-30,TX-118552,3,late,35763002,395738
RP-501-2-1,LN-501-1,EXT-10501,4,2026-10-27,21119.33,2111933,21119.33,2111933,2026-10-30,TX-118553,3,late,58797946,698103
RP-502-0-0,LN-502-0,EXT-10502,2,2026-08-25,24303.26,2430326,24303.26,2430326,2026-08-25,TX-118565,0,on_time,26638348,378748
RP-502-1-0,LN-502-0,EXT-10502,3,2026-09-25,24303.26,2430326,24303.26,2430326,2026-09-25,TX-118579,0,on_time,24586770,349579
RP-502-2-0,LN-502-0,EXT-10502,4,2026-10-25,24303.26,2430326,24303.26,2430326,2026-11-03,TX-118595,9,late,22506023,319994
RP-503-0-0,LN-503-0,EXT-10503,2,2026-08-26,23737.8,2373780,23737.8,2373780,2026-08-29,TX-118609,3,late,26883297,242481
RP-503-1-0,LN-503-0,EXT-10503,3,2026-09-26,23737.8,2373780,23737.8,2373780,2026-09-29,TX-118620,3,late,24751998,223257
RP-503-2-0,LN-503-0,EXT-10503,4,2026-10-26,23737.8,2373780,23737.8,2373780,2026-10-29,TX-118629,3,late,22601475,203860
RP-504-0-0,LN-504-0,EXT-10504,2,2026-08-23,32772.62,3277262,32772.62,3277262,2026-09-01,TX-118642,9,late,89451564,1413551
RP-504-1-0,LN-504-0,EXT-10504,3,2026-09-23,32772.62,3277262,32772.62,3277262,2026-09-29,TX-118650,6,late,87587853,1384100
RP-504-2-0,LN-504-0,EXT-10504,4,2026-10-23,32772.62,3277262,32772.62,3277262,2026-11-01,TX-118660,9,late,85694691,1354183
RP-505-0-0,LN-505-0,EXT-10505,2,2026-08-27,7746.6,774660,7746.6,774660,2026-08-27,TX-118672,0,on_time,21971163,296691
RP-505-1-0,LN-505-0,EXT-10505,3,2026-09-27,7746.6,774660,7746.6,774660,2026-09-27,TX-118682,0,on_time,21493194,290237
RP-505-2-0,LN-505-0,EXT-10505,4,2026-10-27,7746.6,774660,7746.6,774660,2026-10-27,TX-118692,0,on_time,21008771,283695
RP-506-0-0,LN-506-0,EXT-10506,2,2026-08-25,12702.38,1270238,12702.38,1270238,2026-08-25,TX-118703,0,on_time,25481266,378955
RP-506-1-0,LN-506-0,EXT-10506,3,2026-09-25,12702.38,1270238,12702.38,1270238,2026-09-25,TX-118713,0,on_time,24589983,365700
RP-506-2-0,LN-506-0,EXT-10506,4,2026-10-25,12702.38,1270238,12702.38,1270238,2026-10-25,TX-118723,0,on_time,23685445,352248
RP-507-0-0,LN-507-0,EXT-10507,2,2026-08-28,52112.88,5211288,52112.88,5211288,2026-08-28,TX-118738,0,on_time,58177515,656931
RP-507-1-0,LN-507-0,EXT-10507,3,2026-09-28,52112.88,5211288,52112.88,5211288,2026-10-01,TX-118748;TX-118750,3,late,53623158,605504
RP-507-2-0,LN-507-0,EXT-10507,4,2026-10-28,52112.88,5211288,14457.9,1445790,2026-11-03,TX-118764,6,partial,49017374,553496
RP-508-0-0,LN-508-0,EXT-10508,2,2026-08-24,20308.2,2030820,20308.2,2030820,2026-08-24,TX-118774,0,on_time,42559431,474293
RP-508-1-0,LN-508-0,EXT-10508,3,2026-09-24,20308.2,2030820,20308.2,2030820,2026-10-03,TX-118791;TX-118797,9,late,41002904,456947
RP-508-2-0,LN-508-0,EXT-10508,4,2026-10-24,20308.2,2030820,20308.2,2030820,2026-11-02,TX-118804;TX-118809,9,late,39429031,439407
RP-509-0-0,LN-509-0,EXT-10509,2,2026-08-25,13001.75,1300175,13001.75,1300175,2026-08-25,TX-118819,0,on_time,38868926,404658
RP-509-1-0,LN-509-0,EXT-10509,3,2026-09-25,13001.75,1300175,13001.75,1300175,2026-09-25,TX-118828,0,on_time,37973409,395335
RP-509-2-0,LN-509-0,EXT-10509,4,2026-10-25,13001.75,1300175,13001.75,1300175,2026-10-25,TX-118837,0,on_time,37068569,385915
RP-511-0-0,LN-511-0,EXT-10511,2,2026-08-22,21577.27,2157727,21577.27,2157727,2026-08-28,TX-118889,6,late,24489055,212581
RP-511-0-1,LN-511-1,EXT-10511,2,2026-08-22,10728.15,1072815,10728.15,1072815,2026-08-25,TX-118886,3,late,21230201,340653
RP-511-1-0,LN-511-0,EXT-10511,3,2026-09-22,21577.27,2157727,21577.27,2157727,2026-09-28,TX-118898,6,late,22543909,195696
RP-511-1-1,LN-511-1,EXT-10511,3,2026-09-22,10728.15,1072815,10728.15,1072815,2026-10-01,TX-118900,9,late,20498039,328905
RP-511-2-0,LN-511-0,EXT-10511,4,2026-10-22,21577.27,2157727,21577.27,2157727,2026-11-03,TX-118909;TX-118912,12,late,20581878,178664
RP-511-2-1,LN-511-1,EXT-10511,4,2026-10-22,10728.15,1072815,10728.15,1072815,2026-10-28,TX-118908,6,late,19754129,316968
RP-512-0-0,LN-512-0,EXT-10512,2,2026-08-27,4099.16,409916,4099.16,409916,2026-09-02,TX-118924,6,late,11726471,152376
RP-512-1-0,LN-512-0,EXT-10512,3,2026-09-27,4099.16,409916,4099.16,409916,2026-09-30,TX-118936,3,late,11468931,149029
RP-512-2-0,LN-512-0,EXT-10512,4,2026-10-27,4099.16,409916,4099.16,409916,2026-11-02,TX-118947,6,late,11208044,145639
RP-513-0-0,LN-513-0,EXT-10513,2,2026-08-28,21758.91,2175891,21758.91,2175891,2026-08-28,TX-118960,0,on_time,63239599,762643
RP-513-1-0,LN-513-0,EXT-10513,3,2026-09-28,21758.91,2175891,21758.91,2175891,2026-09-28,TX-118970,0,on_time,61826351,745600
RP-513-2-0,LN-513-0,EXT-10513,4,2026-10-28,21758.91,2175891,0,0,,,0,missed,60396060,728351
RP-514-0-0,LN-514-0,EXT-10514,2,2026-08-21,29700.21,2970021,29700.21,2970021,2026-09-02,TX-118998,12,late,33431286,333764
RP-514-1-0,LN-514-0,EXT-10514,3,2026-09-21,29700.21,2970021,29700.21,2970021,2026-10-06,TX-119015;TX-119016,15,late,30795029,307445
RP-514-2-0,LN-514-0,EXT-10514,4,2026-10-21,29700.21,2970021,29700.21,2970021,2026-11-02,TX-119027,12,late,28132453,280863
RP-515-0-0,LN-515-0,EXT-10515,2,2026-08-20,68051.93,6805193,68051.93,6805193,2026-08-20,TX-119038,0,on_time,73586668,1206460
RP-515-1-0,LN-515-0,EXT-10515,3,2026-09-20,68051.93,6805193,68051.93,6805193,2026-10-02,TX-119051;TX-119056,12,late,67987935,1114668
RP-515-2-0,LN-515-0,EXT-10515,4,2026-10-20,68051.93,6805193,68051.93,6805193,2026-11-01,TX-119063;TX-119068,12,late,62297410,1021371
RP-516-0-0,LN-516-0,EXT-10516,2,2026-08-24,14003.28,1400328,14003.28,1400328,2026-08-24,TX-119078,0,on_time,40243342,512016
RP-516-1-0,LN-516-0,EXT-10516,3,2026-09-24,14003.28,1400328,14003.28,1400328,2026-09-24,TX-119088,0,on_time,39355030,500714
RP-516-2-0,LN-516-0,EXT-10516,4,2026-10-24,14003.28,1400328,14003.28,1400328,2026-10-24,TX-119098,0,on_time,38455416,489268
RP-517-0-0,LN-517-0,EXT-10517,2,2026-08-27,16865.56,1686556,16865.56,1686556,2026-08-27,TX-119113,0,on_time,35133997,409317
RP-517-1-0,LN-517-0,EXT-10517,3,2026-09-27,16865.56,1686556,16865.56,1686556,2026-09-27,TX-119123,0,on_time,33856758,394437
RP-517-2-0,LN-517-0,EXT-10517,4,2026-10-27,16865.56,1686556,16865.56,1686556,2026-11-02,TX-119135,6,late,32564639,379383
RP-518-0-0,LN-518-0,EXT-10518,2,2026-08-27,27272.76,2727276,27272.76,2727276,2026-08-27,TX-119146,0,on_time,74717856,1163917
RP-518-1-0,LN-518-0,EXT-10518,3,2026-09-27,27272.76,2727276,27272.76,2727276,2026-10-03,TX-119159,6,late,73154497,1139564
RP-518-2-0,LN-518-0,EXT-10518,4,2026-10-27,27272.76,2727276,27272.76,2727276,2026-11-02,TX-119166;TX-119168,6,late,71566785,1114832
RP-519-0-0,LN-519-0,EXT-10519,2,2026-08-25,28975.81,2897581,28975.81,2897581,2026-08-31,TX-119180,6,late,31661480,465912
RP-519-1-0,LN-519-0,EXT-10519,3,2026-09-25,28975.81,2897581,28975.81,2897581,2026-10-04,TX-119191,9,late,29229811,430129
RP-519-2-0,LN-519-0,EXT-10519,4,2026-10-25,28975.81,2897581,28975.81,2897581,2026-10-28,TX-119198,3,late,26762359,393819
RP-521-0-0,LN-521-0,EXT-10521,2,2026-08-26,22850.05,2285005,22850.05,2285005,2026-08-26,TX-119243,0,on_time,65568929,840064
RP-521-0-1,LN-521-1,EXT-10521,2,2026-08-26,19260.41,1926041,19260.41,1926041,2026-08-29,TX-119245,3,late,55309689,706180
RP-521-1-0,LN-521-0,EXT-10521,3,2026-09-26,22850.05,2285005,22850.05,2285005,2026-09-26,TX-119254,0,on_time,64123988,821551
RP-521-1-1,LN-521-1,EXT-10521,3,2026-09-26,19260.41,1926041,19260.41,1926041,2026-09-26,TX-119255,0,on_time,54089828,690605
RP-521-2-0,LN-521-0,EXT-10521,4,2026-10-26,22850.05,2285005,10262.42,1026242,2026-10-26,TX-119265,0,partial,62660534,802802
RP-521-2-1,LN-521-1,EXT-10521,4,2026-10-26,19260.41,1926041,2003.62,200362,2026-10-26,TX-119266,0,partial,52854392,674832
RP-522-0-0,LN-522-0,EXT-10522,2,2026-08-27,12256.3,1225630,12256.3,1225630,2026-08-27,TX-119281,0,on_time,26003605,262801
RP-522-1-0,LN-522-0,EXT-10522,3,2026-09-27,12256.3,1225630,12256.3,1225630,2026-09-27,TX-119293,0,on_time,25040776,253070
RP-522-2-0,LN-522-0,EXT-10522,4,2026-10-27,12256.3,1225630,12256.3,1225630,2026-10-27,TX-119303,0,on_time,24068216,243241
RP-523-0-0,LN-523-0,EXT-10523,2,2026-08-20,4786.72,478672,4786.72,478672,2026-08-20,TX-119313,0,on_time,10147405,103254
RP-523-1-0,LN-523-0,EXT-10523,3,2026-09-20,4786.72,478672,4786.72,478672,2026-09-20,TX-119322,0,on_time,9771987,99434
RP-523-2-0,LN-523-0,EXT-10523,4,2026-10-20,4786.72,478672,4786.72,478672,2026-10-20,TX-119331,0,on_time,9392749,95575
RP-524-0-0,LN-524-0,EXT-10524,2,2026-08-28,16000.94,1600094,16000.94,1600094,2026-08-28,TX-119346,0,on_time,34132784,329438
RP-524-1-0,LN-524-0,EXT-10524,3,2026-09-28,16000.94,1600094,16000.94,1600094,2026-09-28,TX-119357,0,on_time,32862128,317174
RP-524-2-0,LN-524-0,EXT-10524,4,2026-10-28,16000.94,1600094,16000.94,1600094,2026-10-28,TX-119366,0,on_time,31579208,304792
RP-525-0-0,LN-525-0,EXT-10525,2,2026-08-25,15163.4,1516340,15163.4,1516340,2026-08-25,TX-119377,0,on_time,30266085,463180
RP-525-1-0,LN-525-0,EXT-10525,3,2026-09-25,15163.4,1516340,15163.4,1516340,2026-10-01,TX-119394,6,late,29212925,447062
RP-525-2-0,LN-525-0,EXT-10525,4,2026-10-25,15163.4,1516340,15163.4,1516340,2026-11-03,TX-119406,9,late,28143647,430699
RP-526-0-0,LN-526-0,EXT-10526,2,2026-08-27,14583.69,1458369,14583.69,1458369,2026-08-27,TX-119416,0,on_time,31548087,267565
RP-526-1-0,LN-526-0,EXT-10526,3,2026-09-27,14583.69,1458369,14583.69,1458369,2026-09-27,TX-119425,0,on_time,30357283,257465
RP-526-2-0,LN-526-0,EXT-10526,4,2026-10-27,14583.69,1458369,14583.69,1458369,2026-10-27,TX-119434,0,on_time,29156379,247280
RP-527-0-0,LN-527-0,EXT-10527,2,2026-08-23,4283.84,428384,4283.84,428384,2026-08-23,TX-119444,0,on_time,13125015,118000
RP-527-1-0,LN-527-0,EXT-10527,3,2026-09-23,4283.84,428384,4283.84,428384,2026-09-23,TX-119453,0,on_time,12814631,115210
RP-527-2-0,LN-527-0,EXT-10527,4,2026-10-23,4283.84,428384,4283.84,428384,2026-10-23,TX-119462,0,on_time,12501457,112394
RP-528-0-0,LN-528-0,EXT-10528,2,2026-08-25,29989.72,2998972,29989.72,2998972,2026-08-25,TX-119476,0,on_time,62120117,753631
RP-528-1-0,LN-528-0,EXT-10528,3,2026-09-25,29989.72,2998972,29989.72,2998972,2026-09-25,TX-119489,0,on_time,59874776,726391
RP-528-2-0,LN-528-0,EXT-10528,4,2026-10-25,29989.72,2998972,29989.72,2998972,2026-10-25,TX-119500,0,on_time,57602195,698820
RP-529-0-0,LN-529-0,EXT-10529,2,2026-08-24,44358.87,4435887,44358.87,4435887,2026-08-24,TX-119515,0,on_time,49565006,552712
RP-529-1-0,LN-529-0,EXT-10529,3,2026-09-24,44358.87,4435887,44358.87,4435887,2026-09-27,TX-119525,3,late,45681831,509410
RP-529-2-0,LN-529-0,EXT-10529,4,2026-10-24,44358.87,4435887,44358.87,4435887,2026-10-24,TX-119533,0,on_time,41755354,465624
RP-531-0-0,LN-531-0,EXT-10531,2,2026-08-26,47311.37,4731137,47311.37,4731137,2026-08-26,TX-119574,0,on_time,95751252,1351234
RP-531-0-1,LN-531-1,EXT-10531,2,2026-08-26,86274.97,8627497,86274.97,8627497,2026-08-26,TX-119575,0,on_time,94262461,1388565
RP-531-1-0,LN-531-0,EXT-10531,3,2026-09-26,47311.37,4731137,47311.37,4731137,2026-09-29,TX-119590,3,late,92371349,1303537
RP-531-1-1,LN-531-1,EXT-10531,3,2026-09-26,86274.97,8627497,86274.97,8627497,2026-10-29,TX-119591;TX-119592;TX-119604,33,late,87023529,1281929
RP-531-2-0,LN-531-0,EXT-10531,4,2026-10-26,47311.37,4731137,47311.37,4731137,2026-10-29,TX-119605,3,late,88943749,1255167
RP-531-2-1,LN-531-1,EXT-10531,4,2026-10-26,86274.97,8627497,35778.59,3577859,2026-11-01,TX-119606;TX-119607,6,partial,81721367,1203824
RP-532-0-0,LN-532-0,EXT-10532,2,2026-08-20,17311.22,1731122,17311.22,1731122,2026-08-20,TX-119613,0,on_time,50081334,617561
RP-532-1-0,LN-532-0,EXT-10532,3,2026-09-20,17311.22,1731122,17311.22,1731122,2026-09-20,TX-119625,0,on_time,48967773,603830
RP-532-2-0,LN-532-0,EXT-10532,4,2026-10-20,17311.22,1731122,17311.22,1731122,2026-10-20,TX-119634,0,on_time,47840481,589929
RP-533-0-0,LN-533-0,EXT-10533,2,2026-08-26,13186.23,1318623,13186.23,1318623,2026-08-26,TX-119651,0,on_time,26669247,377874
RP-533-1-0,LN-533-0,EXT-10533,3,2026-09-26,13186.23,1318623,13186.23,1318623,2026-09-26,TX-119664,0,on_time,25728498,364545
RP-533-2-0,LN-533-0,EXT-10533,4,2026-10-26,13186.23,1318623,13186.23,1318623,2026-10-26,TX-119674,0,on_time,24774420,351027
RP-534-0-0,LN-534-0,EXT-10534,2,2026-08-22,21356.62,2135662,21356.62,2135662,2026-08-22,TX-119686,0,on_time,23332828,343877
RP-534-1-0,LN-534-0,EXT-10534,3,2026-09-22,21356.62,2135662,21356.62,2135662,2026-09-22,TX-119696,0,on_time,21541043,317470
RP-534-2-0,LN-534-0,EXT-10534,4,2026-10-22,21356.62,2135662,21356.62,2135662,2026-11-03,TX-119711,12,late,19722851,290674
RP-535-0-0,LN-535-0,EXT-10535,2,2026-08-24,10295.8,1029580,10295.8,1029580,2026-08-24,TX-119719,0,on_time,28782698,413439
RP-535-1-0,LN-535-0,EXT-10535,3,2026-09-24,10295.8,1029580,10295.8,1029580,2026-09-24,TX-119728,0,on_time,28166557,404589
RP-535-2-0,LN-535-0,EXT-10535,4,2026-10-24,10295.8,1029580,10295.8,1029580,2026-10-27,TX-119739,3,late,27541566,395612
RP-536-0-0,LN-536-0,EXT-10536,2,2026-08-20,16965.32,1696532,16965.32,1696532,2026-08-20,TX-119749,0,on_time,48954560,611092
RP-536-1-0,LN-536-0,EXT-10536,3,2026-09-20,16965.32,1696532,16965.32,1696532,2026-09-20,TX-119760,0,on_time,47869120,597542
RP-536-2-0,LN-536-0,EXT-10536,4,2026-10-20,16965.32,1696532,16965.32,1696532,2026-10-20,TX-119771,0,on_time,46770130,583824
RP-537-0-0,LN-537-0,EXT-10537,2,2026-08-24,18319.65,1831965,18319.65,1831965,2026-08-24,TX-119787,0,on_time,36300861,578345
RP-537-1-0,LN-537-0,EXT-10537,3,2026-09-24,18319.65,1831965,18319.65,1831965,2026-09-24,TX-119797,0,on_time,35047241,558373
RP-537-2-0,LN-537-0,EXT-10537,4,2026-10-24,18319.65,1831965,18319.65,1831965,2026-10-24,TX-119807,0,on_time,33773649,538082
RP-538-0-0,LN-538-0,EXT-10538,2,2026-08-20,11848.35,1184835,11848.35,1184835,2026-08-20,TX-119820,0,on_time,24273264,317256
RP-538-1-0,LN-538-0,EXT-10538,3,2026-09-20,11848.35,1184835,11848.35,1184835,2026-09-20,TX-119831,0,on_time,23405685,305916
RP-538-2-0,LN-538-0,EXT-10538,4,2026-10-20,11848.35,1184835,11848.35,1184835,2026-11-01,TX-119847,12,late,22526766,294429
RP-539-0-0,LN-539-0,EXT-10539,2,2026-08-21,30323.47,3032347,30323.47,3032347,2026-08-21,TX-119859,0,on_time,63610405,703637
RP-539-1-0,LN-539-0,EXT-10539,3,2026-09-21,30323.47,3032347,30323.47,3032347,2026-09-21,TX-119869,0,on_time,61281695,677878
RP-539-2-0,LN-539-0,EXT-10539,4,2026-10-21,30323.47,3032347,30323.47,3032347,2026-10-21,TX-119879,0,on_time,58927226,651833
RP-541-0-0,LN-541-0,EXT-10541,2,2026-08-26,28170.87,2817087,28170.87,2817087,2026-08-26,TX-119922,0,on_time,31493600,348574
RP-541-0-1,LN-541-1,EXT-10541,2,2026-08-26,37354.27,3735427,37354.27,3735427,2026-08-26,TX-119923,0,on_time,75201835,1095283
RP-541-1-0,LN-541-0,EXT-10541,3,2026-09-26,28170.87,2817087,28170.87,2817087,2026-09-26,TX-119932,0,on_time,29025087,321252
RP-541-1-1,LN-541-1,EXT-10541,3,2026-09-26,37354.27,3735427,37354.27,3735427,2026-09-26,TX-119933,0,on_time,72561691,1056831
RP-541-2-0,LN-541-0,EXT-10541,4,2026-10-26,28170.87,2817087,28170.87,2817087,2026-10-26,TX-119942,0,on_time,26529252,293628
RP-541-2-1,LN-541-1,EXT-10541,4,2026-10-26,37354.27,3735427,37354.27,3735427,2026-10-26,TX-119943,0,on_time,69883095,1017818
RP-542-0-0,LN-542-0,EXT-10542,2,2026-08-21,3984.96,398496,3984.96,398496,2026-08-30,TX-119960,9,late,8530446,79829
RP-542-1-0,LN-542-0,EXT-10542,3,2026-09-21,3984.96,398496,3984.96,398496,2026-09-30,TX-119975,9,late,8211779,76847
RP-542-2-0,LN-542-0,EXT-10542,4,2026-10-21,3984.96,398496,3984.96,398496,2026-10-30,TX-119987,9,late,7890130,73837
RP-543-0-0,LN-543-0,EXT-10543,2,2026-08-24,6349.22,634922,6349.22,634922,2026-08-24,TX-119997,0,on_time,13038859,167736
RP-543-1-0,LN-543-0,EXT-10543,3,2026-09-24,6349.22,634922,6349.22,634922,2026-09-27,TX-120007,3,late,12571673,161726
RP-543-2-0,LN-543-0,EXT-10543,4,2026-10-24,6349.22,634922,6349.22,634922,2026-10-24,TX-120015,0,on_time,12098477,155639
RP-544-0-0,LN-544-0,EXT-10544,2,2026-08-26,11028.21,1102821,11028.21,1102821,2026-08-26,TX-120030,0,on_time,31620931,406595
RP-544-1-0,LN-544-0,EXT-10544,3,2026-09-26,11028.21,1102821,11028.21,1102821,2026-09-26,TX-120041,0,on_time,30924705,397643
RP-544-2-0,LN-544-0,EXT-10544,4,2026-10-26,11028.21,1102821,7938.38,793838,2026-10-29,TX-120052;TX-120053,3,partial,30219527,388575
RP-545-0-0,LN-545-0,EXT-10545,2,2026-08-23,30589.63,3058963,28892.63,2889263,2026-09-01,TX-120065;TX-120068,9,partial,33154219,531197
RP-545-1-0,LN-545-0,EXT-10545,3,2026-09-23,30589.63,3058963,18095.17,1809517,2026-11-01,TX-120089,39,partial,30796153,493416
RP-545-2-0,LN-545-0,EXT-10545,4,2026-10-23,30589.63,3058963,1431.22,143122,2026-11-01,TX-120090,9,partial,30796153,493416
RP-546-0-0,LN-546-0,EXT-10546,2,2026-08-23,37871.08,3787108,37871.08,3787108,2026-08-23,TX-120101,0,on_time,75691229,1149661
RP-546-1-0,LN-546-0,EXT-10546,3,2026-09-23,37871.08,3787108,289.68,28968,2026-11-01,TX-120127,39,partial,73053782,1109602
RP-546-2-0,LN-546-0,EXT-10546,4,2026-10-23,37871.08,3787108,0,0,,,0,missed,73053782,1109602
RP-547-0-0,LN-547-0,EXT-10547,2,2026-08-27,37425.48,3742548,37425.48,3742548,2026-08-27,TX-120139,0,on_time,41871713,458370
RP-547-1-0,LN-547-0,EXT-10547,3,2026-09-27,37425.48,3742548,37425.48,3742548,2026-10-03,TX-120153,6,late,38587535,422418
RP-547-2-0,LN-547-0,EXT-10547,4,2026-10-27,37425.48,3742548,37425.48,3742548,2026-11-02,TX-120163,6,late,35267405,386072
RP-548-0-0,LN-548-0,EXT-10548,2,2026-08-21,34539.75,3453975,34539.75,3453975,2026-08-21,TX-120173,0,on_time,37529918,586095
RP-548-1-0,LN-548-0,EXT-10548,3,2026-09-21,34539.75,3453975,34539.75,3453975,2026-09-21,TX-120185,0,on_time,34662038,541308
RP-548-2-0,LN-548-0,EXT-10548,4,2026-10-21,34539.75,3453975,34539.75,3453975,2026-10-21,TX-120195,0,on_time,31749371,495822
RP-549-0-0,LN-549-0,EXT-10549,2,2026-08-26,21061.92,2106192,21061.92,2106192,2026-08-26,TX-120211,0,on_time,41931788,650988
RP-549-1-0,LN-549-0,EXT-10549,3,2026-09-26,21061.92,2106192,21061.92,2106192,2026-09-26,TX-120221,0,on_time,40476584,628396
RP-549-2-0,LN-549-0,EXT-10549,4,2026-10-26,21061.92,2106192,21061.92,2106192,2026-10-26,TX-120231,0,on_time,38998788,605453
RP-551-0-0,LN-551-0,EXT-10551,2,2026-08-21,13496.87,1349687,13496.87,1349687,2026-08-21,TX-120277,0,on_time,40528603,411487
RP-551-0-1,LN-551-1,EXT-10551,2,2026-08-21,12018.09,1201809,12018.09,1201809,2026-08-21,TX-120278,0,on_time,24604002,323028
RP-551-1-0,LN-551-0,EXT-10551,3,2026-09-21,13496.87,1349687,13496.87,1349687,2026-09-21,TX-120291,0,on_time,39590403,401961
RP-551-1-1,LN-551-1,EXT-10551,3,2026-09-21,12018.09,1201809,12018.09,1201809,2026-09-21,TX-120292,0,on_time,23725221,311490
RP-551-2-0,LN-551-0,EXT-10551,4,2026-10-21,13496.87,1349687,13496.87,1349687,2026-10-21,TX-120301,0,on_time,38642677,392339
RP-551-2-1,LN-551-1,EXT-10551,4,2026-10-21,12018.09,1201809,12018.09,1201809,2026-10-21,TX-120302,0,on_time,22834902,299801
RP-552-0-0,LN-552-0,EXT-10552,2,2026-08-25,11692.84,1169284,11692.84,1169284,2026-08-25,TX-120315,0,on_time,12967082,160140
RP-552-1-0,LN-552-0,EXT-10552,3,2026-09-25,11692.84,1169284,11692.84,1169284,2026-09-25,TX-120327,0,on_time,11957938,147678
RP-552-2-0,LN-552-0,EXT-10552,4,2026-10-25,11692.84,1169284,11692.84,1169284,2026-10-25,TX-120337,0,on_time,10936332,135061
RP-553-0-0,LN-553-0,EXT-10553,2,2026-08-23,34827.1,3482710,34827.1,3482710,2026-08-23,TX-120352,0,on_time,74598743,694272
RP-553-1-0,LN-553-0,EXT-10553,3,2026-09-23,34827.1,3482710,34827.1,3482710,2026-09-23,TX-120362,0,on_time,71810305,668321
RP-553-2-0,LN-553-0,EXT-10553,4,2026-10-23,34827.1,3482710,34827.1,3482710,2026-10-23,TX-120372,0,on_time,68995916,642128
RP-554-0-0,LN-554-0,EXT-10554,2,2026-08-26,9093.67,909367,9093.67,909367,2026-09-01,TX-120389,6,late,25115617,379022
RP-554-1-0,LN-554-0,EXT-10554,3,2026-09-26,9093.67,909367,9093.67,909367,2026-10-02,TX-120401,6,late,24585272,371018
RP-554-2-0,LN-554-0,EXT-10554,4,2026-10-26,9093.67,909367,9093.67,909367,2026-11-01,TX-120413,6,late,24046923,362894
RP-555-0-0,LN-555-0,EXT-10555,2,2026-08-20,9248.15,924815,9248.15,924815,2026-08-29,TX-120426,9,late,26158720,357465
RP-555-1-0,LN-555-0,EXT-10555,3,2026-09-20,9248.15,924815,9248.15,924815,2026-09-29,TX-120438,9,late,25591370,349712
RP-555-2-0,LN-555-0,EXT-10555,4,2026-10-20,9248.15,924815,2642.69,264269,2026-11-01,TX-120449;TX-120450,12,partial,25016267,341854
RP-556-0-0,LN-556-0,EXT-10556,2,2026-08-25,19708.33,1970833,19708.33,1970833,2026-08-25,TX-120462,0,on_time,42111117,400586
RP-556-1-0,LN-556-0,EXT-10556,3,2026-09-25,19708.33,1970833,19708.33,1970833,2026-09-25,TX-120473,0,on_time,40540870,385648
RP-556-2-0,LN-556-0,EXT-10556,4,2026-10-25,19708.33,1970833,19708.33,1970833,2026-10-28,TX-120486,3,late,38955685,370569
RP-557-0-0,LN-557-0,EXT-10557,2,2026-08-20,31881.21,3188121,31881.21,3188121,2026-08-20,TX-120494,0,on_time,35317769,442176
RP-557-1-0,LN-557-0,EXT-10557,3,2026-09-20,31881.21,3188121,31881.21,3188121,2026-10-02,TX-120503;TX-120509,12,late,32571824,407797
RP-557-2-0,LN-557-0,EXT-10557,4,2026-10-20,31881.21,3188121,31881.21,3188121,2026-11-01,TX-120514;TX-120520,12,late,29791500,372987
RP-558-0-0,LN-558-0,EXT-10558,2,2026-08-26,18950.38,1895038,18950.38,1895038,2026-08-26,TX-120533,0,on_time,38180868,553524
RP-558-1-0,LN-558-0,EXT-10558,3,2026-09-26,18950.38,1895038,18950.38,1895038,2026-09-26,TX-120544,0,on_time,36839354,534075
RP-558-2-0,LN-558-0,EXT-10558,4,2026-10-26,18950.38,1895038,18950.38,1895038,2026-10-26,TX-120555,0,on_time,35478391,514345
RP-559-0-0,LN-559-0,EXT-10559,2,2026-08-20,39321.96,3932196,39321.96,3932196,2026-08-20,TX-120565,0,on_time,42899166,642086
RP-559-1-0,LN-559-0,EXT-10559,3,2026-09-20,39321.96,3932196,39321.96,3932196,2026-09-20,TX-120574,0,on_time,39609056,592842
RP-559-2-0,LN-559-0,EXT-10559,4,2026-10-20,39321.96,3932196,39321.96,3932196,2026-10-23,TX-120584,3,late,36269702,542861
RP-561-0-0,LN-561-0,EXT-10561,2,2026-08-23,3219.99,321999,3219.99,321999,2026-09-07,TX-120629;TX-120635,15,late,6500745,93112
RP-561-0-1,LN-561-1,EXT-10561,2,2026-08-23,7832.64,783264,7832.64,783264,2026-09-07,TX-120636,15,late,8562765,125340
RP-561-1-0,LN-561-0,EXT-10561,3,2026-09-23,3219.99,321999,3219.99,321999,2026-10-05,TX-120649,12,late,6271858,89834
RP-561-1-1,LN-561-1,EXT-10561,3,2026-09-23,7832.64,783264,7832.64,783264,2026-10-05,TX-120650,12,late,7904841,115709
RP-561-2-0,LN-561-0,EXT-10561,4,2026-10-23,3219.99,321999,0,0,,,0,missed,6039693,86509
RP-561-2-1,LN-561-1,EXT-10561,4,2026-10-23,7832.64,783264,0,0,,,0,missed,7237286,105938
RP-562-0-0,LN-562-0,EXT-10562,2,2026-08-27,16896.69,1689669,16896.69,1689669,2026-08-27,TX-120665,0,on_time,34682995,447561
RP-562-1-0,LN-562-0,EXT-10562,3,2026-09-27,16896.69,1689669,16896.69,1689669,2026-11-05,TX-120680;TX-120693,39,late,33440887,431532
RP-562-2-0,LN-562-0,EXT-10562,4,2026-10-27,16896.69,1689669,9881.96,988196,2026-11-05,TX-120694,9,partial,33440887,431532
RP-563-0-0,LN-563-0,EXT-10563,2,2026-08-21,9445.96,944596,9445.96,944596,2026-08-21,TX-120702,0,on_time,28680153,272818
RP-563-1-0,LN-563-0,EXT-10563,3,2026-09-21,9445.96,944596,9445.96,944596,2026-09-21,TX-120711,0,on_time,28008375,266427
RP-563-2-0,LN-563-0,EXT-10563,4,2026-10-21,9445.96,944596,9445.96,944596,2026-10-21,TX-120720,0,on_time,27330206,259976
RP-564-0-0,LN-564-0,EXT-10564,2,2026-08-24,13638.84,1363884,13638.84,1363884,2026-08-24,TX-120735,0,on_time,28802046,302400
RP-564-1-0,LN-564-0,EXT-10564,3,2026-09-24,13638.84,1363884,13638.84,1363884,2026-10-03,TX-120756,9,late,27740562,291255
RP-564-2-0,LN-564-0,EXT-10564,4,2026-10-24,13638.84,1363884,13638.84,1363884,2026-11-02,TX-120766,9,late,26667933,279993
RP-565-0-0,LN-565-0,EXT-10565,2,2026-08-21,5611.47,561147,5611.47,561147,2026-08-21,TX-120776,0,on_time,15370684,239605
RP-565-1-0,LN-565-0,EXT-10565,3,2026-09-21,5611.47,561147,5611.47,561147,2026-09-21,TX-120785,0,on_time,15049142,234592
RP-565-2-0,LN-565-0,EXT-10565,4,2026-10-21,5611.47,561147,5611.47,561147,2026-10-21,TX-120794,0,on_time,14722587,229502
RP-566-0-0,LN-566-0,EXT-10566,2,2026-08-26,18281.75,1828175,18281.75,1828175,2026-08-26,TX-120807,0,on_time,20183820,263619
RP-566-1-0,LN-566-0,EXT-10566,3,2026-09-26,18281.75,1828175,15018.35,1501835,2026-11-01,TX-120821;TX-120827,36,partial,18619264,243185
RP-566-2-0,LN-566-0,EXT-10566,4,2026-10-26,18281.75,1828175,0,0,,,0,missed,17583545,229657
RP-567-0-0,LN-567-0,EXT-10567,2,2026-08-24,12886.54,1288654,12886.54,1288654,2026-08-24,TX-120837,0,on_time,37188154,464024
RP-567-1-0,LN-567-0,EXT-10567,3,2026-09-24,12886.54,1288654,12886.54,1288654,2026-10-03,TX-120855,9,late,36363524,453735
RP-567-2-0,LN-567-0,EXT-10567,4,2026-10-24,12886.54,1288654,12886.54,1288654,2026-11-02,TX-120866,9,late,35528605,443317
RP-568-0-0,LN-568-0,EXT-10568,2,2026-08-22,11112.82,1111282,11112.82,1111282,2026-08-22,TX-120876,0,on_time,21961943,354945
RP-568-1-0,LN-568-0,EXT-10568,3,2026-09-22,11112.82,1111282,11112.82,1111282,2026-09-22,TX-120888,0,on_time,21205606,342721
RP-568-2-0,LN-568-0,EXT-10568,4,2026-10-22,11112.82,1111282,11112.82,1111282,2026-10-22,TX-120897,0,on_time,20437045,330300
RP-569-0-0,LN-569-0,EXT-10569,2,2026-08-24,21073.7,2107370,21073.7,2107370,2026-09-05,TX-120910;TX-120915,12,late,23236307,308266
RP-569-1-0,LN-569-0,EXT-10569,3,2026-09-24,21073.7,2107370,21073.7,2107370,2026-10-06,TX-120926,12,late,21437203,284398
RP-569-2-0,LN-569-0,EXT-10569,4,2026-10-24,21073.7,2107370,21073.7,2107370,2026-11-05,TX-120935,12,late,19614231,260214
RP-571-0-0,LN-571-0,EXT-10571,2,2026-08-23,6900.94,690094,6900.94,690094,2026-08-23,TX-120977,0,on_time,20255248,232562
RP-571-0-1,LN-571-1,EXT-10571,2,2026-08-23,42353.13,4235313,42353.13,4235313,2026-08-23,TX-120978,0,on_time,46043555,715214
RP-571-1-0,LN-571-0,EXT-10571,3,2026-09-23,6900.94,690094,6900.94,690094,2026-09-23,TX-120990,0,on_time,19797716,227309
RP-571-1-1,LN-571-1,EXT-10571,3,2026-09-23,42353.13,4235313,42353.13,4235313,2026-10-02,TX-120991;TX-120995,9,late,42523456,660535
RP-571-2-0,LN-571-0,EXT-10571,4,2026-10-23,6900.94,690094,6900.94,690094,2026-11-01,TX-121005,9,late,19334931,221996
RP-571-2-1,LN-571-1,EXT-10571,4,2026-10-23,42353.13,4235313,35592.87,3559287,2026-11-04,TX-121006;TX-121008,12,partial,38948678,605006
RP-572-0-0,LN-572-0,EXT-10572,2,2026-08-26,20051.74,2005174,20051.74,2005174,2026-08-29,TX-121022,3,late,40723791,562504
RP-572-1-0,LN-572-0,EXT-10572,3,2026-09-26,20051.74,2005174,20051.74,2005174,2026-09-29,TX-121035,3,late,39281121,542577
RP-572-2-0,LN-572-0,EXT-10572,4,2026-10-26,20051.74,2005174,20051.74,2005174,2026-10-29,TX-121046,3,late,37818524,522375
RP-573-0-0,LN-573-0,EXT-10573,2,2026-08-24,5718.18,571818,5718.18,571818,2026-08-30,TX-121060,6,late,16123192,223351
RP-573-1-0,LN-573-0,EXT-10573,3,2026-09-24,5718.18,571818,5718.18,571818,2026-09-24,TX-121067,0,on_time,15774725,218523
RP-573-2-0,LN-573-0,EXT-10573,4,2026-10-24,5718.18,571818,5718.18,571818,2026-10-24,TX-121076,0,on_time,15421430,213629
RP-574-0-0,LN-574-0,EXT-10574,2,2026-08-23,24370.72,2437072,24370.72,2437072,2026-08-23,TX-121088,0,on_time,49035705,716555
RP-574-1-0,LN-574-0,EXT-10574,3,2026-09-23,24370.72,2437072,19162.11,1916211,2026-11-01,TX-121100;TX-121112,39,partial,47315188,691413
RP-574-2-0,LN-574-0,EXT-10574,4,2026-10-23,24370.72,2437072,0,0,,,0,missed,47267070,690710
RP-575-0-0,LN-575-0,EXT-10575,2,2026-08-20,17795.53,1779553,17795.53,1779553,2026-08-23,TX-121123,3,late,51598061,629449
RP-575-1-0,LN-575-0,EXT-10575,3,2026-09-20,17795.53,1779553,17795.53,1779553,2026-09-20,TX-121135,0,on_time,50447957,615419
RP-575-2-0,LN-575-0,EXT-10575,4,2026-10-20,17795.53,1779553,17795.53,1779553,2026-10-20,TX-121146,0,on_time,49283823,601217
RP-576-0-0,LN-576-0,EXT-10576,2,2026-08-22,26010.77,2601077,26010.77,2601077,2026-08-22,TX-121161,0,on_time,70680868,1135900
RP-576-1-0,LN-576-0,EXT-10576,3,2026-09-22,26010.77,2601077,26010.77,2601077,2026-09-22,TX-121174,0,on_time,69215691,1112354
RP-576-2-0,LN-576-0,EXT-10576,4,2026-10-22,26010.77,2601077,26010.77,2601077,2026-10-22,TX-121184,0,on_time,67726968,1088429
RP-577-0-0,LN-577-0,EXT-10577,2,2026-08-28,52705.57,5270557,52705.57,5270557,2026-08-28,TX-121199,0,on_time,57487543,862490
RP-577-1-0,LN-577-0,EXT-10577,3,2026-09-28,52705.57,5270557,52705.57,5270557,2026-09-28,TX-121211,0,on_time,53079476,796356
RP-577-2-0,LN-577-0,EXT-10577,4,2026-10-28,52705.57,5270557,52705.57,5270557,2026-11-03,TX-121221;TX-121225,6,late,48605275,729229
RP-578-0-0,LN-578-0,EXT-10578,2,2026-08-26,8231.51,823151,8231.51,823151,2026-09-01,TX-121237,6,late,16782322,226268
RP-578-1-0,LN-578-0,EXT-10578,3,2026-09-26,8231.51,823151,8231.51,823151,2026-10-02,TX-121247,6,late,16185439,218220
RP-578-2-0,LN-578-0,EXT-10578,4,2026-10-26,8231.51,823151,8231.51,823151,2026-11-01,TX-121257,6,late,15580508,210064
RP-579-0-0,LN-579-0,EXT-10579,2,2026-08-21,45630.07,4563007,45630.07,4563007,2026-09-02,TX-121267;TX-121268;TX-121272,12,late,51014383,564270
RP-579-1-0,LN-579-0,EXT-10579,3,2026-09-21,45630.07,4563007,45630.07,4563007,2026-09-24,TX-121278;TX-121279,3,late,47015646,520040
RP-579-2-0,LN-579-0,EXT-10579,4,2026-10-21,45630.07,4563007,45630.07,4563007,2026-10-21,TX-121288,0,on_time,42972679,475321
RP-581-0-0,LN-581-0,EXT-10581,2,2026-08-27,42530.49,4253049,42530.49,4253049,2026-08-27,TX-121336,0,on_time,87026304,1146339
RP-581-0-1,LN-581-1,EXT-10581,2,2026-08-27,26763.73,2676373,26763.73,2676373,2026-08-27,TX-121337,0,on_time,55241236,686851
RP-581-1-0,LN-581-0,EXT-10581,3,2026-09-27,42530.49,4253049,42530.49,4253049,2026-09-27,TX-121350,0,on_time,83919594,1105417
RP-581-1-1,LN-581-1,EXT-10581,3,2026-09-27,26763.73,2676373,26763.73,2676373,2026-10-03,TX-121351;TX-121354,6,late,53251714,662114
RP-581-2-0,LN-581-0,EXT-10581,4,2026-10-27,42530.49,4253049,42530.49,4253049,2026-11-02,TX-121363;TX-121365,6,late,80771962,1063955
RP-581-2-1,LN-581-1,EXT-10581,4,2026-10-27,26763.73,2676373,26763.73,2676373,2026-11-02,TX-121366,6,late,51237455,637069
RP-582-0-0,LN-582-0,EXT-10582,2,2026-08-26,28580.2,2858020,28580.2,2858020,2026-08-26,TX-121379,0,on_time,32220383,313789
RP-582-1-0,LN-582-0,EXT-10582,3,2026-09-26,28580.2,2858020,28580.2,2858020,2026-10-05,TX-121394,9,late,29676152,289011
RP-582-2-0,LN-582-0,EXT-10582,4,2026-10-26,28580.2,2858020,16956.23,1695623,2026-11-01,TX-121403;TX-121404;TX-121405,6,partial,27107143,263992
RP-583-0-0,LN-583-0,EXT-10583,2,2026-08-25,22491.02,2249102,22491.02,2249102,2026-09-03,TX-121422,9,late,62910381,901563
RP-583-1-0,LN-583-0,EXT-10583,3,2026-09-25,22491.02,2249102,22491.02,2249102,2026-10-01,TX-121432,6,late,61562842,882252
RP-583-2-0,LN-583-0,EXT-10583,4,2026-10-25,22491.02,2249102,22491.02,2249102,2026-11-03,TX-121444,9,late,60195992,862664
RP-584-0-0,LN-584-0,EXT-10584,2,2026-08-22,6157.79,615779,6157.79,615779,2026-08-22,TX-121454,0,on_time,18557018,184559
RP-584-1-0,LN-584-0,EXT-10584,3,2026-09-22,6157.79,615779,6157.79,615779,2026-09-25,TX-121465,3,late,18125798,180270
RP-584-2-0,LN-584-0,EXT-10584,4,2026-10-22,6157.79,615779,6157.79,615779,2026-11-03,TX-121476;TX-121481,12,late,17690289,175939
RP-585-0-0,LN-585-0,EXT-10585,2,2026-08-23,29447.37,2944737,29447.37,2944737,2026-09-07,TX-121490;TX-121496,15,late,31817664,525633
RP-585-1-0,LN-585-0,EXT-10585,3,2026-09-23,29447.37,2944737,29447.37,2944737,2026-10-05,TX-121501;TX-121507,12,late,29398560,485669
RP-585-2-0,LN-585-0,EXT-10585,4,2026-10-23,29447.37,2944737,18013.44,1801344,2026-10-23,TX-121512,0,partial,26939492,445045
RP-586-0-0,LN-586-0,EXT-10586,2,2026-08-24,38387.61,3838761,38387.61,3838761,2026-08-30,TX-121528,6,late,41756718,644731
RP-586-1-0,LN-586-0,EXT-10586,3,2026-09-24,38387.61,3838761,38387.61,3838761,2026-09-30,TX-121539,6,late,38562688,595414
RP-586-2-0,LN-586-0,EXT-10586,4,2026-10-24,38387.61,3838761,38387.61,3838761,2026-10-30,TX-121549,6,late,35319341,545337
RP-587-0-0,LN-587-0,EXT-10587,2,2026-08-24,13130.63,1313063,13130.63,1313063,2026-08-24,TX-121559,0,on_time,26145580,405559
RP-587-1-0,LN-587-0,EXT-10587,3,2026-09-24,13130.63,1313063,13130.63,1313063,2026-09-24,TX-121568,0,on_time,25238076,391483
RP-587-2-0,LN-587-0,EXT-10587,4,2026-10-24,13130.63,1313063,13130.63,1313063,2026-10-24,TX-121577,0,on_time,24316496,377187
RP-588-0-0,LN-588-0,EXT-10588,2,2026-08-26,86286.21,8628621,86286.21,8628621,2026-08-26,TX-121592,0,on_time,96809109,1016584
RP-588-1-0,LN-588-0,EXT-10588,3,2026-09-26,86286.21,8628621,43807.39,4380739,2026-10-08,TX-121605;TX-121607;TX-121608,12,partial,89197072,936651
RP-588-2-0,LN-588-0,EXT-10588,4,2026-10-26,86286.21,8628621,20308.11,2030811,2026-11-01,TX-121617,6,partial,85752984,900485
RP-589-0-0,LN-589-0,EXT-10589,2,2026-08-22,10373.48,1037348,10373.48,1037348,2026-09-03,TX-121635,12,late,27936879,464164
RP-589-1-0,LN-589-0,EXT-10589,3,2026-09-22,10373.48,1037348,10373.48,1037348,2026-10-01,TX-121642;TX-121643;TX-121647,9,late,27363695,454641
RP-589-2-0,LN-589-0,EXT-10589,4,2026-10-22,10373.48,1037348,10373.48,1037348,2026-10-25,TX-121656;TX-121657,3,late,26780988,444959
RP-591-0-0,LN-591-0,EXT-10591,2,2026-08-22,76767.11,7676711,76767.11,7676711,2026-08-22,TX-121702,0,on_time,86080544,911629
RP-591-0-1,LN-591-1,EXT-10591,2,2026-08-22,72252.98,7225298,72252.98,7225298,2026-09-03,TX-121703;TX-121704;TX-121709,12,late,80598946,920037
RP-591-1-0,LN-591-0,EXT-10591,3,2026-09-22,76767.11,7676711,76767.11,7676711,2026-10-01,TX-121721;TX-121723;TX-121726,9,late,79315462,839984
RP-591-1-1,LN-591-1,EXT-10591,3,2026-09-22,72252.98,7225298,72252.98,7225298,2026-11-03,TX-121722;TX-121727;TX-121740,42,late,74293685,848062
RP-591-2-0,LN-591-0,EXT-10591,4,2026-10-22,76767.11,7676711,76767.11,7676711,2026-11-03,TX-121741,12,late,72478735,767580
RP-591-2-1,LN-591-1,EXT-10591,4,2026-10-22,72252.98,7225298,32364.26,3236426,2026-11-03,TX-121742,12,partial,68063262,776942
RP-592-0-0,LN-592-0,EXT-10592,2,2026-08-21,36379.84,3637984,36379.84,3637984,2026-08-27,TX-121752,6,late,76656831,819053
RP-592-1-0,LN-592-0,EXT-10592,3,2026-09-21,36379.84,3637984,36379.84,3637984,2026-09-27,TX-121761,6,late,73837900,788933
RP-592-2-0,LN-592-0,EXT-10592,4,2026-10-21,36379.84,3637984,36379.84,3637984,2026-10-24,TX-121769,3,late,70988849,758492
RP-593-0-0,LN-593-0,EXT-10593,2,2026-08-20,14295.67,1429567,14295.67,1429567,2026-08-20,TX-121779,0,on_time,41476216,504441
RP-593-1-0,LN-593-0,EXT-10593,3,2026-09-20,14295.67,1429567,14295.67,1429567,2026-09-20,TX-121790,0,on_time,40551090,493189
RP-593-2-0,LN-593-0,EXT-10593,4,2026-10-20,14295.67,1429567,14295.67,1429567,2026-10-20,TX-121799,0,on_time,39614712,481801
RP-594-0-0,LN-594-0,EXT-10594,2,2026-08-25,8917.32,891732,8917.32,891732,2026-08-25,TX-121814,0,on_time,18178343,245277
RP-594-1-0,LN-594-0,EXT-10594,3,2026-09-25,8917.32,891732,8917.32,891732,2026-09-25,TX-121824,0,on_time,17531888,236555
RP-594-2-0,LN-594-0,EXT-10594,4,2026-10-25,8917.32,891732,8917.32,891732,2026-10-25,TX-121834,0,on_time,16876711,227715
RP-595-0-0,LN-595-0,EXT-10595,2,2026-08-25,14723.31,1472331,14723.31,1472331,2026-08-25,TX-121850,0,on_time,42963122,508014
RP-595-1-0,LN-595-0,EXT-10595,3,2026-09-25,14723.31,1472331,14723.31,1472331,2026-09-25,TX-121861,0,on_time,41998805,496611
RP-595-2-0,LN-595-0,EXT-10595,4,2026-10-25,14723.31,1472331,14723.31,1472331,2026-10-25,TX-121872,0,on_time,41023085,485074
RP-596-0-0,LN-596-0,EXT-10596,2,2026-08-21,15359.73,1535973,15359.73,1535973,2026-08-21,TX-121885,0,on_time,17262424,176592
RP-596-1-0,LN-596-0,EXT-10596,3,2026-09-21,15359.73,1535973,15359.73,1535973,2026-09-21,TX-121894,0,on_time,15903043,162685
RP-596-2-0,LN-596-0,EXT-10596,4,2026-10-21,15359.73,1535973,15359.73,1535973,2026-10-21,TX-121903,0,on_time,14529755,148637
RP-597-0-0,LN-597-0,EXT-10597,2,2026-08-24,10618.63,1061863,10618.63,1061863,2026-08-24,TX-121916,0,on_time,31999609,318284
RP-597-1-0,LN-597-0,EXT-10597,3,2026-09-24,10618.63,1061863,10618.63,1061863,2026-09-24,TX-121926,0,on_time,31256030,310888
RP-597-2-0,LN-597-0,EXT-10597,4,2026-10-24,10618.63,1061863,10618.63,1061863,2026-10-24,TX-121936,0,on_time,30505055,303419
RP-598-0-0,LN-598-0,EXT-10598,2,2026-08-24,38216.29,3821629,38216.29,3821629,2026-08-24,TX-121950,0,on_time,78322541,1021104
RP-598-1-0,LN-598-0,EXT-10598,3,2026-09-24,38216.29,3821629,38216.29,3821629,2026-09-24,TX-121962,0,on_time,75522016,984593
RP-598-2-0,LN-598-0,EXT-10598,4,2026-10-24,38216.29,3821629,38216.29,3821629,2026-10-24,TX-121972,0,on_time,72684980,947606
RP-599-0-0,LN-599-0,EXT-10599,2,2026-08-22,42817.51,4281751,42817.51,4281751,2026-08-22,TX-121984,0,on_time,48278227,469039
RP-599-1-0,LN-599-0,EXT-10599,3,2026-09-22,42817.51,4281751,42817.51,4281751,2026-09-22,TX-121993,0,on_time,44465515,431997
RP-599-2-0,LN-599-0,EXT-10599,4,2026-10-22,42817.51,4281751,2216.92,221692,2026-10-22,TX-122002,0,partial,40615761,394596
RP-601-0-0,LN-601-0,EXT-10601,2,2026-08-23,18094.06,1809406,18094.06,1809406,2026-08-29,TX-122046,6,late,54836821,527457
RP-601-0-1,LN-601-1,EXT-10601,2,2026-08-23,16859.14,1685914,16859.14,1685914,2026-08-29,TX-122047,6,late,34810307,431758
RP-601-1-0,LN-601-0,EXT-10601,3,2026-09-23,18094.06,1809406,18094.06,1809406,2026-09-29,TX-122059,6,late,53554872,515126
RP-601-1-1,LN-601-1,EXT-10601,3,2026-09-23,16859.14,1685914,16859.14,1685914,2026-09-29,TX-122060,6,late,33556151,416203
RP-601-2-0,LN-601-0,EXT-10601,4,2026-10-23,18094.06,1809406,18094.06,1809406,2026-10-29,TX-122073,6,late,52260592,502677
RP-601-2-1,LN-601-1,EXT-10601,4,2026-10-23,16859.14,1685914,16859.14,1685914,2026-10-29,TX-122074,6,late,32286440,400454
RP-602-0-0,LN-602-0,EXT-10602,2,2026-08-23,12806.17,1280617,12806.17,1280617,2026-08-23,TX-122086,0,on_time,37269460,446519
RP-602-1-0,LN-602-0,EXT-10602,3,2026-09-23,12806.17,1280617,12806.17,1280617,2026-10-05,TX-122100;TX-122107,12,late,36435362,436526
RP-602-2-0,LN-602-0,EXT-10602,4,2026-10-23,12806.17,1280617,5323.9,532390,2026-10-23,TX-122113,0,partial,35591271,426413
RP-603-0-0,LN-603-0,EXT-10603,2,2026-08-27,10329.19,1032919,10329.19,1032919,2026-09-02,TX-122131,6,late,30669193,331475
RP-603-1-0,LN-603-0,EXT-10603,3,2026-09-27,10329.19,1032919,10329.19,1032919,2026-10-03,TX-122145,6,late,29967749,323894
RP-603-2-0,LN-603-0,EXT-10603,4,2026-10-27,10329.19,1032919,10329.19,1032919,2026-10-27,TX-122152,0,on_time,29258724,316231
RP-604-0-0,LN-604-0,EXT-10604,2,2026-08-27,13833.89,1383389,13833.89,1383389,2026-08-27,TX-122164,0,on_time,37335845,615478
RP-604-1-0,LN-604-0,EXT-10604,3,2026-09-27,13833.89,1383389,13833.89,1383389,2026-09-27,TX-122173,0,on_time,36567934,602819
RP-604-2-0,LN-604-0,EXT-10604,4,2026-10-27,13833.89,1383389,13833.89,1383389,2026-10-27,TX-122182,0,on_time,35787364,589952
RP-605-0-0,LN-605-0,EXT-10605,2,2026-08-21,47296.2,4729620,47296.2,4729620,2026-08-30,TX-122198,9,late,52067479,703905
RP-605-1-0,LN-605-0,EXT-10605,3,2026-09-21,47296.2,4729620,47296.2,4729620,2026-09-30,TX-122210,9,late,48041764,649481
RP-605-2-0,LN-605-0,EXT-10605,4,2026-10-21,47296.2,4729620,47296.2,4729620,2026-10-30,TX-122221,9,late,43961625,594321
RP-606-0-0,LN-606-0,EXT-10606,2,2026-08-22,13217.12,1321712,13217.12,1321712,2026-08-22,TX-122232,0,on_time,35955954,575412
RP-606-1-0,LN-606-0,EXT-10606,3,2026-09-22,13217.12,1321712,13217.12,1321712,2026-09-22,TX-122246,0,on_time,35209654,563469
RP-606-2-0,LN-606-0,EXT-10606,4,2026-10-22,13217.12,1321712,9629.1,962910,2026-11-03,TX-122262,12,partial,34451411,551335
RP-607-0-0,LN-607-0,EXT-10607,2,2026-08-22,5221.35,522135,5221.35,522135,2026-08-22,TX-122272,0,on_time,14756212,202395
RP-607-1-0,LN-607-0,EXT-10607,3,2026-09-22,5221.35,522135,5221.35,522135,2026-09-22,TX-122282,0,on_time,14436472,198009
RP-607-2-0,LN-607-0,EXT-10607,4,2026-10-22,5221.35,522135,5221.35,522135,2026-10-22,TX-122292,0,on_time,14112346,193564
RP-608-0-0,LN-608-0,EXT-10608,2,2026-08-23,23437.72,2343772,23437.72,2343772,2026-08-23,TX-122306,0,on_time,47155223,689350
RP-608-1-0,LN-608-0,EXT-10608,3,2026-09-23,23437.72,2343772,23437.72,2343772,2026-10-05,TX-122324,12,late,45500801,665165
RP-608-2-0,LN-608-0,EXT-10608,4,2026-10-23,23437.72,2343772,0,0,,,0,missed,43822194,640626
RP-609-0-0,LN-609-0,EXT-10609,2,2026-08-25,17155.18,1715518,17155.18,1715518,2026-08-25,TX-122345,0,on_time,46279502,764132
RP-609-1-0,LN-609-0,EXT-10609,3,2026-09-25,17155.18,1715518,17155.18,1715518,2026-09-25,TX-122356,0,on_time,45328116,748424
RP-609-2-0,LN-609-0,EXT-10609,4,2026-10-25,17155.18,1715518,17155.18,1715518,2026-10-25,TX-122365,0,on_time,44361022,732456
RP-611-0-0,LN-611-0,EXT-10611,2,2026-08-20,14624.66,1462466,14624.66,1462466,2026-08-20,TX-122408,0,on_time,40802813,590971
RP-611-0-1,LN-611-1,EXT-10611,2,2026-08-20,21707.94,2170794,21707.94,2170794,2026-09-01,TX-122409;TX-122415,12,late,42860377,696199
RP-611-1-0,LN-611-0,EXT-10611,3,2026-09-20,14624.66,1462466,14624.66,1462466,2026-09-20,TX-122420,0,on_time,39931318,578349
RP-611-1-1,LN-611-1,EXT-10611,3,2026-09-20,21707.94,2170794,21707.94,2170794,2026-10-02,TX-122421;TX-122427,12,late,41385782,672247
RP-611-2-0,LN-611-0,EXT-10611,4,2026-10-20,14624.66,1462466,14624.66,1462466,2026-10-20,TX-122432,0,on_time,39047201,565543
RP-611-2-1,LN-611-1,EXT-10611,4,2026-10-20,21707.94,2170794,21707.94,2170794,2026-11-01,TX-122438,12,late,39887235,647905
RP-612-0-0,LN-612-0,EXT-10612,2,2026-08-24,14877.01,1487701,14877.01,1487701,2026-08-24,TX-122449,0,on_time,40333304,653816
RP-612-1-0,LN-612-0,EXT-10612,3,2026-09-24,14877.01,1487701,14877.01,1487701,2026-10-03,TX-122465,9,late,39499419,640299
RP-612-2-0,LN-612-0,EXT-10612,4,2026-10-24,14877.01,1487701,14877.01,1487701,2026-11-02,TX-122477,9,late,38652017,626562
RP-613-0-0,LN-613-0,EXT-10613,2,2026-08-24,33371.31,3337131,33371.31,3337131,2026-08-24,TX-122488,0,on_time,70584808,731617
RP-613-1-0,LN-613-0,EXT-10613,3,2026-09-24,33371.31,3337131,33371.31,3337131,2026-09-30,TX-122498;TX-122501,6,late,67979294,704611
RP-613-2-0,LN-613-0,EXT-10613,4,2026-10-24,33371.31,3337131,33371.31,3337131,2026-10-30,TX-122512,6,late,65346774,677325
RP-614-0-0,LN-614-0,EXT-10614,2,2026-08-24,13312.76,1331276,13312.76,1331276,2026-08-24,TX-122524,0,on_time,27699491,325531
RP-614-1-0,LN-614-0,EXT-10614,3,2026-09-24,13312.76,1331276,13312.76,1331276,2026-09-24,TX-122535,0,on_time,26693746,313712
RP-614-2-0,LN-614-0,EXT-10614,4,2026-10-24,13312.76,1331276,13312.76,1331276,2026-10-24,TX-122546,0,on_time,25676182,301753
RP-615-0-0,LN-615-0,EXT-10615,2,2026-08-25,15287.08,1528708,15287.08,1528708,2026-08-25,TX-122560,0,on_time,42787123,611556
RP-615-1-0,LN-615-0,EXT-10615,3,2026-09-25,15287.08,1528708,15287.08,1528708,2026-09-25,TX-122569,0,on_time,41869971,598447
RP-615-2-0,LN-615-0,EXT-10615,4,2026-10-25,15287.08,1528708,14301.85,1430185,2026-11-03,TX-122583,9,partial,40939710,585151
RP-616-0-0,LN-616-0,EXT-10616,2,2026-08-25,31241.21,3124121,31241.21,3124121,2026-08-25,TX-122593,0,on_time,88066926,1221283
RP-616-1-0,LN-616-0,EXT-10616,3,2026-09-25,31241.21,3124121,31241.21,3124121,2026-09-25,TX-122603,0,on_time,86164088,1194895
RP-616-2-0,LN-616-0,EXT-10616,4,2026-10-25,31241.21,3124121,31241.21,3124121,2026-10-28,TX-122614,3,late,84234862,1168141
RP-617-0-0,LN-617-0,EXT-10617,2,2026-08-28,6596.65,659665,6596.65,659665,2026-08-28,TX-122627,0,on_time,17987731,285311
RP-617-1-0,LN-617-0,EXT-10617,3,2026-09-28,6596.65,659665,6596.65,659665,2026-09-28,TX-122637,0,on_time,17613377,279373
RP-617-2-0,LN-617-0,EXT-10617,4,2026-10-28,6596.65,659665,6596.65,659665,2026-10-28,TX-122647,0,on_time,17233085,273341
RP-618-0-0,LN-618-0,EXT-10618,2,2026-08-28,24166.87,2416687,24166.87,2416687,2026-08-28,TX-122659,0,on_time,47941870,759084
RP-618-1-0,LN-618-0,EXT-10618,3,2026-09-28,24166.87,2416687,24166.87,2416687,2026-09-28,TX-122669,0,on_time,46284267,732838
RP-618-2-0,LN-618-0,EXT-10618,4,2026-10-28,24166.87,2416687,24166.87,2416687,2026-10-28,TX-122679,0,on_time,44600418,706177
RP-619-0-0,LN-619-0,EXT-10619,2,2026-08-23,29389.36,2938936,29389.36,2938936,2026-08-23,TX-122692,0,on_time,33273030,301806
RP-619-1-0,LN-619-0,EXT-10619,3,2026-09-23,29389.36,2938936,29389.36,2938936,2026-09-23,TX-122703,0,on_time,30635900,277885
RP-619-2-0,LN-619-0,EXT-10619,4,2026-10-23,29389.36,2938936,17809.67,1780967,2026-10-23,TX-122714,0,partial,27974849,253748
RP-621-0-0,LN-621-0,EXT-10621,2,2026-08-21,71031.81,7103181,71031.81,7103181,2026-08-21,TX-122753,0,on_time,79057238,930939
RP-621-0-1,LN-621-1,EXT-10621,2,2026-08-21,23538.15,2353815,23538.15,2353815,2026-08-21,TX-122754,0,on_time,67287473,877199
RP-621-1-0,LN-621-0,EXT-10621,3,2026-09-21,71031.81,7103181,71031.81,7103181,2026-09-21,TX-122763,0,on_time,72884996,858257
RP-621-1-1,LN-621-1,EXT-10621,3,2026-09-21,23538.15,2353815,23538.15,2353815,2026-09-24,TX-122764,3,late,65810857,857949
RP-621-2-0,LN-621-0,EXT-10621,4,2026-10-21,71031.81,7103181,71031.81,7103181,2026-10-21,TX-122773,0,on_time,66640072,784720
RP-621-2-1,LN-621-1,EXT-10621,4,2026-10-21,23538.15,2353815,23538.15,2353815,2026-10-21,TX-122774,0,on_time,64314991,838448
RP-622-0-0,LN-622-0,EXT-10622,2,2026-08-23,23997.85,2399785,23997.85,2399785,2026-08-23,TX-122788,0,on_time,26028494,414018
RP-622-1-0,LN-622-0,EXT-10622,3,2026-09-23,23997.85,2399785,23997.85,2399785,2026-10-02,TX-122799;TX-122803,9,late,24042727,382432
RP-622-2-0,LN-622-0,EXT-10622,4,2026-10-23,23997.85,2399785,23997.85,2399785,2026-11-01,TX-122811;TX-122815,9,late,22025374,350343
RP-623-0-0,LN-623-0,EXT-10623,2,2026-08-27,29338.62,2933862,29338.62,2933862,2026-08-27,TX-122826,0,on_time,86395817,975387
RP-623-1-0,LN-623-0,EXT-10623,3,2026-09-27,29338.62,2933862,29338.62,2933862,2026-09-27,TX-122835,0,on_time,84437342,953276
RP-623-2-0,LN-623-0,EXT-10623,4,2026-10-27,29338.62,2933862,29338.62,2933862,2026-10-27,TX-122844,0,on_time,82456756,930916
RP-624-0-0,LN-624-0,EXT-10624,2,2026-08-22,12268.64,1226864,12268.64,1226864,2026-08-22,TX-122856,0,on_time,36632567,383970
RP-624-1-0,LN-624-0,EXT-10624,3,2026-09-22,12268.64,1226864,12268.64,1226864,2026-09-22,TX-122867,0,on_time,35789673,375135
RP-624-2-0,LN-624-0,EXT-10624,4,2026-10-22,12268.64,1226864,12268.64,1226864,2026-10-22,TX-122876,0,on_time,34937944,366208
RP-625-0-0,LN-625-0,EXT-10625,2,2026-08-23,47091.98,4709198,47091.98,4709198,2026-08-29,TX-122890;TX-122892,6,late,53360004,476896
RP-625-1-0,LN-625-0,EXT-10625,3,2026-09-23,47091.98,4709198,47091.98,4709198,2026-09-29,TX-122903,6,late,49127702,439071
RP-625-2-0,LN-625-0,EXT-10625,4,2026-10-23,47091.98,4709198,47091.98,4709198,2026-10-29,TX-122914,6,late,44857575,400907
RP-626-0-0,LN-626-0,EXT-10626,2,2026-08-24,7018.19,701819,7018.19,701819,2026-08-24,TX-122925,0,on_time,20034691,262835
RP-626-1-0,LN-626-0,EXT-10626,3,2026-09-24,7018.19,701819,7018.19,701819,2026-09-24,TX-122937,0,on_time,19595707,257076
RP-626-2-0,LN-626-0,EXT-10626,4,2026-10-24,7018.19,701819,7018.19,701819,2026-10-24,TX-122946,0,on_time,19150964,251241
RP-627-0-0,LN-627-0,EXT-10627,2,2026-08-25,15982.09,1598209,15982.09,1598209,2026-08-25,TX-122959,0,on_time,49509679,413773
RP-627-1-0,LN-627-0,EXT-10627,3,2026-09-25,15982.09,1598209,15982.09,1598209,2026-09-25,TX-122971,0,on_time,48325243,403874
RP-627-2-0,LN-627-0,EXT-10627,4,2026-10-25,15982.09,1598209,15982.09,1598209,2026-10-25,TX-122981,0,on_time,47130908,393893
RP-628-0-0,LN-628-0,EXT-10628,2,2026-08-20,12123.71,1212371,12123.71,1212371,2026-08-20,TX-122994,0,on_time,13187117,203715
RP-628-1-0,LN-628-0,EXT-10628,3,2026-09-20,12123.71,1212371,12123.71,1212371,2026-10-02,TX-123007;TX-123013,12,late,12178461,188133
RP-628-2-0,LN-628-0,EXT-10628,4,2026-10-20,12123.71,1212371,12123.71,1212371,2026-11-01,TX-123024,12,late,11154223,172310
RP-629-0-0,LN-629-0,EXT-10629,2,2026-08-21,10706.91,1070691,10706.91,1070691,2026-08-30,TX-123038,9,late,21401609,324876
RP-629-1-0,LN-629-0,EXT-10629,3,2026-09-21,10706.91,1070691,10706.91,1070691,2026-09-21,TX-123045,0,on_time,20655794,313555
RP-629-2-0,LN-629-0,EXT-10629,4,2026-10-21,10706.91,1070691,10706.91,1070691,2026-10-21,TX-123055,0,on_time,19898658,302062
RP-631-0-0,LN-631-0,EXT-10631,2,2026-08-26,18942.39,1894239,18942.39,1894239,2026-08-26,TX-123102,0,on_time,40510615,382336
RP-631-0-1,LN-631-1,EXT-10631,2,2026-08-26,7346.04,734604,7346.04,734604,2026-08-26,TX-123103,0,on_time,15236658,183131
RP-631-1-0,LN-631-0,EXT-10631,3,2026-09-26,18942.39,1894239,18942.39,1894239,2026-09-26,TX-123114,0,on_time,38998712,368067
RP-631-1-1,LN-631-1,EXT-10631,3,2026-09-26,7346.04,734604,7346.04,734604,2026-09-26,TX-123115,0,on_time,14685185,176502
RP-631-2-0,LN-631-0,EXT-10631,4,2026-10-26,18942.39,1894239,18942.39,1894239,2026-10-26,TX-123126,0,on_time,37472540,353663
RP-631-2-1,LN-631-1,EXT-10631,4,2026-10-26,7346.04,734604,7346.04,734604,2026-10-26,TX-123127,0,on_time,14127083,169795
RP-632-0-0,LN-632-0,EXT-10632,2,2026-08-26,10684.57,1068457,10684.57,1068457,2026-08-29,TX-123143,3,late,21304755,327901
RP-632-1-0,LN-632-0,EXT-10632,3,2026-09-26,10684.57,1068457,10684.57,1068457,2026-09-29,TX-123159,3,late,20564199,316504
RP-632-2-0,LN-632-0,EXT-10632,4,2026-10-26,10684.57,1068457,10684.57,1068457,2026-10-29,TX-123170,3,late,19812246,304930
RP-633-0-0,LN-633-0,EXT-10633,2,2026-08-25,4060.79,406079,4060.79,406079,2026-08-25,TX-123183,0,on_time,8305199,109743
RP-633-1-0,LN-633-0,EXT-10633,3,2026-09-25,4060.79,406079,4060.79,406079,2026-09-25,TX-123194,0,on_time,8008863,105827
RP-633-2-0,LN-633-0,EXT-10633,4,2026-10-25,4060.79,406079,4060.79,406079,2026-11-03,TX-123205;TX-123210,9,late,7708611,101860
RP-634-0-0,LN-634-0,EXT-10634,2,2026-08-20,10858.21,1085821,10858.21,1085821,2026-08-20,TX-123220,0,on_time,32987837,312653
RP-634-1-0,LN-634-0,EXT-10634,3,2026-09-20,10858.21,1085821,10858.21,1085821,2026-09-20,TX-123231,0,on_time,32214669,305325
RP-634-2-0,LN-634-0,EXT-10634,4,2026-10-20,10858.21,1085821,10858.21,1085821,2026-10-23,TX-123243,3,late,31434173,297928
RP-635-0-0,LN-635-0,EXT-10635,2,2026-08-20,18670.35,1867035,18670.35,1867035,2026-08-20,TX-123254,0,on_time,55453652,598294
RP-635-1-0,LN-635-0,EXT-10635,3,2026-09-20,18670.35,1867035,18670.35,1867035,2026-09-20,TX-123263,0,on_time,54184911,584606
RP-635-2-0,LN-635-0,EXT-10635,4,2026-10-20,18670.35,1867035,18670.35,1867035,2026-10-20,TX-123272,0,on_time,52902482,570769
RP-636-0-0,LN-636-0,EXT-10636,2,2026-08-27,3875.4,387540,3875.4,387540,2026-08-27,TX-123290,0,on_time,10852974,154758
RP-636-1-0,LN-636-0,EXT-10636,3,2026-09-27,3875.4,387540,3875.4,387540,2026-09-27,TX-123301,0,on_time,10620192,151439
RP-636-2-0,LN-636-0,EXT-10636,4,2026-10-27,3875.4,387540,3875.4,387540,2026-11-02,TX-123312;TX-123314,6,late,10384091,148072
RP-637-0-0,LN-637-0,EXT-10637,2,2026-08-27,23298.9,2329890,23298.9,2329890,2026-08-27,TX-123326,0,on_time,47424319,645998
RP-637-1-0,LN-637-0,EXT-10637,3,2026-09-27,23298.9,2329890,23298.9,2329890,2026-09-27,TX-123336,0,on_time,45740427,623061
RP-637-2-0,LN-637-0,EXT-10637,4,2026-10-27,23298.9,2329890,23298.9,2329890,2026-10-27,TX-123346,0,on_time,44033598,599811
RP-638-0-0,LN-638-0,EXT-10638,2,2026-08-26,34231.8,3423180,34231.8,3423180,2026-08-26,TX-123358,0,on_time,93046974,1493737
RP-638-1-0,LN-638-0,EXT-10638,3,2026-09-26,34231.8,3423180,34231.8,3423180,2026-09-26,TX-123370,0,on_time,91117531,1462763
RP-638-2-0,LN-638-0,EXT-10638,4,2026-10-26,34231.8,3423180,34231.8,3423180,2026-11-01,TX-123382,6,late,89157114,1431291
RP-639-0-0,LN-639-0,EXT-10639,2,2026-08-27,6619.08,661908,6619.08,661908,2026-08-27,TX-123396,0,on_time,20052606,193315
RP-639-1-0,LN-639-0,EXT-10639,3,2026-09-27,6619.08,661908,6619.08,661908,2026-09-27,TX-123413,0,on_time,19584013,188798
RP-639-2-0,LN-639-0,EXT-10639,4,2026-10-27,6619.08,661908,6619.08,661908,2026-10-27,TX-123423,0,on_time,19110903,184237
RP-641-0-0,LN-641-0,EXT-10641,2,2026-08-27,59379.3,5937930,59379.3,5937930,2026-08-27,TX-123463,0,on_time,65654246,842016
RP-641-0-1,LN-641-1,EXT-10641,2,2026-08-27,62076.99,6207699,62076.99,6207699,2026-08-27,TX-123464,0,on_time,67931012,983533
RP-641-1-0,LN-641-0,EXT-10641,3,2026-09-27,59379.3,5937930,59379.3,5937930,2026-10-06,TX-123477;TX-123479;TX-123484,9,late,60558332,776661
RP-641-1-1,LN-641-1,EXT-10641,3,2026-09-27,62076.99,6207699,62076.99,6207699,2026-10-06,TX-123478;TX-123485,9,late,62706846,907896
RP-641-2-0,LN-641-0,EXT-10641,4,2026-10-27,59379.3,5937930,59379.3,5937930,2026-11-05,TX-123498,9,late,55397063,710467
RP-641-2-1,LN-641-1,EXT-10641,4,2026-10-27,62076.99,6207699,18270.94,1827094,2026-11-05,TX-123499,9,partial,57407043,831163
RP-642-0-0,LN-642-0,EXT-10642,2,2026-08-26,11760.2,1176020,11760.2,1176020,2026-08-26,TX-123509,0,on_time,33955151,422660
RP-642-1-0,LN-642-0,EXT-10642,3,2026-09-26,11760.2,1176020,11760.2,1176020,2026-09-29,TX-123520,3,late,33201791,413282
RP-642-2-0,LN-642-0,EXT-10642,4,2026-10-26,11760.2,1176020,11760.2,1176020,2026-10-26,TX-123529,0,on_time,32439053,403788
RP-643-0-0,LN-643-0,EXT-10643,2,2026-08-23,29740.06,2974006,29740.06,2974006,2026-08-23,TX-123540,0,on_time,82688142,1214758
RP-643-1-0,LN-643-0,EXT-10643,3,2026-09-23,29740.06,2974006,29740.06,2974006,2026-10-02,TX-123558;TX-123561,9,late,80928894,1188913
RP-643-2-0,LN-643-0,EXT-10643,4,2026-10-23,29740.06,2974006,29740.06,2974006,2026-10-23,TX-123568,0,on_time,79143801,1162688
RP-644-0-0,LN-644-0,EXT-10644,2,2026-08-23,8345.74,834574,6206.55,620655,2026-08-26,TX-123585;TX-123587,3,partial,9036263,146256
RP-644-1-0,LN-644-0,EXT-10644,3,2026-09-23,8345.74,834574,0,0,,,0,missed,8561864,138578
RP-644-2-0,LN-644-0,EXT-10644,4,2026-10-23,8345.74,834574,0,0,,,0,missed,8561864,138578
RP-645-0-0,LN-645-0,EXT-10645,2,2026-08-20,32383.68,3238368,32383.68,3238368,2026-08-23,TX-123626,3,late,35700804,474609
RP-645-1-0,LN-645-0,EXT-10645,3,2026-09-20,32383.68,3238368,32383.68,3238368,2026-10-02,TX-123639;TX-123642,12,late,32937045,437868
RP-645-2-0,LN-645-0,EXT-10645,4,2026-10-20,32383.68,3238368,32383.68,3238368,2026-11-01,TX-123654,12,late,30136545,400638
RP-646-0-0,LN-646-0,EXT-10646,2,2026-08-26,78507.14,7850714,78507.14,7850714,2026-08-26,TX-123666,0,on_time,85841826,1253870
RP-646-1-0,LN-646-0,EXT-10646,3,2026-09-26,78507.14,7850714,78507.14,7850714,2026-10-02,TX-123676;TX-123678,6,late,79244982,1157512
RP-646-2-0,LN-646-0,EXT-10646,4,2026-10-26,78507.14,7850714,78507.14,7850714,2026-11-01,TX-123689,6,late,72551780,1059746
RP-647-0-0,LN-647-0,EXT-10647,2,2026-08-24,40191.99,4019199,40191.99,4019199,2026-08-24,TX-123699,0,on_time,45040158,481423
RP-647-1-0,LN-647-0,EXT-10647,3,2026-09-24,40191.99,4019199,40191.99,4019199,2026-09-24,TX-123708,0,on_time,41502382,443609
RP-647-2-0,LN-647-0,EXT-10647,4,2026-10-24,40191.99,4019199,40191.99,4019199,2026-10-24,TX-123717,0,on_time,37926792,405390
RP-648-0-0,LN-648-0,EXT-10648,2,2026-08-26,35078.87,3507887,35078.87,3507887,2026-08-26,TX-123732,0,on_time,74999320,709606
RP-648-1-0,LN-648-0,EXT-10648,3,2026-09-26,35078.87,3507887,35078.87,3507887,2026-10-02,TX-123745,6,late,72201039,683130
RP-648-2-0,LN-648-0,EXT-10648,4,2026-10-26,35078.87,3507887,3192.43,319243,2026-11-01,TX-123757,6,partial,69376282,656404
RP-649-0-0,LN-649-0,EXT-10649,2,2026-08-27,11766.65,1176665,11766.65,1176665,2026-08-27,TX-123771,0,on_time,25189061,235667
RP-649-1-0,LN-649-0,EXT-10649,3,2026-09-27,11766.65,1176665,11766.65,1176665,2026-09-27,TX-123784,0,on_time,24248063,226863
RP-649-2-0,LN-649-0,EXT-10649,4,2026-10-27,11766.65,1176665,11766.65,1176665,2026-10-27,TX-123795,0,on_time,23298261,217977
RP-651-0-0,LN-651-0,EXT-10651,2,2026-08-20,18696.87,1869687,18696.87,1869687,2026-08-20,TX-123844,0,on_time,39512526,412399
RP-651-0-1,LN-651-1,EXT-10651,2,2026-08-20,15226.25,1522625,15226.25,1522625,2026-08-20,TX-123845,0,on_time,43519268,567778
RP-651-1-0,LN-651-0,EXT-10651,3,2026-09-20,18696.87,1869687,18696.87,1869687,2026-10-02,TX-123863,12,late,38055238,397189
RP-651-1-1,LN-651-1,EXT-10651,3,2026-09-20,15226.25,1522625,15226.25,1522625,2026-10-02,TX-123864,12,late,42564421,555320
RP-651-2-0,LN-651-0,EXT-10651,4,2026-10-20,18696.87,1869687,18696.87,1869687,2026-11-01,TX-123876,12,late,36582740,381820
RP-651-2-1,LN-651-1,EXT-10651,4,2026-10-20,15226.25,1522625,15226.25,1522625,2026-11-01,TX-123877,12,late,41597116,542700
RP-652-0-0,LN-652-0,EXT-10652,2,2026-08-26,44356.6,4435660,44356.6,4435660,2026-08-26,TX-123890,0,on_time,48855446,656625
RP-652-1-0,LN-652-0,EXT-10652,3,2026-09-26,44356.6,4435660,44356.6,4435660,2026-09-26,TX-123901,0,on_time,45076411,605834
RP-652-2-0,LN-652-0,EXT-10652,4,2026-10-26,44356.6,4435660,44356.6,4435660,2026-10-26,TX-123912,0,on_time,41246585,554361
RP-653-0-0,LN-653-0,EXT-10653,2,2026-08-23,18203.56,1820356,18203.56,1820356,2026-08-23,TX-123923,0,on_time,56273847,477029
RP-653-1-0,LN-653-0,EXT-10653,3,2026-09-23,18203.56,1820356,18203.56,1820356,2026-09-23,TX-123932,0,on_time,54930520,465641
RP-653-2-0,LN-653-0,EXT-10653,4,2026-10-23,18203.56,1820356,18203.56,1820356,2026-10-23,TX-123941,0,on_time,53575805,454158
RP-654-0-0,LN-654-0,EXT-10654,2,2026-08-27,34719.1,3471910,34719.1,3471910,2026-08-27,TX-123957,0,on_time,70759140,956215
RP-654-1-0,LN-654-0,EXT-10654,3,2026-09-27,34719.1,3471910,34719.1,3471910,2026-09-27,TX-123970,0,on_time,68243445,922219
RP-654-2-0,LN-654-0,EXT-10654,4,2026-10-27,34719.1,3471910,34719.1,3471910,2026-11-02,TX-123981;TX-123983,6,late,65693754,887763
RP-655-0-0,LN-655-0,EXT-10655,2,2026-08-28,20441.51,2044151,20441.51,2044151,2026-08-28,TX-123994,0,on_time,56664672,842637
RP-655-1-0,LN-655-0,EXT-10655,3,2026-09-28,20441.51,2044151,20441.51,2044151,2026-10-01,TX-124003,3,late,55463158,824770
RP-655-2-0,LN-655-0,EXT-10655,4,2026-10-28,20441.51,2044151,20441.51,2044151,2026-10-28,TX-124012,0,on_time,54243777,806637
RP-656-0-0,LN-656-0,EXT-10656,2,2026-08-24,12772.68,1277268,12772.68,1277268,2026-08-24,TX-124022,0,on_time,38461030,384280
RP-656-1-0,LN-656-0,EXT-10656,3,2026-09-24,12772.68,1277268,12772.68,1277268,2026-09-24,TX-124033,0,on_time,37568042,375358
RP-656-2-0,LN-656-0,EXT-10656,4,2026-10-24,12772.68,1277268,12772.68,1277268,2026-10-24,TX-124042,0,on_time,36666132,366347
RP-657-0-0,LN-657-0,EXT-10657,2,2026-08-21,57415.37,5741537,57415.37,5741537,2026-08-21,TX-124053,0,on_time,64077106,726725
RP-657-1-0,LN-657-0,EXT-10657,3,2026-09-21,57415.37,5741537,57415.37,5741537,2026-10-06,TX-124064;TX-124066;TX-124072,15,late,59062294,669850
RP-657-2-0,LN-657-0,EXT-10657,4,2026-10-21,57415.37,5741537,57415.37,5741537,2026-11-05,TX-124077;TX-124079;TX-124085,15,late,53990607,612330
RP-658-0-0,LN-658-0,EXT-10658,2,2026-08-24,24325.92,2432592,24325.92,2432592,2026-08-24,TX-124094,0,on_time,27399950,270686
RP-658-1-0,LN-658-0,EXT-10658,3,2026-09-24,24325.92,2432592,24325.92,2432592,2026-09-24,TX-124104,0,on_time,25238044,249329
RP-658-2-0,LN-658-0,EXT-10658,4,2026-10-24,24325.92,2432592,24325.92,2432592,2026-10-24,TX-124114,0,on_time,23054781,227760
RP-659-0-0,LN-659-0,EXT-10659,2,2026-08-27,18008.32,1800832,18008.32,1800832,2026-08-27,TX-124128,0,on_time,50446389,718474
RP-659-1-0,LN-659-0,EXT-10659,3,2026-09-27,18008.32,1800832,18008.32,1800832,2026-10-06,TX-124139;TX-124140;TX-124143,9,late,49364031,703059
RP-659-2-0,LN-659-0,EXT-10659,4,2026-10-27,18008.32,1800832,18008.32,1800832,2026-10-27,TX-124150,0,on_time,48266258,687424
RP-661-0-0,LN-661-0,EXT-10661,2,2026-08-23,11106.13,1110613,11106.13,1110613,2026-08-23,TX-124192,0,on_time,32331136,386810
RP-661-0-1,LN-661-1,EXT-10661,2,2026-08-23,13765.45,1376545,13765.45,1376545,2026-08-23,TX-124193,0,on_time,15050890,219945
RP-661-1-0,LN-661-0,EXT-10661,3,2026-09-23,11106.13,1110613,11106.13,1110613,2026-09-29,TX-124210,6,late,31607333,378150
RP-661-1-1,LN-661-1,EXT-10661,3,2026-09-23,13765.45,1376545,13765.45,1376545,2026-09-29,TX-124205;TX-124211,6,late,13894290,203043
RP-661-2-0,LN-661-0,EXT-10661,4,2026-10-23,11106.13,1110613,11106.13,1110613,2026-10-29,TX-124222,6,late,30874870,369387
RP-661-2-1,LN-661-1,EXT-10661,4,2026-10-23,13765.45,1376545,13765.45,1376545,2026-10-29,TX-124223,6,late,12720788,185894
RP-662-0-0,LN-662-0,EXT-10662,2,2026-08-21,22862.07,2286207,22862.07,2286207,2026-08-21,TX-124233,0,on_time,63092598,955117
RP-662-1-0,LN-662-0,EXT-10662,3,2026-09-21,22862.07,2286207,22862.07,2286207,2026-09-21,TX-124242,0,on_time,61761508,934966
RP-662-2-0,LN-662-0,EXT-10662,4,2026-10-21,22862.07,2286207,22862.07,2286207,2026-10-21,TX-124251,0,on_time,60410267,914511
RP-663-0-0,LN-663-0,EXT-10663,2,2026-08-22,8307.71,830771,8307.71,830771,2026-08-22,TX-124264,0,on_time,25211228,240566
RP-663-1-0,LN-663-0,EXT-10663,3,2026-09-22,8307.71,830771,8307.71,830771,2026-09-22,TX-124276,0,on_time,24621023,234934
RP-663-2-0,LN-663-0,EXT-10663,4,2026-10-22,8307.71,830771,8307.71,830771,2026-10-25,TX-124286,3,late,24025186,229248
RP-664-0-0,LN-664-0,EXT-10664,2,2026-08-22,50369.46,5036946,50369.46,5036946,2026-08-22,TX-124298,0,on_time,54924434,826448
RP-664-1-0,LN-664-0,EXT-10664,3,2026-09-22,50369.46,5036946,50369.46,5036946,2026-09-22,TX-124307,0,on_time,50713936,763093
RP-664-2-0,LN-664-0,EXT-10664,4,2026-10-22,50369.46,5036946,50369.46,5036946,2026-10-22,TX-124316,0,on_time,46440083,698784
RP-665-0-0,LN-665-0,EXT-10665,2,2026-08-25,21085.88,2108588,21085.88,2108588,2026-08-25,TX-124329,0,on_time,42361011,624631
RP-665-1-0,LN-665-0,EXT-10665,3,2026-09-25,21085.88,2108588,21085.88,2108588,2026-09-25,TX-124339,0,on_time,40877054,602749
RP-665-2-0,LN-665-0,EXT-10665,4,2026-10-25,21085.88,2108588,21085.88,2108588,2026-10-25,TX-124349,0,on_time,39371215,580545
RP-666-0-0,LN-666-0,EXT-10666,2,2026-08-27,18244.78,1824478,18244.78,1824478,2026-09-02,TX-124366,6,late,36809925,529293
RP-666-1-0,LN-666-0,EXT-10666,3,2026-09-27,18244.78,1824478,18244.78,1824478,2026-10-03,TX-124380,6,late,35514740,510669
RP-666-2-0,LN-666-0,EXT-10666,4,2026-10-27,18244.78,1824478,18244.78,1824478,2026-11-02,TX-124390,6,late,34200931,491778
RP-667-0-0,LN-667-0,EXT-10667,2,2026-08-26,38575.93,3857593,38575.93,3857593,2026-09-01,TX-124401,6,late,78717378,1055397
RP-667-1-0,LN-667-0,EXT-10667,3,2026-09-26,38575.93,3857593,38575.93,3857593,2026-10-05,TX-124415,9,late,75915182,1017826
RP-667-2-0,LN-667-0,EXT-10667,4,2026-10-26,38575.93,3857593,38575.93,3857593,2026-11-04,TX-124423,9,late,73075415,979753
RP-668-0-0,LN-668-0,EXT-10668,2,2026-08-21,8591.02,859102,8591.02,859102,2026-08-21,TX-124434,0,on_time,24744746,311551
RP-668-1-0,LN-668-0,EXT-10668,3,2026-09-21,8591.02,859102,8591.02,859102,2026-09-21,TX-124448,0,on_time,24197195,304657
RP-668-2-0,LN-668-0,EXT-10668,4,2026-10-21,8591.02,859102,8591.02,859102,2026-10-24,TX-124459,3,late,23642750,297676
RP-669-0-0,LN-669-0,EXT-10669,2,2026-08-20,5780.9,578090,5780.9,578090,2026-08-20,TX-124473,0,on_time,11545092,176126
RP-669-1-0,LN-669-0,EXT-10669,3,2026-09-20,5780.9,578090,5780.9,578090,2026-09-20,TX-124486,0,on_time,11143128,169994
RP-669-2-0,LN-669-0,EXT-10669,4,2026-10-20,5780.9,578090,5780.9,578090,2026-11-01,TX-124498;TX-124504,12,late,10735032,163768
RP-671-0-0,LN-671-0,EXT-10671,2,2026-08-27,30943.94,3094394,30943.94,3094394,2026-08-27,TX-124549,0,on_time,64414029,754482
RP-671-0-1,LN-671-1,EXT-10671,2,2026-08-27,52043.58,5204358,52043.58,5204358,2026-09-05,TX-124550;TX-124552;TX-124555,9,late,57933890,680574
RP-671-1-0,LN-671-0,EXT-10671,3,2026-09-27,30943.94,3094394,30943.94,3094394,2026-11-05,TX-124567;TX-124577,39,late,62074117,727074
RP-671-1-1,LN-671-1,EXT-10671,3,2026-09-27,52043.58,5204358,52043.58,5204358,2026-10-06,TX-124565,9,late,53410106,627431
RP-671-2-0,LN-671-0,EXT-10671,4,2026-10-27,30943.94,3094394,30943.94,3094394,2026-11-05,TX-124578,9,late,61117538,715870
RP-671-2-1,LN-671-1,EXT-10671,4,2026-10-27,52043.58,5204358,45071.22,4507122,2026-11-05,TX-124579,9,partial,48833179,573664
RP-672-0-0,LN-672-0,EXT-10672,2,2026-08-21,4713.64,471364,4713.64,471364,2026-08-24,TX-124588,3,late,9829525,113654
RP-672-1-0,LN-672-0,EXT-10672,3,2026-09-21,4713.64,471364,4713.64,471364,2026-09-21,TX-124597,0,on_time,9471815,109518
RP-672-2-0,LN-672-0,EXT-10672,4,2026-10-21,4713.64,471364,4713.64,471364,2026-10-21,TX-124607,0,on_time,9109969,105334
RP-673-0-0,LN-673-0,EXT-10673,2,2026-08-24,34824.55,3482455,34824.55,3482455,2026-08-24,TX-124621,0,on_time,70932426,962116
RP-673-1-0,LN-673-0,EXT-10673,3,2026-09-24,34824.55,3482455,34824.55,3482455,2026-09-30,TX-124632;TX-124636,6,late,68412087,927930
RP-673-2-0,LN-673-0,EXT-10673,4,2026-10-24,34824.55,3482455,34824.55,3482455,2026-10-24,TX-124644,0,on_time,65857562,893281
RP-674-0-0,LN-674-0,EXT-10674,2,2026-08-22,30629.03,3062903,30629.03,3062903,2026-08-22,TX-124657,0,on_time,60558302,976392
RP-674-1-0,LN-674-0,EXT-10674,3,2026-09-22,30629.03,3062903,30629.03,3062903,2026-10-01,TX-124669;TX-124674,9,late,58471791,942750
RP-674-2-0,LN-674-0,EXT-10674,4,2026-10-22,30629.03,3062903,30629.03,3062903,2026-11-03,TX-124681;TX-124687,12,late,56351638,908567
RP-675-0-0,LN-675-0,EXT-10675,2,2026-08-23,54410.88,5441088,54410.88,5441088,2026-08-29,TX-124696;TX-124699,6,late,61402019,588339
RP-675-1-0,LN-675-0,EXT-10675,3,2026-09-23,54410.88,5441088,54410.88,5441088,2026-09-29,TX-124712,6,late,56549270,541841
RP-675-2-0,LN-675-0,EXT-10675,4,2026-10-23,54410.88,5441088,54410.88,5441088,2026-10-29,TX-124724,6,late,51650023,494898
RP-676-0-0,LN-676-0,EXT-10676,2,2026-08-24,35188.1,3518810,35188.1,3518810,2026-08-24,TX-124734,0,on_time,38687764,531035
RP-676-1-0,LN-676-0,EXT-10676,3,2026-09-24,35188.1,3518810,35188.1,3518810,2026-09-24,TX-124744,0,on_time,35699989,490024
RP-676-2-0,LN-676-0,EXT-10676,4,2026-10-24,35188.1,3518810,35188.1,3518810,2026-11-02,TX-124754;TX-124758,9,late,32671203,448450
RP-677-0-0,LN-677-0,EXT-10677,2,2026-08-28,14848.76,1484876,14848.76,1484876,2026-08-28,TX-124771,0,on_time,45206274,422969
RP-677-1-0,LN-677-0,EXT-10677,3,2026-09-28,14848.76,1484876,14848.76,1484876,2026-09-28,TX-124784,0,on_time,44144367,413033
RP-677-2-0,LN-677-0,EXT-10677,4,2026-10-28,14848.76,1484876,14848.76,1484876,2026-10-28,TX-124795,0,on_time,43072524,403004
RP-678-0-0,LN-678-0,EXT-10678,2,2026-08-21,11875.18,1187518,11875.18,1187518,2026-08-21,TX-124806,0,on_time,13394867,129315
RP-678-1-0,LN-678-0,EXT-10678,3,2026-09-21,11875.18,1187518,11875.18,1187518,2026-11-02,TX-124818;TX-124833,42,late,12336664,119099
RP-678-2-0,LN-678-0,EXT-10678,4,2026-10-21,11875.18,1187518,11875.18,1187518,2026-11-02,TX-124834,12,late,11658353,112551
RP-679-0-0,LN-679-0,EXT-10679,2,2026-08-20,15613.05,1561305,15613.05,1561305,2026-08-20,TX-124843,0,on_time,31648837,442311
RP-679-1-0,LN-679-0,EXT-10679,3,2026-09-20,15613.05,1561305,15613.05,1561305,2026-09-20,TX-124856,0,on_time,30529843,426672
RP-679-2-0,LN-679-0,EXT-10679,4,2026-10-20,15613.05,1561305,15613.05,1561305,2026-10-20,TX-124867,0,on_time,29395210,410815
RP-681-0-0,LN-681-0,EXT-10681,2,2026-08-25,27462.28,2746228,27462.28,2746228,2026-08-25,TX-124912,0,on_time,30719959,337070
RP-681-0-1,LN-681-1,EXT-10681,2,2026-08-25,14857.52,1485752,14857.52,1485752,2026-08-25,TX-124913,0,on_time,30157853,417998
RP-681-1-0,LN-681-0,EXT-10681,3,2026-09-25,27462.28,2746228,27462.28,2746228,2026-10-01,TX-124925;TX-124928,6,late,28310801,310636
RP-681-1-1,LN-681-1,EXT-10681,3,2026-09-25,14857.52,1485752,14857.52,1485752,2026-10-01,TX-124929,6,late,29090099,403198
RP-681-2-0,LN-681-0,EXT-10681,4,2026-10-25,27462.28,2746228,27462.28,2746228,2026-11-03,TX-124937;TX-124942,9,late,25875209,283911
RP-681-2-1,LN-681-1,EXT-10681,4,2026-10-25,14857.52,1485752,14857.52,1485752,2026-11-03,TX-124943,9,late,28007545,388194
RP-682-0-0,LN-682-0,EXT-10682,2,2026-08-25,34952.56,3495256,34952.56,3495256,2026-09-06,TX-124952;TX-124958,12,late,38918698,455569
RP-682-1-0,LN-682-0,EXT-10682,3,2026-09-25,34952.56,3495256,34952.56,3495256,2026-10-07,TX-124970,12,late,35879011,419988
RP-682-2-0,LN-682-0,EXT-10682,4,2026-10-25,34952.56,3495256,12720.77,1272077,2026-10-25,TX-124975,0,partial,32803743,383990
RP-683-0-0,LN-683-0,EXT-10683,2,2026-08-28,24967.39,2496739,24967.39,2496739,2026-08-28,TX-124991,0,on_time,74710400,773726
RP-683-1-0,LN-683-0,EXT-10683,3,2026-09-28,24967.39,2496739,24967.39,2496739,2026-09-28,TX-125003,0,on_time,72987387,755882
RP-683-2-0,LN-683-0,EXT-10683,4,2026-10-28,24967.39,2496739,24967.39,2496739,2026-10-28,TX-125013,0,on_time,71246530,737853
RP-684-0-0,LN-684-0,EXT-10684,2,2026-08-21,13053.8,1305380,13053.8,1305380,2026-08-21,TX-125027,0,on_time,28208127,241774
RP-684-1-0,LN-684-0,EXT-10684,3,2026-09-21,13053.8,1305380,13053.8,1305380,2026-09-21,TX-125037,0,on_time,27144521,232658
RP-684-2-0,LN-684-0,EXT-10684,4,2026-10-21,13053.8,1305380,13053.8,1305380,2026-10-21,TX-125047,0,on_time,26071799,223464
RP-685-0-0,LN-685-0,EXT-10685,2,2026-08-28,5576.79,557679,5576.79,557679,2026-08-28,TX-125062,0,on_time,11466017,146357
RP-685-1-0,LN-685-0,EXT-10685,3,2026-09-28,5576.79,557679,5576.79,557679,2026-10-01,TX-125075;TX-125077,3,late,11054695,141107
RP-685-2-0,LN-685-0,EXT-10685,4,2026-10-28,5576.79,557679,5576.79,557679,2026-11-03,TX-125086;TX-125089,6,late,10638123,135789
RP-686-0-0,LN-686-0,EXT-10686,2,2026-08-21,37400.98,3740098,37400.98,3740098,2026-08-21,TX-125097,0,on_time,41687297,481242
RP-686-1-0,LN-686-0,EXT-10686,3,2026-09-21,37400.98,3740098,37400.98,3740098,2026-09-30,TX-125110;TX-125114,9,late,38428441,443621
RP-686-2-0,LN-686-0,EXT-10686,4,2026-10-21,37400.98,3740098,37400.98,3740098,2026-10-30,TX-125121;TX-125122;TX-125126,9,late,35131964,405566
RP-687-0-0,LN-687-0,EXT-10687,2,2026-08-22,11057.56,1105756,11057.56,1105756,2026-08-22,TX-125136,0,on_time,12400552,131092
RP-687-1-0,LN-687-0,EXT-10687,3,2026-09-22,11057.56,1105756,11057.56,1105756,2026-09-22,TX-125149,0,on_time,11425888,120789
RP-687-2-0,LN-687-0,EXT-10687,4,2026-10-22,11057.56,1105756,11057.56,1105756,2026-10-22,TX-125159,0,on_time,10440921,110376
RP-688-0-0,LN-688-0,EXT-10688,2,2026-08-25,39049.05,3904905,39049.05,3904905,2026-08-25,TX-125171,0,on_time,42337278,676006
RP-688-1-0,LN-688-0,EXT-10688,3,2026-09-25,39049.05,3904905,39049.05,3904905,2026-09-25,TX-125183,0,on_time,39108379,624450
RP-688-2-0,LN-688-0,EXT-10688,4,2026-10-25,39049.05,3904905,34394.69,3439469,2026-10-25,TX-125193,0,partial,35827924,572070
RP-689-0-0,LN-689-0,EXT-10689,2,2026-08-28,14834.28,1483428,14834.28,1483428,2026-08-28,TX-125209,0,on_time,40106495,656857
RP-689-1-0,LN-689-0,EXT-10689,3,2026-09-28,14834.28,1483428,14834.28,1483428,2026-09-28,TX-125218,0,on_time,39279924,643320
RP-689-2-0,LN-689-0,EXT-10689,4,2026-10-28,14834.28,1483428,14834.28,1483428,2026-10-28,TX-125227,0,on_time,38439816,629561
RP-691-0-0,LN-691-0,EXT-10691,2,2026-08-25,13581.89,1358189,13581.89,1358189,2026-08-25,TX-125273,0,on_time,41167897,395641
RP-691-0-1,LN-691-1,EXT-10691,2,2026-08-25,21385.85,2138585,21385.85,2138585,2026-08-25,TX-125274,0,on_time,65504803,589969
RP-691-1-0,LN-691-0,EXT-10691,3,2026-09-25,13581.89,1358189,13581.89,1358189,2026-09-25,TX-125285,0,on_time,40205349,386390
RP-691-1-1,LN-691-1,EXT-10691,3,2026-09-25,21385.85,2138585,21385.85,2138585,2026-09-25,TX-125286,0,on_time,63956187,576021
RP-691-2-0,LN-691-0,EXT-10691,4,2026-10-25,13581.89,1358189,13581.89,1358189,2026-10-25,TX-125297,0,on_time,39233550,377051
RP-691-2-1,LN-691-1,EXT-10691,4,2026-10-25,21385.85,2138585,21385.85,2138585,2026-10-25,TX-125298,0,on_time,62393623,561948
RP-692-0-0,LN-692-0,EXT-10692,2,2026-08-24,37792.11,3779211,37792.11,3779211,2026-08-24,TX-125308,0,on_time,41012311,648763
RP-692-1-0,LN-692-0,EXT-10692,3,2026-09-24,37792.11,3779211,37792.11,3779211,2026-09-24,TX-125320,0,on_time,37881863,599244
RP-692-2-0,LN-692-0,EXT-10692,4,2026-10-24,37792.11,3779211,37792.11,3779211,2026-10-24,TX-125330,0,on_time,34701896,548941
RP-693-0-0,LN-693-0,EXT-10693,2,2026-08-24,11692.75,1169275,11692.75,1169275,2026-08-24,TX-125344,0,on_time,35515764,337042
RP-693-1-0,LN-693-0,EXT-10693,3,2026-09-24,11692.75,1169275,11692.75,1169275,2026-09-24,TX-125354,0,on_time,34683531,329144
RP-693-2-0,LN-693-0,EXT-10693,4,2026-10-24,11692.75,1169275,11692.75,1169275,2026-10-24,TX-125364,0,on_time,33843400,321171
RP-694-0-0,LN-694-0,EXT-10694,2,2026-08-28,3150.41,315041,3150.41,315041,2026-08-31,TX-125379;TX-125380,3,late,6461401,83830
RP-694-1-0,LN-694-0,EXT-10694,3,2026-09-28,3150.41,315041,3150.41,315041,2026-10-07,TX-125396,9,late,6230190,80830
RP-694-2-0,LN-694-0,EXT-10694,4,2026-10-28,3150.41,315041,0,0,,,0,missed,5995979,77792
RP-695-0-0,LN-695-0,EXT-10695,2,2026-08-23,16164.37,1616437,16164.37,1616437,2026-08-23,TX-125416,0,on_time,48030387,517047
RP-695-1-0,LN-695-0,EXT-10695,3,2026-09-23,16164.37,1616437,16164.37,1616437,2026-09-23,TX-125426,0,on_time,46930997,505212
RP-695-2-0,LN-695-0,EXT-10695,4,2026-10-23,16164.37,1616437,16164.37,1616437,2026-10-23,TX-125436,0,on_time,45819772,493250
RP-696-0-0,LN-696-0,EXT-10696,2,2026-08-22,9740.47,974047,9740.47,974047,2026-08-22,TX-125447,0,on_time,20888255,192356
RP-696-1-0,LN-696-0,EXT-10696,3,2026-09-22,9740.47,974047,9740.47,974047,2026-09-22,TX-125456,0,on_time,20106564,185158
RP-696-2-0,LN-696-0,EXT-10696,4,2026-10-22,9740.47,974047,9740.47,974047,2026-11-03,TX-125465;TX-125471,12,late,19317675,177893
RP-697-0-0,LN-697-0,EXT-10697,2,2026-08-27,6182.47,618247,6182.47,618247,2026-09-02,TX-125483;TX-125485,6,late,18318553,200219
RP-697-1-0,LN-697-0,EXT-10697,3,2026-09-27,6182.47,618247,6182.47,618247,2026-11-02,TX-125499;TX-125510,36,late,17900525,195650
RP-697-2-0,LN-697-0,EXT-10697,4,2026-10-27,6182.47,618247,0,0,,,0,missed,17900525,195650
RP-698-0-0,LN-698-0,EXT-10698,2,2026-08-21,44644.09,4464409,44644.09,4464409,2026-08-24,TX-125522;TX-125523,3,late,49213374,654833
RP-698-1-0,LN-698-0,EXT-10698,3,2026-09-21,44644.09,4464409,44644.09,4464409,2026-10-06,TX-125544,15,late,45403798,604143
RP-698-2-0,LN-698-0,EXT-10698,4,2026-10-21,44644.09,4464409,44644.09,4464409,2026-11-05,TX-125557,15,late,41543532,552778
RP-699-0-0,LN-699-0,EXT-10699,2,2026-08-22,17800.52,1780052,17800.52,1780052,2026-08-22,TX-125565,0,on_time,37928648,369675
RP-699-1-0,LN-699-0,EXT-10699,3,2026-09-22,17800.52,1780052,17800.52,1780052,2026-09-22,TX-125576,0,on_time,36518271,355928
RP-699-2-0,LN-699-0,EXT-10699,4,2026-10-22,17800.52,1780052,17800.52,1780052,2026-10-22,TX-125587,0,on_time,35094147,342048
RP-701-0-0,LN-701-0,EXT-10701,2,2026-08-28,15220.8,1522080,15220.8,1522080,2026-09-06,TX-125637,9,late,31222169,404676
RP-701-0-1,LN-701-1,EXT-10701,2,2026-08-28,27020.75,2702075,27020.75,2702075,2026-09-06,TX-125638,9,late,57493795,567157
RP-701-1-0,LN-701-0,EXT-10701,3,2026-09-28,15220.8,1522080,15220.8,1522080,2026-10-01,TX-125648,3,late,30104765,390193
RP-701-1-1,LN-701-1,EXT-10701,3,2026-09-28,27020.75,2702075,27020.75,2702075,2026-10-04,TX-125651,6,late,55358877,546097
RP-701-2-0,LN-701-0,EXT-10701,4,2026-10-28,15220.8,1522080,15220.8,1522080,2026-11-03,TX-125664,6,late,28972878,375522
RP-701-2-1,LN-701-1,EXT-10701,4,2026-10-28,27020.75,2702075,0,0,,,0,missed,53202899,524829
RP-702-0-0,LN-702-0,EXT-10702,2,2026-08-26,36975.3,3697530,36975.3,3697530,2026-09-01,TX-125676,6,late,41332418,458122
RP-702-1-0,LN-702-0,EXT-10702,3,2026-09-26,36975.3,3697530,36975.3,3697530,2026-10-02,TX-125688,6,late,38093010,422217
RP-702-2-0,LN-702-0,EXT-10702,4,2026-10-26,36975.3,3697530,36975.3,3697530,2026-11-01,TX-125698,6,late,34817697,385914
RP-703-0-0,LN-703-0,EXT-10703,2,2026-08-24,10605.81,1060581,10605.81,1060581,2026-08-24,TX-125707,0,on_time,29776443,420106
RP-703-1-0,LN-703-0,EXT-10703,3,2026-09-24,10605.81,1060581,10605.81,1060581,2026-09-24,TX-125716,0,on_time,29135968,411070
RP-703-2-0,LN-703-0,EXT-10703,4,2026-10-24,10605.81,1060581,10605.81,1060581,2026-10-24,TX-125725,0,on_time,28486457,401906
RP-704-0-0,LN-704-0,EXT-10704,2,2026-08-27,17755.13,1775513,17755.13,1775513,2026-08-27,TX-125740,0,on_time,36018453,501026
RP-704-1-0,LN-704-0,EXT-10704,3,2026-09-27,17755.13,1775513,17755.13,1775513,2026-09-27,TX-125750,0,on_time,34743966,483297
RP-704-2-0,LN-704-0,EXT-10704,4,2026-10-27,17755.13,1775513,17755.13,1775513,2026-10-27,TX-125760,0,on_time,33451750,465322
RP-705-0-0,LN-705-0,EXT-10705,2,2026-08-22,10650.68,1065068,10650.68,1065068,2026-08-22,TX-125774,0,on_time,21684441,294930
RP-705-1-0,LN-705-0,EXT-10705,3,2026-09-22,10650.68,1065068,10650.68,1065068,2026-10-01,TX-125789,9,late,20914303,284455
RP-705-2-0,LN-705-0,EXT-10705,4,2026-10-22,10650.68,1065068,10650.68,1065068,2026-11-03,TX-125803,12,late,20133690,273838
RP-706-0-0,LN-706-0,EXT-10706,2,2026-08-24,10850.09,1085009,10850.09,1085009,2026-08-30,TX-125815,6,late,29512564,472545
RP-706-1-0,LN-706-0,EXT-10706,3,2026-09-24,10850.09,1085009,10850.09,1085009,2026-09-30,TX-125825,6,late,28900100,462739
RP-706-2-0,LN-706-0,EXT-10706,4,2026-10-24,10850.09,1085009,10850.09,1085009,2026-10-30,TX-125835,6,late,28277830,452775
RP-707-0-0,LN-707-0,EXT-10707,2,2026-08-25,44053.04,4405304,44053.04,4405304,2026-08-28,TX-125846;TX-125849,3,late,48087412,715445
RP-707-1-0,LN-707-0,EXT-10707,3,2026-09-25,44053.04,4405304,44053.04,4405304,2026-09-28,TX-125858,3,late,44397553,660547
RP-707-2-0,LN-707-0,EXT-10707,4,2026-10-25,44053.04,4405304,44053.04,4405304,2026-10-28,TX-125869,3,late,40652796,604832
RP-708-0-0,LN-708-0,EXT-10708,2,2026-08-21,22363.17,2236317,22363.17,2236317,2026-08-24,TX-125880,3,late,44535552,690279
RP-708-1-0,LN-708-0,EXT-10708,3,2026-09-21,22363.17,2236317,19429.91,1942991,2026-11-02,TX-125904,42,partial,42989514,666316
RP-708-2-0,LN-708-0,EXT-10708,4,2026-10-21,22363.17,2236317,0,0,,,0,missed,42989514,666316
RP-709-0-0,LN-709-0,EXT-10709,2,2026-08-27,10304.32,1030432,10304.32,1030432,2026-08-27,TX-125915,0,on_time,21672659,234919
RP-709-1-0,LN-709-0,EXT-10709,3,2026-09-27,10304.32,1030432,10304.32,1030432,2026-10-06,TX-125929,9,late,20877146,226296
RP-709-2-0,LN-709-0,EXT-10709,4,2026-10-27,10304.32,1030432,10304.32,1030432,2026-11-05,TX-125939,9,late,20073010,217580
RP-711-0-0,LN-711-0,EXT-10711,2,2026-08-25,5561.57,556157,5561.57,556157,2026-08-25,TX-125985,0,on_time,15624891,219824
RP-711-0-1,LN-711-1,EXT-10711,2,2026-08-25,6320.46,632046,6320.46,632046,2026-08-28,TX-125987,3,late,13358176,139338
RP-711-1-0,LN-711-0,EXT-10711,3,2026-09-25,5561.57,556157,5561.57,556157,2026-09-25,TX-125997,0,on_time,15288558,215092
RP-711-1-1,LN-711-1,EXT-10711,3,2026-09-25,6320.46,632046,6320.46,632046,2026-09-25,TX-125998,0,on_time,12865468,134199
RP-711-2-0,LN-711-0,EXT-10711,4,2026-10-25,5561.57,556157,2479.61,247961,2026-10-25,TX-126009,0,partial,14947493,210294
RP-711-2-1,LN-711-1,EXT-10711,4,2026-10-25,6320.46,632046,0,0,,,0,missed,12367621,129006
RP-712-0-0,LN-712-0,EXT-10712,2,2026-08-24,16387.5,1638750,16387.5,1638750,2026-08-24,TX-126025,0,on_time,48616594,527830
RP-712-1-0,LN-712-0,EXT-10712,3,2026-09-24,16387.5,1638750,16387.5,1638750,2026-10-03,TX-126041,9,late,47505674,515769
RP-712-2-0,LN-712-0,EXT-10712,4,2026-10-24,16387.5,1638750,16387.5,1638750,2026-11-02,TX-126053,9,late,46382693,503577
RP-713-0-0,LN-713-0,EXT-10713,2,2026-08-28,18966.88,1896688,18966.88,1896688,2026-08-28,TX-126066,0,on_time,21247431,228272
RP-713-1-0,LN-713-0,EXT-10713,3,2026-09-28,18966.88,1896688,18966.88,1896688,2026-09-28,TX-126076,0,on_time,19579015,210347
RP-713-2-0,LN-713-0,EXT-10713,4,2026-10-28,18966.88,1896688,18966.88,1896688,2026-10-28,TX-126086,0,on_time,17892674,192230
RP-714-0-0,LN-714-0,EXT-10714,2,2026-08-23,11534.94,1153494,11534.94,1153494,2026-08-29,TX-126100,6,late,32017560,473582
RP-714-1-0,LN-714-0,EXT-10714,3,2026-09-23,11534.94,1153494,11534.94,1153494,2026-09-29,TX-126107;TX-126111,6,late,31337648,463526
RP-714-2-0,LN-714-0,EXT-10714,4,2026-10-23,11534.94,1153494,11534.94,1153494,2026-10-29,TX-126121,6,late,30647680,453320
RP-715-0-0,LN-715-0,EXT-10715,2,2026-08-28,9755.8,975580,9755.8,975580,2026-08-28,TX-126134,0,on_time,21129398,177100
RP-715-1-0,LN-715-0,EXT-10715,3,2026-09-28,9755.8,975580,9755.8,975580,2026-09-28,TX-126149,0,on_time,20330918,170407
RP-715-2-0,LN-715-0,EXT-10715,4,2026-10-28,9755.8,975580,9755.8,975580,2026-10-28,TX-126161,0,on_time,19525745,163658
RP-716-0-0,LN-716-0,EXT-10716,2,2026-08-27,8663.23,866323,8663.23,866323,2026-08-30,TX-126175,3,late,17241340,268201
RP-716-1-0,LN-716-0,EXT-10716,3,2026-09-27,8663.23,866323,8663.23,866323,2026-09-27,TX-126186,0,on_time,16643218,258896
RP-716-2-0,LN-716-0,EXT-10716,4,2026-10-27,8663.23,866323,8663.23,866323,2026-10-27,TX-126197,0,on_time,16035791,249447
RP-717-0-0,LN-717-0,EXT-10717,2,2026-08-22,25993.35,2599335,25993.35,2599335,2026-08-28,TX-126208;TX-126213,6,late,52899842,721351
RP-717-1-0,LN-717-0,EXT-10717,3,2026-09-22,25993.35,2599335,25993.35,2599335,2026-09-28,TX-126222;TX-126227,6,late,51021858,695743
RP-717-2-0,LN-717-0,EXT-10717,4,2026-10-22,25993.35,2599335,25993.35,2599335,2026-10-28,TX-126234;TX-126236;TX-126240,6,late,49118266,669785
RP-718-0-0,LN-718-0,EXT-10718,2,2026-08-24,29870.84,2987084,29870.84,2987084,2026-09-02,TX-126252;TX-126255,9,late,32528544,496448
RP-718-1-0,LN-718-0,EXT-10718,3,2026-09-24,29870.84,2987084,25574.03,2557403,2026-11-05,TX-126269;TX-126282,42,partial,30037908,458436
RP-718-2-0,LN-718-0,EXT-10718,4,2026-10-24,29870.84,2987084,24313.54,2431354,2026-11-02,TX-126280,9,partial,27956817,426675
RP-719-0-0,LN-719-0,EXT-10719,2,2026-08-24,14561.47,1456147,14561.47,1456147,2026-08-24,TX-126290,0,on_time,15997556,221526
RP-719-1-0,LN-719-0,EXT-10719,3,2026-09-24,14561.47,1456147,14561.47,1456147,2026-09-24,TX-126299,0,on_time,14762935,204430
RP-719-2-0,LN-719-0,EXT-10719,4,2026-10-24,14561.47,1456147,14561.47,1456147,2026-10-24,TX-126308,0,on_time,13511218,187097
RP-721-0-0,LN-721-0,EXT-10721,2,2026-08-22,67935.41,6793541,67935.41,6793541,2026-08-22,TX-126347,0,on_time,73678388,1172849
RP-721-0-1,LN-721-1,EXT-10721,2,2026-08-22,23639.51,2363951,23639.51,2363951,2026-08-22,TX-126348,0,on_time,48994343,592019
RP-721-1-0,LN-721-0,EXT-10721,3,2026-09-22,67935.41,6793541,67935.41,6793541,2026-10-01,TX-126359;TX-126364,9,late,68057696,1083376
RP-721-1-1,LN-721-1,EXT-10721,3,2026-09-22,23639.51,2363951,23639.51,2363951,2026-10-01,TX-126360;TX-126365,9,late,47222411,570608
RP-721-2-0,LN-721-0,EXT-10721,4,2026-10-22,67935.41,6793541,67935.41,6793541,2026-11-03,TX-126372;TX-126377,12,late,62347531,992479
RP-721-2-1,LN-721-1,EXT-10721,4,2026-10-22,23639.51,2363951,23599.48,2359948,2026-11-03,TX-126373;TX-126378,12,partial,45429068,548938
RP-722-0-0,LN-722-0,EXT-10722,2,2026-08-22,13100.98,1310098,13100.98,1310098,2026-08-28,TX-126393,6,late,36813084,517515
RP-722-1-0,LN-722-0,EXT-10722,3,2026-09-22,13100.98,1310098,13100.98,1310098,2026-09-28,TX-126410,6,late,36020501,506373
RP-722-2-0,LN-722-0,EXT-10722,4,2026-10-22,13100.98,1310098,13100.98,1310098,2026-10-28,TX-126418;TX-126423,6,late,35216776,495075
RP-723-0-0,LN-723-0,EXT-10723,2,2026-08-22,38000.79,3800079,38000.79,3800079,2026-08-25,TX-126434,3,late,81072335,781639
RP-723-1-0,LN-723-0,EXT-10723,3,2026-09-22,38000.79,3800079,38000.79,3800079,2026-10-04,TX-126446;TX-126452,12,late,78053895,752537
RP-723-2-0,LN-723-0,EXT-10723,4,2026-10-22,38000.79,3800079,38000.79,3800079,2026-11-03,TX-126457;TX-126463,12,late,75006353,723155
RP-724-0-0,LN-724-0,EXT-10724,2,2026-08-22,64569.64,6456964,64569.64,6456964,2026-08-28,TX-126476,6,late,72023514,822875
RP-724-1-0,LN-724-0,EXT-10724,3,2026-09-22,64569.64,6456964,42882.81,4288281,2026-10-31,TX-126488;TX-126501;TX-126503,39,partial,66389425,758505
RP-724-2-0,LN-724-0,EXT-10724,4,2026-10-22,64569.64,6456964,9205.51,920551,2026-10-31,TX-126502;TX-126504,9,partial,64794079,740278
RP-725-0-0,LN-725-0,EXT-10725,2,2026-08-23,8116.26,811626,8116.26,811626,2026-09-01,TX-126516;TX-126519,9,late,23722053,278236
RP-725-1-0,LN-725-0,EXT-10725,3,2026-09-23,8116.26,811626,8116.26,811626,2026-10-02,TX-126529,9,late,23188663,271980
RP-725-2-0,LN-725-0,EXT-10725,4,2026-10-23,8116.26,811626,8116.26,811626,2026-11-01,TX-126541,9,late,22649017,265650
RP-726-0-0,LN-726-0,EXT-10726,2,2026-08-28,6625.91,662591,6625.91,662591,2026-08-28,TX-126552,0,on_time,18499974,267127
RP-726-1-0,LN-726-0,EXT-10726,3,2026-09-28,6625.91,662591,6625.91,662591,2026-09-28,TX-126563,0,on_time,18104510,261417
RP-726-2-0,LN-726-0,EXT-10726,4,2026-10-28,6625.91,662591,6625.91,662591,2026-10-28,TX-126572,0,on_time,17703336,255624
RP-727-0-0,LN-727-0,EXT-10727,2,2026-08-27,11749.64,1174964,11749.64,1174964,2026-08-27,TX-126583,0,on_time,33792045,428441
RP-727-1-0,LN-727-0,EXT-10727,3,2026-09-27,11749.64,1174964,11749.64,1174964,2026-09-27,TX-126592,0,on_time,33045522,418976
RP-727-2-0,LN-727-0,EXT-10727,4,2026-10-27,11749.64,1174964,11749.64,1174964,2026-10-27,TX-126601,0,on_time,32289534,409391
RP-728-0-0,LN-728-0,EXT-10728,2,2026-08-26,48139.93,4813993,46624.32,4662432,2026-10-01,TX-126614;TX-126617;TX-126629,36,partial,52300687,817861
RP-728-1-0,LN-728-0,EXT-10728,3,2026-09-26,48139.93,4813993,27786.44,2778644,2026-11-01,TX-126641,36,partial,48800749,763130
RP-728-2-0,LN-728-0,EXT-10728,4,2026-10-26,48139.93,4813993,0,0,,,0,missed,48456116,757741
RP-729-0-0,LN-729-0,EXT-10729,2,2026-08-22,6214.99,621499,6214.99,621499,2026-08-22,TX-126653,0,on_time,17800216,230057
RP-729-1-0,LN-729-0,EXT-10729,3,2026-09-22,6214.99,621499,6214.99,621499,2026-09-22,TX-126667,0,on_time,17408774,224998
RP-729-2-0,LN-729-0,EXT-10729,4,2026-10-22,6214.99,621499,6214.99,621499,2026-11-03,TX-126678;TX-126679;TX-126684,12,late,17012273,219874
RP-731-0-0,LN-731-0,EXT-10731,2,2026-08-20,47608.31,4760831,47608.31,4760831,2026-08-20,TX-126718,0,on_time,52156415,745758
RP-731-0-1,LN-731-1,EXT-10731,2,2026-08-20,14209.12,1420912,14209.12,1420912,2026-08-20,TX-126719,0,on_time,29014147,387361
RP-731-1-0,LN-731-0,EXT-10731,3,2026-09-20,47608.31,4760831,47608.31,4760831,2026-10-05,TX-126736;TX-126744,15,late,48141342,688349
RP-731-1-1,LN-731-1,EXT-10731,3,2026-09-20,14209.12,1420912,14209.12,1420912,2026-10-05,TX-126737;TX-126745,15,late,27980596,373562
RP-731-2-0,LN-731-0,EXT-10731,4,2026-10-20,47608.31,4760831,47608.31,4760831,2026-11-01,TX-126754,12,late,44068860,630119
RP-731-2-1,LN-731-1,EXT-10731,4,2026-10-20,14209.12,1420912,14209.12,1420912,2026-11-01,TX-126755,12,late,26933246,359579
RP-732-0-0,LN-732-0,EXT-10732,2,2026-08-21,28490.37,2849037,28490.37,2849037,2026-08-30,TX-126767,9,late,32152978,307774
RP-732-1-0,LN-732-0,EXT-10732,3,2026-09-21,28490.37,2849037,28490.37,2849037,2026-10-03,TX-126773;TX-126779,12,late,29611715,283448
RP-732-2-0,LN-732-0,EXT-10732,4,2026-10-21,28490.37,2849037,28490.37,2849037,2026-10-21,TX-126784,0,on_time,27046126,258890
RP-733-0-0,LN-733-0,EXT-10733,2,2026-08-23,20151.91,2015191,20151.91,2015191,2026-08-23,TX-126798,0,on_time,22459689,259550
RP-733-1-0,LN-733-0,EXT-10733,3,2026-09-23,20151.91,2015191,20151.91,2015191,2026-09-23,TX-126808,0,on_time,20704048,239261
RP-733-2-0,LN-733-0,EXT-10733,4,2026-10-23,20151.91,2015191,20151.91,2015191,2026-10-23,TX-126818,0,on_time,18928118,218738
RP-734-0-0,LN-734-0,EXT-10734,2,2026-08-28,65780.12,6578012,65780.12,6578012,2026-08-28,TX-126832,0,on_time,73169119,868456
RP-734-1-0,LN-734-0,EXT-10734,3,2026-09-28,65780.12,6578012,33212.16,3321216,2026-10-01,TX-126846,3,partial,67459563,800689
RP-734-2-0,LN-734-0,EXT-10734,4,2026-10-28,65780.12,6578012,0,0,,,0,missed,64939036,770772
RP-735-0-0,LN-735-0,EXT-10735,2,2026-08-26,49250.39,4925039,49250.39,4925039,2026-08-26,TX-126869,0,on_time,53531001,833259
RP-735-1-0,LN-735-0,EXT-10735,3,2026-09-26,49250.39,4925039,49250.39,4925039,2026-11-01,TX-126882;TX-126883;TX-126885;TX-126897,36,late,49439221,769567
RP-735-2-0,LN-735-0,EXT-10735,4,2026-10-26,49250.39,4925039,37130.65,3713065,2026-11-01,TX-126898,6,partial,45344611,705830
RP-736-0-0,LN-736-0,EXT-10736,2,2026-08-22,39471.14,3947114,39471.14,3947114,2026-08-22,TX-126909,0,on_time,84550448,786531
RP-736-1-0,LN-736-0,EXT-10736,3,2026-09-22,39471.14,3947114,39471.14,3947114,2026-09-22,TX-126920,0,on_time,81389865,757129
RP-736-2-0,LN-736-0,EXT-10736,4,2026-10-22,39471.14,3947114,39471.14,3947114,2026-11-03,TX-126936,12,late,78199880,727454
RP-737-0-0,LN-737-0,EXT-10737,2,2026-08-28,9733.43,973343,9733.43,973343,2026-08-28,TX-126947,0,on_time,19207477,312888
RP-737-1-0,LN-737-0,EXT-10737,3,2026-09-28,9733.43,973343,9733.43,973343,2026-09-28,TX-126957,0,on_time,18547022,302129
RP-737-2-0,LN-737-0,EXT-10737,4,2026-10-28,9733.43,973343,9733.43,973343,2026-10-28,TX-126967,0,on_time,17875808,291195
RP-738-0-0,LN-738-0,EXT-10738,2,2026-08-21,13565.65,1356565,13565.65,1356565,2026-08-21,TX-126978,0,on_time,39606156,467079
RP-738-1-0,LN-738-0,EXT-10738,3,2026-09-21,13565.65,1356565,13565.65,1356565,2026-09-21,TX-126989,0,on_time,38716670,456589
RP-738-2-0,LN-738-0,EXT-10738,4,2026-10-21,13565.65,1356565,13565.65,1356565,2026-10-21,TX-126998,0,on_time,37816694,445975
RP-739-0-0,LN-739-0,EXT-10739,2,2026-08-23,5057.67,505767,5057.67,505767,2026-08-23,TX-127014,0,on_time,15226656,152310
RP-739-1-0,LN-739-0,EXT-10739,3,2026-09-23,5057.67,505767,5057.67,505767,2026-09-26,TX-127026,3,late,14873199,148774
RP-739-2-0,LN-739-0,EXT-10739,4,2026-10-23,5057.67,505767,5057.67,505767,2026-10-23,TX-127036,0,on_time,14516206,145203
RP-741-0-0,LN-741-0,EXT-10741,2,2026-08-20,83090.12,8309012,83090.12,8309012,2026-08-20,TX-127080,0,on_time,93986644,865680
RP-741-0-1,LN-741-1,EXT-10741,2,2026-08-20,80500.42,8050042,80500.42,8050042,2026-09-01,TX-127081;TX-127086,12,late,89101808,1127658
RP-741-1-0,LN-741-0,EXT-10741,3,2026-09-20,83090.12,8309012,83090.12,8309012,2026-10-02,TX-127098,12,late,86543312,797122
RP-741-1-1,LN-741-1,EXT-10741,3,2026-09-20,80500.42,8050042,80500.42,8050042,2026-11-01,TX-127099;TX-127110,42,late,82179424,1040049
RP-741-2-0,LN-741-0,EXT-10741,4,2026-10-20,83090.12,8309012,41503.51,4150351,2026-11-01,TX-127111,12,partial,79031422,727932
RP-741-2-1,LN-741-1,EXT-10741,4,2026-10-20,80500.42,8050042,11916.01,1191601,2026-11-01,TX-127112,12,partial,80731367,1021723
RP-742-0-0,LN-742-0,EXT-10742,2,2026-08-21,1869.51,186951,1869.51,186951,2026-08-21,TX-127123,0,on_time,5542174,60409
RP-742-1-0,LN-742-0,EXT-10742,3,2026-09-21,1869.51,186951,1869.51,186951,2026-09-21,TX-127135,0,on_time,5415632,59030
RP-742-2-0,LN-742-0,EXT-10742,4,2026-10-21,1869.51,186951,1869.51,186951,2026-10-24,TX-127144,3,late,5287711,57636
RP-743-0-0,LN-743-0,EXT-10743,2,2026-08-20,31094.03,3109403,31094.03,3109403,2026-08-20,TX-127156,0,on_time,65873913,673874
RP-743-1-0,LN-743-0,EXT-10743,3,2026-09-20,31094.03,3109403,31094.03,3109403,2026-09-23,TX-127170,3,late,63438384,648959
RP-743-2-0,LN-743-0,EXT-10743,4,2026-10-20,31094.03,3109403,31094.03,3109403,2026-10-23,TX-127180,3,late,60977940,623789
RP-744-0-0,LN-744-0,EXT-10744,2,2026-08-21,27706.06,2770606,27706.06,2770606,2026-08-21,TX-127192,0,on_time,56444113,764658
RP-744-1-0,LN-744-0,EXT-10744,3,2026-09-21,27706.06,2770606,27706.06,2770606,2026-09-21,TX-127202,0,on_time,54438165,737483
RP-744-2-0,LN-744-0,EXT-10744,4,2026-10-21,27706.06,2770606,27706.06,2770606,2026-10-21,TX-127212,0,on_time,52405042,709940
RP-745-0-0,LN-745-0,EXT-10745,2,2026-08-26,31704.2,3170420,31704.2,3170420,2026-08-29,TX-127225,3,late,63879477,925874
RP-745-1-0,LN-745-0,EXT-10745,3,2026-09-26,31704.2,3170420,31704.2,3170420,2026-09-26,TX-127234,0,on_time,61634931,893342
RP-745-2-0,LN-745-0,EXT-10745,4,2026-10-26,31704.2,3170420,31704.2,3170420,2026-10-26,TX-127243,0,on_time,59357853,860338
RP-746-0-0,LN-746-0,EXT-10746,2,2026-08-24,11643.01,1164301,11643.01,1164301,2026-08-24,TX-127254,0,on_time,25230603,210320
RP-746-1-0,LN-746-0,EXT-10746,3,2026-09-24,11643.01,1164301,11643.01,1164301,2026-09-24,TX-127265,0,on_time,24276622,202368
RP-746-2-0,LN-746-0,EXT-10746,4,2026-10-24,11643.01,1164301,11643.01,1164301,2026-11-02,TX-127276;TX-127280,9,late,23314689,194349
RP-747-0-0,LN-747-0,EXT-10747,2,2026-08-25,20428.93,2042893,20428.93,2042893,2026-08-25,TX-127291,0,on_time,58767960,744262
RP-747-1-0,LN-747-0,EXT-10747,3,2026-09-25,20428.93,2042893,11943.55,1194355,2026-11-03,TX-127301;TX-127304;TX-127319,39,partial,57469329,727816
RP-747-2-0,LN-747-0,EXT-10747,4,2026-10-25,20428.93,2042893,3.13,313,2026-11-03,TX-127320,9,partial,57248573,725020
RP-748-0-0,LN-748-0,EXT-10748,2,2026-08-26,8033.3,803330,8033.3,803330,2026-08-26,TX-127332,0,on_time,24385386,232287
RP-748-1-0,LN-748-0,EXT-10748,3,2026-09-26,8033.3,803330,8033.3,803330,2026-10-05,TX-127351,9,late,23814343,226847
RP-748-2-0,LN-748-0,EXT-10748,4,2026-10-26,8033.3,803330,0,0,,,0,missed,23237860,221356
RP-749-0-0,LN-749-0,EXT-10749,2,2026-08-28,22828.63,2282863,22828.63,2282863,2026-08-28,TX-127372,0,on_time,61469909,1021917
RP-749-1-0,LN-749-0,EXT-10749,3,2026-09-28,22828.63,2282863,22828.63,2282863,2026-09-28,TX-127382,0,on_time,60208963,1000954
RP-749-2-0,LN-749-0,EXT-10749,4,2026-10-28,22828.63,2282863,22828.63,2282863,2026-10-28,TX-127392,0,on_time,58927054,979643
RP-751-0-0,LN-751-0,EXT-10751,2,2026-08-24,14309.58,1430958,14309.58,1430958,2026-08-30,TX-127433;TX-127437,6,late,16063920,167223
RP-751-0-1,LN-751-1,EXT-10751,2,2026-08-24,3285.52,328552,3285.52,328552,2026-08-30,TX-127438,6,late,9226483,130043
RP-751-1-0,LN-751-0,EXT-10751,3,2026-09-24,14309.58,1430958,14309.58,1430958,2026-09-30,TX-127452,6,late,14800185,154067
RP-751-1-1,LN-751-1,EXT-10751,3,2026-09-24,3285.52,328552,3285.52,328552,2026-09-30,TX-127453,6,late,9027974,127245
RP-751-2-0,LN-751-0,EXT-10751,4,2026-10-24,14309.58,1430958,14309.58,1430958,2026-10-30,TX-127466,6,late,13523294,140775
RP-751-2-1,LN-751-1,EXT-10751,4,2026-10-24,3285.52,328552,3285.52,328552,2026-10-30,TX-127467,6,late,8826667,124407
RP-752-0-0,LN-752-0,EXT-10752,2,2026-08-22,16948.11,1694811,16948.11,1694811,2026-08-22,TX-127478,0,on_time,46603991,715585
RP-752-1-0,LN-752-0,EXT-10752,3,2026-09-22,16948.11,1694811,16948.11,1694811,2026-09-22,TX-127490,0,on_time,45624765,700549
RP-752-2-0,LN-752-0,EXT-10752,4,2026-10-22,16948.11,1694811,16948.11,1694811,2026-10-22,TX-127500,0,on_time,44630503,685283
RP-753-0-0,LN-753-0,EXT-10753,2,2026-08-20,28389.29,2838929,28389.29,2838929,2026-08-20,TX-127512,0,on_time,87314865,765744
RP-753-1-0,LN-753-0,EXT-10753,3,2026-09-20,28389.29,2838929,28389.29,2838929,2026-09-20,TX-127524,0,on_time,85241680,747562
RP-753-2-0,LN-753-0,EXT-10753,4,2026-10-20,28389.29,2838929,28389.29,2838929,2026-10-20,TX-127534,0,on_time,83150313,729221
RP-754-0-0,LN-754-0,EXT-10754,2,2026-08-23,21291.31,2129131,21291.31,2129131,2026-08-23,TX-127548,0,on_time,42668360,638216
RP-754-1-0,LN-754-0,EXT-10754,3,2026-09-23,21291.31,2129131,21291.31,2129131,2026-09-23,TX-127561,0,on_time,41177445,615915
RP-754-2-0,LN-754-0,EXT-10754,4,2026-10-23,21291.31,2129131,21291.31,2129131,2026-10-23,TX-127570,0,on_time,39664229,593281
RP-755-0-0,LN-755-0,EXT-10755,2,2026-08-28,4695.09,469509,4695.09,469509,2026-09-03,TX-127588,6,late,9672958,121788
RP-755-1-0,LN-755-0,EXT-10755,3,2026-09-28,4695.09,469509,4695.09,469509,2026-10-04,TX-127600,6,late,9325237,117410
RP-755-2-0,LN-755-0,EXT-10755,4,2026-10-28,4695.09,469509,4695.09,469509,2026-11-03,TX-127611,6,late,8973138,112977
RP-756-0-0,LN-756-0,EXT-10756,2,2026-08-23,35666.24,3566624,35666.24,3566624,2026-08-23,TX-127619,0,on_time,40379333,366271
RP-756-1-0,LN-756-0,EXT-10756,3,2026-09-23,35666.24,3566624,35666.24,3566624,2026-09-23,TX-127629,0,on_time,37178980,337241
RP-756-2-0,LN-756-0,EXT-10756,4,2026-10-23,35666.24,3566624,35666.24,3566624,2026-10-23,TX-127639,0,on_time,33949597,307948
RP-757-0-0,LN-757-0,EXT-10757,2,2026-08-23,34256.98,3425698,34256.98,3425698,2026-08-23,TX-127651,0,on_time,72273192,764668
RP-757-1-0,LN-757-0,EXT-10757,3,2026-09-23,34256.98,3425698,34256.98,3425698,2026-09-23,TX-127660,0,on_time,69612162,736514
RP-757-2-0,LN-757-0,EXT-10757,4,2026-10-23,34256.98,3425698,34256.98,3425698,2026-10-23,TX-127669,0,on_time,66922978,708062
RP-758-0-0,LN-758-0,EXT-10758,2,2026-08-27,13255.88,1325588,13255.88,1325588,2026-08-27,TX-127683,0,on_time,36510493,557025
RP-758-1-0,LN-758-0,EXT-10758,3,2026-09-27,13255.88,1325588,13255.88,1325588,2026-10-03,TX-127697,6,late,35741930,545300
RP-758-2-0,LN-758-0,EXT-10758,4,2026-10-27,13255.88,1325588,13255.88,1325588,2026-11-02,TX-127707,6,late,34961642,533395
RP-759-0-0,LN-759-0,EXT-10759,2,2026-08-20,23445.89,2344589,23445.89,2344589,2026-08-26,TX-127719,6,late,47523794,664414
RP-759-1-0,LN-759-0,EXT-10759,3,2026-09-20,23445.89,2344589,23445.89,2344589,2026-09-23,TX-127732,3,late,45843619,640924
RP-759-2-0,LN-759-0,EXT-10759,4,2026-10-20,23445.89,2344589,23445.89,2344589,2026-10-26,TX-127744,6,late,44139954,617106
RP-761-0-0,LN-761-0,EXT-10761,2,2026-08-23,9112.49,911249,9112.49,911249,2026-08-23,TX-127786,0,on_time,10017591,137694
RP-761-0-1,LN-761-1,EXT-10761,2,2026-08-23,4796.05,479605,4796.05,479605,2026-08-23,TX-127787,0,on_time,9860095,125918
RP-761-1-0,LN-761-0,EXT-10761,3,2026-09-23,9112.49,911249,9112.49,911249,2026-10-05,TX-127797;TX-127804,12,late,9244036,127062
RP-761-1-1,LN-761-1,EXT-10761,3,2026-09-23,4796.05,479605,4796.05,479605,2026-10-05,TX-127798;TX-127805,12,late,9506408,121402
RP-761-2-0,LN-761-0,EXT-10761,4,2026-10-23,9112.49,911249,0,0,,,0,missed,8459849,116283
RP-761-2-1,LN-761-1,EXT-10761,4,2026-10-23,4796.05,479605,0,0,,,0,missed,9148205,116827
RP-762-0-0,LN-762-0,EXT-10762,2,2026-08-21,9706.66,970666,9706.66,970666,2026-08-21,TX-127824,0,on_time,26512752,417830
RP-762-1-0,LN-762-0,EXT-10762,3,2026-09-21,9706.66,970666,9706.66,970666,2026-09-21,TX-127834,0,on_time,25959916,409117
RP-762-2-0,LN-762-0,EXT-10762,4,2026-10-21,9706.66,970666,9706.66,970666,2026-10-21,TX-127844,0,on_time,25398367,400268
RP-763-0-0,LN-763-0,EXT-10763,2,2026-08-27,7449.79,744979,7449.79,744979,2026-08-27,TX-127861,0,on_time,21201825,281991
RP-763-1-0,LN-763-0,EXT-10763,3,2026-09-27,7449.79,744979,7449.79,744979,2026-09-27,TX-127874,0,on_time,20738837,275833
RP-763-2-0,LN-763-0,EXT-10763,4,2026-10-27,7449.79,744979,7449.79,744979,2026-10-27,TX-127885,0,on_time,20269691,269594
RP-764-0-0,LN-764-0,EXT-10764,2,2026-08-25,6245.48,624548,6245.48,624548,2026-08-25,TX-127897,0,on_time,13405073,122461
RP-764-1-0,LN-764-0,EXT-10764,3,2026-09-25,6245.48,624548,6245.48,624548,2026-09-25,TX-127907,0,on_time,12902986,117874
RP-764-2-0,LN-764-0,EXT-10764,4,2026-10-25,6245.48,624548,6245.48,624548,2026-10-25,TX-127917,0,on_time,12396312,113245
RP-765-0-0,LN-765-0,EXT-10765,2,2026-08-20,12273.81,1227381,12273.81,1227381,2026-08-20,TX-127927,0,on_time,36567600,387964
RP-765-1-0,LN-765-0,EXT-10765,3,2026-09-20,12273.81,1227381,12273.81,1227381,2026-10-02,TX-127940;TX-127946,12,late,35728183,379058
RP-765-2-0,LN-765-0,EXT-10765,4,2026-10-20,12273.81,1227381,12273.81,1227381,2026-11-01,TX-127956,12,late,34879860,370058
RP-766-0-0,LN-766-0,EXT-10766,2,2026-08-20,6635.18,663518,6635.18,663518,2026-08-20,TX-127965,0,on_time,19670514,214379
RP-766-1-0,LN-766-0,EXT-10766,3,2026-09-20,6635.18,663518,6635.18,663518,2026-09-20,TX-127979,0,on_time,19221375,209484
RP-766-2-0,LN-766-0,EXT-10766,4,2026-10-20,6635.18,663518,6635.18,663518,2026-10-20,TX-127991,0,on_time,18767341,204536
RP-767-0-0,LN-767-0,EXT-10767,2,2026-08-25,12194.19,1219419,12194.19,1219419,2026-08-25,TX-128007,0,on_time,36950067,355774
RP-767-1-0,LN-767-0,EXT-10767,3,2026-09-25,12194.19,1219419,12194.19,1219419,2026-09-25,TX-128016,0,on_time,36086422,347458
RP-767-2-0,LN-767-0,EXT-10767,4,2026-10-25,12194.19,1219419,12194.19,1219419,2026-10-25,TX-128025,0,on_time,35214461,339062
