profile_id,customer_id,normal_mean_tx_amount,normal_std_tx_amount,primary_device_id,normal_daily_frequency,normal_active_hours_start,normal_active_hours_end
BP-0,SYN-10000,2500.0,1250.0,DEV-10000,0.3333333333333333,7,23
BP-1,SYN-10001,4800.0,2400.0,DEV-10001,0.3333333333333333,7,23
BP-2,SYN-10002,5100.0,2550.0,DEV-10002,0.3333333333333333,7,23
BP-3,SYN-10003,2300.0,1150.0,DEV-10003,0.3333333333333333,7,23
BP-4,SYN-10004,3600.0,1800.0,DEV-10004,0.3333333333333333,7,23
BP-5,SYN-10005,3500.0,1750.0,DEV-10005,0.3333333333333333,7,23
BP-6,SYN-10006,2000.0,1000.0,DEV-10006,0.3333333333333333,7,23
BP-7,SYN-10007,2100.0,1050.0,DEV-10007,0.3333333333333333,7,23
BP-8,SYN-10008,1100.0,550.0,DEV-10008,0.3333333333333333,7,23
BP-9,SYN-10009,4600.0,2300.0,DEV-10009,0.3333333333333333,7,23
BP-10,SYN-10010,1500.0,750.0,DEV-10010,0.3333333333333333,7,23
BP-11,SYN-10011,4100.0,2050.0,DEV-10011,0.3333333333333333,7,23
BP-12,SYN-10012,1200.0,600.0,DEV-10012,0.3333333333333333,7,23
BP-13,SYN-10013,6000.0,3000.0,DEV-10013,0.3333333333333333,7,23
BP-14,SYN-10014,1400.0,700.0,DEV-10014,0.3333333333333333,7,23
BP-15,SYN-10015,1500.0,750.0,DEV-10015,0.3333333333333333,7,23
BP-16,SYN-10016,3800.0,1900.0,DEV-10016,0.3333333333333333,7,23
BP-17,SYN-10017,4300.0,2150.0,DEV-10017,0.3333333333333333,7,23
BP-18,SYN-10018,5300.0,2650.0,DEV-10018,0.3333333333333333,7,23
BP-19,SYN-10019,1900.0,950.0,DEV-10019,0.3333333333333333,7,23
BP-20,SYN-10020,3600.0,1800.0,DEV-10020,0.3333333333333333,7,23
BP-21,SYN-10021,2400.0,1200.0,DEV-10021,0.3333333333333333,7,23
BP-22,SYN-10022,3400.0,1700.0,DEV-10022,0.3333333333333333,7,23
BP-23,SYN-10023,2900.0,1450.0,DEV-10023,0.3333333333333333,7,23
BP-24,SYN-10024,3700.0,1850.0,DEV-10024,0.3333333333333333,7,23
BP-25,SYN-10025,5100.0,2550.0,DEV-10025,0.3333333333333333,7,23
BP-26,SYN-10026,4900.0,2450.0,DEV-10026,0.3333333333333333,7,23
BP-27,SYN-10027,2900.0,1450.0,DEV-10027,0.3333333333333333,7,23
BP-28,SYN-10028,5000.0,2500.0,DEV-10028,0.3333333333333333,7,23
BP-29,SYN-10029,5400.0,2700.0,DEV-10029,0.3333333333333333,7,23
BP-30,SYN-10030,4400.0,2200.0,DEV-10030,0.3333333333333333,7,23
BP-31,SYN-10031,4300.0,2150.0,DEV-10031,0.3333333333333333,7,23
BP-32,SYN-10032,1900.0,950.0,DEV-10032,0.3333333333333333,7,23
BP-33,SYN-10033,4700.0,2350.0,DEV-10033,0.3333333333333333,7,23
BP-34,SYN-10034,3400.0,1700.0,DEV-10034,0.3333333333333333,7,23
BP-35,SYN-10035,3000.0,1500.0,DEV-10035,0.3333333333333333,7,23
BP-36,SYN-10036,5400.0,2700.0,DEV-10036,0.3333333333333333,7,23
BP-37,SYN-10037,5800.0,2900.0,DEV-10037,0.3333333333333333,7,23
BP-38,SYN-10038,1700.0,850.0,DEV-10038,0.3333333333333333,7,23
BP-39,SYN-10039,4600.0,2300.0,DEV-10039,0.3333333333333333,7,23
BP-40,SYN-10040,3400.0,1700.0,DEV-10040,0.3333333333333333,7,23
BP-41,SYN-10041,6000.0,3000.0,DEV-10041,0.3333333333333333,7,23
BP-42,SYN-10042,2200.0,1100.0,DEV-10042,0.3333333333333333,7,23
BP-43,SYN-10043,4100.0,2050.0,DEV-10043,0.3333333333333333,7,23
BP-44,SYN-10044,6000.0,3000.0,DEV-10044,0.3333333333333333,7,23
BP-45,SYN-10045,4000.0,2000.0,DEV-10045,0.3333333333333333,7,23
BP-46,SYN-10046,1400.0,700.0,DEV-10046,0.3333333333333333,7,23
BP-47,SYN-10047,2700.0,1350.0,DEV-10047,0.3333333333333333,7,23
BP-48,SYN-10048,1400.0,700.0,DEV-10048,0.3333333333333333,7,23
BP-49,SYN-10049,1900.0,950.0,DEV-10049,0.3333333333333333,7,23
BP-50,SYN-10050,5500.0,2750.0,DEV-10050,0.3333333333333333,7,23
BP-51,SYN-10051,4400.0,2200.0,DEV-10051,0.3333333333333333,7,23
BP-52,SYN-10052,3300.0,1650.0,DEV-10052,0.3333333333333333,7,23
BP-53,SYN-10053,6000.0,3000.0,DEV-10053,0.3333333333333333,7,23
BP-54,SYN-10054,1600.0,800.0,DEV-10054,0.3333333333333333,7,23
BP-55,SYN-10055,1000.0,500.0,DEV-10055,0.3333333333333333,7,23
BP-56,SYN-10056,5000.0,2500.0,DEV-10056,0.3333333333333333,7,23
BP-57,SYN-10057,3900.0,1950.0,DEV-10057,0.3333333333333333,7,23
BP-58,SYN-10058,2000.0,1000.0,DEV-10058,0.3333333333333333,7,23
BP-59,SYN-10059,3000.0,1500.0,DEV-10059,0.3333333333333333,7,23
BP-60,SYN-10060,3700.0,1850.0,DEV-10060,0.3333333333333333,7,23
BP-61,SYN-10061,1000.0,500.0,DEV-10061,0.3333333333333333,7,23
BP-62,SYN-10062,1000.0,500.0,DEV-10062,0.3333333333333333,7,23
BP-63,SYN-10063,3200.0,1600.0,DEV-10063,0.3333333333333333,7,23
BP-64,SYN-10064,3200.0,1600.0,DEV-10064,0.3333333333333333,7,23
BP-65,SYN-10065,2600.0,1300.0,DEV-10065,0.3333333333333333,7,23
BP-66,SYN-10066,3400.0,1700.0,DEV-10066,0.3333333333333333,7,23
BP-67,SYN-10067,1200.0,600.0,DEV-10067,0.3333333333333333,7,23
BP-68,SYN-10068,5500.0,2750.0,DEV-10068,0.3333333333333333,7,23
BP-69,SYN-10069,5500.0,2750.0,DEV-10069,0.3333333333333333,7,23
BP-70,SYN-10070,4000.0,2000.0,DEV-10070,0.3333333333333333,7,23
BP-71,SYN-10071,3300.0,1650.0,DEV-10071,0.3333333333333333,7,23
BP-72,SYN-10072,5200.0,2600.0,DEV-10072,0.3333333333333333,7,23
BP-73,SYN-10073,5000.0,2500.0,DEV-10073,0.3333333333333333,7,23
BP-74,SYN-10074,2300.0,1150.0,DEV-10074,0.3333333333333333,7,23
BP-75,SYN-10075,5000.0,2500.0,DEV-10075,0.3333333333333333,7,23
BP-76,SYN-10076,5700.0,2850.0,DEV-10076,0.3333333333333333,7,23
BP-77,SYN-10077,2300.0,1150.0,DEV-10077,0.3333333333333333,7,23
BP-78,SYN-10078,4800.0,2400.0,DEV-10078,0.3333333333333333,7,23
BP-79,SYN-10079,3400.0,1700.0,DEV-10079,0.3333333333333333,7,23
BP-80,SYN-10080,2900.0,1450.0,DEV-10080,0.3333333333333333,7,23
BP-81,SYN-10081,1100.0,550.0,DEV-10081,0.3333333333333333,7,23
BP-82,SYN-10082,1100.0,550.0,DEV-10082,0.3333333333333333,7,23
BP-83,SYN-10083,5200.0,2600.0,DEV-10083,0.3333333333333333,7,23
BP-84,SYN-10084,5300.0,2650.0,DEV-10084,0.3333333333333333,7,23
BP-85,SYN-10085,4300.0,2150.0,DEV-10085,0.3333333333333333,7,23
BP-86,SYN-10086,5600.0,2800.0,DEV-10086,0.3333333333333333,7,23
BP-87,SYN-10087,1900.0,950.0,DEV-10087,0.3333333333333333,7,23
BP-88,SYN-10088,1800.0,900.0,DEV-10088,0.3333333333333333,7,23
BP-89,SYN-10089,4900.0,2450.0,DEV-10089,0.3333333333333333,7,23
BP-90,SYN-10090,2300.0,1150.0,DEV-10090,0.3333333333333333,7,23
BP-91,SYN-10091,2100.0,1050.0,DEV-10091,0.3333333333333333,7,23
BP-92,SYN-10092,1100.0,550.0,DEV-10092,0.3333333333333333,7,23
BP-93,SYN-10093,5900.0,2950.0,DEV-10093,0.3333333333333333,7,23
BP-94,SYN-10094,3700.0,1850.0,DEV-10094,0.3333333333333333,7,23
BP-95,SYN-10095,5700.0,2850.0,DEV-10095,0.3333333333333333,7,23
BP-96,SYN-10096,2400.0,1200.0,DEV-10096,0.3333333333333333,7,23
BP-97,SYN-10097,4600.0,2300.0,DEV-10097,0.3333333333333333,7,23
BP-98,SYN-10098,4200.0,2100.0,DEV-10098,0.3333333333333333,7,23
BP-99,SYN-10099,1200.0,600.0,DEV-10099,0.3333333333333333,7,23
BP-100,SYN-10100,2100.0,1050.0,DEV-10100,0.3333333333333333,7,23
BP-101,SYN-10101,3500.0,1750.0,DEV-10101,0.3333333333333333,7,23
BP-102,SYN-10102,4300.0,2150.0,DEV-10102,0.3333333333333333,7,23
BP-103,SYN-10103,4100.0,2050.0,DEV-10103,0.3333333333333333,7,23
BP-104,SYN-10104,1800.0,900.0,DEV-10104,0.3333333333333333,7,23
BP-105,SYN-10105,4900.0,2450.0,DEV-10105,0.3333333333333333,7,23
BP-106,SYN-10106,1400.0,700.0,DEV-10106,0.3333333333333333,7,23
BP-107,SYN-10107,4400.0,2200.0,DEV-10107,0.3333333333333333,7,23
BP-108,SYN-10108,5500.0,2750.0,DEV-10108,0.3333333333333333,7,23
BP-109,SYN-10109,5600.0,2800.0,DEV-10109,0.3333333333333333,7,23
BP-110,SYN-10110,3700.0,1850.0,DEV-10110,0.3333333333333333,7,23
BP-111,SYN-10111,5600.0,2800.0,DEV-10111,0.3333333333333333,7,23
BP-112,SYN-10112,3000.0,1500.0,DEV-10112,0.3333333333333333,7,23
BP-113,SYN-10113,3600.0,1800.0,DEV-10113,0.3333333333333333,7,23
BP-114,SYN-10114,4400.0,2200.0,DEV-10114,0.3333333333333333,7,23
BP-115,SYN-10115,3600.0,1800.0,DEV-10115,0.3333333333333333,7,23
BP-116,SYN-10116,3800.0,1900.0,DEV-10116,0.3333333333333333,7,23
BP-117,SYN-10117,2800.0,1400.0,DEV-10117,0.3333333333333333,7,23
BP-118,SYN-10118,4800.0,2400.0,DEV-10118,0.3333333333333333,7,23
BP-119,SYN-10119,2000.0,1000.0,DEV-10119,0.3333333333333333,7,23
BP-120,SYN-10120,1000.0,500.0,DEV-10120,0.3333333333333333,7,23
BP-121,SYN-10121,5500.0,2750.0,DEV-10121,0.3333333333333333,7,23
BP-122,SYN-10122,2500.0,1250.0,DEV-10122,0.3333333333333333,7,23
BP-123,SYN-10123,1800.0,900.0,DEV-10123,0.3333333333333333,7,23
BP-124,SYN-10124,2100.0,1050.0,DEV-10124,0.3333333333333333,7,23
BP-125,SYN-10125,4900.0,2450.0,DEV-10125,0.3333333333333333,7,23
BP-126,SYN-10126,3500.0,1750.0,DEV-10126,0.3333333333333333,7,23
BP-127,SYN-10127,3100.0,1550.0,DEV-10127,0.3333333333333333,7,23
BP-128,SYN-10128,1700.0,850.0,DEV-10128,0.3333333333333333,7,23
BP-129,SYN-10129,4000.0,2000.0,DEV-10129,0.3333333333333333,7,23
BP-130,SYN-10130,5600.0,2800.0,DEV-10130,0.3333333333333333,7,23
BP-131,SYN-10131,2600.0,1300.0,DEV-10131,0.3333333333333333,7,23
BP-132,SYN-10132,5500.0,2750.0,DEV-10132,0.3333333333333333,7,23
BP-133,SYN-10133,2600.0,1300.0,DEV-10133,0.3333333333333333,7,23
BP-134,SYN-10134,4300.0,2150.0,DEV-10134,0.3333333333333333,7,23
BP-135,SYN-10135,3000.0,1500.0,DEV-10135,0.3333333333333333,7,23
BP-136,SYN-10136,1100.0,550.0,DEV-10136,0.3333333333333333,7,23
BP-137,SYN-10137,2300.0,1150.0,DEV-10137,0.3333333333333333,7,23
BP-138,SYN-10138,3400.0,1700.0,DEV-10138,0.3333333333333333,7,23
BP-139,SYN-10139,4300.0,2150.0,DEV-10139,0.3333333333333333,7,23
BP-140,SYN-10140,4500.0,2250.0,DEV-10140,0.3333333333333333,7,23
BP-141,SYN-10141,2800.0,1400.0,DEV-10141,0.3333333333333333,7,23
BP-142,SYN-10142,4300.0,2150.0,DEV-10142,0.3333333333333333,7,23
BP-143,SYN-10143,2900.0,1450.0,DEV-10143,0.3333333333333333,7,23
BP-144,SYN-10144,2500.0,1250.0,DEV-10144,0.3333333333333333,7,23
BP-145,SYN-10145,3900.0,1950.0,DEV-10145,0.3333333333333333,7,23
BP-146,SYN-10146,4900.0,2450.0,DEV-10146,0.3333333333333333,7,23
BP-147,SYN-10147,4600.0,2300.0,DEV-10147,0.3333333333333333,7,23
BP-148,SYN-10148,2300.0,1150.0,DEV-10148,0.3333333333333333,7,23
BP-149,SYN-10149,5400.0,2700.0,DEV-10149,0.3333333333333333,7,23
BP-150,SYN-10150,2700.0,1350.0,DEV-10150,0.3333333333333333,7,23
BP-151,SYN-10151,3600.0,1800.0,DEV-10151,0.3333333333333333,7,23
BP-152,SYN-10152,5000.0,2500.0,DEV-10152,0.3333333333333333,7,23
BP-153,SYN-10153,1600.0,800.0,DEV-10153,0.3333333333333333,7,23
BP-154,SYN-10154,4800.0,2400.0,DEV-10154,0.3333333333333333,7,23
BP-155,SYN-10155,4400.0,2200.0,DEV-10155,0.3333333333333333,7,23
BP-156,SYN-10156,2100.0,1050.0,DEV-10156,0.3333333333333333,7,23
BP-157,SYN-10157,3200.0,1600.0,DEV-10157,0.3333333333333333,7,23
BP-158,SYN-10158,5600.0,2800.0,DEV-10158,0.3333333333333333,7,23
BP-159,SYN-10159,3000.0,1500.0,DEV-10159,0.3333333333333333,7,23
BP-160,SYN-10160,2900.0,1450.0,DEV-10160,0.3333333333333333,7,23
BP-161,SYN-10161,1400.0,700.0,DEV-10161,0.3333333333333333,7,23
BP-162,SYN-10162,5500.0,2750.0,DEV-10162,0.3333333333333333,7,23
BP-163,SYN-10163,1600.0,800.0,DEV-10163,0.3333333333333333,7,23
BP-164,SYN-10164,2200.0,1100.0,DEV-10164,0.3333333333333333,7,23
BP-165,SYN-10165,2600.0,1300.0,DEV-10165,0.3333333333333333,7,23
BP-166,SYN-10166,1700.0,850.0,DEV-10166,0.3333333333333333,7,23
BP-167,SYN-10167,1300.0,650.0,DEV-10167,0.3333333333333333,7,23
BP-168,SYN-10168,3700.0,1850.0,DEV-10168,0.3333333333333333,7,23
BP-169,SYN-10169,2900.0,1450.0,DEV-10169,0.3333333333333333,7,23
BP-170,SYN-10170,5900.0,2950.0,DEV-10170,0.3333333333333333,7,23
BP-171,SYN-10171,2300.0,1150.0,DEV-10171,0.3333333333333333,7,23
BP-172,SYN-10172,4600.0,2300.0,DEV-10172,0.3333333333333333,7,23
BP-173,SYN-10173,3300.0,1650.0,DEV-10173,0.3333333333333333,7,23
BP-174,SYN-10174,5900.0,2950.0,DEV-10174,0.3333333333333333,7,23
BP-175,SYN-10175,5300.0,2650.0,DEV-10175,0.3333333333333333,7,23
BP-176,SYN-10176,1600.0,800.0,DEV-10176,0.3333333333333333,7,23
BP-177,SYN-10177,2800.0,1400.0,DEV-10177,0.3333333333333333,7,23
BP-178,SYN-10178,4100.0,2050.0,DEV-10178,0.3333333333333333,7,23
BP-179,SYN-10179,2600.0,1300.0,DEV-10179,0.3333333333333333,7,23
BP-180,SYN-10180,5000.0,2500.0,DEV-10180,0.3333333333333333,7,23
BP-181,SYN-10181,1600.0,800.0,DEV-10181,0.3333333333333333,7,23
BP-182,SYN-10182,4300.0,2150.0,DEV-10182,0.3333333333333333,7,23
BP-183,SYN-10183,2600.0,1300.0,DEV-10183,0.3333333333333333,7,23
BP-184,SYN-10184,1200.0,600.0,DEV-10184,0.3333333333333333,7,23
BP-185,SYN-10185,4100.0,2050.0,DEV-10185,0.3333333333333333,7,23
BP-186,SYN-10186,2500.0,1250.0,DEV-10186,0.3333333333333333,7,23
BP-187,SYN-10187,4900.0,2450.0,DEV-10187,0.3333333333333333,7,23
BP-188,SYN-10188,2300.0,1150.0,DEV-10188,0.3333333333333333,7,23
BP-189,SYN-10189,1000.0,500.0,DEV-10189,0.3333333333333333,7,23
BP-190,SYN-10190,3300.0,1650.0,DEV-10190,0.3333333333333333,7,23
BP-191,SYN-10191,5800.0,2900.0,DEV-10191,0.3333333333333333,7,23
BP-192,SYN-10192,2400.0,1200.0,DEV-10192,0.3333333333333333,7,23
BP-193,SYN-10193,4400.0,2200.0,DEV-10193,0.3333333333333333,7,23
BP-194,SYN-10194,5500.0,2750.0,DEV-10194,0.3333333333333333,7,23
BP-195,SYN-10195,5700.0,2850.0,DEV-10195,0.3333333333333333,7,23
BP-196,SYN-10196,5600.0,2800.0,DEV-10196,0.3333333333333333,7,23
BP-197,SYN-10197,3900.0,1950.0,DEV-10197,0.3333333333333333,7,23
BP-198,SYN-10198,2500.0,1250.0,DEV-10198,0.3333333333333333,7,23
BP-199,SYN-10199,3700.0,1850.0,DEV-10199,0.3333333333333333,7,23
BP-200,SYN-10200,4200.0,2100.0,DEV-10200,0.3333333333333333,7,23
BP-201,SYN-10201,5300.0,2650.0,DEV-10201,0.3333333333333333,7,23
BP-202,SYN-10202,3100.0,1550.0,DEV-10202,0.3333333333333333,7,23
BP-203,SYN-10203,5000.0,2500.0,DEV-10203,0.3333333333333333,7,23
BP-204,SYN-10204,1600.0,800.0,DEV-10204,0.3333333333333333,7,23
BP-205,SYN-10205,3900.0,1950.0,DEV-10205,0.3333333333333333,7,23
BP-206,SYN-10206,2500.0,1250.0,DEV-10206,0.3333333333333333,7,23
BP-207,SYN-10207,5800.0,2900.0,DEV-10207,0.3333333333333333,7,23
BP-208,SYN-10208,1800.0,900.0,DEV-10208,0.3333333333333333,7,23
BP-209,SYN-10209,4400.0,2200.0,DEV-10209,0.3333333333333333,7,23
BP-210,SYN-10210,1000.0,500.0,DEV-10210,0.3333333333333333,7,23
BP-211,SYN-10211,1100.0,550.0,DEV-10211,0.3333333333333333,7,23
BP-212,SYN-10212,1800.0,900.0,DEV-10212,0.3333333333333333,7,23
BP-213,SYN-10213,1700.0,850.0,DEV-10213,0.3333333333333333,7,23
BP-214,SYN-10214,4000.0,2000.0,DEV-10214,0.3333333333333333,7,23
BP-215,SYN-10215,4600.0,2300.0,DEV-10215,0.3333333333333333,7,23
BP-216,SYN-10216,5200.0,2600.0,DEV-10216,0.3333333333333333,7,23
BP-217,SYN-10217,5800.0,2900.0,DEV-10217,0.3333333333333333,7,23
BP-218,SYN-10218,5900.0,2950.0,DEV-10218,0.3333333333333333,7,23
BP-219,SYN-10219,3300.0,1650.0,DEV-10219,0.3333333333333333,7,23
BP-220,SYN-10220,1800.0,900.0,DEV-10220,0.3333333333333333,7,23
BP-221,SYN-10221,1600.0,800.0,DEV-10221,0.3333333333333333,7,23
BP-222,SYN-10222,1400.0,700.0,DEV-10222,0.3333333333333333,7,23
BP-223,SYN-10223,4100.0,2050.0,DEV-10223,0.3333333333333333,7,23
BP-224,SYN-10224,4800.0,2400.0,DEV-10224,0.3333333333333333,7,23
BP-225,SYN-10225,5300.0,2650.0,DEV-10225,0.3333333333333333,7,23
BP-226,SYN-10226,1400.0,700.0,DEV-10226,0.3333333333333333,7,23
BP-227,SYN-10227,1900.0,950.0,DEV-10227,0.3333333333333333,7,23
BP-228,SYN-10228,3500.0,1750.0,DEV-10228,0.3333333333333333,7,23
BP-229,SYN-10229,3700.0,1850.0,DEV-10229,0.3333333333333333,7,23
BP-230,SYN-10230,2500.0,1250.0,DEV-10230,0.3333333333333333,7,23
BP-231,SYN-10231,3600.0,1800.0,DEV-10231,0.3333333333333333,7,23
BP-232,SYN-10232,2000.0,1000.0,DEV-10232,0.3333333333333333,7,23
BP-233,SYN-10233,2900.0,1450.0,DEV-10233,0.3333333333333333,7,23
BP-234,SYN-10234,1300.0,650.0,DEV-10234,0.3333333333333333,7,23
BP-235,SYN-10235,4300.0,2150.0,DEV-10235,0.3333333333333333,7,23
BP-236,SYN-10236,5100.0,2550.0,DEV-10236,0.3333333333333333,7,23
BP-237,SYN-10237,1000.0,500.0,DEV-10237,0.3333333333333333,7,23
BP-238,SYN-10238,4000.0,2000.0,DEV-10238,0.3333333333333333,7,23
BP-239,SYN-10239,4700.0,2350.0,DEV-10239,0.3333333333333333,7,23
BP-240,SYN-10240,3600.0,1800.0,DEV-10240,0.3333333333333333,7,23
BP-241,SYN-10241,3800.0,1900.0,DEV-10241,0.3333333333333333,7,23
BP-242,SYN-10242,5400.0,2700.0,DEV-10242,0.3333333333333333,7,23
BP-243,SYN-10243,3300.0,1650.0,DEV-10243,0.3333333333333333,7,23
BP-244,SYN-10244,5100.0,2550.0,DEV-10244,0.3333333333333333,7,23
BP-245,SYN-10245,3800.0,1900.0,DEV-10245,0.3333333333333333,7,23
BP-246,SYN-10246,1100.0,550.0,DEV-10246,0.3333333333333333,7,23
BP-247,SYN-10247,4600.0,2300.0,DEV-10247,0.3333333333333333,7,23
BP-248,SYN-10248,5800.0,2900.0,DEV-10248,0.3333333333333333,7,23
BP-249,SYN-10249,4900.0,2450.0,DEV-10249,0.3333333333333333,7,23
BP-250,SYN-10250,2000.0,1000.0,DEV-10250,0.3333333333333333,7,23
BP-251,SYN-10251,3000.0,1500.0,DEV-10251,0.3333333333333333,7,23
BP-252,SYN-10252,1900.0,950.0,DEV-10252,0.3333333333333333,7,23
BP-253,SYN-10253,5800.0,2900.0,DEV-10253,0.3333333333333333,7,23
BP-254,SYN-10254,3600.0,1800.0,DEV-10254,0.3333333333333333,7,23
BP-255,SYN-10255,5400.0,2700.0,DEV-10255,0.3333333333333333,7,23
BP-256,SYN-10256,1900.0,950.0,DEV-10256,0.3333333333333333,7,23
BP-257,SYN-10257,4300.0,2150.0,DEV-10257,0.3333333333333333,7,23
BP-258,SYN-10258,6000.0,3000.0,DEV-10258,0.3333333333333333,7,23
BP-259,SYN-10259,5200.0,2600.0,DEV-10259,0.3333333333333333,7,23
BP-260,SYN-10260,5400.0,2700.0,DEV-10260,0.3333333333333333,7,23
BP-261,SYN-10261,1200.0,600.0,DEV-10261,0.3333333333333333,7,23
BP-262,SYN-10262,5000.0,2500.0,DEV-10262,0.3333333333333333,7,23
BP-263,SYN-10263,3800.0,1900.0,DEV-10263,0.3333333333333333,7,23
BP-264,SYN-10264,2700.0,1350.0,DEV-10264,0.3333333333333333,7,23
BP-265,SYN-10265,4700.0,2350.0,DEV-10265,0.3333333333333333,7,23
BP-266,SYN-10266,3700.0,1850.0,DEV-10266,0.3333333333333333,7,23
BP-267,SYN-10267,5300.0,2650.0,DEV-10267,0.3333333333333333,7,23
BP-268,SYN-10268,3300.0,1650.0,DEV-10268,0.3333333333333333,7,23
BP-269,SYN-10269,4400.0,2200.0,DEV-10269,0.3333333333333333,7,23
BP-270,SYN-10270,5100.0,2550.0,DEV-10270,0.3333333333333333,7,23
BP-271,SYN-10271,2400.0,1200.0,DEV-10271,0.3333333333333333,7,23
BP-272,SYN-10272,5700.0,2850.0,DEV-10272,0.3333333333333333,7,23
BP-273,SYN-10273,2200.0,1100.0,DEV-10273,0.3333333333333333,7,23
BP-274,SYN-10274,3700.0,1850.0,DEV-10274,0.3333333333333333,7,23
BP-275,SYN-10275,1600.0,800.0,DEV-10275,0.3333333333333333,7,23
BP-276,SYN-10276,5200.0,2600.0,DEV-10276,0.3333333333333333,7,23
BP-277,SYN-10277,5400.0,2700.0,DEV-10277,0.3333333333333333,7,23
BP-278,SYN-10278,3800.0,1900.0,DEV-10278,0.3333333333333333,7,23
BP-279,SYN-10279,1800.0,900.0,DEV-10279,0.3333333333333333,7,23
BP-280,SYN-10280,3100.0,1550.0,DEV-10280,0.3333333333333333,7,23
BP-281,SYN-10281,5600.0,2800.0,DEV-10281,0.3333333333333333,7,23
BP-282,SYN-10282,5500.0,2750.0,DEV-10282,0.3333333333333333,7,23
BP-283,SYN-10283,1000.0,500.0,DEV-10283,0.3333333333333333,7,23
BP-284,SYN-10284,3400.0,1700.0,DEV-10284,0.3333333333333333,7,23
BP-285,SYN-10285,1700.0,850.0,DEV-10285,0.3333333333333333,7,23
BP-286,SYN-10286,2600.0,1300.0,DEV-10286,0.3333333333333333,7,23
BP-287,SYN-10287,1800.0,900.0,DEV-10287,0.3333333333333333,7,23
BP-288,SYN-10288,2700.0,1350.0,DEV-10288,0.3333333333333333,7,23
BP-289,SYN-10289,5500.0,2750.0,DEV-10289,0.3333333333333333,7,23
BP-290,SYN-10290,2400.0,1200.0,DEV-10290,0.3333333333333333,7,23
BP-291,SYN-10291,4000.0,2000.0,DEV-10291,0.3333333333333333,7,23
BP-292,SYN-10292,1700.0,850.0,DEV-10292,0.3333333333333333,7,23
BP-293,SYN-10293,5200.0,2600.0,DEV-10293,0.3333333333333333,7,23
BP-294,SYN-10294,1900.0,950.0,DEV-10294,0.3333333333333333,7,23
BP-295,SYN-10295,5500.0,2750.0,DEV-10295,0.3333333333333333,7,23
BP-296,SYN-10296,5900.0,2950.0,DEV-10296,0.3333333333333333,7,23
BP-297,SYN-10297,3400.0,1700.0,DEV-10297,0.3333333333333333,7,23
BP-298,SYN-10298,3800.0,1900.0,DEV-10298,0.3333333333333333,7,23
BP-299,SYN-10299,2400.0,1200.0,DEV-10299,0.3333333333333333,7,23
BP-300,SYN-10300,5900.0,2950.0,DEV-10300,0.3333333333333333,7,23
BP-301,SYN-10301,4900.0,2450.0,DEV-10301,0.3333333333333333,7,23
BP-302,SYN-10302,5600.0,2800.0,DEV-10302,0.3333333333333333,7,23
BP-303,SYN-10303,2100.0,1050.0,DEV-10303,0.3333333333333333,7,23
BP-304,SYN-10304,4900.0,2450.0,DEV-10304,0.3333333333333333,7,23
BP-305,SYN-10305,1300.0,650.0,DEV-10305,0.3333333333333333,7,23
BP-306,SYN-10306,2800.0,1400.0,DEV-10306,0.3333333333333333,7,23
BP-307,SYN-10307,4200.0,2100.0,DEV-10307,0.3333333333333333,7,23
BP-308,SYN-10308,2800.0,1400.0,DEV-10308,0.3333333333333333,7,23
BP-309,SYN-10309,3900.0,1950.0,DEV-10309,0.3333333333333333,7,23
BP-310,SYN-10310,4800.0,2400.0,DEV-10310,0.3333333333333333,7,23
BP-311,SYN-10311,4400.0,2200.0,DEV-10311,0.3333333333333333,7,23
BP-312,SYN-10312,4800.0,2400.0,DEV-10312,0.3333333333333333,7,23
BP-313,SYN-10313,1300.0,650.0,DEV-10313,0.3333333333333333,7,23
BP-314,SYN-10314,6000.0,3000.0,DEV-10314,0.3333333333333333,7,23
BP-315,SYN-10315,2900.0,1450.0,DEV-10315,0.3333333333333333,7,23
BP-316,SYN-10316,1600.0,800.0,DEV-10316,0.3333333333333333,7,23
BP-317,SYN-10317,1400.0,700.0,DEV-10317,0.3333333333333333,7,23
BP-318,SYN-10318,2300.0,1150.0,DEV-10318,0.3333333333333333,7,23
BP-319,SYN-10319,1200.0,600.0,DEV-10319,0.3333333333333333,7,23
BP-320,SYN-10320,1200.0,600.0,DEV-10320,0.3333333333333333,7,23
BP-321,SYN-10321,1300.0,650.0,DEV-10321,0.3333333333333333,7,23
BP-322,SYN-10322,2000.0,1000.0,DEV-10322,0.3333333333333333,7,23
BP-323,SYN-10323,5400.0,2700.0,DEV-10323,0.3333333333333333,7,23
BP-324,SYN-10324,4400.0,2200.0,DEV-10324,0.3333333333333333,7,23
BP-325,SYN-10325,3600.0,1800.0,DEV-10325,0.3333333333333333,7,23
BP-326,SYN-10326,5000.0,2500.0,DEV-10326,0.3333333333333333,7,23
BP-327,SYN-10327,5400.0,2700.0,DEV-10327,0.3333333333333333,7,23
BP-328,SYN-10328,2800.0,1400.0,DEV-10328,0.3333333333333333,7,23
BP-329,SYN-10329,1900.0,950.0,DEV-10329,0.3333333333333333,7,23
BP-330,SYN-10330,1600.0,800.0,DEV-10330,0.3333333333333333,7,23
BP-331,SYN-10331,5600.0,2800.0,DEV-10331,0.3333333333333333,7,23
BP-332,SYN-10332,4600.0,2300.0,DEV-10332,0.3333333333333333,7,23
BP-333,SYN-10333,2600.0,1300.0,DEV-10333,0.3333333333333333,7,23
BP-334,SYN-10334,1300.0,650.0,DEV-10334,0.3333333333333333,7,23
BP-335,SYN-10335,1200.0,600.0,DEV-10335,0.3333333333333333,7,23
BP-336,SYN-10336,2100.0,1050.0,DEV-10336,0.3333333333333333,7,23
BP-337,SYN-10337,5200.0,2600.0,DEV-10337,0.3333333333333333,7,23
BP-338,SYN-10338,4400.0,2200.0,DEV-10338,0.3333333333333333,7,23
BP-339,SYN-10339,5200.0,2600.0,DEV-10339,0.3333333333333333,7,23
BP-340,SYN-10340,2900.0,1450.0,DEV-10340,0.3333333333333333,7,23
BP-341,SYN-10341,5800.0,2900.0,DEV-10341,0.3333333333333333,7,23
BP-342,SYN-10342,1900.0,950.0,DEV-10342,0.3333333333333333,7,23
BP-343,SYN-10343,3700.0,1850.0,DEV-10343,0.3333333333333333,7,23
BP-344,SYN-10344,4000.0,2000.0,DEV-10344,0.3333333333333333,7,23
BP-345,SYN-10345,5300.0,2650.0,DEV-10345,0.3333333333333333,7,23
BP-346,SYN-10346,2200.0,1100.0,DEV-10346,0.3333333333333333,7,23
BP-347,SYN-10347,5200.0,2600.0,DEV-10347,0.3333333333333333,7,23
BP-348,SYN-10348,2700.0,1350.0,DEV-10348,0.3333333333333333,7,23
BP-349,SYN-10349,6000.0,3000.0,DEV-10349,0.3333333333333333,7,23
BP-350,SYN-10350,1200.0,600.0,DEV-10350,0.3333333333333333,7,23
BP-351,SYN-10351,1600.0,800.0,DEV-10351,0.3333333333333333,7,23
BP-352,SYN-10352,1100.0,550.0,DEV-10352,0.3333333333333333,7,23
BP-353,SYN-10353,4600.0,2300.0,DEV-10353,0.3333333333333333,7,23
BP-354,SYN-10354,3600.0,1800.0,DEV-10354,0.3333333333333333,7,23
BP-355,SYN-10355,2100.0,1050.0,DEV-10355,0.3333333333333333,7,23
BP-356,SYN-10356,5400.0,2700.0,DEV-10356,0.3333333333333333,7,23
BP-357,SYN-10357,2800.0,1400.0,DEV-10357,0.3333333333333333,7,23
BP-358,SYN-10358,4200.0,2100.0,DEV-10358,0.3333333333333333,7,23
BP-359,SYN-10359,3200.0,1600.0,DEV-10359,0.3333333333333333,7,23
BP-360,SYN-10360,1300.0,650.0,DEV-10360,0.3333333333333333,7,23
BP-361,SYN-10361,4100.0,2050.0,DEV-10361,0.3333333333333333,7,23
BP-362,SYN-10362,2600.0,1300.0,DEV-10362,0.3333333333333333,7,23
BP-363,SYN-10363,5400.0,2700.0,DEV-10363,0.3333333333333333,7,23
BP-364,SYN-10364,1000.0,500.0,DEV-10364,0.3333333333333333,7,23
BP-365,SYN-10365,3500.0,1750.0,DEV-10365,0.3333333333333333,7,23
BP-366,SYN-10366,5100.0,2550.0,DEV-10366,0.3333333333333333,7,23
BP-367,SYN-10367,3800.0,1900.0,DEV-10367,0.3333333333333333,7,23
BP-368,SYN-10368,4600.0,2300.0,DEV-10368,0.3333333333333333,7,23
BP-369,SYN-10369,5500.0,2750.0,DEV-10369,0.3333333333333333,7,23
BP-370,SYN-10370,2900.0,1450.0,DEV-10370,0.3333333333333333,7,23
BP-371,SYN-10371,4300.0,2150.0,DEV-10371,0.3333333333333333,7,23
BP-372,SYN-10372,1900.0,950.0,DEV-10372,0.3333333333333333,7,23
BP-373,SYN-10373,3600.0,1800.0,DEV-10373,0.3333333333333333,7,23
BP-374,SYN-10374,2900.0,1450.0,DEV-10374,0.3333333333333333,7,23
BP-375,SYN-10375,2900.0,1450.0,DEV-10375,0.3333333333333333,7,23
BP-376,SYN-10376,2500.0,1250.0,DEV-10376,0.3333333333333333,7,23
BP-377,SYN-10377,1400.0,700.0,DEV-10377,0.3333333333333333,7,23
BP-378,SYN-10378,5800.0,2900.0,DEV-10378,0.3333333333333333,7,23
BP-379,SYN-10379,2700.0,1350.0,DEV-10379,0.3333333333333333,7,23
BP-380,SYN-10380,2900.0,1450.0,DEV-10380,0.3333333333333333,7,23
BP-381,SYN-10381,3100.0,1550.0,DEV-10381,0.3333333333333333,7,23
BP-382,SYN-10382,1100.0,550.0,DEV-10382,0.3333333333333333,7,23
BP-383,SYN-10383,4700.0,2350.0,DEV-10383,0.3333333333333333,7,23
BP-384,SYN-10384,4900.0,2450.0,DEV-10384,0.3333333333333333,7,23
BP-385,SYN-10385,2800.0,1400.0,DEV-10385,0.3333333333333333,7,23
BP-386,SYN-10386,3400.0,1700.0,DEV-10386,0.3333333333333333,7,23
BP-387,SYN-10387,1000.0,500.0,DEV-10387,0.3333333333333333,7,23
BP-388,SYN-10388,4700.0,2350.0,DEV-10388,0.3333333333333333,7,23
BP-389,SYN-10389,3900.0,1950.0,DEV-10389,0.3333333333333333,7,23
BP-390,SYN-10390,2700.0,1350.0,DEV-10390,0.3333333333333333,7,23
BP-391,SYN-10391,5700.0,2850.0,DEV-10391,0.3333333333333333,7,23
BP-392,SYN-10392,3400.0,1700.0,DEV-10392,0.3333333333333333,7,23
BP-393,SYN-10393,5600.0,2800.0,DEV-10393,0.3333333333333333,7,23
BP-394,SYN-10394,5500.0,2750.0,DEV-10394,0.3333333333333333,7,23
BP-395,SYN-10395,5200.0,2600.0,DEV-10395,0.3333333333333333,7,23
BP-396,SYN-10396,2800.0,1400.0,DEV-10396,0.3333333333333333,7,23
BP-397,SYN-10397,2700.0,1350.0,DEV-10397,0.3333333333333333,7,23
BP-398,SYN-10398,2700.0,1350.0,DEV-10398,0.3333333333333333,7,23
BP-399,SYN-10399,5000.0,2500.0,DEV-10399,0.3333333333333333,7,23
BP-400,SYN-10400,6000.0,3000.0,DEV-10400,0.3333333333333333,7,23
BP-401,SYN-10401,2800.0,1400.0,DEV-10401,0.3333333333333333,7,23
BP-402,SYN-10402,3700.0,1850.0,DEV-10402,0.3333333333333333,7,23
BP-403,SYN-10403,1300.0,650.0,DEV-10403,0.3333333333333333,7,23
BP-404,SYN-10404,6000.0,3000.0,DEV-10404,0.3333333333333333,7,23
BP-405,SYN-10405,1300.0,650.0,DEV-10405,0.3333333333333333,7,23
BP-406,SYN-10406,1600.0,800.0,DEV-10406,0.3333333333333333,7,23
BP-407,SYN-10407,1100.0,550.0,DEV-10407,0.3333333333333333,7,23
BP-408,SYN-10408,3100.0,1550.0,DEV-10408,0.3333333333333333,7,23
BP-409,SYN-10409,2900.0,1450.0,DEV-10409,0.3333333333333333,7,23
BP-410,SYN-10410,2000.0,1000.0,DEV-10410,0.3333333333333333,7,23
BP-411,SYN-10411,1100.0,550.0,DEV-10411,0.3333333333333333,7,23
BP-412,SYN-10412,2600.0,1300.0,DEV-10412,0.3333333333333333,7,23
BP-413,SYN-10413,3300.0,1650.0,DEV-10413,0.3333333333333333,7,23
BP-414,SYN-10414,4900.0,2450.0,DEV-10414,0.3333333333333333,7,23
BP-415,SYN-10415,5400.0,2700.0,DEV-10415,0.3333333333333333,7,23
BP-416,SYN-10416,2300.0,1150.0,DEV-10416,0.3333333333333333,7,23
BP-417,SYN-10417,3200.0,1600.0,DEV-10417,0.3333333333333333,7,23
BP-418,SYN-10418,5400.0,2700.0,DEV-10418,0.3333333333333333,7,23
BP-419,SYN-10419,2500.0,1250.0,DEV-10419,0.3333333333333333,7,23
BP-420,SYN-10420,3400.0,1700.0,DEV-10420,0.3333333333333333,7,23
BP-421,SYN-10421,4500.0,2250.0,DEV-10421,0.3333333333333333,7,23
BP-422,SYN-10422,5800.0,2900.0,DEV-10422,0.3333333333333333,7,23
BP-423,SYN-10423,4500.0,2250.0,DEV-10423,0.3333333333333333,7,23
BP-424,SYN-10424,3700.0,1850.0,DEV-10424,0.3333333333333333,7,23
BP-425,SYN-10425,1800.0,900.0,DEV-10425,0.3333333333333333,7,23
BP-426,SYN-10426,2800.0,1400.0,DEV-10426,0.3333333333333333,7,23
BP-427,SYN-10427,2600.0,1300.0,DEV-10427,0.3333333333333333,7,23
BP-428,SYN-10428,1000.0,500.0,DEV-10428,0.3333333333333333,7,23
BP-429,SYN-10429,4200.0,2100.0,DEV-10429,0.3333333333333333,7,23
BP-430,SYN-10430,2500.0,1250.0,DEV-10430,0.3333333333333333,7,23
BP-431,SYN-10431,3200.0,1600.0,DEV-10431,0.3333333333333333,7,23
BP-432,SYN-10432,5500.0,2750.0,DEV-10432,0.3333333333333333,7,23
BP-433,SYN-10433,3900.0,1950.0,DEV-10433,0.3333333333333333,7,23
BP-434,SYN-10434,2600.0,1300.0,DEV-10434,0.3333333333333333,7,23
BP-435,SYN-10435,1100.0,550.0,DEV-10435,0.3333333333333333,7,23
BP-436,SYN-10436,3300.0,1650.0,DEV-10436,0.3333333333333333,7,23
BP-437,SYN-10437,4800.0,2400.0,DEV-10437,0.3333333333333333,7,23
BP-438,SYN-10438,2500.0,1250.0,DEV-10438,0.3333333333333333,7,23
BP-439,SYN-10439,5400.0,2700.0,DEV-10439,0.3333333333333333,7,23
BP-440,SYN-10440,1600.0,800.0,DEV-10440,0.3333333333333333,7,23
BP-441,SYN-10441,1000.0,500.0,DEV-10441,0.3333333333333333,7,23
BP-442,SYN-10442,5200.0,2600.0,DEV-10442,0.3333333333333333,7,23
BP-443,SYN-10443,3500.0,1750.0,DEV-10443,0.3333333333333333,7,23
BP-444,SYN-10444,2100.0,1050.0,DEV-10444,0.3333333333333333,7,23
BP-445,SYN-10445,4000.0,2000.0,DEV-10445,0.3333333333333333,7,23
BP-446,SYN-10446,2200.0,1100.0,DEV-10446,0.3333333333333333,7,23
BP-447,SYN-10447,2400.0,1200.0,DEV-10447,0.3333333333333333,7,23
BP-448,SYN-10448,2300.0,1150.0,DEV-10448,0.3333333333333333,7,23
BP-449,SYN-10449,2700.0,1350.0,DEV-10449,0.3333333333333333,7,23
BP-450,SYN-10450,2100.0,1050.0,DEV-10450,0.3333333333333333,7,23
BP-451,SYN-10451,4600.0,2300.0,DEV-10451,0.3333333333333333,7,23
BP-452,SYN-10452,4600.0,2300.0,DEV-10452,0.3333333333333333,7,23
BP-453,SYN-10453,1600.0,800.0,DEV-10453,0.3333333333333333,7,23
BP-454,SYN-10454,4100.0,2050.0,DEV-10454,0.3333333333333333,7,23
BP-455,SYN-10455,3600.0,1800.0,DEV-10455,0.3333333333333333,7,23
BP-456,SYN-10456,2900.0,1450.0,DEV-10456,0.3333333333333333,7,23
BP-457,SYN-10457,2400.0,1200.0,DEV-10457,0.3333333333333333,7,23
BP-458,SYN-10458,2900.0,1450.0,DEV-10458,0.3333333333333333,7,23
BP-459,SYN-10459,1700.0,850.0,DEV-10459,0.3333333333333333,7,23
BP-460,SYN-10460,1300.0,650.0,DEV-10460,0.3333333333333333,7,23
BP-461,SYN-10461,5600.0,2800.0,DEV-10461,0.3333333333333333,7,23
BP-462,SYN-10462,2300.0,1150.0,DEV-10462,0.3333333333333333,7,23
BP-463,SYN-10463,5700.0,2850.0,DEV-10463,0.3333333333333333,7,23
BP-464,SYN-10464,3200.0,1600.0,DEV-10464,0.3333333333333333,7,23
BP-465,SYN-10465,2400.0,1200.0,DEV-10465,0.3333333333333333,7,23
BP-466,SYN-10466,2900.0,1450.0,DEV-10466,0.3333333333333333,7,23
BP-467,SYN-10467,4900.0,2450.0,DEV-10467,0.3333333333333333,7,23
BP-468,SYN-10468,4900.0,2450.0,DEV-10468,0.3333333333333333,7,23
BP-469,SYN-10469,5900.0,2950.0,DEV-10469,0.3333333333333333,7,23
BP-470,SYN-10470,6000.0,3000.0,DEV-10470,0.3333333333333333,7,23
BP-471,SYN-10471,2600.0,1300.0,DEV-10471,0.3333333333333333,7,23
BP-472,SYN-10472,1000.0,500.0,DEV-10472,0.3333333333333333,7,23
BP-473,SYN-10473,2500.0,1250.0,DEV-10473,0.3333333333333333,7,23
BP-474,SYN-10474,2600.0,1300.0,DEV-10474,0.3333333333333333,7,23
BP-475,SYN-10475,5000.0,2500.0,DEV-10475,0.3333333333333333,7,23
BP-476,SYN-10476,3500.0,1750.0,DEV-10476,0.3333333333333333,7,23
BP-477,SYN-10477,5200.0,2600.0,DEV-10477,0.3333333333333333,7,23
BP-478,SYN-10478,3200.0,1600.0,DEV-10478,0.3333333333333333,7,23
BP-479,SYN-10479,4100.0,2050.0,DEV-10479,0.3333333333333333,7,23
BP-480,SYN-10480,3300.0,1650.0,DEV-10480,0.3333333333333333,7,23
BP-481,SYN-10481,3600.0,1800.0,DEV-10481,0.3333333333333333,7,23
BP-482,SYN-10482,2700.0,1350.0,DEV-10482,0.3333333333333333,7,23
BP-483,SYN-10483,1800.0,900.0,DEV-10483,0.3333333333333333,7,23
BP-484,SYN-10484,5200.0,2600.0,DEV-10484,0.3333333333333333,7,23
BP-485,SYN-10485,5500.0,2750.0,DEV-10485,0.3333333333333333,7,23
BP-486,SYN-10486,4300.0,2150.0,DEV-10486,0.3333333333333333,7,23
BP-487,SYN-10487,2900.0,1450.0,DEV-10487,0.3333333333333333,7,23
BP-488,SYN-10488,3400.0,1700.0,DEV-10488,0.3333333333333333,7,23
BP-489,SYN-10489,2400.0,1200.0,DEV-10489,0.3333333333333333,7,23
BP-490,SYN-10490,3400.0,1700.0,DEV-10490,0.3333333333333333,7,23
BP-491,SYN-10491,2000.0,1000.0,DEV-10491,0.3333333333333333,7,23
BP-492,SYN-10492,5200.0,2600.0,DEV-10492,0.3333333333333333,7,23
BP-493,SYN-10493,5200.0,2600.0,DEV-10493,0.3333333333333333,7,23
BP-494,SYN-10494,5100.0,2550.0,DEV-10494,0.3333333333333333,7,23
BP-495,SYN-10495,1600.0,800.0,DEV-10495,0.3333333333333333,7,23
BP-496,SYN-10496,4600.0,2300.0,DEV-10496,0.3333333333333333,7,23
BP-497,SYN-10497,4300.0,2150.0,DEV-10497,0.3333333333333333,7,23
BP-498,SYN-10498,3200.0,1600.0,DEV-10498,0.3333333333333333,7,23
BP-499,SYN-10499,2800.0,1400.0,DEV-10499,0.3333333333333333,7,23
BP-500,SYN-10500,2500.0,1250.0,DEV-10500,0.3333333333333333,7,23
BP-501,SYN-10501,3800.0,1900.0,DEV-10501,0.3333333333333333,7,23
BP-502,SYN-10502,5700.0,2850.0,DEV-10502,0.3333333333333333,7,23
BP-503,SYN-10503,5000.0,2500.0,DEV-10503,0.3333333333333333,7,23
BP-504,SYN-10504,3500.0,1750.0,DEV-10504,0.3333333333333333,7,23
BP-505,SYN-10505,5500.0,2750.0,DEV-10505,0.3333333333333333,7,23
BP-506,SYN-10506,5600.0,2800.0,DEV-10506,0.3333333333333333,7,23
BP-507,SYN-10507,4200.0,2100.0,DEV-10507,0.3333333333333333,7,23
BP-508,SYN-10508,3700.0,1850.0,DEV-10508,0.3333333333333333,7,23
BP-509,SYN-10509,5100.0,2550.0,DEV-10509,0.3333333333333333,7,23
BP-510,SYN-10510,2000.0,1000.0,DEV-10510,0.3333333333333333,7,23
BP-511,SYN-10511,1900.0,950.0,DEV-10511,0.3333333333333333,7,23
BP-512,SYN-10512,4100.0,2050.0,DEV-10512,0.3333333333333333,7,23
BP-513,SYN-10513,2700.0,1350.0,DEV-10513,0.3333333333333333,7,23
BP-514,SYN-10514,4500.0,2250.0,DEV-10514,0.3333333333333333,7,23
BP-515,SYN-10515,2500.0,1250.0,DEV-10515,0.3333333333333333,7,23
BP-516,SYN-10516,1700.0,850.0,DEV-10516,0.3333333333333333,7,23
BP-517,SYN-10517,5900.0,2950.0,DEV-10517,0.3333333333333333,7,23
BP-518,SYN-10518,3600.0,1800.0,DEV-10518,0.3333333333333333,7,23
BP-519,SYN-10519,5900.0,2950.0,DEV-10519,0.3333333333333333,7,23
BP-520,SYN-10520,1200.0,600.0,DEV-10520,0.3333333333333333,7,23
BP-521,SYN-10521,5500.0,2750.0,DEV-10521,0.3333333333333333,7,23
BP-522,SYN-10522,3600.0,1800.0,DEV-10522,0.3333333333333333,7,23
BP-523,SYN-10523,5400.0,2700.0,DEV-10523,0.3333333333333333,7,23
BP-524,SYN-10524,1900.0,950.0,DEV-10524,0.3333333333333333,7,23
BP-525,SYN-10525,1600.0,800.0,DEV-10525,0.3333333333333333,7,23
BP-526,SYN-10526,1100.0,550.0,DEV-10526,0.3333333333333333,7,23
BP-527,SYN-10527,2500.0,1250.0,DEV-10527,0.3333333333333333,7,23
BP-528,SYN-10528,3400.0,1700.0,DEV-10528,0.3333333333333333,7,23
BP-529,SYN-10529,4900.0,2450.0,DEV-10529,0.3333333333333333,7,23
BP-530,SYN-10530,2000.0,1000.0,DEV-10530,0.3333333333333333,7,23
BP-531,SYN-10531,1000.0,500.0,DEV-10531,0.3333333333333333,7,23
BP-532,SYN-10532,4400.0,2200.0,DEV-10532,0.3333333333333333,7,23
BP-533,SYN-10533,1400.0,700.0,DEV-10533,0.3333333333333333,7,23
BP-534,SYN-10534,5800.0,2900.0,DEV-10534,0.3333333333333333,7,23
BP-535,SYN-10535,1200.0,600.0,DEV-10535,0.3333333333333333,7,23
BP-536,SYN-10536,2900.0,1450.0,DEV-10536,0.3333333333333333,7,23
BP-537,SYN-10537,4000.0,2000.0,DEV-10537,0.3333333333333333,7,23
BP-538,SYN-10538,2300.0,1150.0,DEV-10538,0.3333333333333333,7,23
BP-539,SYN-10539,4500.0,2250.0,DEV-10539,0.3333333333333333,7,23
BP-540,SYN-10540,5500.0,2750.0,DEV-10540,0.3333333333333333,7,23
BP-541,SYN-10541,1400.0,700.0,DEV-10541,0.3333333333333333,7,23
BP-542,SYN-10542,5300.0,2650.0,DEV-10542,0.3333333333333333,7,23
BP-543,SYN-10543,3700.0,1850.0,DEV-10543,0.3333333333333333,7,23
BP-544,SYN-10544,5800.0,2900.0,DEV-10544,0.3333333333333333,7,23
BP-545,SYN-10545,3800.0,1900.0,DEV-10545,0.3333333333333333,7,23
BP-546,SYN-10546,1800.0,900.0,DEV-10546,0.3333333333333333,7,23
BP-547,SYN-10547,3100.0,1550.0,DEV-10547,0.3333333333333333,7,23
BP-548,SYN-10548,1100.0,550.0,DEV-10548,0.3333333333333333,7,23
BP-549,SYN-10549,3800.0,1900.0,DEV-10549,0.3333333333333333,7,23
BP-550,SYN-10550,5400.0,2700.0,DEV-10550,0.3333333333333333,7,23
BP-551,SYN-10551,2200.0,1100.0,DEV-10551,0.3333333333333333,7,23
BP-552,SYN-10552,5600.0,2800.0,DEV-10552,0.3333333333333333,7,23
BP-553,SYN-10553,1500.0,750.0,DEV-10553,0.3333333333333333,7,23
BP-554,SYN-10554,2000.0,1000.0,DEV-10554,0.3333333333333333,7,23
BP-555,SYN-10555,4400.0,2200.0,DEV-10555,0.3333333333333333,7,23
BP-556,SYN-10556,1500.0,750.0,DEV-10556,0.3333333333333333,7,23
BP-557,SYN-10557,2600.0,1300.0,DEV-10557,0.3333333333333333,7,23
BP-558,SYN-10558,1100.0,550.0,DEV-10558,0.3333333333333333,7,23
BP-559,SYN-10559,5900.0,2950.0,DEV-10559,0.3333333333333333,7,23
BP-560,SYN-10560,2100.0,1050.0,DEV-10560,0.3333333333333333,7,23
BP-561,SYN-10561,2900.0,1450.0,DEV-10561,0.3333333333333333,7,23
BP-562,SYN-10562,2200.0,1100.0,DEV-10562,0.3333333333333333,7,23
BP-563,SYN-10563,5100.0,2550.0,DEV-10563,0.3333333333333333,7,23
BP-564,SYN-10564,5400.0,2700.0,DEV-10564,0.3333333333333333,7,23
BP-565,SYN-10565,1100.0,550.0,DEV-10565,0.3333333333333333,7,23
BP-566,SYN-10566,5400.0,2700.0,DEV-10566,0.3333333333333333,7,23
BP-567,SYN-10567,5200.0,2600.0,DEV-10567,0.3333333333333333,7,23
BP-568,SYN-10568,4200.0,2100.0,DEV-10568,0.3333333333333333,7,23
BP-569,SYN-10569,2400.0,1200.0,DEV-10569,0.3333333333333333,7,23
BP-570,SYN-10570,3400.0,1700.0,DEV-10570,0.3333333333333333,7,23
BP-571,SYN-10571,1200.0,600.0,DEV-10571,0.3333333333333333,7,23
BP-572,SYN-10572,1200.0,600.0,DEV-10572,0.3333333333333333,7,23
BP-573,SYN-10573,3800.0,1900.0,DEV-10573,0.3333333333333333,7,23
BP-574,SYN-10574,5700.0,2850.0,DEV-10574,0.3333333333333333,7,23
BP-575,SYN-10575,3600.0,1800.0,DEV-10575,0.3333333333333333,7,23
BP-576,SYN-10576,3700.0,1850.0,DEV-10576,0.3333333333333333,7,23
BP-577,SYN-10577,4400.0,2200.0,DEV-10577,0.3333333333333333,7,23
BP-578,SYN-10578,4500.0,2250.0,DEV-10578,0.3333333333333333,7,23
BP-579,SYN-10579,4500.0,2250.0,DEV-10579,0.3333333333333333,7,23
BP-580,SYN-10580,6000.0,3000.0,DEV-10580,0.3333333333333333,7,23
BP-581,SYN-10581,3100.0,1550.0,DEV-10581,0.3333333333333333,7,23
BP-582,SYN-10582,5600.0,2800.0,DEV-10582,0.3333333333333333,7,23
BP-583,SYN-10583,2600.0,1300.0,DEV-10583,0.3333333333333333,7,23
BP-584,SYN-10584,3700.0,1850.0,DEV-10584,0.3333333333333333,7,23
BP-585,SYN-10585,4600.0,2300.0,DEV-10585,0.3333333333333333,7,23
BP-586,SYN-10586,4500.0,2250.0,DEV-10586,0.3333333333333333,7,23
BP-587,SYN-10587,4000.0,2000.0,DEV-10587,0.3333333333333333,7,23
BP-588,SYN-10588,3000.0,1500.0,DEV-10588,0.3333333333333333,7,23
BP-589,SYN-10589,4600.0,2300.0,DEV-10589,0.3333333333333333,7,23
BP-590,SYN-10590,4500.0,2250.0,DEV-10590,0.3333333333333333,7,23
BP-591,SYN-10591,3800.0,1900.0,DEV-10591,0.3333333333333333,7,23
BP-592,SYN-10592,3100.0,1550.0,DEV-10592,0.3333333333333333,7,23
BP-593,SYN-10593,5100.0,2550.0,DEV-10593,0.3333333333333333,7,23
BP-594,SYN-10594,4600.0,2300.0,DEV-10594,0.3333333333333333,7,23
BP-595,SYN-10595,3600.0,1800.0,DEV-10595,0.3333333333333333,7,23
BP-596,SYN-10596,4300.0,2150.0,DEV-10596,0.3333333333333333,7,23
BP-597,SYN-10597,4300.0,2150.0,DEV-10597,0.3333333333333333,7,23
BP-598,SYN-10598,2000.0,1000.0,DEV-10598,0.3333333333333333,7,23
BP-599,SYN-10599,3400.0,1700.0,DEV-10599,0.3333333333333333,7,23
BP-600,SYN-10600,6000.0,3000.0,DEV-10600,0.3333333333333333,7,23
BP-601,SYN-10601,2800.0,1400.0,DEV-10601,0.3333333333333333,7,23
BP-602,SYN-10602,3200.0,1600.0,DEV-10602,0.3333333333333333,7,23
BP-603,SYN-10603,2200.0,1100.0,DEV-10603,0.3333333333333333,7,23
BP-604,SYN-10604,2700.0,1350.0,DEV-10604,0.3333333333333333,7,23
BP-605,SYN-10605,5500.0,2750.0,DEV-10605,0.3333333333333333,7,23
BP-606,SYN-10606,3300.0,1650.0,DEV-10606,0.3333333333333333,7,23
BP-607,SYN-10607,4400.0,2200.0,DEV-10607,0.3333333333333333,7,23
BP-608,SYN-10608,4900.0,2450.0,DEV-10608,0.3333333333333333,7,23
BP-609,SYN-10609,4000.0,2000.0,DEV-10609,0.3333333333333333,7,23
BP-610,SYN-10610,1000.0,500.0,DEV-10610,0.3333333333333333,7,23
BP-611,SYN-10611,3100.0,1550.0,DEV-10611,0.3333333333333333,7,23
BP-612,SYN-10612,3500.0,1750.0,DEV-10612,0.3333333333333333,7,23
BP-613,SYN-10613,5100.0,2550.0,DEV-10613,0.3333333333333333,7,23
BP-614,SYN-10614,5800.0,2900.0,DEV-10614,0.3333333333333333,7,23
BP-615,SYN-10615,5800.0,2900.0,DEV-10615,0.3333333333333333,7,23
BP-616,SYN-10616,4500.0,2250.0,DEV-10616,0.3333333333333333,7,23
BP-617,SYN-10617,1500.0,750.0,DEV-10617,0.3333333333333333,7,23
BP-618,SYN-10618,1300.0,650.0,DEV-10618,0.3333333333333333,7,23
BP-619,SYN-10619,3800.0,1900.0,DEV-10619,0.3333333333333333,7,23
BP-620,SYN-10620,2100.0,1050.0,DEV-10620,0.3333333333333333,7,23
BP-621,SYN-10621,3000.0,1500.0,DEV-10621,0.3333333333333333,7,23
BP-622,SYN-10622,1200.0,600.0,DEV-10622,0.3333333333333333,7,23
BP-623,SYN-10623,5100.0,2550.0,DEV-10623,0.3333333333333333,7,23
BP-624,SYN-10624,2600.0,1300.0,DEV-10624,0.3333333333333333,7,23
BP-625,SYN-10625,4400.0,2200.0,DEV-10625,0.3333333333333333,7,23
BP-626,SYN-10626,4400.0,2200.0,DEV-10626,0.3333333333333333,7,23
BP-627,SYN-10627,5200.0,2600.0,DEV-10627,0.3333333333333333,7,23
BP-628,SYN-10628,2900.0,1450.0,DEV-10628,0.3333333333333333,7,23
BP-629,SYN-10629,4000.0,2000.0,DEV-10629,0.3333333333333333,7,23
BP-630,SYN-10630,5500.0,2750.0,DEV-10630,0.3333333333333333,7,23
BP-631,SYN-10631,4500.0,2250.0,DEV-10631,0.3333333333333333,7,23
BP-632,SYN-10632,3800.0,1900.0,DEV-10632,0.3333333333333333,7,23
BP-633,SYN-10633,3000.0,1500.0,DEV-10633,0.3333333333333333,7,23
BP-634,SYN-10634,3100.0,1550.0,DEV-10634,0.3333333333333333,7,23
BP-635,SYN-10635,2000.0,1000.0,DEV-10635,0.3333333333333333,7,23
BP-636,SYN-10636,2500.0,1250.0,DEV-10636,0.3333333333333333,7,23
BP-637,SYN-10637,5900.0,2950.0,DEV-10637,0.3333333333333333,7,23
BP-638,SYN-10638,1900.0,950.0,DEV-10638,0.3333333333333333,7,23
BP-639,SYN-10639,5300.0,2650.0,DEV-10639,0.3333333333333333,7,23
BP-640,SYN-10640,5600.0,2800.0,DEV-10640,0.3333333333333333,7,23
BP-641,SYN-10641,3000.0,1500.0,DEV-10641,0.3333333333333333,7,23
BP-642,SYN-10642,5300.0,2650.0,DEV-10642,0.3333333333333333,7,23
BP-643,SYN-10643,5600.0,2800.0,DEV-10643,0.3333333333333333,7,23
BP-644,SYN-10644,4000.0,2000.0,DEV-10644,0.3333333333333333,7,23
BP-645,SYN-10645,5900.0,2950.0,DEV-10645,0.3333333333333333,7,23
BP-646,SYN-10646,2200.0,1100.0,DEV-10646,0.3333333333333333,7,23
BP-647,SYN-10647,4300.0,2150.0,DEV-10647,0.3333333333333333,7,23
BP-648,SYN-10648,4300.0,2150.0,DEV-10648,0.3333333333333333,7,23
BP-649,SYN-10649,2400.0,1200.0,DEV-10649,0.3333333333333333,7,23
BP-650,SYN-10650,4300.0,2150.0,DEV-10650,0.3333333333333333,7,23
BP-651,SYN-10651,1300.0,650.0,DEV-10651,0.3333333333333333,7,23
BP-652,SYN-10652,2600.0,1300.0,DEV-10652,0.3333333333333333,7,23
BP-653,SYN-10653,2500.0,1250.0,DEV-10653,0.3333333333333333,7,23
BP-654,SYN-10654,5700.0,2850.0,DEV-10654,0.3333333333333333,7,23
BP-655,SYN-10655,3100.0,1550.0,DEV-10655,0.3333333333333333,7,23
BP-656,SYN-10656,3400.0,1700.0,DEV-10656,0.3333333333333333,7,23
BP-657,SYN-10657,2000.0,1000.0,DEV-10657,0.3333333333333333,7,23
BP-658,SYN-10658,5400.0,2700.0,DEV-10658,0.3333333333333333,7,23
BP-659,SYN-10659,2700.0,1350.0,DEV-10659,0.3333333333333333,7,23
BP-660,SYN-10660,3200.0,1600.0,DEV-10660,0.3333333333333333,7,23
BP-661,SYN-10661,3800.0,1900.0,DEV-10661,0.3333333333333333,7,23
BP-662,SYN-10662,2200.0,1100.0,DEV-10662,0.3333333333333333,7,23
BP-663,SYN-10663,1600.0,800.0,DEV-10663,0.3333333333333333,7,23
BP-664,SYN-10664,1200.0,600.0,DEV-10664,0.3333333333333333,7,23
BP-665,SYN-10665,3900.0,1950.0,DEV-10665,0.3333333333333333,7,23
BP-666,SYN-10666,4900.0,2450.0,DEV-10666,0.3333333333333333,7,23
BP-667,SYN-10667,5900.0,2950.0,DEV-10667,0.3333333333333333,7,23
BP-668,SYN-10668,4400.0,2200.0,DEV-10668,0.3333333333333333,7,23
BP-669,SYN-10669,2300.0,1150.0,DEV-10669,0.3333333333333333,7,23
BP-670,SYN-10670,2300.0,1150.0,DEV-10670,0.3333333333333333,7,23
BP-671,SYN-10671,1600.0,800.0,DEV-10671,0.3333333333333333,7,23
BP-672,SYN-10672,3700.0,1850.0,DEV-10672,0.3333333333333333,7,23
BP-673,SYN-10673,4700.0,2350.0,DEV-10673,0.3333333333333333,7,23
BP-674,SYN-10674,1400.0,700.0,DEV-10674,0.3333333333333333,7,23
BP-675,SYN-10675,3300.0,1650.0,DEV-10675,0.3333333333333333,7,23
BP-676,SYN-10676,5900.0,2950.0,DEV-10676,0.3333333333333333,7,23
BP-677,SYN-10677,2300.0,1150.0,DEV-10677,0.3333333333333333,7,23
BP-678,SYN-10678,1700.0,850.0,DEV-10678,0.3333333333333333,7,23
BP-679,SYN-10679,2900.0,1450.0,DEV-10679,0.3333333333333333,7,23
BP-680,SYN-10680,5700.0,2850.0,DEV-10680,0.3333333333333333,7,23
BP-681,SYN-10681,3600.0,1800.0,DEV-10681,0.3333333333333333,7,23
BP-682,SYN-10682,2100.0,1050.0,DEV-10682,0.3333333333333333,7,23
BP-683,SYN-10683,1100.0,550.0,DEV-10683,0.3333333333333333,7,23
BP-684,SYN-10684,2900.0,1450.0,DEV-10684,0.3333333333333333,7,23
BP-685,SYN-10685,2600.0,1300.0,DEV-10685,0.3333333333333333,7,23
BP-686,SYN-10686,2100.0,1050.0,DEV-10686,0.3333333333333333,7,23
BP-687,SYN-10687,5100.0,2550.0,DEV-10687,0.3333333333333333,7,23
BP-688,SYN-10688,3300.0,1650.0,DEV-10688,0.3333333333333333,7,23
BP-689,SYN-10689,1500.0,750.0,DEV-10689,0.3333333333333333,7,23
BP-690,SYN-10690,5700.0,2850.0,DEV-10690,0.3333333333333333,7,23
BP-691,SYN-10691,1100.0,550.0,DEV-10691,0.3333333333333333,7,23
BP-692,SYN-10692,5700.0,2850.0,DEV-10692,0.3333333333333333,7,23
BP-693,SYN-10693,5700.0,2850.0,DEV-10693,0.3333333333333333,7,23
BP-694,SYN-10694,5900.0,2950.0,DEV-10694,0.3333333333333333,7,23
BP-695,SYN-10695,3700.0,1850.0,DEV-10695,0.3333333333333333,7,23
BP-696,SYN-10696,3300.0,1650.0,DEV-10696,0.3333333333333333,7,23
BP-697,SYN-10697,2800.0,1400.0,DEV-10697,0.3333333333333333,7,23
BP-698,SYN-10698,1000.0,500.0,DEV-10698,0.3333333333333333,7,23
BP-699,SYN-10699,3100.0,1550.0,DEV-10699,0.3333333333333333,7,23
BP-700,SYN-10700,3800.0,1900.0,DEV-10700,0.3333333333333333,7,23
BP-701,SYN-10701,5600.0,2800.0,DEV-10701,0.3333333333333333,7,23
BP-702,SYN-10702,3600.0,1800.0,DEV-10702,0.3333333333333333,7,23
BP-703,SYN-10703,2900.0,1450.0,DEV-10703,0.3333333333333333,7,23
BP-704,SYN-10704,4400.0,2200.0,DEV-10704,0.3333333333333333,7,23
BP-705,SYN-10705,5800.0,2900.0,DEV-10705,0.3333333333333333,7,23
BP-706,SYN-10706,3400.0,1700.0,DEV-10706,0.3333333333333333,7,23
BP-707,SYN-10707,5100.0,2550.0,DEV-10707,0.3333333333333333,7,23
BP-708,SYN-10708,2200.0,1100.0,DEV-10708,0.3333333333333333,7,23
BP-709,SYN-10709,2800.0,1400.0,DEV-10709,0.3333333333333333,7,23
BP-710,SYN-10710,2000.0,1000.0,DEV-10710,0.3333333333333333,7,23
BP-711,SYN-10711,2000.0,1000.0,DEV-10711,0.3333333333333333,7,23
BP-712,SYN-10712,4700.0,2350.0,DEV-10712,0.3333333333333333,7,23
BP-713,SYN-10713,3100.0,1550.0,DEV-10713,0.3333333333333333,7,23
BP-714,SYN-10714,3500.0,1750.0,DEV-10714,0.3333333333333333,7,23
BP-715,SYN-10715,1300.0,650.0,DEV-10715,0.3333333333333333,7,23
BP-716,SYN-10716,4900.0,2450.0,DEV-10716,0.3333333333333333,7,23
BP-717,SYN-10717,1000.0,500.0,DEV-10717,0.3333333333333333,7,23
BP-718,SYN-10718,1400.0,700.0,DEV-10718,0.3333333333333333,7,23
BP-719,SYN-10719,3500.0,1750.0,DEV-10719,0.3333333333333333,7,23
BP-720,SYN-10720,2000.0,1000.0,DEV-10720,0.3333333333333333,7,23
BP-721,SYN-10721,2800.0,1400.0,DEV-10721,0.3333333333333333,7,23
BP-722,SYN-10722,2800.0,1400.0,DEV-10722,0.3333333333333333,7,23
BP-723,SYN-10723,4100.0,2050.0,DEV-10723,0.3333333333333333,7,23
BP-724,SYN-10724,1000.0,500.0,DEV-10724,0.3333333333333333,7,23
BP-725,SYN-10725,1300.0,650.0,DEV-10725,0.3333333333333333,7,23
BP-726,SYN-10726,3500.0,1750.0,DEV-10726,0.3333333333333333,7,23
BP-727,SYN-10727,2000.0,1000.0,DEV-10727,0.3333333333333333,7,23
BP-728,SYN-10728,1000.0,500.0,DEV-10728,0.3333333333333333,7,23
BP-729,SYN-10729,3600.0,1800.0,DEV-10729,0.3333333333333333,7,23
BP-730,SYN-10730,3600.0,1800.0,DEV-10730,0.3333333333333333,7,23
BP-731,SYN-10731,2200.0,1100.0,DEV-10731,0.3333333333333333,7,23
BP-732,SYN-10732,3200.0,1600.0,DEV-10732,0.3333333333333333,7,23
BP-733,SYN-10733,5000.0,2500.0,DEV-10733,0.3333333333333333,7,23
BP-734,SYN-10734,3200.0,1600.0,DEV-10734,0.3333333333333333,7,23
BP-735,SYN-10735,2200.0,1100.0,DEV-10735,0.3333333333333333,7,23
BP-736,SYN-10736,4700.0,2350.0,DEV-10736,0.3333333333333333,7,23
BP-737,SYN-10737,4700.0,2350.0,DEV-10737,0.3333333333333333,7,23
BP-738,SYN-10738,1400.0,700.0,DEV-10738,0.3333333333333333,7,23
BP-739,SYN-10739,2200.0,1100.0,DEV-10739,0.3333333333333333,7,23
BP-740,SYN-10740,1000.0,500.0,DEV-10740,0.3333333333333333,7,23
BP-741,SYN-10741,4500.0,2250.0,DEV-10741,0.3333333333333333,7,23
BP-742,SYN-10742,5100.0,2550.0,DEV-10742,0.3333333333333333,7,23
BP-743,SYN-10743,1300.0,650.0,DEV-10743,0.3333333333333333,7,23
BP-744,SYN-10744,2400.0,1200.0,DEV-10744,0.3333333333333333,7,23
BP-745,SYN-10745,2000.0,1000.0,DEV-10745,0.3333333333333333,7,23
BP-746,SYN-10746,4400.0,2200.0,DEV-10746,0.3333333333333333,7,23
BP-747,SYN-10747,3300.0,1650.0,DEV-10747,0.3333333333333333,7,23
BP-748,SYN-10748,1100.0,550.0,DEV-10748,0.3333333333333333,7,23
BP-749,SYN-10749,4700.0,2350.0,DEV-10749,0.3333333333333333,7,23
BP-750,SYN-10750,5800.0,2900.0,DEV-10750,0.3333333333333333,7,23
BP-751,SYN-10751,4900.0,2450.0,DEV-10751,0.3333333333333333,7,23
BP-752,SYN-10752,3900.0,1950.0,DEV-10752,0.3333333333333333,7,23
BP-753,SYN-10753,1900.0,950.0,DEV-10753,0.3333333333333333,7,23
BP-754,SYN-10754,5400.0,2700.0,DEV-10754,0.3333333333333333,7,23
BP-755,SYN-10755,1700.0,850.0,DEV-10755,0.3333333333333333,7,23
BP-756,SYN-10756,5500.0,2750.0,DEV-10756,0.3333333333333333,7,23
BP-757,SYN-10757,3000.0,1500.0,DEV-10757,0.3333333333333333,7,23
BP-758,SYN-10758,4600.0,2300.0,DEV-10758,0.3333333333333333,7,23
BP-759,SYN-10759,5200.0,2600.0,DEV-10759,0.3333333333333333,7,23
BP-760,SYN-10760,5600.0,2800.0,DEV-10760,0.3333333333333333,7,23
BP-761,SYN-10761,5100.0,2550.0,DEV-10761,0.3333333333333333,7,23
BP-762,SYN-10762,2500.0,1250.0,DEV-10762,0.3333333333333333,7,23
BP-763,SYN-10763,1500.0,750.0,DEV-10763,0.3333333333333333,7,23
BP-764,SYN-10764,2700.0,1350.0,DEV-10764,0.3333333333333333,7,23
BP-765,SYN-10765,4800.0,2400.0,DEV-10765,0.3333333333333333,7,23
BP-766,SYN-10766,3200.0,1600.0,DEV-10766,0.3333333333333333,7,23
BP-767,SYN-10767,4900.0,2450.0,DEV-10767,0.3333333333333333,7,23
BP-768,SYN-10768,1300.0,650.0,DEV-10768,0.3333333333333333,7,23
BP-769,SYN-10769,1300.0,650.0,DEV-10769,0.3333333333333333,7,23
BP-770,SYN-10770,4800.0,2400.0,DEV-10770,0.3333333333333333,7,23
BP-771,SYN-10771,1700.0,850.0,DEV-10771,0.3333333333333333,7,23
BP-772,SYN-10772,4200.0,2100.0,DEV-10772,0.3333333333333333,7,23
BP-773,SYN-10773,3800.0,1900.0,DEV-10773,0.3333333333333333,7,23
BP-774,SYN-10774,1800.0,900.0,DEV-10774,0.3333333333333333,7,23
BP-775,SYN-10775,3500.0,1750.0,DEV-10775,0.3333333333333333,7,23
BP-776,SYN-10776,5300.0,2650.0,DEV-10776,0.3333333333333333,7,23
BP-777,SYN-10777,1300.0,650.0,DEV-10777,0.3333333333333333,7,23
BP-778,SYN-10778,1500.0,750.0,DEV-10778,0.3333333333333333,7,23
BP-779,SYN-10779,5300.0,2650.0,DEV-10779,0.3333333333333333,7,23
BP-780,SYN-10780,5100.0,2550.0,DEV-10780,0.3333333333333333,7,23
BP-781,SYN-10781,4800.0,2400.0,DEV-10781,0.3333333333333333,7,23
BP-782,SYN-10782,4000.0,2000.0,DEV-10782,0.3333333333333333,7,23
BP-783,SYN-10783,3000.0,1500.0,DEV-10783,0.3333333333333333,7,23
BP-784,SYN-10784,5700.0,2850.0,DEV-10784,0.3333333333333333,7,23
BP-785,SYN-10785,2300.0,1150.0,DEV-10785,0.3333333333333333,7,23
BP-786,SYN-10786,3900.0,1950.0,DEV-10786,0.3333333333333333,7,23
BP-787,SYN-10787,1100.0,550.0,DEV-10787,0.3333333333333333,7,23
BP-788,SYN-10788,2500.0,1250.0,DEV-10788,0.3333333333333333,7,23
BP-789,SYN-10789,2900.0,1450.0,DEV-10789,0.3333333333333333,7,23
BP-790,SYN-10790,4000.0,2000.0,DEV-10790,0.3333333333333333,7,23
BP-791,SYN-10791,3200.0,1600.0,DEV-10791,0.3333333333333333,7,23
BP-792,SYN-10792,3200.0,1600.0,DEV-10792,0.3333333333333333,7,23
BP-793,SYN-10793,5400.0,2700.0,DEV-10793,0.3333333333333333,7,23
BP-794,SYN-10794,3200.0,1600.0,DEV-10794,0.3333333333333333,7,23
BP-795,SYN-10795,2400.0,1200.0,DEV-10795,0.3333333333333333,7,23
BP-796,SYN-10796,1200.0,600.0,DEV-10796,0.3333333333333333,7,23
BP-797,SYN-10797,2600.0,1300.0,DEV-10797,0.3333333333333333,7,23
BP-798,SYN-10798,4200.0,2100.0,DEV-10798,0.3333333333333333,7,23
BP-799,SYN-10799,1700.0,850.0,DEV-10799,0.3333333333333333,7,23
BP-800,SYN-10800,3100.0,1550.0,DEV-10800,0.3333333333333333,7,23
BP-801,SYN-10801,2100.0,1050.0,DEV-10801,0.3333333333333333,7,23
BP-802,SYN-10802,2200.0,1100.0,DEV-10802,0.3333333333333333,7,23
BP-803,SYN-10803,5200.0,2600.0,DEV-10803,0.3333333333333333,7,23
BP-804,SYN-10804,1300.0,650.0,DEV-10804,0.3333333333333333,7,23
BP-805,SYN-10805,1600.0,800.0,DEV-10805,0.3333333333333333,7,23
BP-806,SYN-10806,5600.0,2800.0,DEV-10806,0.3333333333333333,7,23
BP-807,SYN-10807,3300.0,1650.0,DEV-10807,0.3333333333333333,7,23
BP-808,SYN-10808,3000.0,1500.0,DEV-10808,0.3333333333333333,7,23
BP-809,SYN-10809,1600.0,800.0,DEV-10809,0.3333333333333333,7,23
BP-810,SYN-10810,1400.0,700.0,DEV-10810,0.3333333333333333,7,23
BP-811,SYN-10811,2100.0,1050.0,DEV-10811,0.3333333333333333,7,23
BP-812,SYN-10812,5900.0,2950.0,DEV-10812,0.3333333333333333,7,23
BP-813,SYN-10813,4800.0,2400.0,DEV-10813,0.3333333333333333,7,23
BP-814,SYN-10814,5000.0,2500.0,DEV-10814,0.3333333333333333,7,23
BP-815,SYN-10815,1600.0,800.0,DEV-10815,0.3333333333333333,7,23
BP-816,SYN-10816,3700.0,1850.0,DEV-10816,0.3333333333333333,7,23
BP-817,SYN-10817,4900.0,2450.0,DEV-10817,0.3333333333333333,7,23
BP-818,SYN-10818,4400.0,2200.0,DEV-10818,0.3333333333333333,7,23
BP-819,SYN-10819,5700.0,2850.0,DEV-10819,0.3333333333333333,7,23
BP-820,SYN-10820,1000.0,500.0,DEV-10820,0.3333333333333333,7,23
BP-821,SYN-10821,3500.0,1750.0,DEV-10821,0.3333333333333333,7,23
BP-822,SYN-10822,2900.0,1450.0,DEV-10822,0.3333333333333333,7,23
BP-823,SYN-10823,2800.0,1400.0,DEV-10823,0.3333333333333333,7,23
BP-824,SYN-10824,4100.0,2050.0,DEV-10824,0.3333333333333333,7,23
BP-825,SYN-10825,1200.0,600.0,DEV-10825,0.3333333333333333,7,23
BP-826,SYN-10826,1400.0,700.0,DEV-10826,0.3333333333333333,7,23
BP-827,SYN-10827,3200.0,1600.0,DEV-10827,0.3333333333333333,7,23
BP-828,SYN-10828,1400.0,700.0,DEV-10828,0.3333333333333333,7,23
BP-829,SYN-10829,4800.0,2400.0,DEV-10829,0.3333333333333333,7,23
BP-830,SYN-10830,4300.0,2150.0,DEV-10830,0.3333333333333333,7,23
BP-831,SYN-10831,3900.0,1950.0,DEV-10831,0.3333333333333333,7,23
BP-832,SYN-10832,1800.0,900.0,DEV-10832,0.3333333333333333,7,23
BP-833,SYN-10833,4900.0,2450.0,DEV-10833,0.3333333333333333,7,23
BP-834,SYN-10834,5000.0,2500.0,DEV-10834,0.3333333333333333,7,23
BP-835,SYN-10835,3100.0,1550.0,DEV-10835,0.3333333333333333,7,23
BP-836,SYN-10836,1100.0,550.0,DEV-10836,0.3333333333333333,7,23
BP-837,SYN-10837,1500.0,750.0,DEV-10837,0.3333333333333333,7,23
BP-838,SYN-10838,3600.0,1800.0,DEV-10838,0.3333333333333333,7,23
BP-839,SYN-10839,3200.0,1600.0,DEV-10839,0.3333333333333333,7,23
BP-840,SYN-10840,1000.0,500.0,DEV-10840,0.3333333333333333,7,23
BP-841,SYN-10841,1600.0,800.0,DEV-10841,0.3333333333333333,7,23
BP-842,SYN-10842,2400.0,1200.0,DEV-10842,0.3333333333333333,7,23
BP-843,SYN-10843,1100.0,550.0,DEV-10843,0.3333333333333333,7,23
BP-844,SYN-10844,2600.0,1300.0,DEV-10844,0.3333333333333333,7,23
BP-845,SYN-10845,2700.0,1350.0,DEV-10845,0.3333333333333333,7,23
BP-846,SYN-10846,2200.0,1100.0,DEV-10846,0.3333333333333333,7,23
BP-847,SYN-10847,2100.0,1050.0,DEV-10847,0.3333333333333333,7,23
BP-848,SYN-10848,1800.0,900.0,DEV-10848,0.3333333333333333,7,23
BP-849,SYN-10849,1000.0,500.0,DEV-10849,0.3333333333333333,7,23
BP-850,SYN-10850,6000.0,3000.0,DEV-10850,0.3333333333333333,7,23
BP-851,SYN-10851,1400.0,700.0,DEV-10851,0.3333333333333333,7,23
BP-852,SYN-10852,4200.0,2100.0,DEV-10852,0.3333333333333333,7,23
BP-853,SYN-10853,3200.0,1600.0,DEV-10853,0.3333333333333333,7,23
BP-854,SYN-10854,1200.0,600.0,DEV-10854,0.3333333333333333,7,23
BP-855,SYN-10855,1400.0,700.0,DEV-10855,0.3333333333333333,7,23
BP-856,SYN-10856,3900.0,1950.0,DEV-10856,0.3333333333333333,7,23
BP-857,SYN-10857,1900.0,950.0,DEV-10857,0.3333333333333333,7,23
BP-858,SYN-10858,5300.0,2650.0,DEV-10858,0.3333333333333333,7,23
BP-859,SYN-10859,1700.0,850.0,DEV-10859,0.3333333333333333,7,23
BP-860,SYN-10860,3000.0,1500.0,DEV-10860,0.3333333333333333,7,23
BP-861,SYN-10861,5900.0,2950.0,DEV-10861,0.3333333333333333,7,23
BP-862,SYN-10862,1500.0,750.0,DEV-10862,0.3333333333333333,7,23
BP-863,SYN-10863,2000.0,1000.0,DEV-10863,0.3333333333333333,7,23
BP-864,SYN-10864,4700.0,2350.0,DEV-10864,0.3333333333333333,7,23
BP-865,SYN-10865,3500.0,1750.0,DEV-10865,0.3333333333333333,7,23
BP-866,SYN-10866,5200.0,2600.0,DEV-10866,0.3333333333333333,7,23
BP-867,SYN-10867,1900.0,950.0,DEV-10867,0.3333333333333333,7,23
BP-868,SYN-10868,1300.0,650.0,DEV-10868,0.3333333333333333,7,23
BP-869,SYN-10869,5500.0,2750.0,DEV-10869,0.3333333333333333,7,23
BP-870,SYN-10870,2100.0,1050.0,DEV-10870,0.3333333333333333,7,23
BP-871,SYN-10871,3600.0,1800.0,DEV-10871,0.3333333333333333,7,23
BP-872,SYN-10872,2300.0,1150.0,DEV-10872,0.3333333333333333,7,23
BP-873,SYN-10873,5100.0,2550.0,DEV-10873,0.3333333333333333,7,23
BP-874,SYN-10874,3200.0,1600.0,DEV-10874,0.3333333333333333,7,23
BP-875,SYN-10875,4300.0,2150.0,DEV-10875,0.3333333333333333,7,23
BP-876,SYN-10876,5800.0,2900.0,DEV-10876,0.3333333333333333,7,23
BP-877,SYN-10877,5800.0,2900.0,DEV-10877,0.3333333333333333,7,23
BP-878,SYN-10878,2500.0,1250.0,DEV-10878,0.3333333333333333,7,23
BP-879,SYN-10879,1700.0,850.0,DEV-10879,0.3333333333333333,7,23
BP-880,SYN-10880,2100.0,1050.0,DEV-10880,0.3333333333333333,7,23
BP-881,SYN-10881,2900.0,1450.0,DEV-10881,0.3333333333333333,7,23
BP-882,SYN-10882,3800.0,1900.0,DEV-10882,0.3333333333333333,7,23
BP-883,SYN-10883,4100.0,2050.0,DEV-10883,0.3333333333333333,7,23
BP-884,SYN-10884,3200.0,1600.0,DEV-10884,0.3333333333333333,7,23
BP-885,SYN-10885,2400.0,1200.0,DEV-10885,0.3333333333333333,7,23
BP-886,SYN-10886,1100.0,550.0,DEV-10886,0.3333333333333333,7,23
BP-887,SYN-10887,2100.0,1050.0,DEV-10887,0.3333333333333333,7,23
BP-888,SYN-10888,2600.0,1300.0,DEV-10888,0.3333333333333333,7,23
BP-889,SYN-10889,1800.0,900.0,DEV-10889,0.3333333333333333,7,23
BP-890,SYN-10890,4200.0,2100.0,DEV-10890,0.3333333333333333,7,23
BP-891,SYN-10891,5700.0,2850.0,DEV-10891,0.3333333333333333,7,23
BP-892,SYN-10892,2600.0,1300.0,DEV-10892,0.3333333333333333,7,23
BP-893,SYN-10893,5300.0,2650.0,DEV-10893,0.3333333333333333,7,23
BP-894,SYN-10894,2700.0,1350.0,DEV-10894,0.3333333333333333,7,23
BP-895,SYN-10895,4800.0,2400.0,DEV-10895,0.3333333333333333,7,23
BP-896,SYN-10896,1700.0,850.0,DEV-10896,0.3333333333333333,7,23
BP-897,SYN-10897,1000.0,500.0,DEV-10897,0.3333333333333333,7,23
BP-898,SYN-10898,4700.0,2350.0,DEV-10898,0.3333333333333333,7,23
BP-899,SYN-10899,2900.0,1450.0,DEV-10899,0.3333333333333333,7,23
BP-900,SYN-10900,1400.0,700.0,DEV-10900,0.3333333333333333,7,23
BP-901,SYN-10901,1900.0,950.0,DEV-10901,0.3333333333333333,7,23
BP-902,SYN-10902,2500.0,1250.0,DEV-10902,0.3333333333333333,7,23
BP-903,SYN-10903,4100.0,2050.0,DEV-10903,0.3333333333333333,7,23
BP-904,SYN-10904,3300.0,1650.0,DEV-10904,0.3333333333333333,7,23
BP-905,SYN-10905,1000.0,500.0,DEV-10905,0.3333333333333333,7,23
BP-906,SYN-10906,5700.0,2850.0,DEV-10906,0.3333333333333333,7,23
BP-907,SYN-10907,5800.0,2900.0,DEV-10907,0.3333333333333333,7,23
BP-908,SYN-10908,1500.0,750.0,DEV-10908,0.3333333333333333,7,23
BP-909,SYN-10909,3700.0,1850.0,DEV-10909,0.3333333333333333,7,23
BP-910,SYN-10910,3900.0,1950.0,DEV-10910,0.3333333333333333,7,23
BP-911,SYN-10911,1100.0,550.0,DEV-10911,0.3333333333333333,7,23
BP-912,SYN-10912,3300.0,1650.0,DEV-10912,0.3333333333333333,7,23
BP-913,SYN-10913,2600.0,1300.0,DEV-10913,0.3333333333333333,7,23
BP-914,SYN-10914,2000.0,1000.0,DEV-10914,0.3333333333333333,7,23
BP-915,SYN-10915,3800.0,1900.0,DEV-10915,0.3333333333333333,7,23
BP-916,SYN-10916,3000.0,1500.0,DEV-10916,0.3333333333333333,7,23
BP-917,SYN-10917,4000.0,2000.0,DEV-10917,0.3333333333333333,7,23
BP-918,SYN-10918,3800.0,1900.0,DEV-10918,0.3333333333333333,7,23
BP-919,SYN-10919,4900.0,2450.0,DEV-10919,0.3333333333333333,7,23
BP-920,SYN-10920,3600.0,1800.0,DEV-10920,0.3333333333333333,7,23
BP-921,SYN-10921,2200.0,1100.0,DEV-10921,0.3333333333333333,7,23
BP-922,SYN-10922,3400.0,1700.0,DEV-10922,0.3333333333333333,7,23
BP-923,SYN-10923,3900.0,1950.0,DEV-10923,0.3333333333333333,7,23
BP-924,SYN-10924,4500.0,2250.0,DEV-10924,0.3333333333333333,7,23
BP-925,SYN-10925,3700.0,1850.0,DEV-10925,0.3333333333333333,7,23
BP-926,SYN-10926,3600.0,1800.0,DEV-10926,0.3333333333333333,7,23
BP-927,SYN-10927,3600.0,1800.0,DEV-10927,0.3333333333333333,7,23
BP-928,SYN-10928,2200.0,1100.0,DEV-10928,0.3333333333333333,7,23
BP-929,SYN-10929,3500.0,1750.0,DEV-10929,0.3333333333333333,7,23
BP-930,SYN-10930,2600.0,1300.0,DEV-10930,0.3333333333333333,7,23
BP-931,SYN-10931,3000.0,1500.0,DEV-10931,0.3333333333333333,7,23
BP-932,SYN-10932,1500.0,750.0,DEV-10932,0.3333333333333333,7,23
BP-933,SYN-10933,1000.0,500.0,DEV-10933,0.3333333333333333,7,23
BP-934,SYN-10934,4700.0,2350.0,DEV-10934,0.3333333333333333,7,23
BP-935,SYN-10935,1900.0,950.0,DEV-10935,0.3333333333333333,7,23
BP-936,SYN-10936,1400.0,700.0,DEV-10936,0.3333333333333333,7,23
BP-937,SYN-10937,4300.0,2150.0,DEV-10937,0.3333333333333333,7,23
BP-938,SYN-10938,4900.0,2450.0,DEV-10938,0.3333333333333333,7,23
BP-939,SYN-10939,1300.0,650.0,DEV-10939,0.3333333333333333,7,23
BP-940,SYN-10940,4300.0,2150.0,DEV-10940,0.3333333333333333,7,23
BP-941,SYN-10941,4300.0,2150.0,DEV-10941,0.3333333333333333,7,23
BP-942,SYN-10942,6000.0,3000.0,DEV-10942,0.3333333333333333,7,23
BP-943,SYN-10943,3000.0,1500.0,DEV-10943,0.3333333333333333,7,23
BP-944,SYN-10944,5400.0,2700.0,DEV-10944,0.3333333333333333,7,23
BP-945,SYN-10945,4000.0,2000.0,DEV-10945,0.3333333333333333,7,23
BP-946,SYN-10946,1700.0,850.0,DEV-10946,0.3333333333333333,7,23
BP-947,SYN-10947,5400.0,2700.0,DEV-10947,0.3333333333333333,7,23
BP-948,SYN-10948,4100.0,2050.0,DEV-10948,0.3333333333333333,7,23
BP-949,SYN-10949,6000.0,3000.0,DEV-10949,0.3333333333333333,7,23
BP-950,SYN-10950,3700.0,1850.0,DEV-10950,0.3333333333333333,7,23
BP-951,SYN-10951,2400.0,1200.0,DEV-10951,0.3333333333333333,7,23
BP-952,SYN-10952,5100.0,2550.0,DEV-10952,0.3333333333333333,7,23
BP-953,SYN-10953,1700.0,850.0,DEV-10953,0.3333333333333333,7,23
BP-954,SYN-10954,2000.0,1000.0,DEV-10954,0.3333333333333333,7,23
BP-955,SYN-10955,3700.0,1850.0,DEV-10955,0.3333333333333333,7,23
BP-956,SYN-10956,2400.0,1200.0,DEV-10956,0.3333333333333333,7,23
BP-957,SYN-10957,4600.0,2300.0,DEV-10957,0.3333333333333333,7,23
BP-958,SYN-10958,4000.0,2000.0,DEV-10958,0.3333333333333333,7,23
BP-959,SYN-10959,5800.0,2900.0,DEV-10959,0.3333333333333333,7,23
BP-960,SYN-10960,2800.0,1400.0,DEV-10960,0.3333333333333333,7,23
BP-961,SYN-10961,1600.0,800.0,DEV-10961,0.3333333333333333,7,23
BP-962,SYN-10962,2700.0,1350.0,DEV-10962,0.3333333333333333,7,23
BP-963,SYN-10963,4200.0,2100.0,DEV-10963,0.3333333333333333,7,23
BP-964,SYN-10964,2600.0,1300.0,DEV-10964,0.3333333333333333,7,23
BP-965,SYN-10965,4000.0,2000.0,DEV-10965,0.3333333333333333,7,23
BP-966,SYN-10966,5300.0,2650.0,DEV-10966,0.3333333333333333,7,23
BP-967,SYN-10967,5800.0,2900.0,DEV-10967,0.3333333333333333,7,23
BP-968,SYN-10968,5600.0,2800.0,DEV-10968,0.3333333333333333,7,23
BP-969,SYN-10969,1400.0,700.0,DEV-10969,0.3333333333333333,7,23
BP-970,SYN-10970,3600.0,1800.0,DEV-10970,0.3333333333333333,7,23
BP-971,SYN-10971,1600.0,800.0,DEV-10971,0.3333333333333333,7,23
BP-972,SYN-10972,5600.0,2800.0,DEV-10972,0.3333333333333333,7,23
BP-973,SYN-10973,4500.0,2250.0,DEV-10973,0.3333333333333333,7,23
BP-974,SYN-10974,3800.0,1900.0,DEV-10974,0.3333333333333333,7,23
BP-975,SYN-10975,2600.0,1300.0,DEV-10975,0.3333333333333333,7,23
BP-976,SYN-10976,5300.0,2650.0,DEV-10976,0.3333333333333333,7,23
BP-977,SYN-10977,4900.0,2450.0,DEV-10977,0.3333333333333333,7,23
BP-978,SYN-10978,4600.0,2300.0,DEV-10978,0.3333333333333333,7,23
BP-979,SYN-10979,1900.0,950.0,DEV-10979,0.3333333333333333,7,23
BP-980,SYN-10980,1600.0,800.0,DEV-10980,0.3333333333333333,7,23
BP-981,SYN-10981,2000.0,1000.0,DEV-10981,0.3333333333333333,7,23
BP-982,SYN-10982,3000.0,1500.0,DEV-10982,0.3333333333333333,7,23
BP-983,SYN-10983,5300.0,2650.0,DEV-10983,0.3333333333333333,7,23
BP-984,SYN-10984,1600.0,800.0,DEV-10984,0.3333333333333333,7,23
BP-985,SYN-10985,5200.0,2600.0,DEV-10985,0.3333333333333333,7,23
BP-986,SYN-10986,2300.0,1150.0,DEV-10986,0.3333333333333333,7,23
BP-987,SYN-10987,1400.0,700.0,DEV-10987,0.3333333333333333,7,23
BP-988,SYN-10988,3000.0,1500.0,DEV-10988,0.3333333333333333,7,23
BP-989,SYN-10989,5100.0,2550.0,DEV-10989,0.3333333333333333,7,23
BP-990,SYN-10990,1400.0,700.0,DEV-10990,0.3333333333333333,7,23
BP-991,SYN-10991,1900.0,950.0,DEV-10991,0.3333333333333333,7,23
BP-992,SYN-10992,4000.0,2000.0,DEV-10992,0.3333333333333333,7,23
BP-993,SYN-10993,3800.0,1900.0,DEV-10993,0.3333333333333333,7,23
BP-994,SYN-10994,4600.0,2300.0,DEV-10994,0.3333333333333333,7,23
BP-995,SYN-10995,3600.0,1800.0,DEV-10995,0.3333333333333333,7,23
BP-996,SYN-10996,3500.0,1750.0,DEV-10996,0.3333333333333333,7,23
BP-997,SYN-10997,5500.0,2750.0,DEV-10997,0.3333333333333333,7,23
BP-998,SYN-10998,4200.0,2100.0,DEV-10998,0.3333333333333333,7,23
BP-999,SYN-10999,3100.0,1550.0,DEV-10999,0.3333333333333333,7,23
BP-1000,SYN-11000,4900.0,2450.0,DEV-11000,0.3333333333333333,7,23
BP-1001,SYN-11001,2600.0,1300.0,DEV-11001,0.3333333333333333,7,23
BP-1002,SYN-11002,1000.0,500.0,DEV-11002,0.3333333333333333,7,23
BP-1003,SYN-11003,6000.0,3000.0,DEV-11003,0.3333333333333333,7,23
BP-1004,SYN-11004,4300.0,2150.0,DEV-11004,0.3333333333333333,7,23
BP-1005,SYN-11005,1700.0,850.0,DEV-11005,0.3333333333333333,7,23
BP-1006,SYN-11006,3900.0,1950.0,DEV-11006,0.3333333333333333,7,23
BP-1007,SYN-11007,3500.0,1750.0,DEV-11007,0.3333333333333333,7,23
BP-1008,SYN-11008,4700.0,2350.0,DEV-11008,0.3333333333333333,7,23
BP-1009,SYN-11009,5300.0,2650.0,DEV-11009,0.3333333333333333,7,23
BP-1010,SYN-11010,4900.0,2450.0,DEV-11010,0.3333333333333333,7,23
BP-1011,SYN-11011,1100.0,550.0,DEV-11011,0.3333333333333333,7,23
BP-1012,SYN-11012,2100.0,1050.0,DEV-11012,0.3333333333333333,7,23
BP-1013,SYN-11013,3300.0,1650.0,DEV-11013,0.3333333333333333,7,23
BP-1014,SYN-11014,5700.0,2850.0,DEV-11014,0.3333333333333333,7,23
BP-1015,SYN-11015,1300.0,650.0,DEV-11015,0.3333333333333333,7,23
BP-1016,SYN-11016,5800.0,2900.0,DEV-11016,0.3333333333333333,7,23
BP-1017,SYN-11017,3100.0,1550.0,DEV-11017,0.3333333333333333,7,23
BP-1018,SYN-11018,4100.0,2050.0,DEV-11018,0.3333333333333333,7,23
BP-1019,SYN-11019,2700.0,1350.0,DEV-11019,0.3333333333333333,7,23
BP-1020,SYN-11020,1700.0,850.0,DEV-11020,0.3333333333333333,7,23
BP-1021,SYN-11021,4400.0,2200.0,DEV-11021,0.3333333333333333,7,23
BP-1022,SYN-11022,1000.0,500.0,DEV-11022,0.3333333333333333,7,23
BP-1023,SYN-11023,2500.0,1250.0,DEV-11023,0.3333333333333333,7,23
BP-1024,SYN-11024,1800.0,900.0,DEV-11024,0.3333333333333333,7,23
BP-1025,SYN-11025,5800.0,2900.0,DEV-11025,0.3333333333333333,7,23
BP-1026,SYN-11026,5300.0,2650.0,DEV-11026,0.3333333333333333,7,23
BP-1027,SYN-11027,1500.0,750.0,DEV-11027,0.3333333333333333,7,23
BP-1028,SYN-11028,2800.0,1400.0,DEV-11028,0.3333333333333333,7,23
BP-1029,SYN-11029,4900.0,2450.0,DEV-11029,0.3333333333333333,7,23
BP-1030,SYN-11030,4700.0,2350.0,DEV-11030,0.3333333333333333,7,23
BP-1031,SYN-11031,3400.0,1700.0,DEV-11031,0.3333333333333333,7,23
BP-1032,SYN-11032,2100.0,1050.0,DEV-11032,0.3333333333333333,7,23
BP-1033,SYN-11033,4000.0,2000.0,DEV-11033,0.3333333333333333,7,23
BP-1034,SYN-11034,1000.0,500.0,DEV-11034,0.3333333333333333,7,23
BP-1035,SYN-11035,4400.0,2200.0,DEV-11035,0.3333333333333333,7,23
BP-1036,SYN-11036,3600.0,1800.0,DEV-11036,0.3333333333333333,7,23
BP-1037,SYN-11037,1500.0,750.0,DEV-11037,0.3333333333333333,7,23
BP-1038,SYN-11038,4600.0,2300.0,DEV-11038,0.3333333333333333,7,23
BP-1039,SYN-11039,1400.0,700.0,DEV-11039,0.3333333333333333,7,23
BP-1040,SYN-11040,1100.0,550.0,DEV-11040,0.3333333333333333,7,23
BP-1041,SYN-11041,5100.0,2550.0,DEV-11041,0.3333333333333333,7,23
BP-1042,SYN-11042,1400.0,700.0,DEV-11042,0.3333333333333333,7,23
BP-1043,SYN-11043,2500.0,1250.0,DEV-11043,0.3333333333333333,7,23
BP-1044,SYN-11044,5700.0,2850.0,DEV-11044,0.3333333333333333,7,23
BP-1045,SYN-11045,5900.0,2950.0,DEV-11045,0.3333333333333333,7,23
BP-1046,SYN-11046,5700.0,2850.0,DEV-11046,0.3333333333333333,7,23
BP-1047,SYN-11047,1600.0,800.0,DEV-11047,0.3333333333333333,7,23
BP-1048,SYN-11048,2800.0,1400.0,DEV-11048,0.3333333333333333,7,23
BP-1049,SYN-11049,1300.0,650.0,DEV-11049,0.3333333333333333,7,23
BP-1050,SYN-11050,5400.0,2700.0,DEV-11050,0.3333333333333333,7,23
BP-1051,SYN-11051,4200.0,2100.0,DEV-11051,0.3333333333333333,7,23
BP-1052,SYN-11052,5100.0,2550.0,DEV-11052,0.3333333333333333,7,23
BP-1053,SYN-11053,4100.0,2050.0,DEV-11053,0.3333333333333333,7,23
BP-1054,SYN-11054,6000.0,3000.0,DEV-11054,0.3333333333333333,7,23
BP-1055,SYN-11055,1700.0,850.0,DEV-11055,0.3333333333333333,7,23
BP-1056,SYN-11056,1600.0,800.0,DEV-11056,0.3333333333333333,7,23
BP-1057,SYN-11057,6000.0,3000.0,DEV-11057,0.3333333333333333,7,23
BP-1058,SYN-11058,5700.0,2850.0,DEV-11058,0.3333333333333333,7,23
BP-1059,SYN-11059,5300.0,2650.0,DEV-11059,0.3333333333333333,7,23
BP-1060,SYN-11060,3200.0,1600.0,DEV-11060,0.3333333333333333,7,23
BP-1061,SYN-11061,5500.0,2750.0,DEV-11061,0.3333333333333333,7,23
BP-1062,SYN-11062,4900.0,2450.0,DEV-11062,0.3333333333333333,7,23
BP-1063,SYN-11063,5700.0,2850.0,DEV-11063,0.3333333333333333,7,23
BP-1064,SYN-11064,4400.0,2200.0,DEV-11064,0.3333333333333333,7,23
BP-1065,SYN-11065,2200.0,1100.0,DEV-11065,0.3333333333333333,7,23
BP-1066,SYN-11066,5100.0,2550.0,DEV-11066,0.3333333333333333,7,23
BP-1067,SYN-11067,1700.0,850.0,DEV-11067,0.3333333333333333,7,23
BP-1068,SYN-11068,5500.0,2750.0,DEV-11068,0.3333333333333333,7,23
BP-1069,SYN-11069,3100.0,1550.0,DEV-11069,0.3333333333333333,7,23
BP-1070,SYN-11070,1600.0,800.0,DEV-11070,0.3333333333333333,7,23
BP-1071,SYN-11071,2300.0,1150.0,DEV-11071,0.3333333333333333,7,23
BP-1072,SYN-11072,4400.0,2200.0,DEV-11072,0.3333333333333333,7,23
BP-1073,SYN-11073,5300.0,2650.0,DEV-11073,0.3333333333333333,7,23
BP-1074,SYN-11074,1300.0,650.0,DEV-11074,0.3333333333333333,7,23
BP-1075,SYN-11075,2700.0,1350.0,DEV-11075,0.3333333333333333,7,23
BP-1076,SYN-11076,1900.0,950.0,DEV-11076,0.3333333333333333,7,23
BP-1077,SYN-11077,2500.0,1250.0,DEV-11077,0.3333333333333333,7,23
BP-1078,SYN-11078,2000.0,1000.0,DEV-11078,0.3333333333333333,7,23
BP-1079,SYN-11079,3700.0,1850.0,DEV-11079,0.3333333333333333,7,23
BP-1080,SYN-11080,5400.0,2700.0,DEV-11080,0.3333333333333333,7,23
BP-1081,SYN-11081,4500.0,2250.0,DEV-11081,0.3333333333333333,7,23
BP-1082,SYN-11082,4900.0,2450.0,DEV-11082,0.3333333333333333,7,23
BP-1083,SYN-11083,3100.0,1550.0,DEV-11083,0.3333333333333333,7,23
BP-1084,SYN-11084,5500.0,2750.0,DEV-11084,0.3333333333333333,7,23
BP-1085,SYN-11085,1400.0,700.0,DEV-11085,0.3333333333333333,7,23
BP-1086,SYN-11086,5700.0,2850.0,DEV-11086,0.3333333333333333,7,23
BP-1087,SYN-11087,5800.0,2900.0,DEV-11087,0.3333333333333333,7,23
BP-1088,SYN-11088,2900.0,1450.0,DEV-11088,0.3333333333333333,7,23
BP-1089,SYN-11089,5600.0,2800.0,DEV-11089,0.3333333333333333,7,23
BP-1090,SYN-11090,3500.0,1750.0,DEV-11090,0.3333333333333333,7,23
BP-1091,SYN-11091,2600.0,1300.0,DEV-11091,0.3333333333333333,7,23
BP-1092,SYN-11092,2500.0,1250.0,DEV-11092,0.3333333333333333,7,23
BP-1093,SYN-11093,1700.0,850.0,DEV-11093,0.3333333333333333,7,23
BP-1094,SYN-11094,1700.0,850.0,DEV-11094,0.3333333333333333,7,23
BP-1095,SYN-11095,1300.0,650.0,DEV-11095,0.3333333333333333,7,23
BP-1096,SYN-11096,5800.0,2900.0,DEV-11096,0.3333333333333333,7,23
BP-1097,SYN-11097,4900.0,2450.0,DEV-11097,0.3333333333333333,7,23
BP-1098,SYN-11098,4500.0,2250.0,DEV-11098,0.3333333333333333,7,23
BP-1099,SYN-11099,4100.0,2050.0,DEV-11099,0.3333333333333333,7,23
BP-1100,SYN-11100,4100.0,2050.0,DEV-11100,0.3333333333333333,7,23
BP-1101,SYN-11101,6000.0,3000.0,DEV-11101,0.3333333333333333,7,23
BP-1102,SYN-11102,2900.0,1450.0,DEV-11102,0.3333333333333333,7,23
BP-1103,SYN-11103,1400.0,700.0,DEV-11103,0.3333333333333333,7,23
BP-1104,SYN-11104,3300.0,1650.0,DEV-11104,0.3333333333333333,7,23
BP-1105,SYN-11105,2500.0,1250.0,DEV-11105,0.3333333333333333,7,23
BP-1106,SYN-11106,2800.0,1400.0,DEV-11106,0.3333333333333333,7,23
BP-1107,SYN-11107,2600.0,1300.0,DEV-11107,0.3333333333333333,7,23
BP-1108,SYN-11108,3300.0,1650.0,DEV-11108,0.3333333333333333,7,23
BP-1109,SYN-11109,2700.0,1350.0,DEV-11109,0.3333333333333333,7,23
BP-1110,SYN-11110,2800.0,1400.0,DEV-11110,0.3333333333333333,7,23
BP-1111,SYN-11111,4700.0,2350.0,DEV-11111,0.3333333333333333,7,23
BP-1112,SYN-11112,3100.0,1550.0,DEV-11112,0.3333333333333333,7,23
BP-1113,SYN-11113,2800.0,1400.0,DEV-11113,0.3333333333333333,7,23
BP-1114,SYN-11114,4000.0,2000.0,DEV-11114,0.3333333333333333,7,23
BP-1115,SYN-11115,5600.0,2800.0,DEV-11115,0.3333333333333333,7,23
BP-1116,SYN-11116,4200.0,2100.0,DEV-11116,0.3333333333333333,7,23
BP-1117,SYN-11117,4800.0,2400.0,DEV-11117,0.3333333333333333,7,23
BP-1118,SYN-11118,5800.0,2900.0,DEV-11118,0.3333333333333333,7,23
BP-1119,SYN-11119,2100.0,1050.0,DEV-11119,0.3333333333333333,7,23
BP-1120,SYN-11120,4500.0,2250.0,DEV-11120,0.3333333333333333,7,23
BP-1121,SYN-11121,2400.0,1200.0,DEV-11121,0.3333333333333333,7,23
BP-1122,SYN-11122,4300.0,2150.0,DEV-11122,0.3333333333333333,7,23
BP-1123,SYN-11123,2100.0,1050.0,DEV-11123,0.3333333333333333,7,23
BP-1124,SYN-11124,5400.0,2700.0,DEV-11124,0.3333333333333333,7,23
BP-1125,SYN-11125,1300.0,650.0,DEV-11125,0.3333333333333333,7,23
BP-1126,SYN-11126,1700.0,850.0,DEV-11126,0.3333333333333333,7,23
BP-1127,SYN-11127,3300.0,1650.0,DEV-11127,0.3333333333333333,7,23
BP-1128,SYN-11128,1600.0,800.0,DEV-11128,0.3333333333333333,7,23
BP-1129,SYN-11129,3600.0,1800.0,DEV-11129,0.3333333333333333,7,23
BP-1130,SYN-11130,3600.0,1800.0,DEV-11130,0.3333333333333333,7,23
BP-1131,SYN-11131,3100.0,1550.0,DEV-11131,0.3333333333333333,7,23
BP-1132,SYN-11132,5300.0,2650.0,DEV-11132,0.3333333333333333,7,23
BP-1133,SYN-11133,4000.0,2000.0,DEV-11133,0.3333333333333333,7,23
BP-1134,SYN-11134,3800.0,1900.0,DEV-11134,0.3333333333333333,7,23
BP-1135,SYN-11135,2700.0,1350.0,DEV-11135,0.3333333333333333,7,23
BP-1136,SYN-11136,2600.0,1300.0,DEV-11136,0.3333333333333333,7,23
BP-1137,SYN-11137,3100.0,1550.0,DEV-11137,0.3333333333333333,7,23
BP-1138,SYN-11138,5900.0,2950.0,DEV-11138,0.3333333333333333,7,23
BP-1139,SYN-11139,1700.0,850.0,DEV-11139,0.3333333333333333,7,23
BP-1140,SYN-11140,3400.0,1700.0,DEV-11140,0.3333333333333333,7,23
BP-1141,SYN-11141,4900.0,2450.0,DEV-11141,0.3333333333333333,7,23
BP-1142,SYN-11142,1400.0,700.0,DEV-11142,0.3333333333333333,7,23
BP-1143,SYN-11143,1500.0,750.0,DEV-11143,0.3333333333333333,7,23
BP-1144,SYN-11144,1700.0,850.0,DEV-11144,0.3333333333333333,7,23
BP-1145,SYN-11145,4300.0,2150.0,DEV-11145,0.3333333333333333,7,23
BP-1146,SYN-11146,4400.0,2200.0,DEV-11146,0.3333333333333333,7,23
BP-1147,SYN-11147,1200.0,600.0,DEV-11147,0.3333333333333333,7,23
BP-1148,SYN-11148,2900.0,1450.0,DEV-11148,0.3333333333333333,7,23
BP-1149,SYN-11149,2300.0,1150.0,DEV-11149,0.3333333333333333,7,23
BP-1150,SYN-11150,1500.0,750.0,DEV-11150,0.3333333333333333,7,23
BP-1151,SYN-11151,5400.0,2700.0,DEV-11151,0.3333333333333333,7,23
BP-1152,SYN-11152,3400.0,1700.0,DEV-11152,0.3333333333333333,7,23
BP-1153,SYN-11153,5300.0,2650.0,DEV-11153,0.3333333333333333,7,23
BP-1154,SYN-11154,3700.0,1850.0,DEV-11154,0.3333333333333333,7,23
BP-1155,SYN-11155,1300.0,650.0,DEV-11155,0.3333333333333333,7,23
BP-1156,SYN-11156,2900.0,1450.0,DEV-11156,0.3333333333333333,7,23
BP-1157,SYN-11157,4600.0,2300.0,DEV-11157,0.3333333333333333,7,23
BP-1158,SYN-11158,4700.0,2350.0,DEV-11158,0.3333333333333333,7,23
BP-1159,SYN-11159,6000.0,3000.0,DEV-11159,0.3333333333333333,7,23
BP-1160,SYN-11160,3100.0,1550.0,DEV-11160,0.3333333333333333,7,23
BP-1161,SYN-11161,4300.0,2150.0,DEV-11161,0.3333333333333333,7,23
BP-1162,SYN-11162,2500.0,1250.0,DEV-11162,0.3333333333333333,7,23
BP-1163,SYN-11163,3200.0,1600.0,DEV-11163,0.3333333333333333,7,23
BP-1164,SYN-11164,1200.0,600.0,DEV-11164,0.3333333333333333,7,23
BP-1165,SYN-11165,4300.0,2150.0,DEV-11165,0.3333333333333333,7,23
BP-1166,SYN-11166,3800.0,1900.0,DEV-11166,0.3333333333333333,7,23
BP-1167,SYN-11167,4500.0,2250.0,DEV-11167,0.3333333333333333,7,23
BP-1168,SYN-11168,2200.0,1100.0,DEV-11168,0.3333333333333333,7,23
BP-1169,SYN-11169,4500.0,2250.0,DEV-11169,0.3333333333333333,7,23
BP-1170,SYN-11170,4800.0,2400.0,DEV-11170,0.3333333333333333,7,23
BP-1171,SYN-11171,1900.0,950.0,DEV-11171,0.3333333333333333,7,23
BP-1172,SYN-11172,3400.0,1700.0,DEV-11172,0.3333333333333333,7,23
BP-1173,SYN-11173,1100.0,550.0,DEV-11173,0.3333333333333333,7,23
BP-1174,SYN-11174,3700.0,1850.0,DEV-11174,0.3333333333333333,7,23
BP-1175,SYN-11175,4800.0,2400.0,DEV-11175,0.3333333333333333,7,23
BP-1176,SYN-11176,2600.0,1300.0,DEV-11176,0.3333333333333333,7,23
BP-1177,SYN-11177,4900.0,2450.0,DEV-11177,0.3333333333333333,7,23
BP-1178,SYN-11178,3800.0,1900.0,DEV-11178,0.3333333333333333,7,23
BP-1179,SYN-11179,4000.0,2000.0,DEV-11179,0.3333333333333333,7,23
BP-1180,SYN-11180,2500.0,1250.0,DEV-11180,0.3333333333333333,7,23
BP-1181,SYN-11181,3200.0,1600.0,DEV-11181,0.3333333333333333,7,23
BP-1182,SYN-11182,4600.0,2300.0,DEV-11182,0.3333333333333333,7,23
BP-1183,SYN-11183,2000.0,1000.0,DEV-11183,0.3333333333333333,7,23
BP-1184,SYN-11184,5100.0,2550.0,DEV-11184,0.3333333333333333,7,23
BP-1185,SYN-11185,3800.0,1900.0,DEV-11185,0.3333333333333333,7,23
BP-1186,SYN-11186,3300.0,1650.0,DEV-11186,0.3333333333333333,7,23
BP-1187,SYN-11187,2200.0,1100.0,DEV-11187,0.3333333333333333,7,23
BP-1188,SYN-11188,1800.0,900.0,DEV-11188,0.3333333333333333,7,23
BP-1189,SYN-11189,1800.0,900.0,DEV-11189,0.3333333333333333,7,23
BP-1190,SYN-11190,1700.0,850.0,DEV-11190,0.3333333333333333,7,23
BP-1191,SYN-11191,1700.0,850.0,DEV-11191,0.3333333333333333,7,23
BP-1192,SYN-11192,1700.0,850.0,DEV-11192,0.3333333333333333,7,23
BP-1193,SYN-11193,2500.0,1250.0,DEV-11193,0.3333333333333333,7,23
BP-1194,SYN-11194,5900.0,2950.0,DEV-11194,0.3333333333333333,7,23
BP-1195,SYN-11195,1000.0,500.0,DEV-11195,0.3333333333333333,7,23
BP-1196,SYN-11196,5900.0,2950.0,DEV-11196,0.3333333333333333,7,23
BP-1197,SYN-11197,2200.0,1100.0,DEV-11197,0.3333333333333333,7,23
BP-1198,SYN-11198,1300.0,650.0,DEV-11198,0.3333333333333333,7,23
BP-1199,SYN-11199,2700.0,1350.0,DEV-11199,0.3333333333333333,7,23
BP-1200,SYN-11200,5200.0,2600.0,DEV-11200,0.3333333333333333,7,23
BP-1201,SYN-11201,1800.0,900.0,DEV-11201,0.3333333333333333,7,23
BP-1202,SYN-11202,5500.0,2750.0,DEV-11202,0.3333333333333333,7,23
BP-1203,SYN-11203,4700.0,2350.0,DEV-11203,0.3333333333333333,7,23
BP-1204,SYN-11204,4100.0,2050.0,DEV-11204,0.3333333333333333,7,23
BP-1205,SYN-11205,3400.0,1700.0,DEV-11205,0.3333333333333333,7,23
BP-1206,SYN-11206,2000.0,1000.0,DEV-11206,0.3333333333333333,7,23
BP-1207,SYN-11207,2600.0,1300.0,DEV-11207,0.3333333333333333,7,23
BP-1208,SYN-11208,4100.0,2050.0,DEV-11208,0.3333333333333333,7,23
BP-1209,SYN-11209,2900.0,1450.0,DEV-11209,0.3333333333333333,7,23
BP-1210,SYN-11210,3200.0,1600.0,DEV-11210,0.3333333333333333,7,23
BP-1211,SYN-11211,4500.0,2250.0,DEV-11211,0.3333333333333333,7,23
BP-1212,SYN-11212,5100.0,2550.0,DEV-11212,0.3333333333333333,7,23
BP-1213,SYN-11213,1200.0,600.0,DEV-11213,0.3333333333333333,7,23
BP-1214,SYN-11214,1700.0,850.0,DEV-11214,0.3333333333333333,7,23
BP-1215,SYN-11215,5100.0,2550.0,DEV-11215,0.3333333333333333,7,23
BP-1216,SYN-11216,3600.0,1800.0,DEV-11216,0.3333333333333333,7,23
BP-1217,SYN-11217,5700.0,2850.0,DEV-11217,0.3333333333333333,7,23
BP-1218,SYN-11218,2000.0,1000.0,DEV-11218,0.3333333333333333,7,23
BP-1219,SYN-11219,5700.0,2850.0,DEV-11219,0.3333333333333333,7,23
BP-1220,SYN-11220,3300.0,1650.0,DEV-11220,0.3333333333333333,7,23
BP-1221,SYN-11221,3100.0,1550.0,DEV-11221,0.3333333333333333,7,23
BP-1222,SYN-11222,1100.0,550.0,DEV-11222,0.3333333333333333,7,23
BP-1223,SYN-11223,1500.0,750.0,DEV-11223,0.3333333333333333,7,23
BP-1224,SYN-11224,3200.0,1600.0,DEV-11224,0.3333333333333333,7,23
BP-1225,SYN-11225,5200.0,2600.0,DEV-11225,0.3333333333333333,7,23
BP-1226,SYN-11226,1700.0,850.0,DEV-11226,0.3333333333333333,7,23
BP-1227,SYN-11227,5200.0,2600.0,DEV-11227,0.3333333333333333,7,23
BP-1228,SYN-11228,4600.0,2300.0,DEV-11228,0.3333333333333333,7,23
BP-1229,SYN-11229,4900.0,2450.0,DEV-11229,0.3333333333333333,7,23
BP-1230,SYN-11230,5500.0,2750.0,DEV-11230,0.3333333333333333,7,23
BP-1231,SYN-11231,5100.0,2550.0,DEV-11231,0.3333333333333333,7,23
BP-1232,SYN-11232,1000.0,500.0,DEV-11232,0.3333333333333333,7,23
BP-1233,SYN-11233,2100.0,1050.0,DEV-11233,0.3333333333333333,7,23
BP-1234,SYN-11234,4200.0,2100.0,DEV-11234,0.3333333333333333,7,23
BP-1235,SYN-11235,6000.0,3000.0,DEV-11235,0.3333333333333333,7,23
BP-1236,SYN-11236,1400.0,700.0,DEV-11236,0.3333333333333333,7,23
BP-1237,SYN-11237,4000.0,2000.0,DEV-11237,0.3333333333333333,7,23
BP-1238,SYN-11238,1200.0,600.0,DEV-11238,0.3333333333333333,7,23
BP-1239,SYN-11239,5200.0,2600.0,DEV-11239,0.3333333333333333,7,23
BP-1240,SYN-11240,2900.0,1450.0,DEV-11240,0.3333333333333333,7,23
BP-1241,SYN-11241,3100.0,1550.0,DEV-11241,0.3333333333333333,7,23
BP-1242,SYN-11242,6000.0,3000.0,DEV-11242,0.3333333333333333,7,23
BP-1243,SYN-11243,5300.0,2650.0,DEV-11243,0.3333333333333333,7,23
BP-1244,SYN-11244,5800.0,2900.0,DEV-11244,0.3333333333333333,7,23
BP-1245,SYN-11245,3600.0,1800.0,DEV-11245,0.3333333333333333,7,23
BP-1246,SYN-11246,5300.0,2650.0,DEV-11246,0.3333333333333333,7,23
BP-1247,SYN-11247,2600.0,1300.0,DEV-11247,0.3333333333333333,7,23
BP-1248,SYN-11248,4700.0,2350.0,DEV-11248,0.3333333333333333,7,23
BP-1249,SYN-11249,2600.0,1300.0,DEV-11249,0.3333333333333333,7,23
BP-1250,SYN-11250,1300.0,650.0,DEV-11250,0.3333333333333333,7,23
BP-1251,SYN-11251,2900.0,1450.0,DEV-11251,0.3333333333333333,7,23
BP-1252,SYN-11252,5100.0,2550.0,DEV-11252,0.3333333333333333,7,23
BP-1253,SYN-11253,2400.0,1200.0,DEV-11253,0.3333333333333333,7,23
BP-1254,SYN-11254,5100.0,2550.0,DEV-11254,0.3333333333333333,7,23
BP-1255,SYN-11255,1600.0,800.0,DEV-11255,0.3333333333333333,7,23
BP-1256,SYN-11256,1100.0,550.0,DEV-11256,0.3333333333333333,7,23
BP-1257,SYN-11257,5000.0,2500.0,DEV-11257,0.3333333333333333,7,23
BP-1258,SYN-11258,5200.0,2600.0,DEV-11258,0.3333333333333333,7,23
BP-1259,SYN-11259,4400.0,2200.0,DEV-11259,0.3333333333333333,7,23
BP-1260,SYN-11260,3100.0,1550.0,DEV-11260,0.3333333333333333,7,23
BP-1261,SYN-11261,4500.0,2250.0,DEV-11261,0.3333333333333333,7,23
BP-1262,SYN-11262,4300.0,2150.0,DEV-11262,0.3333333333333333,7,23
BP-1263,SYN-11263,1700.0,850.0,DEV-11263,0.3333333333333333,7,23
BP-1264,SYN-11264,2200.0,1100.0,DEV-11264,0.3333333333333333,7,23
BP-1265,SYN-11265,5800.0,2900.0,DEV-11265,0.3333333333333333,7,23
BP-1266,SYN-11266,3500.0,1750.0,DEV-11266,0.3333333333333333,7,23
BP-1267,SYN-11267,1900.0,950.0,DEV-11267,0.3333333333333333,7,23
BP-1268,SYN-11268,3400.0,1700.0,DEV-11268,0.3333333333333333,7,23
BP-1269,SYN-11269,4500.0,2250.0,DEV-11269,0.3333333333333333,7,23
BP-1270,SYN-11270,1000.0,500.0,DEV-11270,0.3333333333333333,7,23
BP-1271,SYN-11271,3300.0,1650.0,DEV-11271,0.3333333333333333,7,23
BP-1272,SYN-11272,3200.0,1600.0,DEV-11272,0.3333333333333333,7,23
BP-1273,SYN-11273,1100.0,550.0,DEV-11273,0.3333333333333333,7,23
BP-1274,SYN-11274,5400.0,2700.0,DEV-11274,0.3333333333333333,7,23
BP-1275,SYN-11275,3700.0,1850.0,DEV-11275,0.3333333333333333,7,23
BP-1276,SYN-11276,2800.0,1400.0,DEV-11276,0.3333333333333333,7,23
BP-1277,SYN-11277,1300.0,650.0,DEV-11277,0.3333333333333333,7,23
BP-1278,SYN-11278,2200.0,1100.0,DEV-11278,0.3333333333333333,7,23
BP-1279,SYN-11279,5000.0,2500.0,DEV-11279,0.3333333333333333,7,23
BP-1280,SYN-11280,1900.0,950.0,DEV-11280,0.3333333333333333,7,23
BP-1281,SYN-11281,3600.0,1800.0,DEV-11281,0.3333333333333333,7,23
BP-1282,SYN-11282,4900.0,2450.0,DEV-11282,0.3333333333333333,7,23
BP-1283,SYN-11283,2600.0,1300.0,DEV-11283,0.3333333333333333,7,23
BP-1284,SYN-11284,3400.0,1700.0,DEV-11284,0.3333333333333333,7,23
BP-1285,SYN-11285,2700.0,1350.0,DEV-11285,0.3333333333333333,7,23
BP-1286,SYN-11286,4300.0,2150.0,DEV-11286,0.3333333333333333,7,23
BP-1287,SYN-11287,2600.0,1300.0,DEV-11287,0.3333333333333333,7,23
BP-1288,SYN-11288,4900.0,2450.0,DEV-11288,0.3333333333333333,7,23
BP-1289,SYN-11289,4700.0,2350.0,DEV-11289,0.3333333333333333,7,23
BP-1290,SYN-11290,1200.0,600.0,DEV-11290,0.3333333333333333,7,23
BP-1291,SYN-11291,4200.0,2100.0,DEV-11291,0.3333333333333333,7,23
BP-1292,SYN-11292,3100.0,1550.0,DEV-11292,0.3333333333333333,7,23
BP-1293,SYN-11293,2700.0,1350.0,DEV-11293,0.3333333333333333,7,23
BP-1294,SYN-11294,1500.0,750.0,DEV-11294,0.3333333333333333,7,23
BP-1295,SYN-11295,3700.0,1850.0,DEV-11295,0.3333333333333333,7,23
BP-1296,SYN-11296,2400.0,1200.0,DEV-11296,0.3333333333333333,7,23
BP-1297,SYN-11297,5800.0,2900.0,DEV-11297,0.3333333333333333,7,23
BP-1298,SYN-11298,2700.0,1350.0,DEV-11298,0.3333333333333333,7,23
BP-1299,SYN-11299,4100.0,2050.0,DEV-11299,0.3333333333333333,7,23
BP-1300,SYN-11300,2300.0,1150.0,DEV-11300,0.3333333333333333,7,23
BP-1301,SYN-11301,3700.0,1850.0,DEV-11301,0.3333333333333333,7,23
BP-1302,SYN-11302,5000.0,2500.0,DEV-11302,0.3333333333333333,7,23
BP-1303,SYN-11303,2100.0,1050.0,DEV-11303,0.3333333333333333,7,23
BP-1304,SYN-11304,6000.0,3000.0,DEV-11304,0.3333333333333333,7,23
BP-1305,SYN-11305,3100.0,1550.0,DEV-11305,0.3333333333333333,7,23
BP-1306,SYN-11306,5400.0,2700.0,DEV-11306,0.3333333333333333,7,23
BP-1307,SYN-11307,1200.0,600.0,DEV-11307,0.3333333333333333,7,23
BP-1308,SYN-11308,2600.0,1300.0,DEV-11308,0.3333333333333333,7,23
BP-1309,SYN-11309,2600.0,1300.0,DEV-11309,0.3333333333333333,7,23
BP-1310,SYN-11310,5000.0,2500.0,DEV-11310,0.3333333333333333,7,23
BP-1311,SYN-11311,5300.0,2650.0,DEV-11311,0.3333333333333333,7,23
BP-1312,SYN-11312,5400.0,2700.0,DEV-11312,0.3333333333333333,7,23
BP-1313,SYN-11313,5100.0,2550.0,DEV-11313,0.3333333333333333,7,23
BP-1314,SYN-11314,6000.0,3000.0,DEV-11314,0.3333333333333333,7,23
BP-1315,SYN-11315,4900.0,2450.0,DEV-11315,0.3333333333333333,7,23
BP-1316,SYN-11316,5700.0,2850.0,DEV-11316,0.3333333333333333,7,23
BP-1317,SYN-11317,3600.0,1800.0,DEV-11317,0.3333333333333333,7,23
BP-1318,SYN-11318,5500.0,2750.0,DEV-11318,0.3333333333333333,7,23
BP-1319,SYN-11319,3900.0,1950.0,DEV-11319,0.3333333333333333,7,23
BP-1320,SYN-11320,5800.0,2900.0,DEV-11320,0.3333333333333333,7,23
BP-1321,SYN-11321,3700.0,1850.0,DEV-11321,0.3333333333333333,7,23
BP-1322,SYN-11322,1600.0,800.0,DEV-11322,0.3333333333333333,7,23
BP-1323,SYN-11323,4100.0,2050.0,DEV-11323,0.3333333333333333,7,23
BP-1324,SYN-11324,4300.0,2150.0,DEV-11324,0.3333333333333333,7,23
BP-1325,SYN-11325,3100.0,1550.0,DEV-11325,0.3333333333333333,7,23
BP-1326,SYN-11326,1100.0,550.0,DEV-11326,0.3333333333333333,7,23
BP-1327,SYN-11327,2200.0,1100.0,DEV-11327,0.3333333333333333,7,23
BP-1328,SYN-11328,5700.0,2850.0,DEV-11328,0.3333333333333333,7,23
BP-1329,SYN-11329,5200.0,2600.0,DEV-11329,0.3333333333333333,7,23
BP-1330,SYN-11330,3700.0,1850.0,DEV-11330,0.3333333333333333,7,23
BP-1331,SYN-11331,2600.0,1300.0,DEV-11331,0.3333333333333333,7,23
BP-1332,SYN-11332,1800.0,900.0,DEV-11332,0.3333333333333333,7,23
BP-1333,SYN-11333,3300.0,1650.0,DEV-11333,0.3333333333333333,7,23
BP-1334,SYN-11334,4300.0,2150.0,DEV-11334,0.3333333333333333,7,23
BP-1335,SYN-11335,4100.0,2050.0,DEV-11335,0.3333333333333333,7,23
BP-1336,SYN-11336,1600.0,800.0,DEV-11336,0.3333333333333333,7,23
BP-1337,SYN-11337,4100.0,2050.0,DEV-11337,0.3333333333333333,7,23
BP-1338,SYN-11338,4600.0,2300.0,DEV-11338,0.3333333333333333,7,23
BP-1339,SYN-11339,5200.0,2600.0,DEV-11339,0.3333333333333333,7,23
BP-1340,SYN-11340,1800.0,900.0,DEV-11340,0.3333333333333333,7,23
BP-1341,SYN-11341,1500.0,750.0,DEV-11341,0.3333333333333333,7,23
BP-1342,SYN-11342,2000.0,1000.0,DEV-11342,0.3333333333333333,7,23
BP-1343,SYN-11343,1200.0,600.0,DEV-11343,0.3333333333333333,7,23
BP-1344,SYN-11344,5700.0,2850.0,DEV-11344,0.3333333333333333,7,23
BP-1345,SYN-11345,2900.0,1450.0,DEV-11345,0.3333333333333333,7,23
BP-1346,SYN-11346,1300.0,650.0,DEV-11346,0.3333333333333333,7,23
BP-1347,SYN-11347,2900.0,1450.0,DEV-11347,0.3333333333333333,7,23
BP-1348,SYN-11348,2500.0,1250.0,DEV-11348,0.3333333333333333,7,23
BP-1349,SYN-11349,1100.0,550.0,DEV-11349,0.3333333333333333,7,23
BP-1350,SYN-11350,4100.0,2050.0,DEV-11350,0.3333333333333333,7,23
BP-1351,SYN-11351,1200.0,600.0,DEV-11351,0.3333333333333333,7,23
BP-1352,SYN-11352,1700.0,850.0,DEV-11352,0.3333333333333333,7,23
BP-1353,SYN-11353,6000.0,3000.0,DEV-11353,0.3333333333333333,7,23
BP-1354,SYN-11354,3700.0,1850.0,DEV-11354,0.3333333333333333,7,23
BP-1355,SYN-11355,1800.0,900.0,DEV-11355,0.3333333333333333,7,23
BP-1356,SYN-11356,1400.0,700.0,DEV-11356,0.3333333333333333,7,23
BP-1357,SYN-11357,5700.0,2850.0,DEV-11357,0.3333333333333333,7,23
BP-1358,SYN-11358,2800.0,1400.0,DEV-11358,0.3333333333333333,7,23
BP-1359,SYN-11359,1700.0,850.0,DEV-11359,0.3333333333333333,7,23
BP-1360,SYN-11360,2100.0,1050.0,DEV-11360,0.3333333333333333,7,23
BP-1361,SYN-11361,3900.0,1950.0,DEV-11361,0.3333333333333333,7,23
BP-1362,SYN-11362,1900.0,950.0,DEV-11362,0.3333333333333333,7,23
BP-1363,SYN-11363,2200.0,1100.0,DEV-11363,0.3333333333333333,7,23
BP-1364,SYN-11364,5800.0,2900.0,DEV-11364,0.3333333333333333,7,23
BP-1365,SYN-11365,2700.0,1350.0,DEV-11365,0.3333333333333333,7,23
BP-1366,SYN-11366,3600.0,1800.0,DEV-11366,0.3333333333333333,7,23
BP-1367,SYN-11367,3000.0,1500.0,DEV-11367,0.3333333333333333,7,23
BP-1368,SYN-11368,2200.0,1100.0,DEV-11368,0.3333333333333333,7,23
BP-1369,SYN-11369,1800.0,900.0,DEV-11369,0.3333333333333333,7,23
BP-1370,SYN-11370,4800.0,2400.0,DEV-11370,0.3333333333333333,7,23
BP-1371,SYN-11371,5700.0,2850.0,DEV-11371,0.3333333333333333,7,23
BP-1372,SYN-11372,1300.0,650.0,DEV-11372,0.3333333333333333,7,23
BP-1373,SYN-11373,2700.0,1350.0,DEV-11373,0.3333333333333333,7,23
BP-1374,SYN-11374,5400.0,2700.0,DEV-11374,0.3333333333333333,7,23
BP-1375,SYN-11375,4100.0,2050.0,DEV-11375,0.3333333333333333,7,23
BP-1376,SYN-11376,5600.0,2800.0,DEV-11376,0.3333333333333333,7,23
BP-1377,SYN-11377,2500.0,1250.0,DEV-11377,0.3333333333333333,7,23
BP-1378,SYN-11378,2600.0,1300.0,DEV-11378,0.3333333333333333,7,23
BP-1379,SYN-11379,2700.0,1350.0,DEV-11379,0.3333333333333333,7,23
BP-1380,SYN-11380,4500.0,2250.0,DEV-11380,0.3333333333333333,7,23
BP-1381,SYN-11381,2900.0,1450.0,DEV-11381,0.3333333333333333,7,23
BP-1382,SYN-11382,1300.0,650.0,DEV-11382,0.3333333333333333,7,23
BP-1383,SYN-11383,2200.0,1100.0,DEV-11383,0.3333333333333333,7,23
BP-1384,SYN-11384,4400.0,2200.0,DEV-11384,0.3333333333333333,7,23
BP-1385,SYN-11385,5200.0,2600.0,DEV-11385,0.3333333333333333,7,23
BP-1386,SYN-11386,4700.0,2350.0,DEV-11386,0.3333333333333333,7,23
BP-1387,SYN-11387,2700.0,1350.0,DEV-11387,0.3333333333333333,7,23
BP-1388,SYN-11388,3200.0,1600.0,DEV-11388,0.3333333333333333,7,23
BP-1389,SYN-11389,4700.0,2350.0,DEV-11389,0.3333333333333333,7,23
BP-1390,SYN-11390,3500.0,1750.0,DEV-11390,0.3333333333333333,7,23
BP-1391,SYN-11391,2900.0,1450.0,DEV-11391,0.3333333333333333,7,23
BP-1392,SYN-11392,5700.0,2850.0,DEV-11392,0.3333333333333333,7,23
BP-1393,SYN-11393,3200.0,1600.0,DEV-11393,0.3333333333333333,7,23
BP-1394,SYN-11394,3100.0,1550.0,DEV-11394,0.3333333333333333,7,23
BP-1395,SYN-11395,3900.0,1950.0,DEV-11395,0.3333333333333333,7,23
BP-1396,SYN-11396,1200.0,600.0,DEV-11396,0.3333333333333333,7,23
BP-1397,SYN-11397,4500.0,2250.0,DEV-11397,0.3333333333333333,7,23
BP-1398,SYN-11398,2300.0,1150.0,DEV-11398,0.3333333333333333,7,23
BP-1399,SYN-11399,3900.0,1950.0,DEV-11399,0.3333333333333333,7,23
BP-1400,SYN-11400,3900.0,1950.0,DEV-11400,0.3333333333333333,7,23
BP-1401,SYN-11401,4100.0,2050.0,DEV-11401,0.3333333333333333,7,23
BP-1402,SYN-11402,5600.0,2800.0,DEV-11402,0.3333333333333333,7,23
BP-1403,SYN-11403,2400.0,1200.0,DEV-11403,0.3333333333333333,7,23
BP-1404,SYN-11404,2200.0,1100.0,DEV-11404,0.3333333333333333,7,23
BP-1405,SYN-11405,4700.0,2350.0,DEV-11405,0.3333333333333333,7,23
BP-1406,SYN-11406,3100.0,1550.0,DEV-11406,0.3333333333333333,7,23
BP-1407,SYN-11407,4200.0,2100.0,DEV-11407,0.3333333333333333,7,23
BP-1408,SYN-11408,4500.0,2250.0,DEV-11408,0.3333333333333333,7,23
BP-1409,SYN-11409,5800.0,2900.0,DEV-11409,0.3333333333333333,7,23
BP-1410,SYN-11410,3300.0,1650.0,DEV-11410,0.3333333333333333,7,23
BP-1411,SYN-11411,4200.0,2100.0,DEV-11411,0.3333333333333333,7,23
BP-1412,SYN-11412,4300.0,2150.0,DEV-11412,0.3333333333333333,7,23
BP-1413,SYN-11413,4000.0,2000.0,DEV-11413,0.3333333333333333,7,23
BP-1414,SYN-11414,3200.0,1600.0,DEV-11414,0.3333333333333333,7,23
BP-1415,SYN-11415,3400.0,1700.0,DEV-11415,0.3333333333333333,7,23
BP-1416,SYN-11416,1400.0,700.0,DEV-11416,0.3333333333333333,7,23
BP-1417,SYN-11417,3800.0,1900.0,DEV-11417,0.3333333333333333,7,23
BP-1418,SYN-11418,3200.0,1600.0,DEV-11418,0.3333333333333333,7,23
BP-1419,SYN-11419,3800.0,1900.0,DEV-11419,0.3333333333333333,7,23
BP-1420,SYN-11420,4300.0,2150.0,DEV-11420,0.3333333333333333,7,23
BP-1421,SYN-11421,1500.0,750.0,DEV-11421,0.3333333333333333,7,23
BP-1422,SYN-11422,3800.0,1900.0,DEV-11422,0.3333333333333333,7,23
BP-1423,SYN-11423,3300.0,1650.0,DEV-11423,0.3333333333333333,7,23
BP-1424,SYN-11424,4100.0,2050.0,DEV-11424,0.3333333333333333,7,23
BP-1425,SYN-11425,2800.0,1400.0,DEV-11425,0.3333333333333333,7,23
BP-1426,SYN-11426,3800.0,1900.0,DEV-11426,0.3333333333333333,7,23
BP-1427,SYN-11427,1100.0,550.0,DEV-11427,0.3333333333333333,7,23
BP-1428,SYN-11428,1500.0,750.0,DEV-11428,0.3333333333333333,7,23
BP-1429,SYN-11429,1300.0,650.0,DEV-11429,0.3333333333333333,7,23
BP-1430,SYN-11430,5300.0,2650.0,DEV-11430,0.3333333333333333,7,23
BP-1431,SYN-11431,2000.0,1000.0,DEV-11431,0.3333333333333333,7,23
BP-1432,SYN-11432,4600.0,2300.0,DEV-11432,0.3333333333333333,7,23
BP-1433,SYN-11433,4500.0,2250.0,DEV-11433,0.3333333333333333,7,23
BP-1434,SYN-11434,4300.0,2150.0,DEV-11434,0.3333333333333333,7,23
BP-1435,SYN-11435,3200.0,1600.0,DEV-11435,0.3333333333333333,7,23
BP-1436,SYN-11436,3000.0,1500.0,DEV-11436,0.3333333333333333,7,23
BP-1437,SYN-11437,2700.0,1350.0,DEV-11437,0.3333333333333333,7,23
BP-1438,SYN-11438,5100.0,2550.0,DEV-11438,0.3333333333333333,7,23
BP-1439,SYN-11439,4000.0,2000.0,DEV-11439,0.3333333333333333,7,23
BP-1440,SYN-11440,2000.0,1000.0,DEV-11440,0.3333333333333333,7,23
BP-1441,SYN-11441,6000.0,3000.0,DEV-11441,0.3333333333333333,7,23
BP-1442,SYN-11442,1500.0,750.0,DEV-11442,0.3333333333333333,7,23
BP-1443,SYN-11443,3400.0,1700.0,DEV-11443,0.3333333333333333,7,23
BP-1444,SYN-11444,4200.0,2100.0,DEV-11444,0.3333333333333333,7,23
BP-1445,SYN-11445,1100.0,550.0,DEV-11445,0.3333333333333333,7,23
BP-1446,SYN-11446,1000.0,500.0,DEV-11446,0.3333333333333333,7,23
BP-1447,SYN-11447,4200.0,2100.0,DEV-11447,0.3333333333333333,7,23
BP-1448,SYN-11448,1000.0,500.0,DEV-11448,0.3333333333333333,7,23
BP-1449,SYN-11449,4400.0,2200.0,DEV-11449,0.3333333333333333,7,23
BP-1450,SYN-11450,2200.0,1100.0,DEV-11450,0.3333333333333333,7,23
BP-1451,SYN-11451,6000.0,3000.0,DEV-11451,0.3333333333333333,7,23
BP-1452,SYN-11452,4100.0,2050.0,DEV-11452,0.3333333333333333,7,23
BP-1453,SYN-11453,3400.0,1700.0,DEV-11453,0.3333333333333333,7,23
BP-1454,SYN-11454,1200.0,600.0,DEV-11454,0.3333333333333333,7,23
BP-1455,SYN-11455,3900.0,1950.0,DEV-11455,0.3333333333333333,7,23
BP-1456,SYN-11456,5300.0,2650.0,DEV-11456,0.3333333333333333,7,23
BP-1457,SYN-11457,2000.0,1000.0,DEV-11457,0.3333333333333333,7,23
BP-1458,SYN-11458,1400.0,700.0,DEV-11458,0.3333333333333333,7,23
BP-1459,SYN-11459,6000.0,3000.0,DEV-11459,0.3333333333333333,7,23
BP-1460,SYN-11460,5500.0,2750.0,DEV-11460,0.3333333333333333,7,23
BP-1461,SYN-11461,2800.0,1400.0,DEV-11461,0.3333333333333333,7,23
BP-1462,SYN-11462,5000.0,2500.0,DEV-11462,0.3333333333333333,7,23
BP-1463,SYN-11463,2300.0,1150.0,DEV-11463,0.3333333333333333,7,23
BP-1464,SYN-11464,2400.0,1200.0,DEV-11464,0.3333333333333333,7,23
BP-1465,SYN-11465,3100.0,1550.0,DEV-11465,0.3333333333333333,7,23
BP-1466,SYN-11466,1100.0,550.0,DEV-11466,0.3333333333333333,7,23
BP-1467,SYN-11467,3200.0,1600.0,DEV-11467,0.3333333333333333,7,23
BP-1468,SYN-11468,1200.0,600.0,DEV-11468,0.3333333333333333,7,23
BP-1469,SYN-11469,2200.0,1100.0,DEV-11469,0.3333333333333333,7,23
BP-1470,SYN-11470,4800.0,2400.0,DEV-11470,0.3333333333333333,7,23
BP-1471,SYN-11471,3600.0,1800.0,DEV-11471,0.3333333333333333,7,23
BP-1472,SYN-11472,3900.0,1950.0,DEV-11472,0.3333333333333333,7,23
BP-1473,SYN-11473,4300.0,2150.0,DEV-11473,0.3333333333333333,7,23
BP-1474,SYN-11474,2000.0,1000.0,DEV-11474,0.3333333333333333,7,23
BP-1475,SYN-11475,1400.0,700.0,DEV-11475,0.3333333333333333,7,23
BP-1476,SYN-11476,2800.0,1400.0,DEV-11476,0.3333333333333333,7,23
BP-1477,SYN-11477,5900.0,2950.0,DEV-11477,0.3333333333333333,7,23
BP-1478,SYN-11478,1400.0,700.0,DEV-11478,0.3333333333333333,7,23
BP-1479,SYN-11479,4700.0,2350.0,DEV-11479,0.3333333333333333,7,23
BP-1480,SYN-11480,2100.0,1050.0,DEV-11480,0.3333333333333333,7,23
BP-1481,SYN-11481,4200.0,2100.0,DEV-11481,0.3333333333333333,7,23
BP-1482,SYN-11482,1200.0,600.0,DEV-11482,0.3333333333333333,7,23
BP-1483,SYN-11483,1400.0,700.0,DEV-11483,0.3333333333333333,7,23
BP-1484,SYN-11484,1100.0,550.0,DEV-11484,0.3333333333333333,7,23
BP-1485,SYN-11485,1000.0,500.0,DEV-11485,0.3333333333333333,7,23
BP-1486,SYN-11486,4700.0,2350.0,DEV-11486,0.3333333333333333,7,23
BP-1487,SYN-11487,2500.0,1250.0,DEV-11487,0.3333333333333333,7,23
BP-1488,SYN-11488,1600.0,800.0,DEV-11488,0.3333333333333333,7,23
BP-1489,SYN-11489,5100.0,2550.0,DEV-11489,0.3333333333333333,7,23
BP-1490,SYN-11490,2100.0,1050.0,DEV-11490,0.3333333333333333,7,23
BP-1491,SYN-11491,2700.0,1350.0,DEV-11491,0.3333333333333333,7,23
BP-1492,SYN-11492,4800.0,2400.0,DEV-11492,0.3333333333333333,7,23
BP-1493,SYN-11493,3700.0,1850.0,DEV-11493,0.3333333333333333,7,23
BP-1494,SYN-11494,1400.0,700.0,DEV-11494,0.3333333333333333,7,23
BP-1495,SYN-11495,1300.0,650.0,DEV-11495,0.3333333333333333,7,23
BP-1496,SYN-11496,4200.0,2100.0,DEV-11496,0.3333333333333333,7,23
BP-1497,SYN-11497,1700.0,850.0,DEV-11497,0.3333333333333333,7,23
BP-1498,SYN-11498,1600.0,800.0,DEV-11498,0.3333333333333333,7,23
BP-1499,SYN-11499,1900.0,950.0,DEV-11499,0.3333333333333333,7,23
BP-1500,SYN-11500,5000.0,2500.0,DEV-11500,0.3333333333333333,7,23
BP-1501,SYN-11501,1800.0,900.0,DEV-11501,0.3333333333333333,7,23
BP-1502,SYN-11502,1500.0,750.0,DEV-11502,0.3333333333333333,7,23
BP-1503,SYN-11503,4300.0,2150.0,DEV-11503,0.3333333333333333,7,23
BP-1504,SYN-11504,3700.0,1850.0,DEV-11504,0.3333333333333333,7,23
BP-1505,SYN-11505,5000.0,2500.0,DEV-11505,0.3333333333333333,7,23
BP-1506,SYN-11506,5400.0,2700.0,DEV-11506,0.3333333333333333,7,23
BP-1507,SYN-11507,1200.0,600.0,DEV-11507,0.3333333333333333,7,23
BP-1508,SYN-11508,3700.0,1850.0,DEV-11508,0.3333333333333333,7,23
BP-1509,SYN-11509,1500.0,750.0,DEV-11509,0.3333333333333333,7,23
BP-1510,SYN-11510,2700.0,1350.0,DEV-11510,0.3333333333333333,7,23
BP-1511,SYN-11511,3300.0,1650.0,DEV-11511,0.3333333333333333,7,23
BP-1512,SYN-11512,5400.0,2700.0,DEV-11512,0.3333333333333333,7,23
BP-1513,SYN-11513,1100.0,550.0,DEV-11513,0.3333333333333333,7,23
BP-1514,SYN-11514,5200.0,2600.0,DEV-11514,0.3333333333333333,7,23
BP-1515,SYN-11515,3400.0,1700.0,DEV-11515,0.3333333333333333,7,23
BP-1516,SYN-11516,5900.0,2950.0,DEV-11516,0.3333333333333333,7,23
BP-1517,SYN-11517,1100.0,550.0,DEV-11517,0.3333333333333333,7,23
BP-1518,SYN-11518,2200.0,1100.0,DEV-11518,0.3333333333333333,7,23
BP-1519,SYN-11519,5400.0,2700.0,DEV-11519,0.3333333333333333,7,23
BP-1520,SYN-11520,5700.0,2850.0,DEV-11520,0.3333333333333333,7,23
BP-1521,SYN-11521,5100.0,2550.0,DEV-11521,0.3333333333333333,7,23
BP-1522,SYN-11522,1100.0,550.0,DEV-11522,0.3333333333333333,7,23
BP-1523,SYN-11523,3900.0,1950.0,DEV-11523,0.3333333333333333,7,23
BP-1524,SYN-11524,2000.0,1000.0,DEV-11524,0.3333333333333333,7,23
BP-1525,SYN-11525,2700.0,1350.0,DEV-11525,0.3333333333333333,7,23
BP-1526,SYN-11526,3800.0,1900.0,DEV-11526,0.3333333333333333,7,23
BP-1527,SYN-11527,1000.0,500.0,DEV-11527,0.3333333333333333,7,23
BP-1528,SYN-11528,2900.0,1450.0,DEV-11528,0.3333333333333333,7,23
BP-1529,SYN-11529,1500.0,750.0,DEV-11529,0.3333333333333333,7,23
BP-1530,SYN-11530,2200.0,1100.0,DEV-11530,0.3333333333333333,7,23
BP-1531,SYN-11531,4500.0,2250.0,DEV-11531,0.3333333333333333,7,23
BP-1532,SYN-11532,2900.0,1450.0,DEV-11532,0.3333333333333333,7,23
BP-1533,SYN-11533,5600.0,2800.0,DEV-11533,0.3333333333333333,7,23
BP-1534,SYN-11534,3200.0,1600.0,DEV-11534,0.3333333333333333,7,23
BP-1535,SYN-11535,1300.0,650.0,DEV-11535,0.3333333333333333,7,23
BP-1536,SYN-11536,3800.0,1900.0,DEV-11536,0.3333333333333333,7,23
BP-1537,SYN-11537,2700.0,1350.0,DEV-11537,0.3333333333333333,7,23
BP-1538,SYN-11538,2200.0,1100.0,DEV-11538,0.3333333333333333,7,23
BP-1539,SYN-11539,3500.0,1750.0,DEV-11539,0.3333333333333333,7,23
BP-1540,SYN-11540,4400.0,2200.0,DEV-11540,0.3333333333333333,7,23
BP-1541,SYN-11541,2600.0,1300.0,DEV-11541,0.3333333333333333,7,23
BP-1542,SYN-11542,3300.0,1650.0,DEV-11542,0.3333333333333333,7,23
BP-1543,SYN-11543,2200.0,1100.0,DEV-11543,0.3333333333333333,7,23
BP-1544,SYN-11544,4800.0,2400.0,DEV-11544,0.3333333333333333,7,23
BP-1545,SYN-11545,5200.0,2600.0,DEV-11545,0.3333333333333333,7,23
BP-1546,SYN-11546,4900.0,2450.0,DEV-11546,0.3333333333333333,7,23
BP-1547,SYN-11547,4600.0,2300.0,DEV-11547,0.3333333333333333,7,23
BP-1548,SYN-11548,1400.0,700.0,DEV-11548,0.3333333333333333,7,23
BP-1549,SYN-11549,2800.0,1400.0,DEV-11549,0.3333333333333333,7,23
BP-1550,SYN-11550,3000.0,1500.0,DEV-11550,0.3333333333333333,7,23
BP-1551,SYN-11551,1700.0,850.0,DEV-11551,0.3333333333333333,7,23
BP-1552,SYN-11552,2000.0,1000.0,DEV-11552,0.3333333333333333,7,23
BP-1553,SYN-11553,3700.0,1850.0,DEV-11553,0.3333333333333333,7,23
BP-1554,SYN-11554,3900.0,1950.0,DEV-11554,0.3333333333333333,7,23
BP-1555,SYN-11555,4100.0,2050.0,DEV-11555,0.3333333333333333,7,23
BP-1556,SYN-11556,4600.0,2300.0,DEV-11556,0.3333333333333333,7,23
BP-1557,SYN-11557,5500.0,2750.0,DEV-11557,0.3333333333333333,7,23
BP-1558,SYN-11558,4100.0,2050.0,DEV-11558,0.3333333333333333,7,23
BP-1559,SYN-11559,5100.0,2550.0,DEV-11559,0.3333333333333333,7,23
BP-1560,SYN-11560,4900.0,2450.0,DEV-11560,0.3333333333333333,7,23
BP-1561,SYN-11561,3100.0,1550.0,DEV-11561,0.3333333333333333,7,23
BP-1562,SYN-11562,2300.0,1150.0,DEV-11562,0.3333333333333333,7,23
BP-1563,SYN-11563,2700.0,1350.0,DEV-11563,0.3333333333333333,7,23
BP-1564,SYN-11564,5700.0,2850.0,DEV-11564,0.3333333333333333,7,23
BP-1565,SYN-11565,2100.0,1050.0,DEV-11565,0.3333333333333333,7,23
BP-1566,SYN-11566,4500.0,2250.0,DEV-11566,0.3333333333333333,7,23
BP-1567,SYN-11567,2300.0,1150.0,DEV-11567,0.3333333333333333,7,23
BP-1568,SYN-11568,2600.0,1300.0,DEV-11568,0.3333333333333333,7,23
BP-1569,SYN-11569,1700.0,850.0,DEV-11569,0.3333333333333333,7,23
BP-1570,SYN-11570,3300.0,1650.0,DEV-11570,0.3333333333333333,7,23
BP-1571,SYN-11571,3800.0,1900.0,DEV-11571,0.3333333333333333,7,23
BP-1572,SYN-11572,4800.0,2400.0,DEV-11572,0.3333333333333333,7,23
BP-1573,SYN-11573,2600.0,1300.0,DEV-11573,0.3333333333333333,7,23
BP-1574,SYN-11574,4600.0,2300.0,DEV-11574,0.3333333333333333,7,23
BP-1575,SYN-11575,2900.0,1450.0,DEV-11575,0.3333333333333333,7,23
BP-1576,SYN-11576,4500.0,2250.0,DEV-11576,0.3333333333333333,7,23
BP-1577,SYN-11577,3200.0,1600.0,DEV-11577,0.3333333333333333,7,23
BP-1578,SYN-11578,3800.0,1900.0,DEV-11578,0.3333333333333333,7,23
BP-1579,SYN-11579,4500.0,2250.0,DEV-11579,0.3333333333333333,7,23
BP-1580,SYN-11580,4900.0,2450.0,DEV-11580,0.3333333333333333,7,23
BP-1581,SYN-11581,3500.0,1750.0,DEV-11581,0.3333333333333333,7,23
BP-1582,SYN-11582,5200.0,2600.0,DEV-11582,0.3333333333333333,7,23
BP-1583,SYN-11583,2000.0,1000.0,DEV-11583,0.3333333333333333,7,23
BP-1584,SYN-11584,4700.0,2350.0,DEV-11584,0.3333333333333333,7,23
BP-1585,SYN-11585,4300.0,2150.0,DEV-11585,0.3333333333333333,7,23
BP-1586,SYN-11586,1700.0,850.0,DEV-11586,0.3333333333333333,7,23
BP-1587,SYN-11587,3500.0,1750.0,DEV-11587,0.3333333333333333,7,23
BP-1588,SYN-11588,4100.0,2050.0,DEV-11588,0.3333333333333333,7,23
BP-1589,SYN-11589,4400.0,2200.0,DEV-11589,0.3333333333333333,7,23
BP-1590,SYN-11590,4800.0,2400.0,DEV-11590,0.3333333333333333,7,23
BP-1591,SYN-11591,1900.0,950.0,DEV-11591,0.3333333333333333,7,23
BP-1592,SYN-11592,3700.0,1850.0,DEV-11592,0.3333333333333333,7,23
BP-1593,SYN-11593,3000.0,1500.0,DEV-11593,0.3333333333333333,7,23
BP-1594,SYN-11594,4500.0,2250.0,DEV-11594,0.3333333333333333,7,23
BP-1595,SYN-11595,5700.0,2850.0,DEV-11595,0.3333333333333333,7,23
BP-1596,SYN-11596,1200.0,600.0,DEV-11596,0.3333333333333333,7,23
BP-1597,SYN-11597,3100.0,1550.0,DEV-11597,0.3333333333333333,7,23
BP-1598,SYN-11598,5400.0,2700.0,DEV-11598,0.3333333333333333,7,23
BP-1599,SYN-11599,3200.0,1600.0,DEV-11599,0.3333333333333333,7,23
BP-1600,SYN-11600,2000.0,1000.0,DEV-11600,0.3333333333333333,7,23
BP-1601,SYN-11601,1700.0,850.0,DEV-11601,0.3333333333333333,7,23
BP-1602,SYN-11602,3900.0,1950.0,DEV-11602,0.3333333333333333,7,23
BP-1603,SYN-11603,5600.0,2800.0,DEV-11603,0.3333333333333333,7,23
BP-1604,SYN-11604,1400.0,700.0,DEV-11604,0.3333333333333333,7,23
BP-1605,SYN-11605,3000.0,1500.0,DEV-11605,0.3333333333333333,7,23
BP-1606,SYN-11606,2900.0,1450.0,DEV-11606,0.3333333333333333,7,23
BP-1607,SYN-11607,3300.0,1650.0,DEV-11607,0.3333333333333333,7,23
BP-1608,SYN-11608,4700.0,2350.0,DEV-11608,0.3333333333333333,7,23
BP-1609,SYN-11609,1800.0,900.0,DEV-11609,0.3333333333333333,7,23
BP-1610,SYN-11610,5400.0,2700.0,DEV-11610,0.3333333333333333,7,23
BP-1611,SYN-11611,3100.0,1550.0,DEV-11611,0.3333333333333333,7,23
BP-1612,SYN-11612,3100.0,1550.0,DEV-11612,0.3333333333333333,7,23
BP-1613,SYN-11613,2700.0,1350.0,DEV-11613,0.3333333333333333,7,23
BP-1614,SYN-11614,1600.0,800.0,DEV-11614,0.3333333333333333,7,23
BP-1615,SYN-11615,1900.0,950.0,DEV-11615,0.3333333333333333,7,23
BP-1616,SYN-11616,3000.0,1500.0,DEV-11616,0.3333333333333333,7,23
BP-1617,SYN-11617,4600.0,2300.0,DEV-11617,0.3333333333333333,7,23
BP-1618,SYN-11618,1400.0,700.0,DEV-11618,0.3333333333333333,7,23
BP-1619,SYN-11619,5800.0,2900.0,DEV-11619,0.3333333333333333,7,23
BP-1620,SYN-11620,1700.0,850.0,DEV-11620,0.3333333333333333,7,23
BP-1621,SYN-11621,5000.0,2500.0,DEV-11621,0.3333333333333333,7,23
BP-1622,SYN-11622,1400.0,700.0,DEV-11622,0.3333333333333333,7,23
BP-1623,SYN-11623,4900.0,2450.0,DEV-11623,0.3333333333333333,7,23
BP-1624,SYN-11624,5700.0,2850.0,DEV-11624,0.3333333333333333,7,23
BP-1625,SYN-11625,5400.0,2700.0,DEV-11625,0.3333333333333333,7,23
BP-1626,SYN-11626,1500.0,750.0,DEV-11626,0.3333333333333333,7,23
BP-1627,SYN-11627,3300.0,1650.0,DEV-11627,0.3333333333333333,7,23
BP-1628,SYN-11628,2100.0,1050.0,DEV-11628,0.3333333333333333,7,23
BP-1629,SYN-11629,4400.0,2200.0,DEV-11629,0.3333333333333333,7,23
BP-1630,SYN-11630,2500.0,1250.0,DEV-11630,0.3333333333333333,7,23
BP-1631,SYN-11631,1300.0,650.0,DEV-11631,0.3333333333333333,7,23
BP-1632,SYN-11632,2500.0,1250.0,DEV-11632,0.3333333333333333,7,23
BP-1633,SYN-11633,1000.0,500.0,DEV-11633,0.3333333333333333,7,23
BP-1634,SYN-11634,2300.0,1150.0,DEV-11634,0.3333333333333333,7,23
BP-1635,SYN-11635,5900.0,2950.0,DEV-11635,0.3333333333333333,7,23
BP-1636,SYN-11636,1200.0,600.0,DEV-11636,0.3333333333333333,7,23
BP-1637,SYN-11637,1900.0,950.0,DEV-11637,0.3333333333333333,7,23
BP-1638,SYN-11638,4700.0,2350.0,DEV-11638,0.3333333333333333,7,23
BP-1639,SYN-11639,5300.0,2650.0,DEV-11639,0.3333333333333333,7,23
BP-1640,SYN-11640,4900.0,2450.0,DEV-11640,0.3333333333333333,7,23
BP-1641,SYN-11641,2400.0,1200.0,DEV-11641,0.3333333333333333,7,23
BP-1642,SYN-11642,4800.0,2400.0,DEV-11642,0.3333333333333333,7,23
BP-1643,SYN-11643,4100.0,2050.0,DEV-11643,0.3333333333333333,7,23
BP-1644,SYN-11644,2000.0,1000.0,DEV-11644,0.3333333333333333,7,23
BP-1645,SYN-11645,5200.0,2600.0,DEV-11645,0.3333333333333333,7,23
BP-1646,SYN-11646,3100.0,1550.0,DEV-11646,0.3333333333333333,7,23
BP-1647,SYN-11647,4300.0,2150.0,DEV-11647,0.3333333333333333,7,23
BP-1648,SYN-11648,2400.0,1200.0,DEV-11648,0.3333333333333333,7,23
BP-1649,SYN-11649,3500.0,1750.0,DEV-11649,0.3333333333333333,7,23
BP-1650,SYN-11650,1600.0,800.0,DEV-11650,0.3333333333333333,7,23
BP-1651,SYN-11651,3500.0,1750.0,DEV-11651,0.3333333333333333,7,23
BP-1652,SYN-11652,1900.0,950.0,DEV-11652,0.3333333333333333,7,23
BP-1653,SYN-11653,3800.0,1900.0,DEV-11653,0.3333333333333333,7,23
BP-1654,SYN-11654,1300.0,650.0,DEV-11654,0.3333333333333333,7,23
BP-1655,SYN-11655,2100.0,1050.0,DEV-11655,0.3333333333333333,7,23
BP-1656,SYN-11656,1700.0,850.0,DEV-11656,0.3333333333333333,7,23
BP-1657,SYN-11657,3300.0,1650.0,DEV-11657,0.3333333333333333,7,23
BP-1658,SYN-11658,4300.0,2150.0,DEV-11658,0.3333333333333333,7,23
BP-1659,SYN-11659,4700.0,2350.0,DEV-11659,0.3333333333333333,7,23
BP-1660,SYN-11660,2400.0,1200.0,DEV-11660,0.3333333333333333,7,23
BP-1661,SYN-11661,2600.0,1300.0,DEV-11661,0.3333333333333333,7,23
BP-1662,SYN-11662,3100.0,1550.0,DEV-11662,0.3333333333333333,7,23
BP-1663,SYN-11663,1000.0,500.0,DEV-11663,0.3333333333333333,7,23
BP-1664,SYN-11664,4100.0,2050.0,DEV-11664,0.3333333333333333,7,23
BP-1665,SYN-11665,5100.0,2550.0,DEV-11665,0.3333333333333333,7,23
BP-1666,SYN-11666,3500.0,1750.0,DEV-11666,0.3333333333333333,7,23
BP-1667,SYN-11667,4000.0,2000.0,DEV-11667,0.3333333333333333,7,23
BP-1668,SYN-11668,3000.0,1500.0,DEV-11668,0.3333333333333333,7,23
BP-1669,SYN-11669,1600.0,800.0,DEV-11669,0.3333333333333333,7,23
BP-1670,SYN-11670,1300.0,650.0,DEV-11670,0.3333333333333333,7,23
BP-1671,SYN-11671,3400.0,1700.0,DEV-11671,0.3333333333333333,7,23
BP-1672,SYN-11672,4300.0,2150.0,DEV-11672,0.3333333333333333,7,23
BP-1673,SYN-11673,2200.0,1100.0,DEV-11673,0.3333333333333333,7,23
BP-1674,SYN-11674,2400.0,1200.0,DEV-11674,0.3333333333333333,7,23
BP-1675,SYN-11675,4900.0,2450.0,DEV-11675,0.3333333333333333,7,23
BP-1676,SYN-11676,1100.0,550.0,DEV-11676,0.3333333333333333,7,23
BP-1677,SYN-11677,3600.0,1800.0,DEV-11677,0.3333333333333333,7,23
BP-1678,SYN-11678,3300.0,1650.0,DEV-11678,0.3333333333333333,7,23
BP-1679,SYN-11679,5200.0,2600.0,DEV-11679,0.3333333333333333,7,23
BP-1680,SYN-11680,2300.0,1150.0,DEV-11680,0.3333333333333333,7,23
BP-1681,SYN-11681,1700.0,850.0,DEV-11681,0.3333333333333333,7,23
BP-1682,SYN-11682,4100.0,2050.0,DEV-11682,0.3333333333333333,7,23
BP-1683,SYN-11683,3600.0,1800.0,DEV-11683,0.3333333333333333,7,23
BP-1684,SYN-11684,5400.0,2700.0,DEV-11684,0.3333333333333333,7,23
BP-1685,SYN-11685,4000.0,2000.0,DEV-11685,0.3333333333333333,7,23
BP-1686,SYN-11686,5800.0,2900.0,DEV-11686,0.3333333333333333,7,23
BP-1687,SYN-11687,3700.0,1850.0,DEV-11687,0.3333333333333333,7,23
BP-1688,SYN-11688,1200.0,600.0,DEV-11688,0.3333333333333333,7,23
BP-1689,SYN-11689,2100.0,1050.0,DEV-11689,0.3333333333333333,7,23
BP-1690,SYN-11690,2100.0,1050.0,DEV-11690,0.3333333333333333,7,23
BP-1691,SYN-11691,3900.0,1950.0,DEV-11691,0.3333333333333333,7,23
BP-1692,SYN-11692,6000.0,3000.0,DEV-11692,0.3333333333333333,7,23
BP-1693,SYN-11693,2400.0,1200.0,DEV-11693,0.3333333333333333,7,23
BP-1694,SYN-11694,4900.0,2450.0,DEV-11694,0.3333333333333333,7,23
BP-1695,SYN-11695,2200.0,1100.0,DEV-11695,0.3333333333333333,7,23
BP-1696,SYN-11696,3500.0,1750.0,DEV-11696,0.3333333333333333,7,23
BP-1697,SYN-11697,1200.0,600.0,DEV-11697,0.3333333333333333,7,23
BP-1698,SYN-11698,5100.0,2550.0,DEV-11698,0.3333333333333333,7,23
BP-1699,SYN-11699,3400.0,1700.0,DEV-11699,0.3333333333333333,7,23
BP-1700,SYN-11700,2800.0,1400.0,DEV-11700,0.3333333333333333,7,23
BP-1701,SYN-11701,2600.0,1300.0,DEV-11701,0.3333333333333333,7,23
BP-1702,SYN-11702,4100.0,2050.0,DEV-11702,0.3333333333333333,7,23
BP-1703,SYN-11703,1600.0,800.0,DEV-11703,0.3333333333333333,7,23
BP-1704,SYN-11704,2500.0,1250.0,DEV-11704,0.3333333333333333,7,23
BP-1705,SYN-11705,2800.0,1400.0,DEV-11705,0.3333333333333333,7,23
BP-1706,SYN-11706,1000.0,500.0,DEV-11706,0.3333333333333333,7,23
BP-1707,SYN-11707,2100.0,1050.0,DEV-11707,0.3333333333333333,7,23
BP-1708,SYN-11708,2900.0,1450.0,DEV-11708,0.3333333333333333,7,23
BP-1709,SYN-11709,4100.0,2050.0,DEV-11709,0.3333333333333333,7,23
BP-1710,SYN-11710,2500.0,1250.0,DEV-11710,0.3333333333333333,7,23
BP-1711,SYN-11711,2500.0,1250.0,DEV-11711,0.3333333333333333,7,23
BP-1712,SYN-11712,3200.0,1600.0,DEV-11712,0.3333333333333333,7,23
BP-1713,SYN-11713,5900.0,2950.0,DEV-11713,0.3333333333333333,7,23
BP-1714,SYN-11714,2900.0,1450.0,DEV-11714,0.3333333333333333,7,23
BP-1715,SYN-11715,5200.0,2600.0,DEV-11715,0.3333333333333333,7,23
BP-1716,SYN-11716,2300.0,1150.0,DEV-11716,0.3333333333333333,7,23
BP-1717,SYN-11717,4600.0,2300.0,DEV-11717,0.3333333333333333,7,23
BP-1718,SYN-11718,2700.0,1350.0,DEV-11718,0.3333333333333333,7,23
BP-1719,SYN-11719,1100.0,550.0,DEV-11719,0.3333333333333333,7,23
BP-1720,SYN-11720,3900.0,1950.0,DEV-11720,0.3333333333333333,7,23
BP-1721,SYN-11721,4100.0,2050.0,DEV-11721,0.3333333333333333,7,23
BP-1722,SYN-11722,1700.0,850.0,DEV-11722,0.3333333333333333,7,23
BP-1723,SYN-11723,3700.0,1850.0,DEV-11723,0.3333333333333333,7,23
BP-1724,SYN-11724,6000.0,3000.0,DEV-11724,0.3333333333333333,7,23
BP-1725,SYN-11725,3200.0,1600.0,DEV-11725,0.3333333333333333,7,23
BP-1726,SYN-11726,5900.0,2950.0,DEV-11726,0.3333333333333333,7,23
BP-1727,SYN-11727,5800.0,2900.0,DEV-11727,0.3333333333333333,7,23
BP-1728,SYN-11728,1500.0,750.0,DEV-11728,0.3333333333333333,7,23
BP-1729,SYN-11729,2800.0,1400.0,DEV-11729,0.3333333333333333,7,23
BP-1730,SYN-11730,2100.0,1050.0,DEV-11730,0.3333333333333333,7,23
BP-1731,SYN-11731,2600.0,1300.0,DEV-11731,0.3333333333333333,7,23
BP-1732,SYN-11732,2700.0,1350.0,DEV-11732,0.3333333333333333,7,23
BP-1733,SYN-11733,5900.0,2950.0,DEV-11733,0.3333333333333333,7,23
BP-1734,SYN-11734,3800.0,1900.0,DEV-11734,0.3333333333333333,7,23
BP-1735,SYN-11735,3500.0,1750.0,DEV-11735,0.3333333333333333,7,23
BP-1736,SYN-11736,1000.0,500.0,DEV-11736,0.3333333333333333,7,23
BP-1737,SYN-11737,4500.0,2250.0,DEV-11737,0.3333333333333333,7,23
BP-1738,SYN-11738,3600.0,1800.0,DEV-11738,0.3333333333333333,7,23
BP-1739,SYN-11739,2400.0,1200.0,DEV-11739,0.3333333333333333,7,23
BP-1740,SYN-11740,1000.0,500.0,DEV-11740,0.3333333333333333,7,23
BP-1741,SYN-11741,4600.0,2300.0,DEV-11741,0.3333333333333333,7,23
BP-1742,SYN-11742,1300.0,650.0,DEV-11742,0.3333333333333333,7,23
BP-1743,SYN-11743,4900.0,2450.0,DEV-11743,0.3333333333333333,7,23
BP-1744,SYN-11744,1800.0,900.0,DEV-11744,0.3333333333333333,7,23
BP-1745,SYN-11745,2400.0,1200.0,DEV-11745,0.3333333333333333,7,23
BP-1746,SYN-11746,5200.0,2600.0,DEV-11746,0.3333333333333333,7,23
BP-1747,SYN-11747,3200.0,1600.0,DEV-11747,0.3333333333333333,7,23
BP-1748,SYN-11748,5900.0,2950.0,DEV-11748,0.3333333333333333,7,23
BP-1749,SYN-11749,1600.0,800.0,DEV-11749,0.3333333333333333,7,23
BP-1750,SYN-11750,1200.0,600.0,DEV-11750,0.3333333333333333,7,23
BP-1751,SYN-11751,2600.0,1300.0,DEV-11751,0.3333333333333333,7,23
BP-1752,SYN-11752,4100.0,2050.0,DEV-11752,0.3333333333333333,7,23
BP-1753,SYN-11753,1200.0,600.0,DEV-11753,0.3333333333333333,7,23
BP-1754,SYN-11754,3300.0,1650.0,DEV-11754,0.3333333333333333,7,23
BP-1755,SYN-11755,3200.0,1600.0,DEV-11755,0.3333333333333333,7,23
BP-1756,SYN-11756,5700.0,2850.0,DEV-11756,0.3333333333333333,7,23
BP-1757,SYN-11757,4300.0,2150.0,DEV-11757,0.3333333333333333,7,23
BP-1758,SYN-11758,1000.0,500.0,DEV-11758,0.3333333333333333,7,23
BP-1759,SYN-11759,4700.0,2350.0,DEV-11759,0.3333333333333333,7,23
BP-1760,SYN-11760,1100.0,550.0,DEV-11760,0.3333333333333333,7,23
BP-1761,SYN-11761,3500.0,1750.0,DEV-11761,0.3333333333333333,7,23
BP-1762,SYN-11762,3300.0,1650.0,DEV-11762,0.3333333333333333,7,23
BP-1763,SYN-11763,2900.0,1450.0,DEV-11763,0.3333333333333333,7,23
BP-1764,SYN-11764,5600.0,2800.0,DEV-11764,0.3333333333333333,7,23
BP-1765,SYN-11765,1500.0,750.0,DEV-11765,0.3333333333333333,7,23
BP-1766,SYN-11766,2300.0,1150.0,DEV-11766,0.3333333333333333,7,23
BP-1767,SYN-11767,3000.0,1500.0,DEV-11767,0.3333333333333333,7,23
BP-1768,SYN-11768,3300.0,1650.0,DEV-11768,0.3333333333333333,7,23
BP-1769,SYN-11769,3000.0,1500.0,DEV-11769,0.3333333333333333,7,23
BP-1770,SYN-11770,2400.0,1200.0,DEV-11770,0.3333333333333333,7,23
BP-1771,SYN-11771,1200.0,600.0,DEV-11771,0.3333333333333333,7,23
BP-1772,SYN-11772,1600.0,800.0,DEV-11772,0.3333333333333333,7,23
BP-1773,SYN-11773,4700.0,2350.0,DEV-11773,0.3333333333333333,7,23
BP-1774,SYN-11774,5700.0,2850.0,DEV-11774,0.3333333333333333,7,23
BP-1775,SYN-11775,2300.0,1150.0,DEV-11775,0.3333333333333333,7,23
BP-1776,SYN-11776,2700.0,1350.0,DEV-11776,0.3333333333333333,7,23
BP-1777,SYN-11777,2400.0,1200.0,DEV-11777,0.3333333333333333,7,23
BP-1778,SYN-11778,5900.0,2950.0,DEV-11778,0.3333333333333333,7,23
BP-1779,SYN-11779,5600.0,2800.0,DEV-11779,0.3333333333333333,7,23
BP-1780,SYN-11780,4300.0,2150.0,DEV-11780,0.3333333333333333,7,23
BP-1781,SYN-11781,4700.0,2350.0,DEV-11781,0.3333333333333333,7,23
BP-1782,SYN-11782,4000.0,2000.0,DEV-11782,0.3333333333333333,7,23
BP-1783,SYN-11783,1700.0,850.0,DEV-11783,0.3333333333333333,7,23
BP-1784,SYN-11784,1200.0,600.0,DEV-11784,0.3333333333333333,7,23
BP-1785,SYN-11785,5800.0,2900.0,DEV-11785,0.3333333333333333,7,23
BP-1786,SYN-11786,5300.0,2650.0,DEV-11786,0.3333333333333333,7,23
BP-1787,SYN-11787,2200.0,1100.0,DEV-11787,0.3333333333333333,7,23
BP-1788,SYN-11788,3700.0,1850.0,DEV-11788,0.3333333333333333,7,23
BP-1789,SYN-11789,2900.0,1450.0,DEV-11789,0.3333333333333333,7,23
BP-1790,SYN-11790,5400.0,2700.0,DEV-11790,0.3333333333333333,7,23
BP-1791,SYN-11791,5300.0,2650.0,DEV-11791,0.3333333333333333,7,23
BP-1792,SYN-11792,3100.0,1550.0,DEV-11792,0.3333333333333333,7,23
BP-1793,SYN-11793,1700.0,850.0,DEV-11793,0.3333333333333333,7,23
BP-1794,SYN-11794,2700.0,1350.0,DEV-11794,0.3333333333333333,7,23
BP-1795,SYN-11795,1200.0,600.0,DEV-11795,0.3333333333333333,7,23
BP-1796,SYN-11796,3000.0,1500.0,DEV-11796,0.3333333333333333,7,23
BP-1797,SYN-11797,2900.0,1450.0,DEV-11797,0.3333333333333333,7,23
BP-1798,SYN-11798,4500.0,2250.0,DEV-11798,0.3333333333333333,7,23
BP-1799,SYN-11799,3600.0,1800.0,DEV-11799,0.3333333333333333,7,23
BP-1800,SYN-11800,4400.0,2200.0,DEV-11800,0.3333333333333333,7,23
BP-1801,SYN-11801,5100.0,2550.0,DEV-11801,0.3333333333333333,7,23
BP-1802,SYN-11802,2300.0,1150.0,DEV-11802,0.3333333333333333,7,23
BP-1803,SYN-11803,3400.0,1700.0,DEV-11803,0.3333333333333333,7,23
BP-1804,SYN-11804,2800.0,1400.0,DEV-11804,0.3333333333333333,7,23
BP-1805,SYN-11805,3600.0,1800.0,DEV-11805,0.3333333333333333,7,23
BP-1806,SYN-11806,1100.0,550.0,DEV-11806,0.3333333333333333,7,23
BP-1807,SYN-11807,1500.0,750.0,DEV-11807,0.3333333333333333,7,23
BP-1808,SYN-11808,3500.0,1750.0,DEV-11808,0.3333333333333333,7,23
BP-1809,SYN-11809,5900.0,2950.0,DEV-11809,0.3333333333333333,7,23
BP-1810,SYN-11810,3600.0,1800.0,DEV-11810,0.3333333333333333,7,23
BP-1811,SYN-11811,4700.0,2350.0,DEV-11811,0.3333333333333333,7,23
BP-1812,SYN-11812,5400.0,2700.0,DEV-11812,0.3333333333333333,7,23
BP-1813,SYN-11813,4700.0,2350.0,DEV-11813,0.3333333333333333,7,23
BP-1814,SYN-11814,3200.0,1600.0,DEV-11814,0.3333333333333333,7,23
BP-1815,SYN-11815,4800.0,2400.0,DEV-11815,0.3333333333333333,7,23
BP-1816,SYN-11816,1200.0,600.0,DEV-11816,0.3333333333333333,7,23
BP-1817,SYN-11817,5600.0,2800.0,DEV-11817,0.3333333333333333,7,23
BP-1818,SYN-11818,2800.0,1400.0,DEV-11818,0.3333333333333333,7,23
BP-1819,SYN-11819,1200.0,600.0,DEV-11819,0.3333333333333333,7,23
BP-1820,SYN-11820,4100.0,2050.0,DEV-11820,0.3333333333333333,7,23
BP-1821,SYN-11821,3600.0,1800.0,DEV-11821,0.3333333333333333,7,23
BP-1822,SYN-11822,1600.0,800.0,DEV-11822,0.3333333333333333,7,23
BP-1823,SYN-11823,4500.0,2250.0,DEV-11823,0.3333333333333333,7,23
BP-1824,SYN-11824,5300.0,2650.0,DEV-11824,0.3333333333333333,7,23
BP-1825,SYN-11825,2000.0,1000.0,DEV-11825,0.3333333333333333,7,23
BP-1826,SYN-11826,5400.0,2700.0,DEV-11826,0.3333333333333333,7,23
BP-1827,SYN-11827,1100.0,550.0,DEV-11827,0.3333333333333333,7,23
BP-1828,SYN-11828,5400.0,2700.0,DEV-11828,0.3333333333333333,7,23
BP-1829,SYN-11829,5400.0,2700.0,DEV-11829,0.3333333333333333,7,23
BP-1830,SYN-11830,2400.0,1200.0,DEV-11830,0.3333333333333333,7,23
BP-1831,SYN-11831,2400.0,1200.0,DEV-11831,0.3333333333333333,7,23
BP-1832,SYN-11832,5500.0,2750.0,DEV-11832,0.3333333333333333,7,23
BP-1833,SYN-11833,6000.0,3000.0,DEV-11833,0.3333333333333333,7,23
BP-1834,SYN-11834,5600.0,2800.0,DEV-11834,0.3333333333333333,7,23
BP-1835,SYN-11835,4500.0,2250.0,DEV-11835,0.3333333333333333,7,23
BP-1836,SYN-11836,4800.0,2400.0,DEV-11836,0.3333333333333333,7,23
BP-1837,SYN-11837,3100.0,1550.0,DEV-11837,0.3333333333333333,7,23
BP-1838,SYN-11838,5600.0,2800.0,DEV-11838,0.3333333333333333,7,23
BP-1839,SYN-11839,3500.0,1750.0,DEV-11839,0.3333333333333333,7,23
BP-1840,SYN-11840,3200.0,1600.0,DEV-11840,0.3333333333333333,7,23
BP-1841,SYN-11841,2900.0,1450.0,DEV-11841,0.3333333333333333,7,23
BP-1842,SYN-11842,4600.0,2300.0,DEV-11842,0.3333333333333333,7,23
BP-1843,SYN-11843,2600.0,1300.0,DEV-11843,0.3333333333333333,7,23
BP-1844,SYN-11844,5400.0,2700.0,DEV-11844,0.3333333333333333,7,23
BP-1845,SYN-11845,2200.0,1100.0,DEV-11845,0.3333333333333333,7,23
BP-1846,SYN-11846,2300.0,1150.0,DEV-11846,0.3333333333333333,7,23
BP-1847,SYN-11847,5700.0,2850.0,DEV-11847,0.3333333333333333,7,23
BP-1848,SYN-11848,5200.0,2600.0,DEV-11848,0.3333333333333333,7,23
BP-1849,SYN-11849,3500.0,1750.0,DEV-11849,0.3333333333333333,7,23
BP-1850,SYN-11850,2500.0,1250.0,DEV-11850,0.3333333333333333,7,23
BP-1851,SYN-11851,1000.0,500.0,DEV-11851,0.3333333333333333,7,23
BP-1852,SYN-11852,5100.0,2550.0,DEV-11852,0.3333333333333333,7,23
BP-1853,SYN-11853,5400.0,2700.0,DEV-11853,0.3333333333333333,7,23
BP-1854,SYN-11854,1300.0,650.0,DEV-11854,0.3333333333333333,7,23
BP-1855,SYN-11855,3000.0,1500.0,DEV-11855,0.3333333333333333,7,23
BP-1856,SYN-11856,1900.0,950.0,DEV-11856,0.3333333333333333,7,23
BP-1857,SYN-11857,2000.0,1000.0,DEV-11857,0.3333333333333333,7,23
BP-1858,SYN-11858,3900.0,1950.0,DEV-11858,0.3333333333333333,7,23
BP-1859,SYN-11859,2600.0,1300.0,DEV-11859,0.3333333333333333,7,23
BP-1860,SYN-11860,2600.0,1300.0,DEV-11860,0.3333333333333333,7,23
BP-1861,SYN-11861,5500.0,2750.0,DEV-11861,0.3333333333333333,7,23
BP-1862,SYN-11862,3100.0,1550.0,DEV-11862,0.3333333333333333,7,23
BP-1863,SYN-11863,2200.0,1100.0,DEV-11863,0.3333333333333333,7,23
BP-1864,SYN-11864,4200.0,2100.0,DEV-11864,0.3333333333333333,7,23
BP-1865,SYN-11865,3900.0,1950.0,DEV-11865,0.3333333333333333,7,23
BP-1866,SYN-11866,5900.0,2950.0,DEV-11866,0.3333333333333333,7,23
BP-1867,SYN-11867,4500.0,2250.0,DEV-11867,0.3333333333333333,7,23
BP-1868,SYN-11868,4400.0,2200.0,DEV-11868,0.3333333333333333,7,23
BP-1869,SYN-11869,1200.0,600.0,DEV-11869,0.3333333333333333,7,23
BP-1870,SYN-11870,4800.0,2400.0,DEV-11870,0.3333333333333333,7,23
BP-1871,SYN-11871,3600.0,1800.0,DEV-11871,0.3333333333333333,7,23
BP-1872,SYN-11872,3400.0,1700.0,DEV-11872,0.3333333333333333,7,23
BP-1873,SYN-11873,4500.0,2250.0,DEV-11873,0.3333333333333333,7,23
BP-1874,SYN-11874,4400.0,2200.0,DEV-11874,0.3333333333333333,7,23
BP-1875,SYN-11875,1300.0,650.0,DEV-11875,0.3333333333333333,7,23
BP-1876,SYN-11876,5900.0,2950.0,DEV-11876,0.3333333333333333,7,23
BP-1877,SYN-11877,4700.0,2350.0,DEV-11877,0.3333333333333333,7,23
BP-1878,SYN-11878,1000.0,500.0,DEV-11878,0.3333333333333333,7,23
BP-1879,SYN-11879,6000.0,3000.0,DEV-11879,0.3333333333333333,7,23
BP-1880,SYN-11880,4400.0,2200.0,DEV-11880,0.3333333333333333,7,23
BP-1881,SYN-11881,2600.0,1300.0,DEV-11881,0.3333333333333333,7,23
BP-1882,SYN-11882,4600.0,2300.0,DEV-11882,0.3333333333333333,7,23
BP-1883,SYN-11883,4700.0,2350.0,DEV-11883,0.3333333333333333,7,23
BP-1884,SYN-11884,5400.0,2700.0,DEV-11884,0.3333333333333333,7,23
BP-1885,SYN-11885,1400.0,700.0,DEV-11885,0.3333333333333333,7,23
BP-1886,SYN-11886,5100.0,2550.0,DEV-11886,0.3333333333333333,7,23
BP-1887,SYN-11887,1400.0,700.0,DEV-11887,0.3333333333333333,7,23
BP-1888,SYN-11888,3300.0,1650.0,DEV-11888,0.3333333333333333,7,23
BP-1889,SYN-11889,4800.0,2400.0,DEV-11889,0.3333333333333333,7,23
BP-1890,SYN-11890,3800.0,1900.0,DEV-11890,0.3333333333333333,7,23
BP-1891,SYN-11891,5600.0,2800.0,DEV-11891,0.3333333333333333,7,23
BP-1892,SYN-11892,2200.0,1100.0,DEV-11892,0.3333333333333333,7,23
BP-1893,SYN-11893,2400.0,1200.0,DEV-11893,0.3333333333333333,7,23
BP-1894,SYN-11894,2100.0,1050.0,DEV-11894,0.3333333333333333,7,23
BP-1895,SYN-11895,2300.0,1150.0,DEV-11895,0.3333333333333333,7,23
BP-1896,SYN-11896,1500.0,750.0,DEV-11896,0.3333333333333333,7,23
BP-1897,SYN-11897,3700.0,1850.0,DEV-11897,0.3333333333333333,7,23
BP-1898,SYN-11898,4900.0,2450.0,DEV-11898,0.3333333333333333,7,23
BP-1899,SYN-11899,2800.0,1400.0,DEV-11899,0.3333333333333333,7,23
BP-1900,SYN-11900,1300.0,650.0,DEV-11900,0.3333333333333333,7,23
BP-1901,SYN-11901,4400.0,2200.0,DEV-11901,0.3333333333333333,7,23
BP-1902,SYN-11902,4200.0,2100.0,DEV-11902,0.3333333333333333,7,23
BP-1903,SYN-11903,5000.0,2500.0,DEV-11903,0.3333333333333333,7,23
BP-1904,SYN-11904,1900.0,950.0,DEV-11904,0.3333333333333333,7,23
BP-1905,SYN-11905,5800.0,2900.0,DEV-11905,0.3333333333333333,7,23
BP-1906,SYN-11906,3800.0,1900.0,DEV-11906,0.3333333333333333,7,23
BP-1907,SYN-11907,1100.0,550.0,DEV-11907,0.3333333333333333,7,23
BP-1908,SYN-11908,1400.0,700.0,DEV-11908,0.3333333333333333,7,23
BP-1909,SYN-11909,1300.0,650.0,DEV-11909,0.3333333333333333,7,23
BP-1910,SYN-11910,1400.0,700.0,DEV-11910,0.3333333333333333,7,23
BP-1911,SYN-11911,2800.0,1400.0,DEV-11911,0.3333333333333333,7,23
BP-1912,SYN-11912,2500.0,1250.0,DEV-11912,0.3333333333333333,7,23
BP-1913,SYN-11913,3800.0,1900.0,DEV-11913,0.3333333333333333,7,23
BP-1914,SYN-11914,4700.0,2350.0,DEV-11914,0.3333333333333333,7,23
BP-1915,SYN-11915,5900.0,2950.0,DEV-11915,0.3333333333333333,7,23
BP-1916,SYN-11916,3200.0,1600.0,DEV-11916,0.3333333333333333,7,23
BP-1917,SYN-11917,3300.0,1650.0,DEV-11917,0.3333333333333333,7,23
BP-1918,SYN-11918,3400.0,1700.0,DEV-11918,0.3333333333333333,7,23
BP-1919,SYN-11919,3500.0,1750.0,DEV-11919,0.3333333333333333,7,23
BP-1920,SYN-11920,5800.0,2900.0,DEV-11920,0.3333333333333333,7,23
BP-1921,SYN-11921,3000.0,1500.0,DEV-11921,0.3333333333333333,7,23
BP-1922,SYN-11922,4800.0,2400.0,DEV-11922,0.3333333333333333,7,23
BP-1923,SYN-11923,5700.0,2850.0,DEV-11923,0.3333333333333333,7,23
BP-1924,SYN-11924,2100.0,1050.0,DEV-11924,0.3333333333333333,7,23
BP-1925,SYN-11925,2600.0,1300.0,DEV-11925,0.3333333333333333,7,23
BP-1926,SYN-11926,4000.0,2000.0,DEV-11926,0.3333333333333333,7,23
BP-1927,SYN-11927,4200.0,2100.0,DEV-11927,0.3333333333333333,7,23
BP-1928,SYN-11928,1300.0,650.0,DEV-11928,0.3333333333333333,7,23
BP-1929,SYN-11929,2700.0,1350.0,DEV-11929,0.3333333333333333,7,23
BP-1930,SYN-11930,1400.0,700.0,DEV-11930,0.3333333333333333,7,23
BP-1931,SYN-11931,4000.0,2000.0,DEV-11931,0.3333333333333333,7,23
BP-1932,SYN-11932,1600.0,800.0,DEV-11932,0.3333333333333333,7,23
BP-1933,SYN-11933,2800.0,1400.0,DEV-11933,0.3333333333333333,7,23
BP-1934,SYN-11934,2200.0,1100.0,DEV-11934,0.3333333333333333,7,23
BP-1935,SYN-11935,3900.0,1950.0,DEV-11935,0.3333333333333333,7,23
BP-1936,SYN-11936,2900.0,1450.0,DEV-11936,0.3333333333333333,7,23
BP-1937,SYN-11937,3600.0,1800.0,DEV-11937,0.3333333333333333,7,23
BP-1938,SYN-11938,4800.0,2400.0,DEV-11938,0.3333333333333333,7,23
BP-1939,SYN-11939,3900.0,1950.0,DEV-11939,0.3333333333333333,7,23
BP-1940,SYN-11940,4600.0,2300.0,DEV-11940,0.3333333333333333,7,23
BP-1941,SYN-11941,1100.0,550.0,DEV-11941,0.3333333333333333,7,23
BP-1942,SYN-11942,2900.0,1450.0,DEV-11942,0.3333333333333333,7,23
BP-1943,SYN-11943,4100.0,2050.0,DEV-11943,0.3333333333333333,7,23
BP-1944,SYN-11944,4700.0,2350.0,DEV-11944,0.3333333333333333,7,23
BP-1945,SYN-11945,3400.0,1700.0,DEV-11945,0.3333333333333333,7,23
BP-1946,SYN-11946,4600.0,2300.0,DEV-11946,0.3333333333333333,7,23
BP-1947,SYN-11947,5200.0,2600.0,DEV-11947,0.3333333333333333,7,23
BP-1948,SYN-11948,4600.0,2300.0,DEV-11948,0.3333333333333333,7,23
BP-1949,SYN-11949,4700.0,2350.0,DEV-11949,0.3333333333333333,7,23
BP-1950,SYN-11950,4400.0,2200.0,DEV-11950,0.3333333333333333,7,23
BP-1951,SYN-11951,5400.0,2700.0,DEV-11951,0.3333333333333333,7,23
BP-1952,SYN-11952,4400.0,2200.0,DEV-11952,0.3333333333333333,7,23
BP-1953,SYN-11953,2100.0,1050.0,DEV-11953,0.3333333333333333,7,23
BP-1954,SYN-11954,5000.0,2500.0,DEV-11954,0.3333333333333333,7,23
BP-1955,SYN-11955,5200.0,2600.0,DEV-11955,0.3333333333333333,7,23
BP-1956,SYN-11956,4400.0,2200.0,DEV-11956,0.3333333333333333,7,23
BP-1957,SYN-11957,4800.0,2400.0,DEV-11957,0.3333333333333333,7,23
BP-1958,SYN-11958,3500.0,1750.0,DEV-11958,0.3333333333333333,7,23
BP-1959,SYN-11959,5200.0,2600.0,DEV-11959,0.3333333333333333,7,23
BP-1960,SYN-11960,3400.0,1700.0,DEV-11960,0.3333333333333333,7,23
BP-1961,SYN-11961,3700.0,1850.0,DEV-11961,0.3333333333333333,7,23
BP-1962,SYN-11962,2500.0,1250.0,DEV-11962,0.3333333333333333,7,23
BP-1963,SYN-11963,1600.0,800.0,DEV-11963,0.3333333333333333,7,23
BP-1964,SYN-11964,4000.0,2000.0,DEV-11964,0.3333333333333333,7,23
BP-1965,SYN-11965,3700.0,1850.0,DEV-11965,0.3333333333333333,7,23
BP-1966,SYN-11966,4300.0,2150.0,DEV-11966,0.3333333333333333,7,23
BP-1967,SYN-11967,2600.0,1300.0,DEV-11967,0.3333333333333333,7,23
BP-1968,SYN-11968,4800.0,2400.0,DEV-11968,0.3333333333333333,7,23
BP-1969,SYN-11969,2600.0,1300.0,DEV-11969,0.3333333333333333,7,23
BP-1970,SYN-11970,1900.0,950.0,DEV-11970,0.3333333333333333,7,23
BP-1971,SYN-11971,1100.0,550.0,DEV-11971,0.3333333333333333,7,23
BP-1972,SYN-11972,2300.0,1150.0,DEV-11972,0.3333333333333333,7,23
BP-1973,SYN-11973,3700.0,1850.0,DEV-11973,0.3333333333333333,7,23
BP-1974,SYN-11974,4700.0,2350.0,DEV-11974,0.3333333333333333,7,23
BP-1975,SYN-11975,1600.0,800.0,DEV-11975,0.3333333333333333,7,23
BP-1976,SYN-11976,5600.0,2800.0,DEV-11976,0.3333333333333333,7,23
BP-1977,SYN-11977,2500.0,1250.0,DEV-11977,0.3333333333333333,7,23
BP-1978,SYN-11978,2400.0,1200.0,DEV-11978,0.3333333333333333,7,23
BP-1979,SYN-11979,3900.0,1950.0,DEV-11979,0.3333333333333333,7,23
BP-1980,SYN-11980,2800.0,1400.0,DEV-11980,0.3333333333333333,7,23
BP-1981,SYN-11981,3700.0,1850.0,DEV-11981,0.3333333333333333,7,23
BP-1982,SYN-11982,1300.0,650.0,DEV-11982,0.3333333333333333,7,23
BP-1983,SYN-11983,5400.0,2700.0,DEV-11983,0.3333333333333333,7,23
BP-1984,SYN-11984,4800.0,2400.0,DEV-11984,0.3333333333333333,7,23
BP-1985,SYN-11985,5200.0,2600.0,DEV-11985,0.3333333333333333,7,23
BP-1986,SYN-11986,1000.0,500.0,DEV-11986,0.3333333333333333,7,23
BP-1987,SYN-11987,4000.0,2000.0,DEV-11987,0.3333333333333333,7,23
BP-1988,SYN-11988,3500.0,1750.0,DEV-11988,0.3333333333333333,7,23
BP-1989,SYN-11989,1900.0,950.0,DEV-11989,0.3333333333333333,7,23
BP-1990,SYN-11990,5800.0,2900.0,DEV-11990,0.3333333333333333,7,23
BP-1991,SYN-11991,1800.0,900.0,DEV-11991,0.3333333333333333,7,23
BP-1992,SYN-11992,5800.0,2900.0,DEV-11992,0.3333333333333333,7,23
BP-1993,SYN-11993,1600.0,800.0,DEV-11993,0.3333333333333333,7,23
BP-1994,SYN-11994,1200.0,600.0,DEV-11994,0.3333333333333333,7,23
BP-1995,SYN-11995,4900.0,2450.0,DEV-11995,0.3333333333333333,7,23
BP-1996,SYN-11996,3700.0,1850.0,DEV-11996,0.3333333333333333,7,23
BP-1997,SYN-11997,3800.0,1900.0,DEV-11997,0.3333333333333333,7,23
BP-1998,SYN-11998,2700.0,1350.0,DEV-11998,0.3333333333333333,7,23
BP-1999,SYN-11999,3600.0,1800.0,DEV-11999,0.3333333333333333,7,23
