customer_id,name,occupation,city,monthly_income,monthly_expense,opening_cash,opening_cash_paise,opening_credit,credit_limit,usual_transfer_amount,preferred_channel,financial_trajectory,salary_day_of_month
SYN-10000,Synthetic customer 1,Salaried,Delhi,82000.0,48206.14,276134.67,27613467,1500.0,62644.8,2500.0,UPI,buffered_scam,28
SYN-10001,Synthetic customer 2,Salaried,Mumbai,81000.0,49754.57,86870.97,8687097,0.0,103342.4,4800.0,UPI,recovered_scam,1
SYN-10002,Synthetic customer 3,Salaried,Bengaluru,114000.0,72252.31,108804.8,10880480,1000.0,136443.45,5100.0,UPI,familiar_device_scam,5
SYN-10003,Synthetic customer 4,Salaried,Jaipur,110000.0,48677.83,65662.65,6566265,4500.0,49423.41,2300.0,UPI,small_scam,1
SYN-10004,Synthetic customer 5,Salaried,Delhi,81000.0,39568.82,57282.31,5728231,3000.0,69061.89,3600.0,UPI,legitimate_large,1
SYN-10005,Synthetic customer 6,Salaried,Mumbai,72000.0,34789.08,24364.35,2436435,1000.0,63109.0,3500.0,UPI,new_device_legitimate,1
SYN-10006,Synthetic customer 7,Salaried,Bengaluru,129000.0,57821.76,159938.93,15993893,2500.0,73639.73,2000.0,UPI,prior_distress_unrelated_scam,28
SYN-10007,Synthetic customer 8,Salaried,Jaipur,93000.0,53159.35,160945.76,16094576,0.0,113637.32,2100.0,UPI,income_gap,1
SYN-10008,Synthetic customer 9,Salaried,Delhi,122000.0,46830.11,202161.4,20216140,3000.0,116318.56,1100.0,UPI,conflicting,1
SYN-10009,Synthetic customer 10,Salaried,Mumbai,130000.0,61033.54,44003.37,4400337,1000.0,117983.1,4600.0,UPI,same_sender,28
SYN-10010,Synthetic customer 11,Salaried,Bengaluru,126000.0,80706.57,184330.65,18433065,4000.0,117739.18,1500.0,UPI,pooled_payments,1
SYN-10011,Synthetic customer 12,Salaried,Jaipur,87000.0,34013.55,145062.81,14506281,4000.0,74375.79,4100.0,UPI,multiple_episodes,5
SYN-10012,Synthetic customer 13,Salaried,Delhi,123000.0,45743.39,523642.27,52364227,0.0,78223.91,1200.0,UPI,buffered_scam,5
SYN-10013,Synthetic customer 14,Salaried,Mumbai,82000.0,42376.46,97597.84,9759784,500.0,66898.79,6000.0,UPI,recovered_scam,1
SYN-10014,Synthetic customer 15,Salaried,Bengaluru,106000.0,55084.49,199920.03,19992003,1000.0,73993.46,1400.0,UPI,familiar_device_scam,1
SYN-10015,Synthetic customer 16,Salaried,Jaipur,81000.0,47158.95,62982.6,6298260,3000.0,76502.97,1500.0,UPI,small_scam,5
SYN-10016,Synthetic customer 17,Salaried,Delhi,67000.0,36133.75,34725.0,3472500,5000.0,30298.21,3800.0,UPI,legitimate_large,1
SYN-10017,Synthetic customer 18,Salaried,Mumbai,98000.0,55578.94,59110.93,5911093,5000.0,116211.26,4300.0,UPI,new_device_legitimate,28
SYN-10018,Synthetic customer 19,Salaried,Bengaluru,51000.0,29379.98,13165.72,1316572,3500.0,25103.83,5300.0,UPI,prior_distress_unrelated_scam,1
SYN-10019,Synthetic customer 20,Salaried,Jaipur,107000.0,49427.48,204266.97,20426697,4000.0,127040.05,1900.0,UPI,income_gap,1
SYN-10020,Synthetic customer 21,Salaried,Delhi,48000.0,19065.94,61614.55,6161455,500.0,47759.93,3600.0,UPI,conflicting,1
SYN-10021,Synthetic customer 22,Salaried,Mumbai,61000.0,24913.86,98278.74,9827874,4000.0,52718.16,2400.0,UPI,same_sender,1
SYN-10022,Synthetic customer 23,Salaried,Bengaluru,70000.0,31326.89,78316.01,7831601,3500.0,84046.84,3400.0,UPI,pooled_payments,5
SYN-10023,Synthetic customer 24,Salaried,Jaipur,91000.0,50032.01,52343.64,5234364,3000.0,92210.12,2900.0,UPI,multiple_episodes,1
SYN-10024,Synthetic customer 25,Salaried,Delhi,35000.0,20441.28,170077.9,17007790,2500.0,24959.8,3700.0,UPI,buffered_scam,1
SYN-10025,Synthetic customer 26,Salaried,Mumbai,124000.0,61129.6,136918.84,13691884,4500.0,101914.0,5100.0,UPI,recovered_scam,1
SYN-10026,Synthetic customer 27,Salaried,Bengaluru,31000.0,11862.65,61650.42,6165042,1000.0,31151.32,4900.0,UPI,familiar_device_scam,1
SYN-10027,Synthetic customer 28,Salaried,Jaipur,100000.0,53884.12,144222.48,14422248,3500.0,95468.38,2900.0,UPI,small_scam,1
SYN-10028,Synthetic customer 29,Salaried,Delhi,113000.0,70835.1,175033.1,17503310,4500.0,71687.06,5000.0,UPI,legitimate_large,28
SYN-10029,Synthetic customer 30,Salaried,Mumbai,124000.0,73616.65,40446.24,4044624,1500.0,49969.1,5400.0,UPI,new_device_legitimate,1
SYN-10030,Synthetic customer 31,Salaried,Bengaluru,128000.0,78979.05,130005.21,13000521,500.0,136496.02,4400.0,UPI,prior_distress_unrelated_scam,1
SYN-10031,Synthetic customer 32,Salaried,Jaipur,60000.0,21980.27,52263.88,5226388,3500.0,50256.25,4300.0,UPI,income_gap,5
SYN-10032,Synthetic customer 33,Salaried,Delhi,124000.0,61438.24,100757.88,10075788,1000.0,61029.83,1900.0,UPI,conflicting,1
SYN-10033,Synthetic customer 34,Salaried,Mumbai,111000.0,50597.03,217561.03,21756103,2500.0,50536.25,4700.0,UPI,same_sender,1
SYN-10034,Synthetic customer 35,Salaried,Bengaluru,128000.0,71113.53,148843.42,14884342,1500.0,150000.95,3400.0,UPI,pooled_payments,5
SYN-10035,Synthetic customer 36,Salaried,Jaipur,36000.0,16027.02,41571.46,4157146,1000.0,22837.15,3000.0,UPI,multiple_episodes,1
SYN-10036,Synthetic customer 37,Salaried,Delhi,63000.0,33739.63,312042.74,31204274,2500.0,64360.55,5400.0,UPI,buffered_scam,1
SYN-10037,Synthetic customer 38,Salaried,Mumbai,68000.0,29649.86,34562.44,3456244,2000.0,49993.1,5800.0,UPI,recovered_scam,1
SYN-10038,Synthetic customer 39,Salaried,Bengaluru,85000.0,30581.48,40996.47,4099647,4000.0,62253.9,1700.0,UPI,familiar_device_scam,1
SYN-10039,Synthetic customer 40,Salaried,Jaipur,99000.0,59618.32,69929.67,6992967,1000.0,105461.2,4600.0,UPI,small_scam,1
SYN-10040,Synthetic customer 41,Salaried,Delhi,82000.0,42941.78,29024.92,2902492,0.0,100453.52,3400.0,UPI,legitimate_large,1
SYN-10041,Synthetic customer 42,Salaried,Mumbai,99000.0,60959.27,57086.13,5708613,500.0,109513.67,6000.0,UPI,new_device_legitimate,1
SYN-10042,Synthetic customer 43,Salaried,Bengaluru,113000.0,62453.58,116551.26,11655126,2500.0,121063.87,2200.0,UPI,prior_distress_unrelated_scam,1
SYN-10043,Synthetic customer 44,Salaried,Jaipur,91000.0,40630.68,90658.71,9065871,0.0,41692.12,4100.0,UPI,income_gap,1
SYN-10044,Synthetic customer 45,Salaried,Delhi,122000.0,46389.61,37808.0,3780800,0.0,121852.38,6000.0,UPI,conflicting,1
SYN-10045,Synthetic customer 46,Salaried,Mumbai,45000.0,29129.35,53383.37,5338337,2500.0,35108.71,4000.0,UPI,same_sender,5
SYN-10046,Synthetic customer 47,Salaried,Bengaluru,34000.0,14655.27,39325.97,3932597,5000.0,30380.08,1400.0,UPI,pooled_payments,1
SYN-10047,Synthetic customer 48,Salaried,Jaipur,75000.0,34671.96,64206.91,6420691,1000.0,66208.84,2700.0,UPI,multiple_episodes,5
SYN-10048,Synthetic customer 49,Salaried,Delhi,69000.0,42674.69,276501.49,27650149,500.0,84163.73,1400.0,UPI,buffered_scam,5
SYN-10049,Synthetic customer 50,Salaried,Mumbai,127000.0,47359.67,25898.06,2589806,1000.0,139700.71,1900.0,UPI,recovered_scam,1
SYN-10050,Synthetic customer 51,Salaried,Bengaluru,54000.0,33227.31,89286.67,8928667,5000.0,28445.92,5500.0,UPI,familiar_device_scam,28
SYN-10051,Synthetic customer 52,Salaried,Jaipur,99000.0,37544.14,58758.57,5875857,1500.0,77037.69,4400.0,UPI,small_scam,28
SYN-10052,Synthetic customer 53,Salaried,Delhi,93000.0,33192.76,104266.06,10426606,1000.0,55304.85,3300.0,UPI,legitimate_large,1
SYN-10053,Synthetic customer 54,Salaried,Mumbai,129000.0,80091.47,255576.99,25557699,0.0,81749.74,6000.0,UPI,new_device_legitimate,1
SYN-10054,Synthetic customer 55,Salaried,Bengaluru,69000.0,37333.81,101466.98,10146698,2000.0,73174.08,1600.0,UPI,prior_distress_unrelated_scam,28
SYN-10055,Synthetic customer 56,Salaried,Jaipur,106000.0,64201.73,78610.23,7861023,2000.0,111006.15,1000.0,UPI,income_gap,28
SYN-10056,Synthetic customer 57,Salaried,Delhi,104000.0,64472.37,180560.52,18056052,500.0,82678.98,5000.0,UPI,conflicting,1
SYN-10057,Synthetic customer 58,Salaried,Mumbai,58000.0,35048.11,57933.62,5793362,0.0,46163.26,3900.0,UPI,same_sender,1
SYN-10058,Synthetic customer 59,Salaried,Bengaluru,60000.0,31352.48,78471.56,7847156,500.0,42756.66,2000.0,UPI,pooled_payments,1
SYN-10059,Synthetic customer 60,Salaried,Jaipur,52000.0,32081.04,83672.69,8367269,0.0,47113.64,3000.0,UPI,multiple_episodes,1
SYN-10060,Synthetic customer 61,Salaried,Delhi,69000.0,37166.61,336042.63,33604263,2000.0,45248.04,3700.0,UPI,buffered_scam,1
SYN-10061,Synthetic customer 62,Salaried,Mumbai,50000.0,27830.75,46832.63,4683263,5000.0,53607.27,1000.0,UPI,recovered_scam,1
SYN-10062,Synthetic customer 63,Salaried,Bengaluru,45000.0,20056.84,55549.25,5554925,3000.0,45795.09,1000.0,UPI,familiar_device_scam,5
SYN-10063,Synthetic customer 64,Salaried,Jaipur,123000.0,71740.66,187209.6,18720960,3000.0,110092.78,3200.0,UPI,small_scam,5
SYN-10064,Synthetic customer 65,Salaried,Delhi,51000.0,21281.94,35749.36,3574936,500.0,50234.84,3200.0,UPI,legitimate_large,5
SYN-10065,Synthetic customer 66,Salaried,Mumbai,108000.0,57085.44,102647.14,10264714,2000.0,65431.93,2600.0,UPI,new_device_legitimate,1
SYN-10066,Synthetic customer 67,Salaried,Bengaluru,42000.0,25758.23,79795.62,7979562,500.0,48331.14,3400.0,UPI,prior_distress_unrelated_scam,5
SYN-10067,Synthetic customer 68,Salaried,Jaipur,66000.0,31456.01,91750.77,9175077,4500.0,70142.77,1200.0,UPI,income_gap,1
SYN-10068,Synthetic customer 69,Salaried,Delhi,57000.0,21879.52,59265.53,5926553,4500.0,31441.79,5500.0,UPI,conflicting,1
SYN-10069,Synthetic customer 70,Salaried,Mumbai,91000.0,47708.45,120944.38,12094438,3000.0,97562.32,5500.0,UPI,same_sender,1
SYN-10070,Synthetic customer 71,Salaried,Bengaluru,49000.0,28822.59,13468.27,1346827,0.0,60022.52,4000.0,UPI,pooled_payments,28
SYN-10071,Synthetic customer 72,Salaried,Jaipur,35000.0,20256.68,57803.77,5780377,1500.0,27732.38,3300.0,UPI,multiple_episodes,1
SYN-10072,Synthetic customer 73,Salaried,Delhi,99000.0,51635.73,396514.81,39651481,0.0,126053.43,5200.0,UPI,buffered_scam,1
SYN-10073,Synthetic customer 74,Salaried,Mumbai,49000.0,19899.6,38147.96,3814796,1500.0,26762.87,5000.0,UPI,recovered_scam,28
SYN-10074,Synthetic customer 75,Salaried,Bengaluru,61000.0,25892.54,53485.77,5348577,0.0,40769.91,2300.0,UPI,familiar_device_scam,1
SYN-10075,Synthetic customer 76,Salaried,Jaipur,43000.0,18439.16,80591.73,8059173,1500.0,21856.57,5000.0,UPI,small_scam,5
SYN-10076,Synthetic customer 77,Salaried,Delhi,34000.0,13931.05,36558.34,3655834,0.0,25451.49,5700.0,UPI,legitimate_large,5
SYN-10077,Synthetic customer 78,Salaried,Mumbai,99000.0,50097.34,40686.95,4068695,2000.0,96498.84,2300.0,UPI,new_device_legitimate,1
SYN-10078,Synthetic customer 79,Salaried,Bengaluru,58000.0,28626.43,29195.74,2919574,4500.0,56869.46,4800.0,UPI,prior_distress_unrelated_scam,1
SYN-10079,Synthetic customer 80,Salaried,Jaipur,118000.0,67812.38,131063.29,13106329,1000.0,146279.03,3400.0,UPI,income_gap,5
SYN-10080,Synthetic customer 81,Salaried,Delhi,45000.0,25131.26,74631.93,7463193,2500.0,56544.03,2900.0,UPI,conflicting,5
SYN-10081,Synthetic customer 82,Salaried,Mumbai,127000.0,75055.11,147759.89,14775989,4000.0,158232.5,1100.0,UPI,same_sender,1
SYN-10082,Synthetic customer 83,Salaried,Bengaluru,71000.0,26449.87,53611.61,5361161,2000.0,54399.04,1100.0,UPI,pooled_payments,1
SYN-10083,Synthetic customer 84,Salaried,Jaipur,106000.0,41740.11,95461.46,9546146,1500.0,125393.33,5200.0,UPI,multiple_episodes,5
SYN-10084,Synthetic customer 85,Salaried,Delhi,114000.0,67690.9,419411.94,41941194,4000.0,118827.9,5300.0,UPI,buffered_scam,28
SYN-10085,Synthetic customer 86,Salaried,Mumbai,125000.0,81202.78,198782.45,19878245,5000.0,157224.36,4300.0,UPI,recovered_scam,1
SYN-10086,Synthetic customer 87,Salaried,Bengaluru,58000.0,32989.14,97525.47,9752547,4500.0,29448.38,5600.0,UPI,familiar_device_scam,1
SYN-10087,Synthetic customer 88,Salaried,Jaipur,47000.0,29006.6,18566.82,1856682,1500.0,31254.45,1900.0,UPI,small_scam,5
SYN-10088,Synthetic customer 89,Salaried,Delhi,117000.0,55102.99,205151.23,20515123,5000.0,60492.03,1800.0,UPI,legitimate_large,1
SYN-10089,Synthetic customer 90,Salaried,Mumbai,107000.0,41622.62,191367.79,19136779,2500.0,124282.85,4900.0,UPI,new_device_legitimate,28
SYN-10090,Synthetic customer 91,Salaried,Bengaluru,50000.0,19108.33,75603.92,7560392,2500.0,47872.07,2300.0,UPI,prior_distress_unrelated_scam,5
SYN-10091,Synthetic customer 92,Salaried,Jaipur,116000.0,65944.96,216505.99,21650599,5000.0,107218.68,2100.0,UPI,income_gap,1
SYN-10092,Synthetic customer 93,Salaried,Delhi,110000.0,57272.71,90357.27,9035727,4500.0,93159.24,1100.0,UPI,conflicting,1
SYN-10093,Synthetic customer 94,Salaried,Mumbai,29000.0,10320.93,39996.38,3999638,4500.0,17758.34,5900.0,UPI,same_sender,1
SYN-10094,Synthetic customer 95,Salaried,Bengaluru,103000.0,47678.12,121976.43,12197643,2000.0,127926.08,3700.0,UPI,pooled_payments,1
SYN-10095,Synthetic customer 96,Salaried,Jaipur,73000.0,47420.21,104268.46,10426846,2000.0,80808.47,5700.0,UPI,multiple_episodes,28
SYN-10096,Synthetic customer 97,Salaried,Delhi,66000.0,37339.89,270961.3,27096130,1000.0,42245.86,2400.0,UPI,buffered_scam,1
SYN-10097,Synthetic customer 98,Salaried,Mumbai,127000.0,66980.88,66687.46,6668746,3500.0,147256.96,4600.0,UPI,recovered_scam,5
SYN-10098,Synthetic customer 99,Salaried,Bengaluru,86000.0,36715.78,125662.33,12566233,5000.0,41104.67,4200.0,UPI,familiar_device_scam,28
SYN-10099,Synthetic customer 100,Salaried,Jaipur,81000.0,43749.31,106251.21,10625121,0.0,64334.69,1200.0,UPI,small_scam,1
SYN-10100,Synthetic customer 101,Salaried,Delhi,96000.0,56350.68,113035.64,11303564,2500.0,112462.93,2100.0,UPI,legitimate_large,1
SYN-10101,Synthetic customer 102,Salaried,Mumbai,89000.0,33647.43,71541.51,7154151,0.0,68213.35,3500.0,UPI,new_device_legitimate,1
SYN-10102,Synthetic customer 103,Salaried,Bengaluru,128000.0,71277.73,43467.13,4346713,2500.0,148928.7,4300.0,UPI,prior_distress_unrelated_scam,5
SYN-10103,Synthetic customer 104,Salaried,Jaipur,117000.0,41890.29,159210.74,15921074,4500.0,123274.58,4100.0,UPI,income_gap,1
SYN-10104,Synthetic customer 105,Salaried,Delhi,45000.0,24749.95,14760.77,1476077,5000.0,38093.28,1800.0,UPI,conflicting,1
SYN-10105,Synthetic customer 106,Salaried,Mumbai,96000.0,60669.7,186963.28,18696328,500.0,118121.09,4900.0,UPI,same_sender,1
SYN-10106,Synthetic customer 107,Salaried,Bengaluru,56000.0,27755.85,74421.86,7442186,3500.0,51299.53,1400.0,UPI,pooled_payments,1
SYN-10107,Synthetic customer 108,Salaried,Jaipur,68000.0,25780.75,38662.95,3866295,500.0,40849.76,4400.0,UPI,multiple_episodes,1
SYN-10108,Synthetic customer 109,Salaried,Delhi,44000.0,24162.47,203455.27,20345527,1500.0,53242.72,5500.0,UPI,buffered_scam,1
SYN-10109,Synthetic customer 110,Salaried,Mumbai,62000.0,29735.07,75954.21,7595421,4000.0,67273.28,5600.0,UPI,recovered_scam,1
SYN-10110,Synthetic customer 111,Salaried,Bengaluru,86000.0,44117.27,47587.12,4758712,2000.0,98426.04,3700.0,UPI,familiar_device_scam,1
SYN-10111,Synthetic customer 112,Salaried,Jaipur,98000.0,34633.88,164436.07,16443607,4500.0,97120.16,5600.0,UPI,small_scam,1
SYN-10112,Synthetic customer 113,Salaried,Delhi,111000.0,47860.58,45388.63,4538863,4500.0,67368.68,3000.0,UPI,legitimate_large,1
SYN-10113,Synthetic customer 114,Salaried,Mumbai,58000.0,34783.44,84042.86,8404286,5000.0,34370.01,3600.0,UPI,new_device_legitimate,1
SYN-10114,Synthetic customer 115,Salaried,Bengaluru,94000.0,57739.75,186877.81,18687781,2000.0,99570.07,4400.0,UPI,prior_distress_unrelated_scam,1
SYN-10115,Synthetic customer 116,Salaried,Jaipur,42000.0,21650.92,33500.37,3350037,4000.0,21192.18,3600.0,UPI,income_gap,1
SYN-10116,Synthetic customer 117,Salaried,Delhi,50000.0,19947.33,99955.22,9995522,1500.0,24726.55,3800.0,UPI,conflicting,28
SYN-10117,Synthetic customer 118,Salaried,Mumbai,104000.0,53191.64,62382.99,6238299,1000.0,68609.06,2800.0,UPI,same_sender,1
SYN-10118,Synthetic customer 119,Salaried,Bengaluru,41000.0,17030.02,47241.22,4724122,4000.0,47244.54,4800.0,UPI,pooled_payments,5
SYN-10119,Synthetic customer 120,Salaried,Jaipur,80000.0,45244.63,81168.99,8116899,5000.0,55841.19,2000.0,UPI,multiple_episodes,1
SYN-10120,Synthetic customer 121,Salaried,Delhi,114000.0,71766.56,527157.71,52715771,4500.0,64102.13,1000.0,UPI,buffered_scam,28
SYN-10121,Synthetic customer 122,Salaried,Mumbai,125000.0,59138.74,27796.93,2779693,4500.0,79134.71,5500.0,UPI,recovered_scam,5
SYN-10122,Synthetic customer 123,Salaried,Bengaluru,93000.0,51716.27,129898.98,12989898,500.0,93661.66,2500.0,UPI,familiar_device_scam,1
SYN-10123,Synthetic customer 124,Salaried,Jaipur,99000.0,43869.23,165317.51,16531751,5000.0,120242.58,1800.0,UPI,small_scam,1
SYN-10124,Synthetic customer 125,Salaried,Delhi,32000.0,13367.25,11362.87,1136287,4500.0,34739.7,2100.0,UPI,legitimate_large,1
SYN-10125,Synthetic customer 126,Salaried,Mumbai,35000.0,16909.82,11001.97,1100197,3000.0,37495.78,4900.0,UPI,new_device_legitimate,1
SYN-10126,Synthetic customer 127,Salaried,Bengaluru,93000.0,43650.28,180044.54,18004454,2000.0,108145.15,3500.0,UPI,prior_distress_unrelated_scam,5
SYN-10127,Synthetic customer 128,Salaried,Jaipur,109000.0,66501.68,42269.42,4226942,4500.0,71883.86,3100.0,UPI,income_gap,1
SYN-10128,Synthetic customer 129,Salaried,Delhi,87000.0,33971.65,60110.45,6011045,1000.0,78275.18,1700.0,UPI,conflicting,1
SYN-10129,Synthetic customer 130,Salaried,Mumbai,29000.0,17745.76,8257.33,825733,4500.0,15044.02,4000.0,UPI,same_sender,28
SYN-10130,Synthetic customer 131,Salaried,Bengaluru,128000.0,62070.34,31551.33,3155133,1000.0,119339.8,5600.0,UPI,pooled_payments,28
SYN-10131,Synthetic customer 132,Salaried,Jaipur,62000.0,32492.82,34493.79,3449379,2500.0,29977.96,2600.0,UPI,multiple_episodes,28
SYN-10132,Synthetic customer 133,Salaried,Delhi,95000.0,58564.45,431897.34,43189734,1000.0,62763.88,5500.0,UPI,buffered_scam,5
SYN-10133,Synthetic customer 134,Salaried,Mumbai,58000.0,29033.82,89139.75,8913975,2500.0,38983.37,2600.0,UPI,recovered_scam,1
SYN-10134,Synthetic customer 135,Salaried,Bengaluru,61000.0,21591.02,42693.43,4269343,2500.0,71961.41,4300.0,UPI,familiar_device_scam,1
SYN-10135,Synthetic customer 136,Salaried,Jaipur,111000.0,58822.79,93895.49,9389549,1500.0,129147.51,3000.0,UPI,small_scam,1
SYN-10136,Synthetic customer 137,Salaried,Delhi,92000.0,36049.12,34007.39,3400739,2000.0,92052.35,1100.0,UPI,legitimate_large,1
SYN-10137,Synthetic customer 138,Salaried,Mumbai,94000.0,49968.1,103191.09,10319109,5000.0,44858.16,2300.0,UPI,new_device_legitimate,1
SYN-10138,Synthetic customer 139,Salaried,Bengaluru,51000.0,20261.13,86002.18,8600218,1000.0,42385.63,3400.0,UPI,prior_distress_unrelated_scam,28
SYN-10139,Synthetic customer 140,Salaried,Jaipur,42000.0,24997.81,39219.71,3921971,2500.0,22328.35,4300.0,UPI,income_gap,1
SYN-10140,Synthetic customer 141,Salaried,Delhi,35000.0,22220.82,69339.16,6933916,2500.0,19323.75,4500.0,UPI,conflicting,28
SYN-10141,Synthetic customer 142,Salaried,Mumbai,85000.0,39055.42,89062.93,8906293,4000.0,102933.54,2800.0,UPI,same_sender,1
SYN-10142,Synthetic customer 143,Salaried,Bengaluru,47000.0,29876.98,27615.48,2761548,1500.0,53815.29,4300.0,UPI,pooled_payments,28
SYN-10143,Synthetic customer 144,Salaried,Jaipur,37000.0,15654.89,26102.43,2610243,0.0,18148.31,2900.0,UPI,multiple_episodes,1
SYN-10144,Synthetic customer 145,Salaried,Delhi,105000.0,61974.84,497435.47,49743547,2500.0,80403.12,2500.0,UPI,buffered_scam,5
SYN-10145,Synthetic customer 146,Salaried,Mumbai,96000.0,61975.81,124829.0,12482900,1000.0,99106.21,3900.0,UPI,recovered_scam,1
SYN-10146,Synthetic customer 147,Salaried,Bengaluru,51000.0,25081.38,19612.03,1961203,4000.0,37899.32,4900.0,UPI,familiar_device_scam,1
SYN-10147,Synthetic customer 148,Salaried,Jaipur,35000.0,12478.22,12006.38,1200638,1000.0,27837.16,4600.0,UPI,small_scam,28
SYN-10148,Synthetic customer 149,Salaried,Delhi,47000.0,29346.22,15075.41,1507541,0.0,33797.6,2300.0,UPI,legitimate_large,28
SYN-10149,Synthetic customer 150,Salaried,Mumbai,73000.0,40661.47,26857.44,2685744,0.0,88012.77,5400.0,UPI,new_device_legitimate,1
SYN-10150,Synthetic customer 151,Salaried,Bengaluru,96000.0,44607.08,178539.72,17853972,3500.0,110173.15,2700.0,UPI,prior_distress_unrelated_scam,1
SYN-10151,Synthetic customer 152,Salaried,Jaipur,104000.0,51782.21,68942.57,6894257,1500.0,66705.46,3600.0,UPI,income_gap,1
SYN-10152,Synthetic customer 153,Salaried,Delhi,49000.0,17842.78,51086.02,5108602,2000.0,26875.11,5000.0,UPI,conflicting,28
SYN-10153,Synthetic customer 154,Salaried,Mumbai,40000.0,20627.73,61092.29,6109229,2500.0,36111.51,1600.0,UPI,same_sender,5
SYN-10154,Synthetic customer 155,Salaried,Bengaluru,59000.0,37345.93,84047.88,8404788,1500.0,54396.4,4800.0,UPI,pooled_payments,1
SYN-10155,Synthetic customer 156,Salaried,Jaipur,46000.0,27488.26,28228.41,2822841,3000.0,20693.64,4400.0,UPI,multiple_episodes,1
SYN-10156,Synthetic customer 157,Salaried,Delhi,43000.0,21071.21,146015.94,14601594,500.0,46307.9,2100.0,UPI,buffered_scam,5
SYN-10157,Synthetic customer 158,Salaried,Mumbai,56000.0,33414.56,85062.21,8506221,2500.0,67932.3,3200.0,UPI,recovered_scam,1
SYN-10158,Synthetic customer 159,Salaried,Bengaluru,58000.0,30118.79,110134.73,11013473,3000.0,50701.84,5600.0,UPI,familiar_device_scam,5
SYN-10159,Synthetic customer 160,Salaried,Jaipur,38000.0,22586.24,62609.84,6260984,4500.0,19481.65,3000.0,UPI,small_scam,28
SYN-10160,Synthetic customer 161,Salaried,Delhi,83000.0,34910.41,165170.77,16517077,1500.0,105026.21,2900.0,UPI,legitimate_large,1
SYN-10161,Synthetic customer 162,Salaried,Mumbai,55000.0,26238.74,29738.14,2973814,5000.0,52169.71,1400.0,UPI,new_device_legitimate,5
SYN-10162,Synthetic customer 163,Salaried,Bengaluru,91000.0,46176.05,31832.18,3183218,5000.0,72548.75,5500.0,UPI,prior_distress_unrelated_scam,1
SYN-10163,Synthetic customer 164,Salaried,Jaipur,92000.0,47944.14,169354.95,16935495,0.0,102873.74,1600.0,UPI,income_gap,1
SYN-10164,Synthetic customer 165,Salaried,Delhi,61000.0,32752.16,29315.09,2931509,4500.0,62279.45,2200.0,UPI,conflicting,1
SYN-10165,Synthetic customer 166,Salaried,Mumbai,97000.0,46083.41,140329.77,14032977,0.0,95259.73,2600.0,UPI,same_sender,1
SYN-10166,Synthetic customer 167,Salaried,Bengaluru,110000.0,59898.72,33118.95,3311895,500.0,84041.89,1700.0,UPI,pooled_payments,1
SYN-10167,Synthetic customer 168,Salaried,Jaipur,42000.0,23586.16,61413.03,6141303,1500.0,49603.26,1300.0,UPI,multiple_episodes,1
SYN-10168,Synthetic customer 169,Salaried,Delhi,93000.0,45530.33,413017.57,41301757,0.0,38084.49,3700.0,UPI,buffered_scam,1
SYN-10169,Synthetic customer 170,Salaried,Mumbai,95000.0,58901.26,33870.22,3387022,500.0,55437.41,2900.0,UPI,recovered_scam,1
SYN-10170,Synthetic customer 171,Salaried,Bengaluru,60000.0,27409.27,119885.1,11988510,500.0,35424.93,5900.0,UPI,familiar_device_scam,28
SYN-10171,Synthetic customer 172,Salaried,Jaipur,37000.0,20183.12,55803.44,5580344,3500.0,39566.69,2300.0,UPI,small_scam,28
SYN-10172,Synthetic customer 173,Salaried,Delhi,28000.0,14425.05,13836.59,1383659,1000.0,21435.7,4600.0,UPI,legitimate_large,28
SYN-10173,Synthetic customer 174,Salaried,Mumbai,105000.0,53678.29,174221.88,17422188,1500.0,92403.95,3300.0,UPI,new_device_legitimate,1
SYN-10174,Synthetic customer 175,Salaried,Bengaluru,50000.0,24934.73,92661.14,9266114,2000.0,61188.12,5900.0,UPI,prior_distress_unrelated_scam,28
SYN-10175,Synthetic customer 176,Salaried,Jaipur,30000.0,16491.52,56958.14,5695814,1500.0,24906.01,5300.0,UPI,income_gap,5
SYN-10176,Synthetic customer 177,Salaried,Delhi,104000.0,46037.67,93897.65,9389765,500.0,83964.87,1600.0,UPI,conflicting,1
SYN-10177,Synthetic customer 178,Salaried,Mumbai,129000.0,49862.93,212783.55,21278355,500.0,83801.83,2800.0,UPI,same_sender,1
SYN-10178,Synthetic customer 179,Salaried,Bengaluru,72000.0,37570.66,47837.96,4783796,500.0,69148.68,4100.0,UPI,pooled_payments,1
SYN-10179,Synthetic customer 180,Salaried,Jaipur,109000.0,52024.51,179137.23,17913723,2500.0,101923.19,2600.0,UPI,multiple_episodes,28
SYN-10180,Synthetic customer 181,Salaried,Delhi,124000.0,79826.65,506007.03,50600703,500.0,134248.0,5000.0,UPI,buffered_scam,1
SYN-10181,Synthetic customer 182,Salaried,Mumbai,80000.0,50363.14,138681.06,13868106,4500.0,57562.57,1600.0,UPI,recovered_scam,1
SYN-10182,Synthetic customer 183,Salaried,Bengaluru,110000.0,60580.67,68768.41,6876841,4000.0,106991.86,4300.0,UPI,familiar_device_scam,1
SYN-10183,Synthetic customer 184,Salaried,Jaipur,75000.0,40587.03,79661.96,7966196,3000.0,47626.83,2600.0,UPI,small_scam,1
SYN-10184,Synthetic customer 185,Salaried,Delhi,120000.0,72436.51,222181.07,22218107,3000.0,107384.78,1200.0,UPI,legitimate_large,28
SYN-10185,Synthetic customer 186,Salaried,Mumbai,98000.0,40257.37,167941.26,16794126,3500.0,41092.26,4100.0,UPI,new_device_legitimate,1
SYN-10186,Synthetic customer 187,Salaried,Bengaluru,41000.0,20691.87,62667.62,6266762,3500.0,30197.31,2500.0,UPI,prior_distress_unrelated_scam,1
SYN-10187,Synthetic customer 188,Salaried,Jaipur,110000.0,48238.42,76686.57,7668657,3000.0,134393.89,4900.0,UPI,income_gap,1
SYN-10188,Synthetic customer 189,Salaried,Delhi,80000.0,45878.59,111965.41,11196541,4000.0,74667.97,2300.0,UPI,conflicting,5
SYN-10189,Synthetic customer 190,Salaried,Mumbai,122000.0,45050.84,149104.69,14910469,4500.0,101311.55,1000.0,UPI,same_sender,1
SYN-10190,Synthetic customer 191,Salaried,Bengaluru,40000.0,23387.49,29243.25,2924325,500.0,40770.97,3300.0,UPI,pooled_payments,28
SYN-10191,Synthetic customer 192,Salaried,Jaipur,40000.0,15484.32,37473.71,3747371,5000.0,27256.12,5800.0,UPI,multiple_episodes,1
SYN-10192,Synthetic customer 193,Salaried,Delhi,85000.0,45628.76,400718.38,40071838,3500.0,68370.84,2400.0,UPI,buffered_scam,1
SYN-10193,Synthetic customer 194,Salaried,Mumbai,36000.0,18043.24,47687.96,4768796,5000.0,33161.66,4400.0,UPI,recovered_scam,1
SYN-10194,Synthetic customer 195,Salaried,Bengaluru,118000.0,62694.41,129921.04,12992104,1000.0,91619.72,5500.0,UPI,familiar_device_scam,28
SYN-10195,Synthetic customer 196,Salaried,Jaipur,128000.0,77093.31,189655.9,18965590,4500.0,92142.22,5700.0,UPI,small_scam,5
SYN-10196,Synthetic customer 197,Salaried,Delhi,111000.0,45076.2,57619.61,5761961,3000.0,129951.85,5600.0,UPI,legitimate_large,28
SYN-10197,Synthetic customer 198,Salaried,Mumbai,100000.0,59299.67,55664.57,5566457,0.0,122903.3,3900.0,UPI,new_device_legitimate,1
SYN-10198,Synthetic customer 199,Salaried,Bengaluru,100000.0,51599.39,34318.9,3431890,3500.0,44095.13,2500.0,UPI,prior_distress_unrelated_scam,28
SYN-10199,Synthetic customer 200,Salaried,Jaipur,36000.0,20715.19,11296.06,1129606,1500.0,22682.05,3700.0,UPI,income_gap,5
SYN-10200,Synthetic customer 201,Salaried,Delhi,46000.0,19689.04,70484.43,7048443,500.0,19464.43,4200.0,UPI,conflicting,1
SYN-10201,Synthetic customer 202,Salaried,Mumbai,116000.0,41124.72,152113.45,15211345,1500.0,83694.43,5300.0,UPI,same_sender,5
SYN-10202,Synthetic customer 203,Salaried,Bengaluru,122000.0,77621.25,107293.54,10729354,2500.0,87075.61,3100.0,UPI,pooled_payments,1
SYN-10203,Synthetic customer 204,Salaried,Jaipur,55000.0,26189.53,84880.62,8488062,3000.0,34418.76,5000.0,UPI,multiple_episodes,1
SYN-10204,Synthetic customer 205,Salaried,Delhi,68000.0,26373.34,301967.11,30196711,2500.0,52570.51,1600.0,UPI,buffered_scam,1
SYN-10205,Synthetic customer 206,Salaried,Mumbai,124000.0,54332.38,52063.92,5206392,2500.0,117497.04,3900.0,UPI,recovered_scam,1
SYN-10206,Synthetic customer 207,Salaried,Bengaluru,50000.0,27822.25,86869.92,8686992,4000.0,46013.77,2500.0,UPI,familiar_device_scam,28
SYN-10207,Synthetic customer 208,Salaried,Jaipur,92000.0,39765.75,157021.4,15702140,2000.0,42792.27,5800.0,UPI,small_scam,28
SYN-10208,Synthetic customer 209,Salaried,Delhi,109000.0,41609.9,136488.97,13648897,2500.0,55167.79,1800.0,UPI,legitimate_large,5
SYN-10209,Synthetic customer 210,Salaried,Mumbai,40000.0,15994.95,43319.16,4331916,4000.0,38456.53,4400.0,UPI,new_device_legitimate,1
SYN-10210,Synthetic customer 211,Salaried,Bengaluru,74000.0,35646.96,68871.86,6887186,2500.0,48680.03,1000.0,UPI,prior_distress_unrelated_scam,1
SYN-10211,Synthetic customer 212,Salaried,Jaipur,108000.0,67254.14,120329.53,12032953,4000.0,54935.75,1100.0,UPI,income_gap,1
SYN-10212,Synthetic customer 213,Salaried,Delhi,87000.0,55498.22,57647.38,5764738,3500.0,85373.94,1800.0,UPI,conflicting,1
SYN-10213,Synthetic customer 214,Salaried,Mumbai,129000.0,65129.81,223978.24,22397824,2500.0,64947.67,1700.0,UPI,same_sender,1
SYN-10214,Synthetic customer 215,Salaried,Bengaluru,72000.0,26563.48,90920.49,9092049,3000.0,77587.16,4000.0,UPI,pooled_payments,1
SYN-10215,Synthetic customer 216,Salaried,Jaipur,87000.0,42218.4,170320.94,17032094,3000.0,64369.93,4600.0,UPI,multiple_episodes,1
SYN-10216,Synthetic customer 217,Salaried,Delhi,69000.0,30145.73,250310.14,25031014,2500.0,66173.54,5200.0,UPI,buffered_scam,1
SYN-10217,Synthetic customer 218,Salaried,Mumbai,126000.0,54920.56,109081.65,10908165,3500.0,133765.14,5800.0,UPI,recovered_scam,28
SYN-10218,Synthetic customer 219,Salaried,Bengaluru,47000.0,21845.42,89240.34,8924034,500.0,30011.85,5900.0,UPI,familiar_device_scam,5
SYN-10219,Synthetic customer 220,Salaried,Jaipur,92000.0,55288.75,140547.06,14054706,4500.0,90160.51,3300.0,UPI,small_scam,1
SYN-10220,Synthetic customer 221,Salaried,Delhi,31000.0,17235.15,17754.36,1775436,3000.0,33136.42,1800.0,UPI,legitimate_large,5
SYN-10221,Synthetic customer 222,Salaried,Mumbai,88000.0,41447.56,161166.84,16116684,3500.0,37491.02,1600.0,UPI,new_device_legitimate,1
SYN-10222,Synthetic customer 223,Salaried,Bengaluru,70000.0,25182.69,58112.68,5811268,4500.0,37649.15,1400.0,UPI,prior_distress_unrelated_scam,1
SYN-10223,Synthetic customer 224,Salaried,Jaipur,46000.0,20325.54,39525.11,3952511,2000.0,19690.58,4100.0,UPI,income_gap,1
SYN-10224,Synthetic customer 225,Salaried,Delhi,31000.0,11938.5,28160.56,2816056,3500.0,34689.09,4800.0,UPI,conflicting,1
SYN-10225,Synthetic customer 226,Salaried,Mumbai,28000.0,18197.37,50884.25,5088425,1500.0,30864.74,5300.0,UPI,same_sender,1
SYN-10226,Synthetic customer 227,Salaried,Bengaluru,112000.0,65841.1,223081.4,22308140,4500.0,65398.34,1400.0,UPI,pooled_payments,1
SYN-10227,Synthetic customer 228,Salaried,Jaipur,66000.0,35202.69,121463.89,12146389,5000.0,50542.8,1900.0,UPI,multiple_episodes,5
SYN-10228,Synthetic customer 229,Salaried,Delhi,121000.0,45141.06,540810.41,54081041,1000.0,155401.16,3500.0,UPI,buffered_scam,28
SYN-10229,Synthetic customer 230,Salaried,Mumbai,74000.0,38744.97,130635.26,13063526,3000.0,49412.19,3700.0,UPI,recovered_scam,1
SYN-10230,Synthetic customer 231,Salaried,Bengaluru,47000.0,29455.08,63748.32,6374832,2500.0,48665.43,2500.0,UPI,familiar_device_scam,1
SYN-10231,Synthetic customer 232,Salaried,Jaipur,130000.0,53202.71,142783.52,14278352,1500.0,70467.96,3600.0,UPI,small_scam,1
SYN-10232,Synthetic customer 233,Salaried,Delhi,81000.0,43033.65,91595.08,9159508,3500.0,80773.51,2000.0,UPI,legitimate_large,28
SYN-10233,Synthetic customer 234,Salaried,Mumbai,82000.0,43523.76,124576.46,12457646,2000.0,96350.31,2900.0,UPI,new_device_legitimate,28
SYN-10234,Synthetic customer 235,Salaried,Bengaluru,127000.0,69190.01,50873.41,5087341,0.0,105550.02,1300.0,UPI,prior_distress_unrelated_scam,5
SYN-10235,Synthetic customer 236,Salaried,Jaipur,54000.0,19851.26,18917.44,1891744,500.0,57875.74,4300.0,UPI,income_gap,1
SYN-10236,Synthetic customer 237,Salaried,Delhi,108000.0,43977.08,24023.55,2402355,3000.0,101373.89,5100.0,UPI,conflicting,1
SYN-10237,Synthetic customer 238,Salaried,Mumbai,32000.0,19503.51,60211.51,6021151,1000.0,21250.39,1000.0,UPI,same_sender,1
SYN-10238,Synthetic customer 239,Salaried,Bengaluru,104000.0,64409.28,204267.75,20426775,4500.0,74368.6,4000.0,UPI,pooled_payments,1
SYN-10239,Synthetic customer 240,Salaried,Jaipur,119000.0,42270.38,26520.75,2652075,3500.0,141971.24,4700.0,UPI,multiple_episodes,1
SYN-10240,Synthetic customer 241,Salaried,Delhi,60000.0,31218.34,262689.46,26268946,3000.0,39456.33,3600.0,UPI,buffered_scam,28
SYN-10241,Synthetic customer 242,Salaried,Mumbai,82000.0,36266.23,65067.62,6506762,1000.0,48598.13,3800.0,UPI,recovered_scam,28
SYN-10242,Synthetic customer 243,Salaried,Bengaluru,81000.0,37546.73,19239.46,1923946,1000.0,53780.32,5400.0,UPI,familiar_device_scam,5
SYN-10243,Synthetic customer 244,Salaried,Jaipur,113000.0,43453.57,206485.63,20648563,4000.0,111526.11,3300.0,UPI,small_scam,5
SYN-10244,Synthetic customer 245,Salaried,Delhi,41000.0,24551.62,47531.65,4753165,3000.0,46145.22,5100.0,UPI,legitimate_large,5
SYN-10245,Synthetic customer 246,Salaried,Mumbai,86000.0,34746.83,151731.2,15173120,4000.0,53150.07,3800.0,UPI,new_device_legitimate,1
SYN-10246,Synthetic customer 247,Salaried,Bengaluru,73000.0,41128.38,49787.88,4978788,0.0,65324.48,1100.0,UPI,prior_distress_unrelated_scam,1
SYN-10247,Synthetic customer 248,Salaried,Jaipur,55000.0,25023.64,71080.79,7108079,2000.0,43172.7,4600.0,UPI,income_gap,1
SYN-10248,Synthetic customer 249,Salaried,Delhi,63000.0,29627.67,81871.14,8187114,4000.0,70462.29,5800.0,UPI,conflicting,5
SYN-10249,Synthetic customer 250,Salaried,Mumbai,99000.0,52513.1,154875.1,15487510,5000.0,116072.86,4900.0,UPI,same_sender,1
SYN-10250,Synthetic customer 251,Salaried,Bengaluru,79000.0,45714.25,53820.48,5382048,4000.0,65511.38,2000.0,UPI,pooled_payments,1
SYN-10251,Synthetic customer 252,Salaried,Jaipur,68000.0,36471.89,79420.88,7942088,3500.0,53115.69,3000.0,UPI,multiple_episodes,28
SYN-10252,Synthetic customer 253,Salaried,Delhi,123000.0,47906.09,457266.83,45726683,2500.0,82182.68,1900.0,UPI,buffered_scam,28
SYN-10253,Synthetic customer 254,Salaried,Mumbai,118000.0,73359.86,220330.31,22033031,0.0,83344.68,5800.0,UPI,recovered_scam,28
SYN-10254,Synthetic customer 255,Salaried,Bengaluru,28000.0,12179.12,35887.85,3588785,0.0,29166.11,3600.0,UPI,familiar_device_scam,1
SYN-10255,Synthetic customer 256,Salaried,Jaipur,89000.0,47428.44,53538.45,5353845,2500.0,42267.88,5400.0,UPI,small_scam,1
SYN-10256,Synthetic customer 257,Salaried,Delhi,94000.0,35409.72,19160.71,1916071,0.0,58672.0,1900.0,UPI,legitimate_large,28
SYN-10257,Synthetic customer 258,Salaried,Mumbai,102000.0,58818.0,116454.95,11645495,2000.0,67808.79,4300.0,UPI,new_device_legitimate,1
SYN-10258,Synthetic customer 259,Salaried,Bengaluru,82000.0,35404.63,146003.6,14600360,1000.0,72039.64,6000.0,UPI,prior_distress_unrelated_scam,5
SYN-10259,Synthetic customer 260,Salaried,Jaipur,130000.0,46514.38,132753.27,13275327,5000.0,102010.26,5200.0,UPI,income_gap,1
SYN-10260,Synthetic customer 261,Salaried,Delhi,73000.0,31962.13,78999.79,7899979,3000.0,50026.52,5400.0,UPI,conflicting,1
SYN-10261,Synthetic customer 262,Salaried,Mumbai,95000.0,36127.84,140481.28,14048128,3000.0,44409.52,1200.0,UPI,same_sender,1
SYN-10262,Synthetic customer 263,Salaried,Bengaluru,108000.0,58790.64,161372.43,16137243,1000.0,46383.42,5000.0,UPI,pooled_payments,5
SYN-10263,Synthetic customer 264,Salaried,Jaipur,117000.0,75353.11,173191.52,17319152,4500.0,136376.17,3800.0,UPI,multiple_episodes,1
SYN-10264,Synthetic customer 265,Salaried,Delhi,28000.0,12633.51,111292.63,11129263,1500.0,13231.49,2700.0,UPI,buffered_scam,1
SYN-10265,Synthetic customer 266,Salaried,Mumbai,102000.0,57469.55,145536.24,14553624,1000.0,113920.17,4700.0,UPI,recovered_scam,5
SYN-10266,Synthetic customer 267,Salaried,Bengaluru,100000.0,58498.0,178174.29,17817429,1500.0,57936.51,3700.0,UPI,familiar_device_scam,1
SYN-10267,Synthetic customer 268,Salaried,Jaipur,63000.0,28600.2,26037.49,2603749,4000.0,48879.02,5300.0,UPI,small_scam,28
SYN-10268,Synthetic customer 269,Salaried,Delhi,68000.0,35978.16,54339.37,5433937,1500.0,64256.29,3300.0,UPI,legitimate_large,5
SYN-10269,Synthetic customer 270,Salaried,Mumbai,39000.0,20050.46,65210.25,6521025,500.0,37556.92,4400.0,UPI,new_device_legitimate,1
SYN-10270,Synthetic customer 271,Salaried,Bengaluru,84000.0,30807.13,25233.61,2523361,4500.0,65831.91,5100.0,UPI,prior_distress_unrelated_scam,1
SYN-10271,Synthetic customer 272,Salaried,Jaipur,118000.0,76163.19,90112.54,9011254,5000.0,152329.16,2400.0,UPI,income_gap,28
SYN-10272,Synthetic customer 273,Salaried,Delhi,29000.0,12100.23,52243.02,5224302,0.0,33514.27,5700.0,UPI,conflicting,28
SYN-10273,Synthetic customer 274,Salaried,Mumbai,111000.0,70266.61,59211.73,5921173,1000.0,72075.33,2200.0,UPI,same_sender,1
SYN-10274,Synthetic customer 275,Salaried,Bengaluru,117000.0,67514.19,169152.89,16915289,2500.0,109703.24,3700.0,UPI,pooled_payments,1
SYN-10275,Synthetic customer 276,Salaried,Jaipur,114000.0,53435.18,192862.84,19286284,4500.0,49892.53,1600.0,UPI,multiple_episodes,1
SYN-10276,Synthetic customer 277,Salaried,Delhi,101000.0,64536.97,462309.41,46230941,2500.0,110426.18,5200.0,UPI,buffered_scam,1
SYN-10277,Synthetic customer 278,Salaried,Mumbai,94000.0,37933.92,175439.91,17543991,2000.0,66352.74,5400.0,UPI,recovered_scam,1
SYN-10278,Synthetic customer 279,Salaried,Bengaluru,81000.0,46202.64,51257.82,5125782,4500.0,69984.35,3800.0,UPI,familiar_device_scam,1
SYN-10279,Synthetic customer 280,Salaried,Jaipur,52000.0,27790.72,62603.04,6260304,1000.0,25748.26,1800.0,UPI,small_scam,1
SYN-10280,Synthetic customer 281,Salaried,Delhi,43000.0,15278.84,26322.78,2632278,3000.0,53551.66,3100.0,UPI,legitimate_large,1
SYN-10281,Synthetic customer 282,Salaried,Mumbai,68000.0,42024.98,124117.26,12411726,2500.0,87455.21,5600.0,UPI,new_device_legitimate,28
SYN-10282,Synthetic customer 283,Salaried,Bengaluru,32000.0,11669.98,21091.9,2109190,4000.0,35048.87,5500.0,UPI,prior_distress_unrelated_scam,5
SYN-10283,Synthetic customer 284,Salaried,Jaipur,44000.0,25454.09,78955.08,7895508,3500.0,31144.82,1000.0,UPI,income_gap,1
SYN-10284,Synthetic customer 285,Salaried,Delhi,35000.0,19536.01,55319.68,5531968,4500.0,37055.7,3400.0,UPI,conflicting,28
SYN-10285,Synthetic customer 286,Salaried,Mumbai,89000.0,55132.22,136472.02,13647202,2000.0,47561.51,1700.0,UPI,same_sender,28
SYN-10286,Synthetic customer 287,Salaried,Bengaluru,116000.0,41487.45,140475.71,14047571,3500.0,62721.39,2600.0,UPI,pooled_payments,1
SYN-10287,Synthetic customer 288,Salaried,Jaipur,44000.0,22732.42,80968.8,8096880,500.0,27965.58,1800.0,UPI,multiple_episodes,5
SYN-10288,Synthetic customer 289,Salaried,Delhi,110000.0,41113.37,399942.96,39994296,2000.0,91440.69,2700.0,UPI,buffered_scam,28
SYN-10289,Synthetic customer 290,Salaried,Mumbai,73000.0,35013.05,26157.72,2615772,3000.0,49312.21,5500.0,UPI,recovered_scam,1
SYN-10290,Synthetic customer 291,Salaried,Bengaluru,31000.0,12127.06,18061.49,1806149,5000.0,16277.37,2400.0,UPI,familiar_device_scam,1
SYN-10291,Synthetic customer 292,Salaried,Jaipur,124000.0,53743.05,121607.93,12160793,4000.0,80256.42,4000.0,UPI,small_scam,1
SYN-10292,Synthetic customer 293,Salaried,Delhi,67000.0,32663.55,109000.21,10900021,500.0,85359.61,1700.0,UPI,legitimate_large,1
SYN-10293,Synthetic customer 294,Salaried,Mumbai,126000.0,57621.59,125002.46,12500246,1000.0,74856.12,5200.0,UPI,new_device_legitimate,5
SYN-10294,Synthetic customer 295,Salaried,Bengaluru,130000.0,78312.65,136135.68,13613568,2000.0,99202.46,1900.0,UPI,prior_distress_unrelated_scam,5
SYN-10295,Synthetic customer 296,Salaried,Jaipur,94000.0,59173.75,155520.23,15552023,2000.0,58132.94,5500.0,UPI,income_gap,5
SYN-10296,Synthetic customer 297,Salaried,Delhi,36000.0,19739.19,68353.64,6835364,4500.0,40762.04,5900.0,UPI,conflicting,5
SYN-10297,Synthetic customer 298,Salaried,Mumbai,52000.0,22105.29,40086.13,4008613,2000.0,58173.84,3400.0,UPI,same_sender,1
SYN-10298,Synthetic customer 299,Salaried,Bengaluru,88000.0,45647.07,81647.2,8164720,2500.0,70744.75,3800.0,UPI,pooled_payments,28
SYN-10299,Synthetic customer 300,Salaried,Jaipur,77000.0,36332.6,18657.99,1865799,1500.0,57261.98,2400.0,UPI,multiple_episodes,5
SYN-10300,Synthetic customer 301,Salaried,Delhi,68000.0,28928.02,253537.68,25353768,1000.0,84352.49,5900.0,UPI,buffered_scam,28
SYN-10301,Synthetic customer 302,Salaried,Mumbai,89000.0,50391.67,57546.28,5754628,1000.0,91421.13,4900.0,UPI,recovered_scam,1
SYN-10302,Synthetic customer 303,Salaried,Bengaluru,126000.0,49685.66,249860.81,24986081,4000.0,112577.83,5600.0,UPI,familiar_device_scam,1
SYN-10303,Synthetic customer 304,Salaried,Jaipur,76000.0,33326.41,84569.6,8456960,2500.0,88549.12,2100.0,UPI,small_scam,5
SYN-10304,Synthetic customer 305,Salaried,Delhi,93000.0,41025.08,78044.15,7804415,5000.0,70268.23,4900.0,UPI,legitimate_large,1
SYN-10305,Synthetic customer 306,Salaried,Mumbai,95000.0,37778.77,47152.47,4715247,3000.0,76335.34,1300.0,UPI,new_device_legitimate,1
SYN-10306,Synthetic customer 307,Salaried,Bengaluru,123000.0,64537.59,163761.66,16376166,3000.0,110602.47,2800.0,UPI,prior_distress_unrelated_scam,1
SYN-10307,Synthetic customer 308,Salaried,Jaipur,25000.0,13322.14,11715.57,1171557,1000.0,12721.21,4200.0,UPI,income_gap,1
SYN-10308,Synthetic customer 309,Salaried,Delhi,29000.0,11753.82,33683.47,3368347,4500.0,35469.07,2800.0,UPI,conflicting,1
SYN-10309,Synthetic customer 310,Salaried,Mumbai,121000.0,55613.75,151119.79,15111979,1000.0,99051.98,3900.0,UPI,same_sender,28
SYN-10310,Synthetic customer 311,Salaried,Bengaluru,84000.0,42329.41,20731.97,2073197,500.0,70658.68,4800.0,UPI,pooled_payments,1
SYN-10311,Synthetic customer 312,Salaried,Jaipur,90000.0,48638.02,48680.16,4868016,4500.0,55655.07,4400.0,UPI,multiple_episodes,1
SYN-10312,Synthetic customer 313,Salaried,Delhi,51000.0,21256.23,241853.68,24185368,5000.0,30785.36,4800.0,UPI,buffered_scam,5
SYN-10313,Synthetic customer 314,Salaried,Mumbai,86000.0,39477.53,137750.3,13775030,0.0,53669.95,1300.0,UPI,recovered_scam,1
SYN-10314,Synthetic customer 315,Salaried,Bengaluru,56000.0,25206.14,26538.99,2653899,3000.0,66566.47,6000.0,UPI,familiar_device_scam,1
SYN-10315,Synthetic customer 316,Salaried,Jaipur,112000.0,69048.76,157021.23,15702123,0.0,48181.77,2900.0,UPI,small_scam,1
SYN-10316,Synthetic customer 317,Salaried,Delhi,50000.0,19467.33,51176.11,5117611,4000.0,23899.7,1600.0,UPI,legitimate_large,28
SYN-10317,Synthetic customer 318,Salaried,Mumbai,127000.0,52655.72,73226.35,7322635,1500.0,124116.11,1400.0,UPI,new_device_legitimate,1
SYN-10318,Synthetic customer 319,Salaried,Bengaluru,53000.0,19942.08,62957.04,6295704,0.0,55270.08,2300.0,UPI,prior_distress_unrelated_scam,28
SYN-10319,Synthetic customer 320,Salaried,Jaipur,28000.0,16723.32,19424.8,1942480,4500.0,11806.28,1200.0,UPI,income_gap,1
SYN-10320,Synthetic customer 321,Salaried,Delhi,109000.0,43335.0,217837.31,21783731,5000.0,109399.56,1200.0,UPI,conflicting,1
SYN-10321,Synthetic customer 322,Salaried,Mumbai,68000.0,35012.67,89131.53,8913153,2000.0,49642.43,1300.0,UPI,same_sender,1
SYN-10322,Synthetic customer 323,Salaried,Bengaluru,50000.0,22957.66,65880.5,6588050,2500.0,59053.15,2000.0,UPI,pooled_payments,1
SYN-10323,Synthetic customer 324,Salaried,Jaipur,111000.0,48869.87,190222.21,19022221,3000.0,52731.21,5400.0,UPI,multiple_episodes,1
SYN-10324,Synthetic customer 325,Salaried,Delhi,74000.0,41666.86,356597.93,35659793,3500.0,63882.17,4400.0,UPI,buffered_scam,1
SYN-10325,Synthetic customer 326,Salaried,Mumbai,50000.0,32044.0,74512.96,7451296,4000.0,61685.2,3600.0,UPI,recovered_scam,5
SYN-10326,Synthetic customer 327,Salaried,Bengaluru,99000.0,59776.33,107068.97,10706897,0.0,123388.63,5000.0,UPI,familiar_device_scam,1
SYN-10327,Synthetic customer 328,Salaried,Jaipur,47000.0,29063.39,23686.76,2368676,4000.0,31993.14,5400.0,UPI,small_scam,1
SYN-10328,Synthetic customer 329,Salaried,Delhi,94000.0,37343.68,179570.44,17957044,3000.0,109783.35,2800.0,UPI,legitimate_large,1
SYN-10329,Synthetic customer 330,Salaried,Mumbai,90000.0,55369.95,104502.66,10450266,2500.0,86103.28,1900.0,UPI,new_device_legitimate,1
SYN-10330,Synthetic customer 331,Salaried,Bengaluru,86000.0,50997.08,29910.42,2991042,1500.0,44819.17,1600.0,UPI,prior_distress_unrelated_scam,1
SYN-10331,Synthetic customer 332,Salaried,Jaipur,123000.0,56852.22,65957.22,6595722,3500.0,52048.94,5600.0,UPI,income_gap,5
SYN-10332,Synthetic customer 333,Salaried,Delhi,60000.0,27141.47,76722.72,7672272,3000.0,39584.26,4600.0,UPI,conflicting,1
SYN-10333,Synthetic customer 334,Salaried,Mumbai,35000.0,18659.54,29152.31,2915231,5000.0,30409.59,2600.0,UPI,same_sender,28
SYN-10334,Synthetic customer 335,Salaried,Bengaluru,68000.0,26246.43,46678.98,4667898,2000.0,42386.46,1300.0,UPI,pooled_payments,1
SYN-10335,Synthetic customer 336,Salaried,Jaipur,33000.0,18121.94,35728.58,3572858,2000.0,31209.01,1200.0,UPI,multiple_episodes,1
SYN-10336,Synthetic customer 337,Salaried,Delhi,37000.0,13743.68,162129.17,16212917,2500.0,38453.42,2100.0,UPI,buffered_scam,1
SYN-10337,Synthetic customer 338,Salaried,Mumbai,103000.0,63717.51,180855.75,18085575,3500.0,75916.84,5200.0,UPI,recovered_scam,5
SYN-10338,Synthetic customer 339,Salaried,Bengaluru,41000.0,25720.82,55206.64,5520664,5000.0,49177.16,4400.0,UPI,familiar_device_scam,28
SYN-10339,Synthetic customer 340,Salaried,Jaipur,53000.0,30112.65,24239.82,2423982,3500.0,23907.32,5200.0,UPI,small_scam,28
SYN-10340,Synthetic customer 341,Salaried,Delhi,99000.0,39284.99,32380.29,3238029,3000.0,69709.67,2900.0,UPI,legitimate_large,1
SYN-10341,Synthetic customer 342,Salaried,Mumbai,40000.0,23221.43,71670.02,7167002,2500.0,42753.63,5800.0,UPI,new_device_legitimate,1
SYN-10342,Synthetic customer 343,Salaried,Bengaluru,55000.0,26773.16,94539.62,9453962,3000.0,58945.47,1900.0,UPI,prior_distress_unrelated_scam,1
SYN-10343,Synthetic customer 344,Salaried,Jaipur,66000.0,27557.4,67196.48,6719648,1000.0,77733.8,3700.0,UPI,income_gap,1
SYN-10344,Synthetic customer 345,Salaried,Delhi,111000.0,71514.57,166507.59,16650759,1500.0,89109.37,4000.0,UPI,conflicting,1
SYN-10345,Synthetic customer 346,Salaried,Mumbai,59000.0,34771.81,24200.51,2420051,0.0,46203.94,5300.0,UPI,same_sender,1
SYN-10346,Synthetic customer 347,Salaried,Bengaluru,41000.0,26261.74,33107.98,3310798,2000.0,43863.31,2200.0,UPI,pooled_payments,5
SYN-10347,Synthetic customer 348,Salaried,Jaipur,115000.0,50302.63,159606.75,15960675,3000.0,84621.93,5200.0,UPI,multiple_episodes,28
SYN-10348,Synthetic customer 349,Salaried,Delhi,90000.0,34284.61,311493.06,31149306,500.0,62855.82,2700.0,UPI,buffered_scam,1
SYN-10349,Synthetic customer 350,Salaried,Mumbai,118000.0,60070.24,163374.63,16337463,2000.0,75594.15,6000.0,UPI,recovered_scam,1
SYN-10350,Synthetic customer 351,Salaried,Bengaluru,108000.0,62009.59,81766.03,8176603,5000.0,99897.43,1200.0,UPI,familiar_device_scam,1
SYN-10351,Synthetic customer 352,Salaried,Jaipur,100000.0,56835.29,70821.29,7082129,1000.0,62016.8,1600.0,UPI,small_scam,5
SYN-10352,Synthetic customer 353,Salaried,Delhi,48000.0,22886.67,35628.26,3562826,4000.0,46689.23,1100.0,UPI,legitimate_large,5
SYN-10353,Synthetic customer 354,Salaried,Mumbai,26000.0,15072.13,36720.47,3672047,3000.0,11351.95,4600.0,UPI,new_device_legitimate,5
SYN-10354,Synthetic customer 355,Salaried,Bengaluru,107000.0,69267.15,197617.49,19761749,2500.0,63706.49,3600.0,UPI,prior_distress_unrelated_scam,1
SYN-10355,Synthetic customer 356,Salaried,Jaipur,63000.0,33597.52,53696.01,5369601,2000.0,77567.65,2100.0,UPI,income_gap,5
SYN-10356,Synthetic customer 357,Salaried,Delhi,75000.0,41671.71,115924.08,11592408,3000.0,91015.13,5400.0,UPI,conflicting,28
SYN-10357,Synthetic customer 358,Salaried,Mumbai,109000.0,45089.33,175539.29,17553929,500.0,79165.12,2800.0,UPI,same_sender,1
SYN-10358,Synthetic customer 359,Salaried,Bengaluru,35000.0,12951.77,46604.06,4660406,3500.0,17677.56,4200.0,UPI,pooled_payments,28
SYN-10359,Synthetic customer 360,Salaried,Jaipur,76000.0,35693.91,71843.78,7184378,1500.0,71225.82,3200.0,UPI,multiple_episodes,28
SYN-10360,Synthetic customer 361,Salaried,Delhi,114000.0,55312.89,49938.61,4993861,2500.0,80618.15,1300.0,UPI,healthy,1
SYN-10361,Synthetic customer 362,Salaried,Mumbai,118000.0,47461.52,139029.89,13902989,3500.0,100290.52,4100.0,UPI,healthy,5
SYN-10362,Synthetic customer 363,Salaried,Bengaluru,79000.0,40973.05,39060.92,3906092,1500.0,46118.48,2600.0,UPI,healthy,1
SYN-10363,Synthetic customer 364,Salaried,Jaipur,34000.0,15357.33,67672.67,6767267,3000.0,22578.92,5400.0,UPI,organic_distress,5
SYN-10364,Synthetic customer 365,Salaried,Delhi,40000.0,17102.48,27776.87,2777687,1000.0,22922.9,1000.0,UPI,healthy,5
SYN-10365,Synthetic customer 366,Salaried,Mumbai,29000.0,15937.56,56756.94,5675694,3000.0,20019.25,3500.0,UPI,organic_distress,1
SYN-10366,Synthetic customer 367,Salaried,Bengaluru,120000.0,58229.68,120283.2,12028320,3000.0,80770.47,5100.0,UPI,scam_shock,1
SYN-10367,Synthetic customer 368,Salaried,Jaipur,88000.0,32980.92,28477.67,2847767,1000.0,98623.89,3800.0,UPI,healthy,1
SYN-10368,Synthetic customer 369,Salaried,Delhi,111000.0,52351.34,62708.11,6270811,4500.0,126252.15,4600.0,UPI,healthy,1
SYN-10369,Synthetic customer 370,Salaried,Mumbai,49000.0,22842.99,66486.16,6648616,500.0,47920.78,5500.0,UPI,organic_distress,28
SYN-10370,Synthetic customer 371,Salaried,Bengaluru,105000.0,51465.11,198248.34,19824834,1000.0,81836.96,2900.0,UPI,scam_shock,5
SYN-10371,Synthetic customer 372,Salaried,Jaipur,84000.0,49250.2,166539.5,16653950,500.0,97795.49,4300.0,UPI,healthy,28
SYN-10372,Synthetic customer 373,Salaried,Delhi,42000.0,21299.7,30300.26,3030026,1500.0,50040.25,1900.0,UPI,healthy,28
SYN-10373,Synthetic customer 374,Salaried,Mumbai,111000.0,41513.68,34951.55,3495155,2500.0,58078.53,3600.0,UPI,healthy,1
SYN-10374,Synthetic customer 375,Salaried,Bengaluru,63000.0,33070.75,33666.44,3366644,1000.0,50275.89,2900.0,UPI,organic_distress,1
SYN-10375,Synthetic customer 376,Salaried,Jaipur,114000.0,71771.31,138345.55,13834555,1000.0,47150.83,2900.0,UPI,mule,28
SYN-10376,Synthetic customer 377,Salaried,Delhi,47000.0,23082.46,53253.07,5325307,0.0,59144.94,2500.0,UPI,healthy,1
SYN-10377,Synthetic customer 378,Salaried,Mumbai,51000.0,18676.51,56543.78,5654378,1500.0,49158.89,1400.0,UPI,healthy,1
SYN-10378,Synthetic customer 379,Salaried,Bengaluru,25000.0,15313.41,27730.12,2773012,500.0,14591.59,5800.0,UPI,healthy,5
SYN-10379,Synthetic customer 380,Salaried,Jaipur,123000.0,75773.32,134563.07,13456307,2000.0,155184.33,2700.0,UPI,healthy,1
SYN-10380,Synthetic customer 381,Salaried,Delhi,67000.0,24794.46,54670.11,5467011,3500.0,43333.12,2900.0,UPI,mule,1
SYN-10381,Synthetic customer 382,Salaried,Mumbai,96000.0,35422.21,149968.2,14996820,4000.0,110477.93,3100.0,UPI,healthy,1
SYN-10382,Synthetic customer 383,Salaried,Bengaluru,96000.0,33792.45,49542.18,4954218,0.0,56569.91,1100.0,UPI,scam_shock,1
SYN-10383,Synthetic customer 384,Salaried,Jaipur,82000.0,30554.4,94287.28,9428728,4500.0,68916.53,4700.0,UPI,scam_shock,1
SYN-10384,Synthetic customer 385,Salaried,Delhi,77000.0,38082.4,115395.29,11539529,2000.0,34751.56,4900.0,UPI,healthy,1
SYN-10385,Synthetic customer 386,Salaried,Mumbai,29000.0,14576.63,27089.46,2708946,4000.0,36461.7,2800.0,UPI,healthy,28
SYN-10386,Synthetic customer 387,Salaried,Bengaluru,100000.0,35515.33,172301.69,17230169,2000.0,51843.67,3400.0,UPI,organic_distress,1
SYN-10387,Synthetic customer 388,Salaried,Jaipur,108000.0,69462.35,29053.69,2905369,1500.0,81813.55,1000.0,UPI,healthy,1
SYN-10388,Synthetic customer 389,Salaried,Delhi,114000.0,52793.0,119908.52,11990852,0.0,76557.12,4700.0,UPI,healthy,1
SYN-10389,Synthetic customer 390,Salaried,Mumbai,88000.0,33790.83,168591.17,16859117,4500.0,80623.41,3900.0,UPI,mule,1
SYN-10390,Synthetic customer 391,Salaried,Bengaluru,29000.0,14923.1,13265.93,1326593,4000.0,14724.94,2700.0,UPI,healthy,1
SYN-10391,Synthetic customer 392,Salaried,Jaipur,48000.0,26635.74,81649.6,8164960,2000.0,51305.04,5700.0,UPI,healthy,1
SYN-10392,Synthetic customer 393,Salaried,Delhi,69000.0,25547.53,67342.12,6734212,1500.0,55148.35,3400.0,UPI,healthy,1
SYN-10393,Synthetic customer 394,Salaried,Mumbai,49000.0,31315.42,11362.37,1136237,4000.0,54642.74,5600.0,UPI,healthy,28
SYN-10394,Synthetic customer 395,Salaried,Bengaluru,41000.0,16618.55,30519.08,3051908,0.0,16999.82,5500.0,UPI,healthy,1
SYN-10395,Synthetic customer 396,Salaried,Jaipur,89000.0,40944.17,125633.88,12563388,4000.0,36248.99,5200.0,UPI,organic_distress,1
SYN-10396,Synthetic customer 397,Salaried,Delhi,35000.0,20335.39,46084.29,4608429,3500.0,35902.0,2800.0,UPI,mild_distress,1
SYN-10397,Synthetic customer 398,Salaried,Mumbai,27000.0,10717.03,43073.44,4307344,5000.0,32656.25,2700.0,UPI,healthy,1
SYN-10398,Synthetic customer 399,Salaried,Bengaluru,98000.0,62773.42,189308.48,18930848,4000.0,113290.29,2700.0,UPI,mild_distress,28
SYN-10399,Synthetic customer 400,Salaried,Jaipur,53000.0,23895.36,13697.66,1369766,1500.0,29946.53,5000.0,UPI,scam_shock,5
SYN-10400,Synthetic customer 401,Salaried,Delhi,73000.0,45169.55,31418.5,3141850,1500.0,67150.47,6000.0,UPI,healthy,1
SYN-10401,Synthetic customer 402,Salaried,Mumbai,47000.0,25036.34,24633.4,2463340,5000.0,60847.0,2800.0,UPI,healthy,5
SYN-10402,Synthetic customer 403,Salaried,Bengaluru,91000.0,40846.11,121989.42,12198942,3500.0,103289.09,3700.0,UPI,healthy,1
SYN-10403,Synthetic customer 404,Salaried,Jaipur,44000.0,21346.9,65158.29,6515829,1000.0,43637.79,1300.0,UPI,organic_distress,1
SYN-10404,Synthetic customer 405,Salaried,Delhi,29000.0,10363.4,10767.61,1076761,5000.0,29238.54,6000.0,UPI,healthy,5
SYN-10405,Synthetic customer 406,Salaried,Mumbai,37000.0,18133.07,9131.3,913130,3000.0,35501.12,1300.0,UPI,mild_distress,1
SYN-10406,Synthetic customer 407,Salaried,Bengaluru,104000.0,45404.49,205077.35,20507735,1500.0,83583.34,1600.0,UPI,healthy,1
SYN-10407,Synthetic customer 408,Salaried,Jaipur,78000.0,45552.71,118304.74,11830474,5000.0,36750.25,1100.0,UPI,healthy,5
SYN-10408,Synthetic customer 409,Salaried,Delhi,59000.0,21183.17,17361.05,1736105,500.0,23794.97,3100.0,UPI,scam_shock,28
SYN-10409,Synthetic customer 410,Salaried,Mumbai,58000.0,36382.01,75093.82,7509382,1000.0,27687.29,2900.0,UPI,healthy,1
SYN-10410,Synthetic customer 411,Salaried,Bengaluru,76000.0,42759.83,104418.59,10441859,2000.0,71788.12,2000.0,UPI,healthy,28
SYN-10411,Synthetic customer 412,Salaried,Jaipur,56000.0,33063.94,12047.78,1204778,3500.0,42089.57,1100.0,UPI,healthy,5
SYN-10412,Synthetic customer 413,Salaried,Delhi,78000.0,40338.63,112515.91,11251591,2500.0,96836.03,2600.0,UPI,healthy,28
SYN-10413,Synthetic customer 414,Salaried,Mumbai,108000.0,64011.46,110651.25,11065125,1500.0,70492.4,3300.0,UPI,healthy,5
SYN-10414,Synthetic customer 415,Salaried,Bengaluru,40000.0,20511.28,50139.66,5013966,4500.0,51754.36,4900.0,UPI,healthy,1
SYN-10415,Synthetic customer 416,Salaried,Jaipur,37000.0,18577.37,54656.8,5465680,4500.0,35759.34,5400.0,UPI,healthy,1
SYN-10416,Synthetic customer 417,Salaried,Delhi,128000.0,78884.65,69902.98,6990298,2000.0,84837.77,2300.0,UPI,healthy,1
SYN-10417,Synthetic customer 418,Salaried,Mumbai,28000.0,12124.56,21420.38,2142038,3500.0,30795.29,3200.0,UPI,healthy,1
SYN-10418,Synthetic customer 419,Salaried,Bengaluru,66000.0,39023.31,75563.48,7556348,3500.0,67453.06,5400.0,UPI,healthy,1
SYN-10419,Synthetic customer 420,Salaried,Jaipur,28000.0,13768.2,26437.95,2643795,2000.0,35184.84,2500.0,UPI,organic_distress,28
SYN-10420,Synthetic customer 421,Salaried,Delhi,96000.0,38180.36,80153.68,8015368,4000.0,118740.19,3400.0,UPI,healthy,1
SYN-10421,Synthetic customer 422,Salaried,Mumbai,41000.0,14708.0,70965.7,7096570,2000.0,52555.61,4500.0,UPI,mule,5
SYN-10422,Synthetic customer 423,Salaried,Bengaluru,106000.0,54735.06,148898.72,14889872,1500.0,130961.05,5800.0,UPI,organic_distress,1
SYN-10423,Synthetic customer 424,Salaried,Jaipur,68000.0,34289.67,77493.54,7749354,4500.0,56871.04,4500.0,UPI,healthy,5
SYN-10424,Synthetic customer 425,Salaried,Delhi,51000.0,26463.68,77437.22,7743722,4500.0,55214.71,3700.0,UPI,organic_distress,1
SYN-10425,Synthetic customer 426,Salaried,Mumbai,121000.0,67628.61,163809.53,16380953,1500.0,145011.67,1800.0,UPI,organic_distress,28
SYN-10426,Synthetic customer 427,Salaried,Bengaluru,29000.0,18101.21,50542.48,5054248,4000.0,20582.98,2800.0,UPI,organic_distress,1
SYN-10427,Synthetic customer 428,Salaried,Jaipur,95000.0,54868.84,185711.3,18571130,500.0,102137.24,2600.0,UPI,healthy,28
SYN-10428,Synthetic customer 429,Salaried,Delhi,118000.0,50626.07,108784.44,10878444,500.0,60026.27,1000.0,UPI,scam_shock,1
SYN-10429,Synthetic customer 430,Salaried,Mumbai,27000.0,15342.63,40605.39,4060539,4500.0,11737.88,4200.0,UPI,healthy,1
SYN-10430,Synthetic customer 431,Salaried,Bengaluru,25000.0,15335.13,33094.17,3309417,2000.0,11388.65,2500.0,UPI,healthy,28
SYN-10431,Synthetic customer 432,Salaried,Jaipur,55000.0,32777.95,79165.43,7916543,3000.0,59016.98,3200.0,UPI,mild_distress,28
SYN-10432,Synthetic customer 433,Salaried,Delhi,31000.0,16535.89,20357.2,2035720,4500.0,16465.67,5500.0,UPI,healthy,1
SYN-10433,Synthetic customer 434,Salaried,Mumbai,125000.0,55297.17,204439.55,20443955,1000.0,76596.96,3900.0,UPI,healthy,28
SYN-10434,Synthetic customer 435,Salaried,Bengaluru,32000.0,13770.08,20084.84,2008484,2000.0,32927.51,2600.0,UPI,healthy,5
SYN-10435,Synthetic customer 436,Salaried,Jaipur,73000.0,38606.04,26911.09,2691109,2500.0,42824.73,1100.0,UPI,scam_shock,1
SYN-10436,Synthetic customer 437,Salaried,Delhi,93000.0,32715.66,147028.33,14702833,3000.0,72298.41,3300.0,UPI,healthy,1
SYN-10437,Synthetic customer 438,Salaried,Mumbai,82000.0,33171.91,103586.52,10358652,4000.0,73200.93,4800.0,UPI,scam_shock,1
SYN-10438,Synthetic customer 439,Salaried,Bengaluru,83000.0,51796.34,81631.09,8163109,5000.0,101349.52,2500.0,UPI,healthy,1
SYN-10439,Synthetic customer 440,Salaried,Jaipur,101000.0,48639.27,88552.6,8855260,500.0,47197.38,5400.0,UPI,ambiguous,1
SYN-10440,Synthetic customer 441,Salaried,Delhi,45000.0,19979.69,59365.44,5936544,5000.0,19263.6,1600.0,UPI,healthy,28
SYN-10441,Synthetic customer 442,Salaried,Mumbai,36000.0,22382.82,56737.07,5673707,2000.0,21650.71,1000.0,UPI,mule,28
SYN-10442,Synthetic customer 443,Salaried,Bengaluru,41000.0,21915.01,67485.39,6748539,3000.0,17160.58,5200.0,UPI,healthy,5
SYN-10443,Synthetic customer 444,Salaried,Jaipur,106000.0,60905.36,149907.51,14990751,0.0,68215.15,3500.0,UPI,scam_shock,1
SYN-10444,Synthetic customer 445,Salaried,Delhi,50000.0,19867.23,47398.88,4739888,1000.0,23824.55,2100.0,UPI,ambiguous,1
SYN-10445,Synthetic customer 446,Salaried,Mumbai,77000.0,35379.89,34522.0,3452200,500.0,53567.09,4000.0,UPI,healthy,1
SYN-10446,Synthetic customer 447,Salaried,Bengaluru,112000.0,39782.16,201985.66,20198566,2000.0,90121.67,2200.0,UPI,healthy,1
SYN-10447,Synthetic customer 448,Salaried,Jaipur,30000.0,14429.91,25473.75,2547375,0.0,24725.5,2400.0,UPI,mild_distress,28
SYN-10448,Synthetic customer 449,Salaried,Delhi,39000.0,23366.58,48391.47,4839147,4000.0,31530.94,2300.0,UPI,mild_distress,28
SYN-10449,Synthetic customer 450,Salaried,Mumbai,73000.0,32503.85,95441.84,9544184,3000.0,50410.97,2700.0,UPI,organic_distress,5
SYN-10450,Synthetic customer 451,Salaried,Bengaluru,36000.0,16046.91,62973.78,6297378,4000.0,38141.22,2100.0,UPI,healthy,5
SYN-10451,Synthetic customer 452,Salaried,Jaipur,90000.0,43920.91,88547.71,8854771,5000.0,69929.9,4600.0,UPI,healthy,1
SYN-10452,Synthetic customer 453,Salaried,Delhi,129000.0,59727.37,206874.64,20687464,3000.0,74107.16,4600.0,UPI,healthy,5
SYN-10453,Synthetic customer 454,Salaried,Mumbai,127000.0,62276.21,223952.64,22395264,1500.0,79589.32,1600.0,UPI,healthy,1
SYN-10454,Synthetic customer 455,Salaried,Bengaluru,81000.0,30212.87,99487.08,9948708,3500.0,51344.79,4100.0,UPI,healthy,1
SYN-10455,Synthetic customer 456,Salaried,Jaipur,129000.0,56894.97,38185.18,3818518,3000.0,155135.75,3600.0,UPI,healthy,1
SYN-10456,Synthetic customer 457,Salaried,Delhi,63000.0,32278.3,114631.98,11463198,500.0,29792.47,2900.0,UPI,healthy,1
SYN-10457,Synthetic customer 458,Salaried,Mumbai,76000.0,31468.41,53155.96,5315596,500.0,52184.02,2400.0,UPI,healthy,1
SYN-10458,Synthetic customer 459,Salaried,Bengaluru,61000.0,38767.27,44012.21,4401221,2500.0,47987.37,2900.0,UPI,healthy,5
SYN-10459,Synthetic customer 460,Salaried,Jaipur,78000.0,49882.19,127348.57,12734857,3000.0,62784.75,1700.0,UPI,healthy,1
SYN-10460,Synthetic customer 461,Salaried,Delhi,66000.0,30152.07,76165.85,7616585,4000.0,29148.37,1300.0,UPI,healthy,5
SYN-10461,Synthetic customer 462,Salaried,Mumbai,88000.0,44373.71,75783.91,7578391,500.0,46552.98,5600.0,UPI,healthy,1
SYN-10462,Synthetic customer 463,Salaried,Bengaluru,54000.0,28102.86,88730.25,8873025,3500.0,35694.23,2300.0,UPI,healthy,1
SYN-10463,Synthetic customer 464,Salaried,Jaipur,57000.0,20328.51,79589.62,7958962,2000.0,54534.11,5700.0,UPI,healthy,28
SYN-10464,Synthetic customer 465,Salaried,Delhi,101000.0,51123.18,144934.2,14493420,3000.0,116198.18,3200.0,UPI,healthy,1
SYN-10465,Synthetic customer 466,Salaried,Mumbai,106000.0,38563.23,104320.29,10432029,2000.0,131569.51,2400.0,UPI,scam_shock,1
SYN-10466,Synthetic customer 467,Salaried,Bengaluru,122000.0,72779.53,208971.49,20897149,4000.0,139738.51,2900.0,UPI,healthy,1
SYN-10467,Synthetic customer 468,Salaried,Jaipur,82000.0,37638.56,89427.02,8942702,1500.0,36520.05,4900.0,UPI,healthy,1
SYN-10468,Synthetic customer 469,Salaried,Delhi,38000.0,16494.84,12938.04,1293804,3500.0,22204.24,4900.0,UPI,healthy,1
SYN-10469,Synthetic customer 470,Salaried,Mumbai,95000.0,59780.09,139692.6,13969260,1000.0,55197.92,5900.0,UPI,healthy,1
SYN-10470,Synthetic customer 471,Salaried,Bengaluru,53000.0,21528.99,27326.55,2732655,2000.0,46777.52,6000.0,UPI,healthy,1
SYN-10471,Synthetic customer 472,Salaried,Jaipur,67000.0,33111.8,121620.42,12162042,2000.0,27218.32,2600.0,UPI,scam_shock,5
SYN-10472,Synthetic customer 473,Salaried,Delhi,124000.0,49614.33,39847.02,3984702,4000.0,125901.18,1000.0,UPI,healthy,1
SYN-10473,Synthetic customer 474,Salaried,Mumbai,108000.0,61722.72,48809.43,4880943,3000.0,106898.98,2500.0,UPI,healthy,1
SYN-10474,Synthetic customer 475,Salaried,Bengaluru,112000.0,45997.16,208264.13,20826413,1000.0,126383.3,2600.0,UPI,scam_shock,1
SYN-10475,Synthetic customer 476,Salaried,Jaipur,85000.0,39846.13,44680.34,4468034,500.0,57506.99,5000.0,UPI,healthy,28
SYN-10476,Synthetic customer 477,Salaried,Delhi,62000.0,39163.52,123171.26,12317126,0.0,37284.04,3500.0,UPI,healthy,5
SYN-10477,Synthetic customer 478,Salaried,Mumbai,119000.0,61388.61,190998.76,19099876,1500.0,133367.83,5200.0,UPI,healthy,28
SYN-10478,Synthetic customer 479,Salaried,Bengaluru,56000.0,22918.03,18998.01,1899801,3000.0,42053.74,3200.0,UPI,healthy,5
SYN-10479,Synthetic customer 480,Salaried,Jaipur,83000.0,46554.79,55709.99,5570999,4000.0,97355.97,4100.0,UPI,organic_distress,5
SYN-10480,Synthetic customer 481,Salaried,Delhi,64000.0,33930.46,109782.1,10978210,3000.0,27946.13,3300.0,UPI,healthy,1
SYN-10481,Synthetic customer 482,Salaried,Mumbai,90000.0,42829.41,32552.75,3255275,500.0,60054.19,3600.0,UPI,healthy,1
SYN-10482,Synthetic customer 483,Salaried,Bengaluru,83000.0,49368.72,119066.24,11906624,0.0,106256.56,2700.0,UPI,healthy,1
SYN-10483,Synthetic customer 484,Salaried,Jaipur,101000.0,60186.31,120421.7,12042170,500.0,59503.58,1800.0,UPI,healthy,1
SYN-10484,Synthetic customer 485,Salaried,Delhi,96000.0,55312.26,79117.23,7911723,500.0,78325.22,5200.0,UPI,organic_distress,28
SYN-10485,Synthetic customer 486,Salaried,Mumbai,25000.0,15017.94,7237.29,723729,1000.0,21401.84,5500.0,UPI,healthy,1
SYN-10486,Synthetic customer 487,Salaried,Bengaluru,71000.0,42379.41,119248.32,11924832,2500.0,72394.5,4300.0,UPI,healthy,1
SYN-10487,Synthetic customer 488,Salaried,Jaipur,108000.0,43344.85,55645.21,5564521,2500.0,69323.5,2900.0,UPI,mild_distress,1
SYN-10488,Synthetic customer 489,Salaried,Delhi,102000.0,37594.82,140017.25,14001725,3000.0,76599.76,3400.0,UPI,mild_distress,1
SYN-10489,Synthetic customer 490,Salaried,Mumbai,104000.0,42687.59,126308.66,12630866,1500.0,128965.24,2400.0,UPI,healthy,28
SYN-10490,Synthetic customer 491,Salaried,Bengaluru,120000.0,42270.05,113229.63,11322963,500.0,89506.62,3400.0,UPI,mule,1
SYN-10491,Synthetic customer 492,Salaried,Jaipur,72000.0,42524.63,72251.28,7225128,1000.0,75019.82,2000.0,UPI,mild_distress,1
SYN-10492,Synthetic customer 493,Salaried,Delhi,114000.0,70333.7,160850.0,16085000,3000.0,80802.42,5200.0,UPI,healthy,28
SYN-10493,Synthetic customer 494,Salaried,Mumbai,59000.0,32441.99,86079.62,8607962,500.0,48718.11,5200.0,UPI,healthy,5
SYN-10494,Synthetic customer 495,Salaried,Bengaluru,46000.0,17967.68,31540.47,3154047,3000.0,55750.2,5100.0,UPI,healthy,28
SYN-10495,Synthetic customer 496,Salaried,Jaipur,44000.0,19962.27,62857.32,6285732,2500.0,28745.51,1600.0,UPI,healthy,1
SYN-10496,Synthetic customer 497,Salaried,Delhi,62000.0,31579.88,25601.76,2560176,1000.0,64722.66,4600.0,UPI,healthy,1
SYN-10497,Synthetic customer 498,Salaried,Mumbai,86000.0,30264.59,43167.05,4316705,3000.0,74813.11,4300.0,UPI,scam_shock,1
SYN-10498,Synthetic customer 499,Salaried,Bengaluru,106000.0,66432.82,23378.59,2337859,1000.0,105678.36,3200.0,UPI,healthy,1
SYN-10499,Synthetic customer 500,Salaried,Jaipur,123000.0,43124.73,115383.16,11538316,1500.0,98047.23,2800.0,UPI,healthy,1
SYN-10500,Synthetic customer 501,Salaried,Delhi,38000.0,14433.24,52890.86,5289086,1000.0,46286.34,2500.0,UPI,ambiguous,1
SYN-10501,Synthetic customer 502,Salaried,Mumbai,130000.0,70016.1,87929.57,8792957,1500.0,55435.32,3800.0,UPI,healthy,28
SYN-10502,Synthetic customer 503,Salaried,Bengaluru,105000.0,67819.34,128556.47,12855647,4500.0,78592.55,5700.0,UPI,scam_shock,5
SYN-10503,Synthetic customer 504,Salaried,Jaipur,129000.0,58043.58,118130.01,11813001,4000.0,124168.32,5000.0,UPI,mild_distress,1
SYN-10504,Synthetic customer 505,Salaried,Delhi,61000.0,32462.36,52187.44,5218744,4500.0,77427.4,3500.0,UPI,organic_distress,28
SYN-10505,Synthetic customer 506,Salaried,Mumbai,84000.0,30447.57,87362.08,8736208,1500.0,100978.26,5500.0,UPI,scam_shock,28
SYN-10506,Synthetic customer 507,Salaried,Bengaluru,50000.0,19311.26,22486.99,2248699,500.0,42389.25,5600.0,UPI,healthy,28
SYN-10507,Synthetic customer 508,Salaried,Jaipur,85000.0,41143.61,160374.63,16037463,4000.0,96301.9,4200.0,UPI,healthy,1
SYN-10508,Synthetic customer 509,Salaried,Delhi,96000.0,43778.41,113925.61,11392561,0.0,82360.25,3700.0,UPI,healthy,1
SYN-10509,Synthetic customer 510,Salaried,Mumbai,28000.0,16951.17,15213.67,1521367,1000.0,17666.41,5100.0,UPI,mild_distress,1
SYN-10510,Synthetic customer 511,Salaried,Bengaluru,75000.0,37975.78,63739.12,6373912,3000.0,35985.71,2000.0,UPI,healthy,28
SYN-10511,Synthetic customer 512,Salaried,Jaipur,57000.0,22083.72,57895.91,5789591,1500.0,45716.84,1900.0,UPI,healthy,28
SYN-10512,Synthetic customer 513,Salaried,Delhi,46000.0,19043.06,20483.95,2048395,2500.0,45074.57,4100.0,UPI,healthy,1
SYN-10513,Synthetic customer 514,Salaried,Mumbai,40000.0,20783.71,43679.41,4367941,2500.0,44096.5,2700.0,UPI,mule,1
SYN-10514,Synthetic customer 515,Salaried,Bengaluru,39000.0,24385.0,15389.66,1538966,4000.0,48814.81,4500.0,UPI,healthy,1
SYN-10515,Synthetic customer 516,Salaried,Jaipur,76000.0,28599.65,85628.74,8562874,2500.0,73431.56,2500.0,UPI,mild_distress,1
SYN-10516,Synthetic customer 517,Salaried,Delhi,113000.0,45012.94,183290.24,18329024,4000.0,72469.68,1700.0,UPI,mild_distress,28
SYN-10517,Synthetic customer 518,Salaried,Mumbai,92000.0,35110.15,172477.67,17247767,4500.0,91675.92,5900.0,UPI,mild_distress,1
SYN-10518,Synthetic customer 519,Salaried,Bengaluru,103000.0,50157.1,181423.76,18142376,2500.0,60047.51,3600.0,UPI,healthy,5
SYN-10519,Synthetic customer 520,Salaried,Jaipur,106000.0,40470.23,90938.15,9093815,2000.0,98365.57,5900.0,UPI,healthy,1
SYN-10520,Synthetic customer 521,Salaried,Delhi,114000.0,72217.09,174455.42,17445542,0.0,62094.39,1200.0,UPI,healthy,5
SYN-10521,Synthetic customer 522,Salaried,Mumbai,55000.0,32708.02,27335.65,2733565,2000.0,47985.12,5500.0,UPI,organic_distress,5
SYN-10522,Synthetic customer 523,Salaried,Bengaluru,113000.0,62338.22,170911.42,17091142,3500.0,80810.7,3600.0,UPI,healthy,1
SYN-10523,Synthetic customer 524,Salaried,Jaipur,48000.0,25912.71,44510.01,4451001,2000.0,26751.73,5400.0,UPI,scam_shock,1
SYN-10524,Synthetic customer 525,Salaried,Delhi,78000.0,31002.3,141252.17,14125217,1500.0,69497.95,1900.0,UPI,healthy,28
SYN-10525,Synthetic customer 526,Salaried,Mumbai,119000.0,71169.19,186631.87,18663187,1000.0,110787.43,1600.0,UPI,healthy,1
SYN-10526,Synthetic customer 527,Salaried,Bengaluru,126000.0,63985.12,29348.52,2934852,5000.0,105485.28,1100.0,UPI,healthy,1
SYN-10527,Synthetic customer 528,Salaried,Jaipur,94000.0,36254.11,144614.55,14461455,4000.0,96130.96,2500.0,UPI,healthy,28
SYN-10528,Synthetic customer 529,Salaried,Delhi,60000.0,31196.29,48695.36,4869536,1000.0,46186.48,3400.0,UPI,healthy,1
SYN-10529,Synthetic customer 530,Salaried,Mumbai,32000.0,14885.22,62828.84,6282884,1000.0,40388.94,4900.0,UPI,healthy,1
SYN-10530,Synthetic customer 531,Salaried,Bengaluru,122000.0,63238.82,93506.04,9350604,500.0,154837.34,2000.0,UPI,scam_shock,1
SYN-10531,Synthetic customer 532,Salaried,Jaipur,75000.0,39710.37,35386.68,3538668,1000.0,88869.41,1000.0,UPI,healthy,28
SYN-10532,Synthetic customer 533,Salaried,Delhi,129000.0,58167.0,146147.23,14614723,500.0,60876.99,4400.0,UPI,healthy,1
SYN-10533,Synthetic customer 534,Salaried,Mumbai,80000.0,34536.39,58681.46,5868146,4000.0,45191.26,1400.0,UPI,healthy,28
SYN-10534,Synthetic customer 535,Salaried,Bengaluru,86000.0,32176.4,52345.28,5234528,0.0,80784.6,5800.0,UPI,mild_distress,5
SYN-10535,Synthetic customer 536,Salaried,Jaipur,108000.0,47056.26,67270.02,6727002,2500.0,58688.84,1200.0,UPI,healthy,1
SYN-10536,Synthetic customer 537,Salaried,Delhi,100000.0,49093.59,67215.26,6721526,1500.0,60644.15,2900.0,UPI,healthy,1
SYN-10537,Synthetic customer 538,Salaried,Mumbai,95000.0,60293.83,163539.82,16353982,1500.0,91643.38,4000.0,UPI,scam_shock,1
SYN-10538,Synthetic customer 539,Salaried,Bengaluru,72000.0,34782.62,18255.82,1825582,1000.0,58021.45,2300.0,UPI,healthy,28
SYN-10539,Synthetic customer 540,Salaried,Jaipur,73000.0,35042.6,118169.78,11816978,4000.0,46533.35,4500.0,UPI,healthy,1
SYN-10540,Synthetic customer 541,Salaried,Delhi,121000.0,64265.93,27464.2,2746420,1500.0,70946.59,5500.0,UPI,healthy,5
SYN-10541,Synthetic customer 542,Salaried,Mumbai,57000.0,23820.66,28049.7,2804970,3500.0,61892.44,1400.0,UPI,organic_distress,1
SYN-10542,Synthetic customer 543,Salaried,Bengaluru,117000.0,58546.24,173849.32,17384932,4000.0,91092.0,5300.0,UPI,healthy,1
SYN-10543,Synthetic customer 544,Salaried,Jaipur,124000.0,57777.71,32398.17,3239817,2500.0,62133.72,3700.0,UPI,healthy,1
SYN-10544,Synthetic customer 545,Salaried,Delhi,57000.0,22695.63,82891.83,8289183,500.0,68407.1,5800.0,UPI,healthy,5
SYN-10545,Synthetic customer 546,Salaried,Mumbai,32000.0,18153.45,46740.71,4674071,1500.0,20894.25,3800.0,UPI,healthy,1
SYN-10546,Synthetic customer 547,Salaried,Bengaluru,61000.0,38850.05,45772.15,4577215,1500.0,24480.27,1800.0,UPI,healthy,5
SYN-10547,Synthetic customer 548,Salaried,Jaipur,40000.0,18518.03,68918.0,6891800,3500.0,44792.06,3100.0,UPI,healthy,1
SYN-10548,Synthetic customer 549,Salaried,Delhi,99000.0,34781.53,77409.85,7740985,2000.0,65984.78,1100.0,UPI,mule,1
SYN-10549,Synthetic customer 550,Salaried,Mumbai,43000.0,17581.5,57947.58,5794758,2000.0,47148.85,3800.0,UPI,organic_distress,1
SYN-10550,Synthetic customer 551,Salaried,Bengaluru,48000.0,26959.34,90342.83,9034283,3000.0,59112.43,5400.0,UPI,mild_distress,1
SYN-10551,Synthetic customer 552,Salaried,Jaipur,73000.0,47367.19,103766.53,10376653,1500.0,55298.93,2200.0,UPI,mild_distress,1
SYN-10552,Synthetic customer 553,Salaried,Delhi,94000.0,45071.34,69287.79,6928779,4000.0,116532.73,5600.0,UPI,healthy,28
SYN-10553,Synthetic customer 554,Salaried,Mumbai,115000.0,47693.75,197067.33,19706733,2500.0,95848.95,1500.0,UPI,healthy,1
SYN-10554,Synthetic customer 555,Salaried,Bengaluru,111000.0,52234.38,121582.58,12158258,1500.0,60351.9,2000.0,UPI,healthy,5
SYN-10555,Synthetic customer 556,Salaried,Jaipur,40000.0,18846.4,59702.55,5970255,1500.0,47980.21,4400.0,UPI,healthy,28
SYN-10556,Synthetic customer 557,Salaried,Delhi,95000.0,43152.47,85552.36,8555236,2500.0,58546.36,1500.0,UPI,healthy,1
SYN-10557,Synthetic customer 558,Salaried,Mumbai,115000.0,54758.66,48774.07,4877407,0.0,56187.02,2600.0,UPI,healthy,1
SYN-10558,Synthetic customer 559,Salaried,Bengaluru,123000.0,61809.52,151341.55,15134155,0.0,137146.27,1100.0,UPI,mule,28
SYN-10559,Synthetic customer 560,Salaried,Jaipur,107000.0,53751.96,91212.12,9121212,1000.0,75710.15,5900.0,UPI,healthy,5
SYN-10560,Synthetic customer 561,Salaried,Delhi,127000.0,61442.28,101896.16,10189616,3000.0,71274.37,2100.0,UPI,healthy,1
SYN-10561,Synthetic customer 562,Salaried,Mumbai,126000.0,51626.74,94009.31,9400931,4500.0,97869.48,2900.0,UPI,healthy,1
SYN-10562,Synthetic customer 563,Salaried,Bengaluru,68000.0,26786.46,128124.05,12812405,4500.0,72040.67,2200.0,UPI,healthy,1
SYN-10563,Synthetic customer 564,Salaried,Jaipur,94000.0,57652.31,52966.86,5296686,2000.0,78096.55,5100.0,UPI,healthy,1
SYN-10564,Synthetic customer 565,Salaried,Delhi,26000.0,12073.93,42628.14,4262814,1500.0,22014.02,5400.0,UPI,organic_distress,1
SYN-10565,Synthetic customer 566,Salaried,Mumbai,110000.0,39887.51,115153.08,11515308,3500.0,67815.9,1100.0,UPI,scam_shock,1
SYN-10566,Synthetic customer 567,Salaried,Bengaluru,107000.0,64041.4,45100.92,4510092,2000.0,127203.58,5400.0,UPI,mild_distress,28
SYN-10567,Synthetic customer 568,Salaried,Jaipur,111000.0,60130.52,43878.05,4387805,4000.0,96095.03,5200.0,UPI,organic_distress,1
SYN-10568,Synthetic customer 569,Salaried,Delhi,117000.0,47229.67,146909.64,14690964,5000.0,95782.72,4200.0,UPI,healthy,28
SYN-10569,Synthetic customer 570,Salaried,Mumbai,106000.0,44415.99,27170.37,2717037,2000.0,89434.33,2400.0,UPI,healthy,28
SYN-10570,Synthetic customer 571,Salaried,Bengaluru,108000.0,50322.33,162397.04,16239704,500.0,117647.73,3400.0,UPI,organic_distress,1
SYN-10571,Synthetic customer 572,Salaried,Jaipur,116000.0,43976.45,101831.09,10183109,500.0,52900.95,1200.0,UPI,healthy,28
SYN-10572,Synthetic customer 573,Salaried,Delhi,57000.0,33240.93,99794.72,9979472,2000.0,40786.05,1200.0,UPI,mild_distress,1
SYN-10573,Synthetic customer 574,Salaried,Mumbai,72000.0,35624.28,75840.8,7584080,0.0,78495.69,3800.0,UPI,healthy,5
SYN-10574,Synthetic customer 575,Salaried,Bengaluru,55000.0,27694.05,26776.24,2677624,2000.0,25609.27,5700.0,UPI,healthy,1
SYN-10575,Synthetic customer 576,Salaried,Jaipur,58000.0,34539.99,57398.35,5739835,4000.0,40193.4,3600.0,UPI,healthy,28
SYN-10576,Synthetic customer 577,Salaried,Delhi,34000.0,20035.59,58289.03,5828903,5000.0,20717.26,3700.0,UPI,healthy,5
SYN-10577,Synthetic customer 578,Salaried,Mumbai,110000.0,69694.93,184027.33,18402733,2000.0,122299.85,4400.0,UPI,healthy,1
SYN-10578,Synthetic customer 579,Salaried,Bengaluru,32000.0,13234.87,49363.82,4936382,2000.0,23054.12,4500.0,UPI,healthy,1
SYN-10579,Synthetic customer 580,Salaried,Jaipur,33000.0,18508.16,45619.04,4561904,1500.0,29232.22,4500.0,UPI,mule,1
SYN-10580,Synthetic customer 581,Salaried,Delhi,114000.0,72347.99,122991.4,12299140,2000.0,147112.58,6000.0,UPI,organic_distress,1
SYN-10581,Synthetic customer 582,Salaried,Mumbai,113000.0,51853.97,62798.92,6279892,2500.0,89373.3,3100.0,UPI,organic_distress,28
SYN-10582,Synthetic customer 583,Salaried,Bengaluru,55000.0,33284.33,45167.44,4516744,4000.0,66892.07,5600.0,UPI,healthy,1
SYN-10583,Synthetic customer 584,Salaried,Jaipur,128000.0,64220.18,50005.14,5000514,1500.0,67828.49,2600.0,UPI,mild_distress,1
SYN-10584,Synthetic customer 585,Salaried,Delhi,33000.0,15849.35,7178.64,717864,3000.0,13731.07,3700.0,UPI,healthy,1
SYN-10585,Synthetic customer 586,Salaried,Mumbai,45000.0,17106.75,23664.41,2366441,1000.0,41982.2,4600.0,UPI,ambiguous,1
SYN-10586,Synthetic customer 587,Salaried,Bengaluru,112000.0,67381.65,217784.09,21778409,2000.0,89961.06,4500.0,UPI,healthy,1
SYN-10587,Synthetic customer 588,Salaried,Jaipur,86000.0,35124.72,103107.56,10310756,3000.0,83426.56,4000.0,UPI,healthy,5
SYN-10588,Synthetic customer 589,Salaried,Delhi,113000.0,65207.52,124660.39,12466039,2500.0,144231.06,3000.0,UPI,healthy,28
SYN-10589,Synthetic customer 590,Salaried,Mumbai,63000.0,28996.13,52382.56,5238256,500.0,48351.33,4600.0,UPI,healthy,1
SYN-10590,Synthetic customer 591,Salaried,Bengaluru,98000.0,52991.99,39146.05,3914605,2000.0,105342.29,4500.0,UPI,ambiguous,28
SYN-10591,Synthetic customer 592,Salaried,Jaipur,57000.0,22143.01,107886.63,10788663,3000.0,71594.0,3800.0,UPI,healthy,1
SYN-10592,Synthetic customer 593,Salaried,Delhi,68000.0,24253.52,75046.4,7504640,0.0,32500.88,3100.0,UPI,healthy,1
SYN-10593,Synthetic customer 594,Salaried,Mumbai,44000.0,24567.82,86800.89,8680089,1500.0,23138.76,5100.0,UPI,healthy,28
SYN-10594,Synthetic customer 595,Salaried,Bengaluru,28000.0,13704.56,29593.48,2959348,5000.0,18130.2,4600.0,UPI,healthy,28
SYN-10595,Synthetic customer 596,Salaried,Jaipur,110000.0,43967.91,101224.75,10122475,1500.0,45355.42,3600.0,UPI,mule,1
SYN-10596,Synthetic customer 597,Salaried,Delhi,54000.0,30187.12,21352.37,2135237,1000.0,50516.79,4300.0,UPI,healthy,5
SYN-10597,Synthetic customer 598,Salaried,Mumbai,101000.0,46898.42,124114.59,12411459,3000.0,129658.45,4300.0,UPI,healthy,1
SYN-10598,Synthetic customer 599,Salaried,Bengaluru,50000.0,26080.81,92686.41,9268641,1500.0,62616.87,2000.0,UPI,organic_distress,1
SYN-10599,Synthetic customer 600,Salaried,Jaipur,81000.0,38407.39,43675.85,4367585,3000.0,88949.88,3400.0,UPI,healthy,28
SYN-10600,Synthetic customer 601,Salaried,Delhi,53000.0,23115.98,83498.86,8349886,2000.0,29996.93,6000.0,UPI,healthy,1
SYN-10601,Synthetic customer 602,Salaried,Mumbai,101000.0,63738.35,196164.3,19616430,0.0,75858.32,2800.0,UPI,healthy,28
SYN-10602,Synthetic customer 603,Salaried,Bengaluru,110000.0,58062.75,38196.36,3819636,1500.0,63463.89,3200.0,UPI,mild_distress,5
SYN-10603,Synthetic customer 604,Salaried,Jaipur,102000.0,39607.02,50959.22,5095922,2500.0,122818.8,2200.0,UPI,healthy,1
SYN-10604,Synthetic customer 605,Salaried,Delhi,43000.0,24512.85,69641.29,6964129,3000.0,49783.35,2700.0,UPI,healthy,5
SYN-10605,Synthetic customer 606,Salaried,Mumbai,53000.0,33655.99,27502.67,2750267,5000.0,62823.72,5500.0,UPI,scam_shock,1
SYN-10606,Synthetic customer 607,Salaried,Bengaluru,40000.0,15695.16,65866.68,6586668,3000.0,45781.35,3300.0,UPI,healthy,1
SYN-10607,Synthetic customer 608,Salaried,Jaipur,41000.0,25099.08,56279.18,5627918,500.0,52586.23,4400.0,UPI,organic_distress,1
SYN-10608,Synthetic customer 609,Salaried,Delhi,40000.0,17313.46,19403.35,1940335,5000.0,34340.6,4900.0,UPI,healthy,1
SYN-10609,Synthetic customer 610,Salaried,Mumbai,86000.0,50799.93,108014.95,10801495,5000.0,66640.07,4000.0,UPI,scam_shock,28
SYN-10610,Synthetic customer 611,Salaried,Bengaluru,122000.0,50351.6,103279.99,10327999,0.0,99117.04,1000.0,UPI,healthy,28
SYN-10611,Synthetic customer 612,Salaried,Jaipur,54000.0,32330.03,61654.17,6165417,5000.0,62879.08,3100.0,UPI,healthy,5
SYN-10612,Synthetic customer 613,Salaried,Delhi,81000.0,42648.33,135842.03,13584203,1000.0,48835.12,3500.0,UPI,mule,1
SYN-10613,Synthetic customer 614,Salaried,Mumbai,61000.0,36415.12,41773.7,4177370,2000.0,30776.72,5100.0,UPI,healthy,1
SYN-10614,Synthetic customer 615,Salaried,Bengaluru,73000.0,37537.4,20815.78,2081578,3500.0,60524.71,5800.0,UPI,organic_distress,1
SYN-10615,Synthetic customer 616,Salaried,Jaipur,103000.0,54160.04,154124.41,15412441,2500.0,59836.45,5800.0,UPI,scam_shock,1
SYN-10616,Synthetic customer 617,Salaried,Delhi,102000.0,41245.37,195495.28,19549528,0.0,42081.5,4500.0,UPI,healthy,28
SYN-10617,Synthetic customer 618,Salaried,Mumbai,123000.0,70909.71,190607.5,19060750,2500.0,148123.77,1500.0,UPI,healthy,1
SYN-10618,Synthetic customer 619,Salaried,Bengaluru,98000.0,43745.34,53239.55,5323955,3500.0,74844.07,1300.0,UPI,healthy,1
SYN-10619,Synthetic customer 620,Salaried,Jaipur,97000.0,54700.75,121666.92,12166692,3000.0,125142.83,3800.0,UPI,healthy,1
SYN-10620,Synthetic customer 621,Salaried,Delhi,26000.0,13949.74,14319.51,1431951,3500.0,16194.54,2100.0,UPI,healthy,5
SYN-10621,Synthetic customer 622,Salaried,Mumbai,51000.0,28236.2,66813.18,6681318,500.0,53792.08,3000.0,UPI,healthy,28
SYN-10622,Synthetic customer 623,Salaried,Bengaluru,55000.0,32353.8,41573.3,4157330,3000.0,49402.26,1200.0,UPI,healthy,28
SYN-10623,Synthetic customer 624,Salaried,Jaipur,66000.0,29658.7,123155.5,12315550,3000.0,66445.22,5100.0,UPI,healthy,1
SYN-10624,Synthetic customer 625,Salaried,Delhi,67000.0,29307.45,38147.39,3814739,5000.0,66615.97,2600.0,UPI,organic_distress,1
SYN-10625,Synthetic customer 626,Salaried,Mumbai,95000.0,38149.78,87547.41,8754741,3500.0,44369.89,4400.0,UPI,healthy,1
SYN-10626,Synthetic customer 627,Salaried,Bengaluru,33000.0,17628.05,63602.38,6360238,1500.0,19705.8,4400.0,UPI,healthy,5
SYN-10627,Synthetic customer 628,Salaried,Jaipur,117000.0,44621.1,208701.88,20870188,1500.0,75403.55,5200.0,UPI,organic_distress,1
SYN-10628,Synthetic customer 629,Salaried,Delhi,87000.0,42492.0,149030.54,14903054,3500.0,84790.34,2900.0,UPI,mule,5
SYN-10629,Synthetic customer 630,Salaried,Mumbai,102000.0,65559.8,139309.73,13930973,1000.0,92739.84,4000.0,UPI,healthy,28
SYN-10630,Synthetic customer 631,Salaried,Bengaluru,123000.0,66451.03,182312.4,18231240,1000.0,111907.09,5500.0,UPI,healthy,28
SYN-10631,Synthetic customer 632,Salaried,Jaipur,37000.0,21714.99,47201.21,4720121,500.0,47360.27,4500.0,UPI,healthy,1
SYN-10632,Synthetic customer 633,Salaried,Delhi,114000.0,44197.09,99765.21,9976521,1500.0,129550.6,3800.0,UPI,healthy,1
SYN-10633,Synthetic customer 634,Salaried,Mumbai,127000.0,58445.3,223016.64,22301664,3500.0,93229.6,3000.0,UPI,healthy,1
SYN-10634,Synthetic customer 635,Salaried,Bengaluru,125000.0,73509.93,142674.22,14267422,1000.0,72716.11,3100.0,UPI,scam_shock,5
SYN-10635,Synthetic customer 636,Salaried,Jaipur,58000.0,33203.42,78721.23,7872123,3000.0,73909.65,2000.0,UPI,healthy,1
SYN-10636,Synthetic customer 637,Salaried,Delhi,77000.0,30103.91,152119.53,15211953,2000.0,77840.17,2500.0,UPI,healthy,28
SYN-10637,Synthetic customer 638,Salaried,Mumbai,37000.0,23607.71,34398.96,3439896,5000.0,19075.0,5900.0,UPI,healthy,5
SYN-10638,Synthetic customer 639,Salaried,Bengaluru,70000.0,29443.02,69234.52,6923452,3000.0,88612.31,1900.0,UPI,mild_distress,1
SYN-10639,Synthetic customer 640,Salaried,Jaipur,110000.0,46700.52,41595.3,4159530,1500.0,140988.24,5300.0,UPI,organic_distress,1
SYN-10640,Synthetic customer 641,Salaried,Delhi,123000.0,75450.08,218673.3,21867330,3000.0,145758.37,5600.0,UPI,scam_shock,1
SYN-10641,Synthetic customer 642,Salaried,Mumbai,36000.0,18384.6,13653.71,1365371,500.0,24020.25,3000.0,UPI,organic_distress,5
SYN-10642,Synthetic customer 643,Salaried,Bengaluru,56000.0,36005.78,19215.92,1921592,1000.0,26738.47,5300.0,UPI,healthy,1
SYN-10643,Synthetic customer 644,Salaried,Jaipur,107000.0,55806.18,110841.25,11084125,3000.0,125963.81,5600.0,UPI,mild_distress,5
SYN-10644,Synthetic customer 645,Salaried,Delhi,109000.0,57966.11,185032.58,18503258,4000.0,68567.61,4000.0,UPI,healthy,1
SYN-10645,Synthetic customer 646,Salaried,Mumbai,88000.0,38142.17,102752.66,10275266,3500.0,91630.39,5900.0,UPI,healthy,1
SYN-10646,Synthetic customer 647,Salaried,Bengaluru,65000.0,30763.23,99040.46,9904046,1000.0,49906.9,2200.0,UPI,scam_shock,28
SYN-10647,Synthetic customer 648,Salaried,Jaipur,60000.0,29518.51,93604.0,9360400,500.0,41512.45,4300.0,UPI,organic_distress,5
SYN-10648,Synthetic customer 649,Salaried,Delhi,118000.0,54890.85,127975.76,12797576,4000.0,96011.11,4300.0,UPI,healthy,5
SYN-10649,Synthetic customer 650,Salaried,Mumbai,72000.0,40116.24,15701.22,1570122,5000.0,89240.45,2400.0,UPI,healthy,1
SYN-10650,Synthetic customer 651,Salaried,Bengaluru,37000.0,15372.94,58023.3,5802330,4000.0,19062.44,4300.0,UPI,healthy,1
SYN-10651,Synthetic customer 652,Salaried,Jaipur,43000.0,23502.17,65149.48,6514948,3000.0,45107.42,1300.0,UPI,healthy,28
SYN-10652,Synthetic customer 653,Salaried,Delhi,125000.0,76538.5,117419.96,11741996,3500.0,61921.16,2600.0,UPI,scam_shock,1
SYN-10653,Synthetic customer 654,Salaried,Mumbai,125000.0,48247.57,211647.93,21164793,1500.0,150918.81,2500.0,UPI,scam_shock,1
SYN-10654,Synthetic customer 655,Salaried,Bengaluru,43000.0,17927.35,61332.7,6133270,4000.0,37881.51,5700.0,UPI,healthy,1
SYN-10655,Synthetic customer 656,Salaried,Jaipur,59000.0,21146.26,108913.0,10891300,2500.0,47127.59,3100.0,UPI,organic_distress,1
SYN-10656,Synthetic customer 657,Salaried,Delhi,92000.0,54379.2,36479.93,3647993,1500.0,90225.49,3400.0,UPI,healthy,1
SYN-10657,Synthetic customer 658,Salaried,Mumbai,108000.0,54659.24,104461.4,10446140,2000.0,127989.15,2000.0,UPI,scam_shock,1
SYN-10658,Synthetic customer 659,Salaried,Bengaluru,48000.0,18606.9,42317.06,4231706,4500.0,39396.27,5400.0,UPI,organic_distress,1
SYN-10659,Synthetic customer 660,Salaried,Jaipur,83000.0,32168.44,146095.51,14609551,0.0,38301.97,2700.0,UPI,mild_distress,1
SYN-10660,Synthetic customer 661,Salaried,Delhi,41000.0,24776.86,19195.64,1919564,2000.0,31338.71,3200.0,UPI,healthy,28
SYN-10661,Synthetic customer 662,Salaried,Mumbai,64000.0,23884.79,60917.55,6091755,5000.0,79565.32,3800.0,UPI,healthy,1
SYN-10662,Synthetic customer 663,Salaried,Bengaluru,121000.0,45175.71,159080.2,15908020,5000.0,91325.72,2200.0,UPI,healthy,5
SYN-10663,Synthetic customer 664,Salaried,Jaipur,65000.0,39666.1,43771.59,4377159,1500.0,82131.16,1600.0,UPI,healthy,1
SYN-10664,Synthetic customer 665,Salaried,Delhi,26000.0,10089.63,30069.34,3006934,2500.0,19735.68,1200.0,UPI,healthy,28
SYN-10665,Synthetic customer 666,Salaried,Mumbai,33000.0,21002.25,51890.9,5189090,2500.0,34265.37,3900.0,UPI,healthy,1
SYN-10666,Synthetic customer 667,Salaried,Bengaluru,99000.0,60616.44,49382.4,4938240,4000.0,116075.07,4900.0,UPI,healthy,28
SYN-10667,Synthetic customer 668,Salaried,Jaipur,65000.0,22838.34,66124.62,6612462,4000.0,45425.74,5900.0,UPI,healthy,1
SYN-10668,Synthetic customer 669,Salaried,Delhi,99000.0,47264.74,97418.73,9741873,0.0,102852.73,4400.0,UPI,healthy,1
SYN-10669,Synthetic customer 670,Salaried,Mumbai,72000.0,42184.41,33709.75,3370975,0.0,58048.13,2300.0,UPI,organic_distress,1
SYN-10670,Synthetic customer 671,Salaried,Bengaluru,55000.0,26291.15,98488.11,9848811,3000.0,30581.68,2300.0,UPI,mild_distress,1
SYN-10671,Synthetic customer 672,Salaried,Jaipur,85000.0,41455.48,138970.18,13897018,5000.0,88962.89,1600.0,UPI,healthy,1
SYN-10672,Synthetic customer 673,Salaried,Delhi,43000.0,24291.06,81857.4,8185740,4500.0,28145.3,3700.0,UPI,healthy,1
SYN-10673,Synthetic customer 674,Salaried,Mumbai,88000.0,51930.62,42121.3,4212130,1500.0,112950.77,4700.0,UPI,healthy,1
SYN-10674,Synthetic customer 675,Salaried,Bengaluru,66000.0,32369.35,100289.68,10028968,3000.0,63716.58,1400.0,UPI,healthy,5
SYN-10675,Synthetic customer 676,Salaried,Jaipur,99000.0,36781.65,38392.61,3839261,3500.0,95464.48,3300.0,UPI,healthy,1
SYN-10676,Synthetic customer 677,Salaried,Delhi,95000.0,59298.47,135200.59,13520059,1000.0,118327.87,5900.0,UPI,healthy,28
SYN-10677,Synthetic customer 678,Salaried,Mumbai,128000.0,77949.66,255655.79,25565579,4000.0,62105.09,2300.0,UPI,organic_distress,1
SYN-10678,Synthetic customer 679,Salaried,Bengaluru,126000.0,54469.33,225468.83,22546883,3500.0,75256.87,1700.0,UPI,mule,5
SYN-10679,Synthetic customer 680,Salaried,Jaipur,46000.0,21647.91,31948.18,3194818,4000.0,55498.26,2900.0,UPI,healthy,1
SYN-10680,Synthetic customer 681,Salaried,Delhi,130000.0,82130.43,144123.69,14412369,500.0,57747.96,5700.0,UPI,healthy,5
SYN-10681,Synthetic customer 682,Salaried,Mumbai,128000.0,78708.45,209656.05,20965605,1000.0,52137.82,3600.0,UPI,scam_shock,1
SYN-10682,Synthetic customer 683,Salaried,Bengaluru,112000.0,49407.36,34096.04,3409604,2500.0,117239.07,2100.0,UPI,healthy,1
SYN-10683,Synthetic customer 684,Salaried,Jaipur,25000.0,16206.95,6826.17,682617,4000.0,10796.88,1100.0,UPI,healthy,1
SYN-10684,Synthetic customer 685,Salaried,Delhi,46000.0,25939.06,65640.34,6564034,0.0,48805.64,2900.0,UPI,mild_distress,1
SYN-10685,Synthetic customer 686,Salaried,Mumbai,95000.0,47997.88,40077.09,4007709,3000.0,90618.4,2600.0,UPI,ambiguous,28
SYN-10686,Synthetic customer 687,Salaried,Bengaluru,70000.0,33947.39,75990.52,7599052,4000.0,42068.72,2100.0,UPI,healthy,1
SYN-10687,Synthetic customer 688,Salaried,Jaipur,84000.0,49975.92,138999.78,13899978,500.0,35906.88,5100.0,UPI,healthy,1
SYN-10688,Synthetic customer 689,Salaried,Delhi,42000.0,19805.77,77035.5,7703550,3000.0,39442.47,3300.0,UPI,healthy,1
SYN-10689,Synthetic customer 690,Salaried,Mumbai,123000.0,49466.56,214489.55,21448955,0.0,97737.02,1500.0,UPI,healthy,28
SYN-10690,Synthetic customer 691,Salaried,Bengaluru,85000.0,36832.83,89737.87,8973787,3500.0,101421.69,5700.0,UPI,healthy,5
SYN-10691,Synthetic customer 692,Salaried,Jaipur,51000.0,26504.51,52207.02,5220702,2500.0,60083.07,1100.0,UPI,healthy,1
SYN-10692,Synthetic customer 693,Salaried,Delhi,49000.0,17911.17,29079.51,2907951,5000.0,52764.32,5700.0,UPI,healthy,5
SYN-10693,Synthetic customer 694,Salaried,Mumbai,126000.0,74554.21,135060.69,13506069,2000.0,158705.73,5700.0,UPI,healthy,1
SYN-10694,Synthetic customer 695,Salaried,Bengaluru,124000.0,50936.53,194777.35,19477735,2000.0,116516.86,5900.0,UPI,healthy,1
SYN-10695,Synthetic customer 696,Salaried,Jaipur,38000.0,22482.57,27031.18,2703118,0.0,23736.91,3700.0,UPI,organic_distress,1
SYN-10696,Synthetic customer 697,Salaried,Delhi,36000.0,20361.23,12407.92,1240792,4500.0,19709.95,3300.0,UPI,healthy,1
SYN-10697,Synthetic customer 698,Salaried,Mumbai,38000.0,21240.87,30554.73,3055473,3500.0,42080.17,2800.0,UPI,ambiguous,5
SYN-10698,Synthetic customer 699,Salaried,Bengaluru,93000.0,57960.93,68940.4,6894040,500.0,101917.24,1000.0,UPI,healthy,28
SYN-10699,Synthetic customer 700,Salaried,Jaipur,43000.0,23651.45,60107.48,6010748,4500.0,39518.4,3100.0,UPI,healthy,28
SYN-10700,Synthetic customer 701,Salaried,Delhi,105000.0,46959.31,42577.03,4257703,1000.0,82355.27,3800.0,UPI,healthy,1
SYN-10701,Synthetic customer 702,Salaried,Mumbai,95000.0,52194.01,118036.29,11803629,2000.0,115885.04,5600.0,UPI,organic_distress,5
SYN-10702,Synthetic customer 703,Salaried,Bengaluru,125000.0,73906.66,74791.01,7479101,0.0,129048.65,3600.0,UPI,healthy,1
SYN-10703,Synthetic customer 704,Salaried,Jaipur,70000.0,30077.94,57937.34,5793734,2500.0,59024.68,2900.0,UPI,healthy,28
SYN-10704,Synthetic customer 705,Salaried,Delhi,34000.0,18347.34,13113.95,1311395,3000.0,43718.18,4400.0,UPI,healthy,1
SYN-10705,Synthetic customer 706,Salaried,Mumbai,43000.0,20941.87,9335.29,933529,4500.0,42007.85,5800.0,UPI,healthy,28
SYN-10706,Synthetic customer 707,Salaried,Bengaluru,124000.0,62265.66,154742.85,15474285,5000.0,154905.74,3400.0,UPI,healthy,1
SYN-10707,Synthetic customer 708,Salaried,Jaipur,43000.0,18318.02,25241.28,2524128,500.0,17828.31,5100.0,UPI,healthy,5
SYN-10708,Synthetic customer 709,Salaried,Delhi,55000.0,21185.34,55076.05,5507605,4500.0,31604.66,2200.0,UPI,scam_shock,28
SYN-10709,Synthetic customer 710,Salaried,Mumbai,49000.0,18798.52,93343.68,9334368,0.0,40598.68,2800.0,UPI,healthy,1
SYN-10710,Synthetic customer 711,Salaried,Bengaluru,26000.0,9180.89,26104.67,2610467,3500.0,32989.81,2000.0,UPI,healthy,1
SYN-10711,Synthetic customer 712,Salaried,Jaipur,109000.0,43751.51,203279.73,20327973,3500.0,83562.11,2000.0,UPI,healthy,1
SYN-10712,Synthetic customer 713,Salaried,Delhi,37000.0,17138.64,38934.84,3893484,0.0,32885.66,4700.0,UPI,healthy,5
SYN-10713,Synthetic customer 714,Salaried,Mumbai,76000.0,47436.13,109881.29,10988129,0.0,84008.85,3100.0,UPI,organic_distress,1
SYN-10714,Synthetic customer 715,Salaried,Bengaluru,48000.0,18852.65,60083.79,6008379,2000.0,28247.99,3500.0,UPI,mild_distress,1
SYN-10715,Synthetic customer 716,Salaried,Jaipur,55000.0,32537.96,70601.02,7060102,500.0,47024.07,1300.0,UPI,organic_distress,1
SYN-10716,Synthetic customer 717,Salaried,Delhi,97000.0,43290.46,100538.37,10053837,2500.0,116818.63,4900.0,UPI,healthy,1
SYN-10717,Synthetic customer 718,Salaried,Mumbai,87000.0,32034.08,140135.86,14013586,0.0,57973.0,1000.0,UPI,healthy,1
SYN-10718,Synthetic customer 719,Salaried,Bengaluru,113000.0,57018.28,127618.07,12761807,5000.0,117750.19,1400.0,UPI,mild_distress,1
SYN-10719,Synthetic customer 720,Salaried,Jaipur,69000.0,39627.01,93805.88,9380588,4500.0,31685.04,3500.0,UPI,ambiguous,5
SYN-10720,Synthetic customer 721,Salaried,Delhi,67000.0,32109.91,116040.95,11604095,500.0,33419.77,2000.0,UPI,healthy,1
SYN-10721,Synthetic customer 722,Salaried,Mumbai,36000.0,13392.41,47879.89,4787989,3500.0,34499.37,2800.0,UPI,healthy,1
SYN-10722,Synthetic customer 723,Salaried,Bengaluru,86000.0,38122.3,119245.8,11924580,1000.0,56734.47,2800.0,UPI,mule,1
SYN-10723,Synthetic customer 724,Salaried,Jaipur,56000.0,27487.96,102089.0,10208900,2500.0,37699.98,4100.0,UPI,mule,1
SYN-10724,Synthetic customer 725,Salaried,Delhi,115000.0,69140.07,35618.98,3561898,0.0,116676.07,1000.0,UPI,scam_shock,1
SYN-10725,Synthetic customer 726,Salaried,Mumbai,51000.0,30474.76,90195.85,9019585,4500.0,64652.39,1300.0,UPI,healthy,1
SYN-10726,Synthetic customer 727,Salaried,Bengaluru,26000.0,9215.27,27302.28,2730228,500.0,20853.12,3500.0,UPI,scam_shock,28
SYN-10727,Synthetic customer 728,Salaried,Jaipur,130000.0,48931.98,255835.68,25583568,0.0,54002.06,2000.0,UPI,healthy,1
SYN-10728,Synthetic customer 729,Salaried,Delhi,93000.0,53865.05,56849.18,5684918,4500.0,119951.03,1000.0,UPI,healthy,5
SYN-10729,Synthetic customer 730,Salaried,Mumbai,109000.0,41135.71,112234.63,11223463,5000.0,108719.29,3600.0,UPI,healthy,28
SYN-10730,Synthetic customer 731,Salaried,Bengaluru,48000.0,22880.32,28179.34,2817934,5000.0,50853.01,3600.0,UPI,mule,1
SYN-10731,Synthetic customer 732,Salaried,Jaipur,97000.0,49771.76,98476.35,9847635,1500.0,58671.11,2200.0,UPI,scam_shock,1
SYN-10732,Synthetic customer 733,Salaried,Delhi,26000.0,15493.01,30280.21,3028021,2000.0,12422.27,3200.0,UPI,mild_distress,1
SYN-10733,Synthetic customer 734,Salaried,Mumbai,51000.0,30306.2,64766.41,6476641,2500.0,34153.65,5000.0,UPI,healthy,28
SYN-10734,Synthetic customer 735,Salaried,Bengaluru,53000.0,30689.7,67188.77,6718877,1500.0,29692.36,3200.0,UPI,organic_distress,28
SYN-10735,Synthetic customer 736,Salaried,Jaipur,87000.0,39464.41,158825.51,15882551,2000.0,60646.97,2200.0,UPI,organic_distress,1
SYN-10736,Synthetic customer 737,Salaried,Delhi,112000.0,72397.58,161588.59,16158859,4500.0,63874.42,4700.0,UPI,healthy,1
SYN-10737,Synthetic customer 738,Salaried,Mumbai,88000.0,34919.68,47118.43,4711843,4000.0,100917.17,4700.0,UPI,scam_shock,1
SYN-10738,Synthetic customer 739,Salaried,Bengaluru,37000.0,20924.67,23796.28,2379628,3000.0,38684.68,1400.0,UPI,healthy,1
SYN-10739,Synthetic customer 740,Salaried,Jaipur,119000.0,52280.33,130541.4,13054140,4500.0,144426.22,2200.0,UPI,mild_distress,28
SYN-10740,Synthetic customer 741,Salaried,Delhi,67000.0,43188.43,90904.55,9090455,4000.0,67400.31,1000.0,UPI,healthy,1
SYN-10741,Synthetic customer 742,Salaried,Mumbai,93000.0,56067.08,57003.01,5700301,3500.0,72267.23,4500.0,UPI,organic_distress,1
SYN-10742,Synthetic customer 743,Salaried,Bengaluru,50000.0,25939.58,92081.07,9208107,4000.0,62948.68,5100.0,UPI,healthy,5
SYN-10743,Synthetic customer 744,Salaried,Jaipur,31000.0,11577.69,19537.55,1953755,0.0,18874.09,1300.0,UPI,mild_distress,28
SYN-10744,Synthetic customer 745,Salaried,Delhi,28000.0,18118.41,55631.76,5563176,3500.0,17724.01,2400.0,UPI,healthy,1
SYN-10745,Synthetic customer 746,Salaried,Mumbai,63000.0,39276.86,48198.06,4819806,5000.0,37847.87,2000.0,UPI,healthy,1
SYN-10746,Synthetic customer 747,Salaried,Bengaluru,120000.0,46545.06,129955.87,12995587,3500.0,57463.45,4400.0,UPI,scam_shock,1
SYN-10747,Synthetic customer 748,Salaried,Jaipur,48000.0,26684.1,29788.48,2978848,4000.0,47670.33,3300.0,UPI,healthy,28
SYN-10748,Synthetic customer 749,Salaried,Delhi,28000.0,12615.27,49492.18,4949218,3000.0,30339.77,1100.0,UPI,ambiguous,1
SYN-10749,Synthetic customer 750,Salaried,Mumbai,38000.0,14452.77,49912.8,4991280,500.0,27990.39,4700.0,UPI,healthy,5
SYN-10750,Synthetic customer 751,Salaried,Bengaluru,107000.0,41029.8,79891.64,7989164,3000.0,68300.95,5800.0,UPI,healthy,1
SYN-10751,Synthetic customer 752,Salaried,Jaipur,127000.0,70093.24,176245.49,17624549,2000.0,108308.15,4900.0,UPI,scam_shock,5
SYN-10752,Synthetic customer 753,Salaried,Delhi,102000.0,58031.6,68902.84,6890284,2500.0,88088.05,3900.0,UPI,healthy,28
SYN-10753,Synthetic customer 754,Salaried,Mumbai,35000.0,19561.24,12297.75,1229775,4500.0,20092.83,1900.0,UPI,healthy,1
SYN-10754,Synthetic customer 755,Salaried,Bengaluru,29000.0,18759.98,53183.9,5318390,4000.0,29409.79,5400.0,UPI,healthy,1
SYN-10755,Synthetic customer 756,Salaried,Jaipur,37000.0,20605.89,67293.82,6729382,2500.0,42147.79,1700.0,UPI,mild_distress,5
SYN-10756,Synthetic customer 757,Salaried,Delhi,67000.0,37397.03,133213.12,13321312,1500.0,57683.42,5500.0,UPI,healthy,1
SYN-10757,Synthetic customer 758,Salaried,Mumbai,87000.0,38041.95,54028.83,5402883,3000.0,65073.21,3000.0,UPI,healthy,1
SYN-10758,Synthetic customer 759,Salaried,Bengaluru,62000.0,30151.44,69675.99,6967599,4000.0,61392.09,4600.0,UPI,healthy,1
SYN-10759,Synthetic customer 760,Salaried,Jaipur,123000.0,75122.85,41638.67,4163867,0.0,153109.54,5200.0,UPI,healthy,5
SYN-10760,Synthetic customer 761,Salaried,Delhi,124000.0,69320.91,51184.3,5118430,4000.0,63896.04,5600.0,UPI,scam_shock,1
SYN-10761,Synthetic customer 762,Salaried,Mumbai,41000.0,22423.01,50580.55,5058055,3500.0,52144.7,5100.0,UPI,healthy,5
SYN-10762,Synthetic customer 763,Salaried,Bengaluru,71000.0,41747.33,140118.74,14011874,4000.0,44381.52,2500.0,UPI,healthy,1
SYN-10763,Synthetic customer 764,Salaried,Jaipur,124000.0,76508.53,235294.41,23529441,3000.0,115178.71,1500.0,UPI,healthy,28
SYN-10764,Synthetic customer 765,Salaried,Delhi,73000.0,44438.73,115414.68,11541468,2000.0,68062.83,2700.0,UPI,scam_shock,28
SYN-10765,Synthetic customer 766,Salaried,Mumbai,113000.0,64735.36,180133.37,18013337,1500.0,117128.03,4800.0,UPI,organic_distress,1
SYN-10766,Synthetic customer 767,Salaried,Bengaluru,73000.0,28447.26,46284.37,4628437,2500.0,75365.42,3200.0,UPI,scam_shock,5
SYN-10767,Synthetic customer 768,Salaried,Jaipur,62000.0,39348.46,58021.77,5802177,1000.0,72601.29,4900.0,UPI,healthy,28
SYN-10768,Synthetic customer 769,Salaried,Delhi,119000.0,47446.27,194597.28,19459728,4500.0,61813.03,1300.0,UPI,organic_distress,28
SYN-10769,Synthetic customer 770,Salaried,Mumbai,109000.0,69467.82,112948.59,11294859,2000.0,114687.08,1300.0,UPI,healthy,1
SYN-10770,Synthetic customer 771,Salaried,Bengaluru,48000.0,22376.96,88895.05,8889505,2500.0,38593.31,4800.0,UPI,healthy,28
SYN-10771,Synthetic customer 772,Salaried,Jaipur,82000.0,32024.2,16691.82,1669182,2000.0,36941.83,1700.0,UPI,mule,28
SYN-10772,Synthetic customer 773,Salaried,Delhi,84000.0,39633.66,83527.15,8352715,0.0,68497.26,4200.0,UPI,ambiguous,1
SYN-10773,Synthetic customer 774,Salaried,Mumbai,62000.0,22788.75,38772.43,3877243,0.0,57402.6,3800.0,UPI,mild_distress,5
SYN-10774,Synthetic customer 775,Salaried,Bengaluru,95000.0,56696.41,59425.99,5942599,4500.0,52041.13,1800.0,UPI,mild_distress,28
SYN-10775,Synthetic customer 776,Salaried,Jaipur,114000.0,59828.59,199083.45,19908345,500.0,130182.25,3500.0,UPI,healthy,1
SYN-10776,Synthetic customer 777,Salaried,Delhi,41000.0,26075.03,20124.37,2012437,3500.0,35392.23,5300.0,UPI,healthy,1
SYN-10777,Synthetic customer 778,Salaried,Mumbai,71000.0,43742.16,40007.45,4000745,500.0,75115.33,1300.0,UPI,ambiguous,5
SYN-10778,Synthetic customer 779,Salaried,Bengaluru,60000.0,31383.29,55423.8,5542380,1500.0,77760.61,1500.0,UPI,organic_distress,5
SYN-10779,Synthetic customer 780,Salaried,Jaipur,71000.0,29050.73,91805.14,9180514,0.0,83472.16,5300.0,UPI,healthy,1
SYN-10780,Synthetic customer 781,Salaried,Delhi,123000.0,45974.35,40017.13,4001713,4000.0,155979.59,5100.0,UPI,healthy,1
SYN-10781,Synthetic customer 782,Salaried,Mumbai,81000.0,47890.6,131639.77,13163977,2500.0,97889.16,4800.0,UPI,healthy,1
SYN-10782,Synthetic customer 783,Salaried,Bengaluru,56000.0,20828.98,109153.02,10915302,1000.0,24832.68,4000.0,UPI,healthy,28
SYN-10783,Synthetic customer 784,Salaried,Jaipur,104000.0,55544.77,181877.02,18187702,3000.0,48262.23,3000.0,UPI,healthy,5
SYN-10784,Synthetic customer 785,Salaried,Delhi,89000.0,46048.6,162847.29,16284729,3500.0,58223.45,5700.0,UPI,healthy,5
SYN-10785,Synthetic customer 786,Salaried,Mumbai,87000.0,41558.78,123933.06,12393306,1000.0,48054.62,2300.0,UPI,healthy,1
SYN-10786,Synthetic customer 787,Salaried,Bengaluru,25000.0,14580.75,37950.28,3795028,2500.0,25936.89,3900.0,UPI,scam_shock,1
SYN-10787,Synthetic customer 788,Salaried,Jaipur,113000.0,41560.37,108826.8,10882680,3000.0,51587.51,1100.0,UPI,healthy,28
SYN-10788,Synthetic customer 789,Salaried,Delhi,31000.0,19338.94,23777.72,2377772,2500.0,33682.52,2500.0,UPI,healthy,1
SYN-10789,Synthetic customer 790,Salaried,Mumbai,39000.0,14597.05,59810.06,5981006,3500.0,43652.88,2900.0,UPI,healthy,1
SYN-10790,Synthetic customer 791,Salaried,Bengaluru,112000.0,49598.07,48800.79,4880079,2000.0,112795.46,4000.0,UPI,healthy,1
SYN-10791,Synthetic customer 792,Salaried,Jaipur,39000.0,17911.91,58059.61,5805961,3000.0,31927.42,3200.0,UPI,healthy,1
SYN-10792,Synthetic customer 793,Salaried,Delhi,62000.0,31925.0,42755.86,4275586,4000.0,60280.07,3200.0,UPI,healthy,1
SYN-10793,Synthetic customer 794,Salaried,Mumbai,112000.0,64050.19,204439.3,20443930,3500.0,96125.53,5400.0,UPI,healthy,5
SYN-10794,Synthetic customer 795,Salaried,Bengaluru,58000.0,31014.33,37072.11,3707211,2000.0,32647.61,3200.0,UPI,healthy,1
SYN-10795,Synthetic customer 796,Salaried,Jaipur,51000.0,32170.65,21414.9,2141490,3500.0,57360.3,2400.0,UPI,healthy,1
SYN-10796,Synthetic customer 797,Salaried,Delhi,115000.0,49675.42,225229.97,22522997,2500.0,60585.39,1200.0,UPI,mule,28
SYN-10797,Synthetic customer 798,Salaried,Mumbai,104000.0,60442.02,168845.4,16884540,3500.0,85447.09,2600.0,UPI,scam_shock,1
SYN-10798,Synthetic customer 799,Salaried,Bengaluru,78000.0,46083.38,97608.06,9760806,1500.0,41869.78,4200.0,UPI,healthy,1
SYN-10799,Synthetic customer 800,Salaried,Jaipur,95000.0,44029.56,37439.68,3743968,500.0,75254.3,1700.0,UPI,healthy,1
SYN-10800,Synthetic customer 801,Salaried,Delhi,61000.0,32397.09,49111.04,4911104,4500.0,54464.01,3100.0,UPI,healthy,1
SYN-10801,Synthetic customer 802,Salaried,Mumbai,80000.0,29752.65,52601.55,5260155,2500.0,94601.91,2100.0,UPI,mild_distress,1
SYN-10802,Synthetic customer 803,Salaried,Bengaluru,121000.0,77904.27,24416.23,2441623,2500.0,111453.24,2200.0,UPI,healthy,5
SYN-10803,Synthetic customer 804,Salaried,Jaipur,113000.0,42495.78,104112.16,10411216,0.0,112158.56,5200.0,UPI,healthy,1
SYN-10804,Synthetic customer 805,Salaried,Delhi,117000.0,57053.3,201651.42,20165142,1000.0,51574.84,1300.0,UPI,healthy,5
SYN-10805,Synthetic customer 806,Salaried,Mumbai,106000.0,48142.65,24049.41,2404941,3000.0,57377.42,1600.0,UPI,healthy,1
SYN-10806,Synthetic customer 807,Salaried,Bengaluru,36000.0,17960.39,59646.9,5964690,500.0,34182.38,5600.0,UPI,healthy,1
SYN-10807,Synthetic customer 808,Salaried,Jaipur,88000.0,37978.77,74085.08,7408508,1000.0,89193.29,3300.0,UPI,healthy,5
SYN-10808,Synthetic customer 809,Salaried,Delhi,107000.0,40852.18,145021.4,14502140,500.0,57390.65,3000.0,UPI,ambiguous,1
SYN-10809,Synthetic customer 810,Salaried,Mumbai,129000.0,65782.46,105515.05,10551505,4000.0,62383.06,1600.0,UPI,healthy,5
SYN-10810,Synthetic customer 811,Salaried,Bengaluru,130000.0,71197.2,249735.26,24973526,2500.0,119363.01,1400.0,UPI,healthy,28
SYN-10811,Synthetic customer 812,Salaried,Jaipur,51000.0,31125.46,76588.34,7658834,3000.0,46397.9,2100.0,UPI,scam_shock,28
SYN-10812,Synthetic customer 813,Salaried,Delhi,30000.0,17676.96,40438.34,4043834,3500.0,15379.6,5900.0,UPI,healthy,28
SYN-10813,Synthetic customer 814,Salaried,Mumbai,34000.0,16499.48,26012.14,2601214,2500.0,15949.12,4800.0,UPI,mild_distress,1
SYN-10814,Synthetic customer 815,Salaried,Bengaluru,53000.0,30444.93,28749.85,2874985,3000.0,30146.89,5000.0,UPI,healthy,1
SYN-10815,Synthetic customer 816,Salaried,Jaipur,101000.0,52094.25,61599.21,6159921,3500.0,86263.18,1600.0,UPI,healthy,1
SYN-10816,Synthetic customer 817,Salaried,Delhi,78000.0,42524.29,89731.39,8973139,2000.0,81774.87,3700.0,UPI,organic_distress,1
SYN-10817,Synthetic customer 818,Salaried,Mumbai,62000.0,36260.73,71285.3,7128530,4000.0,79454.27,4900.0,UPI,healthy,1
SYN-10818,Synthetic customer 819,Salaried,Bengaluru,55000.0,28230.67,81515.96,8151596,5000.0,48361.57,4400.0,UPI,healthy,1
SYN-10819,Synthetic customer 820,Salaried,Jaipur,25000.0,12663.9,18357.74,1835774,2500.0,16443.06,5700.0,UPI,healthy,1
SYN-10820,Synthetic customer 821,Salaried,Delhi,77000.0,32094.33,142416.24,14241624,0.0,68136.26,1000.0,UPI,healthy,28
SYN-10821,Synthetic customer 822,Salaried,Mumbai,40000.0,24738.63,44797.52,4479752,1500.0,31080.98,3500.0,UPI,healthy,1
SYN-10822,Synthetic customer 823,Salaried,Bengaluru,124000.0,67078.68,142755.79,14275579,0.0,152575.17,2900.0,UPI,healthy,1
SYN-10823,Synthetic customer 824,Salaried,Jaipur,80000.0,41338.26,100267.9,10026790,3500.0,76125.94,2800.0,UPI,scam_shock,1
SYN-10824,Synthetic customer 825,Salaried,Delhi,99000.0,58550.67,83383.55,8338355,3000.0,40985.44,4100.0,UPI,healthy,1
SYN-10825,Synthetic customer 826,Salaried,Mumbai,38000.0,20888.45,66795.23,6679523,3000.0,20183.28,1200.0,UPI,healthy,5
SYN-10826,Synthetic customer 827,Salaried,Bengaluru,67000.0,23688.61,51978.73,5197873,0.0,41071.37,1400.0,UPI,healthy,1
SYN-10827,Synthetic customer 828,Salaried,Jaipur,51000.0,32206.0,42647.3,4264730,0.0,65274.4,3200.0,UPI,organic_distress,28
SYN-10828,Synthetic customer 829,Salaried,Delhi,55000.0,31838.36,55692.13,5569213,1000.0,54345.27,1400.0,UPI,healthy,5
SYN-10829,Synthetic customer 830,Salaried,Mumbai,36000.0,19006.36,71184.6,7118460,4500.0,15937.33,4800.0,UPI,scam_shock,1
SYN-10830,Synthetic customer 831,Salaried,Bengaluru,38000.0,15873.46,10429.23,1042923,4000.0,46315.13,4300.0,UPI,scam_shock,28
SYN-10831,Synthetic customer 832,Salaried,Jaipur,100000.0,39931.15,49297.02,4929702,500.0,117684.94,3900.0,UPI,healthy,28
SYN-10832,Synthetic customer 833,Salaried,Delhi,125000.0,72648.85,231003.96,23100396,3000.0,50178.79,1800.0,UPI,organic_distress,28
SYN-10833,Synthetic customer 834,Salaried,Mumbai,125000.0,81133.19,224278.55,22427855,0.0,80589.55,4900.0,UPI,organic_distress,28
SYN-10834,Synthetic customer 835,Salaried,Bengaluru,83000.0,49519.98,81996.99,8199699,1500.0,52298.01,5000.0,UPI,ambiguous,1
SYN-10835,Synthetic customer 836,Salaried,Jaipur,48000.0,23345.6,43242.14,4324214,4000.0,44936.35,3100.0,UPI,healthy,5
SYN-10836,Synthetic customer 837,Salaried,Delhi,102000.0,45477.78,39956.06,3995606,4500.0,119769.62,1100.0,UPI,healthy,1
SYN-10837,Synthetic customer 838,Salaried,Mumbai,85000.0,32119.23,95439.08,9543908,1000.0,73170.71,1500.0,UPI,organic_distress,1
SYN-10838,Synthetic customer 839,Salaried,Bengaluru,98000.0,51323.75,98516.53,9851653,5000.0,103289.78,3600.0,UPI,organic_distress,1
SYN-10839,Synthetic customer 840,Salaried,Jaipur,72000.0,38343.28,70419.41,7041941,3500.0,76981.1,3200.0,UPI,healthy,1
SYN-10840,Synthetic customer 841,Salaried,Delhi,85000.0,38910.22,108020.52,10802052,4000.0,86021.0,1000.0,UPI,healthy,5
SYN-10841,Synthetic customer 842,Salaried,Mumbai,66000.0,25743.21,37579.07,3757907,0.0,68256.13,1600.0,UPI,healthy,1
SYN-10842,Synthetic customer 843,Salaried,Bengaluru,73000.0,41273.15,36396.73,3639673,1500.0,50366.04,2400.0,UPI,healthy,1
SYN-10843,Synthetic customer 844,Salaried,Jaipur,124000.0,49136.54,37986.6,3798660,4500.0,131856.9,1100.0,UPI,healthy,5
SYN-10844,Synthetic customer 845,Salaried,Delhi,48000.0,25253.58,81939.49,8193949,2500.0,47105.74,2600.0,UPI,healthy,1
SYN-10845,Synthetic customer 846,Salaried,Mumbai,34000.0,13955.1,67757.7,6775770,2000.0,38012.98,2700.0,UPI,healthy,1
SYN-10846,Synthetic customer 847,Salaried,Bengaluru,34000.0,17444.0,32017.11,3201711,1000.0,16758.68,2200.0,UPI,healthy,1
SYN-10847,Synthetic customer 848,Salaried,Jaipur,37000.0,23427.21,29492.83,2949283,500.0,45761.16,2100.0,UPI,healthy,1
SYN-10848,Synthetic customer 849,Salaried,Delhi,122000.0,71161.72,148273.95,14827395,2500.0,57152.84,1800.0,UPI,organic_distress,28
SYN-10849,Synthetic customer 850,Salaried,Mumbai,75000.0,29765.35,66133.43,6613343,0.0,34624.59,1000.0,UPI,healthy,5
SYN-10850,Synthetic customer 851,Salaried,Bengaluru,123000.0,69590.25,88758.34,8875834,4500.0,103318.46,6000.0,UPI,healthy,28
SYN-10851,Synthetic customer 852,Salaried,Jaipur,99000.0,53664.79,102396.1,10239610,1000.0,125144.07,1400.0,UPI,organic_distress,1
SYN-10852,Synthetic customer 853,Salaried,Delhi,113000.0,47624.67,174748.41,17474841,2000.0,67920.94,4200.0,UPI,healthy,1
SYN-10853,Synthetic customer 854,Salaried,Mumbai,44000.0,17180.04,70218.73,7021873,3000.0,54315.19,3200.0,UPI,scam_shock,28
SYN-10854,Synthetic customer 855,Salaried,Bengaluru,81000.0,49583.1,74974.66,7497466,4500.0,82520.99,1200.0,UPI,healthy,28
SYN-10855,Synthetic customer 856,Salaried,Jaipur,127000.0,61752.06,48198.98,4819898,0.0,54580.84,1400.0,UPI,healthy,28
SYN-10856,Synthetic customer 857,Salaried,Delhi,102000.0,44458.47,78031.96,7803196,2000.0,65600.07,3900.0,UPI,healthy,1
SYN-10857,Synthetic customer 858,Salaried,Mumbai,61000.0,29603.87,109885.19,10988519,4000.0,70264.43,1900.0,UPI,scam_shock,1
SYN-10858,Synthetic customer 859,Salaried,Bengaluru,120000.0,57960.84,98803.91,9880391,500.0,129496.45,5300.0,UPI,ambiguous,28
SYN-10859,Synthetic customer 860,Salaried,Jaipur,130000.0,79126.43,145512.57,14551257,3000.0,145498.14,1700.0,UPI,scam_shock,1
SYN-10860,Synthetic customer 861,Salaried,Delhi,39000.0,23104.16,36349.92,3634992,500.0,35934.9,3000.0,UPI,organic_distress,1
SYN-10861,Synthetic customer 862,Salaried,Mumbai,102000.0,47129.99,124409.48,12440948,1000.0,51991.19,5900.0,UPI,healthy,1
SYN-10862,Synthetic customer 863,Salaried,Bengaluru,100000.0,59117.55,139951.48,13995148,1000.0,89957.82,1500.0,UPI,scam_shock,1
SYN-10863,Synthetic customer 864,Salaried,Jaipur,126000.0,45237.15,131674.85,13167485,2000.0,125879.44,2000.0,UPI,healthy,28
SYN-10864,Synthetic customer 865,Salaried,Delhi,129000.0,70133.76,123823.74,12382374,2500.0,98698.66,4700.0,UPI,organic_distress,28
SYN-10865,Synthetic customer 866,Salaried,Mumbai,50000.0,26922.57,93781.92,9378192,1500.0,61463.89,3500.0,UPI,healthy,28
SYN-10866,Synthetic customer 867,Salaried,Bengaluru,130000.0,72055.94,256462.35,25646235,1500.0,160369.87,5200.0,UPI,healthy,1
SYN-10867,Synthetic customer 868,Salaried,Jaipur,66000.0,25646.11,87924.76,8792476,3500.0,69317.4,1900.0,UPI,healthy,1
SYN-10868,Synthetic customer 869,Salaried,Delhi,68000.0,24778.12,50440.8,5044080,3000.0,28791.47,1300.0,UPI,healthy,1
SYN-10869,Synthetic customer 870,Salaried,Mumbai,29000.0,10340.86,34066.66,3406666,1000.0,22349.96,5500.0,UPI,healthy,28
SYN-10870,Synthetic customer 871,Salaried,Bengaluru,67000.0,40417.83,82202.08,8220208,2000.0,78891.27,2100.0,UPI,healthy,5
SYN-10871,Synthetic customer 872,Salaried,Jaipur,125000.0,58549.63,140211.59,14021159,2000.0,158436.1,3600.0,UPI,healthy,1
SYN-10872,Synthetic customer 873,Salaried,Delhi,25000.0,12334.43,38582.01,3858201,2000.0,30898.95,2300.0,UPI,scam_shock,1
SYN-10873,Synthetic customer 874,Salaried,Mumbai,85000.0,52099.58,56174.51,5617451,3500.0,53967.62,5100.0,UPI,healthy,28
SYN-10874,Synthetic customer 875,Salaried,Bengaluru,45000.0,20315.74,32782.98,3278298,0.0,20140.98,3200.0,UPI,organic_distress,28
SYN-10875,Synthetic customer 876,Salaried,Jaipur,57000.0,24271.44,76010.36,7601036,0.0,29049.6,4300.0,UPI,organic_distress,5
SYN-10876,Synthetic customer 877,Salaried,Delhi,117000.0,57199.63,186665.44,18666544,0.0,104742.37,5800.0,UPI,healthy,1
SYN-10877,Synthetic customer 878,Salaried,Mumbai,98000.0,37316.17,174777.59,17477759,4500.0,56143.03,5800.0,UPI,healthy,28
SYN-10878,Synthetic customer 879,Salaried,Bengaluru,75000.0,39062.33,50054.31,5005431,3000.0,78485.88,2500.0,UPI,healthy,1
SYN-10879,Synthetic customer 880,Salaried,Jaipur,34000.0,19312.26,26018.2,2601820,1500.0,19739.0,1700.0,UPI,organic_distress,5
SYN-10880,Synthetic customer 881,Salaried,Delhi,74000.0,33498.22,68466.93,6846693,4500.0,79223.47,2100.0,UPI,organic_distress,28
SYN-10881,Synthetic customer 882,Salaried,Mumbai,122000.0,68620.4,179064.7,17906470,0.0,136254.75,2900.0,UPI,healthy,1
SYN-10882,Synthetic customer 883,Salaried,Bengaluru,43000.0,26029.87,16414.13,1641413,1500.0,35048.06,3800.0,UPI,healthy,1
SYN-10883,Synthetic customer 884,Salaried,Jaipur,73000.0,35444.48,85507.15,8550715,4500.0,56403.4,4100.0,UPI,healthy,1
SYN-10884,Synthetic customer 885,Salaried,Delhi,43000.0,23852.89,64325.8,6432580,1500.0,46054.26,3200.0,UPI,organic_distress,1
SYN-10885,Synthetic customer 886,Salaried,Mumbai,30000.0,15654.46,33784.63,3378463,4000.0,20615.57,2400.0,UPI,healthy,1
SYN-10886,Synthetic customer 887,Salaried,Bengaluru,126000.0,74592.31,71860.63,7186063,0.0,118885.36,1100.0,UPI,healthy,1
SYN-10887,Synthetic customer 888,Salaried,Jaipur,95000.0,56083.88,174861.31,17486131,4500.0,75111.38,2100.0,UPI,healthy,1
SYN-10888,Synthetic customer 889,Salaried,Delhi,129000.0,74483.18,179184.5,17918450,5000.0,163240.84,2600.0,UPI,healthy,28
SYN-10889,Synthetic customer 890,Salaried,Mumbai,88000.0,35488.1,158772.6,15877260,0.0,95779.99,1800.0,UPI,mule,1
SYN-10890,Synthetic customer 891,Salaried,Bengaluru,47000.0,21429.77,78244.62,7824462,2000.0,57455.98,4200.0,UPI,healthy,1
SYN-10891,Synthetic customer 892,Salaried,Jaipur,50000.0,18070.04,79934.16,7993416,500.0,39735.56,5700.0,UPI,mild_distress,1
SYN-10892,Synthetic customer 893,Salaried,Delhi,63000.0,35080.73,37074.7,3707470,3500.0,75847.93,2600.0,UPI,organic_distress,5
SYN-10893,Synthetic customer 894,Salaried,Mumbai,128000.0,75620.84,199990.83,19999083,1500.0,94508.73,5300.0,UPI,healthy,5
SYN-10894,Synthetic customer 895,Salaried,Bengaluru,113000.0,51663.12,169815.15,16981515,500.0,47384.34,2700.0,UPI,ambiguous,5
SYN-10895,Synthetic customer 896,Salaried,Jaipur,87000.0,54208.43,18674.05,1867405,1500.0,103478.73,4800.0,UPI,healthy,1
SYN-10896,Synthetic customer 897,Salaried,Delhi,62000.0,21928.57,96456.56,9645656,2000.0,34825.91,1700.0,UPI,mule,1
SYN-10897,Synthetic customer 898,Salaried,Mumbai,124000.0,58187.45,113472.89,11347289,0.0,128507.46,1000.0,UPI,healthy,1
SYN-10898,Synthetic customer 899,Salaried,Bengaluru,36000.0,17515.13,28412.55,2841255,1500.0,42625.75,4700.0,UPI,healthy,1
SYN-10899,Synthetic customer 900,Salaried,Jaipur,72000.0,32200.72,102117.25,10211725,5000.0,56312.01,2900.0,UPI,healthy,1
SYN-10900,Synthetic customer 901,Salaried,Delhi,127000.0,66680.22,155207.09,15520709,0.0,105854.99,1400.0,UPI,healthy,5
SYN-10901,Synthetic customer 902,Salaried,Mumbai,42000.0,19730.56,10093.57,1009357,1000.0,46572.67,1900.0,UPI,healthy,1
SYN-10902,Synthetic customer 903,Salaried,Bengaluru,75000.0,43014.95,49948.61,4994861,4500.0,86895.86,2500.0,UPI,healthy,1
SYN-10903,Synthetic customer 904,Salaried,Jaipur,79000.0,39472.94,48149.83,4814983,4500.0,85688.74,4100.0,UPI,healthy,1
SYN-10904,Synthetic customer 905,Salaried,Delhi,69000.0,38644.72,106636.48,10663648,5000.0,42594.46,3300.0,UPI,mild_distress,28
SYN-10905,Synthetic customer 906,Salaried,Mumbai,44000.0,26017.78,51587.63,5158763,4000.0,55388.97,1000.0,UPI,healthy,5
SYN-10906,Synthetic customer 907,Salaried,Bengaluru,44000.0,19793.98,71305.91,7130591,3000.0,37589.12,5700.0,UPI,healthy,1
SYN-10907,Synthetic customer 908,Salaried,Jaipur,128000.0,76200.72,141300.2,14130020,3500.0,100481.66,5800.0,UPI,healthy,1
SYN-10908,Synthetic customer 909,Salaried,Delhi,46000.0,24133.4,43329.18,4332918,5000.0,25295.89,1500.0,UPI,healthy,1
SYN-10909,Synthetic customer 910,Salaried,Mumbai,118000.0,43949.97,110073.15,11007315,3000.0,142551.32,3700.0,UPI,healthy,28
SYN-10910,Synthetic customer 911,Salaried,Bengaluru,120000.0,73080.15,159811.04,15981104,2000.0,121917.33,3900.0,UPI,healthy,5
SYN-10911,Synthetic customer 912,Salaried,Jaipur,83000.0,38981.08,163086.7,16308670,4000.0,80754.68,1100.0,UPI,healthy,28
SYN-10912,Synthetic customer 913,Salaried,Delhi,50000.0,30607.35,85641.47,8564147,1000.0,40264.86,3300.0,UPI,mild_distress,28
SYN-10913,Synthetic customer 914,Salaried,Mumbai,31000.0,14293.92,28101.77,2810177,3500.0,34550.98,2600.0,UPI,healthy,28
SYN-10914,Synthetic customer 915,Salaried,Bengaluru,53000.0,30443.49,56102.14,5610214,3500.0,45545.49,2000.0,UPI,mule,1
SYN-10915,Synthetic customer 916,Salaried,Jaipur,126000.0,79588.32,104661.7,10466170,5000.0,69076.23,3800.0,UPI,healthy,28
SYN-10916,Synthetic customer 917,Salaried,Delhi,32000.0,17256.89,27740.56,2774056,2000.0,23447.76,3000.0,UPI,healthy,1
SYN-10917,Synthetic customer 918,Salaried,Mumbai,26000.0,15043.94,6500.18,650018,1000.0,10581.95,4000.0,UPI,ambiguous,1
SYN-10918,Synthetic customer 919,Salaried,Bengaluru,31000.0,15657.97,59480.66,5948066,4500.0,18416.77,3800.0,UPI,ambiguous,28
SYN-10919,Synthetic customer 920,Salaried,Jaipur,119000.0,57006.53,155491.05,15549105,3000.0,121511.76,4900.0,UPI,healthy,1
SYN-10920,Synthetic customer 921,Salaried,Delhi,27000.0,16612.86,49277.59,4927759,4000.0,33987.85,3600.0,UPI,healthy,5
SYN-10921,Synthetic customer 922,Salaried,Mumbai,56000.0,35713.19,35519.42,3551942,2500.0,26228.57,2200.0,UPI,healthy,28
SYN-10922,Synthetic customer 923,Salaried,Bengaluru,82000.0,43605.34,159178.09,15917809,2000.0,46230.98,3400.0,UPI,healthy,1
SYN-10923,Synthetic customer 924,Salaried,Jaipur,125000.0,49344.52,32131.64,3213164,2500.0,51895.46,3900.0,UPI,mild_distress,28
SYN-10924,Synthetic customer 925,Salaried,Delhi,67000.0,42187.97,75279.42,7527942,2500.0,42148.18,4500.0,UPI,healthy,1
SYN-10925,Synthetic customer 926,Salaried,Mumbai,98000.0,41408.8,101825.17,10182517,2000.0,101700.32,3700.0,UPI,organic_distress,1
SYN-10926,Synthetic customer 927,Salaried,Bengaluru,51000.0,30640.72,27167.98,2716798,4000.0,26892.18,3600.0,UPI,healthy,5
SYN-10927,Synthetic customer 928,Salaried,Jaipur,79000.0,49176.17,28963.62,2896362,2000.0,44542.29,3600.0,UPI,healthy,1
SYN-10928,Synthetic customer 929,Salaried,Delhi,104000.0,37572.34,115047.92,11504792,4500.0,97333.36,2200.0,UPI,healthy,5
SYN-10929,Synthetic customer 930,Salaried,Mumbai,48000.0,19991.83,73240.44,7324044,1000.0,19368.37,3500.0,UPI,healthy,1
SYN-10930,Synthetic customer 931,Salaried,Bengaluru,113000.0,52018.04,122285.32,12228532,0.0,77416.99,2600.0,UPI,scam_shock,5
SYN-10931,Synthetic customer 932,Salaried,Jaipur,55000.0,21410.81,91857.58,9185758,500.0,37686.78,3000.0,UPI,healthy,5
SYN-10932,Synthetic customer 933,Salaried,Delhi,77000.0,42609.82,37879.59,3787959,2500.0,93521.22,1500.0,UPI,healthy,1
SYN-10933,Synthetic customer 934,Salaried,Mumbai,90000.0,42391.54,29983.65,2998365,4500.0,89649.7,1000.0,UPI,healthy,1
SYN-10934,Synthetic customer 935,Salaried,Bengaluru,33000.0,17823.59,52778.77,5277877,0.0,22902.9,4700.0,UPI,healthy,1
SYN-10935,Synthetic customer 936,Salaried,Jaipur,115000.0,56246.95,114839.69,11483969,1000.0,101964.91,1900.0,UPI,healthy,1
SYN-10936,Synthetic customer 937,Salaried,Delhi,33000.0,14437.77,63562.86,6356286,1500.0,42583.46,1400.0,UPI,healthy,1
SYN-10937,Synthetic customer 938,Salaried,Mumbai,34000.0,12522.69,11285.11,1128511,1000.0,42189.03,4300.0,UPI,healthy,28
SYN-10938,Synthetic customer 939,Salaried,Bengaluru,47000.0,19314.42,89688.74,8968874,5000.0,21506.18,4900.0,UPI,healthy,5
SYN-10939,Synthetic customer 940,Salaried,Jaipur,125000.0,52332.06,182006.74,18200674,500.0,120558.42,1300.0,UPI,healthy,28
SYN-10940,Synthetic customer 941,Salaried,Delhi,80000.0,31903.58,141023.06,14102306,1000.0,43888.88,4300.0,UPI,healthy,1
SYN-10941,Synthetic customer 942,Salaried,Mumbai,67000.0,38380.68,70008.9,7000890,5000.0,32633.67,4300.0,UPI,mule,1
SYN-10942,Synthetic customer 943,Salaried,Bengaluru,45000.0,18791.53,52758.12,5275812,0.0,26148.84,6000.0,UPI,healthy,5
SYN-10943,Synthetic customer 944,Salaried,Jaipur,89000.0,49915.62,177752.81,17775281,0.0,44563.92,3000.0,UPI,mild_distress,1
SYN-10944,Synthetic customer 945,Salaried,Delhi,102000.0,48493.4,152011.16,15201116,1500.0,80775.73,5400.0,UPI,healthy,1
SYN-10945,Synthetic customer 946,Salaried,Mumbai,37000.0,16628.5,28465.61,2846561,4500.0,34959.65,4000.0,UPI,healthy,1
SYN-10946,Synthetic customer 947,Salaried,Bengaluru,100000.0,54514.31,73495.17,7349517,5000.0,119169.75,1700.0,UPI,mild_distress,1
SYN-10947,Synthetic customer 948,Salaried,Jaipur,51000.0,25927.46,100693.86,10069386,500.0,25221.05,5400.0,UPI,healthy,1
SYN-10948,Synthetic customer 949,Salaried,Delhi,46000.0,17581.53,26508.61,2650861,0.0,34060.84,4100.0,UPI,organic_distress,28
SYN-10949,Synthetic customer 950,Salaried,Mumbai,91000.0,35102.25,122902.02,12290202,2000.0,42811.2,6000.0,UPI,healthy,5
SYN-10950,Synthetic customer 951,Salaried,Bengaluru,110000.0,53926.34,213245.98,21324598,5000.0,81052.37,3700.0,UPI,healthy,1
SYN-10951,Synthetic customer 952,Salaried,Jaipur,56000.0,35718.76,40871.29,4087129,2000.0,23434.83,2400.0,UPI,scam_shock,28
SYN-10952,Synthetic customer 953,Salaried,Delhi,80000.0,45683.64,36570.94,3657094,4000.0,46972.53,5100.0,UPI,healthy,1
SYN-10953,Synthetic customer 954,Salaried,Mumbai,92000.0,36061.68,71254.04,7125404,500.0,83280.24,1700.0,UPI,healthy,1
SYN-10954,Synthetic customer 955,Salaried,Bengaluru,75000.0,31569.49,84248.6,8424860,5000.0,49749.05,2000.0,UPI,healthy,5
SYN-10955,Synthetic customer 956,Salaried,Jaipur,82000.0,32396.17,82850.84,8285084,1000.0,105496.4,3700.0,UPI,healthy,28
SYN-10956,Synthetic customer 957,Salaried,Delhi,78000.0,41723.06,73827.44,7382744,4500.0,41894.23,2400.0,UPI,healthy,1
SYN-10957,Synthetic customer 958,Salaried,Mumbai,120000.0,76672.2,235938.61,23593861,0.0,134257.02,4600.0,UPI,organic_distress,1
SYN-10958,Synthetic customer 959,Salaried,Bengaluru,102000.0,36352.33,45048.68,4504868,4000.0,97550.24,4000.0,UPI,healthy,28
SYN-10959,Synthetic customer 960,Salaried,Jaipur,45000.0,18187.75,74792.8,7479280,1000.0,26385.79,5800.0,UPI,healthy,28
SYN-10960,Synthetic customer 961,Salaried,Delhi,43000.0,18937.4,9788.79,978879,2000.0,17337.35,2800.0,UPI,healthy,1
SYN-10961,Synthetic customer 962,Salaried,Mumbai,61000.0,21731.25,46686.52,4668652,4000.0,36136.64,1600.0,UPI,healthy,1
SYN-10962,Synthetic customer 963,Salaried,Bengaluru,89000.0,53289.44,170479.44,17047944,4500.0,100018.12,2700.0,UPI,organic_distress,5
SYN-10963,Synthetic customer 964,Salaried,Jaipur,46000.0,17524.82,70866.74,7086674,5000.0,30500.91,4200.0,UPI,scam_shock,1
SYN-10964,Synthetic customer 965,Salaried,Delhi,112000.0,54699.47,45354.44,4535444,0.0,137118.88,2600.0,UPI,healthy,28
SYN-10965,Synthetic customer 966,Salaried,Mumbai,34000.0,14932.7,63548.11,6354811,0.0,20361.16,4000.0,UPI,healthy,1
SYN-10966,Synthetic customer 967,Salaried,Bengaluru,92000.0,39985.02,68828.61,6882861,3000.0,82089.2,5300.0,UPI,healthy,28
SYN-10967,Synthetic customer 968,Salaried,Jaipur,110000.0,44472.12,33765.36,3376536,2500.0,138470.18,5800.0,UPI,organic_distress,1
SYN-10968,Synthetic customer 969,Salaried,Delhi,105000.0,37035.86,102870.38,10287038,3000.0,44746.73,5600.0,UPI,healthy,1
SYN-10969,Synthetic customer 970,Salaried,Mumbai,34000.0,16622.32,13417.79,1341779,3000.0,29408.23,1400.0,UPI,healthy,1
SYN-10970,Synthetic customer 971,Salaried,Bengaluru,93000.0,41777.74,165869.97,16586997,0.0,72006.06,3600.0,UPI,healthy,28
SYN-10971,Synthetic customer 972,Salaried,Jaipur,130000.0,80453.34,86951.59,8695159,3500.0,124117.47,1600.0,UPI,organic_distress,28
SYN-10972,Synthetic customer 973,Salaried,Delhi,63000.0,22637.67,32875.96,3287596,2000.0,72868.34,5600.0,UPI,healthy,1
SYN-10973,Synthetic customer 974,Salaried,Mumbai,63000.0,25261.93,43712.16,4371216,4000.0,63810.53,4500.0,UPI,scam_shock,1
SYN-10974,Synthetic customer 975,Salaried,Bengaluru,116000.0,47424.16,23474.25,2347425,2000.0,57359.81,3800.0,UPI,mild_distress,1
SYN-10975,Synthetic customer 976,Salaried,Jaipur,79000.0,38746.82,135840.73,13584073,2000.0,61894.06,2600.0,UPI,healthy,28
SYN-10976,Synthetic customer 977,Salaried,Delhi,78000.0,44509.67,137423.29,13742329,4500.0,51146.2,5300.0,UPI,healthy,5
SYN-10977,Synthetic customer 978,Salaried,Mumbai,99000.0,42660.25,99227.44,9922744,4000.0,108882.8,4900.0,UPI,healthy,1
SYN-10978,Synthetic customer 979,Salaried,Bengaluru,49000.0,22490.86,66463.93,6646393,500.0,20946.59,4600.0,UPI,healthy,5
SYN-10979,Synthetic customer 980,Salaried,Jaipur,107000.0,51453.51,34204.89,3420489,0.0,128523.95,1900.0,UPI,healthy,1
SYN-10980,Synthetic customer 981,Salaried,Delhi,36000.0,22575.99,36478.53,3647853,1000.0,27988.25,1600.0,UPI,healthy,1
SYN-10981,Synthetic customer 982,Salaried,Mumbai,113000.0,71044.1,131448.66,13144866,500.0,64894.69,2000.0,UPI,healthy,5
SYN-10982,Synthetic customer 983,Salaried,Bengaluru,44000.0,23832.47,53526.06,5352606,3500.0,55470.3,3000.0,UPI,healthy,1
SYN-10983,Synthetic customer 984,Salaried,Jaipur,53000.0,28199.18,82708.39,8270839,2000.0,64864.62,5300.0,UPI,ambiguous,1
SYN-10984,Synthetic customer 985,Salaried,Delhi,116000.0,51913.43,160723.69,16072369,3500.0,61349.69,1600.0,UPI,healthy,1
SYN-10985,Synthetic customer 986,Salaried,Mumbai,41000.0,18502.74,49485.54,4948554,2000.0,38310.97,5200.0,UPI,ambiguous,1
SYN-10986,Synthetic customer 987,Salaried,Bengaluru,120000.0,76422.77,67600.29,6760029,0.0,94862.52,2300.0,UPI,organic_distress,1
SYN-10987,Synthetic customer 988,Salaried,Jaipur,95000.0,40079.84,154674.13,15467413,2000.0,51217.68,1400.0,UPI,healthy,1
SYN-10988,Synthetic customer 989,Salaried,Delhi,97000.0,58067.13,137589.51,13758951,4500.0,103735.44,3000.0,UPI,ambiguous,5
SYN-10989,Synthetic customer 990,Salaried,Mumbai,118000.0,59177.43,140527.64,14052764,1000.0,65263.72,5100.0,UPI,healthy,5
SYN-10990,Synthetic customer 991,Salaried,Bengaluru,59000.0,33276.75,86505.35,8650535,3500.0,47610.12,1400.0,UPI,healthy,1
SYN-10991,Synthetic customer 992,Salaried,Jaipur,59000.0,28004.53,89159.01,8915901,3000.0,38955.28,1900.0,UPI,healthy,5
SYN-10992,Synthetic customer 993,Salaried,Delhi,51000.0,27749.44,68578.0,6857800,4500.0,43155.99,4000.0,UPI,healthy,28
SYN-10993,Synthetic customer 994,Salaried,Mumbai,69000.0,29607.24,106255.7,10625570,2500.0,69303.69,3800.0,UPI,healthy,1
SYN-10994,Synthetic customer 995,Salaried,Bengaluru,113000.0,51111.76,147392.8,14739280,4000.0,133318.68,4600.0,UPI,mild_distress,1
SYN-10995,Synthetic customer 996,Salaried,Jaipur,111000.0,59713.21,126750.08,12675008,2500.0,65279.68,3600.0,UPI,healthy,1
SYN-10996,Synthetic customer 997,Salaried,Delhi,49000.0,23799.94,61436.29,6143629,2000.0,56226.7,3500.0,UPI,healthy,1
SYN-10997,Synthetic customer 998,Salaried,Mumbai,106000.0,40681.27,27654.49,2765449,2000.0,137545.74,5500.0,UPI,healthy,1
SYN-10998,Synthetic customer 999,Salaried,Bengaluru,89000.0,38831.51,166976.46,16697646,1000.0,84964.38,4200.0,UPI,healthy,1
SYN-10999,Synthetic customer 1000,Salaried,Jaipur,55000.0,21845.73,98884.65,9888465,4000.0,37137.66,3100.0,UPI,organic_distress,28
SYN-11000,Synthetic customer 1001,Salaried,Delhi,112000.0,47355.16,187246.45,18724645,4500.0,52616.09,4900.0,UPI,healthy,5
SYN-11001,Synthetic customer 1002,Salaried,Mumbai,45000.0,28874.42,15142.27,1514227,5000.0,28651.31,2600.0,UPI,scam_shock,28
SYN-11002,Synthetic customer 1003,Salaried,Bengaluru,79000.0,35705.72,61349.94,6134994,0.0,83480.37,1000.0,UPI,mild_distress,1
SYN-11003,Synthetic customer 1004,Salaried,Jaipur,53000.0,23508.57,81182.1,8118210,4500.0,30888.62,6000.0,UPI,healthy,1
SYN-11004,Synthetic customer 1005,Salaried,Delhi,29000.0,14180.04,9658.97,965897,3500.0,30772.87,4300.0,UPI,scam_shock,1
SYN-11005,Synthetic customer 1006,Salaried,Mumbai,122000.0,59298.11,96140.06,9614006,500.0,143528.4,1700.0,UPI,healthy,1
SYN-11006,Synthetic customer 1007,Salaried,Bengaluru,88000.0,38682.2,30113.58,3011358,0.0,87376.67,3900.0,UPI,healthy,28
SYN-11007,Synthetic customer 1008,Salaried,Jaipur,47000.0,19284.8,19200.83,1920083,5000.0,21546.69,3500.0,UPI,scam_shock,1
SYN-11008,Synthetic customer 1009,Salaried,Delhi,33000.0,19840.95,55777.95,5577795,5000.0,42164.0,4700.0,UPI,healthy,1
SYN-11009,Synthetic customer 1010,Salaried,Mumbai,104000.0,44295.6,35305.43,3530543,4500.0,81738.38,5300.0,UPI,healthy,1
SYN-11010,Synthetic customer 1011,Salaried,Bengaluru,73000.0,28528.01,71110.68,7111068,0.0,77079.06,4900.0,UPI,healthy,5
SYN-11011,Synthetic customer 1012,Salaried,Jaipur,119000.0,41655.47,153930.1,15393010,2000.0,78984.5,1100.0,UPI,healthy,1
SYN-11012,Synthetic customer 1013,Salaried,Delhi,88000.0,47666.13,61772.21,6177221,5000.0,45443.8,2100.0,UPI,healthy,5
SYN-11013,Synthetic customer 1014,Salaried,Mumbai,27000.0,10084.25,49415.34,4941534,3500.0,13612.52,3300.0,UPI,healthy,5
SYN-11014,Synthetic customer 1015,Salaried,Bengaluru,95000.0,58342.4,111853.83,11185383,3000.0,86590.59,5700.0,UPI,organic_distress,1
SYN-11015,Synthetic customer 1016,Salaried,Jaipur,110000.0,68487.63,186584.2,18658420,3000.0,118582.87,1300.0,UPI,scam_shock,1
SYN-11016,Synthetic customer 1017,Salaried,Delhi,122000.0,48476.88,210967.07,21096707,3500.0,134356.15,5800.0,UPI,healthy,5
SYN-11017,Synthetic customer 1018,Salaried,Mumbai,76000.0,42590.46,148127.27,14812727,3500.0,59756.57,3100.0,UPI,mild_distress,5
SYN-11018,Synthetic customer 1019,Salaried,Bengaluru,28000.0,11018.06,40337.09,4033709,4500.0,26920.77,4100.0,UPI,healthy,1
SYN-11019,Synthetic customer 1020,Salaried,Jaipur,41000.0,23257.36,53198.51,5319851,2000.0,33796.5,2700.0,UPI,ambiguous,28
SYN-11020,Synthetic customer 1021,Salaried,Delhi,70000.0,40080.15,53397.9,5339790,0.0,41947.44,1700.0,UPI,mild_distress,5
SYN-11021,Synthetic customer 1022,Salaried,Mumbai,42000.0,22378.86,83529.9,8352990,500.0,46169.67,4400.0,UPI,mild_distress,5
SYN-11022,Synthetic customer 1023,Salaried,Bengaluru,26000.0,13741.12,29969.3,2996930,3500.0,17187.42,1000.0,UPI,healthy,1
SYN-11023,Synthetic customer 1024,Salaried,Jaipur,45000.0,24730.55,66306.19,6630619,4000.0,38964.57,2500.0,UPI,ambiguous,28
SYN-11024,Synthetic customer 1025,Salaried,Delhi,83000.0,45877.35,131816.12,13181612,1000.0,37803.06,1800.0,UPI,healthy,5
SYN-11025,Synthetic customer 1026,Salaried,Mumbai,50000.0,26203.21,85302.55,8530255,1500.0,23780.23,5800.0,UPI,healthy,1
SYN-11026,Synthetic customer 1027,Salaried,Bengaluru,82000.0,40337.47,24750.27,2475027,4500.0,93502.71,5300.0,UPI,healthy,1
SYN-11027,Synthetic customer 1028,Salaried,Jaipur,40000.0,18811.1,76025.36,7602536,500.0,29575.67,1500.0,UPI,healthy,1
SYN-11028,Synthetic customer 1029,Salaried,Delhi,40000.0,14721.72,16560.59,1656059,2000.0,47764.78,2800.0,UPI,mild_distress,1
SYN-11029,Synthetic customer 1030,Salaried,Mumbai,111000.0,65514.9,72083.16,7208316,5000.0,82286.33,4900.0,UPI,healthy,28
SYN-11030,Synthetic customer 1031,Salaried,Bengaluru,36000.0,17319.01,24578.19,2457819,0.0,24721.77,4700.0,UPI,ambiguous,1
SYN-11031,Synthetic customer 1032,Salaried,Jaipur,76000.0,40976.7,54022.95,5402295,3000.0,73744.87,3400.0,UPI,healthy,5
SYN-11032,Synthetic customer 1033,Salaried,Delhi,26000.0,15747.44,42759.05,4275905,500.0,10999.43,2100.0,UPI,organic_distress,1
SYN-11033,Synthetic customer 1034,Salaried,Mumbai,28000.0,12502.4,30730.87,3073087,2000.0,14889.63,4000.0,UPI,healthy,28
SYN-11034,Synthetic customer 1035,Salaried,Bengaluru,63000.0,38743.73,71838.75,7183875,2000.0,78345.64,1000.0,UPI,scam_shock,1
SYN-11035,Synthetic customer 1036,Salaried,Jaipur,85000.0,44332.43,147427.44,14742744,4500.0,86930.16,4400.0,UPI,scam_shock,1
SYN-11036,Synthetic customer 1037,Salaried,Delhi,124000.0,49162.95,54144.88,5414488,3000.0,60952.83,3600.0,UPI,healthy,28
SYN-11037,Synthetic customer 1038,Salaried,Mumbai,107000.0,40381.99,23677.83,2367783,5000.0,113291.27,1500.0,UPI,healthy,1
SYN-11038,Synthetic customer 1039,Salaried,Bengaluru,27000.0,16186.07,38013.9,3801390,1000.0,30775.99,4600.0,UPI,scam_shock,1
SYN-11039,Synthetic customer 1040,Salaried,Jaipur,75000.0,48402.15,81036.98,8103698,1500.0,55510.88,1400.0,UPI,healthy,1
SYN-11040,Synthetic customer 1041,Salaried,Delhi,69000.0,27014.61,58546.03,5854603,1500.0,49303.37,1100.0,UPI,mild_distress,1
SYN-11041,Synthetic customer 1042,Salaried,Mumbai,127000.0,74516.71,246166.15,24616615,4500.0,55234.17,5100.0,UPI,healthy,28
SYN-11042,Synthetic customer 1043,Salaried,Bengaluru,102000.0,57272.12,35037.49,3503749,1000.0,59676.53,1400.0,UPI,organic_distress,1
SYN-11043,Synthetic customer 1044,Salaried,Jaipur,32000.0,14329.3,38098.89,3809889,1000.0,28410.2,2500.0,UPI,mild_distress,1
SYN-11044,Synthetic customer 1045,Salaried,Delhi,91000.0,58102.14,36501.6,3650160,1000.0,63933.9,5700.0,UPI,mild_distress,5
SYN-11045,Synthetic customer 1046,Salaried,Mumbai,102000.0,63599.92,192825.78,19282578,1000.0,98505.48,5900.0,UPI,scam_shock,1
SYN-11046,Synthetic customer 1047,Salaried,Bengaluru,94000.0,48156.81,154818.73,15481873,3500.0,90064.1,5700.0,UPI,healthy,1
SYN-11047,Synthetic customer 1048,Salaried,Jaipur,105000.0,47231.31,192273.83,19227383,0.0,100448.93,1600.0,UPI,healthy,28
SYN-11048,Synthetic customer 1049,Salaried,Delhi,81000.0,52476.0,77584.81,7758481,0.0,41619.18,2800.0,UPI,mild_distress,5
SYN-11049,Synthetic customer 1050,Salaried,Mumbai,107000.0,55638.28,124429.68,12442968,2000.0,134316.74,1300.0,UPI,healthy,5
SYN-11050,Synthetic customer 1051,Salaried,Bengaluru,82000.0,52214.17,132948.7,13294870,2000.0,93065.57,5400.0,UPI,healthy,28
SYN-11051,Synthetic customer 1052,Salaried,Jaipur,74000.0,41326.97,39214.5,3921450,500.0,75997.07,4200.0,UPI,mild_distress,1
SYN-11052,Synthetic customer 1053,Salaried,Delhi,117000.0,65242.05,133380.8,13338080,2000.0,107056.51,5100.0,UPI,mild_distress,1
SYN-11053,Synthetic customer 1054,Salaried,Mumbai,95000.0,43597.2,77612.11,7761211,1000.0,112104.18,4100.0,UPI,scam_shock,28
SYN-11054,Synthetic customer 1055,Salaried,Bengaluru,26000.0,10725.01,15079.79,1507979,2500.0,20061.92,6000.0,UPI,healthy,28
SYN-11055,Synthetic customer 1056,Salaried,Jaipur,79000.0,44601.58,110528.9,11052890,3000.0,79441.25,1700.0,UPI,organic_distress,28
SYN-11056,Synthetic customer 1057,Salaried,Delhi,72000.0,25537.74,61482.89,6148289,1000.0,46815.32,1600.0,UPI,ambiguous,1
SYN-11057,Synthetic customer 1058,Salaried,Mumbai,112000.0,69307.69,188534.69,18853469,1500.0,138276.59,6000.0,UPI,organic_distress,28
SYN-11058,Synthetic customer 1059,Salaried,Bengaluru,109000.0,39157.43,124950.42,12495042,2000.0,67558.33,5700.0,UPI,healthy,1
SYN-11059,Synthetic customer 1060,Salaried,Jaipur,110000.0,65628.89,122900.57,12290057,4000.0,79931.47,5300.0,UPI,healthy,1
SYN-11060,Synthetic customer 1061,Salaried,Delhi,119000.0,75219.96,211948.85,21194885,3000.0,127991.47,3200.0,UPI,scam_shock,28
SYN-11061,Synthetic customer 1062,Salaried,Mumbai,50000.0,22546.59,88834.58,8883458,4500.0,44345.55,5500.0,UPI,healthy,5
SYN-11062,Synthetic customer 1063,Salaried,Bengaluru,101000.0,60767.15,64888.47,6488847,0.0,79334.43,4900.0,UPI,scam_shock,5
SYN-11063,Synthetic customer 1064,Salaried,Jaipur,111000.0,60620.18,182663.31,18266331,0.0,113373.49,5700.0,UPI,healthy,28
SYN-11064,Synthetic customer 1065,Salaried,Delhi,103000.0,59105.03,163050.4,16305040,2500.0,68185.68,4400.0,UPI,healthy,5
SYN-11065,Synthetic customer 1066,Salaried,Mumbai,117000.0,43020.73,142869.39,14286939,1000.0,102926.96,2200.0,UPI,organic_distress,5
SYN-11066,Synthetic customer 1067,Salaried,Bengaluru,111000.0,63647.93,33692.58,3369258,500.0,44953.05,5100.0,UPI,healthy,1
SYN-11067,Synthetic customer 1068,Salaried,Jaipur,38000.0,13673.97,20369.79,2036979,2000.0,25218.79,1700.0,UPI,scam_shock,5
SYN-11068,Synthetic customer 1069,Salaried,Delhi,78000.0,29229.6,110511.94,11051194,2500.0,33181.78,5500.0,UPI,mule,1
SYN-11069,Synthetic customer 1070,Salaried,Mumbai,29000.0,12077.38,40324.06,4032406,5000.0,36329.85,3100.0,UPI,healthy,1
SYN-11070,Synthetic customer 1071,Salaried,Bengaluru,92000.0,33280.54,55179.04,5517904,2000.0,56868.04,1600.0,UPI,healthy,1
SYN-11071,Synthetic customer 1072,Salaried,Jaipur,67000.0,31034.18,15710.21,1571021,4500.0,56262.86,2300.0,UPI,healthy,1
SYN-11072,Synthetic customer 1073,Salaried,Delhi,87000.0,54431.21,95536.33,9553633,2500.0,103364.91,4400.0,UPI,healthy,5
SYN-11073,Synthetic customer 1074,Salaried,Mumbai,127000.0,66749.96,212536.38,21253638,1000.0,140253.51,5300.0,UPI,healthy,28
SYN-11074,Synthetic customer 1075,Salaried,Bengaluru,47000.0,16663.26,19512.85,1951285,4000.0,23869.76,1300.0,UPI,ambiguous,1
SYN-11075,Synthetic customer 1076,Salaried,Jaipur,36000.0,12705.05,61838.83,6183883,1500.0,20707.57,2700.0,UPI,healthy,28
SYN-11076,Synthetic customer 1077,Salaried,Delhi,91000.0,34055.45,102508.83,10250883,5000.0,93039.53,1900.0,UPI,healthy,28
SYN-11077,Synthetic customer 1078,Salaried,Mumbai,128000.0,73362.63,67054.99,6705499,2500.0,109907.15,2500.0,UPI,ambiguous,1
SYN-11078,Synthetic customer 1079,Salaried,Bengaluru,60000.0,22374.04,66618.48,6661848,4500.0,60422.1,2000.0,UPI,healthy,1
SYN-11079,Synthetic customer 1080,Salaried,Jaipur,88000.0,55248.19,72340.7,7234070,0.0,53408.96,3700.0,UPI,healthy,1
SYN-11080,Synthetic customer 1081,Salaried,Delhi,36000.0,15487.73,59659.51,5965951,500.0,16211.57,5400.0,UPI,healthy,1
SYN-11081,Synthetic customer 1082,Salaried,Mumbai,42000.0,26187.19,77568.89,7756889,3000.0,42573.22,4500.0,UPI,ambiguous,1
SYN-11082,Synthetic customer 1083,Salaried,Bengaluru,93000.0,34731.42,122562.08,12256208,0.0,93176.79,4900.0,UPI,healthy,1
SYN-11083,Synthetic customer 1084,Salaried,Jaipur,110000.0,45691.22,32691.02,3269102,1500.0,56612.65,3100.0,UPI,healthy,1
SYN-11084,Synthetic customer 1085,Salaried,Delhi,95000.0,46505.9,73883.36,7388336,3000.0,106551.38,5500.0,UPI,healthy,1
SYN-11085,Synthetic customer 1086,Salaried,Mumbai,31000.0,13358.89,52438.84,5243884,5000.0,32288.76,1400.0,UPI,healthy,1
SYN-11086,Synthetic customer 1087,Salaried,Bengaluru,128000.0,67118.98,77751.72,7775172,1500.0,94994.93,5700.0,UPI,ambiguous,1
SYN-11087,Synthetic customer 1088,Salaried,Jaipur,115000.0,65990.37,142452.91,14245291,500.0,146766.3,5800.0,UPI,mild_distress,1
SYN-11088,Synthetic customer 1089,Salaried,Delhi,98000.0,61839.12,69414.58,6941458,1000.0,72739.54,2900.0,UPI,organic_distress,1
SYN-11089,Synthetic customer 1090,Salaried,Mumbai,64000.0,38650.96,14235.17,1423517,500.0,31879.3,5600.0,UPI,healthy,1
SYN-11090,Synthetic customer 1091,Salaried,Bengaluru,107000.0,47845.41,142722.26,14272226,2000.0,95086.45,3500.0,UPI,healthy,1
SYN-11091,Synthetic customer 1092,Salaried,Jaipur,107000.0,67591.71,29262.95,2926295,3000.0,134215.28,2600.0,UPI,healthy,5
SYN-11092,Synthetic customer 1093,Salaried,Delhi,79000.0,44610.88,146262.92,14626292,5000.0,58729.3,2500.0,UPI,ambiguous,1
SYN-11093,Synthetic customer 1094,Salaried,Mumbai,108000.0,54003.28,148893.38,14889338,5000.0,138595.73,1700.0,UPI,healthy,1
SYN-11094,Synthetic customer 1095,Salaried,Bengaluru,120000.0,69140.54,187402.26,18740226,0.0,126573.19,1700.0,UPI,healthy,1
SYN-11095,Synthetic customer 1096,Salaried,Jaipur,60000.0,38509.91,107054.61,10705461,1000.0,77211.32,1300.0,UPI,healthy,28
SYN-11096,Synthetic customer 1097,Salaried,Delhi,82000.0,40511.68,148601.75,14860175,2000.0,103497.04,5800.0,UPI,healthy,5
SYN-11097,Synthetic customer 1098,Salaried,Mumbai,63000.0,28514.18,42783.45,4278345,2500.0,63493.64,4900.0,UPI,healthy,1
SYN-11098,Synthetic customer 1099,Salaried,Bengaluru,99000.0,37688.03,144096.68,14409668,4000.0,95888.17,4500.0,UPI,ambiguous,1
SYN-11099,Synthetic customer 1100,Salaried,Jaipur,105000.0,53466.95,43216.25,4321625,4500.0,44526.46,4100.0,UPI,healthy,28
SYN-11100,Synthetic customer 1101,Salaried,Delhi,30000.0,18527.39,32131.43,3213143,2500.0,22365.62,4100.0,UPI,healthy,1
SYN-11101,Synthetic customer 1102,Salaried,Mumbai,96000.0,41972.74,99037.75,9903775,4000.0,113934.07,6000.0,UPI,healthy,1
SYN-11102,Synthetic customer 1103,Salaried,Bengaluru,60000.0,21157.22,21031.9,2103190,0.0,33544.81,2900.0,UPI,scam_shock,5
SYN-11103,Synthetic customer 1104,Salaried,Jaipur,112000.0,66439.01,148173.52,14817352,3500.0,106082.6,1400.0,UPI,healthy,5
SYN-11104,Synthetic customer 1105,Salaried,Delhi,117000.0,68762.24,226619.92,22661992,5000.0,67597.2,3300.0,UPI,ambiguous,5
SYN-11105,Synthetic customer 1106,Salaried,Mumbai,80000.0,37443.64,116973.84,11697384,500.0,77027.46,2500.0,UPI,healthy,5
SYN-11106,Synthetic customer 1107,Salaried,Bengaluru,118000.0,71961.04,125958.12,12595812,1500.0,125891.43,2800.0,UPI,scam_shock,1
SYN-11107,Synthetic customer 1108,Salaried,Jaipur,122000.0,75737.83,186547.05,18654705,500.0,125428.87,2600.0,UPI,healthy,28
SYN-11108,Synthetic customer 1109,Salaried,Delhi,85000.0,50319.9,81180.94,8118094,1500.0,107993.5,3300.0,UPI,healthy,28
SYN-11109,Synthetic customer 1110,Salaried,Mumbai,58000.0,30359.75,99478.18,9947818,2500.0,55832.61,2700.0,UPI,mild_distress,5
SYN-11110,Synthetic customer 1111,Salaried,Bengaluru,96000.0,49451.63,186604.75,18660475,3000.0,114444.32,2800.0,UPI,ambiguous,5
SYN-11111,Synthetic customer 1112,Salaried,Jaipur,74000.0,28091.08,141523.42,14152342,3000.0,30019.26,4700.0,UPI,healthy,28
SYN-11112,Synthetic customer 1113,Salaried,Delhi,129000.0,70619.96,117862.37,11786237,0.0,149287.2,3100.0,UPI,healthy,1
SYN-11113,Synthetic customer 1114,Salaried,Mumbai,29000.0,13869.81,13631.97,1363197,3500.0,22540.92,2800.0,UPI,healthy,1
SYN-11114,Synthetic customer 1115,Salaried,Bengaluru,84000.0,43495.84,55098.02,5509802,4000.0,36295.95,4000.0,UPI,healthy,5
SYN-11115,Synthetic customer 1116,Salaried,Jaipur,86000.0,38505.97,93859.12,9385912,2000.0,55981.72,5600.0,UPI,healthy,28
SYN-11116,Synthetic customer 1117,Salaried,Delhi,65000.0,32365.26,20185.5,2018550,1000.0,46471.0,4200.0,UPI,healthy,1
SYN-11117,Synthetic customer 1118,Salaried,Mumbai,26000.0,15283.37,25746.42,2574642,1000.0,24300.68,4800.0,UPI,healthy,5
SYN-11118,Synthetic customer 1119,Salaried,Bengaluru,38000.0,21082.11,59326.19,5932619,1000.0,45888.02,5800.0,UPI,healthy,5
SYN-11119,Synthetic customer 1120,Salaried,Jaipur,87000.0,52778.44,55090.09,5509009,4500.0,108709.43,2100.0,UPI,organic_distress,1
SYN-11120,Synthetic customer 1121,Salaried,Delhi,112000.0,57181.1,115729.78,11572978,2000.0,97843.59,4500.0,UPI,healthy,5
SYN-11121,Synthetic customer 1122,Salaried,Mumbai,66000.0,39252.8,62373.15,6237315,500.0,69045.76,2400.0,UPI,healthy,5
SYN-11122,Synthetic customer 1123,Salaried,Bengaluru,108000.0,39171.11,59693.24,5969324,1000.0,71238.7,4300.0,UPI,scam_shock,28
SYN-11123,Synthetic customer 1124,Salaried,Jaipur,95000.0,55671.13,164261.52,16426152,2000.0,100354.2,2100.0,UPI,healthy,1
SYN-11124,Synthetic customer 1125,Salaried,Delhi,68000.0,30745.51,37765.64,3776564,1000.0,51200.54,5400.0,UPI,healthy,1
SYN-11125,Synthetic customer 1126,Salaried,Mumbai,123000.0,53688.9,95418.52,9541852,3500.0,140179.85,1300.0,UPI,healthy,28
SYN-11126,Synthetic customer 1127,Salaried,Bengaluru,69000.0,37361.4,100809.75,10080975,4000.0,73245.34,1700.0,UPI,ambiguous,1
SYN-11127,Synthetic customer 1128,Salaried,Jaipur,33000.0,19170.98,13572.45,1357245,2000.0,15507.86,3300.0,UPI,healthy,28
SYN-11128,Synthetic customer 1129,Salaried,Delhi,57000.0,34246.95,44333.46,4433346,4000.0,60997.16,1600.0,UPI,healthy,28
SYN-11129,Synthetic customer 1130,Salaried,Mumbai,82000.0,30059.5,31509.04,3150904,3000.0,86664.43,3600.0,UPI,organic_distress,1
SYN-11130,Synthetic customer 1131,Salaried,Bengaluru,34000.0,15201.74,19417.5,1941750,5000.0,40306.54,3600.0,UPI,healthy,1
SYN-11131,Synthetic customer 1132,Salaried,Jaipur,104000.0,40442.86,158469.0,15846900,2000.0,55792.01,3100.0,UPI,ambiguous,1
SYN-11132,Synthetic customer 1133,Salaried,Delhi,102000.0,37035.09,82569.39,8256939,4500.0,89140.35,5300.0,UPI,healthy,1
SYN-11133,Synthetic customer 1134,Salaried,Mumbai,49000.0,17381.32,70075.86,7007586,500.0,34117.53,4000.0,UPI,mild_distress,28
SYN-11134,Synthetic customer 1135,Salaried,Bengaluru,119000.0,71890.04,40404.16,4040416,3000.0,119818.39,3800.0,UPI,healthy,1
SYN-11135,Synthetic customer 1136,Salaried,Jaipur,61000.0,35023.96,92646.0,9264600,2500.0,47552.09,2700.0,UPI,scam_shock,1
SYN-11136,Synthetic customer 1137,Salaried,Delhi,67000.0,40804.67,70814.43,7081443,4500.0,49075.99,2600.0,UPI,healthy,28
SYN-11137,Synthetic customer 1138,Salaried,Mumbai,109000.0,44896.56,131076.01,13107601,3000.0,45660.02,3100.0,UPI,scam_shock,28
SYN-11138,Synthetic customer 1139,Salaried,Bengaluru,83000.0,45026.4,19136.96,1913696,4500.0,90803.21,5900.0,UPI,healthy,1
SYN-11139,Synthetic customer 1140,Salaried,Jaipur,122000.0,66617.8,93585.71,9358571,5000.0,71923.08,1700.0,UPI,healthy,28
SYN-11140,Synthetic customer 1141,Salaried,Delhi,110000.0,45082.8,23752.07,2375207,2000.0,140483.16,3400.0,UPI,healthy,1
SYN-11141,Synthetic customer 1142,Salaried,Mumbai,84000.0,42725.94,26097.7,2609770,4500.0,57356.41,4900.0,UPI,healthy,1
SYN-11142,Synthetic customer 1143,Salaried,Bengaluru,130000.0,66503.56,109158.52,10915852,5000.0,90387.61,1400.0,UPI,healthy,28
SYN-11143,Synthetic customer 1144,Salaried,Jaipur,58000.0,22228.27,76348.7,7634870,4500.0,74907.38,1500.0,UPI,healthy,5
SYN-11144,Synthetic customer 1145,Salaried,Delhi,58000.0,30611.0,53548.42,5354842,5000.0,69884.65,1700.0,UPI,mule,5
SYN-11145,Synthetic customer 1146,Salaried,Mumbai,32000.0,20268.61,32756.17,3275617,1500.0,15225.28,4300.0,UPI,healthy,1
SYN-11146,Synthetic customer 1147,Salaried,Bengaluru,64000.0,40755.26,43176.71,4317671,4000.0,61547.62,4400.0,UPI,ambiguous,1
SYN-11147,Synthetic customer 1148,Salaried,Jaipur,95000.0,53285.21,79589.3,7958930,1500.0,61818.78,1200.0,UPI,organic_distress,1
SYN-11148,Synthetic customer 1149,Salaried,Delhi,31000.0,19609.14,12536.16,1253616,4500.0,39909.83,2900.0,UPI,healthy,5
SYN-11149,Synthetic customer 1150,Salaried,Mumbai,125000.0,54949.4,125994.8,12599480,2500.0,102149.27,2300.0,UPI,healthy,1
SYN-11150,Synthetic customer 1151,Salaried,Bengaluru,124000.0,75876.68,56353.35,5635335,2500.0,126270.54,1500.0,UPI,mule,1
SYN-11151,Synthetic customer 1152,Salaried,Jaipur,63000.0,30382.04,98546.95,9854695,4500.0,25960.39,5400.0,UPI,organic_distress,1
SYN-11152,Synthetic customer 1153,Salaried,Delhi,108000.0,69005.91,31011.84,3101184,3000.0,129193.79,3400.0,UPI,ambiguous,1
SYN-11153,Synthetic customer 1154,Salaried,Mumbai,107000.0,56895.18,123624.43,12362443,0.0,120078.34,5300.0,UPI,healthy,1
SYN-11154,Synthetic customer 1155,Salaried,Bengaluru,104000.0,36804.31,76773.25,7677325,4000.0,130827.27,3700.0,UPI,mule,1
SYN-11155,Synthetic customer 1156,Salaried,Jaipur,98000.0,55127.31,86440.0,8644000,3500.0,56448.24,1300.0,UPI,mild_distress,1
SYN-11156,Synthetic customer 1157,Salaried,Delhi,64000.0,28791.58,31249.74,3124974,3000.0,72323.8,2900.0,UPI,healthy,1
SYN-11157,Synthetic customer 1158,Salaried,Mumbai,115000.0,54378.27,141627.46,14162746,1500.0,131027.99,4600.0,UPI,organic_distress,28
SYN-11158,Synthetic customer 1159,Salaried,Bengaluru,127000.0,82228.87,106634.16,10663416,3000.0,107637.91,4700.0,UPI,healthy,1
SYN-11159,Synthetic customer 1160,Salaried,Jaipur,112000.0,58570.43,129517.8,12951780,500.0,47933.89,6000.0,UPI,healthy,1
SYN-11160,Synthetic customer 1161,Salaried,Delhi,90000.0,51561.0,34311.42,3431142,4500.0,75179.77,3100.0,UPI,healthy,1
SYN-11161,Synthetic customer 1162,Salaried,Mumbai,117000.0,50189.91,52590.52,5259052,5000.0,91486.57,4300.0,UPI,scam_shock,1
SYN-11162,Synthetic customer 1163,Salaried,Bengaluru,100000.0,51694.12,116611.49,11661149,3500.0,40641.24,2500.0,UPI,healthy,1
SYN-11163,Synthetic customer 1164,Salaried,Jaipur,107000.0,64956.76,48377.29,4837729,4500.0,104594.17,3200.0,UPI,healthy,1
SYN-11164,Synthetic customer 1165,Salaried,Delhi,36000.0,21995.67,19590.27,1959027,4000.0,28859.73,1200.0,UPI,healthy,1
SYN-11165,Synthetic customer 1166,Salaried,Mumbai,44000.0,16339.22,86315.69,8631569,3000.0,45708.25,4300.0,UPI,healthy,1
SYN-11166,Synthetic customer 1167,Salaried,Bengaluru,47000.0,28018.03,36744.42,3674442,1000.0,23051.22,3800.0,UPI,ambiguous,1
SYN-11167,Synthetic customer 1168,Salaried,Jaipur,125000.0,57498.74,99345.33,9934533,500.0,145710.24,4500.0,UPI,scam_shock,1
SYN-11168,Synthetic customer 1169,Salaried,Delhi,26000.0,10738.65,7215.6,721560,5000.0,13761.32,2200.0,UPI,healthy,1
SYN-11169,Synthetic customer 1170,Salaried,Mumbai,47000.0,22687.7,75537.94,7553794,500.0,22717.02,4500.0,UPI,healthy,1
SYN-11170,Synthetic customer 1171,Salaried,Bengaluru,109000.0,48628.39,23028.43,2302843,3000.0,82492.24,4800.0,UPI,healthy,28
SYN-11171,Synthetic customer 1172,Salaried,Jaipur,101000.0,59349.96,164755.64,16475564,5000.0,78271.53,1900.0,UPI,mild_distress,28
SYN-11172,Synthetic customer 1173,Salaried,Delhi,97000.0,42534.8,100559.5,10055950,1500.0,66044.73,3400.0,UPI,healthy,5
SYN-11173,Synthetic customer 1174,Salaried,Mumbai,72000.0,41642.36,33825.46,3382546,3000.0,91032.44,1100.0,UPI,scam_shock,5
SYN-11174,Synthetic customer 1175,Salaried,Bengaluru,120000.0,70518.28,27993.96,2799396,3500.0,55908.96,3700.0,UPI,scam_shock,5
SYN-11175,Synthetic customer 1176,Salaried,Jaipur,26000.0,12539.35,25060.86,2506086,2000.0,14033.51,4800.0,UPI,healthy,1
SYN-11176,Synthetic customer 1177,Salaried,Delhi,127000.0,82430.11,123332.8,12333280,4000.0,153206.74,2600.0,UPI,healthy,1
SYN-11177,Synthetic customer 1178,Salaried,Mumbai,28000.0,12921.17,22046.92,2204692,0.0,34235.43,4900.0,UPI,ambiguous,28
SYN-11178,Synthetic customer 1179,Salaried,Bengaluru,49000.0,21895.64,73496.2,7349620,1000.0,29565.68,3800.0,UPI,healthy,1
SYN-11179,Synthetic customer 1180,Salaried,Jaipur,96000.0,43077.67,63140.64,6314064,4500.0,99480.28,4000.0,UPI,healthy,28
SYN-11180,Synthetic customer 1181,Salaried,Delhi,33000.0,11805.19,55986.24,5598624,0.0,31335.46,2500.0,UPI,scam_shock,1
SYN-11181,Synthetic customer 1182,Salaried,Mumbai,75000.0,33388.73,143774.7,14377470,5000.0,75879.57,3200.0,UPI,scam_shock,28
SYN-11182,Synthetic customer 1183,Salaried,Bengaluru,80000.0,28664.98,21367.18,2136718,2500.0,44194.3,4600.0,UPI,healthy,1
SYN-11183,Synthetic customer 1184,Salaried,Jaipur,122000.0,69056.61,29169.17,2916917,3000.0,93606.12,2000.0,UPI,mild_distress,5
SYN-11184,Synthetic customer 1185,Salaried,Delhi,56000.0,28940.32,49035.8,4903580,3000.0,66510.05,5100.0,UPI,healthy,5
SYN-11185,Synthetic customer 1186,Salaried,Mumbai,52000.0,31702.47,12616.01,1261601,500.0,47732.0,3800.0,UPI,healthy,28
SYN-11186,Synthetic customer 1187,Salaried,Bengaluru,87000.0,52355.52,98685.77,9868577,5000.0,37035.97,3300.0,UPI,healthy,28
SYN-11187,Synthetic customer 1188,Salaried,Jaipur,56000.0,27196.59,107785.15,10778515,1000.0,33591.99,2200.0,UPI,healthy,1
SYN-11188,Synthetic customer 1189,Salaried,Delhi,94000.0,44293.96,174699.5,17469950,4500.0,113634.83,1800.0,UPI,healthy,28
SYN-11189,Synthetic customer 1190,Salaried,Mumbai,82000.0,38703.81,38386.22,3838622,2000.0,41867.81,1800.0,UPI,healthy,5
SYN-11190,Synthetic customer 1191,Salaried,Bengaluru,33000.0,15516.49,37137.15,3713715,4000.0,22258.2,1700.0,UPI,healthy,1
SYN-11191,Synthetic customer 1192,Salaried,Jaipur,62000.0,32749.42,82444.24,8244424,5000.0,52785.11,1700.0,UPI,healthy,1
SYN-11192,Synthetic customer 1193,Salaried,Delhi,43000.0,17425.5,14702.18,1470218,5000.0,17457.67,1700.0,UPI,healthy,5
SYN-11193,Synthetic customer 1194,Salaried,Mumbai,104000.0,56532.36,30910.43,3091043,500.0,96936.14,2500.0,UPI,healthy,1
SYN-11194,Synthetic customer 1195,Salaried,Bengaluru,92000.0,40103.65,138665.04,13866504,2000.0,46690.04,5900.0,UPI,organic_distress,1
SYN-11195,Synthetic customer 1196,Salaried,Jaipur,122000.0,51702.83,124328.66,12432866,2500.0,99666.64,1000.0,UPI,organic_distress,1
SYN-11196,Synthetic customer 1197,Salaried,Delhi,93000.0,45168.77,151394.02,15139402,2500.0,102608.63,5900.0,UPI,healthy,5
SYN-11197,Synthetic customer 1198,Salaried,Mumbai,55000.0,29385.12,57296.1,5729610,4500.0,54536.57,2200.0,UPI,healthy,28
SYN-11198,Synthetic customer 1199,Salaried,Bengaluru,28000.0,18014.68,55906.06,5590606,3000.0,32482.54,1300.0,UPI,organic_distress,1
SYN-11199,Synthetic customer 1200,Salaried,Jaipur,60000.0,29656.29,21624.36,2162436,1000.0,38165.14,2700.0,UPI,mild_distress,28
SYN-11200,Synthetic customer 1201,Salaried,Delhi,121000.0,43767.62,103667.49,10366749,2500.0,122864.32,5200.0,UPI,ambiguous,1
SYN-11201,Synthetic customer 1202,Salaried,Mumbai,117000.0,50028.85,29822.69,2982269,3500.0,137221.82,1800.0,UPI,healthy,5
SYN-11202,Synthetic customer 1203,Salaried,Bengaluru,124000.0,70816.3,166517.94,16651794,0.0,68243.1,5500.0,UPI,healthy,1
SYN-11203,Synthetic customer 1204,Salaried,Jaipur,75000.0,27110.4,74464.78,7446478,4000.0,58213.23,4700.0,UPI,healthy,1
SYN-11204,Synthetic customer 1205,Salaried,Delhi,35000.0,14570.12,49866.12,4986612,4500.0,44053.75,4100.0,UPI,organic_distress,28
SYN-11205,Synthetic customer 1206,Salaried,Mumbai,52000.0,27849.2,82941.78,8294178,1500.0,64802.88,3400.0,UPI,healthy,5
SYN-11206,Synthetic customer 1207,Salaried,Bengaluru,103000.0,48125.37,31112.97,3111297,4000.0,119701.71,2000.0,UPI,healthy,1
SYN-11207,Synthetic customer 1208,Salaried,Jaipur,34000.0,12275.32,19608.0,1960800,2500.0,40650.0,2600.0,UPI,healthy,1
SYN-11208,Synthetic customer 1209,Salaried,Delhi,115000.0,48693.16,108481.47,10848147,0.0,68663.39,4100.0,UPI,mule,1
SYN-11209,Synthetic customer 1210,Salaried,Mumbai,124000.0,65042.57,84856.04,8485604,2000.0,112057.08,2900.0,UPI,mule,28
SYN-11210,Synthetic customer 1211,Salaried,Bengaluru,96000.0,52954.91,66377.43,6637743,1500.0,43713.58,3200.0,UPI,healthy,1
SYN-11211,Synthetic customer 1212,Salaried,Jaipur,128000.0,75323.2,31746.34,3174634,0.0,96065.79,4500.0,UPI,mule,1
SYN-11212,Synthetic customer 1213,Salaried,Delhi,87000.0,35587.59,129143.52,12914352,500.0,92566.36,5100.0,UPI,healthy,5
SYN-11213,Synthetic customer 1214,Salaried,Mumbai,130000.0,66850.1,159762.88,15976288,4500.0,140918.8,1200.0,UPI,organic_distress,1
SYN-11214,Synthetic customer 1215,Salaried,Bengaluru,79000.0,31996.07,91747.0,9174700,3500.0,33149.7,1700.0,UPI,healthy,5
SYN-11215,Synthetic customer 1216,Salaried,Jaipur,119000.0,60274.47,171844.79,17184479,0.0,65078.41,5100.0,UPI,healthy,1
SYN-11216,Synthetic customer 1217,Salaried,Delhi,87000.0,36054.8,35065.86,3506586,3000.0,108182.02,3600.0,UPI,scam_shock,1
SYN-11217,Synthetic customer 1218,Salaried,Mumbai,123000.0,47316.01,97140.5,9714050,2000.0,64538.0,5700.0,UPI,organic_distress,28
SYN-11218,Synthetic customer 1219,Salaried,Bengaluru,90000.0,35737.37,40347.51,4034751,500.0,67144.09,2000.0,UPI,healthy,28
SYN-11219,Synthetic customer 1220,Salaried,Jaipur,39000.0,18477.72,28415.96,2841596,0.0,39842.57,5700.0,UPI,organic_distress,28
SYN-11220,Synthetic customer 1221,Salaried,Delhi,56000.0,28076.93,85388.92,8538892,500.0,38810.83,3300.0,UPI,healthy,5
SYN-11221,Synthetic customer 1222,Salaried,Mumbai,88000.0,33451.97,92615.28,9261528,500.0,56819.99,3100.0,UPI,healthy,1
SYN-11222,Synthetic customer 1223,Salaried,Bengaluru,124000.0,68890.92,215885.12,21588512,4500.0,114518.87,1100.0,UPI,healthy,1
SYN-11223,Synthetic customer 1224,Salaried,Jaipur,74000.0,42953.03,132670.94,13267094,3000.0,37047.29,1500.0,UPI,healthy,1
SYN-11224,Synthetic customer 1225,Salaried,Delhi,90000.0,36135.54,150781.81,15078181,3500.0,75677.07,3200.0,UPI,healthy,1
SYN-11225,Synthetic customer 1226,Salaried,Mumbai,36000.0,20757.4,54111.86,5411186,0.0,17955.63,5200.0,UPI,healthy,1
SYN-11226,Synthetic customer 1227,Salaried,Bengaluru,122000.0,45550.19,133549.7,13354970,1500.0,140341.84,1700.0,UPI,healthy,5
SYN-11227,Synthetic customer 1228,Salaried,Jaipur,128000.0,44851.63,177175.82,17717582,4500.0,131710.48,5200.0,UPI,healthy,28
SYN-11228,Synthetic customer 1229,Salaried,Delhi,86000.0,35317.01,143194.99,14319499,4000.0,74432.63,4600.0,UPI,healthy,5
SYN-11229,Synthetic customer 1230,Salaried,Mumbai,48000.0,27637.85,78546.19,7854619,500.0,54881.53,4900.0,UPI,healthy,5
SYN-11230,Synthetic customer 1231,Salaried,Bengaluru,46000.0,18904.55,52070.81,5207081,4000.0,57999.29,5500.0,UPI,healthy,1
SYN-11231,Synthetic customer 1232,Salaried,Jaipur,104000.0,47186.24,97409.74,9740974,1500.0,77761.66,5100.0,UPI,healthy,1
SYN-11232,Synthetic customer 1233,Salaried,Delhi,107000.0,62541.74,107489.83,10748983,3000.0,101738.93,1000.0,UPI,organic_distress,28
SYN-11233,Synthetic customer 1234,Salaried,Mumbai,88000.0,32442.45,32511.87,3251187,0.0,84796.66,2100.0,UPI,scam_shock,1
SYN-11234,Synthetic customer 1235,Salaried,Bengaluru,121000.0,64814.93,117740.1,11774010,500.0,139882.47,4200.0,UPI,mule,1
SYN-11235,Synthetic customer 1236,Salaried,Jaipur,102000.0,37242.77,160484.14,16048414,1000.0,48147.48,6000.0,UPI,mild_distress,1
SYN-11236,Synthetic customer 1237,Salaried,Delhi,80000.0,39386.86,38795.91,3879591,2500.0,68721.44,1400.0,UPI,healthy,1
SYN-11237,Synthetic customer 1238,Salaried,Mumbai,57000.0,28555.96,45861.1,4586110,4500.0,60154.98,4000.0,UPI,mule,1
SYN-11238,Synthetic customer 1239,Salaried,Bengaluru,130000.0,61342.26,247912.41,24791241,1000.0,137484.47,1200.0,UPI,healthy,1
SYN-11239,Synthetic customer 1240,Salaried,Jaipur,39000.0,22622.96,66555.26,6655526,1500.0,24716.46,5200.0,UPI,mild_distress,28
SYN-11240,Synthetic customer 1241,Salaried,Delhi,57000.0,23745.11,84529.15,8452915,4500.0,32439.51,2900.0,UPI,mild_distress,5
SYN-11241,Synthetic customer 1242,Salaried,Mumbai,54000.0,21169.7,92100.36,9210036,4000.0,28643.44,3100.0,UPI,healthy,28
SYN-11242,Synthetic customer 1243,Salaried,Bengaluru,106000.0,37192.12,127749.31,12774931,500.0,136828.52,6000.0,UPI,healthy,1
SYN-11243,Synthetic customer 1244,Salaried,Jaipur,75000.0,29006.87,97153.77,9715377,1500.0,89063.02,5300.0,UPI,scam_shock,5
SYN-11244,Synthetic customer 1245,Salaried,Delhi,58000.0,26491.61,46987.25,4698725,2500.0,45760.12,5800.0,UPI,mild_distress,28
SYN-11245,Synthetic customer 1246,Salaried,Mumbai,96000.0,52574.4,185903.81,18590381,1500.0,96061.57,3600.0,UPI,scam_shock,28
SYN-11246,Synthetic customer 1247,Salaried,Bengaluru,98000.0,48944.75,148101.46,14810146,3000.0,42699.1,5300.0,UPI,organic_distress,1
SYN-11247,Synthetic customer 1248,Salaried,Jaipur,53000.0,26057.82,30868.89,3086889,4500.0,31999.14,2600.0,UPI,healthy,5
SYN-11248,Synthetic customer 1249,Salaried,Delhi,74000.0,34438.53,132365.73,13236573,5000.0,30894.26,4700.0,UPI,healthy,1
SYN-11249,Synthetic customer 1250,Salaried,Mumbai,117000.0,57812.61,218367.67,21836767,3500.0,64304.23,2600.0,UPI,healthy,1
SYN-11250,Synthetic customer 1251,Salaried,Bengaluru,110000.0,52802.37,145867.69,14586769,1500.0,107458.18,1300.0,UPI,healthy,1
SYN-11251,Synthetic customer 1252,Salaried,Jaipur,114000.0,63470.69,203525.87,20352587,2500.0,88661.95,2900.0,UPI,healthy,1
SYN-11252,Synthetic customer 1253,Salaried,Delhi,119000.0,54436.8,192719.88,19271988,1000.0,112493.58,5100.0,UPI,healthy,1
SYN-11253,Synthetic customer 1254,Salaried,Mumbai,45000.0,17353.67,9625.5,962550,5000.0,47446.47,2400.0,UPI,healthy,5
SYN-11254,Synthetic customer 1255,Salaried,Bengaluru,71000.0,25444.39,21896.5,2189650,4000.0,81600.45,5100.0,UPI,healthy,1
SYN-11255,Synthetic customer 1256,Salaried,Jaipur,86000.0,51707.09,101794.67,10179467,4500.0,72682.24,1600.0,UPI,healthy,5
SYN-11256,Synthetic customer 1257,Salaried,Delhi,78000.0,46969.66,62248.52,6224852,1000.0,53052.45,1100.0,UPI,organic_distress,5
SYN-11257,Synthetic customer 1258,Salaried,Mumbai,94000.0,35358.37,148635.74,14863574,1500.0,60431.74,5000.0,UPI,healthy,5
SYN-11258,Synthetic customer 1259,Salaried,Bengaluru,120000.0,59395.33,232785.95,23278595,500.0,77858.42,5200.0,UPI,healthy,5
SYN-11259,Synthetic customer 1260,Salaried,Jaipur,117000.0,59552.86,138457.17,13845717,4000.0,47251.24,4400.0,UPI,healthy,1
SYN-11260,Synthetic customer 1261,Salaried,Delhi,120000.0,63735.17,93689.06,9368906,4000.0,62304.3,3100.0,UPI,mild_distress,1
SYN-11261,Synthetic customer 1262,Salaried,Mumbai,97000.0,59100.61,20866.2,2086620,0.0,90203.87,4500.0,UPI,ambiguous,1
SYN-11262,Synthetic customer 1263,Salaried,Bengaluru,52000.0,20112.02,55444.92,5544492,2000.0,50752.4,4300.0,UPI,mild_distress,1
SYN-11263,Synthetic customer 1264,Salaried,Jaipur,82000.0,33401.81,136014.23,13601423,4500.0,53610.64,1700.0,UPI,scam_shock,28
SYN-11264,Synthetic customer 1265,Salaried,Delhi,94000.0,58341.95,40539.46,4053946,3000.0,111461.05,2200.0,UPI,healthy,28
SYN-11265,Synthetic customer 1266,Salaried,Mumbai,110000.0,58940.98,188649.69,18864969,3500.0,86392.76,5800.0,UPI,scam_shock,1
SYN-11266,Synthetic customer 1267,Salaried,Bengaluru,71000.0,42163.91,36175.49,3617549,3000.0,39395.25,3500.0,UPI,healthy,5
SYN-11267,Synthetic customer 1268,Salaried,Jaipur,116000.0,68031.49,214326.36,21432636,3000.0,98013.88,1900.0,UPI,scam_shock,1
SYN-11268,Synthetic customer 1269,Salaried,Delhi,70000.0,24660.21,97843.69,9784369,5000.0,70673.59,3400.0,UPI,healthy,5
SYN-11269,Synthetic customer 1270,Salaried,Mumbai,106000.0,66715.69,124622.62,12462262,2000.0,110876.34,4500.0,UPI,organic_distress,1
SYN-11270,Synthetic customer 1271,Salaried,Bengaluru,124000.0,54056.97,155773.68,15577368,4000.0,133521.86,1000.0,UPI,organic_distress,1
SYN-11271,Synthetic customer 1272,Salaried,Jaipur,42000.0,19405.53,25816.85,2581685,1500.0,50470.07,3300.0,UPI,healthy,1
SYN-11272,Synthetic customer 1273,Salaried,Delhi,25000.0,13119.06,35792.39,3579239,2000.0,31676.68,3200.0,UPI,organic_distress,1
SYN-11273,Synthetic customer 1274,Salaried,Mumbai,36000.0,23366.6,37821.81,3782181,2000.0,23358.63,1100.0,UPI,healthy,5
SYN-11274,Synthetic customer 1275,Salaried,Bengaluru,51000.0,29589.96,83290.42,8329042,3000.0,32910.2,5400.0,UPI,healthy,1
SYN-11275,Synthetic customer 1276,Salaried,Jaipur,128000.0,55548.59,166359.62,16635962,2000.0,135800.04,3700.0,UPI,healthy,28
SYN-11276,Synthetic customer 1277,Salaried,Delhi,91000.0,47122.24,88253.3,8825330,5000.0,96639.51,2800.0,UPI,scam_shock,1
SYN-11277,Synthetic customer 1278,Salaried,Mumbai,34000.0,13386.56,49392.09,4939209,1000.0,38801.87,1300.0,UPI,scam_shock,28
SYN-11278,Synthetic customer 1279,Salaried,Bengaluru,71000.0,31712.11,98644.83,9864483,5000.0,47724.16,2200.0,UPI,healthy,1
SYN-11279,Synthetic customer 1280,Salaried,Jaipur,112000.0,64016.33,149806.12,14980612,0.0,106811.73,5000.0,UPI,healthy,1
SYN-11280,Synthetic customer 1281,Salaried,Delhi,126000.0,50031.16,224019.52,22401952,4500.0,127632.63,1900.0,UPI,organic_distress,1
SYN-11281,Synthetic customer 1282,Salaried,Mumbai,40000.0,15151.67,79526.75,7952675,4000.0,17849.0,3600.0,UPI,healthy,1
SYN-11282,Synthetic customer 1283,Salaried,Bengaluru,124000.0,61609.08,135140.54,13514054,3500.0,139985.88,4900.0,UPI,healthy,1
SYN-11283,Synthetic customer 1284,Salaried,Jaipur,100000.0,59328.58,57217.06,5721706,1000.0,112752.53,2600.0,UPI,healthy,28
SYN-11284,Synthetic customer 1285,Salaried,Delhi,43000.0,17077.51,62592.05,6259205,3000.0,43718.12,3400.0,UPI,healthy,1
SYN-11285,Synthetic customer 1286,Salaried,Mumbai,57000.0,32352.38,36533.14,3653314,3000.0,71931.2,2700.0,UPI,healthy,1
SYN-11286,Synthetic customer 1287,Salaried,Bengaluru,83000.0,32723.67,56876.11,5687611,4000.0,63006.77,4300.0,UPI,scam_shock,1
SYN-11287,Synthetic customer 1288,Salaried,Jaipur,95000.0,60048.36,44518.13,4451813,1000.0,87752.83,2600.0,UPI,healthy,1
SYN-11288,Synthetic customer 1289,Salaried,Delhi,74000.0,41147.81,118203.27,11820327,2500.0,85558.75,4900.0,UPI,healthy,1
SYN-11289,Synthetic customer 1290,Salaried,Mumbai,46000.0,16984.52,24573.03,2457303,2500.0,51408.24,4700.0,UPI,organic_distress,1
SYN-11290,Synthetic customer 1291,Salaried,Bengaluru,98000.0,56388.72,51467.15,5146715,1500.0,81706.59,1200.0,UPI,healthy,1
SYN-11291,Synthetic customer 1292,Salaried,Jaipur,107000.0,57471.17,99688.62,9968862,4000.0,72616.3,4200.0,UPI,healthy,1
SYN-11292,Synthetic customer 1293,Salaried,Delhi,72000.0,34657.31,106178.4,10617840,1000.0,85322.26,3100.0,UPI,mild_distress,1
SYN-11293,Synthetic customer 1294,Salaried,Mumbai,89000.0,52872.22,161233.59,16123359,1500.0,106419.39,2700.0,UPI,mule,28
SYN-11294,Synthetic customer 1295,Salaried,Bengaluru,91000.0,51001.31,164113.06,16411306,1500.0,87172.76,1500.0,UPI,healthy,28
SYN-11295,Synthetic customer 1296,Salaried,Jaipur,41000.0,17031.95,52282.82,5228282,2000.0,41064.83,3700.0,UPI,scam_shock,1
SYN-11296,Synthetic customer 1297,Salaried,Delhi,118000.0,54248.09,43339.16,4333916,500.0,53449.38,2400.0,UPI,healthy,1
SYN-11297,Synthetic customer 1298,Salaried,Mumbai,29000.0,13067.52,50988.1,5098810,0.0,15273.14,5800.0,UPI,healthy,1
SYN-11298,Synthetic customer 1299,Salaried,Bengaluru,37000.0,21928.27,9658.31,965831,5000.0,28583.1,2700.0,UPI,healthy,28
SYN-11299,Synthetic customer 1300,Salaried,Jaipur,106000.0,62039.69,42142.1,4214210,1500.0,60078.15,4100.0,UPI,organic_distress,1
SYN-11300,Synthetic customer 1301,Salaried,Delhi,127000.0,65976.51,183945.65,18394565,2000.0,130737.6,2300.0,UPI,healthy,28
SYN-11301,Synthetic customer 1302,Salaried,Mumbai,66000.0,35209.6,62258.61,6225861,4000.0,31885.03,3700.0,UPI,organic_distress,28
SYN-11302,Synthetic customer 1303,Salaried,Bengaluru,67000.0,31173.71,40467.05,4046705,1500.0,78249.08,5000.0,UPI,mild_distress,1
SYN-11303,Synthetic customer 1304,Salaried,Jaipur,99000.0,44532.06,83294.16,8329416,1500.0,54202.08,2100.0,UPI,healthy,1
SYN-11304,Synthetic customer 1305,Salaried,Delhi,41000.0,19416.39,40275.3,4027530,3000.0,49945.78,6000.0,UPI,mild_distress,1
SYN-11305,Synthetic customer 1306,Salaried,Mumbai,112000.0,69945.75,130250.97,13025097,2500.0,62547.38,3100.0,UPI,scam_shock,5
SYN-11306,Synthetic customer 1307,Salaried,Bengaluru,35000.0,18712.47,26112.6,2611260,500.0,40683.8,5400.0,UPI,healthy,28
SYN-11307,Synthetic customer 1308,Salaried,Jaipur,35000.0,20947.9,13417.98,1341798,2000.0,19103.61,1200.0,UPI,organic_distress,5
SYN-11308,Synthetic customer 1309,Salaried,Delhi,126000.0,48373.83,84849.75,8484975,0.0,130971.47,2600.0,UPI,healthy,1
SYN-11309,Synthetic customer 1310,Salaried,Mumbai,50000.0,28622.93,37058.68,3705868,500.0,40182.56,2600.0,UPI,healthy,1
SYN-11310,Synthetic customer 1311,Salaried,Bengaluru,65000.0,28623.99,99681.24,9968124,5000.0,48465.59,5000.0,UPI,scam_shock,1
SYN-11311,Synthetic customer 1312,Salaried,Jaipur,56000.0,34867.89,42920.98,4292098,2500.0,22720.33,5300.0,UPI,healthy,1
SYN-11312,Synthetic customer 1313,Salaried,Delhi,43000.0,27510.67,18679.91,1867991,3000.0,28616.33,5400.0,UPI,scam_shock,5
SYN-11313,Synthetic customer 1314,Salaried,Mumbai,128000.0,62232.05,36682.36,3668236,5000.0,150738.1,5100.0,UPI,scam_shock,1
SYN-11314,Synthetic customer 1315,Salaried,Bengaluru,93000.0,32805.95,24567.01,2456701,4500.0,118128.38,6000.0,UPI,healthy,5
SYN-11315,Synthetic customer 1316,Salaried,Jaipur,87000.0,56414.41,74889.95,7488995,1500.0,99443.99,4900.0,UPI,healthy,1
SYN-11316,Synthetic customer 1317,Salaried,Delhi,87000.0,34889.4,80537.21,8053721,1500.0,74066.05,5700.0,UPI,healthy,1
SYN-11317,Synthetic customer 1318,Salaried,Mumbai,44000.0,18634.47,65041.25,6504125,4500.0,43550.48,3600.0,UPI,organic_distress,1
SYN-11318,Synthetic customer 1319,Salaried,Bengaluru,78000.0,41527.01,132705.56,13270556,1500.0,45605.97,5500.0,UPI,healthy,1
SYN-11319,Synthetic customer 1320,Salaried,Jaipur,65000.0,24968.49,112664.67,11266467,4500.0,82394.87,3900.0,UPI,healthy,1
SYN-11320,Synthetic customer 1321,Salaried,Delhi,114000.0,40198.74,86162.99,8616299,2000.0,48381.17,5800.0,UPI,healthy,1
SYN-11321,Synthetic customer 1322,Salaried,Mumbai,98000.0,58501.49,183581.77,18358177,1500.0,117798.52,3700.0,UPI,healthy,1
SYN-11322,Synthetic customer 1323,Salaried,Bengaluru,69000.0,43681.14,94243.03,9424303,2500.0,67618.42,1600.0,UPI,healthy,1
SYN-11323,Synthetic customer 1324,Salaried,Jaipur,127000.0,81627.17,108516.91,10851691,3500.0,133433.16,4100.0,UPI,healthy,1
SYN-11324,Synthetic customer 1325,Salaried,Delhi,28000.0,12665.67,22593.9,2259390,1000.0,27978.34,4300.0,UPI,mule,1
SYN-11325,Synthetic customer 1326,Salaried,Mumbai,81000.0,35592.48,136672.43,13667243,1000.0,101072.27,3100.0,UPI,ambiguous,28
SYN-11326,Synthetic customer 1327,Salaried,Bengaluru,67000.0,27804.39,115668.97,11566897,3500.0,31179.76,1100.0,UPI,healthy,1
SYN-11327,Synthetic customer 1328,Salaried,Jaipur,84000.0,43330.34,99571.29,9957129,500.0,47003.86,2200.0,UPI,healthy,1
SYN-11328,Synthetic customer 1329,Salaried,Delhi,124000.0,43463.18,134796.29,13479629,2500.0,158525.08,5700.0,UPI,healthy,5
SYN-11329,Synthetic customer 1330,Salaried,Mumbai,26000.0,11863.4,38138.84,3813884,4000.0,16325.54,5200.0,UPI,healthy,1
SYN-11330,Synthetic customer 1331,Salaried,Bengaluru,127000.0,59099.82,147353.77,14735377,5000.0,145389.05,3700.0,UPI,healthy,5
SYN-11331,Synthetic customer 1332,Salaried,Jaipur,52000.0,19622.06,57116.39,5711639,1000.0,58769.45,2600.0,UPI,healthy,5
SYN-11332,Synthetic customer 1333,Salaried,Delhi,47000.0,16724.91,74065.81,7406581,2500.0,18919.03,1800.0,UPI,organic_distress,5
SYN-11333,Synthetic customer 1334,Salaried,Mumbai,66000.0,39820.72,63668.17,6366817,4000.0,40809.39,3300.0,UPI,healthy,28
SYN-11334,Synthetic customer 1335,Salaried,Bengaluru,100000.0,55508.48,195506.35,19550635,500.0,104059.77,4300.0,UPI,healthy,1
SYN-11335,Synthetic customer 1336,Salaried,Jaipur,95000.0,34809.83,155029.68,15502968,500.0,123011.63,4100.0,UPI,organic_distress,1
SYN-11336,Synthetic customer 1337,Salaried,Delhi,122000.0,54270.8,125858.53,12585853,3500.0,96753.92,1600.0,UPI,healthy,1
SYN-11337,Synthetic customer 1338,Salaried,Mumbai,107000.0,59586.56,106023.14,10602314,3500.0,111269.08,4100.0,UPI,healthy,5
SYN-11338,Synthetic customer 1339,Salaried,Bengaluru,37000.0,19098.88,32264.15,3226415,500.0,21721.99,4600.0,UPI,healthy,1
SYN-11339,Synthetic customer 1340,Salaried,Jaipur,107000.0,41956.5,60500.25,6050025,3000.0,80786.13,5200.0,UPI,mild_distress,1
SYN-11340,Synthetic customer 1341,Salaried,Delhi,114000.0,52168.93,53401.23,5340123,0.0,96930.97,1800.0,UPI,healthy,1
SYN-11341,Synthetic customer 1342,Salaried,Mumbai,108000.0,42150.82,69735.11,6973511,3000.0,115833.68,1500.0,UPI,organic_distress,28
SYN-11342,Synthetic customer 1343,Salaried,Bengaluru,98000.0,57889.02,41972.59,4197259,2000.0,123133.78,2000.0,UPI,healthy,1
SYN-11343,Synthetic customer 1344,Salaried,Jaipur,116000.0,47035.47,184274.47,18427447,3000.0,70862.16,1200.0,UPI,healthy,1
SYN-11344,Synthetic customer 1345,Salaried,Delhi,110000.0,60757.22,133952.73,13395273,500.0,77743.92,5700.0,UPI,mule,5
SYN-11345,Synthetic customer 1346,Salaried,Mumbai,43000.0,19903.27,29767.29,2976729,4500.0,37756.97,2900.0,UPI,healthy,1
SYN-11346,Synthetic customer 1347,Salaried,Bengaluru,79000.0,48329.15,46913.77,4691377,0.0,53915.92,1300.0,UPI,healthy,1
SYN-11347,Synthetic customer 1348,Salaried,Jaipur,98000.0,52687.23,57735.38,5773538,500.0,92468.3,2900.0,UPI,healthy,1
SYN-11348,Synthetic customer 1349,Salaried,Delhi,67000.0,42257.27,49564.73,4956473,4500.0,69024.16,2500.0,UPI,healthy,5
SYN-11349,Synthetic customer 1350,Salaried,Mumbai,112000.0,50968.12,57801.01,5780101,2500.0,64457.39,1100.0,UPI,scam_shock,1
SYN-11350,Synthetic customer 1351,Salaried,Bengaluru,91000.0,43457.77,97014.77,9701477,4000.0,56416.28,4100.0,UPI,mild_distress,28
SYN-11351,Synthetic customer 1352,Salaried,Jaipur,126000.0,48994.57,113298.9,11329890,4000.0,75485.08,1200.0,UPI,healthy,1
SYN-11352,Synthetic customer 1353,Salaried,Delhi,113000.0,55128.9,120190.79,12019079,0.0,138382.09,1700.0,UPI,healthy,1
SYN-11353,Synthetic customer 1354,Salaried,Mumbai,77000.0,33748.42,59360.84,5936084,1500.0,75395.51,6000.0,UPI,healthy,1
SYN-11354,Synthetic customer 1355,Salaried,Bengaluru,25000.0,12669.13,25244.49,2524449,3000.0,15395.84,3700.0,UPI,healthy,1
SYN-11355,Synthetic customer 1356,Salaried,Jaipur,43000.0,25500.05,72629.7,7262970,1500.0,51330.51,1800.0,UPI,healthy,5
SYN-11356,Synthetic customer 1357,Salaried,Delhi,103000.0,38176.29,50927.46,5092746,1000.0,73056.44,1400.0,UPI,healthy,5
SYN-11357,Synthetic customer 1358,Salaried,Mumbai,25000.0,16112.38,40038.86,4003886,1000.0,15730.0,5700.0,UPI,healthy,1
SYN-11358,Synthetic customer 1359,Salaried,Bengaluru,59000.0,29583.3,42004.0,4200400,500.0,41171.85,2800.0,UPI,healthy,5
SYN-11359,Synthetic customer 1360,Salaried,Jaipur,59000.0,27363.31,17053.25,1705325,1000.0,68611.12,1700.0,UPI,healthy,5
SYN-11360,Synthetic customer 1361,Salaried,Delhi,74000.0,27723.04,89445.66,8944566,3000.0,32462.25,2100.0,UPI,healthy,1
SYN-11361,Synthetic customer 1362,Salaried,Mumbai,126000.0,68199.35,64955.31,6495531,500.0,160457.05,3900.0,UPI,healthy,5
SYN-11362,Synthetic customer 1363,Salaried,Bengaluru,83000.0,34176.45,73571.03,7357103,1000.0,47619.68,1900.0,UPI,organic_distress,1
SYN-11363,Synthetic customer 1364,Salaried,Jaipur,94000.0,36574.57,27877.27,2787727,4500.0,106269.0,2200.0,UPI,organic_distress,1
SYN-11364,Synthetic customer 1365,Salaried,Delhi,67000.0,37780.16,125903.43,12590343,4500.0,36995.88,5800.0,UPI,healthy,28
SYN-11365,Synthetic customer 1366,Salaried,Mumbai,95000.0,56617.25,66299.55,6629955,4000.0,111952.9,2700.0,UPI,healthy,1
SYN-11366,Synthetic customer 1367,Salaried,Bengaluru,72000.0,43456.99,60833.85,6083385,1000.0,82359.04,3600.0,UPI,healthy,5
SYN-11367,Synthetic customer 1368,Salaried,Jaipur,127000.0,78912.16,83642.13,8364213,4000.0,160644.01,3000.0,UPI,organic_distress,28
SYN-11368,Synthetic customer 1369,Salaried,Delhi,106000.0,63601.48,133253.41,13325341,3000.0,113643.06,2200.0,UPI,healthy,28
SYN-11369,Synthetic customer 1370,Salaried,Mumbai,71000.0,42692.3,53435.15,5343515,1500.0,63775.53,1800.0,UPI,scam_shock,1
SYN-11370,Synthetic customer 1371,Salaried,Bengaluru,89000.0,57740.62,38854.53,3885453,1000.0,97330.91,4800.0,UPI,mild_distress,5
SYN-11371,Synthetic customer 1372,Salaried,Jaipur,63000.0,30879.91,67151.2,6715120,3500.0,28842.48,5700.0,UPI,healthy,1
SYN-11372,Synthetic customer 1373,Salaried,Delhi,78000.0,38869.63,91769.35,9176935,0.0,34923.56,1300.0,UPI,ambiguous,1
SYN-11373,Synthetic customer 1374,Salaried,Mumbai,118000.0,47852.52,229786.06,22978606,4000.0,72560.86,2700.0,UPI,healthy,1
SYN-11374,Synthetic customer 1375,Salaried,Bengaluru,123000.0,49844.78,112973.98,11297398,3500.0,52600.62,5400.0,UPI,healthy,1
SYN-11375,Synthetic customer 1376,Salaried,Jaipur,99000.0,61331.15,151910.82,15191082,4500.0,84590.66,4100.0,UPI,healthy,1
SYN-11376,Synthetic customer 1377,Salaried,Delhi,125000.0,68315.35,128612.59,12861259,2000.0,149162.65,5600.0,UPI,healthy,28
SYN-11377,Synthetic customer 1378,Salaried,Mumbai,38000.0,17448.69,59672.16,5967216,2000.0,20940.67,2500.0,UPI,healthy,1
SYN-11378,Synthetic customer 1379,Salaried,Bengaluru,119000.0,59168.77,56022.08,5602208,5000.0,151066.61,2600.0,UPI,mild_distress,5
SYN-11379,Synthetic customer 1380,Salaried,Jaipur,107000.0,63072.43,110468.58,11046858,2000.0,132433.85,2700.0,UPI,ambiguous,28
SYN-11380,Synthetic customer 1381,Salaried,Delhi,115000.0,61943.85,178417.31,17841731,0.0,96056.43,4500.0,UPI,healthy,1
SYN-11381,Synthetic customer 1382,Salaried,Mumbai,64000.0,30715.37,52472.75,5247275,500.0,81280.63,2900.0,UPI,healthy,5
SYN-11382,Synthetic customer 1383,Salaried,Bengaluru,33000.0,15104.19,65060.04,6506004,500.0,21244.55,1300.0,UPI,organic_distress,1
SYN-11383,Synthetic customer 1384,Salaried,Jaipur,47000.0,28205.83,60100.86,6010086,1000.0,43081.22,2200.0,UPI,healthy,28
SYN-11384,Synthetic customer 1385,Salaried,Delhi,92000.0,37665.38,160148.56,16014856,5000.0,81608.52,4400.0,UPI,mild_distress,28
SYN-11385,Synthetic customer 1386,Salaried,Mumbai,124000.0,75611.62,67885.04,6788504,1000.0,121617.84,5200.0,UPI,healthy,1
SYN-11386,Synthetic customer 1387,Salaried,Bengaluru,52000.0,19110.18,78085.21,7808521,3500.0,57407.52,4700.0,UPI,organic_distress,5
SYN-11387,Synthetic customer 1388,Salaried,Jaipur,98000.0,62661.98,54800.27,5480027,2500.0,96808.22,2700.0,UPI,healthy,1
SYN-11388,Synthetic customer 1389,Salaried,Delhi,72000.0,42181.46,74372.48,7437248,4500.0,57464.62,3200.0,UPI,healthy,1
SYN-11389,Synthetic customer 1390,Salaried,Mumbai,128000.0,60940.2,133424.96,13342496,4000.0,147238.94,4700.0,UPI,healthy,1
SYN-11390,Synthetic customer 1391,Salaried,Bengaluru,113000.0,45858.73,122518.44,12251844,4500.0,136959.54,3500.0,UPI,healthy,28
SYN-11391,Synthetic customer 1392,Salaried,Jaipur,38000.0,14201.39,38262.48,3826248,3000.0,18825.23,2900.0,UPI,healthy,1
SYN-11392,Synthetic customer 1393,Salaried,Delhi,94000.0,43265.17,184208.48,18420848,1500.0,74587.93,5700.0,UPI,healthy,1
SYN-11393,Synthetic customer 1394,Salaried,Mumbai,92000.0,44652.97,30629.6,3062960,2000.0,83411.28,3200.0,UPI,healthy,1
SYN-11394,Synthetic customer 1395,Salaried,Bengaluru,104000.0,52352.7,142169.89,14216989,3500.0,101910.37,3100.0,UPI,organic_distress,1
SYN-11395,Synthetic customer 1396,Salaried,Jaipur,45000.0,29116.78,78692.77,7869277,0.0,19036.99,3900.0,UPI,healthy,1
SYN-11396,Synthetic customer 1397,Salaried,Delhi,106000.0,55455.72,105324.38,10532438,4000.0,50641.58,1200.0,UPI,healthy,1
SYN-11397,Synthetic customer 1398,Salaried,Mumbai,124000.0,73484.11,103997.99,10399799,4500.0,126629.27,4500.0,UPI,mild_distress,1
SYN-11398,Synthetic customer 1399,Salaried,Bengaluru,65000.0,27785.29,87958.0,8795800,4000.0,59033.04,2300.0,UPI,mule,1
SYN-11399,Synthetic customer 1400,Salaried,Jaipur,37000.0,22663.39,70401.2,7040120,500.0,33628.74,3900.0,UPI,healthy,28
SYN-11400,Synthetic customer 1401,Salaried,Delhi,91000.0,45544.54,64739.76,6473976,2500.0,100506.04,3900.0,UPI,ambiguous,1
SYN-11401,Synthetic customer 1402,Salaried,Mumbai,43000.0,26584.76,19642.2,1964220,500.0,30426.88,4100.0,UPI,ambiguous,1
SYN-11402,Synthetic customer 1403,Salaried,Bengaluru,84000.0,49010.01,43159.08,4315908,4000.0,48539.76,5600.0,UPI,healthy,1
SYN-11403,Synthetic customer 1404,Salaried,Jaipur,85000.0,32062.13,122732.83,12273283,4500.0,60351.1,2400.0,UPI,healthy,5
SYN-11404,Synthetic customer 1405,Salaried,Delhi,62000.0,23178.93,33958.89,3395889,2000.0,73626.26,2200.0,UPI,healthy,28
SYN-11405,Synthetic customer 1406,Salaried,Mumbai,30000.0,10881.48,52969.64,5296964,2500.0,14708.57,4700.0,UPI,healthy,5
SYN-11406,Synthetic customer 1407,Salaried,Bengaluru,105000.0,51605.71,79296.94,7929694,4000.0,123813.4,3100.0,UPI,mild_distress,28
SYN-11407,Synthetic customer 1408,Salaried,Jaipur,68000.0,26423.01,37996.79,3799679,5000.0,84308.6,4200.0,UPI,healthy,1
SYN-11408,Synthetic customer 1409,Salaried,Delhi,104000.0,46323.97,157238.65,15723865,4500.0,97850.18,4500.0,UPI,mule,1
SYN-11409,Synthetic customer 1410,Salaried,Mumbai,48000.0,23599.84,18268.88,1826888,2500.0,45866.9,5800.0,UPI,healthy,1
SYN-11410,Synthetic customer 1411,Salaried,Bengaluru,49000.0,31486.83,38446.43,3844643,1000.0,21980.55,3300.0,UPI,ambiguous,1
SYN-11411,Synthetic customer 1412,Salaried,Jaipur,46000.0,29361.18,38431.15,3843115,1500.0,37032.89,4200.0,UPI,mild_distress,1
SYN-11412,Synthetic customer 1413,Salaried,Delhi,60000.0,28901.48,26078.05,2607805,500.0,25930.16,4300.0,UPI,healthy,1
SYN-11413,Synthetic customer 1414,Salaried,Mumbai,111000.0,41872.94,35379.12,3537912,1500.0,45415.68,4000.0,UPI,scam_shock,5
SYN-11414,Synthetic customer 1415,Salaried,Bengaluru,96000.0,50128.79,127572.74,12757274,5000.0,86582.48,3200.0,UPI,ambiguous,1
SYN-11415,Synthetic customer 1416,Salaried,Jaipur,38000.0,21249.25,49750.95,4975095,4000.0,39461.51,3400.0,UPI,healthy,1
SYN-11416,Synthetic customer 1417,Salaried,Delhi,68000.0,39567.68,90467.23,9046723,3500.0,61884.27,1400.0,UPI,ambiguous,1
SYN-11417,Synthetic customer 1418,Salaried,Mumbai,25000.0,14367.51,29557.36,2955736,2500.0,20517.97,3800.0,UPI,healthy,1
SYN-11418,Synthetic customer 1419,Salaried,Bengaluru,79000.0,36482.7,69770.47,6977047,3000.0,38591.7,3200.0,UPI,healthy,1
SYN-11419,Synthetic customer 1420,Salaried,Jaipur,28000.0,14193.62,33976.7,3397670,3000.0,22537.64,3800.0,UPI,scam_shock,1
SYN-11420,Synthetic customer 1421,Salaried,Delhi,107000.0,48146.62,43991.9,4399190,3000.0,50431.16,4300.0,UPI,healthy,1
SYN-11421,Synthetic customer 1422,Salaried,Mumbai,127000.0,80187.67,219304.87,21930487,0.0,61022.72,1500.0,UPI,healthy,5
SYN-11422,Synthetic customer 1423,Salaried,Bengaluru,127000.0,64437.91,186041.75,18604175,4500.0,121295.14,3800.0,UPI,healthy,1
SYN-11423,Synthetic customer 1424,Salaried,Jaipur,130000.0,58045.89,38053.63,3805363,4500.0,143886.64,3300.0,UPI,mule,1
SYN-11424,Synthetic customer 1425,Salaried,Delhi,111000.0,64413.86,135650.5,13565050,4500.0,63312.77,4100.0,UPI,scam_shock,1
SYN-11425,Synthetic customer 1426,Salaried,Mumbai,82000.0,52011.83,69741.6,6974160,5000.0,50557.72,2800.0,UPI,healthy,1
SYN-11426,Synthetic customer 1427,Salaried,Bengaluru,33000.0,15449.09,39311.76,3931176,4000.0,27258.49,3800.0,UPI,organic_distress,5
SYN-11427,Synthetic customer 1428,Salaried,Jaipur,99000.0,58902.93,120194.09,12019409,3000.0,72232.13,1100.0,UPI,healthy,1
SYN-11428,Synthetic customer 1429,Salaried,Delhi,121000.0,58694.57,212560.42,21256042,2500.0,101903.42,1500.0,UPI,healthy,28
SYN-11429,Synthetic customer 1430,Salaried,Mumbai,103000.0,66867.94,182912.39,18291239,3500.0,89243.08,1300.0,UPI,organic_distress,5
SYN-11430,Synthetic customer 1431,Salaried,Bengaluru,96000.0,57176.59,188076.54,18807654,4000.0,114019.84,5300.0,UPI,healthy,1
SYN-11431,Synthetic customer 1432,Salaried,Jaipur,83000.0,40944.15,80783.76,8078376,0.0,62516.63,2000.0,UPI,mule,5
SYN-11432,Synthetic customer 1433,Salaried,Delhi,56000.0,22550.66,42024.89,4202489,3000.0,58889.42,4600.0,UPI,healthy,28
SYN-11433,Synthetic customer 1434,Salaried,Mumbai,123000.0,69254.24,46720.33,4672033,0.0,124661.25,4500.0,UPI,healthy,1
SYN-11434,Synthetic customer 1435,Salaried,Bengaluru,33000.0,11631.03,50606.64,5060664,4500.0,32711.6,4300.0,UPI,healthy,1
SYN-11435,Synthetic customer 1436,Salaried,Jaipur,32000.0,18680.12,39645.39,3964539,0.0,20802.82,3200.0,UPI,scam_shock,1
SYN-11436,Synthetic customer 1437,Salaried,Delhi,93000.0,36214.26,83970.2,8397020,1000.0,109100.85,3000.0,UPI,healthy,1
SYN-11437,Synthetic customer 1438,Salaried,Mumbai,83000.0,45108.15,66672.77,6667277,4000.0,59846.66,2700.0,UPI,healthy,5
SYN-11438,Synthetic customer 1439,Salaried,Bengaluru,55000.0,22256.03,18830.73,1883073,1500.0,45221.74,5100.0,UPI,healthy,5
SYN-11439,Synthetic customer 1440,Salaried,Jaipur,114000.0,65477.33,201771.63,20177163,1500.0,61212.89,4000.0,UPI,healthy,1
SYN-11440,Synthetic customer 1441,Salaried,Delhi,29000.0,13953.21,20030.34,2003034,2000.0,26235.62,2000.0,UPI,healthy,1
SYN-11441,Synthetic customer 1442,Salaried,Mumbai,63000.0,32159.91,26178.09,2617809,2500.0,30273.69,6000.0,UPI,healthy,1
SYN-11442,Synthetic customer 1443,Salaried,Bengaluru,65000.0,30986.02,31732.08,3173208,2500.0,58603.76,1500.0,UPI,healthy,1
SYN-11443,Synthetic customer 1444,Salaried,Jaipur,66000.0,24503.88,23071.48,2307148,0.0,39831.31,3400.0,UPI,healthy,28
SYN-11444,Synthetic customer 1445,Salaried,Delhi,93000.0,36707.27,81622.68,8162268,3500.0,99788.88,4200.0,UPI,mild_distress,5
SYN-11445,Synthetic customer 1446,Salaried,Mumbai,115000.0,67545.95,155117.07,15511707,2500.0,91713.99,1100.0,UPI,healthy,1
SYN-11446,Synthetic customer 1447,Salaried,Bengaluru,126000.0,79521.51,209986.05,20998605,2000.0,148240.28,1000.0,UPI,healthy,1
SYN-11447,Synthetic customer 1448,Salaried,Jaipur,77000.0,41334.82,39324.5,3932450,1500.0,59171.4,4200.0,UPI,mule,1
SYN-11448,Synthetic customer 1449,Salaried,Delhi,48000.0,17064.92,64604.58,6460458,1000.0,41870.66,1000.0,UPI,healthy,1
SYN-11449,Synthetic customer 1450,Salaried,Mumbai,100000.0,53117.24,99624.42,9962442,5000.0,115087.08,4400.0,UPI,organic_distress,5
SYN-11450,Synthetic customer 1451,Salaried,Bengaluru,114000.0,45955.11,222854.03,22285403,1000.0,83484.69,2200.0,UPI,scam_shock,1
SYN-11451,Synthetic customer 1452,Salaried,Jaipur,63000.0,22734.76,38994.61,3899461,3500.0,56411.55,6000.0,UPI,scam_shock,1
SYN-11452,Synthetic customer 1453,Salaried,Delhi,58000.0,28533.47,53270.04,5327004,3500.0,28980.62,4100.0,UPI,healthy,1
SYN-11453,Synthetic customer 1454,Salaried,Mumbai,81000.0,50585.41,149766.66,14976666,5000.0,75225.09,3400.0,UPI,organic_distress,1
SYN-11454,Synthetic customer 1455,Salaried,Bengaluru,74000.0,47673.68,23501.28,2350128,2000.0,44932.85,1200.0,UPI,healthy,1
SYN-11455,Synthetic customer 1456,Salaried,Jaipur,92000.0,53850.23,107299.65,10729965,3500.0,43046.77,3900.0,UPI,organic_distress,1
SYN-11456,Synthetic customer 1457,Salaried,Delhi,76000.0,46328.84,51388.53,5138853,3500.0,71215.93,5300.0,UPI,healthy,28
SYN-11457,Synthetic customer 1458,Salaried,Mumbai,40000.0,21475.53,60451.66,6045166,2000.0,18817.01,2000.0,UPI,healthy,1
SYN-11458,Synthetic customer 1459,Salaried,Bengaluru,59000.0,21808.59,48467.48,4846748,3000.0,43163.48,1400.0,UPI,mild_distress,1
SYN-11459,Synthetic customer 1460,Salaried,Jaipur,33000.0,13436.61,54490.9,5449090,1000.0,41365.9,6000.0,UPI,healthy,1
SYN-11460,Synthetic customer 1461,Salaried,Delhi,32000.0,17383.27,59599.15,5959915,4500.0,41271.89,5500.0,UPI,healthy,1
SYN-11461,Synthetic customer 1462,Salaried,Mumbai,34000.0,21767.26,65709.12,6570912,1000.0,34564.1,2800.0,UPI,mild_distress,1
SYN-11462,Synthetic customer 1463,Salaried,Bengaluru,42000.0,15780.26,79927.07,7992707,1500.0,46754.44,5000.0,UPI,organic_distress,5
SYN-11463,Synthetic customer 1464,Salaried,Jaipur,114000.0,39995.37,23928.85,2392885,500.0,133419.13,2300.0,UPI,healthy,1
SYN-11464,Synthetic customer 1465,Salaried,Delhi,108000.0,62128.59,200642.83,20064283,0.0,49814.48,2400.0,UPI,scam_shock,5
SYN-11465,Synthetic customer 1466,Salaried,Mumbai,87000.0,40997.93,109504.63,10950463,1500.0,48530.76,3100.0,UPI,healthy,1
SYN-11466,Synthetic customer 1467,Salaried,Bengaluru,128000.0,52665.16,69782.7,6978270,5000.0,124381.95,1100.0,UPI,healthy,1
SYN-11467,Synthetic customer 1468,Salaried,Jaipur,43000.0,24082.23,66826.55,6682655,1500.0,48873.32,3200.0,UPI,healthy,1
SYN-11468,Synthetic customer 1469,Salaried,Delhi,92000.0,38983.07,156061.77,15606177,0.0,72247.53,1200.0,UPI,healthy,1
SYN-11469,Synthetic customer 1470,Salaried,Mumbai,64000.0,28434.1,31314.15,3131415,2000.0,60533.62,2200.0,UPI,scam_shock,1
SYN-11470,Synthetic customer 1471,Salaried,Bengaluru,80000.0,34969.11,41305.0,4130500,4000.0,88661.35,4800.0,UPI,healthy,1
SYN-11471,Synthetic customer 1472,Salaried,Jaipur,58000.0,24035.37,15647.63,1564763,1500.0,24196.22,3600.0,UPI,healthy,1
SYN-11472,Synthetic customer 1473,Salaried,Delhi,83000.0,35629.07,57992.58,5799258,3000.0,67372.42,3900.0,UPI,scam_shock,1
SYN-11473,Synthetic customer 1474,Salaried,Mumbai,40000.0,23682.82,45297.99,4529799,1000.0,27365.6,4300.0,UPI,healthy,1
SYN-11474,Synthetic customer 1475,Salaried,Bengaluru,69000.0,43422.79,123900.87,12390087,3500.0,81448.71,2000.0,UPI,healthy,1
SYN-11475,Synthetic customer 1476,Salaried,Jaipur,99000.0,56495.03,135921.98,13592198,2000.0,78967.75,1400.0,UPI,scam_shock,1
SYN-11476,Synthetic customer 1477,Salaried,Delhi,27000.0,17165.46,48413.89,4841389,3500.0,27386.37,2800.0,UPI,healthy,1
SYN-11477,Synthetic customer 1478,Salaried,Mumbai,122000.0,75185.76,82037.12,8203712,4500.0,113929.94,5900.0,UPI,healthy,1
SYN-11478,Synthetic customer 1479,Salaried,Bengaluru,44000.0,17955.36,11008.09,1100809,0.0,19135.5,1400.0,UPI,ambiguous,28
SYN-11479,Synthetic customer 1480,Salaried,Jaipur,35000.0,20614.24,15181.17,1518117,0.0,39710.56,4700.0,UPI,mild_distress,1
SYN-11480,Synthetic customer 1481,Salaried,Delhi,59000.0,22524.87,79935.19,7993519,1500.0,24457.64,2100.0,UPI,healthy,28
SYN-11481,Synthetic customer 1482,Salaried,Mumbai,99000.0,49722.11,173084.57,17308457,3000.0,73929.96,4200.0,UPI,healthy,1
SYN-11482,Synthetic customer 1483,Salaried,Bengaluru,104000.0,47897.0,201275.1,20127510,4500.0,48057.33,1200.0,UPI,scam_shock,1
SYN-11483,Synthetic customer 1484,Salaried,Jaipur,57000.0,36115.59,18169.67,1816967,500.0,43523.46,1400.0,UPI,healthy,1
SYN-11484,Synthetic customer 1485,Salaried,Delhi,127000.0,50798.78,30897.37,3089737,2000.0,72593.81,1100.0,UPI,healthy,1
SYN-11485,Synthetic customer 1486,Salaried,Mumbai,102000.0,63589.0,148183.46,14818346,3000.0,78810.79,1000.0,UPI,organic_distress,1
SYN-11486,Synthetic customer 1487,Salaried,Bengaluru,70000.0,26685.4,29012.93,2901293,1000.0,89147.93,4700.0,UPI,healthy,1
SYN-11487,Synthetic customer 1488,Salaried,Jaipur,39000.0,21350.28,45812.77,4581277,500.0,19839.54,2500.0,UPI,healthy,1
SYN-11488,Synthetic customer 1489,Salaried,Delhi,130000.0,47770.47,119125.13,11912513,0.0,72842.99,1600.0,UPI,healthy,1
SYN-11489,Synthetic customer 1490,Salaried,Mumbai,91000.0,41040.2,163766.59,16376659,3500.0,57032.23,5100.0,UPI,mild_distress,1
SYN-11490,Synthetic customer 1491,Salaried,Bengaluru,123000.0,62376.9,91744.26,9174426,1500.0,62435.15,2100.0,UPI,mule,5
SYN-11491,Synthetic customer 1492,Salaried,Jaipur,100000.0,52574.7,21230.63,2123063,2500.0,49082.49,2700.0,UPI,healthy,5
SYN-11492,Synthetic customer 1493,Salaried,Delhi,52000.0,25976.13,46277.84,4627784,5000.0,36920.64,4800.0,UPI,healthy,1
SYN-11493,Synthetic customer 1494,Salaried,Mumbai,82000.0,43828.47,40935.57,4093557,2500.0,105920.36,3700.0,UPI,healthy,1
SYN-11494,Synthetic customer 1495,Salaried,Bengaluru,48000.0,25441.58,19997.27,1999727,1000.0,43660.92,1400.0,UPI,healthy,1
SYN-11495,Synthetic customer 1496,Salaried,Jaipur,52000.0,28436.59,100245.59,10024559,2000.0,47113.44,1300.0,UPI,healthy,28
SYN-11496,Synthetic customer 1497,Salaried,Delhi,114000.0,51579.43,157079.07,15707907,1500.0,71263.91,4200.0,UPI,healthy,1
SYN-11497,Synthetic customer 1498,Salaried,Mumbai,36000.0,22904.37,65461.03,6546103,1000.0,18130.44,1700.0,UPI,mule,28
SYN-11498,Synthetic customer 1499,Salaried,Bengaluru,73000.0,39173.0,119301.41,11930141,500.0,70215.37,1600.0,UPI,healthy,1
SYN-11499,Synthetic customer 1500,Salaried,Jaipur,44000.0,24632.08,79089.46,7908946,5000.0,40135.09,1900.0,UPI,healthy,5
SYN-11500,Synthetic customer 1501,Salaried,Delhi,80000.0,45920.99,135318.24,13531824,500.0,102643.86,5000.0,UPI,healthy,28
SYN-11501,Synthetic customer 1502,Salaried,Mumbai,121000.0,45128.48,71497.83,7149783,500.0,130394.65,1800.0,UPI,healthy,28
SYN-11502,Synthetic customer 1503,Salaried,Bengaluru,51000.0,26146.75,61327.33,6132733,1500.0,33205.2,1500.0,UPI,mild_distress,1
SYN-11503,Synthetic customer 1504,Salaried,Jaipur,100000.0,50989.14,174720.02,17472002,500.0,74334.31,4300.0,UPI,healthy,5
SYN-11504,Synthetic customer 1505,Salaried,Delhi,87000.0,34743.91,50913.08,5091308,4500.0,102902.01,3700.0,UPI,ambiguous,1
SYN-11505,Synthetic customer 1506,Salaried,Mumbai,119000.0,63742.99,57065.26,5706526,4000.0,72554.2,5000.0,UPI,healthy,28
SYN-11506,Synthetic customer 1507,Salaried,Bengaluru,28000.0,14730.1,31613.99,3161399,4000.0,27202.3,5400.0,UPI,healthy,1
SYN-11507,Synthetic customer 1508,Salaried,Jaipur,84000.0,41680.6,33038.36,3303836,3000.0,103899.56,1200.0,UPI,healthy,1
SYN-11508,Synthetic customer 1509,Salaried,Delhi,92000.0,40189.12,116490.13,11649013,1500.0,100273.93,3700.0,UPI,mild_distress,1
SYN-11509,Synthetic customer 1510,Salaried,Mumbai,46000.0,17235.76,77615.22,7761522,5000.0,55426.31,1500.0,UPI,healthy,28
SYN-11510,Synthetic customer 1511,Salaried,Bengaluru,54000.0,27712.43,69714.17,6971417,1500.0,22992.52,2700.0,UPI,healthy,1
SYN-11511,Synthetic customer 1512,Salaried,Jaipur,88000.0,52623.49,32952.21,3295221,4500.0,42355.73,3300.0,UPI,healthy,1
SYN-11512,Synthetic customer 1513,Salaried,Delhi,28000.0,13678.68,24735.68,2473568,3500.0,15215.44,5400.0,UPI,healthy,5
SYN-11513,Synthetic customer 1514,Salaried,Mumbai,54000.0,22335.75,41858.96,4185896,3000.0,54710.54,1100.0,UPI,scam_shock,5
SYN-11514,Synthetic customer 1515,Salaried,Bengaluru,90000.0,55224.42,104702.73,10470273,2500.0,75810.58,5200.0,UPI,healthy,1
SYN-11515,Synthetic customer 1516,Salaried,Jaipur,47000.0,17777.98,32805.47,3280547,1500.0,44860.18,3400.0,UPI,healthy,1
SYN-11516,Synthetic customer 1517,Salaried,Delhi,80000.0,34155.38,63808.16,6380816,1500.0,101486.55,5900.0,UPI,healthy,5
SYN-11517,Synthetic customer 1518,Salaried,Mumbai,120000.0,62819.26,202057.73,20205773,5000.0,86484.72,1100.0,UPI,scam_shock,28
SYN-11518,Synthetic customer 1519,Salaried,Bengaluru,55000.0,27277.14,11754.34,1175434,1000.0,66589.09,2200.0,UPI,scam_shock,1
SYN-11519,Synthetic customer 1520,Salaried,Jaipur,57000.0,21185.18,103564.31,10356431,2500.0,25005.76,5400.0,UPI,ambiguous,1
SYN-11520,Synthetic customer 1521,Salaried,Delhi,109000.0,66023.15,152939.51,15293951,1000.0,112677.82,5700.0,UPI,healthy,1
SYN-11521,Synthetic customer 1522,Salaried,Mumbai,74000.0,35680.09,75627.48,7562748,0.0,95297.17,5100.0,UPI,healthy,1
SYN-11522,Synthetic customer 1523,Salaried,Bengaluru,115000.0,48200.21,112456.39,11245639,1000.0,87507.38,1100.0,UPI,healthy,28
SYN-11523,Synthetic customer 1524,Salaried,Jaipur,64000.0,26048.47,23133.23,2313323,4500.0,79899.67,3900.0,UPI,healthy,1
SYN-11524,Synthetic customer 1525,Salaried,Delhi,48000.0,29536.65,80732.82,8073282,500.0,23931.91,2000.0,UPI,healthy,1
SYN-11525,Synthetic customer 1526,Salaried,Mumbai,62000.0,29097.17,90055.61,9005561,1000.0,60549.22,2700.0,UPI,healthy,5
SYN-11526,Synthetic customer 1527,Salaried,Bengaluru,55000.0,34694.06,42883.31,4288331,3500.0,23610.66,3800.0,UPI,healthy,1
SYN-11527,Synthetic customer 1528,Salaried,Jaipur,85000.0,44305.19,134364.1,13436410,2000.0,93986.65,1000.0,UPI,scam_shock,5
SYN-11528,Synthetic customer 1529,Salaried,Delhi,92000.0,43414.57,59862.1,5986210,4000.0,55652.23,2900.0,UPI,organic_distress,28
SYN-11529,Synthetic customer 1530,Salaried,Mumbai,27000.0,14098.25,43525.12,4352512,500.0,18267.33,1500.0,UPI,healthy,28
SYN-11530,Synthetic customer 1531,Salaried,Bengaluru,121000.0,77566.93,200911.48,20091148,4000.0,111341.76,2200.0,UPI,organic_distress,28
SYN-11531,Synthetic customer 1532,Salaried,Jaipur,110000.0,49548.72,103204.3,10320430,1000.0,81870.28,4500.0,UPI,healthy,1
SYN-11532,Synthetic customer 1533,Salaried,Delhi,67000.0,40977.96,67428.8,6742880,4500.0,42536.16,2900.0,UPI,ambiguous,1
SYN-11533,Synthetic customer 1534,Salaried,Mumbai,66000.0,28919.52,77563.49,7756349,4000.0,82148.49,5600.0,UPI,healthy,5
SYN-11534,Synthetic customer 1535,Salaried,Bengaluru,59000.0,31638.42,46757.31,4675731,5000.0,66261.88,3200.0,UPI,healthy,1
SYN-11535,Synthetic customer 1536,Salaried,Jaipur,99000.0,62736.68,191965.03,19196503,4000.0,107507.05,1300.0,UPI,healthy,28
SYN-11536,Synthetic customer 1537,Salaried,Delhi,25000.0,14669.66,5904.12,590412,3000.0,23132.6,3800.0,UPI,ambiguous,5
SYN-11537,Synthetic customer 1538,Salaried,Mumbai,84000.0,40163.28,88910.86,8891086,5000.0,53187.81,2700.0,UPI,scam_shock,1
SYN-11538,Synthetic customer 1539,Salaried,Bengaluru,118000.0,60326.08,28984.12,2898412,3500.0,134032.13,2200.0,UPI,healthy,28
SYN-11539,Synthetic customer 1540,Salaried,Jaipur,93000.0,40623.71,150185.47,15018547,2500.0,110938.44,3500.0,UPI,mild_distress,1
SYN-11540,Synthetic customer 1541,Salaried,Delhi,68000.0,39975.13,122263.63,12226363,3000.0,53103.89,4400.0,UPI,healthy,1
SYN-11541,Synthetic customer 1542,Salaried,Mumbai,106000.0,62573.86,125886.38,12588638,5000.0,103716.69,2600.0,UPI,mild_distress,1
SYN-11542,Synthetic customer 1543,Salaried,Bengaluru,110000.0,44937.5,212713.82,21271382,2500.0,91472.5,3300.0,UPI,healthy,1
SYN-11543,Synthetic customer 1544,Salaried,Jaipur,73000.0,32892.53,75665.06,7566506,3500.0,81881.39,2200.0,UPI,ambiguous,5
SYN-11544,Synthetic customer 1545,Salaried,Delhi,122000.0,64194.32,109999.43,10999943,5000.0,100705.68,4800.0,UPI,healthy,28
SYN-11545,Synthetic customer 1546,Salaried,Mumbai,87000.0,32274.77,105733.56,10573356,4500.0,84654.51,5200.0,UPI,organic_distress,1
SYN-11546,Synthetic customer 1547,Salaried,Bengaluru,130000.0,52899.19,74736.1,7473610,500.0,129636.7,4900.0,UPI,scam_shock,1
SYN-11547,Synthetic customer 1548,Salaried,Jaipur,111000.0,41754.14,215459.3,21545930,2000.0,52787.23,4600.0,UPI,mild_distress,28
SYN-11548,Synthetic customer 1549,Salaried,Delhi,79000.0,42964.44,69725.26,6972526,500.0,88088.3,1400.0,UPI,scam_shock,1
SYN-11549,Synthetic customer 1550,Salaried,Mumbai,115000.0,51979.31,219732.12,21973212,2500.0,136661.92,2800.0,UPI,scam_shock,28
SYN-11550,Synthetic customer 1551,Salaried,Bengaluru,77000.0,29867.47,81584.15,8158415,3000.0,47294.1,3000.0,UPI,healthy,5
SYN-11551,Synthetic customer 1552,Salaried,Jaipur,28000.0,17396.73,13412.32,1341232,4000.0,23782.7,1700.0,UPI,mule,1
SYN-11552,Synthetic customer 1553,Salaried,Delhi,121000.0,63082.19,167975.72,16797572,3500.0,108127.95,2000.0,UPI,healthy,1
SYN-11553,Synthetic customer 1554,Salaried,Mumbai,65000.0,24285.44,86816.9,8681690,4000.0,76964.39,3700.0,UPI,scam_shock,5
SYN-11554,Synthetic customer 1555,Salaried,Bengaluru,73000.0,41668.95,78542.06,7854206,5000.0,79031.27,3900.0,UPI,mild_distress,28
SYN-11555,Synthetic customer 1556,Salaried,Jaipur,95000.0,45507.27,56446.76,5644676,3500.0,42677.91,4100.0,UPI,organic_distress,5
SYN-11556,Synthetic customer 1557,Salaried,Delhi,90000.0,39159.68,58781.6,5878160,2500.0,87866.86,4600.0,UPI,healthy,1
SYN-11557,Synthetic customer 1558,Salaried,Mumbai,44000.0,20647.3,29416.71,2941671,1000.0,22483.26,5500.0,UPI,healthy,28
SYN-11558,Synthetic customer 1559,Salaried,Bengaluru,82000.0,33458.54,53497.12,5349712,2000.0,102736.72,4100.0,UPI,mild_distress,1
SYN-11559,Synthetic customer 1560,Salaried,Jaipur,116000.0,73125.46,119673.66,11967366,5000.0,49860.25,5100.0,UPI,healthy,1
SYN-11560,Synthetic customer 1561,Salaried,Delhi,104000.0,38041.55,116755.97,11675597,4500.0,121652.43,4900.0,UPI,healthy,1
SYN-11561,Synthetic customer 1562,Salaried,Mumbai,119000.0,54148.74,104986.92,10498692,500.0,132573.21,3100.0,UPI,healthy,1
SYN-11562,Synthetic customer 1563,Salaried,Bengaluru,94000.0,57456.05,129285.24,12928524,4000.0,49994.02,2300.0,UPI,healthy,5
SYN-11563,Synthetic customer 1564,Salaried,Jaipur,107000.0,37860.52,66792.28,6679228,4000.0,62086.6,2700.0,UPI,healthy,1
SYN-11564,Synthetic customer 1565,Salaried,Delhi,82000.0,53189.48,99157.29,9915729,2000.0,84556.5,5700.0,UPI,organic_distress,1
SYN-11565,Synthetic customer 1566,Salaried,Mumbai,39000.0,24479.07,31868.99,3186899,3500.0,23612.62,2100.0,UPI,scam_shock,1
SYN-11566,Synthetic customer 1567,Salaried,Bengaluru,51000.0,25899.77,67543.84,6754384,4000.0,47111.2,4500.0,UPI,organic_distress,1
SYN-11567,Synthetic customer 1568,Salaried,Jaipur,38000.0,19946.76,13583.87,1358387,4500.0,23743.58,2300.0,UPI,healthy,1
SYN-11568,Synthetic customer 1569,Salaried,Delhi,85000.0,54726.47,22130.63,2213063,0.0,80003.5,2600.0,UPI,scam_shock,1
SYN-11569,Synthetic customer 1570,Salaried,Mumbai,129000.0,74094.86,81850.71,8185071,5000.0,84790.77,1700.0,UPI,healthy,1
SYN-11570,Synthetic customer 1571,Salaried,Bengaluru,90000.0,58208.06,86632.3,8663230,2500.0,109731.82,3300.0,UPI,healthy,1
SYN-11571,Synthetic customer 1572,Salaried,Jaipur,69000.0,36709.11,14868.06,1486806,0.0,70191.25,3800.0,UPI,organic_distress,5
SYN-11572,Synthetic customer 1573,Salaried,Delhi,53000.0,22292.55,37582.36,3758236,3000.0,32766.63,4800.0,UPI,healthy,1
SYN-11573,Synthetic customer 1574,Salaried,Mumbai,122000.0,49116.68,162849.43,16284943,1500.0,56248.7,2600.0,UPI,healthy,1
SYN-11574,Synthetic customer 1575,Salaried,Bengaluru,87000.0,44860.68,171481.6,17148160,4000.0,86943.87,4600.0,UPI,healthy,1
SYN-11575,Synthetic customer 1576,Salaried,Jaipur,33000.0,20393.51,56975.46,5697546,3500.0,16852.15,2900.0,UPI,mild_distress,28
SYN-11576,Synthetic customer 1577,Salaried,Delhi,90000.0,42724.82,52197.92,5219792,2000.0,42622.53,4500.0,UPI,healthy,1
SYN-11577,Synthetic customer 1578,Salaried,Mumbai,69000.0,43198.86,51348.4,5134840,3000.0,78085.15,3200.0,UPI,healthy,5
SYN-11578,Synthetic customer 1579,Salaried,Bengaluru,112000.0,65754.18,133672.53,13367253,4000.0,58337.26,3800.0,UPI,mild_distress,1
SYN-11579,Synthetic customer 1580,Salaried,Jaipur,43000.0,23446.58,50712.78,5071278,1000.0,30841.16,4500.0,UPI,organic_distress,1
SYN-11580,Synthetic customer 1581,Salaried,Delhi,104000.0,44487.64,142148.89,14214889,1500.0,131758.43,4900.0,UPI,organic_distress,1
SYN-11581,Synthetic customer 1582,Salaried,Mumbai,71000.0,27143.55,74380.93,7438093,500.0,48722.63,3500.0,UPI,healthy,5
SYN-11582,Synthetic customer 1583,Salaried,Bengaluru,62000.0,28350.24,111970.84,11197084,3500.0,44265.88,5200.0,UPI,healthy,28
SYN-11583,Synthetic customer 1584,Salaried,Jaipur,40000.0,21081.8,66749.58,6674958,1000.0,39065.06,2000.0,UPI,ambiguous,28
SYN-11584,Synthetic customer 1585,Salaried,Delhi,118000.0,71287.55,165747.18,16574718,1500.0,67536.61,4700.0,UPI,scam_shock,28
SYN-11585,Synthetic customer 1586,Salaried,Mumbai,103000.0,40394.45,64655.2,6465520,1500.0,107710.52,4300.0,UPI,healthy,1
SYN-11586,Synthetic customer 1587,Salaried,Bengaluru,107000.0,53286.48,170330.9,17033090,4500.0,108567.86,1700.0,UPI,scam_shock,5
SYN-11587,Synthetic customer 1588,Salaried,Jaipur,120000.0,68033.23,146549.86,14654986,5000.0,97905.86,3500.0,UPI,mule,1
SYN-11588,Synthetic customer 1589,Salaried,Delhi,49000.0,19468.31,92086.53,9208653,500.0,24819.25,4100.0,UPI,healthy,1
SYN-11589,Synthetic customer 1590,Salaried,Mumbai,59000.0,28853.64,21206.58,2120658,5000.0,71605.91,4400.0,UPI,healthy,1
SYN-11590,Synthetic customer 1591,Salaried,Bengaluru,91000.0,41293.8,167369.48,16736948,1000.0,49803.27,4800.0,UPI,organic_distress,5
SYN-11591,Synthetic customer 1592,Salaried,Jaipur,84000.0,40789.02,106126.58,10612658,4500.0,51494.6,1900.0,UPI,healthy,5
SYN-11592,Synthetic customer 1593,Salaried,Delhi,122000.0,44222.77,183798.87,18379887,500.0,125177.2,3700.0,UPI,healthy,1
SYN-11593,Synthetic customer 1594,Salaried,Mumbai,90000.0,52202.06,139214.93,13921493,2500.0,59032.54,3000.0,UPI,organic_distress,5
SYN-11594,Synthetic customer 1595,Salaried,Bengaluru,30000.0,14230.04,9322.44,932244,5000.0,36631.22,4500.0,UPI,healthy,5
SYN-11595,Synthetic customer 1596,Salaried,Jaipur,67000.0,38409.88,117140.9,11714090,500.0,51292.05,5700.0,UPI,organic_distress,1
SYN-11596,Synthetic customer 1597,Salaried,Delhi,50000.0,21084.2,85430.65,8543065,5000.0,61707.82,1200.0,UPI,organic_distress,1
SYN-11597,Synthetic customer 1598,Salaried,Mumbai,44000.0,20925.17,45833.42,4583342,1000.0,25099.69,3100.0,UPI,organic_distress,1
SYN-11598,Synthetic customer 1599,Salaried,Bengaluru,54000.0,33122.56,34844.47,3484447,3500.0,43231.77,5400.0,UPI,mild_distress,1
SYN-11599,Synthetic customer 1600,Salaried,Jaipur,52000.0,30994.04,77405.89,7740589,3000.0,63820.39,3200.0,UPI,organic_distress,1
SYN-11600,Synthetic customer 1601,Salaried,Delhi,59000.0,33667.12,108516.69,10851669,3500.0,58899.15,2000.0,UPI,mule,1
SYN-11601,Synthetic customer 1602,Salaried,Mumbai,109000.0,55162.34,87185.68,8718568,1000.0,126541.57,1700.0,UPI,healthy,1
SYN-11602,Synthetic customer 1603,Salaried,Bengaluru,52000.0,29268.95,71775.59,7177559,3000.0,37134.28,3900.0,UPI,healthy,1
SYN-11603,Synthetic customer 1604,Salaried,Jaipur,70000.0,40125.0,39857.86,3985786,4500.0,68319.14,5600.0,UPI,healthy,28
SYN-11604,Synthetic customer 1605,Salaried,Delhi,91000.0,33828.99,30310.27,3031027,4000.0,96376.21,1400.0,UPI,healthy,1
SYN-11605,Synthetic customer 1606,Salaried,Mumbai,72000.0,46125.12,124422.19,12442219,5000.0,69059.97,3000.0,UPI,organic_distress,1
SYN-11606,Synthetic customer 1607,Salaried,Bengaluru,36000.0,22753.98,20580.49,2058049,4500.0,38902.68,2900.0,UPI,healthy,28
SYN-11607,Synthetic customer 1608,Salaried,Jaipur,110000.0,43981.91,60654.8,6065480,4000.0,139887.23,3300.0,UPI,healthy,5
SYN-11608,Synthetic customer 1609,Salaried,Delhi,116000.0,47049.04,200631.45,20063145,4500.0,104617.84,4700.0,UPI,healthy,1
SYN-11609,Synthetic customer 1610,Salaried,Mumbai,116000.0,71919.15,92254.89,9225489,4000.0,93402.37,1800.0,UPI,healthy,28
SYN-11610,Synthetic customer 1611,Salaried,Bengaluru,46000.0,17993.84,75733.38,7573338,2000.0,44065.61,5400.0,UPI,healthy,1
SYN-11611,Synthetic customer 1612,Salaried,Jaipur,49000.0,18182.25,12985.62,1298562,4500.0,54610.72,3100.0,UPI,healthy,28
SYN-11612,Synthetic customer 1613,Salaried,Delhi,119000.0,64812.85,213810.41,21381041,0.0,141243.74,3100.0,UPI,scam_shock,1
SYN-11613,Synthetic customer 1614,Salaried,Mumbai,112000.0,55995.02,125873.44,12587344,2500.0,96935.93,2700.0,UPI,healthy,1
SYN-11614,Synthetic customer 1615,Salaried,Bengaluru,88000.0,56837.42,130883.76,13088376,2500.0,41585.71,1600.0,UPI,healthy,1
SYN-11615,Synthetic customer 1616,Salaried,Jaipur,47000.0,24183.11,25400.71,2540071,0.0,33167.76,1900.0,UPI,healthy,1
SYN-11616,Synthetic customer 1617,Salaried,Delhi,63000.0,32998.42,91304.43,9130443,4000.0,32869.45,3000.0,UPI,healthy,28
SYN-11617,Synthetic customer 1618,Salaried,Mumbai,84000.0,49365.53,81251.88,8125188,1500.0,46617.78,4600.0,UPI,mule,1
SYN-11618,Synthetic customer 1619,Salaried,Bengaluru,109000.0,40450.09,48252.36,4825236,2000.0,110191.78,1400.0,UPI,healthy,5
SYN-11619,Synthetic customer 1620,Salaried,Jaipur,128000.0,74323.96,152092.16,15209216,2500.0,52710.16,5800.0,UPI,healthy,5
SYN-11620,Synthetic customer 1621,Salaried,Delhi,109000.0,45163.64,213449.76,21344976,4500.0,46953.16,1700.0,UPI,healthy,1
SYN-11621,Synthetic customer 1622,Salaried,Mumbai,52000.0,20745.86,11876.94,1187694,2000.0,25038.32,5000.0,UPI,scam_shock,1
SYN-11622,Synthetic customer 1623,Salaried,Bengaluru,102000.0,46001.58,33041.62,3304162,4000.0,101246.76,1400.0,UPI,healthy,5
SYN-11623,Synthetic customer 1624,Salaried,Jaipur,79000.0,39598.14,122288.34,12228834,4500.0,40857.87,4900.0,UPI,healthy,5
SYN-11624,Synthetic customer 1625,Salaried,Delhi,112000.0,60208.54,177918.48,17791848,3000.0,114381.99,5700.0,UPI,scam_shock,1
SYN-11625,Synthetic customer 1626,Salaried,Mumbai,111000.0,72098.36,190383.57,19038357,2000.0,78064.88,5400.0,UPI,organic_distress,1
SYN-11626,Synthetic customer 1627,Salaried,Bengaluru,53000.0,24573.42,46114.82,4611482,2500.0,67646.61,1500.0,UPI,scam_shock,5
SYN-11627,Synthetic customer 1628,Salaried,Jaipur,69000.0,28332.26,121063.83,12106383,0.0,46166.36,3300.0,UPI,healthy,1
SYN-11628,Synthetic customer 1629,Salaried,Delhi,109000.0,54250.61,161850.42,16185042,5000.0,108140.95,2100.0,UPI,mild_distress,1
SYN-11629,Synthetic customer 1630,Salaried,Mumbai,55000.0,30592.04,96281.56,9628156,4500.0,24183.84,4400.0,UPI,healthy,1
SYN-11630,Synthetic customer 1631,Salaried,Bengaluru,82000.0,31314.46,144929.5,14492950,500.0,58651.33,2500.0,UPI,ambiguous,28
SYN-11631,Synthetic customer 1632,Salaried,Jaipur,26000.0,12998.44,49542.19,4954219,0.0,29041.02,1300.0,UPI,scam_shock,5
SYN-11632,Synthetic customer 1633,Salaried,Delhi,36000.0,21700.92,37449.01,3744901,4500.0,20098.59,2500.0,UPI,healthy,28
SYN-11633,Synthetic customer 1634,Salaried,Mumbai,68000.0,31691.37,97904.28,9790428,1000.0,58715.06,1000.0,UPI,mule,28
SYN-11634,Synthetic customer 1635,Salaried,Bengaluru,62000.0,37322.36,90515.22,9051522,2500.0,35956.49,2300.0,UPI,healthy,5
SYN-11635,Synthetic customer 1636,Salaried,Jaipur,108000.0,37959.32,30702.22,3070222,0.0,61104.71,5900.0,UPI,scam_shock,28
SYN-11636,Synthetic customer 1637,Salaried,Delhi,32000.0,18421.84,21535.14,2153514,2000.0,16443.45,1200.0,UPI,healthy,1
SYN-11637,Synthetic customer 1638,Salaried,Mumbai,85000.0,46739.25,69173.77,6917377,1000.0,63181.97,1900.0,UPI,organic_distress,1
SYN-11638,Synthetic customer 1639,Salaried,Bengaluru,53000.0,21632.5,100651.85,10065185,4500.0,23994.31,4700.0,UPI,healthy,5
SYN-11639,Synthetic customer 1640,Salaried,Jaipur,70000.0,25626.79,137009.02,13700902,2500.0,57471.35,5300.0,UPI,mule,1
SYN-11640,Synthetic customer 1641,Salaried,Delhi,62000.0,35539.88,12613.72,1261372,2000.0,39356.53,4900.0,UPI,healthy,1
SYN-11641,Synthetic customer 1642,Salaried,Mumbai,115000.0,67011.18,88126.41,8812641,3000.0,85022.82,2400.0,UPI,healthy,5
SYN-11642,Synthetic customer 1643,Salaried,Bengaluru,49000.0,31287.12,93304.39,9330439,500.0,30353.14,4800.0,UPI,healthy,1
SYN-11643,Synthetic customer 1644,Salaried,Jaipur,44000.0,18479.89,37448.08,3744808,0.0,23328.38,4100.0,UPI,mild_distress,5
SYN-11644,Synthetic customer 1645,Salaried,Delhi,93000.0,42072.31,92489.57,9248957,0.0,102056.66,2000.0,UPI,mild_distress,5
SYN-11645,Synthetic customer 1646,Salaried,Mumbai,98000.0,52784.95,75826.97,7582697,500.0,55551.88,5200.0,UPI,healthy,1
SYN-11646,Synthetic customer 1647,Salaried,Bengaluru,27000.0,12148.5,36158.74,3615874,1000.0,14404.25,3100.0,UPI,scam_shock,5
SYN-11647,Synthetic customer 1648,Salaried,Jaipur,123000.0,74212.23,55343.38,5534338,0.0,52735.27,4300.0,UPI,organic_distress,1
SYN-11648,Synthetic customer 1649,Salaried,Delhi,58000.0,31212.25,47922.66,4792266,2000.0,64916.32,2400.0,UPI,healthy,1
SYN-11649,Synthetic customer 1650,Salaried,Mumbai,110000.0,60447.6,168437.16,16843716,3000.0,102951.9,3500.0,UPI,healthy,28
SYN-11650,Synthetic customer 1651,Salaried,Bengaluru,34000.0,14545.06,67347.18,6734718,1000.0,40511.19,1600.0,UPI,healthy,5
SYN-11651,Synthetic customer 1652,Salaried,Jaipur,109000.0,54786.99,152575.94,15257594,4000.0,46834.35,3500.0,UPI,mild_distress,1
SYN-11652,Synthetic customer 1653,Salaried,Delhi,109000.0,55143.11,93497.98,9349798,3500.0,61237.86,1900.0,UPI,healthy,1
SYN-11653,Synthetic customer 1654,Salaried,Mumbai,61000.0,21898.3,93771.05,9377105,2500.0,51392.23,3800.0,UPI,healthy,1
SYN-11654,Synthetic customer 1655,Salaried,Bengaluru,68000.0,42825.44,41103.3,4110330,1500.0,35353.27,1300.0,UPI,healthy,1
SYN-11655,Synthetic customer 1656,Salaried,Jaipur,88000.0,34514.12,167190.26,16719026,0.0,82937.21,2100.0,UPI,organic_distress,1
SYN-11656,Synthetic customer 1657,Salaried,Delhi,87000.0,46643.9,84545.12,8454512,500.0,79865.38,1700.0,UPI,mild_distress,1
SYN-11657,Synthetic customer 1658,Salaried,Mumbai,105000.0,50001.51,165232.34,16523234,3000.0,122238.07,3300.0,UPI,organic_distress,1
SYN-11658,Synthetic customer 1659,Salaried,Bengaluru,97000.0,38985.89,134904.86,13490486,4000.0,50442.72,4300.0,UPI,mild_distress,1
SYN-11659,Synthetic customer 1660,Salaried,Jaipur,72000.0,27373.26,136169.25,13616925,3000.0,63265.82,4700.0,UPI,healthy,1
SYN-11660,Synthetic customer 1661,Salaried,Delhi,129000.0,52336.69,168381.14,16838114,2500.0,157259.71,2400.0,UPI,healthy,1
SYN-11661,Synthetic customer 1662,Salaried,Mumbai,97000.0,48386.56,61911.89,6191189,0.0,88203.57,2600.0,UPI,scam_shock,1
SYN-11662,Synthetic customer 1663,Salaried,Bengaluru,36000.0,23143.31,31687.58,3168758,5000.0,29186.84,3100.0,UPI,scam_shock,1
SYN-11663,Synthetic customer 1664,Salaried,Jaipur,38000.0,19641.79,52968.29,5296829,2500.0,26361.66,1000.0,UPI,healthy,1
SYN-11664,Synthetic customer 1665,Salaried,Delhi,40000.0,19198.04,67444.65,6744465,2500.0,43479.05,4100.0,UPI,healthy,1
SYN-11665,Synthetic customer 1666,Salaried,Mumbai,59000.0,28080.84,96799.42,9679942,500.0,62071.36,5100.0,UPI,healthy,28
SYN-11666,Synthetic customer 1667,Salaried,Bengaluru,125000.0,47008.18,163451.3,16345130,4000.0,98958.45,3500.0,UPI,mild_distress,1
SYN-11667,Synthetic customer 1668,Salaried,Jaipur,99000.0,35741.35,111726.86,11172686,3500.0,44364.12,4000.0,UPI,healthy,5
SYN-11668,Synthetic customer 1669,Salaried,Delhi,87000.0,45118.86,24459.48,2445948,5000.0,104915.91,3000.0,UPI,organic_distress,1
SYN-11669,Synthetic customer 1670,Salaried,Mumbai,74000.0,31467.92,33692.85,3369285,5000.0,30907.6,1600.0,UPI,healthy,1
SYN-11670,Synthetic customer 1671,Salaried,Bengaluru,71000.0,35374.62,130398.89,13039889,5000.0,56200.51,1300.0,UPI,organic_distress,1
SYN-11671,Synthetic customer 1672,Salaried,Jaipur,104000.0,62886.82,31276.17,3127617,5000.0,114843.84,3400.0,UPI,healthy,1
SYN-11672,Synthetic customer 1673,Salaried,Delhi,98000.0,59953.8,133857.72,13385772,2500.0,82191.86,4300.0,UPI,organic_distress,1
SYN-11673,Synthetic customer 1674,Salaried,Mumbai,50000.0,26244.61,47417.02,4741702,1500.0,47565.45,2200.0,UPI,scam_shock,1
SYN-11674,Synthetic customer 1675,Salaried,Bengaluru,67000.0,30539.65,130229.46,13022946,4500.0,64151.07,2400.0,UPI,scam_shock,1
SYN-11675,Synthetic customer 1676,Salaried,Jaipur,25000.0,12041.54,5950.38,595038,3500.0,15602.87,4900.0,UPI,healthy,1
SYN-11676,Synthetic customer 1677,Salaried,Delhi,109000.0,44226.07,187352.1,18735210,3500.0,81933.94,1100.0,UPI,healthy,28
SYN-11677,Synthetic customer 1678,Salaried,Mumbai,93000.0,46611.22,123371.78,12337178,1500.0,118684.95,3600.0,UPI,organic_distress,1
SYN-11678,Synthetic customer 1679,Salaried,Bengaluru,76000.0,26734.09,29169.55,2916955,4000.0,45173.66,3300.0,UPI,healthy,1
SYN-11679,Synthetic customer 1680,Salaried,Jaipur,53000.0,18724.15,102024.98,10202498,2000.0,36453.95,5200.0,UPI,healthy,1
SYN-11680,Synthetic customer 1681,Salaried,Delhi,96000.0,49623.64,119125.01,11912501,3500.0,65710.6,2300.0,UPI,healthy,1
SYN-11681,Synthetic customer 1682,Salaried,Mumbai,50000.0,22033.0,46968.06,4696806,5000.0,49673.9,1700.0,UPI,ambiguous,5
SYN-11682,Synthetic customer 1683,Salaried,Bengaluru,35000.0,16060.47,46259.47,4625947,0.0,29668.75,4100.0,UPI,ambiguous,1
SYN-11683,Synthetic customer 1684,Salaried,Jaipur,124000.0,55410.36,220231.5,22023150,3500.0,110297.79,3600.0,UPI,mule,28
SYN-11684,Synthetic customer 1685,Salaried,Delhi,35000.0,21189.98,26633.97,2663397,4000.0,42173.23,5400.0,UPI,scam_shock,1
SYN-11685,Synthetic customer 1686,Salaried,Mumbai,93000.0,34550.55,28732.41,2873241,1000.0,69575.91,4000.0,UPI,healthy,28
SYN-11686,Synthetic customer 1687,Salaried,Bengaluru,124000.0,45580.23,242845.95,24284595,3000.0,96014.37,5800.0,UPI,healthy,1
SYN-11687,Synthetic customer 1688,Salaried,Jaipur,65000.0,25523.31,38410.39,3841039,0.0,33469.91,3700.0,UPI,healthy,28
SYN-11688,Synthetic customer 1689,Salaried,Delhi,45000.0,28510.22,65389.91,6538991,0.0,55061.97,1200.0,UPI,healthy,1
SYN-11689,Synthetic customer 1690,Salaried,Mumbai,111000.0,56722.02,211117.91,21111791,2500.0,140541.89,2100.0,UPI,healthy,1
SYN-11690,Synthetic customer 1691,Salaried,Bengaluru,32000.0,20100.35,28841.78,2884178,0.0,28715.04,2100.0,UPI,healthy,1
SYN-11691,Synthetic customer 1692,Salaried,Jaipur,41000.0,21406.49,46954.37,4695437,3500.0,29031.63,3900.0,UPI,healthy,1
SYN-11692,Synthetic customer 1693,Salaried,Delhi,81000.0,39442.44,123161.2,12316120,3500.0,94729.72,6000.0,UPI,mild_distress,28
SYN-11693,Synthetic customer 1694,Salaried,Mumbai,94000.0,56775.99,63377.16,6337716,3000.0,112285.76,2400.0,UPI,organic_distress,1
SYN-11694,Synthetic customer 1695,Salaried,Bengaluru,54000.0,28162.22,97202.87,9720287,3500.0,28169.88,4900.0,UPI,healthy,5
SYN-11695,Synthetic customer 1696,Salaried,Jaipur,53000.0,19341.2,85349.32,8534932,500.0,22061.17,2200.0,UPI,healthy,28
SYN-11696,Synthetic customer 1697,Salaried,Delhi,112000.0,69897.17,221614.94,22161494,1500.0,138249.56,3500.0,UPI,healthy,1
SYN-11697,Synthetic customer 1698,Salaried,Mumbai,88000.0,31872.65,160701.63,16070163,4000.0,113416.53,1200.0,UPI,healthy,28
SYN-11698,Synthetic customer 1699,Salaried,Bengaluru,97000.0,44769.81,30730.2,3073020,1000.0,122228.55,5100.0,UPI,healthy,1
SYN-11699,Synthetic customer 1700,Salaried,Jaipur,101000.0,63224.5,132316.92,13231692,4500.0,106345.12,3400.0,UPI,organic_distress,28
SYN-11700,Synthetic customer 1701,Salaried,Delhi,67000.0,25937.68,15167.27,1516727,5000.0,50936.2,2800.0,UPI,healthy,1
SYN-11701,Synthetic customer 1702,Salaried,Mumbai,60000.0,34076.41,26109.61,2610961,4500.0,47534.86,2600.0,UPI,healthy,5
SYN-11702,Synthetic customer 1703,Salaried,Bengaluru,51000.0,18438.03,36483.83,3648383,1000.0,48432.87,4100.0,UPI,organic_distress,1
SYN-11703,Synthetic customer 1704,Salaried,Jaipur,35000.0,12550.16,37904.83,3790483,1500.0,44753.24,1600.0,UPI,healthy,5
SYN-11704,Synthetic customer 1705,Salaried,Delhi,64000.0,27309.6,94951.43,9495143,3000.0,31337.48,2500.0,UPI,scam_shock,1
SYN-11705,Synthetic customer 1706,Salaried,Mumbai,73000.0,44312.95,143141.23,14314123,3000.0,43624.46,2800.0,UPI,healthy,1
SYN-11706,Synthetic customer 1707,Salaried,Bengaluru,99000.0,63507.48,139117.29,13911729,2500.0,61285.77,1000.0,UPI,ambiguous,5
SYN-11707,Synthetic customer 1708,Salaried,Jaipur,27000.0,15002.3,23679.73,2367973,500.0,24609.01,2100.0,UPI,healthy,1
SYN-11708,Synthetic customer 1709,Salaried,Delhi,125000.0,47343.44,171074.34,17107434,3000.0,136767.15,2900.0,UPI,ambiguous,5
SYN-11709,Synthetic customer 1710,Salaried,Mumbai,111000.0,50448.61,187628.65,18762865,2500.0,76026.83,4100.0,UPI,scam_shock,1
SYN-11710,Synthetic customer 1711,Salaried,Bengaluru,41000.0,20723.09,51569.02,5156902,2000.0,40262.53,2500.0,UPI,healthy,28
SYN-11711,Synthetic customer 1712,Salaried,Jaipur,107000.0,62553.63,122562.3,12256230,500.0,72705.29,2500.0,UPI,healthy,28
SYN-11712,Synthetic customer 1713,Salaried,Delhi,75000.0,39844.17,51840.52,5184052,500.0,66765.56,3200.0,UPI,healthy,1
SYN-11713,Synthetic customer 1714,Salaried,Mumbai,54000.0,28422.74,77712.94,7771294,0.0,31304.21,5900.0,UPI,healthy,1
SYN-11714,Synthetic customer 1715,Salaried,Bengaluru,49000.0,25694.95,87983.36,8798336,3500.0,57094.63,2900.0,UPI,healthy,5
SYN-11715,Synthetic customer 1716,Salaried,Jaipur,57000.0,31111.8,64055.52,6405552,4000.0,34576.05,5200.0,UPI,healthy,1
SYN-11716,Synthetic customer 1717,Salaried,Delhi,108000.0,43095.06,66195.47,6619547,4500.0,79590.11,2300.0,UPI,healthy,28
SYN-11717,Synthetic customer 1718,Salaried,Mumbai,37000.0,14989.38,17095.92,1709592,2000.0,46822.2,4600.0,UPI,healthy,1
SYN-11718,Synthetic customer 1719,Salaried,Bengaluru,48000.0,20622.56,69605.05,6960505,500.0,57210.99,2700.0,UPI,organic_distress,28
SYN-11719,Synthetic customer 1720,Salaried,Jaipur,96000.0,53304.92,156799.24,15679924,1500.0,101920.19,1100.0,UPI,organic_distress,1
SYN-11720,Synthetic customer 1721,Salaried,Delhi,111000.0,67414.37,206058.85,20605885,2000.0,121086.37,3900.0,UPI,scam_shock,1
SYN-11721,Synthetic customer 1722,Salaried,Mumbai,38000.0,19751.84,66408.66,6640866,5000.0,31199.94,4100.0,UPI,healthy,1
SYN-11722,Synthetic customer 1723,Salaried,Bengaluru,62000.0,31478.97,111976.76,11197676,500.0,70232.67,1700.0,UPI,mule,1
SYN-11723,Synthetic customer 1724,Salaried,Jaipur,108000.0,42993.6,85101.59,8510159,3000.0,75066.85,3700.0,UPI,healthy,28
SYN-11724,Synthetic customer 1725,Salaried,Delhi,48000.0,29716.68,52967.27,5296727,0.0,20865.76,6000.0,UPI,mule,5
SYN-11725,Synthetic customer 1726,Salaried,Mumbai,106000.0,60810.35,74293.93,7429393,1000.0,80705.57,3200.0,UPI,healthy,1
SYN-11726,Synthetic customer 1727,Salaried,Bengaluru,104000.0,51310.49,201963.0,20196300,1000.0,125886.53,5900.0,UPI,mild_distress,28
SYN-11727,Synthetic customer 1728,Salaried,Jaipur,108000.0,69085.93,173046.59,17304659,0.0,137894.19,5800.0,UPI,scam_shock,28
SYN-11728,Synthetic customer 1729,Salaried,Delhi,39000.0,17798.18,28912.9,2891290,5000.0,30600.26,1500.0,UPI,healthy,1
SYN-11729,Synthetic customer 1730,Salaried,Mumbai,28000.0,16361.15,30212.0,3021200,4000.0,27158.44,2800.0,UPI,ambiguous,1
SYN-11730,Synthetic customer 1731,Salaried,Bengaluru,62000.0,31481.01,54430.99,5443099,3000.0,79385.51,2100.0,UPI,healthy,1
SYN-11731,Synthetic customer 1732,Salaried,Jaipur,32000.0,18769.12,53610.56,5361056,4000.0,14453.26,2600.0,UPI,healthy,28
SYN-11732,Synthetic customer 1733,Salaried,Delhi,61000.0,34930.47,82908.94,8290894,1000.0,65160.59,2700.0,UPI,healthy,1
SYN-11733,Synthetic customer 1734,Salaried,Mumbai,65000.0,31596.73,116599.02,11659902,5000.0,59081.55,5900.0,UPI,healthy,1
SYN-11734,Synthetic customer 1735,Salaried,Bengaluru,68000.0,43008.07,89899.43,8989943,2000.0,68951.59,3800.0,UPI,healthy,28
SYN-11735,Synthetic customer 1736,Salaried,Jaipur,35000.0,18513.21,48344.37,4834437,4000.0,35433.55,3500.0,UPI,healthy,28
SYN-11736,Synthetic customer 1737,Salaried,Delhi,31000.0,11354.73,18759.65,1875965,1500.0,18853.24,1000.0,UPI,healthy,28
SYN-11737,Synthetic customer 1738,Salaried,Mumbai,111000.0,51239.19,173749.83,17374983,0.0,71795.0,4500.0,UPI,mild_distress,5
SYN-11738,Synthetic customer 1739,Salaried,Bengaluru,27000.0,16821.52,52375.28,5237528,3500.0,19498.1,3600.0,UPI,healthy,28
SYN-11739,Synthetic customer 1740,Salaried,Jaipur,53000.0,23448.66,77133.25,7713325,2000.0,39298.45,2400.0,UPI,organic_distress,1
SYN-11740,Synthetic customer 1741,Salaried,Delhi,80000.0,40662.62,121472.58,12147258,1500.0,88590.23,1000.0,UPI,healthy,5
SYN-11741,Synthetic customer 1742,Salaried,Mumbai,110000.0,53608.67,41845.85,4184585,4500.0,61209.22,4600.0,UPI,ambiguous,1
SYN-11742,Synthetic customer 1743,Salaried,Bengaluru,71000.0,37912.08,74962.2,7496220,0.0,89109.29,1300.0,UPI,healthy,5
SYN-11743,Synthetic customer 1744,Salaried,Jaipur,74000.0,46861.05,80494.85,8049485,1500.0,47360.75,4900.0,UPI,healthy,5
SYN-11744,Synthetic customer 1745,Salaried,Delhi,38000.0,22979.37,16271.02,1627102,3500.0,36763.31,1800.0,UPI,healthy,5
SYN-11745,Synthetic customer 1746,Salaried,Mumbai,112000.0,55701.04,169115.29,16911529,1000.0,50061.83,2400.0,UPI,mild_distress,1
SYN-11746,Synthetic customer 1747,Salaried,Bengaluru,45000.0,17609.44,51966.13,5196613,4500.0,49734.65,5200.0,UPI,scam_shock,1
SYN-11747,Synthetic customer 1748,Salaried,Jaipur,109000.0,64636.74,49606.46,4960646,4000.0,48966.34,3200.0,UPI,healthy,1
SYN-11748,Synthetic customer 1749,Salaried,Delhi,78000.0,31940.97,72626.47,7262647,1500.0,79622.54,5900.0,UPI,healthy,28
SYN-11749,Synthetic customer 1750,Salaried,Mumbai,105000.0,64824.34,86726.2,8672620,3500.0,49087.29,1600.0,UPI,healthy,1
SYN-11750,Synthetic customer 1751,Salaried,Bengaluru,121000.0,72563.33,87494.28,8749428,1000.0,128976.68,1200.0,UPI,ambiguous,1
SYN-11751,Synthetic customer 1752,Salaried,Jaipur,62000.0,39127.33,91524.42,9152442,2000.0,54713.96,2600.0,UPI,mild_distress,1
SYN-11752,Synthetic customer 1753,Salaried,Delhi,115000.0,52967.19,196617.25,19661725,500.0,68593.86,4100.0,UPI,healthy,1
SYN-11753,Synthetic customer 1754,Salaried,Mumbai,109000.0,62108.62,31864.08,3186408,0.0,49322.84,1200.0,UPI,healthy,1
SYN-11754,Synthetic customer 1755,Salaried,Bengaluru,66000.0,26687.66,78394.44,7839444,2500.0,46577.44,3300.0,UPI,healthy,1
SYN-11755,Synthetic customer 1756,Salaried,Jaipur,74000.0,38302.31,103353.81,10335381,4000.0,53114.87,3200.0,UPI,healthy,1
SYN-11756,Synthetic customer 1757,Salaried,Delhi,29000.0,12522.13,25047.8,2504780,500.0,13671.24,5700.0,UPI,healthy,28
SYN-11757,Synthetic customer 1758,Salaried,Mumbai,88000.0,39818.56,141539.03,14153903,3000.0,66962.93,4300.0,UPI,healthy,1
SYN-11758,Synthetic customer 1759,Salaried,Bengaluru,120000.0,50758.73,203144.85,20314485,0.0,54923.23,1000.0,UPI,healthy,28
SYN-11759,Synthetic customer 1760,Salaried,Jaipur,110000.0,42365.75,92608.19,9260819,2000.0,131712.43,4700.0,UPI,healthy,1
SYN-11760,Synthetic customer 1761,Salaried,Delhi,60000.0,26944.86,52976.92,5297692,5000.0,28174.74,1100.0,UPI,healthy,5
SYN-11761,Synthetic customer 1762,Salaried,Mumbai,100000.0,39602.35,87409.2,8740920,500.0,124424.46,3500.0,UPI,mild_distress,28
SYN-11762,Synthetic customer 1763,Salaried,Bengaluru,57000.0,21147.86,98697.02,9869702,3500.0,28330.66,3300.0,UPI,organic_distress,28
SYN-11763,Synthetic customer 1764,Salaried,Jaipur,34000.0,12959.13,67520.73,6752073,1500.0,18054.62,2900.0,UPI,healthy,1
SYN-11764,Synthetic customer 1765,Salaried,Delhi,108000.0,44936.58,164085.86,16408586,3000.0,44941.22,5600.0,UPI,healthy,5
SYN-11765,Synthetic customer 1766,Salaried,Mumbai,39000.0,17491.45,22127.83,2212783,500.0,28217.12,1500.0,UPI,organic_distress,28
SYN-11766,Synthetic customer 1767,Salaried,Bengaluru,71000.0,44778.99,20950.22,2095022,3500.0,43476.2,2300.0,UPI,mild_distress,1
SYN-11767,Synthetic customer 1768,Salaried,Jaipur,54000.0,22569.52,70806.9,7080690,1000.0,69792.66,3000.0,UPI,healthy,1
SYN-11768,Synthetic customer 1769,Salaried,Delhi,64000.0,33758.91,70003.39,7000339,500.0,39763.18,3300.0,UPI,organic_distress,5
SYN-11769,Synthetic customer 1770,Salaried,Mumbai,32000.0,14054.39,53767.83,5376783,1000.0,20131.39,3000.0,UPI,healthy,5
SYN-11770,Synthetic customer 1771,Salaried,Bengaluru,104000.0,43441.76,128394.19,12839419,1500.0,73000.83,2400.0,UPI,healthy,28
SYN-11771,Synthetic customer 1772,Salaried,Jaipur,31000.0,19918.64,43752.55,4375255,1500.0,36327.92,1200.0,UPI,healthy,1
SYN-11772,Synthetic customer 1773,Salaried,Delhi,49000.0,28695.3,19759.69,1975969,4500.0,40976.82,1600.0,UPI,healthy,1
SYN-11773,Synthetic customer 1774,Salaried,Mumbai,50000.0,21178.45,12958.68,1295868,3500.0,50313.66,4700.0,UPI,healthy,1
SYN-11774,Synthetic customer 1775,Salaried,Bengaluru,45000.0,20423.35,64222.0,6422200,1000.0,22332.92,5700.0,UPI,healthy,28
SYN-11775,Synthetic customer 1776,Salaried,Jaipur,105000.0,47919.61,43401.73,4340173,500.0,92142.39,2300.0,UPI,organic_distress,28
SYN-11776,Synthetic customer 1777,Salaried,Delhi,111000.0,45929.99,64401.8,6440180,2000.0,114552.59,2700.0,UPI,healthy,28
SYN-11777,Synthetic customer 1778,Salaried,Mumbai,55000.0,22376.03,101992.18,10199218,4500.0,33615.23,2400.0,UPI,healthy,28
SYN-11778,Synthetic customer 1779,Salaried,Bengaluru,126000.0,57567.98,182936.08,18293608,4000.0,61638.0,5900.0,UPI,healthy,1
SYN-11779,Synthetic customer 1780,Salaried,Jaipur,42000.0,19331.51,69029.06,6902906,3500.0,41251.12,5600.0,UPI,healthy,1
SYN-11780,Synthetic customer 1781,Salaried,Delhi,76000.0,48782.62,147030.65,14703065,3000.0,79494.2,4300.0,UPI,mild_distress,28
SYN-11781,Synthetic customer 1782,Salaried,Mumbai,36000.0,15507.56,65064.47,6506447,2500.0,16124.44,4700.0,UPI,healthy,28
SYN-11782,Synthetic customer 1783,Salaried,Bengaluru,96000.0,57106.81,142623.78,14262378,500.0,61686.75,4000.0,UPI,healthy,1
SYN-11783,Synthetic customer 1784,Salaried,Jaipur,122000.0,57865.14,118080.26,11808026,0.0,152606.34,1700.0,UPI,healthy,5
SYN-11784,Synthetic customer 1785,Salaried,Delhi,65000.0,27499.35,72219.36,7221936,4500.0,45625.5,1200.0,UPI,healthy,1
SYN-11785,Synthetic customer 1786,Salaried,Mumbai,110000.0,58638.17,51279.66,5127966,1500.0,112343.89,5800.0,UPI,healthy,28
SYN-11786,Synthetic customer 1787,Salaried,Bengaluru,59000.0,21315.6,64324.84,6432484,1500.0,62742.23,5300.0,UPI,healthy,1
SYN-11787,Synthetic customer 1788,Salaried,Jaipur,90000.0,48016.65,58407.02,5840702,2000.0,115670.44,2200.0,UPI,organic_distress,5
SYN-11788,Synthetic customer 1789,Salaried,Delhi,64000.0,27193.21,51144.88,5114488,4000.0,62667.53,3700.0,UPI,healthy,1
SYN-11789,Synthetic customer 1790,Salaried,Mumbai,129000.0,54864.33,172706.77,17270677,1500.0,129655.49,2900.0,UPI,scam_shock,1
SYN-11790,Synthetic customer 1791,Salaried,Bengaluru,91000.0,54854.95,54929.77,5492977,2000.0,98450.12,5400.0,UPI,scam_shock,1
SYN-11791,Synthetic customer 1792,Salaried,Jaipur,95000.0,47333.89,72361.96,7236196,500.0,108845.49,5300.0,UPI,organic_distress,1
SYN-11792,Synthetic customer 1793,Salaried,Delhi,97000.0,61163.32,100461.39,10046139,500.0,88393.79,3100.0,UPI,healthy,28
SYN-11793,Synthetic customer 1794,Salaried,Mumbai,110000.0,58578.03,27227.18,2722718,4500.0,89514.98,1700.0,UPI,scam_shock,5
SYN-11794,Synthetic customer 1795,Salaried,Bengaluru,60000.0,26295.62,45653.02,4565302,5000.0,66006.88,2700.0,UPI,mild_distress,5
SYN-11795,Synthetic customer 1796,Salaried,Jaipur,30000.0,11055.12,14917.36,1491736,2000.0,14517.07,1200.0,UPI,scam_shock,1
SYN-11796,Synthetic customer 1797,Salaried,Delhi,95000.0,59288.95,126744.29,12674429,2500.0,93680.76,3000.0,UPI,healthy,1
SYN-11797,Synthetic customer 1798,Salaried,Mumbai,82000.0,40229.84,19597.51,1959751,500.0,97683.28,2900.0,UPI,scam_shock,1
SYN-11798,Synthetic customer 1799,Salaried,Bengaluru,82000.0,47267.42,22779.32,2277932,4000.0,49479.8,4500.0,UPI,healthy,1
SYN-11799,Synthetic customer 1800,Salaried,Jaipur,117000.0,47702.42,82360.58,8236058,1500.0,116565.5,3600.0,UPI,mule,1
SYN-11800,Synthetic customer 1801,Salaried,Delhi,81000.0,43913.06,76659.8,7665980,3000.0,63004.89,4400.0,UPI,mild_distress,5
SYN-11801,Synthetic customer 1802,Salaried,Mumbai,46000.0,24464.88,42213.2,4221320,1000.0,50708.84,5100.0,UPI,healthy,5
SYN-11802,Synthetic customer 1803,Salaried,Bengaluru,67000.0,42861.7,55098.66,5509866,3000.0,74767.23,2300.0,UPI,healthy,1
SYN-11803,Synthetic customer 1804,Salaried,Jaipur,64000.0,31422.85,102499.04,10249904,5000.0,69823.7,3400.0,UPI,healthy,5
SYN-11804,Synthetic customer 1805,Salaried,Delhi,44000.0,25806.4,19495.59,1949559,0.0,37803.26,2800.0,UPI,healthy,1
SYN-11805,Synthetic customer 1806,Salaried,Mumbai,47000.0,27968.68,13720.92,1372092,5000.0,51819.13,3600.0,UPI,scam_shock,1
SYN-11806,Synthetic customer 1807,Salaried,Bengaluru,28000.0,13126.5,39653.67,3965367,1500.0,14636.64,1100.0,UPI,healthy,1
SYN-11807,Synthetic customer 1808,Salaried,Jaipur,110000.0,63699.22,25879.41,2587941,2500.0,125601.34,1500.0,UPI,mule,28
SYN-11808,Synthetic customer 1809,Salaried,Delhi,130000.0,83567.9,67693.72,6769372,2500.0,110904.44,3500.0,UPI,healthy,1
SYN-11809,Synthetic customer 1810,Salaried,Mumbai,53000.0,29265.02,62435.96,6243596,1000.0,30632.7,5900.0,UPI,mild_distress,1
SYN-11810,Synthetic customer 1811,Salaried,Bengaluru,65000.0,34183.29,116364.45,11636445,0.0,44368.99,3600.0,UPI,mild_distress,1
SYN-11811,Synthetic customer 1812,Salaried,Jaipur,68000.0,30152.94,85023.1,8502310,500.0,86875.4,4700.0,UPI,healthy,28
SYN-11812,Synthetic customer 1813,Salaried,Delhi,98000.0,45588.3,31226.34,3122634,1500.0,51467.26,5400.0,UPI,mule,5
SYN-11813,Synthetic customer 1814,Salaried,Mumbai,28000.0,9995.86,40359.78,4035978,2000.0,33068.39,4700.0,UPI,mild_distress,1
SYN-11814,Synthetic customer 1815,Salaried,Bengaluru,52000.0,27483.22,25487.01,2548701,4500.0,27430.05,3200.0,UPI,healthy,1
SYN-11815,Synthetic customer 1816,Salaried,Jaipur,52000.0,20006.65,99107.53,9910753,3000.0,51693.37,4800.0,UPI,healthy,5
SYN-11816,Synthetic customer 1817,Salaried,Delhi,126000.0,54060.66,77208.22,7720822,1500.0,141380.57,1200.0,UPI,healthy,5
SYN-11817,Synthetic customer 1818,Salaried,Mumbai,53000.0,24315.61,71115.16,7111516,4500.0,31297.24,5600.0,UPI,healthy,5
SYN-11818,Synthetic customer 1819,Salaried,Bengaluru,123000.0,72450.71,114824.11,11482411,4000.0,72723.56,2800.0,UPI,healthy,1
SYN-11819,Synthetic customer 1820,Salaried,Jaipur,121000.0,50229.92,167687.51,16768751,4000.0,128350.93,1200.0,UPI,healthy,1
SYN-11820,Synthetic customer 1821,Salaried,Delhi,43000.0,24065.13,27054.78,2705478,2500.0,50913.31,4100.0,UPI,healthy,1
SYN-11821,Synthetic customer 1822,Salaried,Mumbai,94000.0,43780.68,151411.21,15141121,2500.0,82760.99,3600.0,UPI,ambiguous,1
SYN-11822,Synthetic customer 1823,Salaried,Bengaluru,65000.0,38556.4,81180.94,8118094,2000.0,50841.86,1600.0,UPI,ambiguous,1
SYN-11823,Synthetic customer 1824,Salaried,Jaipur,47000.0,27585.43,24445.42,2444542,1000.0,56720.88,4500.0,UPI,healthy,1
SYN-11824,Synthetic customer 1825,Salaried,Delhi,25000.0,13160.56,16043.55,1604355,3500.0,30040.52,5300.0,UPI,healthy,5
SYN-11825,Synthetic customer 1826,Salaried,Mumbai,43000.0,27728.8,40045.93,4004593,500.0,39785.89,2000.0,UPI,organic_distress,5
SYN-11826,Synthetic customer 1827,Salaried,Bengaluru,75000.0,44781.84,113992.94,11399294,1000.0,49220.31,5400.0,UPI,healthy,5
SYN-11827,Synthetic customer 1828,Salaried,Jaipur,75000.0,34292.05,108509.34,10850934,5000.0,54690.75,1100.0,UPI,healthy,1
SYN-11828,Synthetic customer 1829,Salaried,Delhi,95000.0,41281.31,31798.15,3179815,5000.0,66950.72,5400.0,UPI,scam_shock,1
SYN-11829,Synthetic customer 1830,Salaried,Mumbai,66000.0,36180.64,73887.08,7388708,4000.0,35702.96,5400.0,UPI,healthy,1
SYN-11830,Synthetic customer 1831,Salaried,Bengaluru,79000.0,49047.51,109309.08,10930908,2000.0,95077.02,2400.0,UPI,healthy,1
SYN-11831,Synthetic customer 1832,Salaried,Jaipur,41000.0,18659.34,79629.08,7962908,1500.0,52231.4,2400.0,UPI,healthy,1
SYN-11832,Synthetic customer 1833,Salaried,Delhi,107000.0,46322.75,49322.36,4932236,4000.0,49167.95,5500.0,UPI,healthy,1
SYN-11833,Synthetic customer 1834,Salaried,Mumbai,108000.0,56469.52,195476.09,19547609,4000.0,107894.54,6000.0,UPI,healthy,1
SYN-11834,Synthetic customer 1835,Salaried,Bengaluru,72000.0,31373.35,119498.38,11949838,5000.0,47980.15,5600.0,UPI,healthy,1
SYN-11835,Synthetic customer 1836,Salaried,Jaipur,63000.0,36646.65,28867.78,2886778,0.0,54686.54,4500.0,UPI,mild_distress,28
SYN-11836,Synthetic customer 1837,Salaried,Delhi,83000.0,35774.3,39391.96,3939196,0.0,90598.35,4800.0,UPI,mild_distress,1
SYN-11837,Synthetic customer 1838,Salaried,Mumbai,49000.0,26018.19,69769.15,6976915,1500.0,28592.92,3100.0,UPI,healthy,1
SYN-11838,Synthetic customer 1839,Salaried,Bengaluru,98000.0,46837.09,193412.66,19341266,3000.0,41498.07,5600.0,UPI,mild_distress,1
SYN-11839,Synthetic customer 1840,Salaried,Jaipur,100000.0,43824.25,121223.68,12122368,5000.0,100174.65,3500.0,UPI,healthy,1
SYN-11840,Synthetic customer 1841,Salaried,Delhi,26000.0,12232.28,12273.84,1227384,2000.0,30910.14,3200.0,UPI,healthy,5
SYN-11841,Synthetic customer 1842,Salaried,Mumbai,57000.0,28050.49,92355.28,9235528,2500.0,27765.26,2900.0,UPI,healthy,1
SYN-11842,Synthetic customer 1843,Salaried,Bengaluru,47000.0,28104.55,32377.57,3237757,0.0,41749.34,4600.0,UPI,mild_distress,5
SYN-11843,Synthetic customer 1844,Salaried,Jaipur,108000.0,56665.62,86155.12,8615512,500.0,116292.64,2600.0,UPI,healthy,1
SYN-11844,Synthetic customer 1845,Salaried,Delhi,43000.0,17805.17,49924.27,4992427,1000.0,24444.9,5400.0,UPI,healthy,1
SYN-11845,Synthetic customer 1846,Salaried,Mumbai,124000.0,54947.62,26185.35,2618535,4500.0,49944.58,2200.0,UPI,healthy,1
SYN-11846,Synthetic customer 1847,Salaried,Bengaluru,75000.0,35023.87,48961.15,4896115,0.0,86168.17,2300.0,UPI,healthy,28
SYN-11847,Synthetic customer 1848,Salaried,Jaipur,54000.0,34343.84,28093.59,2809359,4500.0,64474.9,5700.0,UPI,healthy,1
SYN-11848,Synthetic customer 1849,Salaried,Delhi,37000.0,19540.29,43507.83,4350783,1000.0,31021.98,5200.0,UPI,healthy,5
SYN-11849,Synthetic customer 1850,Salaried,Mumbai,55000.0,25079.61,19160.0,1916000,1500.0,31690.0,3500.0,UPI,healthy,28
SYN-11850,Synthetic customer 1851,Salaried,Bengaluru,78000.0,31802.48,123090.37,12309037,2500.0,69482.61,2500.0,UPI,mild_distress,5
SYN-11851,Synthetic customer 1852,Salaried,Jaipur,91000.0,33588.48,27415.99,2741599,4500.0,65876.72,1000.0,UPI,healthy,5
SYN-11852,Synthetic customer 1853,Salaried,Delhi,25000.0,11503.87,44332.48,4433248,2000.0,27848.61,5100.0,UPI,mild_distress,5
SYN-11853,Synthetic customer 1854,Salaried,Mumbai,121000.0,51098.26,122180.63,12218063,4500.0,119579.34,5400.0,UPI,mule,1
SYN-11854,Synthetic customer 1855,Salaried,Bengaluru,81000.0,40701.96,39596.24,3959624,1000.0,66818.36,1300.0,UPI,healthy,1
SYN-11855,Synthetic customer 1856,Salaried,Jaipur,116000.0,60703.4,89985.01,8998501,0.0,90601.51,3000.0,UPI,organic_distress,1
SYN-11856,Synthetic customer 1857,Salaried,Delhi,92000.0,33316.78,92808.19,9280819,1000.0,72639.81,1900.0,UPI,healthy,5
SYN-11857,Synthetic customer 1858,Salaried,Mumbai,68000.0,33063.15,36766.76,3676676,3000.0,44773.18,2000.0,UPI,healthy,1
SYN-11858,Synthetic customer 1859,Salaried,Bengaluru,58000.0,27214.68,56451.7,5645170,500.0,50792.84,3900.0,UPI,mild_distress,1
SYN-11859,Synthetic customer 1860,Salaried,Jaipur,103000.0,56942.65,165988.11,16598811,2000.0,84791.41,2600.0,UPI,healthy,1
SYN-11860,Synthetic customer 1861,Salaried,Delhi,52000.0,26443.24,12795.89,1279589,1000.0,27767.44,2600.0,UPI,healthy,1
SYN-11861,Synthetic customer 1862,Salaried,Mumbai,42000.0,26029.26,8775.87,877587,4000.0,46083.83,5500.0,UPI,healthy,28
SYN-11862,Synthetic customer 1863,Salaried,Bengaluru,51000.0,25257.08,70034.1,7003410,2000.0,24714.92,3100.0,UPI,healthy,28
SYN-11863,Synthetic customer 1864,Salaried,Jaipur,90000.0,55580.84,23019.21,2301921,1500.0,50906.27,2200.0,UPI,healthy,28
SYN-11864,Synthetic customer 1865,Salaried,Delhi,94000.0,40761.46,167074.22,16707422,1000.0,52259.0,4200.0,UPI,healthy,28
SYN-11865,Synthetic customer 1866,Salaried,Mumbai,76000.0,35575.54,148027.47,14802747,3000.0,57819.58,3900.0,UPI,mild_distress,5
SYN-11866,Synthetic customer 1867,Salaried,Bengaluru,47000.0,23734.17,21152.57,2115257,0.0,23304.49,5900.0,UPI,organic_distress,1
SYN-11867,Synthetic customer 1868,Salaried,Jaipur,72000.0,37411.92,34448.24,3444824,0.0,34899.24,4500.0,UPI,healthy,1
SYN-11868,Synthetic customer 1869,Salaried,Delhi,46000.0,24883.48,40232.39,4023239,2500.0,21398.8,4400.0,UPI,healthy,1
SYN-11869,Synthetic customer 1870,Salaried,Mumbai,45000.0,24134.14,29388.23,2938823,5000.0,37560.9,1200.0,UPI,healthy,1
SYN-11870,Synthetic customer 1871,Salaried,Bengaluru,109000.0,52218.26,215205.1,21520510,4500.0,74217.85,4800.0,UPI,healthy,1
SYN-11871,Synthetic customer 1872,Salaried,Jaipur,109000.0,57241.39,129722.86,12972286,3000.0,97327.77,3600.0,UPI,mule,1
SYN-11872,Synthetic customer 1873,Salaried,Delhi,40000.0,20754.46,43555.89,4355589,3500.0,29547.04,3400.0,UPI,healthy,1
SYN-11873,Synthetic customer 1874,Salaried,Mumbai,83000.0,37724.81,148207.01,14820701,3000.0,92164.98,4500.0,UPI,organic_distress,5
SYN-11874,Synthetic customer 1875,Salaried,Bengaluru,80000.0,47653.18,16668.53,1666853,1500.0,64174.04,4400.0,UPI,healthy,1
SYN-11875,Synthetic customer 1876,Salaried,Jaipur,92000.0,38600.68,165244.27,16524427,4500.0,46079.74,1300.0,UPI,healthy,1
SYN-11876,Synthetic customer 1877,Salaried,Delhi,49000.0,17717.15,63838.53,6383853,3000.0,22133.47,5900.0,UPI,ambiguous,1
SYN-11877,Synthetic customer 1878,Salaried,Mumbai,106000.0,64300.79,146421.09,14642109,3000.0,80526.94,4700.0,UPI,healthy,1
SYN-11878,Synthetic customer 1879,Salaried,Bengaluru,107000.0,69441.87,206707.68,20670768,4000.0,71397.79,1000.0,UPI,ambiguous,28
SYN-11879,Synthetic customer 1880,Salaried,Jaipur,49000.0,22174.94,46433.85,4643385,3500.0,62556.55,6000.0,UPI,scam_shock,5
SYN-11880,Synthetic customer 1881,Salaried,Delhi,67000.0,27590.7,75824.85,7582485,500.0,30412.13,4400.0,UPI,healthy,1
SYN-11881,Synthetic customer 1882,Salaried,Mumbai,40000.0,25040.03,48752.81,4875281,2000.0,44902.39,2600.0,UPI,healthy,1
SYN-11882,Synthetic customer 1883,Salaried,Bengaluru,30000.0,16291.49,18282.89,1828289,0.0,35933.13,4600.0,UPI,healthy,1
SYN-11883,Synthetic customer 1884,Salaried,Jaipur,116000.0,69556.26,65690.95,6569095,2500.0,69071.6,4700.0,UPI,healthy,1
SYN-11884,Synthetic customer 1885,Salaried,Delhi,68000.0,43387.35,89765.03,8976503,1500.0,34395.65,5400.0,UPI,healthy,1
SYN-11885,Synthetic customer 1886,Salaried,Mumbai,67000.0,38339.83,22738.39,2273839,1000.0,32627.74,1400.0,UPI,organic_distress,5
SYN-11886,Synthetic customer 1887,Salaried,Bengaluru,63000.0,29358.1,80218.09,8021809,1500.0,32689.26,5100.0,UPI,healthy,28
SYN-11887,Synthetic customer 1888,Salaried,Jaipur,84000.0,42751.74,95934.12,9593412,4000.0,108327.25,1400.0,UPI,healthy,1
SYN-11888,Synthetic customer 1889,Salaried,Delhi,127000.0,49367.0,153716.84,15371684,1000.0,147412.99,3300.0,UPI,healthy,1
SYN-11889,Synthetic customer 1890,Salaried,Mumbai,101000.0,44026.56,116342.45,11634245,0.0,79345.16,4800.0,UPI,healthy,1
SYN-11890,Synthetic customer 1891,Salaried,Bengaluru,31000.0,13378.21,15659.04,1565904,4500.0,23124.07,3800.0,UPI,healthy,28
SYN-11891,Synthetic customer 1892,Salaried,Jaipur,107000.0,54341.67,92396.54,9239654,0.0,135597.28,5600.0,UPI,healthy,1
SYN-11892,Synthetic customer 1893,Salaried,Delhi,77000.0,36008.4,112516.1,11251610,4000.0,82332.89,2200.0,UPI,scam_shock,28
SYN-11893,Synthetic customer 1894,Salaried,Mumbai,112000.0,47293.8,204740.03,20474003,0.0,47143.27,2400.0,UPI,healthy,1
SYN-11894,Synthetic customer 1895,Salaried,Bengaluru,101000.0,47910.35,167757.22,16775722,0.0,120069.14,2100.0,UPI,healthy,28
SYN-11895,Synthetic customer 1896,Salaried,Jaipur,58000.0,33014.07,89348.91,8934891,500.0,64797.17,2300.0,UPI,healthy,28
SYN-11896,Synthetic customer 1897,Salaried,Delhi,56000.0,24917.09,40201.14,4020114,4500.0,72540.03,1500.0,UPI,healthy,1
SYN-11897,Synthetic customer 1898,Salaried,Mumbai,55000.0,29997.88,95675.77,9567577,500.0,61873.43,3700.0,UPI,scam_shock,1
SYN-11898,Synthetic customer 1899,Salaried,Bengaluru,44000.0,20786.61,68523.47,6852347,3000.0,18863.69,4900.0,UPI,organic_distress,28
SYN-11899,Synthetic customer 1900,Salaried,Jaipur,85000.0,45608.18,92517.07,9251707,2000.0,99081.05,2800.0,UPI,mild_distress,1
SYN-11900,Synthetic customer 1901,Salaried,Delhi,52000.0,31757.44,90371.12,9037112,1000.0,52514.11,1300.0,UPI,scam_shock,1
SYN-11901,Synthetic customer 1902,Salaried,Mumbai,56000.0,32579.25,49201.86,4920186,2000.0,54949.73,4400.0,UPI,healthy,1
SYN-11902,Synthetic customer 1903,Salaried,Bengaluru,40000.0,16006.26,54722.53,5472253,4000.0,35065.5,4200.0,UPI,healthy,28
SYN-11903,Synthetic customer 1904,Salaried,Jaipur,115000.0,64394.65,186049.95,18604995,4000.0,109091.99,5000.0,UPI,healthy,1
SYN-11904,Synthetic customer 1905,Salaried,Delhi,101000.0,39294.01,129618.84,12961884,4000.0,75793.87,1900.0,UPI,healthy,1
SYN-11905,Synthetic customer 1906,Salaried,Mumbai,34000.0,17931.88,60034.13,6003413,500.0,28783.87,5800.0,UPI,healthy,28
SYN-11906,Synthetic customer 1907,Salaried,Bengaluru,61000.0,27532.08,74636.15,7463615,0.0,41711.09,3800.0,UPI,healthy,1
SYN-11907,Synthetic customer 1908,Salaried,Jaipur,37000.0,15621.45,55777.21,5577721,3000.0,41761.05,1100.0,UPI,healthy,1
SYN-11908,Synthetic customer 1909,Salaried,Delhi,121000.0,50603.33,234951.98,23495198,1500.0,49201.04,1400.0,UPI,organic_distress,1
SYN-11909,Synthetic customer 1910,Salaried,Mumbai,104000.0,59955.56,60752.96,6075296,4500.0,133995.87,1300.0,UPI,healthy,1
SYN-11910,Synthetic customer 1911,Salaried,Bengaluru,36000.0,17583.88,62063.71,6206371,3000.0,38217.15,1400.0,UPI,healthy,1
SYN-11911,Synthetic customer 1912,Salaried,Jaipur,92000.0,37088.37,70520.15,7052015,3000.0,42974.89,2800.0,UPI,mild_distress,1
SYN-11912,Synthetic customer 1913,Salaried,Delhi,27000.0,12561.68,17522.62,1752262,3000.0,15544.2,2500.0,UPI,healthy,5
SYN-11913,Synthetic customer 1914,Salaried,Mumbai,117000.0,41001.86,106124.45,10612445,2000.0,111328.2,3800.0,UPI,healthy,1
SYN-11914,Synthetic customer 1915,Salaried,Bengaluru,92000.0,57168.1,75108.83,7510883,3500.0,72389.69,4700.0,UPI,healthy,28
SYN-11915,Synthetic customer 1916,Salaried,Jaipur,103000.0,44057.65,192938.14,19293814,500.0,72310.44,5900.0,UPI,healthy,1
SYN-11916,Synthetic customer 1917,Salaried,Delhi,53000.0,33673.37,26904.83,2690483,1500.0,21439.24,3200.0,UPI,mule,1
SYN-11917,Synthetic customer 1918,Salaried,Mumbai,123000.0,53738.5,96919.65,9691965,3500.0,139658.24,3300.0,UPI,scam_shock,1
SYN-11918,Synthetic customer 1919,Salaried,Bengaluru,36000.0,22849.72,28064.48,2806448,1500.0,23543.91,3400.0,UPI,mild_distress,5
SYN-11919,Synthetic customer 1920,Salaried,Jaipur,106000.0,40388.97,83857.94,8385794,1500.0,70111.42,3500.0,UPI,healthy,1
SYN-11920,Synthetic customer 1921,Salaried,Delhi,80000.0,33489.89,74201.33,7420133,3000.0,41919.34,5800.0,UPI,healthy,1
SYN-11921,Synthetic customer 1922,Salaried,Mumbai,95000.0,55609.02,158380.78,15838078,3000.0,110184.95,3000.0,UPI,healthy,1
SYN-11922,Synthetic customer 1923,Salaried,Bengaluru,67000.0,32861.27,103313.45,10331345,0.0,43741.74,4800.0,UPI,healthy,1
SYN-11923,Synthetic customer 1924,Salaried,Jaipur,97000.0,41513.35,178472.39,17847239,1500.0,91619.27,5700.0,UPI,scam_shock,1
SYN-11924,Synthetic customer 1925,Salaried,Delhi,58000.0,20427.08,32140.17,3214017,0.0,56160.16,2100.0,UPI,healthy,1
SYN-11925,Synthetic customer 1926,Salaried,Mumbai,91000.0,32746.59,93141.63,9314163,500.0,67039.89,2600.0,UPI,healthy,1
SYN-11926,Synthetic customer 1927,Salaried,Bengaluru,119000.0,62220.36,49008.67,4900867,4000.0,73663.56,4000.0,UPI,mild_distress,28
SYN-11927,Synthetic customer 1928,Salaried,Jaipur,63000.0,29669.69,19073.53,1907353,500.0,47048.29,4200.0,UPI,scam_shock,5
SYN-11928,Synthetic customer 1929,Salaried,Delhi,120000.0,47575.18,100745.12,10074512,4000.0,134021.09,1300.0,UPI,healthy,1
SYN-11929,Synthetic customer 1930,Salaried,Mumbai,127000.0,52018.32,98633.02,9863302,1000.0,116381.83,2700.0,UPI,healthy,1
SYN-11930,Synthetic customer 1931,Salaried,Bengaluru,118000.0,50905.63,212258.12,21225812,3500.0,86937.54,1400.0,UPI,scam_shock,1
SYN-11931,Synthetic customer 1932,Salaried,Jaipur,53000.0,26419.36,96970.39,9697039,1000.0,26798.64,4000.0,UPI,healthy,1
SYN-11932,Synthetic customer 1933,Salaried,Delhi,105000.0,53092.06,57180.91,5718091,3500.0,77707.88,1600.0,UPI,healthy,1
SYN-11933,Synthetic customer 1934,Salaried,Mumbai,97000.0,59071.6,161608.5,16160850,4000.0,92697.89,2800.0,UPI,scam_shock,5
SYN-11934,Synthetic customer 1935,Salaried,Bengaluru,43000.0,25285.82,44970.42,4497042,2500.0,26921.91,2200.0,UPI,healthy,28
SYN-11935,Synthetic customer 1936,Salaried,Jaipur,43000.0,22167.19,39186.64,3918664,4000.0,42502.64,3900.0,UPI,healthy,28
SYN-11936,Synthetic customer 1937,Salaried,Delhi,90000.0,33760.76,89601.71,8960171,4500.0,76548.97,2900.0,UPI,healthy,28
SYN-11937,Synthetic customer 1938,Salaried,Mumbai,53000.0,20344.27,82442.06,8244206,4000.0,50251.01,3600.0,UPI,healthy,1
SYN-11938,Synthetic customer 1939,Salaried,Bengaluru,116000.0,53559.66,126455.14,12645514,3500.0,113518.92,4800.0,UPI,healthy,1
SYN-11939,Synthetic customer 1940,Salaried,Jaipur,84000.0,53834.71,115249.91,11524991,1000.0,45561.41,3900.0,UPI,healthy,1
SYN-11940,Synthetic customer 1941,Salaried,Delhi,83000.0,46374.21,28184.38,2818438,5000.0,45592.58,4600.0,UPI,ambiguous,1
SYN-11941,Synthetic customer 1942,Salaried,Mumbai,86000.0,30182.04,81257.8,8125780,4500.0,105822.85,1100.0,UPI,healthy,5
SYN-11942,Synthetic customer 1943,Salaried,Bengaluru,53000.0,24689.51,86182.05,8618205,1500.0,33632.24,2900.0,UPI,healthy,5
SYN-11943,Synthetic customer 1944,Salaried,Jaipur,75000.0,42196.5,34413.68,3441368,1000.0,45799.56,4100.0,UPI,healthy,1
SYN-11944,Synthetic customer 1945,Salaried,Delhi,80000.0,35154.82,150875.96,15087596,1000.0,101699.76,4700.0,UPI,mule,28
SYN-11945,Synthetic customer 1946,Salaried,Mumbai,60000.0,31696.53,45576.95,4557695,4500.0,32683.74,3400.0,UPI,healthy,28
SYN-11946,Synthetic customer 1947,Salaried,Bengaluru,110000.0,45475.03,75324.8,7532480,5000.0,60982.77,4600.0,UPI,organic_distress,5
SYN-11947,Synthetic customer 1948,Salaried,Jaipur,51000.0,23901.2,73656.27,7365627,500.0,24922.77,5200.0,UPI,healthy,5
SYN-11948,Synthetic customer 1949,Salaried,Delhi,117000.0,74651.63,79349.26,7934926,0.0,57085.54,4600.0,UPI,healthy,28
SYN-11949,Synthetic customer 1950,Salaried,Mumbai,29000.0,13358.89,9351.35,935135,0.0,28397.36,4700.0,UPI,healthy,28
SYN-11950,Synthetic customer 1951,Salaried,Bengaluru,115000.0,71357.99,138804.74,13880474,1000.0,114449.52,4400.0,UPI,scam_shock,1
SYN-11951,Synthetic customer 1952,Salaried,Jaipur,69000.0,25633.0,85307.16,8530716,2500.0,36485.68,5400.0,UPI,healthy,1
SYN-11952,Synthetic customer 1953,Salaried,Delhi,116000.0,72944.07,219801.67,21980167,4500.0,77613.43,4400.0,UPI,healthy,1
SYN-11953,Synthetic customer 1954,Salaried,Mumbai,68000.0,33493.53,114961.81,11496181,500.0,37611.94,2100.0,UPI,healthy,1
SYN-11954,Synthetic customer 1955,Salaried,Bengaluru,68000.0,39086.06,49422.33,4942233,0.0,72825.31,5000.0,UPI,healthy,1
SYN-11955,Synthetic customer 1956,Salaried,Jaipur,70000.0,41464.55,90047.48,9004748,2000.0,48619.86,5200.0,UPI,healthy,1
SYN-11956,Synthetic customer 1957,Salaried,Delhi,111000.0,67618.62,166833.3,16683330,3500.0,80818.18,4400.0,UPI,ambiguous,1
SYN-11957,Synthetic customer 1958,Salaried,Mumbai,57000.0,30452.31,25457.45,2545745,0.0,26878.97,4800.0,UPI,mild_distress,5
SYN-11958,Synthetic customer 1959,Salaried,Bengaluru,67000.0,27135.59,57726.33,5772633,3500.0,62748.19,3500.0,UPI,healthy,1
SYN-11959,Synthetic customer 1960,Salaried,Jaipur,41000.0,24925.15,20834.19,2083419,0.0,50893.05,5200.0,UPI,mild_distress,1
SYN-11960,Synthetic customer 1961,Salaried,Delhi,27000.0,9661.25,13705.42,1370542,4500.0,23549.7,3400.0,UPI,organic_distress,5
SYN-11961,Synthetic customer 1962,Salaried,Mumbai,38000.0,24213.3,13377.92,1337792,2500.0,44902.74,3700.0,UPI,healthy,1
SYN-11962,Synthetic customer 1963,Salaried,Bengaluru,44000.0,25624.18,70808.85,7080885,1000.0,49149.82,2500.0,UPI,healthy,5
SYN-11963,Synthetic customer 1964,Salaried,Jaipur,92000.0,36148.94,179130.33,17913033,500.0,107609.75,1600.0,UPI,scam_shock,1
SYN-11964,Synthetic customer 1965,Salaried,Delhi,122000.0,65902.08,191417.89,19141789,0.0,60177.0,4000.0,UPI,healthy,1
SYN-11965,Synthetic customer 1966,Salaried,Mumbai,68000.0,36642.37,56893.01,5689301,4000.0,66863.24,3700.0,UPI,healthy,1
SYN-11966,Synthetic customer 1967,Salaried,Bengaluru,79000.0,35330.72,151851.7,15185170,5000.0,97855.73,4300.0,UPI,healthy,5
SYN-11967,Synthetic customer 1968,Salaried,Jaipur,96000.0,44245.96,135647.67,13564767,3000.0,103133.55,2600.0,UPI,healthy,28
SYN-11968,Synthetic customer 1969,Salaried,Delhi,126000.0,53218.42,235726.67,23572667,4500.0,59027.42,4800.0,UPI,healthy,1
SYN-11969,Synthetic customer 1970,Salaried,Mumbai,49000.0,31447.5,55577.94,5557794,4500.0,33483.97,2600.0,UPI,healthy,1
SYN-11970,Synthetic customer 1971,Salaried,Bengaluru,42000.0,24206.2,20726.12,2072612,2000.0,19009.87,1900.0,UPI,scam_shock,5
SYN-11971,Synthetic customer 1972,Salaried,Jaipur,108000.0,65882.3,50956.22,5095622,2500.0,137921.86,1100.0,UPI,healthy,1
SYN-11972,Synthetic customer 1973,Salaried,Delhi,58000.0,31070.7,100251.06,10025106,3000.0,50378.81,2300.0,UPI,healthy,5
SYN-11973,Synthetic customer 1974,Salaried,Mumbai,88000.0,40443.26,26051.47,2605147,3000.0,96369.11,3700.0,UPI,healthy,28
SYN-11974,Synthetic customer 1975,Salaried,Bengaluru,46000.0,28639.43,34774.31,3477431,2000.0,34415.34,4700.0,UPI,healthy,1
SYN-11975,Synthetic customer 1976,Salaried,Jaipur,62000.0,27775.22,53382.71,5338271,4000.0,31917.72,1600.0,UPI,mild_distress,1
SYN-11976,Synthetic customer 1977,Salaried,Delhi,47000.0,22876.97,36223.87,3622387,3000.0,57773.68,5600.0,UPI,healthy,1
SYN-11977,Synthetic customer 1978,Salaried,Mumbai,125000.0,53078.19,25388.04,2538804,0.0,63592.69,2500.0,UPI,mild_distress,1
SYN-11978,Synthetic customer 1979,Salaried,Bengaluru,127000.0,81309.48,206371.88,20637188,4500.0,109022.16,2400.0,UPI,healthy,1
SYN-11979,Synthetic customer 1980,Salaried,Jaipur,25000.0,14585.36,18549.95,1854995,5000.0,27524.52,3900.0,UPI,healthy,1
SYN-11980,Synthetic customer 1981,Salaried,Delhi,101000.0,42195.59,194861.66,19486166,4500.0,89717.05,2800.0,UPI,healthy,5
SYN-11981,Synthetic customer 1982,Salaried,Mumbai,75000.0,33127.91,118041.86,11804186,5000.0,82783.38,3700.0,UPI,organic_distress,5
SYN-11982,Synthetic customer 1983,Salaried,Bengaluru,51000.0,19376.59,64865.22,6486522,3500.0,46949.14,1300.0,UPI,healthy,1
SYN-11983,Synthetic customer 1984,Salaried,Jaipur,114000.0,54553.02,24967.05,2496705,4000.0,102817.19,5400.0,UPI,healthy,28
SYN-11984,Synthetic customer 1985,Salaried,Delhi,49000.0,20607.85,57465.95,5746595,2000.0,31106.67,4800.0,UPI,healthy,1
SYN-11985,Synthetic customer 1986,Salaried,Mumbai,29000.0,10738.66,6496.07,649607,4500.0,26281.64,5200.0,UPI,healthy,28
SYN-11986,Synthetic customer 1987,Salaried,Bengaluru,101000.0,58839.28,130771.19,13077119,5000.0,42146.83,1000.0,UPI,ambiguous,5
SYN-11987,Synthetic customer 1988,Salaried,Jaipur,54000.0,21283.11,50204.98,5020498,1500.0,50139.77,4000.0,UPI,healthy,1
SYN-11988,Synthetic customer 1989,Salaried,Delhi,82000.0,42109.04,81358.93,8135893,0.0,39597.96,3500.0,UPI,healthy,1
SYN-11989,Synthetic customer 1990,Salaried,Mumbai,92000.0,49891.54,101972.03,10197203,2000.0,70755.94,1900.0,UPI,scam_shock,1
SYN-11990,Synthetic customer 1991,Salaried,Bengaluru,33000.0,17106.59,36604.01,3660401,500.0,28503.75,5800.0,UPI,healthy,1
SYN-11991,Synthetic customer 1992,Salaried,Jaipur,77000.0,43894.7,50775.79,5077579,1500.0,46976.21,1800.0,UPI,healthy,5
SYN-11992,Synthetic customer 1993,Salaried,Delhi,52000.0,27158.02,48404.43,4840443,4000.0,46006.84,5800.0,UPI,mild_distress,1
SYN-11993,Synthetic customer 1994,Salaried,Mumbai,111000.0,58373.91,161688.09,16168809,2000.0,129828.16,1600.0,UPI,organic_distress,1
SYN-11994,Synthetic customer 1995,Salaried,Bengaluru,113000.0,68538.26,55474.35,5547435,1000.0,45757.05,1200.0,UPI,mild_distress,28
SYN-11995,Synthetic customer 1996,Salaried,Jaipur,121000.0,63767.63,237406.09,23740609,4000.0,139602.37,4900.0,UPI,healthy,1
SYN-11996,Synthetic customer 1997,Salaried,Delhi,65000.0,29016.38,43792.04,4379204,0.0,50017.37,3700.0,UPI,scam_shock,1
SYN-11997,Synthetic customer 1998,Salaried,Mumbai,51000.0,18753.37,70529.92,7052992,1000.0,61494.62,3800.0,UPI,scam_shock,5
SYN-11998,Synthetic customer 1999,Salaried,Bengaluru,76000.0,35229.33,30749.3,3074930,0.0,74853.49,2700.0,UPI,healthy,1
SYN-11999,Synthetic customer 2000,Salaried,Jaipur,69000.0,40401.22,130031.53,13003153,4000.0,47197.89,3600.0,UPI,organic_distress,1
