loan_id,customer_id,principal,interest_rate_pct,tenure_months,monthly_emi,monthly_emi_paise,due_day_of_month,loan_start_date,loan_status,outstanding_balance
LN-1-0,SYN-10001,622271.52,16.4771,12,56599.82,5659982,23,2026-07-01,Active,622271.52
LN-1-1,SYN-10001,404210.49,17.166,36,14444.63,1444463,23,2026-07-01,Active,404210.49
LN-2-0,SYN-10002,878179.73,18.5545,12,80743.44,8074344,21,2026-07-01,Active,878179.73
LN-3-0,SYN-10003,335958.56,13.8021,36,11450.0,1145000,24,2026-07-01,Active,335958.56
LN-4-0,SYN-10004,616066.66,17.114,36,21999.43,2199943,22,2026-07-01,Active,616066.66
LN-5-0,SYN-10005,478784.65,17.0404,12,43676.61,4367661,25,2026-07-01,Active,478784.65
LN-6-0,SYN-10006,611896.51,12.4073,36,20442.96,2044296,27,2026-07-01,Active,611896.51
LN-7-0,SYN-10007,672738.2,12.8947,12,60053.9,6005390,26,2026-07-01,Active,672738.2
LN-8-0,SYN-10008,786076.06,14.0227,12,70587.88,7058788,23,2026-07-01,Active,786076.06
LN-9-0,SYN-10009,841456.11,13.4586,12,75337.73,7533773,26,2026-07-01,Active,841456.11
LN-11-0,SYN-10011,571271.55,12.9209,24,27138.07,2713807,26,2026-07-01,Active,571271.55
LN-11-1,SYN-10011,291368.26,12.8867,24,13836.68,1383668,26,2026-07-01,Active,291368.26
LN-12-0,SYN-10012,642789.65,11.5268,12,56968.89,5696889,20,2026-07-01,Active,642789.65
LN-13-0,SYN-10013,501652.34,19.3757,12,46320.57,4632057,22,2026-07-01,Active,501652.34
LN-14-0,SYN-10014,345359.2,16.9318,24,17064.02,1706402,23,2026-07-01,Active,345359.2
LN-15-0,SYN-10015,239260.6,13.1112,36,8074.46,807446,23,2026-07-01,Active,239260.6
LN-16-0,SYN-10016,186021.19,14.3371,24,8961.07,896107,24,2026-07-01,Active,186021.19
LN-17-0,SYN-10017,283408.81,18.2644,36,10283.53,1028353,28,2026-07-01,Active,283408.81
LN-18-0,SYN-10018,190017.42,16.6449,24,9362.51,936251,28,2026-07-01,Active,190017.42
LN-19-0,SYN-10019,794076.77,13.4385,24,37915.62,3791562,21,2026-07-01,Active,794076.77
LN-21-0,SYN-10021,367096.3,14.0545,12,32969.93,3296993,22,2026-07-01,Active,367096.3
LN-21-1,SYN-10021,311493.82,17.3693,12,28464.33,2846433,22,2026-07-01,Active,311493.82
LN-22-0,SYN-10022,405134.83,15.7164,12,36703.88,3670388,24,2026-07-01,Active,405134.83
LN-23-0,SYN-10023,290503.1,18.8752,36,10630.37,1063037,25,2026-07-01,Active,290503.1
LN-24-0,SYN-10024,78648.27,15.3993,12,7113.49,711349,26,2026-07-01,Active,78648.27
LN-25-0,SYN-10025,936523.7,19.502,12,86531.34,8653134,25,2026-07-01,Active,936523.7
LN-26-0,SYN-10026,228940.53,18.2026,24,11452.08,1145208,28,2026-07-01,Active,228940.53
LN-27-0,SYN-10027,681410.29,16.986,12,62143.33,6214333,25,2026-07-01,Active,681410.29
LN-28-0,SYN-10028,281941.89,15.056,24,13677.91,1367791,27,2026-07-01,Active,281941.89
LN-29-0,SYN-10029,989779.75,16.4707,24,48685.62,4868562,27,2026-07-01,Active,989779.75
LN-31-0,SYN-10031,369560.31,19.7808,12,34195.29,3419529,21,2026-07-01,Active,369560.31
LN-31-1,SYN-10031,187807.28,18.8398,12,17293.32,1729332,21,2026-07-01,Active,187807.28
LN-32-0,SYN-10032,658027.94,17.5631,12,60191.25,6019125,28,2026-07-01,Active,658027.94
LN-33-0,SYN-10033,451865.25,13.5737,24,21604.46,2160446,20,2026-07-01,Active,451865.25
LN-34-0,SYN-10034,959404.13,16.3135,36,33878.5,3387850,20,2026-07-01,Active,959404.13
LN-35-0,SYN-10035,236497.8,12.6376,24,11203.32,1120332,20,2026-07-01,Active,236497.8
LN-36-0,SYN-10036,197147.57,10.2682,24,9121.78,912178,26,2026-07-01,Active,197147.57
LN-37-0,SYN-10037,192301.68,14.2882,24,9259.16,925916,26,2026-07-01,Active,192301.68
LN-38-0,SYN-10038,675420.25,13.0326,24,32121.05,3212105,26,2026-07-01,Active,675420.25
LN-39-0,SYN-10039,323245.0,15.0482,24,15680.47,1568047,21,2026-07-01,Active,323245.0
LN-41-0,SYN-10041,420083.96,16.9451,36,14965.66,1496566,21,2026-07-01,Active,420083.96
LN-41-1,SYN-10041,765716.62,14.7376,36,26445.52,2644552,21,2026-07-01,Active,765716.62
LN-42-0,SYN-10042,538800.04,10.8255,36,17595.13,1759513,26,2026-07-01,Active,538800.04
LN-43-0,SYN-10043,481670.51,17.9523,12,44148.62,4414862,21,2026-07-01,Active,481670.51
LN-44-0,SYN-10044,801318.42,19.3213,24,40518.55,4051855,20,2026-07-01,Active,801318.42
LN-45-0,SYN-10045,177323.01,17.9128,12,16249.61,1624961,25,2026-07-01,Active,177323.01
LN-46-0,SYN-10046,144939.82,19.6877,24,7354.74,735474,25,2026-07-01,Active,144939.82
LN-47-0,SYN-10047,311656.53,18.7051,12,28677.36,2867736,21,2026-07-01,Active,311656.53
LN-48-0,SYN-10048,191378.77,10.4545,36,6216.17,621617,27,2026-07-01,Active,191378.77
LN-49-0,SYN-10049,807751.28,11.4467,24,37815.27,3781527,25,2026-07-01,Active,807751.28
LN-51-0,SYN-10051,681384.93,10.1619,24,31493.4,3149340,22,2026-07-01,Active,681384.93
LN-51-1,SYN-10051,496238.6,18.6776,36,18109.34,1810934,22,2026-07-01,Active,496238.6
LN-52-0,SYN-10052,338705.89,11.9924,12,30092.4,3009240,21,2026-07-01,Active,338705.89
LN-53-0,SYN-10053,886863.79,12.6991,12,79087.12,7908712,20,2026-07-01,Active,886863.79
LN-54-0,SYN-10054,206991.21,13.3216,24,9872.03,987203,22,2026-07-01,Active,206991.21
LN-55-0,SYN-10055,277894.06,10.2466,36,8999.06,899906,27,2026-07-01,Active,277894.06
LN-56-0,SYN-10056,414493.95,12.2402,24,19558.2,1955820,26,2026-07-01,Active,414493.95
LN-57-0,SYN-10057,428171.41,15.5145,12,38750.05,3875005,20,2026-07-01,Active,428171.41
LN-58-0,SYN-10058,475970.0,17.5347,12,43531.59,4353159,21,2026-07-01,Active,475970.0
LN-59-0,SYN-10059,172311.83,16.3627,12,15663.59,1566359,24,2026-07-01,Active,172311.83
LN-61-0,SYN-10061,238901.61,11.1626,12,21132.65,2113265,24,2026-07-01,Active,238901.61
LN-61-1,SYN-10061,154750.29,10.8642,24,7202.82,720282,24,2026-07-01,Active,154750.29
LN-62-0,SYN-10062,307923.77,19.0821,36,11300.05,1130005,27,2026-07-01,Active,307923.77
LN-63-0,SYN-10063,713244.46,16.3621,36,25203.26,2520326,23,2026-07-01,Active,713244.46
LN-64-0,SYN-10064,343031.73,18.9813,36,12570.94,1257094,27,2026-07-01,Active,343031.73
LN-65-0,SYN-10065,486296.11,17.6222,24,24189.23,2418923,27,2026-07-01,Active,486296.11
LN-66-0,SYN-10066,134056.7,17.7098,36,4826.98,482698,20,2026-07-01,Active,134056.7
LN-67-0,SYN-10067,226180.41,13.9676,12,20304.64,2030464,26,2026-07-01,Active,226180.41
LN-68-0,SYN-10068,237991.88,18.6936,36,8687.01,868701,27,2026-07-01,Active,237991.88
LN-69-0,SYN-10069,357627.75,18.2745,36,12978.4,1297840,25,2026-07-01,Active,357627.75
LN-71-0,SYN-10071,231395.33,17.2491,12,21131.72,2113172,27,2026-07-01,Active,231395.33
LN-71-1,SYN-10071,189448.28,19.4859,24,9594.61,959461,27,2026-07-01,Active,189448.28
LN-72-0,SYN-10072,431807.75,11.4949,36,14238.24,1423824,25,2026-07-01,Active,431807.75
LN-73-0,SYN-10073,168786.58,10.0698,36,5451.8,545180,24,2026-07-01,Active,168786.58
LN-74-0,SYN-10074,176026.99,16.2589,36,6211.11,621111,22,2026-07-01,Active,176026.99
LN-75-0,SYN-10075,209769.04,17.3143,12,19163.24,1916324,20,2026-07-01,Active,209769.04
LN-76-0,SYN-10076,232917.37,19.4804,12,21518.31,2151831,22,2026-07-01,Active,232917.37
LN-77-0,SYN-10077,535504.49,15.3741,12,48428.31,4842831,25,2026-07-01,Active,535504.49
LN-78-0,SYN-10078,171246.27,16.1545,36,6033.58,603358,28,2026-07-01,Active,171246.27
LN-79-0,SYN-10079,431237.95,12.2024,12,38355.81,3835581,25,2026-07-01,Active,431237.95
LN-81-0,SYN-10081,674897.75,17.7967,12,61809.36,6180936,28,2026-07-01,Active,674897.75
LN-81-1,SYN-10081,959329.41,13.8903,36,32736.5,3273650,28,2026-07-01,Active,959329.41
LN-82-0,SYN-10082,296438.7,10.9516,24,13809.7,1380970,24,2026-07-01,Active,296438.7
LN-83-0,SYN-10083,251053.32,18.8894,12,23122.96,2312296,23,2026-07-01,Active,251053.32
LN-84-0,SYN-10084,375461.9,14.4906,12,33798.37,3379837,28,2026-07-01,Active,375461.9
LN-85-0,SYN-10085,936426.19,17.3851,24,46472.48,4647248,22,2026-07-01,Active,936426.19
LN-86-0,SYN-10086,136164.87,13.1123,12,12169.05,1216905,26,2026-07-01,Active,136164.87
LN-87-0,SYN-10087,251330.2,11.55,36,8293.85,829385,26,2026-07-01,Active,251330.2
LN-88-0,SYN-10088,882009.21,19.8198,36,32697.71,3269771,25,2026-07-01,Active,882009.21
LN-89-0,SYN-10089,831880.05,17.5117,12,76073.59,7607359,28,2026-07-01,Active,831880.05
LN-91-0,SYN-10091,302163.79,14.271,24,14546.47,1454647,20,2026-07-01,Active,302163.79
LN-91-1,SYN-10091,689443.98,15.8518,36,24188.38,2418838,20,2026-07-01,Active,689443.98
LN-92-0,SYN-10092,462015.8,13.0695,12,41281.05,4128105,21,2026-07-01,Active,462015.8
LN-93-0,SYN-10093,174181.48,17.0773,24,8618.4,861840,28,2026-07-01,Active,174181.48
LN-94-0,SYN-10094,414895.06,13.8594,12,37224.78,3722478,20,2026-07-01,Active,414895.06
LN-95-0,SYN-10095,553950.09,13.1475,24,26374.19,2637419,28,2026-07-01,Active,553950.09
LN-96-0,SYN-10096,306454.47,15.0516,36,10631.08,1063108,25,2026-07-01,Active,306454.47
LN-97-0,SYN-10097,582889.06,17.0154,24,28823.67,2882367,27,2026-07-01,Active,582889.06
LN-98-0,SYN-10098,441301.93,14.132,36,15110.97,1511097,24,2026-07-01,Active,441301.93
LN-99-0,SYN-10099,614344.65,17.083,36,21928.44,2192844,27,2026-07-01,Active,614344.65
LN-101-0,SYN-10101,677238.05,14.3997,24,32644.18,3264418,23,2026-07-01,Active,677238.05
LN-101-1,SYN-10101,368028.66,19.0309,12,33921.7,3392170,23,2026-07-01,Active,368028.66
LN-102-0,SYN-10102,785788.64,16.7514,24,38757.37,3875737,27,2026-07-01,Active,785788.64
LN-103-0,SYN-10103,352621.12,16.3994,24,17332.79,1733279,23,2026-07-01,Active,352621.12
LN-104-0,SYN-10104,198954.09,15.3198,36,6928.01,692801,21,2026-07-01,Active,198954.09
LN-105-0,SYN-10105,320345.63,15.4204,24,15596.55,1559655,23,2026-07-01,Active,320345.63
LN-106-0,SYN-10106,191197.28,13.4666,36,6485.24,648524,22,2026-07-01,Active,191197.28
LN-107-0,SYN-10107,170152.84,18.505,12,15640.54,1564054,20,2026-07-01,Active,170152.84
LN-108-0,SYN-10108,280277.24,10.633,24,13015.41,1301541,22,2026-07-01,Active,280277.24
LN-109-0,SYN-10109,403044.72,14.2773,36,13829.45,1382945,20,2026-07-01,Active,403044.72
LN-111-0,SYN-10111,446032.56,14.2296,12,40096.18,4009618,22,2026-07-01,Active,446032.56
LN-111-1,SYN-10111,325954.56,17.8932,12,29866.94,2986694,22,2026-07-01,Active,325954.56
LN-112-0,SYN-10112,725610.19,19.1744,36,26662.02,2666202,23,2026-07-01,Active,725610.19
LN-113-0,SYN-10113,266204.16,16.8754,12,24263.35,2426335,21,2026-07-01,Active,266204.16
LN-114-0,SYN-10114,221156.1,10.0967,36,7146.13,714613,26,2026-07-01,Active,221156.1
LN-115-0,SYN-10115,91990.2,14.6465,12,8287.54,828754,21,2026-07-01,Active,91990.2
LN-116-0,SYN-10116,103961.9,12.9781,24,4941.47,494147,28,2026-07-01,Active,103961.9
LN-117-0,SYN-10117,254546.81,10.1547,12,22397.03,2239703,28,2026-07-01,Active,254546.81
LN-118-0,SYN-10118,96153.45,13.3461,24,4586.96,458696,20,2026-07-01,Active,96153.45
LN-119-0,SYN-10119,460768.86,13.7363,24,22065.49,2206549,27,2026-07-01,Active,460768.86
LN-121-0,SYN-10121,337228.15,17.4887,24,16752.61,1675261,21,2026-07-01,Active,337228.15
LN-121-1,SYN-10121,384007.83,14.6987,24,18564.33,1856433,21,2026-07-01,Active,384007.83
LN-122-0,SYN-10122,526656.65,14.1855,12,47332.95,4733295,25,2026-07-01,Active,526656.65
LN-123-0,SYN-10123,425996.0,13.9816,24,20449.58,2044958,20,2026-07-01,Active,425996.0
LN-124-0,SYN-10124,163002.19,11.9338,24,7668.04,766804,20,2026-07-01,Active,163002.19
LN-125-0,SYN-10125,217655.83,15.7622,12,19723.61,1972361,25,2026-07-01,Active,217655.83
LN-126-0,SYN-10126,535978.3,15.5957,24,26139.73,2613973,23,2026-07-01,Active,535978.3
LN-127-0,SYN-10127,863962.49,18.7568,12,79519.57,7951957,23,2026-07-01,Active,863962.49
LN-128-0,SYN-10128,567332.74,13.7764,36,19328.54,1932854,23,2026-07-01,Active,567332.74
LN-129-0,SYN-10129,133978.64,13.0379,24,6371.97,637197,22,2026-07-01,Active,133978.64
LN-131-0,SYN-10131,231698.92,15.8316,24,11326.07,1132607,27,2026-07-01,Active,231698.92
LN-131-1,SYN-10131,214716.0,14.9555,24,10406.32,1040632,27,2026-07-01,Active,214716.0
LN-132-0,SYN-10132,557570.94,19.3401,12,51474.38,5147438,26,2026-07-01,Active,557570.94
LN-133-0,SYN-10133,149466.59,18.3733,36,5431.61,543161,22,2026-07-01,Active,149466.59
LN-134-0,SYN-10134,396979.21,12.6798,36,13314.65,1331465,23,2026-07-01,Active,396979.21
LN-135-0,SYN-10135,681645.59,16.0009,24,33375.8,3337580,28,2026-07-01,Active,681645.59
LN-136-0,SYN-10136,668007.04,18.715,24,33580.9,3358090,26,2026-07-01,Active,668007.04
LN-137-0,SYN-10137,263057.56,15.6229,24,12832.77,1283277,26,2026-07-01,Active,263057.56
LN-138-0,SYN-10138,350167.87,17.1012,12,31953.79,3195379,26,2026-07-01,Active,350167.87
LN-139-0,SYN-10139,157104.75,10.394,12,13840.81,1384081,22,2026-07-01,Active,157104.75
LN-141-0,SYN-10141,592851.58,12.5182,12,52817.98,5281798,23,2026-07-01,Active,592851.58
LN-141-1,SYN-10141,614346.43,17.288,36,21991.28,2199128,23,2026-07-01,Active,614346.43
LN-142-0,SYN-10142,134960.4,16.0781,12,12250.06,1225006,28,2026-07-01,Active,134960.4
LN-143-0,SYN-10143,245150.5,17.4023,36,8789.45,878945,22,2026-07-01,Active,245150.5
LN-144-0,SYN-10144,432011.43,18.1798,36,15657.23,1565723,21,2026-07-01,Active,432011.43
LN-145-0,SYN-10145,550099.22,11.9211,24,25874.81,2587481,27,2026-07-01,Active,550099.22
LN-146-0,SYN-10146,273978.11,13.8372,36,9342.27,934227,24,2026-07-01,Active,273978.11
LN-147-0,SYN-10147,175780.16,13.6887,36,5981.21,598121,26,2026-07-01,Active,175780.16
LN-148-0,SYN-10148,330318.39,12.5333,36,11055.63,1105563,21,2026-07-01,Active,330318.39
LN-149-0,SYN-10149,207931.16,18.2423,12,19087.11,1908711,28,2026-07-01,Active,207931.16
LN-151-0,SYN-10151,581683.49,12.3758,36,19424.8,1942480,25,2026-07-01,Active,581683.49
LN-151-1,SYN-10151,212952.23,18.0894,36,7708.29,770829,25,2026-07-01,Active,212952.23
LN-152-0,SYN-10152,219729.63,17.6863,12,20112.02,2011202,24,2026-07-01,Active,219729.63
LN-153-0,SYN-10153,159707.32,12.466,36,5340.19,534019,23,2026-07-01,Active,159707.32
LN-154-0,SYN-10154,329500.52,19.2217,36,12115.14,1211514,28,2026-07-01,Active,329500.52
LN-155-0,SYN-10155,131125.4,12.3791,36,4379.02,437902,25,2026-07-01,Active,131125.4
LN-156-0,SYN-10156,89289.04,10.1153,12,7854.71,785471,22,2026-07-01,Active,89289.04
LN-157-0,SYN-10157,223949.0,14.9721,24,10855.57,1085557,23,2026-07-01,Active,223949.0
LN-158-0,SYN-10158,239304.55,10.4543,36,7772.83,777283,26,2026-07-01,Active,239304.55
LN-159-0,SYN-10159,90453.04,10.4527,24,4192.87,419287,26,2026-07-01,Active,90453.04
LN-161-0,SYN-10161,345295.62,17.3417,36,12369.54,1236954,26,2026-07-01,Active,345295.62
LN-161-1,SYN-10161,169296.0,13.4329,36,5739.61,573961,26,2026-07-01,Active,169296.0
LN-162-0,SYN-10162,216973.16,14.4919,12,19531.65,1953165,26,2026-07-01,Active,216973.16
LN-163-0,SYN-10163,391530.47,10.0776,36,12647.86,1264786,25,2026-07-01,Active,391530.47
LN-164-0,SYN-10164,446360.13,15.8516,36,15660.01,1566001,22,2026-07-01,Active,446360.13
LN-165-0,SYN-10165,467117.21,15.4745,36,16301.54,1630154,27,2026-07-01,Active,467117.21
LN-166-0,SYN-10166,868977.35,17.6735,24,43245.95,4324595,25,2026-07-01,Active,868977.35
LN-167-0,SYN-10167,92851.05,17.0655,24,4593.69,459369,27,2026-07-01,Active,92851.05
LN-168-0,SYN-10168,275090.2,12.7459,24,13045.48,1304548,22,2026-07-01,Active,275090.2
LN-169-0,SYN-10169,580802.41,14.3241,12,52237.17,5223717,23,2026-07-01,Active,580802.41
LN-171-0,SYN-10171,174117.88,19.7984,36,6452.97,645297,26,2026-07-01,Active,174117.88
LN-171-1,SYN-10171,116996.67,10.2938,36,3791.31,379131,26,2026-07-01,Active,116996.67
LN-172-0,SYN-10172,208974.84,18.4359,36,7600.71,760071,20,2026-07-01,Active,208974.84
LN-173-0,SYN-10173,583238.33,18.0095,36,21088.23,2108823,26,2026-07-01,Active,583238.33
LN-174-0,SYN-10174,388409.82,18.3539,24,19457.5,1945750,25,2026-07-01,Active,388409.82
LN-175-0,SYN-10175,79119.02,16.9051,12,7212.47,721247,21,2026-07-01,Active,79119.02
LN-176-0,SYN-10176,350060.97,11.9922,12,31101.21,3110121,25,2026-07-01,Active,350060.97
LN-177-0,SYN-10177,979037.86,12.1353,36,32581.39,3258139,25,2026-07-01,Active,979037.86
LN-178-0,SYN-10178,220578.95,13.9975,24,10590.37,1059037,23,2026-07-01,Active,220578.95
LN-179-0,SYN-10179,391360.83,14.4262,12,35217.69,3521769,25,2026-07-01,Active,391360.83
LN-181-0,SYN-10181,536052.38,16.6138,12,48792.34,4879234,28,2026-07-01,Active,536052.38
LN-181-1,SYN-10181,321540.87,13.3845,12,28777.19,2877719,28,2026-07-01,Active,321540.87
LN-182-0,SYN-10182,516864.49,10.9934,24,24088.35,2408835,22,2026-07-01,Active,516864.49
LN-183-0,SYN-10183,264912.02,14.3439,12,23828.58,2382858,24,2026-07-01,Active,264912.02
LN-184-0,SYN-10184,851562.31,14.5364,36,29326.73,2932673,26,2026-07-01,Active,851562.31
LN-185-0,SYN-10185,579701.14,17.2124,24,28720.93,2872093,26,2026-07-01,Active,579701.14
LN-186-0,SYN-10186,272785.8,19.561,24,13825.23,1382523,25,2026-07-01,Active,272785.8
LN-187-0,SYN-10187,596649.09,18.5323,12,54852.05,5485205,25,2026-07-01,Active,596649.09
LN-188-0,SYN-10188,265374.61,16.5756,36,9405.38,940538,22,2026-07-01,Active,265374.61
LN-189-0,SYN-10189,468567.99,11.2971,12,41477.78,4147778,23,2026-07-01,Active,468567.99
LN-191-0,SYN-10191,185261.19,17.7398,24,9225.72,922572,24,2026-07-01,Active,185261.19
LN-191-1,SYN-10191,208475.63,11.5422,36,6878.88,687888,24,2026-07-01,Active,208475.63
LN-192-0,SYN-10192,343341.6,18.9372,12,31630.9,3163090,21,2026-07-01,Active,343341.6
LN-193-0,SYN-10193,254198.22,14.3116,24,12242.24,1224224,25,2026-07-01,Active,254198.22
LN-194-0,SYN-10194,650343.68,18.01,12,59626.61,5962661,24,2026-07-01,Active,650343.68
LN-195-0,SYN-10195,728110.99,15.8315,12,66004.11,6600411,28,2026-07-01,Active,728110.99
LN-196-0,SYN-10196,365583.31,12.6705,24,17323.96,1732396,25,2026-07-01,Active,365583.31
LN-197-0,SYN-10197,214428.34,19.5088,24,10862.12,1086212,28,2026-07-01,Active,214428.34
LN-198-0,SYN-10198,408610.26,10.1817,12,35957.87,3595787,21,2026-07-01,Active,408610.26
LN-199-0,SYN-10199,139996.39,10.6614,24,6502.95,650295,23,2026-07-01,Active,139996.39
LN-201-0,SYN-10201,580284.46,11.2953,12,51366.47,5136647,27,2026-07-01,Active,580284.46
LN-201-1,SYN-10201,693646.79,13.7969,36,23638.84,2363884,27,2026-07-01,Active,693646.79
LN-202-0,SYN-10202,391895.0,17.7152,36,14112.01,1411201,20,2026-07-01,Active,391895.0
LN-203-0,SYN-10203,133677.93,12.0705,24,6297.09,629709,20,2026-07-01,Active,133677.93
LN-204-0,SYN-10204,161127.75,17.8969,12,14764.28,1476428,25,2026-07-01,Active,161127.75
LN-205-0,SYN-10205,930750.05,17.0909,36,33225.92,3322592,20,2026-07-01,Active,930750.05
LN-206-0,SYN-10206,364189.4,13.3724,24,17378.01,1737801,24,2026-07-01,Active,364189.4
LN-207-0,SYN-10207,646319.17,16.3385,36,22830.84,2283084,20,2026-07-01,Active,646319.17
LN-208-0,SYN-10208,669830.59,15.68,36,23443.57,2344357,23,2026-07-01,Active,669830.59
LN-209-0,SYN-10209,150128.82,17.1904,24,7436.45,743645,28,2026-07-01,Active,150128.82
LN-211-0,SYN-10211,288774.24,17.2171,12,26367.35,2636735,23,2026-07-01,Active,288774.24
LN-211-1,SYN-10211,435738.82,19.8093,36,16151.3,1615130,23,2026-07-01,Active,435738.82
LN-212-0,SYN-10212,304668.49,17.4168,36,10925.57,1092557,20,2026-07-01,Active,304668.49
LN-213-0,SYN-10213,592383.02,13.7314,24,28366.9,2836690,27,2026-07-01,Active,592383.02
LN-214-0,SYN-10214,525417.09,16.908,24,25954.6,2595460,26,2026-07-01,Active,525417.09
LN-215-0,SYN-10215,401506.97,12.0499,24,18909.68,1890968,28,2026-07-01,Active,401506.97
LN-216-0,SYN-10216,485828.82,19.5724,24,24625.28,2462528,21,2026-07-01,Active,485828.82
LN-217-0,SYN-10217,766481.85,11.1458,24,35775.97,3577597,24,2026-07-01,Active,766481.85
LN-218-0,SYN-10218,215299.58,12.8393,24,10219.49,1021949,24,2026-07-01,Active,215299.58
LN-219-0,SYN-10219,451547.35,12.6009,12,40246.48,4024648,23,2026-07-01,Active,451547.35
LN-221-0,SYN-10221,678848.81,16.3147,36,23971.9,2397190,23,2026-07-01,Active,678848.81
LN-221-1,SYN-10221,222383.69,11.6233,12,19719.36,1971936,23,2026-07-01,Active,222383.69
LN-222-0,SYN-10222,451224.38,16.0634,36,15877.85,1587785,28,2026-07-01,Active,451224.38
LN-223-0,SYN-10223,148432.11,12.638,36,4975.42,497542,20,2026-07-01,Active,148432.11
LN-224-0,SYN-10224,71702.36,16.3008,12,6515.83,651583,23,2026-07-01,Active,71702.36
LN-225-0,SYN-10225,152059.81,16.7225,36,5400.37,540037,27,2026-07-01,Active,152059.81
LN-226-0,SYN-10226,321903.59,18.6192,36,11737.81,1173781,26,2026-07-01,Active,321903.59
LN-227-0,SYN-10227,297187.14,18.4735,24,14904.88,1490488,27,2026-07-01,Active,297187.14
LN-228-0,SYN-10228,954073.4,13.7572,24,45698.44,4569844,25,2026-07-01,Active,954073.4
LN-229-0,SYN-10229,334796.53,17.6063,24,16650.8,1665080,25,2026-07-01,Active,334796.53
LN-231-0,SYN-10231,789429.35,14.0402,12,70895.51,7089551,26,2026-07-01,Active,789429.35
LN-231-1,SYN-10231,934333.84,18.1376,12,85720.94,8572094,26,2026-07-01,Active,934333.84
LN-232-0,SYN-10232,414320.87,13.6195,24,19818.34,1981834,23,2026-07-01,Active,414320.87
LN-233-0,SYN-10233,296921.63,19.6907,36,10987.94,1098794,24,2026-07-01,Active,296921.63
LN-234-0,SYN-10234,298656.18,11.1841,24,13945.26,1394526,26,2026-07-01,Active,298656.18
LN-235-0,SYN-10235,259711.79,12.6397,12,23152.87,2315287,26,2026-07-01,Active,259711.79
LN-236-0,SYN-10236,422779.28,15.4712,36,14753.52,1475352,26,2026-07-01,Active,422779.28
LN-237-0,SYN-10237,143655.65,12.3886,36,4798.13,479813,27,2026-07-01,Active,143655.65
LN-238-0,SYN-10238,366624.68,14.1283,12,32940.31,3294031,23,2026-07-01,Active,366624.68
LN-239-0,SYN-10239,255492.23,14.3649,12,22983.8,2298380,27,2026-07-01,Active,255492.23
LN-241-0,SYN-10241,640680.04,10.2533,24,29639.1,2963910,28,2026-07-01,Active,640680.04
LN-241-1,SYN-10241,643320.2,11.8824,36,21331.31,2133131,28,2026-07-01,Active,643320.2
LN-242-0,SYN-10242,597498.0,18.1688,36,21651.61,2165161,25,2026-07-01,Active,597498.0
LN-243-0,SYN-10243,681851.24,12.1549,36,22697.71,2269771,28,2026-07-01,Active,681851.24
LN-244-0,SYN-10244,327783.81,12.8373,36,11018.66,1101866,20,2026-07-01,Active,327783.81
LN-245-0,SYN-10245,475672.83,17.6688,36,17117.77,1711777,28,2026-07-01,Active,475672.83
LN-246-0,SYN-10246,203248.11,19.9126,24,10335.8,1033580,24,2026-07-01,Active,203248.11
LN-247-0,SYN-10247,415376.58,15.3837,36,14477.33,1447733,25,2026-07-01,Active,415376.58
LN-248-0,SYN-10248,374365.04,16.2898,24,18381.96,1838196,21,2026-07-01,Active,374365.04
LN-249-0,SYN-10249,473735.7,17.8075,36,17080.97,1708097,24,2026-07-01,Active,473735.7
LN-251-0,SYN-10251,234642.79,18.6682,12,21586.74,2158674,25,2026-07-01,Active,234642.79
LN-251-1,SYN-10251,454767.12,16.9492,12,41465.97,4146597,25,2026-07-01,Active,454767.12
LN-252-0,SYN-10252,764414.63,10.1508,12,67257.8,6725780,24,2026-07-01,Active,764414.63
LN-253-0,SYN-10253,596206.96,19.913,24,30319.1,3031910,20,2026-07-01,Active,596206.96
LN-254-0,SYN-10254,171089.73,12.0694,12,15206.67,1520667,24,2026-07-01,Active,171089.73
LN-255-0,SYN-10255,408833.52,10.839,36,13353.53,1335353,23,2026-07-01,Active,408833.52
LN-256-0,SYN-10256,574542.98,10.2459,24,26577.49,2657749,20,2026-07-01,Active,574542.98
LN-257-0,SYN-10257,638321.06,12.2293,12,56782.56,5678256,26,2026-07-01,Active,638321.06
LN-258-0,SYN-10258,492472.76,14.7868,24,23828.49,2382849,22,2026-07-01,Active,492472.76
LN-259-0,SYN-10259,953973.17,11.6135,24,44734.85,4473485,23,2026-07-01,Active,953973.17
LN-261-0,SYN-10261,629446.98,17.4102,36,22570.23,2257023,20,2026-07-01,Active,629446.98
LN-261-1,SYN-10261,299613.03,12.5084,12,26691.56,2669156,20,2026-07-01,Active,299613.03
LN-262-0,SYN-10262,775456.65,11.3719,24,36276.38,3627638,25,2026-07-01,Active,775456.65
LN-263-0,SYN-10263,687587.02,14.5952,12,61929.19,6192919,21,2026-07-01,Active,687587.02
LN-264-0,SYN-10264,63602.03,14.5543,12,5727.24,572724,23,2026-07-01,Active,63602.03
LN-265-0,SYN-10265,247261.64,14.4308,24,11922.13,1192213,21,2026-07-01,Active,247261.64
LN-266-0,SYN-10266,646322.52,19.0676,24,32601.46,3260146,26,2026-07-01,Active,646322.52
LN-267-0,SYN-10267,236881.43,16.0505,12,21498.11,2149811,21,2026-07-01,Active,236881.43
LN-268-0,SYN-10268,355552.52,12.3547,12,31649.44,3164944,20,2026-07-01,Active,355552.52
LN-269-0,SYN-10269,93684.69,19.2861,24,4735.55,473555,22,2026-07-01,Active,93684.69
LN-271-0,SYN-10271,481993.23,19.4399,36,17775.33,1777533,25,2026-07-01,Active,481993.23
LN-271-1,SYN-10271,694601.09,17.1231,12,63391.5,6339150,25,2026-07-01,Active,694601.09
LN-272-0,SYN-10272,129080.0,11.6329,12,11446.45,1144645,27,2026-07-01,Active,129080.0
LN-273-0,SYN-10273,369552.38,12.9339,12,32995.95,3299595,20,2026-07-01,Active,369552.38
LN-274-0,SYN-10274,825057.77,19.5983,24,41830.27,4183027,24,2026-07-01,Active,825057.77
LN-275-0,SYN-10275,231550.77,13.8203,24,11097.77,1109777,20,2026-07-01,Active,231550.77
LN-276-0,SYN-10276,711813.0,16.1475,12,64633.09,6463309,25,2026-07-01,Active,711813.0
LN-277-0,SYN-10277,546804.46,16.1109,12,49640.73,4964073,24,2026-07-01,Active,546804.46
LN-278-0,SYN-10278,304034.04,13.3693,36,10298.27,1029827,21,2026-07-01,Active,304034.04
LN-279-0,SYN-10279,213624.7,12.1794,12,18998.23,1899823,25,2026-07-01,Active,213624.7
LN-281-0,SYN-10281,432439.46,12.7444,24,20507.08,2050708,27,2026-07-01,Active,432439.46
LN-281-1,SYN-10281,469119.59,16.2232,24,23019.61,2301961,27,2026-07-01,Active,469119.59
LN-282-0,SYN-10282,179784.72,16.5804,36,6372.33,637233,28,2026-07-01,Active,179784.72
LN-283-0,SYN-10283,332976.66,12.1904,36,11089.9,1108990,20,2026-07-01,Active,332976.66
LN-284-0,SYN-10284,231550.93,13.0848,24,11017.58,1101758,20,2026-07-01,Active,231550.93
LN-285-0,SYN-10285,375115.26,11.2936,24,17534.49,1753449,21,2026-07-01,Active,375115.26
LN-286-0,SYN-10286,279927.63,16.1493,12,25417.85,2541785,20,2026-07-01,Active,279927.63
LN-287-0,SYN-10287,141568.88,14.7481,24,6847.27,684727,22,2026-07-01,Active,141568.88
LN-288-0,SYN-10288,340533.13,18.0375,24,17006.98,1700698,22,2026-07-01,Active,340533.13
LN-289-0,SYN-10289,239093.99,18.8135,36,8741.71,874171,23,2026-07-01,Active,239093.99
LN-291-0,SYN-10291,867044.46,16.4888,24,42655.99,4265599,21,2026-07-01,Active,867044.46
LN-291-1,SYN-10291,635932.83,18.5911,36,23179.49,2317949,21,2026-07-01,Active,635932.83
LN-292-0,SYN-10292,361820.46,17.652,36,13017.6,1301760,22,2026-07-01,Active,361820.46
LN-293-0,SYN-10293,486274.01,16.553,24,23938.18,2393818,22,2026-07-01,Active,486274.01
LN-294-0,SYN-10294,862081.19,13.4614,12,77185.48,7718548,21,2026-07-01,Active,862081.19
LN-295-0,SYN-10295,380480.49,19.5976,24,19290.16,1929016,26,2026-07-01,Active,380480.49
LN-296-0,SYN-10296,230119.52,12.5434,36,7703.12,770312,25,2026-07-01,Active,230119.52
LN-297-0,SYN-10297,268957.13,12.406,12,23947.63,2394763,24,2026-07-01,Active,268957.13
LN-298-0,SYN-10298,689770.82,19.9499,12,63880.04,6388004,23,2026-07-01,Active,689770.82
LN-299-0,SYN-10299,250462.06,11.7936,24,11765.99,1176599,28,2026-07-01,Active,250462.06
LN-301-0,SYN-10301,300423.79,11.3531,36,9885.8,988580,20,2026-07-01,Active,300423.79
LN-301-1,SYN-10301,675289.2,16.8771,36,24034.63,2403463,20,2026-07-01,Active,675289.2
LN-302-0,SYN-10302,384932.4,10.8092,24,17906.8,1790680,21,2026-07-01,Active,384932.4
LN-303-0,SYN-10303,202505.39,11.5011,36,6677.93,667793,28,2026-07-01,Active,202505.39
LN-304-0,SYN-10304,532317.03,15.8643,24,26029.38,2602938,24,2026-07-01,Active,532317.03
LN-305-0,SYN-10305,398247.96,18.2914,24,19938.28,1993828,20,2026-07-01,Active,398247.96
LN-306-0,SYN-10306,967575.72,15.8179,24,47291.37,4729137,20,2026-07-01,Active,967575.72
LN-307-0,SYN-10307,82558.18,19.7102,12,7636.29,763629,28,2026-07-01,Active,82558.18
LN-308-0,SYN-10308,223638.41,11.6877,36,7394.68,739468,20,2026-07-01,Active,223638.41
LN-309-0,SYN-10309,933618.77,19.1854,24,47146.57,4714657,21,2026-07-01,Active,933618.77
LN-311-0,SYN-10311,362132.28,16.98,24,17901.17,1790117,20,2026-07-01,Active,362132.28
LN-311-1,SYN-10311,382273.6,11.9146,24,17979.71,1797971,20,2026-07-01,Active,382273.6
LN-312-0,SYN-10312,297022.35,14.5253,12,26742.25,2674225,27,2026-07-01,Active,297022.35
LN-313-0,SYN-10313,194505.83,19.0182,36,7131.6,713160,25,2026-07-01,Active,194505.83
LN-314-0,SYN-10314,344659.79,16.6613,12,31379.24,3137924,22,2026-07-01,Active,344659.79
LN-315-0,SYN-10315,365666.65,13.0171,12,32663.28,3266328,20,2026-07-01,Active,365666.65
LN-316-0,SYN-10316,385426.28,10.8211,36,12585.74,1258574,26,2026-07-01,Active,385426.28
LN-317-0,SYN-10317,817709.25,19.8434,36,30323.78,3032378,23,2026-07-01,Active,817709.25
LN-318-0,SYN-10318,406289.29,14.0459,24,19515.92,1951592,23,2026-07-01,Active,406289.29
LN-319-0,SYN-10319,209613.8,11.2576,12,18551.21,1855121,28,2026-07-01,Active,209613.8
LN-321-0,SYN-10321,400264.2,17.2078,36,14311.93,1431193,22,2026-07-01,Active,400264.2
LN-321-1,SYN-10321,145737.18,13.2578,36,4928.58,492858,22,2026-07-01,Active,145737.18
LN-322-0,SYN-10322,386441.38,15.3858,36,13469.25,1346925,21,2026-07-01,Active,386441.38
LN-323-0,SYN-10323,787640.14,13.5487,24,37649.15,3764915,26,2026-07-01,Active,787640.14
LN-324-0,SYN-10324,232848.34,16.7127,36,8268.42,826842,20,2026-07-01,Active,232848.34
LN-325-0,SYN-10325,147379.81,11.2497,12,13042.84,1304284,25,2026-07-01,Active,147379.81
LN-326-0,SYN-10326,231868.92,10.3972,36,7525.08,752508,25,2026-07-01,Active,231868.92
LN-327-0,SYN-10327,236316.25,14.2666,12,21247.81,2124781,21,2026-07-01,Active,236316.25
LN-328-0,SYN-10328,589925.08,11.3385,24,27587.93,2758793,27,2026-07-01,Active,589925.08
LN-329-0,SYN-10329,569365.38,16.2397,24,27943.15,2794315,22,2026-07-01,Active,569365.38
LN-331-0,SYN-10331,563681.41,15.7609,36,19750.89,1975089,22,2026-07-01,Active,563681.41
LN-331-1,SYN-10331,700110.08,17.5632,12,64040.63,6404063,22,2026-07-01,Active,700110.08
LN-332-0,SYN-10332,355160.46,17.8177,24,17699.8,1769980,22,2026-07-01,Active,355160.46
LN-333-0,SYN-10333,194056.83,14.587,36,6687.86,668786,27,2026-07-01,Active,194056.83
LN-334-0,SYN-10334,444768.72,17.3062,24,22055.86,2205586,24,2026-07-01,Active,444768.72
LN-335-0,SYN-10335,114553.81,18.757,12,10543.61,1054361,21,2026-07-01,Active,114553.81
LN-336-0,SYN-10336,163272.52,16.5908,12,14859.54,1485954,25,2026-07-01,Active,163272.52
LN-337-0,SYN-10337,676149.26,12.8723,12,60351.3,6035130,21,2026-07-01,Active,676149.26
LN-338-0,SYN-10338,249234.95,17.896,24,12430.3,1243030,26,2026-07-01,Active,249234.95
LN-339-0,SYN-10339,239929.66,18.8358,12,22092.3,2209230,24,2026-07-01,Active,239929.66
LN-341-0,SYN-10341,129352.59,13.3722,36,4381.62,438162,26,2026-07-01,Active,129352.59
LN-341-1,SYN-10341,314151.83,11.5847,36,10372.13,1037213,26,2026-07-01,Active,314151.83
LN-342-0,SYN-10342,227500.74,18.2946,24,11390.18,1139018,23,2026-07-01,Active,227500.74
LN-343-0,SYN-10343,235161.85,12.9354,36,7916.21,791621,21,2026-07-01,Active,235161.85
LN-344-0,SYN-10344,743177.66,19.8376,24,37765.67,3776567,27,2026-07-01,Active,743177.66
LN-345-0,SYN-10345,384436.88,17.2442,36,13752.99,1375299,26,2026-07-01,Active,384436.88
LN-346-0,SYN-10346,294664.3,19.7482,36,10913.01,1091301,27,2026-07-01,Active,294664.3
LN-347-0,SYN-10347,259845.3,11.1636,24,12130.57,1213057,24,2026-07-01,Active,259845.3
LN-348-0,SYN-10348,315261.99,17.0075,36,11241.12,1124112,22,2026-07-01,Active,315261.99
LN-349-0,SYN-10349,809021.75,10.5474,12,71331.99,7133199,21,2026-07-01,Active,809021.75
LN-351-0,SYN-10351,229017.62,16.7996,36,8142.28,814228,21,2026-07-01,Active,229017.62
LN-351-1,SYN-10351,687518.54,12.0251,36,22843.7,2284370,21,2026-07-01,Active,687518.54
LN-352-0,SYN-10352,382530.07,12.2109,12,34025.09,3402509,25,2026-07-01,Active,382530.07
LN-353-0,SYN-10353,200679.75,19.3223,12,18524.84,1852484,26,2026-07-01,Active,200679.75
LN-354-0,SYN-10354,715206.02,17.7693,24,35626.34,3562634,23,2026-07-01,Active,715206.02
LN-355-0,SYN-10355,154800.23,19.6943,36,5728.85,572885,28,2026-07-01,Active,154800.23
LN-356-0,SYN-10356,596307.69,12.321,12,53070.82,5307082,22,2026-07-01,Active,596307.69
LN-357-0,SYN-10357,557782.21,12.349,24,26347.74,2634774,25,2026-07-01,Active,557782.21
LN-358-0,SYN-10358,267933.62,13.2284,36,9057.24,905724,20,2026-07-01,Active,267933.62
LN-359-0,SYN-10359,550274.0,16.4485,12,50043.69,5004369,21,2026-07-01,Active,550274.0
LN-361-0,SYN-10361,369215.88,13.7852,12,33113.52,3311352,21,2026-07-01,Active,369215.88
LN-361-1,SYN-10361,428638.94,10.4011,12,37764.18,3776418,21,2026-07-01,Active,428638.94
LN-362-0,SYN-10362,547560.42,12.1888,36,18236.27,1823627,28,2026-07-01,Active,547560.42
LN-363-0,SYN-10363,258689.13,14.724,12,23315.17,2331517,24,2026-07-01,Active,258689.13
LN-364-0,SYN-10364,105927.31,16.3786,24,5205.71,520571,25,2026-07-01,Active,105927.31
LN-365-0,SYN-10365,171143.7,17.8598,12,15679.04,1567904,25,2026-07-01,Active,171143.7
LN-366-0,SYN-10366,289927.88,13.104,24,13797.87,1379787,27,2026-07-01,Active,289927.88
LN-367-0,SYN-10367,508532.49,14.2775,12,45726.08,4572608,25,2026-07-01,Active,508532.49
LN-368-0,SYN-10368,499773.96,18.6188,24,25100.46,2510046,24,2026-07-01,Active,499773.96
LN-369-0,SYN-10369,105745.0,12.2901,24,4992.12,499212,27,2026-07-01,Active,105745.0
LN-371-0,SYN-10371,220085.19,14.0737,12,19768.45,1976845,20,2026-07-01,Active,220085.19
LN-371-1,SYN-10371,499107.69,19.6697,12,46155.74,4615574,20,2026-07-01,Active,499107.69
LN-372-0,SYN-10372,128857.48,16.8559,36,4584.88,458488,20,2026-07-01,Active,128857.48
LN-373-0,SYN-10373,861571.48,13.4526,12,77136.3,7713630,24,2026-07-01,Active,861571.48
LN-374-0,SYN-10374,307944.22,16.5375,36,10908.3,1090830,24,2026-07-01,Active,307944.22
LN-375-0,SYN-10375,668133.89,16.8194,24,32976.11,3297611,28,2026-07-01,Active,668133.89
LN-376-0,SYN-10376,293217.71,16.2399,36,10343.42,1034342,22,2026-07-01,Active,293217.71
LN-377-0,SYN-10377,381715.21,16.462,24,18774.34,1877434,26,2026-07-01,Active,381715.21
LN-378-0,SYN-10378,199805.24,18.871,12,18401.06,1840106,21,2026-07-01,Active,199805.24
LN-379-0,SYN-10379,564634.93,12.3288,12,50254.02,5025402,27,2026-07-01,Active,564634.93
LN-381-0,SYN-10381,562851.27,13.2068,12,50326.97,5032697,28,2026-07-01,Active,562851.27
LN-381-1,SYN-10381,372882.3,19.397,36,13743.34,1374334,28,2026-07-01,Active,372882.3
LN-382-0,SYN-10382,550545.72,12.9679,24,26165.66,2616566,28,2026-07-01,Active,550545.72
LN-383-0,SYN-10383,169550.01,17.5768,24,8430.0,843000,23,2026-07-01,Active,169550.01
LN-384-0,SYN-10384,432943.51,16.6616,12,39417.01,3941701,25,2026-07-01,Active,432943.51
LN-385-0,SYN-10385,63042.61,13.5971,36,2142.33,214233,21,2026-07-01,Active,63042.61
LN-386-0,SYN-10386,216204.07,11.8523,12,19194.53,1919453,26,2026-07-01,Active,216204.07
LN-387-0,SYN-10387,230894.5,18.9885,36,8462.33,846233,20,2026-07-01,Active,230894.5
LN-388-0,SYN-10388,546984.47,13.8073,36,18643.49,1864349,21,2026-07-01,Active,546984.47
LN-389-0,SYN-10389,217471.47,10.3865,36,7056.72,705672,27,2026-07-01,Active,217471.47
LN-391-0,SYN-10391,98399.6,16.0136,24,4818.59,481859,25,2026-07-01,Active,98399.6
LN-391-1,SYN-10391,293075.57,10.9646,36,9590.0,959000,25,2026-07-01,Active,293075.57
LN-392-0,SYN-10392,260922.01,19.3924,12,24094.58,2409458,27,2026-07-01,Active,260922.01
LN-393-0,SYN-10393,243248.67,11.3794,12,21541.79,2154179,23,2026-07-01,Active,243248.67
LN-394-0,SYN-10394,230923.11,18.4853,24,11582.85,1158285,27,2026-07-01,Active,230923.11
LN-395-0,SYN-10395,473951.24,18.4865,24,23773.15,2377315,28,2026-07-01,Active,473951.24
LN-396-0,SYN-10396,182825.42,14.558,24,8826.25,882625,28,2026-07-01,Active,182825.42
LN-397-0,SYN-10397,138714.81,14.1652,12,12465.59,1246559,23,2026-07-01,Active,138714.81
LN-398-0,SYN-10398,202567.23,19.9791,36,7525.97,752597,27,2026-07-01,Active,202567.23
LN-399-0,SYN-10399,151553.37,12.7923,12,13521.57,1352157,25,2026-07-01,Active,151553.37
LN-401-0,SYN-10401,194382.74,13.3051,24,9269.19,926919,27,2026-07-01,Active,194382.74
LN-401-1,SYN-10401,346884.43,11.5321,12,30744.39,3074439,27,2026-07-01,Active,346884.43
LN-402-0,SYN-10402,241165.39,18.3815,24,12084.47,1208447,21,2026-07-01,Active,241165.39
LN-403-0,SYN-10403,325654.92,19.4561,24,16488.07,1648807,20,2026-07-01,Active,325654.92
LN-404-0,SYN-10404,193367.31,19.8088,36,7167.4,716740,23,2026-07-01,Active,193367.31
LN-405-0,SYN-10405,190065.94,17.8847,24,9478.28,947828,25,2026-07-01,Active,190065.94
LN-406-0,SYN-10406,755446.63,14.1221,12,67872.77,6787277,24,2026-07-01,Active,755446.63
LN-407-0,SYN-10407,263012.57,12.2212,24,12408.1,1240810,25,2026-07-01,Active,263012.57
LN-408-0,SYN-10408,271013.15,12.5743,36,9076.03,907603,26,2026-07-01,Active,271013.15
LN-409-0,SYN-10409,328356.28,15.4866,24,15996.91,1599691,21,2026-07-01,Active,328356.28
LN-411-0,SYN-10411,295974.87,15.3636,36,10312.85,1031285,24,2026-07-01,Active,295974.87
LN-411-1,SYN-10411,191270.82,14.6789,24,9244.93,924493,24,2026-07-01,Active,191270.82
LN-412-0,SYN-10412,166492.98,11.3996,36,5482.33,548233,25,2026-07-01,Active,166492.98
LN-413-0,SYN-10413,375246.35,19.5696,36,13863.35,1386335,22,2026-07-01,Active,375246.35
LN-414-0,SYN-10414,301441.28,11.0216,36,9871.88,987188,21,2026-07-01,Active,301441.28
LN-415-0,SYN-10415,209331.16,19.6094,36,7737.9,773790,22,2026-07-01,Active,209331.16
LN-416-0,SYN-10416,278810.24,15.4828,36,9731.1,973110,22,2026-07-01,Active,278810.24
LN-417-0,SYN-10417,176954.8,19.8021,24,8989.16,898916,28,2026-07-01,Active,176954.8
LN-418-0,SYN-10418,282634.84,18.3833,36,10272.36,1027236,24,2026-07-01,Active,282634.84
LN-419-0,SYN-10419,89968.23,18.2604,12,8259.44,825944,25,2026-07-01,Active,89968.23
LN-421-0,SYN-10421,176608.68,12.1143,12,15700.91,1570091,20,2026-07-01,Active,176608.68
LN-421-1,SYN-10421,205659.73,14.8921,24,9961.21,996121,20,2026-07-01,Active,205659.73
LN-422-0,SYN-10422,496177.12,14.329,12,44627.16,4462716,25,2026-07-01,Active,496177.12
LN-423-0,SYN-10423,241619.55,10.1701,12,21261.32,2126132,24,2026-07-01,Active,241619.55
LN-424-0,SYN-10424,268810.53,12.0899,36,8939.9,893990,26,2026-07-01,Active,268810.53
LN-425-0,SYN-10425,945250.81,12.1855,12,84066.45,8406645,22,2026-07-01,Active,945250.81
LN-426-0,SYN-10426,148213.16,17.6083,36,5329.18,532918,23,2026-07-01,Active,148213.16
LN-427-0,SYN-10427,327370.91,17.3534,36,11729.32,1172932,22,2026-07-01,Active,327370.91
LN-428-0,SYN-10428,899981.43,14.0429,36,30777.98,3077798,28,2026-07-01,Active,899981.43
LN-429-0,SYN-10429,75158.35,11.93,24,3535.51,353551,27,2026-07-01,Active,75158.35
LN-431-0,SYN-10431,427927.28,12.6117,12,38143.39,3814339,21,2026-07-01,Active,427927.28
LN-431-1,SYN-10431,300925.72,18.2798,24,15064.16,1506416,21,2026-07-01,Active,300925.72
LN-432-0,SYN-10432,164295.46,13.9613,36,5612.14,561214,27,2026-07-01,Active,164295.46
LN-433-0,SYN-10433,261629.26,11.2846,24,12228.57,1222857,24,2026-07-01,Active,261629.26
LN-434-0,SYN-10434,142769.07,10.142,36,4616.28,461628,24,2026-07-01,Active,142769.07
LN-435-0,SYN-10435,539721.53,14.1116,24,25942.05,2594205,25,2026-07-01,Active,539721.53
LN-436-0,SYN-10436,476420.5,10.5262,12,42001.6,4200160,24,2026-07-01,Active,476420.5
LN-437-0,SYN-10437,434947.12,13.6248,12,38975.91,3897591,28,2026-07-01,Active,434947.12
LN-438-0,SYN-10438,578344.07,19.2933,12,53379.21,5337921,24,2026-07-01,Active,578344.07
LN-439-0,SYN-10439,519675.9,14.2203,36,17816.93,1781693,25,2026-07-01,Active,519675.9
LN-441-0,SYN-10441,211406.77,16.4886,24,10400.56,1040056,25,2026-07-01,Active,211406.77
LN-441-1,SYN-10441,273578.1,18.524,24,13727.51,1372751,25,2026-07-01,Active,273578.1
LN-442-0,SYN-10442,135889.16,10.8301,36,4437.91,443791,23,2026-07-01,Active,135889.16
LN-443-0,SYN-10443,422099.14,16.9235,36,15032.92,1503292,20,2026-07-01,Active,422099.14
LN-444-0,SYN-10444,376206.58,17.733,36,13550.43,1355043,27,2026-07-01,Active,376206.58
LN-445-0,SYN-10445,573183.24,19.085,36,21035.27,2103527,22,2026-07-01,Active,573183.24
LN-446-0,SYN-10446,800351.73,16.1095,12,72658.08,7265808,27,2026-07-01,Active,800351.73
LN-447-0,SYN-10447,84011.77,12.669,12,7490.66,749066,20,2026-07-01,Active,84011.77
LN-448-0,SYN-10448,173158.92,14.6616,24,8368.08,836808,27,2026-07-01,Active,173158.92
LN-449-0,SYN-10449,418709.73,18.0797,24,20919.84,2091984,25,2026-07-01,Active,418709.73
LN-451-0,SYN-10451,202715.7,11.4396,12,17957.94,1795794,21,2026-07-01,Active,202715.7
LN-451-1,SYN-10451,697952.65,13.0584,12,62358.37,6235837,21,2026-07-01,Active,697952.65
LN-452-0,SYN-10452,612051.87,13.3066,36,20712.96,2071296,20,2026-07-01,Active,612051.87
LN-453-0,SYN-10453,810411.12,18.7198,36,29591.77,2959177,24,2026-07-01,Active,810411.12
LN-454-0,SYN-10454,182763.74,17.4466,36,6556.72,655672,27,2026-07-01,Active,182763.74
LN-455-0,SYN-10455,785623.09,12.8522,12,70115.24,7011524,20,2026-07-01,Active,785623.09
LN-456-0,SYN-10456,398003.49,13.2777,36,13463.61,1346361,25,2026-07-01,Active,398003.49
LN-457-0,SYN-10457,163893.72,19.5856,24,8308.36,830836,26,2026-07-01,Active,163893.72
LN-458-0,SYN-10458,204396.8,10.1432,12,17983.34,1798334,28,2026-07-01,Active,204396.8
LN-459-0,SYN-10459,572224.61,13.0433,36,19292.45,1929245,26,2026-07-01,Active,572224.61
LN-461-0,SYN-10461,576483.36,16.7765,24,28440.76,2844076,21,2026-07-01,Active,576483.36
LN-461-1,SYN-10461,685827.32,14.6438,36,23654.96,2365496,21,2026-07-01,Active,685827.32
LN-462-0,SYN-10462,313050.24,11.6784,36,10349.73,1034973,25,2026-07-01,Active,313050.24
LN-463-0,SYN-10463,166707.64,19.929,24,8478.94,847894,20,2026-07-01,Active,166707.64
LN-464-0,SYN-10464,369278.68,17.2783,12,33728.77,3372877,21,2026-07-01,Active,369278.68
LN-465-0,SYN-10465,788074.11,15.8726,36,27656.81,2765681,20,2026-07-01,Active,788074.11
LN-466-0,SYN-10466,425959.52,16.5899,24,20976.57,2097657,28,2026-07-01,Active,425959.52
LN-467-0,SYN-10467,542767.82,10.9269,36,17750.73,1775073,26,2026-07-01,Active,542767.82
LN-468-0,SYN-10468,300571.7,14.5458,24,14508.94,1450894,26,2026-07-01,Active,300571.7
LN-469-0,SYN-10469,399198.52,11.096,24,18623.59,1862359,21,2026-07-01,Active,399198.52
LN-471-0,SYN-10471,529826.73,16.8282,36,18844.49,1884449,22,2026-07-01,Active,529826.73
LN-471-1,SYN-10471,149274.19,19.8544,36,5536.5,553650,22,2026-07-01,Active,149274.19
LN-472-0,SYN-10472,413340.35,15.9336,12,37489.74,3748974,28,2026-07-01,Active,413340.35
LN-473-0,SYN-10473,293538.71,19.4803,36,10831.38,1083138,21,2026-07-01,Active,293538.71
LN-474-0,SYN-10474,525464.72,11.2848,12,46511.27,4651127,26,2026-07-01,Active,525464.72
LN-475-0,SYN-10475,265924.14,12.1484,36,8851.35,885135,21,2026-07-01,Active,265924.14
LN-476-0,SYN-10476,190556.9,16.9423,24,9416.28,941628,27,2026-07-01,Active,190556.9
LN-477-0,SYN-10477,372445.84,14.4819,24,17967.11,1796711,27,2026-07-01,Active,372445.84
LN-478-0,SYN-10478,246185.86,16.909,24,12161.22,1216122,23,2026-07-01,Active,246185.86
LN-479-0,SYN-10479,325009.14,13.0629,36,10960.69,1096069,26,2026-07-01,Active,325009.14
LN-481-0,SYN-10481,367467.12,17.9502,36,13275.64,1327564,23,2026-07-01,Active,367467.12
LN-481-1,SYN-10481,710882.15,12.8635,12,63448.53,6344853,23,2026-07-01,Active,710882.15
LN-482-0,SYN-10482,622531.17,10.6691,24,28919.29,2891929,26,2026-07-01,Active,622531.17
LN-483-0,SYN-10483,315657.03,13.34,24,15057.37,1505737,22,2026-07-01,Active,315657.03
LN-484-0,SYN-10484,382199.71,17.8069,36,13780.43,1378043,23,2026-07-01,Active,382199.71
LN-485-0,SYN-10485,126357.69,16.9433,12,11521.02,1152102,24,2026-07-01,Active,126357.69
LN-486-0,SYN-10486,320332.76,17.5226,12,29295.37,2929537,24,2026-07-01,Active,320332.76
LN-487-0,SYN-10487,565548.64,18.2571,24,28304.81,2830481,22,2026-07-01,Active,565548.64
LN-488-0,SYN-10488,410022.71,15.1757,12,37041.96,3704196,26,2026-07-01,Active,410022.71
LN-489-0,SYN-10489,239910.17,18.1924,24,11999.61,1199961,20,2026-07-01,Active,239910.17
LN-491-0,SYN-10491,296348.48,10.5083,24,13744.61,1374461,28,2026-07-01,Active,296348.48
LN-491-1,SYN-10491,371945.63,15.489,24,18120.94,1812094,28,2026-07-01,Active,371945.63
LN-492-0,SYN-10492,756462.66,11.5557,36,24965.18,2496518,23,2026-07-01,Active,756462.66
LN-493-0,SYN-10493,350738.43,17.0423,36,12512.17,1251217,22,2026-07-01,Active,350738.43
LN-494-0,SYN-10494,129517.02,14.1119,12,11635.78,1163578,23,2026-07-01,Active,129517.02
LN-495-0,SYN-10495,116233.12,14.7723,24,5623.19,562319,20,2026-07-01,Active,116233.12
LN-496-0,SYN-10496,253922.24,10.6014,36,8265.24,826524,23,2026-07-01,Active,253922.24
LN-497-0,SYN-10497,646832.39,19.1999,12,59671.58,5967158,21,2026-07-01,Active,646832.39
LN-498-0,SYN-10498,517057.24,11.3465,24,24182.17,2418217,28,2026-07-01,Active,517057.24
LN-499-0,SYN-10499,273373.76,17.852,12,25043.66,2504366,20,2026-07-01,Active,273373.76
LN-501-0,SYN-10501,309860.36,10.2294,24,14331.31,1433131,28,2026-07-01,Active,309860.36
LN-501-1,SYN-10501,289232.49,15.0801,24,14034.92,1403492,28,2026-07-01,Active,289232.49
LN-502-0,SYN-10502,376618.03,11.5211,24,17644.6,1764460,20,2026-07-01,Active,376618.03
LN-503-0,SYN-10503,466309.89,13.3159,12,41718.66,4171866,20,2026-07-01,Active,466309.89
LN-504-0,SYN-10504,326997.43,18.5089,36,11905.39,1190539,21,2026-07-01,Active,326997.43
LN-505-0,SYN-10505,429525.54,13.4587,36,14567.49,1456749,28,2026-07-01,Active,429525.54
LN-506-0,SYN-10506,303883.8,18.403,24,15230.36,1523036,25,2026-07-01,Active,303883.8
LN-507-0,SYN-10507,380971.95,16.6083,12,34675.67,3467567,27,2026-07-01,Active,380971.95
LN-508-0,SYN-10508,708474.0,11.456,36,23347.83,2334783,21,2026-07-01,Active,708474.0
LN-509-0,SYN-10509,151878.75,13.628,12,13610.18,1361018,25,2026-07-01,Active,151878.75
LN-511-0,SYN-10511,332451.7,15.2465,24,16158.44,1615844,20,2026-07-01,Active,332451.7
LN-511-1,SYN-10511,181764.91,16.5507,24,8947.67,894767,20,2026-07-01,Active,181764.91
LN-512-0,SYN-10512,173172.45,13.3261,12,15493.8,1549380,22,2026-07-01,Active,173172.45
LN-513-0,SYN-10513,307402.08,16.9312,12,28026.49,2802649,21,2026-07-01,Active,307402.08
LN-514-0,SYN-10514,139795.07,12.9182,12,12480.75,1248075,26,2026-07-01,Active,139795.07
LN-515-0,SYN-10515,203386.26,16.8247,24,10038.75,1003875,21,2026-07-01,Active,203386.26
LN-516-0,SYN-10516,479168.98,17.7382,24,23861.51,2386151,22,2026-07-01,Active,479168.98
LN-517-0,SYN-10517,638186.83,12.5553,24,30207.44,3020744,25,2026-07-01,Active,638186.83
LN-518-0,SYN-10518,787101.04,19.7954,24,39981.52,3998152,28,2026-07-01,Active,787101.04
LN-519-0,SYN-10519,257755.59,14.9374,12,23256.97,2325697,26,2026-07-01,Active,257755.59
LN-521-0,SYN-10521,130843.73,13.3404,24,6241.49,624149,20,2026-07-01,Active,130843.73
LN-521-1,SYN-10521,278919.87,11.5488,12,24722.86,2472286,20,2026-07-01,Active,278919.87
LN-522-0,SYN-10522,625914.09,15.6044,24,30528.51,3052851,28,2026-07-01,Active,625914.09
LN-523-0,SYN-10523,300396.61,11.3043,24,14043.32,1404332,25,2026-07-01,Active,300396.61
LN-524-0,SYN-10524,303536.33,10.1339,24,14025.43,1402543,28,2026-07-01,Active,303536.33
LN-525-0,SYN-10525,897097.72,18.8448,12,82607.0,8260700,28,2026-07-01,Active,897097.72
LN-526-0,SYN-10526,955089.58,17.9795,36,34518.96,3451896,25,2026-07-01,Active,955089.58
LN-527-0,SYN-10527,231357.59,15.6042,24,11284.28,1128428,24,2026-07-01,Active,231357.59
LN-528-0,SYN-10528,442376.83,15.0969,12,39948.42,3994842,24,2026-07-01,Active,442376.83
LN-529-0,SYN-10529,132607.43,15.4201,36,4624.21,462421,20,2026-07-01,Active,132607.43
LN-531-0,SYN-10531,381216.77,18.5095,36,13879.52,1387952,25,2026-07-01,Active,381216.77
LN-531-1,SYN-10531,490229.72,10.5071,24,22736.52,2273652,25,2026-07-01,Active,490229.72
LN-532-0,SYN-10532,516816.97,16.7284,12,47069.57,4706957,21,2026-07-01,Active,516816.97
LN-533-0,SYN-10533,373870.98,12.0332,24,17605.19,1760519,23,2026-07-01,Active,373870.98
LN-534-0,SYN-10534,210507.24,10.7159,24,9783.54,978354,24,2026-07-01,Active,210507.24
LN-535-0,SYN-10535,713459.63,15.0257,36,24741.3,2474130,23,2026-07-01,Active,713459.63
LN-536-0,SYN-10536,759206.0,17.8776,36,27400.52,2740052,23,2026-07-01,Active,759206.0
LN-537-0,SYN-10537,463720.19,12.3595,12,41279.01,4127901,21,2026-07-01,Active,463720.19
LN-538-0,SYN-10538,369154.55,17.4495,24,18331.68,1833168,27,2026-07-01,Active,369154.55
LN-539-0,SYN-10539,353280.56,16.7984,12,32187.07,3218707,23,2026-07-01,Active,353280.56
LN-541-0,SYN-10541,416509.16,11.1327,36,13662.17,1366217,25,2026-07-01,Active,416509.16
LN-541-1,SYN-10541,134921.0,17.9291,24,6731.19,673119,25,2026-07-01,Active,134921.0
LN-542-0,SYN-10542,552466.71,18.6984,36,20167.09,2016709,25,2026-07-01,Active,552466.71
LN-543-0,SYN-10543,521704.67,16.4258,12,47439.9,4743990,28,2026-07-01,Active,521704.67
LN-544-0,SYN-10544,314154.34,16.0291,24,15386.35,1538635,26,2026-07-01,Active,314154.34
LN-545-0,SYN-10545,241404.43,11.7257,24,11332.85,1133285,24,2026-07-01,Active,241404.43
LN-546-0,SYN-10546,164081.86,19.0707,36,6020.45,602045,20,2026-07-01,Active,164081.86
LN-547-0,SYN-10547,316772.15,12.526,36,10601.12,1060112,22,2026-07-01,Active,316772.15
LN-548-0,SYN-10548,765379.47,16.7363,12,69710.5,6971050,21,2026-07-01,Active,765379.47
LN-549-0,SYN-10549,307687.59,10.869,36,10054.22,1005422,26,2026-07-01,Active,307687.59
LN-551-0,SYN-10551,489739.53,16.6717,24,24136.64,2413664,23,2026-07-01,Active,489739.53
LN-551-1,SYN-10551,312449.05,10.2824,36,10123.32,1012332,23,2026-07-01,Active,312449.05
LN-552-0,SYN-10552,190126.69,17.8206,36,6856.44,685644,25,2026-07-01,Active,190126.69
LN-553-0,SYN-10553,463305.96,14.6422,24,22385.46,2238546,24,2026-07-01,Active,463305.96
LN-554-0,SYN-10554,269763.97,13.5448,24,12894.21,1289421,20,2026-07-01,Active,269763.97
LN-555-0,SYN-10555,230365.54,18.8824,24,11599.25,1159925,28,2026-07-01,Active,230365.54
LN-556-0,SYN-10556,743045.2,19.1322,24,37503.64,3750364,23,2026-07-01,Active,743045.2
LN-557-0,SYN-10557,244187.06,12.2194,24,11519.77,1151977,24,2026-07-01,Active,244187.06
LN-558-0,SYN-10558,744250.04,16.5038,36,26351.13,2635113,21,2026-07-01,Active,744250.04
LN-559-0,SYN-10559,758365.38,17.6476,12,69399.83,6939983,24,2026-07-01,Active,758365.38
LN-561-0,SYN-10561,557301.02,17.6643,12,51004.36,5100436,23,2026-07-01,Active,557301.02
LN-561-1,SYN-10561,876927.95,10.5137,12,77305.56,7730556,23,2026-07-01,Active,876927.95
LN-562-0,SYN-10562,320481.03,16.8508,36,11402.24,1140224,22,2026-07-01,Active,320481.03
LN-563-0,SYN-10563,417685.12,15.6835,36,14619.38,1461938,26,2026-07-01,Active,417685.12
LN-564-0,SYN-10564,120571.84,11.2172,24,5631.76,563176,22,2026-07-01,Active,120571.84
LN-565-0,SYN-10565,711671.1,14.0434,36,24338.22,2433822,22,2026-07-01,Active,711671.1
LN-566-0,SYN-10566,328650.15,15.3622,12,29719.61,2971961,22,2026-07-01,Active,328650.15
LN-567-0,SYN-10567,630019.7,11.3983,12,55799.31,5579931,23,2026-07-01,Active,630019.7
LN-568-0,SYN-10568,245192.96,18.1838,12,22500.74,2250074,25,2026-07-01,Active,245192.96
LN-569-0,SYN-10569,377318.46,11.9508,24,17753.02,1775302,21,2026-07-01,Active,377318.46
LN-571-0,SYN-10571,746735.79,10.8694,12,65952.28,6595228,21,2026-07-01,Active,746735.79
LN-571-1,SYN-10571,425973.18,15.7556,12,38599.67,3859967,21,2026-07-01,Active,425973.18
LN-572-0,SYN-10572,409457.08,14.2586,36,14045.76,1404576,24,2026-07-01,Active,409457.08
LN-573-0,SYN-10573,524944.47,11.7178,36,17365.0,1736500,26,2026-07-01,Active,524944.47
LN-574-0,SYN-10574,386380.1,14.3313,12,34752.22,3475222,22,2026-07-01,Active,386380.1
LN-575-0,SYN-10575,342573.06,10.4095,24,15872.83,1587283,21,2026-07-01,Active,342573.06
LN-576-0,SYN-10576,83405.5,17.8124,24,4156.39,415639,21,2026-07-01,Active,83405.5
LN-577-0,SYN-10577,600587.13,15.4067,12,54323.3,5432330,27,2026-07-01,Active,600587.13
LN-578-0,SYN-10578,147531.38,11.1254,36,4838.75,483875,26,2026-07-01,Active,147531.38
LN-579-0,SYN-10579,97777.48,16.6745,12,8902.68,890268,20,2026-07-01,Active,97777.48
LN-581-0,SYN-10581,276790.45,16.2418,36,9764.21,976421,28,2026-07-01,Active,276790.45
LN-581-1,SYN-10581,276018.43,18.2833,24,13817.78,1381778,28,2026-07-01,Active,276018.43
LN-582-0,SYN-10582,260054.8,15.7896,24,12706.97,1270697,26,2026-07-01,Active,260054.8
LN-583-0,SYN-10583,744699.15,13.3734,12,66645.03,6664503,21,2026-07-01,Active,744699.15
LN-584-0,SYN-10584,215312.95,15.7301,36,7541.11,754111,25,2026-07-01,Active,215312.95
LN-585-0,SYN-10585,349885.36,10.1982,24,16177.47,1617747,24,2026-07-01,Active,349885.36
LN-586-0,SYN-10586,289443.02,10.6576,12,25535.24,2553524,27,2026-07-01,Active,289443.02
LN-587-0,SYN-10587,610548.83,15.56,36,21332.69,2133269,25,2026-07-01,Active,610548.83
LN-588-0,SYN-10588,450052.12,11.4559,36,14831.47,1483147,27,2026-07-01,Active,450052.12
LN-589-0,SYN-10589,192170.55,11.5829,36,6344.6,634460,21,2026-07-01,Active,192170.55
LN-591-0,SYN-10591,361425.93,19.1814,24,18250.85,1825085,27,2026-07-01,Active,361425.93
LN-591-1,SYN-10591,249184.68,13.7906,12,22349.03,2234903,27,2026-07-01,Active,249184.68
LN-592-0,SYN-10592,358026.7,15.0333,12,32320.51,3232051,26,2026-07-01,Active,358026.7
LN-593-0,SYN-10593,346840.63,13.0691,24,16500.69,1650069,24,2026-07-01,Active,346840.63
LN-594-0,SYN-10594,73107.15,19.6314,24,3707.7,370770,25,2026-07-01,Active,73107.15
LN-595-0,SYN-10595,748097.2,16.3103,36,26415.64,2641564,25,2026-07-01,Active,748097.2
LN-596-0,SYN-10596,224370.13,17.8481,24,11185.01,1118501,25,2026-07-01,Active,224370.13
LN-597-0,SYN-10597,640302.59,11.6854,12,56795.9,5679590,26,2026-07-01,Active,640302.59
LN-598-0,SYN-10598,160186.38,19.3814,12,14791.4,1479140,23,2026-07-01,Active,160186.38
LN-599-0,SYN-10599,448722.05,17.2004,24,22229.06,2222906,28,2026-07-01,Active,448722.05
LN-601-0,SYN-10601,299347.82,13.6098,12,26822.65,2682265,21,2026-07-01,Active,299347.82
LN-601-1,SYN-10601,693344.2,19.7253,24,35195.34,3519534,21,2026-07-01,Active,693344.2
LN-602-0,SYN-10602,734953.87,18.5156,36,26760.84,2676084,20,2026-07-01,Active,734953.87
LN-603-0,SYN-10603,635284.37,16.9207,24,31385.7,3138570,28,2026-07-01,Active,635284.37
LN-604-0,SYN-10604,180965.06,18.5458,36,6591.98,659198,23,2026-07-01,Active,180965.06
LN-605-0,SYN-10605,291624.49,18.7458,12,26839.75,2683975,22,2026-07-01,Active,291624.49
LN-606-0,SYN-10606,82655.19,11.1733,12,7311.89,731189,26,2026-07-01,Active,82655.19
LN-607-0,SYN-10607,152743.43,19.1725,36,5612.29,561229,25,2026-07-01,Active,152743.43
LN-608-0,SYN-10608,175357.34,14.2952,36,6018.47,601847,24,2026-07-01,Active,175357.34
LN-609-0,SYN-10609,572725.68,13.9545,24,27485.9,2748590,20,2026-07-01,Active,572725.68
LN-611-0,SYN-10611,259718.63,19.0011,12,23934.92,2393492,24,2026-07-01,Active,259718.63
LN-611-1,SYN-10611,214038.0,15.0038,24,10378.37,1037837,24,2026-07-01,Active,214038.0
LN-612-0,SYN-10612,620770.08,15.9539,12,56309.45,5630945,21,2026-07-01,Active,620770.08
LN-613-0,SYN-10613,473157.96,14.2433,12,42537.67,4253767,20,2026-07-01,Active,473157.96
LN-614-0,SYN-10614,256681.91,15.4348,12,23220.37,2322037,26,2026-07-01,Active,256681.91
LN-615-0,SYN-10615,375293.89,17.4049,12,34300.74,3430074,28,2026-07-01,Active,375293.89
LN-616-0,SYN-10616,485518.54,13.0695,24,23098.29,2309829,26,2026-07-01,Active,485518.54
LN-617-0,SYN-10617,821050.03,19.2357,36,30194.35,3019435,28,2026-07-01,Active,821050.03
LN-618-0,SYN-10618,769526.18,18.9259,36,28178.93,2817893,23,2026-07-01,Active,769526.18
LN-619-0,SYN-10619,518403.81,19.1724,36,19047.83,1904783,22,2026-07-01,Active,518403.81
LN-621-0,SYN-10621,339341.24,10.336,24,15711.56,1571156,26,2026-07-01,Active,339341.24
LN-621-1,SYN-10621,230309.26,16.1802,36,8117.49,811749,26,2026-07-01,Active,230309.26
LN-622-0,SYN-10622,158489.66,17.6156,36,5699.27,569927,22,2026-07-01,Active,158489.66
LN-623-0,SYN-10623,526325.93,12.8159,12,46964.55,4696455,25,2026-07-01,Active,526325.93
LN-624-0,SYN-10624,528930.18,10.7813,24,24598.61,2459861,28,2026-07-01,Active,528930.18
LN-625-0,SYN-10625,455514.51,14.9387,36,15776.89,1577689,28,2026-07-01,Active,455514.51
LN-626-0,SYN-10626,205302.99,12.7137,36,6889.19,688919,24,2026-07-01,Active,205302.99
LN-627-0,SYN-10627,717450.73,19.1273,24,36210.08,3621008,20,2026-07-01,Active,717450.73
LN-628-0,SYN-10628,175912.48,10.5711,36,5723.48,572348,24,2026-07-01,Active,175912.48
LN-629-0,SYN-10629,460723.0,14.8611,36,15939.79,1593979,28,2026-07-01,Active,460723.0
LN-631-0,SYN-10631,263717.28,19.1033,36,9680.61,968061,20,2026-07-01,Active,263717.28
LN-631-1,SYN-10631,74003.22,13.2478,24,3526.87,352687,20,2026-07-01,Active,74003.22
LN-632-0,SYN-10632,756135.62,15.9885,36,26579.18,2657918,22,2026-07-01,Active,756135.62
LN-633-0,SYN-10633,481507.49,14.7113,36,16623.62,1662362,20,2026-07-01,Active,481507.49
LN-634-0,SYN-10634,645782.24,17.7273,24,32155.09,3215509,26,2026-07-01,Active,645782.24
LN-635-0,SYN-10635,204749.09,12.9994,12,18287.57,1828757,20,2026-07-01,Active,204749.09
LN-636-0,SYN-10636,316538.45,12.0608,24,14909.55,1490955,22,2026-07-01,Active,316538.45
LN-637-0,SYN-10637,204731.92,13.2264,36,6920.58,692058,28,2026-07-01,Active,204731.92
LN-638-0,SYN-10638,189414.06,14.3709,12,17040.02,1704002,22,2026-07-01,Active,189414.06
LN-639-0,SYN-10639,721221.75,10.4256,12,63549.7,6354970,24,2026-07-01,Active,721221.75
LN-641-0,SYN-10641,153031.47,14.2498,24,7365.55,736555,21,2026-07-01,Active,153031.47
LN-641-1,SYN-10641,83234.11,19.9919,12,7710.03,771003,21,2026-07-01,Active,83234.11
LN-642-0,SYN-10642,282456.88,15.2184,24,13724.72,1372472,21,2026-07-01,Active,282456.88
LN-643-0,SYN-10643,335152.07,16.6263,36,11886.85,1188685,23,2026-07-01,Active,335152.07
LN-644-0,SYN-10644,312987.76,15.631,12,28343.02,2834302,25,2026-07-01,Active,312987.76
LN-645-0,SYN-10645,609295.58,18.8896,24,30681.07,3068107,28,2026-07-01,Active,609295.58
LN-646-0,SYN-10646,390466.49,10.1872,36,12633.6,1263360,22,2026-07-01,Active,390466.49
LN-647-0,SYN-10647,337941.24,10.7149,36,11018.19,1101819,20,2026-07-01,Active,337941.24
LN-648-0,SYN-10648,811003.92,10.7936,36,26472.02,2647202,28,2026-07-01,Active,811003.92
LN-649-0,SYN-10649,176324.52,10.9441,24,8213.53,821353,23,2026-07-01,Active,176324.52
LN-651-0,SYN-10651,208617.22,13.2304,12,18655.68,1865568,21,2026-07-01,Active,208617.22
LN-651-1,SYN-10651,267325.27,19.9572,24,13600.15,1360015,21,2026-07-01,Active,267325.27
LN-652-0,SYN-10652,538084.96,18.7071,36,19644.46,1964446,22,2026-07-01,Active,538084.96
LN-653-0,SYN-10653,449136.75,17.7157,24,22361.1,2236110,25,2026-07-01,Active,449136.75
LN-654-0,SYN-10654,320637.43,15.463,12,29010.3,2901030,27,2026-07-01,Active,320637.43
LN-655-0,SYN-10655,364463.16,13.2522,24,17370.44,1737044,26,2026-07-01,Active,364463.16
LN-656-0,SYN-10656,717894.09,10.3922,36,23296.84,2329684,21,2026-07-01,Active,717894.09
LN-657-0,SYN-10657,822571.83,17.4731,12,75207.26,7520726,20,2026-07-01,Active,822571.83
LN-658-0,SYN-10658,130137.54,15.1317,12,11754.08,1175408,21,2026-07-01,Active,130137.54
LN-659-0,SYN-10659,479822.8,13.1125,24,22837.01,2283701,27,2026-07-01,Active,479822.8
LN-661-0,SYN-10661,163975.32,19.6284,24,8315.92,831592,27,2026-07-01,Active,163975.32
LN-661-1,SYN-10661,477614.83,10.8495,24,22227.23,2222723,27,2026-07-01,Active,477614.83
LN-662-0,SYN-10662,515925.74,17.4113,12,47155.64,4715564,22,2026-07-01,Active,515925.74
LN-663-0,SYN-10663,434579.52,12.2173,36,14479.41,1447941,26,2026-07-01,Active,434579.52
LN-664-0,SYN-10664,146942.73,18.745,12,13523.87,1352387,22,2026-07-01,Active,146942.73
LN-665-0,SYN-10665,114021.3,18.3047,24,5709.21,570921,22,2026-07-01,Active,114021.3
LN-666-0,SYN-10666,226564.33,13.6029,36,7699.81,769981,22,2026-07-01,Active,226564.33
LN-667-0,SYN-10667,459896.92,19.6678,24,23332.25,2333225,28,2026-07-01,Active,459896.92
LN-668-0,SYN-10668,259321.3,15.5169,36,9055.23,905523,27,2026-07-01,Active,259321.3
LN-669-0,SYN-10669,347004.17,19.635,12,32083.97,3208397,26,2026-07-01,Active,347004.17
LN-671-0,SYN-10671,600826.09,17.0163,12,54802.85,5480285,23,2026-07-01,Active,600826.09
LN-671-1,SYN-10671,215909.18,16.1594,12,19605.91,1960591,23,2026-07-01,Active,215909.18
LN-672-0,SYN-10672,247722.67,12.7109,24,11743.58,1174358,26,2026-07-01,Active,247722.67
LN-673-0,SYN-10673,541009.39,13.5765,24,25867.3,2586730,20,2026-07-01,Active,541009.39
LN-674-0,SYN-10674,172634.82,18.9781,24,8700.45,870045,28,2026-07-01,Active,172634.82
LN-675-0,SYN-10675,365425.34,17.9674,24,18237.77,1823777,27,2026-07-01,Active,365425.34
LN-676-0,SYN-10676,670837.75,19.2179,12,61891.9,6189190,22,2026-07-01,Active,670837.75
LN-677-0,SYN-10677,698084.27,18.7634,12,64254.26,6425426,28,2026-07-01,Active,698084.27
LN-678-0,SYN-10678,427361.07,18.4522,36,15547.25,1554725,25,2026-07-01,Active,427361.07
LN-679-0,SYN-10679,346947.71,16.4877,12,31558.99,3155899,22,2026-07-01,Active,346947.71
LN-681-0,SYN-10681,990701.26,19.0672,36,36348.86,3634886,23,2026-07-01,Active,990701.26
LN-681-1,SYN-10681,886973.74,16.9133,36,31584.79,3158479,23,2026-07-01,Active,886973.74
LN-682-0,SYN-10682,462855.48,18.7372,36,16905.01,1690501,22,2026-07-01,Active,462855.48
LN-683-0,SYN-10683,130274.84,14.7727,12,11744.42,1174442,24,2026-07-01,Active,130274.84
LN-684-0,SYN-10684,308616.69,12.7303,36,10358.47,1035847,21,2026-07-01,Active,308616.69
LN-685-0,SYN-10685,526849.87,17.7933,12,48249.78,4824978,26,2026-07-01,Active,526849.87
LN-686-0,SYN-10686,344286.27,18.9367,24,17344.42,1734442,20,2026-07-01,Active,344286.27
LN-687-0,SYN-10687,350454.73,19.8997,36,13006.24,1300624,22,2026-07-01,Active,350454.73
LN-688-0,SYN-10688,277620.45,18.2365,36,10069.61,1006961,21,2026-07-01,Active,277620.45
LN-689-0,SYN-10689,351748.34,12.7244,12,31371.74,3137174,27,2026-07-01,Active,351748.34
LN-691-0,SYN-10691,146556.76,18.2056,36,5313.51,531351,20,2026-07-01,Active,146556.76
LN-691-1,SYN-10691,224165.92,10.387,12,19748.12,1974812,20,2026-07-01,Active,224165.92
LN-692-0,SYN-10692,266977.24,12.8509,12,23827.01,2382701,22,2026-07-01,Active,266977.24
LN-693-0,SYN-10693,677173.42,10.606,12,59725.34,5972534,27,2026-07-01,Active,677173.42
LN-694-0,SYN-10694,342165.57,19.8999,24,17398.06,1739806,21,2026-07-01,Active,342165.57
LN-695-0,SYN-10695,276232.9,15.1628,12,24953.54,2495354,24,2026-07-01,Active,276232.9
LN-696-0,SYN-10696,276016.05,16.0632,24,13522.94,1352294,23,2026-07-01,Active,276016.05
LN-697-0,SYN-10697,254747.2,18.8743,24,12825.9,1282590,26,2026-07-01,Active,254747.2
LN-698-0,SYN-10698,584108.27,15.251,36,20320.17,2032017,24,2026-07-01,Active,584108.27
LN-699-0,SYN-10699,255317.71,14.1377,36,8743.24,874324,25,2026-07-01,Active,255317.71
LN-701-0,SYN-10701,429963.09,12.6321,24,20367.01,2036701,22,2026-07-01,Active,429963.09
LN-701-1,SYN-10701,750107.64,11.943,12,66626.15,6662615,22,2026-07-01,Active,750107.64
LN-702-0,SYN-10702,654600.32,10.7874,12,57789.77,5778977,25,2026-07-01,Active,654600.32
LN-703-0,SYN-10703,373261.86,11.2329,24,17437.32,1743732,20,2026-07-01,Active,373261.86
LN-704-0,SYN-10704,87471.63,16.994,24,4324.54,432454,24,2026-07-01,Active,87471.63
LN-705-0,SYN-10705,91146.66,16.8355,24,4499.3,449930,24,2026-07-01,Active,91146.66
LN-706-0,SYN-10706,642638.8,19.7554,36,23802.75,2380275,22,2026-07-01,Active,642638.8
LN-707-0,SYN-10707,153356.3,17.2362,24,7599.7,759970,22,2026-07-01,Active,153356.3
LN-708-0,SYN-10708,316876.05,10.1617,24,14645.89,1464589,24,2026-07-01,Active,316876.05
LN-709-0,SYN-10709,348113.18,14.2492,12,31296.92,3129692,24,2026-07-01,Active,348113.18
LN-711-0,SYN-10711,503382.42,12.6261,36,16870.43,1687043,27,2026-07-01,Active,503382.42
LN-711-1,SYN-10711,543309.2,12.5607,36,18191.48,1819148,27,2026-07-01,Active,543309.2
LN-712-0,SYN-10712,130780.4,14.2027,12,11754.87,1175487,23,2026-07-01,Active,130780.4
LN-713-0,SYN-10713,431625.61,17.7271,24,21491.65,2149165,21,2026-07-01,Active,431625.61
LN-714-0,SYN-10714,102689.41,11.2073,36,3372.01,337201,23,2026-07-01,Active,102689.41
LN-715-0,SYN-10715,134948.45,13.6579,36,4589.83,458983,25,2026-07-01,Active,134948.45
LN-716-0,SYN-10716,258136.62,18.2049,12,23691.14,2369114,21,2026-07-01,Active,258136.62
LN-717-0,SYN-10717,676206.94,12.3026,24,31927.05,3192705,28,2026-07-01,Active,676206.94
LN-718-0,SYN-10718,247202.9,16.4994,12,22487.39,2248739,24,2026-07-01,Active,247202.9
LN-719-0,SYN-10719,483603.95,15.9111,24,23658.22,2365822,21,2026-07-01,Active,483603.95
LN-721-0,SYN-10721,232142.68,18.1351,12,21297.77,2129777,23,2026-07-01,Active,232142.68
LN-721-1,SYN-10721,135064.73,15.1602,36,4692.66,469266,23,2026-07-01,Active,135064.73
LN-722-0,SYN-10722,679680.19,16.4419,12,61810.18,6181018,23,2026-07-01,Active,679680.19
LN-723-0,SYN-10723,262579.92,16.3882,24,12905.49,1290549,25,2026-07-01,Active,262579.92
LN-724-0,SYN-10724,570763.15,13.4194,12,51091.39,5109139,27,2026-07-01,Active,570763.15
LN-725-0,SYN-10725,111787.53,10.0624,36,3610.34,361034,25,2026-07-01,Active,111787.53
LN-726-0,SYN-10726,108697.46,15.6455,36,3802.48,380248,21,2026-07-01,Active,108697.46
LN-727-0,SYN-10727,738603.29,17.8624,24,36825.0,3682500,28,2026-07-01,Active,738603.29
LN-728-0,SYN-10728,378829.97,16.225,24,18589.44,1858944,20,2026-07-01,Active,378829.97
LN-729-0,SYN-10729,459676.77,18.4859,36,16730.68,1673068,20,2026-07-01,Active,459676.77
LN-731-0,SYN-10731,456254.03,11.597,24,21391.7,2139170,23,2026-07-01,Active,456254.03
LN-731-1,SYN-10731,639346.76,17.8951,36,23080.28,2308028,23,2026-07-01,Active,639346.76
LN-732-0,SYN-10732,169368.55,14.8625,12,15275.93,1527593,27,2026-07-01,Active,169368.55
LN-733-0,SYN-10733,184536.0,14.8263,24,8932.31,893231,27,2026-07-01,Active,184536.0
LN-734-0,SYN-10734,400100.24,12.9002,36,13461.73,1346173,26,2026-07-01,Active,400100.24
LN-735-0,SYN-10735,387248.91,10.8037,24,18013.57,1801357,21,2026-07-01,Active,387248.91
LN-736-0,SYN-10736,656748.5,14.7305,24,31759.5,3175950,21,2026-07-01,Active,656748.5
LN-737-0,SYN-10737,283757.45,11.2191,12,25107.96,2510796,22,2026-07-01,Active,283757.45
LN-738-0,SYN-10738,238462.11,14.1331,24,11464.25,1146425,25,2026-07-01,Active,238462.11
LN-739-0,SYN-10739,799359.4,15.4959,36,27904.57,2790457,21,2026-07-01,Active,799359.4
LN-741-0,SYN-10741,455363.79,19.9936,12,42181.0,4218100,28,2026-07-01,Active,455363.79
LN-741-1,SYN-10741,560365.89,14.8063,36,19372.16,1937216,28,2026-07-01,Active,560365.89
LN-742-0,SYN-10742,209457.12,18.7215,24,10530.12,1053012,21,2026-07-01,Active,209457.12
LN-743-0,SYN-10743,105859.25,17.4851,12,9679.25,967925,26,2026-07-01,Active,105859.25
LN-744-0,SYN-10744,143984.71,13.304,24,6865.87,686587,23,2026-07-01,Active,143984.71
LN-745-0,SYN-10745,472827.72,13.1281,36,15960.63,1596063,24,2026-07-01,Active,472827.72
LN-746-0,SYN-10746,594673.07,14.0674,12,53412.85,5341285,28,2026-07-01,Active,594673.07
LN-747-0,SYN-10747,134030.32,16.0085,24,6563.09,656309,23,2026-07-01,Active,134030.32
LN-748-0,SYN-10748,184337.29,14.3282,36,6329.63,632963,21,2026-07-01,Active,184337.29
LN-749-0,SYN-10749,145989.2,11.3231,24,6826.16,682616,28,2026-07-01,Active,145989.2
LN-751-0,SYN-10751,615102.95,18.7337,12,56607.65,5660765,24,2026-07-01,Active,615102.95
LN-751-1,SYN-10751,820957.19,14.6559,36,28320.61,2832061,24,2026-07-01,Active,820957.19
LN-752-0,SYN-10752,478465.72,11.3594,36,15745.92,1574592,28,2026-07-01,Active,478465.72
LN-753-0,SYN-10753,268109.74,12.2013,24,12646.07,1264607,25,2026-07-01,Active,268109.74
LN-754-0,SYN-10754,119937.01,16.5356,24,5903.23,590323,28,2026-07-01,Active,119937.01
LN-755-0,SYN-10755,270827.35,10.2287,36,8767.95,876795,22,2026-07-01,Active,270827.35
LN-756-0,SYN-10756,304388.98,14.8914,24,14743.1,1474310,24,2026-07-01,Active,304388.98
LN-757-0,SYN-10757,410444.65,16.6376,24,20221.92,2022192,21,2026-07-01,Active,410444.65
LN-758-0,SYN-10758,432329.33,18.748,36,15792.45,1579245,20,2026-07-01,Active,432329.33
LN-759-0,SYN-10759,728247.37,10.502,24,33773.9,3377390,28,2026-07-01,Active,728247.37
LN-761-0,SYN-10761,177397.38,18.5515,24,8903.75,890375,27,2026-07-01,Active,177397.38
LN-761-1,SYN-10761,247306.05,16.907,24,12216.33,1221633,27,2026-07-01,Active,247306.05
LN-762-0,SYN-10762,248353.76,16.9442,12,22644.47,2264447,26,2026-07-01,Active,248353.76
LN-763-0,SYN-10763,379550.48,18.661,24,19070.15,1907015,27,2026-07-01,Active,379550.48
LN-764-0,SYN-10764,166987.88,11.3778,36,5496.9,549690,22,2026-07-01,Active,166987.88
LN-765-0,SYN-10765,605505.14,13.1105,36,20434.09,2043409,26,2026-07-01,Active,605505.14
LN-766-0,SYN-10766,234412.91,16.6736,24,11553.17,1155317,20,2026-07-01,Active,234412.91
LN-767-0,SYN-10767,331210.53,12.4139,12,29491.83,2949183,22,2026-07-01,Active,331210.53
LN-768-0,SYN-10768,691172.44,19.5023,12,63861.89,6386189,23,2026-07-01,Active,691172.44
LN-769-0,SYN-10769,235150.29,14.5933,24,11356.27,1135627,21,2026-07-01,Active,235150.29
LN-771-0,SYN-10771,521077.76,17.3464,12,47610.47,4761047,20,2026-07-01,Active,521077.76
LN-771-1,SYN-10771,516760.73,13.3057,24,24642.02,2464202,20,2026-07-01,Active,516760.73
LN-772-0,SYN-10772,342269.98,18.434,36,12448.52,1244852,21,2026-07-01,Active,342269.98
LN-773-0,SYN-10773,364900.06,13.8842,12,32743.45,3274345,26,2026-07-01,Active,364900.06
LN-774-0,SYN-10774,468666.97,10.1469,12,41235.29,4123529,22,2026-07-01,Active,468666.97
LN-775-0,SYN-10775,662369.28,17.6724,36,23837.52,2383752,26,2026-07-01,Active,662369.28
LN-776-0,SYN-10776,144385.34,13.7428,12,12946.48,1294648,27,2026-07-01,Active,144385.34
LN-777-0,SYN-10777,355792.73,11.2497,24,16624.01,1662401,28,2026-07-01,Active,355792.73
LN-778-0,SYN-10778,350720.43,14.4539,36,12064.26,1206426,25,2026-07-01,Active,350720.43
LN-779-0,SYN-10779,167895.94,18.678,12,15446.93,1544693,24,2026-07-01,Active,167895.94
LN-781-0,SYN-10781,288533.17,10.7118,24,13409.34,1340934,26,2026-07-01,Active,288533.17
LN-781-1,SYN-10781,407334.65,16.3675,24,20015.96,2001596,26,2026-07-01,Active,407334.65
LN-782-0,SYN-10782,245197.9,14.9069,36,8488.69,848869,23,2026-07-01,Active,245197.9
LN-783-0,SYN-10783,562583.08,14.3375,12,50602.11,5060211,28,2026-07-01,Active,562583.08
LN-784-0,SYN-10784,526677.02,11.4567,36,17356.86,1735686,24,2026-07-01,Active,526677.02
LN-785-0,SYN-10785,455298.16,13.7682,12,40830.28,4083028,28,2026-07-01,Active,455298.16
LN-786-0,SYN-10786,64624.15,18.7487,36,2360.66,236066,25,2026-07-01,Active,64624.15
LN-787-0,SYN-10787,670274.33,13.5436,12,60038.15,6003815,22,2026-07-01,Active,670274.33
LN-788-0,SYN-10788,119777.64,14.8335,12,10801.52,1080152,24,2026-07-01,Active,119777.64
LN-789-0,SYN-10789,245129.48,15.1762,24,11906.04,1190604,20,2026-07-01,Active,245129.48
LN-791-0,SYN-10791,124368.0,16.9596,36,4431.56,443156,22,2026-07-01,Active,124368.0
LN-791-1,SYN-10791,167367.03,19.6784,12,15478.21,1547821,22,2026-07-01,Active,167367.03
LN-792-0,SYN-10792,456354.15,17.5543,36,16396.45,1639645,27,2026-07-01,Active,456354.15
LN-793-0,SYN-10793,424567.33,14.7011,12,38260.87,3826087,28,2026-07-01,Active,424567.33
LN-794-0,SYN-10794,423794.57,15.681,24,20685.77,2068577,28,2026-07-01,Active,423794.57
LN-795-0,SYN-10795,164523.22,12.5127,36,5504.9,550490,25,2026-07-01,Active,164523.22
LN-796-0,SYN-10796,390821.57,13.571,24,18685.36,1868536,20,2026-07-01,Active,390821.57
LN-797-0,SYN-10797,582390.96,10.6443,12,51376.1,5137610,20,2026-07-01,Active,582390.96
LN-798-0,SYN-10798,426818.29,11.5118,36,14077.16,1407716,25,2026-07-01,Active,426818.29
LN-799-0,SYN-10799,280530.41,17.822,12,25695.27,2569527,22,2026-07-01,Active,280530.41
LN-801-0,SYN-10801,280812.88,15.297,36,9775.37,977537,20,2026-07-01,Active,280812.88
LN-801-1,SYN-10801,524160.15,16.6522,36,18597.14,1859714,20,2026-07-01,Active,524160.15
LN-802-0,SYN-10802,456630.69,17.6428,12,41786.31,4178631,28,2026-07-01,Active,456630.69
LN-803-0,SYN-10803,714987.88,16.9095,12,65179.58,6517958,24,2026-07-01,Active,714987.88
LN-804-0,SYN-10804,612667.85,15.6475,36,21433.12,2143312,24,2026-07-01,Active,612667.85
LN-805-0,SYN-10805,425961.5,12.2462,12,37895.23,3789523,24,2026-07-01,Active,425961.5
LN-806-0,SYN-10806,165131.94,12.9521,24,7846.96,784696,28,2026-07-01,Active,165131.94
LN-807-0,SYN-10807,536475.37,16.7778,36,19067.53,1906753,27,2026-07-01,Active,536475.37
LN-808-0,SYN-10808,492250.98,11.7206,24,23107.8,2310780,22,2026-07-01,Active,492250.98
LN-809-0,SYN-10809,700200.08,17.7373,36,25221.74,2522174,22,2026-07-01,Active,700200.08
LN-811-0,SYN-10811,237171.94,15.4577,24,11551.32,1155132,26,2026-07-01,Active,237171.94
LN-811-1,SYN-10811,174986.14,16.0686,12,15882.33,1588233,26,2026-07-01,Active,174986.14
LN-812-0,SYN-10812,104060.98,19.0094,24,5246.04,524604,23,2026-07-01,Active,104060.98
LN-813-0,SYN-10813,269452.62,17.9171,12,24692.78,2469278,21,2026-07-01,Active,269452.62
LN-814-0,SYN-10814,380466.06,13.5312,24,18183.13,1818313,25,2026-07-01,Active,380466.06
LN-815-0,SYN-10815,538031.91,13.3118,36,18209.32,1820932,27,2026-07-01,Active,538031.91
LN-816-0,SYN-10816,468205.15,18.7114,12,43083.73,4308373,24,2026-07-01,Active,468205.15
LN-817-0,SYN-10817,280231.4,19.4432,12,25884.48,2588448,28,2026-07-01,Active,280231.4
LN-818-0,SYN-10818,307102.15,17.8948,12,28139.75,2813975,23,2026-07-01,Active,307102.15
LN-819-0,SYN-10819,181229.23,15.6398,24,8842.39,884239,22,2026-07-01,Active,181229.23
LN-821-0,SYN-10821,232997.69,16.6772,24,11483.82,1148382,26,2026-07-01,Active,232997.69
LN-821-1,SYN-10821,192830.42,19.9097,24,9805.75,980575,26,2026-07-01,Active,192830.42
LN-822-0,SYN-10822,448858.16,19.789,36,16632.95,1663295,27,2026-07-01,Active,448858.16
LN-823-0,SYN-10823,166274.9,15.0969,24,8069.77,806977,28,2026-07-01,Active,166274.9
LN-824-0,SYN-10824,640834.92,17.9208,36,23142.27,2314227,22,2026-07-01,Active,640834.92
LN-825-0,SYN-10825,213883.38,10.1287,12,18816.55,1881655,23,2026-07-01,Active,213883.38
LN-826-0,SYN-10826,263906.37,13.9775,12,23692.59,2369259,23,2026-07-01,Active,263906.37
LN-827-0,SYN-10827,263956.73,12.8046,12,23551.71,2355171,22,2026-07-01,Active,263956.73
LN-828-0,SYN-10828,268059.16,18.4225,36,9747.9,974790,20,2026-07-01,Active,268059.16
LN-829-0,SYN-10829,133219.85,16.6562,36,4726.88,472688,28,2026-07-01,Active,133219.85
LN-831-0,SYN-10831,413433.24,11.3102,36,13596.09,1359609,24,2026-07-01,Active,413433.24
LN-831-1,SYN-10831,258602.93,19.5683,24,13107.33,1310733,24,2026-07-01,Active,258602.93
LN-832-0,SYN-10832,286238.83,13.3305,12,25610.47,2561047,21,2026-07-01,Active,286238.83
LN-833-0,SYN-10833,410885.56,12.6489,36,13774.98,1377498,26,2026-07-01,Active,410885.56
LN-834-0,SYN-10834,529677.83,18.4967,24,26570.98,2657098,25,2026-07-01,Active,529677.83
LN-835-0,SYN-10835,266329.57,11.0864,36,8730.19,873019,24,2026-07-01,Active,266329.57
LN-836-0,SYN-10836,273601.47,11.359,12,24227.19,2422719,20,2026-07-01,Active,273601.47
LN-837-0,SYN-10837,293346.61,11.746,36,9707.76,970776,27,2026-07-01,Active,293346.61
LN-838-0,SYN-10838,573867.66,14.9352,12,51778.78,5177878,22,2026-07-01,Active,573867.66
LN-839-0,SYN-10839,558981.32,19.1716,36,20538.56,2053856,23,2026-07-01,Active,558981.32
LN-841-0,SYN-10841,357947.52,17.7001,36,12886.87,1288687,22,2026-07-01,Active,357947.52
LN-841-1,SYN-10841,508864.9,15.3696,24,24762.61,2476261,22,2026-07-01,Active,508864.9
LN-842-0,SYN-10842,477572.36,16.8528,24,23578.49,2357849,28,2026-07-01,Active,477572.36
LN-843-0,SYN-10843,511827.03,11.3259,12,45313.95,4531395,25,2026-07-01,Active,511827.03
LN-844-0,SYN-10844,264719.68,13.7554,12,23737.96,2373796,20,2026-07-01,Active,264719.68
LN-845-0,SYN-10845,225252.2,15.9138,12,20428.14,2042814,21,2026-07-01,Active,225252.2
LN-846-0,SYN-10846,80396.46,12.8077,24,3814.94,381494,20,2026-07-01,Active,80396.46
LN-847-0,SYN-10847,181485.49,14.2634,24,8736.24,873624,25,2026-07-01,Active,181485.49
LN-848-0,SYN-10848,306878.4,12.4612,12,27332.03,2733203,27,2026-07-01,Active,306878.4
LN-849-0,SYN-10849,525211.7,13.6086,24,25119.91,2511991,25,2026-07-01,Active,525211.7
LN-851-0,SYN-10851,556095.43,15.2616,12,50260.9,5026090,26,2026-07-01,Active,556095.43
LN-851-1,SYN-10851,600730.01,12.4699,36,20087.92,2008792,26,2026-07-01,Active,600730.01
LN-852-0,SYN-10852,331228.18,17.1553,24,16401.4,1640140,28,2026-07-01,Active,331228.18
LN-853-0,SYN-10853,190164.22,10.5589,12,16767.93,1676793,24,2026-07-01,Active,190164.22
LN-854-0,SYN-10854,237593.22,13.4294,36,8054.68,805468,28,2026-07-01,Active,237593.22
LN-855-0,SYN-10855,344152.72,19.0028,24,17348.74,1734874,21,2026-07-01,Active,344152.72
LN-856-0,SYN-10856,763133.84,13.1869,12,68227.96,6822796,22,2026-07-01,Active,763133.84
LN-857-0,SYN-10857,137319.04,14.1118,36,4700.7,470070,28,2026-07-01,Active,137319.04
LN-858-0,SYN-10858,564424.14,14.9932,24,27365.22,2736522,26,2026-07-01,Active,564424.14
LN-859-0,SYN-10859,958798.07,19.4446,36,35361.61,3536161,28,2026-07-01,Active,958798.07
LN-861-0,SYN-10861,715995.88,15.477,36,24987.81,2498781,21,2026-07-01,Active,715995.88
LN-861-1,SYN-10861,633059.48,16.7521,36,22492.27,2249227,21,2026-07-01,Active,633059.48
LN-862-0,SYN-10862,657544.48,11.02,24,30652.84,3065284,27,2026-07-01,Active,657544.48
LN-863-0,SYN-10863,848411.55,14.9916,12,76572.84,7657284,24,2026-07-01,Active,848411.55
LN-864-0,SYN-10864,870667.89,19.2301,12,80333.4,8033340,21,2026-07-01,Active,870667.89
LN-865-0,SYN-10865,316684.96,10.9882,12,27987.39,2798739,20,2026-07-01,Active,316684.96
LN-866-0,SYN-10866,299247.27,19.4757,12,27645.59,2764559,21,2026-07-01,Active,299247.27
LN-867-0,SYN-10867,493012.32,19.4158,24,24951.77,2495177,24,2026-07-01,Active,493012.32
LN-868-0,SYN-10868,412912.03,14.302,12,37132.88,3713288,23,2026-07-01,Active,412912.03
LN-869-0,SYN-10869,200983.64,10.0737,36,6492.14,649214,23,2026-07-01,Active,200983.64
LN-871-0,SYN-10871,256486.29,12.8157,36,8619.29,861929,23,2026-07-01,Active,256486.29
LN-871-1,SYN-10871,612210.64,19.6479,36,22642.27,2264227,23,2026-07-01,Active,612210.64
LN-872-0,SYN-10872,92735.01,11.6734,36,3065.69,306569,26,2026-07-01,Active,92735.01
LN-873-0,SYN-10873,220219.35,17.5457,24,10945.97,1094597,24,2026-07-01,Active,220219.35
LN-874-0,SYN-10874,301192.91,14.2004,36,10323.4,1032340,28,2026-07-01,Active,301192.91
LN-875-0,SYN-10875,423144.77,10.6081,36,13774.81,1377481,25,2026-07-01,Active,423144.77
LN-876-0,SYN-10876,585424.24,13.88,24,28074.73,2807473,20,2026-07-01,Active,585424.24
LN-877-0,SYN-10877,420374.28,11.4202,12,37235.82,3723582,23,2026-07-01,Active,420374.28
LN-878-0,SYN-10878,322652.59,11.338,24,15088.82,1508882,27,2026-07-01,Active,322652.59
LN-879-0,SYN-10879,265956.59,15.3103,24,12934.59,1293459,21,2026-07-01,Active,265956.59
LN-881-0,SYN-10881,495255.27,19.8083,36,18357.13,1835713,20,2026-07-01,Active,495255.27
LN-881-1,SYN-10881,343486.49,16.0161,36,12078.7,1207870,20,2026-07-01,Active,343486.49
LN-882-0,SYN-10882,182230.85,10.3068,12,16047.0,1604700,24,2026-07-01,Active,182230.85
LN-883-0,SYN-10883,399789.37,16.8812,36,14229.95,1422995,23,2026-07-01,Active,399789.37
LN-884-0,SYN-10884,200126.77,13.0782,36,6750.61,675061,21,2026-07-01,Active,200126.77
LN-885-0,SYN-10885,168435.17,18.8418,24,8477.65,847765,27,2026-07-01,Active,168435.17
LN-886-0,SYN-10886,766055.04,14.681,12,69027.56,6902756,21,2026-07-01,Active,766055.04
LN-887-0,SYN-10887,310011.41,11.3735,12,27453.37,2745337,28,2026-07-01,Active,310011.41
LN-888-0,SYN-10888,452514.29,15.4133,24,22029.86,2202986,26,2026-07-01,Active,452514.29
LN-889-0,SYN-10889,375590.31,14.1798,36,12869.61,1286961,26,2026-07-01,Active,375590.31
LN-891-0,SYN-10891,395455.97,19.0374,24,19941.58,1994158,22,2026-07-01,Active,395455.97
LN-891-1,SYN-10891,226364.28,17.2252,12,20669.7,2066970,22,2026-07-01,Active,226364.28
LN-892-0,SYN-10892,415225.86,12.1172,36,13814.69,1381469,21,2026-07-01,Active,415225.86
LN-893-0,SYN-10893,606272.63,19.6674,12,56065.31,5606531,28,2026-07-01,Active,606272.63
LN-894-0,SYN-10894,391052.28,14.8347,36,13524.32,1352432,28,2026-07-01,Active,391052.28
LN-895-0,SYN-10895,527683.73,17.7915,12,48325.69,4832569,22,2026-07-01,Active,527683.73
LN-896-0,SYN-10896,333689.0,13.8362,24,15995.56,1599556,25,2026-07-01,Active,333689.0
LN-897-0,SYN-10897,498153.2,18.1736,12,45711.84,4571184,23,2026-07-01,Active,498153.2
LN-898-0,SYN-10898,237927.98,19.5604,12,21990.32,2199032,21,2026-07-01,Active,237927.98
LN-899-0,SYN-10899,424761.29,13.5549,36,14425.67,1442567,24,2026-07-01,Active,424761.29
LN-901-0,SYN-10901,258907.97,14.1553,24,12449.92,1244992,20,2026-07-01,Active,258907.97
LN-901-1,SYN-10901,140362.43,13.9284,24,6734.46,673446,20,2026-07-01,Active,140362.43
LN-902-0,SYN-10902,459344.8,16.3259,24,22562.55,2256255,20,2026-07-01,Active,459344.8
LN-903-0,SYN-10903,327315.58,19.3166,24,16549.92,1654992,23,2026-07-01,Active,327315.58
LN-904-0,SYN-10904,230717.1,12.1072,36,7674.93,767493,28,2026-07-01,Active,230717.1
LN-905-0,SYN-10905,127928.49,14.0329,36,4374.34,437434,27,2026-07-01,Active,127928.49
LN-906-0,SYN-10906,152390.57,16.3189,24,7484.76,748476,25,2026-07-01,Active,152390.57
LN-907-0,SYN-10907,856572.13,19.7895,24,43507.87,4350787,22,2026-07-01,Active,856572.13
LN-908-0,SYN-10908,308871.22,18.401,12,28376.28,2837628,21,2026-07-01,Active,308871.22
LN-909-0,SYN-10909,360463.1,18.9733,24,18165.77,1816577,24,2026-07-01,Active,360463.1
LN-911-0,SYN-10911,537667.66,14.5967,12,48426.72,4842672,20,2026-07-01,Active,537667.66
LN-911-1,SYN-10911,477073.66,12.1505,24,22491.05,2249105,20,2026-07-01,Active,477073.66
LN-912-0,SYN-10912,208743.93,19.502,36,7704.81,770481,21,2026-07-01,Active,208743.93
LN-913-0,SYN-10913,212096.26,14.9068,12,19134.12,1913412,24,2026-07-01,Active,212096.26
LN-914-0,SYN-10914,187188.95,18.0934,36,6776.1,677610,22,2026-07-01,Active,187188.95
LN-915-0,SYN-10915,901387.12,11.8367,12,80018.3,8001830,20,2026-07-01,Active,901387.12
LN-916-0,SYN-10916,143433.62,10.0665,36,4632.68,463268,27,2026-07-01,Active,143433.62
LN-917-0,SYN-10917,140215.96,11.2385,12,12408.12,1240812,22,2026-07-01,Active,140215.96
LN-918-0,SYN-10918,220268.8,16.3485,36,7781.95,778195,28,2026-07-01,Active,220268.8
LN-919-0,SYN-10919,338084.98,15.0462,36,11727.47,1172747,25,2026-07-01,Active,338084.98
LN-921-0,SYN-10921,307373.94,17.0425,12,28040.17,2804017,26,2026-07-01,Active,307373.94
LN-921-1,SYN-10921,123856.92,13.6776,12,11101.97,1110197,26,2026-07-01,Active,123856.92
LN-922-0,SYN-10922,630176.4,14.4165,36,21665.64,2166564,25,2026-07-01,Active,630176.4
LN-923-0,SYN-10923,935943.96,17.3858,24,46448.88,4644888,21,2026-07-01,Active,935943.96
LN-924-0,SYN-10924,462011.83,11.1338,36,15154.97,1515497,20,2026-07-01,Active,462011.83
LN-925-0,SYN-10925,448596.7,16.8239,12,40876.67,4087667,28,2026-07-01,Active,448596.7
LN-926-0,SYN-10926,208556.2,17.1396,12,19035.14,1903514,21,2026-07-01,Active,208556.2
LN-927-0,SYN-10927,290697.68,18.5345,36,10587.52,1058752,24,2026-07-01,Active,290697.68
LN-928-0,SYN-10928,391835.79,16.2023,12,35589.12,3558912,23,2026-07-01,Active,391835.79
LN-929-0,SYN-10929,297114.92,11.8318,36,9844.62,984462,24,2026-07-01,Active,297114.92
LN-931-0,SYN-10931,420411.12,17.7824,36,15153.01,1515301,28,2026-07-01,Active,420411.12
LN-931-1,SYN-10931,367526.08,17.8307,12,33665.18,3366518,28,2026-07-01,Active,367526.08
LN-932-0,SYN-10932,182498.39,13.1965,24,8693.16,869316,22,2026-07-01,Active,182498.39
LN-933-0,SYN-10933,410840.68,15.1063,36,14263.33,1426333,22,2026-07-01,Active,410840.68
LN-934-0,SYN-10934,261376.75,19.4031,36,9634.39,963439,25,2026-07-01,Active,261376.75
LN-935-0,SYN-10935,841331.06,15.281,24,40905.72,4090572,28,2026-07-01,Active,841331.06
LN-936-0,SYN-10936,191139.04,11.3957,24,8943.74,894374,23,2026-07-01,Active,191139.04
LN-937-0,SYN-10937,200209.87,18.1367,24,10008.53,1000853,27,2026-07-01,Active,200209.87
LN-938-0,SYN-10938,206288.46,17.7978,24,10278.62,1027862,22,2026-07-01,Active,206288.46
LN-939-0,SYN-10939,960634.01,12.0583,36,31933.54,3193354,25,2026-07-01,Active,960634.01
LN-941-0,SYN-10941,382863.18,15.6833,12,34680.15,3468015,22,2026-07-01,Active,382863.18
LN-941-1,SYN-10941,199659.01,10.3735,24,9247.71,924771,22,2026-07-01,Active,199659.01
LN-942-0,SYN-10942,175039.52,16.8744,12,15954.0,1595400,20,2026-07-01,Active,175039.52
LN-943-0,SYN-10943,591503.36,18.0756,36,21406.69,2140669,21,2026-07-01,Active,591503.36
LN-944-0,SYN-10944,630502.76,15.322,36,21956.13,2195613,27,2026-07-01,Active,630502.76
LN-945-0,SYN-10945,109472.49,13.5424,24,5232.46,523246,26,2026-07-01,Active,109472.49
LN-946-0,SYN-10946,756849.62,10.4512,24,35082.61,3508261,25,2026-07-01,Active,756849.62
LN-947-0,SYN-10947,356612.97,17.2794,36,12763.87,1276387,21,2026-07-01,Active,356612.97
LN-948-0,SYN-10948,157559.48,18.735,12,14500.22,1450022,20,2026-07-01,Active,157559.48
LN-949-0,SYN-10949,282433.02,17.3969,36,10125.38,1012538,26,2026-07-01,Active,282433.02
LN-951-0,SYN-10951,441173.85,17.8204,24,21986.94,2198694,23,2026-07-01,Active,441173.85
LN-951-1,SYN-10951,201770.72,17.1307,24,9988.68,998868,23,2026-07-01,Active,201770.72
LN-952-0,SYN-10952,272425.99,11.6909,12,24165.35,2416535,27,2026-07-01,Active,272425.99
LN-953-0,SYN-10953,375101.74,19.5659,24,19011.65,1901165,23,2026-07-01,Active,375101.74
LN-954-0,SYN-10954,270355.29,17.2471,36,9672.18,967218,28,2026-07-01,Active,270355.29
LN-955-0,SYN-10955,650024.71,10.472,12,57290.3,5729030,23,2026-07-01,Active,650024.71
LN-956-0,SYN-10956,172978.63,14.2223,24,8323.38,832338,22,2026-07-01,Active,172978.63
LN-957-0,SYN-10957,923121.91,12.0335,24,43469.0,4346900,27,2026-07-01,Active,923121.91
LN-958-0,SYN-10958,547845.67,10.6867,12,48339.49,4833949,25,2026-07-01,Active,547845.67
LN-959-0,SYN-10959,322585.16,13.6975,24,15442.19,1544219,22,2026-07-01,Active,322585.16
LN-961-0,SYN-10961,182634.06,10.5811,24,8476.7,847670,22,2026-07-01,Active,182634.06
LN-961-1,SYN-10961,139848.85,11.5166,24,6551.65,655165,22,2026-07-01,Active,139848.85
LN-962-0,SYN-10962,695887.45,17.8585,12,63752.1,6375210,27,2026-07-01,Active,695887.45
LN-963-0,SYN-10963,149227.4,10.086,24,6892.01,689201,26,2026-07-01,Active,149227.4
LN-964-0,SYN-10964,656988.78,17.7917,36,23683.11,2368311,23,2026-07-01,Active,656988.78
LN-965-0,SYN-10965,199003.41,15.5294,12,18011.47,1801147,24,2026-07-01,Active,199003.41
LN-966-0,SYN-10966,437711.0,15.0575,36,15185.72,1518572,25,2026-07-01,Active,437711.0
LN-967-0,SYN-10967,321988.78,19.8048,12,29797.2,2979720,21,2026-07-01,Active,321988.78
LN-968-0,SYN-10968,401849.11,11.1772,36,13189.76,1318976,25,2026-07-01,Active,401849.11
LN-969-0,SYN-10969,155934.9,17.8465,36,5625.42,562542,26,2026-07-01,Active,155934.9
LN-971-0,SYN-10971,371698.05,16.44,12,33801.92,3380192,27,2026-07-01,Active,371698.05
LN-971-1,SYN-10971,632608.19,17.2285,24,31347.09,3134709,27,2026-07-01,Active,632608.19
LN-972-0,SYN-10972,303322.22,11.2796,36,9970.6,997060,20,2026-07-01,Active,303322.22
LN-973-0,SYN-10973,388041.15,11.8194,36,12855.07,1285507,28,2026-07-01,Active,388041.15
LN-974-0,SYN-10974,832711.34,19.4699,36,30722.08,3072208,24,2026-07-01,Active,832711.34
LN-975-0,SYN-10975,513893.23,12.9507,24,24419.53,2441953,26,2026-07-01,Active,513893.23
LN-976-0,SYN-10976,250404.06,12.4422,36,8369.98,836998,26,2026-07-01,Active,250404.06
LN-977-0,SYN-10977,550391.91,17.9548,24,27465.81,2746581,27,2026-07-01,Active,550391.91
LN-978-0,SYN-10978,136209.63,13.5065,36,4622.74,462274,20,2026-07-01,Active,136209.63
LN-979-0,SYN-10979,434456.55,16.3139,36,15341.61,1534161,21,2026-07-01,Active,434456.55
LN-981-0,SYN-10981,366274.13,17.8973,24,18267.74,1826774,20,2026-07-01,Active,366274.13
LN-981-1,SYN-10981,332585.88,18.7305,36,12146.01,1214601,20,2026-07-01,Active,332585.88
LN-982-0,SYN-10982,193600.73,11.2248,24,9043.53,904353,28,2026-07-01,Active,193600.73
LN-983-0,SYN-10983,374157.18,15.1823,12,33802.99,3380299,25,2026-07-01,Active,374157.18
LN-984-0,SYN-10984,508268.84,13.9818,36,17366.94,1736694,24,2026-07-01,Active,508268.84
LN-985-0,SYN-10985,211606.05,13.1024,36,7140.29,714029,26,2026-07-01,Active,211606.05
LN-986-0,SYN-10986,840931.62,10.7757,36,27441.79,2744179,23,2026-07-01,Active,840931.62
LN-987-0,SYN-10987,708306.91,17.6242,12,64810.96,6481096,28,2026-07-01,Active,708306.91
LN-988-0,SYN-10988,230759.3,12.9376,24,10963.95,1096395,23,2026-07-01,Active,230759.3
LN-989-0,SYN-10989,659450.04,14.4106,12,59337.6,5933760,21,2026-07-01,Active,659450.04
LN-991-0,SYN-10991,391518.4,12.5268,36,13102.75,1310275,25,2026-07-01,Active,391518.4
LN-991-1,SYN-10991,378080.2,19.9714,36,14045.31,1404531,25,2026-07-01,Active,378080.2
LN-992-0,SYN-10992,347490.76,18.9848,36,12734.95,1273495,25,2026-07-01,Active,347490.76
LN-993-0,SYN-10993,539346.41,14.589,24,26045.9,2604590,22,2026-07-01,Active,539346.41
LN-994-0,SYN-10994,662013.14,15.135,24,32141.29,3214129,26,2026-07-01,Active,662013.14
LN-995-0,SYN-10995,674508.87,15.1554,12,60929.51,6092951,27,2026-07-01,Active,674508.87
LN-996-0,SYN-10996,332474.83,12.9003,12,29680.2,2968020,21,2026-07-01,Active,332474.83
LN-997-0,SYN-10997,345822.92,11.9856,36,11483.9,1148390,22,2026-07-01,Active,345822.92
LN-998-0,SYN-10998,338310.12,14.8969,12,30518.85,3051885,25,2026-07-01,Active,338310.12
LN-999-0,SYN-10999,145553.8,17.572,12,13314.74,1331474,23,2026-07-01,Active,145553.8
LN-1001-0,SYN-11001,149402.88,14.2384,12,13431.22,1343122,21,2026-07-01,Active,149402.88
LN-1001-1,SYN-11001,304197.63,13.367,12,27222.5,2722250,21,2026-07-01,Active,304197.63
LN-1002-0,SYN-11002,250778.55,14.2435,12,22545.43,2254543,22,2026-07-01,Active,250778.55
LN-1003-0,SYN-11003,350004.84,17.885,24,17454.24,1745424,21,2026-07-01,Active,350004.84
LN-1004-0,SYN-11004,71286.24,10.6677,36,2322.62,232262,20,2026-07-01,Active,71286.24
LN-1005-0,SYN-11005,476775.38,18.9218,24,24015.49,2401549,26,2026-07-01,Active,476775.38
LN-1006-0,SYN-11006,201233.56,18.4792,12,18495.01,1849501,20,2026-07-01,Active,201233.56
LN-1007-0,SYN-11007,353719.85,19.9282,24,17990.44,1799044,20,2026-07-01,Active,353719.85
LN-1008-0,SYN-11008,144675.78,14.2298,36,4960.84,496084,22,2026-07-01,Active,144675.78
LN-1009-0,SYN-11009,368806.89,17.7567,24,18369.02,1836902,21,2026-07-01,Active,368806.89
LN-1011-0,SYN-11011,864570.24,15.3506,24,42064.27,4206427,24,2026-07-01,Active,864570.24
LN-1011-1,SYN-11011,442958.39,17.1787,36,15832.11,1583211,24,2026-07-01,Active,442958.39
LN-1012-0,SYN-11012,275455.41,16.4985,24,13552.86,1355286,23,2026-07-01,Active,275455.41
LN-1013-0,SYN-11013,192047.14,17.425,24,9534.51,953451,26,2026-07-01,Active,192047.14
LN-1014-0,SYN-11014,692097.49,15.6839,36,24224.24,2422424,27,2026-07-01,Active,692097.49
LN-1015-0,SYN-11015,445583.71,13.113,24,21207.52,2120752,23,2026-07-01,Active,445583.71
LN-1016-0,SYN-11016,638974.31,10.8236,12,56421.05,5642105,25,2026-07-01,Active,638974.31
LN-1017-0,SYN-11017,243834.49,17.631,12,22311.95,2231195,23,2026-07-01,Active,243834.49
LN-1018-0,SYN-11018,118539.45,11.99,12,10531.53,1053153,26,2026-07-01,Active,118539.45
LN-1019-0,SYN-11019,318613.27,16.9835,12,29056.54,2905654,27,2026-07-01,Active,318613.27
LN-1021-0,SYN-11021,309811.54,18.8726,36,11336.51,1133651,27,2026-07-01,Active,309811.54
LN-1021-1,SYN-11021,263021.65,12.8291,12,23471.29,2347129,27,2026-07-01,Active,263021.65
LN-1022-0,SYN-11022,167166.3,18.9564,36,6123.97,612397,21,2026-07-01,Active,167166.3
LN-1023-0,SYN-11023,256438.42,15.4117,36,8941.31,894131,26,2026-07-01,Active,256438.42
LN-1024-0,SYN-11024,401498.7,17.0776,24,19865.98,1986598,26,2026-07-01,Active,401498.7
LN-1025-0,SYN-11025,337883.89,18.5244,24,16954.28,1695428,27,2026-07-01,Active,337883.89
LN-1026-0,SYN-11026,318947.63,13.3899,36,10806.61,1080661,24,2026-07-01,Active,318947.63
LN-1027-0,SYN-11027,230130.92,12.1171,36,7656.51,765651,27,2026-07-01,Active,230130.92
LN-1028-0,SYN-11028,256658.99,13.5822,36,8720.0,872000,28,2026-07-01,Active,256658.99
LN-1029-0,SYN-11029,819275.49,12.1308,36,27262.9,2726290,27,2026-07-01,Active,819275.49
LN-1031-0,SYN-11031,285515.45,18.5715,24,14333.07,1433307,25,2026-07-01,Active,285515.45
LN-1031-1,SYN-11031,223480.29,12.9645,36,7526.11,752611,25,2026-07-01,Active,223480.29
LN-1032-0,SYN-11032,191554.11,17.4489,12,17511.48,1751148,22,2026-07-01,Active,191554.11
LN-1033-0,SYN-11033,147993.84,10.3275,24,6851.56,685156,20,2026-07-01,Active,147993.84
LN-1034-0,SYN-11034,199539.81,13.5053,12,17869.7,1786970,23,2026-07-01,Active,199539.81
LN-1035-0,SYN-11035,196270.78,11.0602,24,9153.24,915324,27,2026-07-01,Active,196270.78
LN-1036-0,SYN-11036,360336.49,12.9778,24,17127.3,1712730,21,2026-07-01,Active,360336.49
LN-1037-0,SYN-11037,497589.69,13.6245,12,44589.27,4458927,24,2026-07-01,Active,497589.69
LN-1038-0,SYN-11038,195867.2,10.1181,12,17230.6,1723060,27,2026-07-01,Active,195867.2
LN-1039-0,SYN-11039,346046.24,10.8286,36,11301.04,1130104,21,2026-07-01,Active,346046.24
LN-1041-0,SYN-11041,939431.39,10.8369,12,82957.07,8295707,21,2026-07-01,Active,939431.39
LN-1041-1,SYN-11041,304400.1,12.9595,36,10250.5,1025050,21,2026-07-01,Active,304400.1
LN-1042-0,SYN-11042,469541.32,13.4776,36,15928.92,1592892,27,2026-07-01,Active,469541.32
LN-1043-0,SYN-11043,174301.04,10.1356,36,5635.3,563530,28,2026-07-01,Active,174301.04
LN-1044-0,SYN-11044,539574.19,19.8364,12,49940.95,4994095,25,2026-07-01,Active,539574.19
LN-1045-0,SYN-11045,498586.65,10.9821,24,23233.89,2323389,22,2026-07-01,Active,498586.65
LN-1046-0,SYN-11046,294728.96,16.6263,24,14519.2,1451920,28,2026-07-01,Active,294728.96
LN-1047-0,SYN-11047,286226.68,19.8643,36,10617.43,1061743,21,2026-07-01,Active,286226.68
LN-1048-0,SYN-11048,282007.03,16.8053,12,25694.33,2569433,26,2026-07-01,Active,282007.03
LN-1049-0,SYN-11049,740621.72,19.0849,12,68283.19,6828319,24,2026-07-01,Active,740621.72
LN-1051-0,SYN-11051,172176.87,19.4187,24,8714.26,871426,28,2026-07-01,Active,172176.87
LN-1051-1,SYN-11051,314871.78,10.4879,36,10232.31,1023231,28,2026-07-01,Active,314871.78
LN-1052-0,SYN-11052,265399.2,16.2647,12,24113.16,2411316,27,2026-07-01,Active,265399.2
LN-1053-0,SYN-11053,626898.88,10.3746,12,55223.64,5522364,21,2026-07-01,Active,626898.88
LN-1054-0,SYN-11054,178443.39,11.297,12,15795.85,1579585,27,2026-07-01,Active,178443.39
LN-1055-0,SYN-11055,597996.09,15.5488,12,54129.11,5412911,26,2026-07-01,Active,597996.09
LN-1056-0,SYN-11056,303852.41,14.5518,12,27360.99,2736099,24,2026-07-01,Active,303852.41
LN-1057-0,SYN-11057,469463.11,12.3042,12,41778.07,4177807,23,2026-07-01,Active,469463.11
LN-1058-0,SYN-11058,732165.63,14.1422,36,25074.3,2507430,27,2026-07-01,Active,732165.63
LN-1059-0,SYN-11059,763481.82,13.4239,12,68344.05,6834405,25,2026-07-01,Active,763481.82
LN-1061-0,SYN-11061,363019.76,18.1745,12,33311.8,3331180,27,2026-07-01,Active,363019.76
LN-1061-1,SYN-11061,157921.46,12.9006,36,5313.44,531344,27,2026-07-01,Active,157921.46
LN-1062-0,SYN-11062,746043.67,17.9462,24,37226.18,3722618,26,2026-07-01,Active,746043.67
LN-1063-0,SYN-11063,396053.56,14.1841,36,13571.61,1357161,22,2026-07-01,Active,396053.56
LN-1064-0,SYN-11064,575560.55,17.1614,36,20566.58,2056658,22,2026-07-01,Active,575560.55
LN-1065-0,SYN-11065,270520.33,12.3621,24,12780.12,1278012,26,2026-07-01,Active,270520.33
LN-1066-0,SYN-11066,245816.99,18.3595,36,8931.27,893127,20,2026-07-01,Active,245816.99
LN-1067-0,SYN-11067,99736.62,15.5298,12,9027.01,902701,26,2026-07-01,Active,99736.62
LN-1068-0,SYN-11068,343768.49,12.8713,12,30683.71,3068371,27,2026-07-01,Active,343768.49
LN-1069-0,SYN-11069,219144.06,12.6761,12,19540.06,1954006,28,2026-07-01,Active,219144.06
LN-1071-0,SYN-11071,145602.68,12.9493,24,6918.75,691875,23,2026-07-01,Active,145602.68
LN-1071-1,SYN-11071,457027.84,19.854,24,23228.22,2322822,23,2026-07-01,Active,457027.84
LN-1072-0,SYN-11072,398717.51,18.9364,12,36732.34,3673234,27,2026-07-01,Active,398717.51
LN-1073-0,SYN-11073,871794.41,10.7053,36,28419.92,2841992,21,2026-07-01,Active,871794.41
LN-1074-0,SYN-11074,104096.07,15.0187,12,9396.46,939646,27,2026-07-01,Active,104096.07
LN-1075-0,SYN-11075,283169.19,12.5361,36,9477.94,947794,22,2026-07-01,Active,283169.19
LN-1076-0,SYN-11076,412173.84,19.933,36,15303.79,1530379,24,2026-07-01,Active,412173.84
LN-1077-0,SYN-11077,572998.19,13.7301,24,27438.3,2743830,22,2026-07-01,Active,572998.19
LN-1078-0,SYN-11078,330982.18,15.3944,24,16110.31,1611031,27,2026-07-01,Active,330982.18
LN-1079-0,SYN-11079,536228.84,12.8061,24,25444.48,2544448,22,2026-07-01,Active,536228.84
LN-1081-0,SYN-11081,192027.4,14.6639,24,9280.13,928013,27,2026-07-01,Active,192027.4
LN-1081-1,SYN-11081,156127.17,11.9091,24,7342.82,734282,27,2026-07-01,Active,156127.17
LN-1082-0,SYN-11082,415123.54,16.2627,24,20377.88,2037788,21,2026-07-01,Active,415123.54
LN-1083-0,SYN-11083,415883.79,16.5088,12,37833.71,3783371,26,2026-07-01,Active,415883.79
LN-1084-0,SYN-11084,454491.18,18.6118,36,16570.76,1657076,28,2026-07-01,Active,454491.18
LN-1085-0,SYN-11085,99766.27,13.9237,24,4786.47,478647,20,2026-07-01,Active,99766.27
LN-1086-0,SYN-11086,942507.92,18.9026,12,86814.52,8681452,26,2026-07-01,Active,942507.92
LN-1087-0,SYN-11087,384732.89,17.8564,24,19180.75,1918075,28,2026-07-01,Active,384732.89
LN-1088-0,SYN-11088,239530.67,17.7091,36,8624.69,862469,24,2026-07-01,Active,239530.67
LN-1089-0,SYN-11089,383380.97,19.5948,24,19436.67,1943667,26,2026-07-01,Active,383380.97
LN-1091-0,SYN-11091,695276.38,19.5372,36,25675.3,2567530,27,2026-07-01,Active,695276.38
LN-1091-1,SYN-11091,378722.29,10.6152,24,17583.84,1758384,27,2026-07-01,Active,378722.29
LN-1092-0,SYN-11092,473367.86,13.4957,24,22615.15,2261515,24,2026-07-01,Active,473367.86
LN-1093-0,SYN-11093,379513.28,14.9776,24,18397.29,1839729,21,2026-07-01,Active,379513.28
LN-1094-0,SYN-11094,606097.62,18.1679,24,30308.07,3030807,28,2026-07-01,Active,606097.62
LN-1095-0,SYN-11095,137172.81,13.0914,36,4627.94,462794,28,2026-07-01,Active,137172.81
LN-1096-0,SYN-11096,545026.99,15.5108,12,49324.68,4932468,23,2026-07-01,Active,545026.99
LN-1097-0,SYN-11097,214362.79,14.8601,24,10379.49,1037949,27,2026-07-01,Active,214362.79
LN-1098-0,SYN-11098,490750.54,10.2744,36,15898.43,1589843,21,2026-07-01,Active,490750.54
LN-1099-0,SYN-11099,534790.14,16.0052,12,48523.28,4852328,24,2026-07-01,Active,534790.14
LN-1101-0,SYN-11101,345266.8,15.7071,36,12088.69,1208869,25,2026-07-01,Active,345266.8
LN-1101-1,SYN-11101,351832.31,16.9583,12,32081.81,3208181,25,2026-07-01,Active,351832.31
LN-1102-0,SYN-11102,334815.02,19.7366,12,30973.23,3097323,20,2026-07-01,Active,334815.02
LN-1103-0,SYN-11103,854489.39,11.8391,24,40159.62,4015962,26,2026-07-01,Active,854489.39
LN-1104-0,SYN-11104,661003.41,19.5546,12,61090.9,6109090,21,2026-07-01,Active,661003.41
LN-1105-0,SYN-11105,376027.56,11.2084,36,12347.8,1234780,22,2026-07-01,Active,376027.56
LN-1106-0,SYN-11106,513174.49,11.7588,12,45537.06,4553706,20,2026-07-01,Active,513174.49
LN-1107-0,SYN-11107,927220.48,15.8572,12,84064.89,8406489,27,2026-07-01,Active,927220.48
LN-1108-0,SYN-11108,674774.41,14.4968,24,32556.45,3255645,24,2026-07-01,Active,674774.41
LN-1109-0,SYN-11109,332454.58,17.2942,24,16484.34,1648434,20,2026-07-01,Active,332454.58
LN-1111-0,SYN-11111,588453.55,18.6164,12,54122.18,5412218,25,2026-07-01,Active,588453.55
LN-1111-1,SYN-11111,341546.76,18.166,24,17078.83,1707883,25,2026-07-01,Active,341546.76
LN-1112-0,SYN-11112,447592.07,18.8977,12,41226.71,4122671,21,2026-07-01,Active,447592.07
LN-1113-0,SYN-11113,106418.05,17.7323,24,5299.07,529907,25,2026-07-01,Active,106418.05
LN-1114-0,SYN-11114,657279.72,12.2667,24,31022.36,3102236,26,2026-07-01,Active,657279.72
LN-1115-0,SYN-11115,402149.67,19.5519,24,20379.81,2037981,28,2026-07-01,Active,402149.67
LN-1116-0,SYN-11116,372851.24,12.2026,12,33162.74,3316274,24,2026-07-01,Active,372851.24
LN-1117-0,SYN-11117,132185.1,15.7934,24,6459.15,645915,27,2026-07-01,Active,132185.1
LN-1118-0,SYN-11118,170504.01,17.4515,36,6117.32,611732,23,2026-07-01,Active,170504.01
LN-1119-0,SYN-11119,368172.11,18.5273,12,33846.48,3384648,22,2026-07-01,Active,368172.11
LN-1121-0,SYN-11121,263807.2,18.9475,36,9663.12,966312,21,2026-07-01,Active,263807.2
LN-1121-1,SYN-11121,276503.23,13.9583,12,24821.01,2482101,21,2026-07-01,Active,276503.23
LN-1122-0,SYN-11122,529177.41,12.4523,36,17690.79,1769079,24,2026-07-01,Active,529177.41
LN-1123-0,SYN-11123,266409.05,11.5651,12,23615.95,2361595,25,2026-07-01,Active,266409.05
LN-1124-0,SYN-11124,385882.29,15.623,36,13494.76,1349476,22,2026-07-01,Active,385882.29
LN-1125-0,SYN-11125,545922.96,18.6171,12,50210.67,5021067,27,2026-07-01,Active,545922.96
LN-1126-0,SYN-11126,241780.52,16.1145,24,11851.56,1185156,28,2026-07-01,Active,241780.52
LN-1127-0,SYN-11127,207757.87,11.7525,36,6876.0,687600,20,2026-07-01,Active,207757.87
LN-1128-0,SYN-11128,256136.19,16.956,36,9126.34,912634,27,2026-07-01,Active,256136.19
LN-1129-0,SYN-11129,257968.21,12.8583,36,8674.37,867437,27,2026-07-01,Active,257968.21
LN-1131-0,SYN-11131,388203.39,12.511,36,12988.86,1298886,24,2026-07-01,Active,388203.39
LN-1131-1,SYN-11131,307510.36,19.1367,12,28359.17,2835917,24,2026-07-01,Active,307510.36
LN-1132-0,SYN-11132,534722.04,18.6023,24,26851.39,2685139,26,2026-07-01,Active,534722.04
LN-1133-0,SYN-11133,211926.74,18.3121,12,19460.93,1946093,25,2026-07-01,Active,211926.74
LN-1134-0,SYN-11134,732579.73,19.2238,12,67590.32,6759032,25,2026-07-01,Active,732579.73
LN-1135-0,SYN-11135,447326.86,10.6865,36,14578.58,1457858,23,2026-07-01,Active,447326.86
LN-1136-0,SYN-11136,480914.27,16.9529,36,17134.63,1713463,23,2026-07-01,Active,480914.27
LN-1137-0,SYN-11137,604741.98,19.6198,12,55909.99,5590999,27,2026-07-01,Active,604741.98
LN-1138-0,SYN-11138,436717.41,18.6575,36,15932.8,1593280,26,2026-07-01,Active,436717.41
LN-1139-0,SYN-11139,354668.79,11.4292,36,11683.62,1168362,25,2026-07-01,Active,354668.79
LN-1141-0,SYN-11141,205427.04,17.1609,12,18751.61,1875161,20,2026-07-01,Active,205427.04
LN-1141-1,SYN-11141,422774.86,14.6903,36,14591.59,1459159,20,2026-07-01,Active,422774.86
LN-1142-0,SYN-11142,577244.8,15.6344,24,28162.96,2816296,21,2026-07-01,Active,577244.8
LN-1143-0,SYN-11143,294994.85,11.5795,24,13828.58,1382858,20,2026-07-01,Active,294994.85
LN-1144-0,SYN-11144,195630.81,14.7311,36,6755.87,675587,28,2026-07-01,Active,195630.81
LN-1145-0,SYN-11145,225893.58,15.4405,12,20435.76,2043576,28,2026-07-01,Active,225893.58
LN-1146-0,SYN-11146,132311.58,10.5593,36,4304.15,430415,21,2026-07-01,Active,132311.58
LN-1147-0,SYN-11147,651303.03,14.7058,12,58695.13,5869513,28,2026-07-01,Active,651303.03
LN-1148-0,SYN-11148,216809.62,10.4203,24,10046.78,1004678,25,2026-07-01,Active,216809.62
LN-1149-0,SYN-11149,611538.36,12.6257,12,54513.62,5451362,28,2026-07-01,Active,611538.36
LN-1151-0,SYN-11151,386582.05,18.6952,36,14111.06,1411106,26,2026-07-01,Active,386582.05
LN-1151-1,SYN-11151,250305.02,14.9436,24,12129.74,1212974,26,2026-07-01,Active,250305.02
LN-1152-0,SYN-11152,678021.71,14.6711,36,23394.8,2339480,24,2026-07-01,Active,678021.71
LN-1153-0,SYN-11153,804005.69,13.9045,36,27441.73,2744173,21,2026-07-01,Active,804005.69
LN-1154-0,SYN-11154,352997.71,12.9227,12,31515.99,3151599,22,2026-07-01,Active,352997.71
LN-1155-0,SYN-11155,408869.83,13.6091,36,13896.7,1389670,26,2026-07-01,Active,408869.83
LN-1156-0,SYN-11156,511895.48,17.5671,12,46825.17,4682517,25,2026-07-01,Active,511895.48
LN-1157-0,SYN-11157,552652.02,10.6934,24,25679.31,2567931,20,2026-07-01,Active,552652.02
LN-1158-0,SYN-11158,953879.01,14.2646,12,85764.86,8576486,21,2026-07-01,Active,953879.01
LN-1159-0,SYN-11159,374480.91,18.2045,12,34368.87,3436887,28,2026-07-01,Active,374480.91
LN-1161-0,SYN-11161,684155.99,10.9135,12,60439.24,6043924,26,2026-07-01,Active,684155.99
LN-1161-1,SYN-11161,621570.96,14.8527,24,30094.42,3009442,26,2026-07-01,Active,621570.96
LN-1162-0,SYN-11162,391516.39,15.34,24,19046.62,1904662,26,2026-07-01,Active,391516.39
LN-1163-0,SYN-11163,390591.3,10.969,24,18199.0,1819900,26,2026-07-01,Active,390591.3
LN-1164-0,SYN-11164,277537.06,11.6766,12,24616.86,2461686,21,2026-07-01,Active,277537.06
LN-1165-0,SYN-11165,150963.72,13.4472,12,13515.36,1351536,20,2026-07-01,Active,150963.72
LN-1166-0,SYN-11166,339611.94,10.4996,36,11038.15,1103815,26,2026-07-01,Active,339611.94
LN-1167-0,SYN-11167,264167.66,17.5301,12,24159.86,2415986,28,2026-07-01,Active,264167.66
LN-1168-0,SYN-11168,138259.6,16.8718,36,4920.51,492051,24,2026-07-01,Active,138259.6
LN-1169-0,SYN-11169,317729.62,13.7678,12,28493.32,2849332,22,2026-07-01,Active,317729.62
LN-1171-0,SYN-11171,681987.72,12.6733,36,22871.68,2287168,27,2026-07-01,Active,681987.72
LN-1171-1,SYN-11171,656035.25,16.3635,36,23182.15,2318215,27,2026-07-01,Active,656035.25
LN-1172-0,SYN-11172,649466.5,17.803,24,32362.24,3236224,20,2026-07-01,Active,649466.5
LN-1173-0,SYN-11173,446680.71,14.5154,24,21555.36,2155536,25,2026-07-01,Active,446680.71
LN-1174-0,SYN-11174,624785.72,14.8604,12,56350.97,5635097,28,2026-07-01,Active,624785.72
LN-1175-0,SYN-11175,82999.21,10.1676,12,7303.42,730342,22,2026-07-01,Active,82999.21
LN-1176-0,SYN-11176,684921.02,16.2338,24,33612.44,3361244,25,2026-07-01,Active,684921.02
LN-1177-0,SYN-11177,68898.14,19.7679,24,3498.82,349882,27,2026-07-01,Active,68898.14
LN-1178-0,SYN-11178,282609.37,19.434,36,10421.46,1042146,23,2026-07-01,Active,282609.37
LN-1179-0,SYN-11179,709391.29,15.8247,36,24878.73,2487873,26,2026-07-01,Active,709391.29
LN-1181-0,SYN-11181,155966.76,14.5809,36,5374.68,537468,24,2026-07-01,Active,155966.76
LN-1181-1,SYN-11181,436120.84,17.3755,24,21641.57,2164157,24,2026-07-01,Active,436120.84
LN-1182-0,SYN-11182,450459.4,12.0779,36,14978.46,1497846,28,2026-07-01,Active,450459.4
LN-1183-0,SYN-11183,965257.02,10.5541,36,31397.85,3139785,27,2026-07-01,Active,965257.02
LN-1184-0,SYN-11184,148065.46,11.8727,36,4908.9,490890,26,2026-07-01,Active,148065.46
LN-1185-0,SYN-11185,235649.56,12.4019,12,20981.51,2098151,22,2026-07-01,Active,235649.56
LN-1186-0,SYN-11186,396949.54,19.9215,12,36756.31,3675631,27,2026-07-01,Active,396949.54
LN-1187-0,SYN-11187,124062.04,12.9264,24,5893.85,589385,24,2026-07-01,Active,124062.04
LN-1188-0,SYN-11188,575514.69,10.4524,36,18692.72,1869272,22,2026-07-01,Active,575514.69
LN-1189-0,SYN-11189,240102.49,13.5061,36,8148.66,814866,22,2026-07-01,Active,240102.49
LN-1191-0,SYN-11191,287937.85,17.9077,36,10396.32,1039632,23,2026-07-01,Active,287937.85
LN-1191-1,SYN-11191,424077.68,14.4209,24,20445.61,2044561,23,2026-07-01,Active,424077.68
LN-1192-0,SYN-11192,169504.7,15.0224,36,5877.79,587779,28,2026-07-01,Active,169504.7
LN-1193-0,SYN-11193,750742.42,19.5671,24,38051.04,3805104,22,2026-07-01,Active,750742.42
LN-1194-0,SYN-11194,441805.14,17.1772,36,15790.56,1579056,24,2026-07-01,Active,441805.14
LN-1195-0,SYN-11195,497464.34,19.9183,12,46062.9,4606290,27,2026-07-01,Active,497464.34
LN-1196-0,SYN-11196,376709.14,17.078,12,34371.6,3437160,21,2026-07-01,Active,376709.14
LN-1197-0,SYN-11197,114944.44,11.0416,36,3765.4,376540,28,2026-07-01,Active,114944.44
LN-1198-0,SYN-11198,87038.71,17.0537,12,7940.56,794056,23,2026-07-01,Active,87038.71
LN-1199-0,SYN-11199,299498.94,18.6615,24,15048.12,1504812,26,2026-07-01,Active,299498.94
LN-1201-0,SYN-11201,297201.09,12.7949,36,9984.54,998454,20,2026-07-01,Active,297201.09
LN-1201-1,SYN-11201,715746.6,11.0908,24,33389.59,3338959,20,2026-07-01,Active,715746.6
LN-1202-0,SYN-11202,788360.06,15.8677,36,27664.92,2766492,23,2026-07-01,Active,788360.06
LN-1203-0,SYN-11203,511226.15,15.7168,24,24962.09,2496209,23,2026-07-01,Active,511226.15
LN-1204-0,SYN-11204,136946.01,11.5313,24,6416.59,641659,21,2026-07-01,Active,136946.01
LN-1205-0,SYN-11205,107868.06,14.9534,24,5227.77,522777,27,2026-07-01,Active,107868.06
LN-1206-0,SYN-11206,206419.1,11.0294,36,6760.77,676077,22,2026-07-01,Active,206419.1
LN-1207-0,SYN-11207,212270.81,11.322,24,9925.25,992525,20,2026-07-01,Active,212270.81
LN-1208-0,SYN-11208,341704.59,12.3859,12,30421.75,3042175,20,2026-07-01,Active,341704.59
LN-1209-0,SYN-11209,764378.99,17.6029,24,38014.43,3801443,28,2026-07-01,Active,764378.99
LN-1211-0,SYN-11211,986101.28,10.368,12,86862.83,8686283,27,2026-07-01,Active,986101.28
LN-1211-1,SYN-11211,583307.1,13.1519,36,19696.63,1969663,27,2026-07-01,Active,583307.1
LN-1212-0,SYN-11212,409695.92,19.035,36,15025.07,1502507,28,2026-07-01,Active,409695.92
LN-1213-0,SYN-11213,904515.61,12.0598,12,80390.42,8039042,27,2026-07-01,Active,904515.61
LN-1214-0,SYN-11214,222073.5,17.9496,24,11081.41,1108141,21,2026-07-01,Active,222073.5
LN-1215-0,SYN-11215,255945.73,18.441,36,9309.77,930977,20,2026-07-01,Active,255945.73
LN-1216-0,SYN-11216,478293.31,11.6708,36,15811.09,1581109,21,2026-07-01,Active,478293.31
LN-1217-0,SYN-11217,787205.66,11.8427,36,26087.41,2608741,22,2026-07-01,Active,787205.66
LN-1218-0,SYN-11218,299145.55,17.4588,24,14856.47,1485647,26,2026-07-01,Active,299145.55
LN-1219-0,SYN-11219,283623.16,12.0442,24,13356.98,1335698,25,2026-07-01,Active,283623.16
LN-1221-0,SYN-11221,343579.4,17.3074,12,31386.22,3138622,24,2026-07-01,Active,343579.4
LN-1221-1,SYN-11221,696628.19,13.9431,12,62529.6,6252960,24,2026-07-01,Active,696628.19
LN-1222-0,SYN-11222,653603.2,18.257,36,23713.67,2371367,23,2026-07-01,Active,653603.2
LN-1223-0,SYN-11223,285874.96,15.014,36,9911.91,991191,26,2026-07-01,Active,285874.96
LN-1224-0,SYN-11224,452501.85,17.6409,12,41408.06,4140806,25,2026-07-01,Active,452501.85
LN-1225-0,SYN-11225,264681.35,17.919,12,24255.79,2425579,28,2026-07-01,Active,264681.35
LN-1226-0,SYN-11226,329468.98,14.852,36,11397.28,1139728,28,2026-07-01,Active,329468.98
LN-1227-0,SYN-11227,971476.42,16.4783,24,47788.83,4778883,20,2026-07-01,Active,971476.42
LN-1228-0,SYN-11228,343641.05,12.0603,24,16186.06,1618606,24,2026-07-01,Active,343641.05
LN-1229-0,SYN-11229,103346.28,13.2668,36,3495.44,349544,23,2026-07-01,Active,103346.28
LN-1231-0,SYN-11231,629054.83,18.14,24,31447.58,3144758,24,2026-07-01,Active,629054.83
LN-1231-1,SYN-11231,690829.17,16.5139,12,62847.64,6284764,24,2026-07-01,Active,690829.17
LN-1232-0,SYN-11232,276741.21,15.579,36,9671.98,967198,20,2026-07-01,Active,276741.21
LN-1233-0,SYN-11233,604941.27,10.439,24,28037.69,2803769,25,2026-07-01,Active,604941.27
LN-1234-0,SYN-11234,827176.46,17.2373,12,75535.61,7553561,26,2026-07-01,Active,827176.46
LN-1235-0,SYN-11235,779650.5,12.2498,24,36791.87,3679187,21,2026-07-01,Active,779650.5
LN-1236-0,SYN-11236,604628.54,17.0213,24,29900.4,2990040,25,2026-07-01,Active,604628.54
LN-1237-0,SYN-11237,248267.21,15.4878,24,12095.26,1209526,20,2026-07-01,Active,248267.21
LN-1238-0,SYN-11238,509712.73,15.0584,36,17683.94,1768394,21,2026-07-01,Active,509712.73
LN-1239-0,SYN-11239,97339.69,16.528,24,4790.65,479065,21,2026-07-01,Active,97339.69
LN-1241-0,SYN-11241,189579.21,12.7186,24,8987.9,898790,26,2026-07-01,Active,189579.21
LN-1241-1,SYN-11241,264046.58,14.9947,12,23831.74,2383174,26,2026-07-01,Active,264046.58
LN-1242-0,SYN-11242,284485.89,16.6137,12,25894.34,2589434,25,2026-07-01,Active,284485.89
LN-1243-0,SYN-11243,544095.66,19.8006,36,20165.31,2016531,22,2026-07-01,Active,544095.66
LN-1244-0,SYN-11244,203934.07,18.0822,24,10189.32,1018932,25,2026-07-01,Active,203934.07
LN-1245-0,SYN-11245,712889.75,10.2441,12,62755.29,6275529,22,2026-07-01,Active,712889.75
LN-1246-0,SYN-11246,582132.02,19.8135,36,21578.83,2157883,21,2026-07-01,Active,582132.02
LN-1247-0,SYN-11247,356079.0,15.1562,24,17291.52,1729152,28,2026-07-01,Active,356079.0
LN-1248-0,SYN-11248,286734.97,15.9237,24,14028.98,1402898,22,2026-07-01,Active,286734.97
LN-1249-0,SYN-11249,624125.85,18.447,24,31293.88,3129388,20,2026-07-01,Active,624125.85
LN-1251-0,SYN-11251,662545.95,19.5808,36,24481.3,2448130,22,2026-07-01,Active,662545.95
LN-1251-1,SYN-11251,273840.65,12.7006,12,24420.25,2442025,22,2026-07-01,Active,273840.65
LN-1252-0,SYN-11252,765916.34,14.126,24,36819.45,3681945,21,2026-07-01,Active,765916.34
LN-1253-0,SYN-11253,276692.72,11.3303,24,12938.52,1293852,24,2026-07-01,Active,276692.72
LN-1254-0,SYN-11254,441561.26,14.0174,12,39650.13,3965013,21,2026-07-01,Active,441561.26
LN-1255-0,SYN-11255,687417.4,13.0999,12,61430.46,6143046,22,2026-07-01,Active,687417.4
LN-1256-0,SYN-11256,460909.8,11.9025,24,21675.65,2167565,25,2026-07-01,Active,460909.8
LN-1257-0,SYN-11257,515230.72,16.4692,12,46861.8,4686180,26,2026-07-01,Active,515230.72
LN-1258-0,SYN-11258,278463.65,16.2199,24,13663.72,1366372,21,2026-07-01,Active,278463.65
LN-1259-0,SYN-11259,316143.54,19.5538,12,29218.33,2921833,27,2026-07-01,Active,316143.54
LN-1261-0,SYN-11261,704716.03,10.3961,36,22870.48,2287048,22,2026-07-01,Active,704716.03
LN-1261-1,SYN-11261,294222.72,12.8733,36,9895.57,989557,22,2026-07-01,Active,294222.72
LN-1262-0,SYN-11262,133785.03,17.6311,12,12241.93,1224193,22,2026-07-01,Active,133785.03
LN-1263-0,SYN-11263,628537.28,18.2682,36,22807.77,2280777,26,2026-07-01,Active,628537.28
LN-1264-0,SYN-11264,606351.73,18.5722,12,55755.58,5575558,21,2026-07-01,Active,606351.73
LN-1265-0,SYN-11265,369608.21,18.1064,24,18471.37,1847137,27,2026-07-01,Active,369608.21
LN-1266-0,SYN-11266,559829.38,15.9992,36,19681.72,1968172,23,2026-07-01,Active,559829.38
LN-1267-0,SYN-11267,526314.61,10.0975,24,24310.45,2431045,20,2026-07-01,Active,526314.61
LN-1268-0,SYN-11268,210383.26,16.9611,24,10397.89,1039789,24,2026-07-01,Active,210383.26
LN-1269-0,SYN-11269,776454.28,18.6269,36,28315.47,2831547,26,2026-07-01,Active,776454.28
LN-1271-0,SYN-11271,310878.3,11.7708,12,27587.83,2758783,22,2026-07-01,Active,310878.3
LN-1271-1,SYN-11271,255841.09,13.8092,12,22948.27,2294827,22,2026-07-01,Active,255841.09
LN-1272-0,SYN-11272,74492.67,12.5251,24,3524.92,352492,20,2026-07-01,Active,74492.67
LN-1273-0,SYN-11273,284652.56,12.6528,12,25378.05,2537805,23,2026-07-01,Active,284652.56
LN-1274-0,SYN-11274,196340.5,10.1696,24,9075.5,907550,20,2026-07-01,Active,196340.5
LN-1275-0,SYN-11275,390740.35,17.2071,36,13971.27,1397127,24,2026-07-01,Active,390740.35
LN-1276-0,SYN-11276,328344.27,13.4806,12,29400.9,2940090,20,2026-07-01,Active,328344.27
LN-1277-0,SYN-11277,229000.54,13.112,24,10899.15,1089915,22,2026-07-01,Active,229000.54
LN-1278-0,SYN-11278,320493.9,11.3267,12,28374.65,2837465,27,2026-07-01,Active,320493.9
LN-1279-0,SYN-11279,353626.98,19.0102,36,12964.37,1296437,25,2026-07-01,Active,353626.98
LN-1281-0,SYN-11281,96876.4,13.8957,36,3306.1,330610,23,2026-07-01,Active,96876.4
LN-1281-1,SYN-11281,204238.99,16.0226,24,10002.38,1000238,23,2026-07-01,Active,204238.99
LN-1282-0,SYN-11282,621814.46,16.0156,12,56422.35,5642235,28,2026-07-01,Active,621814.46
LN-1283-0,SYN-11283,249861.38,18.5548,12,22973.32,2297332,27,2026-07-01,Active,249861.38
LN-1284-0,SYN-11284,193414.0,13.5231,36,6565.72,656572,24,2026-07-01,Active,193414.0
LN-1285-0,SYN-11285,219275.63,13.7258,12,19659.85,1965985,25,2026-07-01,Active,219275.63
LN-1286-0,SYN-11286,235733.98,15.5804,24,11495.06,1149506,25,2026-07-01,Active,235733.98
LN-1287-0,SYN-11287,571353.54,18.4221,24,28640.97,2864097,20,2026-07-01,Active,571353.54
LN-1288-0,SYN-11288,231811.58,16.2504,12,21059.94,2105994,22,2026-07-01,Active,231811.58
LN-1289-0,SYN-11289,279284.4,14.92,24,13530.95,1353095,28,2026-07-01,Active,279284.4
LN-1291-0,SYN-11291,656814.14,11.6904,24,30823.65,3082365,23,2026-07-01,Active,656814.14
LN-1291-1,SYN-11291,231301.76,12.5085,12,20605.94,2060594,23,2026-07-01,Active,231301.76
LN-1292-0,SYN-11292,195048.62,19.9482,36,7243.56,724356,26,2026-07-01,Active,195048.62
LN-1293-0,SYN-11293,427746.42,17.5439,36,15366.37,1536637,24,2026-07-01,Active,427746.42
LN-1294-0,SYN-11294,605736.4,10.1428,24,27991.6,2799160,24,2026-07-01,Active,605736.4
LN-1295-0,SYN-11295,274593.26,19.8733,24,13958.65,1395865,21,2026-07-01,Active,274593.26
LN-1296-0,SYN-11296,507152.2,15.6994,24,24758.98,2475898,23,2026-07-01,Active,507152.2
LN-1297-0,SYN-11297,174315.76,17.125,36,6225.68,622568,28,2026-07-01,Active,174315.76
LN-1298-0,SYN-11298,289190.89,11.6849,24,13570.7,1357070,26,2026-07-01,Active,289190.89
LN-1299-0,SYN-11299,348726.69,13.5396,24,16667.62,1666762,20,2026-07-01,Active,348726.69
LN-1301-0,SYN-11301,228782.9,15.3019,36,7964.7,796470,28,2026-07-01,Active,228782.9
LN-1301-1,SYN-11301,368916.14,16.3634,24,18127.41,1812741,28,2026-07-01,Active,368916.14
LN-1302-0,SYN-11302,273243.28,18.4339,36,9937.98,993798,22,2026-07-01,Active,273243.28
LN-1303-0,SYN-11303,370675.09,12.2064,24,17484.72,1748472,28,2026-07-01,Active,370675.09
LN-1304-0,SYN-11304,173717.29,14.471,24,8379.37,837937,28,2026-07-01,Active,173717.29
LN-1305-0,SYN-11305,470103.49,18.6777,36,17155.61,1715561,23,2026-07-01,Active,470103.49
LN-1306-0,SYN-11306,85428.04,13.0424,12,7631.9,763190,25,2026-07-01,Active,85428.04
LN-1307-0,SYN-11307,270512.34,15.371,12,24463.37,2446337,21,2026-07-01,Active,270512.34
LN-1308-0,SYN-11308,454035.01,10.2315,24,20999.97,2099997,20,2026-07-01,Active,454035.01
LN-1309-0,SYN-11309,208370.09,11.5062,24,9760.73,976073,26,2026-07-01,Active,208370.09
LN-1311-0,SYN-11311,235412.26,15.6005,24,11481.63,1148163,25,2026-07-01,Active,235412.26
LN-1311-1,SYN-11311,120727.88,17.1747,36,4314.78,431478,25,2026-07-01,Active,120727.88
LN-1312-0,SYN-11312,161147.67,12.7748,12,14376.25,1437625,22,2026-07-01,Active,161147.67
LN-1313-0,SYN-11313,977516.59,14.068,36,33441.49,3344149,27,2026-07-01,Active,977516.59
LN-1314-0,SYN-11314,591179.26,13.8398,36,20159.14,2015914,28,2026-07-01,Active,591179.26
LN-1315-0,SYN-11315,447220.72,10.5184,12,39425.72,3942572,24,2026-07-01,Active,447220.72
LN-1316-0,SYN-11316,219569.47,19.8308,12,20321.93,2032193,24,2026-07-01,Active,219569.47
LN-1317-0,SYN-11317,218771.17,13.2684,36,7399.58,739958,28,2026-07-01,Active,218771.17
LN-1318-0,SYN-11318,598539.13,16.7866,36,21276.04,2127604,22,2026-07-01,Active,598539.13
LN-1319-0,SYN-11319,268601.23,19.1308,24,13556.89,1355689,26,2026-07-01,Active,268601.23
LN-1321-0,SYN-11321,363481.68,13.0404,24,17287.48,1728748,21,2026-07-01,Active,363481.68
LN-1321-1,SYN-11321,331490.01,16.3594,36,11713.11,1171311,21,2026-07-01,Active,331490.01
LN-1322-0,SYN-11322,541366.62,14.4381,12,48719.42,4871942,21,2026-07-01,Active,541366.62
LN-1323-0,SYN-11323,424835.33,14.9059,36,14707.48,1470748,26,2026-07-01,Active,424835.33
LN-1324-0,SYN-11324,131292.49,11.7851,36,4347.33,434733,20,2026-07-01,Active,131292.49
LN-1325-0,SYN-11325,600068.43,17.647,24,29855.64,2985564,22,2026-07-01,Active,600068.43
LN-1326-0,SYN-11326,423147.8,10.0775,36,13669.18,1366918,20,2026-07-01,Active,423147.8
LN-1327-0,SYN-11327,516785.29,16.5368,36,18305.9,1830590,27,2026-07-01,Active,516785.29
LN-1328-0,SYN-11328,848915.91,19.8259,12,78568.2,7856820,21,2026-07-01,Active,848915.91
LN-1329-0,SYN-11329,98893.56,17.4553,24,4911.18,491118,28,2026-07-01,Active,98893.56
LN-1331-0,SYN-11331,343502.36,11.9012,24,16154.0,1615400,25,2026-07-01,Active,343502.36
LN-1331-1,SYN-11331,339771.42,11.7971,36,11252.38,1125238,25,2026-07-01,Active,339771.42
LN-1332-0,SYN-11332,286465.02,14.1886,12,25746.29,2574629,24,2026-07-01,Active,286465.02
LN-1333-0,SYN-11333,170334.46,14.6152,12,15343.19,1534319,27,2026-07-01,Active,170334.46
LN-1334-0,SYN-11334,539900.72,11.1081,24,25190.72,2519072,27,2026-07-01,Active,539900.72
LN-1335-0,SYN-11335,281333.64,13.7409,24,13473.23,1347323,20,2026-07-01,Active,281333.64
LN-1336-0,SYN-11336,831231.14,17.5437,24,41315.45,4131545,22,2026-07-01,Active,831231.14
LN-1337-0,SYN-11337,450762.46,14.9833,24,21852.39,2185239,25,2026-07-01,Active,450762.46
LN-1338-0,SYN-11338,227000.53,18.4188,24,11378.79,1137879,25,2026-07-01,Active,227000.53
LN-1339-0,SYN-11339,557308.98,10.0024,36,17983.41,1798341,22,2026-07-01,Active,557308.98
LN-1341-0,SYN-11341,801410.85,12.1773,36,26686.21,2668621,20,2026-07-01,Active,801410.85
LN-1341-1,SYN-11341,764588.81,19.3686,24,38678.93,3867893,20,2026-07-01,Active,764588.81
LN-1342-0,SYN-11342,497628.46,12.7405,36,16704.93,1670493,24,2026-07-01,Active,497628.46
LN-1343-0,SYN-11343,409479.46,19.9708,12,37926.21,3792621,26,2026-07-01,Active,409479.46
LN-1344-0,SYN-11344,557683.49,16.7079,36,19801.96,1980196,25,2026-07-01,Active,557683.49
LN-1345-0,SYN-11345,115256.03,16.0124,24,5643.98,564398,21,2026-07-01,Active,115256.03
LN-1346-0,SYN-11346,245921.07,10.6539,12,21695.24,2169524,25,2026-07-01,Active,245921.07
LN-1347-0,SYN-11347,259157.62,11.2469,24,12108.51,1210851,27,2026-07-01,Active,259157.62
LN-1348-0,SYN-11348,452607.03,18.7725,24,22765.3,2276530,27,2026-07-01,Active,452607.03
LN-1349-0,SYN-11349,890547.38,17.7872,12,81555.2,8155520,22,2026-07-01,Active,890547.38
LN-1351-0,SYN-11351,412876.51,14.2924,36,14169.85,1416985,23,2026-07-01,Active,412876.51
LN-1351-1,SYN-11351,970834.72,14.5468,12,87418.42,8741842,23,2026-07-01,Active,970834.72
LN-1352-0,SYN-11352,496831.89,18.0988,12,45572.91,4557291,23,2026-07-01,Active,496831.89
LN-1353-0,SYN-11353,225281.22,18.3331,12,20689.51,2068951,25,2026-07-01,Active,225281.22
LN-1354-0,SYN-11354,98219.05,12.8861,36,3304.0,330400,24,2026-07-01,Active,98219.05
LN-1355-0,SYN-11355,287568.6,17.0748,36,10263.31,1026331,23,2026-07-01,Active,287568.6
LN-1356-0,SYN-11356,496143.07,13.7966,36,16908.03,1690803,25,2026-07-01,Active,496143.07
LN-1357-0,SYN-11357,118310.61,10.229,36,3830.28,383028,27,2026-07-01,Active,118310.61
LN-1358-0,SYN-11358,164595.0,13.0181,36,5547.29,554729,20,2026-07-01,Active,164595.0
LN-1359-0,SYN-11359,148419.13,12.0817,12,13192.54,1319254,24,2026-07-01,Active,148419.13
LN-1361-0,SYN-11361,360752.04,17.8261,12,33043.89,3304389,28,2026-07-01,Active,360752.04
LN-1361-1,SYN-11361,750203.86,11.252,36,24650.33,2465033,28,2026-07-01,Active,750203.86
LN-1362-0,SYN-11362,353473.89,16.2784,12,32117.57,3211757,24,2026-07-01,Active,353473.89
LN-1363-0,SYN-11363,241623.82,18.3677,36,8779.91,877991,28,2026-07-01,Active,241623.82
LN-1364-0,SYN-11364,187238.61,16.1973,12,17005.81,1700581,22,2026-07-01,Active,187238.61
LN-1365-0,SYN-11365,742227.21,12.0414,12,65960.37,6596037,26,2026-07-01,Active,742227.21
LN-1366-0,SYN-11366,378406.78,14.2535,36,12979.68,1297968,20,2026-07-01,Active,378406.78
LN-1367-0,SYN-11367,952071.22,13.8374,24,45638.6,4563860,26,2026-07-01,Active,952071.22
LN-1368-0,SYN-11368,500124.55,16.6113,36,17734.2,1773420,20,2026-07-01,Active,500124.55
LN-1369-0,SYN-11369,470297.9,10.3729,36,15257.67,1525767,26,2026-07-01,Active,470297.9
LN-1371-0,SYN-11371,395756.0,18.9543,36,14497.7,1449770,23,2026-07-01,Active,395756.0
LN-1371-1,SYN-11371,482273.98,15.3081,12,43599.38,4359938,23,2026-07-01,Active,482273.98
LN-1372-0,SYN-11372,383660.66,12.3412,36,12805.63,1280563,21,2026-07-01,Active,383660.66
LN-1373-0,SYN-11373,264042.23,19.7977,24,13412.56,1341256,23,2026-07-01,Active,264042.23
LN-1374-0,SYN-11374,810930.06,16.0313,36,28522.44,2852244,27,2026-07-01,Active,810930.06
LN-1375-0,SYN-11375,232659.92,12.6863,24,11026.83,1102683,28,2026-07-01,Active,232659.92
LN-1376-0,SYN-11376,947850.97,16.1512,12,86067.17,8606717,20,2026-07-01,Active,947850.97
LN-1377-0,SYN-11377,236347.91,16.5317,36,8371.46,837146,23,2026-07-01,Active,236347.91
LN-1378-0,SYN-11378,516220.16,16.5291,36,18283.9,1828390,28,2026-07-01,Active,516220.16
LN-1379-0,SYN-11379,529245.36,15.5707,36,18494.71,1849471,22,2026-07-01,Active,529245.36
LN-1381-0,SYN-11381,504479.0,14.8115,36,17441.39,1744139,25,2026-07-01,Active,504479.0
LN-1381-1,SYN-11381,200786.52,13.7273,36,6835.84,683584,25,2026-07-01,Active,200786.52
LN-1382-0,SYN-11382,184282.38,19.7262,24,9354.57,935457,25,2026-07-01,Active,184282.38
LN-1383-0,SYN-11383,105091.26,13.5299,24,5022.43,502243,21,2026-07-01,Active,105091.26
LN-1384-0,SYN-11384,224776.74,10.4982,24,10424.07,1042407,25,2026-07-01,Active,224776.74
LN-1385-0,SYN-11385,541849.26,19.857,12,50156.87,5015687,27,2026-07-01,Active,541849.26
LN-1386-0,SYN-11386,253436.47,14.7292,36,8751.88,875188,28,2026-07-01,Active,253436.47
LN-1387-0,SYN-11387,449314.99,16.4291,12,40858.03,4085803,28,2026-07-01,Active,449314.99
LN-1388-0,SYN-11388,421287.61,10.2916,12,37095.04,3709504,22,2026-07-01,Active,421287.61
LN-1389-0,SYN-11389,679578.8,19.4618,12,62777.52,6277752,25,2026-07-01,Active,679578.8
LN-1391-0,SYN-11391,152602.47,16.1766,36,5378.37,537837,24,2026-07-01,Active,152602.47
LN-1391-1,SYN-11391,170648.85,12.9103,12,15234.71,1523471,24,2026-07-01,Active,170648.85
LN-1392-0,SYN-11392,599393.17,15.4332,36,20905.55,2090555,23,2026-07-01,Active,599393.17
LN-1393-0,SYN-11393,194225.77,10.4347,36,6306.83,630683,22,2026-07-01,Active,194225.77
LN-1394-0,SYN-11394,568660.57,11.2977,36,18697.48,1869748,24,2026-07-01,Active,568660.57
LN-1395-0,SYN-11395,321667.3,10.1653,36,10404.28,1040428,25,2026-07-01,Active,321667.3
LN-1396-0,SYN-11396,262318.2,14.2239,12,23580.43,2358043,27,2026-07-01,Active,262318.2
LN-1397-0,SYN-11397,972907.69,19.5067,12,89895.28,8989528,23,2026-07-01,Active,972907.69
LN-1398-0,SYN-11398,155895.09,13.6969,12,13975.14,1397514,22,2026-07-01,Active,155895.09
LN-1399-0,SYN-11399,208912.01,14.5307,24,10082.92,1008292,26,2026-07-01,Active,208912.01
LN-1401-0,SYN-11401,201243.89,11.8537,36,6670.13,667013,23,2026-07-01,Active,201243.89
LN-1401-1,SYN-11401,127328.19,19.7397,12,11779.12,1177912,23,2026-07-01,Active,127328.19
LN-1402-0,SYN-11402,495210.03,12.3208,24,23385.51,2338551,23,2026-07-01,Active,495210.03
LN-1403-0,SYN-11403,606661.8,11.4772,24,28409.8,2840980,25,2026-07-01,Active,606661.8
LN-1404-0,SYN-11404,336766.14,11.8283,24,15825.76,1582576,21,2026-07-01,Active,336766.14
LN-1405-0,SYN-11405,125187.8,18.5879,24,6285.51,628551,26,2026-07-01,Active,125187.8
LN-1406-0,SYN-11406,533458.66,14.0661,36,18249.5,1824950,28,2026-07-01,Active,533458.66
LN-1407-0,SYN-11407,304797.29,10.7282,36,9939.48,993948,20,2026-07-01,Active,304797.29
LN-1408-0,SYN-11408,376401.39,15.8444,24,18401.82,1840182,20,2026-07-01,Active,376401.39
LN-1409-0,SYN-11409,295063.09,15.7324,24,14409.51,1440951,27,2026-07-01,Active,295063.09
LN-1411-0,SYN-11411,177216.91,18.8624,12,16320.07,1632007,28,2026-07-01,Active,177216.91
LN-1411-1,SYN-11411,217283.15,14.0981,36,7436.58,743658,28,2026-07-01,Active,217283.15
LN-1412-0,SYN-11412,329410.08,18.2513,24,16485.53,1648553,25,2026-07-01,Active,329410.08
LN-1413-0,SYN-11413,499202.4,18.4045,12,45863.03,4586303,22,2026-07-01,Active,499202.4
LN-1414-0,SYN-11414,486380.39,10.7795,36,15872.74,1587274,27,2026-07-01,Active,486380.39
LN-1415-0,SYN-11415,205541.59,15.8972,12,18638.97,1863897,28,2026-07-01,Active,205541.59
LN-1416-0,SYN-11416,350817.1,16.3616,12,31890.0,3189000,25,2026-07-01,Active,350817.1
LN-1417-0,SYN-11417,124023.16,15.8671,24,6064.69,606469,22,2026-07-01,Active,124023.16
LN-1418-0,SYN-11418,414869.56,19.8723,24,21089.24,2108924,28,2026-07-01,Active,414869.56
LN-1419-0,SYN-11419,65583.33,16.2007,24,3217.46,321746,25,2026-07-01,Active,65583.33
LN-1421-0,SYN-11421,322906.25,15.0174,12,29147.63,2914763,25,2026-07-01,Active,322906.25
LN-1421-1,SYN-11421,399319.93,11.7715,24,18754.79,1875479,25,2026-07-01,Active,399319.93
LN-1422-0,SYN-11422,419150.88,11.9541,36,13912.63,1391263,25,2026-07-01,Active,419150.88
LN-1423-0,SYN-11423,292179.5,17.7723,12,26755.36,2675536,25,2026-07-01,Active,292179.5
LN-1424-0,SYN-11424,223894.39,11.263,36,7357.93,735793,22,2026-07-01,Active,223894.39
LN-1425-0,SYN-11425,461125.11,13.6138,24,22055.9,2205590,22,2026-07-01,Active,461125.11
LN-1426-0,SYN-11426,236802.28,14.1358,36,8108.96,810896,20,2026-07-01,Active,236802.28
LN-1427-0,SYN-11427,475408.33,12.2199,36,15840.33,1584033,28,2026-07-01,Active,475408.33
LN-1428-0,SYN-11428,957190.53,16.2078,12,86940.89,8694089,28,2026-07-01,Active,957190.53
LN-1429-0,SYN-11429,213254.35,18.9896,12,19651.73,1965173,21,2026-07-01,Active,213254.35
LN-1431-0,SYN-11431,195644.57,11.214,12,17310.92,1731092,27,2026-07-01,Active,195644.57
LN-1431-1,SYN-11431,456116.07,10.2756,36,14776.67,1477667,27,2026-07-01,Active,456116.07
LN-1432-0,SYN-11432,239406.64,11.7989,12,21248.47,2124847,26,2026-07-01,Active,239406.64
LN-1433-0,SYN-11433,679200.45,16.78,24,33509.46,3350946,27,2026-07-01,Active,679200.45
LN-1434-0,SYN-11434,169686.89,14.3608,24,8176.11,817611,22,2026-07-01,Active,169686.89
LN-1435-0,SYN-11435,157337.65,10.4274,36,5108.47,510847,22,2026-07-01,Active,157337.65
LN-1436-0,SYN-11436,568813.12,13.4859,36,19298.97,1929897,25,2026-07-01,Active,568813.12
LN-1437-0,SYN-11437,343956.09,12.6523,24,16296.18,1629618,24,2026-07-01,Active,343956.09
LN-1438-0,SYN-11438,189640.66,10.689,12,16733.26,1673326,26,2026-07-01,Active,189640.66
LN-1439-0,SYN-11439,438157.28,11.8434,24,20593.55,2059355,24,2026-07-01,Active,438157.28
LN-1441-0,SYN-11441,197006.94,10.0455,36,6361.07,636107,25,2026-07-01,Active,197006.94
LN-1441-1,SYN-11441,163923.08,16.5495,12,14915.54,1491554,25,2026-07-01,Active,163923.08
LN-1442-0,SYN-11442,258720.06,19.1672,36,9505.53,950553,28,2026-07-01,Active,258720.06
LN-1443-0,SYN-11443,210696.55,19.2253,24,10644.0,1064400,27,2026-07-01,Active,210696.55
LN-1444-0,SYN-11444,655403.26,16.671,24,32301.1,3230110,20,2026-07-01,Active,655403.26
LN-1445-0,SYN-11445,401161.72,17.218,12,36629.37,3662937,28,2026-07-01,Active,401161.72
LN-1446-0,SYN-11446,792368.81,10.0959,24,36598.89,3659889,28,2026-07-01,Active,792368.81
LN-1447-0,SYN-11447,242239.32,16.9868,36,8634.9,863490,26,2026-07-01,Active,242239.32
LN-1448-0,SYN-11448,194045.22,12.6444,24,9192.89,919289,27,2026-07-01,Active,194045.22
LN-1449-0,SYN-11449,343953.41,13.3493,12,30777.37,3077737,20,2026-07-01,Active,343953.41
LN-1451-0,SYN-11451,239282.33,19.1726,12,22071.15,2207115,25,2026-07-01,Active,239282.33
LN-1451-1,SYN-11451,127281.75,19.3038,24,6434.9,643490,25,2026-07-01,Active,127281.75
LN-1452-0,SYN-11452,142361.31,19.6527,36,5265.5,526550,22,2026-07-01,Active,142361.31
LN-1453-0,SYN-11453,216714.23,15.0198,36,7514.57,751457,25,2026-07-01,Active,216714.23
LN-1454-0,SYN-11454,545659.24,19.3925,36,20110.14,2011014,24,2026-07-01,Active,545659.24
LN-1455-0,SYN-11455,621893.86,19.2067,24,31411.31,3141131,25,2026-07-01,Active,621893.86
LN-1456-0,SYN-11456,468998.67,11.4313,12,41545.3,4154530,25,2026-07-01,Active,468998.67
LN-1457-0,SYN-11457,171719.59,16.2302,24,8426.83,842683,24,2026-07-01,Active,171719.59
LN-1458-0,SYN-11458,397483.93,14.3132,12,35747.55,3574755,20,2026-07-01,Active,397483.93
LN-1459-0,SYN-11459,167598.78,19.3659,12,15474.61,1547461,22,2026-07-01,Active,167598.78
LN-1461-0,SYN-11461,180448.18,12.1576,36,6007.05,600705,23,2026-07-01,Active,180448.18
LN-1461-1,SYN-11461,173277.76,13.2971,24,8262.15,826215,23,2026-07-01,Active,173277.76
LN-1462-0,SYN-11462,232466.43,12.9388,24,11045.2,1104520,20,2026-07-01,Active,232466.43
LN-1463-0,SYN-11463,709913.15,12.7066,12,63309.82,6330982,22,2026-07-01,Active,709913.15
LN-1464-0,SYN-11464,727438.15,16.0657,12,66023.7,6602370,26,2026-07-01,Active,727438.15
LN-1465-0,SYN-11465,492253.5,11.1119,36,16141.85,1614185,27,2026-07-01,Active,492253.5
LN-1466-0,SYN-11466,935575.03,14.9345,24,45333.79,4533379,20,2026-07-01,Active,935575.03
LN-1467-0,SYN-11467,160381.18,16.6779,12,14603.02,1460302,22,2026-07-01,Active,160381.18
LN-1468-0,SYN-11468,279008.03,12.5091,36,9335.05,933505,28,2026-07-01,Active,279008.03
LN-1469-0,SYN-11469,352086.36,18.768,24,17708.52,1770852,24,2026-07-01,Active,352086.36
LN-1471-0,SYN-11471,200780.62,19.276,12,18529.72,1852972,20,2026-07-01,Active,200780.62
LN-1471-1,SYN-11471,290633.35,11.6578,24,13634.72,1363472,20,2026-07-01,Active,290633.35
LN-1472-0,SYN-11472,462497.42,12.5381,24,21887.75,2188775,25,2026-07-01,Active,462497.42
LN-1473-0,SYN-11473,205066.44,16.4566,36,7255.84,725584,28,2026-07-01,Active,205066.44
LN-1474-0,SYN-11474,170343.4,13.366,36,5769.62,576962,23,2026-07-01,Active,170343.4
LN-1475-0,SYN-11475,267114.09,19.2211,12,24644.51,2464451,20,2026-07-01,Active,267114.09
LN-1476-0,SYN-11476,108681.36,16.5734,12,9890.27,989027,20,2026-07-01,Active,108681.36
LN-1477-0,SYN-11477,841365.61,14.8764,24,40745.59,4074559,21,2026-07-01,Active,841365.61
LN-1478-0,SYN-11478,109492.55,13.8475,24,5249.17,524917,25,2026-07-01,Active,109492.55
LN-1479-0,SYN-11479,71649.35,15.1794,24,3480.15,348015,20,2026-07-01,Active,71649.35
LN-1481-0,SYN-11481,788880.65,19.2598,24,39866.03,3986603,24,2026-07-01,Active,788880.65
LN-1481-1,SYN-11481,267579.48,14.6332,24,12927.44,1292744,24,2026-07-01,Active,267579.48
LN-1482-0,SYN-11482,743918.54,14.84,12,67088.68,6708868,27,2026-07-01,Active,743918.54
LN-1483-0,SYN-11483,318668.13,19.2767,24,16106.5,1610650,21,2026-07-01,Active,318668.13
LN-1484-0,SYN-11484,336362.49,12.3426,36,11227.17,1122717,25,2026-07-01,Active,336362.49
LN-1485-0,SYN-11485,424254.55,18.3815,24,21258.81,2125881,28,2026-07-01,Active,424254.55
LN-1486-0,SYN-11486,330568.15,13.3681,12,29582.57,2958257,26,2026-07-01,Active,330568.15
LN-1487-0,SYN-11487,122514.02,14.2674,36,4203.17,420317,26,2026-07-01,Active,122514.02
LN-1488-0,SYN-11488,450004.23,16.5618,36,15945.91,1594591,27,2026-07-01,Active,450004.23
LN-1489-0,SYN-11489,313093.04,15.6138,36,10947.82,1094782,23,2026-07-01,Active,313093.04
LN-1491-0,SYN-11491,366712.12,17.6251,24,18241.42,1824142,27,2026-07-01,Active,366712.12
LN-1491-1,SYN-11491,547355.39,14.5026,36,18841.21,1884121,27,2026-07-01,Active,547355.39
LN-1492-0,SYN-11492,204001.16,11.4828,12,18075.93,1807593,26,2026-07-01,Active,204001.16
LN-1493-0,SYN-11493,485952.01,11.6314,24,22791.89,2279189,24,2026-07-01,Active,485952.01
LN-1494-0,SYN-11494,161832.51,15.7575,12,14664.64,1466464,28,2026-07-01,Active,161832.51
LN-1495-0,SYN-11495,161627.54,11.5093,12,14323.34,1432334,26,2026-07-01,Active,161627.54
LN-1496-0,SYN-11496,754317.14,17.8986,24,37621.66,3762166,27,2026-07-01,Active,754317.14
LN-1497-0,SYN-11497,252680.63,13.3733,12,22613.03,2261303,23,2026-07-01,Active,252680.63
LN-1498-0,SYN-11498,350370.4,19.0798,24,17675.28,1767528,28,2026-07-01,Active,350370.4
LN-1499-0,SYN-11499,350962.28,15.6307,12,31781.8,3178180,26,2026-07-01,Active,350962.28
LN-1501-0,SYN-11501,796974.25,16.1236,36,28067.89,2806789,23,2026-07-01,Active,796974.25
LN-1501-1,SYN-11501,574575.64,11.392,12,50887.07,5088707,23,2026-07-01,Active,574575.64
LN-1502-0,SYN-11502,266327.95,16.0667,24,13048.73,1304873,23,2026-07-01,Active,266327.95
LN-1503-0,SYN-11503,324263.29,18.078,24,16200.77,1620077,21,2026-07-01,Active,324263.29
LN-1504-0,SYN-11504,363802.18,17.7256,12,33305.89,3330589,28,2026-07-01,Active,363802.18
LN-1505-0,SYN-11505,550508.71,17.4256,36,19743.94,1974394,27,2026-07-01,Active,550508.71
LN-1506-0,SYN-11506,141580.07,14.0054,12,12712.43,1271243,26,2026-07-01,Active,141580.07
LN-1507-0,SYN-11507,239785.12,14.8303,24,11607.05,1160705,25,2026-07-01,Active,239785.12
LN-1508-0,SYN-11508,656475.86,11.8761,12,58289.05,5828905,26,2026-07-01,Active,656475.86
LN-1509-0,SYN-11509,365498.3,17.0076,36,13032.39,1303239,21,2026-07-01,Active,365498.3
LN-1511-0,SYN-11511,437195.15,16.2535,36,15425.25,1542525,24,2026-07-01,Active,437195.15
LN-1511-1,SYN-11511,320579.56,13.7626,36,10919.73,1091973,24,2026-07-01,Active,320579.56
LN-1512-0,SYN-11512,205013.21,14.7742,12,18482.31,1848231,25,2026-07-01,Active,205013.21
LN-1513-0,SYN-11513,117258.7,13.6953,24,5613.07,561307,26,2026-07-01,Active,117258.7
LN-1514-0,SYN-11514,502778.08,10.266,36,16286.1,1628610,23,2026-07-01,Active,502778.08
LN-1515-0,SYN-11515,98748.69,11.4015,12,8746.08,874608,28,2026-07-01,Active,98748.69
LN-1516-0,SYN-11516,451071.16,15.0921,12,40732.53,4073253,26,2026-07-01,Active,451071.16
LN-1517-0,SYN-11517,955513.56,14.4692,24,46089.06,4608906,28,2026-07-01,Active,955513.56
LN-1518-0,SYN-11518,384989.2,17.2935,36,13782.22,1378222,20,2026-07-01,Active,384989.2
LN-1519-0,SYN-11519,410561.13,15.1859,24,19943.02,1994302,22,2026-07-01,Active,410561.13
LN-1521-0,SYN-11521,415256.93,13.5337,36,14098.64,1409864,25,2026-07-01,Active,415256.93
LN-1521-1,SYN-11521,313562.4,18.6361,24,15750.87,1575087,25,2026-07-01,Active,313562.4
LN-1522-0,SYN-11522,871019.72,11.2274,24,40688.38,4068838,21,2026-07-01,Active,871019.72
LN-1523-0,SYN-11523,325770.16,19.3694,36,12002.37,1200237,24,2026-07-01,Active,325770.16
LN-1524-0,SYN-11524,333991.9,16.9426,24,16504.11,1650411,28,2026-07-01,Active,333991.9
LN-1525-0,SYN-11525,286876.27,16.3686,36,10138.0,1013800,26,2026-07-01,Active,286876.27
LN-1526-0,SYN-11526,344788.9,11.6803,12,30582.53,3058253,20,2026-07-01,Active,344788.9
LN-1527-0,SYN-11527,572628.02,11.0886,12,50633.49,5063349,24,2026-07-01,Active,572628.02
LN-1528-0,SYN-11528,520076.15,18.0268,12,47687.21,4768721,28,2026-07-01,Active,520076.15
LN-1529-0,SYN-11529,123739.4,16.0207,36,4351.58,435158,28,2026-07-01,Active,123739.4
LN-1531-0,SYN-11531,272695.88,16.5131,12,24808.19,2480819,27,2026-07-01,Active,272695.88
LN-1531-1,SYN-11531,638848.02,19.6159,36,23617.04,2361704,27,2026-07-01,Active,638848.02
LN-1532-0,SYN-11532,155386.56,12.296,24,7336.08,733608,25,2026-07-01,Active,155386.56
LN-1533-0,SYN-11533,306438.57,17.4837,24,15222.34,1522234,25,2026-07-01,Active,306438.57
LN-1534-0,SYN-11534,183562.81,11.4542,24,8594.22,859422,26,2026-07-01,Active,183562.81
LN-1535-0,SYN-11535,253675.91,16.4334,12,23068.3,2306830,25,2026-07-01,Active,253675.91
LN-1536-0,SYN-11536,183545.65,15.9291,36,6446.5,644650,20,2026-07-01,Active,183545.65
LN-1537-0,SYN-11537,448759.75,19.6686,24,22767.41,2276741,24,2026-07-01,Active,448759.75
LN-1538-0,SYN-11538,811791.22,11.793,12,72048.07,7204807,22,2026-07-01,Active,811791.22
LN-1539-0,SYN-11539,317055.89,16.7732,36,11268.15,1126815,20,2026-07-01,Active,317055.89
LN-1541-0,SYN-11541,340369.2,19.6388,24,17263.37,1726337,28,2026-07-01,Active,340369.2
LN-1541-1,SYN-11541,420531.54,19.1888,36,15455.18,1545518,28,2026-07-01,Active,420531.54
LN-1542-0,SYN-11542,298102.93,15.5621,12,26985.4,2698540,24,2026-07-01,Active,298102.93
LN-1543-0,SYN-11543,156920.5,17.824,36,5659.2,565920,23,2026-07-01,Active,156920.5
LN-1544-0,SYN-11544,409499.23,19.355,36,15084.22,1508422,27,2026-07-01,Active,409499.23
LN-1545-0,SYN-11545,473081.29,12.0669,12,42047.51,4204751,20,2026-07-01,Active,473081.29
LN-1546-0,SYN-11546,897797.71,16.3634,24,44115.03,4411503,20,2026-07-01,Active,897797.71
LN-1547-0,SYN-11547,414839.15,16.1412,12,37666.44,3766644,22,2026-07-01,Active,414839.15
LN-1548-0,SYN-11548,456279.44,13.954,36,15584.35,1558435,20,2026-07-01,Active,456279.44
LN-1549-0,SYN-11549,893433.3,16.1065,36,31457.46,3145746,24,2026-07-01,Active,893433.3
LN-1551-0,SYN-11551,162325.59,17.301,12,14828.07,1482807,25,2026-07-01,Active,162325.59
LN-1551-1,SYN-11551,105814.37,16.8113,36,3762.64,376264,25,2026-07-01,Active,105814.37
LN-1552-0,SYN-11552,773471.35,18.0812,24,38645.22,3864522,25,2026-07-01,Active,773471.35
LN-1553-0,SYN-11553,152146.7,10.3387,24,7044.61,704461,25,2026-07-01,Active,152146.7
LN-1554-0,SYN-11554,294558.17,10.8122,36,9617.29,961729,28,2026-07-01,Active,294558.17
LN-1555-0,SYN-11555,592555.49,19.2772,36,21803.86,2180386,22,2026-07-01,Active,592555.49
LN-1556-0,SYN-11556,679914.98,16.9093,36,24210.14,2421014,26,2026-07-01,Active,679914.98
LN-1557-0,SYN-11557,150952.74,10.3014,24,6986.72,698672,28,2026-07-01,Active,150952.74
LN-1558-0,SYN-11558,642323.76,19.6376,24,32577.98,3257798,26,2026-07-01,Active,642323.76
LN-1559-0,SYN-11559,714411.71,16.1558,36,25171.57,2517157,22,2026-07-01,Active,714411.71
LN-1561-0,SYN-11561,502479.33,13.8174,12,45073.02,4507302,20,2026-07-01,Active,502479.33
LN-1561-1,SYN-11561,289088.24,19.6659,12,26733.34,2673334,20,2026-07-01,Active,289088.24
LN-1562-0,SYN-11562,373016.07,18.2064,36,13524.09,1352409,20,2026-07-01,Active,373016.07
LN-1563-0,SYN-11563,239819.57,16.2693,24,11773.19,1177319,27,2026-07-01,Active,239819.57
LN-1564-0,SYN-11564,294150.75,16.8373,36,10463.48,1046348,28,2026-07-01,Active,294150.75
LN-1565-0,SYN-11565,293916.94,12.0272,36,9766.06,976606,20,2026-07-01,Active,293916.94
LN-1566-0,SYN-11566,173676.32,19.3269,36,6395.02,639502,24,2026-07-01,Active,173676.32
LN-1567-0,SYN-11567,195015.77,14.4941,36,6712.07,671207,22,2026-07-01,Active,195015.77
LN-1568-0,SYN-11568,504346.98,15.7692,36,17673.93,1767393,21,2026-07-01,Active,504346.98
LN-1569-0,SYN-11569,836114.5,15.9801,24,40930.82,4093082,23,2026-07-01,Active,836114.5
LN-1571-0,SYN-11571,138435.14,12.8424,24,6571.21,657121,20,2026-07-01,Active,138435.14
LN-1571-1,SYN-11571,546952.91,19.246,12,50469.56,5046956,20,2026-07-01,Active,546952.91
LN-1572-0,SYN-11572,173957.35,18.0344,12,15951.26,1595126,20,2026-07-01,Active,173957.35
LN-1573-0,SYN-11573,257160.47,16.7117,36,9131.62,913162,23,2026-07-01,Active,257160.47
LN-1574-0,SYN-11574,476612.62,13.2955,12,42635.85,4263585,24,2026-07-01,Active,476612.62
LN-1575-0,SYN-11575,179843.16,10.4517,36,5841.25,584125,28,2026-07-01,Active,179843.16
LN-1576-0,SYN-11576,324662.07,15.3089,36,11303.7,1130370,20,2026-07-01,Active,324662.07
LN-1577-0,SYN-11577,265707.64,12.0231,24,12510.65,1251065,27,2026-07-01,Active,265707.64
LN-1578-0,SYN-11578,579404.55,19.2287,24,29271.41,2927141,27,2026-07-01,Active,579404.55
LN-1579-0,SYN-11579,292092.38,17.3018,24,14484.1,1448410,21,2026-07-01,Active,292092.38
LN-1581-0,SYN-11581,353732.79,11.2064,36,11615.36,1161536,21,2026-07-01,Active,353732.79
LN-1581-1,SYN-11581,463126.8,12.797,24,21973.75,2197375,21,2026-07-01,Active,463126.8
LN-1582-0,SYN-11582,214004.32,12.6712,12,19081.28,1908128,25,2026-07-01,Active,214004.32
LN-1583-0,SYN-11583,97077.26,16.197,24,4762.35,476235,21,2026-07-01,Active,97077.26
LN-1584-0,SYN-11584,542727.79,19.7984,36,20113.99,2011399,21,2026-07-01,Active,542727.79
LN-1585-0,SYN-11585,547958.91,12.1474,36,18238.69,1823869,27,2026-07-01,Active,547958.91
LN-1586-0,SYN-11586,698144.97,13.3748,36,23649.49,2364949,23,2026-07-01,Active,698144.97
LN-1587-0,SYN-11587,687812.84,10.4488,24,31881.73,3188173,22,2026-07-01,Active,687812.84
LN-1588-0,SYN-11588,239653.26,13.4671,24,11446.2,1144620,28,2026-07-01,Active,239653.26
LN-1589-0,SYN-11589,202038.86,19.7659,36,7484.41,748441,24,2026-07-01,Active,202038.86
LN-1591-0,SYN-11591,252377.03,17.2389,24,12507.08,1250708,22,2026-07-01,Active,252377.03
LN-1591-1,SYN-11591,544714.36,19.2468,12,50263.19,5026319,22,2026-07-01,Active,544714.36
LN-1592-0,SYN-11592,902506.74,10.6615,36,29402.44,2940244,22,2026-07-01,Active,902506.74
LN-1593-0,SYN-11593,353123.08,19.7402,24,17927.7,1792770,27,2026-07-01,Active,353123.08
LN-1594-0,SYN-11594,236530.68,10.822,36,7723.79,772379,25,2026-07-01,Active,236530.68
LN-1595-0,SYN-11595,366278.55,15.5465,36,12795.41,1279541,23,2026-07-01,Active,366278.55
LN-1596-0,SYN-11596,117421.11,19.406,36,4328.33,432833,21,2026-07-01,Active,117421.11
LN-1597-0,SYN-11597,209718.9,17.96,24,10465.97,1046597,24,2026-07-01,Active,209718.9
LN-1598-0,SYN-11598,139229.81,18.3514,36,5058.07,505807,21,2026-07-01,Active,139229.81
LN-1599-0,SYN-11599,330445.67,16.1971,36,11649.68,1164968,26,2026-07-01,Active,330445.67
LN-1601-0,SYN-11601,855472.41,19.9632,12,79231.21,7923121,22,2026-07-01,Active,855472.41
LN-1601-1,SYN-11601,492622.39,13.7837,12,44181.03,4418103,22,2026-07-01,Active,492622.39
LN-1602-0,SYN-11602,403722.39,18.1675,36,14629.49,1462949,21,2026-07-01,Active,403722.39
LN-1603-0,SYN-11603,498495.12,12.3889,24,23556.54,2355654,23,2026-07-01,Active,498495.12
LN-1604-0,SYN-11604,408621.57,17.585,36,14687.72,1468772,23,2026-07-01,Active,408621.57
LN-1605-0,SYN-11605,203333.36,13.0434,24,9670.99,967099,22,2026-07-01,Active,203333.36
LN-1606-0,SYN-11606,139459.49,11.1914,12,12338.12,1233812,26,2026-07-01,Active,139459.49
LN-1607-0,SYN-11607,665915.2,11.3726,12,58970.49,5897049,27,2026-07-01,Active,665915.2
LN-1608-0,SYN-11608,372988.43,18.7756,36,13629.99,1362999,20,2026-07-01,Active,372988.43
LN-1609-0,SYN-11609,374008.63,13.3416,36,12663.45,1266345,22,2026-07-01,Active,374008.63
LN-1611-0,SYN-11611,242870.07,19.3201,12,22419.2,2241920,28,2026-07-01,Active,242870.07
LN-1611-1,SYN-11611,351708.59,18.9537,12,32404.49,3240449,28,2026-07-01,Active,351708.59
LN-1612-0,SYN-11612,835265.67,10.5751,36,27177.78,2717778,22,2026-07-01,Active,835265.67
LN-1613-0,SYN-11613,841062.33,14.3816,36,28901.64,2890164,25,2026-07-01,Active,841062.33
LN-1614-0,SYN-11614,233859.43,14.3814,36,8036.14,803614,20,2026-07-01,Active,233859.43
LN-1615-0,SYN-11615,172861.71,19.3163,36,6364.1,636410,21,2026-07-01,Active,172861.71
LN-1616-0,SYN-11616,487332.94,16.6846,24,24021.06,2402106,28,2026-07-01,Active,487332.94
LN-1617-0,SYN-11617,455113.12,12.8393,24,21602.57,2160257,28,2026-07-01,Active,455113.12
LN-1618-0,SYN-11618,847195.87,10.5744,36,27565.66,2756566,28,2026-07-01,Active,847195.87
LN-1619-0,SYN-11619,291215.97,17.0521,24,14405.66,1440566,26,2026-07-01,Active,291215.97
LN-1621-0,SYN-11621,178471.01,14.9857,24,8652.25,865225,20,2026-07-01,Active,178471.01
LN-1621-1,SYN-11621,111218.57,19.6607,12,10284.62,1028462,20,2026-07-01,Active,111218.57
LN-1622-0,SYN-11622,465699.3,10.4787,36,15131.69,1513169,25,2026-07-01,Active,465699.3
LN-1623-0,SYN-11623,179689.37,18.8853,36,6576.28,657628,26,2026-07-01,Active,179689.37
LN-1624-0,SYN-11624,816083.08,12.0839,12,72540.03,7254003,21,2026-07-01,Active,816083.08
LN-1625-0,SYN-11625,815618.06,18.4817,24,40909.1,4090910,23,2026-07-01,Active,815618.06
LN-1626-0,SYN-11626,107288.42,18.3518,24,5374.53,537453,27,2026-07-01,Active,107288.42
LN-1627-0,SYN-11627,512663.65,16.6437,12,46670.73,4667073,26,2026-07-01,Active,512663.65
LN-1628-0,SYN-11628,816139.1,14.098,12,73316.43,7331643,20,2026-07-01,Active,816139.1
LN-1629-0,SYN-11629,250678.59,19.0046,24,12636.92,1263692,21,2026-07-01,Active,250678.59
LN-1631-0,SYN-11631,89796.61,18.2715,36,3258.61,325861,28,2026-07-01,Active,89796.61
LN-1631-1,SYN-11631,104896.11,18.8183,36,3835.44,383544,28,2026-07-01,Active,104896.11
LN-1632-0,SYN-11632,278381.99,15.3336,36,9695.75,969575,23,2026-07-01,Active,278381.99
LN-1633-0,SYN-11633,348677.94,14.7052,12,31422.6,3142260,20,2026-07-01,Active,348677.94
LN-1634-0,SYN-11634,329083.5,14.0801,36,11260.1,1126010,25,2026-07-01,Active,329083.5
LN-1635-0,SYN-11635,337796.33,16.281,36,11922.83,1192283,26,2026-07-01,Active,337796.33
LN-1636-0,SYN-11636,248510.95,16.9325,36,8851.74,885174,22,2026-07-01,Active,248510.95
LN-1637-0,SYN-11637,239848.04,11.7093,36,7933.13,793313,20,2026-07-01,Active,239848.04
LN-1638-0,SYN-11638,152822.03,16.4629,24,7516.49,751649,22,2026-07-01,Active,152822.03
LN-1639-0,SYN-11639,466194.6,16.9975,12,42518.61,4251861,25,2026-07-01,Active,466194.6
LN-1641-0,SYN-11641,738824.82,18.0908,24,36917.59,3691759,28,2026-07-01,Active,738824.82
LN-1641-1,SYN-11641,838422.08,16.9672,12,76455.01,7645501,28,2026-07-01,Active,838422.08
LN-1642-0,SYN-11642,186712.06,14.8186,36,6455.86,645586,20,2026-07-01,Active,186712.06
LN-1643-0,SYN-11643,174557.36,13.9928,24,8380.41,838041,20,2026-07-01,Active,174557.36
LN-1644-0,SYN-11644,405892.79,14.0664,24,19500.82,1950082,23,2026-07-01,Active,405892.79
LN-1645-0,SYN-11645,395718.03,10.8251,36,12922.55,1292255,25,2026-07-01,Active,395718.03
LN-1646-0,SYN-11646,127680.45,13.1522,36,4311.43,431143,26,2026-07-01,Active,127680.45
LN-1647-0,SYN-11647,560986.38,15.919,12,50877.28,5087728,21,2026-07-01,Active,560986.38
LN-1648-0,SYN-11648,118054.37,11.1358,36,3872.55,387255,24,2026-07-01,Active,118054.37
LN-1649-0,SYN-11649,266900.5,15.1733,24,12963.09,1296309,28,2026-07-01,Active,266900.5
LN-1651-0,SYN-11651,314850.62,12.094,24,14834.93,1483493,21,2026-07-01,Active,314850.62
LN-1651-1,SYN-11651,555945.35,15.6552,24,27129.3,2712930,21,2026-07-01,Active,555945.35
LN-1652-0,SYN-11652,495921.06,14.8567,24,24011.81,2401181,24,2026-07-01,Active,495921.06
LN-1653-0,SYN-11653,292992.62,12.2588,36,9767.8,976780,27,2026-07-01,Active,292992.62
LN-1654-0,SYN-11654,394548.49,15.0786,24,19145.08,1914508,22,2026-07-01,Active,394548.49
LN-1655-0,SYN-11655,217454.73,10.5747,36,7075.47,707547,26,2026-07-01,Active,217454.73
LN-1656-0,SYN-11656,548884.24,16.0247,36,19303.82,1930382,20,2026-07-01,Active,548884.24
LN-1657-0,SYN-11657,781287.41,11.6862,24,36663.54,3666354,25,2026-07-01,Active,781287.41
LN-1658-0,SYN-11658,402481.3,10.9328,12,35559.35,3555935,21,2026-07-01,Active,402481.3
LN-1659-0,SYN-11659,275712.18,16.2883,36,9732.51,973251,21,2026-07-01,Active,275712.18
LN-1661-0,SYN-11661,538921.76,10.1174,24,24897.71,2489771,26,2026-07-01,Active,538921.76
LN-1661-1,SYN-11661,544519.38,12.3738,12,48475.15,4847515,26,2026-07-01,Active,544519.38
LN-1662-0,SYN-11662,75520.31,13.5545,24,3610.07,361007,27,2026-07-01,Active,75520.31
LN-1663-0,SYN-11663,256755.18,12.5946,36,8601.05,860105,21,2026-07-01,Active,256755.18
LN-1664-0,SYN-11664,86073.62,18.0765,12,7894.36,789436,26,2026-07-01,Active,86073.62
LN-1665-0,SYN-11665,149192.68,13.2612,24,7111.21,711121,21,2026-07-01,Active,149192.68
LN-1666-0,SYN-11666,298987.91,18.3337,12,27458.72,2745872,27,2026-07-01,Active,298987.91
LN-1667-0,SYN-11667,257158.81,10.1125,24,11879.94,1187994,26,2026-07-01,Active,257158.81
LN-1668-0,SYN-11668,632772.95,14.9424,12,57095.82,5709582,24,2026-07-01,Active,632772.95
LN-1669-0,SYN-11669,204768.41,18.4186,12,18813.99,1881399,24,2026-07-01,Active,204768.41
LN-1671-0,SYN-11671,794600.56,10.5691,24,36875.84,3687584,24,2026-07-01,Active,794600.56
LN-1671-1,SYN-11671,540669.66,13.2285,36,18276.86,1827686,24,2026-07-01,Active,540669.66
LN-1672-0,SYN-11672,423730.98,10.4255,36,13757.41,1375741,22,2026-07-01,Active,423730.98
LN-1673-0,SYN-11673,315912.49,12.5126,12,28144.26,2814426,27,2026-07-01,Active,315912.49
LN-1674-0,SYN-11674,310582.35,13.213,36,10496.63,1049663,24,2026-07-01,Active,310582.35
LN-1675-0,SYN-11675,122407.48,19.934,12,11335.29,1133529,26,2026-07-01,Active,122407.48
LN-1676-0,SYN-11676,448819.37,19.082,36,16470.54,1647054,23,2026-07-01,Active,448819.37
LN-1677-0,SYN-11677,585921.99,12.0737,24,27601.55,2760155,23,2026-07-01,Active,585921.99
LN-1678-0,SYN-11678,511811.32,15.8118,12,46391.52,4639152,20,2026-07-01,Active,511811.32
LN-1679-0,SYN-11679,293712.95,16.7059,36,10428.73,1042873,21,2026-07-01,Active,293712.95
LN-1681-0,SYN-11681,334764.73,13.0637,36,11289.83,1128983,21,2026-07-01,Active,334764.73
LN-1681-1,SYN-11681,383741.09,18.7431,12,35317.23,3531723,21,2026-07-01,Active,383741.09
LN-1682-0,SYN-11682,80022.08,18.3305,12,7349.02,734902,23,2026-07-01,Active,80022.08
LN-1683-0,SYN-11683,397286.6,10.6292,12,35044.17,3504417,23,2026-07-01,Active,397286.6
LN-1684-0,SYN-11684,200918.79,10.378,24,9306.47,930647,21,2026-07-01,Active,200918.79
LN-1685-0,SYN-11685,608124.31,13.401,24,29026.01,2902601,20,2026-07-01,Active,608124.31
LN-1686-0,SYN-11686,868949.0,19.8442,36,32224.31,3222431,27,2026-07-01,Active,868949.0
LN-1687-0,SYN-11687,331200.92,18.7115,36,12092.25,1209225,26,2026-07-01,Active,331200.92
LN-1688-0,SYN-11688,123713.67,10.8117,12,10923.16,1092316,21,2026-07-01,Active,123713.67
LN-1689-0,SYN-11689,252744.0,10.5372,36,8219.24,821924,23,2026-07-01,Active,252744.0
LN-1691-0,SYN-11691,215464.45,14.7436,12,19421.4,1942140,28,2026-07-01,Active,215464.45
LN-1691-1,SYN-11691,283346.2,15.5666,12,25650.17,2565017,28,2026-07-01,Active,283346.2
LN-1692-0,SYN-11692,329432.71,17.691,24,16397.48,1639748,28,2026-07-01,Active,329432.71
LN-1693-0,SYN-11693,541076.88,19.4623,36,19960.43,1996043,25,2026-07-01,Active,541076.88
LN-1694-0,SYN-11694,165117.5,15.0179,24,8007.4,800740,21,2026-07-01,Active,165117.5
LN-1695-0,SYN-11695,352840.05,17.4277,24,17517.82,1751782,25,2026-07-01,Active,352840.05
LN-1696-0,SYN-11696,599459.95,14.8875,36,20747.47,2074747,27,2026-07-01,Active,599459.95
LN-1697-0,SYN-11697,229416.69,10.0496,24,10591.67,1059167,20,2026-07-01,Active,229416.69
LN-1698-0,SYN-11698,565956.59,16.4588,12,51472.68,5147268,27,2026-07-01,Active,565956.59
LN-1699-0,SYN-11699,584514.69,16.8123,24,28847.05,2884705,28,2026-07-01,Active,584514.69
LN-1701-0,SYN-11701,466543.03,15.1835,24,22661.8,2266180,25,2026-07-01,Active,466543.03
LN-1701-1,SYN-11701,463971.54,16.09,24,22737.44,2273744,25,2026-07-01,Active,463971.54
LN-1702-0,SYN-11702,340224.58,15.1308,24,16517.51,1651751,25,2026-07-01,Active,340224.58
LN-1703-0,SYN-11703,172381.81,18.3111,24,8631.94,863194,25,2026-07-01,Active,172381.81
LN-1704-0,SYN-11704,452265.05,16.9488,36,16112.96,1611296,23,2026-07-01,Active,452265.05
LN-1705-0,SYN-11705,485314.84,17.1195,36,17331.67,1733167,27,2026-07-01,Active,485314.84
LN-1706-0,SYN-11706,513478.0,17.9683,12,47067.92,4706792,27,2026-07-01,Active,513478.0
LN-1707-0,SYN-11707,158376.96,12.908,12,14138.96,1413896,20,2026-07-01,Active,158376.96
LN-1708-0,SYN-11708,590131.85,11.6581,36,19504.58,1950458,20,2026-07-01,Active,590131.85
LN-1709-0,SYN-11709,239076.29,14.7433,24,11562.87,1156287,22,2026-07-01,Active,239076.29
LN-1711-0,SYN-11711,571090.05,16.3356,24,28054.0,2805400,28,2026-07-01,Active,571090.05
LN-1711-1,SYN-11711,371452.72,15.9639,12,33695.87,3369587,28,2026-07-01,Active,371452.72
LN-1712-0,SYN-11712,550244.08,10.4636,36,17874.83,1787483,25,2026-07-01,Active,550244.08
LN-1713-0,SYN-11713,319462.92,16.6088,12,29077.26,2907726,27,2026-07-01,Active,319462.92
LN-1714-0,SYN-11714,104664.68,17.8964,36,3778.44,377844,25,2026-07-01,Active,104664.68
LN-1715-0,SYN-11715,422922.26,17.2911,36,15139.68,1513968,28,2026-07-01,Active,422922.26
LN-1716-0,SYN-11716,777926.23,19.7546,12,71971.48,7197148,26,2026-07-01,Active,777926.23
LN-1717-0,SYN-11717,289669.98,10.9903,12,25600.21,2560021,20,2026-07-01,Active,289669.98
LN-1718-0,SYN-11718,203197.6,11.1431,36,6666.21,666621,26,2026-07-01,Active,203197.6
LN-1719-0,SYN-11719,228213.19,10.1462,36,7379.47,737947,26,2026-07-01,Active,228213.19
LN-1721-0,SYN-11721,154725.65,16.4464,36,5473.86,547386,23,2026-07-01,Active,154725.65
LN-1721-1,SYN-11721,199607.49,19.5088,24,10111.35,1011135,23,2026-07-01,Active,199607.49
LN-1722-0,SYN-11722,277580.24,12.0236,36,9222.77,922277,27,2026-07-01,Active,277580.24
LN-1723-0,SYN-11723,798087.5,10.4679,36,25927.72,2592772,22,2026-07-01,Active,798087.5
LN-1724-0,SYN-11724,354717.02,13.7939,36,12087.91,1208791,22,2026-07-01,Active,354717.02
LN-1725-0,SYN-11725,608562.47,17.2875,12,55586.85,5558685,21,2026-07-01,Active,608562.47
LN-1726-0,SYN-11726,370232.44,11.4369,24,17330.94,1733094,21,2026-07-01,Active,370232.44
LN-1727-0,SYN-11727,588109.26,16.4579,24,28924.5,2892450,25,2026-07-01,Active,588109.26
LN-1728-0,SYN-11728,177235.17,11.3941,24,8293.01,829301,22,2026-07-01,Active,177235.17
LN-1729-0,SYN-11729,197914.31,11.6595,24,9285.07,928507,21,2026-07-01,Active,197914.31
LN-1731-0,SYN-11731,181064.59,16.7364,36,6431.72,643172,27,2026-07-01,Active,181064.59
LN-1731-1,SYN-11731,79371.34,17.1564,12,7244.93,724493,27,2026-07-01,Active,79371.34
LN-1732-0,SYN-11732,393477.18,13.8474,24,18863.61,1886361,21,2026-07-01,Active,393477.18
LN-1733-0,SYN-11733,239530.49,16.7509,24,11814.28,1181428,21,2026-07-01,Active,239530.49
LN-1734-0,SYN-11734,397757.76,16.2079,36,14024.84,1402484,22,2026-07-01,Active,397757.76
LN-1735-0,SYN-11735,262831.11,18.7078,12,24184.98,2418498,26,2026-07-01,Active,262831.11
LN-1736-0,SYN-11736,191400.05,15.9348,12,17359.99,1735999,20,2026-07-01,Active,191400.05
LN-1737-0,SYN-11737,578916.65,14.3404,24,27888.66,2788866,23,2026-07-01,Active,578916.65
LN-1738-0,SYN-11738,79805.8,12.6089,24,3779.47,377947,22,2026-07-01,Active,79805.8
LN-1739-0,SYN-11739,423765.53,17.4891,24,21051.66,2105166,21,2026-07-01,Active,423765.53
LN-1741-0,SYN-11741,468460.55,16.1234,24,22964.92,2296492,22,2026-07-01,Active,468460.55
LN-1741-1,SYN-11741,655454.95,19.0295,36,24036.15,2403615,22,2026-07-01,Active,655454.95
LN-1742-0,SYN-11742,481072.44,17.5283,24,23907.61,2390761,21,2026-07-01,Active,481072.44
LN-1743-0,SYN-11743,150087.73,14.134,24,7215.65,721565,22,2026-07-01,Active,150087.73
LN-1744-0,SYN-11744,252304.45,14.148,24,12131.52,1213152,27,2026-07-01,Active,252304.45
LN-1745-0,SYN-11745,574194.18,17.8954,24,28637.13,2863713,26,2026-07-01,Active,574194.18
LN-1746-0,SYN-11746,345402.88,16.8747,12,31481.84,3148184,26,2026-07-01,Active,345402.88
LN-1747-0,SYN-11747,646925.2,19.068,36,23735.94,2373594,23,2026-07-01,Active,646925.2
LN-1748-0,SYN-11748,164204.23,13.9846,24,7882.72,788272,24,2026-07-01,Active,164204.23
LN-1749-0,SYN-11749,438616.0,13.2736,36,14836.58,1483658,28,2026-07-01,Active,438616.0
LN-1751-0,SYN-11751,470472.3,12.4088,12,41890.92,4189092,21,2026-07-01,Active,470472.3
LN-1751-1,SYN-11751,152280.96,16.8105,12,13875.05,1387505,21,2026-07-01,Active,152280.96
LN-1752-0,SYN-11752,660220.68,10.0146,36,21307.98,2130798,28,2026-07-01,Active,660220.68
LN-1753-0,SYN-11753,738891.86,16.0282,24,36188.39,3618839,21,2026-07-01,Active,738891.86
LN-1754-0,SYN-11754,178787.09,19.0168,36,6555.14,655514,25,2026-07-01,Active,178787.09
LN-1755-0,SYN-11755,333928.92,18.5383,36,12162.69,1216269,26,2026-07-01,Active,333928.92
LN-1756-0,SYN-11756,78976.72,17.5346,36,2836.79,283679,27,2026-07-01,Active,78976.72
LN-1757-0,SYN-11757,671922.65,14.3677,24,32377.79,3237779,24,2026-07-01,Active,671922.65
LN-1758-0,SYN-11758,610907.2,15.7686,24,29844.41,2984441,23,2026-07-01,Active,610907.2
LN-1759-0,SYN-11759,499687.54,11.0559,36,16372.36,1637236,22,2026-07-01,Active,499687.54
LN-1761-0,SYN-11761,469678.12,14.6744,12,42320.22,4232022,28,2026-07-01,Active,469678.12
LN-1761-1,SYN-11761,694014.26,16.3699,12,63090.05,6309005,28,2026-07-01,Active,694014.26
LN-1762-0,SYN-11762,286509.94,11.7305,36,9479.39,947939,22,2026-07-01,Active,286509.94
LN-1763-0,SYN-11763,139071.12,13.6245,24,6652.56,665256,27,2026-07-01,Active,139071.12
LN-1764-0,SYN-11764,607450.25,13.3484,36,20569.47,2056947,24,2026-07-01,Active,607450.25
LN-1765-0,SYN-11765,240790.5,11.8788,12,21380.29,2138029,25,2026-07-01,Active,240790.5
LN-1766-0,SYN-11766,392034.55,11.7184,36,12968.5,1296850,27,2026-07-01,Active,392034.55
LN-1767-0,SYN-11767,326128.22,16.9147,24,16111.15,1611115,27,2026-07-01,Active,326128.22
LN-1768-0,SYN-11768,186853.72,12.0588,24,8800.98,880098,25,2026-07-01,Active,186853.72
LN-1769-0,SYN-11769,218501.06,16.2695,36,7710.95,771095,21,2026-07-01,Active,218501.06
LN-1771-0,SYN-11771,96563.38,18.5278,12,8877.2,887720,23,2026-07-01,Active,96563.38
LN-1771-1,SYN-11771,143850.82,11.7206,24,6752.8,675280,23,2026-07-01,Active,143850.82
LN-1772-0,SYN-11772,360982.36,16.8296,24,17818.24,1781824,25,2026-07-01,Active,360982.36
LN-1773-0,SYN-11773,212953.54,16.9379,24,10522.55,1052255,24,2026-07-01,Active,212953.54
LN-1774-0,SYN-11774,119902.94,19.4656,12,11076.5,1107650,24,2026-07-01,Active,119902.94
LN-1775-0,SYN-11775,573126.98,13.5852,36,19472.86,1947286,22,2026-07-01,Active,573126.98
LN-1776-0,SYN-11776,602314.21,11.2307,36,19784.87,1978487,25,2026-07-01,Active,602314.21
LN-1777-0,SYN-11777,184845.54,12.4978,24,8744.36,874436,28,2026-07-01,Active,184845.54
LN-1778-0,SYN-11778,262844.64,11.9892,12,23352.09,2335209,23,2026-07-01,Active,262844.64
LN-1779-0,SYN-11779,275289.94,10.1975,24,12728.34,1272834,20,2026-07-01,Active,275289.94
LN-1781-0,SYN-11781,108770.33,15.3769,36,3790.66,379066,27,2026-07-01,Active,108770.33
LN-1781-1,SYN-11781,181721.33,13.3847,24,8672.24,867224,27,2026-07-01,Active,181721.33
LN-1782-0,SYN-11782,526906.3,13.7183,12,47239.58,4723958,24,2026-07-01,Active,526906.3
LN-1783-0,SYN-11783,928283.22,16.8613,36,33031.77,3303177,20,2026-07-01,Active,928283.22
LN-1784-0,SYN-11784,311732.58,19.2113,36,11460.21,1146021,26,2026-07-01,Active,311732.58
LN-1785-0,SYN-11785,537064.39,12.473,36,17959.8,1795980,22,2026-07-01,Active,537064.39
LN-1786-0,SYN-11786,388123.9,10.8924,36,12686.92,1268692,22,2026-07-01,Active,388123.9
LN-1787-0,SYN-11787,551283.19,15.0161,36,19114.75,1911475,26,2026-07-01,Active,551283.19
LN-1788-0,SYN-11788,261465.89,19.5289,24,13247.42,1324742,23,2026-07-01,Active,261465.89
LN-1789-0,SYN-11789,745070.28,15.6757,36,26075.34,2607534,25,2026-07-01,Active,745070.28
LN-1791-0,SYN-11791,654191.79,18.0909,12,60004.61,6000461,21,2026-07-01,Active,654191.79
LN-1791-1,SYN-11791,724090.6,14.3117,24,34872.4,3487240,21,2026-07-01,Active,724090.6
LN-1792-0,SYN-11792,596648.86,12.8733,24,28330.29,2833029,21,2026-07-01,Active,596648.86
LN-1793-0,SYN-11793,740274.57,19.9798,36,27503.65,2750365,25,2026-07-01,Active,740274.57
LN-1794-0,SYN-11794,353489.15,14.7681,36,12213.71,1221371,23,2026-07-01,Active,353489.15
LN-1795-0,SYN-11795,73557.45,16.6216,36,2608.69,260869,23,2026-07-01,Active,73557.45
LN-1796-0,SYN-11796,318113.78,12.9934,12,28412.07,2841207,27,2026-07-01,Active,318113.78
LN-1797-0,SYN-11797,318694.68,10.0578,12,28026.89,2802689,24,2026-07-01,Active,318694.68
LN-1798-0,SYN-11798,489896.54,19.3603,12,45231.47,4523147,27,2026-07-01,Active,489896.54
LN-1799-0,SYN-11799,719523.57,15.0851,36,24972.53,2497253,21,2026-07-01,Active,719523.57
LN-1801-0,SYN-11801,230094.88,14.0447,24,11052.38,1105238,28,2026-07-01,Active,230094.88
LN-1801-1,SYN-11801,96981.44,17.2521,36,3469.84,346984,28,2026-07-01,Active,96981.44
LN-1802-0,SYN-11802,434062.6,14.8828,12,39153.76,3915376,27,2026-07-01,Active,434062.6
LN-1803-0,SYN-11803,184928.27,16.3297,12,16807.57,1680757,27,2026-07-01,Active,184928.27
LN-1804-0,SYN-11804,272714.22,13.4272,24,13020.12,1302012,24,2026-07-01,Active,272714.22
LN-1805-0,SYN-11805,372289.66,19.0346,24,18772.86,1877286,21,2026-07-01,Active,372289.66
LN-1806-0,SYN-11806,209098.3,15.9931,24,10237.41,1023741,28,2026-07-01,Active,209098.3
LN-1807-0,SYN-11807,732790.57,18.5986,24,36796.21,3679621,26,2026-07-01,Active,732790.57
LN-1808-0,SYN-11808,418137.25,19.6818,36,15471.76,1547176,21,2026-07-01,Active,418137.25
LN-1809-0,SYN-11809,319040.33,18.6363,12,29346.32,2934632,24,2026-07-01,Active,319040.33
LN-1811-0,SYN-11811,347209.44,14.5712,36,11963.34,1196334,27,2026-07-01,Active,347209.44
LN-1811-1,SYN-11811,353691.1,10.2732,36,11458.03,1145803,27,2026-07-01,Active,353691.1
LN-1812-0,SYN-11812,212052.26,15.5749,36,7410.71,741071,25,2026-07-01,Active,212052.26
LN-1813-0,SYN-11813,152546.72,12.2867,12,13574.06,1357406,22,2026-07-01,Active,152546.72
LN-1814-0,SYN-11814,184435.04,14.1703,12,16574.68,1657468,24,2026-07-01,Active,184435.04
LN-1815-0,SYN-11815,402060.82,16.4687,36,14228.48,1422848,28,2026-07-01,Active,402060.82
LN-1816-0,SYN-11816,919280.77,16.6372,12,83684.6,8368460,23,2026-07-01,Active,919280.77
LN-1817-0,SYN-11817,417431.25,17.8149,36,15052.41,1505241,20,2026-07-01,Active,417431.25
LN-1818-0,SYN-11818,519330.83,18.8641,12,47826.07,4782607,23,2026-07-01,Active,519330.83
LN-1819-0,SYN-11819,947425.13,14.0151,36,32387.69,3238769,22,2026-07-01,Active,947425.13
LN-1821-0,SYN-11821,239720.09,11.2143,24,11196.7,1119670,23,2026-07-01,Active,239720.09
LN-1821-1,SYN-11821,457230.28,19.0928,36,16781.7,1678170,23,2026-07-01,Active,457230.28
LN-1822-0,SYN-11822,277130.09,18.4005,24,13889.15,1388915,20,2026-07-01,Active,277130.09
LN-1823-0,SYN-11823,192403.51,16.8614,12,17535.46,1753546,26,2026-07-01,Active,192403.51
LN-1824-0,SYN-11824,145280.58,12.1148,24,6846.65,684665,22,2026-07-01,Active,145280.58
LN-1825-0,SYN-11825,271474.95,17.3471,36,9725.79,972579,25,2026-07-01,Active,271474.95
LN-1826-0,SYN-11826,446555.39,13.6735,12,40026.35,4002635,27,2026-07-01,Active,446555.39
LN-1827-0,SYN-11827,594062.42,14.4745,12,53471.88,5347188,25,2026-07-01,Active,594062.42
LN-1828-0,SYN-11828,512386.7,16.4024,24,25186.68,2518668,27,2026-07-01,Active,512386.7
LN-1829-0,SYN-11829,319649.96,17.4603,24,15875.01,1587501,21,2026-07-01,Active,319649.96
LN-1831-0,SYN-11831,158681.22,15.727,12,14376.79,1437679,25,2026-07-01,Active,158681.22
LN-1831-1,SYN-11831,321660.24,14.2098,36,11026.4,1102640,25,2026-07-01,Active,321660.24
LN-1832-0,SYN-11832,500970.4,17.7884,36,18058.16,1805816,24,2026-07-01,Active,500970.4
LN-1833-0,SYN-11833,277976.83,19.7187,12,25712.84,2571284,21,2026-07-01,Active,277976.83
LN-1834-0,SYN-11834,486622.99,18.9311,24,24513.71,2451371,28,2026-07-01,Active,486622.99
LN-1835-0,SYN-11835,441523.21,15.4094,24,21493.96,2149396,20,2026-07-01,Active,441523.21
LN-1836-0,SYN-11836,336811.7,16.4939,24,16570.94,1657094,24,2026-07-01,Active,336811.7
LN-1837-0,SYN-11837,363106.68,11.1754,12,32121.69,3212169,24,2026-07-01,Active,363106.68
LN-1838-0,SYN-11838,415304.34,14.76,36,14347.9,1434790,24,2026-07-01,Active,415304.34
LN-1839-0,SYN-11839,629072.35,16.2965,24,30890.54,3089054,22,2026-07-01,Active,629072.35
LN-1841-0,SYN-11841,120422.96,10.0449,24,5559.41,555941,28,2026-07-01,Active,120422.96
LN-1841-1,SYN-11841,420924.49,15.883,24,20586.25,2058625,28,2026-07-01,Active,420924.49
LN-1842-0,SYN-11842,143734.38,16.3195,12,13062.89,1306289,24,2026-07-01,Active,143734.38
LN-1843-0,SYN-11843,645938.68,11.6888,36,21358.53,2135853,27,2026-07-01,Active,645938.68
LN-1844-0,SYN-11844,119901.22,13.1664,12,10718.62,1071862,28,2026-07-01,Active,119901.22
LN-1845-0,SYN-11845,644255.16,10.0723,12,56661.93,5666193,27,2026-07-01,Active,644255.16
LN-1846-0,SYN-11846,225070.81,11.4605,24,10538.25,1053825,24,2026-07-01,Active,225070.81
LN-1847-0,SYN-11847,271077.6,13.0173,12,24214.12,2421412,27,2026-07-01,Active,271077.6
LN-1848-0,SYN-11848,294933.38,17.0699,36,10525.45,1052545,21,2026-07-01,Active,294933.38
LN-1849-0,SYN-11849,272629.18,16.4679,24,13409.8,1340980,28,2026-07-01,Active,272629.18
LN-1851-0,SYN-11851,580957.96,12.2043,24,27403.16,2740316,22,2026-07-01,Active,580957.96
LN-1851-1,SYN-11851,619282.99,18.7393,24,31138.83,3113883,22,2026-07-01,Active,619282.99
LN-1852-0,SYN-11852,179689.68,18.0004,12,16473.98,1647398,20,2026-07-01,Active,179689.68
LN-1853-0,SYN-11853,559893.42,15.2151,36,19467.92,1946792,20,2026-07-01,Active,559893.42
LN-1854-0,SYN-11854,344218.02,12.0619,36,11443.15,1144315,28,2026-07-01,Active,344218.02
LN-1855-0,SYN-11855,257927.58,19.4067,12,23819.81,2381981,26,2026-07-01,Active,257927.58
LN-1856-0,SYN-11856,537208.81,10.0507,12,47241.85,4724185,22,2026-07-01,Active,537208.81
LN-1857-0,SYN-11857,328441.69,18.1444,36,11897.76,1189776,23,2026-07-01,Active,328441.69
LN-1858-0,SYN-11858,324561.18,16.7364,12,29560.93,2956093,27,2026-07-01,Active,324561.18
LN-1859-0,SYN-11859,689528.53,13.5702,12,61771.41,6177141,25,2026-07-01,Active,689528.53
LN-1861-0,SYN-11861,266009.72,18.8597,24,13391.05,1339105,20,2026-07-01,Active,266009.72
LN-1861-1,SYN-11861,244196.02,10.9551,36,7989.48,798948,20,2026-07-01,Active,244196.02
LN-1862-0,SYN-11862,266564.96,11.3357,36,8769.43,876943,24,2026-07-01,Active,266564.96
LN-1863-0,SYN-11863,446577.91,14.314,24,21507.79,2150779,28,2026-07-01,Active,446577.91
LN-1864-0,SYN-11864,537824.82,10.4198,36,17460.28,1746028,24,2026-07-01,Active,537824.82
LN-1865-0,SYN-11865,481922.87,15.7519,24,23539.36,2353936,21,2026-07-01,Active,481922.87
LN-1866-0,SYN-11866,338513.03,11.1651,24,15803.33,1580333,27,2026-07-01,Active,338513.03
LN-1867-0,SYN-11867,357627.2,18.5861,12,32887.09,3288709,23,2026-07-01,Active,357627.2
LN-1868-0,SYN-11868,332501.37,10.0118,36,10730.72,1073072,27,2026-07-01,Active,332501.37
LN-1869-0,SYN-11869,123061.81,12.5258,36,4118.39,411839,24,2026-07-01,Active,123061.81
LN-1871-0,SYN-11871,380610.2,14.6119,36,13121.75,1312175,27,2026-07-01,Active,380610.2
LN-1871-1,SYN-11871,772449.63,17.8447,36,27865.75,2786575,27,2026-07-01,Active,772449.63
LN-1872-0,SYN-11872,83993.47,13.7163,36,2859.14,285914,25,2026-07-01,Active,83993.47
LN-1873-0,SYN-11873,297593.74,14.9923,12,26859.22,2685922,28,2026-07-01,Active,297593.74
LN-1874-0,SYN-11874,471269.73,10.9636,12,41643.6,4164360,28,2026-07-01,Active,471269.73
LN-1875-0,SYN-11875,480256.2,16.5841,24,23649.09,2364909,24,2026-07-01,Active,480256.2
LN-1876-0,SYN-11876,240748.83,15.5361,12,21790.53,2179053,27,2026-07-01,Active,240748.83
LN-1877-0,SYN-11877,566436.53,13.829,12,50813.13,5081313,25,2026-07-01,Active,566436.53
LN-1878-0,SYN-11878,596912.02,19.442,12,55135.38,5513538,26,2026-07-01,Active,596912.02
LN-1879-0,SYN-11879,208232.33,19.101,24,10506.92,1050692,22,2026-07-01,Active,208232.33
LN-1881-0,SYN-11881,180313.54,12.8094,24,8556.3,855630,25,2026-07-01,Active,180313.54
LN-1881-1,SYN-11881,294543.0,15.651,12,26675.51,2667551,25,2026-07-01,Active,294543.0
LN-1882-0,SYN-11882,113339.78,13.5951,36,3851.43,385143,21,2026-07-01,Active,113339.78
LN-1883-0,SYN-11883,403398.19,15.3371,36,14050.62,1405062,26,2026-07-01,Active,403398.19
LN-1884-0,SYN-11884,521007.47,13.1816,24,24814.11,2481411,27,2026-07-01,Active,521007.47
LN-1885-0,SYN-11885,328114.58,14.5019,12,29538.01,2953801,21,2026-07-01,Active,328114.58
LN-1886-0,SYN-11886,340859.13,16.9741,12,31083.79,3108379,27,2026-07-01,Active,340859.13
LN-1887-0,SYN-11887,564407.32,12.0755,12,50166.85,5016685,28,2026-07-01,Active,564407.32
LN-1888-0,SYN-11888,456162.88,12.7919,24,21642.25,2164225,27,2026-07-01,Active,456162.88
LN-1889-0,SYN-11889,427979.07,15.3374,24,20819.94,2081994,24,2026-07-01,Active,427979.07
LN-1891-0,SYN-11891,271812.62,11.3501,24,12712.82,1271282,27,2026-07-01,Active,271812.62
LN-1891-1,SYN-11891,585010.78,16.1393,24,28682.91,2868291,27,2026-07-01,Active,585010.78
LN-1892-0,SYN-11892,560896.08,10.8745,36,18329.7,1832970,20,2026-07-01,Active,560896.08
LN-1893-0,SYN-11893,440197.63,11.8724,24,20695.42,2069542,26,2026-07-01,Active,440197.63
LN-1894-0,SYN-11894,485964.32,18.4073,12,44647.46,4464746,26,2026-07-01,Active,485964.32
LN-1895-0,SYN-11895,137496.18,11.0037,12,12152.38,1215238,21,2026-07-01,Active,137496.18
LN-1896-0,SYN-11896,253209.11,13.8932,36,8640.95,864095,26,2026-07-01,Active,253209.11
LN-1897-0,SYN-11897,294752.15,15.496,24,14361.1,1436110,26,2026-07-01,Active,294752.15
LN-1898-0,SYN-11898,206672.11,15.8063,24,10100.2,1010020,28,2026-07-01,Active,206672.11
LN-1899-0,SYN-11899,302873.2,13.1405,24,14419.13,1441913,25,2026-07-01,Active,302873.2
LN-1901-0,SYN-11901,241843.61,13.3284,36,8186.97,818697,27,2026-07-01,Active,241843.61
LN-1901-1,SYN-11901,353797.87,19.9767,24,18002.8,1800280,27,2026-07-01,Active,353797.87
LN-1902-0,SYN-11902,93262.46,19.1483,36,3425.63,342563,22,2026-07-01,Active,93262.46
LN-1903-0,SYN-11903,327330.54,16.398,24,16089.44,1608944,21,2026-07-01,Active,327330.54
LN-1904-0,SYN-11904,585327.18,18.7874,12,53882.37,5388237,27,2026-07-01,Active,585327.18
LN-1905-0,SYN-11905,195202.73,15.9594,24,9553.94,955394,24,2026-07-01,Active,195202.73
LN-1906-0,SYN-11906,373420.66,19.9025,24,18987.75,1898775,23,2026-07-01,Active,373420.66
LN-1907-0,SYN-11907,291979.98,11.8849,24,13728.82,1372882,28,2026-07-01,Active,291979.98
LN-1908-0,SYN-11908,757412.61,10.0929,24,34983.24,3498324,24,2026-07-01,Active,757412.61
LN-1909-0,SYN-11909,276657.52,13.7629,24,13252.15,1325215,23,2026-07-01,Active,276657.52
LN-1911-0,SYN-11911,688965.84,12.4774,24,32585.83,3258583,23,2026-07-01,Active,688965.84
LN-1911-1,SYN-11911,621241.55,12.3211,12,55289.91,5528991,23,2026-07-01,Active,621241.55
LN-1912-0,SYN-11912,131996.45,15.1558,24,6409.84,640984,26,2026-07-01,Active,131996.45
LN-1913-0,SYN-11913,803322.19,18.3182,12,73770.26,7377026,27,2026-07-01,Active,803322.19
LN-1914-0,SYN-11914,419731.44,15.9143,24,20534.16,2053416,28,2026-07-01,Active,419731.44
LN-1915-0,SYN-11915,594728.13,11.4227,12,52680.38,5268038,23,2026-07-01,Active,594728.13
LN-1916-0,SYN-11916,145162.48,14.592,24,7010.34,701034,23,2026-07-01,Active,145162.48
LN-1917-0,SYN-11917,796427.2,11.3239,24,37239.64,3723964,27,2026-07-01,Active,796427.2
LN-1918-0,SYN-11918,135539.39,14.7474,12,12217.41,1221741,24,2026-07-01,Active,135539.39
LN-1919-0,SYN-11919,417783.65,18.9696,12,38495.44,3849544,22,2026-07-01,Active,417783.65
LN-1921-0,SYN-11921,686761.5,12.2109,24,32395.92,3239592,27,2026-07-01,Active,686761.5
LN-1921-1,SYN-11921,660199.89,12.9562,36,22230.82,2223082,27,2026-07-01,Active,660199.89
LN-1922-0,SYN-11922,530537.97,18.8053,24,26693.53,2669353,22,2026-07-01,Active,530537.97
LN-1923-0,SYN-11923,390796.67,10.6487,24,18150.51,1815051,22,2026-07-01,Active,390796.67
LN-1924-0,SYN-11924,140542.73,10.5224,36,4569.47,456947,21,2026-07-01,Active,140542.73
LN-1925-0,SYN-11925,362478.66,18.1874,36,13138.58,1313858,21,2026-07-01,Active,362478.66
LN-1926-0,SYN-11926,642324.98,15.5598,36,22442.88,2244288,21,2026-07-01,Active,642324.98
LN-1927-0,SYN-11927,311935.28,13.5443,24,14909.85,1490985,24,2026-07-01,Active,311935.28
LN-1928-0,SYN-11928,527361.78,12.3935,12,46952.58,4695258,28,2026-07-01,Active,527361.78
LN-1929-0,SYN-11929,322542.66,13.9286,24,15475.33,1547533,26,2026-07-01,Active,322542.66
LN-1931-0,SYN-11931,390996.91,12.8987,24,18570.11,1857011,20,2026-07-01,Active,390996.91
LN-1931-1,SYN-11931,421989.61,17.8372,36,15221.5,1522150,20,2026-07-01,Active,421989.61
LN-1932-0,SYN-11932,382868.64,14.5434,24,18481.07,1848107,23,2026-07-01,Active,382868.64
LN-1933-0,SYN-11933,340269.48,15.5873,12,30806.52,3080652,20,2026-07-01,Active,340269.48
LN-1934-0,SYN-11934,327011.38,16.0881,24,16025.26,1602526,25,2026-07-01,Active,327011.38
LN-1935-0,SYN-11935,290151.89,13.3561,24,13842.93,1384293,24,2026-07-01,Active,290151.89
LN-1936-0,SYN-11936,628364.35,12.7781,24,29808.12,2980812,22,2026-07-01,Active,628364.35
LN-1937-0,SYN-11937,376460.27,18.0178,12,34517.07,3451707,22,2026-07-01,Active,376460.27
LN-1938-0,SYN-11938,455326.6,11.8095,24,21393.32,2139332,28,2026-07-01,Active,455326.6
LN-1939-0,SYN-11939,585961.85,18.9262,36,21457.17,2145717,23,2026-07-01,Active,585961.85
LN-1941-0,SYN-11941,450638.46,12.4861,24,21315.56,2131556,23,2026-07-01,Active,450638.46
LN-1941-1,SYN-11941,662308.48,18.1493,24,33112.95,3311295,23,2026-07-01,Active,662308.48
LN-1942-0,SYN-11942,216438.34,14.1208,12,19445.68,1944568,25,2026-07-01,Active,216438.34
LN-1943-0,SYN-11943,491650.65,14.8742,24,23809.11,2380911,27,2026-07-01,Active,491650.65
LN-1944-0,SYN-11944,204321.24,10.0687,12,17969.61,1796961,23,2026-07-01,Active,204321.24
LN-1945-0,SYN-11945,358656.71,17.6056,12,32814.37,3281437,26,2026-07-01,Active,358656.71
LN-1946-0,SYN-11946,221435.46,17.1299,24,10962.1,1096210,28,2026-07-01,Active,221435.46
LN-1947-0,SYN-11947,257162.6,18.2767,24,12873.02,1287302,25,2026-07-01,Active,257162.6
LN-1948-0,SYN-11948,615534.45,16.8839,36,21909.93,2190993,27,2026-07-01,Active,615534.45
LN-1949-0,SYN-11949,182209.33,13.731,24,8725.26,872526,27,2026-07-01,Active,182209.33
LN-1951-0,SYN-11951,200521.49,17.9941,36,7248.74,724874,23,2026-07-01,Active,200521.49
LN-1951-1,SYN-11951,141782.93,18.9075,24,7140.71,714071,23,2026-07-01,Active,141782.93
LN-1952-0,SYN-11952,717824.12,15.2117,24,34877.14,3487714,24,2026-07-01,Active,717824.12
LN-1953-0,SYN-11953,305947.64,13.8683,12,27451.2,2745120,20,2026-07-01,Active,305947.64
LN-1954-0,SYN-11954,219089.41,18.933,12,20183.53,2018353,23,2026-07-01,Active,219089.41
LN-1955-0,SYN-11955,218435.06,19.4247,36,8053.95,805395,24,2026-07-01,Active,218435.06
LN-1956-0,SYN-11956,636972.9,17.1938,24,31552.73,3155273,22,2026-07-01,Active,636972.9
LN-1957-0,SYN-11957,207130.24,17.4691,36,7433.2,743320,20,2026-07-01,Active,207130.24
LN-1958-0,SYN-11958,308922.73,11.3133,24,14443.2,1444320,27,2026-07-01,Active,308922.73
LN-1959-0,SYN-11959,177418.34,14.3858,36,6097.04,609704,23,2026-07-01,Active,177418.34
LN-1961-0,SYN-11961,256419.38,13.3534,24,12233.25,1223325,20,2026-07-01,Active,256419.38
LN-1961-1,SYN-11961,216589.41,12.0068,24,10196.31,1019631,20,2026-07-01,Active,216589.41
LN-1962-0,SYN-11962,176515.98,11.7028,36,5837.83,583783,27,2026-07-01,Active,176515.98
LN-1963-0,SYN-11963,512521.9,10.9171,24,23867.81,2386781,23,2026-07-01,Active,512521.9
LN-1964-0,SYN-11964,867426.73,10.3774,12,76412.91,7641291,22,2026-07-01,Active,867426.73
LN-1965-0,SYN-11965,444223.46,15.9788,24,21746.06,2174606,24,2026-07-01,Active,444223.46
LN-1966-0,SYN-11966,365149.49,11.3954,36,12023.02,1202302,20,2026-07-01,Active,365149.49
LN-1967-0,SYN-11967,610209.01,18.4364,36,22194.34,2219434,22,2026-07-01,Active,610209.01
LN-1968-0,SYN-11968,419278.36,10.4097,24,19426.94,1942694,26,2026-07-01,Active,419278.36
LN-1969-0,SYN-11969,293803.46,10.3928,36,9534.48,953448,24,2026-07-01,Active,293803.46
LN-1971-0,SYN-11971,841172.65,19.6155,24,42654.34,4265434,24,2026-07-01,Active,841172.65
LN-1971-1,SYN-11971,610040.87,11.721,36,20180.88,2018088,24,2026-07-01,Active,610040.87
LN-1972-0,SYN-11972,248770.73,14.5077,24,12003.96,1200396,23,2026-07-01,Active,248770.73
LN-1973-0,SYN-11973,694185.38,10.9315,24,32332.41,3233241,27,2026-07-01,Active,694185.38
LN-1974-0,SYN-11974,171235.91,14.5698,24,8267.7,826770,25,2026-07-01,Active,171235.91
LN-1975-0,SYN-11975,412161.17,18.9567,12,37974.86,3797486,25,2026-07-01,Active,412161.17
LN-1976-0,SYN-11976,277155.74,17.4785,36,9947.49,994749,22,2026-07-01,Active,277155.74
LN-1977-0,SYN-11977,608107.74,17.0724,12,55483.22,5548322,20,2026-07-01,Active,608107.74
LN-1978-0,SYN-11978,310193.28,18.3627,24,15540.54,1554054,23,2026-07-01,Active,310193.28
LN-1979-0,SYN-11979,88906.22,11.1846,24,4151.35,415135,22,2026-07-01,Active,88906.22
LN-1981-0,SYN-11981,186725.81,12.4975,24,8833.28,883328,23,2026-07-01,Active,186725.81
LN-1981-1,SYN-11981,406259.87,17.2479,12,37100.65,3710065,23,2026-07-01,Active,406259.87
LN-1982-0,SYN-11982,212277.07,16.7691,24,10471.92,1047192,21,2026-07-01,Active,212277.07
LN-1983-0,SYN-11983,555967.89,18.6361,36,20277.42,2027742,21,2026-07-01,Active,555967.89
LN-1984-0,SYN-11984,105814.56,17.924,12,9697.25,969725,25,2026-07-01,Active,105814.56
LN-1985-0,SYN-11985,212925.71,13.5004,24,10173.0,1017300,27,2026-07-01,Active,212925.71
LN-1986-0,SYN-11986,405154.57,16.4663,12,36849.49,3684949,23,2026-07-01,Active,405154.57
LN-1987-0,SYN-11987,428556.95,10.0954,36,13847.52,1384752,20,2026-07-01,Active,428556.95
LN-1988-0,SYN-11988,587701.63,17.0765,12,53622.52,5362252,23,2026-07-01,Active,587701.63
LN-1989-0,SYN-11989,213566.42,18.1422,24,10676.79,1067679,23,2026-07-01,Active,213566.42
LN-1991-0,SYN-11991,309638.54,12.6997,24,14677.14,1467714,21,2026-07-01,Active,309638.54
LN-1991-1,SYN-11991,444108.94,18.9092,12,40908.32,4090832,21,2026-07-01,Active,444108.94
LN-1992-0,SYN-11992,376625.56,13.3287,24,17963.67,1796367,27,2026-07-01,Active,376625.56
LN-1993-0,SYN-11993,481292.24,14.776,36,16631.41,1663141,28,2026-07-01,Active,481292.24
LN-1994-0,SYN-11994,889232.29,11.1144,12,78639.27,7863927,28,2026-07-01,Active,889232.29
LN-1995-0,SYN-11995,766891.52,11.2052,36,25181.63,2518163,26,2026-07-01,Active,766891.52
LN-1996-0,SYN-11996,488247.64,12.7637,24,23158.04,2315804,27,2026-07-01,Active,488247.64
LN-1997-0,SYN-11997,339662.94,16.4499,24,16704.07,1670407,21,2026-07-01,Active,339662.94
LN-1998-0,SYN-11998,516037.79,13.7597,12,46275.23,4627523,23,2026-07-01,Active,516037.79
LN-1999-0,SYN-11999,401755.61,15.2385,36,13973.95,1397395,27,2026-07-01,Active,401755.61
