repayment_id,loan_id,customer_id,installment_num,due_date,amount_due,amount_due_paise,amount_paid,amount_paid_paise,payment_date,payment_transaction_ids,days_delayed,repayment_status,principal_before_paise,interest_due_paise
RP-1-0-0,LN-1-0,SYN-10001,2,2026-08-23,56599.82,5659982,56599.82,5659982,2026-08-23,TX-100041,0,on_time,62227152,854436
RP-1-0-1,LN-1-1,SYN-10001,2,2026-08-23,14444.63,1444463,14444.63,1444463,2026-08-23,TX-100042,0,on_time,40421049,578223
RP-1-1-0,LN-1-0,SYN-10001,3,2026-09-23,56599.82,5659982,56599.82,5659982,2026-10-02,TX-100055;TX-100059,9,late,57421606,788451
RP-1-1-1,LN-1-1,SYN-10001,3,2026-09-23,14444.63,1444463,14444.63,1444463,2026-10-02,TX-100060,9,late,39554809,565832
RP-1-2-0,LN-1-0,SYN-10001,4,2026-10-23,56599.82,5659982,48834.55,4883455,2026-11-04,TX-100075,12,partial,52550075,721561
RP-1-2-1,LN-1-1,SYN-10001,4,2026-10-23,14444.63,1444463,14444.63,1444463,2026-11-01,TX-100072,9,late,38676178,553263
RP-2-0-0,LN-2-0,SYN-10002,2,2026-08-21,80743.44,8074344,80743.44,8074344,2026-08-21,TX-100084,0,on_time,87817973,1357849
RP-2-1-0,LN-2-0,SYN-10002,3,2026-09-21,80743.44,8074344,80743.44,8074344,2026-10-06,TX-100097;TX-100103,15,late,81101478,1253998
RP-2-2-0,LN-2-0,SYN-10002,4,2026-10-21,80743.44,8074344,80743.44,8074344,2026-11-05,TX-100114,15,late,74281132,1148541
RP-3-0-0,LN-3-0,SYN-10003,2,2026-08-24,11450.0,1145000,11450.0,1145000,2026-08-24,TX-100124,0,on_time,33595856,386411
RP-3-1-0,LN-3-0,SYN-10003,3,2026-09-24,11450.0,1145000,11450.0,1145000,2026-09-24,TX-100138,0,on_time,32837267,377686
RP-3-2-0,LN-3-0,SYN-10003,4,2026-10-24,11450.0,1145000,11450.0,1145000,2026-10-24,TX-100148,0,on_time,32069953,368861
RP-4-0-0,LN-4-0,SYN-10004,2,2026-08-22,21999.43,2199943,21999.43,2199943,2026-08-22,TX-100163,0,on_time,61606666,878614
RP-4-1-0,LN-4-0,SYN-10004,3,2026-09-22,21999.43,2199943,21999.43,2199943,2026-10-01,TX-100173;TX-100177,9,late,60285337,859769
RP-4-2-0,LN-4-0,SYN-10004,4,2026-10-22,21999.43,2199943,21999.43,2199943,2026-11-03,TX-100185;TX-100191,12,late,58945163,840656
RP-5-0-0,LN-5-0,SYN-10005,2,2026-08-25,43676.61,4367661,43676.61,4367661,2026-08-25,TX-100200,0,on_time,47878465,679890
RP-5-1-0,LN-5-0,SYN-10005,3,2026-09-25,43676.61,4367661,43676.61,4367661,2026-10-01,TX-100209;TX-100213,6,late,44190694,627523
RP-5-2-0,LN-5-0,SYN-10005,4,2026-10-25,43676.61,4367661,43676.61,4367661,2026-11-03,TX-100225,9,late,40450556,574411
RP-6-0-0,LN-6-0,SYN-10006,2,2026-08-27,20442.96,2044296,20442.96,2044296,2026-08-27,TX-100235,0,on_time,61189651,632665
RP-6-1-0,LN-6-0,SYN-10006,3,2026-09-27,20442.96,2044296,20442.96,2044296,2026-09-30,TX-100249,3,late,59778020,618070
RP-6-2-0,LN-6-0,SYN-10006,4,2026-10-27,20442.96,2044296,20442.96,2044296,2026-10-30,TX-100261,3,late,58351794,603324
RP-7-0-0,LN-7-0,SYN-10007,2,2026-08-26,60053.9,6005390,60053.9,6005390,2026-08-26,TX-100274,0,on_time,67273820,722896
RP-7-1-0,LN-7-0,SYN-10007,3,2026-09-26,60053.9,6005390,60053.9,6005390,2026-10-02,TX-100283;TX-100285;TX-100287,6,late,61991326,666133
RP-7-2-0,LN-7-0,SYN-10007,4,2026-10-26,60053.9,6005390,511.05,51105,2026-11-01,TX-100297,6,partial,56652069,608760
RP-8-0-0,LN-8-0,SYN-10008,2,2026-08-23,70587.88,7058788,70587.88,7058788,2026-08-23,TX-100307,0,on_time,78607606,918576
RP-8-1-0,LN-8-0,SYN-10008,3,2026-09-23,70587.88,7058788,68664.1,6866410,2026-11-01,TX-100326;TX-100328;TX-100338,39,partial,72467394,846824
RP-8-2-0,LN-8-0,SYN-10008,4,2026-10-23,70587.88,7058788,0,0,,,0,missed,72434285,846437
RP-9-0-0,LN-9-0,SYN-10009,2,2026-08-26,75337.73,7533773,75337.73,7533773,2026-08-29,TX-100349,3,late,84145611,943735
RP-9-1-0,LN-9-0,SYN-10009,3,2026-09-26,75337.73,7533773,75337.73,7533773,2026-09-29,TX-100364,3,late,77555573,869825
RP-9-2-0,LN-9-0,SYN-10009,4,2026-10-26,75337.73,7533773,75337.73,7533773,2026-10-29,TX-100373,3,late,70891625,795085
RP-11-0-0,LN-11-0,SYN-10011,2,2026-08-26,27138.07,2713807,27138.07,2713807,2026-08-26,TX-100415,0,on_time,57127155,615112
RP-11-0-1,LN-11-1,SYN-10011,2,2026-08-26,13836.68,1383668,13836.68,1383668,2026-08-26,TX-100416,0,on_time,29136826,312898
RP-11-1-0,LN-11-0,SYN-10011,3,2026-09-26,27138.07,2713807,27138.07,2713807,2026-10-05,TX-100433,9,late,55028460,592514
RP-11-1-1,LN-11-1,SYN-10011,3,2026-09-26,13836.68,1383668,13836.68,1383668,2026-10-05,TX-100434,9,late,28066056,301399
RP-11-2-0,LN-11-0,SYN-10011,4,2026-10-26,27138.07,2713807,0,0,,,0,missed,52907167,569674
RP-11-2-1,LN-11-1,SYN-10011,4,2026-10-26,13836.68,1383668,0,0,,,0,missed,26983787,289777
RP-12-0-0,LN-12-0,SYN-10012,2,2026-08-20,56968.89,5696889,56968.89,5696889,2026-08-20,TX-100451,0,on_time,64278965,617442
RP-12-1-0,LN-12-0,SYN-10012,3,2026-09-20,56968.89,5696889,56968.89,5696889,2026-09-20,TX-100465,0,on_time,59199518,568651
RP-12-2-0,LN-12-0,SYN-10012,4,2026-10-20,56968.89,5696889,56968.89,5696889,2026-10-20,TX-100476,0,on_time,54071280,519391
RP-13-0-0,LN-13-0,SYN-10013,2,2026-08-22,46320.57,4632057,46320.57,4632057,2026-08-22,TX-100491,0,on_time,50165234,809989
RP-13-1-0,LN-13-0,SYN-10013,3,2026-09-22,46320.57,4632057,46320.57,4632057,2026-09-22,TX-100505,0,on_time,46343166,748276
RP-13-2-0,LN-13-0,SYN-10013,4,2026-10-22,46320.57,4632057,46320.57,4632057,2026-11-03,TX-100514;TX-100515;TX-100520,12,late,42459385,685567
RP-14-0-0,LN-14-0,SYN-10014,2,2026-08-23,17064.02,1706402,17064.02,1706402,2026-08-23,TX-100530,0,on_time,34535920,487296
RP-14-1-0,LN-14-0,SYN-10014,3,2026-09-23,17064.02,1706402,17064.02,1706402,2026-09-23,TX-100545,0,on_time,33316814,470095
RP-14-2-0,LN-14-0,SYN-10014,4,2026-10-23,17064.02,1706402,17064.02,1706402,2026-10-23,TX-100556,0,on_time,32080507,452651
RP-15-0-0,LN-15-0,SYN-10015,2,2026-08-23,8074.46,807446,8074.46,807446,2026-08-23,TX-100568,0,on_time,23926060,261416
RP-15-1-0,LN-15-0,SYN-10015,3,2026-09-23,8074.46,807446,8074.46,807446,2026-09-23,TX-100580,0,on_time,23380030,255450
RP-15-2-0,LN-15-0,SYN-10015,4,2026-10-23,8074.46,807446,8074.46,807446,2026-10-23,TX-100590,0,on_time,22828034,249419
RP-16-0-0,LN-16-0,SYN-10016,2,2026-08-24,8961.07,896107,8961.07,896107,2026-08-24,TX-100604,0,on_time,18602119,222250
RP-16-1-0,LN-16-0,SYN-10016,3,2026-09-24,8961.07,896107,8961.07,896107,2026-10-03,TX-100619,9,late,17928262,214199
RP-16-2-0,LN-16-0,SYN-10016,4,2026-10-24,8961.07,896107,8961.07,896107,2026-10-24,TX-100625,0,on_time,17246354,206052
RP-17-0-0,LN-17-0,SYN-10017,2,2026-08-28,10283.53,1028353,10283.53,1028353,2026-08-28,TX-100643,0,on_time,28340881,431358
RP-17-1-0,LN-17-0,SYN-10017,3,2026-09-28,10283.53,1028353,10283.53,1028353,2026-09-28,TX-100654,0,on_time,27743886,422271
RP-17-2-0,LN-17-0,SYN-10017,4,2026-10-28,10283.53,1028353,10283.53,1028353,2026-10-28,TX-100665,0,on_time,27137804,413046
RP-18-0-0,LN-18-0,SYN-10018,2,2026-08-28,9362.51,936251,9362.51,936251,2026-09-03,TX-100677;TX-100680,6,late,19001742,263568
RP-18-1-0,LN-18-0,SYN-10018,3,2026-09-28,9362.51,936251,9362.51,936251,2026-10-01,TX-100690,3,late,18329059,254238
RP-18-2-0,LN-18-0,SYN-10018,4,2026-10-28,9362.51,936251,0,0,,,0,missed,17647046,244778
RP-19-0-0,LN-19-0,SYN-10019,2,2026-08-21,37915.62,3791562,37915.62,3791562,2026-08-21,TX-100709,0,on_time,79407677,889267
RP-19-1-0,LN-19-0,SYN-10019,3,2026-09-21,37915.62,3791562,37915.62,3791562,2026-09-21,TX-100718,0,on_time,76505382,856765
RP-19-2-0,LN-19-0,SYN-10019,4,2026-10-21,37915.62,3791562,37915.62,3791562,2026-10-21,TX-100728,0,on_time,73570585,823899
RP-21-0-0,LN-21-0,SYN-10021,2,2026-08-22,32969.93,3296993,32969.93,3296993,2026-08-22,TX-100778,0,on_time,36709630,429946
RP-21-0-1,LN-21-1,SYN-10021,2,2026-08-22,28464.33,2846433,28464.33,2846433,2026-08-22,TX-100779,0,on_time,31149382,450869
RP-21-1-0,LN-21-0,SYN-10021,3,2026-09-22,32969.93,3296993,32969.93,3296993,2026-09-22,TX-100795,0,on_time,33842583,396367
RP-21-1-1,LN-21-1,SYN-10021,3,2026-09-22,28464.33,2846433,28464.33,2846433,2026-09-22,TX-100796,0,on_time,28753818,416195
RP-21-2-0,LN-21-0,SYN-10021,4,2026-10-22,32969.93,3296993,32969.93,3296993,2026-11-03,TX-100805;TX-100810,12,late,30941957,362395
RP-21-2-1,LN-21-1,SYN-10021,4,2026-10-22,28464.33,2846433,23043.28,2304328,2026-11-03,TX-100811,12,partial,26323580,381018
RP-22-0-0,LN-22-0,SYN-10022,2,2026-08-24,36703.88,3670388,36703.88,3670388,2026-09-05,TX-100820;TX-100826,12,late,40513483,530605
RP-22-1-0,LN-22-0,SYN-10022,3,2026-09-24,36703.88,3670388,36703.88,3670388,2026-10-06,TX-100835;TX-100841,12,late,37373700,489483
RP-22-2-0,LN-22-0,SYN-10022,4,2026-10-24,36703.88,3670388,13730.32,1373032,2026-10-24,TX-100846,0,partial,34192795,447823
RP-23-0-0,LN-23-0,SYN-10023,2,2026-08-25,10630.37,1063037,10630.37,1063037,2026-08-25,TX-100862,0,on_time,29050310,456942
RP-23-1-0,LN-23-0,SYN-10023,3,2026-09-25,10630.37,1063037,10630.37,1063037,2026-10-01,TX-100878,6,late,28444215,447409
RP-23-2-0,LN-23-0,SYN-10023,4,2026-10-25,10630.37,1063037,10630.37,1063037,2026-11-03,TX-100887;TX-100889;TX-100892,9,late,27828587,437725
RP-24-0-0,LN-24-0,SYN-10024,2,2026-08-26,7113.49,711349,7113.49,711349,2026-08-26,TX-100905,0,on_time,7864827,100927
RP-24-1-0,LN-24-0,SYN-10024,3,2026-09-26,7113.49,711349,7113.49,711349,2026-09-26,TX-100920,0,on_time,7254405,93094
RP-24-2-0,LN-24-0,SYN-10024,4,2026-10-26,7113.49,711349,7113.49,711349,2026-11-01,TX-100932,6,late,6636150,85160
RP-25-0-0,LN-25-0,SYN-10025,2,2026-08-25,86531.34,8653134,86531.34,8653134,2026-08-25,TX-100943,0,on_time,93652370,1522007
RP-25-1-0,LN-25-0,SYN-10025,3,2026-09-25,86531.34,8653134,86531.34,8653134,2026-09-25,TX-100955,0,on_time,86521243,1406114
RP-25-2-0,LN-25-0,SYN-10025,4,2026-10-25,86531.34,8653134,86531.34,8653134,2026-10-25,TX-100964,0,on_time,79274223,1288338
RP-26-0-0,LN-26-0,SYN-10026,2,2026-08-28,11452.08,1145208,11452.08,1145208,2026-08-28,TX-100978,0,on_time,22894053,347276
RP-26-1-0,LN-26-0,SYN-10026,3,2026-09-28,11452.08,1145208,11452.08,1145208,2026-10-01,TX-100991;TX-100993,3,late,22096121,335172
RP-26-2-0,LN-26-0,SYN-10026,4,2026-10-28,11452.08,1145208,11452.08,1145208,2026-11-03,TX-101005,6,late,21286085,322885
RP-27-0-0,LN-27-0,SYN-10027,2,2026-08-25,62143.33,6214333,62143.33,6214333,2026-08-25,TX-101016,0,on_time,68141029,964536
RP-27-1-0,LN-27-0,SYN-10027,3,2026-09-25,62143.33,6214333,62143.33,6214333,2026-09-25,TX-101029,0,on_time,62891232,890225
RP-27-2-0,LN-27-0,SYN-10027,4,2026-10-25,62143.33,6214333,62143.33,6214333,2026-11-03,TX-101040;TX-101045,9,late,57567124,814863
RP-28-0-0,LN-28-0,SYN-10028,2,2026-08-27,13677.91,1367791,13677.91,1367791,2026-08-27,TX-101057,0,on_time,28194189,353743
RP-28-1-0,LN-28-0,SYN-10028,3,2026-09-27,13677.91,1367791,13677.91,1367791,2026-09-27,TX-101068,0,on_time,27180141,341020
RP-28-2-0,LN-28-0,SYN-10028,4,2026-10-27,13677.91,1367791,13677.91,1367791,2026-10-27,TX-101079,0,on_time,26153370,328138
RP-29-0-0,LN-29-0,SYN-10029,2,2026-08-27,48685.62,4868562,48685.62,4868562,2026-09-02,TX-101092;TX-101094,6,late,98977975,1358530
RP-29-1-0,LN-29-0,SYN-10029,3,2026-09-27,48685.62,4868562,48685.62,4868562,2026-10-03,TX-101103;TX-101106,6,late,95467943,1310353
RP-29-2-0,LN-29-0,SYN-10029,4,2026-10-27,48685.62,4868562,48685.62,4868562,2026-11-02,TX-101115,6,late,91909734,1261515
RP-31-0-0,LN-31-0,SYN-10031,2,2026-08-21,34195.29,3419529,34195.29,3419529,2026-08-21,TX-101162,0,on_time,36956031,609183
RP-31-0-1,LN-31-1,SYN-10031,2,2026-08-21,17293.32,1729332,17293.32,1729332,2026-08-21,TX-101163,0,on_time,18780728,294854
RP-31-1-0,LN-31-0,SYN-10031,3,2026-09-21,34195.29,3419529,17760.21,1776021,2026-11-05,TX-101179;TX-101190,45,partial,34145685,562857
RP-31-1-1,LN-31-1,SYN-10031,3,2026-09-21,17293.32,1729332,17293.32,1729332,2026-10-06,TX-101177,15,late,17346250,272333
RP-31-2-0,LN-31-0,SYN-10031,4,2026-10-21,34195.29,3419529,870.11,87011,2026-11-05,TX-101191,15,partial,34145685,562857
RP-31-2-1,LN-31-1,SYN-10031,4,2026-10-21,17293.32,1729332,648.66,64866,2026-11-05,TX-101192,15,partial,15889251,249459
RP-32-0-0,LN-32-0,SYN-10032,2,2026-08-28,60191.25,6019125,60191.25,6019125,2026-08-31,TX-101204,3,late,65802794,963084
RP-32-1-0,LN-32-0,SYN-10032,3,2026-09-28,60191.25,6019125,52259.39,5225939,2026-11-03,TX-101218;TX-101230,36,partial,60746753,889084
RP-32-2-0,LN-32-0,SYN-10032,4,2026-10-28,60191.25,6019125,1127.21,112721,2026-11-03,TX-101231,6,partial,59972082,877746
RP-33-0-0,LN-33-0,SYN-10033,2,2026-08-20,21604.46,2160446,21604.46,2160446,2026-08-20,TX-101239,0,on_time,45186525,511124
RP-33-1-0,LN-33-0,SYN-10033,3,2026-09-20,21604.46,2160446,21604.46,2160446,2026-09-20,TX-101257,0,on_time,43537203,492467
RP-33-2-0,LN-33-0,SYN-10033,4,2026-10-20,21604.46,2160446,21604.46,2160446,2026-10-20,TX-101268,0,on_time,41869224,473600
RP-34-0-0,LN-34-0,SYN-10034,2,2026-08-20,33878.5,3387850,33878.5,3387850,2026-08-20,TX-101283,0,on_time,95940413,1304270
RP-34-1-0,LN-34-0,SYN-10034,3,2026-09-20,33878.5,3387850,33878.5,3387850,2026-09-20,TX-101299,0,on_time,93856833,1275945
RP-34-2-0,LN-34-0,SYN-10034,4,2026-10-20,33878.5,3387850,33878.5,3387850,2026-10-20,TX-101308,0,on_time,91744928,1247234
RP-35-0-0,LN-35-0,SYN-10035,2,2026-08-20,11203.32,1120332,11203.32,1120332,2026-08-20,TX-101320,0,on_time,23649780,249064
RP-35-1-0,LN-35-0,SYN-10035,3,2026-09-20,11203.32,1120332,11203.32,1120332,2026-10-02,TX-101333;TX-101339,12,late,22778512,239888
RP-35-2-0,LN-35-0,SYN-10035,4,2026-10-20,11203.32,1120332,11203.32,1120332,2026-11-01,TX-101345;TX-101351,12,late,21898068,230616
RP-36-0-0,LN-36-0,SYN-10036,2,2026-08-26,9121.78,912178,9121.78,912178,2026-08-26,TX-101361,0,on_time,19714757,168696
RP-36-1-0,LN-36-0,SYN-10036,3,2026-09-26,9121.78,912178,9121.78,912178,2026-09-26,TX-101375,0,on_time,18971275,162334
RP-36-2-0,LN-36-0,SYN-10036,4,2026-10-26,9121.78,912178,9121.78,912178,2026-10-26,TX-101384,0,on_time,18221431,155918
RP-37-0-0,LN-37-0,SYN-10037,2,2026-08-26,9259.16,925916,9259.16,925916,2026-08-29,TX-101398,3,late,19230168,228970
RP-37-1-0,LN-37-0,SYN-10037,3,2026-09-26,9259.16,925916,9259.16,925916,2026-09-26,TX-101411,0,on_time,18533222,220672
RP-37-2-0,LN-37-0,SYN-10037,4,2026-10-26,9259.16,925916,9259.16,925916,2026-10-26,TX-101420,0,on_time,17827978,212275
RP-38-0-0,LN-38-0,SYN-10038,2,2026-08-26,32121.05,3212105,32121.05,3212105,2026-08-26,TX-101432,0,on_time,67542025,733540
RP-38-1-0,LN-38-0,SYN-10038,3,2026-09-26,32121.05,3212105,32121.05,3212105,2026-10-02,TX-101445;TX-101446;TX-101448,6,late,65063460,706622
RP-38-2-0,LN-38-0,SYN-10038,4,2026-10-26,32121.05,3212105,32121.05,3212105,2026-11-01,TX-101456;TX-101458,6,late,62557977,679411
RP-39-0-0,LN-39-0,SYN-10039,2,2026-08-21,15680.47,1568047,15680.47,1568047,2026-08-21,TX-101467,0,on_time,32324500,405355
RP-39-1-0,LN-39-0,SYN-10039,3,2026-09-21,15680.47,1568047,15680.47,1568047,2026-09-21,TX-101480,0,on_time,31161808,390774
RP-39-2-0,LN-39-0,SYN-10039,4,2026-10-21,15680.47,1568047,15680.47,1568047,2026-10-21,TX-101490,0,on_time,29984535,376011
RP-41-0-0,LN-41-0,SYN-10041,2,2026-08-21,14965.66,1496566,14965.66,1496566,2026-08-24,TX-101540,3,late,42008396,593197
RP-41-0-1,LN-41-1,SYN-10041,2,2026-08-21,26445.52,2644552,26445.52,2644552,2026-08-21,TX-101539,0,on_time,76571662,940402
RP-41-1-0,LN-41-0,SYN-10041,3,2026-09-21,14965.66,1496566,14965.66,1496566,2026-09-24,TX-101553;TX-101555,3,late,41105027,580441
RP-41-1-1,LN-41-1,SYN-10041,3,2026-09-21,26445.52,2644552,26445.52,2644552,2026-10-03,TX-101554;TX-101560,12,late,74867512,919473
RP-41-2-0,LN-41-0,SYN-10041,4,2026-10-21,14965.66,1496566,14965.66,1496566,2026-11-02,TX-101572,12,late,40188902,567504
RP-41-2-1,LN-41-1,SYN-10041,4,2026-10-21,26445.52,2644552,26445.52,2644552,2026-11-02,TX-101573,12,late,73142433,898287
RP-42-0-0,LN-42-0,SYN-10042,2,2026-08-26,17595.13,1759513,17595.13,1759513,2026-08-26,TX-101584,0,on_time,53880004,486065
RP-42-1-0,LN-42-0,SYN-10042,3,2026-09-26,17595.13,1759513,17595.13,1759513,2026-10-02,TX-101599,6,late,52606556,474577
RP-42-2-0,LN-42-0,SYN-10042,4,2026-10-26,17595.13,1759513,17595.13,1759513,2026-11-01,TX-101610,6,late,51321620,462985
RP-43-0-0,LN-43-0,SYN-10043,2,2026-08-21,44148.62,4414862,44148.62,4414862,2026-08-21,TX-101620,0,on_time,48167051,720591
RP-43-1-0,LN-43-0,SYN-10043,3,2026-09-21,44148.62,4414862,44148.62,4414862,2026-11-02,TX-101628;TX-101629;TX-101643,42,late,44472780,665324
RP-43-2-0,LN-43-0,SYN-10043,4,2026-10-21,44148.62,4414862,16427.65,1642765,2026-11-05,TX-101644;TX-101646,15,partial,42562539,636746
RP-44-0-0,LN-44-0,SYN-10044,2,2026-08-20,40518.55,4051855,40518.55,4051855,2026-08-20,TX-101653,0,on_time,80131842,1290209
RP-44-1-0,LN-44-0,SYN-10044,3,2026-09-20,40518.55,4051855,40518.55,4051855,2026-11-01,TX-101670;TX-101681,42,late,77370196,1245744
RP-44-2-0,LN-44-0,SYN-10044,4,2026-10-20,40518.55,4051855,0,0,,,0,missed,77370196,1245744
RP-45-0-0,LN-45-0,SYN-10045,2,2026-08-25,16249.61,1624961,16249.61,1624961,2026-08-28,TX-101693,3,late,17732301,264696
RP-45-1-0,LN-45-0,SYN-10045,3,2026-09-25,16249.61,1624961,16249.61,1624961,2026-09-25,TX-101709,0,on_time,16372036,244391
RP-45-2-0,LN-45-0,SYN-10045,4,2026-10-25,16249.61,1624961,1595.36,159536,2026-10-25,TX-101720,0,partial,14991466,223783
RP-46-0-0,LN-46-0,SYN-10046,2,2026-08-25,7354.74,735474,7354.74,735474,2026-08-25,TX-101733,0,on_time,14493982,237794
RP-46-1-0,LN-46-0,SYN-10046,3,2026-09-25,7354.74,735474,7354.74,735474,2026-09-25,TX-101747,0,on_time,13996302,229629
RP-46-2-0,LN-46-0,SYN-10046,4,2026-10-25,7354.74,735474,7354.74,735474,2026-10-25,TX-101757,0,on_time,13490457,221330
RP-47-0-0,LN-47-0,SYN-10047,2,2026-08-21,28677.36,2867736,28677.36,2867736,2026-08-21,TX-101770,0,on_time,31165653,485797
RP-47-1-0,LN-47-0,SYN-10047,3,2026-09-21,28677.36,2867736,28677.36,2867736,2026-09-21,TX-101781,0,on_time,28783714,448669
RP-47-2-0,LN-47-0,SYN-10047,4,2026-10-21,28677.36,2867736,28677.36,2867736,2026-10-21,TX-101792,0,on_time,26364647,410961
RP-48-0-0,LN-48-0,SYN-10048,2,2026-08-27,6216.17,621617,6216.17,621617,2026-08-27,TX-101807,0,on_time,19137877,166731
RP-48-1-0,LN-48-0,SYN-10048,3,2026-09-27,6216.17,621617,6216.17,621617,2026-09-30,TX-101820,3,late,18682991,162768
RP-48-2-0,LN-48-0,SYN-10048,4,2026-10-27,6216.17,621617,6216.17,621617,2026-10-27,TX-101831,0,on_time,18224142,158770
RP-49-0-0,LN-49-0,SYN-10049,2,2026-08-25,37815.27,3781527,37815.27,3781527,2026-08-25,TX-101843,0,on_time,80775128,770507
RP-49-1-0,LN-49-0,SYN-10049,3,2026-09-25,37815.27,3781527,37815.27,3781527,2026-09-25,TX-101856,0,on_time,77764108,741785
RP-49-2-0,LN-49-0,SYN-10049,4,2026-10-25,37815.27,3781527,37815.27,3781527,2026-10-25,TX-101866,0,on_time,74724366,712790
RP-51-0-0,LN-51-0,SYN-10051,2,2026-08-22,31493.4,3149340,31493.4,3149340,2026-08-28,TX-101913;TX-101919,6,late,68138493,577014
RP-51-0-1,LN-51-1,SYN-10051,2,2026-08-22,18109.34,1810934,18109.34,1810934,2026-08-28,TX-101914;TX-101920,6,late,49623860,772379
RP-51-1-0,LN-51-0,SYN-10051,3,2026-09-22,31493.4,3149340,31493.4,3149340,2026-09-28,TX-101933,6,late,65566167,555231
RP-51-1-1,LN-51-1,SYN-10051,3,2026-09-22,18109.34,1810934,18109.34,1810934,2026-09-28,TX-101934,6,late,48585305,756214
RP-51-2-0,LN-51-0,SYN-10051,4,2026-10-22,31493.4,3149340,31493.4,3149340,2026-10-28,TX-101940;TX-101945,6,late,62972058,533263
RP-51-2-1,LN-51-1,SYN-10051,4,2026-10-22,18109.34,1810934,18109.34,1810934,2026-10-28,TX-101946,6,late,47530585,739798
RP-52-0-0,LN-52-0,SYN-10052,2,2026-08-21,30092.4,3009240,30092.4,3009240,2026-08-21,TX-101954,0,on_time,33870589,338491
RP-52-1-0,LN-52-0,SYN-10052,3,2026-09-21,30092.4,3009240,30092.4,3009240,2026-09-21,TX-101965,0,on_time,31199840,311801
RP-52-2-0,LN-52-0,SYN-10052,4,2026-10-21,30092.4,3009240,30092.4,3009240,2026-10-24,TX-101976,3,late,28502401,284843
RP-53-0-0,LN-53-0,SYN-10053,2,2026-08-20,79087.12,7908712,79087.12,7908712,2026-08-20,TX-101988,0,on_time,88686379,938531
RP-53-1-0,LN-53-0,SYN-10053,3,2026-09-20,79087.12,7908712,79087.12,7908712,2026-09-20,TX-101997,0,on_time,81716198,864768
RP-53-2-0,LN-53-0,SYN-10053,4,2026-10-20,79087.12,7908712,79087.12,7908712,2026-10-20,TX-102006,0,on_time,74672254,790225
RP-54-0-0,LN-54-0,SYN-10054,2,2026-08-22,9872.03,987203,9872.03,987203,2026-08-22,TX-102019,0,on_time,20699121,229788
RP-54-1-0,LN-54-0,SYN-10054,3,2026-09-22,9872.03,987203,9872.03,987203,2026-10-28,TX-102036;TX-102048,36,late,19941706,221380
RP-54-2-0,LN-54-0,SYN-10054,4,2026-10-22,9872.03,987203,9872.03,987203,2026-10-28,TX-102049,6,late,19499064,216466
RP-55-0-0,LN-55-0,SYN-10055,2,2026-08-27,8999.06,899906,8999.06,899906,2026-08-30,TX-102060,3,late,27789406,237289
RP-55-1-0,LN-55-0,SYN-10055,3,2026-09-27,8999.06,899906,8999.06,899906,2026-10-30,TX-102082,33,late,27126789,231631
RP-55-2-0,LN-55-0,SYN-10055,4,2026-10-27,8999.06,899906,8999.06,899906,2026-10-30,TX-102083,3,late,27126789,231631
RP-56-0-0,LN-56-0,SYN-10056,2,2026-08-26,19558.2,1955820,19558.2,1955820,2026-08-29,TX-102096,3,late,41449395,422791
RP-56-1-0,LN-56-0,SYN-10056,3,2026-09-26,19558.2,1955820,19558.2,1955820,2026-10-02,TX-102114,6,late,39916366,407154
RP-56-2-0,LN-56-0,SYN-10056,4,2026-10-26,19558.2,1955820,12807.11,1280711,2026-11-01,TX-102126,6,partial,38367700,391357
RP-57-0-0,LN-57-0,SYN-10057,2,2026-08-20,38750.05,3875005,38750.05,3875005,2026-08-20,TX-102138,0,on_time,42817141,553572
RP-57-1-0,LN-57-0,SYN-10057,3,2026-09-20,38750.05,3875005,38750.05,3875005,2026-10-02,TX-102153;TX-102159,12,late,39495708,510630
RP-57-2-0,LN-57-0,SYN-10057,4,2026-10-20,38750.05,3875005,38750.05,3875005,2026-11-01,TX-102167;TX-102172,12,late,36131333,467133
RP-58-0-0,LN-58-0,SYN-10058,2,2026-08-21,43531.59,4353159,43531.59,4353159,2026-08-21,TX-102183,0,on_time,47597000,695499
RP-58-1-0,LN-58-0,SYN-10058,3,2026-09-21,43531.59,4353159,43531.59,4353159,2026-09-21,TX-102196,0,on_time,43939340,642053
RP-58-2-0,LN-58-0,SYN-10058,4,2026-10-21,43531.59,4353159,43531.59,4353159,2026-10-21,TX-102205,0,on_time,40228234,587825
RP-59-0-0,LN-59-0,SYN-10059,2,2026-08-24,15663.59,1566359,15663.59,1566359,2026-08-24,TX-102218,0,on_time,17231183,234957
RP-59-1-0,LN-59-0,SYN-10059,3,2026-09-24,15663.59,1566359,15663.59,1566359,2026-10-03,TX-102234;TX-102240,9,late,15899781,216803
RP-59-2-0,LN-59-0,SYN-10059,4,2026-10-24,15663.59,1566359,15663.59,1566359,2026-11-02,TX-102250,9,late,14550225,198401
RP-61-0-0,LN-61-0,SYN-10061,2,2026-08-24,21132.65,2113265,21132.65,2113265,2026-08-24,TX-102292,0,on_time,23890161,222230
RP-61-0-1,LN-61-1,SYN-10061,2,2026-08-24,7202.82,720282,7202.82,720282,2026-08-24,TX-102293,0,on_time,15475029,140103
RP-61-1-0,LN-61-0,SYN-10061,3,2026-09-24,21132.65,2113265,21132.65,2113265,2026-10-03,TX-102308;TX-102313,9,late,21999126,204640
RP-61-1-1,LN-61-1,SYN-10061,3,2026-09-24,7202.82,720282,7202.82,720282,2026-10-03,TX-102314,9,late,14894850,134851
RP-61-2-0,LN-61-0,SYN-10061,4,2026-10-24,21132.65,2113265,21132.65,2113265,2026-11-02,TX-102320;TX-102325,9,late,20090501,186885
RP-61-2-1,LN-61-1,SYN-10061,4,2026-10-24,7202.82,720282,7202.82,720282,2026-11-02,TX-102321;TX-102326,9,late,14309419,129550
RP-62-0-0,LN-62-0,SYN-10062,2,2026-08-27,11300.05,1130005,11300.05,1130005,2026-08-30,TX-102338;TX-102339,3,late,30792377,489653
RP-62-1-0,LN-62-0,SYN-10062,3,2026-09-27,11300.05,1130005,11300.05,1130005,2026-10-06,TX-102354,9,late,30152025,479470
RP-62-2-0,LN-62-0,SYN-10062,4,2026-10-27,11300.05,1130005,11300.05,1130005,2026-11-05,TX-102362;TX-102365,9,late,29501490,469125
RP-63-0-0,LN-63-0,SYN-10063,2,2026-08-23,25203.26,2520326,25203.26,2520326,2026-08-23,TX-102375,0,on_time,71324446,972515
RP-63-1-0,LN-63-0,SYN-10063,3,2026-09-23,25203.26,2520326,25203.26,2520326,2026-09-23,TX-102389,0,on_time,69776635,951410
RP-63-2-0,LN-63-0,SYN-10063,4,2026-10-23,25203.26,2520326,25203.26,2520326,2026-10-23,TX-102399,0,on_time,68207719,930018
RP-64-0-0,LN-64-0,SYN-10064,2,2026-08-27,12570.94,1257094,12570.94,1257094,2026-08-27,TX-102412,0,on_time,34303173,542599
RP-64-1-0,LN-64-0,SYN-10064,3,2026-09-27,12570.94,1257094,12570.94,1257094,2026-09-27,TX-102421,0,on_time,33588678,531297
RP-64-2-0,LN-64-0,SYN-10064,4,2026-10-27,12570.94,1257094,12570.94,1257094,2026-10-27,TX-102430,0,on_time,32862881,519817
RP-65-0-0,LN-65-0,SYN-10065,2,2026-08-27,24189.23,2418923,24189.23,2418923,2026-08-27,TX-102444,0,on_time,48629611,714134
RP-65-1-0,LN-65-0,SYN-10065,3,2026-09-27,24189.23,2418923,24189.23,2418923,2026-09-27,TX-102457,0,on_time,46924822,689099
RP-65-2-0,LN-65-0,SYN-10065,4,2026-10-27,24189.23,2418923,24189.23,2418923,2026-10-27,TX-102468,0,on_time,45194998,663696
RP-66-0-0,LN-66-0,SYN-10066,2,2026-08-20,4826.98,482698,4826.98,482698,2026-08-20,TX-102479,0,on_time,13405670,197843
RP-66-1-0,LN-66-0,SYN-10066,3,2026-09-20,4826.98,482698,4826.98,482698,2026-09-20,TX-102489,0,on_time,13120815,193639
RP-66-2-0,LN-66-0,SYN-10066,4,2026-10-20,4826.98,482698,4826.98,482698,2026-10-20,TX-102498,0,on_time,12831756,189373
RP-67-0-0,LN-67-0,SYN-10067,2,2026-08-26,20304.64,2030464,20304.64,2030464,2026-08-26,TX-102513,0,on_time,22618041,263266
RP-67-1-0,LN-67-0,SYN-10067,3,2026-09-26,20304.64,2030464,20304.64,2030464,2026-10-02,TX-102523;TX-102525,6,late,20850843,242697
RP-67-2-0,LN-67-0,SYN-10067,4,2026-10-26,20304.64,2030464,5024.94,502494,2026-11-01,TX-102536,6,partial,19063076,221888
RP-68-0-0,LN-68-0,SYN-10068,2,2026-08-27,8687.01,868701,8687.01,868701,2026-08-27,TX-102547,0,on_time,23799188,370744
RP-68-1-0,LN-68-0,SYN-10068,3,2026-09-27,8687.01,868701,1796.11,179611,2026-11-02,TX-102560;TX-102569,36,partial,23301231,362987
RP-68-2-0,LN-68-0,SYN-10068,4,2026-10-27,8687.01,868701,1560.51,156051,2026-11-02,TX-102570,6,partial,23301231,362987
RP-69-0-0,LN-69-0,SYN-10069,2,2026-08-25,12978.4,1297840,12978.4,1297840,2026-08-25,TX-102581,0,on_time,35762775,544622
RP-69-1-0,LN-69-0,SYN-10069,3,2026-09-25,12978.4,1297840,12978.4,1297840,2026-09-25,TX-102597,0,on_time,35009557,533152
RP-69-2-0,LN-69-0,SYN-10069,4,2026-10-25,12978.4,1297840,12978.4,1297840,2026-10-25,TX-102607,0,on_time,34244869,521507
RP-71-0-0,LN-71-0,SYN-10071,2,2026-08-27,21131.72,2113172,21131.72,2113172,2026-08-27,TX-102654,0,on_time,23139533,332613
RP-71-0-1,LN-71-1,SYN-10071,2,2026-08-27,9594.61,959461,9594.61,959461,2026-08-27,TX-102655,0,on_time,18944828,307631
RP-71-1-0,LN-71-0,SYN-10071,3,2026-09-27,21131.72,2113172,21131.72,2113172,2026-10-03,TX-102672,6,late,21358974,307019
RP-71-1-1,LN-71-1,SYN-10071,3,2026-09-27,9594.61,959461,9594.61,959461,2026-11-02,TX-102673;TX-102682,36,late,18292998,297046
RP-71-2-0,LN-71-0,SYN-10071,4,2026-10-27,21131.72,2113172,21131.72,2113172,2026-11-02,TX-102683,6,late,19552821,281057
RP-71-2-1,LN-71-1,SYN-10071,4,2026-10-27,9594.61,959461,4409.22,440922,2026-11-02,TX-102684,6,partial,17887758,290466
RP-72-0-0,LN-72-0,SYN-10072,2,2026-08-25,14238.24,1423824,14238.24,1423824,2026-08-25,TX-102694,0,on_time,43180775,413632
RP-72-1-0,LN-72-0,SYN-10072,3,2026-09-25,14238.24,1423824,14238.24,1423824,2026-09-25,TX-102704,0,on_time,42170583,403956
RP-72-2-0,LN-72-0,SYN-10072,4,2026-10-25,14238.24,1423824,14238.24,1423824,2026-10-25,TX-102713,0,on_time,41150715,394186
RP-73-0-0,LN-73-0,SYN-10073,2,2026-08-24,5451.8,545180,5451.8,545180,2026-08-30,TX-102729,6,late,16878658,141637
RP-73-1-0,LN-73-0,SYN-10073,3,2026-09-24,5451.8,545180,5451.8,545180,2026-09-30,TX-102743,6,late,16475115,138251
RP-73-2-0,LN-73-0,SYN-10073,4,2026-10-24,5451.8,545180,5451.8,545180,2026-10-30,TX-102755,6,late,16068186,134836
RP-74-0-0,LN-74-0,SYN-10074,2,2026-08-22,6211.11,621111,6211.11,621111,2026-08-22,TX-102766,0,on_time,17602699,238500
RP-74-1-0,LN-74-0,SYN-10074,3,2026-09-22,6211.11,621111,6211.11,621111,2026-10-01,TX-102782,9,late,17220088,233316
RP-74-2-0,LN-74-0,SYN-10074,4,2026-10-22,6211.11,621111,6211.11,621111,2026-10-25,TX-102790,3,late,16832293,228062
RP-75-0-0,LN-75-0,SYN-10075,2,2026-08-20,19163.24,1916324,19163.24,1916324,2026-08-20,TX-102803,0,on_time,20976904,302667
RP-75-1-0,LN-75-0,SYN-10075,3,2026-09-20,19163.24,1916324,19163.24,1916324,2026-09-20,TX-102820,0,on_time,19363247,279384
RP-75-2-0,LN-75-0,SYN-10075,4,2026-10-20,19163.24,1916324,8104.58,810458,2026-10-20,TX-102832,0,partial,17726307,255765
RP-76-0-0,LN-76-0,SYN-10076,2,2026-08-22,21518.31,2151831,21518.31,2151831,2026-08-22,TX-102848,0,on_time,23291737,378110
RP-76-1-0,LN-76-0,SYN-10076,3,2026-09-22,21518.31,2151831,21518.31,2151831,2026-10-10,TX-102868,18,late,21518016,349316
RP-76-2-0,LN-76-0,SYN-10076,4,2026-10-22,21518.31,2151831,0,0,,,0,missed,19715501,320055
RP-77-0-0,LN-77-0,SYN-10077,2,2026-08-25,48428.31,4842831,48428.31,4842831,2026-08-25,TX-102887,0,on_time,53550449,686075
RP-77-1-0,LN-77-0,SYN-10077,3,2026-09-25,48428.31,4842831,48428.31,4842831,2026-09-25,TX-102897,0,on_time,49393693,632820
RP-77-2-0,LN-77-0,SYN-10077,4,2026-10-25,48428.31,4842831,48428.31,4842831,2026-10-25,TX-102907,0,on_time,45183682,578882
RP-78-0-0,LN-78-0,SYN-10078,2,2026-08-28,6033.58,603358,6033.58,603358,2026-08-28,TX-102921,0,on_time,17124627,230533
RP-78-1-0,LN-78-0,SYN-10078,3,2026-09-28,6033.58,603358,6033.58,603358,2026-10-01,TX-102936,3,late,16751802,225514
RP-78-2-0,LN-78-0,SYN-10078,4,2026-10-28,6033.58,603358,639.78,63978,2026-11-03,TX-102950,6,partial,16373958,220428
RP-79-0-0,LN-79-0,SYN-10079,2,2026-08-25,38355.81,3835581,38355.81,3835581,2026-08-25,TX-102959,0,on_time,43123795,438511
RP-79-1-0,LN-79-0,SYN-10079,3,2026-09-25,38355.81,3835581,38355.81,3835581,2026-10-07,TX-102968;TX-102975,12,late,39726725,403968
RP-79-2-0,LN-79-0,SYN-10079,4,2026-10-25,38355.81,3835581,5994.0,599400,2026-10-25,TX-102980,0,partial,36295112,369073
RP-81-0-0,LN-81-0,SYN-10081,2,2026-08-28,61809.36,6180936,61809.36,6180936,2026-08-28,TX-103028,0,on_time,67489775,1000913
RP-81-0-1,LN-81-1,SYN-10081,2,2026-08-28,32736.5,3273650,32736.5,3273650,2026-08-28,TX-103029,0,on_time,95932941,1110448
RP-81-1-0,LN-81-0,SYN-10081,3,2026-09-28,61809.36,6180936,61809.36,6180936,2026-09-28,TX-103042,0,on_time,62309752,924090
RP-81-1-1,LN-81-1,SYN-10081,3,2026-09-28,32736.5,3273650,32736.5,3273650,2026-09-28,TX-103043,0,on_time,93769739,1085408
RP-81-2-0,LN-81-0,SYN-10081,4,2026-10-28,61809.36,6180936,61809.36,6180936,2026-10-28,TX-103052,0,on_time,57052906,846128
RP-81-2-1,LN-81-1,SYN-10081,4,2026-10-28,32736.5,3273650,32736.5,3273650,2026-10-28,TX-103053,0,on_time,91581497,1060079
RP-82-0-0,LN-82-0,SYN-10082,2,2026-08-24,13809.7,1380970,13809.7,1380970,2026-08-24,TX-103064,0,on_time,29643870,270540
RP-82-1-0,LN-82-0,SYN-10082,3,2026-09-24,13809.7,1380970,13809.7,1380970,2026-09-24,TX-103077,0,on_time,28533440,260406
RP-82-2-0,LN-82-0,SYN-10082,4,2026-10-24,13809.7,1380970,13809.7,1380970,2026-10-27,TX-103087,3,late,27412876,250179
RP-83-0-0,LN-83-0,SYN-10083,2,2026-08-23,23122.96,2312296,23122.96,2312296,2026-08-23,TX-103099,0,on_time,25105332,395187
RP-83-1-0,LN-83-0,SYN-10083,3,2026-09-23,23122.96,2312296,23122.96,2312296,2026-10-05,TX-103113;TX-103119,12,late,23188223,365010
RP-83-2-0,LN-83-0,SYN-10083,4,2026-10-23,23122.96,2312296,23122.96,2312296,2026-10-23,TX-103124,0,on_time,21240937,334357
RP-84-0-0,LN-84-0,SYN-10084,2,2026-08-28,33798.37,3379837,33798.37,3379837,2026-08-28,TX-103140,0,on_time,37546190,453389
RP-84-1-0,LN-84-0,SYN-10084,3,2026-09-28,33798.37,3379837,33798.37,3379837,2026-09-28,TX-103152,0,on_time,34619742,418051
RP-84-2-0,LN-84-0,SYN-10084,4,2026-10-28,33798.37,3379837,33798.37,3379837,2026-10-28,TX-103162,0,on_time,31657956,382286
RP-85-0-0,LN-85-0,SYN-10085,2,2026-08-22,46472.48,4647248,46472.48,4647248,2026-08-22,TX-103172,0,on_time,93642619,1356655
RP-85-1-0,LN-85-0,SYN-10085,3,2026-09-22,46472.48,4647248,46472.48,4647248,2026-09-22,TX-103186,0,on_time,90352026,1308983
RP-85-2-0,LN-85-0,SYN-10085,4,2026-10-22,46472.48,4647248,46472.48,4647248,2026-10-22,TX-103195,0,on_time,87013761,1260619
RP-86-0-0,LN-86-0,SYN-10086,2,2026-08-26,12169.05,1216905,12169.05,1216905,2026-08-26,TX-103209,0,on_time,13616487,148786
RP-86-1-0,LN-86-0,SYN-10086,3,2026-09-26,12169.05,1216905,12169.05,1216905,2026-09-26,TX-103221,0,on_time,12548368,137115
RP-86-2-0,LN-86-0,SYN-10086,4,2026-10-26,12169.05,1216905,12169.05,1216905,2026-11-01,TX-103233,6,late,11468578,125316
RP-87-0-0,LN-87-0,SYN-10087,2,2026-08-26,8293.85,829385,8293.85,829385,2026-08-26,TX-103244,0,on_time,25133020,241905
RP-87-1-0,LN-87-0,SYN-10087,3,2026-09-26,8293.85,829385,8293.85,829385,2026-09-26,TX-103254,0,on_time,24545540,236251
RP-87-2-0,LN-87-0,SYN-10087,4,2026-10-26,8293.85,829385,8293.85,829385,2026-10-26,TX-103263,0,on_time,23952406,230542
RP-88-0-0,LN-88-0,SYN-10088,2,2026-08-25,32697.71,3269771,32697.71,3269771,2026-08-25,TX-103275,0,on_time,88200921,1456771
RP-88-1-0,LN-88-0,SYN-10088,3,2026-09-25,32697.71,3269771,32697.71,3269771,2026-10-01,TX-103286;TX-103290,6,late,86387921,1426826
RP-88-2-0,LN-88-0,SYN-10088,4,2026-10-25,32697.71,3269771,32697.71,3269771,2026-11-03,TX-103298;TX-103303,9,late,84544976,1396387
RP-89-0-0,LN-89-0,SYN-10089,2,2026-08-28,76073.59,7607359,76073.59,7607359,2026-08-31,TX-103314,3,late,83188005,1213969
RP-89-1-0,LN-89-0,SYN-10089,3,2026-09-28,76073.59,7607359,76073.59,7607359,2026-09-28,TX-103327,0,on_time,76794615,1120670
RP-89-2-0,LN-89-0,SYN-10089,4,2026-10-28,76073.59,7607359,76073.59,7607359,2026-10-28,TX-103337,0,on_time,70307926,1026009
RP-91-0-0,LN-91-0,SYN-10091,2,2026-08-20,14546.47,1454647,14546.47,1454647,2026-08-20,TX-103382,0,on_time,30216379,359348
RP-91-0-1,LN-91-1,SYN-10091,2,2026-08-20,24188.38,2418838,24188.38,2418838,2026-08-20,TX-103383,0,on_time,68944398,910744
RP-91-1-0,LN-91-0,SYN-10091,3,2026-09-20,14546.47,1454647,14546.47,1454647,2026-09-20,TX-103395,0,on_time,29121080,346322
RP-91-1-1,LN-91-1,SYN-10091,3,2026-09-20,24188.38,2418838,24188.38,2418838,2026-09-20,TX-103396,0,on_time,67436304,890822
RP-91-2-0,LN-91-0,SYN-10091,4,2026-10-20,14546.47,1454647,14546.47,1454647,2026-11-01,TX-103407;TX-103414,12,late,28012755,333142
RP-91-2-1,LN-91-1,SYN-10091,4,2026-10-20,24188.38,2418838,15528.16,1552816,2026-11-01,TX-103408;TX-103415,12,partial,65908288,870637
RP-92-0-0,LN-92-0,SYN-10092,2,2026-08-21,41281.05,4128105,41281.05,4128105,2026-08-21,TX-103425,0,on_time,46201580,503193
RP-92-1-0,LN-92-0,SYN-10092,3,2026-09-21,41281.05,4128105,41281.05,4128105,2026-10-03,TX-103443,12,late,42576668,463713
RP-92-2-0,LN-92-0,SYN-10092,4,2026-10-21,41281.05,4128105,41281.05,4128105,2026-11-02,TX-103453,12,late,38912276,423803
RP-93-0-0,LN-93-0,SYN-10093,2,2026-08-28,8618.4,861840,8618.4,861840,2026-08-28,TX-103466,0,on_time,17418148,247879
RP-93-1-0,LN-93-0,SYN-10093,3,2026-09-28,8618.4,861840,8618.4,861840,2026-09-28,TX-103481,0,on_time,16804187,239142
RP-93-2-0,LN-93-0,SYN-10093,4,2026-10-28,8618.4,861840,8618.4,861840,2026-11-03,TX-103494,6,late,16181489,230280
RP-94-0-0,LN-94-0,SYN-10094,2,2026-08-20,37224.78,3722478,37224.78,3722478,2026-09-01,TX-103502;TX-103507,12,late,41489506,479183
RP-94-1-0,LN-94-0,SYN-10094,3,2026-09-20,37224.78,3722478,37224.78,3722478,2026-10-02,TX-103517;TX-103522,12,late,38246211,441725
RP-94-2-0,LN-94-0,SYN-10094,4,2026-10-20,37224.78,3722478,37224.78,3722478,2026-11-01,TX-103528;TX-103530;TX-103534,12,late,34965458,403834
RP-95-0-0,LN-95-0,SYN-10095,2,2026-08-28,26374.19,2637419,26374.19,2637419,2026-08-28,TX-103547,0,on_time,55395009,606922
RP-95-1-0,LN-95-0,SYN-10095,3,2026-09-28,26374.19,2637419,26374.19,2637419,2026-09-28,TX-103562,0,on_time,53364512,584675
RP-95-2-0,LN-95-0,SYN-10095,4,2026-10-28,26374.19,2637419,26374.19,2637419,2026-10-28,TX-103574,0,on_time,51311768,562185
RP-96-0-0,LN-96-0,SYN-10096,2,2026-08-25,10631.08,1063108,10631.08,1063108,2026-08-25,TX-103587,0,on_time,30645447,384386
RP-96-1-0,LN-96-0,SYN-10096,3,2026-09-25,10631.08,1063108,10631.08,1063108,2026-09-25,TX-103603,0,on_time,29966725,375873
RP-96-2-0,LN-96-0,SYN-10096,4,2026-10-25,10631.08,1063108,10631.08,1063108,2026-10-25,TX-103614,0,on_time,29279490,367253
RP-97-0-0,LN-97-0,SYN-10097,2,2026-08-27,28823.67,2882367,28823.67,2882367,2026-08-27,TX-103629,0,on_time,58288906,826508
RP-97-1-0,LN-97-0,SYN-10097,3,2026-09-27,28823.67,2882367,28823.67,2882367,2026-09-27,TX-103641,0,on_time,56233047,797356
RP-97-2-0,LN-97-0,SYN-10097,4,2026-10-27,28823.67,2882367,28823.67,2882367,2026-10-27,TX-103650,0,on_time,54148036,767792
RP-98-0-0,LN-98-0,SYN-10098,2,2026-08-24,15110.97,1511097,15110.97,1511097,2026-08-24,TX-103660,0,on_time,44130193,519707
RP-98-1-0,LN-98-0,SYN-10098,3,2026-09-24,15110.97,1511097,15110.97,1511097,2026-09-30,TX-103677,6,late,43138803,508031
RP-98-2-0,LN-98-0,SYN-10098,4,2026-10-24,15110.97,1511097,15110.97,1511097,2026-10-30,TX-103683;TX-103687,6,late,42135737,496219
RP-99-0-0,LN-99-0,SYN-10099,2,2026-08-27,21928.44,2192844,21928.44,2192844,2026-08-27,TX-103698,0,on_time,61434465,874571
RP-99-1-0,LN-99-0,SYN-10099,3,2026-09-27,21928.44,2192844,21928.44,2192844,2026-09-27,TX-103709,0,on_time,60116192,855804
RP-99-2-0,LN-99-0,SYN-10099,4,2026-10-27,21928.44,2192844,21928.44,2192844,2026-10-27,TX-103718,0,on_time,58779152,836770
RP-101-0-0,LN-101-0,SYN-10101,2,2026-08-23,32644.18,3264418,32644.18,3264418,2026-08-23,TX-103757,0,on_time,67723805,812669
RP-101-0-1,LN-101-1,SYN-10101,2,2026-08-23,33921.7,3392170,33921.7,3392170,2026-08-23,TX-103758,0,on_time,36802866,583660
RP-101-1-0,LN-101-0,SYN-10101,3,2026-09-23,32644.18,3264418,32644.18,3264418,2026-09-23,TX-103767,0,on_time,65272056,783248
RP-101-1-1,LN-101-1,SYN-10101,3,2026-09-23,33921.7,3392170,33921.7,3392170,2026-09-23,TX-103768,0,on_time,33994356,539119
RP-101-2-0,LN-101-0,SYN-10101,4,2026-10-23,32644.18,3264418,32644.18,3264418,2026-10-23,TX-103777,0,on_time,62790886,753475
RP-101-2-1,LN-101-1,SYN-10101,4,2026-10-23,33921.7,3392170,33921.7,3392170,2026-10-23,TX-103778,0,on_time,31141305,493873
RP-102-0-0,LN-102-0,SYN-10102,2,2026-08-27,38757.37,3875737,38757.37,3875737,2026-08-27,TX-103793,0,on_time,78578864,1096922
RP-102-1-0,LN-102-0,SYN-10102,3,2026-09-27,38757.37,3875737,38757.37,3875737,2026-10-06,TX-103809,9,late,75800049,1058131
RP-102-2-0,LN-102-0,SYN-10102,4,2026-10-27,38757.37,3875737,7847.77,784777,2026-11-05,TX-103821,9,partial,72982443,1018798
RP-103-0-0,LN-103-0,SYN-10103,2,2026-08-23,17332.79,1733279,17332.79,1733279,2026-08-23,TX-103831,0,on_time,35262112,481898
RP-103-1-0,LN-103-0,SYN-10103,3,2026-09-23,17332.79,1733279,17332.79,1733279,2026-09-23,TX-103841,0,on_time,34010731,464796
RP-103-2-0,LN-103-0,SYN-10103,4,2026-10-23,17332.79,1733279,17332.79,1733279,2026-10-23,TX-103852,0,on_time,32742248,447461
RP-104-0-0,LN-104-0,SYN-10104,2,2026-08-21,6928.01,692801,6928.01,692801,2026-08-21,TX-103865,0,on_time,19895409,253995
RP-104-1-0,LN-104-0,SYN-10104,3,2026-09-21,6928.01,692801,3337.74,333774,2026-11-02,TX-103894,42,partial,19456603,248393
RP-104-2-0,LN-104-0,SYN-10104,4,2026-10-21,6928.01,692801,0,0,,,0,missed,19456603,248393
RP-105-0-0,LN-105-0,SYN-10105,2,2026-08-23,15596.55,1559655,15596.55,1559655,2026-08-23,TX-103906,0,on_time,32034563,411655
RP-105-1-0,LN-105-0,SYN-10105,3,2026-09-23,15596.55,1559655,15596.55,1559655,2026-09-23,TX-103921,0,on_time,30886563,396903
RP-105-2-0,LN-105-0,SYN-10105,4,2026-10-23,15596.55,1559655,15596.55,1559655,2026-10-23,TX-103932,0,on_time,29723811,381961
RP-106-0-0,LN-106-0,SYN-10106,2,2026-08-22,6485.24,648524,6485.24,648524,2026-08-22,TX-103945,0,on_time,19119728,214565
RP-106-1-0,LN-106-0,SYN-10106,3,2026-09-22,6485.24,648524,6485.24,648524,2026-09-22,TX-103961,0,on_time,18685769,209695
RP-106-2-0,LN-106-0,SYN-10106,4,2026-10-22,6485.24,648524,6485.24,648524,2026-10-22,TX-103970,0,on_time,18246940,204770
RP-107-0-0,LN-107-0,SYN-10107,2,2026-08-20,15640.54,1564054,15640.54,1564054,2026-08-20,TX-103980,0,on_time,17015284,262390
RP-107-1-0,LN-107-0,SYN-10107,3,2026-09-20,15640.54,1564054,15640.54,1564054,2026-10-02,TX-103999,12,late,15713620,242317
RP-107-2-0,LN-107-0,SYN-10107,4,2026-10-20,15640.54,1564054,15640.54,1564054,2026-10-20,TX-104004,0,on_time,14391883,221935
RP-108-0-0,LN-108-0,SYN-10108,2,2026-08-22,13015.41,1301541,13015.41,1301541,2026-08-22,TX-104020,0,on_time,28027724,248349
RP-108-1-0,LN-108-0,SYN-10108,3,2026-09-22,13015.41,1301541,13015.41,1301541,2026-09-22,TX-104033,0,on_time,26974532,239017
RP-108-2-0,LN-108-0,SYN-10108,4,2026-10-22,13015.41,1301541,13015.41,1301541,2026-11-03,TX-104050,12,late,25912008,229602
RP-109-0-0,LN-109-0,SYN-10109,2,2026-08-20,13829.45,1382945,13829.45,1382945,2026-08-20,TX-104057,0,on_time,40304472,479533
RP-109-1-0,LN-109-0,SYN-10109,3,2026-09-20,13829.45,1382945,13829.45,1382945,2026-09-20,TX-104069,0,on_time,39401060,468784
RP-109-2-0,LN-109-0,SYN-10109,4,2026-10-20,13829.45,1382945,13829.45,1382945,2026-10-20,TX-104079,0,on_time,38486899,457908
RP-111-0-0,LN-111-0,SYN-10111,2,2026-08-22,40096.18,4009618,40096.18,4009618,2026-08-22,TX-104126,0,on_time,44603256,528905
RP-111-0-1,LN-111-1,SYN-10111,2,2026-08-22,29866.94,2986694,29866.94,2986694,2026-08-22,TX-104127,0,on_time,32595456,486031
RP-111-1-0,LN-111-0,SYN-10111,3,2026-09-22,40096.18,4009618,40096.18,4009618,2026-09-22,TX-104138,0,on_time,41122543,487631
RP-111-1-1,LN-111-1,SYN-10111,3,2026-09-22,29866.94,2986694,29866.94,2986694,2026-09-22,TX-104139,0,on_time,30094793,448743
RP-111-2-0,LN-111-0,SYN-10111,4,2026-10-22,40096.18,4009618,40096.18,4009618,2026-10-22,TX-104148,0,on_time,37600556,445867
RP-111-2-1,LN-111-1,SYN-10111,4,2026-10-22,29866.94,2986694,29866.94,2986694,2026-10-25,TX-104149,3,late,27556842,410900
RP-112-0-0,LN-112-0,SYN-10112,2,2026-08-23,26662.02,2666202,26662.02,2666202,2026-08-23,TX-104161,0,on_time,72561019,1159428
RP-112-1-0,LN-112-0,SYN-10112,3,2026-09-23,26662.02,2666202,26662.02,2666202,2026-10-02,TX-104170;TX-104173,9,late,71054245,1135352
RP-112-2-0,LN-112-0,SYN-10112,4,2026-10-23,26662.02,2666202,26662.02,2666202,2026-10-23,TX-104180,0,on_time,69523395,1110891
RP-113-0-0,LN-113-0,SYN-10113,2,2026-08-21,24263.35,2426335,24263.35,2426335,2026-08-24,TX-104192,3,late,26620416,374358
RP-113-1-0,LN-113-0,SYN-10113,3,2026-09-21,24263.35,2426335,24263.35,2426335,2026-09-21,TX-104201,0,on_time,24568439,345502
RP-113-2-0,LN-113-0,SYN-10113,4,2026-10-21,24263.35,2426335,24263.35,2426335,2026-10-21,TX-104210,0,on_time,22487606,316239
RP-114-0-0,LN-114-0,SYN-10114,2,2026-08-26,7146.13,714613,7146.13,714613,2026-08-26,TX-104226,0,on_time,22115610,186079
RP-114-1-0,LN-114-0,SYN-10114,3,2026-09-26,7146.13,714613,7146.13,714613,2026-10-02,TX-104242,6,late,21587076,181632
RP-114-2-0,LN-114-0,SYN-10114,4,2026-10-26,7146.13,714613,7146.13,714613,2026-11-01,TX-104255,6,late,21054095,177147
RP-115-0-0,LN-115-0,SYN-10115,2,2026-08-21,8287.54,828754,8287.54,828754,2026-08-21,TX-104266,0,on_time,9199020,112278
RP-115-1-0,LN-115-0,SYN-10115,3,2026-09-21,8287.54,828754,7685.21,768521,2026-10-03,TX-104281,12,partial,8482544,103533
RP-115-2-0,LN-115-0,SYN-10115,4,2026-10-21,8287.54,828754,0,0,,,0,missed,7817556,95417
RP-116-0-0,LN-116-0,SYN-10116,2,2026-08-28,4941.47,494147,4941.47,494147,2026-08-28,TX-104300,0,on_time,10396190,112436
RP-116-1-0,LN-116-0,SYN-10116,3,2026-09-28,4941.47,494147,4941.47,494147,2026-09-28,TX-104312,0,on_time,10014479,108307
RP-116-2-0,LN-116-0,SYN-10116,4,2026-10-28,4941.47,494147,4941.47,494147,2026-10-28,TX-104323,0,on_time,9628639,104135
RP-117-0-0,LN-117-0,SYN-10117,2,2026-08-28,22397.03,2239703,22397.03,2239703,2026-08-28,TX-104335,0,on_time,25454681,215404
RP-117-1-0,LN-117-0,SYN-10117,3,2026-09-28,22397.03,2239703,22397.03,2239703,2026-09-28,TX-104350,0,on_time,23430382,198274
RP-117-2-0,LN-117-0,SYN-10117,4,2026-10-28,22397.03,2239703,22397.03,2239703,2026-10-28,TX-104359,0,on_time,21388953,180999
RP-118-0-0,LN-118-0,SYN-10118,2,2026-08-20,4586.96,458696,4586.96,458696,2026-08-20,TX-104370,0,on_time,9615345,106939
RP-118-1-0,LN-118-0,SYN-10118,3,2026-09-20,4586.96,458696,4586.96,458696,2026-09-20,TX-104384,0,on_time,9263588,103027
RP-118-2-0,LN-118-0,SYN-10118,4,2026-10-20,4586.96,458696,4586.96,458696,2026-10-20,TX-104396,0,on_time,8907919,99072
RP-119-0-0,LN-119-0,SYN-10119,2,2026-08-27,22065.49,2206549,22065.49,2206549,2026-08-27,TX-104411,0,on_time,46076886,527438
RP-119-1-0,LN-119-0,SYN-10119,3,2026-09-27,22065.49,2206549,22065.49,2206549,2026-10-03,TX-104425;TX-104426;TX-104429,6,late,44397775,508218
RP-119-2-0,LN-119-0,SYN-10119,4,2026-10-27,22065.49,2206549,22065.49,2206549,2026-11-02,TX-104437;TX-104438;TX-104440,6,late,42699444,488777
RP-121-0-0,LN-121-0,SYN-10121,2,2026-08-21,16752.61,1675261,16752.61,1675261,2026-08-21,TX-104482,0,on_time,33722815,491473
RP-121-0-1,LN-121-1,SYN-10121,2,2026-08-21,18564.33,1856433,18564.33,1856433,2026-08-21,TX-104483,0,on_time,38400783,470368
RP-121-1-0,LN-121-0,SYN-10121,3,2026-09-21,16752.61,1675261,16752.61,1675261,2026-09-21,TX-104501,0,on_time,32539027,474221
RP-121-1-1,LN-121-1,SYN-10121,3,2026-09-21,18564.33,1856433,18564.33,1856433,2026-10-06,TX-104508,15,late,37014718,453390
RP-121-2-0,LN-121-0,SYN-10121,4,2026-10-21,16752.61,1675261,16752.61,1675261,2026-11-05,TX-104522,15,late,31337987,456717
RP-121-2-1,LN-121-1,SYN-10121,4,2026-10-21,18564.33,1856433,18564.33,1856433,2026-11-05,TX-104523,15,late,35611675,436204
RP-122-0-0,LN-122-0,SYN-10122,2,2026-08-25,47332.95,4733295,47332.95,4733295,2026-08-25,TX-104534,0,on_time,52665665,622574
RP-122-1-0,LN-122-0,SYN-10122,3,2026-09-25,47332.95,4733295,47332.95,4733295,2026-10-01,TX-104550,6,late,48554944,573980
RP-122-2-0,LN-122-0,SYN-10122,4,2026-10-25,47332.95,4733295,47332.95,4733295,2026-11-03,TX-104564,9,late,44395629,524812
RP-123-0-0,LN-123-0,SYN-10123,2,2026-08-20,20449.58,2044958,20449.58,2044958,2026-08-20,TX-104574,0,on_time,42599600,496342
RP-123-1-0,LN-123-0,SYN-10123,3,2026-09-20,20449.58,2044958,20449.58,2044958,2026-09-20,TX-104586,0,on_time,41050984,478299
RP-123-2-0,LN-123-0,SYN-10123,4,2026-10-20,20449.58,2044958,20449.58,2044958,2026-10-20,TX-104596,0,on_time,39484325,460045
RP-124-0-0,LN-124-0,SYN-10124,2,2026-08-20,7668.04,766804,7668.04,766804,2026-08-20,TX-104607,0,on_time,16300219,162103
RP-124-1-0,LN-124-0,SYN-10124,3,2026-09-20,7668.04,766804,7668.04,766804,2026-10-02,TX-104626,12,late,15695518,156089
RP-124-2-0,LN-124-0,SYN-10124,4,2026-10-20,7668.04,766804,7668.04,766804,2026-11-01,TX-104631;TX-104637,12,late,15084803,150016
RP-125-0-0,LN-125-0,SYN-10125,2,2026-08-25,19723.61,1972361,19723.61,1972361,2026-09-03,TX-104647;TX-104652,9,late,21765583,285895
RP-125-1-0,LN-125-0,SYN-10125,3,2026-09-25,19723.61,1972361,19723.61,1972361,2026-10-01,TX-104664,6,late,20079117,263743
RP-125-2-0,LN-125-0,SYN-10125,4,2026-10-25,19723.61,1972361,19723.61,1972361,2026-11-03,TX-104676,9,late,18370499,241300
RP-126-0-0,LN-126-0,SYN-10126,2,2026-08-23,26139.73,2613973,26139.73,2613973,2026-08-23,TX-104686,0,on_time,53597830,696580
RP-126-1-0,LN-126-0,SYN-10126,3,2026-09-23,26139.73,2613973,26139.73,2613973,2026-10-05,TX-104708,12,late,51680437,671660
RP-126-2-0,LN-126-0,SYN-10126,4,2026-10-23,26139.73,2613973,0,0,,,0,missed,49738124,646417
RP-127-0-0,LN-127-0,SYN-10127,2,2026-08-23,79519.57,7951957,79519.57,7951957,2026-08-23,TX-104730,0,on_time,86396249,1350431
RP-127-1-0,LN-127-0,SYN-10127,3,2026-09-23,79519.57,7951957,61444.91,6144491,2026-11-01,TX-104743;TX-104747,39,partial,79794723,1247245
RP-127-2-0,LN-127-0,SYN-10127,4,2026-10-23,79519.57,7951957,17018.29,1701829,2026-11-01,TX-104748,9,partial,77828047,1216504
RP-128-0-0,LN-128-0,SYN-10128,2,2026-08-23,19328.54,1932854,19328.54,1932854,2026-08-23,TX-104760,0,on_time,56733274,651317
RP-128-1-0,LN-128-0,SYN-10128,3,2026-09-23,19328.54,1932854,19328.54,1932854,2026-10-02,TX-104778,9,late,55451737,636604
RP-128-2-0,LN-128-0,SYN-10128,4,2026-10-23,19328.54,1932854,19328.54,1932854,2026-11-01,TX-104790,9,late,54155487,621723
RP-129-0-0,LN-129-0,SYN-10129,2,2026-08-22,6371.97,637197,6371.97,637197,2026-08-28,TX-104805,6,late,13397864,145567
RP-129-1-0,LN-129-0,SYN-10129,3,2026-09-22,6371.97,637197,6371.97,637197,2026-09-28,TX-104821,6,late,12906234,140225
RP-129-2-0,LN-129-0,SYN-10129,4,2026-10-22,6371.97,637197,6371.97,637197,2026-10-28,TX-104829,6,late,12409262,134826
RP-131-0-0,LN-131-0,SYN-10131,2,2026-08-27,11326.07,1132607,11326.07,1132607,2026-08-30,TX-104877,3,late,23169892,305680
RP-131-0-1,LN-131-1,SYN-10131,2,2026-08-27,10406.32,1040632,10406.32,1040632,2026-09-02,TX-104878,6,late,21471600,267599
RP-131-1-0,LN-131-0,SYN-10131,3,2026-09-27,11326.07,1132607,11326.07,1132607,2026-09-30,TX-104892,3,late,22342965,294771
RP-131-1-1,LN-131-1,SYN-10131,3,2026-09-27,10406.32,1040632,10406.32,1040632,2026-09-30,TX-104893,3,late,20698567,257965
RP-131-2-0,LN-131-0,SYN-10131,4,2026-10-27,11326.07,1132607,11326.07,1132607,2026-10-30,TX-104904,3,late,21505129,283717
RP-131-2-1,LN-131-1,SYN-10131,4,2026-10-27,10406.32,1040632,10406.32,1040632,2026-10-30,TX-104905,3,late,19915900,248210
RP-132-0-0,LN-132-0,SYN-10132,2,2026-08-26,51474.38,5147438,51474.38,5147438,2026-08-26,TX-104918,0,on_time,55757094,898623
RP-132-1-0,LN-132-0,SYN-10132,3,2026-09-26,51474.38,5147438,51474.38,5147438,2026-09-26,TX-104933,0,on_time,51508279,830146
RP-132-2-0,LN-132-0,SYN-10132,4,2026-10-26,51474.38,5147438,51474.38,5147438,2026-10-26,TX-104943,0,on_time,47190987,760565
RP-133-0-0,LN-133-0,SYN-10133,2,2026-08-22,5431.61,543161,5431.61,543161,2026-08-22,TX-104955,0,on_time,14946659,228850
RP-133-1-0,LN-133-0,SYN-10133,3,2026-09-22,5431.61,543161,5431.61,543161,2026-09-22,TX-104969,0,on_time,14632348,224037
RP-133-2-0,LN-133-0,SYN-10133,4,2026-10-22,5431.61,543161,5431.61,543161,2026-10-22,TX-104979,0,on_time,14313224,219151
RP-134-0-0,LN-134-0,SYN-10134,2,2026-08-23,13314.65,1331465,13314.65,1331465,2026-08-23,TX-104994,0,on_time,39697921,419468
RP-134-1-0,LN-134-0,SYN-10134,3,2026-09-23,13314.65,1331465,13314.65,1331465,2026-10-02,TX-105009,9,late,38785924,409831
RP-134-2-0,LN-134-0,SYN-10134,4,2026-10-23,13314.65,1331465,13314.65,1331465,2026-11-01,TX-105016;TX-105019,9,late,37864290,400093
RP-135-0-0,LN-135-0,SYN-10135,2,2026-08-28,33375.8,3337580,33375.8,3337580,2026-08-28,TX-105033,0,on_time,68164559,908912
RP-135-1-0,LN-135-0,SYN-10135,3,2026-09-28,33375.8,3337580,33375.8,3337580,2026-10-01,TX-105047;TX-105049,3,late,65735891,876528
RP-135-2-0,LN-135-0,SYN-10135,4,2026-10-28,33375.8,3337580,33375.8,3337580,2026-11-03,TX-105058;TX-105062,6,late,63274839,843712
RP-136-0-0,LN-136-0,SYN-10136,2,2026-08-26,33580.9,3358090,33580.9,3358090,2026-08-26,TX-105073,0,on_time,66800704,1041813
RP-136-1-0,LN-136-0,SYN-10136,3,2026-09-26,33580.9,3358090,33580.9,3358090,2026-09-26,TX-105083,0,on_time,64484427,1005688
RP-136-2-0,LN-136-0,SYN-10136,4,2026-10-26,33580.9,3358090,33580.9,3358090,2026-10-26,TX-105093,0,on_time,62132025,969001
RP-137-0-0,LN-137-0,SYN-10137,2,2026-08-26,12832.77,1283277,12832.77,1283277,2026-08-26,TX-105106,0,on_time,26305756,342477
RP-137-1-0,LN-137-0,SYN-10137,3,2026-09-26,12832.77,1283277,12832.77,1283277,2026-09-26,TX-105116,0,on_time,25364956,330228
RP-137-2-0,LN-137-0,SYN-10137,4,2026-10-26,12832.77,1283277,12832.77,1283277,2026-10-26,TX-105126,0,on_time,24411907,317821
RP-138-0-0,LN-138-0,SYN-10138,2,2026-08-26,31953.79,3195379,31953.79,3195379,2026-08-26,TX-105137,0,on_time,35016787,499024
RP-138-1-0,LN-138-0,SYN-10138,3,2026-09-26,31953.79,3195379,25749.47,2574947,2026-10-29,TX-105149;TX-105161,33,partial,32320432,460598
RP-138-2-0,LN-138-0,SYN-10138,4,2026-10-26,31953.79,3195379,0,0,,,0,missed,31798790,453165
RP-139-0-0,LN-139-0,SYN-10139,2,2026-08-22,13840.81,1384081,13840.81,1384081,2026-08-22,TX-105172,0,on_time,15710475,136079
RP-139-1-0,LN-139-0,SYN-10139,3,2026-09-22,13840.81,1384081,13840.81,1384081,2026-10-01,TX-105185,9,late,14462473,125269
RP-139-2-0,LN-139-0,SYN-10139,4,2026-10-22,13840.81,1384081,6719.17,671917,2026-11-03,TX-105196,12,partial,13203661,114366
RP-141-0-0,LN-141-0,SYN-10141,2,2026-08-23,52817.98,5281798,52817.98,5281798,2026-08-23,TX-105238,0,on_time,59285158,618453
RP-141-0-1,LN-141-1,SYN-10141,2,2026-08-23,21991.28,2199128,21991.28,2199128,2026-08-23,TX-105239,0,on_time,61434643,885068
RP-141-1-0,LN-141-0,SYN-10141,3,2026-09-23,52817.98,5281798,52817.98,5281798,2026-09-23,TX-105253,0,on_time,54621813,569806
RP-141-1-1,LN-141-1,SYN-10141,3,2026-09-23,21991.28,2199128,21991.28,2199128,2026-09-23,TX-105254,0,on_time,60120583,866137
RP-141-2-0,LN-141-0,SYN-10141,4,2026-10-23,52817.98,5281798,52817.98,5281798,2026-11-01,TX-105264;TX-105269,9,late,49909821,520651
RP-141-2-1,LN-141-1,SYN-10141,4,2026-10-23,21991.28,2199128,21991.28,2199128,2026-11-01,TX-105265;TX-105270,9,late,58787592,846933
RP-142-0-0,LN-142-0,SYN-10142,2,2026-08-28,12250.06,1225006,12250.06,1225006,2026-08-28,TX-105282,0,on_time,13496040,180826
RP-142-1-0,LN-142-0,SYN-10142,3,2026-09-28,12250.06,1225006,12250.06,1225006,2026-09-28,TX-105299,0,on_time,12451860,166835
RP-142-2-0,LN-142-0,SYN-10142,4,2026-10-28,12250.06,1225006,12250.06,1225006,2026-10-28,TX-105309,0,on_time,11393689,152657
RP-143-0-0,LN-143-0,SYN-10143,2,2026-08-22,8789.45,878945,8789.45,878945,2026-08-22,TX-105320,0,on_time,24515050,355515
RP-143-1-0,LN-143-0,SYN-10143,3,2026-09-22,8789.45,878945,8789.45,878945,2026-10-01,TX-105342,9,late,23991620,347924
RP-143-2-0,LN-143-0,SYN-10143,4,2026-10-22,8789.45,878945,8789.45,878945,2026-11-03,TX-105350;TX-105355,12,late,23460599,340224
RP-144-0-0,LN-144-0,SYN-10144,2,2026-08-21,15657.23,1565723,15657.23,1565723,2026-08-21,TX-105364,0,on_time,43201143,654490
RP-144-1-0,LN-144-0,SYN-10144,3,2026-09-21,15657.23,1565723,15657.23,1565723,2026-09-21,TX-105374,0,on_time,42289910,640685
RP-144-2-0,LN-144-0,SYN-10144,4,2026-10-21,15657.23,1565723,15657.23,1565723,2026-10-21,TX-105383,0,on_time,41364872,626671
RP-145-0-0,LN-145-0,SYN-10145,2,2026-08-27,25874.81,2587481,25874.81,2587481,2026-08-27,TX-105396,0,on_time,55009922,546482
RP-145-1-0,LN-145-0,SYN-10145,3,2026-09-27,25874.81,2587481,25874.81,2587481,2026-09-27,TX-105408,0,on_time,52968923,526207
RP-145-2-0,LN-145-0,SYN-10145,4,2026-10-27,25874.81,2587481,25874.81,2587481,2026-10-27,TX-105417,0,on_time,50907649,505729
RP-146-0-0,LN-146-0,SYN-10146,2,2026-08-24,9342.27,934227,9342.27,934227,2026-08-24,TX-105428,0,on_time,27397811,315924
RP-146-1-0,LN-146-0,SYN-10146,3,2026-09-24,9342.27,934227,9342.27,934227,2026-10-03,TX-105443,9,late,26779508,308795
RP-146-2-0,LN-146-0,SYN-10146,4,2026-10-24,9342.27,934227,9342.27,934227,2026-11-02,TX-105453,9,late,26154076,301583
RP-147-0-0,LN-147-0,SYN-10147,2,2026-08-26,5981.21,598121,5981.21,598121,2026-08-29,TX-105468,3,late,17578016,200517
RP-147-1-0,LN-147-0,SYN-10147,3,2026-09-26,5981.21,598121,5981.21,598121,2026-10-02,TX-105484,6,late,17180412,195981
RP-147-2-0,LN-147-0,SYN-10147,4,2026-10-26,5981.21,598121,5981.21,598121,2026-10-29,TX-105496,3,late,16778272,191394
RP-148-0-0,LN-148-0,SYN-10148,2,2026-08-21,11055.63,1105563,11055.63,1105563,2026-08-30,TX-105511,9,late,33031839,344998
RP-148-1-0,LN-148-0,SYN-10148,3,2026-09-21,11055.63,1105563,11055.63,1105563,2026-09-30,TX-105525,9,late,32271274,337055
RP-148-2-0,LN-148-0,SYN-10148,4,2026-10-21,11055.63,1105563,11055.63,1105563,2026-10-30,TX-105536,9,late,31502766,329028
RP-149-0-0,LN-149-0,SYN-10149,2,2026-08-28,19087.11,1908711,19087.11,1908711,2026-08-28,TX-105547,0,on_time,20793116,316095
RP-149-1-0,LN-149-0,SYN-10149,3,2026-09-28,19087.11,1908711,19087.11,1908711,2026-10-01,TX-105556;TX-105558,3,late,19200500,291884
RP-149-2-0,LN-149-0,SYN-10149,4,2026-10-28,19087.11,1908711,19087.11,1908711,2026-11-03,TX-105568,6,late,17583673,267306
RP-151-0-0,LN-151-0,SYN-10151,2,2026-08-25,19424.8,1942480,9575.59,957559,2026-11-02,TX-105624,69,partial,58168349,599900
RP-151-0-1,LN-151-1,SYN-10151,2,2026-08-25,7708.29,770829,0,0,,,0,missed,21295223,321015
RP-151-1-0,LN-151-0,SYN-10151,3,2026-09-25,19424.8,1942480,10752.28,1075228,2026-10-01,TX-105619,6,partial,58168349,599900
RP-151-1-1,LN-151-1,SYN-10151,3,2026-09-25,7708.29,770829,0,0,,,0,missed,21295223,321015
RP-151-2-0,LN-151-0,SYN-10151,4,2026-10-25,19424.8,1942480,0,0,,,0,missed,57693021,594998
RP-151-2-1,LN-151-1,SYN-10151,4,2026-10-25,7708.29,770829,0,0,,,0,missed,21295223,321015
RP-152-0-0,LN-152-0,SYN-10152,2,2026-08-24,20112.02,2011202,20112.02,2011202,2026-08-30,TX-105638,6,late,21972963,323850
RP-152-1-0,LN-152-0,SYN-10152,3,2026-09-24,20112.02,2011202,20112.02,2011202,2026-09-30,TX-105653,6,late,20285611,298981
RP-152-2-0,LN-152-0,SYN-10152,4,2026-10-24,20112.02,2011202,20112.02,2011202,2026-10-30,TX-105664,6,late,18573390,273745
RP-153-0-0,LN-153-0,SYN-10153,2,2026-08-23,5340.19,534019,5340.19,534019,2026-08-23,TX-105675,0,on_time,15970732,165909
RP-153-1-0,LN-153-0,SYN-10153,3,2026-09-23,5340.19,534019,5340.19,534019,2026-09-23,TX-105692,0,on_time,15602622,162085
RP-153-2-0,LN-153-0,SYN-10153,4,2026-10-23,5340.19,534019,5340.19,534019,2026-10-23,TX-105702,0,on_time,15230688,158221
RP-154-0-0,LN-154-0,SYN-10154,2,2026-08-28,12115.14,1211514,12115.14,1211514,2026-08-28,TX-105718,0,on_time,32950052,527797
RP-154-1-0,LN-154-0,SYN-10154,3,2026-09-28,12115.14,1211514,12115.14,1211514,2026-10-01,TX-105737,3,late,32266335,516845
RP-154-2-0,LN-154-0,SYN-10154,4,2026-10-28,12115.14,1211514,12115.14,1211514,2026-11-03,TX-105751,6,late,31571666,505718
RP-155-0-0,LN-155-0,SYN-10155,2,2026-08-25,4379.02,437902,4379.02,437902,2026-08-25,TX-105760,0,on_time,13112540,135268
RP-155-1-0,LN-155-0,SYN-10155,3,2026-09-25,4379.02,437902,4379.02,437902,2026-10-01,TX-105775,6,late,12809906,132146
RP-155-2-0,LN-155-0,SYN-10155,4,2026-10-25,4379.02,437902,4379.02,437902,2026-11-03,TX-105787,9,late,12504150,128992
RP-156-0-0,LN-156-0,SYN-10156,2,2026-08-22,7854.71,785471,7854.71,785471,2026-08-22,TX-105797,0,on_time,8928904,75265
RP-156-1-0,LN-156-0,SYN-10156,3,2026-09-22,7854.71,785471,7854.71,785471,2026-09-22,TX-105809,0,on_time,8218698,69279
RP-156-2-0,LN-156-0,SYN-10156,4,2026-10-22,7854.71,785471,7854.71,785471,2026-10-22,TX-105819,0,on_time,7502506,63242
RP-157-0-0,LN-157-0,SYN-10157,2,2026-08-23,10855.57,1085557,10855.57,1085557,2026-08-23,TX-105830,0,on_time,22394900,279416
RP-157-1-0,LN-157-0,SYN-10157,3,2026-09-23,10855.57,1085557,10855.57,1085557,2026-09-23,TX-105841,0,on_time,21588759,269358
RP-157-2-0,LN-157-0,SYN-10157,4,2026-10-23,10855.57,1085557,10855.57,1085557,2026-10-26,TX-105852,3,late,20772560,259174
RP-158-0-0,LN-158-0,SYN-10158,2,2026-08-26,7772.83,777283,7772.83,777283,2026-08-26,TX-105865,0,on_time,23930455,208480
RP-158-1-0,LN-158-0,SYN-10158,3,2026-09-26,7772.83,777283,7772.83,777283,2026-10-05,TX-105885,9,late,23361652,203525
RP-158-2-0,LN-158-0,SYN-10158,4,2026-10-26,7772.83,777283,0,0,,,0,missed,22787894,198526
RP-159-0-0,LN-159-0,SYN-10159,2,2026-08-26,4192.87,419287,4192.87,419287,2026-08-26,TX-105907,0,on_time,9045304,78790
RP-159-1-0,LN-159-0,SYN-10159,3,2026-09-26,4192.87,419287,4192.87,419287,2026-09-29,TX-105922,3,late,8704807,75824
RP-159-2-0,LN-159-0,SYN-10159,4,2026-10-26,4192.87,419287,4192.87,419287,2026-10-29,TX-105933,3,late,8361344,72832
RP-161-0-0,LN-161-0,SYN-10161,2,2026-08-26,12369.54,1236954,12369.54,1236954,2026-08-26,TX-105975,0,on_time,34529562,499001
RP-161-0-1,LN-161-1,SYN-10161,2,2026-08-26,5739.61,573961,5739.61,573961,2026-08-26,TX-105976,0,on_time,16929600,189511
RP-161-1-0,LN-161-0,SYN-10161,3,2026-09-26,12369.54,1236954,12369.54,1236954,2026-09-26,TX-105988,0,on_time,33791609,488337
RP-161-1-1,LN-161-1,SYN-10161,3,2026-09-26,5739.61,573961,5739.61,573961,2026-09-26,TX-105989,0,on_time,16545150,185208
RP-161-2-0,LN-161-0,SYN-10161,4,2026-10-26,12369.54,1236954,12369.54,1236954,2026-10-26,TX-105998,0,on_time,33042992,477518
RP-161-2-1,LN-161-1,SYN-10161,4,2026-10-26,5739.61,573961,5739.61,573961,2026-10-29,TX-106000,3,late,16156397,180856
RP-162-0-0,LN-162-0,SYN-10162,2,2026-08-26,19531.65,1953165,19531.65,1953165,2026-08-26,TX-106014,0,on_time,21697316,262029
RP-162-1-0,LN-162-0,SYN-10162,3,2026-09-26,19531.65,1953165,19531.65,1953165,2026-11-01,TX-106030;TX-106032;TX-106043,36,late,20006180,241606
RP-162-2-0,LN-162-0,SYN-10162,4,2026-10-26,19531.65,1953165,12192.99,1219299,2026-11-01,TX-106044,6,partial,19424257,234579
RP-163-0-0,LN-163-0,SYN-10163,2,2026-08-25,12647.86,1264786,12647.86,1264786,2026-10-03,TX-106070,39,late,39153047,328807
RP-163-1-0,LN-163-0,SYN-10163,3,2026-09-25,12647.86,1264786,12647.86,1264786,2026-10-01,TX-106068,6,late,39153047,328807
RP-163-2-0,LN-163-0,SYN-10163,4,2026-10-25,12647.86,1264786,12647.86,1264786,2026-11-03,TX-106080,9,late,37281089,313087
RP-164-0-0,LN-164-0,SYN-10164,2,2026-08-22,15660.01,1566001,15660.01,1566001,2026-08-22,TX-106089,0,on_time,44636013,589627
RP-164-1-0,LN-164-0,SYN-10164,3,2026-09-22,15660.01,1566001,15660.01,1566001,2026-11-03,TX-106118,42,late,43659639,576729
RP-164-2-0,LN-164-0,SYN-10164,4,2026-10-22,15660.01,1566001,7940.43,794043,2026-11-03,TX-106119,12,partial,43659639,576729
RP-165-0-0,LN-165-0,SYN-10165,2,2026-08-27,16301.54,1630154,16301.54,1630154,2026-08-27,TX-106130,0,on_time,46711721,602367
RP-165-1-0,LN-165-0,SYN-10165,3,2026-09-27,16301.54,1630154,16301.54,1630154,2026-09-27,TX-106144,0,on_time,45683934,589113
RP-165-2-0,LN-165-0,SYN-10165,4,2026-10-27,16301.54,1630154,16301.54,1630154,2026-11-02,TX-106154;TX-106155;TX-106157,6,late,44642893,575689
RP-166-0-0,LN-166-0,SYN-10166,2,2026-08-25,43245.95,4324595,43245.95,4324595,2026-08-25,TX-106169,0,on_time,86897735,1279823
RP-166-1-0,LN-166-0,SYN-10166,3,2026-09-25,43245.95,4324595,43245.95,4324595,2026-09-25,TX-106186,0,on_time,83852963,1234979
RP-166-2-0,LN-166-0,SYN-10166,4,2026-10-25,43245.95,4324595,43245.95,4324595,2026-10-25,TX-106197,0,on_time,80763347,1189476
RP-167-0-0,LN-167-0,SYN-10167,2,2026-08-27,4593.69,459369,4593.69,459369,2026-08-27,TX-106213,0,on_time,9285105,132046
RP-167-1-0,LN-167-0,SYN-10167,3,2026-09-27,4593.69,459369,4593.69,459369,2026-10-03,TX-106232,6,late,8957782,127391
RP-167-2-0,LN-167-0,SYN-10167,4,2026-10-27,4593.69,459369,4593.69,459369,2026-11-02,TX-106243,6,late,8625804,122670
RP-168-0-0,LN-168-0,SYN-10168,2,2026-08-22,13045.48,1304548,13045.48,1304548,2026-08-22,TX-106252,0,on_time,27509020,292189
RP-168-1-0,LN-168-0,SYN-10168,3,2026-09-22,13045.48,1304548,13045.48,1304548,2026-09-22,TX-106265,0,on_time,26496661,281436
RP-168-2-0,LN-168-0,SYN-10168,4,2026-10-22,13045.48,1304548,13045.48,1304548,2026-10-22,TX-106275,0,on_time,25473549,270569
RP-169-0-0,LN-169-0,SYN-10169,2,2026-08-23,52237.17,5223717,52237.17,5223717,2026-08-23,TX-106290,0,on_time,58080241,693289
RP-169-1-0,LN-169-0,SYN-10169,3,2026-09-23,52237.17,5223717,52237.17,5223717,2026-10-02,TX-106303;TX-106306,9,late,53549813,639211
RP-169-2-0,LN-169-0,SYN-10169,4,2026-10-23,52237.17,5223717,52237.17,5223717,2026-11-01,TX-106314;TX-106318,9,late,48965307,584487
RP-171-0-0,LN-171-0,SYN-10171,2,2026-08-26,6452.97,645297,6452.97,645297,2026-08-26,TX-106356,0,on_time,17411788,287271
RP-171-0-1,LN-171-1,SYN-10171,2,2026-08-26,3791.31,379131,3791.31,379131,2026-08-26,TX-106357,0,on_time,11699667,100362
RP-171-1-0,LN-171-0,SYN-10171,3,2026-09-26,6452.97,645297,6452.97,645297,2026-09-29,TX-106371,3,late,17053762,281364
RP-171-1-1,LN-171-1,SYN-10171,3,2026-09-26,3791.31,379131,3791.31,379131,2026-09-29,TX-106372,3,late,11420898,97970
RP-171-2-0,LN-171-0,SYN-10171,4,2026-10-26,6452.97,645297,6452.97,645297,2026-10-29,TX-106384,3,late,16689829,275360
RP-171-2-1,LN-171-1,SYN-10171,4,2026-10-26,3791.31,379131,3791.31,379131,2026-10-29,TX-106385,3,late,11139737,95559
RP-172-0-0,LN-172-0,SYN-10172,2,2026-08-20,7600.71,760071,7600.71,760071,2026-08-29,TX-106401,9,late,20897484,321053
RP-172-1-0,LN-172-0,SYN-10172,3,2026-09-20,7600.71,760071,7600.71,760071,2026-09-29,TX-106412,9,late,20458466,314309
RP-172-2-0,LN-172-0,SYN-10172,4,2026-10-20,7600.71,760071,7600.71,760071,2026-10-29,TX-106424,9,late,20012704,307460
RP-173-0-0,LN-173-0,SYN-10173,2,2026-08-26,21088.23,2108823,21088.23,2108823,2026-08-26,TX-106438,0,on_time,58323833,875319
RP-173-1-0,LN-173-0,SYN-10173,3,2026-09-26,21088.23,2108823,21088.23,2108823,2026-09-26,TX-106451,0,on_time,57090329,856807
RP-173-2-0,LN-173-0,SYN-10173,4,2026-10-26,21088.23,2108823,21088.23,2108823,2026-10-26,TX-106462,0,on_time,55838313,838017
RP-174-0-0,LN-174-0,SYN-10174,2,2026-08-25,19457.5,1945750,19457.5,1945750,2026-08-25,TX-106473,0,on_time,38840982,594070
RP-174-1-0,LN-174-0,SYN-10174,3,2026-09-25,19457.5,1945750,9092.38,909238,2026-09-28,TX-106491,3,partial,37489302,573396
RP-174-2-0,LN-174-0,SYN-10174,4,2026-10-25,19457.5,1945750,1513.27,151327,2026-10-31,TX-106504,6,partial,37153460,568259
RP-175-0-0,LN-175-0,SYN-10175,2,2026-08-21,7212.47,721247,7212.47,721247,2026-08-21,TX-106514,0,on_time,7911902,111460
RP-175-1-0,LN-175-0,SYN-10175,3,2026-09-21,7212.47,721247,5629.91,562991,2026-11-05,TX-106526;TX-106545,45,partial,7302115,102869
RP-175-2-0,LN-175-0,SYN-10175,4,2026-10-21,7212.47,721247,1007.81,100781,2026-11-05,TX-106546,15,partial,7072770,99638
RP-176-0-0,LN-176-0,SYN-10176,2,2026-08-25,31101.21,3110121,31101.21,3110121,2026-08-25,TX-106555,0,on_time,35006097,349833
RP-176-1-0,LN-176-0,SYN-10176,3,2026-09-25,31101.21,3110121,31101.21,3110121,2026-10-01,TX-106570,6,late,32245809,322248
RP-176-2-0,LN-176-0,SYN-10176,4,2026-10-25,31101.21,3110121,0,0,,,0,missed,29457936,294388
RP-177-0-0,LN-177-0,SYN-10177,2,2026-08-25,32581.39,3258139,32581.39,3258139,2026-08-25,TX-106591,0,on_time,97903786,990077
RP-177-1-0,LN-177-0,SYN-10177,3,2026-09-25,32581.39,3258139,32581.39,3258139,2026-09-25,TX-106606,0,on_time,95635724,967140
RP-177-2-0,LN-177-0,SYN-10177,4,2026-10-25,32581.39,3258139,32581.39,3258139,2026-10-25,TX-106617,0,on_time,93344725,943972
RP-178-0-0,LN-178-0,SYN-10178,2,2026-08-23,10590.37,1059037,10590.37,1059037,2026-08-23,TX-106629,0,on_time,22057895,257296
RP-178-1-0,LN-178-0,SYN-10178,3,2026-09-23,10590.37,1059037,10590.37,1059037,2026-09-23,TX-106643,0,on_time,21256154,247944
RP-178-2-0,LN-178-0,SYN-10178,4,2026-10-23,10590.37,1059037,10590.37,1059037,2026-10-26,TX-106655,3,late,20445061,238483
RP-179-0-0,LN-179-0,SYN-10179,2,2026-08-25,35217.69,3521769,35217.69,3521769,2026-08-25,TX-106666,0,on_time,39136083,470487
RP-179-1-0,LN-179-0,SYN-10179,3,2026-09-25,35217.69,3521769,35217.69,3521769,2026-09-28,TX-106681;TX-106684,3,late,36084801,433805
RP-179-2-0,LN-179-0,SYN-10179,4,2026-10-25,35217.69,3521769,35217.69,3521769,2026-10-28,TX-106695,3,late,32996837,396682
RP-181-0-0,LN-181-0,SYN-10181,2,2026-08-28,48792.34,4879234,48792.34,4879234,2026-09-03,TX-106739;TX-106742,6,late,53605238,742156
RP-181-0-1,LN-181-1,SYN-10181,2,2026-08-28,28777.19,2877719,28777.19,2877719,2026-09-03,TX-106743,6,late,32154087,358639
RP-181-1-0,LN-181-0,SYN-10181,3,2026-09-28,48792.34,4879234,48792.34,4879234,2026-10-01,TX-106755,3,late,49468160,684878
RP-181-1-1,LN-181-1,SYN-10181,3,2026-09-28,28777.19,2877719,28777.19,2877719,2026-11-03,TX-106756;TX-106758;TX-106769,36,late,29635007,330541
RP-181-2-0,LN-181-0,SYN-10181,4,2026-10-28,48792.34,4879234,32179.59,3217959,2026-11-03,TX-106770,6,partial,45273804,626808
RP-181-2-1,LN-181-1,SYN-10181,4,2026-10-28,28777.19,2877719,1511.73,151173,2026-11-03,TX-106771,6,partial,28899368,322336
RP-182-0-0,LN-182-0,SYN-10182,2,2026-08-22,24088.35,2408835,24088.35,2408835,2026-08-22,TX-106780,0,on_time,51686449,473508
RP-182-1-0,LN-182-0,SYN-10182,3,2026-09-22,24088.35,2408835,24088.35,2408835,2026-09-22,TX-106791,0,on_time,49751122,455778
RP-182-2-0,LN-182-0,SYN-10182,4,2026-10-22,24088.35,2408835,24088.35,2408835,2026-10-22,TX-106800,0,on_time,47798065,437886
RP-183-0-0,LN-183-0,SYN-10183,2,2026-08-24,23828.58,2382858,23828.58,2382858,2026-08-24,TX-106812,0,on_time,26491202,316656
RP-183-1-0,LN-183-0,SYN-10183,3,2026-09-24,23828.58,2382858,23828.58,2382858,2026-09-24,TX-106823,0,on_time,24425000,291958
RP-183-2-0,LN-183-0,SYN-10183,4,2026-10-24,23828.58,2382858,23828.58,2382858,2026-10-24,TX-106832,0,on_time,22334100,266965
RP-184-0-0,LN-184-0,SYN-10184,2,2026-08-26,29326.73,2932673,29326.73,2932673,2026-08-26,TX-106845,0,on_time,85156231,1031554
RP-184-1-0,LN-184-0,SYN-10184,3,2026-09-26,29326.73,2932673,29326.73,2932673,2026-09-29,TX-106859,3,late,83255112,1008525
RP-184-2-0,LN-184-0,SYN-10184,4,2026-10-26,29326.73,2932673,29326.73,2932673,2026-10-29,TX-106868,3,late,81330964,985216
RP-185-0-0,LN-185-0,SYN-10185,2,2026-08-26,28720.93,2872093,28720.93,2872093,2026-08-26,TX-106881,0,on_time,57970114,831504
RP-185-1-0,LN-185-0,SYN-10185,3,2026-09-26,28720.93,2872093,28720.93,2872093,2026-09-26,TX-106891,0,on_time,55929525,802234
RP-185-2-0,LN-185-0,SYN-10185,4,2026-10-26,28720.93,2872093,28720.93,2872093,2026-10-26,TX-106901,0,on_time,53859666,772545
RP-186-0-0,LN-186-0,SYN-10186,2,2026-08-25,13825.23,1382523,13825.23,1382523,2026-08-25,TX-106913,0,on_time,27278580,444664
RP-186-1-0,LN-186-0,SYN-10186,3,2026-09-25,13825.23,1382523,13825.23,1382523,2026-10-01,TX-106924;TX-106927,6,late,26340721,429376
RP-186-2-0,LN-186-0,SYN-10186,4,2026-10-25,13825.23,1382523,1209.69,120969,2026-11-03,TX-106941,9,partial,25387574,413839
RP-187-0-0,LN-187-0,SYN-10187,2,2026-08-25,54852.05,5485205,54852.05,5485205,2026-08-25,TX-106951,0,on_time,59664909,921440
RP-187-1-0,LN-187-0,SYN-10187,3,2026-09-25,54852.05,5485205,41239.5,4123950,2026-11-03,TX-106964;TX-106978,39,partial,55101144,850959
RP-187-2-0,LN-187-0,SYN-10187,4,2026-10-25,54852.05,5485205,0,0,,,0,missed,54967181,848890
RP-188-0-0,LN-188-0,SYN-10188,2,2026-08-22,9405.38,940538,9405.38,940538,2026-08-22,TX-106988,0,on_time,26537461,366562
RP-188-1-0,LN-188-0,SYN-10188,3,2026-09-22,9405.38,940538,9405.38,940538,2026-10-07,TX-107007,15,late,25963485,358634
RP-188-2-0,LN-188-0,SYN-10188,4,2026-10-22,9405.38,940538,0,0,,,0,missed,25381581,350596
RP-189-0-0,LN-189-0,SYN-10189,2,2026-08-23,41477.78,4147778,41477.78,4147778,2026-08-23,TX-107029,0,on_time,46856799,441122
RP-189-1-0,LN-189-0,SYN-10189,3,2026-09-23,41477.78,4147778,41477.78,4147778,2026-09-23,TX-107046,0,on_time,43150143,406226
RP-189-2-0,LN-189-0,SYN-10189,4,2026-10-23,41477.78,4147778,41477.78,4147778,2026-10-23,TX-107056,0,on_time,39408591,371002
RP-191-0-0,LN-191-0,SYN-10191,2,2026-08-24,9225.72,922572,9225.72,922572,2026-09-02,TX-107104;TX-107109,9,late,18526119,273875
RP-191-0-1,LN-191-1,SYN-10191,2,2026-08-24,6878.88,687888,6878.88,687888,2026-09-02,TX-107105;TX-107110,9,late,20847563,200522
RP-191-1-0,LN-191-0,SYN-10191,3,2026-09-24,9225.72,922572,9225.72,922572,2026-10-03,TX-107127,9,late,17877422,264285
RP-191-1-1,LN-191-1,SYN-10191,3,2026-09-24,6878.88,687888,6878.88,687888,2026-10-03,TX-107128,9,late,20360197,195835
RP-191-2-0,LN-191-0,SYN-10191,4,2026-10-24,9225.72,922572,9225.72,922572,2026-11-02,TX-107139,9,late,17219135,254553
RP-191-2-1,LN-191-1,SYN-10191,4,2026-10-24,6878.88,687888,6878.88,687888,2026-11-02,TX-107140,9,late,19868144,191102
RP-192-0-0,LN-192-0,SYN-10192,2,2026-08-21,31630.9,3163090,31630.9,3163090,2026-08-21,TX-107151,0,on_time,34334160,541827
RP-192-1-0,LN-192-0,SYN-10192,3,2026-09-21,31630.9,3163090,31630.9,3163090,2026-09-21,TX-107162,0,on_time,31712897,500461
RP-192-2-0,LN-192-0,SYN-10192,4,2026-10-21,31630.9,3163090,31630.9,3163090,2026-10-24,TX-107171;TX-107172,3,late,29050268,458442
RP-193-0-0,LN-193-0,SYN-10193,2,2026-08-25,12242.24,1224224,12242.24,1224224,2026-08-25,TX-107185,0,on_time,25419822,303165
RP-193-1-0,LN-193-0,SYN-10193,3,2026-09-25,12242.24,1224224,12242.24,1224224,2026-10-01,TX-107199,6,late,24498763,292180
RP-193-2-0,LN-193-0,SYN-10193,4,2026-10-25,12242.24,1224224,12242.24,1224224,2026-11-03,TX-107211,9,late,23566719,281065
RP-194-0-0,LN-194-0,SYN-10194,2,2026-08-24,59626.61,5962661,59626.61,5962661,2026-08-30,TX-107219;TX-107223,6,late,65034368,976057
RP-194-1-0,LN-194-0,SYN-10194,3,2026-09-24,59626.61,5962661,59626.61,5962661,2026-09-30,TX-107239,6,late,60047764,901217
RP-194-2-0,LN-194-0,SYN-10194,4,2026-10-24,59626.61,5962661,59626.61,5962661,2026-10-30,TX-107249,6,late,54986320,825253
RP-195-0-0,LN-195-0,SYN-10195,2,2026-08-28,66004.11,6600411,66004.11,6600411,2026-08-28,TX-107262,0,on_time,72811099,960591
RP-195-1-0,LN-195-0,SYN-10195,3,2026-09-28,66004.11,6600411,66004.11,6600411,2026-10-07,TX-107278;TX-107282,9,late,67171279,886185
RP-195-2-0,LN-195-0,SYN-10195,4,2026-10-28,66004.11,6600411,22759.32,2275932,2026-10-31,TX-107290;TX-107291,3,partial,61457053,810798
RP-196-0-0,LN-196-0,SYN-10196,2,2026-08-25,17323.96,1732396,17323.96,1732396,2026-08-28,TX-107306,3,late,36558331,386010
RP-196-1-0,LN-196-0,SYN-10196,3,2026-09-25,17323.96,1732396,17323.96,1732396,2026-09-28,TX-107321,3,late,35211945,371794
RP-196-2-0,LN-196-0,SYN-10196,4,2026-10-25,17323.96,1732396,17323.96,1732396,2026-10-25,TX-107328,0,on_time,33851343,357428
RP-197-0-0,LN-197-0,SYN-10197,2,2026-08-28,10862.12,1086212,10862.12,1086212,2026-09-03,TX-107346,6,late,21442834,348603
RP-197-1-0,LN-197-0,SYN-10197,3,2026-09-28,10862.12,1086212,10862.12,1086212,2026-10-01,TX-107355,3,late,20705225,336612
RP-197-2-0,LN-197-0,SYN-10197,4,2026-10-28,10862.12,1086212,10862.12,1086212,2026-10-28,TX-107364,0,on_time,19955625,324425
RP-198-0-0,LN-198-0,SYN-10198,2,2026-08-21,35957.87,3595787,35957.87,3595787,2026-08-30,TX-107380,9,late,40861026,346696
RP-198-1-0,LN-198-0,SYN-10198,3,2026-09-21,35957.87,3595787,35957.87,3595787,2026-09-30,TX-107393,9,late,37611935,319128
RP-198-2-0,LN-198-0,SYN-10198,4,2026-10-21,35957.87,3595787,28641.31,2864131,2026-11-02,TX-107401;TX-107402,12,partial,34335276,291326
RP-199-0-0,LN-199-0,SYN-10199,2,2026-08-23,6502.95,650295,5328.14,532814,2026-10-07,TX-107415;TX-107431,45,partial,13999639,124380
RP-199-1-0,LN-199-0,SYN-10199,3,2026-09-23,6502.95,650295,6502.95,650295,2026-10-05,TX-107429,12,late,13617599,120986
RP-199-2-0,LN-199-0,SYN-10199,4,2026-10-23,6502.95,650295,0,0,,,0,missed,13061896,116048
RP-201-0-0,LN-201-0,SYN-10201,2,2026-08-27,51366.47,5136647,51366.47,5136647,2026-08-27,TX-107478,0,on_time,58028446,546207
RP-201-0-1,LN-201-1,SYN-10201,2,2026-08-27,23638.84,2363884,23638.84,2363884,2026-08-27,TX-107479,0,on_time,69364679,797515
RP-201-1-0,LN-201-0,SYN-10201,3,2026-09-27,51366.47,5136647,51366.47,5136647,2026-09-27,TX-107493,0,on_time,53438006,502999
RP-201-1-1,LN-201-1,SYN-10201,3,2026-09-27,23638.84,2363884,23638.84,2363884,2026-09-27,TX-107494,0,on_time,67798310,779505
RP-201-2-0,LN-201-0,SYN-10201,4,2026-10-27,51366.47,5136647,51366.47,5136647,2026-10-27,TX-107504,0,on_time,48804358,459383
RP-201-2-1,LN-201-1,SYN-10201,4,2026-10-27,23638.84,2363884,23638.84,2363884,2026-10-30,TX-107505,3,late,66213931,761289
RP-202-0-0,LN-202-0,SYN-10202,2,2026-08-20,14112.01,1411201,14112.01,1411201,2026-08-23,TX-107518,3,late,39189500,578542
RP-202-1-0,LN-202-0,SYN-10202,3,2026-09-20,14112.01,1411201,14112.01,1411201,2026-09-20,TX-107531,0,on_time,38356841,566249
RP-202-2-0,LN-202-0,SYN-10202,4,2026-10-20,14112.01,1411201,14112.01,1411201,2026-11-01,TX-107547,12,late,37511889,553776
RP-203-0-0,LN-203-0,SYN-10203,2,2026-08-20,6297.09,629709,6297.09,629709,2026-08-20,TX-107557,0,on_time,13367793,134463
RP-203-1-0,LN-203-0,SYN-10203,3,2026-09-20,6297.09,629709,6297.09,629709,2026-09-20,TX-107569,0,on_time,12872547,129482
RP-203-2-0,LN-203-0,SYN-10203,4,2026-10-20,6297.09,629709,6297.09,629709,2026-10-20,TX-107582,0,on_time,12372320,124450
RP-204-0-0,LN-204-0,SYN-10204,2,2026-08-25,14764.28,1476428,14764.28,1476428,2026-08-28,TX-107600,3,late,16112775,240307
RP-204-1-0,LN-204-0,SYN-10204,3,2026-09-25,14764.28,1476428,14764.28,1476428,2026-09-25,TX-107612,0,on_time,14876654,221872
RP-204-2-0,LN-204-0,SYN-10204,4,2026-10-25,14764.28,1476428,14764.28,1476428,2026-10-25,TX-107623,0,on_time,13622098,203161
RP-205-0-0,LN-205-0,SYN-10205,2,2026-08-20,33225.92,3322592,33225.92,3322592,2026-08-20,TX-107637,0,on_time,93075005,1325613
RP-205-1-0,LN-205-0,SYN-10205,3,2026-09-20,33225.92,3322592,33225.92,3322592,2026-10-02,TX-107653;TX-107658,12,late,91078026,1297171
RP-205-2-0,LN-205-0,SYN-10205,4,2026-10-20,33225.92,3322592,33225.92,3322592,2026-11-01,TX-107666;TX-107671,12,late,89052605,1268324
RP-206-0-0,LN-206-0,SYN-10206,2,2026-08-24,17378.01,1737801,17378.01,1737801,2026-08-24,TX-107682,0,on_time,36418940,405841
RP-206-1-0,LN-206-0,SYN-10206,3,2026-09-24,17378.01,1737801,17378.01,1737801,2026-09-30,TX-107697,6,late,35086980,390998
RP-206-2-0,LN-206-0,SYN-10206,4,2026-10-24,17378.01,1737801,17378.01,1737801,2026-10-30,TX-107708,6,late,33740177,375989
RP-207-0-0,LN-207-0,SYN-10207,2,2026-08-20,22830.84,2283084,22830.84,2283084,2026-08-20,TX-107718,0,on_time,64631917,879990
RP-207-1-0,LN-207-0,SYN-10207,3,2026-09-20,22830.84,2283084,22830.84,2283084,2026-09-20,TX-107733,0,on_time,63228823,860887
RP-207-2-0,LN-207-0,SYN-10207,4,2026-10-20,22830.84,2283084,22830.84,2283084,2026-10-20,TX-107743,0,on_time,61806626,841523
RP-208-0-0,LN-208-0,SYN-10208,2,2026-08-23,23443.57,2344357,23443.57,2344357,2026-08-23,TX-107758,0,on_time,66983059,875245
RP-208-1-0,LN-208-0,SYN-10208,3,2026-09-23,23443.57,2344357,23443.57,2344357,2026-10-05,TX-107777,12,late,65513947,856049
RP-208-2-0,LN-208-0,SYN-10208,4,2026-10-23,23443.57,2344357,23443.57,2344357,2026-10-23,TX-107784,0,on_time,64025639,836602
RP-209-0-0,LN-209-0,SYN-10209,2,2026-08-28,7436.45,743645,7436.45,743645,2026-08-28,TX-107800,0,on_time,15012882,215065
RP-209-1-0,LN-209-0,SYN-10209,3,2026-09-28,7436.45,743645,7436.45,743645,2026-10-01,TX-107814;TX-107816,3,late,14484302,207492
RP-209-2-0,LN-209-0,SYN-10209,4,2026-10-28,7436.45,743645,7436.45,743645,2026-11-03,TX-107826;TX-107829,6,late,13948149,199812
RP-211-0-0,LN-211-0,SYN-10211,2,2026-08-23,26367.35,2636735,26367.35,2636735,2026-08-23,TX-107872,0,on_time,28877424,414321
RP-211-0-1,LN-211-1,SYN-10211,2,2026-08-23,16151.3,1615130,16151.3,1615130,2026-08-23,TX-107873,0,on_time,43573882,719307
RP-211-1-0,LN-211-0,SYN-10211,3,2026-09-23,26367.35,2636735,20654.08,2065408,2026-11-01,TX-107886;TX-107890,39,partial,26655010,382435
RP-211-1-1,LN-211-1,SYN-10211,3,2026-09-23,16151.3,1615130,11492.75,1149275,2026-11-01,TX-107891,39,partial,42678059,704519
RP-211-2-0,LN-211-0,SYN-10211,4,2026-10-23,26367.35,2636735,0,0,,,0,missed,26229115,376324
RP-211-2-1,LN-211-1,SYN-10211,4,2026-10-23,16151.3,1615130,1442.31,144231,2026-11-01,TX-107892,9,partial,42678059,704519
RP-212-0-0,LN-212-0,SYN-10212,2,2026-08-20,10925.57,1092557,10925.57,1092557,2026-08-20,TX-107901,0,on_time,30466849,442196
RP-212-1-0,LN-212-0,SYN-10212,3,2026-09-20,10925.57,1092557,7484.3,748430,2026-10-02,TX-107919,12,partial,29816488,432757
RP-212-2-0,LN-212-0,SYN-10212,4,2026-10-20,10925.57,1092557,0,0,,,0,missed,29500815,428175
RP-213-0-0,LN-213-0,SYN-10213,2,2026-08-27,28366.9,2836690,28366.9,2836690,2026-09-02,TX-107944;TX-107946,6,late,59238302,677854
RP-213-1-0,LN-213-0,SYN-10213,3,2026-09-27,28366.9,2836690,28366.9,2836690,2026-10-03,TX-107963;TX-107966,6,late,57079466,653151
RP-213-2-0,LN-213-0,SYN-10213,4,2026-10-27,28366.9,2836690,28366.9,2836690,2026-11-02,TX-107975;TX-107977,6,late,54895927,628165
RP-214-0-0,LN-214-0,SYN-10214,2,2026-08-26,25954.6,2595460,25954.6,2595460,2026-08-26,TX-107988,0,on_time,52541709,740313
RP-214-1-0,LN-214-0,SYN-10214,3,2026-09-26,25954.6,2595460,25954.6,2595460,2026-09-26,TX-108001,0,on_time,50686562,714174
RP-214-2-0,LN-214-0,SYN-10214,4,2026-10-26,25954.6,2595460,25954.6,2595460,2026-10-29,TX-108010,3,late,48805276,687666
RP-215-0-0,LN-215-0,SYN-10215,2,2026-08-28,18909.68,1890968,18909.68,1890968,2026-08-28,TX-108022,0,on_time,40150697,403177
RP-215-1-0,LN-215-0,SYN-10215,3,2026-09-28,18909.68,1890968,18909.68,1890968,2026-10-01,TX-108038,3,late,38662906,388237
RP-215-2-0,LN-215-0,SYN-10215,4,2026-10-28,18909.68,1890968,18909.68,1890968,2026-11-03,TX-108048,6,late,37160175,373147
RP-216-0-0,LN-216-0,SYN-10216,2,2026-08-21,24625.28,2462528,24625.28,2462528,2026-08-21,TX-108057,0,on_time,48582882,792403
RP-216-1-0,LN-216-0,SYN-10216,3,2026-09-21,24625.28,2462528,24625.28,2462528,2026-09-21,TX-108068,0,on_time,46912757,765163
RP-216-2-0,LN-216-0,SYN-10216,4,2026-10-21,24625.28,2462528,24625.28,2462528,2026-10-21,TX-108077,0,on_time,45215392,737478
RP-217-0-0,LN-217-0,SYN-10217,2,2026-08-24,35775.97,3577597,35775.97,3577597,2026-08-24,TX-108088,0,on_time,76648185,711921
RP-217-1-0,LN-217-0,SYN-10217,3,2026-09-24,35775.97,3577597,35775.97,3577597,2026-09-30,TX-108103;TX-108107,6,late,73782509,685304
RP-217-2-0,LN-217-0,SYN-10217,4,2026-10-24,35775.97,3577597,35775.97,3577597,2026-10-30,TX-108114;TX-108117,6,late,70890216,658440
RP-218-0-0,LN-218-0,SYN-10218,2,2026-08-24,10219.49,1021949,10219.49,1021949,2026-08-24,TX-108127,0,on_time,21529958,230358
RP-218-1-0,LN-218-0,SYN-10218,3,2026-09-24,10219.49,1021949,10219.49,1021949,2026-10-06,TX-108138;TX-108144,12,late,20738367,221888
RP-218-2-0,LN-218-0,SYN-10218,4,2026-10-24,10219.49,1021949,10219.49,1021949,2026-11-05,TX-108151;TX-108152;TX-108156,12,late,19938306,213328
RP-219-0-0,LN-219-0,SYN-10219,2,2026-08-23,40246.48,4024648,40246.48,4024648,2026-08-26,TX-108168,3,late,45154735,474159
RP-219-1-0,LN-219-0,SYN-10219,3,2026-09-23,40246.48,4024648,40246.48,4024648,2026-09-23,TX-108182,0,on_time,41604246,436876
RP-219-2-0,LN-219-0,SYN-10219,4,2026-10-23,40246.48,4024648,40246.48,4024648,2026-11-01,TX-108196,9,late,38016474,399201
RP-221-0-0,LN-221-0,SYN-10221,2,2026-08-23,23971.9,2397190,23971.9,2397190,2026-08-23,TX-108238,0,on_time,67884881,922935
RP-221-0-1,LN-221-1,SYN-10221,2,2026-08-23,19719.36,1971936,19719.36,1971936,2026-08-23,TX-108239,0,on_time,22238369,215403
RP-221-1-0,LN-221-0,SYN-10221,3,2026-09-23,23971.9,2397190,23971.9,2397190,2026-09-23,TX-108251,0,on_time,66410626,902891
RP-221-1-1,LN-221-1,SYN-10221,3,2026-09-23,19719.36,1971936,19719.36,1971936,2026-09-23,TX-108252,0,on_time,20481836,198389
RP-221-2-0,LN-221-0,SYN-10221,4,2026-10-23,23971.9,2397190,23971.9,2397190,2026-10-23,TX-108262,0,on_time,64916327,882575
RP-221-2-1,LN-221-1,SYN-10221,4,2026-10-23,19719.36,1971936,19719.36,1971936,2026-10-23,TX-108263,0,on_time,18708289,181210
RP-222-0-0,LN-222-0,SYN-10222,2,2026-08-28,15877.85,1587785,15877.85,1587785,2026-09-03,TX-108277;TX-108278;TX-108282,6,late,45122438,604016
RP-222-1-0,LN-222-0,SYN-10222,3,2026-09-28,15877.85,1587785,15877.85,1587785,2026-11-03,TX-108295;TX-108309,36,late,44138669,590848
RP-222-2-0,LN-222-0,SYN-10222,4,2026-10-28,15877.85,1587785,13917.56,1391756,2026-11-03,TX-108310,6,partial,44138669,590848
RP-223-0-0,LN-223-0,SYN-10223,2,2026-08-20,4975.42,497542,4975.42,497542,2026-08-20,TX-108318,0,on_time,14843211,156324
RP-223-1-0,LN-223-0,SYN-10223,3,2026-09-20,4975.42,497542,4975.42,497542,2026-10-02,TX-108332,12,late,14501993,152730
RP-223-2-0,LN-223-0,SYN-10223,4,2026-10-20,4975.42,497542,4975.42,497542,2026-11-01,TX-108343,12,late,14157181,149099
RP-224-0-0,LN-224-0,SYN-10224,2,2026-08-23,6515.83,651583,6515.83,651583,2026-10-01,TX-108355;TX-108369,39,late,7170236,97400
RP-224-1-0,LN-224-0,SYN-10224,3,2026-09-23,6515.83,651583,6515.83,651583,2026-11-01,TX-108370;TX-108382,39,late,6892067,93622
RP-224-2-0,LN-224-0,SYN-10224,4,2026-10-23,6515.83,651583,787.61,78761,2026-11-01,TX-108383,9,partial,6113661,83048
RP-225-0-0,LN-225-0,SYN-10225,2,2026-08-27,5400.37,540037,5400.37,540037,2026-08-27,TX-108396,0,on_time,15205981,211902
RP-225-1-0,LN-225-0,SYN-10225,3,2026-09-27,5400.37,540037,5400.37,540037,2026-09-27,TX-108410,0,on_time,14877846,207329
RP-225-2-0,LN-225-0,SYN-10225,4,2026-10-27,5400.37,540037,5400.37,540037,2026-11-02,TX-108422,6,late,14545138,202693
RP-226-0-0,LN-226-0,SYN-10226,2,2026-08-26,11737.81,1173781,11737.81,1173781,2026-08-26,TX-108434,0,on_time,32190359,499466
RP-226-1-0,LN-226-0,SYN-10226,3,2026-09-26,11737.81,1173781,11737.81,1173781,2026-09-29,TX-108450,3,late,31516044,489003
RP-226-2-0,LN-226-0,SYN-10226,4,2026-10-26,11737.81,1173781,11737.81,1173781,2026-11-01,TX-108461,6,late,30831266,478378
RP-227-0-0,LN-227-0,SYN-10227,2,2026-08-27,14904.88,1490488,14904.88,1490488,2026-08-27,TX-108474,0,on_time,29718714,457507
RP-227-1-0,LN-227-0,SYN-10227,3,2026-09-27,14904.88,1490488,14904.88,1490488,2026-10-06,TX-108492,9,late,28685733,441605
RP-227-2-0,LN-227-0,SYN-10227,4,2026-10-27,14904.88,1490488,14904.88,1490488,2026-11-05,TX-108501;TX-108502;TX-108506,9,late,27636850,425458
RP-228-0-0,LN-228-0,SYN-10228,2,2026-08-25,45698.44,4569844,45698.44,4569844,2026-08-25,TX-108516,0,on_time,95407340,1093782
RP-228-1-0,LN-228-0,SYN-10228,3,2026-09-25,45698.44,4569844,45698.44,4569844,2026-09-25,TX-108530,0,on_time,91931278,1053931
RP-228-2-0,LN-228-0,SYN-10228,4,2026-10-25,45698.44,4569844,45698.44,4569844,2026-10-25,TX-108541,0,on_time,88415365,1013623
RP-229-0-0,LN-229-0,SYN-10229,2,2026-08-25,16650.8,1665080,16650.8,1665080,2026-08-25,TX-108555,0,on_time,33479653,491211
RP-229-1-0,LN-229-0,SYN-10229,3,2026-09-25,16650.8,1665080,16650.8,1665080,2026-09-25,TX-108569,0,on_time,32305784,473988
RP-229-2-0,LN-229-0,SYN-10229,4,2026-10-25,16650.8,1665080,16650.8,1665080,2026-10-25,TX-108580,0,on_time,31114692,456512
RP-231-0-0,LN-231-0,SYN-10231,2,2026-08-26,70895.51,7089551,70895.51,7089551,2026-08-26,TX-108631,0,on_time,78942935,923645
RP-231-0-1,LN-231-1,SYN-10231,2,2026-08-26,85720.94,8572094,85720.94,8572094,2026-08-26,TX-108632,0,on_time,93433384,1412214
RP-231-1-0,LN-231-0,SYN-10231,3,2026-09-26,70895.51,7089551,70895.51,7089551,2026-10-02,TX-108645;TX-108646;TX-108648,6,late,72777029,851503
RP-231-1-1,LN-231-1,SYN-10231,3,2026-09-26,85720.94,8572094,85720.94,8572094,2026-10-05,TX-108652,9,late,86273504,1303995
RP-231-2-0,LN-231-0,SYN-10231,4,2026-10-26,70895.51,7089551,22893.32,2289332,2026-11-04,TX-108664,9,partial,66538981,778517
RP-231-2-1,LN-231-1,SYN-10231,4,2026-10-26,85720.94,8572094,85720.94,8572094,2026-11-01,TX-108661,6,late,79005405,1194140
RP-232-0-0,LN-232-0,SYN-10232,2,2026-08-23,19818.34,1981834,19818.34,1981834,2026-08-23,TX-108673,0,on_time,41432087,470237
RP-232-1-0,LN-232-0,SYN-10232,3,2026-09-23,19818.34,1981834,19818.34,1981834,2026-09-23,TX-108682,0,on_time,39920490,453081
RP-232-2-0,LN-232-0,SYN-10232,4,2026-10-23,19818.34,1981834,19818.34,1981834,2026-10-23,TX-108691,0,on_time,38391737,435730
RP-233-0-0,LN-233-0,SYN-10233,2,2026-08-24,10987.94,1098794,10987.94,1098794,2026-08-24,TX-108702,0,on_time,29692163,487216
RP-233-1-0,LN-233-0,SYN-10233,3,2026-09-24,10987.94,1098794,10987.94,1098794,2026-09-24,TX-108711,0,on_time,29080585,477181
RP-233-2-0,LN-233-0,SYN-10233,4,2026-10-24,10987.94,1098794,10987.94,1098794,2026-10-27,TX-108721,3,late,28458972,466981
RP-234-0-0,LN-234-0,SYN-10234,2,2026-08-26,13945.26,1394526,13945.26,1394526,2026-08-26,TX-108733,0,on_time,29865618,278350
RP-234-1-0,LN-234-0,SYN-10234,3,2026-09-26,13945.26,1394526,0,0,,,0,missed,28749442,267947
RP-234-2-0,LN-234-0,SYN-10234,4,2026-10-26,13945.26,1394526,0,0,,,0,missed,28749442,267947
RP-235-0-0,LN-235-0,SYN-10235,2,2026-08-26,23152.87,2315287,23152.87,2315287,2026-10-01,TX-108771;TX-108772;TX-108773;TX-108785,36,late,25971179,273557
RP-235-1-0,LN-235-0,SYN-10235,3,2026-09-26,23152.87,2315287,19042.86,1904286,2026-11-01,TX-108786;TX-108799,36,partial,24366253,256652
RP-235-2-0,LN-235-0,SYN-10235,4,2026-10-26,23152.87,2315287,0,0,,,0,missed,23929449,252051
RP-236-0-0,LN-236-0,SYN-10236,2,2026-08-26,14753.52,1475352,14753.52,1475352,2026-08-26,TX-108813,0,on_time,42277928,545075
RP-236-1-0,LN-236-0,SYN-10236,3,2026-09-26,14753.52,1475352,14753.52,1475352,2026-10-02,TX-108828,6,late,41347651,533081
RP-236-2-0,LN-236-0,SYN-10236,4,2026-10-26,14753.52,1475352,14753.52,1475352,2026-11-01,TX-108840,6,late,40405380,520933
RP-237-0-0,LN-237-0,SYN-10237,2,2026-08-27,4798.13,479813,4798.13,479813,2026-08-27,TX-108851,0,on_time,14365565,148308
RP-237-1-0,LN-237-0,SYN-10237,3,2026-09-27,4798.13,479813,4798.13,479813,2026-09-27,TX-108864,0,on_time,14034060,144885
RP-237-2-0,LN-237-0,SYN-10237,4,2026-10-27,4798.13,479813,4798.13,479813,2026-10-27,TX-108873,0,on_time,13699132,141428
RP-238-0-0,LN-238-0,SYN-10238,2,2026-08-23,32940.31,3294031,32940.31,3294031,2026-08-23,TX-108884,0,on_time,36662468,431649
RP-238-1-0,LN-238-0,SYN-10238,3,2026-09-23,32940.31,3294031,32940.31,3294031,2026-09-23,TX-108898,0,on_time,33800086,397948
RP-238-2-0,LN-238-0,SYN-10238,4,2026-10-23,32940.31,3294031,32940.31,3294031,2026-10-23,TX-108908,0,on_time,30904003,363851
RP-239-0-0,LN-239-0,SYN-10239,2,2026-08-27,22983.8,2298380,22983.8,2298380,2026-08-27,TX-108923,0,on_time,25549223,305843
RP-239-1-0,LN-239-0,SYN-10239,3,2026-09-27,22983.8,2298380,22983.8,2298380,2026-10-03,TX-108940,6,late,23556686,281991
RP-239-2-0,LN-239-0,SYN-10239,4,2026-10-27,22983.8,2298380,22983.8,2298380,2026-11-02,TX-108949,6,late,21540297,257854
RP-241-0-0,LN-241-0,SYN-10241,2,2026-08-28,29639.1,2963910,29639.1,2963910,2026-08-28,TX-108987,0,on_time,64068004,547424
RP-241-0-1,LN-241-1,SYN-10241,2,2026-08-28,21331.31,2133131,21331.31,2133131,2026-08-28,TX-108988,0,on_time,64332020,637016
RP-241-1-0,LN-241-0,SYN-10241,3,2026-09-28,29639.1,2963910,29639.1,2963910,2026-09-28,TX-109000,0,on_time,61651518,526776
RP-241-1-1,LN-241-1,SYN-10241,3,2026-09-28,21331.31,2133131,21331.31,2133131,2026-09-28,TX-109001,0,on_time,62835905,622201
RP-241-2-0,LN-241-0,SYN-10241,4,2026-10-28,29639.1,2963910,29639.1,2963910,2026-10-28,TX-109012,0,on_time,59214384,505952
RP-241-2-1,LN-241-1,SYN-10241,4,2026-10-28,21331.31,2133131,21331.31,2133131,2026-10-28,TX-109013,0,on_time,61324975,607240
RP-242-0-0,LN-242-0,SYN-10242,2,2026-08-25,21651.61,2165161,21651.61,2165161,2026-08-25,TX-109025,0,on_time,59749800,904652
RP-242-1-0,LN-242-0,SYN-10242,3,2026-09-25,21651.61,2165161,21651.61,2165161,2026-10-07,TX-109042,12,late,58489291,885567
RP-242-2-0,LN-242-0,SYN-10242,4,2026-10-25,21651.61,2165161,0,0,,,0,missed,57209697,866193
RP-243-0-0,LN-243-0,SYN-10243,2,2026-08-28,22697.71,2269771,22697.71,2269771,2026-08-28,TX-109065,0,on_time,68185124,690653
RP-243-1-0,LN-243-0,SYN-10243,3,2026-09-28,22697.71,2269771,22697.71,2269771,2026-09-28,TX-109077,0,on_time,66606006,674658
RP-243-2-0,LN-243-0,SYN-10243,4,2026-10-28,22697.71,2269771,22697.71,2269771,2026-10-28,TX-109088,0,on_time,65010893,658501
RP-244-0-0,LN-244-0,SYN-10244,2,2026-08-20,11018.66,1101866,11018.66,1101866,2026-08-20,TX-109098,0,on_time,32778381,350655
RP-244-1-0,LN-244-0,SYN-10244,3,2026-09-20,11018.66,1101866,11018.66,1101866,2026-09-20,TX-109107,0,on_time,32027170,342619
RP-244-2-0,LN-244-0,SYN-10244,4,2026-10-20,11018.66,1101866,11018.66,1101866,2026-10-20,TX-109116,0,on_time,31267923,334496
RP-245-0-0,LN-245-0,SYN-10245,2,2026-08-28,17117.77,1711777,17117.77,1711777,2026-08-28,TX-109132,0,on_time,47567283,700381
RP-245-1-0,LN-245-0,SYN-10245,3,2026-09-28,17117.77,1711777,17117.77,1711777,2026-09-28,TX-109141,0,on_time,46555887,685489
RP-245-2-0,LN-245-0,SYN-10245,4,2026-10-28,17117.77,1711777,17117.77,1711777,2026-10-28,TX-109150,0,on_time,45529599,670378
RP-246-0-0,LN-246-0,SYN-10246,2,2026-08-24,10335.8,1033580,10335.8,1033580,2026-08-24,TX-109161,0,on_time,20324811,337267
RP-246-1-0,LN-246-0,SYN-10246,3,2026-09-24,10335.8,1033580,10335.8,1033580,2026-11-02,TX-109177;TX-109187,39,late,19628498,325712
RP-246-2-0,LN-246-0,SYN-10246,4,2026-10-24,10335.8,1033580,10335.8,1033580,2026-11-02,TX-109188,9,late,19358159,321226
RP-247-0-0,LN-247-0,SYN-10247,2,2026-08-25,14477.33,1447733,14477.33,1447733,2026-08-25,TX-109199,0,on_time,41537658,532502
RP-247-1-0,LN-247-0,SYN-10247,3,2026-09-25,14477.33,1447733,810.87,81087,2026-10-01,TX-109212,6,partial,40622427,520769
RP-247-2-0,LN-247-0,SYN-10247,4,2026-10-25,14477.33,1447733,0,0,,,0,missed,40622427,520769
RP-248-0-0,LN-248-0,SYN-10248,2,2026-08-21,18381.96,1838196,18381.96,1838196,2026-08-21,TX-109234,0,on_time,37436504,508194
RP-248-1-0,LN-248-0,SYN-10248,3,2026-09-21,18381.96,1838196,18381.96,1838196,2026-11-05,TX-109256;TX-109269,45,late,36106502,490140
RP-248-2-0,LN-248-0,SYN-10248,4,2026-10-21,18381.96,1838196,13888.0,1388800,2026-11-05,TX-109270,15,partial,34810191,472543
RP-249-0-0,LN-249-0,SYN-10249,2,2026-08-24,17080.97,1708097,17080.97,1708097,2026-08-27,TX-109281,3,late,47373570,703004
RP-249-1-0,LN-249-0,SYN-10249,3,2026-09-24,17080.97,1708097,17080.97,1708097,2026-09-24,TX-109294,0,on_time,46368477,688089
RP-249-2-0,LN-249-0,SYN-10249,4,2026-10-24,17080.97,1708097,17080.97,1708097,2026-10-24,TX-109304,0,on_time,45348469,672952
RP-251-0-0,LN-251-0,SYN-10251,2,2026-08-25,21586.74,2158674,21586.74,2158674,2026-08-25,TX-109347,0,on_time,23464279,365030
RP-251-0-1,LN-251-1,SYN-10251,2,2026-08-25,41465.97,4146597,41465.97,4146597,2026-08-28,TX-109348;TX-109352,3,late,45476712,642328
RP-251-1-0,LN-251-0,SYN-10251,3,2026-09-25,21586.74,2158674,21586.74,2158674,2026-10-28,TX-109367;TX-109379,33,late,21670635,337126
RP-251-1-1,LN-251-1,SYN-10251,3,2026-09-25,41465.97,4146597,41465.97,4146597,2026-09-28,TX-109366,3,late,41972443,592833
RP-251-2-0,LN-251-0,SYN-10251,4,2026-10-25,21586.74,2158674,21586.74,2158674,2026-10-28,TX-109380,3,late,21170056,329339
RP-251-2-1,LN-251-1,SYN-10251,4,2026-10-25,41465.97,4146597,22774.71,2277471,2026-10-31,TX-109381;TX-109382,6,partial,38418679,542638
RP-252-0-0,LN-252-0,SYN-10252,2,2026-08-24,67257.8,6725780,67257.8,6725780,2026-08-24,TX-109392,0,on_time,76441463,646618
RP-252-1-0,LN-252-0,SYN-10252,3,2026-09-24,67257.8,6725780,67257.8,6725780,2026-09-24,TX-109405,0,on_time,70362301,595195
RP-252-2-0,LN-252-0,SYN-10252,4,2026-10-24,67257.8,6725780,67257.8,6725780,2026-10-24,TX-109414,0,on_time,64231716,543336
RP-253-0-0,LN-253-0,SYN-10253,2,2026-08-20,30319.1,3031910,30319.1,3031910,2026-08-20,TX-109425,0,on_time,59620696,989356
RP-253-1-0,LN-253-0,SYN-10253,3,2026-09-20,30319.1,3031910,30319.1,3031910,2026-09-29,TX-109439;TX-109442,9,late,57578142,955461
RP-253-2-0,LN-253-0,SYN-10253,4,2026-10-20,30319.1,3031910,30319.1,3031910,2026-10-29,TX-109450;TX-109454,9,late,55501693,921004
RP-254-0-0,LN-254-0,SYN-10254,2,2026-08-24,15206.67,1520667,15206.67,1520667,2026-08-24,TX-109464,0,on_time,17108973,172079
RP-254-1-0,LN-254-0,SYN-10254,3,2026-09-24,15206.67,1520667,15206.67,1520667,2026-10-03,TX-109476;TX-109481,9,late,15760385,158515
RP-254-2-0,LN-254-0,SYN-10254,4,2026-10-24,15206.67,1520667,15206.67,1520667,2026-11-02,TX-109490,9,late,14398233,144815
RP-255-0-0,LN-255-0,SYN-10255,2,2026-08-23,13353.53,1335353,13353.53,1335353,2026-08-23,TX-109502,0,on_time,40883352,369279
RP-255-1-0,LN-255-0,SYN-10255,3,2026-09-23,13353.53,1335353,13353.53,1335353,2026-10-02,TX-109516,9,late,39917278,360553
RP-255-2-0,LN-255-0,SYN-10255,4,2026-10-23,13353.53,1335353,13353.53,1335353,2026-11-01,TX-109527,9,late,38942478,351748
RP-256-0-0,LN-256-0,SYN-10256,2,2026-08-20,26577.49,2657749,26577.49,2657749,2026-08-29,TX-109541,9,late,57454298,490559
RP-256-1-0,LN-256-0,SYN-10256,3,2026-09-20,26577.49,2657749,26577.49,2657749,2026-09-20,TX-109546,0,on_time,55287108,472055
RP-256-2-0,LN-256-0,SYN-10256,4,2026-10-20,26577.49,2657749,26577.49,2657749,2026-10-20,TX-109556,0,on_time,53101414,453393
RP-257-0-0,LN-257-0,SYN-10257,2,2026-08-26,56782.56,5678256,56782.56,5678256,2026-08-26,TX-109573,0,on_time,63832106,650518
RP-257-1-0,LN-257-0,SYN-10257,3,2026-09-26,56782.56,5678256,56782.56,5678256,2026-09-26,TX-109583,0,on_time,58804368,599280
RP-257-2-0,LN-257-0,SYN-10257,4,2026-10-26,56782.56,5678256,56782.56,5678256,2026-11-01,TX-109593;TX-109596,6,late,53725392,547520
RP-258-0-0,LN-258-0,SYN-10258,2,2026-08-22,23828.49,2382849,23828.49,2382849,2026-08-22,TX-109607,0,on_time,49247276,606841
RP-258-1-0,LN-258-0,SYN-10258,3,2026-09-22,23828.49,2382849,23828.49,2382849,2026-10-07,TX-109626,15,late,47471268,584957
RP-258-2-0,LN-258-0,SYN-10258,4,2026-10-22,23828.49,2382849,0,0,,,0,missed,45673376,562803
RP-259-0-0,LN-259-0,SYN-10259,2,2026-08-23,44734.85,4473485,44734.85,4473485,2026-08-23,TX-109647,0,on_time,95397317,923247
RP-259-1-0,LN-259-0,SYN-10259,3,2026-09-23,44734.85,4473485,44734.85,4473485,2026-10-02,TX-109658;TX-109661,9,late,91847079,888888
RP-259-2-0,LN-259-0,SYN-10259,4,2026-10-23,44734.85,4473485,43084.93,4308493,2026-11-01,TX-109673,9,partial,88262482,854197
RP-261-0-0,LN-261-0,SYN-10261,2,2026-08-20,22570.23,2257023,22570.23,2257023,2026-08-20,TX-109714,0,on_time,62944698,913233
RP-261-0-1,LN-261-1,SYN-10261,2,2026-08-20,26691.56,2669156,26691.56,2669156,2026-08-20,TX-109715,0,on_time,29961303,312307
RP-261-1-0,LN-261-0,SYN-10261,3,2026-09-20,22570.23,2257023,22570.23,2257023,2026-09-20,TX-109729,0,on_time,61600908,893737
RP-261-1-1,LN-261-1,SYN-10261,3,2026-09-20,26691.56,2669156,26691.56,2669156,2026-09-20,TX-109730,0,on_time,27604454,287740
RP-261-2-0,LN-261-0,SYN-10261,4,2026-10-20,22570.23,2257023,22570.23,2257023,2026-10-20,TX-109740,0,on_time,60237622,873958
RP-261-2-1,LN-261-1,SYN-10261,4,2026-10-20,26691.56,2669156,26691.56,2669156,2026-10-20,TX-109741,0,on_time,25223038,262917
RP-262-0-0,LN-262-0,SYN-10262,2,2026-08-25,36276.38,3627638,36276.38,3627638,2026-08-25,TX-109756,0,on_time,77545665,734868
RP-262-1-0,LN-262-0,SYN-10262,3,2026-09-25,36276.38,3627638,36276.38,3627638,2026-09-25,TX-109769,0,on_time,74652895,707454
RP-262-2-0,LN-262-0,SYN-10262,4,2026-10-25,36276.38,3627638,36276.38,3627638,2026-10-25,TX-109778,0,on_time,71732711,679781
RP-263-0-0,LN-263-0,SYN-10263,2,2026-08-21,61929.19,6192919,61929.19,6192919,2026-08-21,TX-109792,0,on_time,68758702,836289
RP-263-1-0,LN-263-0,SYN-10263,3,2026-09-21,61929.19,6192919,61929.19,6192919,2026-10-03,TX-109810,12,late,63402072,771138
RP-263-2-0,LN-263-0,SYN-10263,4,2026-10-21,61929.19,6192919,61929.19,6192919,2026-11-02,TX-109821,12,late,57980291,705195
RP-264-0-0,LN-264-0,SYN-10264,2,2026-08-23,5727.24,572724,5727.24,572724,2026-08-23,TX-109831,0,on_time,6360203,77140
RP-264-1-0,LN-264-0,SYN-10264,3,2026-09-23,5727.24,572724,5727.24,572724,2026-09-23,TX-109843,0,on_time,5864619,71130
RP-264-2-0,LN-264-0,SYN-10264,4,2026-10-23,5727.24,572724,5727.24,572724,2026-10-23,TX-109852,0,on_time,5363025,65046
RP-265-0-0,LN-265-0,SYN-10265,2,2026-08-21,11922.13,1192213,11922.13,1192213,2026-08-21,TX-109864,0,on_time,24726164,297349
RP-265-1-0,LN-265-0,SYN-10265,3,2026-09-21,11922.13,1192213,11922.13,1192213,2026-09-21,TX-109878,0,on_time,23831300,286587
RP-265-2-0,LN-265-0,SYN-10265,4,2026-10-21,11922.13,1192213,11922.13,1192213,2026-11-05,TX-109892,15,late,22925674,275697
RP-266-0-0,LN-266-0,SYN-10266,2,2026-08-26,32601.46,3260146,32601.46,3260146,2026-08-26,TX-109903,0,on_time,64632252,1026985
RP-266-1-0,LN-266-0,SYN-10266,3,2026-09-26,32601.46,3260146,32601.46,3260146,2026-09-26,TX-109914,0,on_time,62399091,991501
RP-266-2-0,LN-266-0,SYN-10266,4,2026-10-26,32601.46,3260146,32601.46,3260146,2026-10-26,TX-109924,0,on_time,60130446,955453
RP-267-0-0,LN-267-0,SYN-10267,2,2026-08-21,21498.11,2149811,21498.11,2149811,2026-08-30,TX-109937,9,late,23688143,316839
RP-267-1-0,LN-267-0,SYN-10267,3,2026-09-21,21498.11,2149811,21498.11,2149811,2026-09-30,TX-109949,9,late,21855171,292322
RP-267-2-0,LN-267-0,SYN-10267,4,2026-10-21,21498.11,2149811,21498.11,2149811,2026-10-30,TX-109959,9,late,19997682,267477
RP-268-0-0,LN-268-0,SYN-10268,2,2026-08-20,31649.44,3164944,31649.44,3164944,2026-08-20,TX-109968,0,on_time,35555252,366062
RP-268-1-0,LN-268-0,SYN-10268,3,2026-09-20,31649.44,3164944,31649.44,3164944,2026-09-20,TX-109979,0,on_time,32756370,337246
RP-268-2-0,LN-268-0,SYN-10268,4,2026-10-20,31649.44,3164944,31649.44,3164944,2026-10-20,TX-109991,0,on_time,29928672,308133
RP-269-0-0,LN-269-0,SYN-10269,2,2026-08-22,4735.55,473555,4735.55,473555,2026-08-22,TX-110007,0,on_time,9368469,150568
RP-269-1-0,LN-269-0,SYN-10269,3,2026-09-22,4735.55,473555,4735.55,473555,2026-09-22,TX-110020,0,on_time,9045482,145377
RP-269-2-0,LN-269-0,SYN-10269,4,2026-10-22,4735.55,473555,4735.55,473555,2026-10-22,TX-110030,0,on_time,8717304,140102
RP-271-0-0,LN-271-0,SYN-10271,2,2026-08-25,17775.33,1777533,17775.33,1777533,2026-08-28,TX-110075;TX-110080,3,late,48199323,780825
RP-271-0-1,LN-271-1,SYN-10271,2,2026-08-25,63391.5,6339150,63391.5,6339150,2026-08-28,TX-110081,3,late,69460109,991144
RP-271-1-0,LN-271-0,SYN-10271,3,2026-09-25,17775.33,1777533,17775.33,1777533,2026-10-28,TX-110102,33,late,47202615,764678
RP-271-1-1,LN-271-1,SYN-10271,3,2026-09-25,63391.5,6339150,13084.55,1308455,2026-10-28,TX-110103,33,partial,64112103,914832
RP-271-2-0,LN-271-0,SYN-10271,4,2026-10-25,17775.33,1777533,0,0,,,0,missed,47202615,764678
RP-271-2-1,LN-271-1,SYN-10271,4,2026-10-25,63391.5,6339150,0,0,,,0,missed,64112103,914832
RP-272-0-0,LN-272-0,SYN-10272,2,2026-08-27,11446.45,1144645,11446.45,1144645,2026-08-27,TX-110116,0,on_time,12908000,125131
RP-272-1-0,LN-272-0,SYN-10272,3,2026-09-27,11446.45,1144645,11446.45,1144645,2026-10-30,TX-110132;TX-110144,33,late,11888486,115248
RP-272-2-0,LN-272-0,SYN-10272,4,2026-10-27,11446.45,1144645,3120.94,312094,2026-10-30,TX-110145,3,partial,11512851,111607
RP-273-0-0,LN-273-0,SYN-10273,2,2026-08-20,32995.95,3299595,32995.95,3299595,2026-08-20,TX-110155,0,on_time,36955238,398313
RP-273-1-0,LN-273-0,SYN-10273,3,2026-09-20,32995.95,3299595,32995.95,3299595,2026-09-20,TX-110170,0,on_time,34053956,367042
RP-273-2-0,LN-273-0,SYN-10273,4,2026-10-20,32995.95,3299595,32995.95,3299595,2026-10-20,TX-110181,0,on_time,31121403,335434
RP-274-0-0,LN-274-0,SYN-10274,2,2026-08-24,41830.27,4183027,41830.27,4183027,2026-09-02,TX-110198;TX-110201,9,late,82505777,1347477
RP-274-1-0,LN-274-0,SYN-10274,3,2026-09-24,41830.27,4183027,41830.27,4183027,2026-10-03,TX-110222,9,late,79670227,1301168
RP-274-2-0,LN-274-0,SYN-10274,4,2026-10-24,41830.27,4183027,41830.27,4183027,2026-11-02,TX-110232,9,late,76788368,1254101
RP-275-0-0,LN-275-0,SYN-10275,2,2026-08-20,11097.77,1109777,11097.77,1109777,2026-08-20,TX-110243,0,on_time,23155077,266675
RP-275-1-0,LN-275-0,SYN-10275,3,2026-09-20,11097.77,1109777,11097.77,1109777,2026-09-20,TX-110259,0,on_time,22311975,256965
RP-275-2-0,LN-275-0,SYN-10275,4,2026-10-20,11097.77,1109777,11097.77,1109777,2026-10-20,TX-110270,0,on_time,21459163,247143
RP-276-0-0,LN-276-0,SYN-10276,2,2026-08-25,64633.09,6463309,64633.09,6463309,2026-08-25,TX-110285,0,on_time,71181300,957833
RP-276-1-0,LN-276-0,SYN-10276,3,2026-09-25,64633.09,6463309,64633.09,6463309,2026-09-25,TX-110296,0,on_time,65675824,883750
RP-276-2-0,LN-276-0,SYN-10276,4,2026-10-25,64633.09,6463309,64633.09,6463309,2026-10-25,TX-110305,0,on_time,60096265,808670
RP-277-0-0,LN-277-0,SYN-10277,2,2026-08-24,49640.73,4964073,49640.73,4964073,2026-08-24,TX-110319,0,on_time,54680446,734126
RP-277-1-0,LN-277-0,SYN-10277,3,2026-09-24,49640.73,4964073,49640.73,4964073,2026-09-24,TX-110331,0,on_time,50450499,677336
RP-277-2-0,LN-277-0,SYN-10277,4,2026-10-24,49640.73,4964073,49640.73,4964073,2026-10-24,TX-110341,0,on_time,46163762,619783
RP-278-0-0,LN-278-0,SYN-10278,2,2026-08-21,10298.27,1029827,10298.27,1029827,2026-08-21,TX-110356,0,on_time,30403404,338727
RP-278-1-0,LN-278-0,SYN-10278,3,2026-09-21,10298.27,1029827,10298.27,1029827,2026-10-03,TX-110377,12,late,29712304,331027
RP-278-2-0,LN-278-0,SYN-10278,4,2026-10-21,10298.27,1029827,10298.27,1029827,2026-11-02,TX-110383;TX-110387,12,late,29013504,323242
RP-279-0-0,LN-279-0,SYN-10279,2,2026-08-25,18998.23,1899823,18998.23,1899823,2026-08-25,TX-110397,0,on_time,21362470,216818
RP-279-1-0,LN-279-0,SYN-10279,3,2026-09-25,18998.23,1899823,18998.23,1899823,2026-09-25,TX-110408,0,on_time,19679465,199737
RP-279-2-0,LN-279-0,SYN-10279,4,2026-10-25,18998.23,1899823,18998.23,1899823,2026-10-25,TX-110418,0,on_time,17979379,182482
RP-281-0-0,LN-281-0,SYN-10281,2,2026-08-27,20507.08,2050708,20507.08,2050708,2026-08-27,TX-110458,0,on_time,43243946,459265
RP-281-0-1,LN-281-1,SYN-10281,2,2026-08-27,23019.61,2301961,23019.61,2301961,2026-08-27,TX-110459,0,on_time,46911959,634218
RP-281-1-0,LN-281-0,SYN-10281,3,2026-09-27,20507.08,2050708,20507.08,2050708,2026-09-30,TX-110470;TX-110472,3,late,41652503,442363
RP-281-1-1,LN-281-1,SYN-10281,3,2026-09-27,23019.61,2301961,23019.61,2301961,2026-09-30,TX-110473,3,late,45244216,611672
RP-281-2-0,LN-281-0,SYN-10281,4,2026-10-27,20507.08,2050708,20507.08,2050708,2026-10-30,TX-110483,3,late,40044158,425282
RP-281-2-1,LN-281-1,SYN-10281,4,2026-10-27,23019.61,2301961,23019.61,2301961,2026-10-30,TX-110484,3,late,43553927,588820
RP-282-0-0,LN-282-0,SYN-10282,2,2026-08-28,6372.33,637233,6372.33,637233,2026-09-06,TX-110497;TX-110501,9,late,17978472,248409
RP-282-1-0,LN-282-0,SYN-10282,3,2026-09-28,6372.33,637233,0,0,,,0,missed,17589648,243036
RP-282-2-0,LN-282-0,SYN-10282,4,2026-10-28,6372.33,637233,0,0,,,0,missed,17589648,243036
RP-283-0-0,LN-283-0,SYN-10283,2,2026-08-20,11089.9,1108990,11089.9,1108990,2026-08-20,TX-110533,0,on_time,33297666,338260
RP-283-1-0,LN-283-0,SYN-10283,3,2026-09-20,11089.9,1108990,11089.9,1108990,2026-09-20,TX-110543,0,on_time,32526936,330430
RP-283-2-0,LN-283-0,SYN-10283,4,2026-10-20,11089.9,1108990,11089.9,1108990,2026-10-20,TX-110554,0,on_time,31748376,322521
RP-284-0-0,LN-284-0,SYN-10284,2,2026-08-20,11017.58,1101758,11017.58,1101758,2026-08-20,TX-110567,0,on_time,23155093,252483
RP-284-1-0,LN-284-0,SYN-10284,3,2026-09-20,11017.58,1101758,11017.58,1101758,2026-10-29,TX-110587;TX-110588;TX-110600,39,late,22305818,243223
RP-284-2-0,LN-284-0,SYN-10284,4,2026-10-20,11017.58,1101758,1749.49,174949,2026-11-01,TX-110601;TX-110602,12,partial,22305818,243223
RP-285-0-0,LN-285-0,SYN-10285,2,2026-08-21,17534.49,1753449,17534.49,1753449,2026-08-21,TX-110612,0,on_time,37511526,353033
RP-285-1-0,LN-285-0,SYN-10285,3,2026-09-21,17534.49,1753449,17534.49,1753449,2026-09-21,TX-110626,0,on_time,36111110,339854
RP-285-2-0,LN-285-0,SYN-10285,4,2026-10-21,17534.49,1753449,17534.49,1753449,2026-10-21,TX-110636,0,on_time,34697515,326550
RP-286-0-0,LN-286-0,SYN-10286,2,2026-08-20,25417.85,2541785,25417.85,2541785,2026-08-20,TX-110648,0,on_time,27992763,376720
RP-286-1-0,LN-286-0,SYN-10286,3,2026-09-20,25417.85,2541785,25417.85,2541785,2026-09-20,TX-110663,0,on_time,25827698,347583
RP-286-2-0,LN-286-0,SYN-10286,4,2026-10-20,25417.85,2541785,25417.85,2541785,2026-10-20,TX-110672,0,on_time,23633496,318054
RP-287-0-0,LN-287-0,SYN-10287,2,2026-08-22,6847.27,684727,6847.27,684727,2026-08-22,TX-110686,0,on_time,14156888,173989
RP-287-1-0,LN-287-0,SYN-10287,3,2026-09-22,6847.27,684727,6847.27,684727,2026-10-07,TX-110701;TX-110710,15,late,13646150,167712
RP-287-2-0,LN-287-0,SYN-10287,4,2026-10-22,6847.27,684727,6847.27,684727,2026-10-22,TX-110714,0,on_time,13129135,161358
RP-288-0-0,LN-288-0,SYN-10288,2,2026-08-22,17006.98,1700698,17006.98,1700698,2026-08-22,TX-110726,0,on_time,34053313,511864
RP-288-1-0,LN-288-0,SYN-10288,3,2026-09-22,17006.98,1700698,17006.98,1700698,2026-09-22,TX-110737,0,on_time,32864479,493994
RP-288-2-0,LN-288-0,SYN-10288,4,2026-10-22,17006.98,1700698,17006.98,1700698,2026-10-22,TX-110746,0,on_time,31657775,475856
RP-289-0-0,LN-289-0,SYN-10289,2,2026-08-23,8741.71,874171,8741.71,874171,2026-08-23,TX-110760,0,on_time,23909399,374850
RP-289-1-0,LN-289-0,SYN-10289,3,2026-09-23,8741.71,874171,8741.71,874171,2026-09-23,TX-110773,0,on_time,23410078,367021
RP-289-2-0,LN-289-0,SYN-10289,4,2026-10-23,8741.71,874171,8741.71,874171,2026-10-23,TX-110783,0,on_time,22902928,359070
RP-291-0-0,LN-291-0,SYN-10291,2,2026-08-21,42655.99,4265599,42655.99,4265599,2026-08-21,TX-110828,0,on_time,86704446,1191377
RP-291-0-1,LN-291-1,SYN-10291,2,2026-08-21,23179.49,2317949,23179.49,2317949,2026-08-21,TX-110829,0,on_time,63593283,985224
RP-291-1-0,LN-291-0,SYN-10291,3,2026-09-21,42655.99,4265599,42655.99,4265599,2026-09-21,TX-110843,0,on_time,83630224,1149135
RP-291-1-1,LN-291-1,SYN-10291,3,2026-09-21,23179.49,2317949,23179.49,2317949,2026-09-21,TX-110844,0,on_time,62260558,964577
RP-291-2-0,LN-291-0,SYN-10291,4,2026-10-21,42655.99,4265599,42655.99,4265599,2026-10-21,TX-110855,0,on_time,80513760,1106313
RP-291-2-1,LN-291-1,SYN-10291,4,2026-10-21,23179.49,2317949,23179.49,2317949,2026-10-21,TX-110856,0,on_time,60907186,943610
RP-292-0-0,LN-292-0,SYN-10292,2,2026-08-22,13017.6,1301760,13017.6,1301760,2026-08-22,TX-110872,0,on_time,36182046,532238
RP-292-1-0,LN-292-0,SYN-10292,3,2026-09-22,13017.6,1301760,13017.6,1301760,2026-09-22,TX-110886,0,on_time,35412524,520918
RP-292-2-0,LN-292-0,SYN-10292,4,2026-10-22,13017.6,1301760,13017.6,1301760,2026-10-22,TX-110898,0,on_time,34631682,509432
RP-293-0-0,LN-293-0,SYN-10293,2,2026-08-22,23938.18,2393818,23938.18,2393818,2026-08-22,TX-110915,0,on_time,48627401,670774
RP-293-1-0,LN-293-0,SYN-10293,3,2026-09-22,23938.18,2393818,23938.18,2393818,2026-10-07,TX-110930;TX-110931;TX-110937,15,late,46904357,647007
RP-293-2-0,LN-293-0,SYN-10293,4,2026-10-22,23938.18,2393818,23938.18,2393818,2026-10-22,TX-110944,0,on_time,45157546,622911
RP-294-0-0,LN-294-0,SYN-10294,2,2026-08-21,77185.48,7718548,77185.48,7718548,2026-08-21,TX-110958,0,on_time,86208119,967068
RP-294-1-0,LN-294-0,SYN-10294,3,2026-09-21,77185.48,7718548,77185.48,7718548,2026-11-05,TX-110978;TX-110988,45,late,79456639,891331
RP-294-2-0,LN-294-0,SYN-10294,4,2026-10-21,77185.48,7718548,25543.46,2554346,2026-11-05,TX-110989,15,partial,76627385,859593
RP-295-0-0,LN-295-0,SYN-10295,2,2026-08-26,19290.16,1929016,19290.16,1929016,2026-08-26,TX-111001,0,on_time,38048049,621375
RP-295-1-0,LN-295-0,SYN-10295,3,2026-09-26,19290.16,1929016,19290.16,1929016,2026-10-02,TX-111013;TX-111014;TX-111015,6,late,36740408,600020
RP-295-2-0,LN-295-0,SYN-10295,4,2026-10-26,19290.16,1929016,0,0,,,0,missed,35411412,578316
RP-296-0-0,LN-296-0,SYN-10296,2,2026-08-25,7703.12,770312,7703.12,770312,2026-08-25,TX-111039,0,on_time,23011952,240540
RP-296-1-0,LN-296-0,SYN-10296,3,2026-09-25,7703.12,770312,5842.28,584228,2026-10-07,TX-111056,12,partial,22482180,235002
RP-296-2-0,LN-296-0,SYN-10296,4,2026-10-25,7703.12,770312,0,0,,,0,missed,22132954,231352
RP-297-0-0,LN-297-0,SYN-10297,2,2026-08-24,23947.63,2394763,23947.63,2394763,2026-08-24,TX-111077,0,on_time,26895713,278057
RP-297-1-0,LN-297-0,SYN-10297,3,2026-09-24,23947.63,2394763,23947.63,2394763,2026-10-03,TX-111095;TX-111100,9,late,24779007,256174
RP-297-2-0,LN-297-0,SYN-10297,4,2026-10-24,23947.63,2394763,23947.63,2394763,2026-11-02,TX-111110,9,late,22640418,234064
RP-298-0-0,LN-298-0,SYN-10298,2,2026-08-23,63880.04,6388004,63880.04,6388004,2026-08-29,TX-111117;TX-111122,6,late,68977082,1146738
RP-298-1-0,LN-298-0,SYN-10298,3,2026-09-23,63880.04,6388004,63880.04,6388004,2026-09-29,TX-111138,6,late,63735816,1059603
RP-298-2-0,LN-298-0,SYN-10298,4,2026-10-23,63880.04,6388004,63880.04,6388004,2026-10-29,TX-111149,6,late,58407415,971018
RP-299-0-0,LN-299-0,SYN-10299,2,2026-08-28,11765.99,1176599,11765.99,1176599,2026-08-28,TX-111161,0,on_time,25046206,246154
RP-299-1-0,LN-299-0,SYN-10299,3,2026-09-28,11765.99,1176599,11765.99,1176599,2026-10-07,TX-111181,9,late,24115761,237010
RP-299-2-0,LN-299-0,SYN-10299,4,2026-10-28,11765.99,1176599,11765.99,1176599,2026-10-28,TX-111187,0,on_time,23176172,227775
RP-301-0-0,LN-301-0,SYN-10301,2,2026-08-20,9885.8,988580,9885.8,988580,2026-08-20,TX-111233,0,on_time,30042379,284228
RP-301-0-1,LN-301-1,SYN-10301,2,2026-08-20,24034.63,2403463,24034.63,2403463,2026-08-20,TX-111234,0,on_time,67528920,949744
RP-301-1-0,LN-301-0,SYN-10301,3,2026-09-20,9885.8,988580,9885.8,988580,2026-09-20,TX-111250,0,on_time,29338027,277565
RP-301-1-1,LN-301-1,SYN-10301,3,2026-09-20,24034.63,2403463,24034.63,2403463,2026-10-02,TX-111251;TX-111257,12,late,66075201,929298
RP-301-2-0,LN-301-0,SYN-10301,4,2026-10-20,9885.8,988580,9885.8,988580,2026-10-20,TX-111263,0,on_time,28627012,270838
RP-301-2-1,LN-301-1,SYN-10301,4,2026-10-20,24034.63,2403463,24034.63,2403463,2026-11-01,TX-111264;TX-111270,12,late,64601036,908565
RP-302-0-0,LN-302-0,SYN-10302,2,2026-08-21,17906.8,1790680,17906.8,1790680,2026-08-21,TX-111280,0,on_time,38493240,346734
RP-302-1-0,LN-302-0,SYN-10302,3,2026-09-21,17906.8,1790680,17906.8,1790680,2026-09-21,TX-111294,0,on_time,37049294,333728
RP-302-2-0,LN-302-0,SYN-10302,4,2026-10-21,17906.8,1790680,17906.8,1790680,2026-10-21,TX-111305,0,on_time,35592342,320604
RP-303-0-0,LN-303-0,SYN-10303,2,2026-08-28,6677.93,667793,6677.93,667793,2026-09-06,TX-111327,9,late,20250539,194086
RP-303-1-0,LN-303-0,SYN-10303,3,2026-09-28,6677.93,667793,6677.93,667793,2026-10-07,TX-111343,9,late,19776832,189546
RP-303-2-0,LN-303-0,SYN-10303,4,2026-10-28,6677.93,667793,6677.93,667793,2026-10-28,TX-111352,0,on_time,19298585,184962
RP-304-0-0,LN-304-0,SYN-10304,2,2026-08-24,26029.38,2602938,26029.38,2602938,2026-08-24,TX-111363,0,on_time,53231703,703736
RP-304-1-0,LN-304-0,SYN-10304,3,2026-09-24,26029.38,2602938,26029.38,2602938,2026-10-03,TX-111379,9,late,51332501,678628
RP-304-2-0,LN-304-0,SYN-10304,4,2026-10-24,26029.38,2602938,26029.38,2602938,2026-11-02,TX-111385;TX-111389,9,late,49408191,653189
RP-305-0-0,LN-305-0,SYN-10305,2,2026-08-20,19938.28,1993828,19938.28,1993828,2026-08-20,TX-111400,0,on_time,39824796,607043
RP-305-1-0,LN-305-0,SYN-10305,3,2026-09-20,19938.28,1993828,19938.28,1993828,2026-09-20,TX-111411,0,on_time,38438011,585904
RP-305-2-0,LN-305-0,SYN-10305,4,2026-10-20,19938.28,1993828,19938.28,1993828,2026-10-20,TX-111422,0,on_time,37030087,564443
RP-306-0-0,LN-306-0,SYN-10306,2,2026-08-20,47291.37,4729137,47291.37,4729137,2026-08-20,TX-111435,0,on_time,96757572,1275418
RP-306-1-0,LN-306-0,SYN-10306,3,2026-09-20,47291.37,4729137,47291.37,4729137,2026-11-04,TX-111447;TX-111454;TX-111467,45,late,93303853,1229893
RP-306-2-0,LN-306-0,SYN-10306,4,2026-10-20,47291.37,4729137,2352.45,235245,2026-11-04,TX-111468,15,partial,91412112,1204956
RP-307-0-0,LN-307-0,SYN-10307,2,2026-08-28,7636.29,763629,7636.29,763629,2026-08-28,TX-111478,0,on_time,8255818,135603
RP-307-1-0,LN-307-0,SYN-10307,3,2026-09-28,7636.29,763629,7636.29,763629,2026-10-01,TX-111489,3,late,7627792,125288
RP-307-2-0,LN-307-0,SYN-10307,4,2026-10-28,7636.29,763629,7636.29,763629,2026-11-03,TX-111497,6,late,6989451,114803
RP-308-0-0,LN-308-0,SYN-10308,2,2026-08-20,7394.68,739468,7394.68,739468,2026-08-20,TX-111504,0,on_time,22363841,217818
RP-308-1-0,LN-308-0,SYN-10308,3,2026-09-20,7394.68,739468,7394.68,739468,2026-11-01,TX-111517;TX-111533,42,late,21842191,212737
RP-308-2-0,LN-308-0,SYN-10308,4,2026-10-20,7394.68,739468,7394.68,739468,2026-11-01,TX-111534,12,late,21842191,212737
RP-309-0-0,LN-309-0,SYN-10309,2,2026-08-21,47146.57,4714657,47146.57,4714657,2026-08-21,TX-111544,0,on_time,93361877,1492654
RP-309-1-0,LN-309-0,SYN-10309,3,2026-09-21,47146.57,4714657,47146.57,4714657,2026-09-21,TX-111558,0,on_time,90139874,1441141
RP-309-2-0,LN-309-0,SYN-10309,4,2026-10-21,47146.57,4714657,47146.57,4714657,2026-10-30,TX-111568;TX-111572,9,late,86866358,1388805
RP-311-0-0,LN-311-0,SYN-10311,2,2026-08-20,17901.17,1790117,17901.17,1790117,2026-08-20,TX-111615,0,on_time,36213228,512417
RP-311-0-1,LN-311-1,SYN-10311,2,2026-08-20,17979.71,1797971,17979.71,1797971,2026-08-20,TX-111616,0,on_time,38227360,379553
RP-311-1-0,LN-311-0,SYN-10311,3,2026-09-20,17901.17,1790117,17901.17,1790117,2026-10-05,TX-111638,15,late,34935528,494338
RP-311-1-1,LN-311-1,SYN-10311,3,2026-09-20,17979.71,1797971,17979.71,1797971,2026-10-02,TX-111636,12,late,36808942,365470
RP-311-2-0,LN-311-0,SYN-10311,4,2026-10-20,17901.17,1790117,17901.17,1790117,2026-11-01,TX-111641;TX-111648,12,late,33639749,476002
RP-311-2-1,LN-311-1,SYN-10311,4,2026-10-20,17979.71,1797971,17979.71,1797971,2026-11-01,TX-111642;TX-111649,12,late,35376441,351247
RP-312-0-0,LN-312-0,SYN-10312,2,2026-08-27,26742.25,2674225,26742.25,2674225,2026-08-27,TX-111662,0,on_time,29702235,359528
RP-312-1-0,LN-312-0,SYN-10312,3,2026-09-27,26742.25,2674225,26742.25,2674225,2026-09-27,TX-111676,0,on_time,27387538,331510
RP-312-2-0,LN-312-0,SYN-10312,4,2026-10-27,26742.25,2674225,26742.25,2674225,2026-10-27,TX-111686,0,on_time,25044823,303153
RP-313-0-0,LN-313-0,SYN-10313,2,2026-08-25,7131.6,713160,7131.6,713160,2026-08-25,TX-111701,0,on_time,19450583,308263
RP-313-1-0,LN-313-0,SYN-10313,3,2026-09-25,7131.6,713160,7131.6,713160,2026-09-25,TX-111715,0,on_time,19045686,301846
RP-313-2-0,LN-313-0,SYN-10313,4,2026-10-25,7131.6,713160,7131.6,713160,2026-10-25,TX-111726,0,on_time,18634372,295327
RP-314-0-0,LN-314-0,SYN-10314,2,2026-08-22,31379.24,3137924,31379.24,3137924,2026-09-03,TX-111739;TX-111745,12,late,34465979,478540
RP-314-1-0,LN-314-0,SYN-10314,3,2026-09-22,31379.24,3137924,31379.24,3137924,2026-10-01,TX-111757,9,late,31806595,441616
RP-314-2-0,LN-314-0,SYN-10314,4,2026-10-22,31379.24,3137924,31379.24,3137924,2026-11-03,TX-111769,12,late,29110287,404179
RP-315-0-0,LN-315-0,SYN-10315,2,2026-08-20,32663.28,3266328,32663.28,3266328,2026-08-20,TX-111779,0,on_time,36566665,396660
RP-315-1-0,LN-315-0,SYN-10315,3,2026-09-20,32663.28,3266328,32663.28,3266328,2026-09-20,TX-111791,0,on_time,33696997,365531
RP-315-2-0,LN-315-0,SYN-10315,4,2026-10-20,32663.28,3266328,32663.28,3266328,2026-10-20,TX-111801,0,on_time,30796200,334064
RP-316-0-0,LN-316-0,SYN-10316,2,2026-08-26,12585.74,1258574,12585.74,1258574,2026-08-29,TX-111818,3,late,38542628,347561
RP-316-1-0,LN-316-0,SYN-10316,3,2026-09-26,12585.74,1258574,12585.74,1258574,2026-09-29,TX-111832,3,late,37631615,339346
RP-316-2-0,LN-316-0,SYN-10316,4,2026-10-26,12585.74,1258574,12585.74,1258574,2026-10-29,TX-111842;TX-111844,3,late,36712387,331057
RP-317-0-0,LN-317-0,SYN-10317,2,2026-08-23,30323.78,3032378,30323.78,3032378,2026-08-23,TX-111853,0,on_time,81770925,1352178
RP-317-1-0,LN-317-0,SYN-10317,3,2026-09-23,30323.78,3032378,30323.78,3032378,2026-09-23,TX-111862,0,on_time,80090725,1324394
RP-317-2-0,LN-317-0,SYN-10317,4,2026-10-23,30323.78,3032378,30323.78,3032378,2026-10-23,TX-111871,0,on_time,78382741,1296150
RP-318-0-0,LN-318-0,SYN-10318,2,2026-08-23,19515.92,1951592,19515.92,1951592,2026-08-23,TX-111882,0,on_time,40628929,475558
RP-318-1-0,LN-318-0,SYN-10318,3,2026-09-23,19515.92,1951592,19515.92,1951592,2026-09-29,TX-111894;TX-111899,6,late,39152895,458281
RP-318-2-0,LN-318-0,SYN-10318,4,2026-10-23,19515.92,1951592,8095.57,809557,2026-11-01,TX-111909;TX-111910,9,partial,37659584,440802
RP-319-0-0,LN-319-0,SYN-10319,2,2026-08-28,18551.21,1855121,18551.21,1855121,2026-08-28,TX-111924,0,on_time,20961380,196646
RP-319-1-0,LN-319-0,SYN-10319,3,2026-09-28,18551.21,1855121,13547.55,1354755,2026-11-03,TX-111934;TX-111939,36,partial,19302905,181087
RP-319-2-0,LN-319-0,SYN-10319,4,2026-10-28,18551.21,1855121,1677.05,167705,2026-11-03,TX-111940,6,partial,18746663,175869
RP-321-0-0,LN-321-0,SYN-10321,2,2026-08-22,14311.93,1431193,14311.93,1431193,2026-08-22,TX-111984,0,on_time,40026420,573972
RP-321-0-1,LN-321-1,SYN-10321,2,2026-08-22,4928.58,492858,4928.58,492858,2026-08-22,TX-111985,0,on_time,14573718,161013
RP-321-1-0,LN-321-0,SYN-10321,3,2026-09-22,14311.93,1431193,14311.93,1431193,2026-09-22,TX-111998,0,on_time,39169199,561680
RP-321-1-1,LN-321-1,SYN-10321,3,2026-09-22,4928.58,492858,4928.58,492858,2026-09-22,TX-111999,0,on_time,14241873,157347
RP-321-2-0,LN-321-0,SYN-10321,4,2026-10-22,14311.93,1431193,14311.93,1431193,2026-10-22,TX-112008,0,on_time,38299686,549211
RP-321-2-1,LN-321-1,SYN-10321,4,2026-10-22,4928.58,492858,4928.58,492858,2026-10-22,TX-112009,0,on_time,13906362,153640
RP-322-0-0,LN-322-0,SYN-10322,2,2026-08-21,13469.25,1346925,13469.25,1346925,2026-08-21,TX-112022,0,on_time,38644138,495476
RP-322-1-0,LN-322-0,SYN-10322,3,2026-09-21,13469.25,1346925,13469.25,1346925,2026-09-21,TX-112038,0,on_time,37792689,484559
RP-322-2-0,LN-322-0,SYN-10322,4,2026-10-21,13469.25,1346925,13469.25,1346925,2026-11-02,TX-112048;TX-112052,12,late,36930323,473502
RP-323-0-0,LN-323-0,SYN-10323,2,2026-08-26,37649.15,3764915,37649.15,3764915,2026-08-26,TX-112064,0,on_time,78764014,889292
RP-323-1-0,LN-323-0,SYN-10323,3,2026-09-26,37649.15,3764915,37649.15,3764915,2026-09-29,TX-112077;TX-112078,3,late,75888391,856824
RP-323-2-0,LN-323-0,SYN-10323,4,2026-10-26,37649.15,3764915,37649.15,3764915,2026-10-26,TX-112088,0,on_time,72980300,823990
RP-324-0-0,LN-324-0,SYN-10324,2,2026-08-20,8268.42,826842,8268.42,826842,2026-08-20,TX-112097,0,on_time,23284834,324294
RP-324-1-0,LN-324-0,SYN-10324,3,2026-09-20,8268.42,826842,8268.42,826842,2026-09-20,TX-112111,0,on_time,22782286,317295
RP-324-2-0,LN-324-0,SYN-10324,4,2026-10-20,8268.42,826842,8268.42,826842,2026-10-23,TX-112123,3,late,22272739,310198
RP-325-0-0,LN-325-0,SYN-10325,2,2026-08-25,13042.84,1304284,13042.84,1304284,2026-08-25,TX-112136,0,on_time,14737981,138165
RP-325-1-0,LN-325-0,SYN-10325,3,2026-09-25,13042.84,1304284,13042.84,1304284,2026-09-25,TX-112151,0,on_time,13571862,127233
RP-325-2-0,LN-325-0,SYN-10325,4,2026-10-25,13042.84,1304284,13042.84,1304284,2026-10-28,TX-112161,3,late,12394811,116198
RP-326-0-0,LN-326-0,SYN-10326,2,2026-08-25,7525.08,752508,7525.08,752508,2026-08-25,TX-112173,0,on_time,23186892,200899
RP-326-1-0,LN-326-0,SYN-10326,3,2026-09-25,7525.08,752508,7525.08,752508,2026-09-25,TX-112187,0,on_time,22635283,196120
RP-326-2-0,LN-326-0,SYN-10326,4,2026-10-25,7525.08,752508,7525.08,752508,2026-11-03,TX-112197;TX-112203,9,late,22078895,191299
RP-327-0-0,LN-327-0,SYN-10327,2,2026-08-21,21247.81,2124781,21247.81,2124781,2026-08-21,TX-112212,0,on_time,23631625,280952
RP-327-1-0,LN-327-0,SYN-10327,3,2026-09-21,21247.81,2124781,21247.81,2124781,2026-10-03,TX-112230,12,late,21787796,259031
RP-327-2-0,LN-327-0,SYN-10327,4,2026-10-21,21247.81,2124781,21247.81,2124781,2026-11-02,TX-112241,12,late,19922046,236850
RP-328-0-0,LN-328-0,SYN-10328,2,2026-08-27,27587.93,2758793,27587.93,2758793,2026-08-27,TX-112255,0,on_time,58992508,557405
RP-328-1-0,LN-328-0,SYN-10328,3,2026-09-27,27587.93,2758793,27587.93,2758793,2026-09-27,TX-112266,0,on_time,56791120,536605
RP-328-2-0,LN-328-0,SYN-10328,4,2026-10-27,27587.93,2758793,27587.93,2758793,2026-10-27,TX-112277,0,on_time,54568932,515608
RP-329-0-0,LN-329-0,SYN-10329,2,2026-08-22,27943.15,2794315,27943.15,2794315,2026-08-22,TX-112288,0,on_time,56936538,770527
RP-329-1-0,LN-329-0,SYN-10329,3,2026-09-22,27943.15,2794315,27943.15,2794315,2026-09-22,TX-112297,0,on_time,54912750,743139
RP-329-2-0,LN-329-0,SYN-10329,4,2026-10-22,27943.15,2794315,27943.15,2794315,2026-10-22,TX-112306,0,on_time,52861574,715380
RP-331-0-0,LN-331-0,SYN-10331,2,2026-08-22,19750.89,1975089,19750.89,1975089,2026-08-22,TX-112348,0,on_time,56368141,740344
RP-331-0-1,LN-331-1,SYN-10331,2,2026-08-22,64040.63,6404063,64040.63,6404063,2026-08-22,TX-112349,0,on_time,70011008,1024681
RP-331-1-0,LN-331-0,SYN-10331,3,2026-09-22,19750.89,1975089,19750.89,1975089,2026-10-07,TX-112363,15,late,55133396,724127
RP-331-1-1,LN-331-1,SYN-10331,3,2026-09-22,64040.63,6404063,21547.6,2154760,2026-10-07,TX-112364,15,partial,64631626,945948
RP-331-2-0,LN-331-0,SYN-10331,4,2026-10-22,19750.89,1975089,0,0,,,0,missed,53882434,707696
RP-331-2-1,LN-331-1,SYN-10331,4,2026-10-22,64040.63,6404063,0,0,,,0,missed,63422814,928256
RP-332-0-0,LN-332-0,SYN-10332,2,2026-08-22,17699.8,1769980,17699.8,1769980,2026-08-22,TX-112379,0,on_time,35516046,527345
RP-332-1-0,LN-332-0,SYN-10332,3,2026-09-22,17699.8,1769980,17699.8,1769980,2026-10-01,TX-112398,9,late,34273411,508894
RP-332-2-0,LN-332-0,SYN-10332,4,2026-10-22,17699.8,1769980,165.03,16503,2026-11-03,TX-112410,12,partial,33012325,490170
RP-333-0-0,LN-333-0,SYN-10333,2,2026-08-27,6687.86,668786,6687.86,668786,2026-08-30,TX-112426,3,late,19405683,235892
RP-333-1-0,LN-333-0,SYN-10333,3,2026-09-27,6687.86,668786,6687.86,668786,2026-09-30,TX-112441,3,late,18972789,230630
RP-333-2-0,LN-333-0,SYN-10333,4,2026-10-27,6687.86,668786,6687.86,668786,2026-10-30,TX-112455,3,late,18534633,225304
RP-334-0-0,LN-334-0,SYN-10334,2,2026-08-24,22055.86,2205586,22055.86,2205586,2026-08-24,TX-112466,0,on_time,44476872,641438
RP-334-1-0,LN-334-0,SYN-10334,3,2026-09-24,22055.86,2205586,22055.86,2205586,2026-09-24,TX-112480,0,on_time,42912724,618880
RP-334-2-0,LN-334-0,SYN-10334,4,2026-10-24,22055.86,2205586,22055.86,2205586,2026-10-24,TX-112490,0,on_time,41326018,595997
RP-335-0-0,LN-335-0,SYN-10335,2,2026-08-21,10543.61,1054361,10543.61,1054361,2026-08-21,TX-112505,0,on_time,11455381,179057
RP-335-1-0,LN-335-0,SYN-10335,3,2026-09-21,10543.61,1054361,10543.61,1054361,2026-10-03,TX-112526,12,late,10580077,165375
RP-335-2-0,LN-335-0,SYN-10335,4,2026-10-21,10543.61,1054361,10543.61,1054361,2026-11-02,TX-112537,12,late,9691091,151480
RP-336-0-0,LN-336-0,SYN-10336,2,2026-08-25,14859.54,1485954,14859.54,1485954,2026-08-25,TX-112548,0,on_time,16327252,225735
RP-336-1-0,LN-336-0,SYN-10336,3,2026-09-25,14859.54,1485954,14859.54,1485954,2026-09-25,TX-112561,0,on_time,15067033,208312
RP-336-2-0,LN-336-0,SYN-10336,4,2026-10-25,14859.54,1485954,14859.54,1485954,2026-10-25,TX-112571,0,on_time,13789391,190648
RP-337-0-0,LN-337-0,SYN-10337,2,2026-08-21,60351.3,6035130,60351.3,6035130,2026-08-21,TX-112584,0,on_time,67614926,725300
RP-337-1-0,LN-337-0,SYN-10337,3,2026-09-21,60351.3,6035130,60351.3,6035130,2026-10-06,TX-112597;TX-112599;TX-112604,15,late,62305096,668342
RP-337-2-0,LN-337-0,SYN-10337,4,2026-10-21,60351.3,6035130,60351.3,6035130,2026-11-05,TX-112609;TX-112616,15,late,56938308,610772
RP-338-0-0,LN-338-0,SYN-10338,2,2026-08-26,12430.3,1243030,12430.3,1243030,2026-08-26,TX-112625,0,on_time,24923495,371692
RP-338-1-0,LN-338-0,SYN-10338,3,2026-09-26,12430.3,1243030,12430.3,1243030,2026-09-29,TX-112638,3,late,24052157,358698
RP-338-2-0,LN-338-0,SYN-10338,4,2026-10-26,12430.3,1243030,12430.3,1243030,2026-10-29,TX-112647,3,late,23167825,345509
RP-339-0-0,LN-339-0,SYN-10339,2,2026-08-24,22092.3,2209230,22092.3,2209230,2026-08-30,TX-112659,6,late,23992966,376606
RP-339-1-0,LN-339-0,SYN-10339,3,2026-09-24,22092.3,2209230,22092.3,2209230,2026-09-30,TX-112674,6,late,22160342,347840
RP-339-2-0,LN-339-0,SYN-10339,4,2026-10-24,22092.3,2209230,22092.3,2209230,2026-10-30,TX-112682,6,late,20298952,318623
RP-341-0-0,LN-341-0,SYN-10341,2,2026-08-26,4381.62,438162,4381.62,438162,2026-08-26,TX-112728,0,on_time,12935259,144144
RP-341-0-1,LN-341-1,SYN-10341,2,2026-08-26,10372.13,1037213,10372.13,1037213,2026-08-26,TX-112729,0,on_time,31415183,303280
RP-341-1-0,LN-341-0,SYN-10341,3,2026-09-26,4381.62,438162,4381.62,438162,2026-09-26,TX-112743,0,on_time,12641241,140868
RP-341-1-1,LN-341-1,SYN-10341,3,2026-09-26,10372.13,1037213,10372.13,1037213,2026-10-02,TX-112744;TX-112745;TX-112748,6,late,30681250,296194
RP-341-2-0,LN-341-0,SYN-10341,4,2026-10-26,4381.62,438162,4381.62,438162,2026-11-01,TX-112760,6,late,12343947,137555
RP-341-2-1,LN-341-1,SYN-10341,4,2026-10-26,10372.13,1037213,7089.38,708938,2026-11-04,TX-112763,9,partial,29940231,289040
RP-342-0-0,LN-342-0,SYN-10342,2,2026-08-23,11390.18,1139018,11390.18,1139018,2026-08-23,TX-112772,0,on_time,22750074,346836
RP-342-1-0,LN-342-0,SYN-10342,3,2026-09-23,11390.18,1139018,11390.18,1139018,2026-09-23,TX-112783,0,on_time,21957892,334759
RP-342-2-0,LN-342-0,SYN-10342,4,2026-10-23,11390.18,1139018,11390.18,1139018,2026-10-23,TX-112793,0,on_time,21153633,322498
RP-343-0-0,LN-343-0,SYN-10343,2,2026-08-21,7916.21,791621,7916.21,791621,2026-08-21,TX-112806,0,on_time,23516185,253493
RP-343-1-0,LN-343-0,SYN-10343,3,2026-09-21,7916.21,791621,7916.21,791621,2026-09-24,TX-112819,3,late,22978057,247692
RP-343-2-0,LN-343-0,SYN-10343,4,2026-10-21,7916.21,791621,7916.21,791621,2026-11-02,TX-112832,12,late,22434128,241829
RP-344-0-0,LN-344-0,SYN-10344,2,2026-08-27,37765.67,3776567,37765.67,3776567,2026-08-27,TX-112843,0,on_time,74317766,1228572
RP-344-1-0,LN-344-0,SYN-10344,3,2026-09-27,37765.67,3776567,37765.67,3776567,2026-09-27,TX-112857,0,on_time,71769771,1186450
RP-344-2-0,LN-344-0,SYN-10344,4,2026-10-27,37765.67,3776567,37765.67,3776567,2026-11-02,TX-112868,6,late,69179654,1143632
RP-345-0-0,LN-345-0,SYN-10345,2,2026-08-26,13752.99,1375299,13752.99,1375299,2026-09-01,TX-112880;TX-112883,6,late,38443688,552442
RP-345-1-0,LN-345-0,SYN-10345,3,2026-09-26,13752.99,1375299,13752.99,1375299,2026-10-02,TX-112899,6,late,37620831,540618
RP-345-2-0,LN-345-0,SYN-10345,4,2026-10-26,13752.99,1375299,13752.99,1375299,2026-11-01,TX-112909,6,late,36786150,528623
RP-346-0-0,LN-346-0,SYN-10346,2,2026-08-27,10913.01,1091301,10913.01,1091301,2026-08-27,TX-112923,0,on_time,29466430,484924
RP-346-1-0,LN-346-0,SYN-10346,3,2026-09-27,10913.01,1091301,10913.01,1091301,2026-09-27,TX-112938,0,on_time,28860053,474945
RP-346-2-0,LN-346-0,SYN-10346,4,2026-10-27,10913.01,1091301,10913.01,1091301,2026-10-27,TX-112949,0,on_time,28243697,464802
RP-347-0-0,LN-347-0,SYN-10347,2,2026-08-24,12130.57,1213057,12130.57,1213057,2026-08-30,TX-112965,6,late,25984530,241734
RP-347-1-0,LN-347-0,SYN-10347,3,2026-09-24,12130.57,1213057,12130.57,1213057,2026-09-30,TX-112980,6,late,25013207,232698
RP-347-2-0,LN-347-0,SYN-10347,4,2026-10-24,12130.57,1213057,12130.57,1213057,2026-10-24,TX-112988,0,on_time,24032848,223578
RP-348-0-0,LN-348-0,SYN-10348,2,2026-08-22,11241.12,1124112,11241.12,1124112,2026-08-22,TX-113001,0,on_time,31526199,446818
RP-348-1-0,LN-348-0,SYN-10348,3,2026-09-22,11241.12,1124112,11241.12,1124112,2026-09-22,TX-113016,0,on_time,30848905,437219
RP-348-2-0,LN-348-0,SYN-10348,4,2026-10-22,11241.12,1124112,11241.12,1124112,2026-10-22,TX-113027,0,on_time,30162012,427484
RP-349-0-0,LN-349-0,SYN-10349,2,2026-08-21,71331.99,7133199,71331.99,7133199,2026-08-21,TX-113042,0,on_time,80902175,711090
RP-349-1-0,LN-349-0,SYN-10349,3,2026-09-21,71331.99,7133199,71331.99,7133199,2026-09-21,TX-113054,0,on_time,74480066,654643
RP-349-2-0,LN-349-0,SYN-10349,4,2026-10-21,71331.99,7133199,71331.99,7133199,2026-11-02,TX-113064;TX-113066;TX-113069,12,late,68001510,597699
RP-351-0-0,LN-351-0,SYN-10351,2,2026-08-21,8142.28,814228,8142.28,814228,2026-08-21,TX-113115,0,on_time,22901762,320617
RP-351-0-1,LN-351-1,SYN-10351,2,2026-08-21,22843.7,2284370,22843.7,2284370,2026-08-21,TX-113116,0,on_time,68751854,688957
RP-351-1-0,LN-351-0,SYN-10351,3,2026-09-21,8142.28,814228,8142.28,814228,2026-09-21,TX-113130,0,on_time,22408151,313707
RP-351-1-1,LN-351-1,SYN-10351,3,2026-09-21,22843.7,2284370,22843.7,2284370,2026-10-06,TX-113131;TX-113138,15,late,67156441,672969
RP-351-2-0,LN-351-0,SYN-10351,4,2026-10-21,8142.28,814228,8142.28,814228,2026-10-21,TX-113144,0,on_time,21907630,306700
RP-351-2-1,LN-351-1,SYN-10351,4,2026-10-21,22843.7,2284370,22843.7,2284370,2026-10-21,TX-113145,0,on_time,65545040,656821
RP-352-0-0,LN-352-0,SYN-10352,2,2026-08-25,34025.09,3402509,34025.09,3402509,2026-09-06,TX-113161;TX-113167,12,late,38253007,389253
RP-352-1-0,LN-352-0,SYN-10352,3,2026-09-25,34025.09,3402509,34025.09,3402509,2026-10-07,TX-113175;TX-113180,12,late,35239751,358591
RP-352-2-0,LN-352-0,SYN-10352,4,2026-10-25,34025.09,3402509,0,0,,,0,missed,32195833,327617
RP-353-0-0,LN-353-0,SYN-10353,2,2026-08-26,18524.84,1852484,18524.84,1852484,2026-08-26,TX-113202,0,on_time,20067975,323133
RP-353-1-0,LN-353-0,SYN-10353,3,2026-09-26,18524.84,1852484,18524.84,1852484,2026-10-05,TX-113217,9,late,18538624,298507
RP-353-2-0,LN-353-0,SYN-10353,4,2026-10-26,18524.84,1852484,0,0,,,0,missed,16984647,273485
RP-354-0-0,LN-354-0,SYN-10354,2,2026-08-23,35626.34,3562634,35626.34,3562634,2026-08-23,TX-113235,0,on_time,71520602,1059059
RP-354-1-0,LN-354-0,SYN-10354,3,2026-09-23,35626.34,3562634,35626.34,3562634,2026-09-23,TX-113247,0,on_time,69017027,1021987
RP-354-2-0,LN-354-0,SYN-10354,4,2026-10-23,35626.34,3562634,35626.34,3562634,2026-11-01,TX-113262,9,late,66476380,984366
RP-355-0-0,LN-355-0,SYN-10355,2,2026-08-28,5728.85,572885,5728.85,572885,2026-08-28,TX-113276,0,on_time,15480023,254057
RP-355-1-0,LN-355-0,SYN-10355,3,2026-09-28,5728.85,572885,5728.85,572885,2026-10-07,TX-113291,9,late,15161195,248824
RP-355-2-0,LN-355-0,SYN-10355,4,2026-10-28,5728.85,572885,0,0,,,0,missed,14837134,243506
RP-356-0-0,LN-356-0,SYN-10356,2,2026-08-22,53070.82,5307082,53070.82,5307082,2026-08-28,TX-113319,6,late,59630769,612259
RP-356-1-0,LN-356-0,SYN-10356,3,2026-09-22,53070.82,5307082,16178.08,1617808,2026-10-28,TX-113331;TX-113343,36,partial,54935946,564055
RP-356-2-0,LN-356-0,SYN-10356,4,2026-10-22,53070.82,5307082,0,0,,,0,missed,54535755,559946
RP-357-0-0,LN-357-0,SYN-10357,2,2026-08-25,26347.74,2634774,26347.74,2634774,2026-08-25,TX-113353,0,on_time,55778221,574004
RP-357-1-0,LN-357-0,SYN-10357,3,2026-09-25,26347.74,2634774,26347.74,2634774,2026-09-25,TX-113368,0,on_time,53717451,552797
RP-357-2-0,LN-357-0,SYN-10357,4,2026-10-25,26347.74,2634774,26347.74,2634774,2026-10-25,TX-113377,0,on_time,51635474,531372
RP-358-0-0,LN-358-0,SYN-10358,2,2026-08-20,9057.24,905724,9057.24,905724,2026-08-20,TX-113386,0,on_time,26793362,295361
RP-358-1-0,LN-358-0,SYN-10358,3,2026-09-20,9057.24,905724,9057.24,905724,2026-09-20,TX-113401,0,on_time,26182999,288633
RP-358-2-0,LN-358-0,SYN-10358,4,2026-10-20,9057.24,905724,9057.24,905724,2026-10-20,TX-113410,0,on_time,25565908,281830
RP-359-0-0,LN-359-0,SYN-10359,2,2026-08-21,50043.69,5004369,50043.69,5004369,2026-08-30,TX-113425;TX-113426;TX-113431,9,late,55027400,754265
RP-359-1-0,LN-359-0,SYN-10359,3,2026-09-21,50043.69,5004369,50043.69,5004369,2026-09-30,TX-113445,9,late,50777296,696009
RP-359-2-0,LN-359-0,SYN-10359,4,2026-10-21,50043.69,5004369,50043.69,5004369,2026-10-30,TX-113458,9,late,46468936,636954
RP-361-0-0,LN-361-0,SYN-10361,2,2026-08-21,33113.52,3311352,33113.52,3311352,2026-09-05,TX-113505;TX-113513,15,late,36921588,424143
RP-361-0-1,LN-361-1,SYN-10361,2,2026-08-21,37764.18,3776418,37764.18,3776418,2026-09-05,TX-113506;TX-113507;TX-113514,15,late,42863894,371526
RP-361-1-0,LN-361-0,SYN-10361,3,2026-09-21,33113.52,3311352,33113.52,3311352,2026-10-06,TX-113521;TX-113528,15,late,34034379,390976
RP-361-1-1,LN-361-1,SYN-10361,3,2026-09-21,37764.18,3776418,37764.18,3776418,2026-10-06,TX-113522;TX-113529,15,late,39459002,342014
RP-361-2-0,LN-361-0,SYN-10361,4,2026-10-21,33113.52,3311352,33113.52,3311352,2026-11-05,TX-113536;TX-113542,15,late,31114003,357427
RP-361-2-1,LN-361-1,SYN-10361,4,2026-10-21,37764.18,3776418,37764.18,3776418,2026-11-05,TX-113537;TX-113543,15,late,36024598,312246
RP-362-0-0,LN-362-0,SYN-10362,2,2026-08-28,18236.27,1823627,18236.27,1823627,2026-08-28,TX-113554,0,on_time,54756042,556175
RP-362-1-0,LN-362-0,SYN-10362,3,2026-09-28,18236.27,1823627,18236.27,1823627,2026-09-28,TX-113564,0,on_time,53488590,543301
RP-362-2-0,LN-362-0,SYN-10362,4,2026-10-28,18236.27,1823627,18236.27,1823627,2026-10-28,TX-113574,0,on_time,52208264,530297
RP-363-0-0,LN-363-0,SYN-10363,2,2026-08-24,23315.17,2331517,23315.17,2331517,2026-08-24,TX-113585,0,on_time,25868913,317412
RP-363-1-0,LN-363-0,SYN-10363,3,2026-09-24,23315.17,2331517,21012.1,2101210,2026-11-05,TX-113602;TX-113613,42,partial,23854808,292698
RP-363-2-0,LN-363-0,SYN-10363,4,2026-10-24,23315.17,2331517,197.26,19726,2026-11-05,TX-113614,12,partial,23107030,283523
RP-364-0-0,LN-364-0,SYN-10364,2,2026-08-25,5205.71,520571,5205.71,520571,2026-08-25,TX-113624,0,on_time,10592731,144578
RP-364-1-0,LN-364-0,SYN-10364,3,2026-09-25,5205.71,520571,5205.71,520571,2026-09-25,TX-113634,0,on_time,10216738,139447
RP-364-2-0,LN-364-0,SYN-10364,4,2026-10-25,5205.71,520571,5205.71,520571,2026-10-25,TX-113644,0,on_time,9835614,134245
RP-365-0-0,LN-365-0,SYN-10365,2,2026-08-25,15679.04,1567904,15679.04,1567904,2026-08-25,TX-113657,0,on_time,17114370,254716
RP-365-1-0,LN-365-0,SYN-10365,3,2026-09-25,15679.04,1567904,11085.6,1108560,2026-10-04,TX-113667;TX-113672,9,partial,15801182,235172
RP-365-2-0,LN-365-0,SYN-10365,4,2026-10-25,15679.04,1567904,0,0,,,0,missed,14927794,222173
RP-366-0-0,LN-366-0,SYN-10366,2,2026-08-27,13797.87,1379787,13797.87,1379787,2026-08-27,TX-113693,0,on_time,28992788,316601
RP-366-1-0,LN-366-0,SYN-10366,3,2026-09-27,13797.87,1379787,13797.87,1379787,2026-09-27,TX-113708,0,on_time,27929602,304991
RP-366-2-0,LN-366-0,SYN-10366,4,2026-10-27,13797.87,1379787,13797.87,1379787,2026-10-27,TX-113718,0,on_time,26854806,293254
RP-367-0-0,LN-367-0,SYN-10367,2,2026-08-25,45726.08,4572608,45726.08,4572608,2026-08-25,TX-113733,0,on_time,50853249,605048
RP-367-1-0,LN-367-0,SYN-10367,3,2026-09-25,45726.08,4572608,45726.08,4572608,2026-10-01,TX-113744;TX-113748,6,late,46885689,557842
RP-367-2-0,LN-367-0,SYN-10367,4,2026-10-25,45726.08,4572608,45726.08,4572608,2026-11-03,TX-113757;TX-113761,9,late,42870923,510075
RP-368-0-0,LN-368-0,SYN-10368,2,2026-08-24,25100.46,2510046,25100.46,2510046,2026-08-24,TX-113771,0,on_time,49977396,775433
RP-368-1-0,LN-368-0,SYN-10368,3,2026-09-24,25100.46,2510046,25100.46,2510046,2026-10-03,TX-113785;TX-113791,9,late,48242783,748519
RP-368-2-0,LN-368-0,SYN-10368,4,2026-10-24,25100.46,2510046,25100.46,2510046,2026-11-02,TX-113801,9,late,46481256,721188
RP-369-0-0,LN-369-0,SYN-10369,2,2026-08-27,4992.12,499212,4992.12,499212,2026-08-27,TX-113811,0,on_time,10574500,108301
RP-369-1-0,LN-369-0,SYN-10369,3,2026-09-27,4992.12,499212,4992.12,499212,2026-09-27,TX-113820,0,on_time,10183589,104298
RP-369-2-0,LN-369-0,SYN-10369,4,2026-10-27,4992.12,499212,4992.12,499212,2026-10-30,TX-113829;TX-113831,3,late,9788675,100253
RP-371-0-0,LN-371-0,SYN-10371,2,2026-08-20,19768.45,1976845,19768.45,1976845,2026-08-20,TX-113873,0,on_time,22008519,258118
RP-371-0-1,LN-371-1,SYN-10371,2,2026-08-20,46155.74,4615574,46155.74,4615574,2026-08-20,TX-113874,0,on_time,49910769,818108
RP-371-1-0,LN-371-0,SYN-10371,3,2026-09-20,19768.45,1976845,19768.45,1976845,2026-09-20,TX-113884,0,on_time,20289792,237960
RP-371-1-1,LN-371-1,SYN-10371,3,2026-09-20,46155.74,4615574,46155.74,4615574,2026-09-20,TX-113885,0,on_time,46113303,755862
RP-371-2-0,LN-371-0,SYN-10371,4,2026-10-20,19768.45,1976845,19768.45,1976845,2026-10-20,TX-113895,0,on_time,18550907,217567
RP-371-2-1,LN-371-1,SYN-10371,4,2026-10-20,46155.74,4615574,46155.74,4615574,2026-10-29,TX-113896;TX-113903,9,late,42253591,692596
RP-372-0-0,LN-372-0,SYN-10372,2,2026-08-20,4584.88,458488,4584.88,458488,2026-08-20,TX-113910,0,on_time,12885748,181001
RP-372-1-0,LN-372-0,SYN-10372,3,2026-09-20,4584.88,458488,4584.88,458488,2026-09-23,TX-113922,3,late,12608261,177103
RP-372-2-0,LN-372-0,SYN-10372,4,2026-10-20,4584.88,458488,4584.88,458488,2026-10-20,TX-113931,0,on_time,12326876,173150
RP-373-0-0,LN-373-0,SYN-10373,2,2026-08-24,77136.3,7713630,77136.3,7713630,2026-08-24,TX-113947,0,on_time,86157148,965865
RP-373-1-0,LN-373-0,SYN-10373,3,2026-09-24,77136.3,7713630,77136.3,7713630,2026-10-03,TX-113959;TX-113964,9,late,79409383,890219
RP-373-2-0,LN-373-0,SYN-10373,4,2026-10-24,77136.3,7713630,77136.3,7713630,2026-11-02,TX-113970;TX-113974,9,late,72585972,813725
RP-374-0-0,LN-374-0,SYN-10374,2,2026-08-24,10908.3,1090830,10908.3,1090830,2026-08-24,TX-113984,0,on_time,30794422,424386
RP-374-1-0,LN-374-0,SYN-10374,3,2026-09-24,10908.3,1090830,10908.3,1090830,2026-09-24,TX-113993,0,on_time,30127978,415201
RP-374-2-0,LN-374-0,SYN-10374,4,2026-10-24,10908.3,1090830,6551.44,655144,2026-11-02,TX-114006,9,partial,29452349,405890
RP-375-0-0,LN-375-0,SYN-10375,2,2026-08-28,32976.11,3297611,32976.11,3297611,2026-08-28,TX-114017,0,on_time,66813389,936468
RP-375-1-0,LN-375-0,SYN-10375,3,2026-09-28,32976.11,3297611,32976.11,3297611,2026-09-28,TX-114033,0,on_time,64452246,903373
RP-375-2-0,LN-375-0,SYN-10375,4,2026-10-28,32976.11,3297611,32976.11,3297611,2026-10-31,TX-114043,3,late,62058008,869815
RP-376-0-0,LN-376-0,SYN-10376,2,2026-08-22,10343.42,1034342,10343.42,1034342,2026-08-22,TX-114053,0,on_time,29321771,396819
RP-376-1-0,LN-376-0,SYN-10376,3,2026-09-22,10343.42,1034342,10343.42,1034342,2026-09-22,TX-114065,0,on_time,28684248,388191
RP-376-2-0,LN-376-0,SYN-10376,4,2026-10-22,10343.42,1034342,10343.42,1034342,2026-10-22,TX-114074,0,on_time,28038097,379447
RP-377-0-0,LN-377-0,SYN-10377,2,2026-08-26,18774.34,1877434,18774.34,1877434,2026-08-26,TX-114088,0,on_time,38171521,523650
RP-377-1-0,LN-377-0,SYN-10377,3,2026-09-26,18774.34,1877434,18774.34,1877434,2026-09-26,TX-114098,0,on_time,36817737,505078
RP-377-2-0,LN-377-0,SYN-10377,4,2026-10-26,18774.34,1877434,18774.34,1877434,2026-10-26,TX-114108,0,on_time,35445381,486252
RP-378-0-0,LN-378-0,SYN-10378,2,2026-08-21,18401.06,1840106,18401.06,1840106,2026-09-05,TX-114119;TX-114125,15,late,19980524,314210
RP-378-1-0,LN-378-0,SYN-10378,3,2026-09-21,18401.06,1840106,18401.06,1840106,2026-10-06,TX-114136,15,late,18454628,290214
RP-378-2-0,LN-378-0,SYN-10378,4,2026-10-21,18401.06,1840106,18401.06,1840106,2026-11-05,TX-114142,15,late,16904736,265841
RP-379-0-0,LN-379-0,SYN-10379,2,2026-08-27,50254.02,5025402,50254.02,5025402,2026-08-27,TX-114153,0,on_time,56463493,580106
RP-379-1-0,LN-379-0,SYN-10379,3,2026-09-27,50254.02,5025402,50254.02,5025402,2026-09-27,TX-114163,0,on_time,52018197,534435
RP-379-2-0,LN-379-0,SYN-10379,4,2026-10-27,50254.02,5025402,50254.02,5025402,2026-10-27,TX-114173,0,on_time,47527230,488295
RP-381-0-0,LN-381-0,SYN-10381,2,2026-08-28,50326.97,5032697,50326.97,5032697,2026-08-28,TX-114221,0,on_time,56285127,619455
RP-381-0-1,LN-381-1,SYN-10381,2,2026-08-28,13743.34,1374334,13743.34,1374334,2026-08-31,TX-114222,3,late,37288230,602733
RP-381-1-0,LN-381-0,SYN-10381,3,2026-09-28,50326.97,5032697,50326.97,5032697,2026-09-28,TX-114231,0,on_time,51871885,570885
RP-381-1-1,LN-381-1,SYN-10381,3,2026-09-28,13743.34,1374334,13743.34,1374334,2026-09-28,TX-114232,0,on_time,36516629,590261
RP-381-2-0,LN-381-0,SYN-10381,4,2026-10-28,50326.97,5032697,50326.97,5032697,2026-10-28,TX-114241,0,on_time,47410073,521779
RP-381-2-1,LN-381-1,SYN-10381,4,2026-10-28,13743.34,1374334,13743.34,1374334,2026-10-28,TX-114242,0,on_time,35732556,577587
RP-382-0-0,LN-382-0,SYN-10382,2,2026-08-28,26165.66,2616566,26165.66,2616566,2026-08-28,TX-114257,0,on_time,55054572,594952
RP-382-1-0,LN-382-0,SYN-10382,3,2026-09-28,26165.66,2616566,26165.66,2616566,2026-10-01,TX-114269;TX-114271,3,late,53032958,573105
RP-382-2-0,LN-382-0,SYN-10382,4,2026-10-28,26165.66,2616566,26165.66,2616566,2026-10-31,TX-114281;TX-114282,3,late,50989497,551022
RP-383-0-0,LN-383-0,SYN-10383,2,2026-08-23,8430.0,843000,8430.0,843000,2026-08-23,TX-114294,0,on_time,16955001,248346
RP-383-1-0,LN-383-0,SYN-10383,3,2026-09-23,8430.0,843000,8430.0,843000,2026-10-02,TX-114308;TX-114311,9,late,16360347,239635
RP-383-2-0,LN-383-0,SYN-10383,4,2026-10-23,8430.0,843000,8430.0,843000,2026-10-23,TX-114318,0,on_time,15756982,230798
RP-384-0-0,LN-384-0,SYN-10384,2,2026-08-25,39417.01,3941701,39417.01,3941701,2026-08-28,TX-114333,3,late,43294351,601128
RP-384-1-0,LN-384-0,SYN-10384,3,2026-09-25,39417.01,3941701,39417.01,3941701,2026-09-25,TX-114342,0,on_time,39953778,554745
RP-384-2-0,LN-384-0,SYN-10384,4,2026-10-25,39417.01,3941701,39417.01,3941701,2026-10-25,TX-114353,0,on_time,36566822,507718
RP-385-0-0,LN-385-0,SYN-10385,2,2026-08-21,2142.33,214233,2142.33,214233,2026-08-21,TX-114365,0,on_time,6304261,71433
RP-385-1-0,LN-385-0,SYN-10385,3,2026-09-21,2142.33,214233,2142.33,214233,2026-09-30,TX-114381,9,late,6161461,69815
RP-385-2-0,LN-385-0,SYN-10385,4,2026-10-21,2142.33,214233,2142.33,214233,2026-10-30,TX-114388;TX-114392,9,late,6017043,68179
RP-386-0-0,LN-386-0,SYN-10386,2,2026-08-26,19194.53,1919453,19194.53,1919453,2026-08-26,TX-114406,0,on_time,21620407,213543
RP-386-1-0,LN-386-0,SYN-10386,3,2026-09-26,19194.53,1919453,19194.53,1919453,2026-09-26,TX-114417,0,on_time,19914497,196694
RP-386-2-0,LN-386-0,SYN-10386,4,2026-10-26,19194.53,1919453,19194.53,1919453,2026-10-26,TX-114428,0,on_time,18191738,179678
RP-387-0-0,LN-387-0,SYN-10387,2,2026-08-20,8462.33,846233,8462.33,846233,2026-08-20,TX-114439,0,on_time,23089450,365362
RP-387-1-0,LN-387-0,SYN-10387,3,2026-09-20,8462.33,846233,8462.33,846233,2026-09-20,TX-114450,0,on_time,22608579,357753
RP-387-2-0,LN-387-0,SYN-10387,4,2026-10-20,8462.33,846233,8462.33,846233,2026-10-20,TX-114461,0,on_time,22120099,350023
RP-388-0-0,LN-388-0,SYN-10388,2,2026-08-21,18643.49,1864349,18643.49,1864349,2026-08-21,TX-114477,0,on_time,54698447,629365
RP-388-1-0,LN-388-0,SYN-10388,3,2026-09-21,18643.49,1864349,18643.49,1864349,2026-09-21,TX-114486,0,on_time,53463463,615155
RP-388-2-0,LN-388-0,SYN-10388,4,2026-10-21,18643.49,1864349,18643.49,1864349,2026-10-21,TX-114495,0,on_time,52214269,600782
RP-389-0-0,LN-389-0,SYN-10389,2,2026-08-27,7056.72,705672,7056.72,705672,2026-08-27,TX-114510,0,on_time,21747147,188231
RP-389-1-0,LN-389-0,SYN-10389,3,2026-09-27,7056.72,705672,7056.72,705672,2026-09-27,TX-114526,0,on_time,21229706,183752
RP-389-2-0,LN-389-0,SYN-10389,4,2026-10-27,7056.72,705672,7056.72,705672,2026-10-27,TX-114536,0,on_time,20707786,179235
RP-391-0-0,LN-391-0,SYN-10391,2,2026-08-25,4818.59,481859,4818.59,481859,2026-08-25,TX-114579,0,on_time,9839960,131311
RP-391-0-1,LN-391-1,SYN-10391,2,2026-08-25,9590.0,959000,9590.0,959000,2026-08-25,TX-114580,0,on_time,29307557,267788
RP-391-1-0,LN-391-0,SYN-10391,3,2026-09-25,4818.59,481859,4818.59,481859,2026-09-25,TX-114593,0,on_time,9489412,126633
RP-391-1-1,LN-391-1,SYN-10391,3,2026-09-25,9590.0,959000,9590.0,959000,2026-09-25,TX-114594,0,on_time,28616345,261472
RP-391-2-0,LN-391-0,SYN-10391,4,2026-10-25,4818.59,481859,4818.59,481859,2026-11-03,TX-114604;TX-114609,9,late,9134186,121893
RP-391-2-1,LN-391-1,SYN-10391,4,2026-10-25,9590.0,959000,9590.0,959000,2026-11-03,TX-114610,9,late,27918817,255099
RP-392-0-0,LN-392-0,SYN-10392,2,2026-08-27,24094.58,2409458,24094.58,2409458,2026-08-27,TX-114623,0,on_time,26092201,421659
RP-392-1-0,LN-392-0,SYN-10392,3,2026-09-27,24094.58,2409458,24094.58,2409458,2026-09-27,TX-114634,0,on_time,24104402,389535
RP-392-2-0,LN-392-0,SYN-10392,4,2026-10-27,24094.58,2409458,24094.58,2409458,2026-10-27,TX-114645,0,on_time,22084479,356893
RP-393-0-0,LN-393-0,SYN-10393,2,2026-08-23,21541.79,2154179,21541.79,2154179,2026-08-29,TX-114659,6,late,24324867,230669
RP-393-1-0,LN-393-0,SYN-10393,3,2026-09-23,21541.79,2154179,21541.79,2154179,2026-09-29,TX-114670,6,late,22401357,212428
RP-393-2-0,LN-393-0,SYN-10393,4,2026-10-23,21541.79,2154179,21541.79,2154179,2026-10-29,TX-114681,6,late,20459606,194015
RP-394-0-0,LN-394-0,SYN-10394,2,2026-08-27,11582.85,1158285,11582.85,1158285,2026-08-27,TX-114692,0,on_time,23092311,355724
RP-394-1-0,LN-394-0,SYN-10394,3,2026-09-27,11582.85,1158285,11582.85,1158285,2026-09-27,TX-114701,0,on_time,22289750,343361
RP-394-2-0,LN-394-0,SYN-10394,4,2026-10-27,11582.85,1158285,11582.85,1158285,2026-11-02,TX-114710;TX-114711;TX-114714,6,late,21474826,330807
RP-395-0-0,LN-395-0,SYN-10395,2,2026-08-28,23773.15,2377315,23773.15,2377315,2026-08-28,TX-114725,0,on_time,47395124,730142
RP-395-1-0,LN-395-0,SYN-10395,3,2026-09-28,23773.15,2377315,20358.61,2035861,2026-10-01,TX-114738,3,partial,45747951,704766
RP-395-2-0,LN-395-0,SYN-10395,4,2026-10-28,23773.15,2377315,0,0,,,0,missed,44416856,684260
RP-396-0-0,LN-396-0,SYN-10396,2,2026-08-28,8826.25,882625,8826.25,882625,2026-08-31,TX-114759,3,late,18282542,221798
RP-396-1-0,LN-396-0,SYN-10396,3,2026-09-28,8826.25,882625,8826.25,882625,2026-10-04,TX-114770,6,late,17621715,213781
RP-396-2-0,LN-396-0,SYN-10396,4,2026-10-28,8826.25,882625,8826.25,882625,2026-11-03,TX-114779,6,late,16952871,205667
RP-397-0-0,LN-397-0,SYN-10397,2,2026-08-23,12465.59,1246559,12465.59,1246559,2026-08-23,TX-114788,0,on_time,13871481,163744
RP-397-1-0,LN-397-0,SYN-10397,3,2026-09-23,12465.59,1246559,12465.59,1246559,2026-09-23,TX-114802,0,on_time,12788666,150962
RP-397-2-0,LN-397-0,SYN-10397,4,2026-10-23,12465.59,1246559,12465.59,1246559,2026-10-23,TX-114812,0,on_time,11693069,138029
RP-398-0-0,LN-398-0,SYN-10398,2,2026-08-27,7525.97,752597,7525.97,752597,2026-09-02,TX-114828,6,late,20256723,337259
RP-398-1-0,LN-398-0,SYN-10398,3,2026-09-27,7525.97,752597,7525.97,752597,2026-09-30,TX-114839,3,late,19841385,330344
RP-398-2-0,LN-398-0,SYN-10398,4,2026-10-27,7525.97,752597,7525.97,752597,2026-11-05,TX-114851,9,late,19419132,323314
RP-399-0-0,LN-399-0,SYN-10399,2,2026-08-25,13521.57,1352157,13521.57,1352157,2026-09-06,TX-114866,12,late,15155337,161560
RP-399-1-0,LN-399-0,SYN-10399,3,2026-09-25,13521.57,1352157,13521.57,1352157,2026-10-07,TX-114879,12,late,13964740,148868
RP-399-2-0,LN-399-0,SYN-10399,4,2026-10-25,13521.57,1352157,9875.44,987544,2026-10-25,TX-114884,0,partial,12761451,136040
RP-401-0-0,LN-401-0,SYN-10401,2,2026-08-27,9269.19,926919,9269.19,926919,2026-09-05,TX-114925;TX-114927;TX-114931,9,late,19438274,215523
RP-401-0-1,LN-401-1,SYN-10401,2,2026-08-27,30744.39,3074439,30744.39,3074439,2026-09-05,TX-114926;TX-114932,9,late,34688443,333359
RP-401-1-0,LN-401-0,SYN-10401,3,2026-09-27,9269.19,926919,9269.19,926919,2026-10-06,TX-114945,9,late,18726878,207636
RP-401-1-1,LN-401-1,SYN-10401,3,2026-09-27,30744.39,3074439,30744.39,3074439,2026-11-05,TX-114946;TX-114958,39,late,31947363,307017
RP-401-2-0,LN-401-0,SYN-10401,4,2026-10-27,9269.19,926919,9269.19,926919,2026-11-05,TX-114959,9,late,18007595,199661
RP-401-2-1,LN-401-1,SYN-10401,4,2026-10-27,30744.39,3074439,30744.39,3074439,2026-11-05,TX-114960,9,late,29240566,281004
RP-402-0-0,LN-402-0,SYN-10402,2,2026-08-21,12084.47,1208447,12084.47,1208447,2026-08-21,TX-114968,0,on_time,24116539,369415
RP-402-1-0,LN-402-0,SYN-10402,3,2026-09-21,12084.47,1208447,12084.47,1208447,2026-09-21,TX-114978,0,on_time,23277507,356563
RP-402-2-0,LN-402-0,SYN-10402,4,2026-10-21,12084.47,1208447,12084.47,1208447,2026-10-21,TX-114988,0,on_time,22425623,343514
RP-403-0-0,LN-403-0,SYN-10403,2,2026-08-20,16488.07,1648807,16488.07,1648807,2026-08-20,TX-115002,0,on_time,32565492,527998
RP-403-1-0,LN-403-0,SYN-10403,3,2026-09-20,16488.07,1648807,16488.07,1648807,2026-09-20,TX-115012,0,on_time,31444683,509826
RP-403-2-0,LN-403-0,SYN-10403,4,2026-10-20,16488.07,1648807,16488.07,1648807,2026-10-20,TX-115022,0,on_time,30305702,491359
RP-404-0-0,LN-404-0,SYN-10404,2,2026-08-23,7167.4,716740,7167.4,716740,2026-08-23,TX-115036,0,on_time,19336731,319198
RP-404-1-0,LN-404-0,SYN-10404,3,2026-09-23,7167.4,716740,7167.4,716740,2026-09-23,TX-115045,0,on_time,18939189,312636
RP-404-2-0,LN-404-0,SYN-10404,4,2026-10-23,7167.4,716740,5681.09,568109,2026-10-23,TX-115056,0,partial,18535085,305965
RP-405-0-0,LN-405-0,SYN-10405,2,2026-08-25,9478.28,947828,9478.28,947828,2026-08-31,TX-115074,6,late,19006594,283273
RP-405-1-0,LN-405-0,SYN-10405,3,2026-09-25,9478.28,947828,9478.28,947828,2026-09-28,TX-115085,3,late,18342039,273368
RP-405-2-0,LN-405-0,SYN-10405,4,2026-10-25,9478.28,947828,9478.28,947828,2026-11-03,TX-115098,9,late,17667579,263316
RP-406-0-0,LN-406-0,SYN-10406,2,2026-08-24,67872.77,6787277,67872.77,6787277,2026-08-24,TX-115109,0,on_time,75544663,889041
RP-406-1-0,LN-406-0,SYN-10406,3,2026-09-24,67872.77,6787277,67872.77,6787277,2026-09-24,TX-115120,0,on_time,69646427,819628
RP-406-2-0,LN-406-0,SYN-10406,4,2026-10-24,67872.77,6787277,67872.77,6787277,2026-11-02,TX-115131;TX-115135,9,late,63678778,749398
RP-407-0-0,LN-407-0,SYN-10407,2,2026-08-25,12408.1,1240810,12408.1,1240810,2026-08-25,TX-115145,0,on_time,26301257,267861
RP-407-1-0,LN-407-0,SYN-10407,3,2026-09-25,12408.1,1240810,12408.1,1240810,2026-09-25,TX-115155,0,on_time,25328308,257952
RP-407-2-0,LN-407-0,SYN-10407,4,2026-10-25,12408.1,1240810,12408.1,1240810,2026-10-25,TX-115165,0,on_time,24345450,247942
RP-408-0-0,LN-408-0,SYN-10408,2,2026-08-26,9076.03,907603,9076.03,907603,2026-08-29,TX-115182,3,late,27101315,283983
RP-408-1-0,LN-408-0,SYN-10408,3,2026-09-26,9076.03,907603,9076.03,907603,2026-09-29,TX-115195,3,late,26477695,277449
RP-408-2-0,LN-408-0,SYN-10408,4,2026-10-26,9076.03,907603,9076.03,907603,2026-10-29,TX-115204;TX-115206,3,late,25847541,270846
RP-409-0-0,LN-409-0,SYN-10409,2,2026-08-21,15996.91,1599691,15996.91,1599691,2026-09-02,TX-115217;TX-115218;TX-115221,12,late,32835628,423760
RP-409-1-0,LN-409-0,SYN-10409,3,2026-09-21,15996.91,1599691,15996.91,1599691,2026-10-03,TX-115231,12,late,31659697,408584
RP-409-2-0,LN-409-0,SYN-10409,4,2026-10-21,15996.91,1599691,15996.91,1599691,2026-11-02,TX-115237;TX-115240,12,late,30468590,393212
RP-411-0-0,LN-411-0,SYN-10411,2,2026-08-24,10312.85,1031285,10312.85,1031285,2026-08-27,TX-115285,3,late,29597487,378937
RP-411-0-1,LN-411-1,SYN-10411,2,2026-08-24,9244.93,924493,9244.93,924493,2026-08-24,TX-115283,0,on_time,19127082,233970
RP-411-1-0,LN-411-0,SYN-10411,3,2026-09-24,10312.85,1031285,10312.85,1031285,2026-09-24,TX-115293,0,on_time,28945139,370585
RP-411-1-1,LN-411-1,SYN-10411,3,2026-09-24,9244.93,924493,9244.93,924493,2026-09-24,TX-115294,0,on_time,18436559,225524
RP-411-2-0,LN-411-0,SYN-10411,4,2026-10-24,10312.85,1031285,10312.85,1031285,2026-10-27,TX-115305,3,late,28284439,362126
RP-411-2-1,LN-411-1,SYN-10411,4,2026-10-24,9244.93,924493,9244.93,924493,2026-10-24,TX-115303,0,on_time,17737590,216974
RP-412-0-0,LN-412-0,SYN-10412,2,2026-08-25,5482.33,548233,5482.33,548233,2026-08-25,TX-115316,0,on_time,16649298,158163
RP-412-1-0,LN-412-0,SYN-10412,3,2026-09-25,5482.33,548233,5482.33,548233,2026-09-28,TX-115330,3,late,16259228,154457
RP-412-2-0,LN-412-0,SYN-10412,4,2026-10-25,5482.33,548233,5482.33,548233,2026-10-25,TX-115338,0,on_time,15865452,150717
RP-413-0-0,LN-413-0,SYN-10413,2,2026-08-22,13863.35,1386335,13863.35,1386335,2026-08-22,TX-115351,0,on_time,37524635,611952
RP-413-1-0,LN-413-0,SYN-10413,3,2026-09-22,13863.35,1386335,13863.35,1386335,2026-09-22,TX-115360,0,on_time,36750252,599323
RP-413-2-0,LN-413-0,SYN-10413,4,2026-10-22,13863.35,1386335,13863.35,1386335,2026-10-22,TX-115369,0,on_time,35963240,586489
RP-414-0-0,LN-414-0,SYN-10414,2,2026-08-21,9871.88,987188,9871.88,987188,2026-08-21,TX-115382,0,on_time,30144128,276864
RP-414-1-0,LN-414-0,SYN-10414,3,2026-09-21,9871.88,987188,9871.88,987188,2026-09-21,TX-115394,0,on_time,29433804,270340
RP-414-2-0,LN-414-0,SYN-10414,4,2026-10-21,9871.88,987188,9871.88,987188,2026-10-21,TX-115403,0,on_time,28716956,263756
RP-415-0-0,LN-415-0,SYN-10415,2,2026-08-22,7737.9,773790,7737.9,773790,2026-08-22,TX-115419,0,on_time,20933116,342072
RP-415-1-0,LN-415-0,SYN-10415,3,2026-09-22,7737.9,773790,7737.9,773790,2026-10-01,TX-115433;TX-115434;TX-115438,9,late,20501398,335017
RP-415-2-0,LN-415-0,SYN-10415,4,2026-10-22,7737.9,773790,7737.9,773790,2026-11-03,TX-115452,12,late,20062625,327847
RP-416-0-0,LN-416-0,SYN-10416,2,2026-08-22,9731.1,973110,9731.1,973110,2026-08-22,TX-115462,0,on_time,27881024,359730
RP-416-1-0,LN-416-0,SYN-10416,3,2026-09-22,9731.1,973110,9731.1,973110,2026-09-22,TX-115473,0,on_time,27267644,351816
RP-416-2-0,LN-416-0,SYN-10416,4,2026-10-22,9731.1,973110,9731.1,973110,2026-10-22,TX-115484,0,on_time,26646350,343800
RP-417-0-0,LN-417-0,SYN-10417,2,2026-08-28,8989.16,898916,8989.16,898916,2026-08-28,TX-115501,0,on_time,17695480,292006
RP-417-1-0,LN-417-0,SYN-10417,3,2026-09-28,8989.16,898916,8989.16,898916,2026-10-01,TX-115511;TX-115513,3,late,17088570,281991
RP-417-2-0,LN-417-0,SYN-10417,4,2026-10-28,8989.16,898916,8989.16,898916,2026-11-03,TX-115522;TX-115525,6,late,16471645,271811
RP-418-0-0,LN-418-0,SYN-10418,2,2026-08-24,10272.36,1027236,10272.36,1027236,2026-08-24,TX-115536,0,on_time,28263484,432980
RP-418-1-0,LN-418-0,SYN-10418,3,2026-09-24,10272.36,1027236,10272.36,1027236,2026-09-24,TX-115550,0,on_time,27669228,423876
RP-418-2-0,LN-418-0,SYN-10418,4,2026-10-24,10272.36,1027236,10272.36,1027236,2026-11-02,TX-115562;TX-115565,9,late,27065868,414633
RP-419-0-0,LN-419-0,SYN-10419,2,2026-08-25,8259.44,825944,8259.44,825944,2026-08-28,TX-115575;TX-115579,3,late,8996823,136905
RP-419-1-0,LN-419-0,SYN-10419,3,2026-09-25,8259.44,825944,8259.44,825944,2026-10-28,TX-115588;TX-115592;TX-115603,33,late,8307784,126420
RP-419-2-0,LN-419-0,SYN-10419,4,2026-10-25,8259.44,825944,7310.08,731008,2026-10-31,TX-115604,6,partial,7665476,116646
RP-421-0-0,LN-421-0,SYN-10421,2,2026-08-20,15700.91,1570091,15700.91,1570091,2026-08-20,TX-115640,0,on_time,17660868,178291
RP-421-0-1,LN-421-1,SYN-10421,2,2026-08-20,9961.21,996121,9961.21,996121,2026-08-20,TX-115641,0,on_time,20565973,255225
RP-421-1-0,LN-421-0,SYN-10421,3,2026-09-20,15700.91,1570091,15700.91,1570091,2026-09-20,TX-115655,0,on_time,16269068,164240
RP-421-1-1,LN-421-1,SYN-10421,3,2026-09-20,9961.21,996121,9961.21,996121,2026-09-20,TX-115656,0,on_time,19825077,246031
RP-421-2-0,LN-421-0,SYN-10421,4,2026-10-20,15700.91,1570091,15700.91,1570091,2026-10-20,TX-115666,0,on_time,14863217,150048
RP-421-2-1,LN-421-1,SYN-10421,4,2026-10-20,9961.21,996121,9961.21,996121,2026-10-23,TX-115668,3,late,19074987,236722
RP-422-0-0,LN-422-0,SYN-10422,2,2026-08-25,44627.16,4462716,44627.16,4462716,2026-08-25,TX-115683,0,on_time,49617712,592477
RP-422-1-0,LN-422-0,SYN-10422,3,2026-09-25,44627.16,4462716,44627.16,4462716,2026-09-25,TX-115696,0,on_time,45747473,546263
RP-422-2-0,LN-422-0,SYN-10422,4,2026-10-25,44627.16,4462716,0,0,,,0,missed,41831020,499497
RP-423-0-0,LN-423-0,SYN-10423,2,2026-08-24,21261.32,2126132,21261.32,2126132,2026-08-24,TX-115724,0,on_time,24161955,204775
RP-423-1-0,LN-423-0,SYN-10423,3,2026-09-24,21261.32,2126132,21261.32,2126132,2026-10-06,TX-115737;TX-115743,12,late,22240598,188491
RP-423-2-0,LN-423-0,SYN-10423,4,2026-10-24,21261.32,2126132,21261.32,2126132,2026-11-05,TX-115755,12,late,20302957,172069
RP-424-0-0,LN-424-0,SYN-10424,2,2026-08-26,8939.9,893990,8939.9,893990,2026-08-26,TX-115765,0,on_time,26881053,270824
RP-424-1-0,LN-424-0,SYN-10424,3,2026-09-26,8939.9,893990,8939.9,893990,2026-09-26,TX-115777,0,on_time,26257887,264546
RP-424-2-0,LN-424-0,SYN-10424,4,2026-10-26,8939.9,893990,8939.9,893990,2026-11-01,TX-115786;TX-115787;TX-115789,6,late,25628443,258204
RP-425-0-0,LN-425-0,SYN-10425,2,2026-08-22,84066.45,8406645,84066.45,8406645,2026-08-28,TX-115799;TX-115804,6,late,94525081,959863
RP-425-1-0,LN-425-0,SYN-10425,3,2026-09-22,84066.45,8406645,84066.45,8406645,2026-09-28,TX-115813;TX-115816,6,late,87078299,884244
RP-425-2-0,LN-425-0,SYN-10425,4,2026-10-22,84066.45,8406645,35468.82,3546882,2026-10-31,TX-115828;TX-115829,9,partial,79555898,807857
RP-426-0-0,LN-426-0,SYN-10426,2,2026-08-23,5329.18,532918,5329.18,532918,2026-08-23,TX-115841,0,on_time,14821316,217482
RP-426-1-0,LN-426-0,SYN-10426,3,2026-09-23,5329.18,532918,5329.18,532918,2026-11-01,TX-115856;TX-115868,39,late,14505880,212853
RP-426-2-0,LN-426-0,SYN-10426,4,2026-10-23,5329.18,532918,5329.18,532918,2026-11-01,TX-115869,9,late,14505880,212853
RP-427-0-0,LN-427-0,SYN-10427,2,2026-08-22,11729.32,1172932,11729.32,1172932,2026-08-22,TX-115879,0,on_time,32737091,473417
RP-427-1-0,LN-427-0,SYN-10427,3,2026-09-22,11729.32,1172932,11729.32,1172932,2026-09-22,TX-115889,0,on_time,32037576,463301
RP-427-2-0,LN-427-0,SYN-10427,4,2026-10-22,11729.32,1172932,11729.32,1172932,2026-10-22,TX-115899,0,on_time,31327945,453039
RP-428-0-0,LN-428-0,SYN-10428,2,2026-08-28,30777.98,3077798,30777.98,3077798,2026-08-28,TX-115916,0,on_time,89998143,1053196
RP-428-1-0,LN-428-0,SYN-10428,3,2026-09-28,30777.98,3077798,30777.98,3077798,2026-10-01,TX-115929;TX-115931,3,late,87973541,1029503
RP-428-2-0,LN-428-0,SYN-10428,4,2026-10-28,30777.98,3077798,30777.98,3077798,2026-11-03,TX-115945,6,late,85925246,1005533
RP-429-0-0,LN-429-0,SYN-10429,2,2026-08-27,3535.51,353551,3535.51,353551,2026-08-27,TX-115956,0,on_time,7515835,74720
RP-429-1-0,LN-429-0,SYN-10429,3,2026-09-27,3535.51,353551,3535.51,353551,2026-09-27,TX-115969,0,on_time,7237004,71948
RP-429-2-0,LN-429-0,SYN-10429,4,2026-10-27,3535.51,353551,3535.51,353551,2026-11-02,TX-115980,6,late,6955401,69148
RP-431-0-0,LN-431-0,SYN-10431,2,2026-08-21,38143.39,3814339,38143.39,3814339,2026-08-30,TX-116022,9,late,42792728,449741
RP-431-0-1,LN-431-1,SYN-10431,2,2026-08-21,15064.16,1506416,15064.16,1506416,2026-08-27,TX-116020,6,late,30092572,458405
RP-431-1-0,LN-431-0,SYN-10431,3,2026-09-21,38143.39,3814339,38143.39,3814339,2026-09-30,TX-116036,9,late,39428130,414380
RP-431-1-1,LN-431-1,SYN-10431,3,2026-09-21,15064.16,1506416,15064.16,1506416,2026-10-30,TX-116037;TX-116050,39,late,29044561,442441
RP-431-2-0,LN-431-0,SYN-10431,4,2026-10-21,38143.39,3814339,14023.46,1402346,2026-11-02,TX-116053,12,partial,36028171,378647
RP-431-2-1,LN-431-1,SYN-10431,4,2026-10-21,15064.16,1506416,15064.16,1506416,2026-10-30,TX-116051,9,late,28786565,438511
RP-432-0-0,LN-432-0,SYN-10432,2,2026-08-27,5612.14,561214,5612.14,561214,2026-09-02,TX-116065;TX-116066;TX-116068,6,late,16429546,191148
RP-432-1-0,LN-432-0,SYN-10432,3,2026-09-27,5612.14,561214,5612.14,561214,2026-10-03,TX-116081,6,late,16059480,186843
RP-432-2-0,LN-432-0,SYN-10432,4,2026-10-27,5612.14,561214,5612.14,561214,2026-11-05,TX-116091,9,late,15685109,182487
RP-433-0-0,LN-433-0,SYN-10433,2,2026-08-24,12228.57,1222857,12228.57,1222857,2026-08-24,TX-116100,0,on_time,26162926,246032
RP-433-1-0,LN-433-0,SYN-10433,3,2026-09-24,12228.57,1222857,12228.57,1222857,2026-09-24,TX-116111,0,on_time,25186101,236846
RP-433-2-0,LN-433-0,SYN-10433,4,2026-10-24,12228.57,1222857,12228.57,1222857,2026-10-24,TX-116122,0,on_time,24200090,227574
RP-434-0-0,LN-434-0,SYN-10434,2,2026-08-24,4616.28,461628,4616.28,461628,2026-09-08,TX-116142,15,late,14276907,120664
RP-434-1-0,LN-434-0,SYN-10434,3,2026-09-24,4616.28,461628,4616.28,461628,2026-10-06,TX-116147;TX-116153,12,late,13935943,117782
RP-434-2-0,LN-434-0,SYN-10434,4,2026-10-24,4616.28,461628,4616.28,461628,2026-10-24,TX-116158,0,on_time,13592097,114876
RP-435-0-0,LN-435-0,SYN-10435,2,2026-08-25,25942.05,2594205,25942.05,2594205,2026-08-25,TX-116172,0,on_time,53972153,634695
RP-435-1-0,LN-435-0,SYN-10435,3,2026-09-25,25942.05,2594205,25942.05,2594205,2026-10-01,TX-116189,6,late,52012643,611651
RP-435-2-0,LN-435-0,SYN-10435,4,2026-10-25,25942.05,2594205,25942.05,2594205,2026-11-03,TX-116197;TX-116202,9,late,50030089,588337
RP-436-0-0,LN-436-0,SYN-10436,2,2026-08-24,42001.6,4200160,42001.6,4200160,2026-08-24,TX-116211,0,on_time,47642050,417908
RP-436-1-0,LN-436-0,SYN-10436,3,2026-09-24,42001.6,4200160,42001.6,4200160,2026-09-24,TX-116220,0,on_time,43859798,384731
RP-436-2-0,LN-436-0,SYN-10436,4,2026-10-24,42001.6,4200160,42001.6,4200160,2026-10-24,TX-116229,0,on_time,40044369,351263
RP-437-0-0,LN-437-0,SYN-10437,2,2026-08-28,38975.91,3897591,38975.91,3897591,2026-08-28,TX-116242,0,on_time,43494712,493839
RP-437-1-0,LN-437-0,SYN-10437,3,2026-09-28,38975.91,3897591,38975.91,3897591,2026-10-01,TX-116256,3,late,40090960,455193
RP-437-2-0,LN-437-0,SYN-10437,4,2026-10-28,38975.91,3897591,38975.91,3897591,2026-11-03,TX-116268,6,late,36648562,416108
RP-438-0-0,LN-438-0,SYN-10438,2,2026-08-24,53379.21,5337921,53379.21,5337921,2026-08-24,TX-116278,0,on_time,57834407,929847
RP-438-1-0,LN-438-0,SYN-10438,3,2026-09-24,53379.21,5337921,53379.21,5337921,2026-10-03,TX-116289;TX-116293,9,late,53426333,858975
RP-438-2-0,LN-438-0,SYN-10438,4,2026-10-24,53379.21,5337921,53379.21,5337921,2026-11-02,TX-116299;TX-116302,9,late,48947387,786964
RP-439-0-0,LN-439-0,SYN-10439,2,2026-08-25,17816.93,1781693,17816.93,1781693,2026-08-25,TX-116314,0,on_time,51967590,615829
RP-439-1-0,LN-439-0,SYN-10439,3,2026-09-25,17816.93,1781693,17816.93,1781693,2026-09-25,TX-116325,0,on_time,50801726,602013
RP-439-2-0,LN-439-0,SYN-10439,4,2026-10-25,17816.93,1781693,17816.93,1781693,2026-10-25,TX-116336,0,on_time,49622046,588034
RP-441-0-0,LN-441-0,SYN-10441,2,2026-08-25,10400.56,1040056,10400.56,1040056,2026-08-25,TX-116376,0,on_time,21140677,290483
RP-441-0-1,LN-441-1,SYN-10441,2,2026-08-25,13727.51,1372751,13727.51,1372751,2026-08-25,TX-116377,0,on_time,27357810,422313
RP-441-1-0,LN-441-0,SYN-10441,3,2026-09-25,10400.56,1040056,10400.56,1040056,2026-09-25,TX-116390,0,on_time,20391104,280184
RP-441-1-1,LN-441-1,SYN-10441,3,2026-09-25,13727.51,1372751,13727.51,1372751,2026-09-25,TX-116391,0,on_time,26407372,407642
RP-441-2-0,LN-441-0,SYN-10441,4,2026-10-25,10400.56,1040056,10400.56,1040056,2026-10-25,TX-116400,0,on_time,19631232,269743
RP-441-2-1,LN-441-1,SYN-10441,4,2026-10-25,13727.51,1372751,13727.51,1372751,2026-10-28,TX-116401;TX-116404,3,late,25442263,392744
RP-442-0-0,LN-442-0,SYN-10442,2,2026-08-23,4437.91,443791,4437.91,443791,2026-08-23,TX-116414,0,on_time,13588916,122641
RP-442-1-0,LN-442-0,SYN-10442,3,2026-09-23,4437.91,443791,4437.91,443791,2026-09-23,TX-116423,0,on_time,13267766,119743
RP-442-2-0,LN-442-0,SYN-10442,4,2026-10-23,4437.91,443791,4437.91,443791,2026-10-23,TX-116432,0,on_time,12943718,116818
RP-443-0-0,LN-443-0,SYN-10443,2,2026-08-20,15032.92,1503292,15032.92,1503292,2026-08-20,TX-116442,0,on_time,42209914,595283
RP-443-1-0,LN-443-0,SYN-10443,3,2026-09-20,15032.92,1503292,15032.92,1503292,2026-09-20,TX-116453,0,on_time,41301905,582477
RP-443-2-0,LN-443-0,SYN-10443,4,2026-10-20,15032.92,1503292,15032.92,1503292,2026-11-01,TX-116462;TX-116468,12,late,40381090,569491
RP-444-0-0,LN-444-0,SYN-10444,2,2026-08-27,13550.43,1355043,13550.43,1355043,2026-08-27,TX-116481,0,on_time,37620658,555939
RP-444-1-0,LN-444-0,SYN-10444,3,2026-09-27,13550.43,1355043,13550.43,1355043,2026-09-27,TX-116492,0,on_time,36821554,544131
RP-444-2-0,LN-444-0,SYN-10444,4,2026-10-27,13550.43,1355043,13550.43,1355043,2026-10-27,TX-116503,0,on_time,36010642,532147
RP-445-0-0,LN-445-0,SYN-10445,2,2026-08-22,21035.27,2103527,21035.27,2103527,2026-08-22,TX-116515,0,on_time,57318324,911600
RP-445-1-0,LN-445-0,SYN-10445,3,2026-09-22,21035.27,2103527,21035.27,2103527,2026-09-22,TX-116525,0,on_time,56126397,892644
RP-445-2-0,LN-445-0,SYN-10445,4,2026-10-22,21035.27,2103527,21035.27,2103527,2026-10-22,TX-116535,0,on_time,54915514,873385
RP-446-0-0,LN-446-0,SYN-10446,2,2026-08-27,72658.08,7265808,72658.08,7265808,2026-08-27,TX-116551,0,on_time,80035173,1074439
RP-446-1-0,LN-446-0,SYN-10446,3,2026-09-27,72658.08,7265808,72658.08,7265808,2026-09-27,TX-116564,0,on_time,73843804,991322
RP-446-2-0,LN-446-0,SYN-10446,4,2026-10-27,72658.08,7265808,72658.08,7265808,2026-10-27,TX-116575,0,on_time,67569318,907090
RP-447-0-0,LN-447-0,SYN-10447,2,2026-08-20,7490.66,749066,7490.66,749066,2026-08-29,TX-116590,9,late,8401177,88695
RP-447-1-0,LN-447-0,SYN-10447,3,2026-09-20,7490.66,749066,7490.66,749066,2026-09-29,TX-116602,9,late,7740806,81724
RP-447-2-0,LN-447-0,SYN-10447,4,2026-10-20,7490.66,749066,7490.66,749066,2026-10-29,TX-116614,9,late,7073464,74678
RP-448-0-0,LN-448-0,SYN-10448,2,2026-08-27,8368.08,836808,8368.08,836808,2026-08-30,TX-116626,3,late,17315892,211566
RP-448-1-0,LN-448-0,SYN-10448,3,2026-09-27,8368.08,836808,8368.08,836808,2026-10-06,TX-116639,9,late,16690650,203926
RP-448-2-0,LN-448-0,SYN-10448,4,2026-10-27,8368.08,836808,8368.08,836808,2026-10-30,TX-116648,3,late,16057768,196194
RP-449-0-0,LN-449-0,SYN-10449,2,2026-08-25,20919.84,2091984,20919.84,2091984,2026-08-25,TX-116659,0,on_time,41870973,630846
RP-449-1-0,LN-449-0,SYN-10449,3,2026-09-25,20919.84,2091984,20919.84,2091984,2026-09-25,TX-116671,0,on_time,40409835,608831
RP-449-2-0,LN-449-0,SYN-10449,4,2026-10-25,20919.84,2091984,12341.59,1234159,2026-10-25,TX-116681,0,partial,38926682,586486
RP-451-0-0,LN-451-0,SYN-10451,2,2026-08-21,17957.94,1795794,17957.94,1795794,2026-08-21,TX-116730,0,on_time,20271570,193249
RP-451-0-1,LN-451-1,SYN-10451,2,2026-08-21,62358.37,6235837,62358.37,6235837,2026-08-21,TX-116731,0,on_time,69795265,759512
RP-451-1-0,LN-451-0,SYN-10451,3,2026-09-21,17957.94,1795794,17957.94,1795794,2026-09-21,TX-116743,0,on_time,18669025,177972
RP-451-1-1,LN-451-1,SYN-10451,3,2026-09-21,62358.37,6235837,62358.37,6235837,2026-10-03,TX-116744;TX-116751,12,late,64318940,699919
RP-451-2-0,LN-451-0,SYN-10451,4,2026-10-21,17957.94,1795794,17957.94,1795794,2026-11-02,TX-116756;TX-116762,12,late,17051203,162549
RP-451-2-1,LN-451-1,SYN-10451,4,2026-10-21,62358.37,6235837,62358.37,6235837,2026-11-02,TX-116763,12,late,58783022,639677
RP-452-0-0,LN-452-0,SYN-10452,2,2026-08-20,20712.96,2071296,20712.96,2071296,2026-08-20,TX-116772,0,on_time,61205187,678694
RP-452-1-0,LN-452-0,SYN-10452,3,2026-09-20,20712.96,2071296,20712.96,2071296,2026-09-20,TX-116781,0,on_time,59812585,663252
RP-452-2-0,LN-452-0,SYN-10452,4,2026-10-20,20712.96,2071296,20712.96,2071296,2026-10-20,TX-116790,0,on_time,58404541,647638
RP-453-0-0,LN-453-0,SYN-10453,2,2026-08-24,29591.77,2959177,29591.77,2959177,2026-08-24,TX-116804,0,on_time,81041112,1264228
RP-453-1-0,LN-453-0,SYN-10453,3,2026-09-24,29591.77,2959177,29591.77,2959177,2026-09-24,TX-116817,0,on_time,79346163,1237787
RP-453-2-0,LN-453-0,SYN-10453,4,2026-10-24,29591.77,2959177,29591.77,2959177,2026-10-24,TX-116828,0,on_time,77624773,1210934
RP-454-0-0,LN-454-0,SYN-10454,2,2026-08-27,6556.72,655672,6556.72,655672,2026-08-27,TX-116845,0,on_time,18276374,265717
RP-454-1-0,LN-454-0,SYN-10454,3,2026-09-27,6556.72,655672,6556.72,655672,2026-09-27,TX-116855,0,on_time,17886419,260048
RP-454-2-0,LN-454-0,SYN-10454,4,2026-10-27,6556.72,655672,6556.72,655672,2026-10-27,TX-116865,0,on_time,17490795,254296
RP-455-0-0,LN-455-0,SYN-10455,2,2026-08-20,70115.24,7011524,70115.24,7011524,2026-08-20,TX-116876,0,on_time,78562309,841415
RP-455-1-0,LN-455-0,SYN-10455,3,2026-09-20,70115.24,7011524,70115.24,7011524,2026-10-02,TX-116887;TX-116889;TX-116893,12,late,72392200,775333
RP-455-2-0,LN-455-0,SYN-10455,4,2026-10-20,70115.24,7011524,70115.24,7011524,2026-11-01,TX-116900;TX-116905,12,late,66156009,708542
RP-456-0-0,LN-456-0,SYN-10456,2,2026-08-25,13463.61,1346361,13463.61,1346361,2026-08-25,TX-116916,0,on_time,39800349,440381
RP-456-1-0,LN-456-0,SYN-10456,3,2026-09-25,13463.61,1346361,13463.61,1346361,2026-09-25,TX-116927,0,on_time,38894369,430356
RP-456-2-0,LN-456-0,SYN-10456,4,2026-10-25,13463.61,1346361,13463.61,1346361,2026-11-03,TX-116936;TX-116941,9,late,37978364,420221
RP-457-0-0,LN-457-0,SYN-10457,2,2026-08-26,8308.36,830836,8308.36,830836,2026-08-29,TX-116953,3,late,16389372,267496
RP-457-1-0,LN-457-0,SYN-10457,3,2026-09-26,8308.36,830836,8308.36,830836,2026-09-26,TX-116963,0,on_time,15826032,258302
RP-457-2-0,LN-457-0,SYN-10457,4,2026-10-26,8308.36,830836,8308.36,830836,2026-10-26,TX-116974,0,on_time,15253498,248957
RP-458-0-0,LN-458-0,SYN-10458,2,2026-08-28,17983.34,1798334,17983.34,1798334,2026-08-28,TX-116989,0,on_time,20439680,172770
RP-458-1-0,LN-458-0,SYN-10458,3,2026-09-28,17983.34,1798334,17983.34,1798334,2026-10-01,TX-117001,3,late,18814116,159029
RP-458-2-0,LN-458-0,SYN-10458,4,2026-10-28,17983.34,1798334,12738.99,1273899,2026-10-28,TX-117011,0,partial,17174811,145173
RP-459-0-0,LN-459-0,SYN-10459,2,2026-08-26,19292.45,1929245,19292.45,1929245,2026-08-26,TX-117024,0,on_time,57222461,621975
RP-459-1-0,LN-459-0,SYN-10459,3,2026-09-26,19292.45,1929245,19292.45,1929245,2026-10-02,TX-117035;TX-117037;TX-117039,6,late,55915191,607766
RP-459-2-0,LN-459-0,SYN-10459,4,2026-10-26,19292.45,1929245,19292.45,1929245,2026-11-01,TX-117048;TX-117051,6,late,54593712,593402
RP-461-0-0,LN-461-0,SYN-10461,2,2026-08-21,28440.76,2844076,28440.76,2844076,2026-08-21,TX-117090,0,on_time,57648336,805948
RP-461-0-1,LN-461-1,SYN-10461,2,2026-08-21,23654.96,2365496,23654.96,2365496,2026-08-21,TX-117091,0,on_time,68582732,836927
RP-461-1-0,LN-461-0,SYN-10461,3,2026-09-21,28440.76,2844076,28440.76,2844076,2026-09-21,TX-117102,0,on_time,55610208,777454
RP-461-1-1,LN-461-1,SYN-10461,3,2026-09-21,23654.96,2365496,23654.96,2365496,2026-09-21,TX-117103,0,on_time,67054163,818273
RP-461-2-0,LN-461-0,SYN-10461,4,2026-10-21,28440.76,2844076,28440.76,2844076,2026-10-21,TX-117114,0,on_time,53543586,748562
RP-461-2-1,LN-461-1,SYN-10461,4,2026-10-21,23654.96,2365496,23654.96,2365496,2026-11-02,TX-117115;TX-117121,12,late,65506940,799392
RP-462-0-0,LN-462-0,SYN-10462,2,2026-08-25,10349.73,1034973,10349.73,1034973,2026-08-25,TX-117131,0,on_time,31305024,304660
RP-462-1-0,LN-462-0,SYN-10462,3,2026-09-25,10349.73,1034973,10349.73,1034973,2026-09-25,TX-117140,0,on_time,30574711,297553
RP-462-2-0,LN-462-0,SYN-10462,4,2026-10-25,10349.73,1034973,10349.73,1034973,2026-10-25,TX-117149,0,on_time,29837291,290377
RP-463-0-0,LN-463-0,SYN-10463,2,2026-08-20,8478.94,847894,8478.94,847894,2026-09-01,TX-117159;TX-117164,12,late,16670764,276860
RP-463-1-0,LN-463-0,SYN-10463,3,2026-09-20,8478.94,847894,8478.94,847894,2026-09-20,TX-117170,0,on_time,16099730,267376
RP-463-2-0,LN-463-0,SYN-10463,4,2026-10-20,8478.94,847894,8478.94,847894,2026-10-20,TX-117179,0,on_time,15519212,257735
RP-464-0-0,LN-464-0,SYN-10464,2,2026-08-21,33728.77,3372877,33728.77,3372877,2026-08-21,TX-117192,0,on_time,36927868,531709
RP-464-1-0,LN-464-0,SYN-10464,3,2026-09-21,33728.77,3372877,33728.77,3372877,2026-09-21,TX-117201,0,on_time,34086700,490800
RP-464-2-0,LN-464-0,SYN-10464,4,2026-10-21,33728.77,3372877,33728.77,3372877,2026-10-21,TX-117210,0,on_time,31204623,449302
RP-465-0-0,LN-465-0,SYN-10465,2,2026-08-20,27656.81,2765681,27656.81,2765681,2026-08-20,TX-117222,0,on_time,78807411,1042399
RP-465-1-0,LN-465-0,SYN-10465,3,2026-09-20,27656.81,2765681,27656.81,2765681,2026-09-23,TX-117234,3,late,77084129,1019605
RP-465-2-0,LN-465-0,SYN-10465,4,2026-10-20,27656.81,2765681,27656.81,2765681,2026-10-20,TX-117242,0,on_time,75338053,996509
RP-466-0-0,LN-466-0,SYN-10466,2,2026-08-28,20976.57,2097657,20976.57,2097657,2026-08-28,TX-117257,0,on_time,42595952,588885
RP-466-1-0,LN-466-0,SYN-10466,3,2026-09-28,20976.57,2097657,20976.57,2097657,2026-09-28,TX-117266,0,on_time,41087180,568027
RP-466-2-0,LN-466-0,SYN-10466,4,2026-10-28,20976.57,2097657,20976.57,2097657,2026-10-28,TX-117275,0,on_time,39557550,546880
RP-467-0-0,LN-467-0,SYN-10467,2,2026-08-26,17750.73,1775073,17750.73,1775073,2026-08-26,TX-117288,0,on_time,54276782,494231
RP-467-1-0,LN-467-0,SYN-10467,3,2026-09-26,17750.73,1775073,17750.73,1775073,2026-09-26,TX-117300,0,on_time,52995940,482568
RP-467-2-0,LN-467-0,SYN-10467,4,2026-10-26,17750.73,1775073,17750.73,1775073,2026-10-26,TX-117310,0,on_time,51703435,470799
RP-468-0-0,LN-468-0,SYN-10468,2,2026-08-26,14508.94,1450894,14508.94,1450894,2026-09-01,TX-117323;TX-117324;TX-117326,6,late,30057170,364338
RP-468-1-0,LN-468-0,SYN-10468,3,2026-09-26,14508.94,1450894,14508.94,1450894,2026-10-02,TX-117339,6,late,28970614,351167
RP-468-2-0,LN-468-0,SYN-10468,4,2026-10-26,14508.94,1450894,14508.94,1450894,2026-11-01,TX-117352,6,late,27870887,337837
RP-469-0-0,LN-469-0,SYN-10469,2,2026-08-21,18623.59,1862359,18623.59,1862359,2026-08-21,TX-117363,0,on_time,39919852,369126
RP-469-1-0,LN-469-0,SYN-10469,3,2026-09-21,18623.59,1862359,18623.59,1862359,2026-10-03,TX-117375;TX-117380,12,late,38426619,355318
RP-469-2-0,LN-469-0,SYN-10469,4,2026-10-21,18623.59,1862359,18623.59,1862359,2026-11-02,TX-117386;TX-117390,12,late,36919578,341383
RP-471-0-0,LN-471-0,SYN-10471,2,2026-08-22,18844.49,1884449,18844.49,1884449,2026-08-22,TX-117427,0,on_time,52982673,743003
RP-471-0-1,LN-471-1,SYN-10471,2,2026-08-22,5536.5,553650,5536.5,553650,2026-08-22,TX-117428,0,on_time,14927419,246979
RP-471-1-0,LN-471-0,SYN-10471,3,2026-09-22,18844.49,1884449,18844.49,1884449,2026-09-22,TX-117444,0,on_time,51841227,726995
RP-471-1-1,LN-471-1,SYN-10471,3,2026-09-22,5536.5,553650,5536.5,553650,2026-09-22,TX-117445,0,on_time,14620748,241905
RP-471-2-0,LN-471-0,SYN-10471,4,2026-10-22,18844.49,1884449,18844.49,1884449,2026-10-22,TX-117456,0,on_time,50683773,710764
RP-471-2-1,LN-471-1,SYN-10471,4,2026-10-22,5536.5,553650,5536.5,553650,2026-10-22,TX-117457,0,on_time,14309003,236747
RP-472-0-0,LN-472-0,SYN-10472,2,2026-08-28,37489.74,3748974,37489.74,3748974,2026-08-28,TX-117473,0,on_time,41334035,548833
RP-472-1-0,LN-472-0,SYN-10472,3,2026-09-28,37489.74,3748974,37489.74,3748974,2026-09-28,TX-117486,0,on_time,38133894,506342
RP-472-2-0,LN-472-0,SYN-10472,4,2026-10-28,37489.74,3748974,37489.74,3748974,2026-10-28,TX-117497,0,on_time,34891262,463286
RP-473-0-0,LN-473-0,SYN-10473,2,2026-08-21,10831.38,1083138,10831.38,1083138,2026-08-21,TX-117506,0,on_time,29353871,476519
RP-473-1-0,LN-473-0,SYN-10473,3,2026-09-21,10831.38,1083138,10831.38,1083138,2026-09-21,TX-117517,0,on_time,28747252,466671
RP-473-2-0,LN-473-0,SYN-10473,4,2026-10-21,10831.38,1083138,10831.38,1083138,2026-10-21,TX-117526,0,on_time,28130785,456663
RP-474-0-0,LN-474-0,SYN-10474,2,2026-08-26,46511.27,4651127,46511.27,4651127,2026-08-26,TX-117541,0,on_time,52546472,494147
RP-474-1-0,LN-474-0,SYN-10474,3,2026-09-26,46511.27,4651127,46511.27,4651127,2026-10-02,TX-117555;TX-117556;TX-117558,6,late,48389492,455055
RP-474-2-0,LN-474-0,SYN-10474,4,2026-10-26,46511.27,4651127,46511.27,4651127,2026-11-01,TX-117566;TX-117567;TX-117569,6,late,44193420,415595
RP-475-0-0,LN-475-0,SYN-10475,2,2026-08-21,8851.35,885135,8851.35,885135,2026-09-02,TX-117585,12,late,26592414,269213
RP-475-1-0,LN-475-0,SYN-10475,3,2026-09-21,8851.35,885135,8851.35,885135,2026-09-30,TX-117593;TX-117597,9,late,25976492,262977
RP-475-2-0,LN-475-0,SYN-10475,4,2026-10-21,8851.35,885135,8851.35,885135,2026-10-24,TX-117605,3,late,25354334,256679
RP-476-0-0,LN-476-0,SYN-10476,2,2026-08-27,9416.28,941628,9416.28,941628,2026-08-30,TX-117621,3,late,19055690,269039
RP-476-1-0,LN-476-0,SYN-10476,3,2026-09-27,9416.28,941628,9416.28,941628,2026-09-27,TX-117634,0,on_time,18383101,259543
RP-476-2-0,LN-476-0,SYN-10476,4,2026-10-27,9416.28,941628,9416.28,941628,2026-10-27,TX-117644,0,on_time,17701016,249913
RP-477-0-0,LN-477-0,SYN-10477,2,2026-08-27,17967.11,1796711,17967.11,1796711,2026-08-27,TX-117657,0,on_time,37244584,449477
RP-477-1-0,LN-477-0,SYN-10477,3,2026-09-27,17967.11,1796711,17967.11,1796711,2026-09-27,TX-117669,0,on_time,35897350,433218
RP-477-2-0,LN-477-0,SYN-10477,4,2026-10-27,17967.11,1796711,17967.11,1796711,2026-10-27,TX-117679,0,on_time,34533857,416763
RP-478-0-0,LN-478-0,SYN-10478,2,2026-08-23,12161.22,1216122,12161.22,1216122,2026-08-23,TX-117691,0,on_time,24618586,346896
RP-478-1-0,LN-478-0,SYN-10478,3,2026-09-23,12161.22,1216122,12161.22,1216122,2026-09-23,TX-117701,0,on_time,23749360,334648
RP-478-2-0,LN-478-0,SYN-10478,4,2026-10-23,12161.22,1216122,12161.22,1216122,2026-10-23,TX-117711,0,on_time,22867886,322228
RP-479-0-0,LN-479-0,SYN-10479,2,2026-08-26,10960.69,1096069,10960.69,1096069,2026-08-26,TX-117726,0,on_time,32500914,353797
RP-479-1-0,LN-479-0,SYN-10479,3,2026-09-26,10960.69,1096069,10960.69,1096069,2026-09-26,TX-117735,0,on_time,31758642,345717
RP-479-2-0,LN-479-0,SYN-10479,4,2026-10-26,10960.69,1096069,0,0,,,0,missed,31008290,337548
RP-481-0-0,LN-481-0,SYN-10481,2,2026-08-23,13275.64,1327564,13275.64,1327564,2026-08-23,TX-117789,0,on_time,36746712,549676
RP-481-0-1,LN-481-1,SYN-10481,2,2026-08-23,63448.53,6344853,63448.53,6344853,2026-09-01,TX-117790;TX-117792;TX-117794,9,late,71088215,762036
RP-481-1-0,LN-481-0,SYN-10481,3,2026-09-23,13275.64,1327564,13275.64,1327564,2026-10-02,TX-117802;TX-117807,9,late,35968824,538040
RP-481-1-1,LN-481-1,SYN-10481,3,2026-09-23,63448.53,6344853,63448.53,6344853,2026-10-02,TX-117803;TX-117808,9,late,65505398,702191
RP-481-2-0,LN-481-0,SYN-10481,4,2026-10-23,13275.64,1327564,13275.64,1327564,2026-11-01,TX-117819,9,late,35179300,526230
RP-481-2-1,LN-481-1,SYN-10481,4,2026-10-23,63448.53,6344853,63448.53,6344853,2026-11-01,TX-117820,9,late,59862736,641704
RP-482-0-0,LN-482-0,SYN-10482,2,2026-08-26,28919.29,2891929,28919.29,2891929,2026-09-01,TX-117831;TX-117833,6,late,62253117,553487
RP-482-1-0,LN-482-0,SYN-10482,3,2026-09-26,28919.29,2891929,28919.29,2891929,2026-10-02,TX-117844,6,late,59914675,532696
RP-482-2-0,LN-482-0,SYN-10482,4,2026-10-26,28919.29,2891929,28919.29,2891929,2026-11-01,TX-117853,6,late,57555442,511721
RP-483-0-0,LN-483-0,SYN-10483,2,2026-08-22,15057.37,1505737,15057.37,1505737,2026-08-22,TX-117863,0,on_time,31565703,350905
RP-483-1-0,LN-483-0,SYN-10483,3,2026-09-22,15057.37,1505737,15057.37,1505737,2026-09-22,TX-117876,0,on_time,30410871,338068
RP-483-2-0,LN-483-0,SYN-10483,4,2026-10-22,15057.37,1505737,15057.37,1505737,2026-10-25,TX-117887,3,late,29243202,325087
RP-484-0-0,LN-484-0,SYN-10484,2,2026-08-23,13780.43,1378043,13780.43,1378043,2026-08-29,TX-117903,6,late,38219971,567149
RP-484-1-0,LN-484-0,SYN-10484,3,2026-09-23,13780.43,1378043,13780.43,1378043,2026-09-29,TX-117915,6,late,37409077,555116
RP-484-2-0,LN-484-0,SYN-10484,4,2026-10-23,13780.43,1378043,13780.43,1378043,2026-10-29,TX-117928,6,late,36586150,542905
RP-485-0-0,LN-485-0,SYN-10485,2,2026-08-24,11521.02,1152102,11521.02,1152102,2026-09-02,TX-117940;TX-117944,9,late,12635769,178410
RP-485-1-0,LN-485-0,SYN-10485,3,2026-09-24,11521.02,1152102,11521.02,1152102,2026-10-03,TX-117955,9,late,11662077,164662
RP-485-2-0,LN-485-0,SYN-10485,4,2026-10-24,11521.02,1152102,11521.02,1152102,2026-11-02,TX-117964,9,late,10674637,150720
RP-486-0-0,LN-486-0,SYN-10486,2,2026-08-24,29295.37,2929537,29295.37,2929537,2026-08-24,TX-117973,0,on_time,32033276,467755
RP-486-1-0,LN-486-0,SYN-10486,3,2026-09-24,29295.37,2929537,29295.37,2929537,2026-09-24,TX-117984,0,on_time,29571494,431808
RP-486-2-0,LN-486-0,SYN-10486,4,2026-10-24,29295.37,2929537,29295.37,2929537,2026-10-24,TX-117993,0,on_time,27073765,395336
RP-487-0-0,LN-487-0,SYN-10487,2,2026-08-22,28304.81,2830481,28304.81,2830481,2026-08-28,TX-118007,6,late,56554864,860440
RP-487-1-0,LN-487-0,SYN-10487,3,2026-09-22,28304.81,2830481,28304.81,2830481,2026-10-01,TX-118017,9,late,54584823,830467
RP-487-2-0,LN-487-0,SYN-10487,4,2026-10-22,28304.81,2830481,28304.81,2830481,2026-10-28,TX-118025,6,late,52584809,800038
RP-488-0-0,LN-488-0,SYN-10488,2,2026-08-26,37041.96,3704196,37041.96,3704196,2026-09-01,TX-118040,6,late,41002271,518532
RP-488-1-0,LN-488-0,SYN-10488,3,2026-09-26,37041.96,3704196,37041.96,3704196,2026-09-29,TX-118050,3,late,37816607,478245
RP-488-2-0,LN-488-0,SYN-10488,4,2026-10-26,37041.96,3704196,37041.96,3704196,2026-11-04,TX-118063,9,late,34590656,437448
RP-489-0-0,LN-489-0,SYN-10489,2,2026-08-20,11999.61,1199961,11999.61,1199961,2026-08-20,TX-118069,0,on_time,23991017,363712
RP-489-1-0,LN-489-0,SYN-10489,3,2026-09-20,11999.61,1199961,11999.61,1199961,2026-09-20,TX-118078,0,on_time,23154768,351034
RP-489-2-0,LN-489-0,SYN-10489,4,2026-10-20,11999.61,1199961,11999.61,1199961,2026-10-20,TX-118087,0,on_time,22305841,338164
RP-491-0-0,LN-491-0,SYN-10491,2,2026-08-28,13744.61,1374461,13744.61,1374461,2026-09-03,TX-118138,6,late,29634848,259510
RP-491-0-1,LN-491-1,SYN-10491,2,2026-08-28,18120.94,1812094,18120.94,1812094,2026-08-31,TX-118135,3,late,37194563,480089
RP-491-1-0,LN-491-0,SYN-10491,3,2026-09-28,13744.61,1374461,13744.61,1374461,2026-10-07,TX-118149,9,late,28519897,249746
RP-491-1-1,LN-491-1,SYN-10491,3,2026-09-28,18120.94,1812094,18120.94,1812094,2026-10-07,TX-118150,9,late,35862558,462896
RP-491-2-0,LN-491-0,SYN-10491,4,2026-10-28,13744.61,1374461,13744.61,1374461,2026-11-03,TX-118157,6,late,27395182,239897
RP-491-2-1,LN-491-1,SYN-10491,4,2026-10-28,18120.94,1812094,18120.94,1812094,2026-11-03,TX-118158,6,late,34513360,445481
RP-492-0-0,LN-492-0,SYN-10492,2,2026-08-23,24965.18,2496518,24965.18,2496518,2026-08-29,TX-118167;TX-118170,6,late,75646266,728455
RP-492-1-0,LN-492-0,SYN-10492,3,2026-09-23,24965.18,2496518,24965.18,2496518,2026-09-29,TX-118182,6,late,73878203,711429
RP-492-2-0,LN-492-0,SYN-10492,4,2026-10-23,24965.18,2496518,24965.18,2496518,2026-10-29,TX-118192,6,late,72093114,694239
RP-493-0-0,LN-493-0,SYN-10493,2,2026-08-22,12512.17,1251217,12512.17,1251217,2026-08-22,TX-118202,0,on_time,35073843,498116
RP-493-1-0,LN-493-0,SYN-10493,3,2026-09-22,12512.17,1251217,12512.17,1251217,2026-09-22,TX-118211,0,on_time,34320742,487420
RP-493-2-0,LN-493-0,SYN-10493,4,2026-10-22,12512.17,1251217,12512.17,1251217,2026-10-22,TX-118220,0,on_time,33556945,476573
RP-494-0-0,LN-494-0,SYN-10494,2,2026-08-23,11635.78,1163578,11635.78,1163578,2026-08-29,TX-118231;TX-118235,6,late,12951702,152311
RP-494-1-0,LN-494-0,SYN-10494,3,2026-09-23,11635.78,1163578,11635.78,1163578,2026-09-23,TX-118241,0,on_time,11940435,140419
RP-494-2-0,LN-494-0,SYN-10494,4,2026-10-23,11635.78,1163578,11635.78,1163578,2026-10-23,TX-118250,0,on_time,10917276,128386
RP-495-0-0,LN-495-0,SYN-10495,2,2026-08-20,5623.19,562319,5623.19,562319,2026-08-20,TX-118262,0,on_time,11623312,143086
RP-495-1-0,LN-495-0,SYN-10495,3,2026-09-20,5623.19,562319,5623.19,562319,2026-09-20,TX-118272,0,on_time,11204079,137925
RP-495-2-0,LN-495-0,SYN-10495,4,2026-10-20,5623.19,562319,5623.19,562319,2026-10-20,TX-118282,0,on_time,10779685,132701
RP-496-0-0,LN-496-0,SYN-10496,2,2026-08-23,8265.24,826524,8265.24,826524,2026-08-23,TX-118297,0,on_time,25392224,224328
RP-496-1-0,LN-496-0,SYN-10496,3,2026-09-23,8265.24,826524,8265.24,826524,2026-10-02,TX-118314,9,late,24790028,219008
RP-496-2-0,LN-496-0,SYN-10496,4,2026-10-23,8265.24,826524,8265.24,826524,2026-11-01,TX-118321;TX-118325,9,late,24182512,213640
RP-497-0-0,LN-497-0,SYN-10497,2,2026-08-21,59671.58,5967158,59671.58,5967158,2026-09-02,TX-118336;TX-118340,12,late,64683239,1034926
RP-497-1-0,LN-497-0,SYN-10497,3,2026-09-21,59671.58,5967158,59671.58,5967158,2026-10-03,TX-118355,12,late,59751007,956011
RP-497-2-0,LN-497-0,SYN-10497,4,2026-10-21,59671.58,5967158,59671.58,5967158,2026-11-02,TX-118366,12,late,54739860,875833
RP-498-0-0,LN-498-0,SYN-10498,2,2026-08-28,24182.17,2418217,24182.17,2418217,2026-08-28,TX-118379,0,on_time,51705724,488899
RP-498-1-0,LN-498-0,SYN-10498,3,2026-09-28,24182.17,2418217,24182.17,2418217,2026-10-01,TX-118393,3,late,49776406,470657
RP-498-2-0,LN-498-0,SYN-10498,4,2026-10-28,24182.17,2418217,24182.17,2418217,2026-11-03,TX-118406,6,late,47828846,452242
RP-499-0-0,LN-499-0,SYN-10499,2,2026-08-20,25043.66,2504366,25043.66,2504366,2026-08-20,TX-118415,0,on_time,27337376,406689
RP-499-1-0,LN-499-0,SYN-10499,3,2026-09-20,25043.66,2504366,25043.66,2504366,2026-09-20,TX-118424,0,on_time,25239699,375483
RP-499-2-0,LN-499-0,SYN-10499,4,2026-10-20,25043.66,2504366,25043.66,2504366,2026-10-20,TX-118433,0,on_time,23110816,343812
RP-501-0-0,LN-501-0,SYN-10501,2,2026-08-28,14331.31,1433131,14331.31,1433131,2026-08-28,TX-118479,0,on_time,30986036,264140
RP-501-0-1,LN-501-1,SYN-10501,2,2026-08-28,14034.92,1403492,14034.92,1403492,2026-08-28,TX-118480,0,on_time,28923249,363471
RP-501-1-0,LN-501-0,SYN-10501,3,2026-09-28,14331.31,1433131,14331.31,1433131,2026-09-28,TX-118493,0,on_time,29817045,254175
RP-501-1-1,LN-501-1,SYN-10501,3,2026-09-28,14034.92,1403492,14034.92,1403492,2026-09-28,TX-118494,0,on_time,27883228,350402
RP-501-2-0,LN-501-0,SYN-10501,4,2026-10-28,14331.31,1433131,14331.31,1433131,2026-10-31,TX-118507,3,late,28638089,244125
RP-501-2-1,LN-501-1,SYN-10501,4,2026-10-28,14034.92,1403492,14034.92,1403492,2026-10-28,TX-118506,0,on_time,26830138,337168
RP-502-0-0,LN-502-0,SYN-10502,2,2026-08-20,17644.6,1764460,17644.6,1764460,2026-08-20,TX-118516,0,on_time,37661803,361588
RP-502-1-0,LN-502-0,SYN-10502,3,2026-09-20,17644.6,1764460,17644.6,1764460,2026-10-05,TX-118538,15,late,36258931,348119
RP-502-2-0,LN-502-0,SYN-10502,4,2026-10-20,17644.6,1764460,17644.6,1764460,2026-10-20,TX-118542,0,on_time,34842590,334521
RP-503-0-0,LN-503-0,SYN-10503,2,2026-08-20,41718.66,4171866,41718.66,4171866,2026-09-01,TX-118563,12,late,46630989,517445
RP-503-1-0,LN-503-0,SYN-10503,3,2026-09-20,41718.66,4171866,41718.66,4171866,2026-10-02,TX-118573,12,late,42976568,476893
RP-503-2-0,LN-503-0,SYN-10503,4,2026-10-20,41718.66,4171866,41718.66,4171866,2026-11-01,TX-118580;TX-118582,12,late,39281595,435891
RP-504-0-0,LN-504-0,SYN-10504,2,2026-08-21,11905.39,1190539,11905.39,1190539,2026-08-30,TX-118592;TX-118595,9,late,32699743,504364
RP-504-1-0,LN-504-0,SYN-10504,3,2026-09-21,11905.39,1190539,11905.39,1190539,2026-09-30,TX-118605,9,late,32013568,493780
RP-504-2-0,LN-504-0,SYN-10504,4,2026-10-21,11905.39,1190539,11905.39,1190539,2026-10-30,TX-118615,9,late,31316809,483033
RP-505-0-0,LN-505-0,SYN-10505,2,2026-08-28,14567.49,1456749,14567.49,1456749,2026-08-28,TX-118627,0,on_time,42952554,481738
RP-505-1-0,LN-505-0,SYN-10505,3,2026-09-28,14567.49,1456749,14567.49,1456749,2026-09-28,TX-118638,0,on_time,41977543,470803
RP-505-2-0,LN-505-0,SYN-10505,4,2026-10-28,14567.49,1456749,14567.49,1456749,2026-10-28,TX-118648,0,on_time,40991597,459745
RP-506-0-0,LN-506-0,SYN-10506,2,2026-08-25,15230.36,1523036,15230.36,1523036,2026-08-28,TX-118661,3,late,30388380,466031
RP-506-1-0,LN-506-0,SYN-10506,3,2026-09-25,15230.36,1523036,15230.36,1523036,2026-09-28,TX-118673,3,late,29331375,449821
RP-506-2-0,LN-506-0,SYN-10506,4,2026-10-25,15230.36,1523036,15230.36,1523036,2026-10-28,TX-118684,3,late,28258160,433362
RP-507-0-0,LN-507-0,SYN-10507,2,2026-08-27,34675.67,3467567,34675.67,3467567,2026-08-27,TX-118695,0,on_time,38097195,527275
RP-507-1-0,LN-507-0,SYN-10507,3,2026-09-27,34675.67,3467567,34675.67,3467567,2026-09-27,TX-118704,0,on_time,35156903,486580
RP-507-2-0,LN-507-0,SYN-10507,4,2026-10-27,34675.67,3467567,34675.67,3467567,2026-10-27,TX-118713,0,on_time,32175916,445323
RP-508-0-0,LN-508-0,SYN-10508,2,2026-08-21,23347.83,2334783,23347.83,2334783,2026-08-21,TX-118723,0,on_time,70847400,676357
RP-508-1-0,LN-508-0,SYN-10508,3,2026-09-21,23347.83,2334783,23347.83,2334783,2026-09-21,TX-118732,0,on_time,69188974,660524
RP-508-2-0,LN-508-0,SYN-10508,4,2026-10-21,23347.83,2334783,23347.83,2334783,2026-10-21,TX-118741,0,on_time,67514715,644540
RP-509-0-0,LN-509-0,SYN-10509,2,2026-08-25,13610.18,1361018,13610.18,1361018,2026-09-03,TX-118755;TX-118758,9,late,15187875,172484
RP-509-1-0,LN-509-0,SYN-10509,3,2026-09-25,13610.18,1361018,13610.18,1361018,2026-10-01,TX-118769,6,late,13999341,158986
RP-509-2-0,LN-509-0,SYN-10509,4,2026-10-25,13610.18,1361018,13610.18,1361018,2026-11-03,TX-118779,9,late,12797309,145335
RP-511-0-0,LN-511-0,SYN-10511,2,2026-08-20,16158.44,1615844,16158.44,1615844,2026-08-20,TX-118812,0,on_time,33245170,422394
RP-511-0-1,LN-511-1,SYN-10511,2,2026-08-20,8947.67,894767,8947.67,894767,2026-08-20,TX-118813,0,on_time,18176491,250695
RP-511-1-0,LN-511-0,SYN-10511,3,2026-09-20,16158.44,1615844,16158.44,1615844,2026-09-29,TX-118831,9,late,32051720,407230
RP-511-1-1,LN-511-1,SYN-10511,3,2026-09-20,8947.67,894767,8947.67,894767,2026-09-29,TX-118832,9,late,17532419,241812
RP-511-2-0,LN-511-0,SYN-10511,4,2026-10-20,16158.44,1615844,16158.44,1615844,2026-10-29,TX-118839;TX-118845,9,late,30843106,391875
RP-511-2-1,LN-511-1,SYN-10511,4,2026-10-20,8947.67,894767,8947.67,894767,2026-10-29,TX-118846,9,late,16879464,232806
RP-512-0-0,LN-512-0,SYN-10512,2,2026-08-22,15493.8,1549380,15493.8,1549380,2026-08-22,TX-118857,0,on_time,17317245,192309
RP-512-1-0,LN-512-0,SYN-10512,3,2026-09-22,15493.8,1549380,15493.8,1549380,2026-10-01,TX-118873,9,late,15960174,177239
RP-512-2-0,LN-512-0,SYN-10512,4,2026-10-22,15493.8,1549380,15493.8,1549380,2026-11-03,TX-118887,12,late,14588033,162001
RP-513-0-0,LN-513-0,SYN-10513,2,2026-08-21,28026.49,2802649,28026.49,2802649,2026-08-21,TX-118897,0,on_time,30740208,433724
RP-513-1-0,LN-513-0,SYN-10513,3,2026-09-21,28026.49,2802649,28026.49,2802649,2026-10-03,TX-118912;TX-118913;TX-118918,12,late,28371283,400300
RP-513-2-0,LN-513-0,SYN-10513,4,2026-10-21,28026.49,2802649,28026.49,2802649,2026-11-02,TX-118928,12,late,25968934,366404
RP-514-0-0,LN-514-0,SYN-10514,2,2026-08-26,12480.75,1248075,12480.75,1248075,2026-09-01,TX-118939;TX-118942,6,late,13979507,150492
RP-514-1-0,LN-514-0,SYN-10514,3,2026-09-26,12480.75,1248075,12480.75,1248075,2026-10-02,TX-118952,6,late,12881924,138676
RP-514-2-0,LN-514-0,SYN-10514,4,2026-10-26,12480.75,1248075,12480.75,1248075,2026-11-01,TX-118962,6,late,11772525,126733
RP-515-0-0,LN-515-0,SYN-10515,2,2026-08-21,10038.75,1003875,10038.75,1003875,2026-08-24,TX-118972,3,late,20338626,285159
RP-515-1-0,LN-515-0,SYN-10515,3,2026-09-21,10038.75,1003875,10038.75,1003875,2026-09-27,TX-118986,6,late,19619910,275083
RP-515-2-0,LN-515-0,SYN-10515,4,2026-10-21,10038.75,1003875,10038.75,1003875,2026-10-30,TX-118996,9,late,18891118,264864
RP-516-0-0,LN-516-0,SYN-10516,2,2026-08-22,23861.51,2386151,23861.51,2386151,2026-08-31,TX-119008,9,late,47916898,708300
RP-516-1-0,LN-516-0,SYN-10516,3,2026-09-22,23861.51,2386151,23861.51,2386151,2026-09-25,TX-119016,3,late,46239047,683498
RP-516-2-0,LN-516-0,SYN-10516,4,2026-10-22,23861.51,2386151,23861.51,2386151,2026-10-31,TX-119028,9,late,44536394,658330
RP-517-0-0,LN-517-0,SYN-10517,2,2026-08-25,30207.44,3020744,30207.44,3020744,2026-08-31,TX-119041,6,late,63818683,667719
RP-517-1-0,LN-517-0,SYN-10517,3,2026-09-25,30207.44,3020744,30207.44,3020744,2026-09-28,TX-119052,3,late,61465658,643100
RP-517-2-0,LN-517-0,SYN-10517,4,2026-10-25,30207.44,3020744,30207.44,3020744,2026-11-03,TX-119065,9,late,59088014,618223
RP-518-0-0,LN-518-0,SYN-10518,2,2026-08-28,39981.52,3998152,39981.52,3998152,2026-08-28,TX-119078,0,on_time,78710104,1298415
RP-518-1-0,LN-518-0,SYN-10518,3,2026-09-28,39981.52,3998152,39981.52,3998152,2026-09-28,TX-119091,0,on_time,76010367,1253880
RP-518-2-0,LN-518-0,SYN-10518,4,2026-10-28,39981.52,3998152,39981.52,3998152,2026-10-28,TX-119102,0,on_time,73266095,1208610
RP-519-0-0,LN-519-0,SYN-10519,2,2026-08-26,23256.97,2325697,23256.97,2325697,2026-08-26,TX-119116,0,on_time,25775559,320850
RP-519-1-0,LN-519-0,SYN-10519,3,2026-09-26,23256.97,2325697,23256.97,2325697,2026-09-26,TX-119128,0,on_time,23770712,295894
RP-519-2-0,LN-519-0,SYN-10519,4,2026-10-26,23256.97,2325697,23256.97,2325697,2026-10-26,TX-119138,0,on_time,21740909,270627
RP-521-0-0,LN-521-0,SYN-10521,2,2026-08-20,6241.49,624149,6241.49,624149,2026-09-07,TX-119184,18,late,13084373,145459
RP-521-0-1,LN-521-1,SYN-10521,2,2026-08-20,24722.86,2472286,24722.86,2472286,2026-09-07,TX-119177;TX-119185,18,late,27891987,268432
RP-521-1-0,LN-521-0,SYN-10521,3,2026-09-20,6241.49,624149,6241.49,624149,2026-10-05,TX-119197,15,late,12605683,140137
RP-521-1-1,LN-521-1,SYN-10521,3,2026-09-20,24722.86,2472286,9773.67,977367,2026-10-08,TX-119198;TX-119199,18,partial,25688133,247223
RP-521-2-0,LN-521-0,SYN-10521,4,2026-10-20,6241.49,624149,0,0,,,0,missed,12121671,134757
RP-521-2-1,LN-521-1,SYN-10521,4,2026-10-20,24722.86,2472286,0,0,,,0,missed,24957989,240196
RP-522-0-0,LN-522-0,SYN-10522,2,2026-08-28,30528.51,3052851,30528.51,3052851,2026-08-28,TX-119217,0,on_time,62591409,813918
RP-522-1-0,LN-522-0,SYN-10522,3,2026-09-28,30528.51,3052851,30528.51,3052851,2026-09-28,TX-119227,0,on_time,60352476,784803
RP-522-2-0,LN-522-0,SYN-10522,4,2026-10-28,30528.51,3052851,30528.51,3052851,2026-10-28,TX-119237,0,on_time,58084428,755311
RP-523-0-0,LN-523-0,SYN-10523,2,2026-08-25,14043.32,1404332,14043.32,1404332,2026-08-25,TX-119250,0,on_time,30039661,282981
RP-523-1-0,LN-523-0,SYN-10523,3,2026-09-25,14043.32,1404332,14043.32,1404332,2026-10-01,TX-119264,6,late,28918310,272418
RP-523-2-0,LN-523-0,SYN-10523,4,2026-10-25,14043.32,1404332,14043.32,1404332,2026-11-03,TX-119277,9,late,27786396,261755
RP-524-0-0,LN-524-0,SYN-10524,2,2026-08-28,14025.43,1402543,14025.43,1402543,2026-08-28,TX-119290,0,on_time,30353633,256334
RP-524-1-0,LN-524-0,SYN-10524,3,2026-09-28,14025.43,1402543,14025.43,1402543,2026-09-28,TX-119301,0,on_time,29207424,246654
RP-524-2-0,LN-524-0,SYN-10524,4,2026-10-28,14025.43,1402543,14025.43,1402543,2026-10-28,TX-119312,0,on_time,28051535,236893
RP-525-0-0,LN-525-0,SYN-10525,2,2026-08-28,82607.0,8260700,82607.0,8260700,2026-08-28,TX-119323,0,on_time,89709772,1408802
RP-525-1-0,LN-525-0,SYN-10525,3,2026-09-28,82607.0,8260700,82607.0,8260700,2026-10-01,TX-119334;TX-119336,3,late,82857874,1301200
RP-525-2-0,LN-525-0,SYN-10525,4,2026-10-28,82607.0,8260700,82607.0,8260700,2026-11-03,TX-119344;TX-119347,6,late,75898374,1191908
RP-526-0-0,LN-526-0,SYN-10526,2,2026-08-25,34518.96,3451896,34518.96,3451896,2026-08-25,TX-119357,0,on_time,95508958,1431003
RP-526-1-0,LN-526-0,SYN-10526,3,2026-09-25,34518.96,3451896,34518.96,3451896,2026-10-01,TX-119367;TX-119370,6,late,93488065,1400724
RP-526-2-0,LN-526-0,SYN-10526,4,2026-10-25,34518.96,3451896,34518.96,3451896,2026-11-03,TX-119378;TX-119382,9,late,91436893,1369991
RP-527-0-0,LN-527-0,SYN-10527,2,2026-08-24,11284.28,1128428,11284.28,1128428,2026-08-24,TX-119390,0,on_time,23135759,300846
RP-527-1-0,LN-527-0,SYN-10527,3,2026-09-24,11284.28,1128428,11284.28,1128428,2026-09-24,TX-119401,0,on_time,22308177,290084
RP-527-2-0,LN-527-0,SYN-10527,4,2026-10-24,11284.28,1128428,11284.28,1128428,2026-10-24,TX-119410,0,on_time,21469833,279183
RP-528-0-0,LN-528-0,SYN-10528,2,2026-08-24,39948.42,3994842,39948.42,3994842,2026-08-24,TX-119424,0,on_time,44237683,556543
RP-528-1-0,LN-528-0,SYN-10528,3,2026-09-24,39948.42,3994842,39948.42,3994842,2026-10-03,TX-119437;TX-119442,9,late,40799384,513287
RP-528-2-0,LN-528-0,SYN-10528,4,2026-10-24,39948.42,3994842,39948.42,3994842,2026-11-02,TX-119451,9,late,37317829,469486
RP-529-0-0,LN-529-0,SYN-10529,2,2026-08-20,4624.21,462421,4624.21,462421,2026-08-20,TX-119460,0,on_time,13260743,170402
RP-529-1-0,LN-529-0,SYN-10529,3,2026-09-20,4624.21,462421,4624.21,462421,2026-09-20,TX-119472,0,on_time,12968724,166649
RP-529-2-0,LN-529-0,SYN-10529,4,2026-10-20,4624.21,462421,4624.21,462421,2026-10-20,TX-119481,0,on_time,12672952,162848
RP-531-0-0,LN-531-0,SYN-10531,2,2026-08-25,13879.52,1387952,13879.52,1387952,2026-08-28,TX-119533,3,late,38121677,588011
RP-531-0-1,LN-531-1,SYN-10531,2,2026-08-25,22736.52,2273652,22736.52,2273652,2026-08-28,TX-119534,3,late,49022972,429241
RP-531-1-0,LN-531-0,SYN-10531,3,2026-09-25,13879.52,1387952,13879.52,1387952,2026-09-28,TX-119547,3,late,37321736,575672
RP-531-1-1,LN-531-1,SYN-10531,3,2026-09-25,22736.52,2273652,22736.52,2273652,2026-09-28,TX-119548,3,late,47178561,413092
RP-531-2-0,LN-531-0,SYN-10531,4,2026-10-25,13879.52,1387952,13879.52,1387952,2026-10-28,TX-119561,3,late,36509456,563143
RP-531-2-1,LN-531-1,SYN-10531,4,2026-10-25,22736.52,2273652,22736.52,2273652,2026-10-28,TX-119562,3,late,45318001,396801
RP-532-0-0,LN-532-0,SYN-10532,2,2026-08-21,47069.57,4706957,47069.57,4706957,2026-08-21,TX-119573,0,on_time,51681697,720460
RP-532-1-0,LN-532-0,SYN-10532,3,2026-09-21,47069.57,4706957,47069.57,4706957,2026-09-21,TX-119586,0,on_time,47695200,664887
RP-532-2-0,LN-532-0,SYN-10532,4,2026-10-21,47069.57,4706957,47069.57,4706957,2026-10-21,TX-119597,0,on_time,43653130,608539
RP-533-0-0,LN-533-0,SYN-10533,2,2026-08-23,17605.19,1760519,17605.19,1760519,2026-08-29,TX-119609;TX-119614,6,late,37387098,374905
RP-533-1-0,LN-533-0,SYN-10533,3,2026-09-23,17605.19,1760519,17605.19,1760519,2026-09-29,TX-119626,6,late,36001484,361011
RP-533-2-0,LN-533-0,SYN-10533,4,2026-10-23,17605.19,1760519,17605.19,1760519,2026-10-29,TX-119633;TX-119637,6,late,34601976,346977
RP-534-0-0,LN-534-0,SYN-10534,2,2026-08-24,9783.54,978354,9783.54,978354,2026-09-02,TX-119648,9,late,21050724,187981
RP-534-1-0,LN-534-0,SYN-10534,3,2026-09-24,9783.54,978354,9783.54,978354,2026-09-30,TX-119657,6,late,20260351,180923
RP-534-2-0,LN-534-0,SYN-10534,4,2026-10-24,9783.54,978354,9783.54,978354,2026-10-30,TX-119666,6,late,19462920,173802
RP-535-0-0,LN-535-0,SYN-10535,2,2026-08-23,24741.3,2474130,24741.3,2474130,2026-08-23,TX-119678,0,on_time,71345963,893353
RP-535-1-0,LN-535-0,SYN-10535,3,2026-09-23,24741.3,2474130,24741.3,2474130,2026-09-23,TX-119692,0,on_time,69765186,873559
RP-535-2-0,LN-535-0,SYN-10535,4,2026-10-23,24741.3,2474130,24741.3,2474130,2026-10-23,TX-119703,0,on_time,68164615,853518
RP-536-0-0,LN-536-0,SYN-10536,2,2026-08-23,27400.52,2740052,27400.52,2740052,2026-08-23,TX-119718,0,on_time,75920600,1131065
RP-536-1-0,LN-536-0,SYN-10536,3,2026-09-23,27400.52,2740052,27400.52,2740052,2026-09-23,TX-119731,0,on_time,74311613,1107094
RP-536-2-0,LN-536-0,SYN-10536,4,2026-10-23,27400.52,2740052,27400.52,2740052,2026-10-23,TX-119742,0,on_time,72678655,1082767
RP-537-0-0,LN-537-0,SYN-10537,2,2026-08-21,41279.01,4127901,41279.01,4127901,2026-08-21,TX-119757,0,on_time,46372019,477612
RP-537-1-0,LN-537-0,SYN-10537,3,2026-09-21,41279.01,4127901,41279.01,4127901,2026-10-03,TX-119772;TX-119776,12,late,42721730,440016
RP-537-2-0,LN-537-0,SYN-10537,4,2026-10-21,41279.01,4127901,41279.01,4127901,2026-11-05,TX-119788,15,late,39033845,402032
RP-538-0-0,LN-538-0,SYN-10538,2,2026-08-27,18331.68,1833168,18331.68,1833168,2026-08-30,TX-119802,3,late,36915455,536797
RP-538-1-0,LN-538-0,SYN-10538,3,2026-09-27,18331.68,1833168,18331.68,1833168,2026-09-30,TX-119810;TX-119813,3,late,35619084,517946
RP-538-2-0,LN-538-0,SYN-10538,4,2026-10-27,18331.68,1833168,18331.68,1833168,2026-10-30,TX-119821;TX-119824,3,late,34303862,498821
RP-539-0-0,LN-539-0,SYN-10539,2,2026-08-23,32187.07,3218707,32187.07,3218707,2026-08-23,TX-119835,0,on_time,35328056,494546
RP-539-1-0,LN-539-0,SYN-10539,3,2026-09-23,32187.07,3218707,32187.07,3218707,2026-09-23,TX-119848,0,on_time,32603895,456411
RP-539-2-0,LN-539-0,SYN-10539,4,2026-10-23,32187.07,3218707,32187.07,3218707,2026-10-23,TX-119858,0,on_time,29841599,417743
RP-541-0-0,LN-541-0,SYN-10541,2,2026-08-25,13662.17,1366217,13662.17,1366217,2026-08-25,TX-119904,0,on_time,41650916,386406
RP-541-0-1,LN-541-1,SYN-10541,2,2026-08-25,6731.19,673119,6731.19,673119,2026-08-25,TX-119905,0,on_time,13492100,201584
RP-541-1-0,LN-541-0,SYN-10541,3,2026-09-25,13662.17,1366217,13662.17,1366217,2026-09-25,TX-119915,0,on_time,40671105,377316
RP-541-1-1,LN-541-1,SYN-10541,3,2026-09-25,6731.19,673119,6731.19,673119,2026-09-25,TX-119916,0,on_time,13020565,194539
RP-541-2-0,LN-541-0,SYN-10541,4,2026-10-25,13662.17,1366217,8428.3,842830,2026-11-03,TX-119929,9,partial,39682204,368142
RP-541-2-1,LN-541-1,SYN-10541,4,2026-10-25,6731.19,673119,4438.78,443878,2026-11-03,TX-119930,9,partial,12541985,187389
RP-542-0-0,LN-542-0,SYN-10542,2,2026-08-25,20167.09,2016709,20167.09,2016709,2026-08-25,TX-119941,0,on_time,55246671,860854
RP-542-1-0,LN-542-0,SYN-10542,3,2026-09-25,20167.09,2016709,20167.09,2016709,2026-09-25,TX-119952,0,on_time,54090816,842843
RP-542-2-0,LN-542-0,SYN-10542,4,2026-10-25,20167.09,2016709,20167.09,2016709,2026-10-25,TX-119963,0,on_time,52916950,824552
RP-543-0-0,LN-543-0,SYN-10543,2,2026-08-28,47439.9,4743990,47439.9,4743990,2026-09-03,TX-119976;TX-119979,6,late,52170467,714118
RP-543-1-0,LN-543-0,SYN-10543,3,2026-09-28,47439.9,4743990,47439.9,4743990,2026-10-01,TX-119989,3,late,48140595,658956
RP-543-2-0,LN-543-0,SYN-10543,4,2026-10-28,47439.9,4743990,47439.9,4743990,2026-11-03,TX-119999,6,late,44055561,603040
RP-544-0-0,LN-544-0,SYN-10544,2,2026-08-26,15386.35,1538635,15386.35,1538635,2026-08-26,TX-120011,0,on_time,31415434,419634
RP-544-1-0,LN-544-0,SYN-10544,3,2026-09-26,15386.35,1538635,15386.35,1538635,2026-10-05,TX-120028,9,late,30296433,404687
RP-544-2-0,LN-544-0,SYN-10544,4,2026-10-26,15386.35,1538635,0,0,,,0,missed,29162485,389540
RP-545-0-0,LN-545-0,SYN-10545,2,2026-08-24,11332.85,1133285,11332.85,1133285,2026-08-24,TX-120049,0,on_time,24140443,235886
RP-545-1-0,LN-545-0,SYN-10545,3,2026-09-24,11332.85,1133285,11332.85,1133285,2026-09-24,TX-120061,0,on_time,23243044,227117
RP-545-2-0,LN-545-0,SYN-10545,4,2026-10-24,11332.85,1133285,11332.85,1133285,2026-10-24,TX-120071,0,on_time,22336876,218263
RP-546-0-0,LN-546-0,SYN-10546,2,2026-08-20,6020.45,602045,6020.45,602045,2026-08-20,TX-120084,0,on_time,16408186,260763
RP-546-1-0,LN-546-0,SYN-10546,3,2026-09-20,6020.45,602045,6020.45,602045,2026-09-20,TX-120095,0,on_time,16066904,255339
RP-546-2-0,LN-546-0,SYN-10546,4,2026-10-20,6020.45,602045,6020.45,602045,2026-10-20,TX-120106,0,on_time,15720198,249829
RP-547-0-0,LN-547-0,SYN-10547,2,2026-08-22,10601.12,1060112,10601.12,1060112,2026-08-22,TX-120119,0,on_time,31677215,330657
RP-547-1-0,LN-547-0,SYN-10547,3,2026-09-22,10601.12,1060112,10601.12,1060112,2026-09-22,TX-120129,0,on_time,30947760,323043
RP-547-2-0,LN-547-0,SYN-10547,4,2026-10-22,10601.12,1060112,10601.12,1060112,2026-10-22,TX-120139,0,on_time,30210691,315349
RP-548-0-0,LN-548-0,SYN-10548,2,2026-08-21,69710.5,6971050,69710.5,6971050,2026-08-21,TX-120152,0,on_time,76537947,1067468
RP-548-1-0,LN-548-0,SYN-10548,3,2026-09-21,69710.5,6971050,69710.5,6971050,2026-09-21,TX-120169,0,on_time,70634365,985132
RP-548-2-0,LN-548-0,SYN-10548,4,2026-10-21,69710.5,6971050,69710.5,6971050,2026-10-21,TX-120180,0,on_time,64648447,901647
RP-549-0-0,LN-549-0,SYN-10549,2,2026-08-26,10054.22,1005422,10054.22,1005422,2026-08-26,TX-120197,0,on_time,30768759,278688
RP-549-1-0,LN-549-0,SYN-10549,3,2026-09-26,10054.22,1005422,10054.22,1005422,2026-10-02,TX-120210;TX-120212,6,late,30042025,272106
RP-549-2-0,LN-549-0,SYN-10549,4,2026-10-26,10054.22,1005422,10054.22,1005422,2026-11-01,TX-120224,6,late,29308709,265464
RP-551-0-0,LN-551-0,SYN-10551,2,2026-08-23,24136.64,2413664,24136.64,2413664,2026-08-26,TX-120262,3,late,48973953,680399
RP-551-0-1,LN-551-1,SYN-10551,2,2026-08-23,10123.32,1012332,10123.32,1012332,2026-08-26,TX-120263,3,late,31244905,267727
RP-551-1-0,LN-551-0,SYN-10551,3,2026-09-23,24136.64,2413664,24136.64,2413664,2026-10-02,TX-120274,9,late,47240688,656319
RP-551-1-1,LN-551-1,SYN-10551,3,2026-09-23,10123.32,1012332,10123.32,1012332,2026-09-26,TX-120272,3,late,30500300,261347
RP-551-2-0,LN-551-0,SYN-10551,4,2026-10-23,24136.64,2413664,24136.64,2413664,2026-10-29,TX-120283,6,late,45483343,631904
RP-551-2-1,LN-551-1,SYN-10551,4,2026-10-23,10123.32,1012332,10123.32,1012332,2026-10-26,TX-120282,3,late,29749315,254912
RP-552-0-0,LN-552-0,SYN-10552,2,2026-08-25,6856.44,685644,6856.44,685644,2026-08-31,TX-120296,6,late,19012669,282348
RP-552-1-0,LN-552-0,SYN-10552,3,2026-09-25,6856.44,685644,6856.44,685644,2026-09-28,TX-120307,3,late,18609373,276358
RP-552-2-0,LN-552-0,SYN-10552,4,2026-10-25,6856.44,685644,6856.44,685644,2026-10-25,TX-120314,0,on_time,18200087,270280
RP-553-0-0,LN-553-0,SYN-10553,2,2026-08-24,22385.46,2238546,22385.46,2238546,2026-08-24,TX-120327,0,on_time,46330596,565318
RP-553-1-0,LN-553-0,SYN-10553,3,2026-09-24,22385.46,2238546,22385.46,2238546,2026-09-24,TX-120337,0,on_time,44657368,544902
RP-553-2-0,LN-553-0,SYN-10553,4,2026-10-24,22385.46,2238546,22385.46,2238546,2026-10-24,TX-120347,0,on_time,42963724,524236
RP-554-0-0,LN-554-0,SYN-10554,2,2026-08-20,12894.21,1289421,12894.21,1289421,2026-08-20,TX-120361,0,on_time,26976397,304492
RP-554-1-0,LN-554-0,SYN-10554,3,2026-09-20,12894.21,1289421,12894.21,1289421,2026-09-20,TX-120371,0,on_time,25991468,293374
RP-554-2-0,LN-554-0,SYN-10554,4,2026-10-20,12894.21,1289421,12894.21,1289421,2026-10-20,TX-120382,0,on_time,24995421,282132
RP-555-0-0,LN-555-0,SYN-10555,2,2026-08-28,11599.25,1159925,11599.25,1159925,2026-08-28,TX-120397,0,on_time,23036554,362488
RP-555-1-0,LN-555-0,SYN-10555,3,2026-09-28,11599.25,1159925,11599.25,1159925,2026-09-28,TX-120406,0,on_time,22239117,349940
RP-555-2-0,LN-555-0,SYN-10555,4,2026-10-28,11599.25,1159925,11599.25,1159925,2026-10-28,TX-120415,0,on_time,21429132,337195
RP-556-0-0,LN-556-0,SYN-10556,2,2026-08-23,37503.64,3750364,37503.64,3750364,2026-08-23,TX-120425,0,on_time,74304520,1184674
RP-556-1-0,LN-556-0,SYN-10556,3,2026-09-23,37503.64,3750364,37503.64,3750364,2026-09-23,TX-120436,0,on_time,71738830,1143768
RP-556-2-0,LN-556-0,SYN-10556,4,2026-10-23,37503.64,3750364,37503.64,3750364,2026-10-23,TX-120447,0,on_time,69132234,1102210
RP-557-0-0,LN-557-0,SYN-10557,2,2026-08-24,11519.77,1151977,11519.77,1151977,2026-08-24,TX-120461,0,on_time,24418706,248652
RP-557-1-0,LN-557-0,SYN-10557,3,2026-09-24,11519.77,1151977,11519.77,1151977,2026-09-24,TX-120473,0,on_time,23515381,239453
RP-557-2-0,LN-557-0,SYN-10557,4,2026-10-24,11519.77,1151977,11519.77,1151977,2026-10-24,TX-120483,0,on_time,22602857,230161
RP-558-0-0,LN-558-0,SYN-10558,2,2026-08-21,26351.13,2635113,26351.13,2635113,2026-08-21,TX-120495,0,on_time,74425004,1023579
RP-558-1-0,LN-558-0,SYN-10558,3,2026-09-21,26351.13,2635113,26351.13,2635113,2026-09-21,TX-120508,0,on_time,72813470,1001416
RP-558-2-0,LN-558-0,SYN-10558,4,2026-10-21,26351.13,2635113,26351.13,2635113,2026-10-21,TX-120517,0,on_time,71179773,978947
RP-559-0-0,LN-559-0,SYN-10559,2,2026-08-24,69399.83,6939983,69399.83,6939983,2026-08-24,TX-120531,0,on_time,75836538,1115277
RP-559-1-0,LN-559-0,SYN-10559,3,2026-09-24,69399.83,6939983,69399.83,6939983,2026-10-06,TX-120549,12,late,70011832,1029617
RP-559-2-0,LN-559-0,SYN-10559,4,2026-10-24,69399.83,6939983,69399.83,6939983,2026-11-05,TX-120562,12,late,64101466,942698
RP-561-0-0,LN-561-0,SYN-10561,2,2026-08-23,51004.36,5100436,51004.36,5100436,2026-09-01,TX-120606,9,late,55730102,820361
RP-561-0-1,LN-561-1,SYN-10561,2,2026-08-23,77305.56,7730556,77305.56,7730556,2026-10-01,TX-120607;TX-120619,39,late,87692795,768313
RP-561-1-0,LN-561-0,SYN-10561,3,2026-09-23,51004.36,5100436,51004.36,5100436,2026-10-02,TX-120620,9,late,51450027,757357
RP-561-1-1,LN-561-1,SYN-10561,3,2026-09-23,77305.56,7730556,77305.56,7730556,2026-11-01,TX-120621;TX-120633,39,late,82570285,723433
RP-561-2-0,LN-561-0,SYN-10561,4,2026-10-23,51004.36,5100436,51004.36,5100436,2026-11-01,TX-120634,9,late,47106948,693426
RP-561-2-1,LN-561-1,SYN-10561,4,2026-10-23,77305.56,7730556,43844.51,4384451,2026-11-01,TX-120635,9,partial,76002101,665886
RP-562-0-0,LN-562-0,SYN-10562,2,2026-08-22,11402.24,1140224,11402.24,1140224,2026-08-22,TX-120645,0,on_time,32048103,450030
RP-562-1-0,LN-562-0,SYN-10562,3,2026-09-22,11402.24,1140224,11402.24,1140224,2026-09-22,TX-120654,0,on_time,31357909,440338
RP-562-2-0,LN-562-0,SYN-10562,4,2026-10-22,11402.24,1140224,11402.24,1140224,2026-10-22,TX-120663,0,on_time,30658023,430510
RP-563-0-0,LN-563-0,SYN-10563,2,2026-08-26,14619.38,1461938,14619.38,1461938,2026-08-26,TX-120676,0,on_time,41768512,545897
RP-563-1-0,LN-563-0,SYN-10563,3,2026-09-26,14619.38,1461938,14619.38,1461938,2026-09-26,TX-120688,0,on_time,40852471,533925
RP-563-2-0,LN-563-0,SYN-10563,4,2026-10-26,14619.38,1461938,14619.38,1461938,2026-11-01,TX-120700,6,late,39924458,521796
RP-564-0-0,LN-564-0,SYN-10564,2,2026-08-22,5631.76,563176,5631.76,563176,2026-08-22,TX-120710,0,on_time,12057184,112707
RP-564-1-0,LN-564-0,SYN-10564,3,2026-09-22,5631.76,563176,5631.76,563176,2026-10-01,TX-120724;TX-120729,9,late,11606715,108496
RP-564-2-0,LN-564-0,SYN-10564,4,2026-10-22,5631.76,563176,5631.76,563176,2026-11-03,TX-120742,12,late,11152035,104246
RP-565-0-0,LN-565-0,SYN-10565,2,2026-08-22,24338.22,2433822,24338.22,2433822,2026-08-22,TX-120751,0,on_time,71167110,832857
RP-565-1-0,LN-565-0,SYN-10565,3,2026-09-22,24338.22,2433822,24338.22,2433822,2026-09-22,TX-120762,0,on_time,69566145,814121
RP-565-2-0,LN-565-0,SYN-10565,4,2026-10-22,24338.22,2433822,24338.22,2433822,2026-10-22,TX-120771,0,on_time,67946444,795166
RP-566-0-0,LN-566-0,SYN-10566,2,2026-08-22,29719.61,2971961,29719.61,2971961,2026-08-31,TX-120791,9,late,32865015,420732
RP-566-1-0,LN-566-0,SYN-10566,3,2026-09-22,29719.61,2971961,29719.61,2971961,2026-10-01,TX-120804,9,late,30313786,388072
RP-566-2-0,LN-566-0,SYN-10566,4,2026-10-22,29719.61,2971961,29719.61,2971961,2026-10-28,TX-120817,6,late,27729897,354994
RP-567-0-0,LN-567-0,SYN-10567,2,2026-08-23,55799.31,5579931,55799.31,5579931,2026-08-23,TX-120830,0,on_time,63001970,598429
RP-567-1-0,LN-567-0,SYN-10567,3,2026-09-23,55799.31,5579931,41329.48,4132948,2026-11-01,TX-120841;TX-120853,39,partial,58020468,551112
RP-567-2-0,LN-567-0,SYN-10567,4,2026-10-23,55799.31,5579931,4897.95,489795,2026-11-01,TX-120854,9,partial,57111612,542479
RP-568-0-0,LN-568-0,SYN-10568,2,2026-08-25,22500.74,2250074,22500.74,2250074,2026-08-25,TX-120863,0,on_time,24519296,371545
RP-568-1-0,LN-568-0,SYN-10568,3,2026-09-25,22500.74,2250074,22500.74,2250074,2026-09-25,TX-120872,0,on_time,22640767,343079
RP-568-2-0,LN-568-0,SYN-10568,4,2026-10-25,22500.74,2250074,22500.74,2250074,2026-10-25,TX-120881,0,on_time,20733772,314182
RP-569-0-0,LN-569-0,SYN-10569,2,2026-08-21,17753.02,1775302,17753.02,1775302,2026-08-30,TX-120898,9,late,37731846,375771
RP-569-1-0,LN-569-0,SYN-10569,3,2026-09-21,17753.02,1775302,17753.02,1775302,2026-09-21,TX-120905,0,on_time,36332315,361834
RP-569-2-0,LN-569-0,SYN-10569,4,2026-10-21,17753.02,1775302,17753.02,1775302,2026-10-21,TX-120914,0,on_time,34918847,347757
RP-571-0-0,LN-571-0,SYN-10571,2,2026-08-21,65952.28,6595228,65952.28,6595228,2026-08-30,TX-120959;TX-120963,9,late,74673579,676381
RP-571-0-1,LN-571-1,SYN-10571,2,2026-08-21,38599.67,3859967,38599.67,3859967,2026-08-30,TX-120960;TX-120964,9,late,42597318,559289
RP-571-1-0,LN-571-0,SYN-10571,3,2026-09-21,65952.28,6595228,65952.28,6595228,2026-09-30,TX-120971;TX-120976,9,late,68754732,622769
RP-571-1-1,LN-571-1,SYN-10571,3,2026-09-21,38599.67,3859967,38599.67,3859967,2026-09-30,TX-120972;TX-120973;TX-120977,9,late,39296640,515952
RP-571-2-0,LN-571-0,SYN-10571,4,2026-10-21,65952.28,6595228,65952.28,6595228,2026-10-30,TX-120984;TX-120989,9,late,62782273,568671
RP-571-2-1,LN-571-1,SYN-10571,4,2026-10-21,38599.67,3859967,38599.67,3859967,2026-10-30,TX-120985;TX-120990,9,late,35952625,472046
RP-572-0-0,LN-572-0,SYN-10572,2,2026-08-24,14045.76,1404576,14045.76,1404576,2026-09-02,TX-121003,9,late,40945708,486524
RP-572-1-0,LN-572-0,SYN-10572,3,2026-09-24,14045.76,1404576,14045.76,1404576,2026-10-03,TX-121016,9,late,40027656,475615
RP-572-2-0,LN-572-0,SYN-10572,4,2026-10-24,14045.76,1404576,14045.76,1404576,2026-11-02,TX-121025,9,late,39098695,464577
RP-573-0-0,LN-573-0,SYN-10573,2,2026-08-26,17365.0,1736500,17365.0,1736500,2026-08-26,TX-121036,0,on_time,52494447,512600
RP-573-1-0,LN-573-0,SYN-10573,3,2026-09-26,17365.0,1736500,17365.0,1736500,2026-09-26,TX-121047,0,on_time,51270547,500648
RP-573-2-0,LN-573-0,SYN-10573,4,2026-10-26,17365.0,1736500,17365.0,1736500,2026-10-26,TX-121056,0,on_time,50034695,488580
RP-574-0-0,LN-574-0,SYN-10574,2,2026-08-22,34752.22,3475222,34752.22,3475222,2026-09-03,TX-121067;TX-121071,12,late,38638010,461444
RP-574-1-0,LN-574-0,SYN-10574,3,2026-09-22,34752.22,3475222,34752.22,3475222,2026-10-01,TX-121077;TX-121080,9,late,35624232,425451
RP-574-2-0,LN-574-0,SYN-10574,4,2026-10-22,34752.22,3475222,34752.22,3475222,2026-11-03,TX-121092,12,late,32574461,389029
RP-575-0-0,LN-575-0,SYN-10575,2,2026-08-21,15872.83,1587283,15872.83,1587283,2026-08-30,TX-121105,9,late,34257306,297168
RP-575-1-0,LN-575-0,SYN-10575,3,2026-09-21,15872.83,1587283,15872.83,1587283,2026-09-30,TX-121121,9,late,32967191,285977
RP-575-2-0,LN-575-0,SYN-10575,4,2026-10-21,15872.83,1587283,15872.83,1587283,2026-10-30,TX-121134,9,late,31665885,274688
RP-576-0-0,LN-576-0,SYN-10576,2,2026-08-21,4156.39,415639,4156.39,415639,2026-08-21,TX-121147,0,on_time,8340550,123804
RP-576-1-0,LN-576-0,SYN-10576,3,2026-09-21,4156.39,415639,4156.39,415639,2026-10-06,TX-121166,15,late,8048715,119472
RP-576-2-0,LN-576-0,SYN-10576,4,2026-10-21,4156.39,415639,4156.39,415639,2026-11-05,TX-121174;TX-121180,15,late,7752548,115076
RP-577-0-0,LN-577-0,SYN-10577,2,2026-08-27,54323.3,5432330,54323.3,5432330,2026-08-27,TX-121192,0,on_time,60058713,771089
RP-577-1-0,LN-577-0,SYN-10577,3,2026-09-27,54323.3,5432330,54323.3,5432330,2026-09-27,TX-121203,0,on_time,55397472,711244
RP-577-2-0,LN-577-0,SYN-10577,4,2026-10-27,54323.3,5432330,54323.3,5432330,2026-10-27,TX-121214,0,on_time,50676386,650630
RP-578-0-0,LN-578-0,SYN-10578,2,2026-08-26,4838.75,483875,4838.75,483875,2026-08-26,TX-121227,0,on_time,14753138,136779
RP-578-1-0,LN-578-0,SYN-10578,3,2026-09-26,4838.75,483875,4838.75,483875,2026-10-02,TX-121238,6,late,14406042,133561
RP-578-2-0,LN-578-0,SYN-10578,4,2026-10-26,4838.75,483875,4838.75,483875,2026-11-01,TX-121249,6,late,14055728,130313
RP-579-0-0,LN-579-0,SYN-10579,2,2026-08-20,8902.68,890268,8902.68,890268,2026-08-20,TX-121259,0,on_time,9777748,135866
RP-579-1-0,LN-579-0,SYN-10579,3,2026-09-20,8902.68,890268,8902.68,890268,2026-09-20,TX-121276,0,on_time,9023346,125383
RP-579-2-0,LN-579-0,SYN-10579,4,2026-10-20,8902.68,890268,8902.68,890268,2026-11-01,TX-121286;TX-121291,12,late,8258461,114755
RP-581-0-0,LN-581-0,SYN-10581,2,2026-08-28,9764.21,976421,9764.21,976421,2026-08-28,TX-121336,0,on_time,27679045,374631
RP-581-0-1,LN-581-1,SYN-10581,2,2026-08-28,13817.78,1381778,13817.78,1381778,2026-08-28,TX-121337,0,on_time,27601843,420544
RP-581-1-0,LN-581-0,SYN-10581,3,2026-09-28,9764.21,976421,9764.21,976421,2026-09-28,TX-121351,0,on_time,27077255,366486
RP-581-1-1,LN-581-1,SYN-10581,3,2026-09-28,13817.78,1381778,13817.78,1381778,2026-09-28,TX-121352,0,on_time,26640609,405899
RP-581-2-0,LN-581-0,SYN-10581,4,2026-10-28,9764.21,976421,3983.22,398322,2026-10-28,TX-121364,0,partial,26467320,358231
RP-581-2-1,LN-581-1,SYN-10581,4,2026-10-28,13817.78,1381778,8593.63,859363,2026-10-31,TX-121365,3,partial,25664730,391030
RP-582-0-0,LN-582-0,SYN-10582,2,2026-08-26,12706.97,1270697,12706.97,1270697,2026-08-29,TX-121378,3,late,26005480,342180
RP-582-1-0,LN-582-0,SYN-10582,3,2026-09-26,12706.97,1270697,12706.97,1270697,2026-10-02,TX-121390;TX-121393,6,late,25076963,329963
RP-582-2-0,LN-582-0,SYN-10582,4,2026-10-26,12706.97,1270697,12706.97,1270697,2026-11-01,TX-121403,6,late,24136229,317585
RP-583-0-0,LN-583-0,SYN-10583,2,2026-08-21,66645.03,6664503,66645.03,6664503,2026-08-24,TX-121416,3,late,74469915,829930
RP-583-1-0,LN-583-0,SYN-10583,3,2026-09-21,66645.03,6664503,66645.03,6664503,2026-10-03,TX-121427;TX-121431,12,late,68635342,764907
RP-583-2-0,LN-583-0,SYN-10583,4,2026-10-21,66645.03,6664503,66645.03,6664503,2026-11-02,TX-121440;TX-121442,12,late,62735746,699159
RP-584-0-0,LN-584-0,SYN-10584,2,2026-08-25,7541.11,754111,7541.11,754111,2026-09-03,TX-121457,9,late,21531295,282241
RP-584-1-0,LN-584-0,SYN-10584,3,2026-09-25,7541.11,754111,7541.11,754111,2026-10-01,TX-121467,6,late,21059425,276056
RP-584-2-0,LN-584-0,SYN-10584,4,2026-10-25,7541.11,754111,7541.11,754111,2026-11-03,TX-121479,9,late,20581370,269789
RP-585-0-0,LN-585-0,SYN-10585,2,2026-08-24,16177.47,1617747,16177.47,1617747,2026-08-24,TX-121489,0,on_time,34988536,297350
RP-585-1-0,LN-585-0,SYN-10585,3,2026-09-24,16177.47,1617747,16177.47,1617747,2026-09-24,TX-121501,0,on_time,33668139,286129
RP-585-2-0,LN-585-0,SYN-10585,4,2026-10-24,16177.47,1617747,16177.47,1617747,2026-11-02,TX-121512;TX-121513;TX-121515,9,late,32336521,274812
RP-586-0-0,LN-586-0,SYN-10586,2,2026-08-27,25535.24,2553524,25535.24,2553524,2026-08-27,TX-121528,0,on_time,28944302,257064
RP-586-1-0,LN-586-0,SYN-10586,3,2026-09-27,25535.24,2553524,25535.24,2553524,2026-09-27,TX-121540,0,on_time,26647842,236668
RP-586-2-0,LN-586-0,SYN-10586,4,2026-10-27,25535.24,2553524,25535.24,2553524,2026-10-27,TX-121550,0,on_time,24330986,216092
RP-587-0-0,LN-587-0,SYN-10587,2,2026-08-25,21332.69,2133269,21332.69,2133269,2026-08-25,TX-121561,0,on_time,61054883,791678
RP-587-1-0,LN-587-0,SYN-10587,3,2026-09-25,21332.69,2133269,21332.69,2133269,2026-09-25,TX-121570,0,on_time,59713292,774282
RP-587-2-0,LN-587-0,SYN-10587,4,2026-10-25,21332.69,2133269,21332.69,2133269,2026-10-25,TX-121579,0,on_time,58354305,756661
RP-588-0-0,LN-588-0,SYN-10588,2,2026-08-27,14831.47,1483147,14831.47,1483147,2026-08-27,TX-121592,0,on_time,45005212,429646
RP-588-1-0,LN-588-0,SYN-10588,3,2026-09-27,14831.47,1483147,14831.47,1483147,2026-09-30,TX-121607,3,late,43951711,419589
RP-588-2-0,LN-588-0,SYN-10588,4,2026-10-27,14831.47,1483147,14831.47,1483147,2026-10-30,TX-121616;TX-121619,3,late,42888153,409435
RP-589-0-0,LN-589-0,SYN-10589,2,2026-08-21,6344.6,634460,6344.6,634460,2026-08-21,TX-121629,0,on_time,19217055,185491
RP-589-1-0,LN-589-0,SYN-10589,3,2026-09-21,6344.6,634460,6344.6,634460,2026-09-21,TX-121640,0,on_time,18768086,181157
RP-589-2-0,LN-589-0,SYN-10589,4,2026-10-21,6344.6,634460,6344.6,634460,2026-10-21,TX-121651,0,on_time,18314783,176782
RP-591-0-0,LN-591-0,SYN-10591,2,2026-08-27,18250.85,1825085,18250.85,1825085,2026-08-27,TX-121696,0,on_time,36142593,577721
RP-591-0-1,LN-591-1,SYN-10591,2,2026-08-27,22349.03,2234903,22349.03,2234903,2026-08-27,TX-121697,0,on_time,24918468,286367
RP-591-1-0,LN-591-0,SYN-10591,3,2026-09-27,18250.85,1825085,18250.85,1825085,2026-09-27,TX-121707,0,on_time,34895229,557783
RP-591-1-1,LN-591-1,SYN-10591,3,2026-09-27,22349.03,2234903,22349.03,2234903,2026-09-27,TX-121708,0,on_time,22969932,263974
RP-591-2-0,LN-591-0,SYN-10591,4,2026-10-27,18250.85,1825085,18250.85,1825085,2026-10-27,TX-121718,0,on_time,33627927,537526
RP-591-2-1,LN-591-1,SYN-10591,4,2026-10-27,22349.03,2234903,22349.03,2234903,2026-10-27,TX-121719,0,on_time,20999003,241324
RP-592-0-0,LN-592-0,SYN-10592,2,2026-08-26,32320.51,3232051,32320.51,3232051,2026-08-26,TX-121732,0,on_time,35802670,448527
RP-592-1-0,LN-592-0,SYN-10592,3,2026-09-26,32320.51,3232051,32320.51,3232051,2026-09-26,TX-121742,0,on_time,33019146,413656
RP-592-2-0,LN-592-0,SYN-10592,4,2026-10-26,32320.51,3232051,32320.51,3232051,2026-10-26,TX-121752,0,on_time,30200751,378347
RP-593-0-0,LN-593-0,SYN-10593,2,2026-08-24,16500.69,1650069,16500.69,1650069,2026-08-24,TX-121765,0,on_time,34684063,377741
RP-593-1-0,LN-593-0,SYN-10593,3,2026-09-24,16500.69,1650069,16500.69,1650069,2026-09-30,TX-121779,6,late,33411735,363884
RP-593-2-0,LN-593-0,SYN-10593,4,2026-10-24,16500.69,1650069,16500.69,1650069,2026-10-30,TX-121791,6,late,32125550,349877
RP-594-0-0,LN-594-0,SYN-10594,2,2026-08-25,3707.7,370770,3707.7,370770,2026-08-28,TX-121805,3,late,7310715,119600
RP-594-1-0,LN-594-0,SYN-10594,3,2026-09-25,3707.7,370770,3707.7,370770,2026-09-28,TX-121816,3,late,7059545,115491
RP-594-2-0,LN-594-0,SYN-10594,4,2026-10-25,3707.7,370770,3707.7,370770,2026-10-28,TX-121827,3,late,6804266,111314
RP-595-0-0,LN-595-0,SYN-10595,2,2026-08-25,26415.64,2641564,26415.64,2641564,2026-08-25,TX-121838,0,on_time,74809720,1016807
RP-595-1-0,LN-595-0,SYN-10595,3,2026-09-25,26415.64,2641564,26415.64,2641564,2026-09-25,TX-121851,0,on_time,73184963,994724
RP-595-2-0,LN-595-0,SYN-10595,4,2026-10-25,26415.64,2641564,26415.64,2641564,2026-10-25,TX-121860,0,on_time,71538123,972340
RP-596-0-0,LN-596-0,SYN-10596,2,2026-08-25,11185.01,1118501,11185.01,1118501,2026-09-06,TX-121881,12,late,22437013,333715
RP-596-1-0,LN-596-0,SYN-10596,3,2026-09-25,11185.01,1118501,11185.01,1118501,2026-10-07,TX-121895,12,late,21652227,322043
RP-596-2-0,LN-596-0,SYN-10596,4,2026-10-25,11185.01,1118501,0,0,,,0,missed,20855769,310197
RP-597-0-0,LN-597-0,SYN-10597,2,2026-08-26,56795.9,5679590,56795.9,5679590,2026-08-26,TX-121915,0,on_time,64030259,623516
RP-597-1-0,LN-597-0,SYN-10597,3,2026-09-26,56795.9,5679590,56795.9,5679590,2026-09-26,TX-121924,0,on_time,58974185,574281
RP-597-2-0,LN-597-0,SYN-10597,4,2026-10-26,56795.9,5679590,56795.9,5679590,2026-10-26,TX-121933,0,on_time,53868876,524566
RP-598-0-0,LN-598-0,SYN-10598,2,2026-08-23,14791.4,1479140,14791.4,1479140,2026-08-23,TX-121946,0,on_time,16018638,258720
RP-598-1-0,LN-598-0,SYN-10598,3,2026-09-23,14791.4,1479140,14791.4,1479140,2026-09-23,TX-121957,0,on_time,14798218,239008
RP-598-2-0,LN-598-0,SYN-10598,4,2026-10-23,14791.4,1479140,6012.23,601223,2026-11-01,TX-121970,9,partial,13558086,218979
RP-599-0-0,LN-599-0,SYN-10599,2,2026-08-28,22229.06,2222906,22229.06,2222906,2026-08-28,TX-121985,0,on_time,44872205,643183
RP-599-1-0,LN-599-0,SYN-10599,3,2026-09-28,22229.06,2222906,22229.06,2222906,2026-09-28,TX-121994,0,on_time,43292482,620540
RP-599-2-0,LN-599-0,SYN-10599,4,2026-10-28,22229.06,2222906,22229.06,2222906,2026-10-28,TX-122003,0,on_time,41690116,597572
RP-601-0-0,LN-601-0,SYN-10601,2,2026-08-21,26822.65,2682265,26822.65,2682265,2026-08-21,TX-122046,0,on_time,29934782,339505
RP-601-0-1,LN-601-1,SYN-10601,2,2026-08-21,35195.34,3519534,35195.34,3519534,2026-08-21,TX-122047,0,on_time,69334420,1139702
RP-601-1-0,LN-601-0,SYN-10601,3,2026-09-21,26822.65,2682265,26822.65,2682265,2026-09-21,TX-122056,0,on_time,27592022,312935
RP-601-1-1,LN-601-1,SYN-10601,3,2026-09-21,35195.34,3519534,35195.34,3519534,2026-09-21,TX-122057,0,on_time,66954588,1100583
RP-601-2-0,LN-601-0,SYN-10601,4,2026-10-21,26822.65,2682265,26822.65,2682265,2026-10-21,TX-122066,0,on_time,25222692,286063
RP-601-2-1,LN-601-1,SYN-10601,4,2026-10-21,35195.34,3519534,35195.34,3519534,2026-10-30,TX-122067;TX-122068;TX-122072,9,late,64535637,1060821
RP-602-0-0,LN-602-0,SYN-10602,2,2026-08-20,26760.84,2676084,26760.84,2676084,2026-08-23,TX-122082,3,late,73495387,1134009
RP-602-1-0,LN-602-0,SYN-10602,3,2026-09-20,26760.84,2676084,26760.84,2676084,2026-09-26,TX-122094,6,late,71953312,1110216
RP-602-2-0,LN-602-0,SYN-10602,4,2026-10-20,26760.84,2676084,26760.84,2676084,2026-10-29,TX-122104,9,late,70387444,1086055
RP-603-0-0,LN-603-0,SYN-10603,2,2026-08-28,31385.7,3138570,31385.7,3138570,2026-08-28,TX-122117,0,on_time,63528437,895788
RP-603-1-0,LN-603-0,SYN-10603,3,2026-09-28,31385.7,3138570,31385.7,3138570,2026-09-28,TX-122127,0,on_time,61285655,864163
RP-603-2-0,LN-603-0,SYN-10603,4,2026-10-28,31385.7,3138570,31385.7,3138570,2026-10-28,TX-122137,0,on_time,59011248,832093
RP-604-0-0,LN-604-0,SYN-10604,2,2026-08-23,6591.98,659198,6591.98,659198,2026-08-23,TX-122150,0,on_time,18096506,279678
RP-604-1-0,LN-604-0,SYN-10604,3,2026-09-23,6591.98,659198,6591.98,659198,2026-09-23,TX-122162,0,on_time,17716986,273813
RP-604-2-0,LN-604-0,SYN-10604,4,2026-10-23,6591.98,659198,6591.98,659198,2026-10-23,TX-122171,0,on_time,17331601,267857
RP-605-0-0,LN-605-0,SYN-10605,2,2026-08-22,26839.75,2683975,26839.75,2683975,2026-09-03,TX-122184;TX-122189,12,late,29162449,455561
RP-605-1-0,LN-605-0,SYN-10605,3,2026-09-22,26839.75,2683975,26839.75,2683975,2026-10-01,TX-122203,9,late,26934035,420750
RP-605-2-0,LN-605-0,SYN-10605,4,2026-10-22,26839.75,2683975,26839.75,2683975,2026-11-03,TX-122218,12,late,24670810,385395
RP-606-0-0,LN-606-0,SYN-10606,2,2026-08-26,7311.89,731189,7311.89,731189,2026-08-26,TX-122230,0,on_time,8265519,76961
RP-606-1-0,LN-606-0,SYN-10606,3,2026-09-26,7311.89,731189,7311.89,731189,2026-09-26,TX-122243,0,on_time,7611291,70869
RP-606-2-0,LN-606-0,SYN-10606,4,2026-10-26,7311.89,731189,7311.89,731189,2026-10-29,TX-122253,3,late,6950971,64721
RP-607-0-0,LN-607-0,SYN-10607,2,2026-08-25,5612.29,561229,5612.29,561229,2026-08-25,TX-122266,0,on_time,15274343,244039
RP-607-1-0,LN-607-0,SYN-10607,3,2026-09-25,5612.29,561229,5612.29,561229,2026-09-25,TX-122277,0,on_time,14957153,238972
RP-607-2-0,LN-607-0,SYN-10607,4,2026-10-25,5612.29,561229,4309.71,430971,2026-11-03,TX-122294,9,partial,14634896,233823
RP-608-0-0,LN-608-0,SYN-10608,2,2026-08-24,6018.47,601847,6018.47,601847,2026-08-24,TX-122305,0,on_time,17535734,208897
RP-608-1-0,LN-608-0,SYN-10608,3,2026-09-24,6018.47,601847,6018.47,601847,2026-09-24,TX-122315,0,on_time,17142784,204216
RP-608-2-0,LN-608-0,SYN-10608,4,2026-10-24,6018.47,601847,6018.47,601847,2026-11-05,TX-122325;TX-122330,12,late,16745153,199479
RP-609-0-0,LN-609-0,SYN-10609,2,2026-08-20,27485.9,2748590,27485.9,2748590,2026-08-29,TX-122338;TX-122344,9,late,57272568,666008
RP-609-1-0,LN-609-0,SYN-10609,3,2026-09-20,27485.9,2748590,27485.9,2748590,2026-09-29,TX-122353;TX-122360,9,late,55189986,641791
RP-609-2-0,LN-609-0,SYN-10609,4,2026-10-20,27485.9,2748590,27485.9,2748590,2026-10-29,TX-122373,9,late,53083187,617291
RP-611-0-0,LN-611-0,SYN-10611,2,2026-08-24,23934.92,2393492,23934.92,2393492,2026-08-24,TX-122416,0,on_time,25971863,411245
RP-611-0-1,LN-611-1,SYN-10611,2,2026-08-24,10378.37,1037837,10378.37,1037837,2026-08-24,TX-122417,0,on_time,21403800,267615
RP-611-1-0,LN-611-0,SYN-10611,3,2026-09-24,23934.92,2393492,23934.92,2393492,2026-10-06,TX-122434,12,late,23989616,379858
RP-611-1-1,LN-611-1,SYN-10611,3,2026-09-24,10378.37,1037837,10378.37,1037837,2026-10-06,TX-122428;TX-122435,12,late,20633578,257985
RP-611-2-0,LN-611-0,SYN-10611,4,2026-10-24,23934.92,2393492,23934.92,2393492,2026-11-05,TX-122448,12,late,21975982,347973
RP-611-2-1,LN-611-1,SYN-10611,4,2026-10-24,10378.37,1037837,10378.37,1037837,2026-11-05,TX-122449,12,late,19853726,248234
RP-612-0-0,LN-612-0,SYN-10612,2,2026-08-21,56309.45,5630945,56309.45,5630945,2026-08-21,TX-122457,0,on_time,62077008,825309
RP-612-1-0,LN-612-0,SYN-10612,3,2026-09-21,56309.45,5630945,56309.45,5630945,2026-09-21,TX-122473,0,on_time,57271372,761418
RP-612-2-0,LN-612-0,SYN-10612,4,2026-10-21,56309.45,5630945,56309.45,5630945,2026-10-21,TX-122482,0,on_time,52401845,696678
RP-613-0-0,LN-613-0,SYN-10613,2,2026-08-20,42537.67,4253767,42537.67,4253767,2026-08-20,TX-122493,0,on_time,47315796,561611
RP-613-1-0,LN-613-0,SYN-10613,3,2026-09-20,42537.67,4253767,42537.67,4253767,2026-09-20,TX-122502,0,on_time,43623640,517787
RP-613-2-0,LN-613-0,SYN-10613,4,2026-10-20,42537.67,4253767,42537.67,4253767,2026-11-01,TX-122512;TX-122518,12,late,39887660,473443
RP-614-0-0,LN-614-0,SYN-10614,2,2026-08-26,23220.37,2322037,23220.37,2322037,2026-09-01,TX-122530,6,late,25668191,330153
RP-614-1-0,LN-614-0,SYN-10614,3,2026-09-26,23220.37,2322037,23220.37,2322037,2026-10-02,TX-122541,6,late,23676307,304533
RP-614-2-0,LN-614-0,SYN-10614,4,2026-10-26,23220.37,2322037,6096.91,609691,2026-11-04,TX-122553;TX-122555,9,partial,21658803,278583
RP-615-0-0,LN-615-0,SYN-10615,2,2026-08-28,34300.74,3430074,34300.74,3430074,2026-08-31,TX-122567,3,late,37529389,544329
RP-615-1-0,LN-615-0,SYN-10615,3,2026-09-28,34300.74,3430074,34300.74,3430074,2026-10-01,TX-122580,3,late,34643644,502474
RP-615-2-0,LN-615-0,SYN-10615,4,2026-10-28,34300.74,3430074,34300.74,3430074,2026-11-03,TX-122593,6,late,31716044,460012
RP-616-0-0,LN-616-0,SYN-10616,2,2026-08-26,23098.29,2309829,23098.29,2309829,2026-08-26,TX-122602,0,on_time,48551854,528790
RP-616-1-0,LN-616-0,SYN-10616,3,2026-09-26,23098.29,2309829,23098.29,2309829,2026-09-26,TX-122613,0,on_time,46770815,509393
RP-616-2-0,LN-616-0,SYN-10616,4,2026-10-26,23098.29,2309829,23098.29,2309829,2026-10-26,TX-122622,0,on_time,44970379,489784
RP-617-0-0,LN-617-0,SYN-10617,2,2026-08-28,30194.35,3019435,30194.35,3019435,2026-08-28,TX-122636,0,on_time,82105003,1316123
RP-617-1-0,LN-617-0,SYN-10617,3,2026-09-28,30194.35,3019435,30194.35,3019435,2026-09-28,TX-122647,0,on_time,80401691,1288819
RP-617-2-0,LN-617-0,SYN-10617,4,2026-10-28,30194.35,3019435,30194.35,3019435,2026-10-28,TX-122658,0,on_time,78671075,1261078
RP-618-0-0,LN-618-0,SYN-10618,2,2026-08-23,28178.93,2817893,28178.93,2817893,2026-08-23,TX-122671,0,on_time,76952618,1213665
RP-618-1-0,LN-618-0,SYN-10618,3,2026-09-23,28178.93,2817893,28178.93,2817893,2026-10-02,TX-122681;TX-122684,9,late,75348390,1188363
RP-618-2-0,LN-618-0,SYN-10618,4,2026-10-23,28178.93,2817893,28178.93,2817893,2026-10-23,TX-122692,0,on_time,73718860,1162663
RP-619-0-0,LN-619-0,SYN-10619,2,2026-08-22,19047.83,1904783,19047.83,1904783,2026-08-22,TX-122704,0,on_time,51840381,828254
RP-619-1-0,LN-619-0,SYN-10619,3,2026-09-22,19047.83,1904783,19047.83,1904783,2026-09-22,TX-122717,0,on_time,50763852,811054
RP-619-2-0,LN-619-0,SYN-10619,4,2026-10-22,19047.83,1904783,19047.83,1904783,2026-10-22,TX-122727,0,on_time,49670123,793580
RP-621-0-0,LN-621-0,SYN-10621,2,2026-08-26,15711.56,1571156,15711.56,1571156,2026-08-26,TX-122773,0,on_time,33934124,292286
RP-621-0-1,LN-621-1,SYN-10621,2,2026-08-26,8117.49,811749,8117.49,811749,2026-08-26,TX-122774,0,on_time,23030926,310537
RP-621-1-0,LN-621-0,SYN-10621,3,2026-09-26,15711.56,1571156,15711.56,1571156,2026-09-29,TX-122783;TX-122785,3,late,32655254,281271
RP-621-1-1,LN-621-1,SYN-10621,3,2026-09-26,8117.49,811749,8117.49,811749,2026-09-29,TX-122786,3,late,22529714,303779
RP-621-2-0,LN-621-0,SYN-10621,4,2026-10-26,15711.56,1571156,15711.56,1571156,2026-10-29,TX-122796,3,late,31365369,270160
RP-621-2-1,LN-621-1,SYN-10621,4,2026-10-26,8117.49,811749,8117.49,811749,2026-10-29,TX-122794;TX-122797,3,late,22021744,296930
RP-622-0-0,LN-622-0,SYN-10622,2,2026-08-22,5699.27,569927,5699.27,569927,2026-08-22,TX-122806,0,on_time,15848966,232658
RP-622-1-0,LN-622-0,SYN-10622,3,2026-09-22,5699.27,569927,5699.27,569927,2026-09-28,TX-122824,6,late,15511697,227707
RP-622-2-0,LN-622-0,SYN-10622,4,2026-10-22,5699.27,569927,5699.27,569927,2026-10-22,TX-122830,0,on_time,15169477,222683
RP-623-0-0,LN-623-0,SYN-10623,2,2026-08-25,46964.55,4696455,46964.55,4696455,2026-08-25,TX-122846,0,on_time,52632593,562112
RP-623-1-0,LN-623-0,SYN-10623,3,2026-09-25,46964.55,4696455,46964.55,4696455,2026-10-01,TX-122857;TX-122860,6,late,48498250,517957
RP-623-2-0,LN-623-0,SYN-10623,4,2026-10-25,46964.55,4696455,46964.55,4696455,2026-11-03,TX-122872,9,late,44319752,473331
RP-624-0-0,LN-624-0,SYN-10624,2,2026-08-28,24598.61,2459861,24598.61,2459861,2026-09-03,TX-122882;TX-122885,6,late,52893018,475213
RP-624-1-0,LN-624-0,SYN-10624,3,2026-09-28,24598.61,2459861,24598.61,2459861,2026-11-03,TX-122896;TX-122898;TX-122910,36,late,50908370,457382
RP-624-2-0,LN-624-0,SYN-10624,4,2026-10-28,24598.61,2459861,6619.74,661974,2026-11-03,TX-122911,6,partial,49147628,441563
RP-625-0-0,LN-625-0,SYN-10625,2,2026-08-28,15776.89,1577689,15776.89,1577689,2026-08-28,TX-122923,0,on_time,45551451,567066
RP-625-1-0,LN-625-0,SYN-10625,3,2026-09-28,15776.89,1577689,15776.89,1577689,2026-09-28,TX-122934,0,on_time,44540828,554485
RP-625-2-0,LN-625-0,SYN-10625,4,2026-10-28,15776.89,1577689,15776.89,1577689,2026-10-28,TX-122945,0,on_time,43517624,541747
RP-626-0-0,LN-626-0,SYN-10626,2,2026-08-24,6889.19,688919,6889.19,688919,2026-08-24,TX-122957,0,on_time,20530299,217513
RP-626-1-0,LN-626-0,SYN-10626,3,2026-09-24,6889.19,688919,6889.19,688919,2026-09-24,TX-122966,0,on_time,20058893,212519
RP-626-2-0,LN-626-0,SYN-10626,4,2026-10-24,6889.19,688919,6889.19,688919,2026-10-24,TX-122975,0,on_time,19582493,207472
RP-627-0-0,LN-627-0,SYN-10627,2,2026-08-20,36210.08,3621008,36210.08,3621008,2026-08-20,TX-122987,0,on_time,71745073,1143575
RP-627-1-0,LN-627-0,SYN-10627,3,2026-09-20,36210.08,3621008,36210.08,3621008,2026-09-20,TX-122999,0,on_time,69267640,1104086
RP-627-2-0,LN-627-0,SYN-10627,4,2026-10-20,36210.08,3621008,36210.08,3621008,2026-10-20,TX-123009,0,on_time,66750718,1063968
RP-628-0-0,LN-628-0,SYN-10628,2,2026-08-24,5723.48,572348,5723.48,572348,2026-08-24,TX-123026,0,on_time,17591248,154966
RP-628-1-0,LN-628-0,SYN-10628,3,2026-09-24,5723.48,572348,5723.48,572348,2026-09-24,TX-123040,0,on_time,17173866,151289
RP-628-2-0,LN-628-0,SYN-10628,4,2026-10-24,5723.48,572348,5723.48,572348,2026-10-24,TX-123050,0,on_time,16752807,147580
RP-629-0-0,LN-629-0,SYN-10629,2,2026-08-28,15939.79,1593979,15939.79,1593979,2026-08-28,TX-123066,0,on_time,46072300,570571
RP-629-1-0,LN-629-0,SYN-10629,3,2026-09-28,15939.79,1593979,15939.79,1593979,2026-09-28,TX-123077,0,on_time,45048892,557897
RP-629-2-0,LN-629-0,SYN-10629,4,2026-10-28,15939.79,1593979,15939.79,1593979,2026-10-28,TX-123088,0,on_time,44012810,545066
RP-631-0-0,LN-631-0,SYN-10631,2,2026-08-20,9680.61,968061,9680.61,968061,2026-08-20,TX-123124,0,on_time,26371728,419823
RP-631-0-1,LN-631-1,SYN-10631,2,2026-08-20,3526.87,352687,3526.87,352687,2026-08-20,TX-123125,0,on_time,7400322,81698
RP-631-1-0,LN-631-0,SYN-10631,3,2026-09-20,9680.61,968061,9680.61,968061,2026-09-20,TX-123135,0,on_time,25823490,411095
RP-631-1-1,LN-631-1,SYN-10631,3,2026-09-20,3526.87,352687,3526.87,352687,2026-09-20,TX-123136,0,on_time,7129333,78707
RP-631-2-0,LN-631-0,SYN-10631,4,2026-10-20,9680.61,968061,9680.61,968061,2026-10-20,TX-123146,0,on_time,25266524,402228
RP-631-2-1,LN-631-1,SYN-10631,4,2026-10-20,3526.87,352687,3526.87,352687,2026-10-20,TX-123147,0,on_time,6855353,75682
RP-632-0-0,LN-632-0,SYN-10632,2,2026-08-22,26579.18,2657918,26579.18,2657918,2026-08-22,TX-123163,0,on_time,75613562,1007456
RP-632-1-0,LN-632-0,SYN-10632,3,2026-09-22,26579.18,2657918,26579.18,2657918,2026-09-22,TX-123174,0,on_time,73963100,985466
RP-632-2-0,LN-632-0,SYN-10632,4,2026-10-22,26579.18,2657918,26579.18,2657918,2026-10-22,TX-123185,0,on_time,72290648,963183
RP-633-0-0,LN-633-0,SYN-10633,2,2026-08-20,16623.62,1662362,16623.62,1662362,2026-08-23,TX-123198,3,late,48150749,590300
RP-633-1-0,LN-633-0,SYN-10633,3,2026-09-20,16623.62,1662362,16623.62,1662362,2026-09-20,TX-123207,0,on_time,47078687,577157
RP-633-2-0,LN-633-0,SYN-10633,4,2026-10-20,16623.62,1662362,16623.62,1662362,2026-10-20,TX-123217,0,on_time,45993482,563853
RP-634-0-0,LN-634-0,SYN-10634,2,2026-08-26,32155.09,3215509,32155.09,3215509,2026-08-26,TX-123233,0,on_time,64578224,953998
RP-634-1-0,LN-634-0,SYN-10634,3,2026-09-26,32155.09,3215509,32155.09,3215509,2026-10-08,TX-123249,12,late,62316713,920589
RP-634-2-0,LN-634-0,SYN-10634,4,2026-10-26,32155.09,3215509,12653.12,1265312,2026-10-26,TX-123256,0,partial,60021793,886687
RP-635-0-0,LN-635-0,SYN-10635,2,2026-08-20,18287.57,1828757,18287.57,1828757,2026-08-20,TX-123269,0,on_time,20474909,221801
RP-635-1-0,LN-635-0,SYN-10635,3,2026-09-20,18287.57,1828757,18287.57,1828757,2026-09-20,TX-123282,0,on_time,18867953,204393
RP-635-2-0,LN-635-0,SYN-10635,4,2026-10-20,18287.57,1828757,18287.57,1828757,2026-10-20,TX-123293,0,on_time,17243589,186797
RP-636-0-0,LN-636-0,SYN-10636,2,2026-08-22,14909.55,1490955,14909.55,1490955,2026-08-25,TX-123307,3,late,31653845,318142
RP-636-1-0,LN-636-0,SYN-10636,3,2026-09-22,14909.55,1490955,14909.55,1490955,2026-09-22,TX-123315,0,on_time,30481032,306355
RP-636-2-0,LN-636-0,SYN-10636,4,2026-10-22,14909.55,1490955,14909.55,1490955,2026-10-22,TX-123324,0,on_time,29296432,294449
RP-637-0-0,LN-637-0,SYN-10637,2,2026-08-28,6920.58,692058,6920.58,692058,2026-08-28,TX-123340,0,on_time,20473192,225656
RP-637-1-0,LN-637-0,SYN-10637,3,2026-09-28,6920.58,692058,6920.58,692058,2026-10-10,TX-123357,12,late,20006790,220515
RP-637-2-0,LN-637-0,SYN-10637,4,2026-10-28,6920.58,692058,0,0,,,0,missed,19535247,215317
RP-638-0-0,LN-638-0,SYN-10638,2,2026-08-22,17040.02,1704002,17040.02,1704002,2026-08-28,TX-123375,6,late,18941406,226838
RP-638-1-0,LN-638-0,SYN-10638,3,2026-09-22,17040.02,1704002,17040.02,1704002,2026-09-25,TX-123385,3,late,17464242,209147
RP-638-2-0,LN-638-0,SYN-10638,4,2026-10-22,17040.02,1704002,17040.02,1704002,2026-10-31,TX-123397,9,late,15969387,191245
RP-639-0-0,LN-639-0,SYN-10639,2,2026-08-24,63549.7,6354970,63549.7,6354970,2026-08-24,TX-123407,0,on_time,72122175,626597
RP-639-1-0,LN-639-0,SYN-10639,3,2026-09-24,63549.7,6354970,63549.7,6354970,2026-11-02,TX-123419;TX-123424;TX-123433,39,late,66393802,576829
RP-639-2-0,LN-639-0,SYN-10639,4,2026-10-24,63549.7,6354970,0,0,,,0,missed,61704757,536091
RP-641-0-0,LN-641-0,SYN-10641,2,2026-08-21,7365.55,736555,7365.55,736555,2026-09-05,TX-123485,15,late,15303147,181722
RP-641-0-1,LN-641-1,SYN-10641,2,2026-08-21,7710.03,771003,7710.03,771003,2026-08-21,TX-123479,0,on_time,8323411,138667
RP-641-1-0,LN-641-0,SYN-10641,3,2026-09-21,7365.55,736555,2553.8,255380,2026-11-05,TX-123499;TX-123509,45,partial,14748314,175134
RP-641-1-1,LN-641-1,SYN-10641,3,2026-09-21,7710.03,771003,0,0,,,0,missed,7691075,128133
RP-641-2-0,LN-641-0,SYN-10641,4,2026-10-21,7365.55,736555,0,0,,,0,missed,14748314,175134
RP-641-2-1,LN-641-1,SYN-10641,4,2026-10-21,7710.03,771003,0,0,,,0,missed,7691075,128133
RP-642-0-0,LN-642-0,SYN-10642,2,2026-08-21,13724.72,1372472,13724.72,1372472,2026-08-21,TX-123518,0,on_time,28245688,358212
RP-642-1-0,LN-642-0,SYN-10642,3,2026-09-21,13724.72,1372472,13724.72,1372472,2026-10-03,TX-123535,12,late,27231428,345349
RP-642-2-0,LN-642-0,SYN-10642,4,2026-10-21,13724.72,1372472,13724.72,1372472,2026-11-02,TX-123546,12,late,26204305,332323
RP-643-0-0,LN-643-0,SYN-10643,2,2026-08-23,11886.85,1188685,11886.85,1188685,2026-08-29,TX-123558,6,late,33515207,464362
RP-643-1-0,LN-643-0,SYN-10643,3,2026-09-23,11886.85,1188685,11886.85,1188685,2026-09-29,TX-123568,6,late,32790884,454326
RP-643-2-0,LN-643-0,SYN-10643,4,2026-10-23,11886.85,1188685,11886.85,1188685,2026-10-26,TX-123578,3,late,32056525,444151
RP-644-0-0,LN-644-0,SYN-10644,2,2026-08-25,28343.02,2834302,28343.02,2834302,2026-08-25,TX-123592,0,on_time,31298776,407693
RP-644-1-0,LN-644-0,SYN-10644,3,2026-09-25,28343.02,2834302,28343.02,2834302,2026-09-25,TX-123605,0,on_time,28872167,376084
RP-644-2-0,LN-644-0,SYN-10644,4,2026-10-25,28343.02,2834302,28343.02,2834302,2026-10-25,TX-123616,0,on_time,26413949,344064
RP-645-0-0,LN-645-0,SYN-10645,2,2026-08-28,30681.07,3068107,30681.07,3068107,2026-08-28,TX-123631,0,on_time,60929558,959112
RP-645-1-0,LN-645-0,SYN-10645,3,2026-09-28,30681.07,3068107,30681.07,3068107,2026-09-28,TX-123641,0,on_time,58820563,925914
RP-645-2-0,LN-645-0,SYN-10645,4,2026-10-28,30681.07,3068107,30681.07,3068107,2026-10-28,TX-123651,0,on_time,56678370,892193
RP-646-0-0,LN-646-0,SYN-10646,2,2026-08-22,12633.6,1263360,12633.6,1263360,2026-08-22,TX-123662,0,on_time,39046649,331480
RP-646-1-0,LN-646-0,SYN-10646,3,2026-09-22,12633.6,1263360,12633.6,1263360,2026-09-22,TX-123675,0,on_time,38114769,323569
RP-646-2-0,LN-646-0,SYN-10646,4,2026-10-22,12633.6,1263360,12633.6,1263360,2026-10-22,TX-123685,0,on_time,37174978,315591
RP-647-0-0,LN-647-0,SYN-10647,2,2026-08-20,11018.19,1101819,11018.19,1101819,2026-08-20,TX-123697,0,on_time,33794124,301751
RP-647-1-0,LN-647-0,SYN-10647,3,2026-09-20,11018.19,1101819,11018.19,1101819,2026-09-20,TX-123708,0,on_time,32994056,294607
RP-647-2-0,LN-647-0,SYN-10647,4,2026-10-20,11018.19,1101819,0,0,,,0,missed,32186844,287399
RP-648-0-0,LN-648-0,SYN-10648,2,2026-08-28,26472.02,2647202,26472.02,2647202,2026-08-28,TX-123736,0,on_time,81100392,729471
RP-648-1-0,LN-648-0,SYN-10648,3,2026-09-28,26472.02,2647202,26472.02,2647202,2026-09-28,TX-123748,0,on_time,79182661,712222
RP-648-2-0,LN-648-0,SYN-10648,4,2026-10-28,26472.02,2647202,26472.02,2647202,2026-10-28,TX-123757,0,on_time,77247681,694817
RP-649-0-0,LN-649-0,SYN-10649,2,2026-08-23,8213.53,821353,8213.53,821353,2026-08-23,TX-123770,0,on_time,17632452,160809
RP-649-1-0,LN-649-0,SYN-10649,3,2026-09-23,8213.53,821353,8213.53,821353,2026-09-23,TX-123783,0,on_time,16971908,154785
RP-649-2-0,LN-649-0,SYN-10649,4,2026-10-23,8213.53,821353,8213.53,821353,2026-10-23,TX-123794,0,on_time,16305340,148706
RP-651-0-0,LN-651-0,SYN-10651,2,2026-08-21,18655.68,1865568,18655.68,1865568,2026-08-21,TX-123837,0,on_time,20861722,230007
RP-651-0-1,LN-651-1,SYN-10651,2,2026-08-21,13600.15,1360015,13600.15,1360015,2026-08-21,TX-123838,0,on_time,26732527,444589
RP-651-1-0,LN-651-0,SYN-10651,3,2026-09-21,18655.68,1865568,18655.68,1865568,2026-09-30,TX-123851;TX-123855,9,late,19226161,211975
RP-651-1-1,LN-651-1,SYN-10651,3,2026-09-21,13600.15,1360015,13600.15,1360015,2026-10-03,TX-123857,12,late,25817101,429364
RP-651-2-0,LN-651-0,SYN-10651,4,2026-10-21,18655.68,1865568,18655.68,1865568,2026-10-30,TX-123867,9,late,17572568,193743
RP-651-2-1,LN-651-1,SYN-10651,4,2026-10-21,13600.15,1360015,13600.15,1360015,2026-10-30,TX-123868,9,late,24886450,413887
RP-652-0-0,LN-652-0,SYN-10652,2,2026-08-22,19644.46,1964446,19644.46,1964446,2026-08-22,TX-123878,0,on_time,53808496,838834
RP-652-1-0,LN-652-0,SYN-10652,3,2026-09-22,19644.46,1964446,19644.46,1964446,2026-10-01,TX-123888;TX-123889;TX-123893,9,late,52682884,821287
RP-652-2-0,LN-652-0,SYN-10652,4,2026-10-22,19644.46,1964446,19644.46,1964446,2026-10-22,TX-123900,0,on_time,51539725,803466
RP-653-0-0,LN-653-0,SYN-10653,2,2026-08-25,22361.1,2236110,22361.1,2236110,2026-08-25,TX-123913,0,on_time,44913675,663064
RP-653-1-0,LN-653-0,SYN-10653,3,2026-09-25,22361.1,2236110,22361.1,2236110,2026-09-25,TX-123927,0,on_time,43340629,639841
RP-653-2-0,LN-653-0,SYN-10653,4,2026-10-25,22361.1,2236110,22361.1,2236110,2026-10-25,TX-123938,0,on_time,41744360,616275
RP-654-0-0,LN-654-0,SYN-10654,2,2026-08-27,29010.3,2901030,29010.3,2901030,2026-08-27,TX-123952,0,on_time,32063743,413168
RP-654-1-0,LN-654-0,SYN-10654,3,2026-09-27,29010.3,2901030,29010.3,2901030,2026-09-27,TX-123963,0,on_time,29575881,381110
RP-654-2-0,LN-654-0,SYN-10654,4,2026-10-27,29010.3,2901030,29010.3,2901030,2026-11-02,TX-123972;TX-123973;TX-123975,6,late,27055961,348639
RP-655-0-0,LN-655-0,SYN-10655,2,2026-08-26,17370.44,1737044,17370.44,1737044,2026-08-26,TX-123986,0,on_time,36446316,402495
RP-655-1-0,LN-655-0,SYN-10655,3,2026-09-26,17370.44,1737044,17370.44,1737044,2026-09-26,TX-123995,0,on_time,35111767,387757
RP-655-2-0,LN-655-0,SYN-10655,4,2026-10-26,17370.44,1737044,17370.44,1737044,2026-11-01,TX-124008,6,late,33762480,372856
RP-656-0-0,LN-656-0,SYN-10656,2,2026-08-21,23296.84,2329684,23296.84,2329684,2026-08-21,TX-124018,0,on_time,71789409,621708
RP-656-1-0,LN-656-0,SYN-10656,3,2026-09-21,23296.84,2329684,23296.84,2329684,2026-09-21,TX-124029,0,on_time,70081433,606917
RP-656-2-0,LN-656-0,SYN-10656,4,2026-10-21,23296.84,2329684,23296.84,2329684,2026-10-21,TX-124040,0,on_time,68358666,591997
RP-657-0-0,LN-657-0,SYN-10657,2,2026-08-20,75207.26,7520726,75207.26,7520726,2026-08-20,TX-124054,0,on_time,82257183,1197740
RP-657-1-0,LN-657-0,SYN-10657,3,2026-09-20,75207.26,7520726,75207.26,7520726,2026-10-02,TX-124067;TX-124072,12,late,75934197,1105672
RP-657-2-0,LN-657-0,SYN-10657,4,2026-10-20,75207.26,7520726,75207.26,7520726,2026-11-01,TX-124084,12,late,69519143,1012262
RP-658-0-0,LN-658-0,SYN-10658,2,2026-08-21,11754.08,1175408,11754.08,1175408,2026-08-21,TX-124096,0,on_time,13013754,164100
RP-658-1-0,LN-658-0,SYN-10658,3,2026-09-21,11754.08,1175408,11754.08,1175408,2026-10-03,TX-124106;TX-124110,12,late,12002446,151348
RP-658-2-0,LN-658-0,SYN-10658,4,2026-10-21,11754.08,1175408,11754.08,1175408,2026-11-02,TX-124122,12,late,10978386,138435
RP-659-0-0,LN-659-0,SYN-10659,2,2026-08-27,22837.01,2283701,22837.01,2283701,2026-08-30,TX-124134,3,late,47982280,524306
RP-659-1-0,LN-659-0,SYN-10659,3,2026-09-27,22837.01,2283701,22837.01,2283701,2026-09-30,TX-124146,3,late,46222885,505081
RP-659-2-0,LN-659-0,SYN-10659,4,2026-10-27,22837.01,2283701,22837.01,2283701,2026-11-02,TX-124156,6,late,44444265,485646
RP-661-0-0,LN-661-0,SYN-10661,2,2026-08-27,8315.92,831592,8315.92,831592,2026-08-27,TX-124195,0,on_time,16397532,268214
RP-661-0-1,LN-661-1,SYN-10661,2,2026-08-27,22227.23,2222723,22227.23,2222723,2026-08-27,TX-124196,0,on_time,47761483,431824
RP-661-1-0,LN-661-0,SYN-10661,3,2026-09-27,8315.92,831592,8315.92,831592,2026-09-27,TX-124210,0,on_time,15834154,258999
RP-661-1-1,LN-661-1,SYN-10661,3,2026-09-27,22227.23,2222723,22227.23,2222723,2026-10-03,TX-124211;TX-124212;TX-124216,6,late,45970584,415632
RP-661-2-0,LN-661-0,SYN-10661,4,2026-10-27,8315.92,831592,8315.92,831592,2026-11-02,TX-124224;TX-124225;TX-124228,6,late,15261561,249633
RP-661-2-1,LN-661-1,SYN-10661,4,2026-10-27,22227.23,2222723,22227.23,2222723,2026-11-02,TX-124229,6,late,44163493,399293
RP-662-0-0,LN-662-0,SYN-10662,2,2026-08-22,47155.64,4715564,47155.64,4715564,2026-08-22,TX-124238,0,on_time,51592574,748578
RP-662-1-0,LN-662-0,SYN-10662,3,2026-09-22,47155.64,4715564,47155.64,4715564,2026-09-22,TX-124249,0,on_time,47625588,691020
RP-662-2-0,LN-662-0,SYN-10662,4,2026-10-22,47155.64,4715564,47155.64,4715564,2026-10-22,TX-124260,0,on_time,43601044,632626
RP-663-0-0,LN-663-0,SYN-10663,2,2026-08-26,14479.41,1447941,14479.41,1447941,2026-08-26,TX-124277,0,on_time,43457952,442449
RP-663-1-0,LN-663-0,SYN-10663,3,2026-09-26,14479.41,1447941,14479.41,1447941,2026-10-02,TX-124288;TX-124290,6,late,42452460,432212
RP-663-2-0,LN-663-0,SYN-10663,4,2026-10-26,14479.41,1447941,14479.41,1447941,2026-11-01,TX-124298;TX-124299;TX-124301,6,late,41436731,421871
RP-664-0-0,LN-664-0,SYN-10664,2,2026-08-22,13523.87,1352387,13523.87,1352387,2026-08-22,TX-124310,0,on_time,14694273,229537
RP-664-1-0,LN-664-0,SYN-10664,3,2026-09-22,13523.87,1352387,13523.87,1352387,2026-09-28,TX-124321;TX-124324,6,late,13571423,211997
RP-664-2-0,LN-664-0,SYN-10664,4,2026-10-22,13523.87,1352387,13523.87,1352387,2026-10-28,TX-124331;TX-124332;TX-124335,6,late,12431033,194183
RP-665-0-0,LN-665-0,SYN-10665,2,2026-08-22,5709.21,570921,5709.21,570921,2026-08-22,TX-124346,0,on_time,11402130,173927
RP-665-1-0,LN-665-0,SYN-10665,3,2026-09-22,5709.21,570921,5709.21,570921,2026-09-22,TX-124356,0,on_time,11005136,167871
RP-665-2-0,LN-665-0,SYN-10665,4,2026-10-22,5709.21,570921,5709.21,570921,2026-10-22,TX-124366,0,on_time,10602086,161723
RP-666-0-0,LN-666-0,SYN-10666,2,2026-08-22,7699.81,769981,7699.81,769981,2026-08-28,TX-124384,6,late,22656433,256828
RP-666-1-0,LN-666-0,SYN-10666,3,2026-09-22,7699.81,769981,7699.81,769981,2026-09-25,TX-124392;TX-124393,3,late,22143280,251011
RP-666-2-0,LN-666-0,SYN-10666,4,2026-10-22,7699.81,769981,7699.81,769981,2026-10-28,TX-124404;TX-124405;TX-124409,6,late,21624310,245128
RP-667-0-0,LN-667-0,SYN-10667,2,2026-08-28,23332.25,2333225,23332.25,2333225,2026-09-03,TX-124422;TX-124425,6,late,45989692,753763
RP-667-1-0,LN-667-0,SYN-10667,3,2026-09-28,23332.25,2333225,23332.25,2333225,2026-10-01,TX-124438,3,late,44410230,727876
RP-667-2-0,LN-667-0,SYN-10667,4,2026-10-28,23332.25,2333225,23332.25,2333225,2026-11-03,TX-124449,6,late,42804881,701565
RP-668-0-0,LN-668-0,SYN-10668,2,2026-08-27,9055.23,905523,9055.23,905523,2026-08-27,TX-124460,0,on_time,25932130,335322
RP-668-1-0,LN-668-0,SYN-10668,3,2026-09-27,9055.23,905523,9055.23,905523,2026-09-27,TX-124472,0,on_time,25361929,327949
RP-668-2-0,LN-668-0,SYN-10668,4,2026-10-27,9055.23,905523,9055.23,905523,2026-10-27,TX-124482,0,on_time,24784355,320480
RP-669-0-0,LN-669-0,SYN-10669,2,2026-08-26,32083.97,3208397,32083.97,3208397,2026-08-26,TX-124496,0,on_time,34700417,567786
RP-669-1-0,LN-669-0,SYN-10669,3,2026-09-26,32083.97,3208397,32083.97,3208397,2026-11-01,TX-124509;TX-124520,36,late,32059806,524579
RP-669-2-0,LN-669-0,SYN-10669,4,2026-10-26,32083.97,3208397,7665.05,766505,2026-11-01,TX-124521,6,partial,31780593,520010
RP-671-0-0,LN-671-0,SYN-10671,2,2026-08-23,54802.85,5480285,54802.85,5480285,2026-08-23,TX-124562,0,on_time,60082609,851986
RP-671-0-1,LN-671-1,SYN-10671,2,2026-08-23,19605.91,1960591,19605.91,1960591,2026-08-23,TX-124563,0,on_time,21590918,290747
RP-671-1-0,LN-671-0,SYN-10671,3,2026-09-23,54802.85,5480285,54802.85,5480285,2026-09-26,TX-124578,3,late,55454310,786356
RP-671-1-1,LN-671-1,SYN-10671,3,2026-09-23,19605.91,1960591,19605.91,1960591,2026-09-23,TX-124575,0,on_time,19921074,268261
RP-671-2-0,LN-671-0,SYN-10671,4,2026-10-23,54802.85,5480285,54802.85,5480285,2026-10-23,TX-124586,0,on_time,50760381,719795
RP-671-2-1,LN-671-1,SYN-10671,4,2026-10-23,19605.91,1960591,19605.91,1960591,2026-11-01,TX-124591,9,late,18228744,245471
RP-672-0-0,LN-672-0,SYN-10672,2,2026-08-26,11743.58,1174358,11743.58,1174358,2026-08-26,TX-124603,0,on_time,24772267,262398
RP-672-1-0,LN-672-0,SYN-10672,3,2026-09-26,11743.58,1174358,11743.58,1174358,2026-09-26,TX-124615,0,on_time,23860307,252738
RP-672-2-0,LN-672-0,SYN-10672,4,2026-10-26,11743.58,1174358,11743.58,1174358,2026-10-26,TX-124625,0,on_time,22938687,242976
RP-673-0-0,LN-673-0,SYN-10673,2,2026-08-20,25867.3,2586730,25867.3,2586730,2026-09-01,TX-124642,12,late,54100939,612084
RP-673-1-0,LN-673-0,SYN-10673,3,2026-09-20,25867.3,2586730,25867.3,2586730,2026-10-02,TX-124654,12,late,52126293,589744
RP-673-2-0,LN-673-0,SYN-10673,4,2026-10-20,25867.3,2586730,25867.3,2586730,2026-11-01,TX-124661;TX-124667,12,late,50129307,567150
RP-674-0-0,LN-674-0,SYN-10674,2,2026-08-28,8700.45,870045,8700.45,870045,2026-08-28,TX-124680,0,on_time,17263482,273023
RP-674-1-0,LN-674-0,SYN-10674,3,2026-09-28,8700.45,870045,8700.45,870045,2026-09-28,TX-124691,0,on_time,16666460,263581
RP-674-2-0,LN-674-0,SYN-10674,4,2026-10-28,8700.45,870045,8700.45,870045,2026-10-28,TX-124702,0,on_time,16059996,253990
RP-675-0-0,LN-675-0,SYN-10675,2,2026-08-27,18237.77,1823777,18237.77,1823777,2026-08-27,TX-124716,0,on_time,36542534,547145
RP-675-1-0,LN-675-0,SYN-10675,3,2026-09-27,18237.77,1823777,18237.77,1823777,2026-09-27,TX-124726,0,on_time,35265902,528030
RP-675-2-0,LN-675-0,SYN-10675,4,2026-10-27,18237.77,1823777,18237.77,1823777,2026-10-27,TX-124736,0,on_time,33970155,508629
RP-676-0-0,LN-676-0,SYN-10676,2,2026-08-22,61891.9,6189190,61891.9,6189190,2026-08-28,TX-124747;TX-124748;TX-124751,6,late,67083775,1074341
RP-676-1-0,LN-676-0,SYN-10676,3,2026-09-22,61891.9,6189190,61891.9,6189190,2026-09-28,TX-124761,6,late,61968926,992427
RP-676-2-0,LN-676-0,SYN-10676,4,2026-10-22,61891.9,6189190,61891.9,6189190,2026-10-28,TX-124773,6,late,56772163,909201
RP-677-0-0,LN-677-0,SYN-10677,2,2026-08-28,64254.26,6425426,64254.26,6425426,2026-08-28,TX-124785,0,on_time,69808427,1091536
RP-677-1-0,LN-677-0,SYN-10677,3,2026-09-28,64254.26,6425426,64254.26,6425426,2026-09-28,TX-124794,0,on_time,64474537,1008135
RP-677-2-0,LN-677-0,SYN-10677,4,2026-10-28,64254.26,6425426,64254.26,6425426,2026-11-03,TX-124803;TX-124804;TX-124807,6,late,59057246,923429
RP-678-0-0,LN-678-0,SYN-10678,2,2026-08-25,15547.25,1554725,15547.25,1554725,2026-08-25,TX-124816,0,on_time,42736107,657146
RP-678-1-0,LN-678-0,SYN-10678,3,2026-09-25,15547.25,1554725,15547.25,1554725,2026-09-25,TX-124829,0,on_time,41838528,643344
RP-678-2-0,LN-678-0,SYN-10678,4,2026-10-25,15547.25,1554725,15547.25,1554725,2026-10-25,TX-124838,0,on_time,40927147,629330
RP-679-0-0,LN-679-0,SYN-10679,2,2026-08-22,31558.99,3155899,31558.99,3155899,2026-09-03,TX-124851;TX-124856,12,late,34694771,476697
RP-679-1-0,LN-679-0,SYN-10679,3,2026-09-22,31558.99,3155899,31558.99,3155899,2026-10-01,TX-124863;TX-124866,9,late,32015569,439886
RP-679-2-0,LN-679-0,SYN-10679,4,2026-10-22,31558.99,3155899,31558.99,3155899,2026-11-03,TX-124878,12,late,29299556,402569
RP-681-0-0,LN-681-0,SYN-10681,2,2026-08-23,36348.86,3634886,36348.86,3634886,2026-08-23,TX-124920,0,on_time,99070126,1574158
RP-681-0-1,LN-681-1,SYN-10681,2,2026-08-23,31584.79,3158479,31584.79,3158479,2026-09-01,TX-124921;TX-124925,9,late,88697374,1250138
RP-681-1-0,LN-681-0,SYN-10681,3,2026-09-23,36348.86,3634886,36348.86,3634886,2026-10-02,TX-124937,9,late,97009398,1541415
RP-681-1-1,LN-681-1,SYN-10681,3,2026-09-23,31584.79,3158479,31584.79,3158479,2026-10-02,TX-124938,9,late,86789033,1223241
RP-681-2-0,LN-681-0,SYN-10681,4,2026-10-23,36348.86,3634886,36348.86,3634886,2026-11-01,TX-124949,9,late,94915927,1508151
RP-681-2-1,LN-681-1,SYN-10681,4,2026-10-23,31584.79,3158479,31584.79,3158479,2026-11-01,TX-124950,9,late,84853795,1195965
RP-682-0-0,LN-682-0,SYN-10682,2,2026-08-22,16905.01,1690501,16905.01,1690501,2026-08-22,TX-124961,0,on_time,46285548,722718
RP-682-1-0,LN-682-0,SYN-10682,3,2026-09-22,16905.01,1690501,16905.01,1690501,2026-09-22,TX-124975,0,on_time,45317765,707607
RP-682-2-0,LN-682-0,SYN-10682,4,2026-10-22,16905.01,1690501,16905.01,1690501,2026-10-22,TX-124986,0,on_time,44334871,692259
RP-683-0-0,LN-683-0,SYN-10683,2,2026-08-24,11744.42,1174442,11744.42,1174442,2026-08-24,TX-125000,0,on_time,13027484,160376
RP-683-1-0,LN-683-0,SYN-10683,3,2026-09-24,11744.42,1174442,11744.42,1174442,2026-10-06,TX-125009;TX-125015,12,late,12013418,147892
RP-683-2-0,LN-683-0,SYN-10683,4,2026-10-24,11744.42,1174442,11744.42,1174442,2026-11-05,TX-125019;TX-125026,12,late,10986868,135255
RP-684-0-0,LN-684-0,SYN-10684,2,2026-08-21,10358.47,1035847,10358.47,1035847,2026-08-24,TX-125035,3,late,30861669,327399
RP-684-1-0,LN-684-0,SYN-10684,3,2026-09-21,10358.47,1035847,10358.47,1035847,2026-09-27,TX-125045,6,late,30153221,319883
RP-684-2-0,LN-684-0,SYN-10684,4,2026-10-21,10358.47,1035847,10358.47,1035847,2026-10-27,TX-125054,6,late,29437257,312288
RP-685-0-0,LN-685-0,SYN-10685,2,2026-08-26,48249.78,4824978,48249.78,4824978,2026-08-29,TX-125068,3,late,52684987,781200
RP-685-1-0,LN-685-0,SYN-10685,3,2026-09-26,48249.78,4824978,48249.78,4824978,2026-09-29,TX-125081,3,late,48641209,721240
RP-685-2-0,LN-685-0,SYN-10685,4,2026-10-26,48249.78,4824978,48249.78,4824978,2026-10-29,TX-125092,3,late,44537471,660390
RP-686-0-0,LN-686-0,SYN-10686,2,2026-08-20,17344.42,1734442,17344.42,1734442,2026-08-20,TX-125100,0,on_time,34428627,543304
RP-686-1-0,LN-686-0,SYN-10686,3,2026-09-20,17344.42,1734442,17344.42,1734442,2026-10-02,TX-125109;TX-125114,12,late,33237489,524507
RP-686-2-0,LN-686-0,SYN-10686,4,2026-10-20,17344.42,1734442,17344.42,1734442,2026-10-20,TX-125119,0,on_time,32027554,505413
RP-687-0-0,LN-687-0,SYN-10687,2,2026-08-22,13006.24,1300624,13006.24,1300624,2026-08-22,TX-125135,0,on_time,35045473,581162
RP-687-1-0,LN-687-0,SYN-10687,3,2026-09-22,13006.24,1300624,13006.24,1300624,2026-09-22,TX-125145,0,on_time,34326011,569231
RP-687-2-0,LN-687-0,SYN-10687,4,2026-10-22,13006.24,1300624,13006.24,1300624,2026-10-22,TX-125155,0,on_time,33594618,557102
RP-688-0-0,LN-688-0,SYN-10688,2,2026-08-21,10069.61,1006961,10069.61,1006961,2026-08-21,TX-125169,0,on_time,27762045,421902
RP-688-1-0,LN-688-0,SYN-10688,3,2026-09-21,10069.61,1006961,10069.61,1006961,2026-09-21,TX-125179,0,on_time,27176986,413011
RP-688-2-0,LN-688-0,SYN-10688,4,2026-10-21,10069.61,1006961,10069.61,1006961,2026-10-21,TX-125189,0,on_time,26583036,403985
RP-689-0-0,LN-689-0,SYN-10689,2,2026-08-27,31371.74,3137174,31371.74,3137174,2026-08-27,TX-125202,0,on_time,35174834,372982
RP-689-1-0,LN-689-0,SYN-10689,3,2026-09-27,31371.74,3137174,31371.74,3137174,2026-09-27,TX-125214,0,on_time,32410642,343672
RP-689-2-0,LN-689-0,SYN-10689,4,2026-10-27,31371.74,3137174,31371.74,3137174,2026-10-27,TX-125224,0,on_time,29617140,314050
RP-691-0-0,LN-691-0,SYN-10691,2,2026-08-20,5313.51,531351,5313.51,531351,2026-08-20,TX-125260,0,on_time,14655676,222346
RP-691-0-1,LN-691-1,SYN-10691,2,2026-08-20,19748.12,1974812,19748.12,1974812,2026-08-20,TX-125261,0,on_time,22416592,194034
RP-691-1-0,LN-691-0,SYN-10691,3,2026-09-20,5313.51,531351,5313.51,531351,2026-09-20,TX-125271,0,on_time,14346671,217658
RP-691-1-1,LN-691-1,SYN-10691,3,2026-09-20,19748.12,1974812,19748.12,1974812,2026-09-20,TX-125272,0,on_time,20635814,178620
RP-691-2-0,LN-691-0,SYN-10691,4,2026-10-20,5313.51,531351,5313.51,531351,2026-10-20,TX-125282,0,on_time,14032978,212899
RP-691-2-1,LN-691-1,SYN-10691,4,2026-10-20,19748.12,1974812,19748.12,1974812,2026-10-20,TX-125283,0,on_time,18839622,163073
RP-692-0-0,LN-692-0,SYN-10692,2,2026-08-22,23827.01,2382701,23827.01,2382701,2026-09-06,TX-125298;TX-125305,15,late,26697724,285908
RP-692-1-0,LN-692-0,SYN-10692,3,2026-09-22,23827.01,2382701,23827.01,2382701,2026-10-07,TX-125320,15,late,24600931,263453
RP-692-2-0,LN-692-0,SYN-10692,4,2026-10-22,23827.01,2382701,0,0,,,0,missed,22481683,240758
RP-693-0-0,LN-693-0,SYN-10693,2,2026-08-27,59725.34,5972534,59725.34,5972534,2026-08-27,TX-125342,0,on_time,67717342,598508
RP-693-1-0,LN-693-0,SYN-10693,3,2026-09-27,59725.34,5972534,59725.34,5972534,2026-09-27,TX-125352,0,on_time,62343316,551011
RP-693-2-0,LN-693-0,SYN-10693,4,2026-10-27,59725.34,5972534,59725.34,5972534,2026-10-27,TX-125362,0,on_time,56921793,503094
RP-694-0-0,LN-694-0,SYN-10694,2,2026-08-21,17398.06,1739806,17398.06,1739806,2026-08-21,TX-125374,0,on_time,34216557,567422
RP-694-1-0,LN-694-0,SYN-10694,3,2026-09-21,17398.06,1739806,17398.06,1739806,2026-09-21,TX-125384,0,on_time,33044173,547980
RP-694-2-0,LN-694-0,SYN-10694,4,2026-10-21,17398.06,1739806,17398.06,1739806,2026-10-21,TX-125394,0,on_time,31852347,528215
RP-695-0-0,LN-695-0,SYN-10695,2,2026-08-24,24953.54,2495354,24125.95,2412595,2026-11-01,TX-125408;TX-125425;TX-125431,69,partial,27623290,349039
RP-695-1-0,LN-695-0,SYN-10695,3,2026-09-24,24953.54,2495354,1465.17,146517,2026-11-02,TX-125433,39,partial,26235305,331501
RP-695-2-0,LN-695-0,SYN-10695,4,2026-10-24,24953.54,2495354,0,0,,,0,missed,26035500,328976
RP-696-0-0,LN-696-0,SYN-10696,2,2026-08-23,13522.94,1352294,13522.94,1352294,2026-08-23,TX-125443,0,on_time,27601605,369475
RP-696-1-0,LN-696-0,SYN-10696,3,2026-09-23,13522.94,1352294,13522.94,1352294,2026-10-02,TX-125452;TX-125456,9,late,26618786,356319
RP-696-2-0,LN-696-0,SYN-10696,4,2026-10-23,13522.94,1352294,13522.94,1352294,2026-11-01,TX-125466,9,late,25622811,342987
RP-697-0-0,LN-697-0,SYN-10697,2,2026-08-26,12825.9,1282590,12825.9,1282590,2026-08-26,TX-125478,0,on_time,25474720,400681
RP-697-1-0,LN-697-0,SYN-10697,3,2026-09-26,12825.9,1282590,12825.9,1282590,2026-09-26,TX-125488,0,on_time,24592811,386810
RP-697-2-0,LN-697-0,SYN-10697,4,2026-10-26,12825.9,1282590,12825.9,1282590,2026-10-26,TX-125498,0,on_time,23697031,372721
RP-698-0-0,LN-698-0,SYN-10698,2,2026-08-24,20320.17,2032017,20320.17,2032017,2026-08-30,TX-125511;TX-125516,6,late,58410827,742353
RP-698-1-0,LN-698-0,SYN-10698,3,2026-09-24,20320.17,2032017,20320.17,2032017,2026-09-30,TX-125530,6,late,57121163,725962
RP-698-2-0,LN-698-0,SYN-10698,4,2026-10-24,20320.17,2032017,20320.17,2032017,2026-10-30,TX-125543,6,late,55815108,709364
RP-699-0-0,LN-699-0,SYN-10699,2,2026-08-25,8743.24,874324,8743.24,874324,2026-08-25,TX-125553,0,on_time,25531771,300800
RP-699-1-0,LN-699-0,SYN-10699,3,2026-09-25,8743.24,874324,8743.24,874324,2026-09-28,TX-125565;TX-125568,3,late,24958247,294044
RP-699-2-0,LN-699-0,SYN-10699,4,2026-10-25,8743.24,874324,8743.24,874324,2026-10-28,TX-125575;TX-125578,3,late,24377967,287207
RP-701-0-0,LN-701-0,SYN-10701,2,2026-08-22,20367.01,2036701,20367.01,2036701,2026-08-22,TX-125615,0,on_time,42996309,452611
RP-701-0-1,LN-701-1,SYN-10701,2,2026-08-22,66626.15,6662615,66626.15,6662615,2026-08-22,TX-125616,0,on_time,75010764,746545
RP-701-1-0,LN-701-0,SYN-10701,3,2026-09-22,20367.01,2036701,20367.01,2036701,2026-09-22,TX-125626,0,on_time,41412219,435936
RP-701-1-1,LN-701-1,SYN-10701,3,2026-09-22,66626.15,6662615,41061.26,4106126,2026-10-07,TX-125627;TX-125633,15,partial,69094694,687665
RP-701-2-0,LN-701-0,SYN-10701,4,2026-10-22,20367.01,2036701,0,0,,,0,missed,39811454,419085
RP-701-2-1,LN-701-1,SYN-10701,4,2026-10-22,66626.15,6662615,0,0,,,0,missed,65676233,653643
RP-702-0-0,LN-702-0,SYN-10702,2,2026-08-25,57789.77,5778977,57789.77,5778977,2026-08-25,TX-125653,0,on_time,65460032,588453
RP-702-1-0,LN-702-0,SYN-10702,3,2026-09-25,57789.77,5778977,57789.77,5778977,2026-09-25,TX-125662,0,on_time,60269508,541793
RP-702-2-0,LN-702-0,SYN-10702,4,2026-10-25,57789.77,5778977,57789.77,5778977,2026-10-25,TX-125671,0,on_time,55032324,494713
RP-703-0-0,LN-703-0,SYN-10703,2,2026-08-20,17437.32,1743732,17437.32,1743732,2026-08-20,TX-125681,0,on_time,37326186,349401
RP-703-1-0,LN-703-0,SYN-10703,3,2026-09-20,17437.32,1743732,17437.32,1743732,2026-09-20,TX-125695,0,on_time,35931855,336349
RP-703-2-0,LN-703-0,SYN-10703,4,2026-10-20,17437.32,1743732,17437.32,1743732,2026-10-20,TX-125707,0,on_time,34524472,323175
RP-704-0-0,LN-704-0,SYN-10704,2,2026-08-24,4324.54,432454,4324.54,432454,2026-08-24,TX-125723,0,on_time,8747163,123874
RP-704-1-0,LN-704-0,SYN-10704,3,2026-09-24,4324.54,432454,4324.54,432454,2026-10-03,TX-125737,9,late,8438583,119504
RP-704-2-0,LN-704-0,SYN-10704,4,2026-10-24,4324.54,432454,4324.54,432454,2026-11-02,TX-125746,9,late,8125633,115073
RP-705-0-0,LN-705-0,SYN-10705,2,2026-08-24,4499.3,449930,4499.3,449930,2026-08-30,TX-125760,6,late,9114666,127875
RP-705-1-0,LN-705-0,SYN-10705,3,2026-09-24,4499.3,449930,4499.3,449930,2026-09-30,TX-125773,6,late,8792611,123357
RP-705-2-0,LN-705-0,SYN-10705,4,2026-10-24,4499.3,449930,4499.3,449930,2026-10-30,TX-125781;TX-125785,6,late,8466038,118775
RP-706-0-0,LN-706-0,SYN-10706,2,2026-08-22,23802.75,2380275,23802.75,2380275,2026-08-22,TX-125796,0,on_time,64263880,1057966
RP-706-1-0,LN-706-0,SYN-10706,3,2026-09-22,23802.75,2380275,23802.75,2380275,2026-10-01,TX-125809;TX-125810;TX-125814,9,late,62941571,1036197
RP-706-2-0,LN-706-0,SYN-10706,4,2026-10-22,23802.75,2380275,23802.75,2380275,2026-10-22,TX-125821,0,on_time,61597493,1014069
RP-707-0-0,LN-707-0,SYN-10707,2,2026-08-22,7599.7,759970,7599.7,759970,2026-08-22,TX-125834,0,on_time,15335630,220273
RP-707-1-0,LN-707-0,SYN-10707,3,2026-09-22,7599.7,759970,7599.7,759970,2026-09-22,TX-125844,0,on_time,14795933,212521
RP-707-2-0,LN-707-0,SYN-10707,4,2026-10-22,7599.7,759970,7599.7,759970,2026-10-22,TX-125855,0,on_time,14248484,204658
RP-708-0-0,LN-708-0,SYN-10708,2,2026-08-24,14645.89,1464589,14645.89,1464589,2026-08-24,TX-125871,0,on_time,31687605,268333
RP-708-1-0,LN-708-0,SYN-10708,3,2026-09-24,14645.89,1464589,14645.89,1464589,2026-09-30,TX-125889,6,late,30491349,258203
RP-708-2-0,LN-708-0,SYN-10708,4,2026-10-24,14645.89,1464589,14645.89,1464589,2026-10-30,TX-125897;TX-125900,6,late,29284963,247988
RP-709-0-0,LN-709-0,SYN-10709,2,2026-08-24,31296.92,3129692,31296.92,3129692,2026-08-24,TX-125911,0,on_time,34811318,413361
RP-709-1-0,LN-709-0,SYN-10709,3,2026-09-24,31296.92,3129692,31296.92,3129692,2026-09-24,TX-125922,0,on_time,32094987,381107
RP-709-2-0,LN-709-0,SYN-10709,4,2026-10-24,31296.92,3129692,31296.92,3129692,2026-10-24,TX-125933,0,on_time,29346402,348469
RP-711-0-0,LN-711-0,SYN-10711,2,2026-08-27,16870.43,1687043,16870.43,1687043,2026-08-27,TX-125981,0,on_time,50338242,529646
RP-711-0-1,LN-711-1,SYN-10711,2,2026-08-27,18191.48,1819148,18191.48,1819148,2026-08-27,TX-125982,0,on_time,54330920,568695
RP-711-1-0,LN-711-0,SYN-10711,3,2026-09-27,16870.43,1687043,16870.43,1687043,2026-09-27,TX-125992,0,on_time,49180845,517469
RP-711-1-1,LN-711-1,SYN-10711,3,2026-09-27,18191.48,1819148,18191.48,1819148,2026-09-27,TX-125993,0,on_time,53080467,555607
RP-711-2-0,LN-711-0,SYN-10711,4,2026-10-27,16870.43,1687043,16870.43,1687043,2026-10-27,TX-126003,0,on_time,48011271,505163
RP-711-2-1,LN-711-1,SYN-10711,4,2026-10-27,18191.48,1819148,18191.48,1819148,2026-10-27,TX-126004,0,on_time,51816926,542381
RP-712-0-0,LN-712-0,SYN-10712,2,2026-08-23,11754.87,1175487,11754.87,1175487,2026-08-23,TX-126016,0,on_time,13078040,154786
RP-712-1-0,LN-712-0,SYN-10712,3,2026-09-23,11754.87,1175487,11754.87,1175487,2026-09-23,TX-126027,0,on_time,12057339,142706
RP-712-2-0,LN-712-0,SYN-10712,4,2026-10-23,11754.87,1175487,2826.03,282603,2026-10-23,TX-126038,0,partial,11024558,130482
RP-713-0-0,LN-713-0,SYN-10713,2,2026-08-21,21491.65,2149165,21491.65,2149165,2026-08-21,TX-126053,0,on_time,43162561,637623
RP-713-1-0,LN-713-0,SYN-10713,3,2026-09-21,21491.65,2149165,21491.65,2149165,2026-11-02,TX-126069;TX-126070;TX-126080,42,late,41651019,615293
RP-713-2-0,LN-713-0,SYN-10713,4,2026-10-21,21491.65,2149165,14799.31,1479931,2026-11-02,TX-126081,12,partial,41166561,608136
RP-714-0-0,LN-714-0,SYN-10714,2,2026-08-23,3372.01,337201,3372.01,337201,2026-08-26,TX-126094,3,late,10268941,95906
RP-714-1-0,LN-714-0,SYN-10714,3,2026-09-23,3372.01,337201,3372.01,337201,2026-09-29,TX-126108,6,late,10027646,93652
RP-714-2-0,LN-714-0,SYN-10714,4,2026-10-23,3372.01,337201,3372.01,337201,2026-11-01,TX-126120,9,late,9784097,91378
RP-715-0-0,LN-715-0,SYN-10715,2,2026-08-25,4589.83,458983,4589.83,458983,2026-08-25,TX-126131,0,on_time,13494845,153593
RP-715-1-0,LN-715-0,SYN-10715,3,2026-09-25,4589.83,458983,4589.83,458983,2026-09-25,TX-126143,0,on_time,13189455,150117
RP-715-2-0,LN-715-0,SYN-10715,4,2026-10-25,4589.83,458983,4589.83,458983,2026-10-25,TX-126153,0,on_time,12880589,146601
RP-716-0-0,LN-716-0,SYN-10716,2,2026-08-21,23691.14,2369114,23691.14,2369114,2026-09-02,TX-126167;TX-126170,12,late,25813662,391613
RP-716-1-0,LN-716-0,SYN-10716,3,2026-09-21,23691.14,2369114,23691.14,2369114,2026-10-03,TX-126185,12,late,23836161,361612
RP-716-2-0,LN-716-0,SYN-10716,4,2026-10-21,23691.14,2369114,23691.14,2369114,2026-11-02,TX-126196,12,late,21828659,331157
RP-717-0-0,LN-717-0,SYN-10717,2,2026-08-28,31927.05,3192705,31927.05,3192705,2026-08-28,TX-126207,0,on_time,67620694,693259
RP-717-1-0,LN-717-0,SYN-10717,3,2026-09-28,31927.05,3192705,31927.05,3192705,2026-10-01,TX-126219;TX-126221,3,late,65121248,667634
RP-717-2-0,LN-717-0,SYN-10717,4,2026-10-28,31927.05,3192705,31927.05,3192705,2026-11-03,TX-126229;TX-126233,6,late,62596177,641746
RP-718-0-0,LN-718-0,SYN-10718,2,2026-08-24,22487.39,2248739,22487.39,2248739,2026-08-27,TX-126244,3,late,24720290,339892
RP-718-1-0,LN-718-0,SYN-10718,3,2026-09-24,22487.39,2248739,22487.39,2248739,2026-09-27,TX-126254,3,late,22811443,313646
RP-718-2-0,LN-718-0,SYN-10718,4,2026-10-24,22487.39,2248739,22487.39,2248739,2026-10-27,TX-126264,3,late,20876350,287039
RP-719-0-0,LN-719-0,SYN-10719,2,2026-08-21,23658.22,2365822,23658.22,2365822,2026-09-05,TX-126282,15,late,48360395,641223
RP-719-1-0,LN-719-0,SYN-10719,3,2026-09-21,23658.22,2365822,23658.22,2365822,2026-10-06,TX-126289;TX-126294,15,late,46635796,618356
RP-719-2-0,LN-719-0,SYN-10719,4,2026-10-21,23658.22,2365822,23658.22,2365822,2026-11-05,TX-126301;TX-126307,15,late,44888330,595186
RP-721-0-0,LN-721-0,SYN-10721,2,2026-08-23,21297.77,2129777,21297.77,2129777,2026-09-01,TX-126352;TX-126355,9,late,23214268,350828
RP-721-0-1,LN-721-1,SYN-10721,2,2026-08-23,4692.66,469266,4692.66,469266,2026-09-01,TX-126356,9,late,13506473,170634
RP-721-1-0,LN-721-0,SYN-10721,3,2026-09-23,21297.77,2129777,21297.77,2129777,2026-10-02,TX-126371,9,late,21435319,323943
RP-721-1-1,LN-721-1,SYN-10721,3,2026-09-23,4692.66,469266,4692.66,469266,2026-10-02,TX-126372,9,late,13207841,166861
RP-721-2-0,LN-721-0,SYN-10721,4,2026-10-23,21297.77,2129777,21297.77,2129777,2026-11-01,TX-126383,9,late,19629485,296652
RP-721-2-1,LN-721-1,SYN-10721,4,2026-10-23,4692.66,469266,4692.66,469266,2026-11-01,TX-126384,9,late,12905436,163041
RP-722-0-0,LN-722-0,SYN-10722,2,2026-08-23,61810.18,6181018,61810.18,6181018,2026-08-23,TX-126396,0,on_time,67968019,931269
RP-722-1-0,LN-722-0,SYN-10722,3,2026-09-23,61810.18,6181018,61810.18,6181018,2026-10-02,TX-126412;TX-126416,9,late,62718270,859340
RP-722-2-0,LN-722-0,SYN-10722,4,2026-10-23,61810.18,6181018,61810.18,6181018,2026-11-04,TX-126423;TX-126428,12,late,57396592,786424
RP-723-0-0,LN-723-0,SYN-10723,2,2026-08-25,12905.49,1290549,12905.49,1290549,2026-08-25,TX-126437,0,on_time,26257992,358601
RP-723-1-0,LN-723-0,SYN-10723,3,2026-09-25,12905.49,1290549,12905.49,1290549,2026-09-25,TX-126450,0,on_time,25326044,345874
RP-723-2-0,LN-723-0,SYN-10723,4,2026-10-25,12905.49,1290549,12905.49,1290549,2026-10-25,TX-126459,0,on_time,24381369,332972
RP-724-0-0,LN-724-0,SYN-10724,2,2026-08-27,51091.39,5109139,51091.39,5109139,2026-08-27,TX-126473,0,on_time,57076315,638275
RP-724-1-0,LN-724-0,SYN-10724,3,2026-09-27,51091.39,5109139,51091.39,5109139,2026-10-03,TX-126485;TX-126486;TX-126489,6,late,52605451,588278
RP-724-2-0,LN-724-0,SYN-10724,4,2026-10-27,51091.39,5109139,51091.39,5109139,2026-11-02,TX-126497;TX-126499,6,late,48084590,537722
RP-725-0-0,LN-725-0,SYN-10725,2,2026-08-25,3610.34,361034,3610.34,361034,2026-08-25,TX-126508,0,on_time,11178753,93738
RP-725-1-0,LN-725-0,SYN-10725,3,2026-09-25,3610.34,361034,3610.34,361034,2026-09-25,TX-126520,0,on_time,10911457,91496
RP-725-2-0,LN-725-0,SYN-10725,4,2026-10-25,3610.34,361034,3610.34,361034,2026-10-25,TX-126529,0,on_time,10641919,89236
RP-726-0-0,LN-726-0,SYN-10726,2,2026-08-21,3802.48,380248,3802.48,380248,2026-08-21,TX-126542,0,on_time,10869746,141719
RP-726-1-0,LN-726-0,SYN-10726,3,2026-09-21,3802.48,380248,3802.48,380248,2026-09-30,TX-126561,9,late,10631217,138609
RP-726-2-0,LN-726-0,SYN-10726,4,2026-10-21,3802.48,380248,3802.48,380248,2026-10-30,TX-126568;TX-126574,9,late,10389578,135458
RP-727-0-0,LN-727-0,SYN-10727,2,2026-08-28,36825.0,3682500,36825.0,3682500,2026-08-28,TX-126586,0,on_time,73860329,1099436
RP-727-1-0,LN-727-0,SYN-10727,3,2026-09-28,36825.0,3682500,36825.0,3682500,2026-09-28,TX-126595,0,on_time,71277265,1060986
RP-727-2-0,LN-727-0,SYN-10727,4,2026-10-28,36825.0,3682500,36825.0,3682500,2026-10-31,TX-126604,3,late,68655751,1021964
RP-728-0-0,LN-728-0,SYN-10728,2,2026-08-20,18589.44,1858944,18589.44,1858944,2026-08-20,TX-126615,0,on_time,37882997,512210
RP-728-1-0,LN-728-0,SYN-10728,3,2026-09-20,18589.44,1858944,18589.44,1858944,2026-09-20,TX-126628,0,on_time,36536263,494001
RP-728-2-0,LN-728-0,SYN-10728,4,2026-10-20,18589.44,1858944,18589.44,1858944,2026-10-20,TX-126638,0,on_time,35171320,475546
RP-729-0-0,LN-729-0,SYN-10729,2,2026-08-20,16730.68,1673068,16730.68,1673068,2026-08-20,TX-126651,0,on_time,45967677,708128
RP-729-1-0,LN-729-0,SYN-10729,3,2026-09-20,16730.68,1673068,16730.68,1673068,2026-09-20,TX-126661,0,on_time,45002737,693263
RP-729-2-0,LN-729-0,SYN-10729,4,2026-10-20,16730.68,1673068,16730.68,1673068,2026-10-20,TX-126671,0,on_time,44022932,678170
RP-731-0-0,LN-731-0,SYN-10731,2,2026-08-23,21391.7,2139170,21391.7,2139170,2026-08-23,TX-126718,0,on_time,45625403,440931
RP-731-0-1,LN-731-1,SYN-10731,2,2026-08-23,23080.28,2308028,23080.28,2308028,2026-08-23,TX-126719,0,on_time,63934676,953431
RP-731-1-0,LN-731-0,SYN-10731,3,2026-09-23,21391.7,2139170,21391.7,2139170,2026-10-02,TX-126733;TX-126738,9,late,43927164,424519
RP-731-1-1,LN-731-1,SYN-10731,3,2026-09-23,23080.28,2308028,23080.28,2308028,2026-10-02,TX-126734;TX-126739,9,late,62580079,933231
RP-731-2-0,LN-731-0,SYN-10731,4,2026-10-23,21391.7,2139170,21391.7,2139170,2026-11-01,TX-126745;TX-126749,9,late,42212513,407949
RP-731-2-1,LN-731-1,SYN-10731,4,2026-10-23,23080.28,2308028,23080.28,2308028,2026-11-01,TX-126750,9,late,61205282,912729
RP-732-0-0,LN-732-0,SYN-10732,2,2026-08-27,15275.93,1527593,15275.93,1527593,2026-08-30,TX-126763,3,late,16936855,209770
RP-732-1-0,LN-732-0,SYN-10732,3,2026-09-27,15275.93,1527593,15275.93,1527593,2026-10-06,TX-126778,9,late,15619032,193448
RP-732-2-0,LN-732-0,SYN-10732,4,2026-10-27,15275.93,1527593,15275.93,1527593,2026-11-02,TX-126788,6,late,14284887,176924
RP-733-0-0,LN-733-0,SYN-10733,2,2026-08-27,8932.31,893231,8932.31,893231,2026-08-30,TX-126800,3,late,18453600,227999
RP-733-1-0,LN-733-0,SYN-10733,3,2026-09-27,8932.31,893231,8932.31,893231,2026-09-30,TX-126811,3,late,17788368,219780
RP-733-2-0,LN-733-0,SYN-10733,4,2026-10-27,8932.31,893231,8932.31,893231,2026-10-30,TX-126822,3,late,17114917,211459
RP-734-0-0,LN-734-0,SYN-10734,2,2026-08-26,13461.73,1346173,13461.73,1346173,2026-08-26,TX-126832,0,on_time,40010024,430114
RP-734-1-0,LN-734-0,SYN-10734,3,2026-09-26,13461.73,1346173,13461.73,1346173,2026-09-26,TX-126841,0,on_time,39093965,420267
RP-734-2-0,LN-734-0,SYN-10734,4,2026-10-26,13461.73,1346173,13461.73,1346173,2026-10-29,TX-126852,3,late,38168059,410313
RP-735-0-0,LN-735-0,SYN-10735,2,2026-08-21,18013.57,1801357,18013.57,1801357,2026-08-21,TX-126865,0,on_time,38724891,348643
RP-735-1-0,LN-735-0,SYN-10735,3,2026-09-21,18013.57,1801357,18013.57,1801357,2026-09-21,TX-126875,0,on_time,37272177,335565
RP-735-2-0,LN-735-0,SYN-10735,4,2026-10-21,18013.57,1801357,18013.57,1801357,2026-10-21,TX-126885,0,on_time,35806385,322368
RP-736-0-0,LN-736-0,SYN-10736,2,2026-08-21,31759.5,3175950,31759.5,3175950,2026-08-21,TX-126898,0,on_time,65674850,806186
RP-736-1-0,LN-736-0,SYN-10736,3,2026-09-21,31759.5,3175950,31759.5,3175950,2026-09-21,TX-126909,0,on_time,63305086,777096
RP-736-2-0,LN-736-0,SYN-10736,4,2026-10-21,31759.5,3175950,31759.5,3175950,2026-10-21,TX-126920,0,on_time,60906232,747649
RP-737-0-0,LN-737-0,SYN-10737,2,2026-08-22,25107.96,2510796,25107.96,2510796,2026-08-22,TX-126937,0,on_time,28375745,265292
RP-737-1-0,LN-737-0,SYN-10737,3,2026-09-22,25107.96,2510796,25107.96,2510796,2026-10-01,TX-126955,9,late,26130241,244298
RP-737-2-0,LN-737-0,SYN-10737,4,2026-10-22,25107.96,2510796,25107.96,2510796,2026-11-03,TX-126969,12,late,23863743,223108
RP-738-0-0,LN-738-0,SYN-10738,2,2026-08-25,11464.25,1146425,11464.25,1146425,2026-08-25,TX-126978,0,on_time,23846211,280851
RP-738-1-0,LN-738-0,SYN-10738,3,2026-09-25,11464.25,1146425,11464.25,1146425,2026-09-25,TX-126987,0,on_time,22980637,270656
RP-738-2-0,LN-738-0,SYN-10738,4,2026-10-25,11464.25,1146425,11464.25,1146425,2026-11-03,TX-126996;TX-126998;TX-126999;TX-127002,9,late,22104868,260342
RP-739-0-0,LN-739-0,SYN-10739,2,2026-08-21,27904.57,2790457,27904.57,2790457,2026-08-27,TX-127011,6,late,79935940,1032233
RP-739-1-0,LN-739-0,SYN-10739,3,2026-09-21,27904.57,2790457,27904.57,2790457,2026-09-27,TX-127020,6,late,78177716,1009528
RP-739-2-0,LN-739-0,SYN-10739,4,2026-10-21,27904.57,2790457,27904.57,2790457,2026-10-30,TX-127030,9,late,76396787,986531
RP-741-0-0,LN-741-0,SYN-10741,2,2026-08-28,42181.0,4218100,42181.0,4218100,2026-08-31,TX-127076;TX-127078,3,late,45536379,758697
RP-741-0-1,LN-741-1,SYN-10741,2,2026-08-28,19372.16,1937216,19372.16,1937216,2026-09-03,TX-127077;TX-127082,6,late,56036589,691412
RP-741-1-0,LN-741-0,SYN-10741,3,2026-09-28,42181.0,4218100,42181.0,4218100,2026-10-01,TX-127092,3,late,42076976,701059
RP-741-1-1,LN-741-1,SYN-10741,3,2026-09-28,19372.16,1937216,0,0,,,0,missed,54790785,676041
RP-741-2-0,LN-741-0,SYN-10741,4,2026-10-28,42181.0,4218100,0,0,,,0,missed,38559935,642460
RP-741-2-1,LN-741-1,SYN-10741,4,2026-10-28,19372.16,1937216,0,0,,,0,missed,54790785,676041
RP-742-0-0,LN-742-0,SYN-10742,2,2026-08-21,10530.12,1053012,10530.12,1053012,2026-08-21,TX-127115,0,on_time,20945712,326779
RP-742-1-0,LN-742-0,SYN-10742,3,2026-09-21,10530.12,1053012,10530.12,1053012,2026-09-21,TX-127126,0,on_time,20219479,315449
RP-742-2-0,LN-742-0,SYN-10742,4,2026-10-21,10530.12,1053012,10530.12,1053012,2026-11-05,TX-127137;TX-127144,15,late,19481916,303942
RP-743-0-0,LN-743-0,SYN-10743,2,2026-08-26,9679.25,967925,9679.25,967925,2026-09-01,TX-127155,6,late,10585925,154247
RP-743-1-0,LN-743-0,SYN-10743,3,2026-09-26,9679.25,967925,9679.25,967925,2026-09-29,TX-127168,3,late,9772247,142391
RP-743-2-0,LN-743-0,SYN-10743,4,2026-10-26,9679.25,967925,9679.25,967925,2026-11-01,TX-127178,6,late,8946713,130362
RP-744-0-0,LN-744-0,SYN-10744,2,2026-08-23,6865.87,686587,6865.87,686587,2026-08-23,TX-127189,0,on_time,14398471,159631
RP-744-1-0,LN-744-0,SYN-10744,3,2026-09-23,6865.87,686587,6865.87,686587,2026-09-23,TX-127199,0,on_time,13871515,153789
RP-744-2-0,LN-744-0,SYN-10744,4,2026-10-23,6865.87,686587,6865.87,686587,2026-10-23,TX-127209,0,on_time,13338717,147882
RP-745-0-0,LN-745-0,SYN-10745,2,2026-08-24,15960.63,1596063,15960.63,1596063,2026-08-24,TX-127222,0,on_time,47282772,517277
RP-745-1-0,LN-745-0,SYN-10745,3,2026-09-24,15960.63,1596063,15960.63,1596063,2026-09-24,TX-127233,0,on_time,46203986,505475
RP-745-2-0,LN-745-0,SYN-10745,4,2026-10-24,15960.63,1596063,15960.63,1596063,2026-10-24,TX-127244,0,on_time,45113398,493544
RP-746-0-0,LN-746-0,SYN-10746,2,2026-08-28,53412.85,5341285,53412.85,5341285,2026-08-31,TX-127260,3,late,59467307,697125
RP-746-1-0,LN-746-0,SYN-10746,3,2026-09-28,53412.85,5341285,53412.85,5341285,2026-10-01,TX-127275;TX-127277,3,late,54823147,642683
RP-746-2-0,LN-746-0,SYN-10746,4,2026-10-28,53412.85,5341285,53412.85,5341285,2026-10-28,TX-127286,0,on_time,50124545,587602
RP-747-0-0,LN-747-0,SYN-10747,2,2026-08-23,6563.09,656309,6563.09,656309,2026-08-29,TX-127301,6,late,13403032,178802
RP-747-1-0,LN-747-0,SYN-10747,3,2026-09-23,6563.09,656309,6563.09,656309,2026-09-29,TX-127308;TX-127311,6,late,12925525,172432
RP-747-2-0,LN-747-0,SYN-10747,4,2026-10-23,6563.09,656309,6563.09,656309,2026-10-23,TX-127318,0,on_time,12441648,165977
RP-748-0-0,LN-748-0,SYN-10748,2,2026-08-21,6329.63,632963,6329.63,632963,2026-08-21,TX-127332,0,on_time,18433729,220102
RP-748-1-0,LN-748-0,SYN-10748,3,2026-09-21,6329.63,632963,6329.63,632963,2026-09-21,TX-127342,0,on_time,18020868,215172
RP-748-2-0,LN-748-0,SYN-10748,4,2026-10-21,6329.63,632963,6329.63,632963,2026-10-21,TX-127352,0,on_time,17603077,210184
RP-749-0-0,LN-749-0,SYN-10749,2,2026-08-28,6826.16,682616,6826.16,682616,2026-08-28,TX-127366,0,on_time,14598920,137754
RP-749-1-0,LN-749-0,SYN-10749,3,2026-09-28,6826.16,682616,6826.16,682616,2026-09-28,TX-127376,0,on_time,14054058,132613
RP-749-2-0,LN-749-0,SYN-10749,4,2026-10-28,6826.16,682616,6826.16,682616,2026-10-28,TX-127386,0,on_time,13504055,127423
RP-751-0-0,LN-751-0,SYN-10751,2,2026-08-24,56607.65,5660765,56607.65,5660765,2026-08-24,TX-127433,0,on_time,61510295,960263
RP-751-0-1,LN-751-1,SYN-10751,2,2026-08-24,28320.61,2832061,28320.61,2832061,2026-08-24,TX-127434,0,on_time,82095719,1002656
RP-751-1-0,LN-751-0,SYN-10751,3,2026-09-24,56607.65,5660765,56607.65,5660765,2026-09-24,TX-127445,0,on_time,56809793,886881
RP-751-1-1,LN-751-1,SYN-10751,3,2026-09-24,28320.61,2832061,28320.61,2832061,2026-10-06,TX-127446;TX-127452,12,late,80266314,980313
RP-751-2-0,LN-751-0,SYN-10751,4,2026-10-24,56607.65,5660765,56607.65,5660765,2026-11-05,TX-127459;TX-127464,12,late,52035909,812354
RP-751-2-1,LN-751-1,SYN-10751,4,2026-10-24,28320.61,2832061,28320.61,2832061,2026-11-05,TX-127465,12,late,78414566,957697
RP-752-0-0,LN-752-0,SYN-10752,2,2026-08-28,15745.92,1574592,15745.92,1574592,2026-08-28,TX-127478,0,on_time,47846572,452924
RP-752-1-0,LN-752-0,SYN-10752,3,2026-09-28,15745.92,1574592,15745.92,1574592,2026-09-28,TX-127489,0,on_time,46724904,442306
RP-752-2-0,LN-752-0,SYN-10752,4,2026-10-28,15745.92,1574592,15745.92,1574592,2026-10-28,TX-127500,0,on_time,45592618,431587
RP-753-0-0,LN-753-0,SYN-10753,2,2026-08-25,12646.07,1264607,12646.07,1264607,2026-08-25,TX-127510,0,on_time,26810974,272607
RP-753-1-0,LN-753-0,SYN-10753,3,2026-09-25,12646.07,1264607,12646.07,1264607,2026-09-25,TX-127519,0,on_time,25818974,262521
RP-753-2-0,LN-753-0,SYN-10753,4,2026-10-25,12646.07,1264607,12646.07,1264607,2026-11-03,TX-127528;TX-127532,9,late,24816888,252332
RP-754-0-0,LN-754-0,SYN-10754,2,2026-08-28,5903.23,590323,5903.23,590323,2026-08-28,TX-127545,0,on_time,11993701,165269
RP-754-1-0,LN-754-0,SYN-10754,3,2026-09-28,5903.23,590323,5903.23,590323,2026-10-01,TX-127559,3,late,11568647,159412
RP-754-2-0,LN-754-0,SYN-10754,4,2026-10-28,5903.23,590323,5903.23,590323,2026-11-03,TX-127571,6,late,11137736,153474
RP-755-0-0,LN-755-0,SYN-10755,2,2026-08-22,8767.95,876795,8767.95,876795,2026-08-31,TX-127583,9,late,27082735,230851
RP-755-1-0,LN-755-0,SYN-10755,3,2026-09-22,8767.95,876795,8767.95,876795,2026-09-25,TX-127596,3,late,26436791,225345
RP-755-2-0,LN-755-0,SYN-10755,4,2026-10-22,8767.95,876795,8767.95,876795,2026-10-31,TX-127608,9,late,25785341,219792
RP-756-0-0,LN-756-0,SYN-10756,2,2026-08-24,14743.1,1474310,14743.1,1474310,2026-08-24,TX-127622,0,on_time,30438898,377732
RP-756-1-0,LN-756-0,SYN-10756,3,2026-09-24,14743.1,1474310,14743.1,1474310,2026-09-24,TX-127635,0,on_time,29342320,364124
RP-756-2-0,LN-756-0,SYN-10756,4,2026-10-24,14743.1,1474310,14743.1,1474310,2026-10-24,TX-127646,0,on_time,28232134,350347
RP-757-0-0,LN-757-0,SYN-10757,2,2026-08-21,20221.92,2022192,20221.92,2022192,2026-08-21,TX-127660,0,on_time,41044465,569068
RP-757-1-0,LN-757-0,SYN-10757,3,2026-09-21,20221.92,2022192,20221.92,2022192,2026-10-03,TX-127672;TX-127678,12,late,39591341,548921
RP-757-2-0,LN-757-0,SYN-10757,4,2026-10-21,20221.92,2022192,20221.92,2022192,2026-10-21,TX-127684,0,on_time,38118070,528494
RP-758-0-0,LN-758-0,SYN-10758,2,2026-08-20,15792.45,1579245,15792.45,1579245,2026-08-20,TX-127697,0,on_time,43232933,675443
RP-758-1-0,LN-758-0,SYN-10758,3,2026-09-20,15792.45,1579245,15792.45,1579245,2026-09-20,TX-127707,0,on_time,42329131,661322
RP-758-2-0,LN-758-0,SYN-10758,4,2026-10-20,15792.45,1579245,15792.45,1579245,2026-10-20,TX-127717,0,on_time,41411208,646981
RP-759-0-0,LN-759-0,SYN-10759,2,2026-08-28,33773.9,3377390,33773.9,3377390,2026-08-28,TX-127732,0,on_time,72824737,637338
RP-759-1-0,LN-759-0,SYN-10759,3,2026-09-28,33773.9,3377390,33773.9,3377390,2026-09-28,TX-127741,0,on_time,70084685,613358
RP-759-2-0,LN-759-0,SYN-10759,4,2026-10-28,33773.9,3377390,33773.9,3377390,2026-10-28,TX-127750,0,on_time,67320653,589168
RP-761-0-0,LN-761-0,SYN-10761,2,2026-08-27,8903.75,890375,8903.75,890375,2026-08-27,TX-127794,0,on_time,17739738,274249
RP-761-0-1,LN-761-1,SYN-10761,2,2026-08-27,12216.33,1221633,12216.33,1221633,2026-08-27,TX-127795,0,on_time,24730605,348434
RP-761-1-0,LN-761-0,SYN-10761,3,2026-09-27,8903.75,890375,8903.75,890375,2026-09-27,TX-127806,0,on_time,17123612,264724
RP-761-1-1,LN-761-1,SYN-10761,3,2026-09-27,12216.33,1221633,12216.33,1221633,2026-10-06,TX-127807;TX-127811,9,late,23857406,336131
RP-761-2-0,LN-761-0,SYN-10761,4,2026-10-27,8903.75,890375,8903.75,890375,2026-11-05,TX-127823,9,late,16497961,255052
RP-761-2-1,LN-761-1,SYN-10761,4,2026-10-27,12216.33,1221633,12216.33,1221633,2026-11-05,TX-127824,9,late,22971904,323655
RP-762-0-0,LN-762-0,SYN-10762,2,2026-08-26,22644.47,2264447,22644.47,2264447,2026-08-26,TX-127833,0,on_time,24835376,350680
RP-762-1-0,LN-762-0,SYN-10762,3,2026-09-26,22644.47,2264447,22644.47,2264447,2026-09-26,TX-127842,0,on_time,22921609,323657
RP-762-2-0,LN-762-0,SYN-10762,4,2026-10-26,22644.47,2264447,22644.47,2264447,2026-10-26,TX-127851,0,on_time,20980819,296253
RP-763-0-0,LN-763-0,SYN-10763,2,2026-08-27,19070.15,1907015,19070.15,1907015,2026-08-30,TX-127865;TX-127867,3,late,37955048,590233
RP-763-1-0,LN-763-0,SYN-10763,3,2026-09-27,19070.15,1907015,19070.15,1907015,2026-09-30,TX-127878,3,late,36638266,569756
RP-763-2-0,LN-763-0,SYN-10763,4,2026-10-27,19070.15,1907015,19070.15,1907015,2026-10-27,TX-127888,0,on_time,35301007,548960
RP-764-0-0,LN-764-0,SYN-10764,2,2026-08-22,5496.9,549690,5496.9,549690,2026-08-22,TX-127899,0,on_time,16698788,158330
RP-764-1-0,LN-764-0,SYN-10764,3,2026-09-22,5496.9,549690,5496.9,549690,2026-09-22,TX-127911,0,on_time,16307428,154619
RP-764-2-0,LN-764-0,SYN-10764,4,2026-10-22,5496.9,549690,5496.9,549690,2026-10-28,TX-127925,6,late,15912357,150873
RP-765-0-0,LN-765-0,SYN-10765,2,2026-08-26,20434.09,2043409,20434.09,2043409,2026-08-26,TX-127938,0,on_time,60550514,661540
RP-765-1-0,LN-765-0,SYN-10765,3,2026-09-26,20434.09,2043409,20434.09,2043409,2026-09-26,TX-127948,0,on_time,59168645,646442
RP-765-2-0,LN-765-0,SYN-10765,4,2026-10-26,20434.09,2043409,20434.09,2043409,2026-10-29,TX-127958,3,late,57771678,631180
RP-766-0-0,LN-766-0,SYN-10766,2,2026-08-20,11553.17,1155317,11553.17,1155317,2026-08-20,TX-127969,0,on_time,23441291,325709
RP-766-1-0,LN-766-0,SYN-10766,3,2026-09-20,11553.17,1155317,11553.17,1155317,2026-10-05,TX-127982;TX-127990,15,late,22611683,314182
RP-766-2-0,LN-766-0,SYN-10766,4,2026-10-20,11553.17,1155317,11553.17,1155317,2026-10-20,TX-127994,0,on_time,21770548,302495
RP-767-0-0,LN-767-0,SYN-10767,2,2026-08-22,29491.83,2949183,29491.83,2949183,2026-08-28,TX-128010;TX-128015,6,late,33121053,342635
RP-767-1-0,LN-767-0,SYN-10767,3,2026-09-22,29491.83,2949183,29491.83,2949183,2026-09-28,TX-128027,6,late,30514505,315670
RP-767-2-0,LN-767-0,SYN-10767,4,2026-10-22,29491.83,2949183,29491.83,2949183,2026-10-28,TX-128039,6,late,27880992,288427
RP-768-0-0,LN-768-0,SYN-10768,2,2026-08-23,63861.89,6386189,63861.89,6386189,2026-08-23,TX-128048,0,on_time,69117244,1123288
RP-768-1-0,LN-768-0,SYN-10768,3,2026-09-23,63861.89,6386189,63861.89,6386189,2026-09-23,TX-128061,0,on_time,63854343,1037755
RP-768-2-0,LN-768-0,SYN-10768,4,2026-10-23,63861.89,6386189,9342.06,934206,2026-11-01,TX-128076;TX-128077,9,partial,58505909,950833
RP-769-0-0,LN-769-0,SYN-10769,2,2026-08-21,11356.27,1135627,11356.27,1135627,2026-08-21,TX-128087,0,on_time,23515029,285968
RP-769-1-0,LN-769-0,SYN-10769,3,2026-09-21,11356.27,1135627,11356.27,1135627,2026-09-21,TX-128096,0,on_time,22665370,275635
RP-769-2-0,LN-769-0,SYN-10769,4,2026-10-21,11356.27,1135627,11356.27,1135627,2026-10-21,TX-128105,0,on_time,21805378,265177
RP-771-0-0,LN-771-0,SYN-10771,2,2026-08-20,47610.47,4761047,47610.47,4761047,2026-08-29,TX-128153,9,late,52107776,753235
RP-771-0-1,LN-771-1,SYN-10771,2,2026-08-20,24642.02,2464202,24642.02,2464202,2026-08-29,TX-128154,9,late,51676073,572989
RP-771-1-0,LN-771-0,SYN-10771,3,2026-09-20,47610.47,4761047,47610.47,4761047,2026-09-29,TX-128170,9,late,48099964,695301
RP-771-1-1,LN-771-1,SYN-10771,3,2026-09-20,24642.02,2464202,24642.02,2464202,2026-09-29,TX-128171,9,late,49784860,552019
RP-771-2-0,LN-771-0,SYN-10771,4,2026-10-20,47610.47,4761047,47610.47,4761047,2026-10-29,TX-128178,9,late,44034218,636529
RP-771-2-1,LN-771-1,SYN-10771,4,2026-10-20,24642.02,2464202,19267.68,1926768,2026-10-29,TX-128179,9,partial,47872677,530816
RP-772-0-0,LN-772-0,SYN-10772,2,2026-08-21,12448.52,1244852,12448.52,1244852,2026-08-21,TX-128189,0,on_time,34226998,525784
RP-772-1-0,LN-772-0,SYN-10772,3,2026-09-21,12448.52,1244852,12448.52,1244852,2026-09-21,TX-128201,0,on_time,33507930,514738
RP-772-2-0,LN-772-0,SYN-10772,4,2026-10-21,12448.52,1244852,12448.52,1244852,2026-10-21,TX-128211,0,on_time,32777816,503522
RP-773-0-0,LN-773-0,SYN-10773,2,2026-08-26,32743.45,3274345,32743.45,3274345,2026-08-29,TX-128226,3,late,36490006,422195
RP-773-1-0,LN-773-0,SYN-10773,3,2026-09-26,32743.45,3274345,32743.45,3274345,2026-10-05,TX-128239;TX-128242,9,late,33637856,389196
RP-773-2-0,LN-773-0,SYN-10773,4,2026-10-26,32743.45,3274345,0,0,,,0,missed,30752707,355814
RP-774-0-0,LN-774-0,SYN-10774,2,2026-08-22,41235.29,4123529,41235.29,4123529,2026-08-28,TX-128265,6,late,46866697,396293
RP-774-1-0,LN-774-0,SYN-10774,3,2026-09-22,41235.29,4123529,41235.29,4123529,2026-09-28,TX-128276,6,late,43139461,364776
RP-774-2-0,LN-774-0,SYN-10774,4,2026-10-22,41235.29,4123529,41235.29,4123529,2026-10-31,TX-128287,9,late,39380708,332993
RP-775-0-0,LN-775-0,SYN-10775,2,2026-08-26,23837.52,2383752,23837.52,2383752,2026-08-26,TX-128299,0,on_time,66236928,975471
RP-775-1-0,LN-775-0,SYN-10775,3,2026-09-26,23837.52,2383752,23837.52,2383752,2026-09-26,TX-128311,0,on_time,64828647,954731
RP-775-2-0,LN-775-0,SYN-10775,4,2026-10-26,23837.52,2383752,23837.52,2383752,2026-10-26,TX-128321,0,on_time,63399626,933686
RP-776-0-0,LN-776-0,SYN-10776,2,2026-08-27,12946.48,1294648,12946.48,1294648,2026-08-27,TX-128333,0,on_time,14438534,165355
RP-776-1-0,LN-776-0,SYN-10776,3,2026-09-27,12946.48,1294648,12946.48,1294648,2026-10-03,TX-128346,6,late,13309241,152422
RP-776-2-0,LN-776-0,SYN-10776,4,2026-10-27,12946.48,1294648,12946.48,1294648,2026-11-02,TX-128355,6,late,12167015,139341
RP-777-0-0,LN-777-0,SYN-10777,2,2026-08-28,16624.01,1662401,16624.01,1662401,2026-08-28,TX-128369,0,on_time,35579273,333547
RP-777-1-0,LN-777-0,SYN-10777,3,2026-09-28,16624.01,1662401,16624.01,1662401,2026-09-28,TX-128380,0,on_time,34250419,321089
RP-777-2-0,LN-777-0,SYN-10777,4,2026-10-28,16624.01,1662401,16624.01,1662401,2026-10-31,TX-128391,3,late,32909107,308515
RP-778-0-0,LN-778-0,SYN-10778,2,2026-08-25,12064.26,1206426,12064.26,1206426,2026-08-25,TX-128402,0,on_time,35072043,422440
RP-778-1-0,LN-778-0,SYN-10778,3,2026-09-25,12064.26,1206426,12064.26,1206426,2026-09-25,TX-128412,0,on_time,34288057,412997
RP-778-2-0,LN-778-0,SYN-10778,4,2026-10-25,12064.26,1206426,0,0,,,0,missed,33494628,403440
RP-779-0-0,LN-779-0,SYN-10779,2,2026-08-24,15446.93,1544693,15446.93,1544693,2026-08-24,TX-128436,0,on_time,16789594,261330
RP-779-1-0,LN-779-0,SYN-10779,3,2026-09-24,15446.93,1544693,15446.93,1544693,2026-09-24,TX-128445,0,on_time,15506231,241354
RP-779-2-0,LN-779-0,SYN-10779,4,2026-10-24,15446.93,1544693,15446.93,1544693,2026-10-24,TX-128454,0,on_time,14202892,221068
RP-781-0-0,LN-781-0,SYN-10781,2,2026-08-26,13409.34,1340934,13409.34,1340934,2026-08-26,TX-128502,0,on_time,28853317,257559
RP-781-0-1,LN-781-1,SYN-10781,2,2026-08-26,20015.96,2001596,20015.96,2001596,2026-08-26,TX-128503,0,on_time,40733465,555587
RP-781-1-0,LN-781-0,SYN-10781,3,2026-09-26,13409.34,1340934,13409.34,1340934,2026-09-26,TX-128516,0,on_time,27769942,247888
RP-781-1-1,LN-781-1,SYN-10781,3,2026-09-26,20015.96,2001596,20015.96,2001596,2026-09-26,TX-128517,0,on_time,39287456,535865
RP-781-2-0,LN-781-0,SYN-10781,4,2026-10-26,13409.34,1340934,13409.34,1340934,2026-10-26,TX-128528,0,on_time,26676896,238131
RP-781-2-1,LN-781-1,SYN-10781,4,2026-10-26,20015.96,2001596,20015.96,2001596,2026-10-26,TX-128529,0,on_time,37821725,515873
RP-782-0-0,LN-782-0,SYN-10782,2,2026-08-23,8488.69,848869,8488.69,848869,2026-08-23,TX-128541,0,on_time,24519790,304595
RP-782-1-0,LN-782-0,SYN-10782,3,2026-09-23,8488.69,848869,8488.69,848869,2026-09-23,TX-128552,0,on_time,23975516,297834
RP-782-2-0,LN-782-0,SYN-10782,4,2026-10-23,8488.69,848869,8488.69,848869,2026-10-23,TX-128563,0,on_time,23424481,290989
RP-783-0-0,LN-783-0,SYN-10783,2,2026-08-28,50602.11,5060211,50602.11,5060211,2026-08-31,TX-128578,3,late,56258308,672170
RP-783-1-0,LN-783-0,SYN-10783,3,2026-09-28,50602.11,5060211,50602.11,5060211,2026-09-28,TX-128589,0,on_time,51870267,619742
RP-783-2-0,LN-783-0,SYN-10783,4,2026-10-28,50602.11,5060211,50602.11,5060211,2026-10-28,TX-128598,0,on_time,47429798,566687
RP-784-0-0,LN-784-0,SYN-10784,2,2026-08-24,17356.86,1735686,17356.86,1735686,2026-08-24,TX-128610,0,on_time,52667702,502832
RP-784-1-0,LN-784-0,SYN-10784,3,2026-09-24,17356.86,1735686,17356.86,1735686,2026-09-24,TX-128623,0,on_time,51434848,491061
RP-784-2-0,LN-784-0,SYN-10784,4,2026-10-24,17356.86,1735686,17356.86,1735686,2026-10-24,TX-128634,0,on_time,50190223,479179
RP-785-0-0,LN-785-0,SYN-10785,2,2026-08-28,40830.28,4083028,40830.28,4083028,2026-08-28,TX-128651,0,on_time,45529816,522386
RP-785-1-0,LN-785-0,SYN-10785,3,2026-09-28,40830.28,4083028,40830.28,4083028,2026-09-28,TX-128662,0,on_time,41969174,481533
RP-785-2-0,LN-785-0,SYN-10785,4,2026-10-28,40830.28,4083028,40830.28,4083028,2026-10-28,TX-128673,0,on_time,38367679,440212
RP-786-0-0,LN-786-0,SYN-10786,2,2026-08-25,2360.66,236066,2360.66,236066,2026-08-25,TX-128685,0,on_time,6462415,100968
RP-786-1-0,LN-786-0,SYN-10786,3,2026-09-25,2360.66,236066,2360.66,236066,2026-10-01,TX-128702,6,late,6327317,98857
RP-786-2-0,LN-786-0,SYN-10786,4,2026-10-25,2360.66,236066,2360.66,236066,2026-11-03,TX-128714,9,late,6190108,96714
RP-787-0-0,LN-787-0,SYN-10787,2,2026-08-22,60038.15,6003815,60038.15,6003815,2026-08-28,TX-128724;TX-128727,6,late,67027433,756494
RP-787-1-0,LN-787-0,SYN-10787,3,2026-09-22,60038.15,6003815,60038.15,6003815,2026-09-22,TX-128736,0,on_time,61780112,697271
RP-787-2-0,LN-787-0,SYN-10787,4,2026-10-22,60038.15,6003815,60038.15,6003815,2026-10-22,TX-128747,0,on_time,56473568,637380
RP-788-0-0,LN-788-0,SYN-10788,2,2026-08-24,10801.52,1080152,10801.52,1080152,2026-08-24,TX-128760,0,on_time,11977764,148060
RP-788-1-0,LN-788-0,SYN-10788,3,2026-09-24,10801.52,1080152,10801.52,1080152,2026-09-24,TX-128770,0,on_time,11045672,136538
RP-788-2-0,LN-788-0,SYN-10788,4,2026-10-24,10801.52,1080152,10801.52,1080152,2026-11-02,TX-128780;TX-128785,9,late,10102058,124874
RP-789-0-0,LN-789-0,SYN-10789,2,2026-08-20,11906.04,1190604,11906.04,1190604,2026-08-20,TX-128793,0,on_time,24512948,310011
RP-789-1-0,LN-789-0,SYN-10789,3,2026-09-20,11906.04,1190604,11906.04,1190604,2026-09-20,TX-128806,0,on_time,23632355,298874
RP-789-2-0,LN-789-0,SYN-10789,4,2026-10-20,11906.04,1190604,11906.04,1190604,2026-10-20,TX-128816,0,on_time,22740625,287597
RP-791-0-0,LN-791-0,SYN-10791,2,2026-08-22,4431.56,443156,4431.56,443156,2026-08-22,TX-128864,0,on_time,12436800,175769
RP-791-0-1,LN-791-1,SYN-10791,2,2026-08-22,15478.21,1547821,15478.21,1547821,2026-08-22,TX-128865,0,on_time,16736703,274460
RP-791-1-0,LN-791-0,SYN-10791,3,2026-09-22,4431.56,443156,4431.56,443156,2026-10-01,TX-128876;TX-128880,9,late,12169413,171990
RP-791-1-1,LN-791-1,SYN-10791,3,2026-09-22,15478.21,1547821,15478.21,1547821,2026-10-01,TX-128881,9,late,15463342,253578
RP-791-2-0,LN-791-0,SYN-10791,4,2026-10-22,4431.56,443156,4431.56,443156,2026-11-03,TX-128895,12,late,11898247,168158
RP-791-2-1,LN-791-1,SYN-10791,4,2026-10-22,15478.21,1547821,15478.21,1547821,2026-11-03,TX-128896,12,late,14169099,232354
RP-792-0-0,LN-792-0,SYN-10792,2,2026-08-27,16396.45,1639645,16396.45,1639645,2026-08-27,TX-128909,0,on_time,45635415,667581
RP-792-1-0,LN-792-0,SYN-10792,3,2026-09-27,16396.45,1639645,16396.45,1639645,2026-09-27,TX-128920,0,on_time,44663351,653362
RP-792-2-0,LN-792-0,SYN-10792,4,2026-10-27,16396.45,1639645,16396.45,1639645,2026-10-27,TX-128931,0,on_time,43677068,638934
RP-793-0-0,LN-793-0,SYN-10793,2,2026-08-28,38260.87,3826087,38260.87,3826087,2026-08-28,TX-128946,0,on_time,42456733,520134
RP-793-1-0,LN-793-0,SYN-10793,3,2026-09-28,38260.87,3826087,38260.87,3826087,2026-10-01,TX-128957,3,late,39150780,479633
RP-793-2-0,LN-793-0,SYN-10793,4,2026-10-28,38260.87,3826087,27289.52,2728952,2026-10-28,TX-128968,0,partial,35804326,438636
RP-794-0-0,LN-794-0,SYN-10794,2,2026-08-28,20685.77,2068577,20685.77,2068577,2026-09-03,TX-128982;TX-128985,6,late,42379457,553794
RP-794-1-0,LN-794-0,SYN-10794,3,2026-09-28,20685.77,2068577,20685.77,2068577,2026-10-01,TX-128995,3,late,40864674,533999
RP-794-2-0,LN-794-0,SYN-10794,4,2026-10-28,20685.77,2068577,20685.77,2068577,2026-11-03,TX-129003;TX-129006,6,late,39330096,513946
RP-795-0-0,LN-795-0,SYN-10795,2,2026-08-25,5504.9,550490,5504.9,550490,2026-08-25,TX-129015,0,on_time,16452322,171552
RP-795-1-0,LN-795-0,SYN-10795,3,2026-09-25,5504.9,550490,5504.9,550490,2026-09-25,TX-129024,0,on_time,16073384,167601
RP-795-2-0,LN-795-0,SYN-10795,4,2026-10-25,5504.9,550490,5504.9,550490,2026-10-25,TX-129033,0,on_time,15690495,163609
RP-796-0-0,LN-796-0,SYN-10796,2,2026-08-20,18685.36,1868536,18685.36,1868536,2026-08-20,TX-129043,0,on_time,39082157,441987
RP-796-1-0,LN-796-0,SYN-10796,3,2026-09-20,18685.36,1868536,18685.36,1868536,2026-09-20,TX-129058,0,on_time,37655608,425854
RP-796-2-0,LN-796-0,SYN-10796,4,2026-10-20,18685.36,1868536,18685.36,1868536,2026-10-20,TX-129067,0,on_time,36212926,409538
RP-797-0-0,LN-797-0,SYN-10797,2,2026-08-20,51376.1,5137610,51376.1,5137610,2026-08-23,TX-129082,3,late,58239096,516595
RP-797-1-0,LN-797-0,SYN-10797,3,2026-09-20,51376.1,5137610,51376.1,5137610,2026-09-20,TX-129093,0,on_time,53618081,475606
RP-797-2-0,LN-797-0,SYN-10797,4,2026-10-20,51376.1,5137610,51376.1,5137610,2026-11-01,TX-129104;TX-129110,12,late,48956077,434253
RP-798-0-0,LN-798-0,SYN-10798,2,2026-08-25,14077.16,1407716,14077.16,1407716,2026-08-25,TX-129121,0,on_time,42681829,409454
RP-798-1-0,LN-798-0,SYN-10798,3,2026-09-25,14077.16,1407716,14077.16,1407716,2026-09-25,TX-129131,0,on_time,41683567,399877
RP-798-2-0,LN-798-0,SYN-10798,4,2026-10-25,14077.16,1407716,14077.16,1407716,2026-10-25,TX-129141,0,on_time,40675728,390209
RP-799-0-0,LN-799-0,SYN-10799,2,2026-08-22,25695.27,2569527,25695.27,2569527,2026-08-22,TX-129154,0,on_time,28053041,416634
RP-799-1-0,LN-799-0,SYN-10799,3,2026-09-22,25695.27,2569527,25695.27,2569527,2026-09-22,TX-129165,0,on_time,25900148,384660
RP-799-2-0,LN-799-0,SYN-10799,4,2026-10-22,25695.27,2569527,25695.27,2569527,2026-10-22,TX-129176,0,on_time,23715281,352211
RP-801-0-0,LN-801-0,SYN-10801,2,2026-08-20,9775.37,977537,9775.37,977537,2026-08-26,TX-129225,6,late,28081288,357966
RP-801-0-1,LN-801-1,SYN-10801,2,2026-08-20,18597.14,1859714,18597.14,1859714,2026-08-26,TX-129226,6,late,52416015,727368
RP-801-1-0,LN-801-0,SYN-10801,3,2026-09-20,9775.37,977537,9775.37,977537,2026-09-29,TX-129238,9,late,27461717,350068
RP-801-1-1,LN-801-1,SYN-10801,3,2026-09-20,18597.14,1859714,18597.14,1859714,2026-09-26,TX-129237,6,late,51283669,711655
RP-801-2-0,LN-801-0,SYN-10801,4,2026-10-20,9775.37,977537,9775.37,977537,2026-10-26,TX-129249,6,late,26834248,342070
RP-801-2-1,LN-801-1,SYN-10801,4,2026-10-20,18597.14,1859714,18597.14,1859714,2026-10-29,TX-129250,9,late,50135610,695724
RP-802-0-0,LN-802-0,SYN-10802,2,2026-08-28,41786.31,4178631,41786.31,4178631,2026-09-06,TX-129263;TX-129264;TX-129269,9,late,45663069,671354
RP-802-1-0,LN-802-0,SYN-10802,3,2026-09-28,41786.31,4178631,41786.31,4178631,2026-10-07,TX-129275;TX-129281,9,late,42155792,619789
RP-802-2-0,LN-802-0,SYN-10802,4,2026-10-28,41786.31,4178631,41786.31,4178631,2026-10-31,TX-129287;TX-129288,3,late,38596950,567465
RP-803-0-0,LN-803-0,SYN-10803,2,2026-08-24,65179.58,6517958,65179.58,6517958,2026-08-24,TX-129301,0,on_time,71498788,1007507
RP-803-1-0,LN-803-0,SYN-10803,3,2026-09-24,65179.58,6517958,65179.58,6517958,2026-10-03,TX-129313;TX-129317,9,late,65988337,929858
RP-803-2-0,LN-803-0,SYN-10803,4,2026-10-24,65179.58,6517958,65179.58,6517958,2026-11-02,TX-129324;TX-129327,9,late,60400237,851115
RP-804-0-0,LN-804-0,SYN-10804,2,2026-08-24,21433.12,2143312,21433.12,2143312,2026-08-24,TX-129337,0,on_time,61266785,798893
RP-804-1-0,LN-804-0,SYN-10804,3,2026-09-24,21433.12,2143312,21433.12,2143312,2026-09-24,TX-129346,0,on_time,59922366,781363
RP-804-2-0,LN-804-0,SYN-10804,4,2026-10-24,21433.12,2143312,21433.12,2143312,2026-10-24,TX-129355,0,on_time,58560417,763603
RP-805-0-0,LN-805-0,SYN-10805,2,2026-08-24,37895.23,3789523,37895.23,3789523,2026-08-24,TX-129367,0,on_time,42596150,434701
RP-805-1-0,LN-805-0,SYN-10805,3,2026-09-24,37895.23,3789523,37895.23,3789523,2026-10-03,TX-129379;TX-129385,9,late,39241328,400464
RP-805-2-0,LN-805-0,SYN-10805,4,2026-10-24,37895.23,3789523,37895.23,3789523,2026-11-02,TX-129390;TX-129395,9,late,35852269,365878
RP-806-0-0,LN-806-0,SYN-10806,2,2026-08-28,7846.96,784696,7846.96,784696,2026-08-28,TX-129408,0,on_time,16513194,178234
RP-806-1-0,LN-806-0,SYN-10806,3,2026-09-28,7846.96,784696,7846.96,784696,2026-10-01,TX-129421;TX-129423,3,late,15906732,171688
RP-806-2-0,LN-806-0,SYN-10806,4,2026-10-28,7846.96,784696,7846.96,784696,2026-11-03,TX-129435,6,late,15293724,165072
RP-807-0-0,LN-807-0,SYN-10807,2,2026-08-27,19067.53,1906753,19067.53,1906753,2026-08-27,TX-129446,0,on_time,53647537,750073
RP-807-1-0,LN-807-0,SYN-10807,3,2026-09-27,19067.53,1906753,19067.53,1906753,2026-09-27,TX-129459,0,on_time,52490857,733901
RP-807-2-0,LN-807-0,SYN-10807,4,2026-10-27,19067.53,1906753,19067.53,1906753,2026-10-27,TX-129469,0,on_time,51318005,717503
RP-808-0-0,LN-808-0,SYN-10808,2,2026-08-22,23107.8,2310780,23107.8,2310780,2026-08-22,TX-129481,0,on_time,49225098,480790
RP-808-1-0,LN-808-0,SYN-10808,3,2026-09-22,23107.8,2310780,23107.8,2310780,2026-09-22,TX-129494,0,on_time,47395108,462916
RP-808-2-0,LN-808-0,SYN-10808,4,2026-10-22,23107.8,2310780,23107.8,2310780,2026-10-22,TX-129505,0,on_time,45547244,444868
RP-809-0-0,LN-809-0,SYN-10809,2,2026-08-22,25221.74,2522174,25221.74,2522174,2026-08-22,TX-129522,0,on_time,70020008,1034972
RP-809-1-0,LN-809-0,SYN-10809,3,2026-09-22,25221.74,2522174,25221.74,2522174,2026-09-22,TX-129533,0,on_time,68532806,1012989
RP-809-2-0,LN-809-0,SYN-10809,4,2026-10-22,25221.74,2522174,25221.74,2522174,2026-10-22,TX-129544,0,on_time,67023621,990682
RP-811-0-0,LN-811-0,SYN-10811,2,2026-08-26,11551.32,1155132,11551.32,1155132,2026-08-26,TX-129589,0,on_time,23717194,305511
RP-811-0-1,LN-811-1,SYN-10811,2,2026-08-26,15882.33,1588233,15882.33,1588233,2026-08-26,TX-129590,0,on_time,17498614,234315
RP-811-1-0,LN-811-0,SYN-10811,3,2026-09-26,11551.32,1155132,11551.32,1155132,2026-09-29,TX-129605,3,late,22867573,294567
RP-811-1-1,LN-811-1,SYN-10811,3,2026-09-26,15882.33,1588233,15882.33,1588233,2026-09-29,TX-129606,3,late,16144696,216186
RP-811-2-0,LN-811-0,SYN-10811,4,2026-10-26,11551.32,1155132,11551.32,1155132,2026-10-29,TX-129619,3,late,22007008,283481
RP-811-2-1,LN-811-1,SYN-10811,4,2026-10-26,15882.33,1588233,15882.33,1588233,2026-10-29,TX-129620,3,late,14772649,197813
RP-812-0-0,LN-812-0,SYN-10812,2,2026-08-23,5246.04,524604,5246.04,524604,2026-08-29,TX-129635,6,late,10406098,164845
RP-812-1-0,LN-812-0,SYN-10812,3,2026-09-23,5246.04,524604,5246.04,524604,2026-09-29,TX-129647,6,late,10046339,159146
RP-812-2-0,LN-812-0,SYN-10812,4,2026-10-23,5246.04,524604,5246.04,524604,2026-11-01,TX-129656,9,late,9680881,153356
RP-813-0-0,LN-813-0,SYN-10813,2,2026-08-21,24692.78,2469278,24692.78,2469278,2026-09-02,TX-129668;TX-129671,12,late,26945262,402317
RP-813-1-0,LN-813-0,SYN-10813,3,2026-09-21,24692.78,2469278,24692.78,2469278,2026-11-02,TX-129683;TX-129694,42,late,24878301,371456
RP-813-2-0,LN-813-0,SYN-10813,4,2026-10-21,24692.78,2469278,18227.03,1822703,2026-11-02,TX-129695,12,partial,22958685,342794
RP-814-0-0,LN-814-0,SYN-10814,2,2026-08-25,18183.13,1818313,18183.13,1818313,2026-09-03,TX-129706;TX-129710,9,late,38046606,429014
RP-814-1-0,LN-814-0,SYN-10814,3,2026-09-25,18183.13,1818313,18183.13,1818313,2026-10-01,TX-129720,6,late,36657307,413348
RP-814-2-0,LN-814-0,SYN-10814,4,2026-10-25,18183.13,1818313,18183.13,1818313,2026-11-03,TX-129732,9,late,35252342,397505
RP-815-0-0,LN-815-0,SYN-10815,2,2026-08-27,18209.32,1820932,18209.32,1820932,2026-08-27,TX-129744,0,on_time,53803191,596848
RP-815-1-0,LN-815-0,SYN-10815,3,2026-09-27,18209.32,1820932,18209.32,1820932,2026-09-27,TX-129754,0,on_time,52579107,583269
RP-815-2-0,LN-815-0,SYN-10815,4,2026-10-27,18209.32,1820932,18209.32,1820932,2026-10-27,TX-129764,0,on_time,51341444,569539
RP-816-0-0,LN-816-0,SYN-10816,2,2026-08-24,43083.73,4308373,43083.73,4308373,2026-08-24,TX-129776,0,on_time,46820515,730064
RP-816-1-0,LN-816-0,SYN-10816,3,2026-09-24,43083.73,4308373,40487.47,4048747,2026-11-02,TX-129795;TX-129805,39,partial,43242206,674269
RP-816-2-0,LN-816-0,SYN-10816,4,2026-10-24,43083.73,4308373,0,0,,,0,missed,42262386,658990
RP-817-0-0,LN-817-0,SYN-10817,2,2026-08-28,25884.48,2588448,25884.48,2588448,2026-08-28,TX-129817,0,on_time,28023140,454050
RP-817-1-0,LN-817-0,SYN-10817,3,2026-09-28,25884.48,2588448,25884.48,2588448,2026-10-01,TX-129827,3,late,25888742,419467
RP-817-2-0,LN-817-0,SYN-10817,4,2026-10-28,25884.48,2588448,25884.48,2588448,2026-10-28,TX-129835,0,on_time,23719761,384323
RP-818-0-0,LN-818-0,SYN-10818,2,2026-08-23,28139.75,2813975,28139.75,2813975,2026-09-01,TX-129848;TX-129850;TX-129852,9,late,30710215,457961
RP-818-1-0,LN-818-0,SYN-10818,3,2026-09-23,28139.75,2813975,28139.75,2813975,2026-10-02,TX-129865,9,late,28354201,422827
RP-818-2-0,LN-818-0,SYN-10818,4,2026-10-23,28139.75,2813975,28139.75,2813975,2026-11-01,TX-129876,9,late,25963053,387170
RP-819-0-0,LN-819-0,SYN-10819,2,2026-08-22,8842.39,884239,8842.39,884239,2026-09-03,TX-129891,12,late,18122923,236199
RP-819-1-0,LN-819-0,SYN-10819,3,2026-09-22,8842.39,884239,8842.39,884239,2026-10-01,TX-129901,9,late,17474883,227753
RP-819-2-0,LN-819-0,SYN-10819,4,2026-10-22,8842.39,884239,8842.39,884239,2026-11-03,TX-129912,12,late,16818397,219197
RP-821-0-0,LN-821-0,SYN-10821,2,2026-08-26,11483.82,1148382,11483.82,1148382,2026-08-26,TX-129949,0,on_time,23299769,323812
RP-821-0-1,LN-821-1,SYN-10821,2,2026-08-26,9805.75,980575,9805.75,980575,2026-08-26,TX-129950,0,on_time,19283042,319933
RP-821-1-0,LN-821-0,SYN-10821,3,2026-09-26,11483.82,1148382,11483.82,1148382,2026-10-02,TX-129964,6,late,22475199,312353
RP-821-1-1,LN-821-1,SYN-10821,3,2026-09-26,9805.75,980575,9805.75,980575,2026-10-02,TX-129965,6,late,18622400,308972
RP-821-2-0,LN-821-0,SYN-10821,4,2026-10-26,11483.82,1148382,11483.82,1148382,2026-11-01,TX-129975,6,late,21639170,300734
RP-821-2-1,LN-821-1,SYN-10821,4,2026-10-26,9805.75,980575,9805.75,980575,2026-11-01,TX-129976,6,late,17950797,297829
RP-822-0-0,LN-822-0,SYN-10822,2,2026-08-27,16632.95,1663295,16632.95,1663295,2026-08-27,TX-129988,0,on_time,44885816,740205
RP-822-1-0,LN-822-0,SYN-10822,3,2026-09-27,16632.95,1663295,16632.95,1663295,2026-09-27,TX-129998,0,on_time,43962726,724982
RP-822-2-0,LN-822-0,SYN-10822,4,2026-10-27,16632.95,1663295,16632.95,1663295,2026-10-27,TX-130008,0,on_time,43024413,709508
RP-823-0-0,LN-823-0,SYN-10823,2,2026-08-28,8069.77,806977,8069.77,806977,2026-08-28,TX-130023,0,on_time,16627490,209186
RP-823-1-0,LN-823-0,SYN-10823,3,2026-09-28,8069.77,806977,8069.77,806977,2026-10-01,TX-130039,3,late,16029699,201666
RP-823-2-0,LN-823-0,SYN-10823,4,2026-10-28,8069.77,806977,8069.77,806977,2026-11-03,TX-130049;TX-130052,6,late,15424388,194050
RP-824-0-0,LN-824-0,SYN-10824,2,2026-08-22,23142.27,2314227,23142.27,2314227,2026-08-22,TX-130062,0,on_time,64083492,957023
RP-824-1-0,LN-824-0,SYN-10824,3,2026-09-22,23142.27,2314227,23142.27,2314227,2026-09-22,TX-130072,0,on_time,62726288,936754
RP-824-2-0,LN-824-0,SYN-10824,4,2026-10-22,23142.27,2314227,23142.27,2314227,2026-10-22,TX-130082,0,on_time,61348815,916183
RP-825-0-0,LN-825-0,SYN-10825,2,2026-08-23,18816.55,1881655,18816.55,1881655,2026-08-23,TX-130094,0,on_time,21388338,180530
RP-825-1-0,LN-825-0,SYN-10825,3,2026-09-23,18816.55,1881655,18816.55,1881655,2026-09-23,TX-130103,0,on_time,19687213,166172
RP-825-2-0,LN-825-0,SYN-10825,4,2026-10-23,18816.55,1881655,18816.55,1881655,2026-10-23,TX-130112,0,on_time,17971730,151692
RP-826-0-0,LN-826-0,SYN-10826,2,2026-08-23,23692.59,2369259,23692.59,2369259,2026-08-23,TX-130125,0,on_time,26390637,307396
RP-826-1-0,LN-826-0,SYN-10826,3,2026-09-23,23692.59,2369259,23692.59,2369259,2026-09-23,TX-130135,0,on_time,24328774,283380
RP-826-2-0,LN-826-0,SYN-10826,4,2026-10-23,23692.59,2369259,23692.59,2369259,2026-10-23,TX-130145,0,on_time,22242895,259083
RP-827-0-0,LN-827-0,SYN-10827,2,2026-08-22,23551.71,2355171,23551.71,2355171,2026-08-28,TX-130158;TX-130163,6,late,26395673,281655
RP-827-1-0,LN-827-0,SYN-10827,3,2026-09-22,23551.71,2355171,23551.71,2355171,2026-10-28,TX-130176;TX-130177;TX-130189,36,late,24322157,259530
RP-827-2-0,LN-827-0,SYN-10827,4,2026-10-22,23551.71,2355171,5904.3,590430,2026-10-31,TX-130190;TX-130191,9,partial,23406950,249764
RP-828-0-0,LN-828-0,SYN-10828,2,2026-08-20,9747.9,974790,9747.9,974790,2026-08-20,TX-130201,0,on_time,26805916,411527
RP-828-1-0,LN-828-0,SYN-10828,3,2026-09-20,9747.9,974790,9747.9,974790,2026-09-20,TX-130212,0,on_time,26242653,402879
RP-828-2-0,LN-828-0,SYN-10828,4,2026-10-20,9747.9,974790,9747.9,974790,2026-10-23,TX-130225,3,late,25670742,394099
RP-829-0-0,LN-829-0,SYN-10829,2,2026-08-28,4726.88,472688,4726.88,472688,2026-08-28,TX-130240,0,on_time,13321985,184911
RP-829-1-0,LN-829-0,SYN-10829,3,2026-09-28,4726.88,472688,4726.88,472688,2026-10-01,TX-130252,3,late,13034208,180917
RP-829-2-0,LN-829-0,SYN-10829,4,2026-10-28,4726.88,472688,4726.88,472688,2026-11-03,TX-130265,6,late,12742437,176867
RP-831-0-0,LN-831-0,SYN-10831,2,2026-08-24,13596.09,1359609,13596.09,1359609,2026-08-30,TX-130313,6,late,41343324,389668
RP-831-0-1,LN-831-1,SYN-10831,2,2026-08-24,13107.33,1310733,13107.33,1310733,2026-08-30,TX-130314,6,late,25860293,421702
RP-831-1-0,LN-831-0,SYN-10831,3,2026-09-24,13596.09,1359609,13596.09,1359609,2026-09-24,TX-130321,0,on_time,40373383,380526
RP-831-1-1,LN-831-1,SYN-10831,3,2026-09-24,13107.33,1310733,13107.33,1310733,2026-09-30,TX-130322;TX-130325,6,late,24971262,407204
RP-831-2-0,LN-831-0,SYN-10831,4,2026-10-24,13596.09,1359609,13596.09,1359609,2026-10-24,TX-130332,0,on_time,39394300,371298
RP-831-2-1,LN-831-1,SYN-10831,4,2026-10-24,13107.33,1310733,13107.33,1310733,2026-10-24,TX-130333,0,on_time,24067733,392471
RP-832-0-0,LN-832-0,SYN-10832,2,2026-08-21,25610.47,2561047,25610.47,2561047,2026-08-21,TX-130344,0,on_time,28623883,317976
RP-832-1-0,LN-832-0,SYN-10832,3,2026-09-21,25610.47,2561047,25610.47,2561047,2026-09-21,TX-130354,0,on_time,26380812,293058
RP-832-2-0,LN-832-0,SYN-10832,4,2026-10-21,25610.47,2561047,0,0,,,0,missed,24112823,267863
RP-833-0-0,LN-833-0,SYN-10833,2,2026-08-26,13774.98,1377498,13774.98,1377498,2026-08-26,TX-130379,0,on_time,41088556,433104
RP-833-1-0,LN-833-0,SYN-10833,3,2026-09-26,13774.98,1377498,13774.98,1377498,2026-09-26,TX-130390,0,on_time,40144162,423150
RP-833-2-0,LN-833-0,SYN-10833,4,2026-10-26,13774.98,1377498,13774.98,1377498,2026-10-26,TX-130401,0,on_time,39189814,413090
RP-834-0-0,LN-834-0,SYN-10834,2,2026-08-25,26570.98,2657098,26570.98,2657098,2026-08-28,TX-130416,3,late,52967783,816441
RP-834-1-0,LN-834-0,SYN-10834,3,2026-09-25,26570.98,2657098,26570.98,2657098,2026-10-01,TX-130427;TX-130431,6,late,51127126,788069
RP-834-2-0,LN-834-0,SYN-10834,4,2026-10-25,26570.98,2657098,26570.98,2657098,2026-11-03,TX-130439;TX-130444,9,late,49258097,759260
RP-835-0-0,LN-835-0,SYN-10835,2,2026-08-24,8730.19,873019,8730.19,873019,2026-08-24,TX-130452,0,on_time,26632957,246053
RP-835-1-0,LN-835-0,SYN-10835,3,2026-09-24,8730.19,873019,8730.19,873019,2026-09-24,TX-130461,0,on_time,26005991,240261
RP-835-2-0,LN-835-0,SYN-10835,4,2026-10-24,8730.19,873019,8730.19,873019,2026-10-24,TX-130470,0,on_time,25373233,234415
RP-836-0-0,LN-836-0,SYN-10836,2,2026-08-20,24227.19,2422719,24227.19,2422719,2026-08-20,TX-130484,0,on_time,27360147,258987
RP-836-1-0,LN-836-0,SYN-10836,3,2026-09-20,24227.19,2422719,24227.19,2422719,2026-09-20,TX-130494,0,on_time,25196415,238505
RP-836-2-0,LN-836-0,SYN-10836,4,2026-10-20,24227.19,2422719,24227.19,2422719,2026-10-20,TX-130504,0,on_time,23012201,217830
RP-837-0-0,LN-837-0,SYN-10837,2,2026-08-27,9707.76,970776,9707.76,970776,2026-08-27,TX-130518,0,on_time,29334661,287137
RP-837-1-0,LN-837-0,SYN-10837,3,2026-09-27,9707.76,970776,9707.76,970776,2026-09-27,TX-130531,0,on_time,28651022,280446
RP-837-2-0,LN-837-0,SYN-10837,4,2026-10-27,9707.76,970776,9707.76,970776,2026-11-02,TX-130543,6,late,27960692,273689
RP-838-0-0,LN-838-0,SYN-10838,2,2026-08-22,51778.78,5177878,51778.78,5177878,2026-08-22,TX-130553,0,on_time,57386766,714236
RP-838-1-0,LN-838-0,SYN-10838,3,2026-09-22,51778.78,5177878,51778.78,5177878,2026-09-22,TX-130562,0,on_time,52923124,658681
RP-838-2-0,LN-838-0,SYN-10838,4,2026-10-22,51778.78,5177878,0,0,,,0,missed,48403927,602435
RP-839-0-0,LN-839-0,SYN-10839,2,2026-08-23,20538.56,2053856,20538.56,2053856,2026-09-01,TX-130589,9,late,55898132,893047
RP-839-1-0,LN-839-0,SYN-10839,3,2026-09-23,20538.56,2053856,20538.56,2053856,2026-10-02,TX-130601,9,late,54737323,874502
RP-839-2-0,LN-839-0,SYN-10839,4,2026-10-23,20538.56,2053856,20538.56,2053856,2026-11-01,TX-130613,9,late,53557969,855660
RP-841-0-0,LN-841-0,SYN-10841,2,2026-08-22,12886.87,1288687,12886.87,1288687,2026-09-03,TX-130661;TX-130662;TX-130667,12,late,35794752,527976
RP-841-0-1,LN-841-1,SYN-10841,2,2026-08-22,24762.61,2476261,24762.61,2476261,2026-09-03,TX-130668,12,late,50886490,651754
RP-841-1-0,LN-841-0,SYN-10841,3,2026-09-22,12886.87,1288687,12886.87,1288687,2026-10-01,TX-130680,9,late,35034041,516755
RP-841-1-1,LN-841-1,SYN-10841,3,2026-09-22,24762.61,2476261,24762.61,2476261,2026-10-01,TX-130676;TX-130681,9,late,49061983,628386
RP-841-2-0,LN-841-0,SYN-10841,4,2026-10-22,12886.87,1288687,12886.87,1288687,2026-11-03,TX-130694,12,late,34262109,505369
RP-841-2-1,LN-841-1,SYN-10841,4,2026-10-22,24762.61,2476261,24762.61,2476261,2026-11-03,TX-130695,12,late,47214108,604718
RP-842-0-0,LN-842-0,SYN-10842,2,2026-08-28,23578.49,2357849,23578.49,2357849,2026-08-28,TX-130706,0,on_time,47757236,670703
RP-842-1-0,LN-842-0,SYN-10842,3,2026-09-28,23578.49,2357849,23578.49,2357849,2026-09-28,TX-130715,0,on_time,46070090,647008
RP-842-2-0,LN-842-0,SYN-10842,4,2026-10-28,23578.49,2357849,23578.49,2357849,2026-10-28,TX-130724,0,on_time,44359249,622981
RP-843-0-0,LN-843-0,SYN-10843,2,2026-08-25,45313.95,4531395,45313.95,4531395,2026-08-25,TX-130737,0,on_time,51182703,483075
RP-843-1-0,LN-843-0,SYN-10843,3,2026-09-25,45313.95,4531395,45313.95,4531395,2026-09-25,TX-130748,0,on_time,47134383,444866
RP-843-2-0,LN-843-0,SYN-10843,4,2026-10-25,45313.95,4531395,45313.95,4531395,2026-10-25,TX-130759,0,on_time,43047854,406296
RP-844-0-0,LN-844-0,SYN-10844,2,2026-08-20,23737.96,2373796,23737.96,2373796,2026-08-20,TX-130773,0,on_time,26471968,303444
RP-844-1-0,LN-844-0,SYN-10844,3,2026-09-20,23737.96,2373796,23737.96,2373796,2026-09-20,TX-130784,0,on_time,24401616,279712
RP-844-2-0,LN-844-0,SYN-10844,4,2026-10-20,23737.96,2373796,23737.96,2373796,2026-11-01,TX-130795;TX-130800,12,late,22307532,255708
RP-845-0-0,LN-845-0,SYN-10845,2,2026-08-21,20428.14,2042814,20428.14,2042814,2026-08-21,TX-130811,0,on_time,22525220,298718
RP-845-1-0,LN-845-0,SYN-10845,3,2026-09-21,20428.14,2042814,20428.14,2042814,2026-09-21,TX-130821,0,on_time,20781124,275589
RP-845-2-0,LN-845-0,SYN-10845,4,2026-10-21,20428.14,2042814,20428.14,2042814,2026-10-21,TX-130831,0,on_time,19013899,252153
RP-846-0-0,LN-846-0,SYN-10846,2,2026-08-20,3814.94,381494,3814.94,381494,2026-08-20,TX-130842,0,on_time,8039646,85808
RP-846-1-0,LN-846-0,SYN-10846,3,2026-09-20,3814.94,381494,3814.94,381494,2026-09-20,TX-130851,0,on_time,7743960,82652
RP-846-2-0,LN-846-0,SYN-10846,4,2026-10-20,3814.94,381494,3814.94,381494,2026-10-20,TX-130860,0,on_time,7445118,79462
RP-847-0-0,LN-847-0,SYN-10847,2,2026-08-25,8736.24,873624,8736.24,873624,2026-08-28,TX-130876,3,late,18148549,215717
RP-847-1-0,LN-847-0,SYN-10847,3,2026-09-25,8736.24,873624,8736.24,873624,2026-09-25,TX-130885,0,on_time,17490642,207897
RP-847-2-0,LN-847-0,SYN-10847,4,2026-10-25,8736.24,873624,8736.24,873624,2026-10-25,TX-130895,0,on_time,16824915,199984
RP-848-0-0,LN-848-0,SYN-10848,2,2026-08-27,27332.03,2733203,27332.03,2733203,2026-08-27,TX-130908,0,on_time,30687840,318673
RP-848-1-0,LN-848-0,SYN-10848,3,2026-09-27,27332.03,2733203,27332.03,2733203,2026-09-30,TX-130920;TX-130922,3,late,28273310,293599
RP-848-2-0,LN-848-0,SYN-10848,4,2026-10-27,27332.03,2733203,10958.85,1095885,2026-11-02,TX-130933;TX-130934,6,partial,25833706,268266
RP-849-0-0,LN-849-0,SYN-10849,2,2026-08-25,25119.91,2511991,25119.91,2511991,2026-08-25,TX-130946,0,on_time,52521170,595616
RP-849-1-0,LN-849-0,SYN-10849,3,2026-09-25,25119.91,2511991,25119.91,2511991,2026-09-25,TX-130958,0,on_time,50604795,573884
RP-849-2-0,LN-849-0,SYN-10849,4,2026-10-25,25119.91,2511991,25119.91,2511991,2026-10-25,TX-130968,0,on_time,48666688,551905
RP-851-0-0,LN-851-0,SYN-10851,2,2026-08-26,50260.9,5026090,50260.9,5026090,2026-08-26,TX-131010,0,on_time,55609543,707242
RP-851-0-1,LN-851-1,SYN-10851,2,2026-08-26,20087.92,2008792,20087.92,2008792,2026-08-26,TX-131011,0,on_time,60073001,624254
RP-851-1-0,LN-851-0,SYN-10851,3,2026-09-26,50260.9,5026090,50260.9,5026090,2026-10-02,TX-131021;TX-131024,6,late,51290695,652315
RP-851-1-1,LN-851-1,SYN-10851,3,2026-09-26,20087.92,2008792,20087.92,2008792,2026-11-01,TX-131025;TX-131037,36,late,58688463,609866
RP-851-2-0,LN-851-0,SYN-10851,4,2026-10-26,50260.9,5026090,6155.44,615544,2026-11-01,TX-131038,6,partial,46916920,596689
RP-851-2-1,LN-851-1,SYN-10851,4,2026-10-26,20087.92,2008792,765.28,76528,2026-11-01,TX-131039,6,partial,58150645,604277
RP-852-0-0,LN-852-0,SYN-10852,2,2026-08-28,16401.4,1640140,16401.4,1640140,2026-08-28,TX-131051,0,on_time,33122818,473527
RP-852-1-0,LN-852-0,SYN-10852,3,2026-09-28,16401.4,1640140,16401.4,1640140,2026-09-28,TX-131060,0,on_time,31956205,456849
RP-852-2-0,LN-852-0,SYN-10852,4,2026-10-28,16401.4,1640140,16401.4,1640140,2026-10-28,TX-131069,0,on_time,30772914,439932
RP-853-0-0,LN-853-0,SYN-10853,2,2026-08-24,16767.93,1676793,16767.93,1676793,2026-08-27,TX-131080,3,late,19016422,167327
RP-853-1-0,LN-853-0,SYN-10853,3,2026-09-24,16767.93,1676793,16767.93,1676793,2026-09-30,TX-131090;TX-131094,6,late,17506956,154045
RP-853-2-0,LN-853-0,SYN-10853,4,2026-10-24,16767.93,1676793,16767.93,1676793,2026-10-30,TX-131101;TX-131104,6,late,15984208,140646
RP-854-0-0,LN-854-0,SYN-10854,2,2026-08-28,8054.68,805468,8054.68,805468,2026-08-28,TX-131116,0,on_time,23759322,265895
RP-854-1-0,LN-854-0,SYN-10854,3,2026-09-28,8054.68,805468,8054.68,805468,2026-09-28,TX-131129,0,on_time,23219749,259856
RP-854-2-0,LN-854-0,SYN-10854,4,2026-10-28,8054.68,805468,8054.68,805468,2026-10-28,TX-131139,0,on_time,22674137,253750
RP-855-0-0,LN-855-0,SYN-10855,2,2026-08-21,17348.74,1734874,17348.74,1734874,2026-08-30,TX-131152,9,late,34415272,544989
RP-855-1-0,LN-855-0,SYN-10855,3,2026-09-21,17348.74,1734874,17348.74,1734874,2026-09-30,TX-131161;TX-131165,9,late,33225387,526146
RP-855-2-0,LN-855-0,SYN-10855,4,2026-10-21,17348.74,1734874,17348.74,1734874,2026-10-21,TX-131171,0,on_time,32016659,507005
RP-856-0-0,LN-856-0,SYN-10856,2,2026-08-22,68227.96,6822796,68227.96,6822796,2026-08-25,TX-131186;TX-131187,3,late,76313384,838614
RP-856-1-0,LN-856-0,SYN-10856,3,2026-09-22,68227.96,6822796,68227.96,6822796,2026-10-01,TX-131198;TX-131202,9,late,70329202,772853
RP-856-2-0,LN-856-0,SYN-10856,4,2026-10-22,68227.96,6822796,68227.96,6822796,2026-11-03,TX-131216,12,late,64279259,706370
RP-857-0-0,LN-857-0,SYN-10857,2,2026-08-28,4700.7,470070,4700.7,470070,2026-08-28,TX-131226,0,on_time,13731904,161485
RP-857-1-0,LN-857-0,SYN-10857,3,2026-09-28,4700.7,470070,4700.7,470070,2026-09-28,TX-131239,0,on_time,13423319,157856
RP-857-2-0,LN-857-0,SYN-10857,4,2026-10-28,4700.7,470070,4700.7,470070,2026-10-28,TX-131248,0,on_time,13111105,154184
RP-858-0-0,LN-858-0,SYN-10858,2,2026-08-26,27365.22,2736522,27365.22,2736522,2026-08-29,TX-131260,3,late,56442414,705210
RP-858-1-0,LN-858-0,SYN-10858,3,2026-09-26,27365.22,2736522,27365.22,2736522,2026-09-29,TX-131271,3,late,54411102,679830
RP-858-2-0,LN-858-0,SYN-10858,4,2026-10-26,27365.22,2736522,27365.22,2736522,2026-10-29,TX-131280,3,late,52354410,654133
RP-859-0-0,LN-859-0,SYN-10859,2,2026-08-28,35361.61,3536161,35361.61,3536161,2026-08-28,TX-131292,0,on_time,95879807,1553620
RP-859-1-0,LN-859-0,SYN-10859,3,2026-09-28,35361.61,3536161,35361.61,3536161,2026-09-28,TX-131304,0,on_time,93897266,1521496
RP-859-2-0,LN-859-0,SYN-10859,4,2026-10-28,35361.61,3536161,35361.61,3536161,2026-10-28,TX-131314,0,on_time,91882601,1488850
RP-861-0-0,LN-861-0,SYN-10861,2,2026-08-21,24987.81,2498781,24987.81,2498781,2026-08-21,TX-131361,0,on_time,71599588,923456
RP-861-0-1,LN-861-1,SYN-10861,2,2026-08-21,22492.27,2249227,22492.27,2249227,2026-08-21,TX-131362,0,on_time,63305948,883756
RP-861-1-0,LN-861-0,SYN-10861,3,2026-09-21,24987.81,2498781,24987.81,2498781,2026-09-21,TX-131371,0,on_time,70024263,903138
RP-861-1-1,LN-861-1,SYN-10861,3,2026-09-21,22492.27,2249227,22492.27,2249227,2026-09-21,TX-131372,0,on_time,61940477,864694
RP-861-2-0,LN-861-0,SYN-10861,4,2026-10-21,24987.81,2498781,24987.81,2498781,2026-10-21,TX-131381,0,on_time,68428620,882558
RP-861-2-1,LN-861-1,SYN-10861,4,2026-10-21,22492.27,2249227,22492.27,2249227,2026-10-21,TX-131382,0,on_time,60555944,845366
RP-862-0-0,LN-862-0,SYN-10862,2,2026-08-27,30652.84,3065284,30652.84,3065284,2026-08-27,TX-131398,0,on_time,65754448,603845
RP-862-1-0,LN-862-0,SYN-10862,3,2026-09-27,30652.84,3065284,30652.84,3065284,2026-10-03,TX-131411;TX-131412;TX-131415,6,late,63293009,581241
RP-862-2-0,LN-862-0,SYN-10862,4,2026-10-27,30652.84,3065284,30652.84,3065284,2026-10-30,TX-131423,3,late,60808966,558429
RP-863-0-0,LN-863-0,SYN-10863,2,2026-08-24,76572.84,7657284,76572.84,7657284,2026-08-30,TX-131433;TX-131437,6,late,84841155,1059921
RP-863-1-0,LN-863-0,SYN-10863,3,2026-09-24,76572.84,7657284,76572.84,7657284,2026-09-24,TX-131444,0,on_time,78243792,977500
RP-863-2-0,LN-863-0,SYN-10863,4,2026-10-24,76572.84,7657284,76572.84,7657284,2026-10-30,TX-131454;TX-131458,6,late,71564008,894049
RP-864-0-0,LN-864-0,SYN-10864,2,2026-08-21,80333.4,8033340,80333.4,8033340,2026-08-30,TX-131469;TX-131472,9,late,87066789,1395253
RP-864-1-0,LN-864-0,SYN-10864,3,2026-09-21,80333.4,8033340,22528.42,2252842,2026-10-06,TX-131485;TX-131488,15,partial,80428702,1288877
RP-864-2-0,LN-864-0,SYN-10864,4,2026-10-21,80333.4,8033340,10290.39,1029039,2026-11-02,TX-131499,12,partial,79464737,1273429
RP-865-0-0,LN-865-0,SYN-10865,2,2026-08-20,27987.39,2798739,27987.39,2798739,2026-08-20,TX-131508,0,on_time,31668496,289983
RP-865-1-0,LN-865-0,SYN-10865,3,2026-09-20,27987.39,2798739,27987.39,2798739,2026-09-29,TX-131522;TX-131528,9,late,29159740,267011
RP-865-2-0,LN-865-0,SYN-10865,4,2026-10-20,27987.39,2798739,27987.39,2798739,2026-10-29,TX-131534;TX-131540,9,late,26628012,243828
RP-866-0-0,LN-866-0,SYN-10866,2,2026-08-21,27645.59,2764559,27645.59,2764559,2026-08-21,TX-131550,0,on_time,29924727,485671
RP-866-1-0,LN-866-0,SYN-10866,3,2026-09-21,27645.59,2764559,27645.59,2764559,2026-10-03,TX-131562;TX-131566,12,late,27645839,448685
RP-866-2-0,LN-866-0,SYN-10866,4,2026-10-21,27645.59,2764559,27645.59,2764559,2026-10-24,TX-131572;TX-131573,3,late,25329965,411099
RP-867-0-0,LN-867-0,SYN-10867,2,2026-08-24,24951.77,2495177,24951.77,2495177,2026-08-24,TX-131586,0,on_time,49301232,797686
RP-867-1-0,LN-867-0,SYN-10867,3,2026-09-24,24951.77,2495177,24951.77,2495177,2026-09-24,TX-131600,0,on_time,47603741,770221
RP-867-2-0,LN-867-0,SYN-10867,4,2026-10-24,24951.77,2495177,24951.77,2495177,2026-10-24,TX-131611,0,on_time,45878785,742311
RP-868-0-0,LN-868-0,SYN-10868,2,2026-08-23,37132.88,3713288,37132.88,3713288,2026-08-23,TX-131627,0,on_time,41291203,492122
RP-868-1-0,LN-868-0,SYN-10868,3,2026-09-23,37132.88,3713288,37132.88,3713288,2026-09-23,TX-131639,0,on_time,38070037,453731
RP-868-2-0,LN-868-0,SYN-10868,4,2026-10-23,37132.88,3713288,37132.88,3713288,2026-10-23,TX-131649,0,on_time,34810480,414883
RP-869-0-0,LN-869-0,SYN-10869,2,2026-08-23,6492.14,649214,6492.14,649214,2026-08-23,TX-131660,0,on_time,20098364,168721
RP-869-1-0,LN-869-0,SYN-10869,3,2026-09-23,6492.14,649214,6492.14,649214,2026-09-23,TX-131669,0,on_time,19617871,164687
RP-869-2-0,LN-869-0,SYN-10869,4,2026-10-23,6492.14,649214,6492.14,649214,2026-10-23,TX-131678,0,on_time,19133344,160620
RP-871-0-0,LN-871-0,SYN-10871,2,2026-08-23,8619.29,861929,8619.29,861929,2026-08-23,TX-131721,0,on_time,25648629,273921
RP-871-0-1,LN-871-1,SYN-10871,2,2026-08-23,22642.27,2264227,22642.27,2264227,2026-08-23,TX-131722,0,on_time,61221064,1002388
RP-871-1-0,LN-871-0,SYN-10871,3,2026-09-23,8619.29,861929,8619.29,861929,2026-09-23,TX-131731,0,on_time,25060621,267641
RP-871-1-1,LN-871-1,SYN-10871,3,2026-09-23,22642.27,2264227,22642.27,2264227,2026-09-23,TX-131732,0,on_time,59959225,981727
RP-871-2-0,LN-871-0,SYN-10871,4,2026-10-23,8619.29,861929,8619.29,861929,2026-10-23,TX-131741,0,on_time,24466333,261294
RP-871-2-1,LN-871-1,SYN-10871,4,2026-10-23,22642.27,2264227,22642.27,2264227,2026-10-23,TX-131742,0,on_time,58676725,960729
RP-872-0-0,LN-872-0,SYN-10872,2,2026-08-26,3065.69,306569,3065.69,306569,2026-08-26,TX-131757,0,on_time,9273501,90211
RP-872-1-0,LN-872-0,SYN-10872,3,2026-09-26,3065.69,306569,3065.69,306569,2026-09-26,TX-131772,0,on_time,9057143,88106
RP-872-2-0,LN-872-0,SYN-10872,4,2026-10-26,3065.69,306569,3065.69,306569,2026-11-01,TX-131782;TX-131784,6,late,8838680,85981
RP-873-0-0,LN-873-0,SYN-10873,2,2026-08-24,10945.97,1094597,10945.97,1094597,2026-08-30,TX-131796,6,late,22021935,321992
RP-873-1-0,LN-873-0,SYN-10873,3,2026-09-24,10945.97,1094597,10945.97,1094597,2026-09-30,TX-131808,6,late,21249330,310695
RP-873-2-0,LN-873-0,SYN-10873,4,2026-10-24,10945.97,1094597,10945.97,1094597,2026-10-30,TX-131817,6,late,20465428,299234
RP-874-0-0,LN-874-0,SYN-10874,2,2026-08-28,10323.4,1032340,10323.4,1032340,2026-08-28,TX-131829,0,on_time,30119291,356422
RP-874-1-0,LN-874-0,SYN-10874,3,2026-09-28,10323.4,1032340,10323.4,1032340,2026-09-28,TX-131838,0,on_time,29443373,348423
RP-874-2-0,LN-874-0,SYN-10874,4,2026-10-28,10323.4,1032340,10323.4,1032340,2026-10-28,TX-131848,0,on_time,28759456,340330
RP-875-0-0,LN-875-0,SYN-10875,2,2026-08-25,13774.81,1377481,13774.81,1377481,2026-08-25,TX-131858,0,on_time,42314477,374064
RP-875-1-0,LN-875-0,SYN-10875,3,2026-09-25,13774.81,1377481,13774.81,1377481,2026-09-25,TX-131867,0,on_time,41311060,365193
RP-875-2-0,LN-875-0,SYN-10875,4,2026-10-25,13774.81,1377481,13774.81,1377481,2026-10-25,TX-131876,0,on_time,40298772,356245
RP-876-0-0,LN-876-0,SYN-10876,2,2026-08-20,28074.73,2807473,28074.73,2807473,2026-08-20,TX-131889,0,on_time,58542424,677141
RP-876-1-0,LN-876-0,SYN-10876,3,2026-09-20,28074.73,2807473,28074.73,2807473,2026-09-20,TX-131902,0,on_time,56412092,652500
RP-876-2-0,LN-876-0,SYN-10876,4,2026-10-20,28074.73,2807473,28074.73,2807473,2026-10-20,TX-131913,0,on_time,54257119,627574
RP-877-0-0,LN-877-0,SYN-10877,2,2026-08-23,37235.82,3723582,37235.82,3723582,2026-08-23,TX-131927,0,on_time,42037428,400063
RP-877-1-0,LN-877-0,SYN-10877,3,2026-09-23,37235.82,3723582,37235.82,3723582,2026-09-23,TX-131937,0,on_time,38713909,368434
RP-877-2-0,LN-877-0,SYN-10877,4,2026-10-23,37235.82,3723582,37235.82,3723582,2026-10-23,TX-131947,0,on_time,35358761,336503
RP-878-0-0,LN-878-0,SYN-10878,2,2026-08-27,15088.82,1508882,15088.82,1508882,2026-08-27,TX-131961,0,on_time,32265259,304853
RP-878-1-0,LN-878-0,SYN-10878,3,2026-09-27,15088.82,1508882,15088.82,1508882,2026-09-27,TX-131972,0,on_time,31061230,293477
RP-878-2-0,LN-878-0,SYN-10878,4,2026-10-27,15088.82,1508882,15088.82,1508882,2026-11-02,TX-131984,6,late,29845825,281993
RP-879-0-0,LN-879-0,SYN-10879,2,2026-08-21,12934.59,1293459,12934.59,1293459,2026-08-21,TX-131994,0,on_time,26595659,339323
RP-879-1-0,LN-879-0,SYN-10879,3,2026-09-21,12934.59,1293459,12934.59,1293459,2026-11-05,TX-132005;TX-132011;TX-132023,45,late,25641523,327150
RP-879-2-0,LN-879-0,SYN-10879,4,2026-10-21,12934.59,1293459,12934.59,1293459,2026-11-05,TX-132024,15,late,25207432,321611
RP-881-0-0,LN-881-0,SYN-10881,2,2026-08-20,18357.13,1835713,18357.13,1835713,2026-08-20,TX-132056,0,on_time,49525527,817514
RP-881-0-1,LN-881-1,SYN-10881,2,2026-08-20,12078.7,1207870,12078.7,1207870,2026-08-20,TX-132057,0,on_time,34348649,458443
RP-881-1-0,LN-881-0,SYN-10881,3,2026-09-20,18357.13,1835713,18357.13,1835713,2026-09-20,TX-132066,0,on_time,48507328,800706
RP-881-1-1,LN-881-1,SYN-10881,3,2026-09-20,12078.7,1207870,12078.7,1207870,2026-09-20,TX-132067,0,on_time,33599222,448440
RP-881-2-0,LN-881-0,SYN-10881,4,2026-10-20,18357.13,1835713,18357.13,1835713,2026-10-20,TX-132076,0,on_time,47472321,783622
RP-881-2-1,LN-881-1,SYN-10881,4,2026-10-20,12078.7,1207870,12078.7,1207870,2026-10-20,TX-132077,0,on_time,32839792,438304
RP-882-0-0,LN-882-0,SYN-10882,2,2026-08-24,16047.0,1604700,16047.0,1604700,2026-08-24,TX-132091,0,on_time,18223085,156518
RP-882-1-0,LN-882-0,SYN-10882,3,2026-09-24,16047.0,1604700,16047.0,1604700,2026-10-03,TX-132100;TX-132105,9,late,16774903,144080
RP-882-2-0,LN-882-0,SYN-10882,4,2026-10-24,16047.0,1604700,16047.0,1604700,2026-11-02,TX-132110;TX-132114,9,late,15314283,131534
RP-883-0-0,LN-883-0,SYN-10883,2,2026-08-23,14229.95,1422995,14229.95,1422995,2026-08-23,TX-132125,0,on_time,39978937,562410
RP-883-1-0,LN-883-0,SYN-10883,3,2026-09-23,14229.95,1422995,14229.95,1422995,2026-09-23,TX-132135,0,on_time,39118352,550304
RP-883-2-0,LN-883-0,SYN-10883,4,2026-10-23,14229.95,1422995,14229.95,1422995,2026-10-23,TX-132145,0,on_time,38245661,538027
RP-884-0-0,LN-884-0,SYN-10884,2,2026-08-21,6750.61,675061,6750.61,675061,2026-08-21,TX-132159,0,on_time,20012677,218108
RP-884-1-0,LN-884-0,SYN-10884,3,2026-09-21,6750.61,675061,6750.61,675061,2026-11-02,TX-132176;TX-132187,42,late,19555724,213128
RP-884-2-0,LN-884-0,SYN-10884,4,2026-10-21,6750.61,675061,6750.61,675061,2026-11-02,TX-132188,12,late,19216817,209434
RP-885-0-0,LN-885-0,SYN-10885,2,2026-08-27,8477.65,847765,8477.65,847765,2026-08-27,TX-132201,0,on_time,16843517,264468
RP-885-1-0,LN-885-0,SYN-10885,3,2026-09-27,8477.65,847765,8477.65,847765,2026-09-27,TX-132211,0,on_time,16260220,255310
RP-885-2-0,LN-885-0,SYN-10885,4,2026-10-27,8477.65,847765,8477.65,847765,2026-10-27,TX-132221,0,on_time,15667765,246007
RP-886-0-0,LN-886-0,SYN-10886,2,2026-08-21,69027.56,6902756,69027.56,6902756,2026-08-21,TX-132234,0,on_time,76605504,937205
RP-886-1-0,LN-886-0,SYN-10886,3,2026-09-21,69027.56,6902756,69027.56,6902756,2026-10-03,TX-132251,12,late,70639953,864221
RP-886-2-0,LN-886-0,SYN-10886,4,2026-10-21,69027.56,6902756,69027.56,6902756,2026-11-02,TX-132262,12,late,64601418,790345
RP-887-0-0,LN-887-0,SYN-10887,2,2026-08-28,27453.37,2745337,27453.37,2745337,2026-08-28,TX-132275,0,on_time,31001141,293826
RP-887-1-0,LN-887-0,SYN-10887,3,2026-09-28,27453.37,2745337,27453.37,2745337,2026-09-28,TX-132286,0,on_time,28549630,270591
RP-887-2-0,LN-887-0,SYN-10887,4,2026-10-28,27453.37,2745337,27453.37,2745337,2026-10-31,TX-132295,3,late,26074884,247136
RP-888-0-0,LN-888-0,SYN-10888,2,2026-08-26,22029.86,2202986,22029.86,2202986,2026-08-26,TX-132307,0,on_time,45251429,581228
RP-888-1-0,LN-888-0,SYN-10888,3,2026-09-26,22029.86,2202986,22029.86,2202986,2026-09-26,TX-132318,0,on_time,43629671,560398
RP-888-2-0,LN-888-0,SYN-10888,4,2026-10-26,22029.86,2202986,22029.86,2202986,2026-10-26,TX-132329,0,on_time,41987083,539300
RP-889-0-0,LN-889-0,SYN-10889,2,2026-08-26,12869.61,1286961,12869.61,1286961,2026-08-26,TX-132344,0,on_time,37559031,443816
RP-889-1-0,LN-889-0,SYN-10889,3,2026-09-26,12869.61,1286961,12869.61,1286961,2026-09-26,TX-132359,0,on_time,36715886,433853
RP-889-2-0,LN-889-0,SYN-10889,4,2026-10-26,12869.61,1286961,12869.61,1286961,2026-10-26,TX-132370,0,on_time,35862778,423773
RP-891-0-0,LN-891-0,SYN-10891,2,2026-08-22,19941.58,1994158,19941.58,1994158,2026-08-25,TX-132407,3,late,39545597,627371
RP-891-0-1,LN-891-1,SYN-10891,2,2026-08-22,20669.7,2066970,20669.7,2066970,2026-08-25,TX-132408,3,late,22636428,324931
RP-891-1-0,LN-891-0,SYN-10891,3,2026-09-22,19941.58,1994158,19941.58,1994158,2026-09-28,TX-132418,6,late,38178810,605688
RP-891-1-1,LN-891-1,SYN-10891,3,2026-09-22,20669.7,2066970,20669.7,2066970,2026-09-28,TX-132419,6,late,20894389,299925
RP-891-2-0,LN-891-0,SYN-10891,4,2026-10-22,19941.58,1994158,19941.58,1994158,2026-11-03,TX-132431,12,late,36790340,583660
RP-891-2-1,LN-891-1,SYN-10891,4,2026-10-22,20669.7,2066970,20669.7,2066970,2026-11-03,TX-132427;TX-132432,12,late,19127344,274560
RP-892-0-0,LN-892-0,SYN-10892,2,2026-08-21,13814.69,1381469,13814.69,1381469,2026-08-21,TX-132440,0,on_time,41522586,419281
RP-892-1-0,LN-892-0,SYN-10892,3,2026-09-21,13814.69,1381469,13814.69,1381469,2026-10-06,TX-132451;TX-132452;TX-132458,15,late,40560398,409565
RP-892-2-0,LN-892-0,SYN-10892,4,2026-10-21,13814.69,1381469,0,0,,,0,missed,39588494,399751
RP-893-0-0,LN-893-0,SYN-10893,2,2026-08-28,56065.31,5606531,56065.31,5606531,2026-08-28,TX-132478,0,on_time,60627263,993651
RP-893-1-0,LN-893-0,SYN-10893,3,2026-09-28,56065.31,5606531,56065.31,5606531,2026-09-28,TX-132488,0,on_time,56014383,918048
RP-893-2-0,LN-893-0,SYN-10893,4,2026-10-28,56065.31,5606531,56065.31,5606531,2026-10-28,TX-132498,0,on_time,51325900,841206
RP-894-0-0,LN-894-0,SYN-10894,2,2026-08-28,13524.32,1352432,13524.32,1352432,2026-08-28,TX-132511,0,on_time,39105228,483429
RP-894-1-0,LN-894-0,SYN-10894,3,2026-09-28,13524.32,1352432,13524.32,1352432,2026-09-28,TX-132523,0,on_time,38236225,472686
RP-894-2-0,LN-894-0,SYN-10894,4,2026-10-28,13524.32,1352432,13524.32,1352432,2026-10-28,TX-132532,0,on_time,37356479,461810
RP-895-0-0,LN-895-0,SYN-10895,2,2026-08-22,48325.69,4832569,48325.69,4832569,2026-09-03,TX-132543;TX-132548,12,late,52768373,782357
RP-895-1-0,LN-895-0,SYN-10895,3,2026-09-22,48325.69,4832569,48325.69,4832569,2026-10-01,TX-132558,9,late,48718161,722308
RP-895-2-0,LN-895-0,SYN-10895,4,2026-10-22,48325.69,4832569,0,0,,,0,missed,44607900,661368
RP-896-0-0,LN-896-0,SYN-10896,2,2026-08-25,15995.56,1599556,15995.56,1599556,2026-08-25,TX-132582,0,on_time,33368900,384749
RP-896-1-0,LN-896-0,SYN-10896,3,2026-09-25,15995.56,1599556,15995.56,1599556,2026-09-25,TX-132597,0,on_time,32154093,370742
RP-896-2-0,LN-896-0,SYN-10896,4,2026-10-25,15995.56,1599556,15995.56,1599556,2026-10-25,TX-132608,0,on_time,30925279,356574
RP-897-0-0,LN-897-0,SYN-10897,2,2026-08-23,45711.84,4571184,45711.84,4571184,2026-08-23,TX-132621,0,on_time,49815320,754436
RP-897-1-0,LN-897-0,SYN-10897,3,2026-09-23,45711.84,4571184,45711.84,4571184,2026-09-23,TX-132631,0,on_time,45998572,696633
RP-897-2-0,LN-897-0,SYN-10897,4,2026-10-23,45711.84,4571184,45711.84,4571184,2026-10-23,TX-132641,0,on_time,42124021,637954
RP-898-0-0,LN-898-0,SYN-10898,2,2026-08-21,21990.32,2199032,21990.32,2199032,2026-09-02,TX-132656;TX-132657;TX-132660,12,late,23792798,387831
RP-898-1-0,LN-898-0,SYN-10898,3,2026-09-21,21990.32,2199032,21990.32,2199032,2026-10-03,TX-132674,12,late,21981597,358307
RP-898-2-0,LN-898-0,SYN-10898,4,2026-10-21,21990.32,2199032,21990.32,2199032,2026-11-02,TX-132685,12,late,20140872,328303
RP-899-0-0,LN-899-0,SYN-10899,2,2026-08-24,14425.67,1442567,14425.67,1442567,2026-08-27,TX-132698,3,late,42476129,479800
RP-899-1-0,LN-899-0,SYN-10899,3,2026-09-24,14425.67,1442567,14425.67,1442567,2026-09-24,TX-132708,0,on_time,41513362,468925
RP-899-2-0,LN-899-0,SYN-10899,4,2026-10-24,14425.67,1442567,14425.67,1442567,2026-10-27,TX-132720,3,late,40539720,457927
RP-901-0-0,LN-901-0,SYN-10901,2,2026-08-20,12449.92,1244992,12449.92,1244992,2026-08-20,TX-132762,0,on_time,25890797,305410
RP-901-0-1,LN-901-1,SYN-10901,2,2026-08-20,6734.46,673446,6734.46,673446,2026-08-20,TX-132763,0,on_time,14036243,162919
RP-901-1-0,LN-901-0,SYN-10901,3,2026-09-20,12449.92,1244992,12449.92,1244992,2026-10-02,TX-132776;TX-132782,12,late,24951215,294327
RP-901-1-1,LN-901-1,SYN-10901,3,2026-09-20,6734.46,673446,6734.46,673446,2026-10-02,TX-132783,12,late,13525716,156993
RP-901-2-0,LN-901-0,SYN-10901,4,2026-10-20,12449.92,1244992,12449.92,1244992,2026-11-01,TX-132789;TX-132796,12,late,24000550,283112
RP-901-2-1,LN-901-1,SYN-10901,4,2026-10-20,6734.46,673446,6734.46,673446,2026-11-01,TX-132790;TX-132797,12,late,13009263,150999
RP-902-0-0,LN-902-0,SYN-10902,2,2026-08-20,22562.55,2256255,22562.55,2256255,2026-08-20,TX-132806,0,on_time,45934480,624935
RP-902-1-0,LN-902-0,SYN-10902,3,2026-09-20,22562.55,2256255,22562.55,2256255,2026-09-20,TX-132816,0,on_time,44303160,602741
RP-902-2-0,LN-902-0,SYN-10902,4,2026-10-20,22562.55,2256255,22562.55,2256255,2026-10-20,TX-132826,0,on_time,42649646,580245
RP-903-0-0,LN-903-0,SYN-10903,2,2026-08-23,16549.92,1654992,16549.92,1654992,2026-08-23,TX-132842,0,on_time,32731558,526885
RP-903-1-0,LN-903-0,SYN-10903,3,2026-09-23,16549.92,1654992,16549.92,1654992,2026-09-23,TX-132853,0,on_time,31603451,508726
RP-903-2-0,LN-903-0,SYN-10903,4,2026-10-23,16549.92,1654992,16549.92,1654992,2026-10-23,TX-132864,0,on_time,30457185,490274
RP-904-0-0,LN-904-0,SYN-10904,2,2026-08-28,7674.93,767493,7674.93,767493,2026-08-31,TX-132878,3,late,23071710,232778
RP-904-1-0,LN-904-0,SYN-10904,3,2026-09-28,7674.93,767493,7674.93,767493,2026-10-01,TX-132889,3,late,22536995,227383
RP-904-2-0,LN-904-0,SYN-10904,4,2026-10-28,7674.93,767493,7674.93,767493,2026-11-03,TX-132899,6,late,21996885,221934
RP-905-0-0,LN-905-0,SYN-10905,2,2026-08-27,4374.34,437434,4374.34,437434,2026-08-27,TX-132910,0,on_time,12792849,149601
RP-905-1-0,LN-905-0,SYN-10905,3,2026-09-27,4374.34,437434,4374.34,437434,2026-09-27,TX-132923,0,on_time,12505016,146235
RP-905-2-0,LN-905-0,SYN-10905,4,2026-10-27,4374.34,437434,4374.34,437434,2026-10-27,TX-132933,0,on_time,12213817,142829
RP-906-0-0,LN-906-0,SYN-10906,2,2026-08-25,7484.76,748476,7484.76,748476,2026-08-25,TX-132948,0,on_time,15239057,207237
RP-906-1-0,LN-906-0,SYN-10906,3,2026-09-25,7484.76,748476,7484.76,748476,2026-09-25,TX-132959,0,on_time,14697818,199877
RP-906-2-0,LN-906-0,SYN-10906,4,2026-10-25,7484.76,748476,7484.76,748476,2026-11-03,TX-132975,9,late,14149219,192416
RP-907-0-0,LN-907-0,SYN-10907,2,2026-08-22,43507.87,4350787,43507.87,4350787,2026-08-22,TX-132986,0,on_time,85657213,1412595
RP-907-1-0,LN-907-0,SYN-10907,3,2026-09-22,43507.87,4350787,43507.87,4350787,2026-09-22,TX-133000,0,on_time,82719021,1364140
RP-907-2-0,LN-907-0,SYN-10907,4,2026-10-22,43507.87,4350787,43507.87,4350787,2026-11-03,TX-133011;TX-133017,12,late,79732374,1314887
RP-908-0-0,LN-908-0,SYN-10908,2,2026-08-21,28376.28,2837628,28376.28,2837628,2026-08-21,TX-133028,0,on_time,30887122,473628
RP-908-1-0,LN-908-0,SYN-10908,3,2026-09-21,28376.28,2837628,28376.28,2837628,2026-09-21,TX-133038,0,on_time,28523122,437378
RP-908-2-0,LN-908-0,SYN-10908,4,2026-10-21,28376.28,2837628,28376.28,2837628,2026-11-02,TX-133048;TX-133051,12,late,26122872,400572
RP-909-0-0,LN-909-0,SYN-10909,2,2026-08-24,18165.77,1816577,18165.77,1816577,2026-08-24,TX-133061,0,on_time,36046310,569931
RP-909-1-0,LN-909-0,SYN-10909,3,2026-09-24,18165.77,1816577,18165.77,1816577,2026-09-30,TX-133075,6,late,34799664,550220
RP-909-2-0,LN-909-0,SYN-10909,4,2026-10-24,18165.77,1816577,18165.77,1816577,2026-10-24,TX-133083,0,on_time,33533307,530198
RP-911-0-0,LN-911-0,SYN-10911,2,2026-08-20,48426.72,4842672,48426.72,4842672,2026-08-20,TX-133127,0,on_time,53766766,654014
RP-911-0-1,LN-911-1,SYN-10911,2,2026-08-20,22491.05,2249105,22491.05,2249105,2026-08-20,TX-133128,0,on_time,47707366,483057
RP-911-1-0,LN-911-0,SYN-10911,3,2026-09-20,48426.72,4842672,48426.72,4842672,2026-09-20,TX-133137,0,on_time,49578108,603064
RP-911-1-1,LN-911-1,SYN-10911,3,2026-09-20,22491.05,2249105,22491.05,2249105,2026-09-20,TX-133138,0,on_time,45941318,465175
RP-911-2-0,LN-911-0,SYN-10911,4,2026-10-20,48426.72,4842672,48426.72,4842672,2026-10-20,TX-133147,0,on_time,45338500,551494
RP-911-2-1,LN-911-1,SYN-10911,4,2026-10-20,22491.05,2249105,22491.05,2249105,2026-10-29,TX-133148;TX-133153,9,late,44157388,447112
RP-912-0-0,LN-912-0,SYN-10912,2,2026-08-21,7704.81,770481,7704.81,770481,2026-08-27,TX-133164,6,late,20874393,339244
RP-912-1-0,LN-912-0,SYN-10912,3,2026-09-21,7704.81,770481,7704.81,770481,2026-09-27,TX-133174,6,late,20443156,332235
RP-912-2-0,LN-912-0,SYN-10912,4,2026-10-21,7704.81,770481,7704.81,770481,2026-10-24,TX-133182,3,late,20004910,325113
RP-913-0-0,LN-913-0,SYN-10913,2,2026-08-24,19134.12,1913412,19134.12,1913412,2026-08-30,TX-133197,6,late,21209626,263473
RP-913-1-0,LN-913-0,SYN-10913,3,2026-09-24,19134.12,1913412,19134.12,1913412,2026-09-30,TX-133210,6,late,19559687,242977
RP-913-2-0,LN-913-0,SYN-10913,4,2026-10-24,19134.12,1913412,19134.12,1913412,2026-11-02,TX-133220,9,late,17889252,222226
RP-914-0-0,LN-914-0,SYN-10914,2,2026-08-22,6776.1,677610,6776.1,677610,2026-08-22,TX-133229,0,on_time,18718895,282240
RP-914-1-0,LN-914-0,SYN-10914,3,2026-09-22,6776.1,677610,6776.1,677610,2026-09-22,TX-133242,0,on_time,18323525,276279
RP-914-2-0,LN-914-0,SYN-10914,4,2026-10-22,6776.1,677610,6776.1,677610,2026-10-22,TX-133251,0,on_time,17922194,270228
RP-915-0-0,LN-915-0,SYN-10915,2,2026-08-20,80018.3,8001830,80018.3,8001830,2026-08-29,TX-133260;TX-133266,9,late,90138712,889121
RP-915-1-0,LN-915-0,SYN-10915,3,2026-09-20,80018.3,8001830,80018.3,8001830,2026-09-29,TX-133279,9,late,83026003,818962
RP-915-2-0,LN-915-0,SYN-10915,4,2026-10-20,80018.3,8001830,80018.3,8001830,2026-10-29,TX-133288,9,late,75843135,748110
RP-916-0-0,LN-916-0,SYN-10916,2,2026-08-27,4632.68,463268,4632.68,463268,2026-09-02,TX-133303,6,late,14343362,120323
RP-916-1-0,LN-916-0,SYN-10916,3,2026-09-27,4632.68,463268,4632.68,463268,2026-10-03,TX-133319,6,late,14000417,117446
RP-916-2-0,LN-916-0,SYN-10916,4,2026-10-27,4632.68,463268,4632.68,463268,2026-11-02,TX-133329,6,late,13654595,114545
RP-917-0-0,LN-917-0,SYN-10917,2,2026-08-22,12408.12,1240812,12408.12,1240812,2026-11-02,TX-133346;TX-133362,72,late,14021596,131318
RP-917-1-0,LN-917-0,SYN-10917,3,2026-09-22,12408.12,1240812,12408.12,1240812,2026-10-01,TX-133356,9,late,12996373,121716
RP-917-2-0,LN-917-0,SYN-10917,4,2026-10-22,12408.12,1240812,12408.12,1240812,2026-11-03,TX-133364,12,late,11877277,111236
RP-918-0-0,LN-918-0,SYN-10918,2,2026-08-28,7781.95,778195,7781.95,778195,2026-08-28,TX-133374,0,on_time,22026880,300089
RP-918-1-0,LN-918-0,SYN-10918,3,2026-09-28,7781.95,778195,7781.95,778195,2026-10-01,TX-133383,3,late,21548774,293575
RP-918-2-0,LN-918-0,SYN-10918,4,2026-10-28,7781.95,778195,7781.95,778195,2026-10-28,TX-133392,0,on_time,21064154,286973
RP-919-0-0,LN-919-0,SYN-10919,2,2026-08-25,11727.47,1172747,11727.47,1172747,2026-08-25,TX-133404,0,on_time,33808498,423908
RP-919-1-0,LN-919-0,SYN-10919,3,2026-09-25,11727.47,1172747,11727.47,1172747,2026-09-25,TX-133418,0,on_time,33059659,414519
RP-919-2-0,LN-919-0,SYN-10919,4,2026-10-25,11727.47,1172747,11727.47,1172747,2026-10-25,TX-133429,0,on_time,32301431,405011
RP-921-0-0,LN-921-0,SYN-10921,2,2026-08-26,28040.17,2804017,28040.17,2804017,2026-08-29,TX-133474,3,late,30737394,436535
RP-921-0-1,LN-921-1,SYN-10921,2,2026-08-26,11101.97,1110197,11101.97,1110197,2026-08-29,TX-133475,3,late,12385692,141172
RP-921-1-0,LN-921-0,SYN-10921,3,2026-09-26,28040.17,2804017,28040.17,2804017,2026-09-29,TX-133484,3,late,28369912,402912
RP-921-1-1,LN-921-1,SYN-10921,3,2026-09-26,11101.97,1110197,11101.97,1110197,2026-09-29,TX-133485,3,late,11416667,130127
RP-921-2-0,LN-921-0,SYN-10921,4,2026-10-26,28040.17,2804017,28040.17,2804017,2026-10-29,TX-133491,3,late,25968807,368811
RP-921-2-1,LN-921-1,SYN-10921,4,2026-10-26,11101.97,1110197,11101.97,1110197,2026-10-29,TX-133492,3,late,10436597,118956
RP-922-0-0,LN-922-0,SYN-10922,2,2026-08-25,21665.64,2166564,21665.64,2166564,2026-08-25,TX-133506,0,on_time,63017640,757078
RP-922-1-0,LN-922-0,SYN-10922,3,2026-09-25,21665.64,2166564,21665.64,2166564,2026-09-25,TX-133517,0,on_time,61608154,740145
RP-922-2-0,LN-922-0,SYN-10922,4,2026-10-25,21665.64,2166564,21665.64,2166564,2026-10-25,TX-133528,0,on_time,60181735,723008
RP-923-0-0,LN-923-0,SYN-10923,2,2026-08-21,46448.88,4644888,46448.88,4644888,2026-08-30,TX-133545,9,late,93594396,1356011
RP-923-1-0,LN-923-0,SYN-10923,3,2026-09-21,46448.88,4644888,46448.88,4644888,2026-09-30,TX-133553;TX-133555,9,late,90305519,1308361
RP-923-2-0,LN-923-0,SYN-10923,4,2026-10-21,46448.88,4644888,46448.88,4644888,2026-10-30,TX-133562;TX-133566,9,late,86968992,1260021
RP-924-0-0,LN-924-0,SYN-10924,2,2026-08-20,15154.97,1515497,15154.97,1515497,2026-08-20,TX-133575,0,on_time,46201183,428662
RP-924-1-0,LN-924-0,SYN-10924,3,2026-09-20,15154.97,1515497,15154.97,1515497,2026-10-02,TX-133586;TX-133592,12,late,45114348,418578
RP-924-2-0,LN-924-0,SYN-10924,4,2026-10-20,15154.97,1515497,15154.97,1515497,2026-11-01,TX-133597;TX-133603,12,late,44017429,408401
RP-925-0-0,LN-925-0,SYN-10925,2,2026-08-28,40876.67,4087667,40876.67,4087667,2026-08-28,TX-133614,0,on_time,44859670,628929
RP-925-1-0,LN-925-0,SYN-10925,3,2026-09-28,40876.67,4087667,40876.67,4087667,2026-09-28,TX-133623,0,on_time,41400932,580438
RP-925-2-0,LN-925-0,SYN-10925,4,2026-10-28,40876.67,4087667,40876.67,4087667,2026-11-03,TX-133632;TX-133633;TX-133637,6,late,37893703,531267
RP-926-0-0,LN-926-0,SYN-10926,2,2026-08-21,19035.14,1903514,19035.14,1903514,2026-08-21,TX-133646,0,on_time,20855620,297881
RP-926-1-0,LN-926-0,SYN-10926,3,2026-09-21,19035.14,1903514,19035.14,1903514,2026-10-06,TX-133658;TX-133659;TX-133665,15,late,19249987,274948
RP-926-2-0,LN-926-0,SYN-10926,4,2026-10-21,19035.14,1903514,19035.14,1903514,2026-11-05,TX-133670;TX-133675,15,late,17621421,251687
RP-927-0-0,LN-927-0,SYN-10927,2,2026-08-24,10587.52,1058752,10587.52,1058752,2026-08-24,TX-133685,0,on_time,29069768,448995
RP-927-1-0,LN-927-0,SYN-10927,3,2026-09-24,10587.52,1058752,10587.52,1058752,2026-09-24,TX-133696,0,on_time,28460011,439577
RP-927-2-0,LN-927-0,SYN-10927,4,2026-10-24,10587.52,1058752,10587.52,1058752,2026-10-24,TX-133707,0,on_time,27840836,430013
RP-928-0-0,LN-928-0,SYN-10928,2,2026-08-23,35589.12,3558912,35589.12,3558912,2026-08-23,TX-133720,0,on_time,39183579,529053
RP-928-1-0,LN-928-0,SYN-10928,3,2026-09-23,35589.12,3558912,35589.12,3558912,2026-09-26,TX-133730,3,late,36153720,488145
RP-928-2-0,LN-928-0,SYN-10928,4,2026-10-23,35589.12,3558912,35589.12,3558912,2026-10-23,TX-133738,0,on_time,33082953,446683
RP-929-0-0,LN-929-0,SYN-10929,2,2026-08-24,9844.62,984462,9844.62,984462,2026-08-24,TX-133750,0,on_time,29711492,292950
RP-929-1-0,LN-929-0,SYN-10929,3,2026-09-24,9844.62,984462,9844.62,984462,2026-09-24,TX-133762,0,on_time,29019980,286132
RP-929-2-0,LN-929-0,SYN-10929,4,2026-10-24,9844.62,984462,9844.62,984462,2026-10-24,TX-133772,0,on_time,28321650,279247
RP-931-0-0,LN-931-0,SYN-10931,2,2026-08-28,15153.01,1515301,15153.01,1515301,2026-08-28,TX-133821,0,on_time,42041112,622993
RP-931-0-1,LN-931-1,SYN-10931,2,2026-08-28,33665.18,3366518,33665.18,3366518,2026-08-28,TX-133822,0,on_time,36752608,546104
RP-931-1-0,LN-931-0,SYN-10931,3,2026-09-28,15153.01,1515301,15153.01,1515301,2026-09-28,TX-133831,0,on_time,41148804,609770
RP-931-1-1,LN-931-1,SYN-10931,3,2026-09-28,33665.18,3366518,33665.18,3366518,2026-10-07,TX-133832;TX-133836,9,late,33932194,504196
RP-931-2-0,LN-931-0,SYN-10931,4,2026-10-28,15153.01,1515301,6777.85,677785,2026-10-28,TX-133843,0,partial,40243273,596352
RP-931-2-1,LN-931-1,SYN-10931,4,2026-10-28,33665.18,3366518,1317.09,131709,2026-10-31,TX-133844;TX-133845,3,partial,31069872,461665
RP-932-0-0,LN-932-0,SYN-10932,2,2026-08-22,8693.16,869316,8693.16,869316,2026-08-22,TX-133859,0,on_time,18249839,200695
RP-932-1-0,LN-932-0,SYN-10932,3,2026-09-22,8693.16,869316,8693.16,869316,2026-09-22,TX-133870,0,on_time,17581218,193342
RP-932-2-0,LN-932-0,SYN-10932,4,2026-10-22,8693.16,869316,8693.16,869316,2026-10-22,TX-133881,0,on_time,16905244,185908
RP-933-0-0,LN-933-0,SYN-10933,2,2026-08-22,14263.33,1426333,14263.33,1426333,2026-08-22,TX-133895,0,on_time,41084068,517190
RP-933-1-0,LN-933-0,SYN-10933,3,2026-09-22,14263.33,1426333,14263.33,1426333,2026-09-22,TX-133905,0,on_time,40174925,505745
RP-933-2-0,LN-933-0,SYN-10933,4,2026-10-22,14263.33,1426333,14263.33,1426333,2026-10-22,TX-133915,0,on_time,39254337,494156
RP-934-0-0,LN-934-0,SYN-10934,2,2026-08-25,9634.39,963439,9634.39,963439,2026-08-25,TX-133930,0,on_time,26137675,422627
RP-934-1-0,LN-934-0,SYN-10934,3,2026-09-25,9634.39,963439,9634.39,963439,2026-10-01,TX-133941;TX-133944,6,late,25596863,413882
RP-934-2-0,LN-934-0,SYN-10934,4,2026-10-25,9634.39,963439,9634.39,963439,2026-11-03,TX-133958,9,late,25047306,404996
RP-935-0-0,LN-935-0,SYN-10935,2,2026-08-28,40905.72,4090572,40905.72,4090572,2026-08-28,TX-133970,0,on_time,84133106,1071365
RP-935-1-0,LN-935-0,SYN-10935,3,2026-09-28,40905.72,4090572,40905.72,4090572,2026-09-28,TX-133980,0,on_time,81113899,1032918
RP-935-2-0,LN-935-0,SYN-10935,4,2026-10-28,40905.72,4090572,40905.72,4090572,2026-11-03,TX-133990;TX-133993,6,late,78056245,993981
RP-936-0-0,LN-936-0,SYN-10936,2,2026-08-23,8943.74,894374,8943.74,894374,2026-08-23,TX-134004,0,on_time,19113904,181514
RP-936-1-0,LN-936-0,SYN-10936,3,2026-09-23,8943.74,894374,8943.74,894374,2026-09-23,TX-134018,0,on_time,18401044,174744
RP-936-2-0,LN-936-0,SYN-10936,4,2026-10-23,8943.74,894374,8943.74,894374,2026-11-01,TX-134029;TX-134034,9,late,17681414,167910
RP-937-0-0,LN-937-0,SYN-10937,2,2026-08-27,10008.53,1000853,10008.53,1000853,2026-08-30,TX-134049,3,late,20020987,302596
RP-937-1-0,LN-937-0,SYN-10937,3,2026-09-27,10008.53,1000853,10008.53,1000853,2026-10-03,TX-134065,6,late,19322730,292042
RP-937-2-0,LN-937-0,SYN-10937,4,2026-10-27,10008.53,1000853,10008.53,1000853,2026-10-30,TX-134076,3,late,18613919,281329
RP-938-0-0,LN-938-0,SYN-10938,2,2026-08-22,10278.62,1027862,10278.62,1027862,2026-08-22,TX-134086,0,on_time,20628846,305957
RP-938-1-0,LN-938-0,SYN-10938,3,2026-09-22,10278.62,1027862,10278.62,1027862,2026-10-07,TX-134100;TX-134106,15,late,19906941,295250
RP-938-2-0,LN-938-0,SYN-10938,4,2026-10-22,10278.62,1027862,10278.62,1027862,2026-10-22,TX-134112,0,on_time,19174329,284384
RP-939-0-0,LN-939-0,SYN-10939,2,2026-08-25,31933.54,3193354,31933.54,3193354,2026-08-25,TX-134126,0,on_time,96063401,965301
RP-939-1-0,LN-939-0,SYN-10939,3,2026-09-25,31933.54,3193354,31933.54,3193354,2026-09-25,TX-134136,0,on_time,93835348,942912
RP-939-2-0,LN-939-0,SYN-10939,4,2026-10-25,31933.54,3193354,31933.54,3193354,2026-10-25,TX-134146,0,on_time,91584906,920299
RP-941-0-0,LN-941-0,SYN-10941,2,2026-08-22,34680.15,3468015,34680.15,3468015,2026-09-03,TX-134190;TX-134196,12,late,38286318,500380
RP-941-0-1,LN-941-1,SYN-10941,2,2026-08-22,9247.71,924771,9247.71,924771,2026-09-03,TX-134191;TX-134197,12,late,19965901,172597
RP-941-1-0,LN-941-0,SYN-10941,3,2026-09-22,34680.15,3468015,34680.15,3468015,2026-10-01,TX-134212,9,late,35318683,461595
RP-941-1-1,LN-941-1,SYN-10941,3,2026-09-22,9247.71,924771,9247.71,924771,2026-10-01,TX-134208;TX-134213,9,late,19213727,166095
RP-941-2-0,LN-941-0,SYN-10941,4,2026-10-22,34680.15,3468015,34680.15,3468015,2026-11-03,TX-134226,12,late,32312263,422302
RP-941-2-1,LN-941-1,SYN-10941,4,2026-10-22,9247.71,924771,9247.71,924771,2026-11-03,TX-134227,12,late,18455051,159536
RP-942-0-0,LN-942-0,SYN-10942,2,2026-08-20,15954.0,1595400,15954.0,1595400,2026-08-23,TX-134236,3,late,17503952,246141
RP-942-1-0,LN-942-0,SYN-10942,3,2026-09-20,15954.0,1595400,15954.0,1595400,2026-09-20,TX-134244,0,on_time,16154693,227167
RP-942-2-0,LN-942-0,SYN-10942,4,2026-10-20,15954.0,1595400,15954.0,1595400,2026-10-20,TX-134253,0,on_time,14786460,207927
RP-943-0-0,LN-943-0,SYN-10943,2,2026-08-21,21406.69,2140669,21406.69,2140669,2026-08-30,TX-134269,9,late,59150336,890982
RP-943-1-0,LN-943-0,SYN-10943,3,2026-09-21,21406.69,2140669,21406.69,2140669,2026-09-24,TX-134278,3,late,57900649,872157
RP-943-2-0,LN-943-0,SYN-10943,4,2026-10-21,21406.69,2140669,21406.69,2140669,2026-10-30,TX-134291,9,late,56632137,853050
RP-944-0-0,LN-944-0,SYN-10944,2,2026-08-27,21956.13,2195613,21956.13,2195613,2026-08-27,TX-134304,0,on_time,63050276,805047
RP-944-1-0,LN-944-0,SYN-10944,3,2026-09-27,21956.13,2195613,21956.13,2195613,2026-09-27,TX-134316,0,on_time,61659710,787292
RP-944-2-0,LN-944-0,SYN-10944,4,2026-10-27,21956.13,2195613,21956.13,2195613,2026-10-27,TX-134325,0,on_time,60251389,769310
RP-945-0-0,LN-945-0,SYN-10945,2,2026-08-26,5232.46,523246,5232.46,523246,2026-08-26,TX-134339,0,on_time,10947249,123543
RP-945-1-0,LN-945-0,SYN-10945,3,2026-09-26,5232.46,523246,5232.46,523246,2026-09-26,TX-134350,0,on_time,10547546,119033
RP-945-2-0,LN-945-0,SYN-10945,4,2026-10-26,5232.46,523246,5232.46,523246,2026-11-01,TX-134361;TX-134363,6,late,10143333,114471
RP-946-0-0,LN-946-0,SYN-10946,2,2026-08-25,35082.61,3508261,35082.61,3508261,2026-08-31,TX-134377,6,late,75684962,659166
RP-946-1-0,LN-946-0,SYN-10946,3,2026-09-25,35082.61,3508261,35082.61,3508261,2026-09-28,TX-134391,3,late,72835867,634352
RP-946-2-0,LN-946-0,SYN-10946,4,2026-10-25,35082.61,3508261,35082.61,3508261,2026-10-31,TX-134402,6,late,69961958,609322
RP-947-0-0,LN-947-0,SYN-10947,2,2026-08-21,12763.87,1276387,12763.87,1276387,2026-08-21,TX-134415,0,on_time,35661297,513505
RP-947-1-0,LN-947-0,SYN-10947,3,2026-09-21,12763.87,1276387,12763.87,1276387,2026-09-21,TX-134425,0,on_time,34898415,502520
RP-947-2-0,LN-947-0,SYN-10947,4,2026-10-21,12763.87,1276387,12763.87,1276387,2026-10-21,TX-134435,0,on_time,34124548,491376
RP-948-0-0,LN-948-0,SYN-10948,2,2026-08-20,14500.22,1450022,14500.22,1450022,2026-08-29,TX-134451,9,late,15755948,245990
RP-948-1-0,LN-948-0,SYN-10948,3,2026-09-20,14500.22,1450022,14500.22,1450022,2026-09-29,TX-134457;TX-134462,9,late,14551916,227192
RP-948-2-0,LN-948-0,SYN-10948,4,2026-10-20,14500.22,1450022,5280.32,528032,2026-11-01,TX-134473;TX-134474,12,partial,13329086,208100
RP-949-0-0,LN-949-0,SYN-10949,2,2026-08-26,10125.38,1012538,10125.38,1012538,2026-08-26,TX-134488,0,on_time,28243302,409455
RP-949-1-0,LN-949-0,SYN-10949,3,2026-09-26,10125.38,1012538,10125.38,1012538,2026-09-26,TX-134500,0,on_time,27640219,400712
RP-949-2-0,LN-949-0,SYN-10949,4,2026-10-26,10125.38,1012538,10125.38,1012538,2026-10-26,TX-134510,0,on_time,27028393,391842
RP-951-0-0,LN-951-0,SYN-10951,2,2026-08-23,21986.94,2198694,21986.94,2198694,2026-08-29,TX-134562,6,late,44117385,655158
RP-951-0-1,LN-951-1,SYN-10951,2,2026-08-23,9988.68,998868,9988.68,998868,2026-08-29,TX-134563,6,late,20177072,288039
RP-951-1-0,LN-951-0,SYN-10951,3,2026-09-23,21986.94,2198694,21986.94,2198694,2026-09-29,TX-134579,6,late,42573849,632236
RP-951-1-1,LN-951-1,SYN-10951,3,2026-09-23,9988.68,998868,9988.68,998868,2026-09-29,TX-134580,6,late,19466243,277892
RP-951-2-0,LN-951-0,SYN-10951,4,2026-10-23,21986.94,2198694,21986.94,2198694,2026-10-29,TX-134587,6,late,41007391,608973
RP-951-2-1,LN-951-1,SYN-10951,4,2026-10-23,9988.68,998868,9988.68,998868,2026-10-29,TX-134588,6,late,18745267,267600
RP-952-0-0,LN-952-0,SYN-10952,2,2026-08-27,24165.35,2416535,24165.35,2416535,2026-08-27,TX-134599,0,on_time,27242599,265409
RP-952-1-0,LN-952-0,SYN-10952,3,2026-09-27,24165.35,2416535,24165.35,2416535,2026-09-27,TX-134608,0,on_time,25091473,244452
RP-952-2-0,LN-952-0,SYN-10952,4,2026-10-27,24165.35,2416535,24165.35,2416535,2026-11-02,TX-134617;TX-134618;TX-134620,6,late,22919390,223290
RP-953-0-0,LN-953-0,SYN-10953,2,2026-08-23,19011.65,1901165,19011.65,1901165,2026-08-23,TX-134631,0,on_time,37510174,611600
RP-953-1-0,LN-953-0,SYN-10953,3,2026-09-23,19011.65,1901165,19011.65,1901165,2026-09-23,TX-134645,0,on_time,36220609,590574
RP-953-2-0,LN-953-0,SYN-10953,4,2026-10-23,19011.65,1901165,19011.65,1901165,2026-10-23,TX-134656,0,on_time,34910018,569205
RP-954-0-0,LN-954-0,SYN-10954,2,2026-08-28,9672.18,967218,9672.18,967218,2026-08-28,TX-134672,0,on_time,27035529,388570
RP-954-1-0,LN-954-0,SYN-10954,3,2026-09-28,9672.18,967218,9672.18,967218,2026-09-28,TX-134685,0,on_time,26456881,380254
RP-954-2-0,LN-954-0,SYN-10954,4,2026-10-28,9672.18,967218,9672.18,967218,2026-10-28,TX-134696,0,on_time,25869917,371818
RP-955-0-0,LN-955-0,SYN-10955,2,2026-08-23,57290.3,5729030,57290.3,5729030,2026-08-29,TX-134708;TX-134711,6,late,65002471,567255
RP-955-1-0,LN-955-0,SYN-10955,3,2026-09-23,57290.3,5729030,57290.3,5729030,2026-09-29,TX-134718;TX-134720;TX-134722,6,late,59840696,522210
RP-955-2-0,LN-955-0,SYN-10955,4,2026-10-23,57290.3,5729030,57290.3,5729030,2026-10-29,TX-134732,6,late,54633876,476772
RP-956-0-0,LN-956-0,SYN-10956,2,2026-08-22,8323.38,832338,8323.38,832338,2026-08-22,TX-134742,0,on_time,17297863,205013
RP-956-1-0,LN-956-0,SYN-10956,3,2026-09-22,8323.38,832338,8323.38,832338,2026-09-22,TX-134752,0,on_time,16670538,197578
RP-956-2-0,LN-956-0,SYN-10956,4,2026-10-22,8323.38,832338,8323.38,832338,2026-10-22,TX-134762,0,on_time,16035778,190055
RP-957-0-0,LN-957-0,SYN-10957,2,2026-08-27,43469.0,4346900,43469.0,4346900,2026-08-27,TX-134778,0,on_time,92312191,925699
RP-957-1-0,LN-957-0,SYN-10957,3,2026-09-27,43469.0,4346900,43469.0,4346900,2026-10-03,TX-134791;TX-134794,6,late,88890990,891391
RP-957-2-0,LN-957-0,SYN-10957,4,2026-10-27,43469.0,4346900,36059.17,3605917,2026-11-02,TX-134805,6,partial,85435481,856740
RP-958-0-0,LN-958-0,SYN-10958,2,2026-08-25,48339.49,4833949,48339.49,4833949,2026-08-28,TX-134818,3,late,54784567,487889
RP-958-1-0,LN-958-0,SYN-10958,3,2026-09-25,48339.49,4833949,48339.49,4833949,2026-10-01,TX-134826;TX-134829,6,late,50438507,449184
RP-958-2-0,LN-958-0,SYN-10958,4,2026-10-25,48339.49,4833949,48339.49,4833949,2026-10-28,TX-134837;TX-134840,3,late,46053742,410135
RP-959-0-0,LN-959-0,SYN-10959,2,2026-08-22,15442.19,1544219,15442.19,1544219,2026-08-22,TX-134850,0,on_time,32258516,368218
RP-959-1-0,LN-959-0,SYN-10959,3,2026-09-22,15442.19,1544219,15442.19,1544219,2026-09-28,TX-134864;TX-134870,6,late,31082515,354794
RP-959-2-0,LN-959-0,SYN-10959,4,2026-10-22,15442.19,1544219,15442.19,1544219,2026-10-28,TX-134881,6,late,29893090,341217
RP-961-0-0,LN-961-0,SYN-10961,2,2026-08-22,8476.7,847670,8476.7,847670,2026-08-22,TX-134922,0,on_time,18263406,161039
RP-961-0-1,LN-961-1,SYN-10961,2,2026-08-22,6551.65,655165,6551.65,655165,2026-08-22,TX-134923,0,on_time,13984885,134215
RP-961-1-0,LN-961-0,SYN-10961,3,2026-09-22,8476.7,847670,8476.7,847670,2026-09-22,TX-134935,0,on_time,17576775,154985
RP-961-1-1,LN-961-1,SYN-10961,3,2026-09-22,6551.65,655165,6551.65,655165,2026-09-22,TX-134936,0,on_time,13463935,129216
RP-961-2-0,LN-961-0,SYN-10961,4,2026-10-22,8476.7,847670,8476.7,847670,2026-10-25,TX-134947,3,late,16884090,148877
RP-961-2-1,LN-961-1,SYN-10961,4,2026-10-22,6551.65,655165,6551.65,655165,2026-10-22,TX-134946,0,on_time,12937986,124168
RP-962-0-0,LN-962-0,SYN-10962,2,2026-08-27,63752.1,6375210,63752.1,6375210,2026-08-27,TX-134962,0,on_time,69588745,1035626
RP-962-1-0,LN-962-0,SYN-10962,3,2026-09-27,63752.1,6375210,31158.21,3115821,2026-11-05,TX-134976;TX-134988,39,partial,64249161,956161
RP-962-2-0,LN-962-0,SYN-10962,4,2026-10-27,63752.1,6375210,4943.21,494321,2026-11-05,TX-134989,9,partial,64024360,952816
RP-963-0-0,LN-963-0,SYN-10963,2,2026-08-26,6892.01,689201,6892.01,689201,2026-08-26,TX-135001,0,on_time,14922740,125426
RP-963-1-0,LN-963-0,SYN-10963,3,2026-09-26,6892.01,689201,6892.01,689201,2026-09-26,TX-135013,0,on_time,14358965,120687
RP-963-2-0,LN-963-0,SYN-10963,4,2026-10-26,6892.01,689201,6892.01,689201,2026-10-26,TX-135024,0,on_time,13790451,115909
RP-964-0-0,LN-964-0,SYN-10964,2,2026-08-23,23683.11,2368311,23683.11,2368311,2026-08-29,TX-135037,6,late,65698878,974079
RP-964-1-0,LN-964-0,SYN-10964,3,2026-09-23,23683.11,2368311,23683.11,2368311,2026-09-29,TX-135045;TX-135049,6,late,64304646,953407
RP-964-2-0,LN-964-0,SYN-10964,4,2026-10-23,23683.11,2368311,23683.11,2368311,2026-10-23,TX-135055,0,on_time,62889742,932430
RP-965-0-0,LN-965-0,SYN-10965,2,2026-08-24,18011.47,1801147,18011.47,1801147,2026-08-24,TX-135070,0,on_time,19900341,257534
RP-965-1-0,LN-965-0,SYN-10965,3,2026-09-24,18011.47,1801147,18011.47,1801147,2026-11-02,TX-135080;TX-135086;TX-135096,39,late,18356728,237557
RP-965-2-0,LN-965-0,SYN-10965,4,2026-10-24,18011.47,1801147,18011.47,1801147,2026-11-02,TX-135097,9,late,17464514,226011
RP-966-0-0,LN-966-0,SYN-10966,2,2026-08-25,15185.72,1518572,15185.72,1518572,2026-08-28,TX-135110,3,late,43771100,549236
RP-966-1-0,LN-966-0,SYN-10966,3,2026-09-25,15185.72,1518572,15185.72,1518572,2026-09-28,TX-135118;TX-135121,3,late,42801764,537073
RP-966-2-0,LN-966-0,SYN-10966,4,2026-10-25,15185.72,1518572,15185.72,1518572,2026-10-28,TX-135129;TX-135133,3,late,41820265,524757
RP-967-0-0,LN-967-0,SYN-10967,2,2026-08-21,29797.2,2979720,29797.2,2979720,2026-08-21,TX-135144,0,on_time,32198878,531410
RP-967-1-0,LN-967-0,SYN-10967,3,2026-09-21,29797.2,2979720,29797.2,2979720,2026-11-02,TX-135166,42,late,29750568,491003
RP-967-2-0,LN-967-0,SYN-10967,4,2026-10-21,29797.2,2979720,0,0,,,0,missed,29750568,491003
RP-968-0-0,LN-968-0,SYN-10968,2,2026-08-25,13189.76,1318976,13189.76,1318976,2026-08-25,TX-135178,0,on_time,40184911,374296
RP-968-1-0,LN-968-0,SYN-10968,3,2026-09-25,13189.76,1318976,13189.76,1318976,2026-09-25,TX-135189,0,on_time,39240231,365497
RP-968-2-0,LN-968-0,SYN-10968,4,2026-10-25,13189.76,1318976,13189.76,1318976,2026-10-25,TX-135200,0,on_time,38286752,356616
RP-969-0-0,LN-969-0,SYN-10969,2,2026-08-26,5625.42,562542,5625.42,562542,2026-08-26,TX-135216,0,on_time,15593490,231908
RP-969-1-0,LN-969-0,SYN-10969,3,2026-09-26,5625.42,562542,5625.42,562542,2026-09-26,TX-135227,0,on_time,15262856,226990
RP-969-2-0,LN-969-0,SYN-10969,4,2026-10-26,5625.42,562542,5625.42,562542,2026-10-26,TX-135238,0,on_time,14927304,222000
RP-971-0-0,LN-971-0,SYN-10971,2,2026-08-27,33801.92,3380192,33801.92,3380192,2026-08-30,TX-135281,3,late,37169805,509226
RP-971-0-1,LN-971-1,SYN-10971,2,2026-08-27,31347.09,3134709,31347.09,3134709,2026-08-30,TX-135282,3,late,63260819,908241
RP-971-1-0,LN-971-0,SYN-10971,3,2026-09-27,33801.92,3380192,33801.92,3380192,2026-10-30,TX-135307,33,late,34298839,469894
RP-971-1-1,LN-971-1,SYN-10971,3,2026-09-27,31347.09,3134709,18820.25,1882025,2026-10-30,TX-135295;TX-135308,33,partial,61034351,876275
RP-971-2-0,LN-971-0,SYN-10971,4,2026-10-27,33801.92,3380192,4906.86,490686,2026-10-30,TX-135309,3,partial,34298839,469894
RP-971-2-1,LN-971-1,SYN-10971,4,2026-10-27,31347.09,3134709,6227.01,622701,2026-11-02,TX-135310,6,partial,61034351,876275
RP-972-0-0,LN-972-0,SYN-10972,2,2026-08-20,9970.6,997060,9970.6,997060,2026-08-20,TX-135319,0,on_time,30332222,285113
RP-972-1-0,LN-972-0,SYN-10972,3,2026-09-20,9970.6,997060,9970.6,997060,2026-09-20,TX-135329,0,on_time,29620275,278421
RP-972-2-0,LN-972-0,SYN-10972,4,2026-10-20,9970.6,997060,9970.6,997060,2026-10-20,TX-135339,0,on_time,28901636,271666
RP-973-0-0,LN-973-0,SYN-10973,2,2026-08-28,12855.07,1285507,12855.07,1285507,2026-08-31,TX-135354;TX-135355,3,late,38804115,382201
RP-973-1-0,LN-973-0,SYN-10973,3,2026-09-28,12855.07,1285507,12855.07,1285507,2026-10-01,TX-135368,3,late,37900809,373304
RP-973-2-0,LN-973-0,SYN-10973,4,2026-10-28,12855.07,1285507,12855.07,1285507,2026-11-03,TX-135376;TX-135377;TX-135381,6,late,36988606,364319
RP-974-0-0,LN-974-0,SYN-10974,2,2026-08-24,30722.08,3072208,30722.08,3072208,2026-08-27,TX-135391,3,late,83271134,1351067
RP-974-1-0,LN-974-0,SYN-10974,3,2026-09-24,30722.08,3072208,30722.08,3072208,2026-10-03,TX-135402,9,late,81549993,1323142
RP-974-2-0,LN-974-0,SYN-10974,4,2026-10-24,30722.08,3072208,30722.08,3072208,2026-10-30,TX-135409,6,late,79800927,1294763
RP-975-0-0,LN-975-0,SYN-10975,2,2026-08-26,24419.53,2441953,24419.53,2441953,2026-08-26,TX-135421,0,on_time,51389323,554606
RP-975-1-0,LN-975-0,SYN-10975,3,2026-09-26,24419.53,2441953,24419.53,2441953,2026-09-26,TX-135430,0,on_time,49501976,534238
RP-975-2-0,LN-975-0,SYN-10975,4,2026-10-26,24419.53,2441953,24419.53,2441953,2026-10-29,TX-135442,3,late,47594261,513649
RP-976-0-0,LN-976-0,SYN-10976,2,2026-08-26,8369.98,836998,8369.98,836998,2026-08-26,TX-135455,0,on_time,25040406,259631
RP-976-1-0,LN-976-0,SYN-10976,3,2026-09-26,8369.98,836998,8369.98,836998,2026-09-26,TX-135468,0,on_time,24463039,253645
RP-976-2-0,LN-976-0,SYN-10976,4,2026-10-26,8369.98,836998,8369.98,836998,2026-10-26,TX-135479,0,on_time,23879686,247597
RP-977-0-0,LN-977-0,SYN-10977,2,2026-08-27,27465.81,2746581,27465.81,2746581,2026-08-27,TX-135494,0,on_time,55039191,823515
RP-977-1-0,LN-977-0,SYN-10977,3,2026-09-27,27465.81,2746581,27465.81,2746581,2026-09-27,TX-135504,0,on_time,53116125,794741
RP-977-2-0,LN-977-0,SYN-10977,4,2026-10-27,27465.81,2746581,27465.81,2746581,2026-10-27,TX-135514,0,on_time,51164285,765537
RP-978-0-0,LN-978-0,SYN-10978,2,2026-08-20,4622.74,462274,4622.74,462274,2026-08-20,TX-135525,0,on_time,13620963,153310
RP-978-1-0,LN-978-0,SYN-10978,3,2026-09-20,4622.74,462274,4622.74,462274,2026-09-20,TX-135537,0,on_time,13311999,149832
RP-978-2-0,LN-978-0,SYN-10978,4,2026-10-20,4622.74,462274,4622.74,462274,2026-10-20,TX-135546,0,on_time,12999557,146315
RP-979-0-0,LN-979-0,SYN-10979,2,2026-08-21,15341.61,1534161,15341.61,1534161,2026-08-24,TX-135560,3,late,43445655,590640
RP-979-1-0,LN-979-0,SYN-10979,3,2026-09-21,15341.61,1534161,15341.61,1534161,2026-09-21,TX-135569,0,on_time,42502134,577813
RP-979-2-0,LN-979-0,SYN-10979,4,2026-10-21,15341.61,1534161,15341.61,1534161,2026-10-21,TX-135578,0,on_time,41545786,564811
RP-981-0-0,LN-981-0,SYN-10981,2,2026-08-20,18267.74,1826774,18267.74,1826774,2026-08-20,TX-135621,0,on_time,36627413,546276
RP-981-0-1,LN-981-1,SYN-10981,2,2026-08-20,12146.01,1214601,12146.01,1214601,2026-08-20,TX-135622,0,on_time,33258588,519125
RP-981-1-0,LN-981-0,SYN-10981,3,2026-09-20,18267.74,1826774,18267.74,1826774,2026-09-20,TX-135631,0,on_time,35346915,527179
RP-981-1-1,LN-981-1,SYN-10981,3,2026-09-20,12146.01,1214601,12146.01,1214601,2026-09-20,TX-135632,0,on_time,32563112,508269
RP-981-2-0,LN-981-0,SYN-10981,4,2026-10-20,18267.74,1826774,18267.74,1826774,2026-10-20,TX-135641,0,on_time,34047320,507796
RP-981-2-1,LN-981-1,SYN-10981,4,2026-10-20,12146.01,1214601,12146.01,1214601,2026-10-20,TX-135642,0,on_time,31856780,497245
RP-982-0-0,LN-982-0,SYN-10982,2,2026-08-28,9043.53,904353,9043.53,904353,2026-08-28,TX-135659,0,on_time,19360073,181094
RP-982-1-0,LN-982-0,SYN-10982,3,2026-09-28,9043.53,904353,9043.53,904353,2026-10-01,TX-135673,3,late,18636814,174329
RP-982-2-0,LN-982-0,SYN-10982,4,2026-10-28,9043.53,904353,9043.53,904353,2026-11-03,TX-135685,6,late,17906790,167500
RP-983-0-0,LN-983-0,SYN-10983,2,2026-08-25,33802.99,3380299,33802.99,3380299,2026-08-25,TX-135694,0,on_time,37415718,473381
RP-983-1-0,LN-983-0,SYN-10983,3,2026-09-25,33802.99,3380299,33802.99,3380299,2026-09-25,TX-135703,0,on_time,34508800,436602
RP-983-2-0,LN-983-0,SYN-10983,4,2026-10-25,33802.99,3380299,33802.99,3380299,2026-10-25,TX-135712,0,on_time,31565103,399359
RP-984-0-0,LN-984-0,SYN-10984,2,2026-08-24,17366.94,1736694,17366.94,1736694,2026-08-27,TX-135725,3,late,50826884,592209
RP-984-1-0,LN-984-0,SYN-10984,3,2026-09-24,17366.94,1736694,17366.94,1736694,2026-09-24,TX-135733,0,on_time,49682399,578874
RP-984-2-0,LN-984-0,SYN-10984,4,2026-10-24,17366.94,1736694,17366.94,1736694,2026-10-24,TX-135742,0,on_time,48524579,565384
RP-985-0-0,LN-985-0,SYN-10985,2,2026-08-26,7140.29,714029,7140.29,714029,2026-08-26,TX-135756,0,on_time,21160605,231046
RP-985-1-0,LN-985-0,SYN-10985,3,2026-09-26,7140.29,714029,7140.29,714029,2026-09-26,TX-135768,0,on_time,20677622,225772
RP-985-2-0,LN-985-0,SYN-10985,4,2026-10-26,7140.29,714029,7140.29,714029,2026-11-01,TX-135778;TX-135780,6,late,20189365,220441
RP-986-0-0,LN-986-0,SYN-10986,2,2026-08-23,27441.79,2744179,27441.79,2744179,2026-08-23,TX-135790,0,on_time,84093162,755136
RP-986-1-0,LN-986-0,SYN-10986,3,2026-09-23,27441.79,2744179,27441.79,2744179,2026-11-01,TX-135804;TX-135816,39,late,82104119,737274
RP-986-2-0,LN-986-0,SYN-10986,4,2026-10-23,27441.79,2744179,7666.44,766644,2026-11-01,TX-135817,9,partial,82104119,737274
RP-987-0-0,LN-987-0,SYN-10987,2,2026-08-28,64810.96,6481096,64810.96,6481096,2026-08-28,TX-135830,0,on_time,70830691,1040279
RP-987-1-0,LN-987-0,SYN-10987,3,2026-09-28,64810.96,6481096,64810.96,6481096,2026-10-01,TX-135842;TX-135844,3,late,65389874,960370
RP-987-2-0,LN-987-0,SYN-10987,4,2026-10-28,64810.96,6481096,64810.96,6481096,2026-11-03,TX-135853;TX-135854;TX-135857,6,late,59869148,879288
RP-988-0-0,LN-988-0,SYN-10988,2,2026-08-23,10963.95,1096395,10963.95,1096395,2026-08-23,TX-135867,0,on_time,23075930,248789
RP-988-1-0,LN-988-0,SYN-10988,3,2026-09-23,10963.95,1096395,10963.95,1096395,2026-09-23,TX-135878,0,on_time,22228324,239651
RP-988-2-0,LN-988-0,SYN-10988,4,2026-10-23,10963.95,1096395,10963.95,1096395,2026-10-23,TX-135889,0,on_time,21371580,230414
RP-989-0-0,LN-989-0,SYN-10989,2,2026-08-21,59337.6,5933760,59337.6,5933760,2026-08-21,TX-135904,0,on_time,65945004,791923
RP-989-1-0,LN-989-0,SYN-10989,3,2026-09-21,59337.6,5933760,59337.6,5933760,2026-09-21,TX-135914,0,on_time,60803167,730175
RP-989-2-0,LN-989-0,SYN-10989,4,2026-10-21,59337.6,5933760,59337.6,5933760,2026-11-05,TX-135926;TX-135933,15,late,55599582,667686
RP-991-0-0,LN-991-0,SYN-10991,2,2026-08-25,13102.75,1310275,13102.75,1310275,2026-08-25,TX-135970,0,on_time,39151840,408706
RP-991-0-1,LN-991-1,SYN-10991,2,2026-08-25,14045.31,1404531,14045.31,1404531,2026-08-25,TX-135971,0,on_time,37808020,629233
RP-991-1-0,LN-991-0,SYN-10991,3,2026-09-25,13102.75,1310275,13102.75,1310275,2026-09-25,TX-135982,0,on_time,38250271,399295
RP-991-1-1,LN-991-1,SYN-10991,3,2026-09-25,14045.31,1404531,14045.31,1404531,2026-09-25,TX-135983,0,on_time,37032722,616329
RP-991-2-0,LN-991-0,SYN-10991,4,2026-10-25,13102.75,1310275,13102.75,1310275,2026-10-25,TX-135992,0,on_time,37339291,389785
RP-991-2-1,LN-991-1,SYN-10991,4,2026-10-25,14045.31,1404531,14045.31,1404531,2026-10-25,TX-135993,0,on_time,36244520,603212
RP-992-0-0,LN-992-0,SYN-10992,2,2026-08-25,12734.95,1273495,12734.95,1273495,2026-08-28,TX-136008;TX-136011,3,late,34749076,549754
RP-992-1-0,LN-992-0,SYN-10992,3,2026-09-25,12734.95,1273495,12734.95,1273495,2026-09-28,TX-136020;TX-136023,3,late,34025335,538303
RP-992-2-0,LN-992-0,SYN-10992,4,2026-10-25,12734.95,1273495,12734.95,1273495,2026-10-28,TX-136035,3,late,33290143,526672
RP-993-0-0,LN-993-0,SYN-10993,2,2026-08-22,26045.9,2604590,26045.9,2604590,2026-08-22,TX-136047,0,on_time,53934641,655710
RP-993-1-0,LN-993-0,SYN-10993,3,2026-09-22,26045.9,2604590,26045.9,2604590,2026-10-01,TX-136060;TX-136065,9,late,51985761,632017
RP-993-2-0,LN-993-0,SYN-10993,4,2026-10-22,26045.9,2604590,26045.9,2604590,2026-11-03,TX-136078,12,late,50013188,608035
RP-994-0-0,LN-994-0,SYN-10994,2,2026-08-26,32141.29,3214129,32141.29,3214129,2026-09-04,TX-136091,9,late,66201314,834964
RP-994-1-0,LN-994-0,SYN-10994,3,2026-09-26,32141.29,3214129,32141.29,3214129,2026-09-29,TX-136098,3,late,63822149,804957
RP-994-2-0,LN-994-0,SYN-10994,4,2026-10-26,32141.29,3214129,32141.29,3214129,2026-11-04,TX-136109,9,late,61412977,774571
RP-995-0-0,LN-995-0,SYN-10995,2,2026-08-27,60929.51,6092951,60929.51,6092951,2026-08-27,TX-136119,0,on_time,67450887,851871
RP-995-1-0,LN-995-0,SYN-10995,3,2026-09-27,60929.51,6092951,60929.51,6092951,2026-10-03,TX-136130;TX-136131;TX-136134,6,late,62209807,785679
RP-995-2-0,LN-995-0,SYN-10995,4,2026-10-27,60929.51,6092951,60929.51,6092951,2026-11-02,TX-136141;TX-136143,6,late,56902535,718651
RP-996-0-0,LN-996-0,SYN-10996,2,2026-08-21,29680.2,2968020,29680.2,2968020,2026-08-21,TX-136152,0,on_time,33247483,357419
RP-996-1-0,LN-996-0,SYN-10996,3,2026-09-21,29680.2,2968020,29680.2,2968020,2026-09-21,TX-136161,0,on_time,30636882,329354
RP-996-2-0,LN-996-0,SYN-10996,4,2026-10-21,29680.2,2968020,29680.2,2968020,2026-11-02,TX-136170;TX-136171;TX-136175,12,late,27998216,300988
RP-997-0-0,LN-997-0,SYN-10997,2,2026-08-22,11483.9,1148390,11483.9,1148390,2026-08-22,TX-136185,0,on_time,34582292,345408
RP-997-1-0,LN-997-0,SYN-10997,3,2026-09-22,11483.9,1148390,11483.9,1148390,2026-09-22,TX-136195,0,on_time,33779310,337388
RP-997-2-0,LN-997-0,SYN-10997,4,2026-10-22,11483.9,1148390,11483.9,1148390,2026-10-22,TX-136205,0,on_time,32968308,329287
RP-998-0-0,LN-998-0,SYN-10998,2,2026-08-25,30518.85,3051885,30518.85,3051885,2026-08-25,TX-136219,0,on_time,33831012,419981
RP-998-1-0,LN-998-0,SYN-10998,3,2026-09-25,30518.85,3051885,30518.85,3051885,2026-09-28,TX-136230,3,late,31199108,387308
RP-998-2-0,LN-998-0,SYN-10998,4,2026-10-25,30518.85,3051885,30518.85,3051885,2026-10-25,TX-136239,0,on_time,28534531,354230
RP-999-0-0,LN-999-0,SYN-10999,2,2026-08-23,13314.74,1331474,13314.74,1331474,2026-08-23,TX-136251,0,on_time,14555380,213139
RP-999-1-0,LN-999-0,SYN-10999,3,2026-09-23,13314.74,1331474,13314.74,1331474,2026-09-23,TX-136262,0,on_time,13437045,196763
RP-999-2-0,LN-999-0,SYN-10999,4,2026-10-23,13314.74,1331474,13314.74,1331474,2026-10-23,TX-136273,0,on_time,12302334,180147
RP-1001-0-0,LN-1001-0,SYN-11001,2,2026-08-21,13431.22,1343122,13431.22,1343122,2026-08-30,TX-136317,9,late,14940288,177271
RP-1001-0-1,LN-1001-1,SYN-11001,2,2026-08-21,27222.5,2722250,27222.5,2722250,2026-09-29,TX-136318;TX-136326,39,late,30419763,338851
RP-1001-1-0,LN-1001-0,SYN-11001,3,2026-09-21,13431.22,1343122,13431.22,1343122,2026-09-30,TX-136327,9,late,13774437,163438
RP-1001-1-1,LN-1001-1,SYN-11001,3,2026-09-21,27222.5,2722250,27222.5,2722250,2026-10-30,TX-136328;TX-136332,39,late,28208808,314223
RP-1001-2-0,LN-1001-0,SYN-11001,4,2026-10-21,13431.22,1343122,13431.22,1343122,2026-10-30,TX-136333,9,late,12594753,149441
RP-1001-2-1,LN-1001-1,SYN-11001,4,2026-10-21,27222.5,2722250,18614.62,1861462,2026-11-02,TX-136334;TX-136335,12,partial,26344397,293455
RP-1002-0-0,LN-1002-0,SYN-11002,2,2026-08-22,22545.43,2254543,22545.43,2254543,2026-08-28,TX-136347,6,late,25077855,297664
RP-1002-1-0,LN-1002-0,SYN-11002,3,2026-09-22,22545.43,2254543,22545.43,2254543,2026-10-01,TX-136360,9,late,23120976,274436
RP-1002-2-0,LN-1002-0,SYN-11002,4,2026-10-22,22545.43,2254543,4635.07,463507,2026-10-31,TX-136369,9,partial,21140869,250933
RP-1003-0-0,LN-1003-0,SYN-11003,2,2026-08-21,17454.24,1745424,17454.24,1745424,2026-08-21,TX-136381,0,on_time,35000484,521653
RP-1003-1-0,LN-1003-0,SYN-11003,3,2026-09-21,17454.24,1745424,17454.24,1745424,2026-09-21,TX-136391,0,on_time,33776713,503414
RP-1003-2-0,LN-1003-0,SYN-11003,4,2026-10-21,17454.24,1745424,17454.24,1745424,2026-11-02,TX-136401;TX-136405,12,late,32534703,484903
RP-1004-0-0,LN-1004-0,SYN-11004,2,2026-08-20,2322.62,232262,2322.62,232262,2026-09-01,TX-136416;TX-136421,12,late,7128624,63372
RP-1004-1-0,LN-1004-0,SYN-11004,3,2026-09-20,2322.62,232262,2322.62,232262,2026-10-02,TX-136436,12,late,6959734,61870
RP-1004-2-0,LN-1004-0,SYN-11004,4,2026-10-20,2322.62,232262,2322.62,232262,2026-11-01,TX-136447,12,late,6789342,60356
RP-1005-0-0,LN-1005-0,SYN-11005,2,2026-08-26,24015.49,2401549,24015.49,2401549,2026-08-26,TX-136460,0,on_time,47677538,751787
RP-1005-1-0,LN-1005-0,SYN-11005,3,2026-09-26,24015.49,2401549,24015.49,2401549,2026-09-26,TX-136471,0,on_time,46027776,725774
RP-1005-2-0,LN-1005-0,SYN-11005,4,2026-10-26,24015.49,2401549,24015.49,2401549,2026-11-01,TX-136482;TX-136484;TX-136486,6,late,44352001,699350
RP-1006-0-0,LN-1006-0,SYN-11006,2,2026-08-20,18495.01,1849501,18495.01,1849501,2026-08-29,TX-136501,9,late,20123356,309886
RP-1006-1-0,LN-1006-0,SYN-11006,3,2026-09-20,18495.01,1849501,18495.01,1849501,2026-09-29,TX-136516,9,late,18583741,286177
RP-1006-2-0,LN-1006-0,SYN-11006,4,2026-10-20,18495.01,1849501,18495.01,1849501,2026-10-20,TX-136523,0,on_time,17020417,262103
RP-1007-0-0,LN-1007-0,SYN-11007,2,2026-08-20,17990.44,1799044,17990.44,1799044,2026-08-20,TX-136538,0,on_time,35371985,587417
RP-1007-1-0,LN-1007-0,SYN-11007,3,2026-09-20,17990.44,1799044,17990.44,1799044,2026-10-02,TX-136553,12,late,34160358,567295
RP-1007-2-0,LN-1007-0,SYN-11007,4,2026-10-20,17990.44,1799044,17990.44,1799044,2026-11-01,TX-136564,12,late,32928609,546840
RP-1008-0-0,LN-1008-0,SYN-11008,2,2026-08-22,4960.84,496084,4960.84,496084,2026-08-22,TX-136573,0,on_time,14467578,171559
RP-1008-1-0,LN-1008-0,SYN-11008,3,2026-09-22,4960.84,496084,4960.84,496084,2026-09-22,TX-136582,0,on_time,14143053,167711
RP-1008-2-0,LN-1008-0,SYN-11008,4,2026-10-22,4960.84,496084,4960.84,496084,2026-10-22,TX-136591,0,on_time,13814680,163817
RP-1009-0-0,LN-1009-0,SYN-11009,2,2026-08-21,18369.02,1836902,18369.02,1836902,2026-08-21,TX-136605,0,on_time,36880689,545733
RP-1009-1-0,LN-1009-0,SYN-11009,3,2026-09-21,18369.02,1836902,18369.02,1836902,2026-09-21,TX-136615,0,on_time,35589520,526627
RP-1009-2-0,LN-1009-0,SYN-11009,4,2026-10-21,18369.02,1836902,18369.02,1836902,2026-10-21,TX-136625,0,on_time,34279245,507239
RP-1011-0-0,LN-1011-0,SYN-11011,2,2026-08-24,42064.27,4206427,42064.27,4206427,2026-08-24,TX-136674,0,on_time,86457024,1105973
RP-1011-0-1,LN-1011-1,SYN-11011,2,2026-08-24,15832.11,1583211,15832.11,1583211,2026-08-24,TX-136675,0,on_time,44295839,634121
RP-1011-1-0,LN-1011-0,SYN-11011,3,2026-09-24,42064.27,4206427,42064.27,4206427,2026-09-24,TX-136686,0,on_time,83356570,1066311
RP-1011-1-1,LN-1011-1,SYN-11011,3,2026-09-24,15832.11,1583211,15832.11,1583211,2026-09-27,TX-136688,3,late,43346749,620534
RP-1011-2-0,LN-1011-0,SYN-11011,4,2026-10-24,42064.27,4206427,42064.27,4206427,2026-11-02,TX-136696;TX-136700,9,late,80216454,1026142
RP-1011-2-1,LN-1011-1,SYN-11011,4,2026-10-24,15832.11,1583211,15832.11,1583211,2026-11-02,TX-136701,9,late,42384072,606753
RP-1012-0-0,LN-1012-0,SYN-11012,2,2026-08-23,13552.86,1355286,13552.86,1355286,2026-08-23,TX-136712,0,on_time,27545541,378717
RP-1012-1-0,LN-1012-0,SYN-11012,3,2026-09-23,13552.86,1355286,13552.86,1355286,2026-09-26,TX-136722,3,late,26568972,365290
RP-1012-2-0,LN-1012-0,SYN-11012,4,2026-10-23,13552.86,1355286,13552.86,1355286,2026-10-23,TX-136730,0,on_time,25578976,351679
RP-1013-0-0,LN-1013-0,SYN-11013,2,2026-08-26,9534.51,953451,9534.51,953451,2026-08-26,TX-136744,0,on_time,19204714,278868
RP-1013-1-0,LN-1013-0,SYN-11013,3,2026-09-26,9534.51,953451,9534.51,953451,2026-09-26,TX-136754,0,on_time,18530131,269073
RP-1013-2-0,LN-1013-0,SYN-11013,4,2026-10-26,9534.51,953451,9534.51,953451,2026-10-26,TX-136764,0,on_time,17845753,259135
RP-1014-0-0,LN-1014-0,SYN-11014,2,2026-08-27,24224.24,2422424,24224.24,2422424,2026-08-27,TX-136777,0,on_time,69209749,904566
RP-1014-1-0,LN-1014-0,SYN-11014,3,2026-09-27,24224.24,2422424,24224.24,2422424,2026-10-06,TX-136792;TX-136793,9,late,67691891,884727
RP-1014-2-0,LN-1014-0,SYN-11014,4,2026-10-27,24224.24,2422424,12996.05,1299605,2026-11-02,TX-136804,6,partial,66154194,864630
RP-1015-0-0,LN-1015-0,SYN-11015,2,2026-08-23,21207.52,2120752,21207.52,2120752,2026-08-23,TX-136815,0,on_time,44558371,486912
RP-1015-1-0,LN-1015-0,SYN-11015,3,2026-09-23,21207.52,2120752,21207.52,2120752,2026-09-23,TX-136826,0,on_time,42924531,469058
RP-1015-2-0,LN-1015-0,SYN-11015,4,2026-10-23,21207.52,2120752,21207.52,2120752,2026-10-23,TX-136835,0,on_time,41272837,451009
RP-1016-0-0,LN-1016-0,SYN-11016,2,2026-08-25,56421.05,5642105,56421.05,5642105,2026-08-25,TX-136849,0,on_time,63897431,576334
RP-1016-1-0,LN-1016-0,SYN-11016,3,2026-09-25,56421.05,5642105,56421.05,5642105,2026-09-25,TX-136859,0,on_time,58831660,530642
RP-1016-2-0,LN-1016-0,SYN-11016,4,2026-10-25,56421.05,5642105,56421.05,5642105,2026-10-25,TX-136869,0,on_time,53720197,484538
RP-1017-0-0,LN-1017-0,SYN-11017,2,2026-08-23,22311.95,2231195,22311.95,2231195,2026-08-29,TX-136883,6,late,24383449,358254
RP-1017-1-0,LN-1017-0,SYN-11017,3,2026-09-23,22311.95,2231195,22311.95,2231195,2026-09-29,TX-136895,6,late,22510508,330736
RP-1017-2-0,LN-1017-0,SYN-11017,4,2026-10-23,22311.95,2231195,22311.95,2231195,2026-10-29,TX-136905,6,late,20610049,302813
RP-1018-0-0,LN-1018-0,SYN-11018,2,2026-08-26,10531.53,1053153,10531.53,1053153,2026-08-26,TX-136918,0,on_time,11853945,118441
RP-1018-1-0,LN-1018-0,SYN-11018,3,2026-09-26,10531.53,1053153,10531.53,1053153,2026-10-02,TX-136930;TX-136932,6,late,10919233,109101
RP-1018-2-0,LN-1018-0,SYN-11018,4,2026-10-26,10531.53,1053153,10531.53,1053153,2026-11-01,TX-136943,6,late,9975181,99669
RP-1019-0-0,LN-1019-0,SYN-11019,2,2026-08-27,29056.54,2905654,29056.54,2905654,2026-08-30,TX-136953;TX-136955,3,late,31861327,450931
RP-1019-1-0,LN-1019-0,SYN-11019,3,2026-09-27,29056.54,2905654,29056.54,2905654,2026-09-30,TX-136967,3,late,29406604,416189
RP-1019-2-0,LN-1019-0,SYN-11019,4,2026-10-27,29056.54,2905654,29056.54,2905654,2026-10-30,TX-136979,3,late,26917139,380956
RP-1021-0-0,LN-1021-0,SYN-11021,2,2026-08-27,11336.51,1133651,11336.51,1133651,2026-09-05,TX-137021,9,late,30981154,487246
RP-1021-0-1,LN-1021-1,SYN-11021,2,2026-08-27,23471.29,2347129,23471.29,2347129,2026-09-02,TX-137018,6,late,26302165,281194
RP-1021-1-0,LN-1021-0,SYN-11021,3,2026-09-27,11336.51,1133651,11336.51,1133651,2026-10-03,TX-137032,6,late,30334749,477080
RP-1021-1-1,LN-1021-1,SYN-11021,3,2026-09-27,23471.29,2347129,23471.29,2347129,2026-10-06,TX-137034,9,late,24236230,259108
RP-1021-2-0,LN-1021-0,SYN-11021,4,2026-10-27,11336.51,1133651,11336.51,1133651,2026-11-05,TX-137045,9,late,29678178,466754
RP-1021-2-1,LN-1021-1,SYN-11021,4,2026-10-27,23471.29,2347129,23471.29,2347129,2026-11-05,TX-137046,9,late,22148209,236785
RP-1022-0-0,LN-1022-0,SYN-11022,2,2026-08-21,6123.97,612397,6123.97,612397,2026-08-21,TX-137055,0,on_time,16716630,264073
RP-1022-1-0,LN-1022-0,SYN-11022,3,2026-09-21,6123.97,612397,6123.97,612397,2026-09-21,TX-137065,0,on_time,16368306,258570
RP-1022-2-0,LN-1022-0,SYN-11022,4,2026-10-21,6123.97,612397,6123.97,612397,2026-10-21,TX-137075,0,on_time,16014479,252981
RP-1023-0-0,LN-1023-0,SYN-11023,2,2026-08-26,8941.31,894131,8941.31,894131,2026-08-26,TX-137089,0,on_time,25643842,329346
RP-1023-1-0,LN-1023-0,SYN-11023,3,2026-09-26,8941.31,894131,8941.31,894131,2026-09-26,TX-137100,0,on_time,25079057,322092
RP-1023-2-0,LN-1023-0,SYN-11023,4,2026-10-26,8941.31,894131,8941.31,894131,2026-10-26,TX-137111,0,on_time,24507018,314746
RP-1024-0-0,LN-1024-0,SYN-11024,2,2026-08-26,19865.98,1986598,19865.98,1986598,2026-08-29,TX-137125,3,late,40149870,571386
RP-1024-1-0,LN-1024-0,SYN-11024,3,2026-09-26,19865.98,1986598,19865.98,1986598,2026-09-26,TX-137137,0,on_time,38734658,551246
RP-1024-2-0,LN-1024-0,SYN-11024,4,2026-10-26,19865.98,1986598,19865.98,1986598,2026-10-26,TX-137146,0,on_time,37299306,530819
RP-1025-0-0,LN-1025-0,SYN-11025,2,2026-08-27,16954.28,1695428,16954.28,1695428,2026-08-27,TX-137158,0,on_time,33788389,521591
RP-1025-1-0,LN-1025-0,SYN-11025,3,2026-09-27,16954.28,1695428,16954.28,1695428,2026-09-27,TX-137169,0,on_time,32614552,503471
RP-1025-2-0,LN-1025-0,SYN-11025,4,2026-10-27,16954.28,1695428,16954.28,1695428,2026-10-27,TX-137178,0,on_time,31422595,485071
RP-1026-0-0,LN-1026-0,SYN-11026,2,2026-08-24,10806.61,1080661,10806.61,1080661,2026-08-24,TX-137188,0,on_time,31894763,355890
RP-1026-1-0,LN-1026-0,SYN-11026,3,2026-09-24,10806.61,1080661,10806.61,1080661,2026-10-03,TX-137205,9,late,31169992,347803
RP-1026-2-0,LN-1026-0,SYN-11026,4,2026-10-24,10806.61,1080661,10806.61,1080661,2026-10-24,TX-137210,0,on_time,30437134,339625
RP-1027-0-0,LN-1027-0,SYN-11027,2,2026-08-27,7656.51,765651,7656.51,765651,2026-08-27,TX-137224,0,on_time,23013092,232377
RP-1027-1-0,LN-1027-0,SYN-11027,3,2026-09-27,7656.51,765651,7656.51,765651,2026-09-27,TX-137235,0,on_time,22479818,226992
RP-1027-2-0,LN-1027-0,SYN-11027,4,2026-10-27,7656.51,765651,7656.51,765651,2026-10-27,TX-137244,0,on_time,21941159,221553
RP-1028-0-0,LN-1028-0,SYN-11028,2,2026-08-28,8720.0,872000,8720.0,872000,2026-09-03,TX-137262,6,late,25665899,290499
RP-1028-1-0,LN-1028-0,SYN-11028,3,2026-09-28,8720.0,872000,8720.0,872000,2026-10-07,TX-137276,9,late,25084398,283918
RP-1028-2-0,LN-1028-0,SYN-11028,4,2026-10-28,8720.0,872000,8720.0,872000,2026-11-03,TX-137287,6,late,24496316,277262
RP-1029-0-0,LN-1029-0,SYN-11029,2,2026-08-27,27262.9,2726290,27262.9,2726290,2026-08-30,TX-137301,3,late,81927549,828206
RP-1029-1-0,LN-1029-0,SYN-11029,3,2026-09-27,27262.9,2726290,27262.9,2726290,2026-09-30,TX-137313,3,late,80029465,809018
RP-1029-2-0,LN-1029-0,SYN-11029,4,2026-10-27,27262.9,2726290,27262.9,2726290,2026-10-30,TX-137326,3,late,78112193,789636
RP-1031-0-0,LN-1031-0,SYN-11031,2,2026-08-25,14333.07,1433307,14333.07,1433307,2026-08-25,TX-137364,0,on_time,28551545,441871
RP-1031-0-1,LN-1031-1,SYN-11031,2,2026-08-25,7526.11,752611,7526.11,752611,2026-08-25,TX-137365,0,on_time,22348029,241443
RP-1031-1-0,LN-1031-0,SYN-11031,3,2026-09-25,14333.07,1433307,14333.07,1433307,2026-10-07,TX-137379;TX-137384,12,late,27560109,426527
RP-1031-1-1,LN-1031-1,SYN-11031,3,2026-09-25,7526.11,752611,7526.11,752611,2026-10-07,TX-137385,12,late,21836861,235920
RP-1031-2-0,LN-1031-0,SYN-11031,4,2026-10-25,14333.07,1433307,8822.02,882202,2026-10-25,TX-137392,0,partial,26553329,410946
RP-1031-2-1,LN-1031-1,SYN-11031,4,2026-10-25,7526.11,752611,3976.46,397646,2026-10-25,TX-137393,0,partial,21320170,230338
RP-1032-0-0,LN-1032-0,SYN-11032,2,2026-08-22,17511.48,1751148,17511.48,1751148,2026-08-22,TX-137408,0,on_time,19155411,278534
RP-1032-1-0,LN-1032-0,SYN-11032,3,2026-09-22,17511.48,1751148,13662.61,1366261,2026-10-01,TX-137421;TX-137422;TX-137426,9,partial,17682797,257121
RP-1032-2-0,LN-1032-0,SYN-11032,4,2026-10-22,17511.48,1751148,0,0,,,0,missed,16573657,240993
RP-1033-0-0,LN-1033-0,SYN-11033,2,2026-08-20,6851.56,685156,6851.56,685156,2026-08-20,TX-137443,0,on_time,14799384,127367
RP-1033-1-0,LN-1033-0,SYN-11033,3,2026-09-20,6851.56,685156,6851.56,685156,2026-09-20,TX-137454,0,on_time,14241595,122567
RP-1033-2-0,LN-1033-0,SYN-11033,4,2026-10-20,6851.56,685156,6851.56,685156,2026-10-20,TX-137465,0,on_time,13679006,117725
RP-1034-0-0,LN-1034-0,SYN-11034,2,2026-08-23,17869.7,1786970,17869.7,1786970,2026-08-23,TX-137482,0,on_time,19953981,224570
RP-1034-1-0,LN-1034-0,SYN-11034,3,2026-09-23,17869.7,1786970,17869.7,1786970,2026-09-23,TX-137495,0,on_time,18391581,206987
RP-1034-2-0,LN-1034-0,SYN-11034,4,2026-10-23,17869.7,1786970,17869.7,1786970,2026-10-23,TX-137506,0,on_time,16811598,189205
RP-1035-0-0,LN-1035-0,SYN-11035,2,2026-08-27,9153.24,915324,9153.24,915324,2026-08-27,TX-137520,0,on_time,19627078,180900
RP-1035-1-0,LN-1035-0,SYN-11035,3,2026-09-27,9153.24,915324,9153.24,915324,2026-09-27,TX-137532,0,on_time,18892654,174130
RP-1035-2-0,LN-1035-0,SYN-11035,4,2026-10-27,9153.24,915324,9153.24,915324,2026-10-27,TX-137542,0,on_time,18151460,167299
RP-1036-0-0,LN-1036-0,SYN-11036,2,2026-08-21,17127.3,1712730,17127.3,1712730,2026-08-30,TX-137556,9,late,36033649,389698
RP-1036-1-0,LN-1036-0,SYN-11036,3,2026-09-21,17127.3,1712730,17127.3,1712730,2026-09-21,TX-137563,0,on_time,34710617,375390
RP-1036-2-0,LN-1036-0,SYN-11036,4,2026-10-21,17127.3,1712730,17127.3,1712730,2026-10-21,TX-137573,0,on_time,33373277,360926
RP-1037-0-0,LN-1037-0,SYN-11037,2,2026-08-24,44589.27,4458927,44589.27,4458927,2026-09-02,TX-137587;TX-137592,9,late,49758969,564951
RP-1037-1-0,LN-1037-0,SYN-11037,3,2026-09-24,44589.27,4458927,44589.27,4458927,2026-09-24,TX-137600,0,on_time,45864993,520740
RP-1037-2-0,LN-1037-0,SYN-11037,4,2026-10-24,44589.27,4458927,44589.27,4458927,2026-10-24,TX-137611,0,on_time,41926806,476026
RP-1038-0-0,LN-1038-0,SYN-11038,2,2026-08-27,17230.6,1723060,17230.6,1723060,2026-08-27,TX-137626,0,on_time,19586720,165150
RP-1038-1-0,LN-1038-0,SYN-11038,3,2026-09-27,17230.6,1723060,17230.6,1723060,2026-10-03,TX-137642,6,late,18028810,152014
RP-1038-2-0,LN-1038-0,SYN-11038,4,2026-10-27,17230.6,1723060,17230.6,1723060,2026-11-02,TX-137653,6,late,16457764,138768
RP-1039-0-0,LN-1039-0,SYN-11039,2,2026-08-21,11301.04,1130104,11301.04,1130104,2026-09-02,TX-137663;TX-137666,12,late,34604624,312266
RP-1039-1-0,LN-1039-0,SYN-11039,3,2026-09-21,11301.04,1130104,11301.04,1130104,2026-10-03,TX-137679,12,late,33786786,304886
RP-1039-2-0,LN-1039-0,SYN-11039,4,2026-10-21,11301.04,1130104,11301.04,1130104,2026-11-02,TX-137685;TX-137689,12,late,32961568,297440
RP-1041-0-0,LN-1041-0,SYN-11041,2,2026-08-21,82957.07,8295707,82957.07,8295707,2026-08-21,TX-137728,0,on_time,93943139,848377
RP-1041-0-1,LN-1041-1,SYN-11041,2,2026-08-21,10250.5,1025050,10250.5,1025050,2026-08-21,TX-137729,0,on_time,30440010,328739
RP-1041-1-0,LN-1041-0,SYN-11041,3,2026-09-21,82957.07,8295707,82957.07,8295707,2026-09-21,TX-137738,0,on_time,86495809,781122
RP-1041-1-1,LN-1041-1,SYN-11041,3,2026-09-21,10250.5,1025050,10250.5,1025050,2026-09-21,TX-137739,0,on_time,29743699,321220
RP-1041-2-0,LN-1041-0,SYN-11041,4,2026-10-21,82957.07,8295707,82957.07,8295707,2026-10-30,TX-137748;TX-137749;TX-137753,9,late,78981224,713260
RP-1041-2-1,LN-1041-1,SYN-11041,4,2026-10-21,10250.5,1025050,10250.5,1025050,2026-10-30,TX-137754,9,late,29039869,313618
RP-1042-0-0,LN-1042-0,SYN-11042,2,2026-08-27,15928.92,1592892,15928.92,1592892,2026-08-27,TX-137767,0,on_time,46954132,527358
RP-1042-1-0,LN-1042-0,SYN-11042,3,2026-09-27,15928.92,1592892,15928.92,1592892,2026-09-27,TX-137778,0,on_time,45888598,515390
RP-1042-2-0,LN-1042-0,SYN-11042,4,2026-10-27,15928.92,1592892,13498.9,1349890,2026-11-02,TX-137790,6,partial,44811096,503288
RP-1043-0-0,LN-1043-0,SYN-11043,2,2026-08-28,5635.3,563530,5635.3,563530,2026-09-03,TX-137805,6,late,17430104,147220
RP-1043-1-0,LN-1043-0,SYN-11043,3,2026-09-28,5635.3,563530,5635.3,563530,2026-10-04,TX-137816,6,late,17013794,143704
RP-1043-2-0,LN-1043-0,SYN-11043,4,2026-10-28,5635.3,563530,0,0,,,0,missed,16593968,140158
RP-1044-0-0,LN-1044-0,SYN-11044,2,2026-08-25,49940.95,4994095,49940.95,4994095,2026-09-06,TX-137837;TX-137840,12,late,53957419,891934
RP-1044-1-0,LN-1044-0,SYN-11044,3,2026-09-25,49940.95,4994095,49940.95,4994095,2026-10-07,TX-137853,12,late,49855258,824124
RP-1044-2-0,LN-1044-0,SYN-11044,4,2026-10-25,49940.95,4994095,0,0,,,0,missed,45685287,755193
RP-1045-0-0,LN-1045-0,SYN-11045,2,2026-08-22,23233.89,2323389,23233.89,2323389,2026-08-22,TX-137873,0,on_time,49858665,456294
RP-1045-1-0,LN-1045-0,SYN-11045,3,2026-09-22,23233.89,2323389,23233.89,2323389,2026-10-01,TX-137888,9,late,47991570,439207
RP-1045-2-0,LN-1045-0,SYN-11045,4,2026-10-22,23233.89,2323389,23233.89,2323389,2026-11-03,TX-137899,12,late,46107388,421963
RP-1046-0-0,LN-1046-0,SYN-11046,2,2026-08-28,14519.2,1451920,14519.2,1451920,2026-08-28,TX-137910,0,on_time,29472896,408354
RP-1046-1-0,LN-1046-0,SYN-11046,3,2026-09-28,14519.2,1451920,14519.2,1451920,2026-09-28,TX-137922,0,on_time,28429330,393895
RP-1046-2-0,LN-1046-0,SYN-11046,4,2026-10-28,14519.2,1451920,14519.2,1451920,2026-10-28,TX-137932,0,on_time,27371305,379236
RP-1047-0-0,LN-1047-0,SYN-11047,2,2026-08-21,10617.43,1061743,10617.43,1061743,2026-08-21,TX-137942,0,on_time,28622668,473808
RP-1047-1-0,LN-1047-0,SYN-11047,3,2026-09-21,10617.43,1061743,10617.43,1061743,2026-09-21,TX-137953,0,on_time,28034733,464075
RP-1047-2-0,LN-1047-0,SYN-11047,4,2026-10-21,10617.43,1061743,10617.43,1061743,2026-10-21,TX-137964,0,on_time,27437065,454182
RP-1048-0-0,LN-1048-0,SYN-11048,2,2026-08-26,25694.33,2569433,25694.33,2569433,2026-09-01,TX-137980,6,late,28200703,394934
RP-1048-1-0,LN-1048-0,SYN-11048,3,2026-09-26,25694.33,2569433,25694.33,2569433,2026-10-05,TX-137992,9,late,26026204,364482
RP-1048-2-0,LN-1048-0,SYN-11048,4,2026-10-26,25694.33,2569433,25694.33,2569433,2026-10-29,TX-138000,3,late,23821253,333603
RP-1049-0-0,LN-1049-0,SYN-11049,2,2026-08-24,68283.19,6828319,68283.19,6828319,2026-08-24,TX-138011,0,on_time,74062172,1177891
RP-1049-1-0,LN-1049-0,SYN-11049,3,2026-09-24,68283.19,6828319,68283.19,6828319,2026-10-06,TX-138023;TX-138025;TX-138029,12,late,68411744,1088026
RP-1049-2-0,LN-1049-0,SYN-11049,4,2026-10-24,68283.19,6828319,68283.19,6828319,2026-11-05,TX-138034;TX-138040,12,late,62671451,996732
RP-1051-0-0,LN-1051-0,SYN-11051,2,2026-08-28,8714.26,871426,8714.26,871426,2026-08-31,TX-138078,3,late,17217687,278621
RP-1051-0-1,LN-1051-1,SYN-11051,2,2026-08-28,10232.31,1023231,10232.31,1023231,2026-09-06,TX-138081,9,late,31487178,275195
RP-1051-1-0,LN-1051-0,SYN-11051,3,2026-09-28,8714.26,871426,8714.26,871426,2026-10-07,TX-138093,9,late,16624882,269028
RP-1051-1-1,LN-1051-1,SYN-11051,3,2026-09-28,10232.31,1023231,10232.31,1023231,2026-10-01,TX-138091,3,late,30739142,268658
RP-1051-2-0,LN-1051-0,SYN-11051,4,2026-10-28,8714.26,871426,8714.26,871426,2026-10-31,TX-138100,3,late,16022484,259280
RP-1051-2-1,LN-1051-1,SYN-11051,4,2026-10-28,10232.31,1023231,0,0,,,0,missed,29984569,262063
RP-1052-0-0,LN-1052-0,SYN-11052,2,2026-08-27,24113.16,2411316,24113.16,2411316,2026-09-02,TX-138113,6,late,26539920,359720
RP-1052-1-0,LN-1052-0,SYN-11052,3,2026-09-27,24113.16,2411316,24113.16,2411316,2026-09-30,TX-138121,3,late,24488324,331913
RP-1052-2-0,LN-1052-0,SYN-11052,4,2026-10-27,24113.16,2411316,24113.16,2411316,2026-11-05,TX-138132,9,late,22408921,303729
RP-1053-0-0,LN-1053-0,SYN-11053,2,2026-08-21,55223.64,5522364,55223.64,5522364,2026-08-30,TX-138141;TX-138145,9,late,62689888,541985
RP-1053-1-0,LN-1053-0,SYN-11053,3,2026-09-21,55223.64,5522364,55223.64,5522364,2026-09-30,TX-138161,9,late,57709509,498928
RP-1053-2-0,LN-1053-0,SYN-11053,4,2026-10-21,55223.64,5522364,55223.64,5522364,2026-10-30,TX-138174,9,late,52686073,455497
RP-1054-0-0,LN-1054-0,SYN-11054,2,2026-08-27,15795.85,1579585,15795.85,1579585,2026-08-30,TX-138188,3,late,17844339,167990
RP-1054-1-0,LN-1054-0,SYN-11054,3,2026-09-27,15795.85,1579585,15795.85,1579585,2026-09-30,TX-138200,3,late,16432744,154701
RP-1054-2-0,LN-1054-0,SYN-11054,4,2026-10-27,15795.85,1579585,15795.85,1579585,2026-10-30,TX-138210,3,late,15007860,141286
RP-1055-0-0,LN-1055-0,SYN-11055,2,2026-08-26,54129.11,5412911,54129.11,5412911,2026-08-29,TX-138222;TX-138224,3,late,59799609,774843
RP-1055-1-0,LN-1055-0,SYN-11055,3,2026-09-26,54129.11,5412911,54129.11,5412911,2026-10-29,TX-138235;TX-138237;TX-138249,33,late,55161541,714746
RP-1055-2-0,LN-1055-0,SYN-11055,4,2026-10-26,54129.11,5412911,23393.76,2339376,2026-10-29,TX-138250,3,partial,52542352,680809
RP-1056-0-0,LN-1056-0,SYN-11056,2,2026-08-24,27360.99,2736099,27360.99,2736099,2026-08-24,TX-138263,0,on_time,30385241,368467
RP-1056-1-0,LN-1056-0,SYN-11056,3,2026-09-24,27360.99,2736099,27360.99,2736099,2026-09-24,TX-138273,0,on_time,28017609,339756
RP-1056-2-0,LN-1056-0,SYN-11056,4,2026-10-24,27360.99,2736099,27360.99,2736099,2026-10-24,TX-138283,0,on_time,25621266,310696
RP-1057-0-0,LN-1057-0,SYN-11057,2,2026-08-23,41778.07,4177807,41778.07,4177807,2026-08-23,TX-138293,0,on_time,46946311,481364
RP-1057-1-0,LN-1057-0,SYN-11057,3,2026-09-23,41778.07,4177807,41778.07,4177807,2026-09-29,TX-138305;TX-138309,6,late,43249868,443463
RP-1057-2-0,LN-1057-0,SYN-11057,4,2026-10-23,41778.07,4177807,0,0,,,0,missed,39515524,405172
RP-1058-0-0,LN-1058-0,SYN-11058,2,2026-08-27,25074.3,2507430,25074.3,2507430,2026-08-27,TX-138331,0,on_time,73216563,862869
RP-1058-1-0,LN-1058-0,SYN-11058,3,2026-09-27,25074.3,2507430,25074.3,2507430,2026-09-27,TX-138340,0,on_time,71572002,843488
RP-1058-2-0,LN-1058-0,SYN-11058,4,2026-10-27,25074.3,2507430,25074.3,2507430,2026-10-27,TX-138349,0,on_time,69908060,823878
RP-1059-0-0,LN-1059-0,SYN-11059,2,2026-08-25,68344.05,6834405,68344.05,6834405,2026-08-25,TX-138360,0,on_time,76348182,854075
RP-1059-1-0,LN-1059-0,SYN-11059,3,2026-09-25,68344.05,6834405,68344.05,6834405,2026-09-25,TX-138369,0,on_time,70367852,787176
RP-1059-2-0,LN-1059-0,SYN-11059,4,2026-10-25,68344.05,6834405,68344.05,6834405,2026-11-03,TX-138378;TX-138382,9,late,64320623,719528
RP-1061-0-0,LN-1061-0,SYN-11061,2,2026-08-27,33311.8,3331180,33311.8,3331180,2026-08-27,TX-138421,0,on_time,36301976,549809
RP-1061-0-1,LN-1061-1,SYN-11061,2,2026-08-27,5313.44,531344,5313.44,531344,2026-08-27,TX-138422,0,on_time,15792146,169773
RP-1061-1-0,LN-1061-0,SYN-11061,3,2026-09-27,33311.8,3331180,33311.8,3331180,2026-10-06,TX-138435;TX-138441,9,late,33520605,507684
RP-1061-1-1,LN-1061-1,SYN-11061,3,2026-09-27,5313.44,531344,5313.44,531344,2026-10-06,TX-138436;TX-138442,9,late,15430575,165886
RP-1061-2-0,LN-1061-0,SYN-11061,4,2026-10-27,33311.8,3331180,33311.8,3331180,2026-11-05,TX-138454,9,late,30697109,464921
RP-1061-2-1,LN-1061-1,SYN-11061,4,2026-10-27,5313.44,531344,5313.44,531344,2026-11-05,TX-138455,9,late,15065117,161958
RP-1062-0-0,LN-1062-0,SYN-11062,2,2026-08-26,37226.18,3722618,37226.18,3722618,2026-08-26,TX-138465,0,on_time,74604367,1115721
RP-1062-1-0,LN-1062-0,SYN-11062,3,2026-09-26,37226.18,3722618,37226.18,3722618,2026-10-05,TX-138481,9,late,71997470,1076734
RP-1062-2-0,LN-1062-0,SYN-11062,4,2026-10-26,37226.18,3722618,0,0,,,0,missed,69351586,1037165
RP-1063-0-0,LN-1063-0,SYN-11063,2,2026-08-22,13571.61,1357161,13571.61,1357161,2026-08-28,TX-138503,6,late,39605356,468139
RP-1063-1-0,LN-1063-0,SYN-11063,3,2026-09-22,13571.61,1357161,13571.61,1357161,2026-09-28,TX-138512;TX-138516,6,late,38716334,457630
RP-1063-2-0,LN-1063-0,SYN-11063,4,2026-10-22,13571.61,1357161,13571.61,1357161,2026-10-28,TX-138527,6,late,37816803,446998
RP-1064-0-0,LN-1064-0,SYN-11064,2,2026-08-22,20566.58,2056658,20566.58,2056658,2026-08-22,TX-138536,0,on_time,57556055,823119
RP-1064-1-0,LN-1064-0,SYN-11064,3,2026-09-22,20566.58,2056658,20566.58,2056658,2026-09-22,TX-138547,0,on_time,56322516,805478
RP-1064-2-0,LN-1064-0,SYN-11064,4,2026-10-22,20566.58,2056658,20566.58,2056658,2026-10-22,TX-138556,0,on_time,55071336,787584
RP-1065-0-0,LN-1065-0,SYN-11065,2,2026-08-26,12780.12,1278012,12780.12,1278012,2026-08-26,TX-138572,0,on_time,27052033,278683
RP-1065-1-0,LN-1065-0,SYN-11065,3,2026-09-26,12780.12,1278012,12780.12,1278012,2026-09-26,TX-138583,0,on_time,26052704,268388
RP-1065-2-0,LN-1065-0,SYN-11065,4,2026-10-26,12780.12,1278012,0,0,,,0,missed,25043080,257988
RP-1066-0-0,LN-1066-0,SYN-11066,2,2026-08-20,8931.27,893127,8931.27,893127,2026-08-20,TX-138604,0,on_time,24581699,376090
RP-1066-1-0,LN-1066-0,SYN-11066,3,2026-09-20,8931.27,893127,8931.27,893127,2026-09-20,TX-138613,0,on_time,24064662,368179
RP-1066-2-0,LN-1066-0,SYN-11066,4,2026-10-20,8931.27,893127,8931.27,893127,2026-10-20,TX-138622,0,on_time,23539714,360148
RP-1067-0-0,LN-1067-0,SYN-11067,2,2026-08-26,9027.01,902701,9027.01,902701,2026-08-26,TX-138638,0,on_time,9973662,129074
RP-1067-1-0,LN-1067-0,SYN-11067,3,2026-09-26,9027.01,902701,9027.01,902701,2026-09-26,TX-138650,0,on_time,9200035,119062
RP-1067-2-0,LN-1067-0,SYN-11067,4,2026-10-26,9027.01,902701,9027.01,902701,2026-10-26,TX-138661,0,on_time,8416396,108921
RP-1068-0-0,LN-1068-0,SYN-11068,2,2026-08-27,30683.71,3068371,30683.71,3068371,2026-08-27,TX-138675,0,on_time,34376849,368729
RP-1068-1-0,LN-1068-0,SYN-11068,3,2026-09-27,30683.71,3068371,30683.71,3068371,2026-09-27,TX-138692,0,on_time,31677207,339772
RP-1068-2-0,LN-1068-0,SYN-11068,4,2026-10-27,30683.71,3068371,30683.71,3068371,2026-10-27,TX-138702,0,on_time,28948608,310505
RP-1069-0-0,LN-1069-0,SYN-11069,2,2026-08-28,19540.06,1954006,19540.06,1954006,2026-08-28,TX-138717,0,on_time,21914406,231491
RP-1069-1-0,LN-1069-0,SYN-11069,3,2026-09-28,19540.06,1954006,19540.06,1954006,2026-10-01,TX-138731;TX-138733,3,late,20191891,213295
RP-1069-2-0,LN-1069-0,SYN-11069,4,2026-10-28,19540.06,1954006,19540.06,1954006,2026-11-03,TX-138746,6,late,18451180,194908
RP-1071-0-0,LN-1071-0,SYN-11071,2,2026-08-23,6918.75,691875,6918.75,691875,2026-08-23,TX-138785,0,on_time,14560268,157121
RP-1071-0-1,LN-1071-1,SYN-11071,2,2026-08-23,23228.22,2322822,23228.22,2322822,2026-08-23,TX-138786,0,on_time,45702784,756153
RP-1071-1-0,LN-1071-0,SYN-11071,3,2026-09-23,6918.75,691875,6918.75,691875,2026-09-23,TX-138795,0,on_time,14025514,151350
RP-1071-1-1,LN-1071-1,SYN-11071,3,2026-09-23,23228.22,2322822,23228.22,2322822,2026-09-23,TX-138796,0,on_time,44136115,730232
RP-1071-2-0,LN-1071-0,SYN-11071,4,2026-10-23,6918.75,691875,6918.75,691875,2026-10-23,TX-138805,0,on_time,13484989,145518
RP-1071-2-1,LN-1071-1,SYN-11071,4,2026-10-23,23228.22,2322822,23228.22,2322822,2026-10-23,TX-138806,0,on_time,42543525,703883
RP-1072-0-0,LN-1072-0,SYN-11072,2,2026-08-27,36732.34,3673234,36732.34,3673234,2026-08-27,TX-138822,0,on_time,39871751,629190
RP-1072-1-0,LN-1072-0,SYN-11072,3,2026-09-27,36732.34,3673234,36732.34,3673234,2026-10-06,TX-138836;TX-138837;TX-138841,9,late,36827707,581153
RP-1072-2-0,LN-1072-0,SYN-11072,4,2026-10-27,36732.34,3673234,36732.34,3673234,2026-11-05,TX-138854,9,late,33735626,532359
RP-1073-0-0,LN-1073-0,SYN-11073,2,2026-08-21,28419.92,2841992,28419.92,2841992,2026-08-21,TX-138863,0,on_time,87179441,777735
RP-1073-1-0,LN-1073-0,SYN-11073,3,2026-09-21,28419.92,2841992,28419.92,2841992,2026-09-30,TX-138877,9,late,85115184,759320
RP-1073-2-0,LN-1073-0,SYN-11073,4,2026-10-21,28419.92,2841992,28419.92,2841992,2026-10-30,TX-138888,9,late,83032512,740740
RP-1074-0-0,LN-1074-0,SYN-11074,2,2026-08-27,9396.46,939646,9396.46,939646,2026-08-27,TX-138901,0,on_time,10409607,130282
RP-1074-1-0,LN-1074-0,SYN-11074,3,2026-09-27,9396.46,939646,9396.46,939646,2026-09-27,TX-138911,0,on_time,9600243,120153
RP-1074-2-0,LN-1074-0,SYN-11074,4,2026-10-27,9396.46,939646,9396.46,939646,2026-10-27,TX-138921,0,on_time,8780750,109896
RP-1075-0-0,LN-1075-0,SYN-11075,2,2026-08-22,9477.94,947794,9477.94,947794,2026-08-22,TX-138931,0,on_time,28316919,295820
RP-1075-1-0,LN-1075-0,SYN-11075,3,2026-09-22,9477.94,947794,9477.94,947794,2026-09-22,TX-138944,0,on_time,27664945,289009
RP-1075-2-0,LN-1075-0,SYN-11075,4,2026-10-22,9477.94,947794,9477.94,947794,2026-10-22,TX-138954,0,on_time,27006160,282127
RP-1076-0-0,LN-1076-0,SYN-11076,2,2026-08-24,15303.79,1530379,15303.79,1530379,2026-08-24,TX-138967,0,on_time,41217384,684655
RP-1076-1-0,LN-1076-0,SYN-11076,3,2026-09-24,15303.79,1530379,15303.79,1530379,2026-09-24,TX-138977,0,on_time,40371660,670607
RP-1076-2-0,LN-1076-0,SYN-11076,4,2026-10-24,15303.79,1530379,15303.79,1530379,2026-10-24,TX-138987,0,on_time,39511888,656325
RP-1077-0-0,LN-1077-0,SYN-11077,2,2026-08-22,27438.3,2743830,27438.3,2743830,2026-08-22,TX-139000,0,on_time,57299819,655610
RP-1077-1-0,LN-1077-0,SYN-11077,3,2026-09-22,27438.3,2743830,27438.3,2743830,2026-09-22,TX-139011,0,on_time,55211599,631717
RP-1077-2-0,LN-1077-0,SYN-11077,4,2026-10-22,27438.3,2743830,27438.3,2743830,2026-10-22,TX-139022,0,on_time,53099486,607551
RP-1078-0-0,LN-1078-0,SYN-11078,2,2026-08-27,16110.31,1611031,16110.31,1611031,2026-08-27,TX-139039,0,on_time,33098218,424606
RP-1078-1-0,LN-1078-0,SYN-11078,3,2026-09-27,16110.31,1611031,16110.31,1611031,2026-09-27,TX-139050,0,on_time,31911793,409386
RP-1078-2-0,LN-1078-0,SYN-11078,4,2026-10-27,16110.31,1611031,16110.31,1611031,2026-10-27,TX-139061,0,on_time,30710148,393970
RP-1079-0-0,LN-1079-0,SYN-11079,2,2026-08-22,25444.48,2544448,25444.48,2544448,2026-08-22,TX-139074,0,on_time,53622884,572250
RP-1079-1-0,LN-1079-0,SYN-11079,3,2026-09-22,25444.48,2544448,25444.48,2544448,2026-09-22,TX-139085,0,on_time,51650686,551203
RP-1079-2-0,LN-1079-0,SYN-11079,4,2026-10-22,25444.48,2544448,25444.48,2544448,2026-11-03,TX-139097;TX-139104,12,late,49657441,529932
RP-1081-0-0,LN-1081-0,SYN-11081,2,2026-08-27,9280.13,928013,9280.13,928013,2026-08-27,TX-139148,0,on_time,19202740,234656
RP-1081-0-1,LN-1081-1,SYN-11081,2,2026-08-27,7342.82,734282,7342.82,734282,2026-08-27,TX-139149,0,on_time,15612717,154945
RP-1081-1-0,LN-1081-0,SYN-11081,3,2026-09-27,9280.13,928013,9280.13,928013,2026-09-27,TX-139160,0,on_time,18509383,226183
RP-1081-1-1,LN-1081-1,SYN-11081,3,2026-09-27,7342.82,734282,7342.82,734282,2026-09-27,TX-139161,0,on_time,15033380,149195
RP-1081-2-0,LN-1081-0,SYN-11081,4,2026-10-27,9280.13,928013,9280.13,928013,2026-11-02,TX-139170;TX-139174,6,late,17807553,217607
RP-1081-2-1,LN-1081-1,SYN-11081,4,2026-10-27,7342.82,734282,7342.82,734282,2026-11-02,TX-139171;TX-139175,6,late,14448293,143388
RP-1082-0-0,LN-1082-0,SYN-11082,2,2026-08-21,20377.88,2037788,20377.88,2037788,2026-08-21,TX-139184,0,on_time,41512354,562586
RP-1082-1-0,LN-1082-0,SYN-11082,3,2026-09-21,20377.88,2037788,20377.88,2037788,2026-09-21,TX-139195,0,on_time,40037152,542593
RP-1082-2-0,LN-1082-0,SYN-11082,4,2026-10-21,20377.88,2037788,20377.88,2037788,2026-10-21,TX-139204,0,on_time,38541957,522330
RP-1083-0-0,LN-1083-0,SYN-11083,2,2026-08-26,37833.71,3783371,37833.71,3783371,2026-08-29,TX-139220,3,late,41588379,572145
RP-1083-1-0,LN-1083-0,SYN-11083,3,2026-09-26,37833.71,3783371,37833.71,3783371,2026-09-26,TX-139230,0,on_time,38377153,527967
RP-1083-2-0,LN-1083-0,SYN-11083,4,2026-10-26,37833.71,3783371,37833.71,3783371,2026-10-26,TX-139240,0,on_time,35121749,483182
RP-1084-0-0,LN-1084-0,SYN-11084,2,2026-08-28,16570.76,1657076,16570.76,1657076,2026-08-28,TX-139254,0,on_time,45449118,704908
RP-1084-1-0,LN-1084-0,SYN-11084,3,2026-09-28,16570.76,1657076,16570.76,1657076,2026-09-28,TX-139267,0,on_time,44496950,690140
RP-1084-2-0,LN-1084-0,SYN-11084,4,2026-10-28,16570.76,1657076,16570.76,1657076,2026-10-28,TX-139277,0,on_time,43530014,675143
RP-1085-0-0,LN-1085-0,SYN-11085,2,2026-08-20,4786.47,478647,4786.47,478647,2026-08-20,TX-139286,0,on_time,9976627,115760
RP-1085-1-0,LN-1085-0,SYN-11085,3,2026-09-20,4786.47,478647,4786.47,478647,2026-09-20,TX-139295,0,on_time,9613740,111549
RP-1085-2-0,LN-1085-0,SYN-11085,4,2026-10-20,4786.47,478647,4786.47,478647,2026-10-20,TX-139304,0,on_time,9246642,107290
RP-1086-0-0,LN-1086-0,SYN-11086,2,2026-08-26,86814.52,8681452,86814.52,8681452,2026-08-26,TX-139320,0,on_time,94250792,1484654
RP-1086-1-0,LN-1086-0,SYN-11086,3,2026-09-26,86814.52,8681452,86814.52,8681452,2026-10-02,TX-139332;TX-139333;TX-139335,6,late,87053994,1371289
RP-1086-2-0,LN-1086-0,SYN-11086,4,2026-10-26,86814.52,8681452,86814.52,8681452,2026-11-01,TX-139346,6,late,79743831,1256138
RP-1087-0-0,LN-1087-0,SYN-11087,2,2026-08-28,19180.75,1918075,19180.75,1918075,2026-09-03,TX-139359,6,late,38473289,572495
RP-1087-1-0,LN-1087-0,SYN-11087,3,2026-09-28,19180.75,1918075,19180.75,1918075,2026-10-01,TX-139368,3,late,37127709,552473
RP-1087-2-0,LN-1087-0,SYN-11087,4,2026-10-28,19180.75,1918075,19180.75,1918075,2026-11-03,TX-139378,6,late,35762107,532152
RP-1088-0-0,LN-1088-0,SYN-11088,2,2026-08-24,8624.69,862469,8624.69,862469,2026-08-24,TX-139389,0,on_time,23953067,353489
RP-1088-1-0,LN-1088-0,SYN-11088,3,2026-09-24,8624.69,862469,8624.69,862469,2026-09-24,TX-139398,0,on_time,23444087,345978
RP-1088-2-0,LN-1088-0,SYN-11088,4,2026-10-24,8624.69,862469,8624.69,862469,2026-10-24,TX-139407,0,on_time,22927596,338356
RP-1089-0-0,LN-1089-0,SYN-11089,2,2026-08-26,19436.67,1943667,19436.67,1943667,2026-09-01,TX-139424,6,late,38338097,626023
RP-1089-1-0,LN-1089-0,SYN-11089,3,2026-09-26,19436.67,1943667,19436.67,1943667,2026-10-02,TX-139436,6,late,37020453,604507
RP-1089-2-0,LN-1089-0,SYN-11089,4,2026-10-26,19436.67,1943667,19436.67,1943667,2026-11-01,TX-139448,6,late,35681293,582640
RP-1091-0-0,LN-1091-0,SYN-11091,2,2026-08-27,25675.3,2567530,25675.3,2567530,2026-08-27,TX-139490,0,on_time,69527638,1131979
RP-1091-0-1,LN-1091-1,SYN-11091,2,2026-08-27,17583.84,1758384,17583.84,1758384,2026-08-27,TX-139491,0,on_time,37872229,335018
RP-1091-1-0,LN-1091-0,SYN-11091,3,2026-09-27,25675.3,2567530,25675.3,2567530,2026-10-06,TX-139506,9,late,68092087,1108607
RP-1091-1-1,LN-1091-1,SYN-11091,3,2026-09-27,17583.84,1758384,17583.84,1758384,2026-10-06,TX-139507,9,late,36448863,322427
RP-1091-2-0,LN-1091-0,SYN-11091,4,2026-10-27,25675.3,2567530,25675.3,2567530,2026-11-05,TX-139520,9,late,66633164,1084855
RP-1091-2-1,LN-1091-1,SYN-11091,4,2026-10-27,17583.84,1758384,17583.84,1758384,2026-11-05,TX-139521,9,late,35012906,309724
RP-1092-0-0,LN-1092-0,SYN-11092,2,2026-08-24,22615.15,2261515,22615.15,2261515,2026-08-24,TX-139532,0,on_time,47336786,532369
RP-1092-1-0,LN-1092-0,SYN-11092,3,2026-09-24,22615.15,2261515,22615.15,2261515,2026-09-24,TX-139543,0,on_time,45607640,512923
RP-1092-2-0,LN-1092-0,SYN-11092,4,2026-10-24,22615.15,2261515,22615.15,2261515,2026-10-24,TX-139554,0,on_time,43859048,493257
RP-1093-0-0,LN-1093-0,SYN-11093,2,2026-08-21,18397.29,1839729,18397.29,1839729,2026-08-24,TX-139566,3,late,37951328,473683
RP-1093-1-0,LN-1093-0,SYN-11093,3,2026-09-21,18397.29,1839729,18397.29,1839729,2026-09-21,TX-139577,0,on_time,36585282,456633
RP-1093-2-0,LN-1093-0,SYN-11093,4,2026-10-21,18397.29,1839729,18397.29,1839729,2026-10-21,TX-139588,0,on_time,35202186,439370
RP-1094-0-0,LN-1094-0,SYN-11094,2,2026-08-28,30308.07,3030807,30308.07,3030807,2026-09-03,TX-139607,6,late,60609762,917627
RP-1094-1-0,LN-1094-0,SYN-11094,3,2026-09-28,30308.07,3030807,30308.07,3030807,2026-10-01,TX-139620,3,late,58496582,885633
RP-1094-2-0,LN-1094-0,SYN-11094,4,2026-10-28,30308.07,3030807,30308.07,3030807,2026-11-03,TX-139630;TX-139633,6,late,56351408,853156
RP-1095-0-0,LN-1095-0,SYN-11095,2,2026-08-28,4627.94,462794,4627.94,462794,2026-08-28,TX-139645,0,on_time,13717281,149649
RP-1095-1-0,LN-1095-0,SYN-11095,3,2026-09-28,4627.94,462794,4627.94,462794,2026-10-01,TX-139658,3,late,13404136,146232
RP-1095-2-0,LN-1095-0,SYN-11095,4,2026-10-28,4627.94,462794,4627.94,462794,2026-10-28,TX-139670,0,on_time,13087574,142779
RP-1096-0-0,LN-1096-0,SYN-11096,2,2026-08-23,49324.68,4932468,49324.68,4932468,2026-08-23,TX-139680,0,on_time,54502699,704484
RP-1096-1-0,LN-1096-0,SYN-11096,3,2026-09-23,49324.68,4932468,49324.68,4932468,2026-09-23,TX-139690,0,on_time,50274715,649834
RP-1096-2-0,LN-1096-0,SYN-11096,4,2026-10-23,49324.68,4932468,49324.68,4932468,2026-10-26,TX-139701,3,late,45992081,594478
RP-1097-0-0,LN-1097-0,SYN-11097,2,2026-08-27,10379.49,1037949,10379.49,1037949,2026-08-27,TX-139716,0,on_time,21436279,265454
RP-1097-1-0,LN-1097-0,SYN-11097,3,2026-09-27,10379.49,1037949,10379.49,1037949,2026-09-27,TX-139729,0,on_time,20663784,255888
RP-1097-2-0,LN-1097-0,SYN-11097,4,2026-10-27,10379.49,1037949,10379.49,1037949,2026-11-02,TX-139741,6,late,19881723,246204
RP-1098-0-0,LN-1098-0,SYN-11098,2,2026-08-21,15898.43,1589843,15898.43,1589843,2026-08-21,TX-139752,0,on_time,49075054,420181
RP-1098-1-0,LN-1098-0,SYN-11098,3,2026-09-21,15898.43,1589843,15898.43,1589843,2026-09-21,TX-139765,0,on_time,47905392,410166
RP-1098-2-0,LN-1098-0,SYN-11098,4,2026-10-21,15898.43,1589843,15898.43,1589843,2026-10-21,TX-139777,0,on_time,46725715,400066
RP-1099-0-0,LN-1099-0,SYN-11099,2,2026-08-24,48523.28,4852328,48523.28,4852328,2026-08-30,TX-139793,6,late,53479014,713285
RP-1099-1-0,LN-1099-0,SYN-11099,3,2026-09-24,48523.28,4852328,48523.28,4852328,2026-09-30,TX-139803,6,late,49339971,658080
RP-1099-2-0,LN-1099-0,SYN-11099,4,2026-10-24,48523.28,4852328,48523.28,4852328,2026-10-30,TX-139813,6,late,45145723,602139
RP-1101-0-0,LN-1101-0,SYN-11101,2,2026-08-25,12088.69,1208869,12088.69,1208869,2026-08-25,TX-139855,0,on_time,34526680,451928
RP-1101-0-1,LN-1101-1,SYN-11101,2,2026-08-25,32081.81,3208181,32081.81,3208181,2026-08-28,TX-139858,3,late,35183231,497206
RP-1101-1-0,LN-1101-0,SYN-11101,3,2026-09-25,12088.69,1208869,12088.69,1208869,2026-09-25,TX-139867,0,on_time,33769739,442021
RP-1101-1-1,LN-1101-1,SYN-11101,3,2026-09-25,32081.81,3208181,32081.81,3208181,2026-09-25,TX-139868,0,on_time,32472256,458895
RP-1101-2-0,LN-1101-0,SYN-11101,4,2026-10-25,12088.69,1208869,12088.69,1208869,2026-10-25,TX-139879,0,on_time,33002891,431983
RP-1101-2-1,LN-1101-1,SYN-11101,4,2026-10-25,32081.81,3208181,32081.81,3208181,2026-10-25,TX-139880,0,on_time,29722970,420043
RP-1102-0-0,LN-1102-0,SYN-11102,2,2026-08-20,30973.23,3097323,30973.23,3097323,2026-08-20,TX-139892,0,on_time,33481502,550676
RP-1102-1-0,LN-1102-0,SYN-11102,3,2026-09-20,30973.23,3097323,30973.23,3097323,2026-10-05,TX-139903;TX-139910,15,late,30934855,508791
RP-1102-2-0,LN-1102-0,SYN-11102,4,2026-10-20,30973.23,3097323,21410.57,2141057,2026-10-20,TX-139915,0,partial,28346323,466217
RP-1103-0-0,LN-1103-0,SYN-11103,2,2026-08-26,40159.62,4015962,40159.62,4015962,2026-08-26,TX-139933,0,on_time,85448939,843032
RP-1103-1-0,LN-1103-0,SYN-11103,3,2026-09-26,40159.62,4015962,40159.62,4015962,2026-09-26,TX-139944,0,on_time,82276009,811728
RP-1103-2-0,LN-1103-0,SYN-11103,4,2026-10-26,40159.62,4015962,40159.62,4015962,2026-10-26,TX-139955,0,on_time,79071775,780116
RP-1104-0-0,LN-1104-0,SYN-11104,2,2026-08-21,61090.9,6109090,61090.9,6109090,2026-08-21,TX-139968,0,on_time,66100341,1077138
RP-1104-1-0,LN-1104-0,SYN-11104,3,2026-09-21,61090.9,6109090,61090.9,6109090,2026-09-21,TX-139979,0,on_time,61068389,995140
RP-1104-2-0,LN-1104-0,SYN-11104,4,2026-10-21,61090.9,6109090,61090.9,6109090,2026-10-21,TX-139990,0,on_time,55954439,911806
RP-1105-0-0,LN-1105-0,SYN-11105,2,2026-08-22,12347.8,1234780,12347.8,1234780,2026-08-22,TX-140004,0,on_time,37602756,351222
RP-1105-1-0,LN-1105-0,SYN-11105,3,2026-09-22,12347.8,1234780,12347.8,1234780,2026-09-22,TX-140016,0,on_time,36719198,342970
RP-1105-2-0,LN-1105-0,SYN-11105,4,2026-10-22,12347.8,1234780,12347.8,1234780,2026-10-22,TX-140025,0,on_time,35827388,334640
RP-1106-0-0,LN-1106-0,SYN-11106,2,2026-08-20,45537.06,4553706,45537.06,4553706,2026-08-20,TX-140037,0,on_time,51317449,502860
RP-1106-1-0,LN-1106-0,SYN-11106,3,2026-09-20,45537.06,4553706,45537.06,4553706,2026-10-02,TX-140054,12,late,47266603,463165
RP-1106-2-0,LN-1106-0,SYN-11106,4,2026-10-20,45537.06,4553706,45537.06,4553706,2026-11-01,TX-140066,12,late,43176062,423082
RP-1107-0-0,LN-1107-0,SYN-11107,2,2026-08-27,84064.89,8406489,84064.89,8406489,2026-08-30,TX-140078;TX-140080,3,late,92722048,1225260
RP-1107-1-0,LN-1107-0,SYN-11107,3,2026-09-27,84064.89,8406489,84064.89,8406489,2026-09-30,TX-140091,3,late,85540819,1130365
RP-1107-2-0,LN-1107-0,SYN-11107,4,2026-10-27,84064.89,8406489,84064.89,8406489,2026-10-30,TX-140103,3,late,78264695,1034216
RP-1108-0-0,LN-1108-0,SYN-11108,2,2026-08-24,32556.45,3255645,32556.45,3255645,2026-08-24,TX-140110,0,on_time,67477441,815172
RP-1108-1-0,LN-1108-0,SYN-11108,3,2026-09-24,32556.45,3255645,32556.45,3255645,2026-09-30,TX-140127,6,late,65036968,785690
RP-1108-2-0,LN-1108-0,SYN-11108,4,2026-10-24,32556.45,3255645,32556.45,3255645,2026-10-30,TX-140136,6,late,62567013,755851
RP-1109-0-0,LN-1109-0,SYN-11109,2,2026-08-20,16484.34,1648434,16484.34,1648434,2026-08-23,TX-140147,3,late,33245458,479128
RP-1109-1-0,LN-1109-0,SYN-11109,3,2026-09-20,16484.34,1648434,16484.34,1648434,2026-09-26,TX-140160,6,late,32076152,462276
RP-1109-2-0,LN-1109-0,SYN-11109,4,2026-10-20,16484.34,1648434,16484.34,1648434,2026-10-26,TX-140171,6,late,30889994,445181
RP-1111-0-0,LN-1111-0,SYN-11111,2,2026-08-25,54122.18,5412218,54122.18,5412218,2026-08-25,TX-140218,0,on_time,58845355,912907
RP-1111-0-1,LN-1111-1,SYN-11111,2,2026-08-25,17078.83,1707883,17078.83,1707883,2026-08-25,TX-140219,0,on_time,34154676,517045
RP-1111-1-0,LN-1111-0,SYN-11111,3,2026-09-25,54122.18,5412218,54122.18,5412218,2026-09-28,TX-140228;TX-140232,3,late,54346044,843106
RP-1111-1-1,LN-1111-1,SYN-11111,3,2026-09-25,17078.83,1707883,17078.83,1707883,2026-09-28,TX-140233,3,late,32963838,499018
RP-1111-2-0,LN-1111-0,SYN-11111,4,2026-10-25,54122.18,5412218,54122.18,5412218,2026-10-28,TX-140240;TX-140243,3,late,49776932,772223
RP-1111-2-1,LN-1111-1,SYN-11111,4,2026-10-25,17078.83,1707883,11315.52,1131552,2026-10-31,TX-140244;TX-140245,6,partial,31754973,480717
RP-1112-0-0,LN-1112-0,SYN-11112,2,2026-08-21,41226.71,4122671,41226.71,4122671,2026-08-21,TX-140256,0,on_time,44759207,704872
RP-1112-1-0,LN-1112-0,SYN-11112,3,2026-09-21,41226.71,4122671,41226.71,4122671,2026-09-21,TX-140266,0,on_time,41341408,651048
RP-1112-2-0,LN-1112-0,SYN-11112,4,2026-10-21,41226.71,4122671,41226.71,4122671,2026-10-21,TX-140276,0,on_time,37869785,596377
RP-1113-0-0,LN-1113-0,SYN-11113,2,2026-08-25,5299.07,529907,5299.07,529907,2026-08-25,TX-140291,0,on_time,10641805,157253
RP-1113-1-0,LN-1113-0,SYN-11113,3,2026-09-25,5299.07,529907,5299.07,529907,2026-09-25,TX-140302,0,on_time,10269151,151746
RP-1113-2-0,LN-1113-0,SYN-11113,4,2026-10-25,5299.07,529907,5299.07,529907,2026-11-03,TX-140313;TX-140317,9,late,9890990,146158
RP-1114-0-0,LN-1114-0,SYN-11114,2,2026-08-26,31022.36,3102236,31022.36,3102236,2026-08-26,TX-140329,0,on_time,65727972,671888
RP-1114-1-0,LN-1114-0,SYN-11114,3,2026-09-26,31022.36,3102236,31022.36,3102236,2026-09-26,TX-140339,0,on_time,63297624,647044
RP-1114-2-0,LN-1114-0,SYN-11114,4,2026-10-26,31022.36,3102236,31022.36,3102236,2026-10-26,TX-140349,0,on_time,60842432,621947
RP-1115-0-0,LN-1115-0,SYN-11115,2,2026-08-28,20379.81,2037981,20379.81,2037981,2026-08-28,TX-140361,0,on_time,40214967,655233
RP-1115-1-0,LN-1115-0,SYN-11115,3,2026-09-28,20379.81,2037981,20379.81,2037981,2026-09-28,TX-140372,0,on_time,38832219,632703
RP-1115-2-0,LN-1115-0,SYN-11115,4,2026-10-28,20379.81,2037981,20379.81,2037981,2026-10-28,TX-140381,0,on_time,37426941,609807
RP-1116-0-0,LN-1116-0,SYN-11116,2,2026-08-24,33162.74,3316274,33162.74,3316274,2026-08-24,TX-140391,0,on_time,37285124,379146
RP-1116-1-0,LN-1116-0,SYN-11116,3,2026-09-24,33162.74,3316274,33162.74,3316274,2026-10-03,TX-140401;TX-140406,9,late,34347996,349279
RP-1116-2-0,LN-1116-0,SYN-11116,4,2026-10-24,33162.74,3316274,33162.74,3316274,2026-11-02,TX-140412;TX-140416,9,late,31381001,319108
RP-1117-0-0,LN-1117-0,SYN-11117,2,2026-08-27,6459.15,645915,6459.15,645915,2026-08-27,TX-140428,0,on_time,13218510,173971
RP-1117-1-0,LN-1117-0,SYN-11117,3,2026-09-27,6459.15,645915,6459.15,645915,2026-10-06,TX-140441,9,late,12746566,167760
RP-1117-2-0,LN-1117-0,SYN-11117,4,2026-10-27,6459.15,645915,6459.15,645915,2026-11-05,TX-140452,9,late,12268411,161467
RP-1118-0-0,LN-1118-0,SYN-11118,2,2026-08-23,6117.32,611732,6117.32,611732,2026-08-23,TX-140463,0,on_time,17050401,247963
RP-1118-1-0,LN-1118-0,SYN-11118,3,2026-09-23,6117.32,611732,6117.32,611732,2026-10-05,TX-140482,12,late,16686632,242672
RP-1118-2-0,LN-1118-0,SYN-11118,4,2026-10-23,6117.32,611732,0,0,,,0,missed,16317572,237305
RP-1119-0-0,LN-1119-0,SYN-11119,2,2026-08-22,33846.48,3384648,33846.48,3384648,2026-08-22,TX-140503,0,on_time,36817211,568436
RP-1119-1-0,LN-1119-0,SYN-11119,3,2026-09-22,33846.48,3384648,33846.48,3384648,2026-10-01,TX-140515;TX-140519,9,late,34000999,524956
RP-1119-2-0,LN-1119-0,SYN-11119,4,2026-10-22,33846.48,3384648,6286.44,628644,2026-11-03,TX-140530,12,partial,31141307,480804
RP-1121-0-0,LN-1121-0,SYN-11121,2,2026-08-21,9663.12,966312,9663.12,966312,2026-08-21,TX-140565,0,on_time,26380720,416541
RP-1121-0-1,LN-1121-1,SYN-11121,2,2026-08-21,24821.01,2482101,24821.01,2482101,2026-08-21,TX-140566,0,on_time,27650323,321626
RP-1121-1-0,LN-1121-0,SYN-11121,3,2026-09-21,9663.12,966312,9663.12,966312,2026-09-21,TX-140577,0,on_time,25830949,407860
RP-1121-1-1,LN-1121-1,SYN-11121,3,2026-09-21,24821.01,2482101,24821.01,2482101,2026-09-24,TX-140578;TX-140579,3,late,25489848,296496
RP-1121-2-0,LN-1121-0,SYN-11121,4,2026-10-21,9663.12,966312,9663.12,966312,2026-10-21,TX-140589,0,on_time,25272497,399042
RP-1121-2-1,LN-1121-1,SYN-11121,4,2026-10-21,24821.01,2482101,24821.01,2482101,2026-11-05,TX-140590;TX-140596,15,late,23304243,271073
RP-1122-0-0,LN-1122-0,SYN-11122,2,2026-08-24,17690.79,1769079,17690.79,1769079,2026-09-02,TX-140604;TX-140606;TX-140609,9,late,52917741,549123
RP-1122-1-0,LN-1122-0,SYN-11122,3,2026-09-24,17690.79,1769079,17690.79,1769079,2026-09-30,TX-140622,6,late,51697785,536464
RP-1122-2-0,LN-1122-0,SYN-11122,4,2026-10-24,17690.79,1769079,17690.79,1769079,2026-10-24,TX-140629,0,on_time,50465170,523673
RP-1123-0-0,LN-1123-0,SYN-11123,2,2026-08-25,23615.95,2361595,23615.95,2361595,2026-08-25,TX-140643,0,on_time,26640905,256754
RP-1123-1-0,LN-1123-0,SYN-11123,3,2026-09-25,23615.95,2361595,23615.95,2361595,2026-09-25,TX-140656,0,on_time,24536064,236468
RP-1123-2-0,LN-1123-0,SYN-11123,4,2026-10-25,23615.95,2361595,23615.95,2361595,2026-10-25,TX-140666,0,on_time,22410937,215987
RP-1124-0-0,LN-1124-0,SYN-11124,2,2026-08-22,13494.76,1349476,13494.76,1349476,2026-08-22,TX-140678,0,on_time,38588229,502387
RP-1124-1-0,LN-1124-0,SYN-11124,3,2026-09-22,13494.76,1349476,13494.76,1349476,2026-09-22,TX-140688,0,on_time,37741140,491358
RP-1124-2-0,LN-1124-0,SYN-11124,4,2026-10-22,13494.76,1349476,13494.76,1349476,2026-10-22,TX-140698,0,on_time,36883022,480186
RP-1125-0-0,LN-1125-0,SYN-11125,2,2026-08-27,50210.67,5021067,50210.67,5021067,2026-08-30,TX-140713;TX-140715,3,late,54592296,846959
RP-1125-1-0,LN-1125-0,SYN-11125,3,2026-09-27,50210.67,5021067,50210.67,5021067,2026-09-30,TX-140724;TX-140726,3,late,50418188,782200
RP-1125-2-0,LN-1125-0,SYN-11125,4,2026-10-27,50210.67,5021067,50210.67,5021067,2026-10-30,TX-140735;TX-140737,3,late,46179321,716438
RP-1126-0-0,LN-1126-0,SYN-11126,2,2026-08-28,11851.56,1185156,11851.56,1185156,2026-08-28,TX-140750,0,on_time,24178052,324681
RP-1126-1-0,LN-1126-0,SYN-11126,3,2026-09-28,11851.56,1185156,11851.56,1185156,2026-09-28,TX-140760,0,on_time,23317577,313126
RP-1126-2-0,LN-1126-0,SYN-11126,4,2026-10-28,11851.56,1185156,11851.56,1185156,2026-10-28,TX-140770,0,on_time,22445547,301416
RP-1127-0-0,LN-1127-0,SYN-11127,2,2026-08-20,6876.0,687600,6876.0,687600,2026-08-29,TX-140785,9,late,20775787,203473
RP-1127-1-0,LN-1127-0,SYN-11127,3,2026-09-20,6876.0,687600,6876.0,687600,2026-09-29,TX-140793;TX-140799,9,late,20291660,198731
RP-1127-2-0,LN-1127-0,SYN-11127,4,2026-10-20,6876.0,687600,6876.0,687600,2026-10-20,TX-140805,0,on_time,19802791,193944
RP-1128-0-0,LN-1128-0,SYN-11128,2,2026-08-27,9126.34,912634,9126.34,912634,2026-08-30,TX-140820,3,late,25613619,361920
RP-1128-1-0,LN-1128-0,SYN-11128,3,2026-09-27,9126.34,912634,9126.34,912634,2026-09-30,TX-140831,3,late,25062905,354139
RP-1128-2-0,LN-1128-0,SYN-11128,4,2026-10-27,9126.34,912634,9126.34,912634,2026-10-30,TX-140842,3,late,24504410,346247
RP-1129-0-0,LN-1129-0,SYN-11129,2,2026-08-27,8674.37,867437,8674.37,867437,2026-08-27,TX-140855,0,on_time,25796821,276419
RP-1129-1-0,LN-1129-0,SYN-11129,3,2026-09-27,8674.37,867437,8674.37,867437,2026-10-03,TX-140872,6,late,25205803,270086
RP-1129-2-0,LN-1129-0,SYN-11129,4,2026-10-27,8674.37,867437,8674.37,867437,2026-11-02,TX-140883,6,late,24608452,263686
RP-1131-0-0,LN-1131-0,SYN-11131,2,2026-08-24,12988.86,1298886,12988.86,1298886,2026-08-24,TX-140931,0,on_time,38820339,404734
RP-1131-0-1,LN-1131-1,SYN-11131,2,2026-08-24,28359.17,2835917,28359.17,2835917,2026-08-24,TX-140932,0,on_time,30751036,490394
RP-1131-1-0,LN-1131-0,SYN-11131,3,2026-09-24,12988.86,1298886,12988.86,1298886,2026-09-24,TX-140943,0,on_time,37926187,395412
RP-1131-1-1,LN-1131-1,SYN-11131,3,2026-09-24,28359.17,2835917,28359.17,2835917,2026-09-27,TX-140945,3,late,28405513,452990
RP-1131-2-0,LN-1131-0,SYN-11131,4,2026-10-24,12988.86,1298886,12988.86,1298886,2026-10-24,TX-140955,0,on_time,37022713,385993
RP-1131-2-1,LN-1131-1,SYN-11131,4,2026-10-24,28359.17,2835917,28359.17,2835917,2026-10-24,TX-140956,0,on_time,26022586,414989
RP-1132-0-0,LN-1132-0,SYN-11132,2,2026-08-26,26851.39,2685139,26851.39,2685139,2026-08-26,TX-140969,0,on_time,53472204,828922
RP-1132-1-0,LN-1132-0,SYN-11132,3,2026-09-26,26851.39,2685139,26851.39,2685139,2026-09-26,TX-140980,0,on_time,51615987,800147
RP-1132-2-0,LN-1132-0,SYN-11132,4,2026-10-26,26851.39,2685139,26851.39,2685139,2026-10-26,TX-140989,0,on_time,49730995,770926
RP-1133-0-0,LN-1133-0,SYN-11133,2,2026-08-25,19460.93,1946093,19460.93,1946093,2026-09-03,TX-141004,9,late,21192674,323402
RP-1133-1-0,LN-1133-0,SYN-11133,3,2026-09-25,19460.93,1946093,19460.93,1946093,2026-10-01,TX-141017,6,late,19569983,298640
RP-1133-2-0,LN-1133-0,SYN-11133,4,2026-10-25,19460.93,1946093,19460.93,1946093,2026-11-03,TX-141030,9,late,17922530,273499
RP-1134-0-0,LN-1134-0,SYN-11134,2,2026-08-25,67590.32,6759032,67590.32,6759032,2026-09-03,TX-141040;TX-141045,9,late,73257973,1173581
RP-1134-1-0,LN-1134-0,SYN-11134,3,2026-09-25,67590.32,6759032,67590.32,6759032,2026-10-01,TX-141059,6,late,67672522,1084103
RP-1134-2-0,LN-1134-0,SYN-11134,4,2026-10-25,67590.32,6759032,67590.32,6759032,2026-11-03,TX-141073,9,late,61997593,993191
RP-1135-0-0,LN-1135-0,SYN-11135,2,2026-08-23,14578.58,1457858,14578.58,1457858,2026-08-23,TX-141082,0,on_time,44732686,398363
RP-1135-1-0,LN-1135-0,SYN-11135,3,2026-09-23,14578.58,1457858,14578.58,1457858,2026-10-02,TX-141100,9,late,43673191,388928
RP-1135-2-0,LN-1135-0,SYN-11135,4,2026-10-23,14578.58,1457858,14578.58,1457858,2026-11-01,TX-141111,9,late,42604261,379409
RP-1136-0-0,LN-1136-0,SYN-11136,2,2026-08-23,17134.63,1713463,17134.63,1713463,2026-08-29,TX-141123,6,late,48091427,679408
RP-1136-1-0,LN-1136-0,SYN-11136,3,2026-09-23,17134.63,1713463,17134.63,1713463,2026-09-29,TX-141136,6,late,47057372,664799
RP-1136-2-0,LN-1136-0,SYN-11136,4,2026-10-23,17134.63,1713463,17134.63,1713463,2026-10-29,TX-141147,6,late,46008708,649984
RP-1137-0-0,LN-1137-0,SYN-11137,2,2026-08-27,55909.99,5590999,55909.99,5590999,2026-08-30,TX-141158;TX-141160,3,late,60474198,988743
RP-1137-1-0,LN-1137-0,SYN-11137,3,2026-09-27,55909.99,5590999,55909.99,5590999,2026-10-03,TX-141170;TX-141173,6,late,55871942,913497
RP-1137-2-0,LN-1137-0,SYN-11137,4,2026-10-27,55909.99,5590999,55909.99,5590999,2026-10-30,TX-141181,3,late,51194440,837021
RP-1138-0-0,LN-1138-0,SYN-11138,2,2026-08-26,15932.8,1593280,15932.8,1593280,2026-08-26,TX-141191,0,on_time,43671741,679005
RP-1138-1-0,LN-1138-0,SYN-11138,3,2026-09-26,15932.8,1593280,15932.8,1593280,2026-09-26,TX-141200,0,on_time,42757466,664790
RP-1138-2-0,LN-1138-0,SYN-11138,4,2026-10-26,15932.8,1593280,15932.8,1593280,2026-10-26,TX-141209,0,on_time,41828976,650353
RP-1139-0-0,LN-1139-0,SYN-11139,2,2026-08-25,11683.62,1168362,11683.62,1168362,2026-08-28,TX-141223,3,late,35466879,337798
RP-1139-1-0,LN-1139-0,SYN-11139,3,2026-09-25,11683.62,1168362,11683.62,1168362,2026-09-25,TX-141230,0,on_time,34636315,329888
RP-1139-2-0,LN-1139-0,SYN-11139,4,2026-10-25,11683.62,1168362,11683.62,1168362,2026-10-25,TX-141240,0,on_time,33797841,321902
RP-1141-0-0,LN-1141-0,SYN-11141,2,2026-08-20,18751.61,1875161,18751.61,1875161,2026-08-20,TX-141287,0,on_time,20542704,293776
RP-1141-0-1,LN-1141-1,SYN-11141,2,2026-08-20,14591.59,1459159,14591.59,1459159,2026-08-20,TX-141288,0,on_time,42277486,517557
RP-1141-1-0,LN-1141-0,SYN-11141,3,2026-09-20,18751.61,1875161,18751.61,1875161,2026-09-20,TX-141299,0,on_time,18961319,271161
RP-1141-1-1,LN-1141-1,SYN-11141,3,2026-09-20,14591.59,1459159,14591.59,1459159,2026-10-02,TX-141300;TX-141306,12,late,41335884,506030
RP-1141-2-0,LN-1141-0,SYN-11141,4,2026-10-20,18751.61,1875161,18751.61,1875161,2026-11-01,TX-141319,12,late,17357319,248223
RP-1141-2-1,LN-1141-1,SYN-11141,4,2026-10-20,14591.59,1459159,14591.59,1459159,2026-11-01,TX-141320,12,late,40382755,494362
RP-1142-0-0,LN-1142-0,SYN-11142,2,2026-08-21,28162.96,2816296,28162.96,2816296,2026-08-24,TX-141330;TX-141331,3,late,57724480,752073
RP-1142-1-0,LN-1142-0,SYN-11142,3,2026-09-21,28162.96,2816296,28162.96,2816296,2026-09-21,TX-141340,0,on_time,55660257,725179
RP-1142-2-0,LN-1142-0,SYN-11142,4,2026-10-21,28162.96,2816296,28162.96,2816296,2026-10-21,TX-141349,0,on_time,53569140,697934
RP-1143-0-0,LN-1143-0,SYN-11143,2,2026-08-20,13828.58,1382858,13828.58,1382858,2026-08-20,TX-141362,0,on_time,29499485,284658
RP-1143-1-0,LN-1143-0,SYN-11143,3,2026-09-20,13828.58,1382858,13828.58,1382858,2026-10-05,TX-141384,15,late,28401285,274061
RP-1143-2-0,LN-1143-0,SYN-11143,4,2026-10-20,13828.58,1382858,351.14,35114,2026-10-20,TX-141390,0,partial,27292488,263361
RP-1144-0-0,LN-1144-0,SYN-11144,2,2026-08-28,6755.87,675587,6755.87,675587,2026-08-31,TX-141409,3,late,19563081,240155
RP-1144-1-0,LN-1144-0,SYN-11144,3,2026-09-28,6755.87,675587,6755.87,675587,2026-09-28,TX-141426,0,on_time,19127649,234809
RP-1144-2-0,LN-1144-0,SYN-11144,4,2026-10-28,6755.87,675587,6755.87,675587,2026-10-28,TX-141437,0,on_time,18686871,229398
RP-1145-0-0,LN-1145-0,SYN-11145,2,2026-08-28,20435.76,2043576,20435.76,2043576,2026-09-03,TX-141451;TX-141452;TX-141456,6,late,22589358,290659
RP-1145-1-0,LN-1145-0,SYN-11145,3,2026-09-28,20435.76,2043576,20435.76,2043576,2026-10-01,TX-141466,3,late,20836441,268104
RP-1145-2-0,LN-1145-0,SYN-11145,4,2026-10-28,20435.76,2043576,20435.76,2043576,2026-11-03,TX-141476,6,late,19060969,245259
RP-1146-0-0,LN-1146-0,SYN-11146,2,2026-08-21,4304.15,430415,4304.15,430415,2026-08-21,TX-141486,0,on_time,13231158,116426
RP-1146-1-0,LN-1146-0,SYN-11146,3,2026-09-21,4304.15,430415,4304.15,430415,2026-10-03,TX-141502,12,late,12917169,113664
RP-1146-2-0,LN-1146-0,SYN-11146,4,2026-10-21,4304.15,430415,4304.15,430415,2026-11-02,TX-141513,12,late,12600418,110876
RP-1147-0-0,LN-1147-0,SYN-11147,2,2026-08-28,58695.13,5869513,58695.13,5869513,2026-08-28,TX-141526,0,on_time,65130303,798161
RP-1147-1-0,LN-1147-0,SYN-11147,3,2026-09-28,58695.13,5869513,58695.13,5869513,2026-11-03,TX-141537;TX-141550,36,late,60058951,736012
RP-1147-2-0,LN-1147-0,SYN-11147,4,2026-10-28,58695.13,5869513,5908.02,590802,2026-11-03,TX-141551,6,partial,56195235,688663
RP-1148-0-0,LN-1148-0,SYN-11148,2,2026-08-25,10046.78,1004678,10046.78,1004678,2026-08-25,TX-141559,0,on_time,21680962,188268
RP-1148-1-0,LN-1148-0,SYN-11148,3,2026-09-25,10046.78,1004678,10046.78,1004678,2026-09-25,TX-141569,0,on_time,20864552,181179
RP-1148-2-0,LN-1148-0,SYN-11148,4,2026-10-25,10046.78,1004678,10046.78,1004678,2026-10-25,TX-141579,0,on_time,20041053,174028
RP-1149-0-0,LN-1149-0,SYN-11149,2,2026-08-28,54513.62,5451362,54513.62,5451362,2026-08-28,TX-141595,0,on_time,61153836,643425
RP-1149-1-0,LN-1149-0,SYN-11149,3,2026-09-28,54513.62,5451362,54513.62,5451362,2026-09-28,TX-141605,0,on_time,56345899,592839
RP-1149-2-0,LN-1149-0,SYN-11149,4,2026-10-28,54513.62,5451362,54513.62,5451362,2026-10-31,TX-141615,3,late,51487376,541720
RP-1151-0-0,LN-1151-0,SYN-11151,2,2026-08-26,14111.06,1411106,14111.06,1411106,2026-08-26,TX-141660,0,on_time,38658205,602269
RP-1151-0-1,LN-1151-1,SYN-11151,2,2026-08-26,12129.74,1212974,12129.74,1212974,2026-08-26,TX-141661,0,on_time,25030502,311705
RP-1151-1-0,LN-1151-0,SYN-11151,3,2026-09-26,14111.06,1411106,14111.06,1411106,2026-09-26,TX-141670,0,on_time,37849368,589668
RP-1151-1-1,LN-1151-1,SYN-11151,3,2026-09-26,12129.74,1212974,12129.74,1212974,2026-09-26,TX-141671,0,on_time,24129233,300481
RP-1151-2-0,LN-1151-0,SYN-11151,4,2026-10-26,14111.06,1411106,13203.21,1320321,2026-11-01,TX-141682,6,partial,37027930,576870
RP-1151-2-1,LN-1151-1,SYN-11151,4,2026-10-26,12129.74,1212974,0,0,,,0,missed,23216740,289118
RP-1152-0-0,LN-1152-0,SYN-11152,2,2026-08-24,23394.8,2339480,23394.8,2339480,2026-08-24,TX-141694,0,on_time,67802171,828944
RP-1152-1-0,LN-1152-0,SYN-11152,3,2026-09-24,23394.8,2339480,23394.8,2339480,2026-09-24,TX-141707,0,on_time,66291635,810476
RP-1152-2-0,LN-1152-0,SYN-11152,4,2026-10-24,23394.8,2339480,23394.8,2339480,2026-11-02,TX-141717;TX-141720,9,late,64762631,791783
RP-1153-0-0,LN-1153-0,SYN-11153,2,2026-08-21,27441.73,2744173,27441.73,2744173,2026-08-21,TX-141731,0,on_time,80400569,931608
RP-1153-1-0,LN-1153-0,SYN-11153,3,2026-09-21,27441.73,2744173,27441.73,2744173,2026-09-21,TX-141744,0,on_time,78588004,910606
RP-1153-2-0,LN-1153-0,SYN-11153,4,2026-10-21,27441.73,2744173,27441.73,2744173,2026-10-21,TX-141755,0,on_time,76754437,889360
RP-1154-0-0,LN-1154-0,SYN-11154,2,2026-08-22,31515.99,3151599,31515.99,3151599,2026-08-22,TX-141770,0,on_time,35299771,380140
RP-1154-1-0,LN-1154-0,SYN-11154,3,2026-09-22,31515.99,3151599,31515.99,3151599,2026-09-22,TX-141784,0,on_time,32528312,350295
RP-1154-2-0,LN-1154-0,SYN-11154,4,2026-10-22,31515.99,3151599,31515.99,3151599,2026-10-22,TX-141794,0,on_time,29727008,320128
RP-1155-0-0,LN-1155-0,SYN-11155,2,2026-08-26,13896.7,1389670,13896.7,1389670,2026-09-01,TX-141810,6,late,40886983,463696
RP-1155-1-0,LN-1155-0,SYN-11155,3,2026-09-26,13896.7,1389670,13896.7,1389670,2026-09-29,TX-141821,3,late,39961009,453194
RP-1155-2-0,LN-1155-0,SYN-11155,4,2026-10-26,13896.7,1389670,13896.7,1389670,2026-10-29,TX-141831,3,late,39024533,442574
RP-1156-0-0,LN-1156-0,SYN-11156,2,2026-08-25,46825.17,4682517,46825.17,4682517,2026-08-25,TX-141843,0,on_time,51189548,749377
RP-1156-1-0,LN-1156-0,SYN-11156,3,2026-09-25,46825.17,4682517,46825.17,4682517,2026-10-01,TX-141854;TX-141858,6,late,47256408,691798
RP-1156-2-0,LN-1156-0,SYN-11156,4,2026-10-25,46825.17,4682517,38244.09,3824409,2026-11-03,TX-141872,9,partial,43265689,633377
RP-1157-0-0,LN-1157-0,SYN-11157,2,2026-08-20,25679.31,2567931,25679.31,2567931,2026-08-20,TX-141880,0,on_time,55265202,492477
RP-1157-1-0,LN-1157-0,SYN-11157,3,2026-09-20,25679.31,2567931,25679.31,2567931,2026-09-20,TX-141891,0,on_time,53189748,473983
RP-1157-2-0,LN-1157-0,SYN-11157,4,2026-10-20,25679.31,2567931,8143.04,814304,2026-11-01,TX-141902;TX-141908;TX-141909,12,partial,51095800,455323
RP-1158-0-0,LN-1158-0,SYN-11158,2,2026-08-21,85764.86,8576486,85764.86,8576486,2026-08-21,TX-141921,0,on_time,95387901,1133892
RP-1158-1-0,LN-1158-0,SYN-11158,3,2026-09-21,85764.86,8576486,85764.86,8576486,2026-10-03,TX-141932;TX-141939,12,late,87945307,1045421
RP-1158-2-0,LN-1158-0,SYN-11158,4,2026-10-21,85764.86,8576486,85764.86,8576486,2026-11-02,TX-141950,12,late,80414242,955897
RP-1159-0-0,LN-1159-0,SYN-11159,2,2026-08-28,34368.87,3436887,34368.87,3436887,2026-08-28,TX-141962,0,on_time,37448091,568103
RP-1159-1-0,LN-1159-0,SYN-11159,3,2026-09-28,34368.87,3436887,34368.87,3436887,2026-09-28,TX-141975,0,on_time,34579307,524582
RP-1159-2-0,LN-1159-0,SYN-11159,4,2026-10-28,34368.87,3436887,34368.87,3436887,2026-11-03,TX-141985;TX-141988,6,late,31667002,480402
RP-1161-0-0,LN-1161-0,SYN-11161,2,2026-08-26,60439.24,6043924,60439.24,6043924,2026-08-26,TX-142030,0,on_time,68415599,622211
RP-1161-0-1,LN-1161-1,SYN-11161,2,2026-08-26,30094.42,3009442,30094.42,3009442,2026-08-29,TX-142031,3,late,62157096,769334
RP-1161-1-0,LN-1161-0,SYN-11161,3,2026-09-26,60439.24,6043924,60439.24,6043924,2026-10-02,TX-142043;TX-142045,6,late,62993886,572903
RP-1161-1-1,LN-1161-1,SYN-11161,3,2026-09-26,30094.42,3009442,30094.42,3009442,2026-10-02,TX-142046,6,late,59916988,741608
RP-1161-2-0,LN-1161-0,SYN-11161,4,2026-10-26,60439.24,6043924,60439.24,6043924,2026-11-01,TX-142056,6,late,57522865,523146
RP-1161-2-1,LN-1161-1,SYN-11161,4,2026-10-26,30094.42,3009442,30094.42,3009442,2026-11-01,TX-142057,6,late,57649154,713538
RP-1162-0-0,LN-1162-0,SYN-11162,2,2026-08-26,19046.62,1904662,19046.62,1904662,2026-08-26,TX-142069,0,on_time,39151639,500488
RP-1162-1-0,LN-1162-0,SYN-11162,3,2026-09-26,19046.62,1904662,19046.62,1904662,2026-09-29,TX-142080,3,late,37747465,482538
RP-1162-2-0,LN-1162-0,SYN-11162,4,2026-10-26,19046.62,1904662,19046.62,1904662,2026-10-26,TX-142089,0,on_time,36325341,464359
RP-1163-0-0,LN-1163-0,SYN-11163,2,2026-08-26,18199.0,1819900,18199.0,1819900,2026-08-26,TX-142102,0,on_time,39059130,357033
RP-1163-1-0,LN-1163-0,SYN-11163,3,2026-09-26,18199.0,1819900,18199.0,1819900,2026-09-26,TX-142112,0,on_time,37596263,343661
RP-1163-2-0,LN-1163-0,SYN-11163,4,2026-10-26,18199.0,1819900,18199.0,1819900,2026-10-29,TX-142122,3,late,36120024,330167
RP-1164-0-0,LN-1164-0,SYN-11164,2,2026-08-21,24616.86,2461686,24616.86,2461686,2026-08-21,TX-142132,0,on_time,27753706,270057
RP-1164-1-0,LN-1164-0,SYN-11164,3,2026-09-21,24616.86,2461686,24616.86,2461686,2026-10-03,TX-142143;TX-142150,12,late,25562077,248732
RP-1164-2-0,LN-1164-0,SYN-11164,4,2026-10-21,24616.86,2461686,24616.86,2461686,2026-11-02,TX-142158,12,late,23349123,227199
RP-1165-0-0,LN-1165-0,SYN-11165,2,2026-08-20,13515.36,1351536,13515.36,1351536,2026-08-20,TX-142166,0,on_time,15096372,169170
RP-1165-1-0,LN-1165-0,SYN-11165,3,2026-09-20,13515.36,1351536,13515.36,1351536,2026-09-20,TX-142177,0,on_time,13914006,155920
RP-1165-2-0,LN-1165-0,SYN-11165,4,2026-10-20,13515.36,1351536,13515.36,1351536,2026-10-20,TX-142188,0,on_time,12718390,142522
RP-1166-0-0,LN-1166-0,SYN-11166,2,2026-08-26,11038.15,1103815,11038.15,1103815,2026-08-26,TX-142206,0,on_time,33961194,297149
RP-1166-1-0,LN-1166-0,SYN-11166,3,2026-09-26,11038.15,1103815,11038.15,1103815,2026-10-02,TX-142219,6,late,33154528,290091
RP-1166-2-0,LN-1166-0,SYN-11166,4,2026-10-26,11038.15,1103815,11038.15,1103815,2026-11-01,TX-142230,6,late,32340804,282971
RP-1167-0-0,LN-1167-0,SYN-11167,2,2026-08-28,24159.86,2415986,24159.86,2415986,2026-08-28,TX-142243,0,on_time,26416766,385907
RP-1167-1-0,LN-1167-0,SYN-11167,3,2026-09-28,24159.86,2415986,24159.86,2415986,2026-10-01,TX-142258,3,late,24386687,356251
RP-1167-2-0,LN-1167-0,SYN-11167,4,2026-10-28,24159.86,2415986,24159.86,2415986,2026-11-03,TX-142270,6,late,22326952,326161
RP-1168-0-0,LN-1168-0,SYN-11168,2,2026-08-24,4920.51,492051,4920.51,492051,2026-08-24,TX-142279,0,on_time,13825960,194391
RP-1168-1-0,LN-1168-0,SYN-11168,3,2026-09-24,4920.51,492051,4920.51,492051,2026-09-24,TX-142288,0,on_time,13528300,190206
RP-1168-2-0,LN-1168-0,SYN-11168,4,2026-10-24,4920.51,492051,4920.51,492051,2026-10-24,TX-142297,0,on_time,13226455,185962
RP-1169-0-0,LN-1169-0,SYN-11169,2,2026-08-22,28493.32,2849332,28493.32,2849332,2026-08-25,TX-142311,3,late,31772962,364536
RP-1169-1-0,LN-1169-0,SYN-11169,3,2026-09-22,28493.32,2849332,28493.32,2849332,2026-09-22,TX-142322,0,on_time,29288166,336028
RP-1169-2-0,LN-1169-0,SYN-11169,4,2026-10-22,28493.32,2849332,28493.32,2849332,2026-11-03,TX-142332;TX-142339,12,late,26774862,307192
RP-1171-0-0,LN-1171-0,SYN-11171,2,2026-08-27,22871.68,2287168,22871.68,2287168,2026-08-30,TX-142382,3,late,68198772,720253
RP-1171-0-1,LN-1171-1,SYN-11171,2,2026-08-27,23182.15,2318215,23182.15,2318215,2026-09-02,TX-142383,6,late,65603525,894586
RP-1171-1-0,LN-1171-0,SYN-11171,3,2026-09-27,22871.68,2287168,22871.68,2287168,2026-10-09,TX-142398,12,late,66631857,703705
RP-1171-1-1,LN-1171-1,SYN-11171,3,2026-09-27,23182.15,2318215,23182.15,2318215,2026-10-03,TX-142395,6,late,64179896,875173
RP-1171-2-0,LN-1171-0,SYN-11171,4,2026-10-27,22871.68,2287168,22871.68,2287168,2026-11-05,TX-142407,9,late,65048394,686982
RP-1171-2-1,LN-1171-1,SYN-11171,4,2026-10-27,23182.15,2318215,23182.15,2318215,2026-11-05,TX-142408,9,late,62736854,855495
RP-1172-0-0,LN-1172-0,SYN-11172,2,2026-08-20,32362.24,3236224,32362.24,3236224,2026-08-20,TX-142418,0,on_time,64946650,963538
RP-1172-1-0,LN-1172-0,SYN-11172,3,2026-09-20,32362.24,3236224,32362.24,3236224,2026-09-20,TX-142429,0,on_time,62673964,929820
RP-1172-2-0,LN-1172-0,SYN-11172,4,2026-10-20,32362.24,3236224,32362.24,3236224,2026-10-20,TX-142440,0,on_time,60367560,895603
RP-1173-0-0,LN-1173-0,SYN-11173,2,2026-08-25,21555.36,2155536,21555.36,2155536,2026-09-06,TX-142455;TX-142460,12,late,44668071,540312
RP-1173-1-0,LN-1173-0,SYN-11173,3,2026-09-25,21555.36,2155536,21555.36,2155536,2026-10-07,TX-142477,12,late,43052847,520774
RP-1173-2-0,LN-1173-0,SYN-11173,4,2026-10-25,21555.36,2155536,15200.37,1520037,2026-10-25,TX-142483,0,partial,41418085,501000
RP-1174-0-0,LN-1174-0,SYN-11174,2,2026-08-28,56350.97,5635097,56350.97,5635097,2026-09-06,TX-142498;TX-142502,9,late,62478572,773714
RP-1174-1-0,LN-1174-0,SYN-11174,3,2026-09-28,56350.97,5635097,56350.97,5635097,2026-10-07,TX-142518,9,late,57617189,713512
RP-1174-2-0,LN-1174-0,SYN-11174,4,2026-10-28,56350.97,5635097,0,0,,,0,missed,52695604,652565
RP-1175-0-0,LN-1175-0,SYN-11175,2,2026-08-22,7303.42,730342,7303.42,730342,2026-08-22,TX-142535,0,on_time,8299921,70325
RP-1175-1-0,LN-1175-0,SYN-11175,3,2026-09-22,7303.42,730342,7303.42,730342,2026-09-22,TX-142547,0,on_time,7639904,64733
RP-1175-2-0,LN-1175-0,SYN-11175,4,2026-10-22,7303.42,730342,7303.42,730342,2026-10-25,TX-142556;TX-142557,3,late,6974295,59093
RP-1176-0-0,LN-1176-0,SYN-11176,2,2026-08-25,33612.44,3361244,33612.44,3361244,2026-08-25,TX-142570,0,on_time,68492102,926573
RP-1176-1-0,LN-1176-0,SYN-11176,3,2026-09-25,33612.44,3361244,33612.44,3361244,2026-09-25,TX-142582,0,on_time,66057431,893636
RP-1176-2-0,LN-1176-0,SYN-11176,4,2026-10-25,33612.44,3361244,33612.44,3361244,2026-10-25,TX-142592,0,on_time,63589823,860254
RP-1177-0-0,LN-1177-0,SYN-11177,2,2026-08-27,3498.82,349882,3498.82,349882,2026-09-05,TX-142612,9,late,6889814,113498
RP-1177-1-0,LN-1177-0,SYN-11177,3,2026-09-27,3498.82,349882,3498.82,349882,2026-09-30,TX-142622,3,late,6653430,109604
RP-1177-2-0,LN-1177-0,SYN-11177,4,2026-10-27,3498.82,349882,3498.82,349882,2026-10-30,TX-142632,3,late,6413152,105645
RP-1178-0-0,LN-1178-0,SYN-11178,2,2026-08-23,10421.46,1042146,10421.46,1042146,2026-08-23,TX-142643,0,on_time,28260937,457686
RP-1178-1-0,LN-1178-0,SYN-11178,3,2026-09-23,10421.46,1042146,10421.46,1042146,2026-09-23,TX-142654,0,on_time,27676477,448221
RP-1178-2-0,LN-1178-0,SYN-11178,4,2026-10-23,10421.46,1042146,10421.46,1042146,2026-10-23,TX-142665,0,on_time,27082552,438602
RP-1179-0-0,LN-1179-0,SYN-11179,2,2026-08-26,24878.73,2487873,24878.73,2487873,2026-08-29,TX-142683,3,late,70939129,935492
RP-1179-1-0,LN-1179-0,SYN-11179,3,2026-09-26,24878.73,2487873,24878.73,2487873,2026-09-29,TX-142694,3,late,69386748,915020
RP-1179-2-0,LN-1179-0,SYN-11179,4,2026-10-26,24878.73,2487873,24878.73,2487873,2026-10-29,TX-142706,3,late,67813895,894279
RP-1181-0-0,LN-1181-0,SYN-11181,2,2026-08-24,5374.68,537468,5374.68,537468,2026-08-24,TX-142745,0,on_time,15596676,189511
RP-1181-0-1,LN-1181-1,SYN-11181,2,2026-08-24,21641.57,2164157,21641.57,2164157,2026-08-24,TX-142746,0,on_time,43612084,631485
RP-1181-1-0,LN-1181-0,SYN-11181,3,2026-09-24,5374.68,537468,5374.68,537468,2026-09-24,TX-142760,0,on_time,15248719,185283
RP-1181-1-1,LN-1181-1,SYN-11181,3,2026-09-24,21641.57,2164157,21641.57,2164157,2026-09-30,TX-142761;TX-142765,6,late,42079412,609292
RP-1181-2-0,LN-1181-0,SYN-11181,4,2026-10-24,5374.68,537468,5374.68,537468,2026-10-24,TX-142773,0,on_time,14896534,181004
RP-1181-2-1,LN-1181-1,SYN-11181,4,2026-10-24,21641.57,2164157,21641.57,2164157,2026-10-30,TX-142774;TX-142778,6,late,40524547,586779
RP-1182-0-0,LN-1182-0,SYN-11182,2,2026-08-28,14978.46,1497846,14978.46,1497846,2026-08-28,TX-142789,0,on_time,45045940,453384
RP-1182-1-0,LN-1182-0,SYN-11182,3,2026-09-28,14978.46,1497846,14978.46,1497846,2026-09-28,TX-142801,0,on_time,44001478,442871
RP-1182-2-0,LN-1182-0,SYN-11182,4,2026-10-28,14978.46,1497846,14978.46,1497846,2026-10-28,TX-142810,0,on_time,42946503,432253
RP-1183-0-0,LN-1183-0,SYN-11183,2,2026-08-27,31397.85,3139785,31397.85,3139785,2026-08-30,TX-142823,3,late,96525702,848952
RP-1183-1-0,LN-1183-0,SYN-11183,3,2026-09-27,31397.85,3139785,31397.85,3139785,2026-09-30,TX-142835,3,late,94234869,828804
RP-1183-2-0,LN-1183-0,SYN-11183,4,2026-10-27,31397.85,3139785,31397.85,3139785,2026-10-30,TX-142845,3,late,91923888,808478
RP-1184-0-0,LN-1184-0,SYN-11184,2,2026-08-26,4908.9,490890,4908.9,490890,2026-08-26,TX-142859,0,on_time,14806546,146495
RP-1184-1-0,LN-1184-0,SYN-11184,3,2026-09-26,4908.9,490890,4908.9,490890,2026-10-05,TX-142875,9,late,14462151,143087
RP-1184-2-0,LN-1184-0,SYN-11184,4,2026-10-26,4908.9,490890,0,0,,,0,missed,14114348,139646
RP-1185-0-0,LN-1185-0,SYN-11185,2,2026-08-22,20981.51,2098151,20981.51,2098151,2026-08-28,TX-142899,6,late,23564956,243542
RP-1185-1-0,LN-1185-0,SYN-11185,3,2026-09-22,20981.51,2098151,20981.51,2098151,2026-09-28,TX-142911,6,late,21710347,224375
RP-1185-2-0,LN-1185-0,SYN-11185,4,2026-10-22,20981.51,2098151,20981.51,2098151,2026-10-28,TX-142922,6,late,19836571,205009
RP-1186-0-0,LN-1186-0,SYN-11186,2,2026-08-27,36756.31,3675631,36756.31,3675631,2026-09-02,TX-142933;TX-142935,6,late,39694954,658986
RP-1186-1-0,LN-1186-0,SYN-11186,3,2026-09-27,36756.31,3675631,36756.31,3675631,2026-09-30,TX-142946,3,late,36678309,608906
RP-1186-2-0,LN-1186-0,SYN-11186,4,2026-10-27,36756.31,3675631,36756.31,3675631,2026-10-30,TX-142957,3,late,33611584,557994
RP-1187-0-0,LN-1187-0,SYN-11187,2,2026-08-24,5893.85,589385,5893.85,589385,2026-08-24,TX-142968,0,on_time,12406204,133640
RP-1187-1-0,LN-1187-0,SYN-11187,3,2026-09-24,5893.85,589385,5893.85,589385,2026-09-24,TX-142977,0,on_time,11950459,128730
RP-1187-2-0,LN-1187-0,SYN-11187,4,2026-10-24,5893.85,589385,5893.85,589385,2026-10-24,TX-142986,0,on_time,11489804,123768
RP-1188-0-0,LN-1188-0,SYN-11188,2,2026-08-22,18692.72,1869272,18692.72,1869272,2026-08-22,TX-142998,0,on_time,57551469,501292
RP-1188-1-0,LN-1188-0,SYN-11188,3,2026-09-22,18692.72,1869272,18692.72,1869272,2026-09-22,TX-143009,0,on_time,56183489,489377
RP-1188-2-0,LN-1188-0,SYN-11188,4,2026-10-22,18692.72,1869272,18692.72,1869272,2026-10-22,TX-143020,0,on_time,54803594,477358
RP-1189-0-0,LN-1189-0,SYN-11189,2,2026-08-22,8148.66,814866,8148.66,814866,2026-08-22,TX-143033,0,on_time,24010249,270237
RP-1189-1-0,LN-1189-0,SYN-11189,3,2026-09-22,8148.66,814866,8148.66,814866,2026-09-22,TX-143042,0,on_time,23465620,264108
RP-1189-2-0,LN-1189-0,SYN-11189,4,2026-10-22,8148.66,814866,8148.66,814866,2026-10-22,TX-143051,0,on_time,22914862,257909
RP-1191-0-0,LN-1191-0,SYN-11191,2,2026-08-23,10396.32,1039632,10396.32,1039632,2026-08-23,TX-143093,0,on_time,28793785,429692
RP-1191-0-1,LN-1191-1,SYN-11191,2,2026-08-23,20445.61,2044561,20445.61,2044561,2026-08-26,TX-143095,3,late,42407768,509632
RP-1191-1-0,LN-1191-0,SYN-11191,3,2026-09-23,10396.32,1039632,10396.32,1039632,2026-09-23,TX-143103,0,on_time,28183845,420590
RP-1191-1-1,LN-1191-1,SYN-11191,3,2026-09-23,20445.61,2044561,20445.61,2044561,2026-09-23,TX-143104,0,on_time,40872839,491186
RP-1191-2-0,LN-1191-0,SYN-11191,4,2026-10-23,10396.32,1039632,10396.32,1039632,2026-10-23,TX-143113,0,on_time,27564803,411352
RP-1191-2-1,LN-1191-1,SYN-11191,4,2026-10-23,20445.61,2044561,20445.61,2044561,2026-10-23,TX-143114,0,on_time,39319464,472518
RP-1192-0-0,LN-1192-0,SYN-11192,2,2026-08-28,5877.79,587779,5877.79,587779,2026-09-06,TX-143130,9,late,16950470,212197
RP-1192-1-0,LN-1192-0,SYN-11192,3,2026-09-28,5877.79,587779,5877.79,587779,2026-09-28,TX-143138,0,on_time,16574888,207495
RP-1192-2-0,LN-1192-0,SYN-11192,4,2026-10-28,5877.79,587779,5877.79,587779,2026-10-28,TX-143147,0,on_time,16194604,202735
RP-1193-0-0,LN-1193-0,SYN-11193,2,2026-08-22,38051.04,3805104,38051.04,3805104,2026-08-22,TX-143160,0,on_time,75074242,1224154
RP-1193-1-0,LN-1193-0,SYN-11193,3,2026-09-22,38051.04,3805104,38051.04,3805104,2026-09-25,TX-143173,3,late,72493292,1182070
RP-1193-2-0,LN-1193-0,SYN-11193,4,2026-10-22,38051.04,3805104,38051.04,3805104,2026-10-25,TX-143184;TX-143185,3,late,69870258,1139299
RP-1194-0-0,LN-1194-0,SYN-11194,2,2026-08-24,15790.56,1579056,15790.56,1579056,2026-08-24,TX-143199,0,on_time,44180514,632415
RP-1194-1-0,LN-1194-0,SYN-11194,3,2026-09-24,15790.56,1579056,15790.56,1579056,2026-09-24,TX-143211,0,on_time,43233873,618864
RP-1194-2-0,LN-1194-0,SYN-11194,4,2026-10-24,15790.56,1579056,15790.56,1579056,2026-11-02,TX-143224,9,late,42273681,605120
RP-1195-0-0,LN-1195-0,SYN-11195,2,2026-08-27,46062.9,4606290,46062.9,4606290,2026-09-02,TX-143237;TX-143239,6,late,49746434,825720
RP-1195-1-0,LN-1195-0,SYN-11195,3,2026-09-27,46062.9,4606290,38966.25,3896625,2026-11-02,TX-143252;TX-143263,36,partial,45965864,762968
RP-1195-2-0,LN-1195-0,SYN-11195,4,2026-10-27,46062.9,4606290,3131.53,313153,2026-11-02,TX-143264,6,partial,44002701,730382
RP-1196-0-0,LN-1196-0,SYN-11196,2,2026-08-21,34371.6,3437160,34371.6,3437160,2026-08-21,TX-143276,0,on_time,37670914,536120
RP-1196-1-0,LN-1196-0,SYN-11196,3,2026-09-21,34371.6,3437160,34371.6,3437160,2026-09-21,TX-143286,0,on_time,34769874,494833
RP-1196-2-0,LN-1196-0,SYN-11196,4,2026-10-21,34371.6,3437160,34371.6,3437160,2026-10-21,TX-143296,0,on_time,31827547,452959
RP-1197-0-0,LN-1197-0,SYN-11197,2,2026-08-28,3765.4,376540,3765.4,376540,2026-08-28,TX-143309,0,on_time,11494444,105764
RP-1197-1-0,LN-1197-0,SYN-11197,3,2026-09-28,3765.4,376540,3765.4,376540,2026-09-28,TX-143320,0,on_time,11223668,103273
RP-1197-2-0,LN-1197-0,SYN-11197,4,2026-10-28,3765.4,376540,3765.4,376540,2026-10-28,TX-143329,0,on_time,10950401,100758
RP-1198-0-0,LN-1198-0,SYN-11198,2,2026-08-23,7940.56,794056,7940.56,794056,2026-08-23,TX-143340,0,on_time,8703871,123694
RP-1198-1-0,LN-1198-0,SYN-11198,3,2026-09-23,7940.56,794056,7940.56,794056,2026-09-23,TX-143351,0,on_time,8033509,114168
RP-1198-2-0,LN-1198-0,SYN-11198,4,2026-10-23,7940.56,794056,7940.56,794056,2026-10-23,TX-143362,0,on_time,7353621,104505
RP-1199-0-0,LN-1199-0,SYN-11199,2,2026-08-26,15048.12,1504812,15048.12,1504812,2026-09-04,TX-143382,9,late,29949894,465758
RP-1199-1-0,LN-1199-0,SYN-11199,3,2026-09-26,15048.12,1504812,15048.12,1504812,2026-09-29,TX-143394,3,late,28910840,449600
RP-1199-2-0,LN-1199-0,SYN-11199,4,2026-10-26,15048.12,1504812,15048.12,1504812,2026-10-29,TX-143406,3,late,27855628,433190
RP-1201-0-0,LN-1201-0,SYN-11201,2,2026-08-20,9984.54,998454,9984.54,998454,2026-08-20,TX-143446,0,on_time,29720109,316888
RP-1201-0-1,LN-1201-1,SYN-11201,2,2026-08-20,33389.59,3338959,33389.59,3338959,2026-08-20,TX-143447,0,on_time,71574660,661517
RP-1201-1-0,LN-1201-0,SYN-11201,3,2026-09-20,9984.54,998454,9984.54,998454,2026-09-20,TX-143459,0,on_time,29038543,309621
RP-1201-1-1,LN-1201-1,SYN-11201,3,2026-09-20,33389.59,3338959,33389.59,3338959,2026-09-20,TX-143460,0,on_time,68897218,636771
RP-1201-2-0,LN-1201-0,SYN-11201,4,2026-10-20,9984.54,998454,9984.54,998454,2026-10-20,TX-143470,0,on_time,28349710,302276
RP-1201-2-1,LN-1201-1,SYN-11201,4,2026-10-20,33389.59,3338959,33389.59,3338959,2026-10-23,TX-143473,3,late,66195030,611797
RP-1202-0-0,LN-1202-0,SYN-11202,2,2026-08-23,27664.92,2766492,27664.92,2766492,2026-08-23,TX-143486,0,on_time,78836006,1042455
RP-1202-1-0,LN-1202-0,SYN-11202,3,2026-09-23,27664.92,2766492,27664.92,2766492,2026-09-23,TX-143495,0,on_time,77111969,1019658
RP-1202-2-0,LN-1202-0,SYN-11202,4,2026-10-23,27664.92,2766492,27664.92,2766492,2026-10-23,TX-143504,0,on_time,75365135,996559
RP-1203-0-0,LN-1203-0,SYN-11203,2,2026-08-23,24962.09,2496209,24962.09,2496209,2026-08-23,TX-143517,0,on_time,51122615,669570
RP-1203-1-0,LN-1203-0,SYN-11203,3,2026-09-23,24962.09,2496209,24962.09,2496209,2026-09-23,TX-143527,0,on_time,49295976,645646
RP-1203-2-0,LN-1203-0,SYN-11203,4,2026-10-23,24962.09,2496209,24962.09,2496209,2026-10-23,TX-143537,0,on_time,47445413,621408
RP-1204-0-0,LN-1204-0,SYN-11204,2,2026-08-21,6416.59,641659,6416.59,641659,2026-08-21,TX-143548,0,on_time,13694601,131597
RP-1204-1-0,LN-1204-0,SYN-11204,3,2026-09-21,6416.59,641659,6416.59,641659,2026-09-30,TX-143559;TX-143563,9,late,13184539,126696
RP-1204-2-0,LN-1204-0,SYN-11204,4,2026-10-21,6416.59,641659,6416.59,641659,2026-10-30,TX-143573,9,late,12669576,121747
RP-1205-0-0,LN-1205-0,SYN-11205,2,2026-08-27,5227.77,522777,5227.77,522777,2026-08-27,TX-143584,0,on_time,10786806,134416
RP-1205-1-0,LN-1205-0,SYN-11205,3,2026-09-27,5227.77,522777,5227.77,522777,2026-09-27,TX-143595,0,on_time,10398445,129577
RP-1205-2-0,LN-1205-0,SYN-11205,4,2026-10-27,5227.77,522777,5227.77,522777,2026-11-05,TX-143604;TX-143608,9,late,10005245,124677
RP-1206-0-0,LN-1206-0,SYN-11206,2,2026-08-22,6760.77,676077,6760.77,676077,2026-08-22,TX-143616,0,on_time,20641910,189723
RP-1206-1-0,LN-1206-0,SYN-11206,3,2026-09-22,6760.77,676077,6760.77,676077,2026-09-22,TX-143625,0,on_time,20155556,185253
RP-1206-2-0,LN-1206-0,SYN-11206,4,2026-10-22,6760.77,676077,6760.77,676077,2026-10-22,TX-143634,0,on_time,19664732,180742
RP-1207-0-0,LN-1207-0,SYN-11207,2,2026-08-20,9925.25,992525,9925.25,992525,2026-08-20,TX-143645,0,on_time,21227081,200278
RP-1207-1-0,LN-1207-0,SYN-11207,3,2026-09-20,9925.25,992525,9925.25,992525,2026-09-20,TX-143657,0,on_time,20434834,192803
RP-1207-2-0,LN-1207-0,SYN-11207,4,2026-10-20,9925.25,992525,9925.25,992525,2026-10-20,TX-143667,0,on_time,19635112,185257
RP-1208-0-0,LN-1208-0,SYN-11208,2,2026-08-20,30421.75,3042175,30421.75,3042175,2026-08-20,TX-143681,0,on_time,34170459,352693
RP-1208-1-0,LN-1208-0,SYN-11208,3,2026-09-20,30421.75,3042175,30421.75,3042175,2026-09-20,TX-143698,0,on_time,31480977,324934
RP-1208-2-0,LN-1208-0,SYN-11208,4,2026-10-20,30421.75,3042175,30421.75,3042175,2026-10-20,TX-143708,0,on_time,28763736,296887
RP-1209-0-0,LN-1209-0,SYN-11209,2,2026-08-28,38014.43,3801443,38014.43,3801443,2026-08-28,TX-143725,0,on_time,76437899,1121274
RP-1209-1-0,LN-1209-0,SYN-11209,3,2026-09-28,38014.43,3801443,38014.43,3801443,2026-09-28,TX-143742,0,on_time,73757730,1081958
RP-1209-2-0,LN-1209-0,SYN-11209,4,2026-10-28,38014.43,3801443,38014.43,3801443,2026-10-28,TX-143752,0,on_time,71038245,1042066
RP-1211-0-0,LN-1211-0,SYN-11211,2,2026-08-27,86862.83,8686283,86862.83,8686283,2026-09-02,TX-143797;TX-143798;TX-143800,6,late,98610128,851992
RP-1211-0-1,LN-1211-1,SYN-11211,2,2026-08-27,19696.63,1969663,19696.63,1969663,2026-09-05,TX-143802,9,late,58330710,639300
RP-1211-1-0,LN-1211-0,SYN-11211,3,2026-09-27,86862.83,8686283,86862.83,8686283,2026-10-03,TX-143821,6,late,90775837,784303
RP-1211-1-1,LN-1211-1,SYN-11211,3,2026-09-27,19696.63,1969663,19696.63,1969663,2026-11-02,TX-143822;TX-143833,36,late,57000347,624719
RP-1211-2-0,LN-1211-0,SYN-11211,4,2026-10-27,86862.83,8686283,86862.83,8686283,2026-11-02,TX-143834,6,late,82873857,716030
RP-1211-2-1,LN-1211-1,SYN-11211,4,2026-10-27,19696.63,1969663,18913.62,1891362,2026-11-02,TX-143835,6,partial,57000347,624719
RP-1212-0-0,LN-1212-0,SYN-11212,2,2026-08-28,15025.07,1502507,15025.07,1502507,2026-08-28,TX-143846,0,on_time,40969592,649880
RP-1212-1-0,LN-1212-0,SYN-11212,3,2026-09-28,15025.07,1502507,15025.07,1502507,2026-09-28,TX-143855,0,on_time,40116965,636355
RP-1212-2-0,LN-1212-0,SYN-11212,4,2026-10-28,15025.07,1502507,15025.07,1502507,2026-10-28,TX-143864,0,on_time,39250813,622616
RP-1213-0-0,LN-1213-0,SYN-11213,2,2026-08-27,80390.42,8039042,80390.42,8039042,2026-08-27,TX-143876,0,on_time,90451561,909023
RP-1213-1-0,LN-1213-0,SYN-11213,3,2026-09-27,80390.42,8039042,80390.42,8039042,2026-09-27,TX-143885,0,on_time,83321542,837368
RP-1213-2-0,LN-1213-0,SYN-11213,4,2026-10-27,80390.42,8039042,36927.87,3692787,2026-11-02,TX-143894;TX-143896,6,partial,76119868,764992
RP-1214-0-0,LN-1214-0,SYN-11214,2,2026-08-21,11081.41,1108141,11081.41,1108141,2026-08-21,TX-143906,0,on_time,22207350,332178
RP-1214-1-0,LN-1214-0,SYN-11214,3,2026-09-21,11081.41,1108141,11081.41,1108141,2026-09-21,TX-143915,0,on_time,21431387,320571
RP-1214-2-0,LN-1214-0,SYN-11214,4,2026-10-21,11081.41,1108141,11081.41,1108141,2026-10-21,TX-143924,0,on_time,20643817,308790
RP-1215-0-0,LN-1215-0,SYN-11215,2,2026-08-20,9309.77,930977,9309.77,930977,2026-08-20,TX-143937,0,on_time,25594573,393325
RP-1215-1-0,LN-1215-0,SYN-11215,3,2026-09-20,9309.77,930977,9309.77,930977,2026-09-20,TX-143948,0,on_time,25056921,385062
RP-1215-2-0,LN-1215-0,SYN-11215,4,2026-10-20,9309.77,930977,9309.77,930977,2026-10-20,TX-143959,0,on_time,24511006,376673
RP-1216-0-0,LN-1216-0,SYN-11216,2,2026-08-21,15811.09,1581109,15811.09,1581109,2026-08-21,TX-143975,0,on_time,47829331,465172
RP-1216-1-0,LN-1216-0,SYN-11216,3,2026-09-21,15811.09,1581109,15811.09,1581109,2026-10-03,TX-143990,12,late,46713394,454319
RP-1216-2-0,LN-1216-0,SYN-11216,4,2026-10-21,15811.09,1581109,15811.09,1581109,2026-10-24,TX-143995;TX-143996,3,late,45586604,443360
RP-1217-0-0,LN-1217-0,SYN-11217,2,2026-08-22,26087.41,2608741,26087.41,2608741,2026-08-31,TX-144009;TX-144010;TX-144013,9,late,78720566,776887
RP-1217-1-0,LN-1217-0,SYN-11217,3,2026-09-22,26087.41,2608741,26087.41,2608741,2026-10-01,TX-144023;TX-144027,9,late,76888712,758808
RP-1217-2-0,LN-1217-0,SYN-11217,4,2026-10-22,26087.41,2608741,10484.05,1048405,2026-10-31,TX-144039;TX-144040,9,partial,75038779,740551
RP-1218-0-0,LN-1218-0,SYN-11218,2,2026-08-26,14856.47,1485647,14856.47,1485647,2026-08-29,TX-144053,3,late,29914555,435227
RP-1218-1-0,LN-1218-0,SYN-11218,3,2026-09-26,14856.47,1485647,14856.47,1485647,2026-09-26,TX-144061,0,on_time,28864135,419944
RP-1218-2-0,LN-1218-0,SYN-11218,4,2026-10-26,14856.47,1485647,14856.47,1485647,2026-10-26,TX-144070,0,on_time,27798432,404439
RP-1219-0-0,LN-1219-0,SYN-11219,2,2026-08-25,13356.98,1335698,13356.98,1335698,2026-08-28,TX-144085,3,late,28362316,284668
RP-1219-1-0,LN-1219-0,SYN-11219,3,2026-09-25,13356.98,1335698,13356.98,1335698,2026-10-28,TX-144098;TX-144111,33,late,27311286,274119
RP-1219-2-0,LN-1219-0,SYN-11219,4,2026-10-25,13356.98,1335698,1179.7,117970,2026-10-28,TX-144112,3,partial,26980051,270794
RP-1221-0-0,LN-1221-0,SYN-11221,2,2026-08-24,31386.22,3138622,31386.22,3138622,2026-08-24,TX-144153,0,on_time,34357940,495539
RP-1221-0-1,LN-1221-1,SYN-11221,2,2026-08-24,62529.6,6252960,62529.6,6252960,2026-08-24,TX-144154,0,on_time,69662819,809430
RP-1221-1-0,LN-1221-0,SYN-11221,3,2026-09-24,31386.22,3138622,31386.22,3138622,2026-10-03,TX-144166;TX-144173,9,late,31714857,457418
RP-1221-1-1,LN-1221-1,SYN-11221,3,2026-09-24,62529.6,6252960,62529.6,6252960,2026-10-03,TX-144167;TX-144174,9,late,64219289,746180
RP-1221-2-0,LN-1221-0,SYN-11221,4,2026-10-24,31386.22,3138622,31386.22,3138622,2026-11-02,TX-144184,9,late,29033653,418748
RP-1221-2-1,LN-1221-1,SYN-11221,4,2026-10-24,62529.6,6252960,49623.93,4962393,2026-11-02,TX-144185,9,partial,58712509,682195
RP-1222-0-0,LN-1222-0,SYN-11222,2,2026-08-23,23713.67,2371367,23713.67,2371367,2026-08-23,TX-144195,0,on_time,65360320,994403
RP-1222-1-0,LN-1222-0,SYN-11222,3,2026-09-23,23713.67,2371367,23713.67,2371367,2026-09-23,TX-144206,0,on_time,63983356,973453
RP-1222-2-0,LN-1222-0,SYN-11222,4,2026-10-23,23713.67,2371367,23713.67,2371367,2026-10-23,TX-144215,0,on_time,62585442,952185
RP-1223-0-0,LN-1223-0,SYN-11223,2,2026-08-26,9911.91,991191,9911.91,991191,2026-08-26,TX-144228,0,on_time,28587496,357677
RP-1223-1-0,LN-1223-0,SYN-11223,3,2026-09-26,9911.91,991191,9911.91,991191,2026-09-26,TX-144237,0,on_time,27953982,349751
RP-1223-2-0,LN-1223-0,SYN-11223,4,2026-10-26,9911.91,991191,9911.91,991191,2026-10-26,TX-144246,0,on_time,27312542,341725
RP-1224-0-0,LN-1224-0,SYN-11224,2,2026-08-25,41408.06,4140806,41408.06,4140806,2026-08-25,TX-144258,0,on_time,45250185,665212
RP-1224-1-0,LN-1224-0,SYN-11224,3,2026-09-25,41408.06,4140806,41408.06,4140806,2026-09-25,TX-144268,0,on_time,41774591,614118
RP-1224-2-0,LN-1224-0,SYN-11224,4,2026-10-25,41408.06,4140806,41408.06,4140806,2026-10-25,TX-144278,0,on_time,38247903,562273
RP-1225-0-0,LN-1225-0,SYN-11225,2,2026-08-28,24255.79,2425579,24255.79,2425579,2026-08-28,TX-144293,0,on_time,26468135,395235
RP-1225-1-0,LN-1225-0,SYN-11225,3,2026-09-28,24255.79,2425579,24255.79,2425579,2026-10-01,TX-144303;TX-144305,3,late,24437791,364917
RP-1225-2-0,LN-1225-0,SYN-11225,4,2026-10-28,24255.79,2425579,24255.79,2425579,2026-11-03,TX-144315,6,late,22377129,334146
RP-1226-0-0,LN-1226-0,SYN-11226,2,2026-08-28,11397.28,1139728,11397.28,1139728,2026-08-28,TX-144327,0,on_time,32946898,407773
RP-1226-1-0,LN-1226-0,SYN-11226,3,2026-09-28,11397.28,1139728,11397.28,1139728,2026-09-28,TX-144338,0,on_time,32214943,398714
RP-1226-2-0,LN-1226-0,SYN-11226,4,2026-10-28,11397.28,1139728,11397.28,1139728,2026-10-31,TX-144349;TX-144350,3,late,31473929,389542
RP-1227-0-0,LN-1227-0,SYN-11227,2,2026-08-20,47788.83,4778883,47788.83,4778883,2026-08-20,TX-144359,0,on_time,97147642,1334023
RP-1227-1-0,LN-1227-0,SYN-11227,3,2026-09-20,47788.83,4778883,47788.83,4778883,2026-09-20,TX-144369,0,on_time,93702782,1286719
RP-1227-2-0,LN-1227-0,SYN-11227,4,2026-10-20,47788.83,4778883,47788.83,4778883,2026-10-29,TX-144379;TX-144385,9,late,90210618,1238765
RP-1228-0-0,LN-1228-0,SYN-11228,2,2026-08-24,16186.06,1618606,16186.06,1618606,2026-08-24,TX-144395,0,on_time,34364105,345368
RP-1228-1-0,LN-1228-0,SYN-11228,3,2026-09-24,16186.06,1618606,16186.06,1618606,2026-09-24,TX-144408,0,on_time,33090867,332571
RP-1228-2-0,LN-1228-0,SYN-11228,4,2026-10-24,16186.06,1618606,16186.06,1618606,2026-10-24,TX-144418,0,on_time,31804832,319647
RP-1229-0-0,LN-1229-0,SYN-11229,2,2026-08-23,3495.44,349544,3495.44,349544,2026-08-23,TX-144431,0,on_time,10334628,114256
RP-1229-1-0,LN-1229-0,SYN-11229,3,2026-09-23,3495.44,349544,3495.44,349544,2026-09-23,TX-144441,0,on_time,10099340,111655
RP-1229-2-0,LN-1229-0,SYN-11229,4,2026-10-23,3495.44,349544,3495.44,349544,2026-10-23,TX-144451,0,on_time,9861451,109025
RP-1231-0-0,LN-1231-0,SYN-11231,2,2026-08-24,31447.58,3144758,31447.58,3144758,2026-08-24,TX-144491,0,on_time,62905483,950921
RP-1231-0-1,LN-1231-1,SYN-11231,2,2026-08-24,62847.64,6284764,62847.64,6284764,2026-08-24,TX-144492,0,on_time,69082917,950690
RP-1231-1-0,LN-1231-0,SYN-11231,3,2026-09-24,31447.58,3144758,31447.58,3144758,2026-10-03,TX-144504;TX-144510,9,late,60711646,917758
RP-1231-1-1,LN-1231-1,SYN-11231,3,2026-09-24,62847.64,6284764,62847.64,6284764,2026-10-03,TX-144505;TX-144511,9,late,63748843,877285
RP-1231-2-0,LN-1231-0,SYN-11231,4,2026-10-24,31447.58,3144758,31447.58,3144758,2026-11-02,TX-144520,9,late,58484646,884093
RP-1231-2-1,LN-1231-1,SYN-11231,4,2026-10-24,62847.64,6284764,55461.46,5546146,2026-11-02,TX-144521,9,partial,58341364,802870
RP-1232-0-0,LN-1232-0,SYN-11232,2,2026-08-20,9671.98,967198,9671.98,967198,2026-08-29,TX-144535,9,late,27674121,359279
RP-1232-1-0,LN-1232-0,SYN-11232,3,2026-09-20,9671.98,967198,9671.98,967198,2026-09-29,TX-144547,9,late,27066202,351387
RP-1232-2-0,LN-1232-0,SYN-11232,4,2026-10-20,9671.98,967198,9671.98,967198,2026-10-29,TX-144559,9,late,26450391,343392
RP-1233-0-0,LN-1233-0,SYN-11233,2,2026-08-25,28037.69,2803769,28037.69,2803769,2026-08-25,TX-144569,0,on_time,60494127,526248
RP-1233-1-0,LN-1233-0,SYN-11233,3,2026-09-25,28037.69,2803769,28037.69,2803769,2026-10-01,TX-144584,6,late,58216606,506436
RP-1233-2-0,LN-1233-0,SYN-11233,4,2026-10-25,28037.69,2803769,28037.69,2803769,2026-11-03,TX-144591;TX-144597,9,late,55919273,486451
RP-1234-0-0,LN-1234-0,SYN-11234,2,2026-08-26,75535.61,7553561,75535.61,7553561,2026-08-26,TX-144609,0,on_time,82717646,1188191
RP-1234-1-0,LN-1234-0,SYN-11234,3,2026-09-26,75535.61,7553561,75535.61,7553561,2026-10-02,TX-144628,6,late,76352276,1096756
RP-1234-2-0,LN-1234-0,SYN-11234,4,2026-10-26,75535.61,7553561,75535.61,7553561,2026-11-01,TX-144641,6,late,69895471,1004008
RP-1235-0-0,LN-1235-0,SYN-11235,2,2026-08-21,36791.87,3679187,36791.87,3679187,2026-08-30,TX-144654,9,late,77965050,795880
RP-1235-1-0,LN-1235-0,SYN-11235,3,2026-09-21,36791.87,3679187,36791.87,3679187,2026-09-24,TX-144663,3,late,75081743,766447
RP-1235-2-0,LN-1235-0,SYN-11235,4,2026-10-21,36791.87,3679187,36791.87,3679187,2026-10-27,TX-144676,6,late,72169003,736713
RP-1236-0-0,LN-1236-0,SYN-11236,2,2026-08-25,29900.4,2990040,29900.4,2990040,2026-09-03,TX-144689;TX-144694,9,late,60462854,857630
RP-1236-1-0,LN-1236-0,SYN-11236,3,2026-09-25,29900.4,2990040,29900.4,2990040,2026-10-01,TX-144706,6,late,58330444,827383
RP-1236-2-0,LN-1236-0,SYN-11236,4,2026-10-25,29900.4,2990040,29900.4,2990040,2026-11-03,TX-144719,9,late,56167787,796707
RP-1237-0-0,LN-1237-0,SYN-11237,2,2026-08-20,12095.26,1209526,12095.26,1209526,2026-08-20,TX-144726,0,on_time,24826721,320426
RP-1237-1-0,LN-1237-0,SYN-11237,3,2026-09-20,12095.26,1209526,12095.26,1209526,2026-09-20,TX-144739,0,on_time,23937621,308951
RP-1237-2-0,LN-1237-0,SYN-11237,4,2026-10-20,12095.26,1209526,12095.26,1209526,2026-10-20,TX-144748,0,on_time,23037046,297328
RP-1238-0-0,LN-1238-0,SYN-11238,2,2026-08-21,17683.94,1768394,17683.94,1768394,2026-08-21,TX-144762,0,on_time,50971273,639622
RP-1238-1-0,LN-1238-0,SYN-11238,3,2026-09-21,17683.94,1768394,17683.94,1768394,2026-09-21,TX-144771,0,on_time,49842501,625457
RP-1238-2-0,LN-1238-0,SYN-11238,4,2026-10-21,17683.94,1768394,17683.94,1768394,2026-10-21,TX-144780,0,on_time,48699564,611115
RP-1239-0-0,LN-1239-0,SYN-11239,2,2026-08-21,4790.65,479065,4790.65,479065,2026-08-30,TX-144795,9,late,9733969,134069
RP-1239-1-0,LN-1239-0,SYN-11239,3,2026-09-21,4790.65,479065,4790.65,479065,2026-09-30,TX-144808,9,late,9388973,129317
RP-1239-2-0,LN-1239-0,SYN-11239,4,2026-10-21,4790.65,479065,4790.65,479065,2026-10-30,TX-144819,9,late,9039225,124500
RP-1241-0-0,LN-1241-0,SYN-11241,2,2026-08-26,8987.9,898790,8987.9,898790,2026-08-26,TX-144862,0,on_time,18957921,200932
RP-1241-0-1,LN-1241-1,SYN-11241,2,2026-08-26,23831.74,2383174,23831.74,2383174,2026-08-26,TX-144863,0,on_time,26404658,329942
RP-1241-1-0,LN-1241-0,SYN-11241,3,2026-09-26,8987.9,898790,8987.9,898790,2026-09-26,TX-144875,0,on_time,18260063,193535
RP-1241-1-1,LN-1241-1,SYN-11241,3,2026-09-26,23831.74,2383174,23831.74,2383174,2026-09-29,TX-144876;TX-144878,3,late,24351426,304285
RP-1241-2-0,LN-1241-0,SYN-11241,4,2026-10-26,8987.9,898790,8987.9,898790,2026-10-29,TX-144890,3,late,17554808,186060
RP-1241-2-1,LN-1241-1,SYN-11241,4,2026-10-26,23831.74,2383174,23831.74,2383174,2026-10-29,TX-144891,3,late,22272537,278308
RP-1242-0-0,LN-1242-0,SYN-11242,2,2026-08-25,25894.34,2589434,25894.34,2589434,2026-08-25,TX-144903,0,on_time,28448589,393864
RP-1242-1-0,LN-1242-0,SYN-11242,3,2026-09-25,25894.34,2589434,25894.34,2589434,2026-09-25,TX-144913,0,on_time,26253019,363466
RP-1242-2-0,LN-1242-0,SYN-11242,4,2026-10-25,25894.34,2589434,25894.34,2589434,2026-10-25,TX-144923,0,on_time,24027051,332649
RP-1243-0-0,LN-1243-0,SYN-11243,2,2026-08-22,20165.31,2016531,20165.31,2016531,2026-08-22,TX-144938,0,on_time,54409566,897785
RP-1243-1-0,LN-1243-0,SYN-11243,3,2026-09-22,20165.31,2016531,20165.31,2016531,2026-10-07,TX-144957,15,late,53290820,879325
RP-1243-2-0,LN-1243-0,SYN-11243,4,2026-10-22,20165.31,2016531,0,0,,,0,missed,52153614,860561
RP-1244-0-0,LN-1244-0,SYN-11244,2,2026-08-25,10189.32,1018932,10189.32,1018932,2026-08-31,TX-144979,6,late,20393407,307298
RP-1244-1-0,LN-1244-0,SYN-11244,3,2026-09-25,10189.32,1018932,10189.32,1018932,2026-09-28,TX-144988,3,late,19681773,296575
RP-1244-2-0,LN-1244-0,SYN-11244,4,2026-10-25,10189.32,1018932,10189.32,1018932,2026-10-31,TX-144997,6,late,18959416,285690
RP-1245-0-0,LN-1245-0,SYN-11245,2,2026-08-22,62755.29,6275529,62755.29,6275529,2026-08-22,TX-145006,0,on_time,71288975,608576
RP-1245-1-0,LN-1245-0,SYN-11245,3,2026-09-22,62755.29,6275529,62755.29,6275529,2026-09-28,TX-145020;TX-145021;TX-145024,6,late,65622022,560199
RP-1245-2-0,LN-1245-0,SYN-11245,4,2026-10-22,62755.29,6275529,62755.29,6275529,2026-10-28,TX-145034,6,late,59906692,511408
RP-1246-0-0,LN-1246-0,SYN-11246,2,2026-08-21,21578.83,2157883,21578.83,2157883,2026-08-21,TX-145046,0,on_time,58213202,961173
RP-1246-1-0,LN-1246-0,SYN-11246,3,2026-09-21,21578.83,2157883,21578.83,2157883,2026-09-21,TX-145056,0,on_time,57016492,941414
RP-1246-2-0,LN-1246-0,SYN-11246,4,2026-10-21,21578.83,2157883,21578.83,2157883,2026-11-02,TX-145066;TX-145070,12,late,55800023,921328
RP-1247-0-0,LN-1247-0,SYN-11247,2,2026-08-28,17291.52,1729152,17291.52,1729152,2026-08-31,TX-145082,3,late,35607900,449734
RP-1247-1-0,LN-1247-0,SYN-11247,3,2026-09-28,17291.52,1729152,17291.52,1729152,2026-09-28,TX-145092,0,on_time,34328482,433574
RP-1247-2-0,LN-1247-0,SYN-11247,4,2026-10-28,17291.52,1729152,5606.75,560675,2026-10-28,TX-145102,0,partial,33032904,417211
RP-1248-0-0,LN-1248-0,SYN-11248,2,2026-08-22,14028.98,1402898,14028.98,1402898,2026-08-22,TX-145116,0,on_time,28673497,380490
RP-1248-1-0,LN-1248-0,SYN-11248,3,2026-09-22,14028.98,1402898,14028.98,1402898,2026-09-22,TX-145128,0,on_time,27651089,366923
RP-1248-2-0,LN-1248-0,SYN-11248,4,2026-10-22,14028.98,1402898,14028.98,1402898,2026-10-22,TX-145138,0,on_time,26615114,353176
RP-1249-0-0,LN-1249-0,SYN-11249,2,2026-08-20,31293.88,3129388,31293.88,3129388,2026-08-20,TX-145150,0,on_time,62412585,959437
RP-1249-1-0,LN-1249-0,SYN-11249,3,2026-09-20,31293.88,3129388,31293.88,3129388,2026-09-23,TX-145163,3,late,60242634,926080
RP-1249-2-0,LN-1249-0,SYN-11249,4,2026-10-20,31293.88,3129388,31293.88,3129388,2026-10-20,TX-145172,0,on_time,58039326,892210
RP-1251-0-0,LN-1251-0,SYN-11251,2,2026-08-22,24481.3,2448130,24481.3,2448130,2026-08-22,TX-145217,0,on_time,66254595,1081098
RP-1251-0-1,LN-1251-1,SYN-11251,2,2026-08-22,24420.25,2442025,24420.25,2442025,2026-08-22,TX-145218,0,on_time,27384065,289828
RP-1251-1-0,LN-1251-0,SYN-11251,3,2026-09-22,24481.3,2448130,24481.3,2448130,2026-09-22,TX-145228,0,on_time,64887563,1058792
RP-1251-1-1,LN-1251-1,SYN-11251,3,2026-09-22,24420.25,2442025,24420.25,2442025,2026-09-22,TX-145229,0,on_time,25231868,267050
RP-1251-2-0,LN-1251-0,SYN-11251,4,2026-10-22,24481.3,2448130,24481.3,2448130,2026-10-22,TX-145239,0,on_time,63498225,1036122
RP-1251-2-1,LN-1251-1,SYN-11251,4,2026-10-22,24420.25,2442025,24420.25,2442025,2026-10-22,TX-145240,0,on_time,23056893,244030
RP-1252-0-0,LN-1252-0,SYN-11252,2,2026-08-21,36819.45,3681945,36819.45,3681945,2026-08-21,TX-145255,0,on_time,76591634,901611
RP-1252-1-0,LN-1252-0,SYN-11252,3,2026-09-21,36819.45,3681945,36819.45,3681945,2026-09-21,TX-145265,0,on_time,73811300,868882
RP-1252-2-0,LN-1252-0,SYN-11252,4,2026-10-21,36819.45,3681945,36819.45,3681945,2026-10-21,TX-145275,0,on_time,70998237,835768
RP-1253-0-0,LN-1253-0,SYN-11253,2,2026-08-24,12938.52,1293852,12938.52,1293852,2026-08-24,TX-145290,0,on_time,27669272,261251
RP-1253-1-0,LN-1253-0,SYN-11253,3,2026-09-24,12938.52,1293852,12938.52,1293852,2026-09-24,TX-145300,0,on_time,26636671,251501
RP-1253-2-0,LN-1253-0,SYN-11253,4,2026-10-24,12938.52,1293852,12938.52,1293852,2026-10-24,TX-145310,0,on_time,25594320,241659
RP-1254-0-0,LN-1254-0,SYN-11254,2,2026-08-21,39650.13,3965013,39650.13,3965013,2026-08-21,TX-145323,0,on_time,44156126,515795
RP-1254-1-0,LN-1254-0,SYN-11254,3,2026-09-21,39650.13,3965013,39650.13,3965013,2026-10-03,TX-145340,12,late,40706908,475504
RP-1254-2-0,LN-1254-0,SYN-11254,4,2026-10-21,39650.13,3965013,39650.13,3965013,2026-11-02,TX-145351,12,late,37217399,434743
RP-1255-0-0,LN-1255-0,SYN-11255,2,2026-08-22,61430.46,6143046,61430.46,6143046,2026-08-22,TX-145361,0,on_time,68741740,750425
RP-1255-1-0,LN-1255-0,SYN-11255,3,2026-09-22,61430.46,6143046,61430.46,6143046,2026-09-22,TX-145370,0,on_time,63349119,691556
RP-1255-2-0,LN-1255-0,SYN-11255,4,2026-10-22,61430.46,6143046,61430.46,6143046,2026-10-22,TX-145379,0,on_time,57897629,632044
RP-1256-0-0,LN-1256-0,SYN-11256,2,2026-08-25,21675.65,2167565,21675.65,2167565,2026-08-25,TX-145392,0,on_time,46090980,457165
RP-1256-1-0,LN-1256-0,SYN-11256,3,2026-09-25,21675.65,2167565,21675.65,2167565,2026-09-25,TX-145404,0,on_time,44380580,440200
RP-1256-2-0,LN-1256-0,SYN-11256,4,2026-10-25,21675.65,2167565,0,0,,,0,missed,42653215,423067
RP-1257-0-0,LN-1257-0,SYN-11257,2,2026-08-26,46861.8,4686180,46861.8,4686180,2026-08-26,TX-145430,0,on_time,51523072,707120
RP-1257-1-0,LN-1257-0,SYN-11257,3,2026-09-26,46861.8,4686180,46861.8,4686180,2026-09-26,TX-145442,0,on_time,47544012,652510
RP-1257-2-0,LN-1257-0,SYN-11257,4,2026-10-26,46861.8,4686180,46861.8,4686180,2026-10-26,TX-145452,0,on_time,43510342,597150
RP-1258-0-0,LN-1258-0,SYN-11258,2,2026-08-21,13663.72,1366372,13663.72,1366372,2026-08-21,TX-145463,0,on_time,27846365,376388
RP-1258-1-0,LN-1258-0,SYN-11258,3,2026-09-21,13663.72,1366372,13663.72,1366372,2026-09-21,TX-145475,0,on_time,26856381,363007
RP-1258-2-0,LN-1258-0,SYN-11258,4,2026-10-21,13663.72,1366372,13663.72,1366372,2026-10-21,TX-145485,0,on_time,25853016,349444
RP-1259-0-0,LN-1259-0,SYN-11259,2,2026-08-27,29218.33,2921833,29218.33,2921833,2026-08-27,TX-145500,0,on_time,31614354,515151
RP-1259-1-0,LN-1259-0,SYN-11259,3,2026-09-27,29218.33,2921833,29218.33,2921833,2026-09-27,TX-145509,0,on_time,29207672,475934
RP-1259-2-0,LN-1259-0,SYN-11259,4,2026-10-27,29218.33,2921833,29218.33,2921833,2026-10-27,TX-145518,0,on_time,26761773,436079
RP-1261-0-0,LN-1261-0,SYN-11261,2,2026-08-22,22870.48,2287048,22870.48,2287048,2026-08-22,TX-145563,0,on_time,70471603,610525
RP-1261-0-1,LN-1261-1,SYN-11261,2,2026-08-22,9895.57,989557,9895.57,989557,2026-08-22,TX-145564,0,on_time,29422272,315635
RP-1261-1-0,LN-1261-0,SYN-11261,3,2026-09-22,22870.48,2287048,22870.48,2287048,2026-10-01,TX-145575;TX-145581,9,late,68795080,596000
RP-1261-1-1,LN-1261-1,SYN-11261,3,2026-09-22,9895.57,989557,9895.57,989557,2026-09-25,TX-145576;TX-145577,3,late,28748350,308405
RP-1261-2-0,LN-1261-0,SYN-11261,4,2026-10-22,22870.48,2287048,22870.48,2287048,2026-11-03,TX-145588;TX-145592,12,late,67104032,581350
RP-1261-2-1,LN-1261-1,SYN-11261,4,2026-10-22,9895.57,989557,9895.57,989557,2026-11-03,TX-145593,12,late,28067198,301098
RP-1262-0-0,LN-1262-0,SYN-11262,2,2026-08-22,12241.93,1224193,12241.93,1224193,2026-08-25,TX-145603,3,late,13378503,196565
RP-1262-1-0,LN-1262-0,SYN-11262,3,2026-09-22,12241.93,1224193,12241.93,1224193,2026-09-25,TX-145615,3,late,12350875,181466
RP-1262-2-0,LN-1262-0,SYN-11262,4,2026-10-22,12241.93,1224193,12241.93,1224193,2026-10-25,TX-145625,3,late,11308148,166146
RP-1263-0-0,LN-1263-0,SYN-11263,2,2026-08-26,22807.77,2280777,22807.77,2280777,2026-08-26,TX-145637,0,on_time,62853728,956854
RP-1263-1-0,LN-1263-0,SYN-11263,3,2026-09-26,22807.77,2280777,22807.77,2280777,2026-09-26,TX-145647,0,on_time,61529805,936699
RP-1263-2-0,LN-1263-0,SYN-11263,4,2026-10-26,22807.77,2280777,22807.77,2280777,2026-10-26,TX-145656,0,on_time,60185727,916237
RP-1264-0-0,LN-1264-0,SYN-11264,2,2026-08-21,55755.58,5575558,55755.58,5575558,2026-08-30,TX-145672,9,late,60635173,938440
RP-1264-1-0,LN-1264-0,SYN-11264,3,2026-09-21,55755.58,5575558,55755.58,5575558,2026-09-30,TX-145683,9,late,55998055,866673
RP-1264-2-0,LN-1264-0,SYN-11264,4,2026-10-21,55755.58,5575558,55755.58,5575558,2026-10-30,TX-145695,9,late,51289170,793794
RP-1265-0-0,LN-1265-0,SYN-11265,2,2026-08-27,18471.37,1847137,18471.37,1847137,2026-08-27,TX-145708,0,on_time,36960821,557690
RP-1265-1-0,LN-1265-0,SYN-11265,3,2026-09-27,18471.37,1847137,18471.37,1847137,2026-09-27,TX-145721,0,on_time,35671374,538233
RP-1265-2-0,LN-1265-0,SYN-11265,4,2026-10-27,18471.37,1847137,18471.37,1847137,2026-10-27,TX-145732,0,on_time,34362470,518484
RP-1266-0-0,LN-1266-0,SYN-11266,2,2026-08-23,19681.72,1968172,19681.72,1968172,2026-08-23,TX-145746,0,on_time,55982938,746402
RP-1266-1-0,LN-1266-0,SYN-11266,3,2026-09-23,19681.72,1968172,19681.72,1968172,2026-09-23,TX-145757,0,on_time,54761168,730112
RP-1266-2-0,LN-1266-0,SYN-11266,4,2026-10-23,19681.72,1968172,14713.43,1471343,2026-10-23,TX-145768,0,partial,53523108,713606
RP-1267-0-0,LN-1267-0,SYN-11267,2,2026-08-20,24310.45,2431045,24310.45,2431045,2026-08-20,TX-145780,0,on_time,52631461,442872
RP-1267-1-0,LN-1267-0,SYN-11267,3,2026-09-20,24310.45,2431045,24310.45,2431045,2026-10-02,TX-145793;TX-145798,12,late,50643288,426142
RP-1267-2-0,LN-1267-0,SYN-11267,4,2026-10-20,24310.45,2431045,24310.45,2431045,2026-11-01,TX-145804;TX-145809,12,late,48638385,409272
RP-1268-0-0,LN-1268-0,SYN-11268,2,2026-08-24,10397.89,1039789,10397.89,1039789,2026-08-24,TX-145819,0,on_time,21038326,297361
RP-1268-1-0,LN-1268-0,SYN-11268,3,2026-09-24,10397.89,1039789,10397.89,1039789,2026-09-24,TX-145830,0,on_time,20295898,286867
RP-1268-2-0,LN-1268-0,SYN-11268,4,2026-10-24,10397.89,1039789,10397.89,1039789,2026-10-24,TX-145841,0,on_time,19542976,276225
RP-1269-0-0,LN-1269-0,SYN-11269,2,2026-08-26,28315.47,2831547,28315.47,2831547,2026-08-26,TX-145856,0,on_time,77645428,1205245
RP-1269-1-0,LN-1269-0,SYN-11269,3,2026-09-26,28315.47,2831547,28315.47,2831547,2026-09-26,TX-145865,0,on_time,76019126,1180001
RP-1269-2-0,LN-1269-0,SYN-11269,4,2026-10-26,28315.47,2831547,28315.47,2831547,2026-11-01,TX-145874;TX-145876,6,late,74367580,1154365
RP-1271-0-0,LN-1271-0,SYN-11271,2,2026-08-22,27587.83,2758783,27587.83,2758783,2026-08-22,TX-145914,0,on_time,31087830,304941
RP-1271-0-1,LN-1271-1,SYN-11271,2,2026-08-22,22948.27,2294827,22948.27,2294827,2026-09-03,TX-145915;TX-145921,12,late,25584109,294413
RP-1271-1-0,LN-1271-0,SYN-11271,3,2026-09-22,27587.83,2758783,27587.83,2758783,2026-10-01,TX-145926;TX-145932,9,late,28633988,280871
RP-1271-1-1,LN-1271-1,SYN-11271,3,2026-09-22,22948.27,2294827,22948.27,2294827,2026-11-03,TX-145927;TX-145934;TX-145935;TX-145946,42,late,23583695,271393
RP-1271-2-0,LN-1271-0,SYN-11271,4,2026-10-22,27587.83,2758783,24436.63,2443663,2026-11-03,TX-145947,12,partial,26156076,256565
RP-1271-2-1,LN-1271-1,SYN-11271,4,2026-10-22,22948.27,2294827,1578.37,157837,2026-11-03,TX-145948,12,partial,22664279,260813
RP-1272-0-0,LN-1272-0,SYN-11272,2,2026-08-20,3524.92,352492,3524.92,352492,2026-08-20,TX-145958,0,on_time,7449267,77752
RP-1272-1-0,LN-1272-0,SYN-11272,3,2026-09-20,3524.92,352492,3524.92,352492,2026-09-20,TX-145969,0,on_time,7174527,74885
RP-1272-2-0,LN-1272-0,SYN-11272,4,2026-10-20,3524.92,352492,3524.92,352492,2026-11-01,TX-145985,12,late,6896920,71987
RP-1273-0-0,LN-1273-0,SYN-11273,2,2026-08-23,25378.05,2537805,25378.05,2537805,2026-08-23,TX-145998,0,on_time,28465256,300138
RP-1273-1-0,LN-1273-0,SYN-11273,3,2026-09-23,25378.05,2537805,25378.05,2537805,2026-10-05,TX-146012;TX-146014;TX-146019,12,late,26227589,276544
RP-1273-2-0,LN-1273-0,SYN-11273,4,2026-10-23,25378.05,2537805,0,0,,,0,missed,23966328,252701
RP-1274-0-0,LN-1274-0,SYN-11274,2,2026-08-20,9075.5,907550,9075.5,907550,2026-08-20,TX-146040,0,on_time,19634050,166392
RP-1274-1-0,LN-1274-0,SYN-11274,3,2026-09-20,9075.5,907550,9075.5,907550,2026-10-02,TX-146058,12,late,18892892,160111
RP-1274-2-0,LN-1274-0,SYN-11274,4,2026-10-20,9075.5,907550,9075.5,907550,2026-11-01,TX-146070,12,late,18145453,153777
RP-1275-0-0,LN-1275-0,SYN-11275,2,2026-08-24,13971.27,1397127,13971.27,1397127,2026-08-24,TX-146079,0,on_time,39074035,560292
RP-1275-1-0,LN-1275-0,SYN-11275,3,2026-09-24,13971.27,1397127,13971.27,1397127,2026-09-24,TX-146088,0,on_time,38237200,548293
RP-1275-2-0,LN-1275-0,SYN-11275,4,2026-10-24,13971.27,1397127,13971.27,1397127,2026-10-24,TX-146097,0,on_time,37388366,536121
RP-1276-0-0,LN-1276-0,SYN-11276,2,2026-08-20,29400.9,2940090,29400.9,2940090,2026-08-20,TX-146109,0,on_time,32834427,368856
RP-1276-1-0,LN-1276-0,SYN-11276,3,2026-09-20,29400.9,2940090,29400.9,2940090,2026-10-02,TX-146122;TX-146127,12,late,30263193,339972
RP-1276-2-0,LN-1276-0,SYN-11276,4,2026-10-20,29400.9,2940090,29400.9,2940090,2026-11-01,TX-146133;TX-146138,12,late,27663075,310762
RP-1277-0-0,LN-1277-0,SYN-11277,2,2026-08-22,10899.15,1089915,10899.15,1089915,2026-08-22,TX-146146,0,on_time,22900054,250221
RP-1277-1-0,LN-1277-0,SYN-11277,3,2026-09-22,10899.15,1089915,10899.15,1089915,2026-09-22,TX-146158,0,on_time,22060360,241046
RP-1277-2-0,LN-1277-0,SYN-11277,4,2026-10-22,10899.15,1089915,10899.15,1089915,2026-10-22,TX-146168,0,on_time,21211491,231771
RP-1278-0-0,LN-1278-0,SYN-11278,2,2026-08-27,28374.65,2837465,28374.65,2837465,2026-08-27,TX-146185,0,on_time,32049390,302512
RP-1278-1-0,LN-1278-0,SYN-11278,3,2026-09-27,28374.65,2837465,28374.65,2837465,2026-09-27,TX-146198,0,on_time,29514437,278584
RP-1278-2-0,LN-1278-0,SYN-11278,4,2026-10-27,28374.65,2837465,28374.65,2837465,2026-10-27,TX-146209,0,on_time,26955556,254431
RP-1279-0-0,LN-1279-0,SYN-11279,2,2026-08-25,12964.37,1296437,12964.37,1296437,2026-08-25,TX-146222,0,on_time,35362698,560210
RP-1279-1-0,LN-1279-0,SYN-11279,3,2026-09-25,12964.37,1296437,12964.37,1296437,2026-09-25,TX-146232,0,on_time,34626471,548547
RP-1279-2-0,LN-1279-0,SYN-11279,4,2026-10-25,12964.37,1296437,12964.37,1296437,2026-10-25,TX-146242,0,on_time,33878581,536699
RP-1281-0-0,LN-1281-0,SYN-11281,2,2026-08-23,3306.1,330610,3306.1,330610,2026-08-23,TX-146290,0,on_time,9687640,112180
RP-1281-0-1,LN-1281-1,SYN-11281,2,2026-08-23,10002.38,1000238,10002.38,1000238,2026-08-23,TX-146291,0,on_time,20423899,272703
RP-1281-1-0,LN-1281-0,SYN-11281,3,2026-09-23,3306.1,330610,3306.1,330610,2026-09-23,TX-146304,0,on_time,9469210,109651
RP-1281-1-1,LN-1281-1,SYN-11281,3,2026-09-23,10002.38,1000238,10002.38,1000238,2026-09-23,TX-146305,0,on_time,19696364,262989
RP-1281-2-0,LN-1281-0,SYN-11281,4,2026-10-23,3306.1,330610,3306.1,330610,2026-10-23,TX-146317,0,on_time,9248251,107092
RP-1281-2-1,LN-1281-1,SYN-11281,4,2026-10-23,10002.38,1000238,10002.38,1000238,2026-10-23,TX-146318,0,on_time,18959115,253145
RP-1282-0-0,LN-1282-0,SYN-11282,2,2026-08-28,56422.35,5642235,56422.35,5642235,2026-08-28,TX-146335,0,on_time,62181446,829894
RP-1282-1-0,LN-1282-0,SYN-11282,3,2026-09-28,56422.35,5642235,56422.35,5642235,2026-09-28,TX-146346,0,on_time,57369105,765667
RP-1282-2-0,LN-1282-0,SYN-11282,4,2026-10-28,56422.35,5642235,56422.35,5642235,2026-10-28,TX-146357,0,on_time,52492537,700583
RP-1283-0-0,LN-1283-0,SYN-11283,2,2026-08-27,22973.32,2297332,22973.32,2297332,2026-08-30,TX-146372,3,late,24986138,386344
RP-1283-1-0,LN-1283-0,SYN-11283,3,2026-09-27,22973.32,2297332,22973.32,2297332,2026-09-30,TX-146382,3,late,23075150,356796
RP-1283-2-0,LN-1283-0,SYN-11283,4,2026-10-27,22973.32,2297332,22973.32,2297332,2026-10-30,TX-146395,3,late,21134614,326790
RP-1284-0-0,LN-1284-0,SYN-11284,2,2026-08-24,6565.72,656572,6565.72,656572,2026-08-24,TX-146407,0,on_time,19341400,217963
RP-1284-1-0,LN-1284-0,SYN-11284,3,2026-09-24,6565.72,656572,6565.72,656572,2026-09-24,TX-146420,0,on_time,18902791,213020
RP-1284-2-0,LN-1284-0,SYN-11284,4,2026-10-24,6565.72,656572,6565.72,656572,2026-10-24,TX-146431,0,on_time,18459239,208022
RP-1285-0-0,LN-1285-0,SYN-11285,2,2026-08-25,19659.85,1965985,19659.85,1965985,2026-08-25,TX-146447,0,on_time,21927563,250811
RP-1285-1-0,LN-1285-0,SYN-11285,3,2026-09-25,19659.85,1965985,19659.85,1965985,2026-10-01,TX-146462,6,late,20212389,231193
RP-1285-2-0,LN-1285-0,SYN-11285,4,2026-10-25,19659.85,1965985,19659.85,1965985,2026-11-03,TX-146474,9,late,18477597,211350
RP-1286-0-0,LN-1286-0,SYN-11286,2,2026-08-25,11495.06,1149506,11495.06,1149506,2026-08-25,TX-146484,0,on_time,23573398,306069
RP-1286-1-0,LN-1286-0,SYN-11286,3,2026-09-25,11495.06,1149506,11495.06,1149506,2026-09-25,TX-146499,0,on_time,22729961,295118
RP-1286-2-0,LN-1286-0,SYN-11286,4,2026-10-25,11495.06,1149506,11495.06,1149506,2026-10-25,TX-146509,0,on_time,21875573,284025
RP-1287-0-0,LN-1287-0,SYN-11287,2,2026-08-20,28640.97,2864097,28640.97,2864097,2026-08-20,TX-146520,0,on_time,57135354,877128
RP-1287-1-0,LN-1287-0,SYN-11287,3,2026-09-20,28640.97,2864097,28640.97,2864097,2026-09-20,TX-146531,0,on_time,55148385,846624
RP-1287-2-0,LN-1287-0,SYN-11287,4,2026-10-20,28640.97,2864097,28640.97,2864097,2026-10-20,TX-146540,0,on_time,53130912,815652
RP-1288-0-0,LN-1288-0,SYN-11288,2,2026-08-22,21059.94,2105994,21059.94,2105994,2026-08-22,TX-146552,0,on_time,23181158,313919
RP-1288-1-0,LN-1288-0,SYN-11288,3,2026-09-22,21059.94,2105994,21059.94,2105994,2026-09-22,TX-146561,0,on_time,21389083,289651
RP-1288-2-0,LN-1288-0,SYN-11288,4,2026-10-22,21059.94,2105994,21059.94,2105994,2026-10-22,TX-146570,0,on_time,19572740,265054
RP-1289-0-0,LN-1289-0,SYN-11289,2,2026-08-28,13530.95,1353095,13530.95,1353095,2026-08-28,TX-146585,0,on_time,27928440,347244
RP-1289-1-0,LN-1289-0,SYN-11289,3,2026-09-28,13530.95,1353095,13530.95,1353095,2026-11-03,TX-146597;TX-146610,36,late,26922589,334738
RP-1289-2-0,LN-1289-0,SYN-11289,4,2026-10-28,13530.95,1353095,10218.09,1021809,2026-11-03,TX-146611,6,partial,26859750,333956
RP-1291-0-0,LN-1291-0,SYN-11291,2,2026-08-23,30823.65,3082365,30823.65,3082365,2026-08-23,TX-146660,0,on_time,65681414,639868
RP-1291-0-1,LN-1291-1,SYN-11291,2,2026-08-23,20605.94,2060594,20605.94,2060594,2026-08-23,TX-146661,0,on_time,23130176,241103
RP-1291-1-0,LN-1291-0,SYN-11291,3,2026-09-23,30823.65,3082365,30823.65,3082365,2026-09-23,TX-146670,0,on_time,63238917,616074
RP-1291-1-1,LN-1291-1,SYN-11291,3,2026-09-23,20605.94,2060594,20605.94,2060594,2026-09-23,TX-146671,0,on_time,21310685,222137
RP-1291-2-0,LN-1291-0,SYN-11291,4,2026-10-23,30823.65,3082365,30823.65,3082365,2026-10-23,TX-146680,0,on_time,60772626,592047
RP-1291-2-1,LN-1291-1,SYN-11291,4,2026-10-23,20605.94,2060594,20605.94,2060594,2026-10-26,TX-146682,3,late,19472228,202974
RP-1292-0-0,LN-1292-0,SYN-11292,2,2026-08-26,7243.56,724356,7243.56,724356,2026-09-01,TX-146695,6,late,19504862,324239
RP-1292-1-0,LN-1292-0,SYN-11292,3,2026-09-26,7243.56,724356,7243.56,724356,2026-10-02,TX-146704,6,late,19104745,317588
RP-1292-2-0,LN-1292-0,SYN-11292,4,2026-10-26,7243.56,724356,7243.56,724356,2026-11-04,TX-146714,9,late,18697977,310826
RP-1293-0-0,LN-1293-0,SYN-11293,2,2026-08-24,15366.37,1536637,15366.37,1536637,2026-08-24,TX-146722,0,on_time,42774642,625362
RP-1293-1-0,LN-1293-0,SYN-11293,3,2026-09-24,15366.37,1536637,15366.37,1536637,2026-09-24,TX-146740,0,on_time,41863367,612039
RP-1293-2-0,LN-1293-0,SYN-11293,4,2026-10-24,15366.37,1536637,15366.37,1536637,2026-10-24,TX-146751,0,on_time,40938769,598521
RP-1294-0-0,LN-1294-0,SYN-11294,2,2026-08-24,27991.6,2799160,27991.6,2799160,2026-08-24,TX-146765,0,on_time,60573640,511989
RP-1294-1-0,LN-1294-0,SYN-11294,3,2026-09-24,27991.6,2799160,27991.6,2799160,2026-09-24,TX-146776,0,on_time,58286469,492657
RP-1294-2-0,LN-1294-0,SYN-11294,4,2026-10-24,27991.6,2799160,27991.6,2799160,2026-10-24,TX-146787,0,on_time,55979966,473161
RP-1295-0-0,LN-1295-0,SYN-11295,2,2026-08-21,13958.65,1395865,13958.65,1395865,2026-08-21,TX-146802,0,on_time,27459326,454756
RP-1295-1-0,LN-1295-0,SYN-11295,3,2026-09-21,13958.65,1395865,13958.65,1395865,2026-10-03,TX-146819,12,late,26518217,439170
RP-1295-2-0,LN-1295-0,SYN-11295,4,2026-10-21,13958.65,1395865,13958.65,1395865,2026-11-02,TX-146830,12,late,25561522,423326
RP-1296-0-0,LN-1296-0,SYN-11296,2,2026-08-23,24758.98,2475898,24758.98,2475898,2026-08-23,TX-146841,0,on_time,50715220,663499
RP-1296-1-0,LN-1296-0,SYN-11296,3,2026-09-23,24758.98,2475898,24758.98,2475898,2026-09-23,TX-146851,0,on_time,48902821,639787
RP-1296-2-0,LN-1296-0,SYN-11296,4,2026-10-23,24758.98,2475898,24758.98,2475898,2026-10-23,TX-146861,0,on_time,47066710,615766
RP-1297-0-0,LN-1297-0,SYN-11297,2,2026-08-28,6225.68,622568,6225.68,622568,2026-08-28,TX-146875,0,on_time,17431576,248763
RP-1297-1-0,LN-1297-0,SYN-11297,3,2026-09-28,6225.68,622568,6225.68,622568,2026-09-28,TX-146884,0,on_time,17057771,243429
RP-1297-2-0,LN-1297-0,SYN-11297,4,2026-10-28,6225.68,622568,6225.68,622568,2026-10-28,TX-146893,0,on_time,16678632,238018
RP-1298-0-0,LN-1298-0,SYN-11298,2,2026-08-26,13570.7,1357070,13570.7,1357070,2026-09-01,TX-146908,6,late,28919089,281597
RP-1298-1-0,LN-1298-0,SYN-11298,3,2026-09-26,13570.7,1357070,13570.7,1357070,2026-09-29,TX-146921,3,late,27843616,271125
RP-1298-2-0,LN-1298-0,SYN-11298,4,2026-10-26,13570.7,1357070,13570.7,1357070,2026-10-29,TX-146930,3,late,26757671,260551
RP-1299-0-0,LN-1299-0,SYN-11299,2,2026-08-20,16667.62,1666762,16667.62,1666762,2026-08-20,TX-146941,0,on_time,34872669,393468
RP-1299-1-0,LN-1299-0,SYN-11299,3,2026-09-20,16667.62,1666762,16667.62,1666762,2026-10-02,TX-146958,12,late,33599375,379102
RP-1299-2-0,LN-1299-0,SYN-11299,4,2026-10-20,16667.62,1666762,0,0,,,0,missed,32311715,364573
RP-1301-0-0,LN-1301-0,SYN-11301,2,2026-08-28,7964.7,796470,7964.7,796470,2026-08-28,TX-147009,0,on_time,22878290,291734
RP-1301-0-1,LN-1301-1,SYN-11301,2,2026-08-28,18127.41,1812741,18127.41,1812741,2026-08-28,TX-147010,0,on_time,36891614,503060
RP-1301-1-0,LN-1301-0,SYN-11301,3,2026-09-28,7964.7,796470,7964.7,796470,2026-09-28,TX-147019,0,on_time,22373554,285298
RP-1301-1-1,LN-1301-1,SYN-11301,3,2026-09-28,18127.41,1812741,18127.41,1812741,2026-09-28,TX-147020,0,on_time,35581933,485201
RP-1301-2-0,LN-1301-0,SYN-11301,4,2026-10-28,7964.7,796470,7964.7,796470,2026-10-28,TX-147032,0,on_time,21862382,278780
RP-1301-2-1,LN-1301-1,SYN-11301,4,2026-10-28,18127.41,1812741,18127.41,1812741,2026-10-28,TX-147033,0,on_time,34254393,467099
RP-1302-0-0,LN-1302-0,SYN-11302,2,2026-08-22,9937.98,993798,9937.98,993798,2026-08-25,TX-147043,3,late,27324328,419745
RP-1302-1-0,LN-1302-0,SYN-11302,3,2026-09-22,9937.98,993798,9937.98,993798,2026-09-28,TX-147057,6,late,26750275,410927
RP-1302-2-0,LN-1302-0,SYN-11302,4,2026-10-22,9937.98,993798,9937.98,993798,2026-10-28,TX-147067,6,late,26167404,401973
RP-1303-0-0,LN-1303-0,SYN-11303,2,2026-08-28,17484.72,1748472,17484.72,1748472,2026-08-31,TX-147080,3,late,37067509,377051
RP-1303-1-0,LN-1303-0,SYN-11303,3,2026-09-28,17484.72,1748472,17484.72,1748472,2026-09-28,TX-147091,0,on_time,35696088,363101
RP-1303-2-0,LN-1303-0,SYN-11303,4,2026-10-28,17484.72,1748472,17484.72,1748472,2026-10-28,TX-147100,0,on_time,34310717,349009
RP-1304-0-0,LN-1304-0,SYN-11304,2,2026-08-28,8379.37,837937,8379.37,837937,2026-09-06,TX-147115,9,late,17371729,209489
RP-1304-1-0,LN-1304-0,SYN-11304,3,2026-09-28,8379.37,837937,8379.37,837937,2026-10-04,TX-147123,6,late,16743281,201910
RP-1304-2-0,LN-1304-0,SYN-11304,4,2026-10-28,8379.37,837937,0,0,,,0,missed,16107254,194240
RP-1305-0-0,LN-1305-0,SYN-11305,2,2026-08-23,17155.61,1715561,17155.61,1715561,2026-08-23,TX-147141,0,on_time,47010349,731704
RP-1305-1-0,LN-1305-0,SYN-11305,3,2026-09-23,17155.61,1715561,17155.61,1715561,2026-10-05,TX-147158,12,late,46026492,716391
RP-1305-2-0,LN-1305-0,SYN-11305,4,2026-10-23,17155.61,1715561,17155.61,1715561,2026-10-23,TX-147164,0,on_time,45027322,700839
RP-1306-0-0,LN-1306-0,SYN-11306,2,2026-08-25,7631.9,763190,7631.9,763190,2026-08-31,TX-147182,6,late,8542804,92849
RP-1306-1-0,LN-1306-0,SYN-11306,3,2026-09-25,7631.9,763190,7631.9,763190,2026-09-28,TX-147193,3,late,7872463,85563
RP-1306-2-0,LN-1306-0,SYN-11306,4,2026-10-25,7631.9,763190,7631.9,763190,2026-10-28,TX-147206,3,late,7194836,78198
RP-1307-0-0,LN-1307-0,SYN-11307,2,2026-08-21,24463.37,2446337,24463.37,2446337,2026-09-05,TX-147218;TX-147226,15,late,27051234,346504
RP-1307-1-0,LN-1307-0,SYN-11307,3,2026-09-21,24463.37,2446337,5416.74,541674,2026-11-05,TX-147238;TX-147244,45,partial,24951401,319607
RP-1307-2-0,LN-1307-0,SYN-11307,4,2026-10-21,24463.37,2446337,1458.41,145841,2026-11-05,TX-147245,15,partial,24951401,319607
RP-1308-0-0,LN-1308-0,SYN-11308,2,2026-08-20,20999.97,2099997,20999.97,2099997,2026-08-20,TX-147253,0,on_time,45403501,387122
RP-1308-1-0,LN-1308-0,SYN-11308,3,2026-09-20,20999.97,2099997,20999.97,2099997,2026-09-20,TX-147264,0,on_time,43690626,372517
RP-1308-2-0,LN-1308-0,SYN-11308,4,2026-10-20,20999.97,2099997,20999.97,2099997,2026-10-23,TX-147274,3,late,41963146,357788
RP-1309-0-0,LN-1309-0,SYN-11309,2,2026-08-26,9760.73,976073,9760.73,976073,2026-09-01,TX-147288,6,late,20837009,199796
RP-1309-1-0,LN-1309-0,SYN-11309,3,2026-09-26,9760.73,976073,9760.73,976073,2026-10-02,TX-147301,6,late,20060732,192352
RP-1309-2-0,LN-1309-0,SYN-11309,4,2026-10-26,9760.73,976073,9760.73,976073,2026-11-01,TX-147310,6,late,19277011,184838
RP-1311-0-0,LN-1311-0,SYN-11311,2,2026-08-25,11481.63,1148163,11481.63,1148163,2026-08-25,TX-147350,0,on_time,23541226,306046
RP-1311-0-1,LN-1311-1,SYN-11311,2,2026-08-25,4314.78,431478,4314.78,431478,2026-08-25,TX-147351,0,on_time,12072788,172789
RP-1311-1-0,LN-1311-0,SYN-11311,3,2026-09-25,11481.63,1148163,11481.63,1148163,2026-10-01,TX-147367,6,late,22699109,295098
RP-1311-1-1,LN-1311-1,SYN-11311,3,2026-09-25,4314.78,431478,4314.78,431478,2026-10-01,TX-147368,6,late,11814099,169086
RP-1311-2-0,LN-1311-0,SYN-11311,4,2026-10-25,11481.63,1148163,11481.63,1148163,2026-11-03,TX-147381,9,late,21846044,284008
RP-1311-2-1,LN-1311-1,SYN-11311,4,2026-10-25,4314.78,431478,4314.78,431478,2026-11-03,TX-147382,9,late,11551707,165331
RP-1312-0-0,LN-1312-0,SYN-11312,2,2026-08-22,14376.25,1437625,14376.25,1437625,2026-08-22,TX-147392,0,on_time,16114767,171552
RP-1312-1-0,LN-1312-0,SYN-11312,3,2026-09-22,14376.25,1437625,14376.25,1437625,2026-10-07,TX-147411,15,late,14848694,158074
RP-1312-2-0,LN-1312-0,SYN-11312,4,2026-10-22,14376.25,1437625,0,0,,,0,missed,13569143,144453
RP-1313-0-0,LN-1313-0,SYN-11313,2,2026-08-27,33441.49,3344149,33441.49,3344149,2026-08-27,TX-147431,0,on_time,97751659,1145975
RP-1313-1-0,LN-1313-0,SYN-11313,3,2026-09-27,33441.49,3344149,33441.49,3344149,2026-10-03,TX-147448,6,late,95553485,1120205
RP-1313-2-0,LN-1313-0,SYN-11313,4,2026-10-27,33441.49,3344149,33441.49,3344149,2026-11-02,TX-147460,6,late,93329541,1094133
RP-1314-0-0,LN-1314-0,SYN-11314,2,2026-08-28,20159.14,2015914,20159.14,2015914,2026-08-28,TX-147472,0,on_time,59117926,681817
RP-1314-1-0,LN-1314-0,SYN-11314,3,2026-09-28,20159.14,2015914,20159.14,2015914,2026-09-28,TX-147482,0,on_time,57783829,666431
RP-1314-2-0,LN-1314-0,SYN-11314,4,2026-10-28,20159.14,2015914,20159.14,2015914,2026-10-28,TX-147492,0,on_time,56434346,650867
RP-1315-0-0,LN-1315-0,SYN-11315,2,2026-08-24,39425.72,3942572,39425.72,3942572,2026-08-24,TX-147504,0,on_time,44722072,392004
RP-1315-1-0,LN-1315-0,SYN-11315,3,2026-09-24,39425.72,3942572,39425.72,3942572,2026-10-03,TX-147517;TX-147518;TX-147521,9,late,41171504,360882
RP-1315-2-0,LN-1315-0,SYN-11315,4,2026-10-24,39425.72,3942572,39425.72,3942572,2026-11-02,TX-147528;TX-147531,9,late,37589814,329487
RP-1316-0-0,LN-1316-0,SYN-11316,2,2026-08-24,20321.93,2032193,20321.93,2032193,2026-08-27,TX-147543,3,late,21956947,362853
RP-1316-1-0,LN-1316-0,SYN-11316,3,2026-09-24,20321.93,2032193,20321.93,2032193,2026-09-24,TX-147552,0,on_time,20287607,335266
RP-1316-2-0,LN-1316-0,SYN-11316,4,2026-10-24,20321.93,2032193,20321.93,2032193,2026-10-24,TX-147562,0,on_time,18590680,307223
RP-1317-0-0,LN-1317-0,SYN-11317,2,2026-08-28,7399.58,739958,7399.58,739958,2026-08-28,TX-147577,0,on_time,21877117,241895
RP-1317-1-0,LN-1317-0,SYN-11317,3,2026-09-28,7399.58,739958,7399.58,739958,2026-10-01,TX-147589;TX-147591,3,late,21379054,236388
RP-1317-2-0,LN-1317-0,SYN-11317,4,2026-10-28,7399.58,739958,7399.58,739958,2026-11-03,TX-147603,6,late,20875484,230820
RP-1318-0-0,LN-1318-0,SYN-11318,2,2026-08-22,21276.04,2127604,21276.04,2127604,2026-08-22,TX-147613,0,on_time,59853913,837286
RP-1318-1-0,LN-1318-0,SYN-11318,3,2026-09-22,21276.04,2127604,21276.04,2127604,2026-09-22,TX-147624,0,on_time,58563595,819236
RP-1318-2-0,LN-1318-0,SYN-11318,4,2026-10-22,21276.04,2127604,21276.04,2127604,2026-10-22,TX-147635,0,on_time,57255227,800934
RP-1319-0-0,LN-1319-0,SYN-11319,2,2026-08-26,13556.89,1355689,13556.89,1355689,2026-08-26,TX-147649,0,on_time,26860123,428213
RP-1319-1-0,LN-1319-0,SYN-11319,3,2026-09-26,13556.89,1355689,13556.89,1355689,2026-09-26,TX-147658,0,on_time,25932647,413427
RP-1319-2-0,LN-1319-0,SYN-11319,4,2026-10-26,13556.89,1355689,13556.89,1355689,2026-10-26,TX-147667,0,on_time,24990385,398405
RP-1321-0-0,LN-1321-0,SYN-11321,2,2026-08-21,17287.48,1728748,17287.48,1728748,2026-08-21,TX-147708,0,on_time,36348168,394996
RP-1321-0-1,LN-1321-1,SYN-11321,2,2026-08-21,11713.11,1171311,11713.11,1171311,2026-08-21,TX-147709,0,on_time,33149001,451915
RP-1321-1-0,LN-1321-0,SYN-11321,3,2026-09-21,17287.48,1728748,17287.48,1728748,2026-09-21,TX-147718,0,on_time,35014416,380502
RP-1321-1-1,LN-1321-1,SYN-11321,3,2026-09-21,11713.11,1171311,11713.11,1171311,2026-09-21,TX-147719,0,on_time,32429605,442107
RP-1321-2-0,LN-1321-0,SYN-11321,4,2026-10-21,17287.48,1728748,17287.48,1728748,2026-10-21,TX-147728,0,on_time,33666170,365850
RP-1321-2-1,LN-1321-1,SYN-11321,4,2026-10-21,11713.11,1171311,11713.11,1171311,2026-10-21,TX-147729,0,on_time,31700401,432166
RP-1322-0-0,LN-1322-0,SYN-11322,2,2026-08-21,48719.42,4871942,48719.42,4871942,2026-09-02,TX-147742;TX-147743;TX-147748,12,late,54136662,651359
RP-1322-1-0,LN-1322-0,SYN-11322,3,2026-09-21,48719.42,4871942,48719.42,4871942,2026-11-02,TX-147762;TX-147773,42,late,49916079,600578
RP-1322-2-0,LN-1322-0,SYN-11322,4,2026-10-21,48719.42,4871942,46401.63,4640163,2026-11-02,TX-147774,12,partial,46121892,554927
RP-1323-0-0,LN-1323-0,SYN-11323,2,2026-08-26,14707.48,1470748,14707.48,1470748,2026-08-26,TX-147787,0,on_time,42483533,527713
RP-1323-1-0,LN-1323-0,SYN-11323,3,2026-09-26,14707.48,1470748,14707.48,1470748,2026-09-26,TX-147798,0,on_time,41540498,515999
RP-1323-2-0,LN-1323-0,SYN-11323,4,2026-10-26,14707.48,1470748,14707.48,1470748,2026-11-01,TX-147810,6,late,40585749,504139
RP-1324-0-0,LN-1324-0,SYN-11324,2,2026-08-20,4347.33,434733,4347.33,434733,2026-08-20,TX-147822,0,on_time,13129249,128941
RP-1324-1-0,LN-1324-0,SYN-11324,3,2026-09-20,4347.33,434733,4347.33,434733,2026-10-05,TX-147845,15,late,12823457,125938
RP-1324-2-0,LN-1324-0,SYN-11324,4,2026-10-20,4347.33,434733,4347.33,434733,2026-11-01,TX-147857,12,late,12514662,122905
RP-1325-0-0,LN-1325-0,SYN-11325,2,2026-08-22,29855.64,2985564,29855.64,2985564,2026-08-22,TX-147868,0,on_time,60006843,882451
RP-1325-1-0,LN-1325-0,SYN-11325,3,2026-09-22,29855.64,2985564,29855.64,2985564,2026-09-28,TX-147881;TX-147884,6,late,57903730,851523
RP-1325-2-0,LN-1325-0,SYN-11325,4,2026-10-22,29855.64,2985564,29855.64,2985564,2026-10-28,TX-147893;TX-147896,6,late,55769689,820140
RP-1326-0-0,LN-1326-0,SYN-11326,2,2026-08-20,13669.18,1366918,13669.18,1366918,2026-08-20,TX-147907,0,on_time,42314780,355356
RP-1326-1-0,LN-1326-0,SYN-11326,3,2026-09-20,13669.18,1366918,13669.18,1366918,2026-09-20,TX-147918,0,on_time,41303218,346861
RP-1326-2-0,LN-1326-0,SYN-11326,4,2026-10-20,13669.18,1366918,13669.18,1366918,2026-10-20,TX-147929,0,on_time,40283161,338295
RP-1327-0-0,LN-1327-0,SYN-11327,2,2026-08-27,18305.9,1830590,18305.9,1830590,2026-08-27,TX-147945,0,on_time,51678529,712165
RP-1327-1-0,LN-1327-0,SYN-11327,3,2026-09-27,18305.9,1830590,18305.9,1830590,2026-09-27,TX-147957,0,on_time,50560104,696752
RP-1327-2-0,LN-1327-0,SYN-11327,4,2026-10-27,18305.9,1830590,18305.9,1830590,2026-11-02,TX-147967;TX-147969,6,late,49426266,681127
RP-1328-0-0,LN-1328-0,SYN-11328,2,2026-08-21,78568.2,7856820,78568.2,7856820,2026-08-21,TX-147980,0,on_time,84891591,1402543
RP-1328-1-0,LN-1328-0,SYN-11328,3,2026-09-21,78568.2,7856820,78568.2,7856820,2026-09-21,TX-147992,0,on_time,78437314,1295909
RP-1328-2-0,LN-1328-0,SYN-11328,4,2026-10-21,78568.2,7856820,78568.2,7856820,2026-10-21,TX-148002,0,on_time,71876403,1187512
RP-1329-0-0,LN-1329-0,SYN-11329,2,2026-08-28,4911.18,491118,4911.18,491118,2026-08-28,TX-148016,0,on_time,9889356,143851
RP-1329-1-0,LN-1329-0,SYN-11329,3,2026-09-28,4911.18,491118,4911.18,491118,2026-09-28,TX-148025,0,on_time,9542089,138800
RP-1329-2-0,LN-1329-0,SYN-11329,4,2026-10-28,4911.18,491118,4911.18,491118,2026-10-28,TX-148034,0,on_time,9189771,133675
RP-1331-0-0,LN-1331-0,SYN-11331,2,2026-08-25,16154.0,1615400,16154.0,1615400,2026-08-25,TX-148074,0,on_time,34350236,340674
RP-1331-0-1,LN-1331-1,SYN-11331,2,2026-08-25,11252.38,1125238,11252.38,1125238,2026-08-25,TX-148075,0,on_time,33977142,334026
RP-1331-1-0,LN-1331-0,SYN-11331,3,2026-09-25,16154.0,1615400,16154.0,1615400,2026-09-25,TX-148088,0,on_time,33075510,328032
RP-1331-1-1,LN-1331-1,SYN-11331,3,2026-09-25,11252.38,1125238,11252.38,1125238,2026-09-25,TX-148089,0,on_time,33185930,326248
RP-1331-2-0,LN-1331-0,SYN-11331,4,2026-10-25,16154.0,1615400,16154.0,1615400,2026-10-25,TX-148100,0,on_time,31788142,315264
RP-1331-2-1,LN-1331-1,SYN-11331,4,2026-10-25,11252.38,1125238,11252.38,1125238,2026-10-25,TX-148101,0,on_time,32386940,318393
RP-1332-0-0,LN-1332-0,SYN-11332,2,2026-08-24,25746.29,2574629,25746.29,2574629,2026-08-24,TX-148112,0,on_time,28646502,338711
RP-1332-1-0,LN-1332-0,SYN-11332,3,2026-09-24,25746.29,2574629,25746.29,2574629,2026-09-24,TX-148121,0,on_time,26410584,312274
RP-1332-2-0,LN-1332-0,SYN-11332,4,2026-10-24,25746.29,2574629,25746.29,2574629,2026-11-05,TX-148130;TX-148136,12,late,24148229,285525
RP-1333-0-0,LN-1333-0,SYN-11333,2,2026-08-27,15343.19,1534319,15343.19,1534319,2026-08-30,TX-148147,3,late,17033446,207456
RP-1333-1-0,LN-1333-0,SYN-11333,3,2026-09-27,15343.19,1534319,15343.19,1534319,2026-09-30,TX-148160,3,late,15706583,191296
RP-1333-2-0,LN-1333-0,SYN-11333,4,2026-10-27,15343.19,1534319,15343.19,1534319,2026-10-30,TX-148170,3,late,14363560,174939
RP-1334-0-0,LN-1334-0,SYN-11334,2,2026-08-27,25190.72,2519072,25190.72,2519072,2026-08-27,TX-148181,0,on_time,53990072,499773
RP-1334-1-0,LN-1334-0,SYN-11334,3,2026-09-27,25190.72,2519072,25190.72,2519072,2026-09-27,TX-148192,0,on_time,51970773,481080
RP-1334-2-0,LN-1334-0,SYN-11334,4,2026-10-27,25190.72,2519072,25190.72,2519072,2026-10-27,TX-148201,0,on_time,49932781,462215
RP-1335-0-0,LN-1335-0,SYN-11335,2,2026-08-20,13473.23,1347323,13473.23,1347323,2026-08-20,TX-148212,0,on_time,28133364,322148
RP-1335-1-0,LN-1335-0,SYN-11335,3,2026-09-20,13473.23,1347323,13473.23,1347323,2026-09-20,TX-148225,0,on_time,27108189,310409
RP-1335-2-0,LN-1335-0,SYN-11335,4,2026-10-20,13473.23,1347323,13473.23,1347323,2026-10-20,TX-148236,0,on_time,26071275,298536
RP-1336-0-0,LN-1336-0,SYN-11336,2,2026-08-22,41315.45,4131545,41315.45,4131545,2026-08-22,TX-148252,0,on_time,83123114,1215239
RP-1336-1-0,LN-1336-0,SYN-11336,3,2026-09-22,41315.45,4131545,41315.45,4131545,2026-09-22,TX-148266,0,on_time,80206808,1172603
RP-1336-2-0,LN-1336-0,SYN-11336,4,2026-10-22,41315.45,4131545,41315.45,4131545,2026-10-22,TX-148277,0,on_time,77247866,1129344
RP-1337-0-0,LN-1337-0,SYN-11337,2,2026-08-25,21852.39,2185239,21852.39,2185239,2026-08-25,TX-148291,0,on_time,45076246,562826
RP-1337-1-0,LN-1337-0,SYN-11337,3,2026-09-25,21852.39,2185239,21852.39,2185239,2026-09-25,TX-148301,0,on_time,43453833,542568
RP-1337-2-0,LN-1337-0,SYN-11337,4,2026-10-25,21852.39,2185239,21852.39,2185239,2026-10-25,TX-148311,0,on_time,41811162,522058
RP-1338-0-0,LN-1338-0,SYN-11338,2,2026-08-25,11378.79,1137879,11378.79,1137879,2026-09-03,TX-148326;TX-148330,9,late,22700053,348423
RP-1338-1-0,LN-1338-0,SYN-11338,3,2026-09-25,11378.79,1137879,11378.79,1137879,2026-10-01,TX-148341,6,late,21910597,336306
RP-1338-2-0,LN-1338-0,SYN-11338,4,2026-10-25,11378.79,1137879,11378.79,1137879,2026-11-03,TX-148354,9,late,21109024,324002
RP-1339-0-0,LN-1339-0,SYN-11339,2,2026-08-22,17983.41,1798341,17983.41,1798341,2026-08-25,TX-148364,3,late,55730898,464536
RP-1339-1-0,LN-1339-0,SYN-11339,3,2026-09-22,17983.41,1798341,17983.41,1798341,2026-09-28,TX-148375,6,late,54397093,453418
RP-1339-2-0,LN-1339-0,SYN-11339,4,2026-10-22,17983.41,1798341,17983.41,1798341,2026-10-31,TX-148385,9,late,53052170,442208
RP-1341-0-0,LN-1341-0,SYN-11341,2,2026-08-20,26686.21,2668621,26686.21,2668621,2026-08-29,TX-148423;TX-148429,9,late,80141085,813252
RP-1341-0-1,LN-1341-1,SYN-11341,2,2026-08-20,38678.93,3867893,38678.93,3867893,2026-08-29,TX-148424;TX-148430,9,late,76458881,1234085
RP-1341-1-0,LN-1341-0,SYN-11341,3,2026-09-20,26686.21,2668621,26686.21,2668621,2026-09-29,TX-148438;TX-148444,9,late,78285716,794424
RP-1341-1-1,LN-1341-1,SYN-11341,3,2026-09-20,38678.93,3867893,38678.93,3867893,2026-10-29,TX-148439;TX-148445;TX-148456,39,late,73825073,1191574
RP-1341-2-0,LN-1341-0,SYN-11341,4,2026-10-20,26686.21,2668621,26371.68,2637168,2026-10-29,TX-148457,9,partial,76411519,775405
RP-1341-2-1,LN-1341-1,SYN-11341,4,2026-10-20,38678.93,3867893,4030.02,403002,2026-10-29,TX-148458,9,partial,73176005,1181097
RP-1342-0-0,LN-1342-0,SYN-11342,2,2026-08-24,16704.93,1670493,16704.93,1670493,2026-08-24,TX-148469,0,on_time,49762846,528336
RP-1342-1-0,LN-1342-0,SYN-11342,3,2026-09-24,16704.93,1670493,16704.93,1670493,2026-09-24,TX-148478,0,on_time,48620689,516210
RP-1342-2-0,LN-1342-0,SYN-11342,4,2026-10-24,16704.93,1670493,16704.93,1670493,2026-10-24,TX-148487,0,on_time,47466406,503955
RP-1343-0-0,LN-1343-0,SYN-11343,2,2026-08-26,37926.21,3792621,37926.21,3792621,2026-08-26,TX-148501,0,on_time,40947946,681469
RP-1343-1-0,LN-1343-0,SYN-11343,3,2026-09-26,37926.21,3792621,37926.21,3792621,2026-09-26,TX-148510,0,on_time,37836794,629693
RP-1343-2-0,LN-1343-0,SYN-11343,4,2026-10-26,37926.21,3792621,37926.21,3792621,2026-10-26,TX-148519,0,on_time,34673866,577054
RP-1344-0-0,LN-1344-0,SYN-11344,2,2026-08-25,19801.96,1980196,19801.96,1980196,2026-08-25,TX-148531,0,on_time,55768349,776477
RP-1344-1-0,LN-1344-0,SYN-11344,3,2026-09-25,19801.96,1980196,19801.96,1980196,2026-09-25,TX-148548,0,on_time,54564630,759717
RP-1344-2-0,LN-1344-0,SYN-11344,4,2026-10-25,19801.96,1980196,19801.96,1980196,2026-10-25,TX-148559,0,on_time,53344151,742724
RP-1345-0-0,LN-1345-0,SYN-11345,2,2026-08-21,5643.98,564398,5643.98,564398,2026-08-21,TX-148574,0,on_time,11525603,153794
RP-1345-1-0,LN-1345-0,SYN-11345,3,2026-09-21,5643.98,564398,5643.98,564398,2026-09-21,TX-148585,0,on_time,11114999,148315
RP-1345-2-0,LN-1345-0,SYN-11345,4,2026-10-21,5643.98,564398,5643.98,564398,2026-10-21,TX-148596,0,on_time,10698916,142763
RP-1346-0-0,LN-1346-0,SYN-11346,2,2026-08-25,21695.24,2169524,21695.24,2169524,2026-08-28,TX-148611,3,late,24592107,218335
RP-1346-1-0,LN-1346-0,SYN-11346,3,2026-09-25,21695.24,2169524,21695.24,2169524,2026-09-25,TX-148618,0,on_time,22640918,201012
RP-1346-2-0,LN-1346-0,SYN-11346,4,2026-10-25,21695.24,2169524,21695.24,2169524,2026-10-25,TX-148627,0,on_time,20672406,183535
RP-1347-0-0,LN-1347-0,SYN-11347,2,2026-08-27,12108.51,1210851,12108.51,1210851,2026-08-27,TX-148640,0,on_time,25915762,242893
RP-1347-1-0,LN-1347-0,SYN-11347,3,2026-09-27,12108.51,1210851,12108.51,1210851,2026-09-27,TX-148649,0,on_time,24947804,233821
RP-1347-2-0,LN-1347-0,SYN-11347,4,2026-10-27,12108.51,1210851,12108.51,1210851,2026-10-27,TX-148658,0,on_time,23970774,224664
RP-1348-0-0,LN-1348-0,SYN-11348,2,2026-08-27,22765.3,2276530,22765.3,2276530,2026-08-27,TX-148674,0,on_time,45260703,708047
RP-1348-1-0,LN-1348-0,SYN-11348,3,2026-09-27,22765.3,2276530,22765.3,2276530,2026-09-27,TX-148685,0,on_time,43692220,683510
RP-1348-2-0,LN-1348-0,SYN-11348,4,2026-10-27,22765.3,2276530,22765.3,2276530,2026-11-05,TX-148696;TX-148701,9,late,42099200,658589
RP-1349-0-0,LN-1349-0,SYN-11349,2,2026-08-22,81555.2,8155520,81555.2,8155520,2026-08-22,TX-148711,0,on_time,89054738,1320029
RP-1349-1-0,LN-1349-0,SYN-11349,3,2026-09-22,81555.2,8155520,81555.2,8155520,2026-10-01,TX-148727,9,late,82219247,1218708
RP-1349-2-0,LN-1349-0,SYN-11349,4,2026-10-22,81555.2,8155520,81555.2,8155520,2026-11-03,TX-148739,12,late,75282435,1115886
RP-1351-0-0,LN-1351-0,SYN-11351,2,2026-08-23,14169.85,1416985,14169.85,1416985,2026-08-23,TX-148776,0,on_time,41287651,491750
RP-1351-0-1,LN-1351-1,SYN-11351,2,2026-08-23,87418.42,8741842,87418.42,8741842,2026-08-23,TX-148777,0,on_time,97083472,1176878
RP-1351-1-0,LN-1351-0,SYN-11351,3,2026-09-23,14169.85,1416985,14169.85,1416985,2026-09-23,TX-148786,0,on_time,40362416,480730
RP-1351-1-1,LN-1351-1,SYN-11351,3,2026-09-23,87418.42,8741842,87418.42,8741842,2026-09-23,TX-148787,0,on_time,89518508,1085173
RP-1351-2-0,LN-1351-0,SYN-11351,4,2026-10-23,14169.85,1416985,14169.85,1416985,2026-10-23,TX-148796,0,on_time,39426161,469579
RP-1351-2-1,LN-1351-1,SYN-11351,4,2026-10-23,87418.42,8741842,87418.42,8741842,2026-10-23,TX-148797,0,on_time,81861839,992356
RP-1352-0-0,LN-1352-0,SYN-11352,2,2026-08-23,45572.91,4557291,45572.91,4557291,2026-08-23,TX-148810,0,on_time,49683189,749338
RP-1352-1-0,LN-1352-0,SYN-11352,3,2026-09-23,45572.91,4557291,45572.91,4557291,2026-09-23,TX-148820,0,on_time,45875236,691906
RP-1352-2-0,LN-1352-0,SYN-11352,4,2026-10-23,45572.91,4557291,45572.91,4557291,2026-10-23,TX-148830,0,on_time,42009851,633607
RP-1353-0-0,LN-1353-0,SYN-11353,2,2026-08-25,20689.51,2068951,20689.51,2068951,2026-08-25,TX-148844,0,on_time,22528122,344175
RP-1353-1-0,LN-1353-0,SYN-11353,3,2026-09-25,20689.51,2068951,20689.51,2068951,2026-09-25,TX-148854,0,on_time,20803346,317825
RP-1353-2-0,LN-1353-0,SYN-11353,4,2026-10-25,20689.51,2068951,20689.51,2068951,2026-11-03,TX-148864;TX-148868,9,late,19052220,291072
RP-1354-0-0,LN-1354-0,SYN-11354,2,2026-08-24,3304.0,330400,3304.0,330400,2026-08-24,TX-148877,0,on_time,9821905,105472
RP-1354-1-0,LN-1354-0,SYN-11354,3,2026-09-24,3304.0,330400,3304.0,330400,2026-09-24,TX-148887,0,on_time,9596977,103056
RP-1354-2-0,LN-1354-0,SYN-11354,4,2026-10-24,3304.0,330400,3304.0,330400,2026-10-24,TX-148897,0,on_time,9369633,100615
RP-1355-0-0,LN-1355-0,SYN-11355,2,2026-08-23,10263.31,1026331,10263.31,1026331,2026-08-23,TX-148911,0,on_time,28756860,409181
RP-1355-1-0,LN-1355-0,SYN-11355,3,2026-09-23,10263.31,1026331,10263.31,1026331,2026-09-23,TX-148923,0,on_time,28139710,400400
RP-1355-2-0,LN-1355-0,SYN-11355,4,2026-10-23,10263.31,1026331,10263.31,1026331,2026-10-23,TX-148933,0,on_time,27513779,391494
RP-1356-0-0,LN-1356-0,SYN-11356,2,2026-08-25,16908.03,1690803,16908.03,1690803,2026-08-25,TX-148946,0,on_time,49614307,570424
RP-1356-1-0,LN-1356-0,SYN-11356,3,2026-09-25,16908.03,1690803,16908.03,1690803,2026-09-25,TX-148958,0,on_time,48493928,557543
RP-1356-2-0,LN-1356-0,SYN-11356,4,2026-10-25,16908.03,1690803,16908.03,1690803,2026-10-25,TX-148967,0,on_time,47360668,544513
RP-1357-0-0,LN-1357-0,SYN-11357,2,2026-08-27,3830.28,383028,3830.28,383028,2026-08-27,TX-148981,0,on_time,11831061,100850
RP-1357-1-0,LN-1357-0,SYN-11357,3,2026-09-27,3830.28,383028,3830.28,383028,2026-09-27,TX-148991,0,on_time,11548883,98445
RP-1357-2-0,LN-1357-0,SYN-11357,4,2026-10-27,3830.28,383028,3830.28,383028,2026-11-02,TX-149001;TX-149002;TX-149004,6,late,11264300,96019
RP-1358-0-0,LN-1358-0,SYN-11358,2,2026-08-20,5547.29,554729,5547.29,554729,2026-08-23,TX-149016,3,late,16459500,178560
RP-1358-1-0,LN-1358-0,SYN-11358,3,2026-09-20,5547.29,554729,5547.29,554729,2026-09-20,TX-149025,0,on_time,16083331,174479
RP-1358-2-0,LN-1358-0,SYN-11358,4,2026-10-20,5547.29,554729,5547.29,554729,2026-10-20,TX-149036,0,on_time,15703081,170354
RP-1359-0-0,LN-1359-0,SYN-11359,2,2026-08-24,13192.54,1319254,13192.54,1319254,2026-08-24,TX-149053,0,on_time,14841913,149430
RP-1359-1-0,LN-1359-0,SYN-11359,3,2026-09-24,13192.54,1319254,13192.54,1319254,2026-09-27,TX-149068,3,late,13672089,137652
RP-1359-2-0,LN-1359-0,SYN-11359,4,2026-10-24,13192.54,1319254,13192.54,1319254,2026-10-24,TX-149078,0,on_time,12490487,125755
RP-1361-0-0,LN-1361-0,SYN-11361,2,2026-08-28,33043.89,3304389,33043.89,3304389,2026-08-28,TX-149120,0,on_time,36075204,535900
RP-1361-0-1,LN-1361-1,SYN-11361,2,2026-08-28,24650.33,2465033,24650.33,2465033,2026-08-28,TX-149121,0,on_time,75020386,703441
RP-1361-1-0,LN-1361-0,SYN-11361,3,2026-09-28,33043.89,3304389,33043.89,3304389,2026-09-28,TX-149131,0,on_time,33306715,494774
RP-1361-1-1,LN-1361-1,SYN-11361,3,2026-09-28,24650.33,2465033,24650.33,2465033,2026-09-28,TX-149132,0,on_time,73258794,686923
RP-1361-2-0,LN-1361-0,SYN-11361,4,2026-10-28,33043.89,3304389,33043.89,3304389,2026-10-28,TX-149142,0,on_time,30497100,453037
RP-1361-2-1,LN-1361-1,SYN-11361,4,2026-10-28,24650.33,2465033,15771.89,1577189,2026-10-31,TX-149143;TX-149144,3,partial,71480684,670251
RP-1362-0-0,LN-1362-0,SYN-11362,2,2026-08-24,32117.57,3211757,32117.57,3211757,2026-08-24,TX-149157,0,on_time,35347389,479499
RP-1362-1-0,LN-1362-0,SYN-11362,3,2026-09-24,32117.57,3211757,32117.57,3211757,2026-09-24,TX-149168,0,on_time,32615131,442435
RP-1362-2-0,LN-1362-0,SYN-11362,4,2026-10-24,32117.57,3211757,12594.7,1259470,2026-11-02,TX-149177;TX-149181,9,partial,29845809,404868
RP-1363-0-0,LN-1363-0,SYN-11363,2,2026-08-28,8779.91,877991,8779.91,877991,2026-08-28,TX-149193,0,on_time,24162382,369839
RP-1363-1-0,LN-1363-0,SYN-11363,3,2026-09-28,8779.91,877991,8779.91,877991,2026-09-28,TX-149205,0,on_time,23654230,362062
RP-1363-2-0,LN-1363-0,SYN-11363,4,2026-10-28,8779.91,877991,8779.91,877991,2026-10-28,TX-149214,0,on_time,23138301,354164
RP-1364-0-0,LN-1364-0,SYN-11364,2,2026-08-22,17005.81,1700581,17005.81,1700581,2026-08-22,TX-149225,0,on_time,18723861,252730
RP-1364-1-0,LN-1364-0,SYN-11364,3,2026-09-22,17005.81,1700581,17005.81,1700581,2026-09-28,TX-149242,6,late,17276010,233187
RP-1364-2-0,LN-1364-0,SYN-11364,4,2026-10-22,17005.81,1700581,17005.81,1700581,2026-10-28,TX-149254,6,late,15808616,213381
RP-1365-0-0,LN-1365-0,SYN-11365,2,2026-08-26,65960.37,6596037,65960.37,6596037,2026-08-26,TX-149265,0,on_time,74222721,744788
RP-1365-1-0,LN-1365-0,SYN-11365,3,2026-09-26,65960.37,6596037,65960.37,6596037,2026-10-02,TX-149274;TX-149275;TX-149277,6,late,68371472,686074
RP-1365-2-0,LN-1365-0,SYN-11365,4,2026-10-26,65960.37,6596037,65960.37,6596037,2026-11-01,TX-149285;TX-149286;TX-149288,6,late,62461509,626770
RP-1366-0-0,LN-1366-0,SYN-11366,2,2026-08-20,12979.68,1297968,12979.68,1297968,2026-08-20,TX-149297,0,on_time,37840678,449468
RP-1366-1-0,LN-1366-0,SYN-11366,3,2026-09-20,12979.68,1297968,12979.68,1297968,2026-09-20,TX-149307,0,on_time,36992178,439390
RP-1366-2-0,LN-1366-0,SYN-11366,4,2026-10-20,12979.68,1297968,12979.68,1297968,2026-10-20,TX-149317,0,on_time,36133600,429192
RP-1367-0-0,LN-1367-0,SYN-11367,2,2026-08-26,45638.6,4563860,45638.6,4563860,2026-08-29,TX-149334,3,late,95207122,1097849
RP-1367-1-0,LN-1367-0,SYN-11367,3,2026-09-26,45638.6,4563860,45638.6,4563860,2026-10-29,TX-149346;TX-149358,33,late,91741111,1057882
RP-1367-2-0,LN-1367-0,SYN-11367,4,2026-10-26,45638.6,4563860,30950.45,3095045,2026-10-29,TX-149359,3,partial,90424338,1042698
RP-1368-0-0,LN-1368-0,SYN-11368,2,2026-08-20,17734.2,1773420,17734.2,1773420,2026-08-20,TX-149366,0,on_time,50012455,692310
RP-1368-1-0,LN-1368-0,SYN-11368,3,2026-09-20,17734.2,1773420,17734.2,1773420,2026-09-20,TX-149376,0,on_time,48931345,677344
RP-1368-2-0,LN-1368-0,SYN-11368,4,2026-10-20,17734.2,1773420,17734.2,1773420,2026-10-20,TX-149386,0,on_time,47835269,662172
RP-1369-0-0,LN-1369-0,SYN-11369,2,2026-08-26,15257.67,1525767,15257.67,1525767,2026-08-26,TX-149404,0,on_time,47029790,406529
RP-1369-1-0,LN-1369-0,SYN-11369,3,2026-09-26,15257.67,1525767,15257.67,1525767,2026-10-02,TX-149418,6,late,45910552,396855
RP-1369-2-0,LN-1369-0,SYN-11369,4,2026-10-26,15257.67,1525767,15257.67,1525767,2026-11-01,TX-149431,6,late,44781640,387096
RP-1371-0-0,LN-1371-0,SYN-11371,2,2026-08-23,14497.7,1449770,14497.7,1449770,2026-08-23,TX-149472,0,on_time,39575600,625106
RP-1371-0-1,LN-1371-1,SYN-11371,2,2026-08-23,43599.38,4359938,43599.38,4359938,2026-08-23,TX-149473,0,on_time,48227398,615225
RP-1371-1-0,LN-1371-0,SYN-11371,3,2026-09-23,14497.7,1449770,14497.7,1449770,2026-11-01,TX-149491;TX-149492;TX-149502,39,late,38750936,612081
RP-1371-1-1,LN-1371-1,SYN-11371,3,2026-09-23,43599.38,4359938,43599.38,4359938,2026-10-02,TX-149489,9,late,44482685,567454
RP-1371-2-0,LN-1371-0,SYN-11371,4,2026-10-23,14497.7,1449770,14497.7,1449770,2026-11-01,TX-149503,9,late,38471257,607663
RP-1371-2-1,LN-1371-1,SYN-11371,4,2026-10-23,43599.38,4359938,39295.87,3929587,2026-11-01,TX-149504,9,partial,40690201,519075
RP-1372-0-0,LN-1372-0,SYN-11372,2,2026-08-21,12805.63,1280563,12805.63,1280563,2026-08-21,TX-149514,0,on_time,38366066,394569
RP-1372-1-0,LN-1372-0,SYN-11372,3,2026-09-21,12805.63,1280563,12805.63,1280563,2026-09-21,TX-149526,0,on_time,37480072,385458
RP-1372-2-0,LN-1372-0,SYN-11372,4,2026-10-21,12805.63,1280563,12805.63,1280563,2026-10-21,TX-149536,0,on_time,36584967,376252
RP-1373-0-0,LN-1373-0,SYN-11373,2,2026-08-23,13412.56,1341256,13412.56,1341256,2026-08-23,TX-149552,0,on_time,26404223,435619
RP-1373-1-0,LN-1373-0,SYN-11373,3,2026-09-23,13412.56,1341256,13412.56,1341256,2026-09-23,TX-149565,0,on_time,25498586,420678
RP-1373-2-0,LN-1373-0,SYN-11373,4,2026-10-23,13412.56,1341256,13412.56,1341256,2026-10-23,TX-149576,0,on_time,24578008,405490
RP-1374-0-0,LN-1374-0,SYN-11374,2,2026-08-27,28522.44,2852244,28522.44,2852244,2026-08-27,TX-149590,0,on_time,81093006,1083355
RP-1374-1-0,LN-1374-0,SYN-11374,3,2026-09-27,28522.44,2852244,28522.44,2852244,2026-09-27,TX-149603,0,on_time,79324117,1059724
RP-1374-2-0,LN-1374-0,SYN-11374,4,2026-10-27,28522.44,2852244,28522.44,2852244,2026-10-27,TX-149613,0,on_time,77531597,1035777
RP-1375-0-0,LN-1375-0,SYN-11375,2,2026-08-28,11026.83,1102683,11026.83,1102683,2026-08-28,TX-149628,0,on_time,23265992,245966
RP-1375-1-0,LN-1375-0,SYN-11375,3,2026-09-28,11026.83,1102683,11026.83,1102683,2026-10-01,TX-149638,3,late,22409275,236909
RP-1375-2-0,LN-1375-0,SYN-11375,4,2026-10-28,11026.83,1102683,11026.83,1102683,2026-10-31,TX-149646;TX-149647,3,late,21543501,227756
RP-1376-0-0,LN-1376-0,SYN-11376,2,2026-08-20,86067.17,8606717,86067.17,8606717,2026-08-29,TX-149656;TX-149662,9,late,94785097,1275744
RP-1376-1-0,LN-1376-0,SYN-11376,3,2026-09-20,86067.17,8606717,86067.17,8606717,2026-09-29,TX-149674,9,late,87454124,1177074
RP-1376-2-0,LN-1376-0,SYN-11376,4,2026-10-20,86067.17,8606717,86067.17,8606717,2026-10-29,TX-149685,9,late,80024481,1077076
RP-1377-0-0,LN-1377-0,SYN-11377,2,2026-08-23,8371.46,837146,8371.46,837146,2026-09-01,TX-149701,9,late,23634791,325603
RP-1377-1-0,LN-1377-0,SYN-11377,3,2026-09-23,8371.46,837146,8371.46,837146,2026-10-02,TX-149716,9,late,23123248,318555
RP-1377-2-0,LN-1377-0,SYN-11377,4,2026-10-23,8371.46,837146,8371.46,837146,2026-11-01,TX-149728,9,late,22604657,311411
RP-1378-0-0,LN-1378-0,SYN-11378,2,2026-08-28,18283.9,1828390,18283.9,1828390,2026-09-06,TX-149742,9,late,51622016,711055
RP-1378-1-0,LN-1378-0,SYN-11378,3,2026-09-28,18283.9,1828390,18283.9,1828390,2026-10-07,TX-149751,9,late,50504681,695664
RP-1378-2-0,LN-1378-0,SYN-11378,4,2026-10-28,18283.9,1828390,0,0,,,0,missed,49371955,680062
RP-1379-0-0,LN-1379-0,SYN-11379,2,2026-08-22,18494.71,1849471,18494.71,1849471,2026-08-22,TX-149767,0,on_time,52924536,686727
RP-1379-1-0,LN-1379-0,SYN-11379,3,2026-09-22,18494.71,1849471,18494.71,1849471,2026-09-28,TX-149778;TX-149779;TX-149782,6,late,51761792,671639
RP-1379-2-0,LN-1379-0,SYN-11379,4,2026-10-22,18494.71,1849471,18494.71,1849471,2026-10-22,TX-149789,0,on_time,50583960,656356
RP-1381-0-0,LN-1381-0,SYN-11381,2,2026-08-25,17441.39,1744139,17441.39,1744139,2026-09-06,TX-149835;TX-149842,12,late,50447900,622674
RP-1381-0-1,LN-1381-1,SYN-11381,2,2026-08-25,6835.84,683584,6835.84,683584,2026-09-06,TX-149843,12,late,20078652,229688
RP-1381-1-0,LN-1381-0,SYN-11381,3,2026-09-25,17441.39,1744139,17441.39,1744139,2026-10-07,TX-149856,12,late,49326435,608832
RP-1381-1-1,LN-1381-1,SYN-11381,3,2026-09-25,6835.84,683584,6835.84,683584,2026-10-07,TX-149857,12,late,19624756,224496
RP-1381-2-0,LN-1381-0,SYN-11381,4,2026-10-25,17441.39,1744139,0,0,,,0,missed,48191128,594819
RP-1381-2-1,LN-1381-1,SYN-11381,4,2026-10-25,6835.84,683584,0,0,,,0,missed,19165668,219244
RP-1382-0-0,LN-1382-0,SYN-11382,2,2026-08-25,9354.57,935457,9354.57,935457,2026-08-25,TX-149876,0,on_time,18428238,302933
RP-1382-1-0,LN-1382-0,SYN-11382,3,2026-09-25,9354.57,935457,9354.57,935457,2026-09-25,TX-149887,0,on_time,17795714,292535
RP-1382-2-0,LN-1382-0,SYN-11382,4,2026-10-25,9354.57,935457,9354.57,935457,2026-10-25,TX-149896,0,on_time,17152792,281966
RP-1383-0-0,LN-1383-0,SYN-11383,2,2026-08-21,5022.43,502243,5022.43,502243,2026-08-21,TX-149906,0,on_time,10509126,118490
RP-1383-1-0,LN-1383-0,SYN-11383,3,2026-09-21,5022.43,502243,5022.43,502243,2026-09-21,TX-149916,0,on_time,10125373,114163
RP-1383-2-0,LN-1383-0,SYN-11383,4,2026-10-21,5022.43,502243,5022.43,502243,2026-10-21,TX-149926,0,on_time,9737293,109787
RP-1384-0-0,LN-1384-0,SYN-11384,2,2026-08-25,10424.07,1042407,10424.07,1042407,2026-08-31,TX-149942,6,late,22477674,196646
RP-1384-1-0,LN-1384-0,SYN-11384,3,2026-09-25,10424.07,1042407,10424.07,1042407,2026-10-01,TX-149952,6,late,21631913,189247
RP-1384-2-0,LN-1384-0,SYN-11384,4,2026-10-25,10424.07,1042407,10424.07,1042407,2026-11-03,TX-149964,9,late,20778753,181783
RP-1385-0-0,LN-1385-0,SYN-11385,2,2026-08-27,50156.87,5015687,50156.87,5015687,2026-09-02,TX-149976;TX-149978,6,late,54184926,896625
RP-1385-1-0,LN-1385-0,SYN-11385,3,2026-09-27,50156.87,5015687,50156.87,5015687,2026-10-03,TX-149990,6,late,50065864,828465
RP-1385-2-0,LN-1385-0,SYN-11385,4,2026-10-27,50156.87,5015687,50156.87,5015687,2026-11-02,TX-150002,6,late,45878642,759177
RP-1386-0-0,LN-1386-0,SYN-11386,2,2026-08-28,8751.88,875188,8751.88,875188,2026-09-03,TX-150016,6,late,25343647,311076
RP-1386-1-0,LN-1386-0,SYN-11386,3,2026-09-28,8751.88,875188,8751.88,875188,2026-09-28,TX-150026,0,on_time,24779535,304152
RP-1386-2-0,LN-1386-0,SYN-11386,4,2026-10-28,8751.88,875188,8751.88,875188,2026-10-28,TX-150037,0,on_time,24208499,297143
RP-1387-0-0,LN-1387-0,SYN-11387,2,2026-08-28,40858.03,4085803,40858.03,4085803,2026-08-28,TX-150049,0,on_time,44931499,615153
RP-1387-1-0,LN-1387-0,SYN-11387,3,2026-09-28,40858.03,4085803,40858.03,4085803,2026-10-01,TX-150060;TX-150062,3,late,41460849,567637
RP-1387-2-0,LN-1387-0,SYN-11387,4,2026-10-28,40858.03,4085803,40858.03,4085803,2026-11-03,TX-150070;TX-150073,6,late,37942683,519470
RP-1388-0-0,LN-1388-0,SYN-11388,2,2026-08-22,37095.04,3709504,37095.04,3709504,2026-08-22,TX-150081,0,on_time,42128761,361310
RP-1388-1-0,LN-1388-0,SYN-11388,3,2026-09-22,37095.04,3709504,37095.04,3709504,2026-09-22,TX-150091,0,on_time,38780567,332595
RP-1388-2-0,LN-1388-0,SYN-11388,4,2026-10-22,37095.04,3709504,37095.04,3709504,2026-11-03,TX-150101;TX-150107,12,late,35403658,303634
RP-1389-0-0,LN-1389-0,SYN-11389,2,2026-08-25,62777.52,6277752,62777.52,6277752,2026-08-25,TX-150117,0,on_time,67957880,1102152
RP-1389-1-0,LN-1389-0,SYN-11389,3,2026-09-25,62777.52,6277752,62777.52,6277752,2026-09-25,TX-150127,0,on_time,62782280,1018213
RP-1389-2-0,LN-1389-0,SYN-11389,4,2026-10-25,62777.52,6277752,62777.52,6277752,2026-11-03,TX-150137;TX-150142,9,late,57522741,932913
RP-1391-0-0,LN-1391-0,SYN-11391,2,2026-08-24,5378.37,537837,5378.37,537837,2026-08-24,TX-150183,0,on_time,15260247,205716
RP-1391-0-1,LN-1391-1,SYN-11391,2,2026-08-24,15234.71,1523471,15234.71,1523471,2026-08-24,TX-150184,0,on_time,17064885,183594
RP-1391-1-0,LN-1391-0,SYN-11391,3,2026-09-24,5378.37,537837,5378.37,537837,2026-09-24,TX-150194,0,on_time,14928126,201239
RP-1391-1-1,LN-1391-1,SYN-11391,3,2026-09-24,15234.71,1523471,15234.71,1523471,2026-10-03,TX-150195;TX-150200,9,late,15725008,169179
RP-1391-2-0,LN-1391-0,SYN-11391,4,2026-10-24,5378.37,537837,5378.37,537837,2026-11-02,TX-150210,9,late,14591528,196701
RP-1391-2-1,LN-1391-1,SYN-11391,4,2026-10-24,15234.71,1523471,15234.71,1523471,2026-11-02,TX-150206;TX-150211,9,late,14370716,154609
RP-1392-0-0,LN-1392-0,SYN-11392,2,2026-08-23,20905.55,2090555,20905.55,2090555,2026-08-23,TX-150222,0,on_time,59939317,770880
RP-1392-1-0,LN-1392-0,SYN-11392,3,2026-09-23,20905.55,2090555,20905.55,2090555,2026-10-02,TX-150240,9,late,58619642,753907
RP-1392-2-0,LN-1392-0,SYN-11392,4,2026-10-23,20905.55,2090555,20905.55,2090555,2026-10-23,TX-150247,0,on_time,57282994,736717
RP-1393-0-0,LN-1393-0,SYN-11393,2,2026-08-22,6306.83,630683,6306.83,630683,2026-08-22,TX-150261,0,on_time,19422577,168891
RP-1393-1-0,LN-1393-0,SYN-11393,3,2026-09-22,6306.83,630683,6306.83,630683,2026-09-22,TX-150272,0,on_time,18960785,164875
RP-1393-2-0,LN-1393-0,SYN-11393,4,2026-10-22,6306.83,630683,6306.83,630683,2026-10-22,TX-150281,0,on_time,18494977,160825
RP-1394-0-0,LN-1394-0,SYN-11394,2,2026-08-24,18697.48,1869748,18697.48,1869748,2026-08-24,TX-150294,0,on_time,56866057,535380
RP-1394-1-0,LN-1394-0,SYN-11394,3,2026-09-24,18697.48,1869748,18697.48,1869748,2026-09-24,TX-150305,0,on_time,55531689,522817
RP-1394-2-0,LN-1394-0,SYN-11394,4,2026-10-24,18697.48,1869748,18697.48,1869748,2026-10-24,TX-150316,0,on_time,54184758,510136
RP-1395-0-0,LN-1395-0,SYN-11395,2,2026-08-25,10404.28,1040428,10404.28,1040428,2026-08-25,TX-150332,0,on_time,32166730,272487
RP-1395-1-0,LN-1395-0,SYN-11395,3,2026-09-25,10404.28,1040428,10404.28,1040428,2026-09-25,TX-150346,0,on_time,31398789,265982
RP-1395-2-0,LN-1395-0,SYN-11395,4,2026-10-25,10404.28,1040428,10404.28,1040428,2026-11-03,TX-150361,9,late,30624343,259421
RP-1396-0-0,LN-1396-0,SYN-11396,2,2026-08-27,23580.43,2358043,23580.43,2358043,2026-08-27,TX-150371,0,on_time,26231820,310932
RP-1396-1-0,LN-1396-0,SYN-11396,3,2026-09-27,23580.43,2358043,23580.43,2358043,2026-09-30,TX-150380,3,late,24184709,286667
RP-1396-2-0,LN-1396-0,SYN-11396,4,2026-10-27,23580.43,2358043,23580.43,2358043,2026-10-27,TX-150389,0,on_time,22113333,262115
RP-1397-0-0,LN-1397-0,SYN-11397,2,2026-08-23,89895.28,8989528,89895.28,8989528,2026-09-01,TX-150405,9,late,97290769,1581518
RP-1397-1-0,LN-1397-0,SYN-11397,3,2026-09-23,89895.28,8989528,89895.28,8989528,2026-10-02,TX-150417,9,late,89882759,1461097
RP-1397-2-0,LN-1397-0,SYN-11397,4,2026-10-23,89895.28,8989528,89895.28,8989528,2026-11-01,TX-150429,9,late,82354328,1338718
RP-1398-0-0,LN-1398-0,SYN-11398,2,2026-08-22,13975.14,1397514,13975.14,1397514,2026-08-22,TX-150441,0,on_time,15589509,177940
RP-1398-1-0,LN-1398-0,SYN-11398,3,2026-09-22,13975.14,1397514,13975.14,1397514,2026-09-22,TX-150458,0,on_time,14369935,164020
RP-1398-2-0,LN-1398-0,SYN-11398,4,2026-10-22,13975.14,1397514,13975.14,1397514,2026-10-25,TX-150469,3,late,13136441,149940
RP-1399-0-0,LN-1399-0,SYN-11399,2,2026-08-26,10082.92,1008292,10082.92,1008292,2026-08-29,TX-150483,3,late,20891201,252970
RP-1399-1-0,LN-1399-0,SYN-11399,3,2026-09-26,10082.92,1008292,10082.92,1008292,2026-09-29,TX-150491;TX-150493,3,late,20135879,243824
RP-1399-2-0,LN-1399-0,SYN-11399,4,2026-10-26,10082.92,1008292,10082.92,1008292,2026-10-29,TX-150503,3,late,19371411,234567
RP-1401-0-0,LN-1401-0,SYN-11401,2,2026-08-23,6670.13,667013,6670.13,667013,2026-08-23,TX-150550,0,on_time,20124389,198790
RP-1401-0-1,LN-1401-1,SYN-11401,2,2026-08-23,11779.12,1177912,11779.12,1177912,2026-08-23,TX-150551,0,on_time,12732819,209452
RP-1401-1-0,LN-1401-0,SYN-11401,3,2026-09-23,6670.13,667013,6670.13,667013,2026-10-02,TX-150568,9,late,19656166,194165
RP-1401-1-1,LN-1401-1,SYN-11401,3,2026-09-23,11779.12,1177912,11779.12,1177912,2026-10-02,TX-150569,9,late,11764359,193521
RP-1401-2-0,LN-1401-0,SYN-11401,4,2026-10-23,6670.13,667013,6670.13,667013,2026-11-01,TX-150581,9,late,19183318,189494
RP-1401-2-1,LN-1401-1,SYN-11401,4,2026-10-23,11779.12,1177912,11779.12,1177912,2026-11-01,TX-150582,9,late,10779968,177328
RP-1402-0-0,LN-1402-0,SYN-11402,2,2026-08-23,23385.51,2338551,23385.51,2338551,2026-08-23,TX-150591,0,on_time,49521003,508449
RP-1402-1-0,LN-1402-0,SYN-11402,3,2026-09-23,23385.51,2338551,23385.51,2338551,2026-09-23,TX-150601,0,on_time,47690901,489658
RP-1402-2-0,LN-1402-0,SYN-11402,4,2026-10-23,23385.51,2338551,23385.51,2338551,2026-11-01,TX-150615,9,late,45842008,470675
RP-1403-0-0,LN-1403-0,SYN-11403,2,2026-08-25,28409.8,2840980,28409.8,2840980,2026-08-25,TX-150626,0,on_time,60666180,580232
RP-1403-1-0,LN-1403-0,SYN-11403,3,2026-09-25,28409.8,2840980,28409.8,2840980,2026-09-25,TX-150636,0,on_time,58405432,558609
RP-1403-2-0,LN-1403-0,SYN-11403,4,2026-10-25,28409.8,2840980,28409.8,2840980,2026-10-25,TX-150646,0,on_time,56123061,536780
RP-1404-0-0,LN-1404-0,SYN-11404,2,2026-08-21,15825.76,1582576,15825.76,1582576,2026-08-30,TX-150658;TX-150659;TX-150663,9,late,33676614,331948
RP-1404-1-0,LN-1404-0,SYN-11404,3,2026-09-21,15825.76,1582576,15825.76,1582576,2026-09-30,TX-150676,9,late,32425986,319620
RP-1404-2-0,LN-1404-0,SYN-11404,4,2026-10-21,15825.76,1582576,15825.76,1582576,2026-10-21,TX-150683,0,on_time,31163030,307171
RP-1405-0-0,LN-1405-0,SYN-11405,2,2026-08-26,6285.51,628551,6285.51,628551,2026-08-26,TX-150698,0,on_time,12518780,193915
RP-1405-1-0,LN-1405-0,SYN-11405,3,2026-09-26,6285.51,628551,6285.51,628551,2026-09-26,TX-150709,0,on_time,12084144,187182
RP-1405-2-0,LN-1405-0,SYN-11405,4,2026-10-26,6285.51,628551,6285.51,628551,2026-10-26,TX-150720,0,on_time,11642775,180346
RP-1406-0-0,LN-1406-0,SYN-11406,2,2026-08-28,18249.5,1824950,18249.5,1824950,2026-09-03,TX-150733,6,late,53345866,625307
RP-1406-1-0,LN-1406-0,SYN-11406,3,2026-09-28,18249.5,1824950,18249.5,1824950,2026-10-07,TX-150743,9,late,52146223,611245
RP-1406-2-0,LN-1406-0,SYN-11406,4,2026-10-28,18249.5,1824950,0,0,,,0,missed,50932518,597018
RP-1407-0-0,LN-1407-0,SYN-11407,2,2026-08-20,9939.48,993948,9939.48,993948,2026-08-20,TX-150760,0,on_time,30479729,272494
RP-1407-1-0,LN-1407-0,SYN-11407,3,2026-09-20,9939.48,993948,9939.48,993948,2026-09-20,TX-150771,0,on_time,29758275,266044
RP-1407-2-0,LN-1407-0,SYN-11407,4,2026-10-20,9939.48,993948,9939.48,993948,2026-10-20,TX-150782,0,on_time,29030371,259536
RP-1408-0-0,LN-1408-0,SYN-11408,2,2026-08-20,18401.82,1840182,18401.82,1840182,2026-08-23,TX-150795,3,late,37640139,496988
RP-1408-1-0,LN-1408-0,SYN-11408,3,2026-09-20,18401.82,1840182,18401.82,1840182,2026-09-20,TX-150810,0,on_time,36296945,479253
RP-1408-2-0,LN-1408-0,SYN-11408,4,2026-10-20,18401.82,1840182,18401.82,1840182,2026-10-20,TX-150820,0,on_time,34936016,461284
RP-1409-0-0,LN-1409-0,SYN-11409,2,2026-08-27,14409.51,1440951,14409.51,1440951,2026-09-02,TX-150837;TX-150838;TX-150840,6,late,29506309,386838
RP-1409-1-0,LN-1409-0,SYN-11409,3,2026-09-27,14409.51,1440951,14409.51,1440951,2026-10-03,TX-150854,6,late,28452196,373018
RP-1409-2-0,LN-1409-0,SYN-11409,4,2026-10-27,14409.51,1440951,14409.51,1440951,2026-11-02,TX-150866,6,late,27384263,359017
RP-1411-0-0,LN-1411-0,SYN-11411,2,2026-08-28,16320.07,1632007,16320.07,1632007,2026-09-03,TX-150916,6,late,17721691,278561
RP-1411-0-1,LN-1411-1,SYN-11411,2,2026-08-28,7436.58,743658,7436.58,743658,2026-09-06,TX-150917,9,late,21728315,255273
RP-1411-1-0,LN-1411-0,SYN-11411,3,2026-09-28,16320.07,1632007,16320.07,1632007,2026-10-04,TX-150929,6,late,16368245,257287
RP-1411-1-1,LN-1411-1,SYN-11411,3,2026-09-28,7436.58,743658,7436.58,743658,2026-10-04,TX-150930,6,late,21239930,249536
RP-1411-2-0,LN-1411-0,SYN-11411,4,2026-10-28,16320.07,1632007,0,0,,,0,missed,14993525,235678
RP-1411-2-1,LN-1411-1,SYN-11411,4,2026-10-28,7436.58,743658,7436.58,743658,2026-11-03,TX-150942,6,late,20745808,243730
RP-1412-0-0,LN-1412-0,SYN-11412,2,2026-08-25,16485.53,1648553,16485.53,1648553,2026-08-25,TX-150952,0,on_time,32941008,501014
RP-1412-1-0,LN-1412-0,SYN-11412,3,2026-09-25,16485.53,1648553,16485.53,1648553,2026-09-25,TX-150963,0,on_time,31793469,483560
RP-1412-2-0,LN-1412-0,SYN-11412,4,2026-10-25,16485.53,1648553,16485.53,1648553,2026-11-03,TX-150974;TX-150979,9,late,30628476,465841
RP-1413-0-0,LN-1413-0,SYN-11413,2,2026-08-22,45863.03,4586303,45863.03,4586303,2026-08-22,TX-150990,0,on_time,49920240,765631
RP-1413-1-0,LN-1413-0,SYN-11413,3,2026-09-22,45863.03,4586303,45863.03,4586303,2026-10-07,TX-151013,15,late,46099568,707033
RP-1413-2-0,LN-1413-0,SYN-11413,4,2026-10-22,45863.03,4586303,0,0,,,0,missed,42220298,647536
RP-1414-0-0,LN-1414-0,SYN-11414,2,2026-08-27,15872.74,1587274,15872.74,1587274,2026-08-27,TX-151036,0,on_time,48638039,436911
RP-1414-1-0,LN-1414-0,SYN-11414,3,2026-09-27,15872.74,1587274,15872.74,1587274,2026-10-03,TX-151049;TX-151052,6,late,47487676,426578
RP-1414-2-0,LN-1414-0,SYN-11414,4,2026-10-27,15872.74,1587274,15872.74,1587274,2026-10-30,TX-151060;TX-151061,3,late,46326980,416151
RP-1415-0-0,LN-1415-0,SYN-11415,2,2026-08-28,18638.97,1863897,18638.97,1863897,2026-08-31,TX-151075,3,late,20554159,272295
RP-1415-1-0,LN-1415-0,SYN-11415,3,2026-09-28,18638.97,1863897,18638.97,1863897,2026-09-28,TX-151087,0,on_time,18962557,251210
RP-1415-2-0,LN-1415-0,SYN-11415,4,2026-10-28,18638.97,1863897,18638.97,1863897,2026-11-03,TX-151097;TX-151098;TX-151101,6,late,17349870,229845
RP-1416-0-0,LN-1416-0,SYN-11416,2,2026-08-25,31890.0,3189000,31890.0,3189000,2026-08-25,TX-151111,0,on_time,35081710,478327
RP-1416-1-0,LN-1416-0,SYN-11416,3,2026-09-25,31890.0,3189000,31890.0,3189000,2026-09-25,TX-151121,0,on_time,32371037,441368
RP-1416-2-0,LN-1416-0,SYN-11416,4,2026-10-25,31890.0,3189000,31890.0,3189000,2026-10-25,TX-151131,0,on_time,29623405,403905
RP-1417-0-0,LN-1417-0,SYN-11417,2,2026-08-22,6064.69,606469,6064.69,606469,2026-08-25,TX-151146,3,late,12402316,163991
RP-1417-1-0,LN-1417-0,SYN-11417,3,2026-09-22,6064.69,606469,6064.69,606469,2026-10-01,TX-151162,9,late,11959838,158140
RP-1417-2-0,LN-1417-0,SYN-11417,4,2026-10-22,6064.69,606469,6064.69,606469,2026-11-03,TX-151175,12,late,11511509,152212
RP-1418-0-0,LN-1418-0,SYN-11418,2,2026-08-28,21089.24,2108924,21089.24,2108924,2026-08-28,TX-151185,0,on_time,41486956,687034
RP-1418-1-0,LN-1418-0,SYN-11418,3,2026-09-28,21089.24,2108924,21089.24,2108924,2026-09-28,TX-151194,0,on_time,40065066,663488
RP-1418-2-0,LN-1418-0,SYN-11418,4,2026-10-28,21089.24,2108924,21089.24,2108924,2026-10-28,TX-151203,0,on_time,38619630,639551
RP-1419-0-0,LN-1419-0,SYN-11419,2,2026-08-25,3217.46,321746,3217.46,321746,2026-08-25,TX-151214,0,on_time,6558333,88541
RP-1419-1-0,LN-1419-0,SYN-11419,3,2026-09-25,3217.46,321746,3217.46,321746,2026-10-01,TX-151228,6,late,6325128,85393
RP-1419-2-0,LN-1419-0,SYN-11419,4,2026-10-25,3217.46,321746,3217.46,321746,2026-11-03,TX-151235;TX-151240,9,late,6088775,82202
RP-1421-0-0,LN-1421-0,SYN-11421,2,2026-08-25,29147.63,2914763,29147.63,2914763,2026-08-25,TX-151274,0,on_time,32290625,404101
RP-1421-0-1,LN-1421-1,SYN-11421,2,2026-08-25,18754.79,1875479,18754.79,1875479,2026-08-25,TX-151275,0,on_time,39931993,391716
RP-1421-1-0,LN-1421-0,SYN-11421,3,2026-09-25,29147.63,2914763,29147.63,2914763,2026-09-25,TX-151284,0,on_time,29779963,372681
RP-1421-1-1,LN-1421-1,SYN-11421,3,2026-09-25,18754.79,1875479,18754.79,1875479,2026-09-25,TX-151285,0,on_time,38448230,377161
RP-1421-2-0,LN-1421-0,SYN-11421,4,2026-10-25,29147.63,2914763,29147.63,2914763,2026-10-25,TX-151294,0,on_time,27237881,340868
RP-1421-2-1,LN-1421-1,SYN-11421,4,2026-10-25,18754.79,1875479,18754.79,1875479,2026-10-25,TX-151295,0,on_time,36949912,362463
RP-1422-0-0,LN-1422-0,SYN-11422,2,2026-08-25,13912.63,1391263,13912.63,1391263,2026-08-25,TX-151308,0,on_time,41915088,417548
RP-1422-1-0,LN-1422-0,SYN-11422,3,2026-09-25,13912.63,1391263,13912.63,1391263,2026-09-25,TX-151320,0,on_time,40941373,407848
RP-1422-2-0,LN-1422-0,SYN-11422,4,2026-10-25,13912.63,1391263,13912.63,1391263,2026-10-25,TX-151329,0,on_time,39957958,398051
RP-1423-0-0,LN-1423-0,SYN-11423,2,2026-08-25,26755.36,2675536,26755.36,2675536,2026-08-25,TX-151342,0,on_time,29217950,432725
RP-1423-1-0,LN-1423-0,SYN-11423,3,2026-09-25,26755.36,2675536,26755.36,2675536,2026-10-01,TX-151356;TX-151359,6,late,26975139,399509
RP-1423-2-0,LN-1423-0,SYN-11423,4,2026-10-25,26755.36,2675536,26755.36,2675536,2026-11-03,TX-151367;TX-151371,9,late,24699112,365800
RP-1424-0-0,LN-1424-0,SYN-11424,2,2026-08-22,7357.93,735793,7357.93,735793,2026-08-22,TX-151379,0,on_time,22389439,210144
RP-1424-1-0,LN-1424-0,SYN-11424,3,2026-09-22,7357.93,735793,7357.93,735793,2026-09-22,TX-151390,0,on_time,21863790,205210
RP-1424-2-0,LN-1424-0,SYN-11424,4,2026-10-22,7357.93,735793,7357.93,735793,2026-10-22,TX-151399,0,on_time,21333207,200230
RP-1425-0-0,LN-1425-0,SYN-11425,2,2026-08-22,22055.9,2205590,22055.9,2205590,2026-08-22,TX-151412,0,on_time,46112511,523139
RP-1425-1-0,LN-1425-0,SYN-11425,3,2026-09-22,22055.9,2205590,22055.9,2205590,2026-09-22,TX-151421,0,on_time,44430060,504052
RP-1425-2-0,LN-1425-0,SYN-11425,4,2026-10-22,22055.9,2205590,22055.9,2205590,2026-10-22,TX-151430,0,on_time,42728522,484748
RP-1426-0-0,LN-1426-0,SYN-11426,2,2026-08-20,8108.96,810896,8108.96,810896,2026-08-20,TX-151441,0,on_time,23680228,278949
RP-1426-1-0,LN-1426-0,SYN-11426,3,2026-09-20,8108.96,810896,8108.96,810896,2026-09-20,TX-151451,0,on_time,23148281,272683
RP-1426-2-0,LN-1426-0,SYN-11426,4,2026-10-20,8108.96,810896,5065.99,506599,2026-10-20,TX-151462,0,partial,22610068,266343
RP-1427-0-0,LN-1427-0,SYN-11427,2,2026-08-28,15840.33,1584033,15840.33,1584033,2026-08-28,TX-151479,0,on_time,47540833,484120
RP-1427-1-0,LN-1427-0,SYN-11427,3,2026-09-28,15840.33,1584033,15840.33,1584033,2026-09-28,TX-151490,0,on_time,46440920,472919
RP-1427-2-0,LN-1427-0,SYN-11427,4,2026-10-28,15840.33,1584033,15840.33,1584033,2026-10-28,TX-151499,0,on_time,45329806,461605
RP-1428-0-0,LN-1428-0,SYN-11428,2,2026-08-28,86940.89,8694089,86940.89,8694089,2026-08-28,TX-151513,0,on_time,95719053,1292829
RP-1428-1-0,LN-1428-0,SYN-11428,3,2026-09-28,86940.89,8694089,86940.89,8694089,2026-09-28,TX-151524,0,on_time,88317793,1192864
RP-1428-2-0,LN-1428-0,SYN-11428,4,2026-10-28,86940.89,8694089,86940.89,8694089,2026-10-28,TX-151535,0,on_time,80816568,1091549
RP-1429-0-0,LN-1429-0,SYN-11429,2,2026-08-21,19651.73,1965173,19651.73,1965173,2026-08-21,TX-151546,0,on_time,21325435,337468
RP-1429-1-0,LN-1429-0,SYN-11429,3,2026-09-21,19651.73,1965173,19651.73,1965173,2026-09-24,TX-151557,3,late,19697730,311710
RP-1429-2-0,LN-1429-0,SYN-11429,4,2026-10-21,19651.73,1965173,19651.73,1965173,2026-10-21,TX-151566,0,on_time,18044267,285545
RP-1431-0-0,LN-1431-0,SYN-11431,2,2026-08-27,17310.92,1731092,17310.92,1731092,2026-08-27,TX-151616,0,on_time,19564457,182830
RP-1431-0-1,LN-1431-1,SYN-11431,2,2026-08-27,14776.67,1477667,14776.67,1477667,2026-08-27,TX-151617,0,on_time,45611607,390572
RP-1431-1-0,LN-1431-0,SYN-11431,3,2026-09-27,17310.92,1731092,17310.92,1731092,2026-09-27,TX-151632,0,on_time,18016195,168361
RP-1431-1-1,LN-1431-1,SYN-11431,3,2026-09-27,14776.67,1477667,14776.67,1477667,2026-09-27,TX-151633,0,on_time,44524512,381263
RP-1431-2-0,LN-1431-0,SYN-11431,4,2026-10-27,17310.92,1731092,17310.92,1731092,2026-10-27,TX-151644,0,on_time,16453464,153758
RP-1431-2-1,LN-1431-1,SYN-11431,4,2026-10-27,14776.67,1477667,14776.67,1477667,2026-10-30,TX-151646,3,late,43428108,371875
RP-1432-0-0,LN-1432-0,SYN-11432,2,2026-08-26,21248.47,2124847,21248.47,2124847,2026-09-01,TX-151662,6,late,23940664,235395
RP-1432-1-0,LN-1432-0,SYN-11432,3,2026-09-26,21248.47,2124847,21248.47,2124847,2026-09-29,TX-151674,3,late,22051212,216817
RP-1432-2-0,LN-1432-0,SYN-11432,4,2026-10-26,21248.47,2124847,21248.47,2124847,2026-10-29,TX-151687,3,late,20143182,198056
RP-1433-0-0,LN-1433-0,SYN-11433,2,2026-08-27,33509.46,3350946,33509.46,3350946,2026-08-27,TX-151701,0,on_time,67920045,949749
RP-1433-1-0,LN-1433-0,SYN-11433,3,2026-09-27,33509.46,3350946,33509.46,3350946,2026-10-03,TX-151717,6,late,65518848,916172
RP-1433-2-0,LN-1433-0,SYN-11433,4,2026-10-27,33509.46,3350946,33509.46,3350946,2026-11-02,TX-151726;TX-151728,6,late,63084074,882126
RP-1434-0-0,LN-1434-0,SYN-11434,2,2026-08-22,8176.11,817611,8176.11,817611,2026-08-22,TX-151738,0,on_time,16968689,203070
RP-1434-1-0,LN-1434-0,SYN-11434,3,2026-09-22,8176.11,817611,8176.11,817611,2026-09-22,TX-151749,0,on_time,16354148,195716
RP-1434-2-0,LN-1434-0,SYN-11434,4,2026-10-22,8176.11,817611,8176.11,817611,2026-11-03,TX-151758;TX-151763,12,late,15732253,188273
RP-1435-0-0,LN-1435-0,SYN-11435,2,2026-08-22,5108.47,510847,5108.47,510847,2026-08-22,TX-151771,0,on_time,15733765,136719
RP-1435-1-0,LN-1435-0,SYN-11435,3,2026-09-22,5108.47,510847,5108.47,510847,2026-10-01,TX-151789,9,late,15359637,133468
RP-1435-2-0,LN-1435-0,SYN-11435,4,2026-10-22,5108.47,510847,5108.47,510847,2026-11-03,TX-151795;TX-151801,12,late,14982258,130188
RP-1436-0-0,LN-1436-0,SYN-11436,2,2026-08-25,19298.97,1929897,19298.97,1929897,2026-08-25,TX-151810,0,on_time,56881312,639246
RP-1436-1-0,LN-1436-0,SYN-11436,3,2026-09-25,19298.97,1929897,19298.97,1929897,2026-09-25,TX-151821,0,on_time,55590661,624742
RP-1436-2-0,LN-1436-0,SYN-11436,4,2026-10-25,19298.97,1929897,19298.97,1929897,2026-10-25,TX-151830,0,on_time,54285506,610074
RP-1437-0-0,LN-1437-0,SYN-11437,2,2026-08-24,16296.18,1629618,16296.18,1629618,2026-08-24,TX-151841,0,on_time,34395609,362653
RP-1437-1-0,LN-1437-0,SYN-11437,3,2026-09-24,16296.18,1629618,16296.18,1629618,2026-09-24,TX-151850,0,on_time,33128644,349295
RP-1437-2-0,LN-1437-0,SYN-11437,4,2026-10-24,16296.18,1629618,16296.18,1629618,2026-10-24,TX-151859,0,on_time,31848321,335795
RP-1438-0-0,LN-1438-0,SYN-11438,2,2026-08-26,16733.26,1673326,16733.26,1673326,2026-08-26,TX-151874,0,on_time,18964066,168922
RP-1438-1-0,LN-1438-0,SYN-11438,3,2026-09-26,16733.26,1673326,16733.26,1673326,2026-09-26,TX-151884,0,on_time,17459662,155522
RP-1438-2-0,LN-1438-0,SYN-11438,4,2026-10-26,16733.26,1673326,12757.94,1275794,2026-10-26,TX-151894,0,partial,15941858,142002
RP-1439-0-0,LN-1439-0,SYN-11439,2,2026-08-24,20593.55,2059355,20593.55,2059355,2026-08-24,TX-151908,0,on_time,43815728,432439
RP-1439-1-0,LN-1439-0,SYN-11439,3,2026-09-24,20593.55,2059355,20593.55,2059355,2026-09-24,TX-151921,0,on_time,42188812,416382
RP-1439-2-0,LN-1439-0,SYN-11439,4,2026-10-24,20593.55,2059355,20593.55,2059355,2026-10-24,TX-151931,0,on_time,40545839,400167
RP-1441-0-0,LN-1441-0,SYN-11441,2,2026-08-25,6361.07,636107,6361.07,636107,2026-08-25,TX-151974,0,on_time,19700694,164919
RP-1441-0-1,LN-1441-1,SYN-11441,2,2026-08-25,14915.54,1491554,14915.54,1491554,2026-08-25,TX-151975,0,on_time,16392308,226070
RP-1441-1-0,LN-1441-0,SYN-11441,3,2026-09-25,6361.07,636107,6361.07,636107,2026-09-25,TX-151985,0,on_time,19229506,160975
RP-1441-1-1,LN-1441-1,SYN-11441,3,2026-09-25,14915.54,1491554,14915.54,1491554,2026-10-01,TX-151986;TX-151989,6,late,15126824,208618
RP-1441-2-0,LN-1441-0,SYN-11441,4,2026-10-25,6361.07,636107,6361.07,636107,2026-11-03,TX-152002,9,late,18754374,156998
RP-1441-2-1,LN-1441-1,SYN-11441,4,2026-10-25,14915.54,1491554,14915.54,1491554,2026-11-03,TX-152003,9,late,13843888,190925
RP-1442-0-0,LN-1442-0,SYN-11442,2,2026-08-28,9505.53,950553,9505.53,950553,2026-08-28,TX-152014,0,on_time,25872006,413245
RP-1442-1-0,LN-1442-0,SYN-11442,3,2026-09-28,9505.53,950553,9505.53,950553,2026-09-28,TX-152023,0,on_time,25334698,404663
RP-1442-2-0,LN-1442-0,SYN-11442,4,2026-10-28,9505.53,950553,9505.53,950553,2026-11-03,TX-152032;TX-152036,6,late,24788808,395943
RP-1443-0-0,LN-1443-0,SYN-11443,2,2026-08-27,10644.0,1064400,10644.0,1064400,2026-08-30,TX-152050,3,late,21069655,337559
RP-1443-1-0,LN-1443-0,SYN-11443,3,2026-09-27,10644.0,1064400,10644.0,1064400,2026-09-30,TX-152064,3,late,20342814,325914
RP-1443-2-0,LN-1443-0,SYN-11443,4,2026-10-27,10644.0,1064400,10644.0,1064400,2026-10-30,TX-152073;TX-152076,3,late,19604328,314083
RP-1444-0-0,LN-1444-0,SYN-11444,2,2026-08-20,32301.1,3230110,32301.1,3230110,2026-08-23,TX-152089,3,late,65540326,910519
RP-1444-1-0,LN-1444-0,SYN-11444,3,2026-09-20,32301.1,3230110,32301.1,3230110,2026-09-29,TX-152103,9,late,63220735,878294
RP-1444-2-0,LN-1444-0,SYN-11444,4,2026-10-20,32301.1,3230110,32301.1,3230110,2026-10-29,TX-152114,9,late,60868919,845621
RP-1445-0-0,LN-1445-0,SYN-11445,2,2026-08-28,36629.37,3662937,36629.37,3662937,2026-08-28,TX-152129,0,on_time,40116172,575600
RP-1445-1-0,LN-1445-0,SYN-11445,3,2026-09-28,36629.37,3662937,36629.37,3662937,2026-09-28,TX-152140,0,on_time,37028835,531302
RP-1445-2-0,LN-1445-0,SYN-11445,4,2026-10-28,36629.37,3662937,36629.37,3662937,2026-10-28,TX-152151,0,on_time,33897200,486368
RP-1446-0-0,LN-1446-0,SYN-11446,2,2026-08-28,36598.89,3659889,36598.89,3659889,2026-08-28,TX-152163,0,on_time,79236881,666640
RP-1446-1-0,LN-1446-0,SYN-11446,3,2026-09-28,36598.89,3659889,36598.89,3659889,2026-09-28,TX-152172,0,on_time,76243632,641457
RP-1446-2-0,LN-1446-0,SYN-11446,4,2026-10-28,36598.89,3659889,36598.89,3659889,2026-10-28,TX-152181,0,on_time,73225200,616062
RP-1447-0-0,LN-1447-0,SYN-11447,2,2026-08-26,8634.9,863490,8634.9,863490,2026-08-26,TX-152194,0,on_time,24223932,342906
RP-1447-1-0,LN-1447-0,SYN-11447,3,2026-09-26,8634.9,863490,8634.9,863490,2026-09-26,TX-152207,0,on_time,23703348,335537
RP-1447-2-0,LN-1447-0,SYN-11447,4,2026-10-26,8634.9,863490,8634.9,863490,2026-10-26,TX-152216,0,on_time,23175395,328063
RP-1448-0-0,LN-1448-0,SYN-11448,2,2026-08-27,9192.89,919289,9192.89,919289,2026-08-27,TX-152229,0,on_time,19404522,204465
RP-1448-1-0,LN-1448-0,SYN-11448,3,2026-09-27,9192.89,919289,9192.89,919289,2026-09-27,TX-152239,0,on_time,18689698,196933
RP-1448-2-0,LN-1448-0,SYN-11448,4,2026-10-27,9192.89,919289,9192.89,919289,2026-10-27,TX-152249,0,on_time,17967342,189322
RP-1449-0-0,LN-1449-0,SYN-11449,2,2026-08-20,30777.37,3077737,30777.37,3077737,2026-08-20,TX-152260,0,on_time,34395341,382628
RP-1449-1-0,LN-1449-0,SYN-11449,3,2026-09-20,30777.37,3077737,16522.6,1652260,2026-10-08,TX-152273;TX-152280;TX-152281,18,partial,31700232,352647
RP-1449-2-0,LN-1449-0,SYN-11449,4,2026-10-20,30777.37,3077737,0,0,,,0,missed,30400619,338189
RP-1451-0-0,LN-1451-0,SYN-11451,2,2026-08-25,22071.15,2207115,22071.15,2207115,2026-08-25,TX-152333,0,on_time,23928233,382305
RP-1451-0-1,LN-1451-1,SYN-11451,2,2026-08-25,6434.9,643490,6434.9,643490,2026-08-25,TX-152334,0,on_time,12728175,204752
RP-1451-1-0,LN-1451-0,SYN-11451,3,2026-09-25,22071.15,2207115,22071.15,2207115,2026-10-01,TX-152349,6,late,22103423,353150
RP-1451-1-1,LN-1451-1,SYN-11451,3,2026-09-25,6434.9,643490,6434.9,643490,2026-10-01,TX-152350,6,late,12289437,197694
RP-1451-2-0,LN-1451-0,SYN-11451,4,2026-10-25,22071.15,2207115,22071.15,2207115,2026-11-03,TX-152363,9,late,20249458,323529
RP-1451-2-1,LN-1451-1,SYN-11451,4,2026-10-25,6434.9,643490,6434.9,643490,2026-11-03,TX-152364,9,late,11843641,190523
RP-1452-0-0,LN-1452-0,SYN-11452,2,2026-08-22,5265.5,526550,5265.5,526550,2026-08-22,TX-152375,0,on_time,14236131,233149
RP-1452-1-0,LN-1452-0,SYN-11452,3,2026-09-22,5265.5,526550,5265.5,526550,2026-09-22,TX-152386,0,on_time,13942730,228344
RP-1452-2-0,LN-1452-0,SYN-11452,4,2026-10-22,5265.5,526550,5265.5,526550,2026-10-22,TX-152397,0,on_time,13644524,223460
RP-1453-0-0,LN-1453-0,SYN-11453,2,2026-08-25,7514.57,751457,7514.57,751457,2026-08-25,TX-152411,0,on_time,21671423,271250
RP-1453-1-0,LN-1453-0,SYN-11453,3,2026-09-25,7514.57,751457,7514.57,751457,2026-09-25,TX-152424,0,on_time,21191216,265240
RP-1453-2-0,LN-1453-0,SYN-11453,4,2026-10-25,7514.57,751457,7514.57,751457,2026-10-25,TX-152435,0,on_time,20704999,259154
RP-1454-0-0,LN-1454-0,SYN-11454,2,2026-08-24,20110.14,2011014,20110.14,2011014,2026-08-24,TX-152450,0,on_time,54565924,881808
RP-1454-1-0,LN-1454-0,SYN-11454,3,2026-09-24,20110.14,2011014,20110.14,2011014,2026-10-03,TX-152463;TX-152468,9,late,53436718,863560
RP-1454-2-0,LN-1454-0,SYN-11454,4,2026-10-24,20110.14,2011014,20110.14,2011014,2026-11-02,TX-152476;TX-152480,9,late,52289264,845016
RP-1455-0-0,LN-1455-0,SYN-11455,2,2026-08-25,31411.31,3141131,31411.31,3141131,2026-08-25,TX-152492,0,on_time,62189386,995377
RP-1455-1-0,LN-1455-0,SYN-11455,3,2026-09-25,31411.31,3141131,31411.31,3141131,2026-09-25,TX-152503,0,on_time,60043632,961033
RP-1455-2-0,LN-1455-0,SYN-11455,4,2026-10-25,31411.31,3141131,0,0,,,0,missed,57863534,926140
RP-1456-0-0,LN-1456-0,SYN-11456,2,2026-08-25,41545.3,4154530,41545.3,4154530,2026-08-28,TX-152533,3,late,46899867,446772
RP-1456-1-0,LN-1456-0,SYN-11456,3,2026-09-25,41545.3,4154530,41545.3,4154530,2026-09-28,TX-152544,3,late,43192109,411452
RP-1456-2-0,LN-1456-0,SYN-11456,4,2026-10-25,41545.3,4154530,41545.3,4154530,2026-10-28,TX-152555,3,late,39449031,375795
RP-1457-0-0,LN-1457-0,SYN-11457,2,2026-08-24,8426.83,842683,8426.83,842683,2026-08-24,TX-152566,0,on_time,17171959,232254
RP-1457-1-0,LN-1457-0,SYN-11457,3,2026-09-24,8426.83,842683,8426.83,842683,2026-10-03,TX-152579;TX-152584,9,late,16561530,223997
RP-1457-2-0,LN-1457-0,SYN-11457,4,2026-10-24,8426.83,842683,8426.83,842683,2026-11-02,TX-152591;TX-152593;TX-152596,9,late,15942844,215630
RP-1458-0-0,LN-1458-0,SYN-11458,2,2026-08-20,35747.55,3574755,35747.55,3574755,2026-08-23,TX-152606,3,late,39748393,474106
RP-1458-1-0,LN-1458-0,SYN-11458,3,2026-09-20,35747.55,3574755,35747.55,3574755,2026-09-26,TX-152618,6,late,36647744,437122
RP-1458-2-0,LN-1458-0,SYN-11458,4,2026-10-20,35747.55,3574755,35747.55,3574755,2026-10-26,TX-152628,6,late,33510111,399697
RP-1459-0-0,LN-1459-0,SYN-11459,2,2026-08-22,15474.61,1547461,15474.61,1547461,2026-08-22,TX-152640,0,on_time,16759878,270475
RP-1459-1-0,LN-1459-0,SYN-11459,3,2026-09-22,15474.61,1547461,15474.61,1547461,2026-10-04,TX-152659,12,late,15482892,249867
RP-1459-2-0,LN-1459-0,SYN-11459,4,2026-10-22,15474.61,1547461,15474.61,1547461,2026-11-03,TX-152671,12,late,14185298,228926
RP-1461-0-0,LN-1461-0,SYN-11461,2,2026-08-23,6007.05,600705,6007.05,600705,2026-09-04,TX-152713,12,late,18044818,182818
RP-1461-0-1,LN-1461-1,SYN-11461,2,2026-08-23,8262.15,826215,8262.15,826215,2026-09-01,TX-152709;TX-152711,9,late,17327776,192008
RP-1461-1-0,LN-1461-0,SYN-11461,3,2026-09-23,6007.05,600705,6007.05,600705,2026-10-02,TX-152722,9,late,17626931,178584
RP-1461-1-1,LN-1461-1,SYN-11461,3,2026-09-23,8262.15,826215,8262.15,826215,2026-10-02,TX-152723,9,late,16693569,184980
RP-1461-2-0,LN-1461-0,SYN-11461,4,2026-10-23,6007.05,600705,6007.05,600705,2026-11-01,TX-152733,9,late,17204810,174308
RP-1461-2-1,LN-1461-1,SYN-11461,4,2026-10-23,8262.15,826215,8262.15,826215,2026-11-01,TX-152734,9,late,16052334,177875
RP-1462-0-0,LN-1462-0,SYN-11462,2,2026-08-20,11045.2,1104520,11045.2,1104520,2026-08-20,TX-152744,0,on_time,23246643,250653
RP-1462-1-0,LN-1462-0,SYN-11462,3,2026-09-20,11045.2,1104520,11045.2,1104520,2026-09-20,TX-152755,0,on_time,22392776,241446
RP-1462-2-0,LN-1462-0,SYN-11462,4,2026-10-20,11045.2,1104520,0,0,,,0,missed,21529702,232140
RP-1463-0-0,LN-1463-0,SYN-11463,2,2026-08-22,63309.82,6330982,63309.82,6330982,2026-08-22,TX-152781,0,on_time,70991315,751715
RP-1463-1-0,LN-1463-0,SYN-11463,3,2026-09-22,63309.82,6330982,63309.82,6330982,2026-09-22,TX-152792,0,on_time,65412048,692637
RP-1463-2-0,LN-1463-0,SYN-11463,4,2026-10-22,63309.82,6330982,63309.82,6330982,2026-10-22,TX-152803,0,on_time,59773703,632934
RP-1464-0-0,LN-1464-0,SYN-11464,2,2026-08-26,66023.7,6602370,66023.7,6602370,2026-08-26,TX-152818,0,on_time,72743815,973900
RP-1464-1-0,LN-1464-0,SYN-11464,3,2026-09-26,66023.7,6602370,66023.7,6602370,2026-10-08,TX-152828;TX-152832,12,late,67115345,898546
RP-1464-2-0,LN-1464-0,SYN-11464,4,2026-10-26,66023.7,6602370,23413.37,2341337,2026-10-26,TX-152838,0,partial,61411521,822183
RP-1465-0-0,LN-1465-0,SYN-11465,2,2026-08-27,16141.85,1614185,16141.85,1614185,2026-08-27,TX-152850,0,on_time,49225350,455823
RP-1465-1-0,LN-1465-0,SYN-11465,3,2026-09-27,16141.85,1614185,16141.85,1614185,2026-10-03,TX-152861;TX-152862;TX-152865,6,late,48066988,445096
RP-1465-2-0,LN-1465-0,SYN-11465,4,2026-10-27,16141.85,1614185,16141.85,1614185,2026-11-02,TX-152874,6,late,46897899,434271
RP-1466-0-0,LN-1466-0,SYN-11466,2,2026-08-20,45333.79,4533379,45333.79,4533379,2026-08-20,TX-152884,0,on_time,93557503,1164362
RP-1466-1-0,LN-1466-0,SYN-11466,3,2026-09-20,45333.79,4533379,45333.79,4533379,2026-09-20,TX-152894,0,on_time,90188486,1122433
RP-1466-2-0,LN-1466-0,SYN-11466,4,2026-10-20,45333.79,4533379,45333.79,4533379,2026-10-20,TX-152904,0,on_time,86777540,1079983
RP-1467-0-0,LN-1467-0,SYN-11467,2,2026-08-22,14603.02,1460302,14603.02,1460302,2026-08-22,TX-152917,0,on_time,16038118,222902
RP-1467-1-0,LN-1467-0,SYN-11467,3,2026-09-22,14603.02,1460302,14603.02,1460302,2026-09-22,TX-152926,0,on_time,14800718,205704
RP-1467-2-0,LN-1467-0,SYN-11467,4,2026-10-22,14603.02,1460302,14603.02,1460302,2026-10-22,TX-152935,0,on_time,13546120,188267
RP-1468-0-0,LN-1468-0,SYN-11468,2,2026-08-28,9335.05,933505,9335.05,933505,2026-08-28,TX-152951,0,on_time,27900803,290845
RP-1468-1-0,LN-1468-0,SYN-11468,3,2026-09-28,9335.05,933505,9335.05,933505,2026-09-28,TX-152962,0,on_time,27258143,284146
RP-1468-2-0,LN-1468-0,SYN-11468,4,2026-10-28,9335.05,933505,9335.05,933505,2026-10-28,TX-152973,0,on_time,26608784,277377
RP-1469-0-0,LN-1469-0,SYN-11469,2,2026-08-24,17708.52,1770852,17708.52,1770852,2026-08-24,TX-152985,0,on_time,35208636,550663
RP-1469-1-0,LN-1469-0,SYN-11469,3,2026-09-24,17708.52,1770852,17708.52,1770852,2026-10-03,TX-153001,9,late,33988447,531579
RP-1469-2-0,LN-1469-0,SYN-11469,4,2026-10-24,17708.52,1770852,17708.52,1770852,2026-11-02,TX-153008;TX-153011,9,late,32749174,512197
RP-1471-0-0,LN-1471-0,SYN-11471,2,2026-08-20,18529.72,1852972,18529.72,1852972,2026-08-20,TX-153055,0,on_time,20078062,322521
RP-1471-0-1,LN-1471-1,SYN-11471,2,2026-08-20,13634.72,1363472,13634.72,1363472,2026-09-01,TX-153056;TX-153062,12,late,29063335,282345
RP-1471-1-0,LN-1471-0,SYN-11471,3,2026-09-20,18529.72,1852972,18529.72,1852972,2026-10-02,TX-153072;TX-153079,12,late,18547611,297936
RP-1471-1-1,LN-1471-1,SYN-11471,3,2026-09-20,13634.72,1363472,13634.72,1363472,2026-10-02,TX-153073;TX-153080,12,late,27982208,271842
RP-1471-2-0,LN-1471-0,SYN-11471,4,2026-10-20,18529.72,1852972,18529.72,1852972,2026-11-01,TX-153088;TX-153093,12,late,16992575,272957
RP-1471-2-1,LN-1471-1,SYN-11471,4,2026-10-20,13634.72,1363472,13634.72,1363472,2026-11-01,TX-153094,12,late,26890578,261237
RP-1472-0-0,LN-1472-0,SYN-11472,2,2026-08-25,21887.75,2188775,21887.75,2188775,2026-08-25,TX-153105,0,on_time,46249742,483237
RP-1472-1-0,LN-1472-0,SYN-11472,3,2026-09-25,21887.75,2188775,21887.75,2188775,2026-10-01,TX-153117;TX-153120,6,late,44544204,465416
RP-1472-2-0,LN-1472-0,SYN-11472,4,2026-10-25,21887.75,2188775,21887.75,2188775,2026-10-25,TX-153128,0,on_time,42820845,447410
RP-1473-0-0,LN-1473-0,SYN-11473,2,2026-08-28,7255.84,725584,7255.84,725584,2026-08-28,TX-153141,0,on_time,20506644,281225
RP-1473-1-0,LN-1473-0,SYN-11473,3,2026-09-28,7255.84,725584,7255.84,725584,2026-09-28,TX-153150,0,on_time,20062285,275131
RP-1473-2-0,LN-1473-0,SYN-11473,4,2026-10-28,7255.84,725584,7255.84,725584,2026-10-28,TX-153159,0,on_time,19611832,268953
RP-1474-0-0,LN-1474-0,SYN-11474,2,2026-08-23,5769.62,576962,5769.62,576962,2026-08-23,TX-153171,0,on_time,17034340,189734
RP-1474-1-0,LN-1474-0,SYN-11474,3,2026-09-23,5769.62,576962,5769.62,576962,2026-09-23,TX-153182,0,on_time,16647112,185421
RP-1474-2-0,LN-1474-0,SYN-11474,4,2026-10-23,5769.62,576962,5769.62,576962,2026-11-01,TX-153191;TX-153195,9,late,16255571,181060
RP-1475-0-0,LN-1475-0,SYN-11475,2,2026-08-20,24644.51,2464451,24644.51,2464451,2026-08-20,TX-153207,0,on_time,26711409,427852
RP-1475-1-0,LN-1475-0,SYN-11475,3,2026-09-20,24644.51,2464451,24644.51,2464451,2026-09-20,TX-153220,0,on_time,24674810,395231
RP-1475-2-0,LN-1475-0,SYN-11475,4,2026-10-20,24644.51,2464451,24644.51,2464451,2026-11-01,TX-153236,12,late,22605590,362087
RP-1476-0-0,LN-1476-0,SYN-11476,2,2026-08-20,9890.27,989027,9890.27,989027,2026-08-20,TX-153246,0,on_time,10868136,150102
RP-1476-1-0,LN-1476-0,SYN-11476,3,2026-09-20,9890.27,989027,9890.27,989027,2026-09-20,TX-153255,0,on_time,10029211,138515
RP-1476-2-0,LN-1476-0,SYN-11476,4,2026-10-20,9890.27,989027,9890.27,989027,2026-10-20,TX-153264,0,on_time,9178699,126769
RP-1477-0-0,LN-1477-0,SYN-11477,2,2026-08-21,40745.59,4074559,40745.59,4074559,2026-08-21,TX-153280,0,on_time,84136561,1043041
RP-1477-1-0,LN-1477-0,SYN-11477,3,2026-09-21,40745.59,4074559,40745.59,4074559,2026-09-24,TX-153291;TX-153292,3,late,81105043,1005459
RP-1477-2-0,LN-1477-0,SYN-11477,4,2026-10-21,40745.59,4074559,40745.59,4074559,2026-11-02,TX-153303;TX-153304;TX-153307,12,late,78035943,967412
RP-1478-0-0,LN-1478-0,SYN-11478,2,2026-08-25,5249.17,524917,5249.17,524917,2026-08-28,TX-153319,3,late,10949255,126350
RP-1478-1-0,LN-1478-0,SYN-11478,3,2026-09-25,5249.17,524917,5249.17,524917,2026-09-25,TX-153325,0,on_time,10550688,121751
RP-1478-2-0,LN-1478-0,SYN-11478,4,2026-10-25,5249.17,524917,5249.17,524917,2026-10-28,TX-153337,3,late,10147522,117098
RP-1479-0-0,LN-1479-0,SYN-11479,2,2026-08-20,3480.15,348015,3480.15,348015,2026-09-01,TX-153349;TX-153352,12,late,7164935,90633
RP-1479-1-0,LN-1479-0,SYN-11479,3,2026-09-20,3480.15,348015,3480.15,348015,2026-10-02,TX-153364,12,late,6907553,87377
RP-1479-2-0,LN-1479-0,SYN-11479,4,2026-10-20,3480.15,348015,3480.15,348015,2026-11-01,TX-153376,12,late,6646915,84080
RP-1481-0-0,LN-1481-0,SYN-11481,2,2026-08-24,39866.03,3986603,39866.03,3986603,2026-08-24,TX-153421,0,on_time,78888065,1266140
RP-1481-0-1,LN-1481-1,SYN-11481,2,2026-08-24,12927.44,1292744,12927.44,1292744,2026-08-24,TX-153422,0,on_time,26757948,326295
RP-1481-1-0,LN-1481-0,SYN-11481,3,2026-09-24,39866.03,3986603,39866.03,3986603,2026-09-24,TX-153434,0,on_time,76167602,1222477
RP-1481-1-1,LN-1481-1,SYN-11481,3,2026-09-24,12927.44,1292744,12927.44,1292744,2026-10-03,TX-153435;TX-153439,9,late,25791499,314510
RP-1481-2-0,LN-1481-0,SYN-11481,4,2026-10-24,39866.03,3986603,39866.03,3986603,2026-11-02,TX-153450,9,late,73403476,1178114
RP-1481-2-1,LN-1481-1,SYN-11481,4,2026-10-24,12927.44,1292744,12927.44,1292744,2026-11-02,TX-153451,9,late,24813265,302581
RP-1482-0-0,LN-1482-0,SYN-11482,2,2026-08-27,67088.68,6708868,67088.68,6708868,2026-08-27,TX-153463,0,on_time,74391854,919979
RP-1482-1-0,LN-1482-0,SYN-11482,3,2026-09-27,67088.68,6708868,67088.68,6708868,2026-10-03,TX-153474;TX-153477,6,late,68602965,848390
RP-1482-2-0,LN-1482-0,SYN-11482,4,2026-10-27,67088.68,6708868,67088.68,6708868,2026-11-02,TX-153487,6,late,62742487,775915
RP-1483-0-0,LN-1483-0,SYN-11483,2,2026-08-21,16106.5,1610650,16106.5,1610650,2026-08-21,TX-153497,0,on_time,31866813,511906
RP-1483-1-0,LN-1483-0,SYN-11483,3,2026-09-21,16106.5,1610650,16106.5,1610650,2026-09-21,TX-153509,0,on_time,30768069,494256
RP-1483-2-0,LN-1483-0,SYN-11483,4,2026-10-21,16106.5,1610650,16106.5,1610650,2026-11-02,TX-153520;TX-153526,12,late,29651675,476322
RP-1484-0-0,LN-1484-0,SYN-11484,2,2026-08-25,11227.17,1122717,11227.17,1122717,2026-08-25,TX-153536,0,on_time,33636249,345966
RP-1484-1-0,LN-1484-0,SYN-11484,3,2026-09-25,11227.17,1122717,11227.17,1122717,2026-09-25,TX-153547,0,on_time,32859498,337976
RP-1484-2-0,LN-1484-0,SYN-11484,4,2026-10-25,11227.17,1122717,11227.17,1122717,2026-10-25,TX-153556,0,on_time,32074757,329905
RP-1485-0-0,LN-1485-0,SYN-11485,2,2026-08-28,21258.81,2125881,21258.81,2125881,2026-08-28,TX-153569,0,on_time,42425455,649870
RP-1485-1-0,LN-1485-0,SYN-11485,3,2026-09-28,21258.81,2125881,21258.81,2125881,2026-09-28,TX-153578,0,on_time,40949444,627260
RP-1485-2-0,LN-1485-0,SYN-11485,4,2026-10-28,21258.81,2125881,21258.81,2125881,2026-10-28,TX-153587,0,on_time,39450823,604304
RP-1486-0-0,LN-1486-0,SYN-11486,2,2026-08-26,29582.57,2958257,29582.57,2958257,2026-08-26,TX-153600,0,on_time,33056815,368256
RP-1486-1-0,LN-1486-0,SYN-11486,3,2026-09-26,29582.57,2958257,29582.57,2958257,2026-09-26,TX-153610,0,on_time,30466814,339403
RP-1486-2-0,LN-1486-0,SYN-11486,4,2026-10-26,29582.57,2958257,29582.57,2958257,2026-10-26,TX-153620,0,on_time,27847960,310229
RP-1487-0-0,LN-1487-0,SYN-11487,2,2026-08-26,4203.17,420317,4203.17,420317,2026-09-01,TX-153634,6,late,12251402,145663
RP-1487-1-0,LN-1487-0,SYN-11487,3,2026-09-26,4203.17,420317,4203.17,420317,2026-10-02,TX-153644,6,late,11976748,142398
RP-1487-2-0,LN-1487-0,SYN-11487,4,2026-10-26,4203.17,420317,4203.17,420317,2026-11-01,TX-153653;TX-153655,6,late,11698829,139093
RP-1488-0-0,LN-1488-0,SYN-11488,2,2026-08-27,15945.91,1594591,15945.91,1594591,2026-08-27,TX-153667,0,on_time,45000423,621073
RP-1488-1-0,LN-1488-0,SYN-11488,3,2026-09-27,15945.91,1594591,15945.91,1594591,2026-09-27,TX-153677,0,on_time,44026905,607637
RP-1488-2-0,LN-1488-0,SYN-11488,4,2026-10-27,15945.91,1594591,15945.91,1594591,2026-10-27,TX-153687,0,on_time,43039951,594016
RP-1489-0-0,LN-1489-0,SYN-11489,2,2026-08-23,10947.82,1094782,10947.82,1094782,2026-08-26,TX-153700,3,late,31309304,407381
RP-1489-1-0,LN-1489-0,SYN-11489,3,2026-09-23,10947.82,1094782,10947.82,1094782,2026-10-02,TX-153714,9,late,30621903,398437
RP-1489-2-0,LN-1489-0,SYN-11489,4,2026-10-23,10947.82,1094782,10947.82,1094782,2026-10-29,TX-153722,6,late,29925558,389376
RP-1491-0-0,LN-1491-0,SYN-11491,2,2026-08-27,18241.42,1824142,18241.42,1824142,2026-08-27,TX-153771,0,on_time,36671212,538611
RP-1491-0-1,LN-1491-1,SYN-11491,2,2026-08-27,18841.21,1884121,18841.21,1884121,2026-08-27,TX-153772,0,on_time,54735539,661506
RP-1491-1-0,LN-1491-0,SYN-11491,3,2026-09-27,18241.42,1824142,18241.42,1824142,2026-09-27,TX-153781,0,on_time,35385681,519730
RP-1491-1-1,LN-1491-1,SYN-11491,3,2026-09-27,18841.21,1884121,18841.21,1884121,2026-09-27,TX-153782,0,on_time,53512924,646730
RP-1491-2-0,LN-1491-0,SYN-11491,4,2026-10-27,18241.42,1824142,18241.42,1824142,2026-11-05,TX-153791;TX-153792;TX-153795,9,late,34081269,500571
RP-1491-2-1,LN-1491-1,SYN-11491,4,2026-10-27,18841.21,1884121,18841.21,1884121,2026-11-05,TX-153796,9,late,52275533,631776
RP-1492-0-0,LN-1492-0,SYN-11492,2,2026-08-26,18075.93,1807593,18075.93,1807593,2026-08-26,TX-153806,0,on_time,20400116,195209
RP-1492-1-0,LN-1492-0,SYN-11492,3,2026-09-26,18075.93,1807593,18075.93,1807593,2026-09-26,TX-153817,0,on_time,18787732,179780
RP-1492-2-0,LN-1492-0,SYN-11492,4,2026-10-26,18075.93,1807593,18075.93,1807593,2026-10-26,TX-153826,0,on_time,17159919,164203
RP-1493-0-0,LN-1493-0,SYN-11493,2,2026-08-24,22791.89,2279189,22791.89,2279189,2026-08-24,TX-153839,0,on_time,48595201,471025
RP-1493-1-0,LN-1493-0,SYN-11493,3,2026-09-24,22791.89,2279189,22791.89,2279189,2026-09-24,TX-153849,0,on_time,46787037,453499
RP-1493-2-0,LN-1493-0,SYN-11493,4,2026-10-24,22791.89,2279189,22791.89,2279189,2026-10-24,TX-153859,0,on_time,44961347,435803
RP-1494-0-0,LN-1494-0,SYN-11494,2,2026-08-28,14664.64,1466464,14664.64,1466464,2026-08-28,TX-153873,0,on_time,16183251,212506
RP-1494-1-0,LN-1494-0,SYN-11494,3,2026-09-28,14664.64,1466464,14664.64,1466464,2026-10-01,TX-153884,3,late,14929293,196040
RP-1494-2-0,LN-1494-0,SYN-11494,4,2026-10-28,14664.64,1466464,14664.64,1466464,2026-11-03,TX-153893;TX-153894;TX-153897,6,late,13658869,179358
RP-1495-0-0,LN-1495-0,SYN-11495,2,2026-08-26,14323.34,1432334,14323.34,1432334,2026-08-26,TX-153909,0,on_time,16162754,155018
RP-1495-1-0,LN-1495-0,SYN-11495,3,2026-09-26,14323.34,1432334,14323.34,1432334,2026-09-26,TX-153920,0,on_time,14885438,142767
RP-1495-2-0,LN-1495-0,SYN-11495,4,2026-10-26,14323.34,1432334,14323.34,1432334,2026-10-29,TX-153933,3,late,13595871,130399
RP-1496-0-0,LN-1496-0,SYN-11496,2,2026-08-27,37621.66,3762166,37621.66,3762166,2026-08-27,TX-153945,0,on_time,75431714,1125102
RP-1496-1-0,LN-1496-0,SYN-11496,3,2026-09-27,37621.66,3762166,37621.66,3762166,2026-09-27,TX-153954,0,on_time,72794650,1085769
RP-1496-2-0,LN-1496-0,SYN-11496,4,2026-10-27,37621.66,3762166,37621.66,3762166,2026-10-27,TX-153963,0,on_time,70118253,1045849
RP-1497-0-0,LN-1497-0,SYN-11497,2,2026-08-23,22613.03,2261303,22613.03,2261303,2026-08-29,TX-153974;TX-153977,6,late,25268063,281598
RP-1497-1-0,LN-1497-0,SYN-11497,3,2026-09-23,22613.03,2261303,22613.03,2261303,2026-09-29,TX-153993,6,late,23288358,259535
RP-1497-2-0,LN-1497-0,SYN-11497,4,2026-10-23,22613.03,2261303,22613.03,2261303,2026-10-29,TX-154005,6,late,21286590,237227
RP-1498-0-0,LN-1498-0,SYN-11498,2,2026-08-28,17675.28,1767528,17675.28,1767528,2026-08-28,TX-154018,0,on_time,35037040,557083
RP-1498-1-0,LN-1498-0,SYN-11498,3,2026-09-28,17675.28,1767528,17675.28,1767528,2026-09-28,TX-154031,0,on_time,33826595,537837
RP-1498-2-0,LN-1498-0,SYN-11498,4,2026-10-28,17675.28,1767528,17675.28,1767528,2026-10-28,TX-154042,0,on_time,32596904,518285
RP-1499-0-0,LN-1499-0,SYN-11499,2,2026-08-26,31781.8,3178180,31781.8,3178180,2026-08-26,TX-154054,0,on_time,35096228,457149
RP-1499-1-0,LN-1499-0,SYN-11499,3,2026-09-26,31781.8,3178180,31781.8,3178180,2026-09-26,TX-154063,0,on_time,32375197,421706
RP-1499-2-0,LN-1499-0,SYN-11499,4,2026-10-26,31781.8,3178180,31781.8,3178180,2026-10-26,TX-154072,0,on_time,29618723,385801
RP-1501-0-0,LN-1501-0,SYN-11501,2,2026-08-23,28067.89,2806789,28067.89,2806789,2026-08-29,TX-154116;TX-154121,6,late,79697425,1070841
RP-1501-0-1,LN-1501-1,SYN-11501,2,2026-08-23,50887.07,5088707,50887.07,5088707,2026-08-29,TX-154117;TX-154122,6,late,57457564,545464
RP-1501-1-0,LN-1501-0,SYN-11501,3,2026-09-23,28067.89,2806789,28067.89,2806789,2026-09-29,TX-154131;TX-154136,6,late,77961477,1047516
RP-1501-1-1,LN-1501-1,SYN-11501,3,2026-09-23,50887.07,5088707,50887.07,5088707,2026-09-29,TX-154132;TX-154137,6,late,52914321,502333
RP-1501-2-0,LN-1501-0,SYN-11501,4,2026-10-23,28067.89,2806789,28067.89,2806789,2026-10-29,TX-154149,6,late,76202204,1023878
RP-1501-2-1,LN-1501-1,SYN-11501,4,2026-10-23,50887.07,5088707,50887.07,5088707,2026-10-29,TX-154150,6,late,48327947,458793
RP-1502-0-0,LN-1502-0,SYN-11502,2,2026-08-23,13048.73,1304873,13048.73,1304873,2026-08-29,TX-154163,6,late,26632795,356584
RP-1502-1-0,LN-1502-0,SYN-11502,3,2026-09-23,13048.73,1304873,13048.73,1304873,2026-09-26,TX-154172,3,late,25684506,343888
RP-1502-2-0,LN-1502-0,SYN-11502,4,2026-10-23,13048.73,1304873,13048.73,1304873,2026-10-26,TX-154182,3,late,24723521,331021
RP-1503-0-0,LN-1503-0,SYN-11503,2,2026-08-21,16200.77,1620077,16200.77,1620077,2026-08-21,TX-154193,0,on_time,32426329,488503
RP-1503-1-0,LN-1503-0,SYN-11503,3,2026-09-21,16200.77,1620077,16200.77,1620077,2026-09-21,TX-154204,0,on_time,31294755,471455
RP-1503-2-0,LN-1503-0,SYN-11503,4,2026-10-21,16200.77,1620077,16200.77,1620077,2026-10-21,TX-154213,0,on_time,30146133,454151
RP-1504-0-0,LN-1504-0,SYN-11504,2,2026-08-28,33305.89,3330589,33305.89,3330589,2026-08-28,TX-154228,0,on_time,36380218,537384
RP-1504-1-0,LN-1504-0,SYN-11504,3,2026-09-28,33305.89,3330589,33305.89,3330589,2026-09-28,TX-154238,0,on_time,33587013,496125
RP-1504-2-0,LN-1504-0,SYN-11504,4,2026-10-28,33305.89,3330589,33305.89,3330589,2026-10-28,TX-154248,0,on_time,30752549,454256
RP-1505-0-0,LN-1505-0,SYN-11505,2,2026-08-27,19743.94,1974394,19743.94,1974394,2026-08-30,TX-154263,3,late,55050871,799412
RP-1505-1-0,LN-1505-0,SYN-11505,3,2026-09-27,19743.94,1974394,19743.94,1974394,2026-09-30,TX-154273,3,late,53875889,782350
RP-1505-2-0,LN-1505-0,SYN-11505,4,2026-10-27,19743.94,1974394,19743.94,1974394,2026-10-30,TX-154281;TX-154284,3,late,52683845,765040
RP-1506-0-0,LN-1506-0,SYN-11506,2,2026-08-26,12712.43,1271243,12712.43,1271243,2026-08-26,TX-154295,0,on_time,14158007,165240
RP-1506-1-0,LN-1506-0,SYN-11506,3,2026-09-26,12712.43,1271243,12712.43,1271243,2026-10-05,TX-154311,9,late,13052004,152332
RP-1506-2-0,LN-1506-0,SYN-11506,4,2026-10-26,12712.43,1271243,12712.43,1271243,2026-11-01,TX-154322,6,late,11933093,139273
RP-1507-0-0,LN-1507-0,SYN-11507,2,2026-08-25,11607.05,1160705,11607.05,1160705,2026-08-25,TX-154334,0,on_time,23978512,296340
RP-1507-1-0,LN-1507-0,SYN-11507,3,2026-09-25,11607.05,1160705,11607.05,1160705,2026-09-25,TX-154346,0,on_time,23114147,285658
RP-1507-2-0,LN-1507-0,SYN-11507,4,2026-10-25,11607.05,1160705,11607.05,1160705,2026-10-25,TX-154356,0,on_time,22239100,274844
RP-1508-0-0,LN-1508-0,SYN-11508,2,2026-08-26,58289.05,5828905,58289.05,5828905,2026-08-29,TX-154370,3,late,65647586,649698
RP-1508-1-0,LN-1508-0,SYN-11508,3,2026-09-26,58289.05,5828905,58289.05,5828905,2026-09-29,TX-154382,3,late,60468379,598440
RP-1508-2-0,LN-1508-0,SYN-11508,4,2026-10-26,58289.05,5828905,58289.05,5828905,2026-11-01,TX-154392;TX-154394,6,late,55237914,546676
RP-1509-0-0,LN-1509-0,SYN-11509,2,2026-08-21,13032.39,1303239,13032.39,1303239,2026-08-21,TX-154404,0,on_time,36549830,518021
RP-1509-1-0,LN-1509-0,SYN-11509,3,2026-09-21,13032.39,1303239,13032.39,1303239,2026-09-21,TX-154415,0,on_time,35764612,506892
RP-1509-2-0,LN-1509-0,SYN-11509,4,2026-10-21,13032.39,1303239,13032.39,1303239,2026-10-21,TX-154426,0,on_time,34968265,495605
RP-1511-0-0,LN-1511-0,SYN-11511,2,2026-08-24,15425.25,1542525,15425.25,1542525,2026-08-24,TX-154473,0,on_time,43719515,592163
RP-1511-0-1,LN-1511-1,SYN-11511,2,2026-08-24,10919.73,1091973,10919.73,1091973,2026-08-24,TX-154474,0,on_time,32057956,367667
RP-1511-1-0,LN-1511-0,SYN-11511,3,2026-09-24,15425.25,1542525,15425.25,1542525,2026-09-24,TX-154485,0,on_time,42769153,579290
RP-1511-1-1,LN-1511-1,SYN-11511,3,2026-09-24,10919.73,1091973,10919.73,1091973,2026-09-24,TX-154486,0,on_time,31333650,359360
RP-1511-2-0,LN-1511-0,SYN-11511,4,2026-10-24,15425.25,1542525,15425.25,1542525,2026-10-24,TX-154495,0,on_time,41805918,566244
RP-1511-2-1,LN-1511-1,SYN-11511,4,2026-10-24,10919.73,1091973,10919.73,1091973,2026-10-24,TX-154496,0,on_time,30601037,350958
RP-1512-0-0,LN-1512-0,SYN-11512,2,2026-08-25,18482.31,1848231,18482.31,1848231,2026-10-06,TX-154514;TX-154527,42,late,20501321,252409
RP-1512-1-0,LN-1512-0,SYN-11512,3,2026-09-25,18482.31,1848231,7211.78,721178,2026-10-07,TX-154528,12,partial,19106176,235232
RP-1512-2-0,LN-1512-0,SYN-11512,4,2026-10-25,18482.31,1848231,0,0,,,0,missed,18419553,226778
RP-1513-0-0,LN-1513-0,SYN-11513,2,2026-08-26,5613.07,561307,5613.07,561307,2026-08-26,TX-154542,0,on_time,11725870,133824
RP-1513-1-0,LN-1513-0,SYN-11513,3,2026-09-26,5613.07,561307,5613.07,561307,2026-09-26,TX-154553,0,on_time,11298387,128946
RP-1513-2-0,LN-1513-0,SYN-11513,4,2026-10-26,5613.07,561307,5613.07,561307,2026-10-26,TX-154562,0,on_time,10866026,124011
RP-1514-0-0,LN-1514-0,SYN-11514,2,2026-08-23,16286.1,1628610,16286.1,1628610,2026-08-23,TX-154572,0,on_time,50277808,430127
RP-1514-1-0,LN-1514-0,SYN-11514,3,2026-09-23,16286.1,1628610,16286.1,1628610,2026-09-23,TX-154585,0,on_time,49079325,419874
RP-1514-2-0,LN-1514-0,SYN-11514,4,2026-10-23,16286.1,1628610,16286.1,1628610,2026-10-23,TX-154595,0,on_time,47870589,409533
RP-1515-0-0,LN-1515-0,SYN-11515,2,2026-08-28,8746.08,874608,8746.08,874608,2026-08-28,TX-154611,0,on_time,9874869,93824
RP-1515-1-0,LN-1515-0,SYN-11515,3,2026-09-28,8746.08,874608,8746.08,874608,2026-09-28,TX-154621,0,on_time,9094085,86405
RP-1515-2-0,LN-1515-0,SYN-11515,4,2026-10-28,8746.08,874608,8746.08,874608,2026-10-28,TX-154631,0,on_time,8305882,78916
RP-1516-0-0,LN-1516-0,SYN-11516,2,2026-08-26,40732.53,4073253,40732.53,4073253,2026-08-26,TX-154643,0,on_time,45107116,567301
RP-1516-1-0,LN-1516-0,SYN-11516,3,2026-09-26,40732.53,4073253,40732.53,4073253,2026-09-26,TX-154652,0,on_time,41601164,523207
RP-1516-2-0,LN-1516-0,SYN-11516,4,2026-10-26,40732.53,4073253,23247.18,2324718,2026-10-26,TX-154661,0,partial,38051118,478559
RP-1517-0-0,LN-1517-0,SYN-11517,2,2026-08-28,46089.06,4608906,46089.06,4608906,2026-08-28,TX-154675,0,on_time,95551356,1152126
RP-1517-1-0,LN-1517-0,SYN-11517,3,2026-09-28,46089.06,4608906,46089.06,4608906,2026-09-28,TX-154688,0,on_time,92094576,1110446
RP-1517-2-0,LN-1517-0,SYN-11517,4,2026-10-28,46089.06,4608906,46089.06,4608906,2026-10-28,TX-154699,0,on_time,88596116,1068262
RP-1518-0-0,LN-1518-0,SYN-11518,2,2026-08-20,13782.22,1378222,13782.22,1378222,2026-08-20,TX-154711,0,on_time,38498920,554818
RP-1518-1-0,LN-1518-0,SYN-11518,3,2026-09-20,13782.22,1378222,13782.22,1378222,2026-10-02,TX-154727;TX-154732,12,late,37675516,542951
RP-1518-2-0,LN-1518-0,SYN-11518,4,2026-10-20,13782.22,1378222,13782.22,1378222,2026-11-01,TX-154739;TX-154745,12,late,36840245,530914
RP-1519-0-0,LN-1519-0,SYN-11519,2,2026-08-22,19943.02,1994302,19943.02,1994302,2026-08-22,TX-154758,0,on_time,41056113,519562
RP-1519-1-0,LN-1519-0,SYN-11519,3,2026-09-22,19943.02,1994302,19943.02,1994302,2026-09-22,TX-154771,0,on_time,39581373,500899
RP-1519-2-0,LN-1519-0,SYN-11519,4,2026-10-22,19943.02,1994302,19943.02,1994302,2026-10-22,TX-154782,0,on_time,38087970,482000
RP-1521-0-0,LN-1521-0,SYN-11521,2,2026-08-25,14098.64,1409864,14098.64,1409864,2026-08-25,TX-154828,0,on_time,41525693,468330
RP-1521-0-1,LN-1521-1,SYN-11521,2,2026-08-25,15750.87,1575087,15750.87,1575087,2026-08-25,TX-154829,0,on_time,31356240,486965
RP-1521-1-0,LN-1521-0,SYN-11521,3,2026-09-25,14098.64,1409864,14098.64,1409864,2026-09-25,TX-154840,0,on_time,40584159,457712
RP-1521-1-1,LN-1521-1,SYN-11521,3,2026-09-25,15750.87,1575087,15750.87,1575087,2026-09-25,TX-154841,0,on_time,30268118,470066
RP-1521-2-0,LN-1521-0,SYN-11521,4,2026-10-25,14098.64,1409864,14098.64,1409864,2026-10-25,TX-154850,0,on_time,39632007,446973
RP-1521-2-1,LN-1521-1,SYN-11521,4,2026-10-25,15750.87,1575087,15750.87,1575087,2026-10-25,TX-154851,0,on_time,29163097,452905
RP-1522-0-0,LN-1522-0,SYN-11522,2,2026-08-21,40688.38,4068838,40688.38,4068838,2026-08-21,TX-154863,0,on_time,87101972,814941
RP-1522-1-0,LN-1522-0,SYN-11522,3,2026-09-21,40688.38,4068838,40688.38,4068838,2026-09-30,TX-154876;TX-154878;TX-154882,9,late,83848075,784497
RP-1522-2-0,LN-1522-0,SYN-11522,4,2026-10-21,40688.38,4068838,40688.38,4068838,2026-10-30,TX-154889;TX-154894,9,late,80563734,753768
RP-1523-0-0,LN-1523-0,SYN-11523,2,2026-08-24,12002.37,1200237,12002.37,1200237,2026-08-24,TX-154904,0,on_time,32577016,525831
RP-1523-1-0,LN-1523-0,SYN-11523,3,2026-09-24,12002.37,1200237,12002.37,1200237,2026-09-24,TX-154915,0,on_time,31902610,514945
RP-1523-2-0,LN-1523-0,SYN-11523,4,2026-10-24,12002.37,1200237,12002.37,1200237,2026-10-24,TX-154924,0,on_time,31217318,503884
RP-1524-0-0,LN-1524-0,SYN-11524,2,2026-08-28,16504.11,1650411,16504.11,1650411,2026-08-28,TX-154939,0,on_time,33399190,471558
RP-1524-1-0,LN-1524-0,SYN-11524,3,2026-09-28,16504.11,1650411,16504.11,1650411,2026-09-28,TX-154951,0,on_time,32220337,454914
RP-1524-2-0,LN-1524-0,SYN-11524,4,2026-10-28,16504.11,1650411,16504.11,1650411,2026-10-28,TX-154961,0,on_time,31024840,438035
RP-1525-0-0,LN-1525-0,SYN-11525,2,2026-08-26,10138.0,1013800,10138.0,1013800,2026-08-26,TX-154973,0,on_time,28687627,391314
RP-1525-1-0,LN-1525-0,SYN-11525,3,2026-09-26,10138.0,1013800,10138.0,1013800,2026-09-26,TX-154982,0,on_time,28065141,382823
RP-1525-2-0,LN-1525-0,SYN-11525,4,2026-10-26,10138.0,1013800,10138.0,1013800,2026-10-26,TX-154991,0,on_time,27434164,374216
RP-1526-0-0,LN-1526-0,SYN-11526,2,2026-08-20,30582.53,3058253,30582.53,3058253,2026-08-20,TX-155000,0,on_time,34478890,335603
RP-1526-1-0,LN-1526-0,SYN-11526,3,2026-09-20,30582.53,3058253,30582.53,3058253,2026-10-02,TX-155017,12,late,31756240,309102
RP-1526-2-0,LN-1526-0,SYN-11526,4,2026-10-20,30582.53,3058253,30582.53,3058253,2026-11-04,TX-155028,15,late,29007089,282343
RP-1527-0-0,LN-1527-0,SYN-11527,2,2026-08-24,50633.49,5063349,50633.49,5063349,2026-08-24,TX-155038,0,on_time,57262802,529137
RP-1527-1-0,LN-1527-0,SYN-11527,3,2026-09-24,50633.49,5063349,50633.49,5063349,2026-10-06,TX-155052;TX-155058,12,late,52728590,487239
RP-1527-2-0,LN-1527-0,SYN-11527,4,2026-10-24,50633.49,5063349,50633.49,5063349,2026-11-05,TX-155065;TX-155069,12,late,48152480,444953
RP-1528-0-0,LN-1528-0,SYN-11528,2,2026-08-28,47687.21,4768721,47687.21,4768721,2026-08-28,TX-155080,0,on_time,52007615,781276
RP-1528-1-0,LN-1528-0,SYN-11528,3,2026-09-28,47687.21,4768721,47687.21,4768721,2026-10-28,TX-155091;TX-155092;TX-155104,30,late,48020170,721375
RP-1528-2-0,LN-1528-0,SYN-11528,4,2026-10-28,47687.21,4768721,32726.51,3272651,2026-10-28,TX-155105,0,partial,44490907,668357
RP-1529-0-0,LN-1529-0,SYN-11529,2,2026-08-28,4351.58,435158,4351.58,435158,2026-08-28,TX-155117,0,on_time,12373940,165199
RP-1529-1-0,LN-1529-0,SYN-11529,3,2026-09-28,4351.58,435158,4351.58,435158,2026-09-28,TX-155130,0,on_time,12103981,161595
RP-1529-2-0,LN-1529-0,SYN-11529,4,2026-10-28,4351.58,435158,4351.58,435158,2026-10-28,TX-155140,0,on_time,11830418,157943
RP-1531-0-0,LN-1531-0,SYN-11531,2,2026-08-27,24808.19,2480819,24808.19,2480819,2026-08-27,TX-155186,0,on_time,27269588,375255
RP-1531-0-1,LN-1531-1,SYN-11531,2,2026-08-27,23617.04,2361704,23617.04,2361704,2026-08-27,TX-155187,0,on_time,63884802,1044298
RP-1531-1-0,LN-1531-0,SYN-11531,3,2026-09-27,24808.19,2480819,24808.19,2480819,2026-09-27,TX-155201,0,on_time,25164024,346280
RP-1531-1-1,LN-1531-1,SYN-11531,3,2026-09-27,23617.04,2361704,23617.04,2361704,2026-09-27,TX-155202,0,on_time,62567396,1022763
RP-1531-2-0,LN-1531-0,SYN-11531,4,2026-10-27,24808.19,2480819,24808.19,2480819,2026-10-27,TX-155213,0,on_time,23029485,316907
RP-1531-2-1,LN-1531-1,SYN-11531,4,2026-10-27,23617.04,2361704,23617.04,2361704,2026-10-27,TX-155214,0,on_time,61228455,1000876
RP-1532-0-0,LN-1532-0,SYN-11532,2,2026-08-25,7336.08,733608,7336.08,733608,2026-08-25,TX-155227,0,on_time,15538656,159219
RP-1532-1-0,LN-1532-0,SYN-11532,3,2026-09-25,7336.08,733608,7336.08,733608,2026-09-25,TX-155237,0,on_time,14964267,153334
RP-1532-2-0,LN-1532-0,SYN-11532,4,2026-10-25,7336.08,733608,7336.08,733608,2026-10-25,TX-155247,0,on_time,14383993,147388
RP-1533-0-0,LN-1533-0,SYN-11533,2,2026-08-25,15222.34,1522234,15222.34,1522234,2026-08-25,TX-155259,0,on_time,30643857,446473
RP-1533-1-0,LN-1533-0,SYN-11533,3,2026-09-25,15222.34,1522234,15222.34,1522234,2026-09-25,TX-155269,0,on_time,29568096,430800
RP-1533-2-0,LN-1533-0,SYN-11533,4,2026-10-25,15222.34,1522234,15222.34,1522234,2026-10-25,TX-155279,0,on_time,28476662,414898
RP-1534-0-0,LN-1534-0,SYN-11534,2,2026-08-26,8594.22,859422,8594.22,859422,2026-08-26,TX-155297,0,on_time,18356281,175214
RP-1534-1-0,LN-1534-0,SYN-11534,3,2026-09-26,8594.22,859422,8594.22,859422,2026-09-26,TX-155308,0,on_time,17672073,168683
RP-1534-2-0,LN-1534-0,SYN-11534,4,2026-10-26,8594.22,859422,8594.22,859422,2026-10-26,TX-155319,0,on_time,16981334,162090
RP-1535-0-0,LN-1535-0,SYN-11535,2,2026-08-25,23068.3,2306830,23068.3,2306830,2026-08-25,TX-155330,0,on_time,25367591,347396
RP-1535-1-0,LN-1535-0,SYN-11535,3,2026-09-25,23068.3,2306830,23068.3,2306830,2026-09-25,TX-155340,0,on_time,23408157,320563
RP-1535-2-0,LN-1535-0,SYN-11535,4,2026-10-25,23068.3,2306830,23068.3,2306830,2026-10-25,TX-155350,0,on_time,21421890,293362
RP-1536-0-0,LN-1536-0,SYN-11536,2,2026-08-20,6446.5,644650,6446.5,644650,2026-08-20,TX-155360,0,on_time,18354565,243643
RP-1536-1-0,LN-1536-0,SYN-11536,3,2026-09-20,6446.5,644650,6446.5,644650,2026-09-20,TX-155371,0,on_time,17953558,238320
RP-1536-2-0,LN-1536-0,SYN-11536,4,2026-10-20,6446.5,644650,6446.5,644650,2026-10-20,TX-155382,0,on_time,17547228,232926
RP-1537-0-0,LN-1537-0,SYN-11537,2,2026-08-24,22767.41,2276741,22767.41,2276741,2026-08-24,TX-155397,0,on_time,44875975,735540
RP-1537-1-0,LN-1537-0,SYN-11537,3,2026-09-24,22767.41,2276741,22767.41,2276741,2026-09-24,TX-155411,0,on_time,43334774,710279
RP-1537-2-0,LN-1537-0,SYN-11537,4,2026-10-24,22767.41,2276741,22767.41,2276741,2026-10-24,TX-155420,0,on_time,41768312,684604
RP-1538-0-0,LN-1538-0,SYN-11538,2,2026-08-22,72048.07,7204807,72048.07,7204807,2026-08-28,TX-155435,6,late,81179122,797788
RP-1538-1-0,LN-1538-0,SYN-11538,3,2026-09-22,72048.07,7204807,72048.07,7204807,2026-09-28,TX-155445,6,late,74772103,734823
RP-1538-2-0,LN-1538-0,SYN-11538,4,2026-10-22,72048.07,7204807,72048.07,7204807,2026-10-28,TX-155455,6,late,68302119,671239
RP-1539-0-0,LN-1539-0,SYN-11539,2,2026-08-20,11268.15,1126815,11268.15,1126815,2026-08-23,TX-155465,3,late,31705589,443170
RP-1539-1-0,LN-1539-0,SYN-11539,3,2026-09-20,11268.15,1126815,11268.15,1126815,2026-09-26,TX-155475,6,late,31021944,433614
RP-1539-2-0,LN-1539-0,SYN-11539,4,2026-10-20,11268.15,1126815,11268.15,1126815,2026-10-26,TX-155484,6,late,30328743,423925
RP-1541-0-0,LN-1541-0,SYN-11541,2,2026-08-28,17263.37,1726337,17263.37,1726337,2026-08-31,TX-155532,3,late,34036920,557037
RP-1541-0-1,LN-1541-1,SYN-11541,2,2026-08-28,15455.18,1545518,15455.18,1545518,2026-08-31,TX-155533,3,late,42053154,672458
RP-1541-1-0,LN-1541-0,SYN-11541,3,2026-09-28,17263.37,1726337,17263.37,1726337,2026-10-04,TX-155544,6,late,32867620,537901
RP-1541-1-1,LN-1541-1,SYN-11541,3,2026-09-28,15455.18,1545518,15455.18,1545518,2026-10-04,TX-155545,6,late,41180094,658497
RP-1541-2-0,LN-1541-0,SYN-11541,4,2026-10-28,17263.37,1726337,17263.37,1726337,2026-11-03,TX-155554,6,late,31679184,518451
RP-1541-2-1,LN-1541-1,SYN-11541,4,2026-10-28,15455.18,1545518,15455.18,1545518,2026-11-03,TX-155555,6,late,40293073,644313
RP-1542-0-0,LN-1542-0,SYN-11542,2,2026-08-24,26985.4,2698540,26985.4,2698540,2026-08-24,TX-155565,0,on_time,29810293,386592
RP-1542-1-0,LN-1542-0,SYN-11542,3,2026-09-24,26985.4,2698540,26985.4,2698540,2026-09-24,TX-155579,0,on_time,27498345,356610
RP-1542-2-0,LN-1542-0,SYN-11542,4,2026-10-24,26985.4,2698540,26985.4,2698540,2026-10-24,TX-155590,0,on_time,25156415,326239
RP-1543-0-0,LN-1543-0,SYN-11543,2,2026-08-23,5659.2,565920,5659.2,565920,2026-08-23,TX-155605,0,on_time,15692050,233079
RP-1543-1-0,LN-1543-0,SYN-11543,3,2026-09-23,5659.2,565920,5659.2,565920,2026-09-23,TX-155617,0,on_time,15359209,228135
RP-1543-2-0,LN-1543-0,SYN-11543,4,2026-10-23,5659.2,565920,5659.2,565920,2026-10-23,TX-155627,0,on_time,15021424,223118
RP-1544-0-0,LN-1544-0,SYN-11544,2,2026-08-27,15084.22,1508422,15084.22,1508422,2026-08-30,TX-155640;TX-155642,3,late,40949923,660488
RP-1544-1-0,LN-1544-0,SYN-11544,3,2026-09-27,15084.22,1508422,15084.22,1508422,2026-09-27,TX-155651,0,on_time,40101989,646812
RP-1544-2-0,LN-1544-0,SYN-11544,4,2026-10-27,15084.22,1508422,15084.22,1508422,2026-10-30,TX-155664,3,late,39240379,632915
RP-1545-0-0,LN-1545-0,SYN-11545,2,2026-08-20,42047.51,4204751,42047.51,4204751,2026-08-20,TX-155674,0,on_time,47308129,475719
RP-1545-1-0,LN-1545-0,SYN-11545,3,2026-09-20,42047.51,4204751,42047.51,4204751,2026-09-20,TX-155683,0,on_time,43579097,438221
RP-1545-2-0,LN-1545-0,SYN-11545,4,2026-10-20,42047.51,4204751,42047.51,4204751,2026-11-01,TX-155692;TX-155697,12,late,39812567,400345
RP-1546-0-0,LN-1546-0,SYN-11546,2,2026-08-20,44115.03,4411503,44115.03,4411503,2026-08-20,TX-155708,0,on_time,89779771,1224252
RP-1546-1-0,LN-1546-0,SYN-11546,3,2026-09-20,44115.03,4411503,44115.03,4411503,2026-10-02,TX-155727,12,late,86592520,1180790
RP-1546-2-0,LN-1546-0,SYN-11546,4,2026-10-20,44115.03,4411503,44115.03,4411503,2026-11-01,TX-155734;TX-155740,12,late,83361807,1136735
RP-1547-0-0,LN-1547-0,SYN-11547,2,2026-08-22,37666.44,3766644,37666.44,3766644,2026-08-25,TX-155750,3,late,41483915,558000
RP-1547-1-0,LN-1547-0,SYN-11547,3,2026-09-22,37666.44,3766644,37666.44,3766644,2026-09-25,TX-155760,3,late,38275271,514841
RP-1547-2-0,LN-1547-0,SYN-11547,4,2026-10-22,37666.44,3766644,37666.44,3766644,2026-10-31,TX-155773,9,late,35023468,471101
RP-1548-0-0,LN-1548-0,SYN-11548,2,2026-08-20,15584.35,1558435,15584.35,1558435,2026-08-20,TX-155784,0,on_time,45627944,530577
RP-1548-1-0,LN-1548-0,SYN-11548,3,2026-09-20,15584.35,1558435,15584.35,1558435,2026-10-02,TX-155801,12,late,44600086,518625
RP-1548-2-0,LN-1548-0,SYN-11548,4,2026-10-20,15584.35,1558435,15584.35,1558435,2026-11-01,TX-155808;TX-155814,12,late,43560276,506533
RP-1549-0-0,LN-1549-0,SYN-11549,2,2026-08-24,31457.46,3145746,31457.46,3145746,2026-08-24,TX-155824,0,on_time,89343330,1199174
RP-1549-1-0,LN-1549-0,SYN-11549,3,2026-09-24,31457.46,3145746,31457.46,3145746,2026-09-30,TX-155840,6,late,87396758,1173047
RP-1549-2-0,LN-1549-0,SYN-11549,4,2026-10-24,31457.46,3145746,31457.46,3145746,2026-10-30,TX-155848;TX-155852,6,late,85424059,1146569
RP-1551-0-0,LN-1551-0,SYN-11551,2,2026-08-25,14828.07,1482807,14828.07,1482807,2026-09-03,TX-155893;TX-155898,9,late,16232559,234033
RP-1551-0-1,LN-1551-1,SYN-11551,2,2026-08-25,3762.64,376264,3762.64,376264,2026-09-03,TX-155899,9,late,10581437,148240
RP-1551-1-0,LN-1551-0,SYN-11551,3,2026-09-25,14828.07,1482807,14828.07,1482807,2026-10-01,TX-155914,6,late,14983785,216029
RP-1551-1-1,LN-1551-1,SYN-11551,3,2026-09-25,3762.64,376264,3762.64,376264,2026-10-01,TX-155915,6,late,10353413,145045
RP-1551-2-0,LN-1551-0,SYN-11551,4,2026-10-25,14828.07,1482807,14828.07,1482807,2026-11-03,TX-155928,9,late,13717007,197765
RP-1551-2-1,LN-1551-1,SYN-11551,4,2026-10-25,3762.64,376264,1458.68,145868,2026-11-03,TX-155929,9,partial,10122194,141806
RP-1552-0-0,LN-1552-0,SYN-11552,2,2026-08-25,38645.22,3864522,38645.22,3864522,2026-08-25,TX-155938,0,on_time,77347135,1165441
RP-1552-1-0,LN-1552-0,SYN-11552,3,2026-09-25,38645.22,3864522,38645.22,3864522,2026-09-25,TX-155947,0,on_time,74648054,1124772
RP-1552-2-0,LN-1552-0,SYN-11552,4,2026-10-25,38645.22,3864522,38645.22,3864522,2026-10-25,TX-155956,0,on_time,71908304,1083490
RP-1553-0-0,LN-1553-0,SYN-11553,2,2026-08-25,7044.61,704461,7044.61,704461,2026-08-25,TX-155970,0,on_time,15214670,131083
RP-1553-1-0,LN-1553-0,SYN-11553,3,2026-09-25,7044.61,704461,7044.61,704461,2026-09-28,TX-155985,3,late,14641292,126143
RP-1553-2-0,LN-1553-0,SYN-11553,4,2026-10-25,7044.61,704461,7044.61,704461,2026-10-25,TX-155994,0,on_time,14062974,121161
RP-1554-0-0,LN-1554-0,SYN-11554,2,2026-08-28,9617.29,961729,9617.29,961729,2026-09-06,TX-156010,9,late,29455817,265402
RP-1554-1-0,LN-1554-0,SYN-11554,3,2026-09-28,9617.29,961729,9617.29,961729,2026-10-07,TX-156021,9,late,28759490,259128
RP-1554-2-0,LN-1554-0,SYN-11554,4,2026-10-28,9617.29,961729,9617.29,961729,2026-10-31,TX-156029,3,late,28056889,252797
RP-1555-0-0,LN-1555-0,SYN-11555,2,2026-08-22,21803.86,2180386,21803.86,2180386,2026-08-22,TX-156040,0,on_time,59255549,951901
RP-1555-1-0,LN-1555-0,SYN-11555,3,2026-09-22,21803.86,2180386,21803.86,2180386,2026-10-07,TX-156058,15,late,58027064,932166
RP-1555-2-0,LN-1555-0,SYN-11555,4,2026-10-22,21803.86,2180386,0,0,,,0,missed,56778844,912114
RP-1556-0-0,LN-1556-0,SYN-11556,2,2026-08-26,24210.14,2421014,24210.14,2421014,2026-08-26,TX-156079,0,on_time,67991498,958074
RP-1556-1-0,LN-1556-0,SYN-11556,3,2026-09-26,24210.14,2421014,24210.14,2421014,2026-10-02,TX-156093;TX-156096,6,late,66528558,937459
RP-1556-2-0,LN-1556-0,SYN-11556,4,2026-10-26,24210.14,2421014,24210.14,2421014,2026-11-01,TX-156105;TX-156107;TX-156109,6,late,65045003,916555
RP-1557-0-0,LN-1557-0,SYN-11557,2,2026-08-28,6986.72,698672,6986.72,698672,2026-08-28,TX-156125,0,on_time,15095274,129585
RP-1557-1-0,LN-1557-0,SYN-11557,3,2026-09-28,6986.72,698672,6986.72,698672,2026-09-28,TX-156136,0,on_time,14526187,124700
RP-1557-2-0,LN-1557-0,SYN-11557,4,2026-10-28,6986.72,698672,6986.72,698672,2026-10-28,TX-156142,0,on_time,13952215,119773
RP-1558-0-0,LN-1558-0,SYN-11558,2,2026-08-26,32577.98,3257798,32577.98,3257798,2026-09-04,TX-156158,9,late,64232376,1051141
RP-1558-1-0,LN-1558-0,SYN-11558,3,2026-09-26,32577.98,3257798,32577.98,3257798,2026-10-02,TX-156168,6,late,62025719,1015030
RP-1558-2-0,LN-1558-0,SYN-11558,4,2026-10-26,32577.98,3257798,32577.98,3257798,2026-11-04,TX-156180,9,late,59782951,978328
RP-1559-0-0,LN-1559-0,SYN-11559,2,2026-08-22,25171.57,2517157,25171.57,2517157,2026-08-22,TX-156190,0,on_time,71441171,961824
RP-1559-1-0,LN-1559-0,SYN-11559,3,2026-09-22,25171.57,2517157,25171.57,2517157,2026-09-22,TX-156199,0,on_time,69885838,940885
RP-1559-2-0,LN-1559-0,SYN-11559,4,2026-10-22,25171.57,2517157,25171.57,2517157,2026-10-22,TX-156208,0,on_time,68309566,919663
RP-1561-0-0,LN-1561-0,SYN-11561,2,2026-08-20,45073.02,4507302,45073.02,4507302,2026-08-20,TX-156245,0,on_time,50247933,578580
RP-1561-0-1,LN-1561-1,SYN-11561,2,2026-08-20,26733.34,2673334,26733.34,2673334,2026-08-20,TX-156246,0,on_time,28908824,473765
RP-1561-1-0,LN-1561-0,SYN-11561,3,2026-09-20,45073.02,4507302,45073.02,4507302,2026-09-20,TX-156259,0,on_time,46319211,533343
RP-1561-1-1,LN-1561-1,SYN-11561,3,2026-09-20,26733.34,2673334,26733.34,2673334,2026-10-02,TX-156265,12,late,26709255,437718
RP-1561-2-0,LN-1561-0,SYN-11561,4,2026-10-20,45073.02,4507302,45073.02,4507302,2026-11-04,TX-156271;TX-156281,15,late,42345252,487584
RP-1561-2-1,LN-1561-1,SYN-11561,4,2026-10-20,26733.34,2673334,26733.34,2673334,2026-11-01,TX-156272;TX-156278,12,late,24473639,401080
RP-1562-0-0,LN-1562-0,SYN-11562,2,2026-08-20,13524.09,1352409,13524.09,1352409,2026-08-20,TX-156291,0,on_time,37301607,565940
RP-1562-1-0,LN-1562-0,SYN-11562,3,2026-09-20,13524.09,1352409,13524.09,1352409,2026-09-20,TX-156304,0,on_time,36515138,554008
RP-1562-2-0,LN-1562-0,SYN-11562,4,2026-10-20,13524.09,1352409,13524.09,1352409,2026-10-20,TX-156315,0,on_time,35716737,541894
RP-1563-0-0,LN-1563-0,SYN-11563,2,2026-08-27,11773.19,1177319,11773.19,1177319,2026-08-27,TX-156330,0,on_time,23981957,325141
RP-1563-1-0,LN-1563-0,SYN-11563,3,2026-09-27,11773.19,1177319,11773.19,1177319,2026-09-27,TX-156341,0,on_time,23129779,313588
RP-1563-2-0,LN-1563-0,SYN-11563,4,2026-10-27,11773.19,1177319,11773.19,1177319,2026-10-27,TX-156350,0,on_time,22266048,301878
RP-1564-0-0,LN-1564-0,SYN-11564,2,2026-08-28,10463.48,1046348,10463.48,1046348,2026-08-28,TX-156364,0,on_time,29415075,412725
RP-1564-1-0,LN-1564-0,SYN-11564,3,2026-09-28,10463.48,1046348,10463.48,1046348,2026-10-01,TX-156376,3,late,28781452,403835
RP-1564-2-0,LN-1564-0,SYN-11564,4,2026-10-28,10463.48,1046348,1725.78,172578,2026-11-03,TX-156390,6,partial,28138939,394820
RP-1565-0-0,LN-1565-0,SYN-11565,2,2026-08-20,9766.06,976606,9766.06,976606,2026-08-20,TX-156397,0,on_time,29391694,294583
RP-1565-1-0,LN-1565-0,SYN-11565,3,2026-09-20,9766.06,976606,9766.06,976606,2026-10-02,TX-156413,12,late,28709671,287747
RP-1565-2-0,LN-1565-0,SYN-11565,4,2026-10-20,9766.06,976606,9766.06,976606,2026-10-20,TX-156418,0,on_time,28020812,280843
RP-1566-0-0,LN-1566-0,SYN-11566,2,2026-08-24,6395.02,639502,6395.02,639502,2026-09-02,TX-156438,9,late,17367632,279719
RP-1566-1-0,LN-1566-0,SYN-11566,3,2026-09-24,6395.02,639502,6395.02,639502,2026-10-03,TX-156450,9,late,17007849,273924
RP-1566-2-0,LN-1566-0,SYN-11566,4,2026-10-24,6395.02,639502,3521.66,352166,2026-11-02,TX-156461,9,partial,16642271,268036
RP-1567-0-0,LN-1567-0,SYN-11567,2,2026-08-22,6712.07,671207,6712.07,671207,2026-08-22,TX-156471,0,on_time,19501577,235548
RP-1567-1-0,LN-1567-0,SYN-11567,3,2026-09-22,6712.07,671207,6712.07,671207,2026-09-22,TX-156480,0,on_time,19065918,230286
RP-1567-2-0,LN-1567-0,SYN-11567,4,2026-10-22,6712.07,671207,6712.07,671207,2026-10-22,TX-156489,0,on_time,18624997,224960
RP-1568-0-0,LN-1568-0,SYN-11568,2,2026-08-21,17673.93,1767393,17673.93,1767393,2026-08-21,TX-156501,0,on_time,50434698,662762
RP-1568-1-0,LN-1568-0,SYN-11568,3,2026-09-21,17673.93,1767393,17673.93,1767393,2026-10-03,TX-156522,12,late,49330067,648246
RP-1568-2-0,LN-1568-0,SYN-11568,4,2026-10-21,17673.93,1767393,17673.93,1767393,2026-11-02,TX-156531,12,late,48210920,633540
RP-1569-0-0,LN-1569-0,SYN-11569,2,2026-08-23,40930.82,4093082,40930.82,4093082,2026-09-01,TX-156546,9,late,83611450,1113433
RP-1569-1-0,LN-1569-0,SYN-11569,3,2026-09-23,40930.82,4093082,40930.82,4093082,2026-10-02,TX-156558,9,late,80631801,1073754
RP-1569-2-0,LN-1569-0,SYN-11569,4,2026-10-23,40930.82,4093082,40930.82,4093082,2026-11-01,TX-156570,9,late,77612473,1033546
RP-1571-0-0,LN-1571-0,SYN-11571,2,2026-08-20,6571.21,657121,6571.21,657121,2026-08-20,TX-156614,0,on_time,13843514,148153
RP-1571-0-1,LN-1571-1,SYN-11571,2,2026-08-20,50469.56,5046956,42563.54,4256354,2026-09-07,TX-156615;TX-156623,18,partial,54695291,877221
RP-1571-1-0,LN-1571-0,SYN-11571,3,2026-09-20,6571.21,657121,6571.21,657121,2026-10-05,TX-156635,15,late,13334546,142706
RP-1571-1-1,LN-1571-1,SYN-11571,3,2026-09-20,50469.56,5046956,7107.02,710702,2026-10-05,TX-156636,15,partial,51316158,823026
RP-1571-2-0,LN-1571-0,SYN-11571,4,2026-10-20,6571.21,657121,0,0,,,0,missed,12820131,137201
RP-1571-2-1,LN-1571-1,SYN-11571,4,2026-10-20,50469.56,5046956,0,0,,,0,missed,51316158,823026
RP-1572-0-0,LN-1572-0,SYN-11572,2,2026-08-20,15951.26,1595126,15951.26,1595126,2026-08-20,TX-156653,0,on_time,17395735,261435
RP-1572-1-0,LN-1572-0,SYN-11572,3,2026-09-20,15951.26,1595126,15951.26,1595126,2026-09-20,TX-156664,0,on_time,16062044,241391
RP-1572-2-0,LN-1572-0,SYN-11572,4,2026-10-20,15951.26,1595126,15951.26,1595126,2026-10-20,TX-156674,0,on_time,14708309,221046
RP-1573-0-0,LN-1573-0,SYN-11573,2,2026-08-23,9131.62,913162,9131.62,913162,2026-08-23,TX-156689,0,on_time,25716047,358132
RP-1573-1-0,LN-1573-0,SYN-11573,3,2026-09-23,9131.62,913162,9131.62,913162,2026-09-23,TX-156698,0,on_time,25161017,350403
RP-1573-2-0,LN-1573-0,SYN-11573,4,2026-10-23,9131.62,913162,9131.62,913162,2026-10-23,TX-156707,0,on_time,24598258,342566
RP-1574-0-0,LN-1574-0,SYN-11574,2,2026-08-24,42635.85,4263585,42635.85,4263585,2026-08-24,TX-156718,0,on_time,47661262,528067
RP-1574-1-0,LN-1574-0,SYN-11574,3,2026-09-24,42635.85,4263585,42635.85,4263585,2026-09-24,TX-156727,0,on_time,43925744,486679
RP-1574-2-0,LN-1574-0,SYN-11574,4,2026-10-24,42635.85,4263585,42635.85,4263585,2026-10-24,TX-156736,0,on_time,40148838,444832
RP-1575-0-0,LN-1575-0,SYN-11575,2,2026-08-28,5841.25,584125,5841.25,584125,2026-08-31,TX-156750,3,late,17984316,156639
RP-1575-1-0,LN-1575-0,SYN-11575,3,2026-09-28,5841.25,584125,5841.25,584125,2026-10-01,TX-156762,3,late,17556830,152916
RP-1575-2-0,LN-1575-0,SYN-11575,4,2026-10-28,5841.25,584125,0,0,,,0,missed,17125621,149160
RP-1576-0-0,LN-1576-0,SYN-11576,2,2026-08-20,11303.7,1130370,11303.7,1130370,2026-08-20,TX-156780,0,on_time,32466207,414185
RP-1576-1-0,LN-1576-0,SYN-11576,3,2026-09-20,11303.7,1130370,11303.7,1130370,2026-09-20,TX-156794,0,on_time,31750022,405048
RP-1576-2-0,LN-1576-0,SYN-11576,4,2026-10-20,11303.7,1130370,11303.7,1130370,2026-10-20,TX-156805,0,on_time,31024700,395795
RP-1577-0-0,LN-1577-0,SYN-11577,2,2026-08-27,12510.65,1251065,12510.65,1251065,2026-08-27,TX-156821,0,on_time,26570764,266219
RP-1577-1-0,LN-1577-0,SYN-11577,3,2026-09-27,12510.65,1251065,12510.65,1251065,2026-09-27,TX-156833,0,on_time,25585918,256352
RP-1577-2-0,LN-1577-0,SYN-11577,4,2026-10-27,12510.65,1251065,12510.65,1251065,2026-11-05,TX-156846,9,late,24591205,246385
RP-1578-0-0,LN-1578-0,SYN-11578,2,2026-08-27,29271.41,2927141,29271.41,2927141,2026-08-30,TX-156858,3,late,57940455,928433
RP-1578-1-0,LN-1578-0,SYN-11578,3,2026-09-27,29271.41,2927141,29271.41,2927141,2026-10-03,TX-156874,6,late,55941747,896406
RP-1578-2-0,LN-1578-0,SYN-11578,4,2026-10-27,29271.41,2927141,29271.41,2927141,2026-11-05,TX-156885,9,late,53911012,863866
RP-1579-0-0,LN-1579-0,SYN-11579,2,2026-08-21,14484.1,1448410,14484.1,1448410,2026-08-21,TX-156893,0,on_time,29209238,421144
RP-1579-1-0,LN-1579-0,SYN-11579,3,2026-09-21,14484.1,1448410,14484.1,1448410,2026-09-21,TX-156902,0,on_time,28181972,406332
RP-1579-2-0,LN-1579-0,SYN-11579,4,2026-10-21,14484.1,1448410,13828.96,1382896,2026-11-02,TX-156915,12,partial,27139894,391308
RP-1581-0-0,LN-1581-0,SYN-11581,2,2026-08-21,11615.36,1161536,11615.36,1161536,2026-08-21,TX-156959,0,on_time,35373279,330339
RP-1581-0-1,LN-1581-1,SYN-11581,2,2026-08-21,21973.75,2197375,21973.75,2197375,2026-08-21,TX-156960,0,on_time,46312680,493886
RP-1581-1-0,LN-1581-0,SYN-11581,3,2026-09-21,11615.36,1161536,11615.36,1161536,2026-09-21,TX-156970,0,on_time,34542082,322577
RP-1581-1-1,LN-1581-1,SYN-11581,3,2026-09-21,21973.75,2197375,21973.75,2197375,2026-09-24,TX-156971,3,late,44609191,475720
RP-1581-2-0,LN-1581-0,SYN-11581,4,2026-10-21,11615.36,1161536,11615.36,1161536,2026-10-21,TX-156981,0,on_time,33703123,314742
RP-1581-2-1,LN-1581-1,SYN-11581,4,2026-10-21,21973.75,2197375,21973.75,2197375,2026-10-21,TX-156982,0,on_time,42887536,457360
RP-1582-0-0,LN-1582-0,SYN-11582,2,2026-08-25,19081.28,1908128,19081.28,1908128,2026-08-25,TX-156996,0,on_time,21400432,225974
RP-1582-1-0,LN-1582-0,SYN-11582,3,2026-09-25,19081.28,1908128,19081.28,1908128,2026-09-25,TX-157008,0,on_time,19718278,208212
RP-1582-2-0,LN-1582-0,SYN-11582,4,2026-10-25,19081.28,1908128,19081.28,1908128,2026-10-25,TX-157018,0,on_time,18018362,190262
RP-1583-0-0,LN-1583-0,SYN-11583,2,2026-08-21,4762.35,476235,4762.35,476235,2026-08-21,TX-157028,0,on_time,9707726,131030
RP-1583-1-0,LN-1583-0,SYN-11583,3,2026-09-21,4762.35,476235,4762.35,476235,2026-09-21,TX-157039,0,on_time,9362521,126371
RP-1583-2-0,LN-1583-0,SYN-11583,4,2026-10-21,4762.35,476235,4762.35,476235,2026-10-21,TX-157048,0,on_time,9012657,121648
RP-1584-0-0,LN-1584-0,SYN-11584,2,2026-08-21,20113.99,2011399,20113.99,2011399,2026-08-21,TX-157058,0,on_time,54272779,895428
RP-1584-1-0,LN-1584-0,SYN-11584,3,2026-09-21,20113.99,2011399,20113.99,2011399,2026-09-30,TX-157076,9,late,53156808,877016
RP-1584-2-0,LN-1584-0,SYN-11584,4,2026-10-21,20113.99,2011399,20113.99,2011399,2026-10-21,TX-157081,0,on_time,52022425,858301
RP-1585-0-0,LN-1585-0,SYN-11585,2,2026-08-27,18238.69,1823869,18238.69,1823869,2026-08-27,TX-157097,0,on_time,54795891,554690
RP-1585-1-0,LN-1585-0,SYN-11585,3,2026-09-27,18238.69,1823869,18238.69,1823869,2026-09-27,TX-157107,0,on_time,53526712,541842
RP-1585-2-0,LN-1585-0,SYN-11585,4,2026-10-27,18238.69,1823869,18238.69,1823869,2026-10-27,TX-157117,0,on_time,52244685,528864
RP-1586-0-0,LN-1586-0,SYN-11586,2,2026-08-23,23649.49,2364949,23649.49,2364949,2026-08-23,TX-157128,0,on_time,69814497,778129
RP-1586-1-0,LN-1586-0,SYN-11586,3,2026-09-23,23649.49,2364949,23649.49,2364949,2026-10-05,TX-157145,12,late,68227677,760443
RP-1586-2-0,LN-1586-0,SYN-11586,4,2026-10-23,23649.49,2364949,23649.49,2364949,2026-10-23,TX-157150,0,on_time,66623171,742560
RP-1587-0-0,LN-1587-0,SYN-11587,2,2026-08-22,31881.73,3188173,31881.73,3188173,2026-08-22,TX-157164,0,on_time,68781284,598902
RP-1587-1-0,LN-1587-0,SYN-11587,3,2026-09-22,31881.73,3188173,31881.73,3188173,2026-09-22,TX-157178,0,on_time,66192013,576356
RP-1587-2-0,LN-1587-0,SYN-11587,4,2026-10-22,31881.73,3188173,31881.73,3188173,2026-10-22,TX-157188,0,on_time,63580196,553614
RP-1588-0-0,LN-1588-0,SYN-11588,2,2026-08-28,11446.2,1144620,11446.2,1144620,2026-08-28,TX-157202,0,on_time,23965326,268953
RP-1588-1-0,LN-1588-0,SYN-11588,3,2026-09-28,11446.2,1144620,11446.2,1144620,2026-09-28,TX-157214,0,on_time,23089659,259126
RP-1588-2-0,LN-1588-0,SYN-11588,4,2026-10-28,11446.2,1144620,11446.2,1144620,2026-10-28,TX-157224,0,on_time,22204165,249188
RP-1589-0-0,LN-1589-0,SYN-11589,2,2026-08-24,7484.41,748441,7484.41,748441,2026-08-24,TX-157237,0,on_time,20203886,332790
RP-1589-1-0,LN-1589-0,SYN-11589,3,2026-09-24,7484.41,748441,7484.41,748441,2026-09-24,TX-157248,0,on_time,19788235,325944
RP-1589-2-0,LN-1589-0,SYN-11589,4,2026-10-24,7484.41,748441,7484.41,748441,2026-11-02,TX-157262,9,late,19365738,318984
RP-1591-0-0,LN-1591-0,SYN-11591,2,2026-08-22,12507.08,1250708,12507.08,1250708,2026-08-22,TX-157302,0,on_time,25237703,362559
RP-1591-0-1,LN-1591-1,SYN-11591,2,2026-08-22,50263.19,5026319,50263.19,5026319,2026-08-22,TX-157303,0,on_time,54471436,873667
RP-1591-1-0,LN-1591-0,SYN-11591,3,2026-09-22,12507.08,1250708,12507.08,1250708,2026-09-22,TX-157316,0,on_time,24349554,349800
RP-1591-1-1,LN-1591-1,SYN-11591,3,2026-09-22,50263.19,5026319,50263.19,5026319,2026-10-07,TX-157317;TX-157318;TX-157324,15,late,50318784,807063
RP-1591-2-0,LN-1591-0,SYN-11591,4,2026-10-22,12507.08,1250708,11256.71,1125671,2026-10-22,TX-157331,0,partial,23448646,336857
RP-1591-2-1,LN-1591-1,SYN-11591,4,2026-10-22,50263.19,5026319,3146.64,314664,2026-10-25,TX-157332,3,partial,46099528,739390
RP-1592-0-0,LN-1592-0,SYN-11592,2,2026-08-22,29402.44,2940244,29402.44,2940244,2026-08-22,TX-157347,0,on_time,90250674,801840
RP-1592-1-0,LN-1592-0,SYN-11592,3,2026-09-22,29402.44,2940244,29402.44,2940244,2026-09-22,TX-157357,0,on_time,88112270,782841
RP-1592-2-0,LN-1592-0,SYN-11592,4,2026-10-22,29402.44,2940244,29402.44,2940244,2026-10-22,TX-157367,0,on_time,85954867,763673
RP-1593-0-0,LN-1593-0,SYN-11593,2,2026-08-27,17927.7,1792770,17927.7,1792770,2026-08-27,TX-157382,0,on_time,35312308,580893
RP-1593-1-0,LN-1593-0,SYN-11593,3,2026-09-27,17927.7,1792770,17927.7,1792770,2026-09-27,TX-157392,0,on_time,34100431,560958
RP-1593-2-0,LN-1593-0,SYN-11593,4,2026-10-27,17927.7,1792770,17927.7,1792770,2026-10-27,TX-157402,0,on_time,32868619,540694
RP-1594-0-0,LN-1594-0,SYN-11594,2,2026-08-25,7723.79,772379,7723.79,772379,2026-09-06,TX-157420,12,late,23653068,213311
RP-1594-1-0,LN-1594-0,SYN-11594,3,2026-09-25,7723.79,772379,7723.79,772379,2026-10-07,TX-157434,12,late,23094000,208269
RP-1594-2-0,LN-1594-0,SYN-11594,4,2026-10-25,7723.79,772379,0,0,,,0,missed,22529890,203182
RP-1595-0-0,LN-1595-0,SYN-11595,2,2026-08-23,12795.41,1279541,12795.41,1279541,2026-08-23,TX-157456,0,on_time,36627855,474529
RP-1595-1-0,LN-1595-0,SYN-11595,3,2026-09-23,12795.41,1279541,12795.41,1279541,2026-09-23,TX-157467,0,on_time,35822843,464100
RP-1595-2-0,LN-1595-0,SYN-11595,4,2026-10-23,12795.41,1279541,6706.19,670619,2026-11-01,TX-157478;TX-157481,9,partial,35007402,453535
RP-1596-0-0,LN-1596-0,SYN-11596,2,2026-08-21,4328.33,432833,4328.33,432833,2026-08-21,TX-157491,0,on_time,11742111,189890
RP-1596-1-0,LN-1596-0,SYN-11596,3,2026-09-21,4328.33,432833,4328.33,432833,2026-09-21,TX-157500,0,on_time,11499168,185961
RP-1596-2-0,LN-1596-0,SYN-11596,4,2026-10-21,4328.33,432833,4328.33,432833,2026-10-21,TX-157509,0,on_time,11252296,181968
RP-1597-0-0,LN-1597-0,SYN-11597,2,2026-08-24,10465.97,1046597,10465.97,1046597,2026-08-24,TX-157522,0,on_time,20971890,313879
RP-1597-1-0,LN-1597-0,SYN-11597,3,2026-09-24,10465.97,1046597,10465.97,1046597,2026-11-02,TX-157546,39,late,20239172,302913
RP-1597-2-0,LN-1597-0,SYN-11597,4,2026-10-24,10465.97,1046597,2523.27,252327,2026-11-02,TX-157547,9,partial,20239172,302913
RP-1598-0-0,LN-1598-0,SYN-11598,2,2026-08-21,5058.07,505807,5058.07,505807,2026-08-24,TX-157557,3,late,13922981,212922
RP-1598-1-0,LN-1598-0,SYN-11598,3,2026-09-21,5058.07,505807,5058.07,505807,2026-09-27,TX-157567,6,late,13630096,208443
RP-1598-2-0,LN-1598-0,SYN-11598,4,2026-10-21,5058.07,505807,5058.07,505807,2026-10-27,TX-157576,6,late,13332732,203895
RP-1599-0-0,LN-1599-0,SYN-11599,2,2026-08-26,11649.68,1164968,11649.68,1164968,2026-08-26,TX-157588,0,on_time,33044567,446022
RP-1599-1-0,LN-1599-0,SYN-11599,3,2026-09-26,11649.68,1164968,11649.68,1164968,2026-11-01,TX-157597;TX-157599;TX-157610,36,late,32325621,436318
RP-1599-2-0,LN-1599-0,SYN-11599,4,2026-10-26,11649.68,1164968,11649.68,1164968,2026-11-01,TX-157611,6,late,32182255,434383
RP-1601-0-0,LN-1601-0,SYN-11601,2,2026-08-22,79231.21,7923121,79231.21,7923121,2026-08-22,TX-157658,0,on_time,85547241,1423164
RP-1601-0-1,LN-1601-1,SYN-11601,2,2026-08-22,44181.03,4418103,44181.03,4418103,2026-08-22,TX-157659,0,on_time,49262239,565847
RP-1601-1-0,LN-1601-0,SYN-11601,3,2026-09-22,79231.21,7923121,79231.21,7923121,2026-10-01,TX-157670;TX-157673,9,late,79047284,1315031
RP-1601-1-1,LN-1601-1,SYN-11601,3,2026-09-22,44181.03,4418103,44181.03,4418103,2026-10-01,TX-157674,9,late,45409983,521598
RP-1601-2-0,LN-1601-0,SYN-11601,4,2026-10-22,79231.21,7923121,79231.21,7923121,2026-11-03,TX-157685,12,late,72439194,1205098
RP-1601-2-1,LN-1601-1,SYN-11601,4,2026-10-22,44181.03,4418103,15374.48,1537448,2026-11-03,TX-157686,12,partial,41513478,476841
RP-1602-0-0,LN-1602-0,SYN-11602,2,2026-08-21,14629.49,1462949,14629.49,1462949,2026-08-21,TX-157694,0,on_time,40372239,611219
RP-1602-1-0,LN-1602-0,SYN-11602,3,2026-09-21,14629.49,1462949,14629.49,1462949,2026-09-21,TX-157704,0,on_time,39520509,598324
RP-1602-2-0,LN-1602-0,SYN-11602,4,2026-10-21,14629.49,1462949,14629.49,1462949,2026-10-21,TX-157714,0,on_time,38655884,585234
RP-1603-0-0,LN-1603-0,SYN-11603,2,2026-08-23,23556.54,2355654,23556.54,2355654,2026-08-29,TX-157725;TX-157730,6,late,49849512,514651
RP-1603-1-0,LN-1603-0,SYN-11603,3,2026-09-23,23556.54,2355654,23556.54,2355654,2026-09-29,TX-157735;TX-157740,6,late,48008509,495644
RP-1603-2-0,LN-1603-0,SYN-11603,4,2026-10-23,23556.54,2355654,23556.54,2355654,2026-10-29,TX-157745;TX-157750,6,late,46148499,476441
RP-1604-0-0,LN-1604-0,SYN-11604,2,2026-08-23,14687.72,1468772,14687.72,1468772,2026-08-23,TX-157761,0,on_time,40862157,598801
RP-1604-1-0,LN-1604-0,SYN-11604,3,2026-09-23,14687.72,1468772,14687.72,1468772,2026-09-23,TX-157771,0,on_time,39992186,586052
RP-1604-2-0,LN-1604-0,SYN-11604,4,2026-10-23,14687.72,1468772,14687.72,1468772,2026-10-23,TX-157781,0,on_time,39109466,573117
RP-1605-0-0,LN-1605-0,SYN-11605,2,2026-08-22,9670.99,967099,9670.99,967099,2026-09-03,TX-157798,12,late,20333336,221013
RP-1605-1-0,LN-1605-0,SYN-11605,3,2026-09-22,9670.99,967099,9670.99,967099,2026-11-03,TX-157822,42,late,19587250,212904
RP-1605-2-0,LN-1605-0,SYN-11605,4,2026-10-22,9670.99,967099,9670.99,967099,2026-11-03,TX-157823,12,late,19587250,212904
RP-1606-0-0,LN-1606-0,SYN-11606,2,2026-08-26,12338.12,1233812,12338.12,1233812,2026-08-29,TX-157835,3,late,13945949,130062
RP-1606-1-0,LN-1606-0,SYN-11606,3,2026-09-26,12338.12,1233812,12338.12,1233812,2026-09-29,TX-157848,3,late,12842199,119768
RP-1606-2-0,LN-1606-0,SYN-11606,4,2026-10-26,12338.12,1233812,12338.12,1233812,2026-10-29,TX-157858,3,late,11728155,109379
RP-1607-0-0,LN-1607-0,SYN-11607,2,2026-08-27,58970.49,5897049,58970.49,5897049,2026-08-27,TX-157871,0,on_time,66591520,631099
RP-1607-1-0,LN-1607-0,SYN-11607,3,2026-09-27,58970.49,5897049,58970.49,5897049,2026-09-27,TX-157882,0,on_time,61325570,581193
RP-1607-2-0,LN-1607-0,SYN-11607,4,2026-10-27,58970.49,5897049,58970.49,5897049,2026-10-27,TX-157893,0,on_time,56009714,530813
RP-1608-0-0,LN-1608-0,SYN-11608,2,2026-08-20,13629.99,1362999,13629.99,1362999,2026-08-20,TX-157907,0,on_time,37298843,583590
RP-1608-1-0,LN-1608-0,SYN-11608,3,2026-09-20,13629.99,1362999,13629.99,1362999,2026-09-20,TX-157920,0,on_time,36519434,571395
RP-1608-2-0,LN-1608-0,SYN-11608,4,2026-10-20,13629.99,1362999,13629.99,1362999,2026-10-20,TX-157931,0,on_time,35727830,559010
RP-1609-0-0,LN-1609-0,SYN-11609,2,2026-08-22,12663.45,1266345,12663.45,1266345,2026-08-22,TX-157943,0,on_time,37400863,415823
RP-1609-1-0,LN-1609-0,SYN-11609,3,2026-09-22,12663.45,1266345,12663.45,1266345,2026-09-22,TX-157953,0,on_time,36550341,406367
RP-1609-2-0,LN-1609-0,SYN-11609,4,2026-10-22,12663.45,1266345,12663.45,1266345,2026-10-22,TX-157963,0,on_time,35690363,396805
RP-1611-0-0,LN-1611-0,SYN-11611,2,2026-08-28,22419.2,2241920,22419.2,2241920,2026-08-28,TX-158014,0,on_time,24287007,391023
RP-1611-0-1,LN-1611-1,SYN-11611,2,2026-08-28,32404.49,3240449,20641.76,2064176,2026-08-28,TX-158015,0,partial,35170859,555515
RP-1611-1-0,LN-1611-0,SYN-11611,3,2026-09-28,22419.2,2241920,22419.2,2241920,2026-09-28,TX-158028,0,on_time,22436110,361223
RP-1611-1-1,LN-1611-1,SYN-11611,3,2026-09-28,32404.49,3240449,32404.49,3240449,2026-10-28,TX-158029;TX-158041,30,late,33662198,531686
RP-1611-2-0,LN-1611-0,SYN-11611,4,2026-10-28,22419.2,2241920,22419.2,2241920,2026-10-28,TX-158042,0,on_time,20555413,330944
RP-1611-2-1,LN-1611-1,SYN-11611,4,2026-10-28,32404.49,3240449,8709.47,870947,2026-10-28,TX-158043,0,partial,32298633,510149
RP-1612-0-0,LN-1612-0,SYN-11612,2,2026-08-22,27177.78,2717778,27177.78,2717778,2026-08-22,TX-158056,0,on_time,83526567,736085
RP-1612-1-0,LN-1612-0,SYN-11612,3,2026-09-22,27177.78,2717778,27177.78,2717778,2026-09-22,TX-158068,0,on_time,81544874,718621
RP-1612-2-0,LN-1612-0,SYN-11612,4,2026-10-22,27177.78,2717778,27177.78,2717778,2026-10-22,TX-158078,0,on_time,79545717,701003
RP-1613-0-0,LN-1613-0,SYN-11613,2,2026-08-25,28901.64,2890164,28901.64,2890164,2026-09-03,TX-158093;TX-158097,9,late,84106233,1007985
RP-1613-1-0,LN-1613-0,SYN-11613,3,2026-09-25,28901.64,2890164,28901.64,2890164,2026-10-01,TX-158107;TX-158110,6,late,82224054,985428
RP-1613-2-0,LN-1613-0,SYN-11613,4,2026-10-25,28901.64,2890164,28901.64,2890164,2026-10-25,TX-158119,0,on_time,80319318,962600
RP-1614-0-0,LN-1614-0,SYN-11614,2,2026-08-20,8036.14,803614,8036.14,803614,2026-08-20,TX-158132,0,on_time,23385943,280269
RP-1614-1-0,LN-1614-0,SYN-11614,3,2026-09-20,8036.14,803614,8036.14,803614,2026-09-20,TX-158146,0,on_time,22862598,273997
RP-1614-2-0,LN-1614-0,SYN-11614,4,2026-10-20,8036.14,803614,8036.14,803614,2026-10-20,TX-158157,0,on_time,22332981,267650
RP-1615-0-0,LN-1615-0,SYN-11615,2,2026-08-21,6364.1,636410,6364.1,636410,2026-08-21,TX-158171,0,on_time,17286171,278254
RP-1615-1-0,LN-1615-0,SYN-11615,3,2026-09-21,6364.1,636410,6364.1,636410,2026-09-21,TX-158181,0,on_time,16928015,272489
RP-1615-2-0,LN-1615-0,SYN-11615,4,2026-10-21,6364.1,636410,6364.1,636410,2026-10-21,TX-158191,0,on_time,16564094,266631
RP-1616-0-0,LN-1616-0,SYN-11616,2,2026-08-28,24021.06,2402106,24021.06,2402106,2026-08-28,TX-158204,0,on_time,48733294,677580
RP-1616-1-0,LN-1616-0,SYN-11616,3,2026-09-28,24021.06,2402106,24021.06,2402106,2026-09-28,TX-158215,0,on_time,47008768,653602
RP-1616-2-0,LN-1616-0,SYN-11616,4,2026-10-28,24021.06,2402106,24021.06,2402106,2026-10-28,TX-158224,0,on_time,45260264,629291
RP-1617-0-0,LN-1617-0,SYN-11617,2,2026-08-28,21602.57,2160257,21602.57,2160257,2026-08-28,TX-158236,0,on_time,45511312,486944
RP-1617-1-0,LN-1617-0,SYN-11617,3,2026-09-28,21602.57,2160257,21602.57,2160257,2026-09-28,TX-158251,0,on_time,43837999,469041
RP-1617-2-0,LN-1617-0,SYN-11617,4,2026-10-28,21602.57,2160257,21602.57,2160257,2026-10-28,TX-158260,0,on_time,42146783,450946
RP-1618-0-0,LN-1618-0,SYN-11618,2,2026-08-28,27565.66,2756566,27565.66,2756566,2026-08-28,TX-158272,0,on_time,84719587,746549
RP-1618-1-0,LN-1618-0,SYN-11618,3,2026-09-28,27565.66,2756566,27565.66,2756566,2026-09-28,TX-158283,0,on_time,82709570,728837
RP-1618-2-0,LN-1618-0,SYN-11618,4,2026-10-28,27565.66,2756566,27565.66,2756566,2026-10-28,TX-158292,0,on_time,80681841,710968
RP-1619-0-0,LN-1619-0,SYN-11619,2,2026-08-26,14405.66,1440566,14405.66,1440566,2026-08-26,TX-158307,0,on_time,29121597,413820
RP-1619-1-0,LN-1619-0,SYN-11619,3,2026-09-26,14405.66,1440566,14405.66,1440566,2026-09-26,TX-158321,0,on_time,28094851,399230
RP-1619-2-0,LN-1619-0,SYN-11619,4,2026-10-26,14405.66,1440566,14405.66,1440566,2026-10-26,TX-158332,0,on_time,27053515,384433
RP-1621-0-0,LN-1621-0,SYN-11621,2,2026-08-20,8652.25,865225,8652.25,865225,2026-08-20,TX-158377,0,on_time,17847101,222876
RP-1621-0-1,LN-1621-1,SYN-11621,2,2026-08-20,10284.62,1028462,10284.62,1028462,2026-08-20,TX-158378,0,on_time,11121857,182220
RP-1621-1-0,LN-1621-0,SYN-11621,3,2026-09-20,8652.25,865225,8652.25,865225,2026-09-20,TX-158389,0,on_time,17204752,214854
RP-1621-1-1,LN-1621-1,SYN-11621,3,2026-09-20,10284.62,1028462,10284.62,1028462,2026-10-02,TX-158390;TX-158396,12,late,10275615,168355
RP-1621-2-0,LN-1621-0,SYN-11621,4,2026-10-20,8652.25,865225,8652.25,865225,2026-10-20,TX-158401,0,on_time,16554381,206732
RP-1621-2-1,LN-1621-1,SYN-11621,4,2026-10-20,10284.62,1028462,10284.62,1028462,2026-10-20,TX-158402,0,on_time,9415508,154263
RP-1622-0-0,LN-1622-0,SYN-11622,2,2026-08-25,15131.69,1513169,15131.69,1513169,2026-08-25,TX-158420,0,on_time,46569930,406660
RP-1622-1-0,LN-1622-0,SYN-11622,3,2026-09-25,15131.69,1513169,15131.69,1513169,2026-09-25,TX-158433,0,on_time,45463421,396998
RP-1622-2-0,LN-1622-0,SYN-11622,4,2026-10-25,15131.69,1513169,15131.69,1513169,2026-10-25,TX-158444,0,on_time,44347250,387251
RP-1623-0-0,LN-1623-0,SYN-11623,2,2026-08-26,6576.28,657628,6576.28,657628,2026-08-26,TX-158458,0,on_time,17968937,282791
RP-1623-1-0,LN-1623-0,SYN-11623,3,2026-09-26,6576.28,657628,6576.28,657628,2026-09-26,TX-158470,0,on_time,17594100,276892
RP-1623-2-0,LN-1623-0,SYN-11623,4,2026-10-26,6576.28,657628,6576.28,657628,2026-10-26,TX-158480,0,on_time,17213364,270900
RP-1624-0-0,LN-1624-0,SYN-11624,2,2026-08-21,72540.03,7254003,72540.03,7254003,2026-08-21,TX-158494,0,on_time,81608308,821789
RP-1624-1-0,LN-1624-0,SYN-11624,3,2026-09-21,72540.03,7254003,72540.03,7254003,2026-11-02,TX-158514;TX-158515;TX-158526,42,late,75176094,757017
RP-1624-2-0,LN-1624-0,SYN-11624,4,2026-10-21,72540.03,7254003,72540.03,7254003,2026-11-02,TX-158527,12,late,68955757,694379
RP-1625-0-0,LN-1625-0,SYN-11625,2,2026-08-23,40909.1,4090910,40909.1,4090910,2026-08-23,TX-158536,0,on_time,81561806,1256167
RP-1625-1-0,LN-1625-0,SYN-11625,3,2026-09-23,40909.1,4090910,40909.1,4090910,2026-09-23,TX-158545,0,on_time,78727063,1212508
RP-1625-2-0,LN-1625-0,SYN-11625,4,2026-10-23,40909.1,4090910,40909.1,4090910,2026-11-01,TX-158554;TX-158558,9,late,75848661,1168177
RP-1626-0-0,LN-1626-0,SYN-11626,2,2026-08-27,5374.53,537453,5374.53,537453,2026-08-27,TX-158569,0,on_time,10728842,164078
RP-1626-1-0,LN-1626-0,SYN-11626,3,2026-09-27,5374.53,537453,5374.53,537453,2026-09-27,TX-158582,0,on_time,10355467,158368
RP-1626-2-0,LN-1626-0,SYN-11626,4,2026-10-27,5374.53,537453,5374.53,537453,2026-10-27,TX-158591,0,on_time,9976382,152570
RP-1627-0-0,LN-1627-0,SYN-11627,2,2026-08-26,46670.73,4667073,46670.73,4667073,2026-08-26,TX-158603,0,on_time,51266365,711052
RP-1627-1-0,LN-1627-0,SYN-11627,3,2026-09-26,46670.73,4667073,46670.73,4667073,2026-09-26,TX-158612,0,on_time,47310344,656183
RP-1627-2-0,LN-1627-0,SYN-11627,4,2026-10-26,46670.73,4667073,46670.73,4667073,2026-10-26,TX-158621,0,on_time,43299454,600553
RP-1628-0-0,LN-1628-0,SYN-11628,2,2026-08-20,73316.43,7331643,73316.43,7331643,2026-08-26,TX-158634,6,late,81613910,958827
RP-1628-1-0,LN-1628-0,SYN-11628,3,2026-09-20,73316.43,7331643,73316.43,7331643,2026-09-23,TX-158645,3,late,75241094,883957
RP-1628-2-0,LN-1628-0,SYN-11628,4,2026-10-20,73316.43,7331643,73316.43,7331643,2026-10-29,TX-158655,9,late,68793408,808208
RP-1629-0-0,LN-1629-0,SYN-11629,2,2026-08-21,12636.92,1263692,12636.92,1263692,2026-08-21,TX-158667,0,on_time,25067859,397004
RP-1629-1-0,LN-1629-0,SYN-11629,3,2026-09-21,12636.92,1263692,12636.92,1263692,2026-09-21,TX-158678,0,on_time,24201171,383278
RP-1629-2-0,LN-1629-0,SYN-11629,4,2026-10-21,12636.92,1263692,12636.92,1263692,2026-10-21,TX-158689,0,on_time,23320757,369335
RP-1631-0-0,LN-1631-0,SYN-11631,2,2026-08-28,3258.61,325861,3258.61,325861,2026-08-28,TX-158733,0,on_time,8979661,136727
RP-1631-0-1,LN-1631-1,SYN-11631,2,2026-08-28,3835.44,383544,3835.44,383544,2026-08-28,TX-158734,0,on_time,10489611,164497
RP-1631-1-0,LN-1631-0,SYN-11631,3,2026-09-28,3258.61,325861,3258.61,325861,2026-10-07,TX-158750,9,late,8790527,133847
RP-1631-1-1,LN-1631-1,SYN-11631,3,2026-09-28,3835.44,383544,3835.44,383544,2026-10-07,TX-158751,9,late,10270564,161062
RP-1631-2-0,LN-1631-0,SYN-11631,4,2026-10-28,3258.61,325861,0,0,,,0,missed,8598513,130923
RP-1631-2-1,LN-1631-1,SYN-11631,4,2026-10-28,3835.44,383544,0,0,,,0,missed,10048082,157573
RP-1632-0-0,LN-1632-0,SYN-11632,2,2026-08-23,9695.75,969575,9695.75,969575,2026-08-29,TX-158769;TX-158774,6,late,27838199,355717
RP-1632-1-0,LN-1632-0,SYN-11632,3,2026-09-23,9695.75,969575,9695.75,969575,2026-09-29,TX-158788,6,late,27224341,347873
RP-1632-2-0,LN-1632-0,SYN-11632,4,2026-10-23,9695.75,969575,9695.75,969575,2026-10-29,TX-158799,6,late,26602639,339929
RP-1633-0-0,LN-1633-0,SYN-11633,2,2026-08-20,31422.6,3142260,31422.6,3142260,2026-08-20,TX-158808,0,on_time,34867794,427282
RP-1633-1-0,LN-1633-0,SYN-11633,3,2026-09-20,31422.6,3142260,31422.6,3142260,2026-09-20,TX-158822,0,on_time,32152816,394011
RP-1633-2-0,LN-1633-0,SYN-11633,4,2026-10-20,31422.6,3142260,31422.6,3142260,2026-10-20,TX-158832,0,on_time,29404567,360333
RP-1634-0-0,LN-1634-0,SYN-11634,2,2026-08-25,11260.1,1126010,11260.1,1126010,2026-08-25,TX-158847,0,on_time,32908350,386127
RP-1634-1-0,LN-1634-0,SYN-11634,3,2026-09-25,11260.1,1126010,11260.1,1126010,2026-09-25,TX-158860,0,on_time,32168467,377446
RP-1634-2-0,LN-1634-0,SYN-11634,4,2026-10-25,11260.1,1126010,11260.1,1126010,2026-10-25,TX-158870,0,on_time,31419903,368663
RP-1635-0-0,LN-1635-0,SYN-11635,2,2026-08-26,11922.83,1192283,11922.83,1192283,2026-08-29,TX-158886,3,late,33779633,458305
RP-1635-1-0,LN-1635-0,SYN-11635,3,2026-09-26,11922.83,1192283,11922.83,1192283,2026-09-29,TX-158900,3,late,33045655,448347
RP-1635-2-0,LN-1635-0,SYN-11635,4,2026-10-26,11922.83,1192283,11922.83,1192283,2026-10-26,TX-158909,0,on_time,32301719,438254
RP-1636-0-0,LN-1636-0,SYN-11636,2,2026-08-22,8851.74,885174,8851.74,885174,2026-08-22,TX-158922,0,on_time,24851095,350659
RP-1636-1-0,LN-1636-0,SYN-11636,3,2026-09-22,8851.74,885174,8851.74,885174,2026-09-22,TX-158935,0,on_time,24316580,343117
RP-1636-2-0,LN-1636-0,SYN-11636,4,2026-10-22,8851.74,885174,8851.74,885174,2026-11-03,TX-158947;TX-158954,12,late,23774523,335468
RP-1637-0-0,LN-1637-0,SYN-11637,2,2026-08-20,7933.13,793313,7933.13,793313,2026-08-20,TX-158961,0,on_time,23984804,234038
RP-1637-1-0,LN-1637-0,SYN-11637,3,2026-09-20,7933.13,793313,7933.13,793313,2026-09-20,TX-158971,0,on_time,23425529,228580
RP-1637-2-0,LN-1637-0,SYN-11637,4,2026-10-20,7933.13,793313,7933.13,793313,2026-10-20,TX-158981,0,on_time,22860796,223070
RP-1638-0-0,LN-1638-0,SYN-11638,2,2026-08-22,7516.49,751649,7516.49,751649,2026-08-22,TX-158996,0,on_time,15282203,209658
RP-1638-1-0,LN-1638-0,SYN-11638,3,2026-09-22,7516.49,751649,7516.49,751649,2026-09-22,TX-159005,0,on_time,14740212,202222
RP-1638-2-0,LN-1638-0,SYN-11638,4,2026-10-22,7516.49,751649,7516.49,751649,2026-10-22,TX-159014,0,on_time,14190785,194685
RP-1639-0-0,LN-1639-0,SYN-11639,2,2026-08-25,42518.61,4251861,42518.61,4251861,2026-08-25,TX-159026,0,on_time,46619460,660345
RP-1639-1-0,LN-1639-0,SYN-11639,3,2026-09-25,42518.61,4251861,42518.61,4251861,2026-09-25,TX-159041,0,on_time,43027944,609473
RP-1639-2-0,LN-1639-0,SYN-11639,4,2026-10-25,42518.61,4251861,42518.61,4251861,2026-10-25,TX-159050,0,on_time,39385556,557880
RP-1641-0-0,LN-1641-0,SYN-11641,2,2026-08-28,36917.59,3691759,36917.59,3691759,2026-08-28,TX-159099,0,on_time,73882482,1113828
RP-1641-0-1,LN-1641-1,SYN-11641,2,2026-08-28,76455.01,7645501,76455.01,7645501,2026-08-28,TX-159100,0,on_time,83842208,1185473
RP-1641-1-0,LN-1641-0,SYN-11641,3,2026-09-28,36917.59,3691759,36917.59,3691759,2026-09-28,TX-159110,0,on_time,71304551,1074964
RP-1641-1-1,LN-1641-1,SYN-11641,3,2026-09-28,76455.01,7645501,76455.01,7645501,2026-10-07,TX-159111;TX-159112;TX-159115,9,late,77382180,1094132
RP-1641-2-0,LN-1641-0,SYN-11641,4,2026-10-28,36917.59,3691759,0,0,,,0,missed,68687756,1035514
RP-1641-2-1,LN-1641-1,SYN-11641,4,2026-10-28,76455.01,7645501,0,0,,,0,missed,70830811,1001500
RP-1642-0-0,LN-1642-0,SYN-11642,2,2026-08-20,6455.86,645586,6455.86,645586,2026-08-20,TX-159134,0,on_time,18671206,230568
RP-1642-1-0,LN-1642-0,SYN-11642,3,2026-09-20,6455.86,645586,6455.86,645586,2026-09-20,TX-159144,0,on_time,18256188,225443
RP-1642-2-0,LN-1642-0,SYN-11642,4,2026-10-20,6455.86,645586,6455.86,645586,2026-10-20,TX-159154,0,on_time,17836045,220254
RP-1643-0-0,LN-1643-0,SYN-11643,2,2026-08-20,8380.41,838041,8380.41,838041,2026-08-26,TX-159168,6,late,17455736,203546
RP-1643-1-0,LN-1643-0,SYN-11643,3,2026-09-20,8380.41,838041,8380.41,838041,2026-09-26,TX-159177,6,late,16821241,196147
RP-1643-2-0,LN-1643-0,SYN-11643,4,2026-10-20,8380.41,838041,8380.41,838041,2026-10-29,TX-159186,9,late,16179347,188662
RP-1644-0-0,LN-1644-0,SYN-11644,2,2026-08-23,19500.82,1950082,19500.82,1950082,2026-08-26,TX-159200,3,late,40589279,475788
RP-1644-1-0,LN-1644-0,SYN-11644,3,2026-09-23,19500.82,1950082,19500.82,1950082,2026-09-26,TX-159211,3,late,39114985,458506
RP-1644-2-0,LN-1644-0,SYN-11644,4,2026-10-23,19500.82,1950082,19500.82,1950082,2026-10-29,TX-159222,6,late,37623409,441022
RP-1645-0-0,LN-1645-0,SYN-11645,2,2026-08-25,12922.55,1292255,12922.55,1292255,2026-08-25,TX-159235,0,on_time,39571803,356974
RP-1645-1-0,LN-1645-0,SYN-11645,3,2026-09-25,12922.55,1292255,12922.55,1292255,2026-10-01,TX-159248;TX-159252,6,late,38636522,348537
RP-1645-2-0,LN-1645-0,SYN-11645,4,2026-10-25,12922.55,1292255,12922.55,1292255,2026-11-03,TX-159260;TX-159264,9,late,37692804,340024
RP-1646-0-0,LN-1646-0,SYN-11646,2,2026-08-26,4311.43,431143,4311.43,431143,2026-09-07,TX-159282,12,late,12768045,139940
RP-1646-1-0,LN-1646-0,SYN-11646,3,2026-09-26,4311.43,431143,3567.28,356728,2026-10-05,TX-159296,9,partial,12476842,136748
RP-1646-2-0,LN-1646-0,SYN-11646,4,2026-10-26,4311.43,431143,0,0,,,0,missed,12256862,134337
RP-1647-0-0,LN-1647-0,SYN-11647,2,2026-08-21,50877.28,5087728,50877.28,5087728,2026-08-21,TX-159313,0,on_time,56098638,744195
RP-1647-1-0,LN-1647-0,SYN-11647,3,2026-09-21,50877.28,5087728,46046.08,4604608,2026-11-02,TX-159327;TX-159337,42,partial,51755105,686575
RP-1647-2-0,LN-1647-0,SYN-11647,4,2026-10-21,50877.28,5087728,0,0,,,0,missed,50687448,672411
RP-1648-0-0,LN-1648-0,SYN-11648,2,2026-08-24,3872.55,387255,3872.55,387255,2026-08-24,TX-159348,0,on_time,11805437,109552
RP-1648-1-0,LN-1648-0,SYN-11648,3,2026-09-24,3872.55,387255,3872.55,387255,2026-09-24,TX-159360,0,on_time,11527734,106975
RP-1648-2-0,LN-1648-0,SYN-11648,4,2026-10-24,3872.55,387255,3872.55,387255,2026-10-24,TX-159370,0,on_time,11247454,104374
RP-1649-0-0,LN-1649-0,SYN-11649,2,2026-08-28,12963.09,1296309,12963.09,1296309,2026-08-28,TX-159383,0,on_time,26690050,337480
RP-1649-1-0,LN-1649-0,SYN-11649,3,2026-09-28,12963.09,1296309,12963.09,1296309,2026-09-28,TX-159392,0,on_time,25731221,325356
RP-1649-2-0,LN-1649-0,SYN-11649,4,2026-10-28,12963.09,1296309,12963.09,1296309,2026-10-28,TX-159401,0,on_time,24760268,313079
RP-1651-0-0,LN-1651-0,SYN-11651,2,2026-08-21,14834.93,1483493,14834.93,1483493,2026-08-30,TX-159448,9,late,31485062,317317
RP-1651-0-1,LN-1651-1,SYN-11651,2,2026-08-21,27129.3,2712930,27129.3,2712930,2026-08-27,TX-159447,6,late,55594535,725286
RP-1651-1-0,LN-1651-0,SYN-11651,3,2026-09-21,14834.93,1483493,14834.93,1483493,2026-09-27,TX-159458,6,late,30318886,305564
RP-1651-1-1,LN-1651-1,SYN-11651,3,2026-09-21,27129.3,2712930,27129.3,2712930,2026-09-27,TX-159459,6,late,53606891,699355
RP-1651-2-0,LN-1651-0,SYN-11651,4,2026-10-21,14834.93,1483493,14834.93,1483493,2026-10-24,TX-159467,3,late,29140957,293692
RP-1651-2-1,LN-1651-1,SYN-11651,4,2026-10-21,27129.3,2712930,27129.3,2712930,2026-10-30,TX-159470,9,late,51593316,673086
RP-1652-0-0,LN-1652-0,SYN-11652,2,2026-08-24,24011.81,2401181,24011.81,2401181,2026-08-24,TX-159482,0,on_time,49592106,613979
RP-1652-1-0,LN-1652-0,SYN-11652,3,2026-09-24,24011.81,2401181,24011.81,2401181,2026-09-24,TX-159493,0,on_time,47804904,591853
RP-1652-2-0,LN-1652-0,SYN-11652,4,2026-10-24,24011.81,2401181,24011.81,2401181,2026-11-02,TX-159505,9,late,45995576,569452
RP-1653-0-0,LN-1653-0,SYN-11653,2,2026-08-27,9767.8,976780,9767.8,976780,2026-08-27,TX-159516,0,on_time,29299262,299311
RP-1653-1-0,LN-1653-0,SYN-11653,3,2026-09-27,9767.8,976780,9767.8,976780,2026-09-27,TX-159528,0,on_time,28621793,292391
RP-1653-2-0,LN-1653-0,SYN-11653,4,2026-10-27,9767.8,976780,9767.8,976780,2026-10-27,TX-159537,0,on_time,27937404,285399
RP-1654-0-0,LN-1654-0,SYN-11654,2,2026-08-22,19145.08,1914508,19145.08,1914508,2026-09-03,TX-159552,12,late,39454849,495770
RP-1654-1-0,LN-1654-0,SYN-11654,3,2026-09-22,19145.08,1914508,19145.08,1914508,2026-10-01,TX-159561,9,late,38036111,477943
RP-1654-2-0,LN-1654-0,SYN-11654,4,2026-10-22,19145.08,1914508,19145.08,1914508,2026-11-03,TX-159572,12,late,36599546,459892
RP-1655-0-0,LN-1655-0,SYN-11655,2,2026-08-26,7075.47,707547,7075.47,707547,2026-08-26,TX-159582,0,on_time,21745473,191627
RP-1655-1-0,LN-1655-0,SYN-11655,3,2026-09-26,7075.47,707547,7075.47,707547,2026-09-26,TX-159591,0,on_time,21229553,187080
RP-1655-2-0,LN-1655-0,SYN-11655,4,2026-10-26,7075.47,707547,7075.47,707547,2026-10-26,TX-159600,0,on_time,20709086,182494
RP-1656-0-0,LN-1656-0,SYN-11656,2,2026-08-20,19303.82,1930382,19303.82,1930382,2026-08-26,TX-159611,6,late,54888424,732975
RP-1656-1-0,LN-1656-0,SYN-11656,3,2026-09-20,19303.82,1930382,19303.82,1930382,2026-09-26,TX-159622,6,late,53691017,716985
RP-1656-2-0,LN-1656-0,SYN-11656,4,2026-10-20,19303.82,1930382,19303.82,1930382,2026-10-23,TX-159630,3,late,52477620,700782
RP-1657-0-0,LN-1657-0,SYN-11657,2,2026-08-25,36663.54,3666354,36663.54,3666354,2026-08-25,TX-159645,0,on_time,78128741,760857
RP-1657-1-0,LN-1657-0,SYN-11657,3,2026-09-25,36663.54,3666354,22992.78,2299278,2026-10-01,TX-159662,6,partial,75223244,732562
RP-1657-2-0,LN-1657-0,SYN-11657,4,2026-10-25,36663.54,3666354,7051.31,705131,2026-11-03,TX-159675,9,partial,73656528,717304
RP-1658-0-0,LN-1658-0,SYN-11658,2,2026-08-21,35559.35,3555935,35559.35,3555935,2026-08-24,TX-159685,3,late,40248130,366687
RP-1658-1-0,LN-1658-0,SYN-11658,3,2026-09-21,35559.35,3555935,35559.35,3555935,2026-09-24,TX-159695,3,late,37058882,337631
RP-1658-2-0,LN-1658-0,SYN-11658,4,2026-10-21,35559.35,3555935,35559.35,3555935,2026-10-24,TX-159705,3,late,33840578,308310
RP-1659-0-0,LN-1659-0,SYN-11659,2,2026-08-21,9732.51,973251,9732.51,973251,2026-08-21,TX-159718,0,on_time,27571218,374240
RP-1659-1-0,LN-1659-0,SYN-11659,3,2026-09-21,9732.51,973251,9732.51,973251,2026-09-21,TX-159729,0,on_time,26972207,366109
RP-1659-2-0,LN-1659-0,SYN-11659,4,2026-10-21,9732.51,973251,9732.51,973251,2026-10-21,TX-159740,0,on_time,26365065,357868
RP-1661-0-0,LN-1661-0,SYN-11661,2,2026-08-26,24897.71,2489771,24897.71,2489771,2026-08-26,TX-159781,0,on_time,53892176,454374
RP-1661-0-1,LN-1661-1,SYN-11661,2,2026-08-26,48475.15,4847515,48475.15,4847515,2026-08-26,TX-159782,0,on_time,54451938,561481
RP-1661-1-0,LN-1661-0,SYN-11661,3,2026-09-26,24897.71,2489771,24897.71,2489771,2026-10-02,TX-159798,6,late,51856779,437213
RP-1661-1-1,LN-1661-1,SYN-11661,3,2026-09-26,48475.15,4847515,48475.15,4847515,2026-10-02,TX-159799,6,late,50165904,517286
RP-1661-2-0,LN-1661-0,SYN-11661,4,2026-10-26,24897.71,2489771,24897.71,2489771,2026-11-01,TX-159810,6,late,49804221,419908
RP-1661-2-1,LN-1661-1,SYN-11661,4,2026-10-26,48475.15,4847515,48475.15,4847515,2026-11-01,TX-159811,6,late,45835675,472635
RP-1662-0-0,LN-1662-0,SYN-11662,2,2026-08-27,3610.07,361007,3610.07,361007,2026-08-27,TX-159824,0,on_time,7552031,85303
RP-1662-1-0,LN-1662-0,SYN-11662,3,2026-09-27,3610.07,361007,3610.07,361007,2026-10-03,TX-159840,6,late,7276327,82189
RP-1662-2-0,LN-1662-0,SYN-11662,4,2026-10-27,3610.07,361007,3610.07,361007,2026-11-02,TX-159851,6,late,6997509,79040
RP-1663-0-0,LN-1663-0,SYN-11663,2,2026-08-21,8601.05,860105,8601.05,860105,2026-08-21,TX-159862,0,on_time,25675518,269477
RP-1663-1-0,LN-1663-0,SYN-11663,3,2026-09-21,8601.05,860105,8601.05,860105,2026-09-21,TX-159874,0,on_time,25084890,263278
RP-1663-2-0,LN-1663-0,SYN-11663,4,2026-10-21,8601.05,860105,8601.05,860105,2026-10-21,TX-159883,0,on_time,24488063,257014
RP-1664-0-0,LN-1664-0,SYN-11664,2,2026-08-26,7894.36,789436,7894.36,789436,2026-08-26,TX-159897,0,on_time,8607362,129659
RP-1664-1-0,LN-1664-0,SYN-11664,3,2026-09-26,7894.36,789436,7894.36,789436,2026-09-26,TX-159908,0,on_time,7947585,119720
RP-1664-2-0,LN-1664-0,SYN-11664,4,2026-10-26,7894.36,789436,7894.36,789436,2026-11-01,TX-159921,6,late,7277869,109632
RP-1665-0-0,LN-1665-0,SYN-11665,2,2026-08-21,7111.21,711121,7111.21,711121,2026-08-21,TX-159932,0,on_time,14919268,164873
RP-1665-1-0,LN-1665-0,SYN-11665,3,2026-09-21,7111.21,711121,7111.21,711121,2026-09-30,TX-159945,9,late,14373020,158836
RP-1665-2-0,LN-1665-0,SYN-11665,4,2026-10-21,7111.21,711121,7111.21,711121,2026-10-30,TX-159953;TX-159957,9,late,13820735,152733
RP-1666-0-0,LN-1666-0,SYN-11666,2,2026-08-27,27458.72,2745872,27458.72,2745872,2026-09-05,TX-159971,9,late,29898791,456796
RP-1666-1-0,LN-1666-0,SYN-11666,3,2026-09-27,27458.72,2745872,27458.72,2745872,2026-10-03,TX-159980,6,late,27609715,421824
RP-1666-2-0,LN-1666-0,SYN-11666,4,2026-10-27,27458.72,2745872,27458.72,2745872,2026-11-05,TX-159989,9,late,25285667,386317
RP-1667-0-0,LN-1667-0,SYN-11667,2,2026-08-26,11879.94,1187994,11879.94,1187994,2026-08-26,TX-160001,0,on_time,25715881,216710
RP-1667-1-0,LN-1667-0,SYN-11667,3,2026-09-26,11879.94,1187994,11879.94,1187994,2026-09-26,TX-160015,0,on_time,24744597,208525
RP-1667-2-0,LN-1667-0,SYN-11667,4,2026-10-26,11879.94,1187994,11879.94,1187994,2026-10-26,TX-160026,0,on_time,23765128,200271
RP-1668-0-0,LN-1668-0,SYN-11668,2,2026-08-24,57095.82,5709582,57095.82,5709582,2026-09-02,TX-160037;TX-160041,9,late,63277295,787929
RP-1668-1-0,LN-1668-0,SYN-11668,3,2026-09-24,57095.82,5709582,29493.63,2949363,2026-11-02,TX-160053;TX-160064,39,partial,58355642,726644
RP-1668-2-0,LN-1668-0,SYN-11668,4,2026-10-24,57095.82,5709582,2339.4,233940,2026-11-02,TX-160065,9,partial,56672154,705682
RP-1669-0-0,LN-1669-0,SYN-11669,2,2026-08-24,18813.99,1881399,18813.99,1881399,2026-08-24,TX-160076,0,on_time,20476841,314296
RP-1669-1-0,LN-1669-0,SYN-11669,3,2026-09-24,18813.99,1881399,18813.99,1881399,2026-09-24,TX-160086,0,on_time,18909738,290242
RP-1669-2-0,LN-1669-0,SYN-11669,4,2026-10-24,18813.99,1881399,18813.99,1881399,2026-10-24,TX-160096,0,on_time,17318581,265820
RP-1671-0-0,LN-1671-0,SYN-11671,2,2026-08-24,36875.84,3687584,36875.84,3687584,2026-08-24,TX-160141,0,on_time,79460056,699851
RP-1671-0-1,LN-1671-1,SYN-11671,2,2026-08-24,18276.86,1827686,18276.86,1827686,2026-09-02,TX-160142;TX-160146,9,late,54066966,596021
RP-1671-1-0,LN-1671-0,SYN-11671,3,2026-09-24,36875.84,3687584,36875.84,3687584,2026-10-03,TX-160157,9,late,76472323,673536
RP-1671-1-1,LN-1671-1,SYN-11671,3,2026-09-24,18276.86,1827686,18276.86,1827686,2026-09-24,TX-160152,0,on_time,52835301,582443
RP-1671-2-0,LN-1671-0,SYN-11671,4,2026-10-24,36875.84,3687584,36875.84,3687584,2026-11-02,TX-160166,9,late,73458275,646990
RP-1671-2-1,LN-1671-1,SYN-11671,4,2026-10-24,18276.86,1827686,18276.86,1827686,2026-11-02,TX-160167,9,late,51590058,568716
RP-1672-0-0,LN-1672-0,SYN-11672,2,2026-08-22,13757.41,1375741,13757.41,1375741,2026-08-22,TX-160179,0,on_time,42373098,368134
RP-1672-1-0,LN-1672-0,SYN-11672,3,2026-09-22,13757.41,1375741,13757.41,1375741,2026-09-22,TX-160190,0,on_time,41365491,359380
RP-1672-2-0,LN-1672-0,SYN-11672,4,2026-10-22,13757.41,1375741,0,0,,,0,missed,40349130,350550
RP-1673-0-0,LN-1673-0,SYN-11673,2,2026-08-27,28144.26,2814426,28144.26,2814426,2026-08-27,TX-160214,0,on_time,31591249,329407
RP-1673-1-0,LN-1673-0,SYN-11673,3,2026-09-27,28144.26,2814426,28144.26,2814426,2026-10-03,TX-160225;TX-160226;TX-160229,6,late,29106230,303496
RP-1673-2-0,LN-1673-0,SYN-11673,4,2026-10-27,28144.26,2814426,28144.26,2814426,2026-11-02,TX-160239,6,late,26595300,277314
RP-1674-0-0,LN-1674-0,SYN-11674,2,2026-08-24,10496.63,1049663,10496.63,1049663,2026-08-24,TX-160248,0,on_time,31058235,341977
RP-1674-1-0,LN-1674-0,SYN-11674,3,2026-09-24,10496.63,1049663,10496.63,1049663,2026-09-24,TX-160261,0,on_time,30350549,334185
RP-1674-2-0,LN-1674-0,SYN-11674,4,2026-10-24,10496.63,1049663,10496.63,1049663,2026-10-24,TX-160270,0,on_time,29635071,326307
RP-1675-0-0,LN-1675-0,SYN-11675,2,2026-08-26,11335.29,1133529,11335.29,1133529,2026-09-01,TX-160287,6,late,12240748,203339
RP-1675-1-0,LN-1675-0,SYN-11675,3,2026-09-26,11335.29,1133529,11335.29,1133529,2026-10-02,TX-160299,6,late,11310558,187887
RP-1675-2-0,LN-1675-0,SYN-11675,4,2026-10-26,11335.29,1133529,11335.29,1133529,2026-11-01,TX-160308,6,late,10364916,172179
RP-1676-0-0,LN-1676-0,SYN-11676,2,2026-08-23,16470.54,1647054,16470.54,1647054,2026-08-23,TX-160317,0,on_time,44881937,713698
RP-1676-1-0,LN-1676-0,SYN-11676,3,2026-09-23,16470.54,1647054,16470.54,1647054,2026-09-23,TX-160326,0,on_time,43948581,698856
RP-1676-2-0,LN-1676-0,SYN-11676,4,2026-10-23,16470.54,1647054,16470.54,1647054,2026-10-23,TX-160335,0,on_time,43000383,683778
RP-1677-0-0,LN-1677-0,SYN-11677,2,2026-08-23,27601.55,2760155,27601.55,2760155,2026-08-23,TX-160349,0,on_time,58592199,589521
RP-1677-1-0,LN-1677-0,SYN-11677,3,2026-09-23,27601.55,2760155,27601.55,2760155,2026-09-23,TX-160360,0,on_time,56421565,567681
RP-1677-2-0,LN-1677-0,SYN-11677,4,2026-10-23,27601.55,2760155,27601.55,2760155,2026-11-01,TX-160371;TX-160375,9,late,54229091,545621
RP-1678-0-0,LN-1678-0,SYN-11678,2,2026-08-20,46391.52,4639152,46391.52,4639152,2026-08-20,TX-160383,0,on_time,51181132,674388
RP-1678-1-0,LN-1678-0,SYN-11678,3,2026-09-20,46391.52,4639152,46391.52,4639152,2026-09-20,TX-160392,0,on_time,47216368,622146
RP-1678-2-0,LN-1678-0,SYN-11678,4,2026-10-20,46391.52,4639152,46391.52,4639152,2026-10-20,TX-160401,0,on_time,43199362,569216
RP-1679-0-0,LN-1679-0,SYN-11679,2,2026-08-21,10428.73,1042873,10428.73,1042873,2026-08-21,TX-160416,0,on_time,29371295,408895
RP-1679-1-0,LN-1679-0,SYN-11679,3,2026-09-21,10428.73,1042873,10428.73,1042873,2026-09-21,TX-160427,0,on_time,28737317,400069
RP-1679-2-0,LN-1679-0,SYN-11679,4,2026-10-21,10428.73,1042873,10428.73,1042873,2026-10-21,TX-160438,0,on_time,28094513,391120
RP-1681-0-0,LN-1681-0,SYN-11681,2,2026-08-21,11289.83,1128983,11289.83,1128983,2026-08-21,TX-160490,0,on_time,33476473,364439
RP-1681-0-1,LN-1681-1,SYN-11681,2,2026-08-21,35317.23,3531723,35317.23,3531723,2026-08-21,TX-160491,0,on_time,38374109,599375
RP-1681-1-0,LN-1681-0,SYN-11681,3,2026-09-21,11289.83,1128983,11289.83,1128983,2026-10-06,TX-160502;TX-160508,15,late,32711929,356116
RP-1681-1-1,LN-1681-1,SYN-11681,3,2026-09-21,35317.23,3531723,35317.23,3531723,2026-10-06,TX-160509,15,late,35441761,553574
RP-1681-2-0,LN-1681-0,SYN-11681,4,2026-10-21,11289.83,1128983,0,0,,,0,missed,31939062,347702
RP-1681-2-1,LN-1681-1,SYN-11681,4,2026-10-21,35317.23,3531723,35317.23,3531723,2026-11-05,TX-160521,15,late,32463612,507057
RP-1682-0-0,LN-1682-0,SYN-11682,2,2026-08-23,7349.02,734902,7349.02,734902,2026-08-23,TX-160531,0,on_time,8002208,122237
RP-1682-1-0,LN-1682-0,SYN-11682,3,2026-09-23,7349.02,734902,7349.02,734902,2026-09-23,TX-160541,0,on_time,7389543,112878
RP-1682-2-0,LN-1682-0,SYN-11682,4,2026-10-23,7349.02,734902,7349.02,734902,2026-10-23,TX-160551,0,on_time,6767519,103377
RP-1683-0-0,LN-1683-0,SYN-11683,2,2026-08-23,35044.17,3504417,35044.17,3504417,2026-08-23,TX-160564,0,on_time,39728660,351903
RP-1683-1-0,LN-1683-0,SYN-11683,3,2026-09-23,35044.17,3504417,35044.17,3504417,2026-09-23,TX-160578,0,on_time,36576146,323979
RP-1683-2-0,LN-1683-0,SYN-11683,4,2026-10-23,35044.17,3504417,35044.17,3504417,2026-10-23,TX-160588,0,on_time,33395708,295808
RP-1684-0-0,LN-1684-0,SYN-11684,2,2026-08-21,9306.47,930647,9306.47,930647,2026-09-02,TX-160606,12,late,20091879,173761
RP-1684-1-0,LN-1684-0,SYN-11684,3,2026-09-21,9306.47,930647,9306.47,930647,2026-10-03,TX-160622,12,late,19334993,167215
RP-1684-2-0,LN-1684-0,SYN-11684,4,2026-10-21,9306.47,930647,9306.47,930647,2026-11-02,TX-160634,12,late,18571561,160613
RP-1685-0-0,LN-1685-0,SYN-11685,2,2026-08-20,29026.01,2902601,29026.01,2902601,2026-09-01,TX-160649,12,late,60812431,679123
RP-1685-1-0,LN-1685-0,SYN-11685,3,2026-09-20,29026.01,2902601,29026.01,2902601,2026-10-02,TX-160663,12,late,58588953,654292
RP-1685-2-0,LN-1685-0,SYN-11685,4,2026-10-20,29026.01,2902601,29026.01,2902601,2026-10-29,TX-160671;TX-160675,9,late,56340644,629184
RP-1686-0-0,LN-1686-0,SYN-11686,2,2026-08-27,32224.31,3222431,32224.31,3222431,2026-08-27,TX-160686,0,on_time,86894900,1436966
RP-1686-1-0,LN-1686-0,SYN-11686,3,2026-09-27,32224.31,3222431,32224.31,3222431,2026-09-27,TX-160695,0,on_time,85109435,1407441
RP-1686-2-0,LN-1686-0,SYN-11686,4,2026-10-27,32224.31,3222431,32224.31,3222431,2026-10-27,TX-160704,0,on_time,83294445,1377426
RP-1687-0-0,LN-1687-0,SYN-11687,2,2026-08-26,12092.25,1209225,12092.25,1209225,2026-08-29,TX-160720,3,late,33120092,516439
RP-1687-1-0,LN-1687-0,SYN-11687,3,2026-09-26,12092.25,1209225,12092.25,1209225,2026-09-29,TX-160734,3,late,32427306,505636
RP-1687-2-0,LN-1687-0,SYN-11687,4,2026-10-26,12092.25,1209225,12092.25,1209225,2026-10-29,TX-160745,3,late,31723717,494665
RP-1688-0-0,LN-1688-0,SYN-11688,2,2026-08-21,10923.16,1092316,10923.16,1092316,2026-08-21,TX-160757,0,on_time,12371367,111463
RP-1688-1-0,LN-1688-0,SYN-11688,3,2026-09-21,10923.16,1092316,10923.16,1092316,2026-09-21,TX-160767,0,on_time,11390514,102626
RP-1688-2-0,LN-1688-0,SYN-11688,4,2026-10-21,10923.16,1092316,10923.16,1092316,2026-10-21,TX-160777,0,on_time,10400824,93709
RP-1689-0-0,LN-1689-0,SYN-11689,2,2026-08-23,8219.24,821924,8219.24,821924,2026-08-23,TX-160791,0,on_time,25274400,221935
RP-1689-1-0,LN-1689-0,SYN-11689,3,2026-09-23,8219.24,821924,8219.24,821924,2026-09-23,TX-160805,0,on_time,24674411,216666
RP-1689-2-0,LN-1689-0,SYN-11689,4,2026-10-23,8219.24,821924,8219.24,821924,2026-10-23,TX-160816,0,on_time,24069153,211351
RP-1691-0-0,LN-1691-0,SYN-11691,2,2026-08-28,19421.4,1942140,19421.4,1942140,2026-08-28,TX-160863,0,on_time,21546445,264727
RP-1691-0-1,LN-1691-1,SYN-11691,2,2026-08-28,25650.17,2565017,25650.17,2565017,2026-09-03,TX-160864;TX-160865;TX-160868,6,late,28334620,367561
RP-1691-1-0,LN-1691-0,SYN-11691,3,2026-09-28,19421.4,1942140,19421.4,1942140,2026-10-01,TX-160877,3,late,19869032,244118
RP-1691-1-1,LN-1691-1,SYN-11691,3,2026-09-28,25650.17,2565017,25650.17,2565017,2026-11-03,TX-160878;TX-160891,36,late,26137164,339056
RP-1691-2-0,LN-1691-0,SYN-11691,4,2026-10-28,19421.4,1942140,19421.4,1942140,2026-11-03,TX-160892,6,late,18171010,223255
RP-1691-2-1,LN-1691-1,SYN-11691,4,2026-10-28,25650.17,2565017,7346.43,734643,2026-11-03,TX-160893,6,partial,24456614,317255
RP-1692-0-0,LN-1692-0,SYN-11692,2,2026-08-28,16397.48,1639748,16397.48,1639748,2026-09-03,TX-160905,6,late,32943271,485666
RP-1692-1-0,LN-1692-0,SYN-11692,3,2026-09-28,16397.48,1639748,16397.48,1639748,2026-10-04,TX-160914,6,late,31789189,468652
RP-1692-2-0,LN-1692-0,SYN-11692,4,2026-10-28,16397.48,1639748,16397.48,1639748,2026-10-31,TX-160922,3,late,30618093,451387
RP-1693-0-0,LN-1693-0,SYN-11693,2,2026-08-25,19960.43,1996043,19960.43,1996043,2026-08-25,TX-160933,0,on_time,54107688,877550
RP-1693-1-0,LN-1693-0,SYN-11693,3,2026-09-25,19960.43,1996043,6025.57,602557,2026-10-01,TX-160949,6,partial,52989195,859410
RP-1693-2-0,LN-1693-0,SYN-11693,4,2026-10-25,19960.43,1996043,0,0,,,0,missed,52989195,859410
RP-1694-0-0,LN-1694-0,SYN-11694,2,2026-08-21,8007.4,800740,8007.4,800740,2026-08-21,TX-160970,0,on_time,16511750,206643
RP-1694-1-0,LN-1694-0,SYN-11694,3,2026-09-21,8007.4,800740,8007.4,800740,2026-09-21,TX-160982,0,on_time,15917653,199208
RP-1694-2-0,LN-1694-0,SYN-11694,4,2026-10-21,8007.4,800740,8007.4,800740,2026-10-21,TX-160992,0,on_time,15316121,191680
RP-1695-0-0,LN-1695-0,SYN-11695,2,2026-08-25,17517.82,1751782,17517.82,1751782,2026-08-25,TX-161005,0,on_time,35284005,512433
RP-1695-1-0,LN-1695-0,SYN-11695,3,2026-09-25,17517.82,1751782,17517.82,1751782,2026-09-25,TX-161014,0,on_time,34044656,494433
RP-1695-2-0,LN-1695-0,SYN-11695,4,2026-10-25,17517.82,1751782,17517.82,1751782,2026-10-25,TX-161023,0,on_time,32787307,476173
RP-1696-0-0,LN-1696-0,SYN-11696,2,2026-08-27,20747.47,2074747,20747.47,2074747,2026-08-27,TX-161038,0,on_time,59945995,743705
RP-1696-1-0,LN-1696-0,SYN-11696,3,2026-09-27,20747.47,2074747,20747.47,2074747,2026-09-27,TX-161051,0,on_time,58614953,727192
RP-1696-2-0,LN-1696-0,SYN-11696,4,2026-10-27,20747.47,2074747,20747.47,2074747,2026-10-27,TX-161062,0,on_time,57267398,710474
RP-1697-0-0,LN-1697-0,SYN-11697,2,2026-08-20,10591.67,1059167,10591.67,1059167,2026-08-20,TX-161071,0,on_time,22941669,192129
RP-1697-1-0,LN-1697-0,SYN-11697,3,2026-09-20,10591.67,1059167,10591.67,1059167,2026-09-20,TX-161080,0,on_time,22074631,184868
RP-1697-2-0,LN-1697-0,SYN-11697,4,2026-10-20,10591.67,1059167,10591.67,1059167,2026-10-20,TX-161089,0,on_time,21200332,177546
RP-1698-0-0,LN-1698-0,SYN-11698,2,2026-08-27,51472.68,5147268,51472.68,5147268,2026-09-02,TX-161104;TX-161106,6,late,56595659,776247
RP-1698-1-0,LN-1698-0,SYN-11698,3,2026-09-27,51472.68,5147268,51472.68,5147268,2026-10-03,TX-161115;TX-161118,6,late,52224638,716296
RP-1698-2-0,LN-1698-0,SYN-11698,4,2026-10-27,51472.68,5147268,51472.68,5147268,2026-11-02,TX-161127,6,late,47793666,655522
RP-1699-0-0,LN-1699-0,SYN-11699,2,2026-08-28,28847.05,2884705,28847.05,2884705,2026-08-28,TX-161138,0,on_time,58451469,818920
RP-1699-1-0,LN-1699-0,SYN-11699,3,2026-09-28,28847.05,2884705,28847.05,2884705,2026-09-28,TX-161147,0,on_time,56385684,789978
RP-1699-2-0,LN-1699-0,SYN-11699,4,2026-10-28,28847.05,2884705,28847.05,2884705,2026-10-28,TX-161157,0,on_time,54290957,760630
RP-1701-0-0,LN-1701-0,SYN-11701,2,2026-08-25,22661.8,2266180,22661.8,2266180,2026-08-25,TX-161198,0,on_time,46654303,590313
RP-1701-0-1,LN-1701-1,SYN-11701,2,2026-08-25,22737.44,2273744,22737.44,2273744,2026-09-06,TX-161199;TX-161206,12,late,46397154,622109
RP-1701-1-0,LN-1701-0,SYN-11701,3,2026-09-25,22661.8,2266180,22661.8,2266180,2026-10-07,TX-161214;TX-161222,12,late,44978436,569108
RP-1701-1-1,LN-1701-1,SYN-11701,3,2026-09-25,22737.44,2273744,22737.44,2273744,2026-10-07,TX-161215;TX-161223,12,late,44745519,599963
RP-1701-2-0,LN-1701-0,SYN-11701,4,2026-10-25,22661.8,2266180,0,0,,,0,missed,43281364,547635
RP-1701-2-1,LN-1701-1,SYN-11701,4,2026-10-25,22737.44,2273744,0,0,,,0,missed,43071738,577520
RP-1702-0-0,LN-1702-0,SYN-11702,2,2026-08-25,16517.51,1651751,16517.51,1651751,2026-08-25,TX-161244,0,on_time,34022458,428989
RP-1702-1-0,LN-1702-0,SYN-11702,3,2026-09-25,16517.51,1651751,15735.65,1573565,2026-11-03,TX-161260;TX-161272,39,partial,32799696,413571
RP-1702-2-0,LN-1702-0,SYN-11702,4,2026-10-25,16517.51,1651751,0,0,,,0,missed,32799696,413571
RP-1703-0-0,LN-1703-0,SYN-11703,2,2026-08-25,8631.94,863194,8631.94,863194,2026-08-25,TX-161282,0,on_time,17238181,263042
RP-1703-1-0,LN-1703-0,SYN-11703,3,2026-09-25,8631.94,863194,8631.94,863194,2026-09-28,TX-161293,3,late,16638029,253884
RP-1703-2-0,LN-1703-0,SYN-11703,4,2026-10-25,8631.94,863194,8631.94,863194,2026-10-25,TX-161302,0,on_time,16028719,244586
RP-1704-0-0,LN-1704-0,SYN-11704,2,2026-08-23,16112.96,1611296,16112.96,1611296,2026-08-23,TX-161315,0,on_time,45226505,638779
RP-1704-1-0,LN-1704-0,SYN-11704,3,2026-09-23,16112.96,1611296,16112.96,1611296,2026-10-02,TX-161329,9,late,44253988,625043
RP-1704-2-0,LN-1704-0,SYN-11704,4,2026-10-23,16112.96,1611296,16112.96,1611296,2026-11-01,TX-161340,9,late,43267735,611113
RP-1705-0-0,LN-1705-0,SYN-11705,2,2026-08-27,17331.67,1733167,17331.67,1733167,2026-08-27,TX-161353,0,on_time,48531484,692362
RP-1705-1-0,LN-1705-0,SYN-11705,3,2026-09-27,17331.67,1733167,17331.67,1733167,2026-10-03,TX-161366;TX-161369,6,late,47490679,677514
RP-1705-2-0,LN-1705-0,SYN-11705,4,2026-10-27,17331.67,1733167,17331.67,1733167,2026-11-02,TX-161377;TX-161378;TX-161380,6,late,46435026,662454
RP-1706-0-0,LN-1706-0,SYN-11706,2,2026-08-27,47067.92,4706792,47067.92,4706792,2026-09-05,TX-161391;TX-161393;TX-161396,9,late,51347800,768861
RP-1706-1-0,LN-1706-0,SYN-11706,3,2026-09-27,47067.92,4706792,47067.92,4706792,2026-10-06,TX-161404;TX-161409,9,late,47409869,709896
RP-1706-2-0,LN-1706-0,SYN-11706,4,2026-10-27,47067.92,4706792,47067.92,4706792,2026-11-05,TX-161415;TX-161417;TX-161418;TX-161422,9,late,43412973,650048
RP-1707-0-0,LN-1707-0,SYN-11707,2,2026-08-20,14138.96,1413896,14138.96,1413896,2026-08-20,TX-161429,0,on_time,15837696,170361
RP-1707-1-0,LN-1707-0,SYN-11707,3,2026-09-20,14138.96,1413896,14138.96,1413896,2026-09-20,TX-161438,0,on_time,14594161,156985
RP-1707-2-0,LN-1707-0,SYN-11707,4,2026-10-20,14138.96,1413896,14138.96,1413896,2026-11-01,TX-161447;TX-161452,12,late,13337250,143464
RP-1708-0-0,LN-1708-0,SYN-11708,2,2026-08-20,19504.58,1950458,19504.58,1950458,2026-08-20,TX-161462,0,on_time,59013185,573318
RP-1708-1-0,LN-1708-0,SYN-11708,3,2026-09-20,19504.58,1950458,19504.58,1950458,2026-09-20,TX-161475,0,on_time,57636045,559939
RP-1708-2-0,LN-1708-0,SYN-11708,4,2026-10-20,19504.58,1950458,19504.58,1950458,2026-10-20,TX-161486,0,on_time,56245526,546430
RP-1709-0-0,LN-1709-0,SYN-11709,2,2026-08-22,11562.87,1156287,11562.87,1156287,2026-08-22,TX-161501,0,on_time,23907629,293731
RP-1709-1-0,LN-1709-0,SYN-11709,3,2026-09-22,11562.87,1156287,11562.87,1156287,2026-09-22,TX-161513,0,on_time,23045073,283134
RP-1709-2-0,LN-1709-0,SYN-11709,4,2026-10-22,11562.87,1156287,11562.87,1156287,2026-10-22,TX-161524,0,on_time,22171920,272406
RP-1711-0-0,LN-1711-0,SYN-11711,2,2026-08-28,28054.0,2805400,28054.0,2805400,2026-08-28,TX-161571,0,on_time,57109005,777425
RP-1711-0-1,LN-1711-1,SYN-11711,2,2026-08-28,33695.87,3369587,33695.87,3369587,2026-08-28,TX-161572,0,on_time,37145272,494153
RP-1711-1-0,LN-1711-0,SYN-11711,3,2026-09-28,28054.0,2805400,28054.0,2805400,2026-09-28,TX-161586,0,on_time,55081030,749818
RP-1711-1-1,LN-1711-1,SYN-11711,3,2026-09-28,33695.87,3369587,33695.87,3369587,2026-09-28,TX-161587,0,on_time,34269838,455900
RP-1711-2-0,LN-1711-0,SYN-11711,4,2026-10-28,28054.0,2805400,28054.0,2805400,2026-10-28,TX-161600,0,on_time,53025448,721835
RP-1711-2-1,LN-1711-1,SYN-11711,4,2026-10-28,33695.87,3369587,33695.87,3369587,2026-10-28,TX-161601,0,on_time,31356151,417139
RP-1712-0-0,LN-1712-0,SYN-11712,2,2026-08-25,17874.83,1787483,17874.83,1787483,2026-08-25,TX-161613,0,on_time,55024408,479794
RP-1712-1-0,LN-1712-0,SYN-11712,3,2026-09-25,17874.83,1787483,17874.83,1787483,2026-09-25,TX-161623,0,on_time,53716719,468392
RP-1712-2-0,LN-1712-0,SYN-11712,4,2026-10-25,17874.83,1787483,17874.83,1787483,2026-10-25,TX-161633,0,on_time,52397628,456890
RP-1713-0-0,LN-1713-0,SYN-11713,2,2026-08-27,29077.26,2907726,29077.26,2907726,2026-08-27,TX-161648,0,on_time,31946292,442158
RP-1713-1-0,LN-1713-0,SYN-11713,3,2026-09-27,29077.26,2907726,29077.26,2907726,2026-10-03,TX-161661;TX-161662;TX-161665,6,late,29480724,408033
RP-1713-2-0,LN-1713-0,SYN-11713,4,2026-10-27,29077.26,2907726,29077.26,2907726,2026-11-02,TX-161675,6,late,26981031,373435
RP-1714-0-0,LN-1714-0,SYN-11714,2,2026-08-25,3778.44,377844,3778.44,377844,2026-08-25,TX-161687,0,on_time,10466468,156093
RP-1714-1-0,LN-1714-0,SYN-11714,3,2026-09-25,3778.44,377844,3778.44,377844,2026-09-28,TX-161702,3,late,10244717,152786
RP-1714-2-0,LN-1714-0,SYN-11714,4,2026-10-25,3778.44,377844,3778.44,377844,2026-10-25,TX-161711,0,on_time,10019659,149430
RP-1715-0-0,LN-1715-0,SYN-11715,2,2026-08-28,15139.68,1513968,15139.68,1513968,2026-08-28,TX-161727,0,on_time,42292226,609399
RP-1715-1-0,LN-1715-0,SYN-11715,3,2026-09-28,15139.68,1513968,15139.68,1513968,2026-10-01,TX-161739,3,late,41387657,596365
RP-1715-2-0,LN-1715-0,SYN-11715,4,2026-10-28,15139.68,1513968,15139.68,1513968,2026-11-03,TX-161751,6,late,40470054,583143
RP-1716-0-0,LN-1716-0,SYN-11716,2,2026-08-26,71971.48,7197148,71971.48,7197148,2026-08-29,TX-161763;TX-161765,3,late,77792623,1280635
RP-1716-1-0,LN-1716-0,SYN-11716,3,2026-09-26,71971.48,7197148,71971.48,7197148,2026-09-29,TX-161780,3,late,71876110,1183237
RP-1716-2-0,LN-1716-0,SYN-11716,4,2026-10-26,71971.48,7197148,71971.48,7197148,2026-10-29,TX-161792,3,late,65862199,1084234
RP-1717-0-0,LN-1717-0,SYN-11717,2,2026-08-20,25600.21,2560021,25600.21,2560021,2026-09-01,TX-161801;TX-161806,12,late,28966998,265297
RP-1717-1-0,LN-1717-0,SYN-11717,3,2026-09-20,25600.21,2560021,25600.21,2560021,2026-10-02,TX-161819,12,late,26672274,244280
RP-1717-2-0,LN-1717-0,SYN-11717,4,2026-10-20,25600.21,2560021,25600.21,2560021,2026-11-01,TX-161830,12,late,24356533,223071
RP-1718-0-0,LN-1718-0,SYN-11718,2,2026-08-26,6666.21,666621,6666.21,666621,2026-08-26,TX-161842,0,on_time,20319760,188688
RP-1718-1-0,LN-1718-0,SYN-11718,3,2026-09-26,6666.21,666621,6666.21,666621,2026-09-26,TX-161852,0,on_time,19841827,184250
RP-1718-2-0,LN-1718-0,SYN-11718,4,2026-10-26,6666.21,666621,6666.21,666621,2026-10-29,TX-161862;TX-161864,3,late,19359456,179770
RP-1719-0-0,LN-1719-0,SYN-11719,2,2026-08-26,7379.47,737947,7379.47,737947,2026-08-26,TX-161877,0,on_time,22821319,192958
RP-1719-1-0,LN-1719-0,SYN-11719,3,2026-09-26,7379.47,737947,7379.47,737947,2026-09-26,TX-161888,0,on_time,22276330,188350
RP-1719-2-0,LN-1719-0,SYN-11719,4,2026-10-26,7379.47,737947,7379.47,737947,2026-10-29,TX-161899,3,late,21726733,183703
RP-1721-0-0,LN-1721-0,SYN-11721,2,2026-08-23,5473.86,547386,5473.86,547386,2026-08-23,TX-161947,0,on_time,15472565,212057
RP-1721-0-1,LN-1721-1,SYN-11721,2,2026-08-23,10111.35,1011135,10111.35,1011135,2026-08-23,TX-161948,0,on_time,19960749,324509
RP-1721-1-0,LN-1721-0,SYN-11721,3,2026-09-23,5473.86,547386,5473.86,547386,2026-09-23,TX-161959,0,on_time,15137236,207461
RP-1721-1-1,LN-1721-1,SYN-11721,3,2026-09-23,10111.35,1011135,10111.35,1011135,2026-09-23,TX-161960,0,on_time,19274123,313346
RP-1721-2-0,LN-1721-0,SYN-11721,4,2026-10-23,5473.86,547386,5473.86,547386,2026-10-23,TX-161969,0,on_time,14797311,202802
RP-1721-2-1,LN-1721-1,SYN-11721,4,2026-10-23,10111.35,1011135,10111.35,1011135,2026-10-23,TX-161970,0,on_time,18576334,302002
RP-1722-0-0,LN-1722-0,SYN-11722,2,2026-08-27,9222.77,922277,9222.77,922277,2026-08-27,TX-161986,0,on_time,27758024,278126
RP-1722-1-0,LN-1722-0,SYN-11722,3,2026-09-27,9222.77,922277,9222.77,922277,2026-09-27,TX-162001,0,on_time,27113873,271672
RP-1722-2-0,LN-1722-0,SYN-11722,4,2026-10-27,9222.77,922277,9222.77,922277,2026-10-27,TX-162010,0,on_time,26463268,265153
RP-1723-0-0,LN-1723-0,SYN-11723,2,2026-08-22,25927.72,2592772,25927.72,2592772,2026-08-28,TX-162020;TX-162023,6,late,79808750,696192
RP-1723-1-0,LN-1723-0,SYN-11723,3,2026-09-22,25927.72,2592772,25927.72,2592772,2026-09-22,TX-162030,0,on_time,77912170,679647
RP-1723-2-0,LN-1723-0,SYN-11723,4,2026-10-22,25927.72,2592772,25927.72,2592772,2026-10-22,TX-162039,0,on_time,75999045,662959
RP-1724-0-0,LN-1724-0,SYN-11724,2,2026-08-22,12087.91,1208791,12087.91,1208791,2026-08-22,TX-162051,0,on_time,35471702,407744
RP-1724-1-0,LN-1724-0,SYN-11724,3,2026-09-22,12087.91,1208791,12087.91,1208791,2026-10-07,TX-162068;TX-162074,15,late,34670655,398536
RP-1724-2-0,LN-1724-0,SYN-11724,4,2026-10-22,12087.91,1208791,0,0,,,0,missed,33860400,389222
RP-1725-0-0,LN-1725-0,SYN-11725,2,2026-08-21,55586.85,5558685,55586.85,5558685,2026-08-21,TX-162093,0,on_time,60856247,876710
RP-1725-1-0,LN-1725-0,SYN-11725,3,2026-09-21,55586.85,5558685,55586.85,5558685,2026-10-03,TX-162105;TX-162106;TX-162111,12,late,56174272,809261
RP-1725-2-0,LN-1725-0,SYN-11725,4,2026-10-21,55586.85,5558685,55586.85,5558685,2026-11-02,TX-162120,12,late,51424848,740839
RP-1726-0-0,LN-1726-0,SYN-11726,2,2026-08-21,17330.94,1733094,17330.94,1733094,2026-08-24,TX-162129,3,late,37023244,352859
RP-1726-1-0,LN-1726-0,SYN-11726,3,2026-09-21,17330.94,1733094,17330.94,1733094,2026-09-30,TX-162142,9,late,35643009,339705
RP-1726-2-0,LN-1726-0,SYN-11726,4,2026-10-21,17330.94,1733094,17330.94,1733094,2026-10-24,TX-162149,3,late,34249620,326425
RP-1727-0-0,LN-1727-0,SYN-11727,2,2026-08-25,28924.5,2892450,28924.5,2892450,2026-08-25,TX-162159,0,on_time,58810926,806587
RP-1727-1-0,LN-1727-0,SYN-11727,3,2026-09-25,28924.5,2892450,28924.5,2892450,2026-09-28,TX-162177,3,late,56725063,777980
RP-1727-2-0,LN-1727-0,SYN-11727,4,2026-10-25,28924.5,2892450,28924.5,2892450,2026-10-28,TX-162183;TX-162187,3,late,54610593,748980
RP-1728-0-0,LN-1728-0,SYN-11728,2,2026-08-22,8293.01,829301,8293.01,829301,2026-08-22,TX-162198,0,on_time,17723517,168286
RP-1728-1-0,LN-1728-0,SYN-11728,3,2026-09-22,8293.01,829301,8293.01,829301,2026-09-22,TX-162210,0,on_time,17062502,162010
RP-1728-2-0,LN-1728-0,SYN-11728,4,2026-10-22,8293.01,829301,8293.01,829301,2026-10-22,TX-162220,0,on_time,16395211,155674
RP-1729-0-0,LN-1729-0,SYN-11729,2,2026-08-21,9285.07,928507,9285.07,928507,2026-08-21,TX-162233,0,on_time,19791431,192298
RP-1729-1-0,LN-1729-0,SYN-11729,3,2026-09-21,9285.07,928507,9285.07,928507,2026-09-21,TX-162242,0,on_time,19055222,185145
RP-1729-2-0,LN-1729-0,SYN-11729,4,2026-10-21,9285.07,928507,9285.07,928507,2026-11-02,TX-162252;TX-162257,12,late,18311860,177923
RP-1731-0-0,LN-1731-0,SYN-11731,2,2026-08-27,6431.72,643172,6431.72,643172,2026-08-27,TX-162294,0,on_time,18106459,252531
RP-1731-0-1,LN-1731-1,SYN-11731,2,2026-08-27,7244.93,724493,7244.93,724493,2026-08-27,TX-162295,0,on_time,7937134,113477
RP-1731-1-0,LN-1731-0,SYN-11731,3,2026-09-27,6431.72,643172,6431.72,643172,2026-10-03,TX-162311,6,late,17715818,247083
RP-1731-1-1,LN-1731-1,SYN-11731,3,2026-09-27,7244.93,724493,7244.93,724493,2026-10-03,TX-162312,6,late,7326118,104742
RP-1731-2-0,LN-1731-0,SYN-11731,4,2026-10-27,6431.72,643172,6431.72,643172,2026-10-30,TX-162322,3,late,17319729,241558
RP-1731-2-1,LN-1731-1,SYN-11731,4,2026-10-27,7244.93,724493,7244.93,724493,2026-10-30,TX-162323,3,late,6706367,95881
RP-1732-0-0,LN-1732-0,SYN-11732,2,2026-08-21,18863.61,1886361,18863.61,1886361,2026-08-21,TX-162332,0,on_time,39347718,454053
RP-1732-1-0,LN-1732-0,SYN-11732,3,2026-09-21,18863.61,1886361,18863.61,1886361,2026-09-21,TX-162341,0,on_time,37915410,437525
RP-1732-2-0,LN-1732-0,SYN-11732,4,2026-10-21,18863.61,1886361,18863.61,1886361,2026-10-21,TX-162350,0,on_time,36466574,420806
RP-1733-0-0,LN-1733-0,SYN-11733,2,2026-08-21,11814.28,1181428,11814.28,1181428,2026-08-21,TX-162363,0,on_time,23953049,334363
RP-1733-1-0,LN-1733-0,SYN-11733,3,2026-09-21,11814.28,1181428,11814.28,1181428,2026-09-21,TX-162375,0,on_time,23105984,322538
RP-1733-2-0,LN-1733-0,SYN-11733,4,2026-10-21,11814.28,1181428,11814.28,1181428,2026-11-05,TX-162389,15,late,22247094,310549
RP-1734-0-0,LN-1734-0,SYN-11734,2,2026-08-22,14024.84,1402484,14024.84,1402484,2026-08-22,TX-162397,0,on_time,39775776,537235
RP-1734-1-0,LN-1734-0,SYN-11734,3,2026-09-22,14024.84,1402484,14024.84,1402484,2026-09-22,TX-162406,0,on_time,38910527,525548
RP-1734-2-0,LN-1734-0,SYN-11734,4,2026-10-22,14024.84,1402484,14024.84,1402484,2026-10-22,TX-162415,0,on_time,38033591,513704
RP-1735-0-0,LN-1735-0,SYN-11735,2,2026-08-26,24184.98,2418498,24184.98,2418498,2026-08-29,TX-162429;TX-162431,3,late,26283111,409749
RP-1735-1-0,LN-1735-0,SYN-11735,3,2026-09-26,24184.98,2418498,24184.98,2418498,2026-09-29,TX-162443,3,late,24274362,378433
RP-1735-2-0,LN-1735-0,SYN-11735,4,2026-10-26,24184.98,2418498,24184.98,2418498,2026-10-29,TX-162455,3,late,22234297,346629
RP-1736-0-0,LN-1736-0,SYN-11736,2,2026-08-20,17359.99,1735999,17359.99,1735999,2026-08-29,TX-162463;TX-162469,9,late,19140005,254160
RP-1736-1-0,LN-1736-0,SYN-11736,3,2026-09-20,17359.99,1735999,17359.99,1735999,2026-10-02,TX-162483,12,late,17658166,234483
RP-1736-2-0,LN-1736-0,SYN-11736,4,2026-10-20,17359.99,1735999,17359.99,1735999,2026-10-29,TX-162489;TX-162495,9,late,16156650,214544
RP-1737-0-0,LN-1737-0,SYN-11737,2,2026-08-23,27888.66,2788866,27888.66,2788866,2026-09-01,TX-162508,9,late,57891665,691825
RP-1737-1-0,LN-1737-0,SYN-11737,3,2026-09-23,27888.66,2788866,27888.66,2788866,2026-09-26,TX-162520,3,late,55794624,666764
RP-1737-2-0,LN-1737-0,SYN-11737,4,2026-10-23,27888.66,2788866,23337.65,2333765,2026-11-01,TX-162532;TX-162533,9,partial,53672522,641405
RP-1738-0-0,LN-1738-0,SYN-11738,2,2026-08-22,3779.47,377947,3779.47,377947,2026-08-22,TX-162545,0,on_time,7980580,83855
RP-1738-1-0,LN-1738-0,SYN-11738,3,2026-09-22,3779.47,377947,3779.47,377947,2026-09-28,TX-162561,6,late,7686488,80765
RP-1738-2-0,LN-1738-0,SYN-11738,4,2026-10-22,3779.47,377947,3779.47,377947,2026-10-28,TX-162573,6,late,7389306,77643
RP-1739-0-0,LN-1739-0,SYN-11739,2,2026-08-21,21051.66,2105166,21051.66,2105166,2026-08-21,TX-162585,0,on_time,42376553,617606
RP-1739-1-0,LN-1739-0,SYN-11739,3,2026-09-21,21051.66,2105166,21051.66,2105166,2026-09-21,TX-162597,0,on_time,40888993,595926
RP-1739-2-0,LN-1739-0,SYN-11739,4,2026-10-21,21051.66,2105166,4640.79,464079,2026-11-02,TX-162612,12,partial,39379753,573930
RP-1741-0-0,LN-1741-0,SYN-11741,2,2026-08-22,22964.92,2296492,22964.92,2296492,2026-08-22,TX-162653,0,on_time,46846055,629431
RP-1741-0-1,LN-1741-1,SYN-11741,2,2026-08-22,24036.15,2403615,24036.15,2403615,2026-08-22,TX-162654,0,on_time,65545495,1039415
RP-1741-1-0,LN-1741-0,SYN-11741,3,2026-09-22,22964.92,2296492,22964.92,2296492,2026-09-22,TX-162663,0,on_time,45178994,607032
RP-1741-1-1,LN-1741-1,SYN-11741,3,2026-09-22,24036.15,2403615,24036.15,2403615,2026-09-22,TX-162664,0,on_time,64181295,1017782
RP-1741-2-0,LN-1741-0,SYN-11741,4,2026-10-22,22964.92,2296492,22964.92,2296492,2026-10-22,TX-162673,0,on_time,43489534,584333
RP-1741-2-1,LN-1741-1,SYN-11741,4,2026-10-22,24036.15,2403615,24036.15,2403615,2026-10-22,TX-162674,0,on_time,62795462,995805
RP-1742-0-0,LN-1742-0,SYN-11742,2,2026-08-21,23907.61,2390761,23907.61,2390761,2026-08-21,TX-162687,0,on_time,48107244,702699
RP-1742-1-0,LN-1742-0,SYN-11742,3,2026-09-21,23907.61,2390761,23907.61,2390761,2026-10-06,TX-162696;TX-162702,15,late,46419182,678041
RP-1742-2-0,LN-1742-0,SYN-11742,4,2026-10-21,23907.61,2390761,23907.61,2390761,2026-10-21,TX-162708,0,on_time,44706462,653024
RP-1743-0-0,LN-1743-0,SYN-11743,2,2026-08-22,7215.65,721565,7215.65,721565,2026-08-22,TX-162721,0,on_time,15008773,176778
RP-1743-1-0,LN-1743-0,SYN-11743,3,2026-09-22,7215.65,721565,7215.65,721565,2026-09-22,TX-162730,0,on_time,14463986,170362
RP-1743-2-0,LN-1743-0,SYN-11743,4,2026-10-22,7215.65,721565,0,0,,,0,missed,13912783,163869
RP-1744-0-0,LN-1744-0,SYN-11744,2,2026-08-27,12131.52,1213152,12131.52,1213152,2026-08-27,TX-162752,0,on_time,25230445,297467
RP-1744-1-0,LN-1744-0,SYN-11744,3,2026-09-27,12131.52,1213152,12131.52,1213152,2026-09-27,TX-162762,0,on_time,24314760,286671
RP-1744-2-0,LN-1744-0,SYN-11744,4,2026-10-27,12131.52,1213152,12131.52,1213152,2026-10-27,TX-162772,0,on_time,23388279,275748
RP-1745-0-0,LN-1745-0,SYN-11745,2,2026-08-26,28637.13,2863713,28637.13,2863713,2026-08-29,TX-162789,3,late,57419418,856286
RP-1745-1-0,LN-1745-0,SYN-11745,3,2026-09-26,28637.13,2863713,28637.13,2863713,2026-10-05,TX-162803,9,late,55411991,826350
RP-1745-2-0,LN-1745-0,SYN-11745,4,2026-10-26,28637.13,2863713,28637.13,2863713,2026-10-29,TX-162811,3,late,53374628,795967
RP-1746-0-0,LN-1746-0,SYN-11746,2,2026-08-26,31481.84,3148184,31481.84,3148184,2026-08-26,TX-162824,0,on_time,34540288,485714
RP-1746-1-0,LN-1746-0,SYN-11746,3,2026-09-26,31481.84,3148184,31481.84,3148184,2026-10-02,TX-162838,6,late,31877818,448274
RP-1746-2-0,LN-1746-0,SYN-11746,4,2026-10-26,31481.84,3148184,31481.84,3148184,2026-11-01,TX-162849,6,late,29177908,410307
RP-1747-0-0,LN-1747-0,SYN-11747,2,2026-08-23,23735.94,2373594,23735.94,2373594,2026-08-23,TX-162860,0,on_time,64692520,1027964
RP-1747-1-0,LN-1747-0,SYN-11747,3,2026-09-23,23735.94,2373594,23735.94,2373594,2026-09-23,TX-162871,0,on_time,63346890,1006582
RP-1747-2-0,LN-1747-0,SYN-11747,4,2026-10-23,23735.94,2373594,23735.94,2373594,2026-10-23,TX-162882,0,on_time,61979878,984860
RP-1748-0-0,LN-1748-0,SYN-11748,2,2026-08-24,7882.72,788272,7882.72,788272,2026-08-24,TX-162895,0,on_time,16420423,191361
RP-1748-1-0,LN-1748-0,SYN-11748,3,2026-09-24,7882.72,788272,7882.72,788272,2026-09-30,TX-162904;TX-162907,6,late,15823512,184405
RP-1748-2-0,LN-1748-0,SYN-11748,4,2026-10-24,7882.72,788272,7882.72,788272,2026-10-24,TX-162914,0,on_time,15219645,177367
RP-1749-0-0,LN-1749-0,SYN-11749,2,2026-08-28,14836.58,1483658,14836.58,1483658,2026-08-28,TX-162927,0,on_time,43861600,485168
RP-1749-1-0,LN-1749-0,SYN-11749,3,2026-09-28,14836.58,1483658,14836.58,1483658,2026-09-28,TX-162936,0,on_time,42863110,474123
RP-1749-2-0,LN-1749-0,SYN-11749,4,2026-10-28,14836.58,1483658,14836.58,1483658,2026-10-28,TX-162945,0,on_time,41853575,462956
RP-1751-0-0,LN-1751-0,SYN-11751,2,2026-08-21,41890.92,4189092,41890.92,4189092,2026-08-24,TX-162987,3,late,47047230,486500
RP-1751-0-1,LN-1751-1,SYN-11751,2,2026-08-21,13875.05,1387505,13875.05,1387505,2026-08-24,TX-162988,3,late,15228096,213327
RP-1751-1-0,LN-1751-0,SYN-11751,3,2026-09-21,41890.92,4189092,41890.92,4189092,2026-10-03,TX-163002;TX-163003;TX-163006,12,late,43344638,448212
RP-1751-1-1,LN-1751-1,SYN-11751,3,2026-09-21,13875.05,1387505,13875.05,1387505,2026-10-03,TX-163007,12,late,14053918,196878
RP-1751-2-0,LN-1751-0,SYN-11751,4,2026-10-21,41890.92,4189092,41890.92,4189092,2026-11-02,TX-163018,12,late,39603758,409529
RP-1751-2-1,LN-1751-1,SYN-11751,4,2026-10-21,13875.05,1387505,9527.7,952770,2026-11-02,TX-163019,12,partial,12863291,180199
RP-1752-0-0,LN-1752-0,SYN-11752,2,2026-08-28,21307.98,2130798,21307.98,2130798,2026-08-28,TX-163030,0,on_time,66022068,550987
RP-1752-1-0,LN-1752-0,SYN-11752,3,2026-09-28,21307.98,2130798,21307.98,2130798,2026-10-01,TX-163040,3,late,64442257,537803
RP-1752-2-0,LN-1752-0,SYN-11752,4,2026-10-28,21307.98,2130798,21307.98,2130798,2026-10-28,TX-163048,0,on_time,62849262,524509
RP-1753-0-0,LN-1753-0,SYN-11753,2,2026-08-21,36188.39,3618839,36188.39,3618839,2026-08-21,TX-163059,0,on_time,73889186,986926
RP-1753-1-0,LN-1753-0,SYN-11753,3,2026-09-21,36188.39,3618839,36188.39,3618839,2026-09-21,TX-163068,0,on_time,71257273,951772
RP-1753-2-0,LN-1753-0,SYN-11753,4,2026-10-21,36188.39,3618839,36188.39,3618839,2026-10-21,TX-163077,0,on_time,68590206,916148
RP-1754-0-0,LN-1754-0,SYN-11754,2,2026-08-25,6555.14,655514,6555.14,655514,2026-08-25,TX-163092,0,on_time,17878709,283330
RP-1754-1-0,LN-1754-0,SYN-11754,3,2026-09-25,6555.14,655514,6555.14,655514,2026-09-25,TX-163103,0,on_time,17506525,277432
RP-1754-2-0,LN-1754-0,SYN-11754,4,2026-10-25,6555.14,655514,6555.14,655514,2026-10-25,TX-163114,0,on_time,17128443,271440
RP-1755-0-0,LN-1755-0,SYN-11755,2,2026-08-26,12162.69,1216269,12162.69,1216269,2026-08-26,TX-163129,0,on_time,33392892,515873
RP-1755-1-0,LN-1755-0,SYN-11755,3,2026-09-26,12162.69,1216269,12162.69,1216269,2026-10-02,TX-163144,6,late,32692496,505053
RP-1755-2-0,LN-1755-0,SYN-11755,4,2026-10-26,12162.69,1216269,12162.69,1216269,2026-11-01,TX-163153;TX-163154;TX-163156,6,late,31981280,494065
RP-1756-0-0,LN-1756-0,SYN-11756,2,2026-08-27,2836.79,283679,2836.79,283679,2026-08-30,TX-163168,3,late,7897672,115402
RP-1756-1-0,LN-1756-0,SYN-11756,3,2026-09-27,2836.79,283679,2836.79,283679,2026-09-30,TX-163181,3,late,7729395,112943
RP-1756-2-0,LN-1756-0,SYN-11756,4,2026-10-27,2836.79,283679,2836.79,283679,2026-10-30,TX-163191,3,late,7558659,110448
RP-1757-0-0,LN-1757-0,SYN-11757,2,2026-08-24,32377.79,3237779,32377.79,3237779,2026-08-24,TX-163201,0,on_time,67192265,804499
RP-1757-1-0,LN-1757-0,SYN-11757,3,2026-09-24,32377.79,3237779,32377.79,3237779,2026-09-24,TX-163214,0,on_time,64758985,775365
RP-1757-2-0,LN-1757-0,SYN-11757,4,2026-10-24,32377.79,3237779,32377.79,3237779,2026-10-24,TX-163225,0,on_time,62296571,745882
RP-1758-0-0,LN-1758-0,SYN-11758,2,2026-08-23,29844.41,2984441,29844.41,2984441,2026-08-26,TX-163241,3,late,61090720,802763
RP-1758-1-0,LN-1758-0,SYN-11758,3,2026-09-23,29844.41,2984441,29844.41,2984441,2026-09-23,TX-163251,0,on_time,58909042,774094
RP-1758-2-0,LN-1758-0,SYN-11758,4,2026-10-23,29844.41,2984441,29844.41,2984441,2026-10-23,TX-163262,0,on_time,56698695,745049
RP-1759-0-0,LN-1759-0,SYN-11759,2,2026-08-22,16372.36,1637236,16372.36,1637236,2026-08-22,TX-163274,0,on_time,49968754,460375
RP-1759-1-0,LN-1759-0,SYN-11759,3,2026-09-22,16372.36,1637236,16372.36,1637236,2026-09-22,TX-163285,0,on_time,48791893,449532
RP-1759-2-0,LN-1759-0,SYN-11759,4,2026-10-22,16372.36,1637236,16372.36,1637236,2026-10-22,TX-163294,0,on_time,47604189,438589
RP-1761-0-0,LN-1761-0,SYN-11761,2,2026-08-28,42320.22,4232022,42320.22,4232022,2026-09-03,TX-163342,6,late,46967812,574354
RP-1761-0-1,LN-1761-1,SYN-11761,2,2026-08-28,63090.05,6309005,63090.05,6309005,2026-09-30,TX-163343;TX-163345;TX-163355,33,late,69401426,946745
RP-1761-1-0,LN-1761-0,SYN-11761,3,2026-09-28,42320.22,4232022,42320.22,4232022,2026-10-01,TX-163356,3,late,43310144,529625
RP-1761-1-1,LN-1761-1,SYN-11761,3,2026-09-28,63090.05,6309005,63090.05,6309005,2026-10-28,TX-163357;TX-163369,30,late,66073821,901352
RP-1761-2-0,LN-1761-0,SYN-11761,4,2026-10-28,42320.22,4232022,0,0,,,0,missed,39607747,484350
RP-1761-2-1,LN-1761-1,SYN-11761,4,2026-10-28,63090.05,6309005,49601.67,4960167,2026-10-31,TX-163370,3,partial,62846336,857324
RP-1762-0-0,LN-1762-0,SYN-11762,2,2026-08-22,9479.39,947939,9479.39,947939,2026-08-22,TX-163381,0,on_time,28650994,280075
RP-1762-1-0,LN-1762-0,SYN-11762,3,2026-09-22,9479.39,947939,9479.39,947939,2026-10-01,TX-163399,9,late,27983130,273547
RP-1762-2-0,LN-1762-0,SYN-11762,4,2026-10-22,9479.39,947939,9479.39,947939,2026-10-28,TX-163410,6,late,27308738,266954
RP-1763-0-0,LN-1763-0,SYN-11763,2,2026-08-27,6652.56,665256,6652.56,665256,2026-08-27,TX-163421,0,on_time,13907112,157898
RP-1763-1-0,LN-1763-0,SYN-11763,3,2026-09-27,6652.56,665256,6652.56,665256,2026-09-27,TX-163430,0,on_time,13399754,152137
RP-1763-2-0,LN-1763-0,SYN-11763,4,2026-10-27,6652.56,665256,6652.56,665256,2026-10-27,TX-163439,0,on_time,12886635,146312
RP-1764-0-0,LN-1764-0,SYN-11764,2,2026-08-24,20569.47,2056947,20569.47,2056947,2026-08-24,TX-163451,0,on_time,60745025,675707
RP-1764-1-0,LN-1764-0,SYN-11764,3,2026-09-24,20569.47,2056947,20569.47,2056947,2026-09-24,TX-163462,0,on_time,59363785,660343
RP-1764-2-0,LN-1764-0,SYN-11764,4,2026-10-24,20569.47,2056947,20569.47,2056947,2026-10-24,TX-163473,0,on_time,57967181,644808
RP-1765-0-0,LN-1765-0,SYN-11765,2,2026-08-25,21380.29,2138029,21380.29,2138029,2026-08-28,TX-163490,3,late,24079050,238359
RP-1765-1-0,LN-1765-0,SYN-11765,3,2026-09-25,21380.29,2138029,19699.66,1969966,2026-10-28,TX-163503;TX-163515,33,partial,22179380,219554
RP-1765-2-0,LN-1765-0,SYN-11765,4,2026-10-25,21380.29,2138029,0,0,,,0,missed,21323117,211078
RP-1766-0-0,LN-1766-0,SYN-11766,2,2026-08-27,12968.5,1296850,12968.5,1296850,2026-09-02,TX-163532,6,late,39203455,382835
RP-1766-1-0,LN-1766-0,SYN-11766,3,2026-09-27,12968.5,1296850,12968.5,1296850,2026-10-03,TX-163543,6,late,38289440,373909
RP-1766-2-0,LN-1766-0,SYN-11766,4,2026-10-27,12968.5,1296850,12968.5,1296850,2026-11-02,TX-163552,6,late,37366499,364896
RP-1767-0-0,LN-1767-0,SYN-11767,2,2026-08-27,16111.15,1611115,16111.15,1611115,2026-08-27,TX-163564,0,on_time,32612822,459697
RP-1767-1-0,LN-1767-0,SYN-11767,3,2026-09-27,16111.15,1611115,16111.15,1611115,2026-09-27,TX-163576,0,on_time,31461404,443467
RP-1767-2-0,LN-1767-0,SYN-11767,4,2026-10-27,16111.15,1611115,16111.15,1611115,2026-10-27,TX-163586,0,on_time,30293756,427008
RP-1768-0-0,LN-1768-0,SYN-11768,2,2026-08-25,8800.98,880098,8800.98,880098,2026-08-25,TX-163600,0,on_time,18685372,187769
RP-1768-1-0,LN-1768-0,SYN-11768,3,2026-09-25,8800.98,880098,8800.98,880098,2026-10-07,TX-163620,12,late,17993043,180812
RP-1768-2-0,LN-1768-0,SYN-11768,4,2026-10-25,8800.98,880098,0,0,,,0,missed,17293757,173785
RP-1769-0-0,LN-1769-0,SYN-11769,2,2026-08-21,7710.95,771095,7710.95,771095,2026-08-21,TX-163642,0,on_time,21850106,296242
RP-1769-1-0,LN-1769-0,SYN-11769,3,2026-09-21,7710.95,771095,7710.95,771095,2026-09-21,TX-163653,0,on_time,21375253,289804
RP-1769-2-0,LN-1769-0,SYN-11769,4,2026-10-21,7710.95,771095,7710.95,771095,2026-10-21,TX-163664,0,on_time,20893962,283279
RP-1771-0-0,LN-1771-0,SYN-11771,2,2026-08-23,8877.2,887720,8877.2,887720,2026-08-23,TX-163708,0,on_time,9656338,149092
RP-1771-0-1,LN-1771-1,SYN-11771,2,2026-08-23,6752.8,675280,6752.8,675280,2026-08-23,TX-163709,0,on_time,14385082,140501
RP-1771-1-0,LN-1771-0,SYN-11771,3,2026-09-23,8877.2,887720,8877.2,887720,2026-09-23,TX-163720,0,on_time,8917710,137688
RP-1771-1-1,LN-1771-1,SYN-11771,3,2026-09-23,6752.8,675280,6752.8,675280,2026-09-23,TX-163721,0,on_time,13850303,135278
RP-1771-2-0,LN-1771-0,SYN-11771,4,2026-10-23,8877.2,887720,8877.2,887720,2026-10-23,TX-163730,0,on_time,8167678,126108
RP-1771-2-1,LN-1771-1,SYN-11771,4,2026-10-23,6752.8,675280,6752.8,675280,2026-11-01,TX-163731;TX-163734,9,late,13310301,130004
RP-1772-0-0,LN-1772-0,SYN-11772,2,2026-08-25,17818.24,1781824,17818.24,1781824,2026-08-25,TX-163745,0,on_time,36098236,506266
RP-1772-1-0,LN-1772-0,SYN-11772,3,2026-09-25,17818.24,1781824,17818.24,1781824,2026-09-25,TX-163755,0,on_time,34822678,488376
RP-1772-2-0,LN-1772-0,SYN-11772,4,2026-10-25,17818.24,1781824,17818.24,1781824,2026-10-25,TX-163765,0,on_time,33529230,470236
RP-1773-0-0,LN-1773-0,SYN-11773,2,2026-08-24,10522.55,1052255,10522.55,1052255,2026-08-24,TX-163777,0,on_time,21295354,300582
RP-1773-1-0,LN-1773-0,SYN-11773,3,2026-09-24,10522.55,1052255,10522.55,1052255,2026-09-24,TX-163788,0,on_time,20543681,289972
RP-1773-2-0,LN-1773-0,SYN-11773,4,2026-10-24,10522.55,1052255,10522.55,1052255,2026-10-24,TX-163797,0,on_time,19781398,279213
RP-1774-0-0,LN-1774-0,SYN-11774,2,2026-08-24,11076.5,1107650,11076.5,1107650,2026-08-30,TX-163810;TX-163814,6,late,11990294,194499
RP-1774-1-0,LN-1774-0,SYN-11774,3,2026-09-24,11076.5,1107650,11076.5,1107650,2026-09-30,TX-163824,6,late,11077143,179686
RP-1774-2-0,LN-1774-0,SYN-11774,4,2026-10-24,11076.5,1107650,11076.5,1107650,2026-10-30,TX-163836,6,late,10149179,164633
RP-1775-0-0,LN-1775-0,SYN-11775,2,2026-08-22,19472.86,1947286,19472.86,1947286,2026-08-28,TX-163848,6,late,57312698,648837
RP-1775-1-0,LN-1775-0,SYN-11775,3,2026-09-22,19472.86,1947286,19472.86,1947286,2026-09-22,TX-163855,0,on_time,56014249,634137
RP-1775-2-0,LN-1775-0,SYN-11775,4,2026-10-22,19472.86,1947286,19472.86,1947286,2026-10-22,TX-163864,0,on_time,54701100,619271
RP-1776-0-0,LN-1776-0,SYN-11776,2,2026-08-25,19784.87,1978487,19784.87,1978487,2026-08-28,TX-163880,3,late,60231421,563701
RP-1776-1-0,LN-1776-0,SYN-11776,3,2026-09-25,19784.87,1978487,19784.87,1978487,2026-09-25,TX-163889,0,on_time,58816635,550460
RP-1776-2-0,LN-1776-0,SYN-11776,4,2026-10-25,19784.87,1978487,19784.87,1978487,2026-10-25,TX-163900,0,on_time,57388608,537095
RP-1777-0-0,LN-1777-0,SYN-11777,2,2026-08-28,8744.36,874436,8744.36,874436,2026-08-28,TX-163914,0,on_time,18484554,192514
RP-1777-1-0,LN-1777-0,SYN-11777,3,2026-09-28,8744.36,874436,8744.36,874436,2026-09-28,TX-163924,0,on_time,17802632,185411
RP-1777-2-0,LN-1777-0,SYN-11777,4,2026-10-28,8744.36,874436,8744.36,874436,2026-10-28,TX-163934,0,on_time,17113607,178235
RP-1778-0-0,LN-1778-0,SYN-11778,2,2026-08-23,23352.09,2335209,23352.09,2335209,2026-08-23,TX-163945,0,on_time,26284464,262608
RP-1778-1-0,LN-1778-0,SYN-11778,3,2026-09-23,23352.09,2335209,23352.09,2335209,2026-09-23,TX-163958,0,on_time,24211863,241901
RP-1778-2-0,LN-1778-0,SYN-11778,4,2026-10-23,23352.09,2335209,23352.09,2335209,2026-10-23,TX-163969,0,on_time,22118555,220986
RP-1779-0-0,LN-1779-0,SYN-11779,2,2026-08-20,12728.34,1272834,12728.34,1272834,2026-08-20,TX-163981,0,on_time,27528994,233939
RP-1779-1-0,LN-1779-0,SYN-11779,3,2026-09-20,12728.34,1272834,12728.34,1272834,2026-09-20,TX-163992,0,on_time,26490099,225111
RP-1779-2-0,LN-1779-0,SYN-11779,4,2026-10-20,12728.34,1272834,12728.34,1272834,2026-10-20,TX-164004,0,on_time,25442376,216207
RP-1781-0-0,LN-1781-0,SYN-11781,2,2026-08-27,3790.66,379066,3790.66,379066,2026-08-27,TX-164054,0,on_time,10877033,139379
RP-1781-0-1,LN-1781-1,SYN-11781,2,2026-08-27,8672.24,867224,8672.24,867224,2026-08-27,TX-164055,0,on_time,18172133,202690
RP-1781-1-0,LN-1781-0,SYN-11781,3,2026-09-27,3790.66,379066,3790.66,379066,2026-09-27,TX-164064,0,on_time,10637346,136308
RP-1781-1-1,LN-1781-1,SYN-11781,3,2026-09-27,8672.24,867224,8672.24,867224,2026-09-27,TX-164065,0,on_time,17507599,195278
RP-1781-2-0,LN-1781-0,SYN-11781,4,2026-10-27,3790.66,379066,3790.66,379066,2026-10-27,TX-164074,0,on_time,10394588,133197
RP-1781-2-1,LN-1781-1,SYN-11781,4,2026-10-27,8672.24,867224,8672.24,867224,2026-10-30,TX-164075;TX-164077,3,late,16835653,187783
RP-1782-0-0,LN-1782-0,SYN-11782,2,2026-08-24,47239.58,4723958,47239.58,4723958,2026-08-24,TX-164088,0,on_time,52690630,602355
RP-1782-1-0,LN-1782-0,SYN-11782,3,2026-09-24,47239.58,4723958,47239.58,4723958,2026-09-24,TX-164098,0,on_time,48569027,555237
RP-1782-2-0,LN-1782-0,SYN-11782,4,2026-10-24,47239.58,4723958,47239.58,4723958,2026-10-24,TX-164108,0,on_time,44400306,507581
RP-1783-0-0,LN-1783-0,SYN-11783,2,2026-08-20,33031.77,3303177,33031.77,3303177,2026-08-20,TX-164119,0,on_time,92828322,1304338
RP-1783-1-0,LN-1783-0,SYN-11783,3,2026-09-20,33031.77,3303177,33031.77,3303177,2026-09-20,TX-164128,0,on_time,90829483,1276253
RP-1783-2-0,LN-1783-0,SYN-11783,4,2026-10-20,33031.77,3303177,33031.77,3303177,2026-10-23,TX-164139,3,late,88802559,1247772
RP-1784-0-0,LN-1784-0,SYN-11784,2,2026-08-26,11460.21,1146021,11460.21,1146021,2026-08-26,TX-164152,0,on_time,31173258,499066
RP-1784-1-0,LN-1784-0,SYN-11784,3,2026-09-26,11460.21,1146021,11460.21,1146021,2026-09-26,TX-164162,0,on_time,30526303,488708
RP-1784-2-0,LN-1784-0,SYN-11784,4,2026-10-26,11460.21,1146021,11460.21,1146021,2026-10-26,TX-164172,0,on_time,29868990,478185
RP-1785-0-0,LN-1785-0,SYN-11785,2,2026-08-22,17959.8,1795980,17959.8,1795980,2026-08-28,TX-164188,6,late,53706439,558234
RP-1785-1-0,LN-1785-0,SYN-11785,3,2026-09-22,17959.8,1795980,17959.8,1795980,2026-09-28,TX-164195;TX-164196;TX-164200,6,late,52468693,545368
RP-1785-2-0,LN-1785-0,SYN-11785,4,2026-10-22,17959.8,1795980,17959.8,1795980,2026-10-25,TX-164207;TX-164208,3,late,51218081,532369
RP-1786-0-0,LN-1786-0,SYN-11786,2,2026-08-22,12686.92,1268692,12686.92,1268692,2026-08-22,TX-164221,0,on_time,38812390,352300
RP-1786-1-0,LN-1786-0,SYN-11786,3,2026-09-22,12686.92,1268692,12686.92,1268692,2026-10-01,TX-164231;TX-164236,9,late,37895998,343982
RP-1786-2-0,LN-1786-0,SYN-11786,4,2026-10-22,12686.92,1268692,12686.92,1268692,2026-11-03,TX-164243;TX-164250,12,late,36971288,335588
RP-1787-0-0,LN-1787-0,SYN-11787,2,2026-08-26,19114.75,1911475,19114.75,1911475,2026-08-26,TX-164262,0,on_time,55128319,689844
RP-1787-1-0,LN-1787-0,SYN-11787,3,2026-09-26,19114.75,1911475,19114.75,1911475,2026-10-05,TX-164275;TX-164280,9,late,53906688,674557
RP-1787-2-0,LN-1787-0,SYN-11787,4,2026-10-26,19114.75,1911475,0,0,,,0,missed,52669770,659079
RP-1788-0-0,LN-1788-0,SYN-11788,2,2026-08-23,13247.42,1324742,13247.42,1324742,2026-08-23,TX-164303,0,on_time,26146589,425512
RP-1788-1-0,LN-1788-0,SYN-11788,3,2026-09-23,13247.42,1324742,13247.42,1324742,2026-09-23,TX-164314,0,on_time,25247359,410878
RP-1788-2-0,LN-1788-0,SYN-11788,4,2026-10-23,13247.42,1324742,13247.42,1324742,2026-10-23,TX-164323,0,on_time,24333495,396005
RP-1789-0-0,LN-1789-0,SYN-11789,2,2026-08-25,26075.34,2607534,26075.34,2607534,2026-08-25,TX-164335,0,on_time,74507028,973292
RP-1789-1-0,LN-1789-0,SYN-11789,3,2026-09-25,26075.34,2607534,26075.34,2607534,2026-10-01,TX-164351,6,late,72872786,951943
RP-1789-2-0,LN-1789-0,SYN-11789,4,2026-10-25,26075.34,2607534,26075.34,2607534,2026-10-25,TX-164358,0,on_time,71217195,930316
RP-1791-0-0,LN-1791-0,SYN-11791,2,2026-08-21,60004.61,6000461,60004.61,6000461,2026-08-21,TX-164403,0,on_time,65419179,986243
RP-1791-0-1,LN-1791-1,SYN-11791,2,2026-08-21,34872.4,3487240,34872.4,3487240,2026-09-02,TX-164404;TX-164405;TX-164409,12,late,72409060,863581
RP-1791-1-0,LN-1791-0,SYN-11791,3,2026-09-21,60004.61,6000461,22110.05,2211005,2026-11-02,TX-164423;TX-164434,42,partial,60404961,910650
RP-1791-1-1,LN-1791-1,SYN-11791,3,2026-09-21,34872.4,3487240,0,0,,,0,missed,69785401,832290
RP-1791-2-0,LN-1791-0,SYN-11791,4,2026-10-21,60004.61,6000461,253.18,25318,2026-11-02,TX-164435,12,partial,60323373,909420
RP-1791-2-1,LN-1791-1,SYN-11791,4,2026-10-21,34872.4,3487240,0,0,,,0,missed,69785401,832290
RP-1792-0-0,LN-1792-0,SYN-11792,2,2026-08-21,28330.29,2833029,28330.29,2833029,2026-08-24,TX-164444;TX-164445,3,late,59664886,640070
RP-1792-1-0,LN-1792-0,SYN-11792,3,2026-09-21,28330.29,2833029,28330.29,2833029,2026-09-30,TX-164455;TX-164456;TX-164460,9,late,57471927,616544
RP-1792-2-0,LN-1792-0,SYN-11792,4,2026-10-21,28330.29,2833029,28330.29,2833029,2026-10-21,TX-164467,0,on_time,55255442,592767
RP-1793-0-0,LN-1793-0,SYN-11793,2,2026-08-25,27503.65,2750365,27503.65,2750365,2026-08-25,TX-164480,0,on_time,74027457,1232545
RP-1793-1-0,LN-1793-0,SYN-11793,3,2026-09-25,27503.65,2750365,27503.65,2750365,2026-10-07,TX-164497,12,late,72509637,1207273
RP-1793-2-0,LN-1793-0,SYN-11793,4,2026-10-25,27503.65,2750365,27503.65,2750365,2026-10-25,TX-164503,0,on_time,70966545,1181581
RP-1794-0-0,LN-1794-0,SYN-11794,2,2026-08-23,12213.71,1221371,12213.71,1221371,2026-08-29,TX-164518,6,late,35348915,435030
RP-1794-1-0,LN-1794-0,SYN-11794,3,2026-09-23,12213.71,1221371,12213.71,1221371,2026-09-26,TX-164530,3,late,34562574,425353
RP-1794-2-0,LN-1794-0,SYN-11794,4,2026-10-23,12213.71,1221371,12213.71,1221371,2026-10-26,TX-164540,3,late,33766556,415557
RP-1795-0-0,LN-1795-0,SYN-11795,2,2026-08-23,2608.69,260869,2608.69,260869,2026-08-23,TX-164553,0,on_time,7355745,101887
RP-1795-1-0,LN-1795-0,SYN-11795,3,2026-09-23,2608.69,260869,2608.69,260869,2026-10-02,TX-164565;TX-164569,9,late,7196763,99685
RP-1795-2-0,LN-1795-0,SYN-11795,4,2026-10-23,2608.69,260869,2608.69,260869,2026-10-23,TX-164576,0,on_time,7035579,97452
RP-1796-0-0,LN-1796-0,SYN-11796,2,2026-08-27,28412.07,2841207,28412.07,2841207,2026-08-27,TX-164593,0,on_time,31811378,344448
RP-1796-1-0,LN-1796-0,SYN-11796,3,2026-09-27,28412.07,2841207,28412.07,2841207,2026-09-27,TX-164607,0,on_time,29314619,317414
RP-1796-2-0,LN-1796-0,SYN-11796,4,2026-10-27,28412.07,2841207,28412.07,2841207,2026-10-27,TX-164618,0,on_time,26790826,290087
RP-1797-0-0,LN-1797-0,SYN-11797,2,2026-08-24,28026.89,2802689,28026.89,2802689,2026-08-24,TX-164629,0,on_time,31869468,267114
RP-1797-1-0,LN-1797-0,SYN-11797,3,2026-09-24,28026.89,2802689,28026.89,2802689,2026-10-03,TX-164648,9,late,29333893,245862
RP-1797-2-0,LN-1797-0,SYN-11797,4,2026-10-24,28026.89,2802689,28026.89,2802689,2026-11-02,TX-164654;TX-164658,9,late,26777066,224432
RP-1798-0-0,LN-1798-0,SYN-11798,2,2026-08-27,45231.47,4523147,45231.47,4523147,2026-09-02,TX-164670;TX-164671;TX-164673,6,late,48989654,790379
RP-1798-1-0,LN-1798-0,SYN-11798,3,2026-09-27,45231.47,4523147,45231.47,4523147,2026-10-06,TX-164682;TX-164683;TX-164686,9,late,45256886,730156
RP-1798-2-0,LN-1798-0,SYN-11798,4,2026-10-27,45231.47,4523147,45231.47,4523147,2026-11-02,TX-164695,6,late,41463895,668961
RP-1799-0-0,LN-1799-0,SYN-11799,2,2026-08-21,24972.53,2497253,24972.53,2497253,2026-08-21,TX-164705,0,on_time,71952357,904507
RP-1799-1-0,LN-1799-0,SYN-11799,3,2026-09-21,24972.53,2497253,24972.53,2497253,2026-09-21,TX-164720,0,on_time,70359611,884485
RP-1799-2-0,LN-1799-0,SYN-11799,4,2026-10-21,24972.53,2497253,24972.53,2497253,2026-10-21,TX-164731,0,on_time,68746843,864211
RP-1801-0-0,LN-1801-0,SYN-11801,2,2026-08-28,11052.38,1105238,11052.38,1105238,2026-08-28,TX-164780,0,on_time,23009488,269301
RP-1801-0-1,LN-1801-1,SYN-11801,2,2026-08-28,3469.84,346984,3469.84,346984,2026-08-28,TX-164781,0,on_time,9698144,139428
RP-1801-1-0,LN-1801-0,SYN-11801,3,2026-09-28,11052.38,1105238,11052.38,1105238,2026-10-07,TX-164798,9,late,22173551,259517
RP-1801-1-1,LN-1801-1,SYN-11801,3,2026-09-28,3469.84,346984,3469.84,346984,2026-10-07,TX-164799,9,late,9490588,136444
RP-1801-2-0,LN-1801-0,SYN-11801,4,2026-10-28,11052.38,1105238,0,0,,,0,missed,21327830,249619
RP-1801-2-1,LN-1801-1,SYN-11801,4,2026-10-28,3469.84,346984,0,0,,,0,missed,9280048,133417
RP-1802-0-0,LN-1802-0,SYN-11802,2,2026-08-27,39153.76,3915376,39153.76,3915376,2026-08-27,TX-164820,0,on_time,43406260,538339
RP-1802-1-0,LN-1802-0,SYN-11802,3,2026-09-27,39153.76,3915376,39153.76,3915376,2026-09-27,TX-164829,0,on_time,40029223,496456
RP-1802-2-0,LN-1802-0,SYN-11802,4,2026-10-27,39153.76,3915376,39153.76,3915376,2026-11-02,TX-164838;TX-164839;TX-164841,6,late,36610303,454053
RP-1803-0-0,LN-1803-0,SYN-11803,2,2026-08-27,16807.57,1680757,16807.57,1680757,2026-08-27,TX-164852,0,on_time,18492827,251652
RP-1803-1-0,LN-1803-0,SYN-11803,3,2026-09-27,16807.57,1680757,16807.57,1680757,2026-09-27,TX-164864,0,on_time,17063722,232205
RP-1803-2-0,LN-1803-0,SYN-11803,4,2026-10-27,16807.57,1680757,16807.57,1680757,2026-10-27,TX-164873,0,on_time,15615170,212493
RP-1804-0-0,LN-1804-0,SYN-11804,2,2026-08-24,13020.12,1302012,13020.12,1302012,2026-09-02,TX-164889,9,late,27271422,305149
RP-1804-1-0,LN-1804-0,SYN-11804,3,2026-09-24,13020.12,1302012,13020.12,1302012,2026-10-03,TX-164903,9,late,26274559,293995
RP-1804-2-0,LN-1804-0,SYN-11804,4,2026-10-24,13020.12,1302012,13020.12,1302012,2026-11-02,TX-164913,9,late,25266542,282716
RP-1805-0-0,LN-1805-0,SYN-11805,2,2026-08-21,18772.86,1877286,18772.86,1877286,2026-08-21,TX-164924,0,on_time,37228966,590532
RP-1805-1-0,LN-1805-0,SYN-11805,3,2026-09-21,18772.86,1877286,18772.86,1877286,2026-10-03,TX-164939,12,late,35942212,570121
RP-1805-2-0,LN-1805-0,SYN-11805,4,2026-10-21,18772.86,1877286,18772.86,1877286,2026-11-02,TX-164949,12,late,34635047,549387
RP-1806-0-0,LN-1806-0,SYN-11806,2,2026-08-28,10237.41,1023741,10237.41,1023741,2026-08-28,TX-164962,0,on_time,20909830,278678
RP-1806-1-0,LN-1806-0,SYN-11806,3,2026-09-28,10237.41,1023741,10237.41,1023741,2026-09-28,TX-164976,0,on_time,20164767,268748
RP-1806-2-0,LN-1806-0,SYN-11806,4,2026-10-28,10237.41,1023741,10237.41,1023741,2026-10-28,TX-164987,0,on_time,19409774,258685
RP-1807-0-0,LN-1807-0,SYN-11807,2,2026-08-26,36796.21,3679621,36796.21,3679621,2026-08-29,TX-165002,3,late,73279057,1135740
RP-1807-1-0,LN-1807-0,SYN-11807,3,2026-09-26,36796.21,3679621,36796.21,3679621,2026-09-29,TX-165014;TX-165017,3,late,70735176,1096313
RP-1807-2-0,LN-1807-0,SYN-11807,4,2026-10-26,36796.21,3679621,36796.21,3679621,2026-10-29,TX-165027,3,late,68151868,1056274
RP-1808-0-0,LN-1808-0,SYN-11808,2,2026-08-21,15471.76,1547176,15471.76,1547176,2026-08-21,TX-165038,0,on_time,41813725,685808
RP-1808-1-0,LN-1808-0,SYN-11808,3,2026-09-21,15471.76,1547176,15471.76,1547176,2026-09-24,TX-165048,3,late,40952357,671680
RP-1808-2-0,LN-1808-0,SYN-11808,4,2026-10-21,15471.76,1547176,15471.76,1547176,2026-10-21,TX-165058,0,on_time,40076861,657321
RP-1809-0-0,LN-1809-0,SYN-11809,2,2026-08-24,29346.32,2934632,29346.32,2934632,2026-08-27,TX-165072,3,late,31904033,495478
RP-1809-1-0,LN-1809-0,SYN-11809,3,2026-09-24,29346.32,2934632,29346.32,2934632,2026-10-06,TX-165083,12,late,29464879,457597
RP-1809-2-0,LN-1809-0,SYN-11809,4,2026-10-24,29346.32,2934632,29346.32,2934632,2026-11-02,TX-165091,9,late,26987844,419128
RP-1811-0-0,LN-1811-0,SYN-11811,2,2026-08-27,11963.34,1196334,11963.34,1196334,2026-08-27,TX-165136,0,on_time,34720944,421605
RP-1811-0-1,LN-1811-1,SYN-11811,2,2026-08-27,11458.03,1145803,11458.03,1145803,2026-08-27,TX-165137,0,on_time,35369110,302795
RP-1811-1-0,LN-1811-0,SYN-11811,3,2026-09-27,11963.34,1196334,11963.34,1196334,2026-09-30,TX-165150,3,late,33946215,412198
RP-1811-1-1,LN-1811-1,SYN-11811,3,2026-09-27,11458.03,1145803,11458.03,1145803,2026-09-30,TX-165151,3,late,34526102,295578
RP-1811-2-0,LN-1811-0,SYN-11811,4,2026-10-27,11963.34,1196334,11963.34,1196334,2026-10-30,TX-165163,3,late,33162079,402676
RP-1811-2-1,LN-1811-1,SYN-11811,4,2026-10-27,11458.03,1145803,11458.03,1145803,2026-10-30,TX-165164,3,late,33675877,288299
RP-1812-0-0,LN-1812-0,SYN-11812,2,2026-08-25,7410.71,741071,7410.71,741071,2026-08-25,TX-165175,0,on_time,21205226,275224
RP-1812-1-0,LN-1812-0,SYN-11812,3,2026-09-25,7410.71,741071,7410.71,741071,2026-09-25,TX-165192,0,on_time,20739379,269178
RP-1812-2-0,LN-1812-0,SYN-11812,4,2026-10-25,7410.71,741071,7410.71,741071,2026-10-25,TX-165203,0,on_time,20267486,263053
RP-1813-0-0,LN-1813-0,SYN-11813,2,2026-08-22,13574.06,1357406,13574.06,1357406,2026-08-31,TX-165220,9,late,15254672,156191
RP-1813-1-0,LN-1813-0,SYN-11813,3,2026-09-22,13574.06,1357406,13574.06,1357406,2026-09-25,TX-165228,3,late,14053457,143892
RP-1813-2-0,LN-1813-0,SYN-11813,4,2026-10-22,13574.06,1357406,13574.06,1357406,2026-11-03,TX-165242,12,late,12839943,131467
RP-1814-0-0,LN-1814-0,SYN-11814,2,2026-08-24,16574.68,1657468,16574.68,1657468,2026-08-24,TX-165252,0,on_time,18443504,217792
RP-1814-1-0,LN-1814-0,SYN-11814,3,2026-09-24,16574.68,1657468,16574.68,1657468,2026-10-06,TX-165265;TX-165271,12,late,17003828,200791
RP-1814-2-0,LN-1814-0,SYN-11814,4,2026-10-24,16574.68,1657468,16574.68,1657468,2026-11-02,TX-165280,9,late,15547151,183590
RP-1815-0-0,LN-1815-0,SYN-11815,2,2026-08-28,14228.48,1422848,14228.48,1422848,2026-08-28,TX-165293,0,on_time,40206082,551785
RP-1815-1-0,LN-1815-0,SYN-11815,3,2026-09-28,14228.48,1422848,14228.48,1422848,2026-09-28,TX-165304,0,on_time,39335019,539831
RP-1815-2-0,LN-1815-0,SYN-11815,4,2026-10-28,14228.48,1422848,14228.48,1422848,2026-10-28,TX-165315,0,on_time,38452002,527712
RP-1816-0-0,LN-1816-0,SYN-11816,2,2026-08-23,83684.6,8368460,83684.6,8368460,2026-08-23,TX-165327,0,on_time,91928077,1274522
RP-1816-1-0,LN-1816-0,SYN-11816,3,2026-09-23,83684.6,8368460,83684.6,8368460,2026-09-23,TX-165338,0,on_time,84834139,1176169
RP-1816-2-0,LN-1816-0,SYN-11816,4,2026-10-23,83684.6,8368460,83684.6,8368460,2026-10-23,TX-165349,0,on_time,77641848,1076452
RP-1817-0-0,LN-1817-0,SYN-11817,2,2026-08-20,15052.41,1505241,15052.41,1505241,2026-08-20,TX-165362,0,on_time,41743125,619708
RP-1817-1-0,LN-1817-0,SYN-11817,3,2026-09-20,15052.41,1505241,15052.41,1505241,2026-09-20,TX-165374,0,on_time,40857592,606562
RP-1817-2-0,LN-1817-0,SYN-11817,4,2026-10-20,15052.41,1505241,15052.41,1505241,2026-10-20,TX-165386,0,on_time,39958913,593220
RP-1818-0-0,LN-1818-0,SYN-11818,2,2026-08-23,47826.07,4782607,47826.07,4782607,2026-08-23,TX-165402,0,on_time,51933083,816392
RP-1818-1-0,LN-1818-0,SYN-11818,3,2026-09-23,47826.07,4782607,47826.07,4782607,2026-09-26,TX-165413,3,late,47966868,754043
RP-1818-2-0,LN-1818-0,SYN-11818,4,2026-10-23,47826.07,4782607,47826.07,4782607,2026-10-23,TX-165422,0,on_time,43938304,690714
RP-1819-0-0,LN-1819-0,SYN-11819,2,2026-08-22,32387.69,3238769,32387.69,3238769,2026-08-25,TX-165435,3,late,94742513,1106521
RP-1819-1-0,LN-1819-0,SYN-11819,3,2026-09-22,32387.69,3238769,32387.69,3238769,2026-09-22,TX-165444,0,on_time,92610265,1081618
RP-1819-2-0,LN-1819-0,SYN-11819,4,2026-10-22,32387.69,3238769,32387.69,3238769,2026-10-22,TX-165453,0,on_time,90453114,1056425
RP-1821-0-0,LN-1821-0,SYN-11821,2,2026-08-23,11196.7,1119670,11196.7,1119670,2026-08-23,TX-165500,0,on_time,23972009,224024
RP-1821-0-1,LN-1821-1,SYN-11821,2,2026-08-23,16781.7,1678170,16781.7,1678170,2026-08-23,TX-165501,0,on_time,45723028,727484
RP-1821-1-0,LN-1821-0,SYN-11821,3,2026-09-23,11196.7,1119670,11196.7,1119670,2026-09-23,TX-165512,0,on_time,23076363,215654
RP-1821-1-1,LN-1821-1,SYN-11821,3,2026-09-23,16781.7,1678170,16781.7,1678170,2026-09-23,TX-165513,0,on_time,44772342,712358
RP-1821-2-0,LN-1821-0,SYN-11821,4,2026-10-23,11196.7,1119670,11196.7,1119670,2026-10-23,TX-165522,0,on_time,22172347,207206
RP-1821-2-1,LN-1821-1,SYN-11821,4,2026-10-23,16781.7,1678170,16781.7,1678170,2026-10-23,TX-165523,0,on_time,43806530,696991
RP-1822-0-0,LN-1822-0,SYN-11822,2,2026-08-20,13889.15,1388915,13889.15,1388915,2026-08-20,TX-165534,0,on_time,27713009,424944
RP-1822-1-0,LN-1822-0,SYN-11822,3,2026-09-20,13889.15,1388915,13889.15,1388915,2026-09-20,TX-165543,0,on_time,26749038,410163
RP-1822-2-0,LN-1822-0,SYN-11822,4,2026-10-20,13889.15,1388915,13889.15,1388915,2026-10-20,TX-165552,0,on_time,25770286,395155
RP-1823-0-0,LN-1823-0,SYN-11823,2,2026-08-26,17535.46,1753546,17535.46,1753546,2026-08-29,TX-165570;TX-165571,3,late,19240351,270349
RP-1823-1-0,LN-1823-0,SYN-11823,3,2026-09-26,17535.46,1753546,17535.46,1753546,2026-10-02,TX-165584,6,late,17757154,249509
RP-1823-2-0,LN-1823-0,SYN-11823,4,2026-10-26,17535.46,1753546,17535.46,1753546,2026-11-01,TX-165596,6,late,16253117,228375
RP-1824-0-0,LN-1824-0,SYN-11824,2,2026-08-22,6846.65,684665,6846.65,684665,2026-09-06,TX-165607;TX-165613,15,late,14528058,146670
RP-1824-1-0,LN-1824-0,SYN-11824,3,2026-09-22,6846.65,684665,5677.67,567767,2026-10-07,TX-165626,15,partial,13990063,141239
RP-1824-2-0,LN-1824-0,SYN-11824,4,2026-10-22,6846.65,684665,0,0,,,0,missed,13563535,136933
RP-1825-0-0,LN-1825-0,SYN-11825,2,2026-08-25,9725.79,972579,9725.79,972579,2026-08-25,TX-165648,0,on_time,27147495,392442
RP-1825-1-0,LN-1825-0,SYN-11825,3,2026-09-25,9725.79,972579,4405.59,440559,2026-10-07,TX-165663;TX-165664;TX-165667,12,partial,26567358,384056
RP-1825-2-0,LN-1825-0,SYN-11825,4,2026-10-25,9725.79,972579,0,0,,,0,missed,26510855,383239
RP-1826-0-0,LN-1826-0,SYN-11826,2,2026-08-27,40026.35,4002635,40026.35,4002635,2026-09-05,TX-165690;TX-165691;TX-165695,9,late,44655539,508831
RP-1826-1-0,LN-1826-0,SYN-11826,3,2026-09-27,40026.35,4002635,40026.35,4002635,2026-10-06,TX-165702;TX-165706,9,late,41161735,469021
RP-1826-2-0,LN-1826-0,SYN-11826,4,2026-10-27,40026.35,4002635,40026.35,4002635,2026-11-05,TX-165717,9,late,37628121,428757
RP-1827-0-0,LN-1827-0,SYN-11827,2,2026-08-25,53471.88,5347188,53471.88,5347188,2026-08-28,TX-165729,3,late,59406242,716563
RP-1827-1-0,LN-1827-0,SYN-11827,3,2026-09-25,53471.88,5347188,53471.88,5347188,2026-09-25,TX-165741,0,on_time,54775617,660708
RP-1827-2-0,LN-1827-0,SYN-11827,4,2026-10-25,53471.88,5347188,53471.88,5347188,2026-10-25,TX-165752,0,on_time,50089137,604179
RP-1828-0-0,LN-1828-0,SYN-11828,2,2026-08-27,25186.68,2518668,25186.68,2518668,2026-08-27,TX-165768,0,on_time,51238670,700364
RP-1828-1-0,LN-1828-0,SYN-11828,3,2026-09-27,25186.68,2518668,25186.68,2518668,2026-10-03,TX-165782,6,late,49420366,675511
RP-1828-2-0,LN-1828-0,SYN-11828,4,2026-10-27,25186.68,2518668,25186.68,2518668,2026-11-02,TX-165791,6,late,47577209,650317
RP-1829-0-0,LN-1829-0,SYN-11829,2,2026-08-21,15875.01,1587501,15875.01,1587501,2026-08-21,TX-165801,0,on_time,31964996,465099
RP-1829-1-0,LN-1829-0,SYN-11829,3,2026-09-21,15875.01,1587501,15875.01,1587501,2026-09-21,TX-165814,0,on_time,30842594,448767
RP-1829-2-0,LN-1829-0,SYN-11829,4,2026-10-21,15875.01,1587501,15875.01,1587501,2026-10-21,TX-165824,0,on_time,29703860,432199
RP-1831-0-0,LN-1831-0,SYN-11831,2,2026-08-25,14376.79,1437679,14376.79,1437679,2026-08-25,TX-165870,0,on_time,15868122,207965
RP-1831-0-1,LN-1831-1,SYN-11831,2,2026-08-25,11026.4,1102640,11026.4,1102640,2026-08-25,TX-165871,0,on_time,32166024,380894
RP-1831-1-0,LN-1831-0,SYN-11831,3,2026-09-25,14376.79,1437679,14376.79,1437679,2026-09-28,TX-165882,3,late,14638408,191849
RP-1831-1-1,LN-1831-1,SYN-11831,3,2026-09-25,11026.4,1102640,11026.4,1102640,2026-09-25,TX-165880,0,on_time,31444278,372347
RP-1831-2-0,LN-1831-0,SYN-11831,4,2026-10-25,14376.79,1437679,14376.79,1437679,2026-10-31,TX-165892,6,late,13392578,175521
RP-1831-2-1,LN-1831-1,SYN-11831,4,2026-10-25,11026.4,1102640,11026.4,1102640,2026-10-25,TX-165890,0,on_time,30713985,363700
RP-1832-0-0,LN-1832-0,SYN-11832,2,2026-08-24,18058.16,1805816,18058.16,1805816,2026-08-24,TX-165904,0,on_time,50097040,742622
RP-1832-1-0,LN-1832-0,SYN-11832,3,2026-09-24,18058.16,1805816,18058.16,1805816,2026-09-24,TX-165916,0,on_time,49033846,726861
RP-1832-2-0,LN-1832-0,SYN-11832,4,2026-10-24,18058.16,1805816,18058.16,1805816,2026-10-24,TX-165926,0,on_time,47954891,710867
RP-1833-0-0,LN-1833-0,SYN-11833,2,2026-08-21,25712.84,2571284,25712.84,2571284,2026-08-21,TX-165938,0,on_time,27797683,456778
RP-1833-1-0,LN-1833-0,SYN-11833,3,2026-09-21,25712.84,2571284,25712.84,2571284,2026-09-21,TX-165949,0,on_time,25683177,422032
RP-1833-2-0,LN-1833-0,SYN-11833,4,2026-10-21,25712.84,2571284,25712.84,2571284,2026-10-21,TX-165958,0,on_time,23533925,386715
RP-1834-0-0,LN-1834-0,SYN-11834,2,2026-08-28,24513.71,2451371,24513.71,2451371,2026-08-28,TX-165974,0,on_time,48662299,767692
RP-1834-1-0,LN-1834-0,SYN-11834,3,2026-09-28,24513.71,2451371,24513.71,2451371,2026-09-28,TX-165988,0,on_time,46978620,741131
RP-1834-2-0,LN-1834-0,SYN-11834,4,2026-10-28,24513.71,2451371,24513.71,2451371,2026-11-03,TX-165999;TX-166002,6,late,45268380,714150
RP-1835-0-0,LN-1835-0,SYN-11835,2,2026-08-20,21493.96,2149396,21493.96,2149396,2026-08-29,TX-166014,9,late,44152321,566967
RP-1835-1-0,LN-1835-0,SYN-11835,3,2026-09-20,21493.96,2149396,21493.96,2149396,2026-09-29,TX-166026,9,late,42569892,546647
RP-1835-2-0,LN-1835-0,SYN-11835,4,2026-10-20,21493.96,2149396,21493.96,2149396,2026-10-29,TX-166036,9,late,40967143,526066
RP-1836-0-0,LN-1836-0,SYN-11836,2,2026-08-24,16570.94,1657094,16570.94,1657094,2026-09-02,TX-166050,9,late,33681170,462945
RP-1836-1-0,LN-1836-0,SYN-11836,3,2026-09-24,16570.94,1657094,16570.94,1657094,2026-09-30,TX-166061,6,late,32487021,446531
RP-1836-2-0,LN-1836-0,SYN-11836,4,2026-10-24,16570.94,1657094,16570.94,1657094,2026-11-02,TX-166072,9,late,31276458,429892
RP-1837-0-0,LN-1837-0,SYN-11837,2,2026-08-24,32121.69,3212169,32121.69,3212169,2026-08-24,TX-166082,0,on_time,36310668,338155
RP-1837-1-0,LN-1837-0,SYN-11837,3,2026-09-24,32121.69,3212169,32121.69,3212169,2026-10-03,TX-166095;TX-166101,9,late,33436654,311390
RP-1837-2-0,LN-1837-0,SYN-11837,4,2026-10-24,32121.69,3212169,32121.69,3212169,2026-11-02,TX-166110,9,late,30535875,284376
RP-1838-0-0,LN-1838-0,SYN-11838,2,2026-08-24,14347.9,1434790,14347.9,1434790,2026-08-30,TX-166121,6,late,41530434,510824
RP-1838-1-0,LN-1838-0,SYN-11838,3,2026-09-24,14347.9,1434790,14347.9,1434790,2026-09-30,TX-166132,6,late,40606468,499460
RP-1838-2-0,LN-1838-0,SYN-11838,4,2026-10-24,14347.9,1434790,14347.9,1434790,2026-10-27,TX-166141,3,late,39671138,487955
RP-1839-0-0,LN-1839-0,SYN-11839,2,2026-08-22,30890.54,3089054,30890.54,3089054,2026-09-03,TX-166151;TX-166156,12,late,62907235,854306
RP-1839-1-0,LN-1839-0,SYN-11839,3,2026-09-22,30890.54,3089054,30890.54,3089054,2026-09-22,TX-166161,0,on_time,60672487,823958
RP-1839-2-0,LN-1839-0,SYN-11839,4,2026-10-22,30890.54,3089054,30890.54,3089054,2026-10-22,TX-166171,0,on_time,58407391,793197
RP-1841-0-0,LN-1841-0,SYN-11841,2,2026-08-28,5559.41,555941,5559.41,555941,2026-08-28,TX-166212,0,on_time,12042296,100803
RP-1841-0-1,LN-1841-1,SYN-11841,2,2026-08-28,20586.25,2058625,20586.25,2058625,2026-08-28,TX-166213,0,on_time,42092449,557129
RP-1841-1-0,LN-1841-0,SYN-11841,3,2026-09-28,5559.41,555941,5559.41,555941,2026-09-28,TX-166222,0,on_time,11587158,96993
RP-1841-1-1,LN-1841-1,SYN-11841,3,2026-09-28,20586.25,2058625,20586.25,2058625,2026-09-28,TX-166223,0,on_time,40590953,537255
RP-1841-2-0,LN-1841-0,SYN-11841,4,2026-10-28,5559.41,555941,5559.41,555941,2026-10-28,TX-166232,0,on_time,11128210,93151
RP-1841-2-1,LN-1841-1,SYN-11841,4,2026-10-28,20586.25,2058625,20586.25,2058625,2026-10-28,TX-166233,0,on_time,39069583,517118
RP-1842-0-0,LN-1842-0,SYN-11842,2,2026-08-24,13062.89,1306289,13062.89,1306289,2026-09-05,TX-166247;TX-166250,12,late,14373438,195473
RP-1842-1-0,LN-1842-0,SYN-11842,3,2026-09-24,13062.89,1306289,13062.89,1306289,2026-10-06,TX-166262,12,late,13262622,180366
RP-1842-2-0,LN-1842-0,SYN-11842,4,2026-10-24,13062.89,1306289,13062.89,1306289,2026-11-05,TX-166275,12,late,12136699,165054
RP-1843-0-0,LN-1843-0,SYN-11843,2,2026-08-27,21358.53,2135853,21358.53,2135853,2026-08-27,TX-166286,0,on_time,64593868,629187
RP-1843-1-0,LN-1843-0,SYN-11843,3,2026-09-27,21358.53,2135853,21358.53,2135853,2026-09-27,TX-166296,0,on_time,63087202,614511
RP-1843-2-0,LN-1843-0,SYN-11843,4,2026-10-27,21358.53,2135853,21358.53,2135853,2026-11-02,TX-166308,6,late,61565860,599693
RP-1844-0-0,LN-1844-0,SYN-11844,2,2026-08-28,10718.62,1071862,10718.62,1071862,2026-08-28,TX-166319,0,on_time,11990122,131556
RP-1844-1-0,LN-1844-0,SYN-11844,3,2026-09-28,10718.62,1071862,10718.62,1071862,2026-09-28,TX-166330,0,on_time,11049816,121239
RP-1844-2-0,LN-1844-0,SYN-11844,4,2026-10-28,10718.62,1071862,10718.62,1071862,2026-10-28,TX-166339,0,on_time,10099193,110808
RP-1845-0-0,LN-1845-0,SYN-11845,2,2026-08-27,56661.93,5666193,56661.93,5666193,2026-09-02,TX-166355,6,late,64425516,540761
RP-1845-1-0,LN-1845-0,SYN-11845,3,2026-09-27,56661.93,5666193,56661.93,5666193,2026-10-03,TX-166370,6,late,59300084,497740
RP-1845-2-0,LN-1845-0,SYN-11845,4,2026-10-27,56661.93,5666193,56661.93,5666193,2026-11-02,TX-166382,6,late,54131631,454358
RP-1846-0-0,LN-1846-0,SYN-11846,2,2026-08-24,10538.25,1053825,10538.25,1053825,2026-08-30,TX-166393;TX-166397,6,late,22507081,214952
RP-1846-1-0,LN-1846-0,SYN-11846,3,2026-09-24,10538.25,1053825,10538.25,1053825,2026-09-24,TX-166405,0,on_time,21668208,206940
RP-1846-2-0,LN-1846-0,SYN-11846,4,2026-10-24,10538.25,1053825,10538.25,1053825,2026-10-24,TX-166416,0,on_time,20821323,198852
RP-1847-0-0,LN-1847-0,SYN-11847,2,2026-08-27,24214.12,2421412,24214.12,2421412,2026-09-02,TX-166433;TX-166434;TX-166436,6,late,27107760,294058
RP-1847-1-0,LN-1847-0,SYN-11847,3,2026-09-27,24214.12,2421412,24214.12,2421412,2026-10-03,TX-166450,6,late,24980406,270981
RP-1847-2-0,LN-1847-0,SYN-11847,4,2026-10-27,24214.12,2421412,24214.12,2421412,2026-11-02,TX-166459,6,late,22829975,247654
RP-1848-0-0,LN-1848-0,SYN-11848,2,2026-08-21,10525.45,1052545,10525.45,1052545,2026-08-21,TX-166469,0,on_time,29493338,419540
RP-1848-1-0,LN-1848-0,SYN-11848,3,2026-09-21,10525.45,1052545,10525.45,1052545,2026-09-21,TX-166479,0,on_time,28860333,410536
RP-1848-2-0,LN-1848-0,SYN-11848,4,2026-10-21,10525.45,1052545,10525.45,1052545,2026-11-05,TX-166490;TX-166497,15,late,28218324,401403
RP-1849-0-0,LN-1849-0,SYN-11849,2,2026-08-28,13409.8,1340980,13409.8,1340980,2026-08-31,TX-166509,3,late,27262918,374136
RP-1849-1-0,LN-1849-0,SYN-11849,3,2026-09-28,13409.8,1340980,13409.8,1340980,2026-09-28,TX-166518,0,on_time,26296074,360868
RP-1849-2-0,LN-1849-0,SYN-11849,4,2026-10-28,13409.8,1340980,13409.8,1340980,2026-10-28,TX-166527,0,on_time,25315962,347417
RP-1851-0-0,LN-1851-0,SYN-11851,2,2026-08-22,27403.16,2740316,27403.16,2740316,2026-08-22,TX-166571,0,on_time,58095796,590849
RP-1851-0-1,LN-1851-1,SYN-11851,2,2026-08-22,31138.83,3113883,31138.83,3113883,2026-08-22,TX-166572,0,on_time,61928299,967077
RP-1851-1-0,LN-1851-0,SYN-11851,3,2026-09-22,27403.16,2740316,27403.16,2740316,2026-10-07,TX-166591,15,late,55946329,568988
RP-1851-1-1,LN-1851-1,SYN-11851,3,2026-09-22,31138.83,3113883,31138.83,3113883,2026-10-07,TX-166592,15,late,59781493,933553
RP-1851-2-0,LN-1851-0,SYN-11851,4,2026-10-22,27403.16,2740316,1619.13,161913,2026-10-22,TX-166599,0,partial,53775001,546905
RP-1851-2-1,LN-1851-1,SYN-11851,4,2026-10-22,31138.83,3113883,8877.5,887750,2026-10-25,TX-166600;TX-166601,3,partial,57601163,899505
RP-1852-0-0,LN-1852-0,SYN-11852,2,2026-08-20,16473.98,1647398,16473.98,1647398,2026-08-29,TX-166618,9,late,17968968,269541
RP-1852-1-0,LN-1852-0,SYN-11852,3,2026-09-20,16473.98,1647398,16473.98,1647398,2026-10-05,TX-166628;TX-166633,15,late,16591111,248872
RP-1852-2-0,LN-1852-0,SYN-11852,4,2026-10-20,16473.98,1647398,0,0,,,0,missed,15192585,227894
RP-1853-0-0,LN-1853-0,SYN-11853,2,2026-08-20,19467.92,1946792,19467.92,1946792,2026-08-20,TX-166652,0,on_time,55989342,709903
RP-1853-1-0,LN-1853-0,SYN-11853,3,2026-09-20,19467.92,1946792,19467.92,1946792,2026-09-20,TX-166667,0,on_time,54752453,694220
RP-1853-2-0,LN-1853-0,SYN-11853,4,2026-10-20,19467.92,1946792,19467.92,1946792,2026-10-20,TX-166678,0,on_time,53499881,678338
RP-1854-0-0,LN-1854-0,SYN-11854,2,2026-08-28,11443.15,1144315,11443.15,1144315,2026-08-28,TX-166696,0,on_time,34421802,345994
RP-1854-1-0,LN-1854-0,SYN-11854,3,2026-09-28,11443.15,1144315,11443.15,1144315,2026-09-28,TX-166706,0,on_time,33623481,337969
RP-1854-2-0,LN-1854-0,SYN-11854,4,2026-10-28,11443.15,1144315,11443.15,1144315,2026-10-28,TX-166716,0,on_time,32817135,329864
RP-1855-0-0,LN-1855-0,SYN-11855,2,2026-08-26,23819.81,2381981,23819.81,2381981,2026-09-01,TX-166730,6,late,25792758,417127
RP-1855-1-0,LN-1855-0,SYN-11855,3,2026-09-26,23819.81,2381981,23819.81,2381981,2026-11-01,TX-166741;TX-166752,36,late,23827904,385351
RP-1855-2-0,LN-1855-0,SYN-11855,4,2026-10-26,23819.81,2381981,4999.04,499904,2026-11-01,TX-166753,6,partial,22017578,356074
RP-1856-0-0,LN-1856-0,SYN-11856,2,2026-08-22,47241.85,4724185,47241.85,4724185,2026-08-22,TX-166765,0,on_time,53720881,449944
RP-1856-1-0,LN-1856-0,SYN-11856,3,2026-09-22,47241.85,4724185,47241.85,4724185,2026-09-25,TX-166776,3,late,49446640,414144
RP-1856-2-0,LN-1856-0,SYN-11856,4,2026-10-22,47241.85,4724185,47241.85,4724185,2026-10-22,TX-166787,0,on_time,45136599,378045
RP-1857-0-0,LN-1857-0,SYN-11857,2,2026-08-23,11897.76,1189776,11897.76,1189776,2026-08-23,TX-166800,0,on_time,32844169,496615
RP-1857-1-0,LN-1857-0,SYN-11857,3,2026-09-23,11897.76,1189776,11897.76,1189776,2026-09-23,TX-166813,0,on_time,32151008,486134
RP-1857-2-0,LN-1857-0,SYN-11857,4,2026-10-23,11897.76,1189776,11897.76,1189776,2026-10-23,TX-166824,0,on_time,31447366,475495
RP-1858-0-0,LN-1858-0,SYN-11858,2,2026-08-27,29560.93,2956093,29560.93,2956093,2026-08-30,TX-166839,3,late,32456118,452665
RP-1858-1-0,LN-1858-0,SYN-11858,3,2026-09-27,29560.93,2956093,29560.93,2956093,2026-10-03,TX-166853,6,late,29952690,417750
RP-1858-2-0,LN-1858-0,SYN-11858,4,2026-10-27,29560.93,2956093,29560.93,2956093,2026-11-05,TX-166864,9,late,27414347,382348
RP-1859-0-0,LN-1859-0,SYN-11859,2,2026-08-25,61771.41,6177141,61771.41,6177141,2026-08-25,TX-166874,0,on_time,68952853,779753
RP-1859-1-0,LN-1859-0,SYN-11859,3,2026-09-25,61771.41,6177141,61771.41,6177141,2026-09-25,TX-166884,0,on_time,63555465,718717
RP-1859-2-0,LN-1859-0,SYN-11859,4,2026-10-25,61771.41,6177141,61771.41,6177141,2026-10-25,TX-166894,0,on_time,58097041,656990
RP-1861-0-0,LN-1861-0,SYN-11861,2,2026-08-20,13391.05,1339105,13391.05,1339105,2026-08-29,TX-166943,9,late,26600972,418072
RP-1861-0-1,LN-1861-1,SYN-11861,2,2026-08-20,7989.48,798948,7989.48,798948,2026-08-29,TX-166944,9,late,24419602,222933
RP-1861-1-0,LN-1861-0,SYN-11861,3,2026-09-20,13391.05,1339105,13391.05,1339105,2026-09-29,TX-166956,9,late,25679939,403597
RP-1861-1-1,LN-1861-1,SYN-11861,3,2026-09-20,7989.48,798948,7989.48,798948,2026-09-29,TX-166957,9,late,23843587,217674
RP-1861-2-0,LN-1861-0,SYN-11861,4,2026-10-20,13391.05,1339105,13391.05,1339105,2026-10-29,TX-166967,9,late,24744431,388894
RP-1861-2-1,LN-1861-1,SYN-11861,4,2026-10-20,7989.48,798948,7989.48,798948,2026-10-29,TX-166968,9,late,23262313,212367
RP-1862-0-0,LN-1862-0,SYN-11862,2,2026-08-24,8769.43,876943,8769.43,876943,2026-08-24,TX-166976,0,on_time,26656496,251808
RP-1862-1-0,LN-1862-0,SYN-11862,3,2026-09-24,8769.43,876943,8769.43,876943,2026-09-27,TX-166987,3,late,26031361,245903
RP-1862-2-0,LN-1862-0,SYN-11862,4,2026-10-24,8769.43,876943,8769.43,876943,2026-10-24,TX-166994,0,on_time,25400321,239942
RP-1863-0-0,LN-1863-0,SYN-11863,2,2026-08-28,21507.79,2150779,21507.79,2150779,2026-08-28,TX-167011,0,on_time,44657791,532693
RP-1863-1-0,LN-1863-0,SYN-11863,3,2026-09-28,21507.79,2150779,21507.79,2150779,2026-09-28,TX-167022,0,on_time,43039705,513392
RP-1863-2-0,LN-1863-0,SYN-11863,4,2026-10-28,21507.79,2150779,21507.79,2150779,2026-10-28,TX-167032,0,on_time,41402318,493861
RP-1864-0-0,LN-1864-0,SYN-11864,2,2026-08-24,17460.28,1746028,17460.28,1746028,2026-08-24,TX-167041,0,on_time,53782482,467002
RP-1864-1-0,LN-1864-0,SYN-11864,3,2026-09-24,17460.28,1746028,17460.28,1746028,2026-09-24,TX-167052,0,on_time,52503456,455896
RP-1864-2-0,LN-1864-0,SYN-11864,4,2026-10-24,17460.28,1746028,17460.28,1746028,2026-10-24,TX-167061,0,on_time,51213324,444694
RP-1865-0-0,LN-1865-0,SYN-11865,2,2026-08-21,23539.36,2353936,23539.36,2353936,2026-08-27,TX-167075,6,late,48192287,632600
RP-1865-1-0,LN-1865-0,SYN-11865,3,2026-09-21,23539.36,2353936,23539.36,2353936,2026-09-24,TX-167085,3,late,46470951,610005
RP-1865-2-0,LN-1865-0,SYN-11865,4,2026-10-21,23539.36,2353936,23539.36,2353936,2026-10-24,TX-167094,3,late,44727020,587113
RP-1866-0-0,LN-1866-0,SYN-11866,2,2026-08-27,15803.33,1580333,15803.33,1580333,2026-11-01,TX-167111;TX-167123;TX-167129,66,late,33851303,314961
RP-1866-1-0,LN-1866-0,SYN-11866,3,2026-09-27,15803.33,1580333,0,0,,,0,missed,33517802,311858
RP-1866-2-0,LN-1866-0,SYN-11866,4,2026-10-27,15803.33,1580333,2781.51,278151,2026-11-02,TX-167130,6,partial,33247325,309341
RP-1867-0-0,LN-1867-0,SYN-11867,2,2026-08-23,32887.09,3288709,32887.09,3288709,2026-09-01,TX-167143,9,late,35762720,553908
RP-1867-1-0,LN-1867-0,SYN-11867,3,2026-09-23,32887.09,3288709,32887.09,3288709,2026-10-02,TX-167156,9,late,33027919,511550
RP-1867-2-0,LN-1867-0,SYN-11867,4,2026-10-23,32887.09,3288709,32887.09,3288709,2026-11-01,TX-167167,9,late,30250760,468536
RP-1868-0-0,LN-1868-0,SYN-11868,2,2026-08-27,10730.72,1073072,10730.72,1073072,2026-08-27,TX-167180,0,on_time,33250137,277411
RP-1868-1-0,LN-1868-0,SYN-11868,3,2026-09-27,10730.72,1073072,10730.72,1073072,2026-10-03,TX-167193;TX-167196,6,late,32454476,270773
RP-1868-2-0,LN-1868-0,SYN-11868,4,2026-10-27,10730.72,1073072,10730.72,1073072,2026-11-02,TX-167208,6,late,31652177,264079
RP-1869-0-0,LN-1869-0,SYN-11869,2,2026-08-24,4118.39,411839,4118.39,411839,2026-08-24,TX-167218,0,on_time,12306181,128454
RP-1869-1-0,LN-1869-0,SYN-11869,3,2026-09-24,4118.39,411839,4118.39,411839,2026-09-24,TX-167228,0,on_time,12022796,125496
RP-1869-2-0,LN-1869-0,SYN-11869,4,2026-10-24,4118.39,411839,4118.39,411839,2026-10-24,TX-167238,0,on_time,11736453,122507
RP-1871-0-0,LN-1871-0,SYN-11871,2,2026-08-27,13121.75,1312175,13121.75,1312175,2026-08-27,TX-167284,0,on_time,38061020,463453
RP-1871-0-1,LN-1871-1,SYN-11871,2,2026-08-27,27865.75,2786575,27865.75,2786575,2026-08-27,TX-167285,0,on_time,77244963,1148678
RP-1871-1-0,LN-1871-0,SYN-11871,3,2026-09-27,13121.75,1312175,13121.75,1312175,2026-09-27,TX-167301,0,on_time,37212298,453119
RP-1871-1-1,LN-1871-1,SYN-11871,3,2026-09-27,27865.75,2786575,27865.75,2786575,2026-09-27,TX-167302,0,on_time,75607066,1124321
RP-1871-2-0,LN-1871-0,SYN-11871,4,2026-10-27,13121.75,1312175,13121.75,1312175,2026-10-27,TX-167312,0,on_time,36353242,442658
RP-1871-2-1,LN-1871-1,SYN-11871,4,2026-10-27,27865.75,2786575,27865.75,2786575,2026-10-27,TX-167313,0,on_time,73944812,1099602
RP-1872-0-0,LN-1872-0,SYN-11872,2,2026-08-25,2859.14,285914,2859.14,285914,2026-08-25,TX-167324,0,on_time,8399347,96007
RP-1872-1-0,LN-1872-0,SYN-11872,3,2026-09-25,2859.14,285914,2859.14,285914,2026-09-25,TX-167335,0,on_time,8209440,93836
RP-1872-2-0,LN-1872-0,SYN-11872,4,2026-10-25,2859.14,285914,2859.14,285914,2026-10-25,TX-167344,0,on_time,8017362,91640
RP-1873-0-0,LN-1873-0,SYN-11873,2,2026-08-28,26859.22,2685922,26859.22,2685922,2026-08-28,TX-167360,0,on_time,29759374,371801
RP-1873-1-0,LN-1873-0,SYN-11873,3,2026-09-28,26859.22,2685922,26859.22,2685922,2026-09-28,TX-167373,0,on_time,27445253,342890
RP-1873-2-0,LN-1873-0,SYN-11873,4,2026-10-28,26859.22,2685922,26859.22,2685922,2026-10-28,TX-167384,0,on_time,25102221,313617
RP-1874-0-0,LN-1874-0,SYN-11874,2,2026-08-28,41643.6,4164360,41643.6,4164360,2026-09-03,TX-167400;TX-167401;TX-167404,6,late,47126973,430568
RP-1874-1-0,LN-1874-0,SYN-11874,3,2026-09-28,41643.6,4164360,41643.6,4164360,2026-10-01,TX-167415,3,late,43393181,396455
RP-1874-2-0,LN-1874-0,SYN-11874,4,2026-10-28,41643.6,4164360,41643.6,4164360,2026-11-03,TX-167427,6,late,39625276,362030
RP-1875-0-0,LN-1875-0,SYN-11875,2,2026-08-24,23649.09,2364909,23649.09,2364909,2026-08-24,TX-167436,0,on_time,48025620,663718
RP-1875-1-0,LN-1875-0,SYN-11875,3,2026-09-24,23649.09,2364909,23649.09,2364909,2026-09-24,TX-167446,0,on_time,46324429,640207
RP-1875-2-0,LN-1875-0,SYN-11875,4,2026-10-24,23649.09,2364909,23649.09,2364909,2026-10-24,TX-167456,0,on_time,44599727,616372
RP-1876-0-0,LN-1876-0,SYN-11876,2,2026-08-27,21790.53,2179053,21790.53,2179053,2026-08-30,TX-167472,3,late,24074883,311691
RP-1876-1-0,LN-1876-0,SYN-11876,3,2026-09-27,21790.53,2179053,21790.53,2179053,2026-10-03,TX-167482;TX-167486,6,late,22207521,287515
RP-1876-2-0,LN-1876-0,SYN-11876,4,2026-10-27,21790.53,2179053,21790.53,2179053,2026-11-02,TX-167496,6,late,20315983,263026
RP-1877-0-0,LN-1877-0,SYN-11877,2,2026-08-25,50813.13,5081313,50813.13,5081313,2026-08-25,TX-167507,0,on_time,56643653,652771
RP-1877-1-0,LN-1877-0,SYN-11877,3,2026-09-25,50813.13,5081313,50813.13,5081313,2026-09-25,TX-167517,0,on_time,52215111,601736
RP-1877-2-0,LN-1877-0,SYN-11877,4,2026-10-25,50813.13,5081313,50813.13,5081313,2026-10-25,TX-167527,0,on_time,47735534,550112
RP-1878-0-0,LN-1878-0,SYN-11878,2,2026-08-26,55135.38,5513538,55135.38,5513538,2026-08-26,TX-167542,0,on_time,59691202,967097
RP-1878-1-0,LN-1878-0,SYN-11878,3,2026-09-26,55135.38,5513538,55135.38,5513538,2026-09-26,TX-167553,0,on_time,55144761,893437
RP-1878-2-0,LN-1878-0,SYN-11878,4,2026-10-26,55135.38,5513538,55135.38,5513538,2026-11-01,TX-167565,6,late,50524660,818584
RP-1879-0-0,LN-1879-0,SYN-11879,2,2026-08-22,10506.92,1050692,10506.92,1050692,2026-08-22,TX-167575,0,on_time,20823233,331454
RP-1879-1-0,LN-1879-0,SYN-11879,3,2026-09-22,10506.92,1050692,10506.92,1050692,2026-10-07,TX-167586;TX-167587;TX-167595,15,late,20103995,320005
RP-1879-2-0,LN-1879-0,SYN-11879,4,2026-10-22,10506.92,1050692,4981.23,498123,2026-10-25,TX-167599;TX-167600,3,partial,19373308,308375
RP-1881-0-0,LN-1881-0,SYN-11881,2,2026-08-25,8556.3,855630,8556.3,855630,2026-08-25,TX-167653,0,on_time,18031354,192476
RP-1881-0-1,LN-1881-1,SYN-11881,2,2026-08-25,26675.51,2667551,26675.51,2667551,2026-08-25,TX-167654,0,on_time,29454300,384158
RP-1881-1-0,LN-1881-0,SYN-11881,3,2026-09-25,8556.3,855630,8556.3,855630,2026-09-25,TX-167665,0,on_time,17368200,185397
RP-1881-1-1,LN-1881-1,SYN-11881,3,2026-09-25,26675.51,2667551,26675.51,2667551,2026-10-01,TX-167666;TX-167670,6,late,27170907,354377
RP-1881-2-0,LN-1881-0,SYN-11881,4,2026-10-25,8556.3,855630,1694.34,169434,2026-11-03,TX-167683,9,partial,16697967,178242
RP-1881-2-1,LN-1881-1,SYN-11881,4,2026-10-25,26675.51,2667551,5066.19,506619,2026-11-03,TX-167684,9,partial,24857733,324207
RP-1882-0-0,LN-1882-0,SYN-11882,2,2026-08-21,3851.43,385143,3851.43,385143,2026-08-21,TX-167694,0,on_time,11333978,128405
RP-1882-1-0,LN-1882-0,SYN-11882,3,2026-09-21,3851.43,385143,3851.43,385143,2026-10-03,TX-167711,12,late,11077240,125497
RP-1882-2-0,LN-1882-0,SYN-11882,4,2026-10-21,3851.43,385143,3851.43,385143,2026-11-02,TX-167722,12,late,10817594,122555
RP-1883-0-0,LN-1883-0,SYN-11883,2,2026-08-26,14050.62,1405062,14050.62,1405062,2026-08-26,TX-167733,0,on_time,40339819,515580
RP-1883-1-0,LN-1883-0,SYN-11883,3,2026-09-26,14050.62,1405062,14050.62,1405062,2026-09-26,TX-167745,0,on_time,39450337,504211
RP-1883-2-0,LN-1883-0,SYN-11883,4,2026-10-26,14050.62,1405062,14050.62,1405062,2026-10-26,TX-167754,0,on_time,38549486,492698
RP-1884-0-0,LN-1884-0,SYN-11884,2,2026-08-27,24814.11,2481411,24814.11,2481411,2026-08-27,TX-167768,0,on_time,52100747,572309
RP-1884-1-0,LN-1884-0,SYN-11884,3,2026-09-27,24814.11,2481411,24814.11,2481411,2026-09-27,TX-167778,0,on_time,50191645,551338
RP-1884-2-0,LN-1884-0,SYN-11884,4,2026-10-27,24814.11,2481411,24814.11,2481411,2026-10-27,TX-167788,0,on_time,48261572,530137
RP-1885-0-0,LN-1885-0,SYN-11885,2,2026-08-21,29538.01,2953801,29538.01,2953801,2026-08-21,TX-167800,0,on_time,32811458,396524
RP-1885-1-0,LN-1885-0,SYN-11885,3,2026-09-21,29538.01,2953801,18695.17,1869517,2026-11-05,TX-167817;TX-167828,45,partial,30254181,365619
RP-1885-2-0,LN-1885-0,SYN-11885,4,2026-10-21,29538.01,2953801,0,0,,,0,missed,29153299,352315
RP-1886-0-0,LN-1886-0,SYN-11886,2,2026-08-27,31083.79,3108379,31083.79,3108379,2026-08-30,TX-167838;TX-167841,3,late,34085913,482148
RP-1886-1-0,LN-1886-0,SYN-11886,3,2026-09-27,31083.79,3108379,31083.79,3108379,2026-09-30,TX-167856,3,late,31459682,445000
RP-1886-2-0,LN-1886-0,SYN-11886,4,2026-10-27,31083.79,3108379,31083.79,3108379,2026-10-30,TX-167868,3,late,28796303,407326
RP-1887-0-0,LN-1887-0,SYN-11887,2,2026-08-28,50166.85,5016685,50166.85,5016685,2026-08-28,TX-167881,0,on_time,56440732,567958
RP-1887-1-0,LN-1887-0,SYN-11887,3,2026-09-28,50166.85,5016685,50166.85,5016685,2026-10-01,TX-167892;TX-167894,3,late,51992005,523191
RP-1887-2-0,LN-1887-0,SYN-11887,4,2026-10-28,50166.85,5016685,50166.85,5016685,2026-11-03,TX-167904;TX-167907,6,late,47498511,477974
RP-1888-0-0,LN-1888-0,SYN-11888,2,2026-08-27,21642.25,2164225,21642.25,2164225,2026-08-30,TX-167919,3,late,45616288,486266
RP-1888-1-0,LN-1888-0,SYN-11888,3,2026-09-27,21642.25,2164225,21642.25,2164225,2026-09-27,TX-167932,0,on_time,43938329,468379
RP-1888-2-0,LN-1888-0,SYN-11888,4,2026-10-27,21642.25,2164225,21642.25,2164225,2026-10-27,TX-167942,0,on_time,42242483,450301
RP-1889-0-0,LN-1889-0,SYN-11889,2,2026-08-24,20819.94,2081994,20819.94,2081994,2026-08-24,TX-167953,0,on_time,42797907,547007
RP-1889-1-0,LN-1889-0,SYN-11889,3,2026-09-24,20819.94,2081994,20819.94,2081994,2026-09-24,TX-167962,0,on_time,41262920,527388
RP-1889-2-0,LN-1889-0,SYN-11889,4,2026-10-24,20819.94,2081994,20819.94,2081994,2026-10-24,TX-167971,0,on_time,39708314,507519
RP-1891-0-0,LN-1891-0,SYN-11891,2,2026-08-27,12712.82,1271282,12712.82,1271282,2026-08-27,TX-168014,0,on_time,27181262,257092
RP-1891-0-1,LN-1891-1,SYN-11891,2,2026-08-27,28682.91,2868291,28682.91,2868291,2026-08-27,TX-168015,0,on_time,58501078,786805
RP-1891-1-0,LN-1891-0,SYN-11891,3,2026-09-27,12712.82,1271282,12712.82,1271282,2026-09-27,TX-168025,0,on_time,26167072,247499
RP-1891-1-1,LN-1891-1,SYN-11891,3,2026-09-27,28682.91,2868291,28682.91,2868291,2026-09-27,TX-168026,0,on_time,56419592,758811
RP-1891-2-0,LN-1891-0,SYN-11891,4,2026-10-27,12712.82,1271282,12712.82,1271282,2026-11-02,TX-168036;TX-168040,6,late,25143289,237816
RP-1891-2-1,LN-1891-1,SYN-11891,4,2026-10-27,28682.91,2868291,28682.91,2868291,2026-11-02,TX-168037;TX-168041,6,late,54310112,730439
RP-1892-0-0,LN-1892-0,SYN-11892,2,2026-08-20,18329.7,1832970,18329.7,1832970,2026-08-23,TX-168051,3,late,56089608,508289
RP-1892-1-0,LN-1892-0,SYN-11892,3,2026-09-20,18329.7,1832970,18329.7,1832970,2026-10-02,TX-168068,12,late,54764927,496284
RP-1892-2-0,LN-1892-0,SYN-11892,4,2026-10-20,18329.7,1832970,18329.7,1832970,2026-10-29,TX-168074;TX-168080,9,late,53428241,484171
RP-1893-0-0,LN-1893-0,SYN-11893,2,2026-08-26,20695.42,2069542,20695.42,2069542,2026-08-26,TX-168093,0,on_time,44019763,435517
RP-1893-1-0,LN-1893-0,SYN-11893,3,2026-09-26,20695.42,2069542,20695.42,2069542,2026-09-26,TX-168107,0,on_time,42385738,419350
RP-1893-2-0,LN-1893-0,SYN-11893,4,2026-10-26,20695.42,2069542,20695.42,2069542,2026-10-26,TX-168118,0,on_time,40735546,403024
RP-1894-0-0,LN-1894-0,SYN-11894,2,2026-08-26,44647.46,4464746,44647.46,4464746,2026-08-26,TX-168130,0,on_time,48596432,745441
RP-1894-1-0,LN-1894-0,SYN-11894,3,2026-09-26,44647.46,4464746,44647.46,4464746,2026-09-26,TX-168141,0,on_time,44877127,688389
RP-1894-2-0,LN-1894-0,SYN-11894,4,2026-10-26,44647.46,4464746,44647.46,4464746,2026-10-26,TX-168150,0,on_time,41100770,630462
RP-1895-0-0,LN-1895-0,SYN-11895,2,2026-08-21,12152.38,1215238,12152.38,1215238,2026-08-21,TX-168162,0,on_time,13749618,126081
RP-1895-1-0,LN-1895-0,SYN-11895,3,2026-09-21,12152.38,1215238,12152.38,1215238,2026-09-21,TX-168173,0,on_time,12660461,116093
RP-1895-2-0,LN-1895-0,SYN-11895,4,2026-10-21,12152.38,1215238,12152.38,1215238,2026-10-21,TX-168184,0,on_time,11561316,106014
RP-1896-0-0,LN-1896-0,SYN-11896,2,2026-08-26,8640.95,864095,8640.95,864095,2026-08-26,TX-168198,0,on_time,25320911,293157
RP-1896-1-0,LN-1896-0,SYN-11896,3,2026-09-26,8640.95,864095,8640.95,864095,2026-09-26,TX-168211,0,on_time,24749973,286547
RP-1896-2-0,LN-1896-0,SYN-11896,4,2026-10-26,8640.95,864095,8640.95,864095,2026-10-26,TX-168221,0,on_time,24172425,279860
RP-1897-0-0,LN-1897-0,SYN-11897,2,2026-08-26,14361.1,1436110,14361.1,1436110,2026-08-26,TX-168233,0,on_time,29475215,380623
RP-1897-1-0,LN-1897-0,SYN-11897,3,2026-09-26,14361.1,1436110,14361.1,1436110,2026-10-02,TX-168250,6,late,28419728,366993
RP-1897-2-0,LN-1897-0,SYN-11897,4,2026-10-26,14361.1,1436110,14361.1,1436110,2026-11-01,TX-168259,6,late,27350611,353188
RP-1898-0-0,LN-1898-0,SYN-11898,2,2026-08-28,10100.2,1010020,10100.2,1010020,2026-08-28,TX-168272,0,on_time,20667211,272227
RP-1898-1-0,LN-1898-0,SYN-11898,3,2026-09-28,10100.2,1010020,10100.2,1010020,2026-09-28,TX-168283,0,on_time,19929418,262509
RP-1898-2-0,LN-1898-0,SYN-11898,4,2026-10-28,10100.2,1010020,6778.07,677807,2026-11-03,TX-168295;TX-168297,6,partial,19181907,252662
RP-1899-0-0,LN-1899-0,SYN-11899,2,2026-08-25,14419.13,1441913,14419.13,1441913,2026-08-31,TX-168308,6,late,30287320,331659
RP-1899-1-0,LN-1899-0,SYN-11899,3,2026-09-25,14419.13,1441913,14419.13,1441913,2026-10-01,TX-168319,6,late,29177066,319501
RP-1899-2-0,LN-1899-0,SYN-11899,4,2026-10-25,14419.13,1441913,14419.13,1441913,2026-11-03,TX-168329,9,late,28054654,307210
RP-1901-0-0,LN-1901-0,SYN-11901,2,2026-08-27,8186.97,818697,8186.97,818697,2026-08-27,TX-168371,0,on_time,24184361,268616
RP-1901-0-1,LN-1901-1,SYN-11901,2,2026-08-27,18002.8,1800280,18002.8,1800280,2026-08-27,TX-168372,0,on_time,35379787,588976
RP-1901-1-0,LN-1901-0,SYN-11901,3,2026-09-27,8186.97,818697,8186.97,818697,2026-09-27,TX-168383,0,on_time,23634280,262506
RP-1901-1-1,LN-1901-1,SYN-11901,3,2026-09-27,18002.8,1800280,18002.8,1800280,2026-10-03,TX-168384;TX-168385;TX-168388,6,late,34168483,568811
RP-1901-2-0,LN-1901-0,SYN-11901,4,2026-10-27,8186.97,818697,8186.97,818697,2026-11-02,TX-168395;TX-168397,6,late,23078089,256328
RP-1901-2-1,LN-1901-1,SYN-11901,4,2026-10-27,18002.8,1800280,18002.8,1800280,2026-11-02,TX-168398,6,late,32937014,548311
RP-1902-0-0,LN-1902-0,SYN-11902,2,2026-08-22,3425.63,342563,3425.63,342563,2026-08-22,TX-168407,0,on_time,9326246,148818
RP-1902-1-0,LN-1902-0,SYN-11902,3,2026-09-22,3425.63,342563,3425.63,342563,2026-09-22,TX-168418,0,on_time,9132501,145727
RP-1902-2-0,LN-1902-0,SYN-11902,4,2026-10-22,3425.63,342563,3425.63,342563,2026-10-22,TX-168427,0,on_time,8935665,142586
RP-1903-0-0,LN-1903-0,SYN-11903,2,2026-08-21,16089.44,1608944,16089.44,1608944,2026-08-21,TX-168440,0,on_time,32733054,447297
RP-1903-1-0,LN-1903-0,SYN-11903,3,2026-09-21,16089.44,1608944,16089.44,1608944,2026-09-21,TX-168451,0,on_time,31571407,431423
RP-1903-2-0,LN-1903-0,SYN-11903,4,2026-10-21,16089.44,1608944,16089.44,1608944,2026-10-21,TX-168462,0,on_time,30393886,415332
RP-1904-0-0,LN-1904-0,SYN-11904,2,2026-08-27,53882.37,5388237,53882.37,5388237,2026-08-27,TX-168477,0,on_time,58532718,916398
RP-1904-1-0,LN-1904-0,SYN-11904,3,2026-09-27,53882.37,5388237,53882.37,5388237,2026-09-27,TX-168487,0,on_time,54060879,846386
RP-1904-2-0,LN-1904-0,SYN-11904,4,2026-10-27,53882.37,5388237,53882.37,5388237,2026-10-27,TX-168497,0,on_time,49519028,775278
RP-1905-0-0,LN-1905-0,SYN-11905,2,2026-08-24,9553.94,955394,9553.94,955394,2026-08-24,TX-168507,0,on_time,19520273,259610
RP-1905-1-0,LN-1905-0,SYN-11905,3,2026-09-24,9553.94,955394,9553.94,955394,2026-09-30,TX-168517;TX-168523,6,late,18824489,250356
RP-1905-2-0,LN-1905-0,SYN-11905,4,2026-10-24,9553.94,955394,9553.94,955394,2026-10-30,TX-168534,6,late,18119451,240980
RP-1906-0-0,LN-1906-0,SYN-11906,2,2026-08-23,18987.75,1898775,18987.75,1898775,2026-08-23,TX-168546,0,on_time,37342066,619334
RP-1906-1-0,LN-1906-0,SYN-11906,3,2026-09-23,18987.75,1898775,18987.75,1898775,2026-09-23,TX-168557,0,on_time,36062625,598114
RP-1906-2-0,LN-1906-0,SYN-11906,4,2026-10-23,18987.75,1898775,18987.75,1898775,2026-11-01,TX-168568;TX-168571,9,late,34761964,576542
RP-1907-0-0,LN-1907-0,SYN-11907,2,2026-08-28,13728.82,1372882,13728.82,1372882,2026-08-28,TX-168584,0,on_time,29197998,289179
RP-1907-1-0,LN-1907-0,SYN-11907,3,2026-09-28,13728.82,1372882,13728.82,1372882,2026-09-28,TX-168596,0,on_time,28114295,278446
RP-1907-2-0,LN-1907-0,SYN-11907,4,2026-10-28,13728.82,1372882,13728.82,1372882,2026-10-28,TX-168606,0,on_time,27019859,267607
RP-1908-0-0,LN-1908-0,SYN-11908,2,2026-08-24,34983.24,3498324,34983.24,3498324,2026-08-24,TX-168616,0,on_time,75741261,637041
RP-1908-1-0,LN-1908-0,SYN-11908,3,2026-09-24,34983.24,3498324,34983.24,3498324,2026-09-24,TX-168627,0,on_time,72879978,612975
RP-1908-2-0,LN-1908-0,SYN-11908,4,2026-10-24,34983.24,3498324,34983.24,3498324,2026-10-24,TX-168636,0,on_time,69994629,588707
RP-1909-0-0,LN-1909-0,SYN-11909,2,2026-08-23,13252.15,1325215,13252.15,1325215,2026-08-23,TX-168650,0,on_time,27665752,317301
RP-1909-1-0,LN-1909-0,SYN-11909,3,2026-09-23,13252.15,1325215,13252.15,1325215,2026-09-23,TX-168660,0,on_time,26657838,305741
RP-1909-2-0,LN-1909-0,SYN-11909,4,2026-10-23,13252.15,1325215,13252.15,1325215,2026-11-01,TX-168672,9,late,25638364,294049
RP-1911-0-0,LN-1911-0,SYN-11911,2,2026-08-23,32585.83,3258583,32585.83,3258583,2026-09-01,TX-168714;TX-168717,9,late,68896584,716375
RP-1911-0-1,LN-1911-1,SYN-11911,2,2026-08-23,55289.91,5528991,55289.91,5528991,2026-09-01,TX-168718,9,late,62124155,637865
RP-1911-1-0,LN-1911-0,SYN-11911,3,2026-09-23,32585.83,3258583,32585.83,3258583,2026-10-02,TX-168731,9,late,66354376,689942
RP-1911-1-1,LN-1911-1,SYN-11911,3,2026-09-23,55289.91,5528991,55289.91,5528991,2026-11-01,TX-168732;TX-168741,39,late,57233029,587645
RP-1911-2-0,LN-1911-0,SYN-11911,4,2026-10-23,32585.83,3258583,32585.83,3258583,2026-11-01,TX-168742,9,late,63785735,663233
RP-1911-2-1,LN-1911-1,SYN-11911,4,2026-10-23,55289.91,5528991,32534.92,3253492,2026-11-01,TX-168743,9,partial,53592188,550262
RP-1912-0-0,LN-1912-0,SYN-11912,2,2026-08-26,6409.84,640984,6409.84,640984,2026-09-07,TX-168759,12,late,13199645,166709
RP-1912-1-0,LN-1912-0,SYN-11912,3,2026-09-26,6409.84,640984,6409.84,640984,2026-10-08,TX-168770,12,late,12725370,160719
RP-1912-2-0,LN-1912-0,SYN-11912,4,2026-10-26,6409.84,640984,2721.64,272164,2026-10-26,TX-168777,0,partial,12245105,154654
RP-1913-0-0,LN-1913-0,SYN-11913,2,2026-08-27,73770.26,7377026,73770.26,7377026,2026-08-27,TX-168793,0,on_time,80332219,1226285
RP-1913-1-0,LN-1913-0,SYN-11913,3,2026-09-27,73770.26,7377026,73770.26,7377026,2026-09-27,TX-168804,0,on_time,74181478,1132393
RP-1913-2-0,LN-1913-0,SYN-11913,4,2026-10-27,73770.26,7377026,73770.26,7377026,2026-10-27,TX-168815,0,on_time,67936845,1037067
RP-1914-0-0,LN-1914-0,SYN-11914,2,2026-08-28,20534.16,2053416,20534.16,2053416,2026-08-28,TX-168828,0,on_time,41973144,556644
RP-1914-1-0,LN-1914-0,SYN-11914,3,2026-09-28,20534.16,2053416,20534.16,2053416,2026-09-28,TX-168841,0,on_time,40476372,536794
RP-1914-2-0,LN-1914-0,SYN-11914,4,2026-10-28,20534.16,2053416,20534.16,2053416,2026-10-28,TX-168850,0,on_time,38959750,516681
RP-1915-0-0,LN-1915-0,SYN-11915,2,2026-08-23,52680.38,5268038,52680.38,5268038,2026-08-23,TX-168863,0,on_time,59472813,566117
RP-1915-1-0,LN-1915-0,SYN-11915,3,2026-09-23,52680.38,5268038,52680.38,5268038,2026-09-23,TX-168874,0,on_time,54770892,521360
RP-1915-2-0,LN-1915-0,SYN-11915,4,2026-10-23,52680.38,5268038,52680.38,5268038,2026-10-23,TX-168885,0,on_time,50024214,476176
RP-1916-0-0,LN-1916-0,SYN-11916,2,2026-08-23,7010.34,701034,7010.34,701034,2026-08-23,TX-168900,0,on_time,14516248,176518
RP-1916-1-0,LN-1916-0,SYN-11916,3,2026-09-23,7010.34,701034,7010.34,701034,2026-09-23,TX-168916,0,on_time,13991732,170139
RP-1916-2-0,LN-1916-0,SYN-11916,4,2026-10-23,7010.34,701034,7010.34,701034,2026-10-23,TX-168926,0,on_time,13460837,163684
RP-1917-0-0,LN-1917-0,SYN-11917,2,2026-08-27,37239.64,3723964,37239.64,3723964,2026-08-27,TX-168940,0,on_time,79642720,751555
RP-1917-1-0,LN-1917-0,SYN-11917,3,2026-09-27,37239.64,3723964,37239.64,3723964,2026-10-03,TX-168954,6,late,76670311,723506
RP-1917-2-0,LN-1917-0,SYN-11917,4,2026-10-27,37239.64,3723964,37239.64,3723964,2026-11-02,TX-168960;TX-168963,6,late,73669853,695192
RP-1918-0-0,LN-1918-0,SYN-11918,2,2026-08-24,12217.41,1221741,12217.41,1221741,2026-09-02,TX-168974,9,late,13553939,166571
RP-1918-1-0,LN-1918-0,SYN-11918,3,2026-09-24,12217.41,1221741,12217.41,1221741,2026-10-06,TX-168983;TX-168986,12,late,12498769,153604
RP-1918-2-0,LN-1918-0,SYN-11918,4,2026-10-24,12217.41,1221741,12217.41,1221741,2026-11-05,TX-168993;TX-168997,12,late,11430632,140477
RP-1919-0-0,LN-1919-0,SYN-11919,2,2026-08-22,38495.44,3849544,38495.44,3849544,2026-09-03,TX-169006;TX-169011,12,late,41778365,660432
RP-1919-1-0,LN-1919-0,SYN-11919,3,2026-09-22,38495.44,3849544,38495.44,3849544,2026-10-01,TX-169019;TX-169023,9,late,38589253,610019
RP-1919-2-0,LN-1919-0,SYN-11919,4,2026-10-22,38495.44,3849544,38495.44,3849544,2026-11-03,TX-169030;TX-169036,12,late,35349728,558809
RP-1921-0-0,LN-1921-0,SYN-11921,2,2026-08-27,32395.92,3239592,32395.92,3239592,2026-08-27,TX-169073,0,on_time,68676150,698831
RP-1921-0-1,LN-1921-1,SYN-11921,2,2026-08-27,22230.82,2223082,22230.82,2223082,2026-08-27,TX-169074,0,on_time,66019989,712807
RP-1921-1-0,LN-1921-0,SYN-11921,3,2026-09-27,32395.92,3239592,32395.92,3239592,2026-09-27,TX-169084,0,on_time,66135389,672977
RP-1921-1-1,LN-1921-1,SYN-11921,3,2026-09-27,22230.82,2223082,22230.82,2223082,2026-09-27,TX-169085,0,on_time,64509714,696501
RP-1921-2-0,LN-1921-0,SYN-11921,4,2026-10-27,32395.92,3239592,32395.92,3239592,2026-11-02,TX-169096,6,late,63568774,646860
RP-1921-2-1,LN-1921-1,SYN-11921,4,2026-10-27,22230.82,2223082,22230.82,2223082,2026-11-02,TX-169097,6,late,62983133,680018
RP-1922-0-0,LN-1922-0,SYN-11922,2,2026-08-22,26693.53,2669353,26693.53,2669353,2026-08-22,TX-169108,0,on_time,53053797,831410
RP-1922-1-0,LN-1922-0,SYN-11922,3,2026-09-22,26693.53,2669353,26693.53,2669353,2026-09-22,TX-169122,0,on_time,51215854,802608
RP-1922-2-0,LN-1922-0,SYN-11922,4,2026-10-22,26693.53,2669353,26693.53,2669353,2026-10-22,TX-169133,0,on_time,49349109,773354
RP-1923-0-0,LN-1923-0,SYN-11923,2,2026-08-22,18150.51,1815051,18150.51,1815051,2026-08-22,TX-169146,0,on_time,39079667,346790
RP-1923-1-0,LN-1923-0,SYN-11923,3,2026-09-22,18150.51,1815051,18150.51,1815051,2026-09-22,TX-169158,0,on_time,37611406,333760
RP-1923-2-0,LN-1923-0,SYN-11923,4,2026-10-22,18150.51,1815051,18150.51,1815051,2026-10-22,TX-169167,0,on_time,36130115,320616
RP-1924-0-0,LN-1924-0,SYN-11924,2,2026-08-21,4569.47,456947,4569.47,456947,2026-08-24,TX-169181,3,late,14054273,123237
RP-1924-1-0,LN-1924-0,SYN-11924,3,2026-09-21,4569.47,456947,4569.47,456947,2026-09-21,TX-169190,0,on_time,13720563,120311
RP-1924-2-0,LN-1924-0,SYN-11924,4,2026-10-21,4569.47,456947,4569.47,456947,2026-10-21,TX-169200,0,on_time,13383927,117359
RP-1925-0-0,LN-1925-0,SYN-11925,2,2026-08-21,13138.58,1313858,13138.58,1313858,2026-08-21,TX-169215,0,on_time,36247866,549379
RP-1925-1-0,LN-1925-0,SYN-11925,3,2026-09-21,13138.58,1313858,13138.58,1313858,2026-09-21,TX-169226,0,on_time,35483387,537792
RP-1925-2-0,LN-1925-0,SYN-11925,4,2026-10-21,13138.58,1313858,13138.58,1313858,2026-10-21,TX-169237,0,on_time,34707321,526030
RP-1926-0-0,LN-1926-0,SYN-11926,2,2026-08-21,22442.88,2244288,22442.88,2244288,2026-08-30,TX-169252,9,late,64232498,832871
RP-1926-1-0,LN-1926-0,SYN-11926,3,2026-09-21,22442.88,2244288,22442.88,2244288,2026-09-30,TX-169264,9,late,62821081,814570
RP-1926-2-0,LN-1926-0,SYN-11926,4,2026-10-21,22442.88,2244288,22442.88,2244288,2026-10-30,TX-169275,9,late,61391363,796031
RP-1927-0-0,LN-1927-0,SYN-11927,2,2026-08-24,14909.85,1490985,14909.85,1490985,2026-08-24,TX-169285,0,on_time,31193528,352079
RP-1927-1-0,LN-1927-0,SYN-11927,3,2026-09-24,14909.85,1490985,14909.85,1490985,2026-10-06,TX-169297;TX-169303,12,late,30054622,339224
RP-1927-2-0,LN-1927-0,SYN-11927,4,2026-10-24,14909.85,1490985,14909.85,1490985,2026-10-24,TX-169308,0,on_time,28902861,326224
RP-1928-0-0,LN-1928-0,SYN-11928,2,2026-08-28,46952.58,4695258,46952.58,4695258,2026-08-31,TX-169322,3,late,52736178,544655
RP-1928-1-0,LN-1928-0,SYN-11928,3,2026-09-28,46952.58,4695258,46952.58,4695258,2026-09-28,TX-169331,0,on_time,48585575,501788
RP-1928-2-0,LN-1928-0,SYN-11928,4,2026-10-28,46952.58,4695258,46952.58,4695258,2026-10-28,TX-169340,0,on_time,44392105,458478
RP-1929-0-0,LN-1929-0,SYN-11929,2,2026-08-26,15475.33,1547533,15475.33,1547533,2026-08-26,TX-169354,0,on_time,32254266,374381
RP-1929-1-0,LN-1929-0,SYN-11929,3,2026-09-26,15475.33,1547533,15475.33,1547533,2026-09-26,TX-169365,0,on_time,31081114,360764
RP-1929-2-0,LN-1929-0,SYN-11929,4,2026-10-26,15475.33,1547533,15475.33,1547533,2026-10-26,TX-169376,0,on_time,29894345,346989
RP-1931-0-0,LN-1931-0,SYN-11931,2,2026-08-20,18570.11,1857011,18570.11,1857011,2026-08-20,TX-169415,0,on_time,39099691,420279
RP-1931-0-1,LN-1931-1,SYN-11931,2,2026-08-20,15221.5,1522150,15221.5,1522150,2026-08-20,TX-169416,0,on_time,42198961,627259
RP-1931-1-0,LN-1931-0,SYN-11931,3,2026-09-20,18570.11,1857011,18570.11,1857011,2026-09-20,TX-169427,0,on_time,37662959,404836
RP-1931-1-1,LN-1931-1,SYN-11931,3,2026-09-20,15221.5,1522150,15221.5,1522150,2026-09-20,TX-169428,0,on_time,41304070,613957
RP-1931-2-0,LN-1931-0,SYN-11931,4,2026-10-20,18570.11,1857011,18570.11,1857011,2026-10-20,TX-169439,0,on_time,36210784,389227
RP-1931-2-1,LN-1931-1,SYN-11931,4,2026-10-20,15221.5,1522150,15221.5,1522150,2026-11-01,TX-169440;TX-169446,12,late,40395877,600458
RP-1932-0-0,LN-1932-0,SYN-11932,2,2026-08-23,18481.07,1848107,18481.07,1848107,2026-08-23,TX-169458,0,on_time,38286864,464018
RP-1932-1-0,LN-1932-0,SYN-11932,3,2026-09-23,18481.07,1848107,18481.07,1848107,2026-09-23,TX-169472,0,on_time,36902775,447243
RP-1932-2-0,LN-1932-0,SYN-11932,4,2026-10-23,18481.07,1848107,18481.07,1848107,2026-10-23,TX-169483,0,on_time,35501911,430265
RP-1933-0-0,LN-1933-0,SYN-11933,2,2026-08-20,30806.52,3080652,30806.52,3080652,2026-08-20,TX-169496,0,on_time,34026948,441990
RP-1933-1-0,LN-1933-0,SYN-11933,3,2026-09-20,30806.52,3080652,30806.52,3080652,2026-10-05,TX-169510;TX-169518,15,late,31388286,407716
RP-1933-2-0,LN-1933-0,SYN-11933,4,2026-10-20,30806.52,3080652,25314.17,2531417,2026-10-20,TX-169523,0,partial,28715350,372996
RP-1934-0-0,LN-1934-0,SYN-11934,2,2026-08-25,16025.26,1602526,16025.26,1602526,2026-08-28,TX-169542,3,late,32701138,438416
RP-1934-1-0,LN-1934-0,SYN-11934,3,2026-09-25,16025.26,1602526,16025.26,1602526,2026-09-28,TX-169556,3,late,31537028,422809
RP-1934-2-0,LN-1934-0,SYN-11934,4,2026-10-25,16025.26,1602526,16025.26,1602526,2026-10-28,TX-169569,3,late,30357311,406993
RP-1935-0-0,LN-1935-0,SYN-11935,2,2026-08-24,13842.93,1384293,13842.93,1384293,2026-08-30,TX-169578;TX-169581,6,late,29015189,322941
RP-1935-1-0,LN-1935-0,SYN-11935,3,2026-09-24,13842.93,1384293,13842.93,1384293,2026-09-30,TX-169593,6,late,27953837,311129
RP-1935-2-0,LN-1935-0,SYN-11935,4,2026-10-24,13842.93,1384293,13842.93,1384293,2026-10-30,TX-169603,6,late,26880673,299184
RP-1936-0-0,LN-1936-0,SYN-11936,2,2026-08-22,29808.12,2980812,29808.12,2980812,2026-08-22,TX-169612,0,on_time,62836435,669109
RP-1936-1-0,LN-1936-0,SYN-11936,3,2026-09-22,29808.12,2980812,29808.12,2980812,2026-09-22,TX-169624,0,on_time,60524732,644493
RP-1936-2-0,LN-1936-0,SYN-11936,4,2026-10-22,29808.12,2980812,29808.12,2980812,2026-10-22,TX-169633,0,on_time,58188413,619614
RP-1937-0-0,LN-1937-0,SYN-11937,2,2026-08-22,34517.07,3451707,34517.07,3451707,2026-08-22,TX-169647,0,on_time,37646027,565249
RP-1937-1-0,LN-1937-0,SYN-11937,3,2026-09-22,34517.07,3451707,34517.07,3451707,2026-09-22,TX-169656,0,on_time,34759569,521909
RP-1937-2-0,LN-1937-0,SYN-11937,4,2026-10-22,34517.07,3451707,34517.07,3451707,2026-10-22,TX-169665,0,on_time,31829771,477919
RP-1938-0-0,LN-1938-0,SYN-11938,2,2026-08-28,21393.32,2139332,21393.32,2139332,2026-08-28,TX-169681,0,on_time,45532660,448098
RP-1938-1-0,LN-1938-0,SYN-11938,3,2026-09-28,21393.32,2139332,21393.32,2139332,2026-09-28,TX-169692,0,on_time,43841426,431454
RP-1938-2-0,LN-1938-0,SYN-11938,4,2026-10-28,21393.32,2139332,21393.32,2139332,2026-10-28,TX-169703,0,on_time,42133548,414647
RP-1939-0-0,LN-1939-0,SYN-11939,2,2026-08-23,21457.17,2145717,21457.17,2145717,2026-08-26,TX-169716,3,late,58596185,924169
RP-1939-1-0,LN-1939-0,SYN-11939,3,2026-09-23,21457.17,2145717,21457.17,2145717,2026-09-23,TX-169728,0,on_time,57374637,904903
RP-1939-2-0,LN-1939-0,SYN-11939,4,2026-10-23,21457.17,2145717,21457.17,2145717,2026-11-01,TX-169739;TX-169743,9,late,56133823,885333
RP-1941-0-0,LN-1941-0,SYN-11941,2,2026-08-23,21315.56,2131556,21315.56,2131556,2026-08-23,TX-169779,0,on_time,45063846,468893
RP-1941-0-1,LN-1941-1,SYN-11941,2,2026-08-23,33112.95,3311295,33112.95,3311295,2026-08-23,TX-169780,0,on_time,66230848,1001703
RP-1941-1-0,LN-1941-0,SYN-11941,3,2026-09-23,21315.56,2131556,21315.56,2131556,2026-09-23,TX-169790,0,on_time,43401183,451593
RP-1941-1-1,LN-1941-1,SYN-11941,3,2026-09-23,33112.95,3311295,33112.95,3311295,2026-09-23,TX-169791,0,on_time,63921256,966772
RP-1941-2-0,LN-1941-0,SYN-11941,4,2026-10-23,21315.56,2131556,21315.56,2131556,2026-10-23,TX-169801,0,on_time,41721220,434113
RP-1941-2-1,LN-1941-1,SYN-11941,4,2026-10-23,33112.95,3311295,33112.95,3311295,2026-10-23,TX-169802,0,on_time,61576733,931312
RP-1942-0-0,LN-1942-0,SYN-11942,2,2026-08-25,19445.68,1944568,19445.68,1944568,2026-08-25,TX-169816,0,on_time,21643834,254690
RP-1942-1-0,LN-1942-0,SYN-11942,3,2026-09-25,19445.68,1944568,19445.68,1944568,2026-09-25,TX-169828,0,on_time,19953956,234805
RP-1942-2-0,LN-1942-0,SYN-11942,4,2026-10-25,19445.68,1944568,19445.68,1944568,2026-10-25,TX-169838,0,on_time,18244193,214686
RP-1943-0-0,LN-1943-0,SYN-11943,2,2026-08-27,23809.11,2380911,23809.11,2380911,2026-08-27,TX-169852,0,on_time,49165065,609409
RP-1943-1-0,LN-1943-0,SYN-11943,3,2026-09-27,23809.11,2380911,23809.11,2380911,2026-10-03,TX-169864;TX-169867,6,late,47393563,587451
RP-1943-2-0,LN-1943-0,SYN-11943,4,2026-10-27,23809.11,2380911,23809.11,2380911,2026-11-02,TX-169875;TX-169877,6,late,45600103,565221
RP-1944-0-0,LN-1944-0,SYN-11944,2,2026-08-23,17969.61,1796961,17969.61,1796961,2026-08-23,TX-169886,0,on_time,20432124,171437
RP-1944-1-0,LN-1944-0,SYN-11944,3,2026-09-23,17969.61,1796961,17969.61,1796961,2026-09-23,TX-169902,0,on_time,18806600,157798
RP-1944-2-0,LN-1944-0,SYN-11944,4,2026-10-23,17969.61,1796961,17969.61,1796961,2026-10-23,TX-169911,0,on_time,17167437,144045
RP-1945-0-0,LN-1945-0,SYN-11945,2,2026-08-26,32814.37,3281437,32814.37,3281437,2026-08-29,TX-169927,3,late,35865671,526197
RP-1945-1-0,LN-1945-0,SYN-11945,3,2026-09-26,32814.37,3281437,32814.37,3281437,2026-09-29,TX-169939,3,late,33110431,485774
RP-1945-2-0,LN-1945-0,SYN-11945,4,2026-10-26,32814.37,3281437,32814.37,3281437,2026-10-29,TX-169951,3,late,30314768,444758
RP-1946-0-0,LN-1946-0,SYN-11946,2,2026-08-28,10962.1,1096210,10962.1,1096210,2026-08-28,TX-169965,0,on_time,22143546,316097
RP-1946-1-0,LN-1946-0,SYN-11946,3,2026-09-28,10962.1,1096210,10962.1,1096210,2026-09-28,TX-169976,0,on_time,21363433,304961
RP-1946-2-0,LN-1946-0,SYN-11946,4,2026-10-28,10962.1,1096210,10962.1,1096210,2026-10-28,TX-169987,0,on_time,20572184,293666
RP-1947-0-0,LN-1947-0,SYN-11947,2,2026-08-25,12873.02,1287302,12873.02,1287302,2026-08-25,TX-169999,0,on_time,25716260,391674
RP-1947-1-0,LN-1947-0,SYN-11947,3,2026-09-25,12873.02,1287302,12873.02,1287302,2026-09-25,TX-170010,0,on_time,24820632,378033
RP-1947-2-0,LN-1947-0,SYN-11947,4,2026-10-25,12873.02,1287302,12873.02,1287302,2026-10-25,TX-170019,0,on_time,23911363,364184
RP-1948-0-0,LN-1948-0,SYN-11948,2,2026-08-27,21909.93,2190993,21909.93,2190993,2026-08-30,TX-170033,3,late,61553445,866052
RP-1948-1-0,LN-1948-0,SYN-11948,3,2026-09-27,21909.93,2190993,21909.93,2190993,2026-09-30,TX-170047,3,late,60228504,847410
RP-1948-2-0,LN-1948-0,SYN-11948,4,2026-10-27,21909.93,2190993,21909.93,2190993,2026-10-30,TX-170059,3,late,58884921,828506
RP-1949-0-0,LN-1949-0,SYN-11949,2,2026-08-27,8725.26,872526,8725.26,872526,2026-08-30,TX-170073,3,late,18220933,208493
RP-1949-1-0,LN-1949-0,SYN-11949,3,2026-09-27,8725.26,872526,8725.26,872526,2026-09-30,TX-170085,3,late,17556900,200895
RP-1949-2-0,LN-1949-0,SYN-11949,4,2026-10-27,8725.26,872526,8725.26,872526,2026-10-30,TX-170096,3,late,16885269,193210
RP-1951-0-0,LN-1951-0,SYN-11951,2,2026-08-23,7248.74,724874,7248.74,724874,2026-09-01,TX-170138;TX-170143,9,late,20052149,300684
RP-1951-0-1,LN-1951-1,SYN-11951,2,2026-08-23,7140.71,714071,7140.71,714071,2026-09-01,TX-170139;TX-170144,9,late,14178293,223397
RP-1951-1-0,LN-1951-0,SYN-11951,3,2026-09-23,7248.74,724874,7248.74,724874,2026-10-02,TX-170151;TX-170156,9,late,19627959,294323
RP-1951-1-1,LN-1951-1,SYN-11951,3,2026-09-23,7140.71,714071,7140.71,714071,2026-10-02,TX-170152;TX-170157,9,late,13687619,215666
RP-1951-2-0,LN-1951-0,SYN-11951,4,2026-10-23,7248.74,724874,7248.74,724874,2026-10-23,TX-170164,0,on_time,19197408,287867
RP-1951-2-1,LN-1951-1,SYN-11951,4,2026-10-23,7140.71,714071,7140.71,714071,2026-11-01,TX-170165;TX-170169,9,late,13189214,207813
RP-1952-0-0,LN-1952-0,SYN-11952,2,2026-08-24,34877.14,3487714,34877.14,3487714,2026-08-24,TX-170180,0,on_time,71782412,909944
RP-1952-1-0,LN-1952-0,SYN-11952,3,2026-09-24,34877.14,3487714,34877.14,3487714,2026-09-24,TX-170193,0,on_time,69204642,877267
RP-1952-2-0,LN-1952-0,SYN-11952,4,2026-10-24,34877.14,3487714,34877.14,3487714,2026-10-24,TX-170203,0,on_time,66594195,844176
RP-1953-0-0,LN-1953-0,SYN-11953,2,2026-08-20,27451.2,2745120,27451.2,2745120,2026-08-20,TX-170215,0,on_time,30594764,353581
RP-1953-1-0,LN-1953-0,SYN-11953,3,2026-09-20,27451.2,2745120,27451.2,2745120,2026-09-20,TX-170229,0,on_time,28203225,325942
RP-1953-2-0,LN-1953-0,SYN-11953,4,2026-10-20,27451.2,2745120,27451.2,2745120,2026-10-20,TX-170240,0,on_time,25784047,297984
RP-1954-0-0,LN-1954-0,SYN-11954,2,2026-08-23,20183.53,2018353,20183.53,2018353,2026-08-23,TX-170255,0,on_time,21908941,345668
RP-1954-1-0,LN-1954-0,SYN-11954,3,2026-09-23,20183.53,2018353,20183.53,2018353,2026-10-02,TX-170265;TX-170269,9,late,20236256,319278
RP-1954-2-0,LN-1954-0,SYN-11954,4,2026-10-23,20183.53,2018353,20183.53,2018353,2026-11-01,TX-170276;TX-170279,9,late,18537181,292470
RP-1955-0-0,LN-1955-0,SYN-11955,2,2026-08-24,8053.95,805395,8053.95,805395,2026-08-24,TX-170290,0,on_time,21843506,353586
RP-1955-1-0,LN-1955-0,SYN-11955,3,2026-09-24,8053.95,805395,8053.95,805395,2026-09-24,TX-170301,0,on_time,21391697,346273
RP-1955-2-0,LN-1955-0,SYN-11955,4,2026-10-24,8053.95,805395,8053.95,805395,2026-10-24,TX-170312,0,on_time,20932575,338841
RP-1956-0-0,LN-1956-0,SYN-11956,2,2026-08-22,31552.73,3155273,31552.73,3155273,2026-08-22,TX-170327,0,on_time,63697290,912665
RP-1956-1-0,LN-1956-0,SYN-11956,3,2026-09-22,31552.73,3155273,31552.73,3155273,2026-09-22,TX-170340,0,on_time,61454682,880533
RP-1956-2-0,LN-1956-0,SYN-11956,4,2026-10-22,31552.73,3155273,31552.73,3155273,2026-10-22,TX-170351,0,on_time,59179942,847940
RP-1957-0-0,LN-1957-0,SYN-11957,2,2026-08-20,7433.2,743320,7433.2,743320,2026-09-07,TX-170370,18,late,20713024,301532
RP-1957-1-0,LN-1957-0,SYN-11957,3,2026-09-20,7433.2,743320,7433.2,743320,2026-10-05,TX-170383,15,late,20271236,295100
RP-1957-2-0,LN-1957-0,SYN-11957,4,2026-10-20,7433.2,743320,0,0,,,0,missed,19823016,288575
RP-1958-0-0,LN-1958-0,SYN-11958,2,2026-08-27,14443.2,1444320,14443.2,1444320,2026-08-27,TX-170401,0,on_time,30892273,291245
RP-1958-1-0,LN-1958-0,SYN-11958,3,2026-09-27,14443.2,1444320,14443.2,1444320,2026-09-27,TX-170410,0,on_time,29739198,280374
RP-1958-2-0,LN-1958-0,SYN-11958,4,2026-10-27,14443.2,1444320,14443.2,1444320,2026-10-27,TX-170419,0,on_time,28575252,269400
RP-1959-0-0,LN-1959-0,SYN-11959,2,2026-08-23,6097.04,609704,6097.04,609704,2026-08-29,TX-170432,6,late,17741834,212692
RP-1959-1-0,LN-1959-0,SYN-11959,3,2026-09-23,6097.04,609704,6097.04,609704,2026-10-02,TX-170444,9,late,17344822,207933
RP-1959-2-0,LN-1959-0,SYN-11959,4,2026-10-23,6097.04,609704,6097.04,609704,2026-11-01,TX-170453,9,late,16943051,203116
RP-1961-0-0,LN-1961-0,SYN-11961,2,2026-08-20,12233.25,1223325,12233.25,1223325,2026-08-20,TX-170494,0,on_time,25641938,285339
RP-1961-0-1,LN-1961-1,SYN-11961,2,2026-08-20,10196.31,1019631,10196.31,1019631,2026-08-20,TX-170495,0,on_time,21658941,216712
RP-1961-1-0,LN-1961-0,SYN-11961,3,2026-09-20,12233.25,1223325,12233.25,1223325,2026-10-02,TX-170505;TX-170512,12,late,24703952,274901
RP-1961-1-1,LN-1961-1,SYN-11961,3,2026-09-20,10196.31,1019631,10196.31,1019631,2026-10-02,TX-170506;TX-170513,12,late,20856022,208678
RP-1961-2-0,LN-1961-0,SYN-11961,4,2026-10-20,12233.25,1223325,12233.25,1223325,2026-11-01,TX-170524,12,late,23755528,264348
RP-1961-2-1,LN-1961-1,SYN-11961,4,2026-10-20,10196.31,1019631,10196.31,1019631,2026-11-01,TX-170525,12,late,20045069,200564
RP-1962-0-0,LN-1962-0,SYN-11962,2,2026-08-27,5837.83,583783,5837.83,583783,2026-09-05,TX-170536;TX-170540,9,late,17651598,172144
RP-1962-1-0,LN-1962-0,SYN-11962,3,2026-09-27,5837.83,583783,5837.83,583783,2026-10-06,TX-170553,9,late,17239959,168130
RP-1962-2-0,LN-1962-0,SYN-11962,4,2026-10-27,5837.83,583783,5837.83,583783,2026-11-05,TX-170560;TX-170561;TX-170564,9,late,16824306,164076
RP-1963-0-0,LN-1963-0,SYN-11963,2,2026-08-23,23867.81,2386781,23867.81,2386781,2026-08-23,TX-170573,0,on_time,51252190,466271
RP-1963-1-0,LN-1963-0,SYN-11963,3,2026-09-23,23867.81,2386781,23867.81,2386781,2026-10-02,TX-170584;TX-170588,9,late,49331680,448799
RP-1963-2-0,LN-1963-0,SYN-11963,4,2026-10-23,23867.81,2386781,23867.81,2386781,2026-10-23,TX-170595,0,on_time,47393698,431168
RP-1964-0-0,LN-1964-0,SYN-11964,2,2026-08-22,76412.91,7641291,76412.91,7641291,2026-08-22,TX-170608,0,on_time,86742673,750136
RP-1964-1-0,LN-1964-0,SYN-11964,3,2026-09-22,76412.91,7641291,76412.91,7641291,2026-09-22,TX-170620,0,on_time,79851518,690543
RP-1964-2-0,LN-1964-0,SYN-11964,4,2026-10-22,76412.91,7641291,76412.91,7641291,2026-10-22,TX-170630,0,on_time,72900770,630434
RP-1965-0-0,LN-1965-0,SYN-11965,2,2026-08-24,21746.06,2174606,21746.06,2174606,2026-09-02,TX-170646,9,late,44422346,591513
RP-1965-1-0,LN-1965-0,SYN-11965,3,2026-09-24,21746.06,2174606,21746.06,2174606,2026-10-03,TX-170658,9,late,42839253,570433
RP-1965-2-0,LN-1965-0,SYN-11965,4,2026-10-24,21746.06,2174606,21746.06,2174606,2026-11-02,TX-170664;TX-170668,9,late,41235080,549073
RP-1966-0-0,LN-1966-0,SYN-11966,2,2026-08-20,12023.02,1202302,12023.02,1202302,2026-08-20,TX-170677,0,on_time,36514949,346752
RP-1966-1-0,LN-1966-0,SYN-11966,3,2026-09-20,12023.02,1202302,12023.02,1202302,2026-09-20,TX-170689,0,on_time,35659399,338628
RP-1966-2-0,LN-1966-0,SYN-11966,4,2026-10-20,12023.02,1202302,12023.02,1202302,2026-10-20,TX-170699,0,on_time,34795725,330426
RP-1967-0-0,LN-1967-0,SYN-11967,2,2026-08-22,22194.34,2219434,22194.34,2219434,2026-08-28,TX-170714;TX-170718,6,late,61020901,937505
RP-1967-1-0,LN-1967-0,SYN-11967,3,2026-09-22,22194.34,2219434,22194.34,2219434,2026-09-28,TX-170732,6,late,59738972,917810
RP-1967-2-0,LN-1967-0,SYN-11967,4,2026-10-22,22194.34,2219434,22194.34,2219434,2026-10-28,TX-170740;TX-170744,6,late,58437348,897812
RP-1968-0-0,LN-1968-0,SYN-11968,2,2026-08-26,19426.94,1942694,19426.94,1942694,2026-08-29,TX-170757,3,late,41927836,363713
RP-1968-1-0,LN-1968-0,SYN-11968,3,2026-09-26,19426.94,1942694,19426.94,1942694,2026-09-26,TX-170768,0,on_time,40348855,350016
RP-1968-2-0,LN-1968-0,SYN-11968,4,2026-10-26,19426.94,1942694,19426.94,1942694,2026-10-26,TX-170779,0,on_time,38756177,336200
RP-1969-0-0,LN-1969-0,SYN-11969,2,2026-08-24,9534.48,953448,9534.48,953448,2026-08-24,TX-170790,0,on_time,29380346,254453
RP-1969-1-0,LN-1969-0,SYN-11969,3,2026-09-24,9534.48,953448,9534.48,953448,2026-09-24,TX-170800,0,on_time,28681351,248400
RP-1969-2-0,LN-1969-0,SYN-11969,4,2026-10-24,9534.48,953448,9534.48,953448,2026-10-24,TX-170810,0,on_time,27976303,242293
RP-1971-0-0,LN-1971-0,SYN-11971,2,2026-08-24,42654.34,4265434,42654.34,4265434,2026-08-24,TX-170857,0,on_time,84117265,1375002
RP-1971-0-1,LN-1971-1,SYN-11971,2,2026-08-24,20180.88,2018088,20180.88,2018088,2026-08-24,TX-170858,0,on_time,61004087,595857
RP-1971-1-0,LN-1971-0,SYN-11971,3,2026-09-24,42654.34,4265434,42654.34,4265434,2026-10-03,TX-170869;TX-170874,9,late,81226833,1327754
RP-1971-1-1,LN-1971-1,SYN-11971,3,2026-09-24,20180.88,2018088,20180.88,2018088,2026-10-03,TX-170870;TX-170875,9,late,59581856,581966
RP-1971-2-0,LN-1971-0,SYN-11971,4,2026-10-24,42654.34,4265434,42654.34,4265434,2026-11-02,TX-170884,9,late,78289153,1279734
RP-1971-2-1,LN-1971-1,SYN-11971,4,2026-10-24,20180.88,2018088,20180.88,2018088,2026-11-02,TX-170885,9,late,58145734,567938
RP-1972-0-0,LN-1972-0,SYN-11972,2,2026-08-23,12003.96,1200396,12003.96,1200396,2026-08-23,TX-170894,0,on_time,24877073,300758
RP-1972-1-0,LN-1972-0,SYN-11972,3,2026-09-23,12003.96,1200396,12003.96,1200396,2026-09-23,TX-170905,0,on_time,23977435,289881
RP-1972-2-0,LN-1972-0,SYN-11972,4,2026-10-23,12003.96,1200396,12003.96,1200396,2026-10-23,TX-170914,0,on_time,23066920,278873
RP-1973-0-0,LN-1973-0,SYN-11973,2,2026-08-27,32332.41,3233241,32332.41,3233241,2026-08-30,TX-170929,3,late,69418538,632374
RP-1973-1-0,LN-1973-0,SYN-11973,3,2026-09-27,32332.41,3233241,32332.41,3233241,2026-10-03,TX-170941,6,late,66817671,608681
RP-1973-2-0,LN-1973-0,SYN-11973,4,2026-10-27,32332.41,3233241,32332.41,3233241,2026-10-30,TX-170948;TX-170950,3,late,64193111,584772
RP-1974-0-0,LN-1974-0,SYN-11974,2,2026-08-25,8267.7,826770,8267.7,826770,2026-08-28,TX-170961,3,late,17123591,207906
RP-1974-1-0,LN-1974-0,SYN-11974,3,2026-09-25,8267.7,826770,8267.7,826770,2026-09-25,TX-170969,0,on_time,16504727,200392
RP-1974-2-0,LN-1974-0,SYN-11974,4,2026-10-25,8267.7,826770,8267.7,826770,2026-10-25,TX-170978,0,on_time,15878349,192787
RP-1975-0-0,LN-1975-0,SYN-11975,2,2026-08-25,37974.86,3797486,37974.86,3797486,2026-08-28,TX-170992,3,late,41216117,651101
RP-1975-1-0,LN-1975-0,SYN-11975,3,2026-09-25,37974.86,3797486,37974.86,3797486,2026-10-04,TX-171003,9,late,38069732,601397
RP-1975-2-0,LN-1975-0,SYN-11975,4,2026-10-25,37974.86,3797486,37974.86,3797486,2026-11-03,TX-171014,9,late,34873643,550908
RP-1976-0-0,LN-1976-0,SYN-11976,2,2026-08-22,9947.49,994749,9947.49,994749,2026-08-22,TX-171025,0,on_time,27715574,403689
RP-1976-1-0,LN-1976-0,SYN-11976,3,2026-09-22,9947.49,994749,9947.49,994749,2026-09-22,TX-171035,0,on_time,27124514,395080
RP-1976-2-0,LN-1976-0,SYN-11976,4,2026-10-22,9947.49,994749,9947.49,994749,2026-10-22,TX-171045,0,on_time,26524845,386345
RP-1977-0-0,LN-1977-0,SYN-11977,2,2026-08-20,55483.22,5548322,55483.22,5548322,2026-08-26,TX-171060,6,late,60810774,865155
RP-1977-1-0,LN-1977-0,SYN-11977,3,2026-09-20,55483.22,5548322,55483.22,5548322,2026-09-23,TX-171070,3,late,56127607,798527
RP-1977-2-0,LN-1977-0,SYN-11977,4,2026-10-20,55483.22,5548322,55483.22,5548322,2026-10-26,TX-171082,6,late,51377812,730952
RP-1978-0-0,LN-1978-0,SYN-11978,2,2026-08-23,15540.54,1554054,15540.54,1554054,2026-08-23,TX-171094,0,on_time,31019328,474666
RP-1978-1-0,LN-1978-0,SYN-11978,3,2026-09-23,15540.54,1554054,15540.54,1554054,2026-09-23,TX-171104,0,on_time,29939940,458148
RP-1978-2-0,LN-1978-0,SYN-11978,4,2026-10-23,15540.54,1554054,15540.54,1554054,2026-10-26,TX-171116,3,late,28844034,441379
RP-1979-0-0,LN-1979-0,SYN-11979,2,2026-08-22,4151.35,415135,4151.35,415135,2026-09-03,TX-171136,12,late,8890622,82865
RP-1979-1-0,LN-1979-0,SYN-11979,3,2026-09-22,4151.35,415135,4151.35,415135,2026-10-01,TX-171146,9,late,8558352,79768
RP-1979-2-0,LN-1979-0,SYN-11979,4,2026-10-22,4151.35,415135,4151.35,415135,2026-11-03,TX-171161,12,late,8222985,76642
RP-1981-0-0,LN-1981-0,SYN-11981,2,2026-08-23,8833.28,883328,8833.28,883328,2026-08-23,TX-171199,0,on_time,18672581,194467
RP-1981-0-1,LN-1981-1,SYN-11981,2,2026-08-23,37100.65,3710065,37100.65,3710065,2026-08-23,TX-171200,0,on_time,40625987,583927
RP-1981-1-0,LN-1981-0,SYN-11981,3,2026-09-23,8833.28,883328,8833.28,883328,2026-09-23,TX-171209,0,on_time,17983720,187293
RP-1981-1-1,LN-1981-1,SYN-11981,3,2026-09-23,37100.65,3710065,37100.65,3710065,2026-09-23,TX-171210,0,on_time,37499849,538995
RP-1981-2-0,LN-1981-0,SYN-11981,4,2026-10-23,8833.28,883328,8833.28,883328,2026-10-23,TX-171219,0,on_time,17287685,180044
RP-1981-2-1,LN-1981-1,SYN-11981,4,2026-10-23,37100.65,3710065,5897.01,589701,2026-10-23,TX-171220,0,partial,34328779,493416
RP-1982-0-0,LN-1982-0,SYN-11982,2,2026-08-21,10471.92,1047192,10471.92,1047192,2026-08-21,TX-171234,0,on_time,21227707,296641
RP-1982-1-0,LN-1982-0,SYN-11982,3,2026-09-21,10471.92,1047192,10471.92,1047192,2026-09-21,TX-171244,0,on_time,20477156,286153
RP-1982-2-0,LN-1982-0,SYN-11982,4,2026-10-21,10471.92,1047192,10471.92,1047192,2026-10-24,TX-171254,3,late,19716117,275518
RP-1983-0-0,LN-1983-0,SYN-11983,2,2026-08-21,20277.42,2027742,20277.42,2027742,2026-09-02,TX-171273,12,late,55596789,863423
RP-1983-1-0,LN-1983-0,SYN-11983,3,2026-09-21,20277.42,2027742,20277.42,2027742,2026-09-30,TX-171280;TX-171281;TX-171285,9,late,54432470,845341
RP-1983-2-0,LN-1983-0,SYN-11983,4,2026-10-21,20277.42,2027742,20277.42,2027742,2026-10-21,TX-171292,0,on_time,53250069,826978
RP-1984-0-0,LN-1984-0,SYN-11984,2,2026-08-25,9697.25,969725,9697.25,969725,2026-08-25,TX-171305,0,on_time,10581456,158052
RP-1984-1-0,LN-1984-0,SYN-11984,3,2026-09-25,9697.25,969725,9697.25,969725,2026-09-25,TX-171317,0,on_time,9769783,145928
RP-1984-2-0,LN-1984-0,SYN-11984,4,2026-10-25,9697.25,969725,9697.25,969725,2026-11-03,TX-171330,9,late,8945986,133623
RP-1985-0-0,LN-1985-0,SYN-11985,2,2026-08-27,10173.0,1017300,10173.0,1017300,2026-09-29,TX-171344;TX-171357,33,late,21292571,239549
RP-1985-1-0,LN-1985-0,SYN-11985,3,2026-09-27,10173.0,1017300,10173.0,1017300,2026-09-30,TX-171358,3,late,21163054,238091
RP-1985-2-0,LN-1985-0,SYN-11985,4,2026-10-27,10173.0,1017300,10173.0,1017300,2026-10-30,TX-171370,3,late,19735611,222032
RP-1986-0-0,LN-1986-0,SYN-11986,2,2026-08-23,36849.49,3684949,36849.49,3684949,2026-08-23,TX-171380,0,on_time,40515457,555950
RP-1986-1-0,LN-1986-0,SYN-11986,3,2026-09-23,36849.49,3684949,36849.49,3684949,2026-09-23,TX-171393,0,on_time,37386458,513014
RP-1986-2-0,LN-1986-0,SYN-11986,4,2026-10-23,36849.49,3684949,36849.49,3684949,2026-10-23,TX-171404,0,on_time,34214523,469489
RP-1987-0-0,LN-1987-0,SYN-11987,2,2026-08-20,13847.52,1384752,13847.52,1384752,2026-08-20,TX-171418,0,on_time,42855695,360538
RP-1987-1-0,LN-1987-0,SYN-11987,3,2026-09-20,13847.52,1384752,13847.52,1384752,2026-09-20,TX-171427,0,on_time,41831481,351921
RP-1987-2-0,LN-1987-0,SYN-11987,4,2026-10-20,13847.52,1384752,13847.52,1384752,2026-10-20,TX-171436,0,on_time,40798650,343232
RP-1988-0-0,LN-1988-0,SYN-11988,2,2026-08-23,53622.52,5362252,53622.52,5362252,2026-08-23,TX-171452,0,on_time,58770163,836324
RP-1988-1-0,LN-1988-0,SYN-11988,3,2026-09-23,53622.52,5362252,53622.52,5362252,2026-09-23,TX-171463,0,on_time,54244235,771918
RP-1988-2-0,LN-1988-0,SYN-11988,4,2026-10-23,53622.52,5362252,53622.52,5362252,2026-11-01,TX-171474;TX-171478,9,late,49653901,706596
RP-1989-0-0,LN-1989-0,SYN-11989,2,2026-08-23,10676.79,1067679,10676.79,1067679,2026-08-23,TX-171490,0,on_time,21356642,322880
RP-1989-1-0,LN-1989-0,SYN-11989,3,2026-09-23,10676.79,1067679,10676.79,1067679,2026-10-02,TX-171508,9,late,20611843,311620
RP-1989-2-0,LN-1989-0,SYN-11989,4,2026-10-23,10676.79,1067679,10676.79,1067679,2026-10-23,TX-171516,0,on_time,19855784,300190
RP-1991-0-0,LN-1991-0,SYN-11991,2,2026-08-21,14677.14,1467714,14677.14,1467714,2026-08-21,TX-171559,0,on_time,30963854,327693
RP-1991-0-1,LN-1991-1,SYN-11991,2,2026-08-21,40908.32,4090832,40908.32,4090832,2026-08-21,TX-171560,0,on_time,44410894,699812
RP-1991-1-0,LN-1991-0,SYN-11991,3,2026-09-21,14677.14,1467714,14677.14,1467714,2026-09-21,TX-171569,0,on_time,29823833,315628
RP-1991-1-1,LN-1991-1,SYN-11991,3,2026-09-21,40908.32,4090832,40908.32,4090832,2026-09-24,TX-171570;TX-171571,3,late,41019874,646378
RP-1991-2-0,LN-1991-0,SYN-11991,4,2026-10-21,14677.14,1467714,14677.14,1467714,2026-10-21,TX-171581,0,on_time,28671747,303435
RP-1991-2-1,LN-1991-1,SYN-11991,4,2026-10-21,40908.32,4090832,40908.32,4090832,2026-11-05,TX-171582;TX-171588,15,late,37575420,592101
RP-1992-0-0,LN-1992-0,SYN-11992,2,2026-08-27,17963.67,1796367,17963.67,1796367,2026-09-02,TX-171601,6,late,37662556,418327
RP-1992-1-0,LN-1992-0,SYN-11992,3,2026-09-27,17963.67,1796367,17963.67,1796367,2026-10-03,TX-171614,6,late,36284516,403021
RP-1992-2-0,LN-1992-0,SYN-11992,4,2026-10-27,17963.67,1796367,17963.67,1796367,2026-11-05,TX-171627,9,late,34891170,387545
RP-1993-0-0,LN-1993-0,SYN-11993,2,2026-08-28,16631.41,1663141,16631.41,1663141,2026-08-28,TX-171639,0,on_time,48129224,592631
RP-1993-1-0,LN-1993-0,SYN-11993,3,2026-09-28,16631.41,1663141,16631.41,1663141,2026-09-28,TX-171652,0,on_time,47058714,579450
RP-1993-2-0,LN-1993-0,SYN-11993,4,2026-10-28,16631.41,1663141,0,0,,,0,missed,45975023,566106
RP-1994-0-0,LN-1994-0,SYN-11994,2,2026-08-28,78639.27,7863927,78639.27,7863927,2026-09-06,TX-171677,9,late,88923229,823607
RP-1994-1-0,LN-1994-0,SYN-11994,3,2026-09-28,78639.27,7863927,78639.27,7863927,2026-10-04,TX-171686,6,late,81882909,758400
RP-1994-2-0,LN-1994-0,SYN-11994,4,2026-10-28,78639.27,7863927,78639.27,7863927,2026-10-31,TX-171690,3,late,74777382,692588
RP-1995-0-0,LN-1995-0,SYN-11995,2,2026-08-26,25181.63,2518163,25181.63,2518163,2026-08-26,TX-171702,0,on_time,76689152,716098
RP-1995-1-0,LN-1995-0,SYN-11995,3,2026-09-26,25181.63,2518163,25181.63,2518163,2026-09-26,TX-171712,0,on_time,74887087,699271
RP-1995-2-0,LN-1995-0,SYN-11995,4,2026-10-26,25181.63,2518163,25181.63,2518163,2026-10-26,TX-171722,0,on_time,73068195,682286
RP-1996-0-0,LN-1996-0,SYN-11996,2,2026-08-27,23158.04,2315804,23158.04,2315804,2026-08-27,TX-171735,0,on_time,48824764,519321
RP-1996-1-0,LN-1996-0,SYN-11996,3,2026-09-27,23158.04,2315804,23158.04,2315804,2026-10-03,TX-171745;TX-171748,6,late,47028281,500212
RP-1996-2-0,LN-1996-0,SYN-11996,4,2026-10-27,23158.04,2315804,23158.04,2315804,2026-11-02,TX-171755;TX-171757,6,late,45212689,480901
RP-1997-0-0,LN-1997-0,SYN-11997,2,2026-08-21,16704.07,1670407,16704.07,1670407,2026-08-21,TX-171766,0,on_time,33966294,465618
RP-1997-1-0,LN-1997-0,SYN-11997,3,2026-09-21,16704.07,1670407,16704.07,1670407,2026-10-06,TX-171780;TX-171786,15,late,32761505,449103
RP-1997-2-0,LN-1997-0,SYN-11997,4,2026-10-21,16704.07,1670407,16704.07,1670407,2026-10-21,TX-171791,0,on_time,31540201,432361
RP-1998-0-0,LN-1998-0,SYN-11998,2,2026-08-23,46275.23,4627523,46275.23,4627523,2026-09-01,TX-171805;TX-171810,9,late,51603779,591710
RP-1998-1-0,LN-1998-0,SYN-11998,3,2026-09-23,46275.23,4627523,46275.23,4627523,2026-10-02,TX-171818;TX-171823,9,late,47567966,545434
RP-1998-2-0,LN-1998-0,SYN-11998,4,2026-10-23,46275.23,4627523,46275.23,4627523,2026-11-01,TX-171831;TX-171836,9,late,43485877,498627
RP-1999-0-0,LN-1999-0,SYN-11999,2,2026-08-27,13973.95,1397395,13973.95,1397395,2026-08-27,TX-171850,0,on_time,40175561,510179
RP-1999-1-0,LN-1999-0,SYN-11999,3,2026-09-27,13973.95,1397395,13973.95,1397395,2026-09-27,TX-171861,0,on_time,39288345,498913
RP-1999-2-0,LN-1999-0,SYN-11999,4,2026-10-27,13973.95,1397395,13973.95,1397395,2026-11-02,TX-171873,6,late,38389863,487503
